{"type":"FeatureCollection","name":"basemap-city","attribution":"© OpenStreetMap contributors (ODbL)","features":[{"type":"Feature","properties":{"c":"major"},"geometry":{"type":"LineString","coordinates":[[71.449,51.0374],[71.4493,51.0373],[71.4515,51.0359],[71.4518,51.0357],[71.4543,51.0341],[71.4546,51.0339],[71.4564,51.0329],[71.4567,51.0327],[71.4592,51.0311],[71.4598,51.0308],[71.4605,51.0303]]}},{"type":"Feature","properties":{"c":"major"},"geometry":{"type":"LineString","coordinates":[[71.4377,51.1789],[71.4366,51.1787]]}},{"type":"Feature","properties":{"c":"major"},"geometry":{"type":"LineString","coordinates":[[71.4313,51.1543],[71.4311,51.1545],[71.4309,51.1546],[71.4307,51.1547],[71.4306,51.1549],[71.4304,51.155],[71.4302,51.1553],[71.43,51.1559]]}},{"type":"Feature","properties":{"c":"major"},"geometry":{"type":"LineString","coordinates":[[71.3889,51.2209],[71.3894,51.2199],[71.3895,51.2197],[71.3895,51.2196],[71.3897,51.2192],[71.3898,51.2188],[71.3901,51.2183],[71.3904,51.2179],[71.3906,51.2176],[71.391,51.2174],[71.3915,51.2171],[71.392,51.2168],[71.393,51.2164],[71.3939,51.216],[71.3941,51.2159],[71.3945,51.2158],[71.3961,51.215]]}},{"type":"Feature","properties":{"c":"major"},"geometry":{"type":"LineString","coordinates":[[71.4466,51.1848],[71.4457,51.1837],[71.445,51.1829],[71.444,51.1818],[71.4433,51.1811],[71.4426,51.1806],[71.4418,51.1802],[71.4409,51.1798],[71.4406,51.1797],[71.4403,51.1796],[71.4401,51.1795],[71.4395,51.1793],[71.4388,51.1791],[71.4377,51.1789]]}},{"type":"Feature","properties":{"c":"major"},"geometry":{"type":"LineString","coordinates":[[71.5538,51.2334],[71.5501,51.2318]]}},{"type":"Feature","properties":{"c":"major"},"geometry":{"type":"LineString","coordinates":[[71.4762,51.1983],[71.4754,51.198]]}},{"type":"Feature","properties":{"c":"major"},"geometry":{"type":"LineString","coordinates":[[71.4287,51.1523],[71.4274,51.1514]]}},{"type":"Feature","properties":{"c":"major"},"geometry":{"type":"LineString","coordinates":[[71.4314,51.1542],[71.4305,51.1535]]}},{"type":"Feature","properties":{"c":"major"},"geometry":{"type":"LineString","coordinates":[[71.4545,51.154],[71.4542,51.1543]]}},{"type":"Feature","properties":{"c":"major"},"geometry":{"type":"LineString","coordinates":[[71.4565,51.1512],[71.4564,51.1513]]}},{"type":"Feature","properties":{"c":"major"},"geometry":{"type":"LineString","coordinates":[[71.4086,51.1371],[71.4089,51.1371],[71.4094,51.137],[71.4097,51.137],[71.4123,51.1368],[71.4123,51.1368],[71.4148,51.1365],[71.4154,51.1365],[71.4155,51.1365],[71.4157,51.1364]]}},{"type":"Feature","properties":{"c":"major"},"geometry":{"type":"LineString","coordinates":[[71.4702,51.1604],[71.471,51.1601],[71.4717,51.1598],[71.4717,51.1598],[71.4732,51.1593],[71.4734,51.1593],[71.4751,51.1586],[71.4751,51.1586],[71.4754,51.1585],[71.4765,51.1581],[71.4776,51.1577],[71.478,51.1575],[71.4782,51.1574],[71.4784,51.1574]]}},{"type":"Feature","properties":{"c":"major"},"geometry":{"type":"LineString","coordinates":[[71.4121,51.1551],[71.4123,51.1545]]}},{"type":"Feature","properties":{"c":"major"},"geometry":{"type":"LineString","coordinates":[[71.4219,51.1648],[71.4218,51.1649],[71.4217,51.1654],[71.4216,51.1657],[71.4215,51.1659],[71.4214,51.1662],[71.4214,51.1663],[71.4213,51.1667],[71.421,51.1676]]}},{"type":"Feature","properties":{"c":"major"},"geometry":{"type":"LineString","coordinates":[[71.4542,51.1543],[71.454,51.1547],[71.4538,51.155],[71.4537,51.1551]]}},{"type":"Feature","properties":{"c":"major"},"geometry":{"type":"LineString","coordinates":[[71.3981,51.1945],[71.397,51.1935],[71.396,51.1926],[71.3954,51.1919],[71.3943,51.1909],[71.3938,51.1903],[71.3937,51.1902],[71.3937,51.1902],[71.3929,51.1895],[71.3917,51.1882],[71.3908,51.1873],[71.3902,51.1868],[71.3901,51.1867],[71.3894,51.1859],[71.3885,51.1851],[71.3877,51.1844],[71.3877,51.1843],[71.3868,51.1836],[71.3864,51.1831],[71.3859,51.1826],[71.3858,51.1826],[71.3858,51.1825],[71.3855,51.1822],[71.3852,51.1819],[71.385,51.1817]]}},{"type":"Feature","properties":{"c":"major"},"geometry":{"type":"LineString","coordinates":[[71.3156,51.1352],[71.3158,51.1353],[71.3188,51.1371],[71.3193,51.1374],[71.3242,51.1405],[71.3258,51.1415],[71.3262,51.1417],[71.3268,51.142],[71.3275,51.1424],[71.3281,51.1427],[71.3283,51.1428],[71.3288,51.143],[71.3296,51.1433],[71.3308,51.1437],[71.3317,51.144],[71.3326,51.1442],[71.3336,51.1445],[71.336,51.145],[71.3372,51.1452],[71.3378,51.1453],[71.3392,51.1456],[71.3417,51.1461],[71.3426,51.1463],[71.3429,51.1464]]}},{"type":"Feature","properties":{"c":"major"},"geometry":{"type":"LineString","coordinates":[[71.475,51.1653],[71.4746,51.165],[71.4744,51.1649],[71.4736,51.1644],[71.4729,51.1641],[71.4723,51.1637],[71.4722,51.1637],[71.4718,51.1634],[71.4717,51.1634]]}},{"type":"Feature","properties":{"c":"major"},"geometry":{"type":"LineString","coordinates":[[71.475,51.1653],[71.4752,51.1652]]}},{"type":"Feature","properties":{"c":"major"},"geometry":{"type":"LineString","coordinates":[[71.4784,51.1574],[71.4785,51.1573]]}},{"type":"Feature","properties":{"c":"major"},"geometry":{"type":"LineString","coordinates":[[71.4307,51.1339],[71.4304,51.1332],[71.4301,51.1324],[71.4299,51.1317],[71.4298,51.1316],[71.4296,51.131]]}},{"type":"Feature","properties":{"c":"major"},"geometry":{"type":"LineString","coordinates":[[71.5033,51.1479],[71.5036,51.1478]]}},{"type":"Feature","properties":{"c":"major"},"geometry":{"type":"LineString","coordinates":[[71.4841,51.1745],[71.4835,51.1738]]}},{"type":"Feature","properties":{"c":"major"},"geometry":{"type":"LineString","coordinates":[[71.448,51.1878],[71.4468,51.1882],[71.4467,51.1883],[71.4441,51.1891],[71.4432,51.1894],[71.4423,51.1897],[71.442,51.1898],[71.441,51.1901],[71.4408,51.1902],[71.4406,51.1903],[71.4403,51.1904],[71.4399,51.1905],[71.4397,51.1906],[71.4395,51.1906],[71.4393,51.1907],[71.4391,51.1908],[71.439,51.1908],[71.4386,51.1911],[71.4382,51.1914],[71.4381,51.1914],[71.4376,51.1918],[71.4372,51.1922],[71.4369,51.1927],[71.4368,51.1928],[71.4368,51.1929]]}},{"type":"Feature","properties":{"c":"major"},"geometry":{"type":"LineString","coordinates":[[71.4286,51.1962],[71.4285,51.1962],[71.4283,51.1963],[71.4278,51.1966],[71.427,51.197],[71.4266,51.1972],[71.4264,51.1973],[71.4259,51.1975],[71.4257,51.1976],[71.4255,51.1976]]}},{"type":"Feature","properties":{"c":"major"},"geometry":{"type":"LineString","coordinates":[[71.3782,51.205],[71.3786,51.2049],[71.3796,51.2045],[71.3807,51.2042],[71.3813,51.204],[71.3835,51.2033],[71.3851,51.2028],[71.3858,51.2026],[71.3863,51.2024],[71.3865,51.2023],[71.3875,51.202],[71.3877,51.2019],[71.3878,51.2018],[71.3878,51.2017]]}},{"type":"Feature","properties":{"c":"major"},"geometry":{"type":"LineString","coordinates":[[71.4667,51.154],[71.4667,51.154],[71.4672,51.1533],[71.4676,51.1527],[71.4677,51.1527],[71.4677,51.1526],[71.4681,51.1521],[71.4689,51.1509],[71.4694,51.1502],[71.4701,51.1492],[71.4703,51.149]]}},{"type":"Feature","properties":{"c":"major"},"geometry":{"type":"LineString","coordinates":[[71.4502,51.1884],[71.45,51.1884],[71.4498,51.1885],[71.4496,51.1885],[71.4493,51.1884],[71.4491,51.1884],[71.4488,51.1883],[71.4485,51.1882],[71.4483,51.1881],[71.4482,51.188],[71.448,51.1878]]}},{"type":"Feature","properties":{"c":"major"},"geometry":{"type":"LineString","coordinates":[[71.4776,51.1564],[71.4777,51.1563],[71.478,51.1558],[71.4781,51.1557],[71.4782,51.1555],[71.4786,51.1549],[71.4796,51.1535],[71.4804,51.1525],[71.4809,51.1518],[71.4817,51.1507],[71.4817,51.1506],[71.4825,51.1495],[71.4826,51.1493],[71.4827,51.1492],[71.4833,51.1484],[71.4838,51.1478],[71.4839,51.1476],[71.484,51.1475],[71.4847,51.1465],[71.4857,51.1451],[71.4865,51.144],[71.487,51.1433],[71.4873,51.1428],[71.4874,51.1426]]}},{"type":"Feature","properties":{"c":"major"},"geometry":{"type":"LineString","coordinates":[[71.4488,51.1202],[71.443,51.1211]]}},{"type":"Feature","properties":{"c":"major"},"geometry":{"type":"LineString","coordinates":[[71.4635,51.1098],[71.4635,51.1099],[71.4636,51.1103],[71.4637,51.1105],[71.4638,51.1107],[71.4642,51.1116],[71.4648,51.1134],[71.4659,51.1162],[71.466,51.1163],[71.466,51.1163],[71.4663,51.1171]]}},{"type":"Feature","properties":{"c":"major"},"geometry":{"type":"LineString","coordinates":[[71.6227,51.1292],[71.6209,51.1271],[71.6207,51.1268]]}},{"type":"Feature","properties":{"c":"major"},"geometry":{"type":"LineString","coordinates":[[71.6207,51.1268],[71.6202,51.1263]]}},{"type":"Feature","properties":{"c":"major"},"geometry":{"type":"LineString","coordinates":[[71.7119,51.1046],[71.7113,51.1049],[71.7109,51.1051],[71.7102,51.1053],[71.7083,51.106],[71.7067,51.1065],[71.7056,51.1069],[71.7039,51.1073],[71.7002,51.1083],[71.6979,51.1088],[71.6969,51.1091],[71.6958,51.1093],[71.6887,51.111],[71.6866,51.1116],[71.6845,51.1121],[71.6841,51.1121],[71.6837,51.1122]]}},{"type":"Feature","properties":{"c":"major"},"geometry":{"type":"LineString","coordinates":[[71.6309,51.1411],[71.6309,51.1406],[71.6308,51.1399],[71.6308,51.1397],[71.6307,51.1395],[71.6306,51.1391],[71.6305,51.1389],[71.6304,51.1386],[71.6302,51.1383],[71.63,51.138],[71.6299,51.1377],[71.6297,51.1375],[71.6291,51.1368],[71.6283,51.1359]]}},{"type":"Feature","properties":{"c":"major"},"geometry":{"type":"LineString","coordinates":[[71.6283,51.1359],[71.628,51.1354]]}},{"type":"Feature","properties":{"c":"major"},"geometry":{"type":"LineString","coordinates":[[71.6309,51.1418],[71.6309,51.1411]]}},{"type":"Feature","properties":{"c":"major"},"geometry":{"type":"LineString","coordinates":[[71.5572,51.2278],[71.5572,51.2278],[71.5586,51.2251],[71.5598,51.2229],[71.5624,51.2179],[71.5649,51.2129],[71.566,51.211],[71.5687,51.2058],[71.5689,51.2054],[71.57,51.2034],[71.5716,51.2011],[71.5717,51.2009],[71.5732,51.1992],[71.5737,51.1985],[71.574,51.1981],[71.5757,51.196],[71.5767,51.1949],[71.5777,51.1939],[71.5795,51.1927],[71.5808,51.192],[71.5819,51.1916],[71.5848,51.1907],[71.5939,51.1879],[71.6011,51.1857],[71.6035,51.185],[71.6064,51.1841],[71.6078,51.1837],[71.6086,51.1834],[71.6092,51.1832],[71.61,51.1829],[71.6107,51.1825],[71.6115,51.1821],[71.6121,51.1817],[71.6123,51.1816],[71.6125,51.1815],[71.6129,51.1812],[71.6133,51.1809],[71.6137,51.1806],[71.6143,51.18],[71.6148,51.1795],[71.6151,51.179],[71.6155,51.1783],[71.6159,51.1777],[71.6181,51.1731],[71.6187,51.1719],[71.6188,51.1718],[71.6188,51.1717],[71.6197,51.1699],[71.6212,51.1668],[71.6304,51.1483],[71.6305,51.148],[71.6306,51.1477],[71.6307,51.1472],[71.6308,51.1468],[71.6309,51.1463],[71.6309,51.1458],[71.6309,51.1418]]}},{"type":"Feature","properties":{"c":"major"},"geometry":{"type":"LineString","coordinates":[[71.6585,51.1187],[71.6555,51.1195],[71.6486,51.1214],[71.6481,51.1215],[71.6477,51.1216],[71.6468,51.1218],[71.6459,51.122],[71.6445,51.1223],[71.6381,51.1236],[71.6357,51.124],[71.626,51.1257]]}},{"type":"Feature","properties":{"c":"major"},"geometry":{"type":"LineString","coordinates":[[71.5572,51.2278],[71.5569,51.2284],[71.556,51.2303],[71.5545,51.2331],[71.554,51.2341],[71.5528,51.2364]]}},{"type":"Feature","properties":{"c":"major"},"geometry":{"type":"LineString","coordinates":[[71.5511,51.2395],[71.5508,51.24],[71.5505,51.2404],[71.55,51.241],[71.55,51.241],[71.5496,51.2415],[71.549,51.2419],[71.5489,51.2421],[71.5483,51.2424],[71.5474,51.243],[71.5466,51.2433],[71.546,51.2436],[71.5451,51.2439],[71.5442,51.2441],[71.5417,51.2447],[71.5277,51.2479],[71.5259,51.2483],[71.5135,51.2512],[71.4969,51.255],[71.4952,51.2553],[71.4943,51.2555],[71.4809,51.2585]]}},{"type":"Feature","properties":{"c":"major"},"geometry":{"type":"LineString","coordinates":[[71.5511,51.2395],[71.5515,51.2386],[71.5518,51.2379],[71.5521,51.2374],[71.5526,51.2364],[71.554,51.2338],[71.5544,51.2329]]}},{"type":"Feature","properties":{"c":"major"},"geometry":{"type":"LineString","coordinates":[[71.5538,51.2334],[71.5546,51.2337]]}},{"type":"Feature","properties":{"c":"major"},"geometry":{"type":"LineString","coordinates":[[71.5546,51.2337],[71.5586,51.2355],[71.5616,51.2369],[71.563,51.2376],[71.5644,51.2383],[71.5656,51.239],[71.5691,51.2412],[71.5692,51.2413],[71.579,51.2476],[71.5919,51.256]]}},{"type":"Feature","properties":{"c":"major"},"geometry":{"type":"LineString","coordinates":[[71.5546,51.2338],[71.5538,51.2334]]}},{"type":"Feature","properties":{"c":"major"},"geometry":{"type":"LineString","coordinates":[[71.62,51.126],[71.6182,51.1238],[71.6159,51.1211],[71.6155,51.1206],[71.612,51.1165]]}},{"type":"Feature","properties":{"c":"major"},"geometry":{"type":"LineString","coordinates":[[71.3897,51.1776],[71.3876,51.1781],[71.3867,51.1783],[71.3859,51.1785],[71.3835,51.1791],[71.3833,51.1792],[71.3827,51.1793],[71.3821,51.1795]]}},{"type":"Feature","properties":{"c":"major"},"geometry":{"type":"LineString","coordinates":[[71.4087,51.1373],[71.4087,51.1374],[71.4089,51.138]]}},{"type":"Feature","properties":{"c":"major"},"geometry":{"type":"LineString","coordinates":[[71.3864,51.2268],[71.3866,51.2267],[71.3866,51.2266],[71.3868,51.2266],[71.3869,51.2265],[71.3871,51.2265],[71.3891,51.2264],[71.3905,51.2264],[71.391,51.2264],[71.3917,51.2263],[71.3928,51.2263],[71.3929,51.2263],[71.3935,51.2263],[71.3957,51.2262],[71.3969,51.2262],[71.3977,51.2262],[71.3993,51.2261],[71.4003,51.2261],[71.4009,51.2261],[71.4016,51.2261],[71.4019,51.2261]]}},{"type":"Feature","properties":{"c":"major"},"geometry":{"type":"LineString","coordinates":[[71.3105,51.2044],[71.3113,51.2052],[71.3123,51.2065],[71.3132,51.2076],[71.3139,51.2086],[71.314,51.2088],[71.3146,51.2097]]}},{"type":"Feature","properties":{"c":"major"},"geometry":{"type":"LineString","coordinates":[[71.3864,51.2268],[71.3855,51.2291],[71.3853,51.2295],[71.3842,51.232],[71.3839,51.2326],[71.3837,51.2332],[71.3829,51.2351],[71.3829,51.2351],[71.3821,51.2369],[71.381,51.2395],[71.3809,51.2398],[71.3802,51.2413],[71.3791,51.2439],[71.3782,51.2461],[71.3781,51.2462]]}},{"type":"Feature","properties":{"c":"major"},"geometry":{"type":"LineString","coordinates":[[71.4809,51.2585],[71.4794,51.2588],[71.4691,51.261],[71.4623,51.2626],[71.4574,51.2637],[71.4531,51.2646],[71.4504,51.2651],[71.4472,51.2655],[71.4449,51.2657],[71.4423,51.2658],[71.4373,51.2658],[71.4316,51.2653],[71.419,51.2632],[71.4044,51.2609],[71.4032,51.2607]]}},{"type":"Feature","properties":{"c":"major"},"geometry":{"type":"LineString","coordinates":[[71.6188,51.1717],[71.6193,51.172],[71.6218,51.1732],[71.6255,51.1751],[71.6276,51.1762],[71.6283,51.1765],[71.6286,51.1767],[71.6321,51.1785],[71.6328,51.1789],[71.6345,51.1805],[71.6377,51.1835],[71.6399,51.1857],[71.6402,51.1859],[71.6407,51.1861],[71.6431,51.1867],[71.6678,51.1932],[71.6685,51.1934],[71.6743,51.1949],[71.6762,51.1954],[71.6813,51.1967],[71.6874,51.1983],[71.69,51.199],[71.6912,51.1992],[71.6921,51.1994],[71.6939,51.2001],[71.6983,51.2016]]}},{"type":"Feature","properties":{"c":"major"},"geometry":{"type":"LineString","coordinates":[[71.4274,51.1514],[71.426,51.1504],[71.4239,51.1488],[71.4239,51.1488],[71.4238,51.1487],[71.4236,51.1486],[71.4234,51.1484],[71.4232,51.1481],[71.4225,51.1473],[71.4225,51.1472],[71.4225,51.1471]]}},{"type":"Feature","properties":{"c":"major"},"geometry":{"type":"LineString","coordinates":[[71.3981,51.1945],[71.3977,51.1947],[71.397,51.1949],[71.3961,51.1951],[71.3958,51.1952],[71.3942,51.1957],[71.3928,51.1961],[71.3914,51.1966]]}},{"type":"Feature","properties":{"c":"major"},"geometry":{"type":"LineString","coordinates":[[71.4108,51.1937],[71.411,51.1937],[71.4111,51.1936],[71.4119,51.1934],[71.4122,51.1933],[71.4128,51.1931],[71.4136,51.1929],[71.4139,51.1928],[71.4141,51.1927],[71.4142,51.1927],[71.4166,51.1919],[71.417,51.1918],[71.4171,51.1918],[71.4174,51.1917],[71.4179,51.1915],[71.4188,51.1913]]}},{"type":"Feature","properties":{"c":"major"},"geometry":{"type":"LineString","coordinates":[[71.4754,51.198],[71.474,51.1974],[71.4739,51.1973],[71.4734,51.1971],[71.4702,51.1957],[71.4701,51.1957],[71.4691,51.1953],[71.469,51.1952],[71.4683,51.1949],[71.466,51.194],[71.4658,51.1939],[71.4641,51.1931],[71.4636,51.1929],[71.4629,51.1926],[71.4611,51.1919],[71.4595,51.1912],[71.4593,51.1912]]}},{"type":"Feature","properties":{"c":"major"},"geometry":{"type":"LineString","coordinates":[[71.5291,51.1449],[71.529,51.145]]}},{"type":"Feature","properties":{"c":"major"},"geometry":{"type":"LineString","coordinates":[[71.4565,51.1512],[71.4567,51.1512],[71.4573,51.1514],[71.4573,51.1514],[71.4593,51.152],[71.4599,51.1522],[71.461,51.1525]]}},{"type":"Feature","properties":{"c":"major"},"geometry":{"type":"LineString","coordinates":[[71.4717,51.1634],[71.4704,51.1626],[71.47,51.1624],[71.4693,51.162],[71.4689,51.1618],[71.4686,51.1616],[71.4682,51.1613],[71.4681,51.1612]]}},{"type":"Feature","properties":{"c":"major"},"geometry":{"type":"LineString","coordinates":[[71.4665,51.1572],[71.4667,51.1568],[71.4668,51.1564],[71.4669,51.1562],[71.4669,51.156],[71.4669,51.1556],[71.4669,51.1555],[71.4668,51.1546],[71.4667,51.1541]]}},{"type":"Feature","properties":{"c":"major"},"geometry":{"type":"LineString","coordinates":[[71.4621,51.1599],[71.4622,51.1598],[71.4624,51.1598],[71.4625,51.1598]]}},{"type":"Feature","properties":{"c":"major"},"geometry":{"type":"LineString","coordinates":[[71.3989,51.1682],[71.3991,51.1682],[71.4001,51.1683],[71.4009,51.1684],[71.4014,51.1685],[71.4016,51.1685],[71.4017,51.1685],[71.4025,51.1686],[71.4039,51.1688],[71.4041,51.1688],[71.4057,51.169],[71.407,51.1692],[71.4073,51.1692],[71.4074,51.1692],[71.4078,51.1693],[71.408,51.1693]]}},{"type":"Feature","properties":{"c":"major"},"geometry":{"type":"LineString","coordinates":[[71.4384,51.1325],[71.4397,51.1323],[71.4421,51.1319],[71.4436,51.1317],[71.4486,51.1309]]}},{"type":"Feature","properties":{"c":"major"},"geometry":{"type":"LineString","coordinates":[[71.4486,51.1311],[71.4437,51.1318],[71.4413,51.1322],[71.4392,51.1325],[71.4385,51.1326]]}},{"type":"Feature","properties":{"c":"major"},"geometry":{"type":"LineString","coordinates":[[71.4368,51.1329],[71.4354,51.1332],[71.4352,51.1332],[71.4348,51.1333],[71.4345,51.1333]]}},{"type":"Feature","properties":{"c":"major"},"geometry":{"type":"LineString","coordinates":[[71.4581,51.1296],[71.4579,51.1296],[71.4556,51.13]]}},{"type":"Feature","properties":{"c":"major"},"geometry":{"type":"LineString","coordinates":[[71.4117,51.1567],[71.4121,51.1551]]}},{"type":"Feature","properties":{"c":"major"},"geometry":{"type":"LineString","coordinates":[[71.4117,51.1567],[71.4111,51.1587]]}},{"type":"Feature","properties":{"c":"major"},"geometry":{"type":"LineString","coordinates":[[71.414,51.0593],[71.4141,51.0595],[71.4144,51.0602],[71.4151,51.0624],[71.4152,51.0625],[71.4153,51.0629]]}},{"type":"Feature","properties":{"c":"major"},"geometry":{"type":"LineString","coordinates":[[71.3804,51.2167],[71.3804,51.2166],[71.3807,51.2162],[71.3809,51.2158],[71.3816,51.215],[71.3818,51.2146],[71.3823,51.214],[71.3826,51.2136],[71.3832,51.2129],[71.3833,51.2128],[71.3836,51.2125],[71.3843,51.2119],[71.3845,51.2115]]}},{"type":"Feature","properties":{"c":"major"},"geometry":{"type":"LineString","coordinates":[[71.3781,51.2462],[71.3781,51.2463],[71.3774,51.248],[71.3771,51.2485],[71.377,51.2488],[71.3763,51.2504],[71.3762,51.2508]]}},{"type":"Feature","properties":{"c":"major"},"geometry":{"type":"LineString","coordinates":[[71.3866,51.2578],[71.3887,51.2582],[71.3889,51.2582],[71.3896,51.2584],[71.3929,51.2589],[71.3962,51.2594],[71.3984,51.2598],[71.4002,51.2601],[71.4006,51.2602],[71.4032,51.2607]]}},{"type":"Feature","properties":{"c":"major"},"geometry":{"type":"LineString","coordinates":[[71.3866,51.2578],[71.3857,51.2578],[71.3842,51.2575],[71.3823,51.2572],[71.3814,51.257]]}},{"type":"Feature","properties":{"c":"major"},"geometry":{"type":"LineString","coordinates":[[71.3744,51.2551],[71.3742,51.2554]]}},{"type":"Feature","properties":{"c":"major"},"geometry":{"type":"LineString","coordinates":[[71.3719,51.2604],[71.3723,51.2596],[71.3734,51.257]]}},{"type":"Feature","properties":{"c":"major"},"geometry":{"type":"LineString","coordinates":[[71.6983,51.2016],[71.7013,51.2026],[71.7087,51.2051],[71.7087,51.2051],[71.7173,51.208],[71.7205,51.209],[71.7273,51.2113],[71.7353,51.214],[71.7376,51.2147],[71.7396,51.2152],[71.7419,51.2157],[71.7431,51.2159],[71.7437,51.216],[71.7458,51.2162],[71.7485,51.2164],[71.7559,51.2167],[71.7656,51.2171],[71.7689,51.2172],[71.7718,51.2172],[71.7734,51.2172],[71.7749,51.2172],[71.7761,51.2171],[71.7775,51.2171],[71.7812,51.2171],[71.7842,51.2171],[71.7871,51.2171]]}},{"type":"Feature","properties":{"c":"major"},"geometry":{"type":"LineString","coordinates":[[71.4046,51.1271],[71.4045,51.127]]}},{"type":"Feature","properties":{"c":"major"},"geometry":{"type":"LineString","coordinates":[[71.4695,51.1606],[71.4702,51.1604]]}},{"type":"Feature","properties":{"c":"major"},"geometry":{"type":"LineString","coordinates":[[71.4312,51.1542],[71.4317,51.1539]]}},{"type":"Feature","properties":{"c":"major"},"geometry":{"type":"LineString","coordinates":[[71.4595,51.1911],[71.4614,51.1918],[71.4623,51.1922],[71.4624,51.1922],[71.463,51.1925],[71.4641,51.193],[71.4648,51.1933],[71.4658,51.1937],[71.4661,51.1938],[71.4692,51.1951],[71.4703,51.1956],[71.4722,51.1964],[71.4737,51.197],[71.4744,51.1973],[71.4747,51.1975],[71.4751,51.1977],[71.4755,51.1978]]}},{"type":"Feature","properties":{"c":"major"},"geometry":{"type":"LineString","coordinates":[[71.4378,51.1787],[71.4384,51.1789],[71.4387,51.1789],[71.4394,51.1791],[71.4399,51.1792],[71.4402,51.1793],[71.4405,51.1794],[71.441,51.1797],[71.4417,51.1799],[71.4424,51.1803],[71.4432,51.1808],[71.4435,51.1811],[71.4438,51.1813],[71.4441,51.1815],[71.4443,51.1817],[71.4447,51.1822],[71.4454,51.183],[71.4459,51.1836],[71.4468,51.1847]]}},{"type":"Feature","properties":{"c":"major"},"geometry":{"type":"LineString","coordinates":[[71.4288,51.1523],[71.4296,51.1527]]}},{"type":"Feature","properties":{"c":"major"},"geometry":{"type":"LineString","coordinates":[[71.4315,51.1541],[71.432,51.1545],[71.4329,51.1552],[71.4351,51.1567],[71.4352,51.1568],[71.4356,51.157],[71.4356,51.157],[71.4358,51.1572],[71.4366,51.1577],[71.4371,51.1581],[71.4373,51.1582],[71.4374,51.1583],[71.4377,51.1584],[71.438,51.1586],[71.4381,51.1587],[71.4383,51.1588],[71.4384,51.1588],[71.4386,51.1589],[71.4387,51.1589],[71.4389,51.159],[71.439,51.159],[71.4392,51.159],[71.4394,51.1591],[71.4395,51.1591],[71.4398,51.1591]]}},{"type":"Feature","properties":{"c":"major"},"geometry":{"type":"LineString","coordinates":[[71.4159,51.1365],[71.4159,51.1366],[71.4166,51.1377],[71.4174,51.1389],[71.4174,51.139],[71.4195,51.1421],[71.4196,51.1423],[71.4208,51.1442],[71.4209,51.1443]]}},{"type":"Feature","properties":{"c":"major"},"geometry":{"type":"LineString","coordinates":[[71.454,51.1542],[71.4543,51.1539]]}},{"type":"Feature","properties":{"c":"major"},"geometry":{"type":"LineString","coordinates":[[71.4543,51.1539],[71.4546,51.1535],[71.4556,51.1521],[71.4557,51.152],[71.4561,51.1514],[71.4562,51.1512]]}},{"type":"Feature","properties":{"c":"major"},"geometry":{"type":"LineString","coordinates":[[71.4275,51.1513],[71.4288,51.1523]]}},{"type":"Feature","properties":{"c":"major"},"geometry":{"type":"LineString","coordinates":[[71.4502,51.1884],[71.4506,51.1882],[71.4507,51.1882],[71.4508,51.1881],[71.4508,51.188],[71.4509,51.188],[71.4509,51.1879],[71.4508,51.1878],[71.4507,51.1877],[71.4504,51.1874]]}},{"type":"Feature","properties":{"c":"major"},"geometry":{"type":"LineString","coordinates":[[71.4318,51.154],[71.4313,51.1543]]}},{"type":"Feature","properties":{"c":"major"},"geometry":{"type":"LineString","coordinates":[[71.4317,51.1539],[71.4324,51.1536],[71.4335,51.1529],[71.4338,51.1528],[71.434,51.1526],[71.4343,51.1525],[71.4345,51.1524],[71.435,51.1522],[71.4353,51.1522],[71.4356,51.1521],[71.436,51.1521],[71.4364,51.152],[71.437,51.152],[71.4377,51.152],[71.4378,51.152]]}},{"type":"Feature","properties":{"c":"major"},"geometry":{"type":"LineString","coordinates":[[71.4398,51.1592],[71.4395,51.1592],[71.4393,51.1591],[71.4392,51.1591],[71.439,51.1591],[71.4388,51.1591],[71.4387,51.159],[71.4385,51.159],[71.4383,51.1589],[71.4382,51.1588],[71.438,51.1588],[71.4378,51.1587],[71.4376,51.1585],[71.4373,51.1584],[71.4372,51.1583],[71.437,51.1581],[71.4366,51.1579],[71.4357,51.1573],[71.4356,51.1572],[71.4354,51.1571],[71.4353,51.157],[71.4349,51.1567],[71.4337,51.1559]]}},{"type":"Feature","properties":{"c":"major"},"geometry":{"type":"LineString","coordinates":[[71.4068,51.1753],[71.4075,51.1753],[71.4077,51.1754],[71.41,51.1756],[71.4108,51.1757],[71.4111,51.1757]]}},{"type":"Feature","properties":{"c":"major"},"geometry":{"type":"LineString","coordinates":[[71.4527,51.1883],[71.4524,51.1883],[71.4519,51.1882],[71.4517,51.1882],[71.4515,51.1881],[71.4512,51.1882],[71.4511,51.1882],[71.4508,51.1882],[71.4506,51.1883],[71.4502,51.1884]]}},{"type":"Feature","properties":{"c":"major"},"geometry":{"type":"LineString","coordinates":[[72.0749,51.2877],[72.0586,51.286],[72.043,51.2844],[72.0423,51.2842],[72.0329,51.2791],[72.0322,51.2788],[72.019,51.2722],[72.0183,51.2718],[72.0175,51.2715],[72.008,51.2688],[72.0075,51.2687],[72.007,51.2685],[72.0057,51.2682],[71.9999,51.2671],[71.9992,51.2669],[71.9988,51.2668],[71.9934,51.2652],[71.9924,51.2649],[71.9908,51.2645],[71.99,51.2643],[71.9795,51.2599],[71.9774,51.2591],[71.9748,51.2581],[71.9706,51.2563],[71.9513,51.2481],[71.9508,51.2479],[71.9504,51.2478],[71.95,51.2477],[71.9419,51.247],[71.9411,51.2468],[71.9406,51.2467],[71.9399,51.2465],[71.9328,51.244],[71.9205,51.2399],[71.9161,51.2384],[71.9103,51.2366],[71.9097,51.2364],[71.8956,51.2334],[71.8944,51.2332],[71.8934,51.2328],[71.8926,51.2325],[71.892,51.2321],[71.8865,51.2279],[71.8815,51.2241],[71.8811,51.2239],[71.8805,51.2237],[71.8573,51.2203],[71.8451,51.2181],[71.8435,51.2178],[71.8418,51.2174],[71.8355,51.2163],[71.8205,51.2136],[71.8183,51.2134],[71.8164,51.2133],[71.8143,51.2133],[71.8113,51.2135],[71.8094,51.2136],[71.8081,51.2138],[71.7985,51.2158],[71.7966,51.2162],[71.7953,51.2165],[71.794,51.2166],[71.7935,51.2167],[71.7925,51.2169],[71.7918,51.2169],[71.7905,51.217],[71.7891,51.2171],[71.7871,51.2171]]}},{"type":"Feature","properties":{"c":"major"},"geometry":{"type":"LineString","coordinates":[[71.4767,51.1648],[71.4769,51.1647],[71.4772,51.1646],[71.4777,51.1645]]}},{"type":"Feature","properties":{"c":"major"},"geometry":{"type":"LineString","coordinates":[[71.6203,51.1262],[71.6208,51.1268]]}},{"type":"Feature","properties":{"c":"major"},"geometry":{"type":"LineString","coordinates":[[71.6208,51.1268],[71.6212,51.1273],[71.6228,51.1292]]}},{"type":"Feature","properties":{"c":"major"},"geometry":{"type":"LineString","coordinates":[[71.3735,51.257],[71.3724,51.2596],[71.3721,51.2604]]}},{"type":"Feature","properties":{"c":"major"},"geometry":{"type":"LineString","coordinates":[[71.4227,51.1471],[71.4225,51.1471]]}},{"type":"Feature","properties":{"c":"major"},"geometry":{"type":"LineString","coordinates":[[71.3153,51.1352],[71.3138,51.1342],[71.3129,51.1337],[71.3125,51.1334],[71.3104,51.1321],[71.3096,51.1316],[71.3095,51.1315],[71.3093,51.1314],[71.3086,51.1309],[71.3081,51.1307],[71.3047,51.1285],[71.3041,51.1282],[71.3027,51.1275],[71.3015,51.127],[71.2994,51.1262],[71.2992,51.1261],[71.2989,51.126],[71.2977,51.1256],[71.2934,51.1241],[71.2931,51.124],[71.2923,51.1237],[71.2921,51.1237],[71.2918,51.1236],[71.2903,51.123],[71.2868,51.1217],[71.2862,51.1215],[71.2851,51.1212],[71.2821,51.1201],[71.2815,51.1199],[71.2813,51.1198]]}},{"type":"Feature","properties":{"c":"major"},"geometry":{"type":"LineString","coordinates":[[71.4157,51.1364],[71.4156,51.1363],[71.4152,51.1357],[71.4151,51.1355],[71.415,51.1352],[71.4147,51.1346],[71.4146,51.1343],[71.4145,51.134],[71.4144,51.1336],[71.4144,51.1335],[71.4144,51.1333]]}},{"type":"Feature","properties":{"c":"major"},"geometry":{"type":"LineString","coordinates":[[71.3072,51.2012],[71.3065,51.2005]]}},{"type":"Feature","properties":{"c":"major"},"geometry":{"type":"LineString","coordinates":[[71.3067,51.2004],[71.3075,51.2012]]}},{"type":"Feature","properties":{"c":"major"},"geometry":{"type":"LineString","coordinates":[[71.4664,51.1174],[71.4662,51.1175],[71.4659,51.1175],[71.4638,51.1179],[71.4633,51.1179],[71.4608,51.1183],[71.4599,51.1185],[71.4586,51.1187],[71.457,51.1189],[71.4566,51.119]]}},{"type":"Feature","properties":{"c":"major"},"geometry":{"type":"LineString","coordinates":[[71.4563,51.1511],[71.4565,51.1509],[71.4567,51.1506],[71.4575,51.1495],[71.4578,51.149],[71.4579,51.1489],[71.4579,51.1489],[71.458,51.1487],[71.4591,51.1473],[71.4596,51.1465],[71.4598,51.1462],[71.46,51.146]]}},{"type":"Feature","properties":{"c":"major"},"geometry":{"type":"LineString","coordinates":[[71.4703,51.1277],[71.4704,51.1275]]}},{"type":"Feature","properties":{"c":"major"},"geometry":{"type":"LineString","coordinates":[[71.4784,51.1574],[71.4784,51.1573],[71.4782,51.1571],[71.4781,51.157],[71.4779,51.1568],[71.4777,51.1566],[71.4776,51.1564]]}},{"type":"Feature","properties":{"c":"major"},"geometry":{"type":"LineString","coordinates":[[71.4014,51.1176],[71.4014,51.1178],[71.4015,51.118],[71.4021,51.1198],[71.4022,51.1199],[71.4027,51.1213],[71.4027,51.1215],[71.4028,51.1215],[71.403,51.1222],[71.4033,51.1229],[71.4035,51.1236],[71.4035,51.1237],[71.4038,51.1245],[71.4043,51.1259],[71.4044,51.1261],[71.4046,51.1267],[71.4046,51.1267],[71.4047,51.1269]]}},{"type":"Feature","properties":{"c":"major"},"geometry":{"type":"LineString","coordinates":[[71.4137,51.1284],[71.4137,51.1285],[71.4137,51.1286],[71.4137,51.1288],[71.4137,51.1289],[71.4138,51.1292]]}},{"type":"Feature","properties":{"c":"major"},"geometry":{"type":"LineString","coordinates":[[71.3956,51.0708],[71.3954,51.0708],[71.3953,51.0708],[71.3951,51.0708],[71.3943,51.0714],[71.3941,51.0715],[71.3937,51.0718],[71.3898,51.0742],[71.3888,51.0748],[71.3885,51.0751],[71.3881,51.0754],[71.388,51.0756],[71.3879,51.0757],[71.3878,51.0759],[71.3876,51.0763],[71.3874,51.0768],[71.3873,51.0769],[71.3873,51.0774],[71.3872,51.0775],[71.3872,51.0779],[71.3875,51.0787]]}},{"type":"Feature","properties":{"c":"major"},"geometry":{"type":"LineString","coordinates":[[71.3963,51.0707],[71.3963,51.0709],[71.3962,51.071],[71.3962,51.0711],[71.3962,51.0712]]}},{"type":"Feature","properties":{"c":"major"},"geometry":{"type":"LineString","coordinates":[[71.3875,51.0787],[71.3876,51.079]]}},{"type":"Feature","properties":{"c":"major"},"geometry":{"type":"LineString","coordinates":[[71.3808,51.0228],[71.3811,51.0253],[71.3814,51.027],[71.3818,51.03],[71.3819,51.0306],[71.3821,51.0314],[71.3825,51.0329],[71.3832,51.0351],[71.384,51.0373],[71.3849,51.0397],[71.3871,51.0461],[71.3879,51.0484],[71.3888,51.0507],[71.3903,51.055],[71.3916,51.0586],[71.3922,51.0603],[71.3927,51.0618],[71.3933,51.0636],[71.3937,51.0647],[71.3945,51.0668],[71.3946,51.0673],[71.3948,51.0678],[71.3952,51.0688],[71.3955,51.0697],[71.3957,51.0699],[71.3958,51.0701],[71.396,51.0702]]}},{"type":"Feature","properties":{"c":"major"},"geometry":{"type":"LineString","coordinates":[[71.4108,51.0613],[71.4097,51.0619]]}},{"type":"Feature","properties":{"c":"major"},"geometry":{"type":"LineString","coordinates":[[71.3954,51.0704],[71.3955,51.0702],[71.3955,51.0701],[71.3954,51.07],[71.3954,51.0698],[71.3953,51.0695],[71.3951,51.0692],[71.395,51.0687],[71.3947,51.0681],[71.3944,51.0672],[71.3943,51.0668],[71.3941,51.0663],[71.3938,51.0654],[71.3935,51.0646],[71.3935,51.0646],[71.3932,51.0637],[71.3918,51.0598],[71.3913,51.0583],[71.3901,51.055],[71.3885,51.0507],[71.388,51.0493],[71.3869,51.0462],[71.3846,51.0396],[71.3844,51.0391],[71.3838,51.0374],[71.3829,51.0351],[71.3821,51.0328],[71.3818,51.0317],[71.3815,51.0303],[71.3813,51.0288],[71.3811,51.0268],[71.3809,51.0258],[71.3809,51.0252],[71.3805,51.0229]]}},{"type":"Feature","properties":{"c":"major"},"geometry":{"type":"LineString","coordinates":[[71.4104,51.1116],[71.4103,51.1111],[71.4101,51.1105],[71.4094,51.1088],[71.4093,51.1085],[71.4089,51.1072],[71.4085,51.1061],[71.4084,51.106],[71.4082,51.1053],[71.4075,51.1032],[71.4074,51.103],[71.4073,51.1027],[71.4073,51.1027],[71.4072,51.1023],[71.407,51.1017],[71.4069,51.1015],[71.4068,51.1013],[71.4066,51.1007],[71.4065,51.1005],[71.4064,51.1002],[71.4063,51.0999],[71.4061,51.0993],[71.4059,51.0988],[71.4059,51.0987]]}},{"type":"Feature","properties":{"c":"major"},"geometry":{"type":"LineString","coordinates":[[71.4477,51.0384],[71.4429,51.0414]]}},{"type":"Feature","properties":{"c":"major"},"geometry":{"type":"LineString","coordinates":[[71.5426,51.055],[71.5407,51.0547],[71.5388,51.0545],[71.5221,51.0527],[71.5126,51.0516],[71.4984,51.0501],[71.497,51.0499],[71.4947,51.0496],[71.4934,51.0493],[71.4932,51.0493],[71.4917,51.0489],[71.49,51.0485],[71.4879,51.0479],[71.4866,51.0475],[71.4853,51.0471],[71.4811,51.0455],[71.4789,51.0446],[71.4739,51.0428],[71.4708,51.0417],[71.4668,51.0402],[71.4593,51.0373],[71.4585,51.0371],[71.4542,51.0354],[71.454,51.0353],[71.4534,51.0351]]}},{"type":"Feature","properties":{"c":"major"},"geometry":{"type":"LineString","coordinates":[[71.3809,51.003],[71.381,51.0031],[71.3811,51.0032],[71.3812,51.0032],[71.3814,51.0032],[71.3815,51.0032],[71.3816,51.0032]]}},{"type":"Feature","properties":{"c":"major"},"geometry":{"type":"LineString","coordinates":[[71.3819,51.0014],[71.3822,50.9985],[71.3822,50.9978],[71.3823,50.9972],[71.3823,50.9961],[71.3824,50.9953],[71.3825,50.9945],[71.3827,50.9921],[71.3828,50.9915],[71.3832,50.9907],[71.3837,50.99],[71.3843,50.9894],[71.391,50.9821],[71.3914,50.9817],[71.3919,50.9811],[71.3926,50.9804],[71.3929,50.9797],[71.3931,50.9791],[71.3932,50.9786],[71.3932,50.9781],[71.3931,50.9744],[71.393,50.9683],[71.393,50.9681],[71.393,50.9673],[71.3929,50.9664],[71.3929,50.964],[71.3928,50.9627],[71.3927,50.962],[71.3925,50.9613],[71.3922,50.9601],[71.3922,50.96]]}},{"type":"Feature","properties":{"c":"major"},"geometry":{"type":"LineString","coordinates":[[71.3816,51.0039],[71.3816,51.0036],[71.3816,51.0032],[71.3817,51.0028],[71.3817,51.0026],[71.3818,51.0023],[71.3819,51.0014]]}},{"type":"Feature","properties":{"c":"major"},"geometry":{"type":"LineString","coordinates":[[71.4385,51.1123],[71.4383,51.1124]]}},{"type":"Feature","properties":{"c":"major"},"geometry":{"type":"LineString","coordinates":[[71.4343,51.1334],[71.4343,51.1333]]}},{"type":"Feature","properties":{"c":"major"},"geometry":{"type":"LineString","coordinates":[[71.4343,51.1333],[71.4342,51.1331],[71.434,51.1325],[71.4338,51.132],[71.4337,51.1317],[71.4334,51.131],[71.4332,51.1305],[71.4332,51.1303]]}},{"type":"Feature","properties":{"c":"major"},"geometry":{"type":"LineString","coordinates":[[71.4687,51.1789],[71.4672,51.1794],[71.4645,51.1802],[71.4636,51.1805],[71.4632,51.1807],[71.459,51.182],[71.4562,51.1829]]}},{"type":"Feature","properties":{"c":"major"},"geometry":{"type":"LineString","coordinates":[[71.4686,51.1788],[71.4688,51.1787],[71.4717,51.1777],[71.4733,51.1771],[71.4743,51.1767],[71.4757,51.1762],[71.4763,51.176],[71.477,51.1757],[71.4772,51.1757],[71.4778,51.1754],[71.4785,51.1751],[71.4787,51.1751],[71.4808,51.1743]]}},{"type":"Feature","properties":{"c":"major"},"geometry":{"type":"LineString","coordinates":[[71.4473,51.186],[71.4474,51.1859],[71.4475,51.1858],[71.4482,51.1855]]}},{"type":"Feature","properties":{"c":"major"},"geometry":{"type":"LineString","coordinates":[[71.4812,51.1743],[71.4792,51.1751],[71.4787,51.1752],[71.4779,51.1755],[71.4769,51.1759],[71.4758,51.1763],[71.4744,51.1768],[71.474,51.177],[71.4728,51.1774],[71.4718,51.1778],[71.4707,51.1782],[71.4697,51.1785],[71.4687,51.1789]]}},{"type":"Feature","properties":{"c":"major"},"geometry":{"type":"LineString","coordinates":[[71.5405,51.1521],[71.5417,51.1517],[71.5438,51.1509],[71.5443,51.1508],[71.5455,51.1506],[71.5465,51.1504],[71.548,51.1501],[71.5496,51.1499]]}},{"type":"Feature","properties":{"c":"major"},"geometry":{"type":"LineString","coordinates":[[71.4882,51.1719],[71.4874,51.1721],[71.487,51.1723],[71.4855,51.1728],[71.4844,51.1732],[71.4822,51.174],[71.4812,51.1743]]}},{"type":"Feature","properties":{"c":"major"},"geometry":{"type":"LineString","coordinates":[[71.4045,51.127],[71.4047,51.1269]]}},{"type":"Feature","properties":{"c":"major"},"geometry":{"type":"LineString","coordinates":[[71.4537,51.1192],[71.4538,51.1192],[71.454,51.1192],[71.4541,51.1191]]}},{"type":"Feature","properties":{"c":"major"},"geometry":{"type":"LineString","coordinates":[[71.4371,51.122],[71.436,51.1222]]}},{"type":"Feature","properties":{"c":"major"},"geometry":{"type":"LineString","coordinates":[[71.443,51.1209],[71.4453,51.1206],[71.4488,51.12]]}},{"type":"Feature","properties":{"c":"major"},"geometry":{"type":"LineString","coordinates":[[71.432,51.1228],[71.4307,51.123],[71.4304,51.1231],[71.4303,51.1231],[71.4302,51.1231],[71.427,51.1236]]}},{"type":"Feature","properties":{"c":"major"},"geometry":{"type":"LineString","coordinates":[[71.4358,51.1221],[71.437,51.1219]]}},{"type":"Feature","properties":{"c":"major"},"geometry":{"type":"LineString","coordinates":[[71.437,51.1219],[71.4372,51.1218],[71.4382,51.1217],[71.4387,51.1216],[71.4388,51.1216],[71.4393,51.1215],[71.4396,51.1214],[71.443,51.1209]]}},{"type":"Feature","properties":{"c":"major"},"geometry":{"type":"LineString","coordinates":[[71.4734,51.1191],[71.4732,51.1192],[71.4724,51.1193],[71.4721,51.1193],[71.471,51.1195],[71.4702,51.1196],[71.4701,51.1197],[71.468,51.12],[71.4679,51.12],[71.4674,51.1201],[71.4672,51.1201]]}},{"type":"Feature","properties":{"c":"major"},"geometry":{"type":"LineString","coordinates":[[71.4828,51.1177],[71.481,51.1179],[71.4809,51.118],[71.4786,51.1183],[71.4768,51.1186]]}},{"type":"Feature","properties":{"c":"major"},"geometry":{"type":"LineString","coordinates":[[71.395,51.1],[71.3953,51.1],[71.3964,51.0998],[71.397,51.0997],[71.3982,51.0996],[71.4003,51.0992],[71.4004,51.0992],[71.4044,51.0987],[71.4055,51.0985],[71.4056,51.0985]]}},{"type":"Feature","properties":{"c":"major"},"geometry":{"type":"LineString","coordinates":[[71.4112,51.0978],[71.4107,51.0979],[71.4105,51.0979],[71.4072,51.0984],[71.4062,51.0985],[71.4062,51.0985]]}},{"type":"Feature","properties":{"c":"major"},"geometry":{"type":"LineString","coordinates":[[71.4268,51.0955],[71.427,51.0955]]}},{"type":"Feature","properties":{"c":"major"},"geometry":{"type":"LineString","coordinates":[[71.4135,51.0596],[71.4135,51.0596],[71.4128,51.06]]}},{"type":"Feature","properties":{"c":"major"},"geometry":{"type":"LineString","coordinates":[[71.4111,51.0611],[71.4108,51.0613]]}},{"type":"Feature","properties":{"c":"major"},"geometry":{"type":"LineString","coordinates":[[71.4306,51.1046],[71.4305,51.1048],[71.4305,51.1048],[71.4304,51.1049],[71.4303,51.1049],[71.4302,51.1049],[71.43,51.1049],[71.4299,51.1048]]}},{"type":"Feature","properties":{"c":"major"},"geometry":{"type":"LineString","coordinates":[[71.4296,51.1039],[71.4296,51.1037],[71.4297,51.1037],[71.4297,51.1036],[71.4298,51.1036],[71.4299,51.1036],[71.43,51.1036],[71.4301,51.1037],[71.4302,51.1037],[71.4304,51.104]]}},{"type":"Feature","properties":{"c":"major"},"geometry":{"type":"LineString","coordinates":[[71.4422,51.1367],[71.4419,51.1362],[71.4418,51.136],[71.4417,51.1358],[71.4416,51.1357],[71.4415,51.1353],[71.4414,51.135],[71.4414,51.1348],[71.4413,51.1345],[71.4412,51.1343],[71.4411,51.1339],[71.441,51.1338],[71.441,51.1337],[71.4409,51.1336],[71.4408,51.1335],[71.4406,51.1334],[71.4405,51.1333],[71.4395,51.133],[71.4394,51.1329],[71.4393,51.1328],[71.4392,51.1328],[71.4391,51.1327],[71.4391,51.1326],[71.439,51.1325],[71.439,51.1324],[71.439,51.1323],[71.439,51.1322],[71.439,51.1321],[71.4391,51.132],[71.4391,51.1319],[71.4393,51.1318],[71.4394,51.1316],[71.4396,51.1314],[71.4397,51.1313],[71.4398,51.1312],[71.4399,51.1311],[71.4399,51.131],[71.4399,51.1309],[71.4399,51.1308],[71.4399,51.1308],[71.4397,51.1305]]}},{"type":"Feature","properties":{"c":"major"},"geometry":{"type":"LineString","coordinates":[[71.4843,51.1744],[71.4845,51.1746],[71.4851,51.1753]]}},{"type":"Feature","properties":{"c":"major"},"geometry":{"type":"LineString","coordinates":[[71.4837,51.1738],[71.4843,51.1744]]}},{"type":"Feature","properties":{"c":"major"},"geometry":{"type":"LineString","coordinates":[[71.4831,51.1734],[71.483,51.1732],[71.4822,51.1724],[71.4821,51.1723]]}},{"type":"Feature","properties":{"c":"major"},"geometry":{"type":"LineString","coordinates":[[71.4818,51.1717],[71.4823,51.1722]]}},{"type":"Feature","properties":{"c":"major"},"geometry":{"type":"LineString","coordinates":[[71.4821,51.1723],[71.4816,51.1717]]}},{"type":"Feature","properties":{"c":"major"},"geometry":{"type":"LineString","coordinates":[[71.4851,51.1753],[71.4855,51.1758],[71.4857,51.1759],[71.4858,51.1761],[71.4862,51.1766]]}},{"type":"Feature","properties":{"c":"major"},"geometry":{"type":"LineString","coordinates":[[71.4835,51.1738],[71.4831,51.1734]]}},{"type":"Feature","properties":{"c":"major"},"geometry":{"type":"LineString","coordinates":[[71.4823,51.1722],[71.4824,51.1723],[71.4831,51.1731],[71.4833,51.1733]]}},{"type":"Feature","properties":{"c":"major"},"geometry":{"type":"LineString","coordinates":[[71.4849,51.1754],[71.4841,51.1745]]}},{"type":"Feature","properties":{"c":"major"},"geometry":{"type":"LineString","coordinates":[[71.4816,51.1717],[71.4799,51.17]]}},{"type":"Feature","properties":{"c":"major"},"geometry":{"type":"LineString","coordinates":[[71.48,51.17],[71.4818,51.1717]]}},{"type":"Feature","properties":{"c":"major"},"geometry":{"type":"LineString","coordinates":[[71.4833,51.1733],[71.4837,51.1738]]}},{"type":"Feature","properties":{"c":"major"},"geometry":{"type":"LineString","coordinates":[[71.4752,51.1652],[71.476,51.166],[71.4766,51.1666],[71.4767,51.1668],[71.4773,51.1674],[71.4774,51.1674]]}},{"type":"Feature","properties":{"c":"major"},"geometry":{"type":"LineString","coordinates":[[71.4777,51.1645],[71.4783,51.1643]]}},{"type":"Feature","properties":{"c":"major"},"geometry":{"type":"LineString","coordinates":[[71.4862,51.1766],[71.4855,51.1759],[71.4854,51.1758],[71.4849,51.1754]]}},{"type":"Feature","properties":{"c":"major"},"geometry":{"type":"LineString","coordinates":[[71.4719,51.1634],[71.4738,51.1644],[71.4747,51.1649],[71.4752,51.1652]]}},{"type":"Feature","properties":{"c":"major"},"geometry":{"type":"LineString","coordinates":[[71.4799,51.17],[71.4792,51.1693],[71.4785,51.1687],[71.4784,51.1686]]}},{"type":"Feature","properties":{"c":"major"},"geometry":{"type":"LineString","coordinates":[[71.488,51.1717],[71.4887,51.1715]]}},{"type":"Feature","properties":{"c":"major"},"geometry":{"type":"LineString","coordinates":[[71.4887,51.1715],[71.4889,51.1714],[71.4922,51.1702],[71.493,51.1699],[71.5044,51.1656],[71.5166,51.161],[71.5169,51.1609],[71.5209,51.1594],[71.5219,51.1591]]}},{"type":"Feature","properties":{"c":"major"},"geometry":{"type":"LineString","coordinates":[[71.5496,51.15],[71.5493,51.15],[71.5476,51.1503],[71.5469,51.1504],[71.5455,51.1506],[71.5453,51.1507],[71.5447,51.1508],[71.5441,51.1509],[71.5435,51.1511],[71.5418,51.1518],[71.5406,51.1522]]}},{"type":"Feature","properties":{"c":"major"},"geometry":{"type":"LineString","coordinates":[[71.489,51.1716],[71.4882,51.1719]]}},{"type":"Feature","properties":{"c":"major"},"geometry":{"type":"LineString","coordinates":[[71.5247,51.1404],[71.5261,51.1418],[71.5264,51.1421]]}},{"type":"Feature","properties":{"c":"major"},"geometry":{"type":"LineString","coordinates":[[71.5217,51.1372],[71.5219,51.1375],[71.5225,51.1381],[71.524,51.1396]]}},{"type":"Feature","properties":{"c":"major"},"geometry":{"type":"LineString","coordinates":[[71.4446,51.1395],[71.4422,51.1367]]}},{"type":"Feature","properties":{"c":"major"},"geometry":{"type":"LineString","coordinates":[[71.4534,51.155],[71.4532,51.155],[71.4522,51.1546],[71.4519,51.1544],[71.4513,51.1542],[71.4513,51.1541],[71.4496,51.1535],[71.4487,51.1531],[71.4472,51.1525],[71.4468,51.1524],[71.4463,51.1522],[71.4461,51.1522],[71.4458,51.1521],[71.4453,51.152]]}},{"type":"Feature","properties":{"c":"major"},"geometry":{"type":"LineString","coordinates":[[71.4446,51.15],[71.4446,51.1495],[71.4447,51.1486],[71.4447,51.1485],[71.4448,51.1472],[71.4449,51.1461],[71.4451,51.142],[71.4452,51.1418],[71.4452,51.1417],[71.4452,51.1416],[71.4452,51.141]]}},{"type":"Feature","properties":{"c":"major"},"geometry":{"type":"LineString","coordinates":[[71.4447,51.1393],[71.445,51.1398],[71.4451,51.14],[71.4452,51.1403],[71.4453,51.1405],[71.4454,51.1408],[71.4454,51.141]]}},{"type":"Feature","properties":{"c":"major"},"geometry":{"type":"LineString","coordinates":[[71.4536,51.1552],[71.4534,51.155]]}},{"type":"Feature","properties":{"c":"major"},"geometry":{"type":"LineString","coordinates":[[71.4444,51.1519],[71.4444,51.1518],[71.4445,51.1507],[71.4445,51.1504]]}},{"type":"Feature","properties":{"c":"major"},"geometry":{"type":"LineString","coordinates":[[71.4447,51.1504],[71.4447,51.151],[71.4446,51.1511],[71.4446,51.1518],[71.4446,51.1519]]}},{"type":"Feature","properties":{"c":"major"},"geometry":{"type":"LineString","coordinates":[[71.4447,51.15],[71.4447,51.1504]]}},{"type":"Feature","properties":{"c":"major"},"geometry":{"type":"LineString","coordinates":[[71.4445,51.1504],[71.4446,51.15]]}},{"type":"Feature","properties":{"c":"major"},"geometry":{"type":"LineString","coordinates":[[71.4618,51.1582],[71.4629,51.1585],[71.4643,51.1589],[71.4644,51.1589],[71.4649,51.1591],[71.4653,51.1592],[71.4654,51.1592],[71.4656,51.1593],[71.4657,51.1594],[71.466,51.1595],[71.4663,51.1597],[71.4665,51.1598],[71.4668,51.1599],[71.4679,51.1608],[71.4682,51.1609],[71.4682,51.161],[71.4683,51.1611]]}},{"type":"Feature","properties":{"c":"major"},"geometry":{"type":"LineString","coordinates":[[71.5061,51.1976],[71.5065,51.1981]]}},{"type":"Feature","properties":{"c":"major"},"geometry":{"type":"LineString","coordinates":[[71.4446,51.1519],[71.4445,51.152]]}},{"type":"Feature","properties":{"c":"major"},"geometry":{"type":"LineString","coordinates":[[71.4778,51.1977],[71.4779,51.1978],[71.478,51.1978],[71.4784,51.1985],[71.4786,51.1988],[71.4788,51.1991],[71.4791,51.1993],[71.4797,51.1997]]}},{"type":"Feature","properties":{"c":"major"},"geometry":{"type":"LineString","coordinates":[[71.4755,51.1978],[71.4764,51.1982]]}},{"type":"Feature","properties":{"c":"major"},"geometry":{"type":"LineString","coordinates":[[71.4766,51.1983],[71.4769,51.1984],[71.4771,51.1984],[71.4773,51.1983],[71.4775,51.1983],[71.4777,51.1982],[71.4778,51.1981],[71.4779,51.1979],[71.4778,51.1977]]}},{"type":"Feature","properties":{"c":"major"},"geometry":{"type":"LineString","coordinates":[[71.4764,51.1982],[71.4766,51.1983],[71.4774,51.1987],[71.4797,51.1997],[71.4798,51.1997],[71.4811,51.2003],[71.4824,51.2009],[71.483,51.2012],[71.4834,51.2014],[71.4837,51.2015],[71.4839,51.2016],[71.4851,51.2022],[71.4854,51.2023],[71.4864,51.2027],[71.4865,51.2028],[71.487,51.203],[71.4871,51.203],[71.4872,51.2031],[71.4885,51.2037],[71.489,51.2039],[71.4902,51.2044],[71.4914,51.205]]}},{"type":"Feature","properties":{"c":"major"},"geometry":{"type":"LineString","coordinates":[[71.4969,51.129],[71.4966,51.1289],[71.4961,51.1288],[71.4914,51.1275],[71.4911,51.1274],[71.4909,51.1274],[71.4877,51.1265],[71.4869,51.1262],[71.4867,51.1262]]}},{"type":"Feature","properties":{"c":"major"},"geometry":{"type":"LineString","coordinates":[[71.4581,51.1296],[71.458,51.1294]]}},{"type":"Feature","properties":{"c":"major"},"geometry":{"type":"LineString","coordinates":[[71.4423,51.1365],[71.4447,51.1393]]}},{"type":"Feature","properties":{"c":"major"},"geometry":{"type":"LineString","coordinates":[[71.2412,51.2268],[71.2374,51.2277],[71.2357,51.2282],[71.2343,51.2285],[71.234,51.2286],[71.2335,51.2288],[71.232,51.2291],[71.2019,51.2368]]}},{"type":"Feature","properties":{"c":"major"},"geometry":{"type":"LineString","coordinates":[[71.2411,51.2267],[71.2457,51.2254],[71.2465,51.2252],[71.2466,51.2252],[71.2479,51.2249],[71.2628,51.2211],[71.2639,51.2208],[71.2649,51.2204],[71.266,51.22],[71.2729,51.2167],[71.282,51.2124],[71.2823,51.2123],[71.2895,51.2089],[71.294,51.2068],[71.2974,51.2052],[71.2979,51.205],[71.3021,51.2029],[71.3063,51.201],[71.3068,51.2007]]}},{"type":"Feature","properties":{"c":"major"},"geometry":{"type":"LineString","coordinates":[[71.443,51.1211],[71.4401,51.1216],[71.44,51.1216],[71.4393,51.1217],[71.4388,51.1218],[71.4384,51.1218],[71.438,51.1219],[71.4371,51.122]]}},{"type":"Feature","properties":{"c":"major"},"geometry":{"type":"LineString","coordinates":[[71.4486,51.1309],[71.454,51.1301]]}},{"type":"Feature","properties":{"c":"major"},"geometry":{"type":"LineString","coordinates":[[71.4215,51.1856],[71.4213,51.1862],[71.4213,51.1863],[71.4212,51.1867],[71.4211,51.1875],[71.4211,51.1876]]}},{"type":"Feature","properties":{"c":"major"},"geometry":{"type":"LineString","coordinates":[[71.4536,51.035],[71.4544,51.0353],[71.455,51.0356],[71.4594,51.0372],[71.4669,51.04],[71.4681,51.0405],[71.4705,51.0414],[71.4709,51.0415],[71.474,51.0427],[71.4755,51.0433],[71.4761,51.0435],[71.4763,51.0436],[71.4769,51.0438],[71.4771,51.0439],[71.4789,51.0445],[71.4854,51.047],[71.4855,51.047],[71.4867,51.0474],[71.488,51.0478],[71.4901,51.0484],[71.4917,51.0488],[71.4932,51.0492],[71.4948,51.0495],[71.497,51.0498],[71.4984,51.05],[71.5126,51.0515],[71.5221,51.0526],[71.536,51.054]]}},{"type":"Feature","properties":{"c":"major"},"geometry":{"type":"LineString","coordinates":[[71.6228,51.1292],[71.6231,51.1295]]}},{"type":"Feature","properties":{"c":"major"},"geometry":{"type":"LineString","coordinates":[[71.4975,51.1291],[71.4983,51.1292],[71.5015,51.1302],[71.5048,51.1311],[71.5056,51.1313]]}},{"type":"Feature","properties":{"c":"major"},"geometry":{"type":"LineString","coordinates":[[71.458,51.1294],[71.4583,51.1294]]}},{"type":"Feature","properties":{"c":"major"},"geometry":{"type":"LineString","coordinates":[[71.5217,51.1372],[71.5215,51.1373],[71.5206,51.1376]]}},{"type":"Feature","properties":{"c":"major"},"geometry":{"type":"LineString","coordinates":[[71.5191,51.1382],[71.5193,51.1383],[71.5198,51.1388],[71.52,51.139],[71.5201,51.1391],[71.5205,51.1396],[71.521,51.14]]}},{"type":"Feature","properties":{"c":"major"},"geometry":{"type":"LineString","coordinates":[[71.454,51.1188],[71.4541,51.1191],[71.4541,51.1191]]}},{"type":"Feature","properties":{"c":"major"},"geometry":{"type":"LineString","coordinates":[[71.4708,51.131],[71.471,51.1311]]}},{"type":"Feature","properties":{"c":"major"},"geometry":{"type":"LineString","coordinates":[[71.3878,51.2017],[71.3878,51.2017],[71.3877,51.2015],[71.3868,51.2009],[71.3867,51.2008],[71.3867,51.2006],[71.3867,51.2005],[71.3867,51.2004],[71.3868,51.2003]]}},{"type":"Feature","properties":{"c":"major"},"geometry":{"type":"LineString","coordinates":[[71.4046,51.1271],[71.4044,51.1271],[71.4027,51.1274]]}},{"type":"Feature","properties":{"c":"major"},"geometry":{"type":"LineString","coordinates":[[71.4332,51.1303],[71.4332,51.1303],[71.4331,51.1302],[71.4331,51.1302],[71.4325,51.1286],[71.4325,51.1286],[71.4323,51.1281],[71.4323,51.128],[71.432,51.1275],[71.4314,51.1259],[71.4314,51.1257],[71.4313,51.1257],[71.4311,51.125],[71.4307,51.124],[71.4304,51.1232],[71.4303,51.1231]]}},{"type":"Feature","properties":{"c":"major"},"geometry":{"type":"LineString","coordinates":[[71.396,51.0708],[71.3958,51.0708],[71.3956,51.0708],[71.3956,51.0708],[71.3955,51.0707],[71.3954,51.0706],[71.3954,51.0705],[71.3954,51.0704],[71.3955,51.0703],[71.3957,51.0702],[71.3958,51.0702],[71.396,51.0702],[71.3961,51.0702],[71.3962,51.0703],[71.3963,51.0703],[71.3963,51.0704],[71.3964,51.0705],[71.3964,51.0705],[71.3964,51.0706],[71.3963,51.0707],[71.3962,51.0708],[71.396,51.0708]]}},{"type":"Feature","properties":{"c":"major"},"geometry":{"type":"LineString","coordinates":[[71.4616,51.1582],[71.4605,51.1579],[71.4603,51.1578],[71.4591,51.1574],[71.4576,51.1568],[71.4561,51.1563],[71.4553,51.156]]}},{"type":"Feature","properties":{"c":"major"},"geometry":{"type":"LineString","coordinates":[[71.4146,51.1638],[71.4144,51.1638],[71.4136,51.1637],[71.4125,51.1635],[71.412,51.1635],[71.4116,51.1634],[71.4112,51.1634],[71.411,51.1633],[71.4107,51.1633]]}},{"type":"Feature","properties":{"c":"major"},"geometry":{"type":"LineString","coordinates":[[71.3255,51.2276],[71.321,51.2202],[71.3198,51.2182],[71.3186,51.2163],[71.3153,51.211],[71.3145,51.2097],[71.3138,51.2087],[71.313,51.2076],[71.3122,51.2066],[71.3111,51.2053],[71.3103,51.2044]]}},{"type":"Feature","properties":{"c":"major"},"geometry":{"type":"LineString","coordinates":[[71.3256,51.2275],[71.3262,51.2285],[71.3265,51.2289]]}},{"type":"Feature","properties":{"c":"major"},"geometry":{"type":"LineString","coordinates":[[71.3263,51.2289],[71.3255,51.2276]]}},{"type":"Feature","properties":{"c":"major"},"geometry":{"type":"LineString","coordinates":[[71.3265,51.2289],[71.3314,51.2368],[71.3317,51.2375],[71.3365,51.2452],[71.3369,51.2456],[71.3374,51.2462],[71.3378,51.2468],[71.3383,51.2472],[71.3385,51.2473],[71.3391,51.2478],[71.3397,51.2483],[71.3406,51.2488],[71.3414,51.2492],[71.3425,51.2498],[71.3431,51.25],[71.3435,51.2502],[71.3444,51.2505],[71.3456,51.2509],[71.3466,51.2511],[71.3476,51.2513],[71.3479,51.2513],[71.3495,51.2516]]}},{"type":"Feature","properties":{"c":"major"},"geometry":{"type":"LineString","coordinates":[[71.4126,51.116],[71.4116,51.1161],[71.4115,51.1162]]}},{"type":"Feature","properties":{"c":"major"},"geometry":{"type":"LineString","coordinates":[[71.4115,51.1164],[71.4116,51.117],[71.4117,51.1171],[71.4119,51.1182]]}},{"type":"Feature","properties":{"c":"major"},"geometry":{"type":"LineString","coordinates":[[71.4113,51.116],[71.4112,51.1152],[71.4107,51.1129],[71.4107,51.1127],[71.4107,51.1126],[71.4105,51.1118],[71.4105,51.1118]]}},{"type":"Feature","properties":{"c":"major"},"geometry":{"type":"LineString","coordinates":[[71.4221,51.1462],[71.4225,51.1468],[71.4226,51.1469],[71.4227,51.1471]]}},{"type":"Feature","properties":{"c":"major"},"geometry":{"type":"LineString","coordinates":[[71.4219,51.1462],[71.4214,51.1454],[71.4207,51.1444]]}},{"type":"Feature","properties":{"c":"major"},"geometry":{"type":"LineString","coordinates":[[71.7118,51.1046],[71.7137,51.1036],[71.7141,51.1034],[71.7154,51.1028],[71.7176,51.1016],[71.7186,51.1012],[71.7203,51.1003],[71.7204,51.1003],[71.7219,51.0996],[71.7219,51.0995],[71.7279,51.0966],[71.7284,51.0963],[71.7288,51.0961],[71.7338,51.0936],[71.7361,51.0925],[71.7371,51.092],[71.7373,51.0919],[71.74,51.0905],[71.7418,51.0897],[71.7449,51.0881],[71.7457,51.0877],[71.7468,51.0872],[71.7475,51.0868],[71.7478,51.0867],[71.7481,51.0865],[71.7497,51.0857],[71.7505,51.0853],[71.7507,51.0852],[71.7535,51.0838],[71.7555,51.0829],[71.7566,51.0823],[71.7574,51.0819],[71.7577,51.0817],[71.7582,51.0815],[71.7662,51.0775],[71.7678,51.0768],[71.7681,51.0766],[71.7684,51.0764],[71.7714,51.0749],[71.7721,51.0746],[71.7757,51.0728],[71.7765,51.0724],[71.7789,51.0712],[71.7797,51.0708],[71.7806,51.0704],[71.7814,51.07],[71.7824,51.0695],[71.7829,51.0692],[71.7832,51.0691],[71.7864,51.0675],[71.7901,51.0656],[71.7932,51.0641],[71.7948,51.0633],[71.7952,51.0631],[71.7957,51.0629],[71.8016,51.0599],[71.8063,51.0576]]}},{"type":"Feature","properties":{"c":"major"},"geometry":{"type":"LineString","coordinates":[[71.3885,51.1999],[71.3871,51.1982],[71.3871,51.1982],[71.3869,51.198]]}},{"type":"Feature","properties":{"c":"major"},"geometry":{"type":"LineString","coordinates":[[71.4246,51.1185],[71.4244,51.118]]}},{"type":"Feature","properties":{"c":"major"},"geometry":{"type":"LineString","coordinates":[[71.4054,51.1918],[71.4056,51.1918],[71.4058,51.1917],[71.4064,51.1915],[71.4067,51.1914]]}},{"type":"Feature","properties":{"c":"major"},"geometry":{"type":"LineString","coordinates":[[71.4054,51.1918],[71.4061,51.1914],[71.4064,51.1913],[71.4065,51.1912],[71.4066,51.1911],[71.4069,51.1909]]}},{"type":"Feature","properties":{"c":"major"},"geometry":{"type":"LineString","coordinates":[[71.4054,51.1918],[71.4049,51.192],[71.4042,51.1922],[71.404,51.1923],[71.4035,51.1925],[71.4029,51.1927],[71.4027,51.1928],[71.4024,51.1931],[71.4021,51.1932],[71.4019,51.1933],[71.4017,51.1934],[71.4015,51.1934]]}},{"type":"Feature","properties":{"c":"major"},"geometry":{"type":"LineString","coordinates":[[71.2223,51.0987],[71.2226,51.0988],[71.2246,51.0994],[71.2282,51.1007],[71.2298,51.1012],[71.2304,51.1014],[71.2317,51.1019],[71.2351,51.1031],[71.2372,51.1038],[71.2403,51.1049],[71.2415,51.1053],[71.2421,51.1056],[71.2469,51.1074],[71.2474,51.1075],[71.2486,51.108],[71.2524,51.1094],[71.2532,51.1097],[71.2534,51.1098],[71.2535,51.1098],[71.2551,51.1104],[71.2584,51.1116],[71.2591,51.1118],[71.2603,51.1122],[71.2632,51.1132],[71.2639,51.1135],[71.2651,51.1139],[71.2683,51.1151],[71.2691,51.1153],[71.2692,51.1154],[71.2695,51.1155],[71.2712,51.1161],[71.2746,51.1173]]}},{"type":"Feature","properties":{"c":"major"},"geometry":{"type":"LineString","coordinates":[[71.2813,51.1198],[71.281,51.1197],[71.2798,51.1193],[71.2777,51.1185],[71.2758,51.1179],[71.2751,51.1176],[71.2739,51.1172],[71.2701,51.1159],[71.2694,51.1156],[71.2691,51.1155],[71.269,51.1155],[71.2675,51.1149],[71.2645,51.1139],[71.2638,51.1136],[71.2625,51.1132],[71.2597,51.1122],[71.259,51.1119],[71.2577,51.1115],[71.2557,51.1108],[71.2547,51.1104],[71.2542,51.1102],[71.2534,51.1099],[71.2533,51.1099],[71.2531,51.1098],[71.2516,51.1092],[71.2481,51.1079],[71.2473,51.1076],[71.246,51.1072],[71.2456,51.107],[71.2431,51.1061],[71.2413,51.1055],[71.2379,51.1042],[71.2372,51.104],[71.2351,51.1033],[71.2315,51.102],[71.2282,51.1007],[71.2262,51.1001],[71.2225,51.0988],[71.2223,51.0987]]}},{"type":"Feature","properties":{"c":"major"},"geometry":{"type":"LineString","coordinates":[[71.4763,51.1978],[71.4765,51.1976],[71.4767,51.1975],[71.477,51.1975],[71.4772,51.1975],[71.4775,51.1975],[71.4777,51.1976],[71.4778,51.1977]]}},{"type":"Feature","properties":{"c":"major"},"geometry":{"type":"LineString","coordinates":[[71.6202,51.1263],[71.62,51.126]]}},{"type":"Feature","properties":{"c":"major"},"geometry":{"type":"LineString","coordinates":[[71.3103,51.2044],[71.3081,51.2022],[71.3072,51.2012]]}},{"type":"Feature","properties":{"c":"major"},"geometry":{"type":"LineString","coordinates":[[71.62,51.1266],[71.6209,51.1264],[71.6253,51.1257],[71.6265,51.1255],[71.6336,51.1243],[71.6357,51.1239],[71.638,51.1234],[71.6443,51.1223],[71.6459,51.1219],[71.6477,51.1215],[71.6482,51.1214],[71.6554,51.1194],[71.6584,51.1186]]}},{"type":"Feature","properties":{"c":"major"},"geometry":{"type":"LineString","coordinates":[[71.626,51.1257],[71.6211,51.1265],[71.6203,51.1267]]}},{"type":"Feature","properties":{"c":"major"},"geometry":{"type":"LineString","coordinates":[[71.4398,51.1591],[71.4402,51.1591],[71.4405,51.159],[71.4408,51.1589],[71.4411,51.1589],[71.4417,51.1587]]}},{"type":"Feature","properties":{"c":"major"},"geometry":{"type":"LineString","coordinates":[[71.3774,51.172],[71.3776,51.172]]}},{"type":"Feature","properties":{"c":"major"},"geometry":{"type":"LineString","coordinates":[[71.427,51.0955],[71.4272,51.0954],[71.4286,51.0952],[71.4294,51.0951],[71.4297,51.0951],[71.43,51.095],[71.4301,51.095],[71.4304,51.095],[71.4306,51.0949],[71.431,51.0949],[71.4313,51.0948],[71.4324,51.0947],[71.4345,51.0944],[71.4348,51.0943],[71.4359,51.0942],[71.4359,51.0942],[71.4362,51.0941],[71.4364,51.0941],[71.4365,51.0941],[71.4377,51.0939],[71.4381,51.0939],[71.4384,51.0938],[71.4397,51.0936],[71.4398,51.0936],[71.4399,51.0936],[71.442,51.0933],[71.4425,51.0932],[71.4428,51.0932],[71.4429,51.0932],[71.4432,51.0931],[71.4443,51.093],[71.4444,51.093],[71.4479,51.0925],[71.4482,51.0924],[71.4492,51.0923],[71.4493,51.0923]]}},{"type":"Feature","properties":{"c":"major"},"geometry":{"type":"LineString","coordinates":[[71.4553,51.156],[71.455,51.1558],[71.4546,51.1557],[71.4539,51.1554],[71.4538,51.1554],[71.4536,51.1552]]}},{"type":"Feature","properties":{"c":"major"},"geometry":{"type":"LineString","coordinates":[[71.4368,51.1929],[71.4367,51.1929],[71.4367,51.193],[71.4365,51.1933],[71.4362,51.1935],[71.4362,51.1936],[71.4361,51.1936],[71.4357,51.194],[71.4351,51.1945],[71.4349,51.1948],[71.4343,51.1953],[71.4339,51.1956],[71.4337,51.1957],[71.4335,51.1959],[71.4329,51.1963],[71.4326,51.1965],[71.4324,51.1966],[71.4322,51.1966]]}},{"type":"Feature","properties":{"c":"major"},"geometry":{"type":"LineString","coordinates":[[71.3845,51.2115],[71.3839,51.2113],[71.3837,51.2111],[71.3831,51.2107],[71.383,51.2105],[71.3828,51.2104],[71.3828,51.2104],[71.3826,51.2102],[71.3819,51.2096],[71.3817,51.2094],[71.381,51.2086],[71.3806,51.2081],[71.3804,51.2077],[71.3802,51.2075],[71.3801,51.2073],[71.3798,51.207],[71.379,51.2061],[71.379,51.206],[71.3788,51.2058]]}},{"type":"Feature","properties":{"c":"major"},"geometry":{"type":"LineString","coordinates":[[71.4255,51.1976],[71.425,51.1976],[71.4239,51.1975],[71.4236,51.1975],[71.4234,51.1975],[71.4223,51.1974],[71.422,51.1974],[71.4219,51.1973],[71.4215,51.1973],[71.4202,51.1973],[71.4197,51.1972],[71.4193,51.1973],[71.4186,51.1973],[71.4182,51.1973],[71.4176,51.1974],[71.4167,51.1974],[71.4165,51.1975],[71.415,51.1975],[71.4148,51.1975],[71.4147,51.1976],[71.4143,51.1976],[71.4139,51.1977],[71.4136,51.1978],[71.4134,51.1978],[71.413,51.198],[71.4125,51.1982],[71.4122,51.1984],[71.4118,51.1986],[71.4115,51.1988],[71.4114,51.199],[71.4108,51.1993],[71.4107,51.1994],[71.4106,51.1995]]}},{"type":"Feature","properties":{"c":"major"},"geometry":{"type":"LineString","coordinates":[[71.4106,51.1995],[71.4106,51.1996],[71.4106,51.1997],[71.4106,51.2],[71.4106,51.2002],[71.4106,51.2004]]}},{"type":"Feature","properties":{"c":"major"},"geometry":{"type":"LineString","coordinates":[[71.4322,51.1966],[71.4319,51.1966],[71.4316,51.1966],[71.4305,51.1964],[71.43,51.1963],[71.4298,51.1963],[71.4295,51.1963],[71.4287,51.1962],[71.4286,51.1962]]}},{"type":"Feature","properties":{"c":"major"},"geometry":{"type":"LineString","coordinates":[[71.5039,51.1477],[71.5038,51.1477]]}},{"type":"Feature","properties":{"c":"major"},"geometry":{"type":"LineString","coordinates":[[71.3721,51.2604],[71.372,51.2607],[71.3717,51.2614],[71.3702,51.2649],[71.3699,51.2657]]}},{"type":"Feature","properties":{"c":"major"},"geometry":{"type":"LineString","coordinates":[[71.3743,51.2551],[71.3758,51.2515],[71.376,51.2511],[71.3762,51.2508]]}},{"type":"Feature","properties":{"c":"major"},"geometry":{"type":"LineString","coordinates":[[71.3733,51.2556],[71.3748,51.2558],[71.3813,51.2569],[71.3858,51.2577],[71.3866,51.2578]]}},{"type":"Feature","properties":{"c":"major"},"geometry":{"type":"LineString","coordinates":[[71.3814,51.257],[71.3747,51.2559],[71.3732,51.2557],[71.3664,51.2546],[71.3626,51.2539],[71.362,51.2538],[71.3603,51.2535],[71.3512,51.252],[71.3504,51.2519]]}},{"type":"Feature","properties":{"c":"major"},"geometry":{"type":"LineString","coordinates":[[71.3868,51.2003],[71.3873,51.2002],[71.3881,51.2],[71.3885,51.1999]]}},{"type":"Feature","properties":{"c":"major"},"geometry":{"type":"LineString","coordinates":[[71.3762,51.2508],[71.3761,51.2512],[71.3759,51.2515],[71.3744,51.2551]]}},{"type":"Feature","properties":{"c":"major"},"geometry":{"type":"LineString","coordinates":[[71.3742,51.2554],[71.3739,51.2563]]}},{"type":"Feature","properties":{"c":"major"},"geometry":{"type":"LineString","coordinates":[[71.3741,51.2554],[71.3743,51.2551]]}},{"type":"Feature","properties":{"c":"major"},"geometry":{"type":"LineString","coordinates":[[71.3738,51.2563],[71.3741,51.2554]]}},{"type":"Feature","properties":{"c":"major"},"geometry":{"type":"LineString","coordinates":[[71.448,51.1878],[71.4479,51.1877],[71.4479,51.1877],[71.4479,51.1876],[71.4477,51.187],[71.4475,51.1865]]}},{"type":"Feature","properties":{"c":"major"},"geometry":{"type":"LineString","coordinates":[[71.5328,51.1551],[71.5305,51.1559],[71.5295,51.1563],[71.5286,51.1567],[71.5259,51.1577],[71.5248,51.1581],[71.5248,51.1581],[71.5219,51.1592]]}},{"type":"Feature","properties":{"c":"major"},"geometry":{"type":"LineString","coordinates":[[71.5391,51.1527],[71.537,51.1535]]}},{"type":"Feature","properties":{"c":"major"},"geometry":{"type":"LineString","coordinates":[[71.532,51.1552],[71.5368,51.1534]]}},{"type":"Feature","properties":{"c":"major"},"geometry":{"type":"LineString","coordinates":[[71.7082,51.3638],[71.7058,51.3617],[71.7042,51.3604],[71.703,51.3594],[71.7026,51.3591],[71.7019,51.3585],[71.7002,51.357],[71.6989,51.3559],[71.6973,51.3546],[71.6962,51.3536],[71.6712,51.3305],[71.6439,51.3055]]}},{"type":"Feature","properties":{"c":"major"},"geometry":{"type":"LineString","coordinates":[[71.4137,51.1292],[71.4136,51.129],[71.4136,51.1288],[71.4136,51.1286],[71.4135,51.1285]]}},{"type":"Feature","properties":{"c":"major"},"geometry":{"type":"LineString","coordinates":[[71.4142,51.1325],[71.4137,51.1292]]}},{"type":"Feature","properties":{"c":"major"},"geometry":{"type":"LineString","coordinates":[[71.4138,51.1292],[71.4144,51.1325]]}},{"type":"Feature","properties":{"c":"major"},"geometry":{"type":"LineString","coordinates":[[71.4144,51.1325],[71.4144,51.1327],[71.4144,51.133],[71.4144,51.1331],[71.4145,51.1332]]}},{"type":"Feature","properties":{"c":"major"},"geometry":{"type":"LineString","coordinates":[[71.4152,51.0633],[71.4151,51.0629]]}},{"type":"Feature","properties":{"c":"major"},"geometry":{"type":"LineString","coordinates":[[71.4153,51.0629],[71.4154,51.0632]]}},{"type":"Feature","properties":{"c":"major"},"geometry":{"type":"LineString","coordinates":[[71.4151,51.0629],[71.415,51.0626],[71.4149,51.0623],[71.4144,51.0608],[71.4143,51.0607],[71.414,51.0598],[71.4139,51.0596],[71.4139,51.0594]]}},{"type":"Feature","properties":{"c":"major"},"geometry":{"type":"LineString","coordinates":[[71.4318,51.1088],[71.4319,51.109],[71.4319,51.1091],[71.4324,51.1104],[71.433,51.1123],[71.4332,51.1127],[71.4332,51.1128]]}},{"type":"Feature","properties":{"c":"major"},"geometry":{"type":"LineString","coordinates":[[71.393,50.9681],[71.392,50.9681],[71.3909,50.9682],[71.3897,50.9683],[71.3891,50.9683],[71.3887,50.9683],[71.3886,50.9684],[71.387,50.9684],[71.3852,50.9685],[71.385,50.9686],[71.3846,50.9686],[71.3843,50.9686],[71.3829,50.9688],[71.3814,50.969],[71.3813,50.969],[71.38,50.9692],[71.3786,50.9694],[71.3785,50.9695],[71.3766,50.9697],[71.3752,50.9699],[71.3738,50.9701],[71.3724,50.9703],[71.3709,50.9705],[71.3696,50.9707],[71.3681,50.9709],[71.3666,50.9711],[71.3655,50.9711],[71.3646,50.971],[71.3632,50.9709]]}},{"type":"Feature","properties":{"c":"major"},"geometry":{"type":"LineString","coordinates":[[71.3921,50.9598],[71.392,50.9594],[71.3919,50.9593],[71.3912,50.9569],[71.3902,50.9538],[71.3848,50.9364],[71.3789,50.9176],[71.3751,50.9054],[71.3727,50.8976],[71.3711,50.8924],[71.3703,50.8898],[71.3684,50.8838],[71.368,50.8825],[71.368,50.8824],[71.3674,50.8807],[71.3672,50.88],[71.3667,50.8787],[71.3655,50.8757],[71.3639,50.8718],[71.3624,50.8681],[71.3614,50.8654],[71.3612,50.8651],[71.361,50.8642],[71.3609,50.8633],[71.3608,50.8628],[71.3608,50.8627],[71.3605,50.8608],[71.3606,50.8603],[71.3606,50.86],[71.3606,50.8598],[71.3606,50.8595],[71.3607,50.8589],[71.3609,50.8581],[71.3615,50.8563],[71.3622,50.8552],[71.3626,50.8548],[71.3632,50.854],[71.364,50.8532],[71.3644,50.8528],[71.3644,50.8527],[71.3654,50.8517],[71.3658,50.8513],[71.3664,50.8507],[71.367,50.8502],[71.3685,50.8487],[71.3784,50.839],[71.3789,50.8384],[71.3805,50.8369],[71.3883,50.8293],[71.4057,50.8121],[71.4139,50.8042],[71.4184,50.7998],[71.4225,50.7957],[71.4233,50.7948],[71.4235,50.7945],[71.4249,50.793],[71.4268,50.7903],[71.4286,50.7874],[71.4298,50.7853],[71.4313,50.7813],[71.4338,50.7722],[71.4356,50.7655],[71.4362,50.7634],[71.4394,50.7517],[71.4507,50.7114],[71.4675,50.6571]]}},{"type":"Feature","properties":{"c":"major"},"geometry":{"type":"LineString","coordinates":[[71.3922,50.96],[71.3921,50.9598]]}},{"type":"Feature","properties":{"c":"major"},"geometry":{"type":"LineString","coordinates":[[71.3786,51.2056],[71.3782,51.205]]}},{"type":"Feature","properties":{"c":"major"},"geometry":{"type":"LineString","coordinates":[[71.3788,51.2058],[71.3788,51.2058],[71.3787,51.2057],[71.3786,51.2056],[71.3786,51.2056]]}},{"type":"Feature","properties":{"c":"major"},"geometry":{"type":"LineString","coordinates":[[71.5941,51.0947],[71.595,51.0959]]}},{"type":"Feature","properties":{"c":"major"},"geometry":{"type":"LineString","coordinates":[[71.5949,51.0959],[71.5939,51.0947]]}},{"type":"Feature","properties":{"c":"major"},"geometry":{"type":"LineString","coordinates":[[71.612,51.1165],[71.6115,51.1158]]}},{"type":"Feature","properties":{"c":"major"},"geometry":{"type":"LineString","coordinates":[[71.6116,51.1157],[71.6122,51.1164]]}},{"type":"Feature","properties":{"c":"major"},"geometry":{"type":"LineString","coordinates":[[71.5939,51.0947],[71.5937,51.0945],[71.5741,51.0709],[71.5732,51.0699],[71.5723,51.069],[71.5715,51.0681],[71.5708,51.0675],[71.5693,51.0662],[71.5679,51.0651],[71.5668,51.0644]]}},{"type":"Feature","properties":{"c":"major"},"geometry":{"type":"LineString","coordinates":[[71.595,51.0959],[71.5988,51.1004],[71.6011,51.1031],[71.6015,51.1037]]}},{"type":"Feature","properties":{"c":"major"},"geometry":{"type":"LineString","coordinates":[[71.6115,51.1158],[71.6099,51.114],[71.6088,51.1126],[71.6066,51.11],[71.6044,51.1073],[71.6032,51.1059],[71.6029,51.1056],[71.6027,51.1053],[71.6017,51.1041],[71.6016,51.104]]}},{"type":"Feature","properties":{"c":"major"},"geometry":{"type":"LineString","coordinates":[[71.6122,51.1164],[71.6166,51.1217],[71.6183,51.1238],[71.6186,51.1242],[71.6203,51.1262]]}},{"type":"Feature","properties":{"c":"major"},"geometry":{"type":"LineString","coordinates":[[71.6231,51.1295],[71.6234,51.1299]]}},{"type":"Feature","properties":{"c":"major"},"geometry":{"type":"LineString","coordinates":[[71.6233,51.1299],[71.623,51.1296]]}},{"type":"Feature","properties":{"c":"major"},"geometry":{"type":"LineString","coordinates":[[71.623,51.1296],[71.6227,51.1292]]}},{"type":"Feature","properties":{"c":"major"},"geometry":{"type":"LineString","coordinates":[[71.6234,51.1299],[71.6244,51.1311],[71.6279,51.1353],[71.628,51.1354]]}},{"type":"Feature","properties":{"c":"major"},"geometry":{"type":"LineString","coordinates":[[71.3817,51.1298],[71.3822,51.1298],[71.3823,51.1297],[71.3826,51.1297],[71.3835,51.1296],[71.3845,51.1295],[71.3854,51.1294],[71.3917,51.1286],[71.3929,51.1284],[71.3945,51.1282],[71.3955,51.1281],[71.3958,51.1281]]}},{"type":"Feature","properties":{"c":"major"},"geometry":{"type":"LineString","coordinates":[[71.374,51.1631],[71.3733,51.1611],[71.3728,51.1596],[71.3728,51.1593],[71.3725,51.1585],[71.3724,51.1583],[71.3721,51.1574],[71.3715,51.1556],[71.3709,51.1537],[71.3708,51.1534],[71.3705,51.1525],[71.3702,51.1517]]}},{"type":"Feature","properties":{"c":"major"},"geometry":{"type":"LineString","coordinates":[[71.3684,51.1479],[71.3686,51.1479]]}},{"type":"Feature","properties":{"c":"major"},"geometry":{"type":"LineString","coordinates":[[71.3988,51.1683],[71.3985,51.1682],[71.3968,51.168],[71.3948,51.1678]]}},{"type":"Feature","properties":{"c":"major"},"geometry":{"type":"LineString","coordinates":[[71.4416,51.1613],[71.4416,51.1611]]}},{"type":"Feature","properties":{"c":"major"},"geometry":{"type":"LineString","coordinates":[[71.4475,51.1865],[71.4475,51.1865],[71.4474,51.1862],[71.4473,51.1861],[71.4473,51.186]]}},{"type":"Feature","properties":{"c":"major"},"geometry":{"type":"LineString","coordinates":[[71.5085,51.1529],[71.5081,51.153],[71.508,51.1531],[71.5075,51.1532],[71.5074,51.1533],[71.507,51.1534],[71.5069,51.1535],[71.5056,51.154],[71.505,51.1542],[71.5044,51.1544],[71.5032,51.1549],[71.5021,51.1553],[71.5018,51.1554],[71.5011,51.1557],[71.499,51.1565],[71.4981,51.1568],[71.4979,51.1569],[71.4975,51.157],[71.497,51.1572],[71.4969,51.1573],[71.4964,51.1575],[71.4962,51.1576],[71.4947,51.1581]]}},{"type":"Feature","properties":{"c":"major"},"geometry":{"type":"LineString","coordinates":[[71.4869,51.126],[71.4871,51.1261],[71.4876,51.1262],[71.491,51.1272],[71.4912,51.1273],[71.4915,51.1274],[71.496,51.1286],[71.4963,51.1287],[71.497,51.1289]]}},{"type":"Feature","properties":{"c":"major"},"geometry":{"type":"LineString","coordinates":[[71.392,51.1682],[71.3913,51.1685],[71.3911,51.1686],[71.3905,51.1688],[71.3903,51.1689],[71.3901,51.169],[71.3898,51.1691],[71.3896,51.1692],[71.3869,51.1703]]}},{"type":"Feature","properties":{"c":"major"},"geometry":{"type":"LineString","coordinates":[[71.3919,51.1681],[71.3923,51.168],[71.3927,51.1679],[71.3929,51.1678],[71.3934,51.1677],[71.3937,51.1677],[71.3939,51.1677],[71.3946,51.1677],[71.3948,51.1677]]}},{"type":"Feature","properties":{"c":"major"},"geometry":{"type":"LineString","coordinates":[[71.6837,51.1122],[71.684,51.1121],[71.6847,51.1119],[71.686,51.1116],[71.6874,51.1113],[71.6894,51.1108],[71.6904,51.1106],[71.7005,51.1081],[71.7021,51.1077]]}},{"type":"Feature","properties":{"c":"major"},"geometry":{"type":"LineString","coordinates":[[71.4019,51.2261],[71.4027,51.226],[71.4036,51.226],[71.405,51.226],[71.4061,51.2259],[71.4089,51.2258],[71.4093,51.2258],[71.4118,51.2257],[71.4136,51.2257],[71.4166,51.2255],[71.4177,51.2254],[71.4189,51.2253],[71.4194,51.2252],[71.4201,51.2251],[71.4218,51.2248],[71.4233,51.2244],[71.424,51.2243],[71.4249,51.224],[71.4258,51.2237],[71.4268,51.2233],[71.4277,51.2229],[71.4287,51.2225],[71.4302,51.2218],[71.4311,51.2213],[71.4319,51.2208],[71.433,51.22],[71.4369,51.2171],[71.4389,51.2156],[71.439,51.2155],[71.4414,51.2137],[71.4415,51.2136],[71.4436,51.212],[71.4461,51.2102],[71.4463,51.21],[71.447,51.2096],[71.448,51.2088],[71.4492,51.2082],[71.4494,51.2081]]}},{"type":"Feature","properties":{"c":"major"},"geometry":{"type":"LineString","coordinates":[[71.4744,51.1993],[71.4742,51.1993],[71.4737,51.1993],[71.4733,51.1994],[71.4725,51.1995]]}},{"type":"Feature","properties":{"c":"major"},"geometry":{"type":"LineString","coordinates":[[71.3494,51.2517],[71.3476,51.2514],[71.3466,51.2512],[71.3456,51.2509],[71.3444,51.2506],[71.3435,51.2503],[71.343,51.2501],[71.3424,51.2498],[71.3414,51.2494],[71.3405,51.2489],[71.3396,51.2483],[71.339,51.2479],[71.3384,51.2474],[71.3377,51.2468],[71.3372,51.2463],[71.3368,51.2457],[71.3364,51.2452],[71.3316,51.2375],[71.3312,51.2368],[71.3263,51.2289]]}},{"type":"Feature","properties":{"c":"major"},"geometry":{"type":"LineString","coordinates":[[71.3495,51.2516],[71.3505,51.2518]]}},{"type":"Feature","properties":{"c":"major"},"geometry":{"type":"LineString","coordinates":[[71.3504,51.2519],[71.3494,51.2517]]}},{"type":"Feature","properties":{"c":"major"},"geometry":{"type":"LineString","coordinates":[[71.3505,51.2518],[71.3621,51.2537],[71.3665,51.2545],[71.3733,51.2556]]}},{"type":"Feature","properties":{"c":"major"},"geometry":{"type":"LineString","coordinates":[[71.529,51.1448],[71.5291,51.1449]]}},{"type":"Feature","properties":{"c":"major"},"geometry":{"type":"LineString","coordinates":[[71.5302,51.1559],[71.5306,51.1557],[71.5307,51.1557],[71.5316,51.1554],[71.532,51.1552]]}},{"type":"Feature","properties":{"c":"major"},"geometry":{"type":"LineString","coordinates":[[71.537,51.1535],[71.5328,51.1551]]}},{"type":"Feature","properties":{"c":"major"},"geometry":{"type":"LineString","coordinates":[[71.5368,51.1534],[71.5391,51.1526],[71.5397,51.1524],[71.54,51.1523],[71.5403,51.1521],[71.5405,51.1521]]}},{"type":"Feature","properties":{"c":"major"},"geometry":{"type":"LineString","coordinates":[[71.3126,51.1981],[71.3077,51.2004]]}},{"type":"Feature","properties":{"c":"major"},"geometry":{"type":"LineString","coordinates":[[71.308,51.2001],[71.3113,51.1986],[71.3125,51.198],[71.3127,51.1979],[71.3176,51.1955],[71.319,51.195],[71.3204,51.1945],[71.3216,51.1942]]}},{"type":"Feature","properties":{"c":"major"},"geometry":{"type":"LineString","coordinates":[[71.3681,51.148],[71.3681,51.1479]]}},{"type":"Feature","properties":{"c":"major"},"geometry":{"type":"LineString","coordinates":[[71.3685,51.148],[71.3685,51.1482]]}},{"type":"Feature","properties":{"c":"major"},"geometry":{"type":"LineString","coordinates":[[71.4127,51.1895],[71.413,51.1894],[71.4136,51.1892],[71.4138,51.1891]]}},{"type":"Feature","properties":{"c":"major"},"geometry":{"type":"LineString","coordinates":[[71.4138,51.1891],[71.4142,51.189],[71.4148,51.1888],[71.415,51.1888]]}},{"type":"Feature","properties":{"c":"major"},"geometry":{"type":"LineString","coordinates":[[71.4182,51.1773],[71.4182,51.1772],[71.4183,51.1768],[71.4183,51.1768],[71.4183,51.1767]]}},{"type":"Feature","properties":{"c":"major"},"geometry":{"type":"LineString","coordinates":[[71.6218,51.2841],[71.6184,51.2804],[71.6161,51.2778],[71.6151,51.2767],[71.6139,51.2754],[71.6132,51.2746],[71.6116,51.2728],[71.6088,51.2699],[71.6081,51.2691],[71.6073,51.2684],[71.6065,51.2676],[71.6057,51.267],[71.6045,51.266]]}},{"type":"Feature","properties":{"c":"major"},"geometry":{"type":"LineString","coordinates":[[71.4121,51.1462],[71.4117,51.1461],[71.4104,51.146]]}},{"type":"Feature","properties":{"c":"major"},"geometry":{"type":"LineString","coordinates":[[71.412,51.146],[71.4124,51.1461],[71.4137,51.1462]]}},{"type":"Feature","properties":{"c":"major"},"geometry":{"type":"LineString","coordinates":[[71.4296,51.1527],[71.4302,51.1532],[71.4309,51.1537]]}},{"type":"Feature","properties":{"c":"major"},"geometry":{"type":"LineString","coordinates":[[71.4309,51.1537],[71.4315,51.1541]]}},{"type":"Feature","properties":{"c":"major"},"geometry":{"type":"LineString","coordinates":[[71.4305,51.1535],[71.4287,51.1523]]}},{"type":"Feature","properties":{"c":"major"},"geometry":{"type":"LineString","coordinates":[[71.4224,51.1471],[71.4224,51.147],[71.4224,51.147],[71.4223,51.1469],[71.4219,51.1462]]}},{"type":"Feature","properties":{"c":"major"},"geometry":{"type":"LineString","coordinates":[[71.4227,51.1471],[71.4227,51.1471]]}},{"type":"Feature","properties":{"c":"major"},"geometry":{"type":"LineString","coordinates":[[71.424,51.1773],[71.424,51.1774],[71.4239,51.1778]]}},{"type":"Feature","properties":{"c":"major"},"geometry":{"type":"LineString","coordinates":[[71.4536,51.1552],[71.4535,51.1554],[71.453,51.1557],[71.4526,51.156]]}},{"type":"Feature","properties":{"c":"major"},"geometry":{"type":"LineString","coordinates":[[71.4534,51.155],[71.4535,51.155],[71.4535,51.1549],[71.4537,51.1546],[71.454,51.1542]]}},{"type":"Feature","properties":{"c":"major"},"geometry":{"type":"LineString","coordinates":[[71.4337,51.1559],[71.4314,51.1542]]}},{"type":"Feature","properties":{"c":"major"},"geometry":{"type":"LineString","coordinates":[[71.4563,51.1511],[71.4565,51.1512]]}},{"type":"Feature","properties":{"c":"major"},"geometry":{"type":"LineString","coordinates":[[71.4443,51.152],[71.4444,51.1519]]}},{"type":"Feature","properties":{"c":"major"},"geometry":{"type":"LineString","coordinates":[[71.454,51.1192],[71.454,51.1191],[71.4539,51.1189]]}},{"type":"Feature","properties":{"c":"major"},"geometry":{"type":"LineString","coordinates":[[71.4239,51.1165],[71.4237,51.1161],[71.4234,51.1151],[71.4232,51.1147],[71.4232,51.1145]]}},{"type":"Feature","properties":{"c":"major"},"geometry":{"type":"LineString","coordinates":[[71.4526,51.156],[71.4522,51.1563],[71.4518,51.1565],[71.4513,51.1567],[71.4509,51.1568],[71.4506,51.1569],[71.4504,51.157],[71.4495,51.1571],[71.4444,51.1581],[71.4443,51.1581],[71.4434,51.1583],[71.4422,51.1586]]}},{"type":"Feature","properties":{"c":"major"},"geometry":{"type":"LineString","coordinates":[[71.4583,51.1907],[71.4578,51.1905],[71.4552,51.1894],[71.4538,51.1888],[71.453,51.1884],[71.4527,51.1883],[71.4504,51.1874],[71.4502,51.1873],[71.4493,51.1869]]}},{"type":"Feature","properties":{"c":"major"},"geometry":{"type":"LineString","coordinates":[[71.4768,51.1993],[71.4765,51.1993],[71.4763,51.1993],[71.4761,51.1993],[71.4757,51.1993],[71.4751,51.1993],[71.4744,51.1993]]}},{"type":"Feature","properties":{"c":"major"},"geometry":{"type":"LineString","coordinates":[[71.4382,51.1729],[71.4383,51.1729]]}},{"type":"Feature","properties":{"c":"major"},"geometry":{"type":"LineString","coordinates":[[71.4178,51.1788],[71.4177,51.1791],[71.4177,51.1793],[71.4176,51.1795],[71.4175,51.1799],[71.4174,51.1802],[71.4173,51.1805],[71.417,51.1818],[71.4169,51.182],[71.4168,51.1823],[71.4168,51.1824],[71.4168,51.1825]]}},{"type":"Feature","properties":{"c":"major"},"geometry":{"type":"LineString","coordinates":[[71.421,51.1678],[71.421,51.1679],[71.4209,51.1682],[71.4207,51.1688],[71.4206,51.1691],[71.4206,51.1692],[71.4205,51.1694],[71.4202,51.1706],[71.4201,51.1707],[71.4201,51.1708],[71.4201,51.1709],[71.4199,51.1716],[71.4197,51.1723],[71.4197,51.1723],[71.4195,51.1731],[71.4194,51.1732],[71.4194,51.1736],[71.4193,51.1737]]}},{"type":"Feature","properties":{"c":"major"},"geometry":{"type":"LineString","coordinates":[[71.4183,51.1767],[71.4181,51.1766],[71.4177,51.1766],[71.4152,51.1763],[71.4137,51.1761],[71.4135,51.1761],[71.4133,51.1761],[71.412,51.1759],[71.4114,51.1759],[71.4111,51.1758]]}},{"type":"Feature","properties":{"c":"major"},"geometry":{"type":"LineString","coordinates":[[71.4183,51.1767],[71.4184,51.1765]]}},{"type":"Feature","properties":{"c":"major"},"geometry":{"type":"LineString","coordinates":[[71.5915,51.1315],[71.5941,51.131],[71.5985,51.1302],[71.5993,51.1301],[71.6001,51.13],[71.6008,51.1299],[71.603,51.1295],[71.6033,51.1294],[71.6098,51.1283],[71.6122,51.1279],[71.6124,51.1279],[71.6155,51.1274],[71.62,51.1266]]}},{"type":"Feature","properties":{"c":"major"},"geometry":{"type":"LineString","coordinates":[[71.4776,51.1564],[71.4774,51.1564],[71.4773,51.1564],[71.4771,51.1565],[71.4766,51.1567]]}},{"type":"Feature","properties":{"c":"major"},"geometry":{"type":"LineString","coordinates":[[71.5238,51.1397],[71.5222,51.1381],[71.5215,51.1373],[71.5214,51.1372]]}},{"type":"Feature","properties":{"c":"major"},"geometry":{"type":"LineString","coordinates":[[71.5245,51.1404],[71.5238,51.1397]]}},{"type":"Feature","properties":{"c":"major"},"geometry":{"type":"LineString","coordinates":[[71.524,51.1396],[71.5247,51.1404]]}},{"type":"Feature","properties":{"c":"major"},"geometry":{"type":"LineString","coordinates":[[71.529,51.145],[71.5289,51.1449]]}},{"type":"Feature","properties":{"c":"major"},"geometry":{"type":"LineString","coordinates":[[71.5216,51.1371],[71.5217,51.1372]]}},{"type":"Feature","properties":{"c":"major"},"geometry":{"type":"LineString","coordinates":[[71.5205,51.1375],[71.5214,51.1372],[71.5216,51.1371]]}},{"type":"Feature","properties":{"c":"major"},"geometry":{"type":"LineString","coordinates":[[71.5206,51.1376],[71.5204,51.1376],[71.5191,51.138]]}},{"type":"Feature","properties":{"c":"major"},"geometry":{"type":"LineString","coordinates":[[71.5141,51.1366],[71.5157,51.1371],[71.5167,51.1373],[71.517,51.1374],[71.5175,51.1376],[71.5186,51.138]]}},{"type":"Feature","properties":{"c":"major"},"geometry":{"type":"LineString","coordinates":[[71.5326,51.1521],[71.532,51.1515],[71.5313,51.1507]]}},{"type":"Feature","properties":{"c":"major"},"geometry":{"type":"LineString","coordinates":[[71.4094,51.1646],[71.4094,51.1647],[71.4091,51.1654],[71.4091,51.1656],[71.409,51.166],[71.4089,51.1662]]}},{"type":"Feature","properties":{"c":"major"},"geometry":{"type":"LineString","coordinates":[[71.4583,51.1294],[71.4583,51.1295]]}},{"type":"Feature","properties":{"c":"major"},"geometry":{"type":"LineString","coordinates":[[71.4601,51.134],[71.46,51.1339],[71.4599,51.1337],[71.4598,51.1335],[71.4597,51.1334],[71.4595,51.1331],[71.4593,51.1326],[71.4592,51.1323],[71.4592,51.1322],[71.4592,51.1322],[71.4591,51.132],[71.4589,51.1316],[71.4584,51.1302],[71.4582,51.1298],[71.4581,51.1296]]}},{"type":"Feature","properties":{"c":"major"},"geometry":{"type":"LineString","coordinates":[[71.4874,51.1426],[71.4872,51.1426],[71.4857,51.1422],[71.4828,51.1413],[71.4823,51.1412],[71.4821,51.1411],[71.4819,51.1411],[71.4813,51.1409],[71.4779,51.14],[71.4772,51.1398],[71.477,51.1397],[71.4769,51.1397],[71.4767,51.1397],[71.4751,51.1392],[71.4734,51.1387],[71.4725,51.1384],[71.4719,51.1383],[71.4698,51.1377],[71.4688,51.1374],[71.468,51.1372],[71.467,51.1369],[71.4669,51.1369],[71.4666,51.1368],[71.4663,51.1367],[71.466,51.1366],[71.4649,51.1363],[71.4631,51.1358],[71.4628,51.1357],[71.4626,51.1356],[71.4623,51.1355],[71.4622,51.1355],[71.4619,51.1354],[71.4618,51.1353],[71.4617,51.1352],[71.4614,51.1351],[71.461,51.1348],[71.4608,51.1346],[71.4605,51.1345],[71.4604,51.1343],[71.4603,51.1343],[71.4602,51.1342],[71.4601,51.134]]}},{"type":"Feature","properties":{"c":"major"},"geometry":{"type":"LineString","coordinates":[[71.5037,51.1475],[71.5033,51.1472],[71.5032,51.1471],[71.5029,51.1471],[71.5005,51.1464],[71.4976,51.1455],[71.4967,51.1453],[71.4961,51.1451],[71.4958,51.145],[71.4956,51.1449],[71.4932,51.1443],[71.4915,51.1438],[71.4911,51.1437],[71.4892,51.1431],[71.4878,51.1427],[71.4876,51.1427]]}},{"type":"Feature","properties":{"c":"major"},"geometry":{"type":"LineString","coordinates":[[71.5452,51.1358],[71.544,51.1358],[71.5434,51.1358],[71.5426,51.1358],[71.5424,51.1358],[71.5424,51.1358],[71.5418,51.1358]]}},{"type":"Feature","properties":{"c":"major"},"geometry":{"type":"LineString","coordinates":[[71.4955,51.1316],[71.4946,51.1328],[71.4939,51.1338],[71.4938,51.134],[71.4936,51.1342],[71.4918,51.1368],[71.4913,51.1374],[71.4911,51.1377],[71.4892,51.1403],[71.489,51.1407],[71.4881,51.1419],[71.4881,51.142],[71.4877,51.1425],[71.4876,51.1426]]}},{"type":"Feature","properties":{"c":"major"},"geometry":{"type":"LineString","coordinates":[[71.4777,51.1564],[71.4776,51.1564]]}},{"type":"Feature","properties":{"c":"major"},"geometry":{"type":"LineString","coordinates":[[71.4785,51.1574],[71.4783,51.1575],[71.4774,51.1579],[71.4766,51.1582],[71.4754,51.1586],[71.4753,51.1587],[71.4734,51.1593],[71.4733,51.1594],[71.4718,51.1599],[71.471,51.1602],[71.4702,51.1604]]}},{"type":"Feature","properties":{"c":"major"},"geometry":{"type":"LineString","coordinates":[[71.4702,51.1604],[71.4696,51.1607]]}},{"type":"Feature","properties":{"c":"major"},"geometry":{"type":"LineString","coordinates":[[71.4696,51.1607],[71.4692,51.1608],[71.4684,51.1611],[71.4684,51.1611]]}},{"type":"Feature","properties":{"c":"major"},"geometry":{"type":"LineString","coordinates":[[71.4681,51.1612],[71.4681,51.1613],[71.4678,51.1613]]}},{"type":"Feature","properties":{"c":"major"},"geometry":{"type":"LineString","coordinates":[[71.4762,51.1568],[71.476,51.1568],[71.4756,51.1567],[71.4756,51.1567],[71.474,51.1562],[71.4732,51.156],[71.4707,51.1553],[71.4688,51.1547],[71.4685,51.1547],[71.467,51.1542],[71.4668,51.1542]]}},{"type":"Feature","properties":{"c":"major"},"geometry":{"type":"LineString","coordinates":[[71.4761,51.1567],[71.4763,51.1567],[71.4764,51.1567],[71.4766,51.1567]]}},{"type":"Feature","properties":{"c":"major"},"geometry":{"type":"LineString","coordinates":[[71.4766,51.1567],[71.4762,51.1568]]}},{"type":"Feature","properties":{"c":"major"},"geometry":{"type":"LineString","coordinates":[[71.4562,51.1512],[71.4563,51.1511]]}},{"type":"Feature","properties":{"c":"major"},"geometry":{"type":"LineString","coordinates":[[71.3695,50.9933],[71.369,50.9929],[71.3682,50.9922],[71.3673,50.9914],[71.3668,50.9911],[71.3666,50.9908],[71.3658,50.9902],[71.3657,50.9902],[71.3654,50.9899],[71.364,50.9887],[71.3638,50.9885],[71.3636,50.9884],[71.3635,50.9882],[71.3633,50.9881],[71.3629,50.9878],[71.3621,50.9871],[71.3617,50.9868],[71.3614,50.9865],[71.3612,50.9864],[71.3611,50.9863],[71.361,50.9862],[71.3602,50.9856],[71.3592,50.9848],[71.3589,50.9845],[71.3586,50.9842],[71.3583,50.9839],[71.3581,50.9838],[71.3578,50.9835],[71.3575,50.9832],[71.3574,50.9831],[71.3573,50.983],[71.357,50.9826],[71.357,50.9826],[71.3567,50.9822],[71.3566,50.9821],[71.3564,50.9816],[71.3563,50.9815],[71.3562,50.9813],[71.3562,50.9811],[71.3562,50.9811],[71.3562,50.981],[71.356,50.9804],[71.3559,50.9802],[71.3558,50.9798],[71.3557,50.9797],[71.3557,50.9795],[71.3556,50.9792],[71.3553,50.9783],[71.3553,50.9781],[71.3552,50.9779],[71.3551,50.9774],[71.3549,50.9768],[71.3549,50.9767],[71.3547,50.976],[71.3542,50.9745],[71.3542,50.9744],[71.354,50.974],[71.3536,50.9726],[71.3536,50.9724],[71.3535,50.9719],[71.3534,50.9717],[71.3532,50.9709],[71.3531,50.9708]]}},{"type":"Feature","properties":{"c":"major"},"geometry":{"type":"LineString","coordinates":[[71.3961,51.215],[71.3973,51.2145],[71.3982,51.2141],[71.3984,51.2139],[71.3984,51.2139],[71.399,51.2135],[71.3992,51.2134],[71.3998,51.2128],[71.4009,51.2119],[71.4009,51.2119],[71.4017,51.2113],[71.4023,51.2107],[71.4027,51.2104],[71.4031,51.21],[71.4032,51.2099],[71.4035,51.2097],[71.4039,51.2094],[71.404,51.2093],[71.4045,51.2089],[71.4047,51.2087],[71.405,51.2086],[71.4051,51.2086],[71.4056,51.2084],[71.4072,51.208],[71.4079,51.2077],[71.4089,51.2074],[71.4106,51.2069],[71.4117,51.2066],[71.4133,51.2061],[71.414,51.2059]]}},{"type":"Feature","properties":{"c":"major"},"geometry":{"type":"LineString","coordinates":[[71.504,51.1476],[71.504,51.1477]]}},{"type":"Feature","properties":{"c":"major"},"geometry":{"type":"LineString","coordinates":[[71.5042,51.1478],[71.5044,51.1481],[71.5045,51.1482],[71.5055,51.1492],[71.506,51.1497],[71.5061,51.1498],[71.5066,51.1504],[71.5066,51.1504],[71.5074,51.1512],[71.5074,51.1512],[71.5075,51.1512],[71.5076,51.1514],[71.5081,51.1519],[71.5088,51.1527],[71.5089,51.1528]]}},{"type":"Feature","properties":{"c":"major"},"geometry":{"type":"LineString","coordinates":[[71.5087,51.1528],[71.5087,51.1528],[71.508,51.1521],[71.508,51.152],[71.5075,51.1515],[71.5065,51.1505],[71.5062,51.1502],[71.5056,51.1495],[71.5051,51.1489],[71.5049,51.1487],[71.504,51.1479]]}},{"type":"Feature","properties":{"c":"major"},"geometry":{"type":"LineString","coordinates":[[71.5159,51.1499],[71.5174,51.1494],[71.5187,51.1488],[71.5201,51.1483],[71.5215,51.1478],[71.5228,51.1472],[71.5242,51.1467],[71.5255,51.1462],[71.5256,51.1462]]}},{"type":"Feature","properties":{"c":"major"},"geometry":{"type":"LineString","coordinates":[[71.4205,51.1692],[71.4205,51.1691],[71.4209,51.1679],[71.4209,51.1677]]}},{"type":"Feature","properties":{"c":"major"},"geometry":{"type":"LineString","coordinates":[[71.4678,51.1613],[71.4676,51.1614],[71.4673,51.1615],[71.4671,51.1615],[71.4653,51.1621],[71.4642,51.1625],[71.463,51.1628],[71.4624,51.163],[71.4612,51.1634],[71.4605,51.1636],[71.4592,51.164],[71.4582,51.1644],[71.4569,51.1648],[71.4549,51.1654],[71.452,51.1663],[71.4516,51.1665],[71.4503,51.1669],[71.4497,51.1671],[71.4485,51.1674]]}},{"type":"Feature","properties":{"c":"major"},"geometry":{"type":"LineString","coordinates":[[71.4146,51.1638],[71.4146,51.1639],[71.4146,51.1642],[71.4145,51.1643],[71.4144,51.1646],[71.4142,51.1652],[71.4142,51.1653],[71.4142,51.1654],[71.4139,51.1662],[71.4139,51.1664],[71.4138,51.1667],[71.4137,51.1668]]}},{"type":"Feature","properties":{"c":"major"},"geometry":{"type":"LineString","coordinates":[[71.4914,51.205],[71.4914,51.205],[71.4926,51.2055],[71.4936,51.206],[71.4942,51.2062],[71.4946,51.2064],[71.4952,51.2067],[71.4958,51.207],[71.497,51.2075],[71.4978,51.2079],[71.4984,51.2082],[71.4998,51.2088],[71.5006,51.2092],[71.5012,51.2094],[71.5065,51.2119],[71.5068,51.212],[71.5073,51.2122],[71.5085,51.2127],[71.5086,51.2128],[71.5094,51.2132],[71.5095,51.2132],[71.51,51.2134],[71.5106,51.2137],[71.5111,51.2139],[71.5124,51.2146],[71.516,51.2161],[71.5166,51.2164],[71.517,51.2166],[71.5222,51.219],[71.5246,51.2201],[71.531,51.223],[71.5454,51.2295],[71.5502,51.2317]]}},{"type":"Feature","properties":{"c":"major"},"geometry":{"type":"LineString","coordinates":[[71.4933,51.2031],[71.4942,51.2028],[71.4945,51.2027],[71.4969,51.2018],[71.4975,51.2016],[71.498,51.2014],[71.4982,51.2013],[71.5051,51.1987]]}},{"type":"Feature","properties":{"c":"major"},"geometry":{"type":"LineString","coordinates":[[71.4901,51.2046],[71.4895,51.2043],[71.4885,51.2038],[71.4879,51.2035],[71.487,51.2031],[71.4858,51.2026],[71.4853,51.2024],[71.4841,51.2018],[71.4835,51.2016],[71.4833,51.2015],[71.4833,51.2015],[71.4823,51.201],[71.4816,51.2007],[71.4811,51.2005],[71.4786,51.1994],[71.4776,51.1989],[71.4773,51.1988],[71.477,51.1987],[71.4765,51.1984],[71.4764,51.1984],[71.4762,51.1983]]}},{"type":"Feature","properties":{"c":"major"},"geometry":{"type":"LineString","coordinates":[[71.6015,51.1037],[71.6018,51.104]]}},{"type":"Feature","properties":{"c":"major"},"geometry":{"type":"LineString","coordinates":[[71.6016,51.104],[71.6013,51.1036]]}},{"type":"Feature","properties":{"c":"major"},"geometry":{"type":"LineString","coordinates":[[71.6013,51.1036],[71.6009,51.1031],[71.6008,51.103],[71.5985,51.1003],[71.5958,51.0971],[71.5954,51.0966],[71.5949,51.0959]]}},{"type":"Feature","properties":{"c":"major"},"geometry":{"type":"LineString","coordinates":[[71.6018,51.104],[71.6032,51.1056],[71.6034,51.106],[71.6046,51.1074],[71.6068,51.11],[71.609,51.1126],[71.6113,51.1154],[71.6116,51.1157]]}},{"type":"Feature","properties":{"c":"major"},"geometry":{"type":"LineString","coordinates":[[71.4857,51.0775],[71.4861,51.0769],[71.4894,51.0721],[71.4901,51.0714],[71.4909,51.0707],[71.492,51.0699],[71.4935,51.0691],[71.4951,51.0685],[71.4968,51.0679],[71.5014,51.0663],[71.502,51.0661],[71.5022,51.0661],[71.5023,51.066],[71.503,51.0658],[71.5041,51.0652],[71.5047,51.0649],[71.5054,51.0645],[71.5062,51.0638],[71.5069,51.0631],[71.5081,51.0615],[71.51,51.0592],[71.5107,51.0586],[71.5117,51.058],[71.5129,51.0576],[71.5188,51.0563],[71.5192,51.0561],[71.5193,51.0561],[71.5196,51.0557],[71.5221,51.0527],[71.5221,51.0526]]}},{"type":"Feature","properties":{"c":"major"},"geometry":{"type":"LineString","coordinates":[[71.5669,51.0642],[71.568,51.065],[71.5695,51.0662],[71.5709,51.0674],[71.5716,51.0681],[71.5725,51.0689],[71.5734,51.0699],[71.5742,51.0709],[71.5938,51.0944],[71.5941,51.0947]]}},{"type":"Feature","properties":{"c":"major"},"geometry":{"type":"LineString","coordinates":[[71.5668,51.0644],[71.5659,51.0637]]}},{"type":"Feature","properties":{"c":"major"},"geometry":{"type":"LineString","coordinates":[[71.5659,51.0636],[71.5669,51.0642]]}},{"type":"Feature","properties":{"c":"major"},"geometry":{"type":"LineString","coordinates":[[71.5219,51.1591],[71.522,51.159],[71.523,51.1586],[71.5239,51.1583],[71.5252,51.1578],[71.5261,51.1575],[71.5273,51.157],[71.5281,51.1567],[71.5287,51.1565],[71.5294,51.1562],[71.5302,51.1559]]}},{"type":"Feature","properties":{"c":"major"},"geometry":{"type":"LineString","coordinates":[[71.5219,51.1592],[71.517,51.161],[71.517,51.161],[71.5167,51.1611],[71.5115,51.1631],[71.5087,51.1642],[71.5045,51.1657],[71.5025,51.1665],[71.4993,51.1677],[71.4976,51.1683],[71.4923,51.1703],[71.489,51.1716]]}},{"type":"Feature","properties":{"c":"major"},"geometry":{"type":"LineString","coordinates":[[71.3775,51.1721],[71.3775,51.1723]]}},{"type":"Feature","properties":{"c":"major"},"geometry":{"type":"LineString","coordinates":[[71.5056,51.1313],[71.5095,51.1324],[71.5106,51.1327],[71.5118,51.1331],[71.5133,51.1335],[71.5142,51.1338],[71.5144,51.1338],[71.5147,51.1339],[71.5176,51.1348],[71.5184,51.135]]}},{"type":"Feature","properties":{"c":"major"},"geometry":{"type":"LineString","coordinates":[[71.5214,51.1372],[71.5204,51.1361],[71.5201,51.1359]]}},{"type":"Feature","properties":{"c":"major"},"geometry":{"type":"LineString","coordinates":[[71.0299,51.6786],[71.0305,51.6762],[71.0306,51.6758],[71.0314,51.6731],[71.0318,51.6718],[71.0318,51.6714],[71.0335,51.667],[71.0342,51.6648],[71.0347,51.6637],[71.0352,51.6625],[71.0361,51.6611],[71.0369,51.6595],[71.0386,51.6566],[71.0419,51.6505],[71.0451,51.6445],[71.0484,51.6385],[71.05,51.6362],[71.0506,51.6354],[71.0752,51.6068],[71.0765,51.6055],[71.0778,51.6043],[71.0859,51.5977],[71.0898,51.5946],[71.0944,51.591],[71.0969,51.5891],[71.098,51.5879],[71.1006,51.5852],[71.1027,51.5828],[71.1043,51.5807],[71.1144,51.5664],[71.1178,51.5612],[71.1229,51.5533],[71.1246,51.5506],[71.1249,51.5501],[71.1306,51.5417],[71.1331,51.5388],[71.1352,51.5368],[71.1377,51.5348],[71.1704,51.5144],[71.1948,51.4991],[71.2056,51.4926],[71.2111,51.4893],[71.2138,51.4877],[71.2148,51.4871],[71.2155,51.4866],[71.2166,51.486],[71.2174,51.4854],[71.2178,51.4852],[71.2184,51.4848],[71.2198,51.4839],[71.221,51.4831],[71.2221,51.4824],[71.2244,51.4808],[71.2288,51.4778],[71.2299,51.4771],[71.2311,51.4763],[71.2646,51.4536],[71.2663,51.4524],[71.2677,51.4512],[71.2695,51.4495],[71.2711,51.4477],[71.2743,51.4434],[71.2757,51.4416],[71.2816,51.434],[71.3256,51.377],[71.3261,51.3764],[71.3268,51.3752],[71.3277,51.3737],[71.3284,51.3723],[71.3347,51.3554],[71.335,51.3548],[71.3438,51.3312],[71.3498,51.3154],[71.3503,51.3141],[71.3532,51.3065],[71.3548,51.3023],[71.3551,51.3015],[71.3565,51.2978],[71.3584,51.2931],[71.3599,51.2892],[71.36,51.2889],[71.364,51.2788],[71.3683,51.2685],[71.3687,51.2676],[71.3696,51.2656]]}},{"type":"Feature","properties":{"c":"major"},"geometry":{"type":"LineString","coordinates":[[71.4144,51.1333],[71.4143,51.1332]]}},{"type":"Feature","properties":{"c":"major"},"geometry":{"type":"LineString","coordinates":[[71.3068,51.2007],[71.308,51.2001]]}},{"type":"Feature","properties":{"c":"major"},"geometry":{"type":"LineString","coordinates":[[71.307,51.2008],[71.3061,51.2012],[71.3054,51.2016],[71.3047,51.2019],[71.3003,51.204]]}},{"type":"Feature","properties":{"c":"major"},"geometry":{"type":"LineString","coordinates":[[71.4395,51.1294],[71.4393,51.1294]]}},{"type":"Feature","properties":{"c":"major"},"geometry":{"type":"LineString","coordinates":[[71.4108,51.1338],[71.4123,51.1335],[71.414,51.1333],[71.4141,51.1333],[71.4143,51.1332]]}},{"type":"Feature","properties":{"c":"major"},"geometry":{"type":"LineString","coordinates":[[71.5502,51.2317],[71.5534,51.2332]]}},{"type":"Feature","properties":{"c":"major"},"geometry":{"type":"LineString","coordinates":[[71.5534,51.2332],[71.5538,51.2334]]}},{"type":"Feature","properties":{"c":"major"},"geometry":{"type":"LineString","coordinates":[[71.5501,51.2318],[71.5453,51.2296],[71.5309,51.2231],[71.5266,51.2211],[71.5261,51.2209],[71.5245,51.2202],[71.5221,51.2191],[71.5169,51.2167],[71.5127,51.2148],[71.5093,51.2133],[71.5085,51.2129],[71.5073,51.2124],[71.5068,51.2121],[71.5064,51.2119],[71.5011,51.2095],[71.4965,51.2075],[71.4959,51.2072],[71.4955,51.207],[71.4942,51.2064],[71.4932,51.2059],[71.493,51.2058],[71.492,51.2054],[71.4906,51.2048],[71.4901,51.2046]]}},{"type":"Feature","properties":{"c":"major"},"geometry":{"type":"LineString","coordinates":[[71.4683,51.1611],[71.4684,51.161],[71.4695,51.1606]]}},{"type":"Feature","properties":{"c":"major"},"geometry":{"type":"LineString","coordinates":[[71.4684,51.1611],[71.4684,51.1612],[71.4686,51.1615],[71.4691,51.1618],[71.4699,51.1622],[71.4707,51.1627],[71.4718,51.1633],[71.4719,51.1634]]}},{"type":"Feature","properties":{"c":"major"},"geometry":{"type":"LineString","coordinates":[[71.6203,51.1267],[71.6154,51.1275],[71.6135,51.1278],[71.6122,51.1281],[71.6112,51.1282],[71.6029,51.1297],[71.5995,51.1302],[71.5993,51.1303],[71.599,51.1303],[71.5986,51.1304],[71.5962,51.1308],[71.5955,51.1309],[71.5953,51.131],[71.5945,51.1311],[71.5944,51.1311],[71.5935,51.1313],[71.5934,51.1313],[71.5915,51.1316],[71.5913,51.1316],[71.5912,51.1317],[71.5909,51.1317],[71.5908,51.1317],[71.5903,51.1318],[71.5851,51.1327],[71.5831,51.1331],[71.5778,51.134]]}},{"type":"Feature","properties":{"c":"major"},"geometry":{"type":"LineString","coordinates":[[71.4681,51.1612],[71.4681,51.1612],[71.468,51.1611],[71.4679,51.161],[71.4678,51.1609],[71.4677,51.1609],[71.4675,51.1607],[71.467,51.1602],[71.4662,51.1597],[71.4659,51.1596],[71.4655,51.1594],[71.4651,51.1592],[71.4642,51.159],[71.4617,51.1582],[71.4616,51.1582]]}},{"type":"Feature","properties":{"c":"major"},"geometry":{"type":"LineString","coordinates":[[71.3802,51.1767],[71.38,51.1766],[71.3797,51.1762],[71.3793,51.1756],[71.3787,51.1749],[71.3783,51.1742],[71.3779,51.1735],[71.3777,51.1731],[71.3772,51.1723]]}},{"type":"Feature","properties":{"c":"major"},"geometry":{"type":"LineString","coordinates":[[71.3827,51.1714],[71.3824,51.1715]]}},{"type":"Feature","properties":{"c":"major"},"geometry":{"type":"LineString","coordinates":[[71.3823,51.1714],[71.3827,51.1714]]}},{"type":"Feature","properties":{"c":"major"},"geometry":{"type":"LineString","coordinates":[[71.3827,51.1714],[71.3843,51.171],[71.3848,51.1708],[71.3859,51.1706]]}},{"type":"Feature","properties":{"c":"major"},"geometry":{"type":"LineString","coordinates":[[71.5328,51.1521],[71.5338,51.1531]]}},{"type":"Feature","properties":{"c":"major"},"geometry":{"type":"LineString","coordinates":[[71.5344,51.154],[71.5336,51.1531]]}},{"type":"Feature","properties":{"c":"major"},"geometry":{"type":"LineString","coordinates":[[71.5351,51.1546],[71.5344,51.154]]}},{"type":"Feature","properties":{"c":"major"},"geometry":{"type":"LineString","coordinates":[[71.5346,51.1539],[71.5352,51.1546]]}},{"type":"Feature","properties":{"c":"major"},"geometry":{"type":"LineString","coordinates":[[71.5336,51.1531],[71.5326,51.1521]]}},{"type":"Feature","properties":{"c":"major"},"geometry":{"type":"LineString","coordinates":[[71.5338,51.1531],[71.5343,51.1537],[71.5346,51.1539]]}},{"type":"Feature","properties":{"c":"major"},"geometry":{"type":"LineString","coordinates":[[71.4015,51.1934],[71.4012,51.1935]]}},{"type":"Feature","properties":{"c":"major"},"geometry":{"type":"LineString","coordinates":[[71.4876,51.1427],[71.4874,51.1426]]}},{"type":"Feature","properties":{"c":"major"},"geometry":{"type":"LineString","coordinates":[[71.4875,51.1425],[71.4876,51.1426]]}},{"type":"Feature","properties":{"c":"major"},"geometry":{"type":"LineString","coordinates":[[71.4876,51.1426],[71.4879,51.1427],[71.4884,51.1428],[71.4957,51.1449],[71.4958,51.1449],[71.4961,51.145],[71.4977,51.1454],[71.5009,51.1464],[71.5029,51.1469],[71.5033,51.1471],[71.5035,51.1472],[71.5038,51.1475]]}},{"type":"Feature","properties":{"c":"major"},"geometry":{"type":"LineString","coordinates":[[71.4875,51.1425],[71.4876,51.1425],[71.4877,51.1422],[71.4877,51.1422],[71.4884,51.1413]]}},{"type":"Feature","properties":{"c":"major"},"geometry":{"type":"LineString","coordinates":[[71.4876,51.1427],[71.4874,51.1429],[71.4873,51.1431],[71.4868,51.1438],[71.4866,51.144],[71.486,51.1449],[71.4858,51.1452],[71.4856,51.1455],[71.4844,51.1471],[71.4841,51.1475],[71.484,51.1477],[71.4839,51.1478],[71.4836,51.1482],[71.4835,51.1483],[71.4833,51.1487],[71.4828,51.1492],[71.4828,51.1494],[71.4827,51.1495],[71.4825,51.1497],[71.482,51.1504],[71.4819,51.1507],[71.4813,51.1515],[71.481,51.1518],[71.4805,51.1525],[71.4804,51.1527],[71.48,51.1532],[71.4793,51.1542],[71.479,51.1546],[71.4782,51.1557],[71.4779,51.1562],[71.4777,51.1564],[71.4778,51.1565],[71.478,51.1568],[71.4785,51.1573],[71.4785,51.1573]]}},{"type":"Feature","properties":{"c":"major"},"geometry":{"type":"LineString","coordinates":[[71.4874,51.1426],[71.4875,51.1425]]}},{"type":"Feature","properties":{"c":"major"},"geometry":{"type":"LineString","coordinates":[[71.4876,51.1426],[71.4876,51.1427]]}},{"type":"Feature","properties":{"c":"major"},"geometry":{"type":"LineString","coordinates":[[71.4393,51.1689],[71.4397,51.1679],[71.4397,51.1676],[71.4399,51.1671],[71.4399,51.167],[71.4399,51.1669],[71.4401,51.1664],[71.4402,51.1661]]}},{"type":"Feature","properties":{"c":"major"},"geometry":{"type":"LineString","coordinates":[[71.4387,51.1713],[71.439,51.1703],[71.4391,51.1699],[71.4391,51.1698],[71.4391,51.1697],[71.4393,51.1689]]}},{"type":"Feature","properties":{"c":"major"},"geometry":{"type":"LineString","coordinates":[[71.4257,51.1714],[71.4257,51.1714],[71.4257,51.1715],[71.4255,51.1722],[71.4255,51.1723],[71.4255,51.1723],[71.4254,51.1725],[71.4253,51.1727],[71.4252,51.1732],[71.4252,51.1734],[71.425,51.174]]}},{"type":"Feature","properties":{"c":"major"},"geometry":{"type":"LineString","coordinates":[[71.4383,51.1729],[71.4383,51.1728],[71.4387,51.1713]]}},{"type":"Feature","properties":{"c":"major"},"geometry":{"type":"LineString","coordinates":[[71.4786,51.1685],[71.48,51.17]]}},{"type":"Feature","properties":{"c":"major"},"geometry":{"type":"LineString","coordinates":[[71.4784,51.1686],[71.4772,51.1675]]}},{"type":"Feature","properties":{"c":"major"},"geometry":{"type":"LineString","coordinates":[[71.4241,51.1771],[71.4244,51.1772],[71.4252,51.1773],[71.4267,51.1774],[71.4291,51.1777]]}},{"type":"Feature","properties":{"c":"major"},"geometry":{"type":"LineString","coordinates":[[71.4192,51.1737],[71.4193,51.1736],[71.4193,51.1734],[71.4195,51.1729],[71.4198,51.1716],[71.42,51.1709],[71.42,51.1708],[71.4201,51.1707],[71.4201,51.1706],[71.4204,51.1693],[71.4205,51.1692]]}},{"type":"Feature","properties":{"c":"major"},"geometry":{"type":"LineString","coordinates":[[71.5587,51.2357],[71.5552,51.2341],[71.5546,51.2338]]}},{"type":"Feature","properties":{"c":"major"},"geometry":{"type":"LineString","coordinates":[[71.5544,51.2329],[71.5557,51.2305],[71.5568,51.2284],[71.5572,51.2278]]}},{"type":"Feature","properties":{"c":"major"},"geometry":{"type":"LineString","coordinates":[[71.5528,51.2364],[71.5524,51.2372],[71.5517,51.2386],[71.5515,51.2388],[71.5512,51.2392],[71.5511,51.2395]]}},{"type":"Feature","properties":{"c":"major"},"geometry":{"type":"LineString","coordinates":[[71.4633,51.1417],[71.4623,51.1431],[71.4622,51.1432],[71.4621,51.1433],[71.4621,51.1434],[71.4615,51.1443],[71.4608,51.1452],[71.4607,51.1454],[71.4602,51.1461]]}},{"type":"Feature","properties":{"c":"major"},"geometry":{"type":"LineString","coordinates":[[71.4667,51.1541],[71.4667,51.154]]}},{"type":"Feature","properties":{"c":"major"},"geometry":{"type":"LineString","coordinates":[[71.4667,51.1541],[71.4665,51.1541],[71.4659,51.1539],[71.4634,51.1532],[71.4633,51.1532],[71.4632,51.1532],[71.462,51.1528],[71.461,51.1526],[71.4604,51.1524],[71.4581,51.1518],[71.4566,51.1513],[71.4564,51.1513]]}},{"type":"Feature","properties":{"c":"major"},"geometry":{"type":"LineString","coordinates":[[71.4668,51.154],[71.4671,51.1541],[71.4679,51.1543],[71.4682,51.1544],[71.4711,51.1553],[71.4723,51.1556],[71.4725,51.1556],[71.4733,51.1559]]}},{"type":"Feature","properties":{"c":"major"},"geometry":{"type":"LineString","coordinates":[[71.5055,51.147],[71.5062,51.1467],[71.5075,51.1463],[71.508,51.1461],[71.5109,51.145],[71.5111,51.1449],[71.5113,51.1448],[71.5128,51.1442],[71.5144,51.1437],[71.5146,51.1436],[71.5166,51.1428],[71.5168,51.1427],[71.5177,51.1424],[71.5193,51.1418],[71.5201,51.1415],[71.5205,51.1413],[71.5209,51.1411],[71.5216,51.1409],[71.5218,51.1408]]}},{"type":"Feature","properties":{"c":"major"},"geometry":{"type":"LineString","coordinates":[[71.5038,51.1477],[71.504,51.1476]]}},{"type":"Feature","properties":{"c":"major"},"geometry":{"type":"LineString","coordinates":[[71.5211,51.1401],[71.5217,51.1408],[71.5218,51.1408]]}},{"type":"Feature","properties":{"c":"major"},"geometry":{"type":"LineString","coordinates":[[71.5218,51.1408],[71.5218,51.1409]]}},{"type":"Feature","properties":{"c":"major"},"geometry":{"type":"LineString","coordinates":[[71.5226,51.1405],[71.5227,51.1405],[71.5238,51.1401],[71.5245,51.1398]]}},{"type":"Feature","properties":{"c":"major"},"geometry":{"type":"LineString","coordinates":[[71.4087,51.1373],[71.4084,51.1373],[71.4082,51.1373],[71.4079,51.1374],[71.4075,51.1374],[71.4055,51.1377],[71.4039,51.1378],[71.4037,51.1378],[71.4037,51.1378],[71.4025,51.138],[71.4006,51.1382],[71.3994,51.1384],[71.3986,51.1385],[71.398,51.1386],[71.3952,51.139],[71.394,51.1392],[71.3937,51.1392],[71.3936,51.1392]]}},{"type":"Feature","properties":{"c":"major"},"geometry":{"type":"LineString","coordinates":[[71.5722,51.154],[71.5796,51.1549],[71.5811,51.1551],[71.582,51.1552],[71.585,51.1556],[71.5864,51.1559],[71.5878,51.1563],[71.5891,51.1567],[71.59,51.157],[71.5915,51.1575],[71.5919,51.1576],[71.5935,51.1585],[71.6025,51.1633],[71.607,51.1655],[71.6108,51.1675]]}},{"type":"Feature","properties":{"c":"major"},"geometry":{"type":"LineString","coordinates":[[71.5511,51.1502],[71.5521,51.1504],[71.553,51.1506],[71.5574,51.1516],[71.5593,51.1521],[71.5609,51.1524],[71.563,51.1528],[71.5644,51.153],[71.5664,51.1532],[71.5707,51.1537],[71.5722,51.154]]}},{"type":"Feature","properties":{"c":"major"},"geometry":{"type":"LineString","coordinates":[[71.4993,51.1201],[71.4993,51.1203],[71.5002,51.1224],[71.5003,51.1228],[71.5004,51.1229],[71.5004,51.1231],[71.5005,51.1234],[71.5005,51.1238],[71.5005,51.1242],[71.5005,51.1243],[71.5003,51.1246],[71.5002,51.125],[71.5002,51.1251]]}},{"type":"Feature","properties":{"c":"major"},"geometry":{"type":"LineString","coordinates":[[71.4954,51.1315],[71.4955,51.1314],[71.4956,51.1312],[71.4963,51.1303],[71.4965,51.13],[71.497,51.1292],[71.497,51.1292],[71.4971,51.1291]]}},{"type":"Feature","properties":{"c":"major"},"geometry":{"type":"LineString","coordinates":[[71.4884,51.1413],[71.4891,51.1403],[71.4894,51.14]]}},{"type":"Feature","properties":{"c":"major"},"geometry":{"type":"LineString","coordinates":[[71.4894,51.14],[71.4898,51.1393],[71.4908,51.1379],[71.4912,51.1374],[71.4915,51.137],[71.4925,51.1356],[71.493,51.1348]]}},{"type":"Feature","properties":{"c":"major"},"geometry":{"type":"LineString","coordinates":[[71.4092,51.1662],[71.4097,51.1663],[71.4098,51.1663],[71.4098,51.1663]]}},{"type":"Feature","properties":{"c":"major"},"geometry":{"type":"LineString","coordinates":[[71.4137,51.1668],[71.414,51.1668],[71.4146,51.1669],[71.416,51.1671],[71.4162,51.1671],[71.4164,51.1671],[71.4183,51.1674],[71.4188,51.1674],[71.419,51.1675],[71.42,51.1676],[71.4202,51.1676],[71.4208,51.1677],[71.4209,51.1677],[71.421,51.1678],[71.4212,51.1678],[71.4213,51.1678],[71.4224,51.1679],[71.4225,51.1679],[71.4226,51.1679],[71.4239,51.1681],[71.4241,51.1681],[71.4243,51.1681],[71.4255,51.1683],[71.4266,51.1684]]}},{"type":"Feature","properties":{"c":"major"},"geometry":{"type":"LineString","coordinates":[[71.4497,51.1638],[71.4506,51.1635],[71.4514,51.1632],[71.4527,51.1628],[71.4529,51.1628],[71.453,51.1628],[71.4538,51.1625],[71.4546,51.1622],[71.455,51.1621],[71.4561,51.1618]]}},{"type":"Feature","properties":{"c":"major"},"geometry":{"type":"LineString","coordinates":[[71.4295,51.1136],[71.4282,51.1138]]}},{"type":"Feature","properties":{"c":"major"},"geometry":{"type":"LineString","coordinates":[[71.3747,51.1651],[71.3746,51.165],[71.3746,51.1649],[71.374,51.1631]]}},{"type":"Feature","properties":{"c":"major"},"geometry":{"type":"LineString","coordinates":[[71.3743,51.1631],[71.375,51.1651]]}},{"type":"Feature","properties":{"c":"major"},"geometry":{"type":"LineString","coordinates":[[71.375,51.1651],[71.3755,51.1668],[71.3761,51.1683],[71.3767,51.1701],[71.377,51.1712],[71.3771,51.1713],[71.3774,51.172]]}},{"type":"Feature","properties":{"c":"major"},"geometry":{"type":"LineString","coordinates":[[71.3771,51.172],[71.3771,51.172]]}},{"type":"Feature","properties":{"c":"major"},"geometry":{"type":"LineString","coordinates":[[71.622,51.2839],[71.6224,51.2844],[71.6286,51.2911],[71.6293,51.2918],[71.63,51.2925],[71.6311,51.2934],[71.6573,51.3175],[71.6583,51.3185],[71.6604,51.3204],[71.6623,51.3221],[71.6648,51.3244],[71.6665,51.326],[71.6674,51.3268],[71.6682,51.3275],[71.6714,51.3304],[71.6743,51.3331],[71.6746,51.3334],[71.6836,51.3417],[71.689,51.3466],[71.6943,51.3516],[71.6959,51.353],[71.6974,51.3545],[71.6991,51.3558],[71.7006,51.3571],[71.702,51.3585],[71.7028,51.359],[71.7051,51.3609],[71.7065,51.3621],[71.7079,51.3633],[71.7084,51.3637]]}},{"type":"Feature","properties":{"c":"major"},"geometry":{"type":"LineString","coordinates":[[71.8075,51.0574],[71.7954,51.0633],[71.7912,51.0653],[71.7908,51.0655],[71.7907,51.0656],[71.7843,51.0687],[71.7836,51.069],[71.7813,51.0702],[71.7798,51.0709],[71.7785,51.0716],[71.7765,51.0726],[71.7759,51.0729],[71.775,51.0733],[71.772,51.0748],[71.7704,51.0756],[71.7698,51.0759],[71.7689,51.0764],[71.7682,51.0767],[71.7665,51.0775],[71.7645,51.0785],[71.7636,51.079],[71.7635,51.079],[71.7592,51.0812],[71.7579,51.0818],[71.7543,51.0836],[71.7537,51.0839],[71.7519,51.0848],[71.7479,51.0868],[71.7457,51.0879],[71.7451,51.0882],[71.7419,51.0898],[71.7419,51.0898],[71.7405,51.0905],[71.7403,51.0906],[71.7401,51.0907],[71.7362,51.0926],[71.7286,51.0964],[71.7264,51.0975],[71.7219,51.0997],[71.7209,51.1002],[71.7206,51.1004],[71.7205,51.1004],[71.7178,51.1017],[71.7166,51.1023],[71.7145,51.1034],[71.7143,51.1035],[71.7138,51.1037],[71.7128,51.1042],[71.7119,51.1046],[71.7119,51.1046]]}},{"type":"Feature","properties":{"c":"major"},"geometry":{"type":"LineString","coordinates":[[71.4444,51.1519],[71.4446,51.1519]]}},{"type":"Feature","properties":{"c":"major"},"geometry":{"type":"LineString","coordinates":[[71.4446,51.1519],[71.4447,51.1519],[71.4456,51.1519]]}},{"type":"Feature","properties":{"c":"major"},"geometry":{"type":"LineString","coordinates":[[71.4407,51.1642],[71.4408,51.1641],[71.4409,51.1637],[71.4409,51.1636],[71.4411,51.163],[71.4413,51.1622],[71.4416,51.1613]]}},{"type":"Feature","properties":{"c":"major"},"geometry":{"type":"LineString","coordinates":[[71.4105,51.2008],[71.4104,51.2009],[71.4104,51.2011],[71.4104,51.2012],[71.4105,51.2014],[71.4107,51.2016],[71.411,51.2019],[71.4112,51.2022],[71.4115,51.2026],[71.4117,51.2028],[71.4123,51.2036],[71.4123,51.2036],[71.4125,51.2039],[71.4126,51.204],[71.413,51.2045],[71.4132,51.2048],[71.4135,51.2052],[71.4137,51.2054],[71.4138,51.2055],[71.4139,51.2057],[71.414,51.2059]]}},{"type":"Feature","properties":{"c":"major"},"geometry":{"type":"LineString","coordinates":[[71.4106,51.2004],[71.4105,51.2007]]}},{"type":"Feature","properties":{"c":"major"},"geometry":{"type":"LineString","coordinates":[[71.362,51.1327],[71.3624,51.1336],[71.3624,51.1338],[71.3629,51.1349],[71.3629,51.135],[71.3629,51.135],[71.3632,51.1357],[71.364,51.1378],[71.3644,51.1386],[71.3644,51.1387],[71.3648,51.1397],[71.3649,51.1399],[71.3651,51.1404],[71.3651,51.1405],[71.3651,51.1406],[71.3652,51.1407],[71.3653,51.141],[71.3655,51.1415],[71.3658,51.1422],[71.3658,51.1423],[71.366,51.1428],[71.3663,51.1435],[71.3663,51.1436],[71.3664,51.1437],[71.3664,51.1439],[71.3665,51.144],[71.3669,51.1451]]}},{"type":"Feature","properties":{"c":"major"},"geometry":{"type":"LineString","coordinates":[[71.4047,51.1271],[71.4046,51.1271]]}},{"type":"Feature","properties":{"c":"major"},"geometry":{"type":"LineString","coordinates":[[71.4047,51.1269],[71.4047,51.1271]]}},{"type":"Feature","properties":{"c":"major"},"geometry":{"type":"LineString","coordinates":[[71.415,51.1253],[71.4168,51.125],[71.417,51.125],[71.4171,51.125],[71.4178,51.1249],[71.4187,51.1247],[71.419,51.1246],[71.4215,51.1242],[71.4228,51.124],[71.4229,51.124],[71.4232,51.124],[71.4247,51.1237],[71.4261,51.1235],[71.4264,51.1235]]}},{"type":"Feature","properties":{"c":"major"},"geometry":{"type":"LineString","coordinates":[[71.4045,51.127],[71.4044,51.1268],[71.4043,51.1263],[71.4038,51.1249],[71.4035,51.1241],[71.4029,51.1226],[71.4028,51.1222],[71.4027,51.122],[71.4026,51.1216],[71.4025,51.1215],[71.4025,51.1213],[71.4024,51.121],[71.4022,51.1205],[71.4019,51.1197],[71.4017,51.119],[71.4015,51.1185],[71.4012,51.1179],[71.4012,51.1179],[71.4012,51.1177],[71.4011,51.1176],[71.401,51.1173],[71.401,51.1172],[71.4008,51.1166],[71.4007,51.1165],[71.4003,51.1153],[71.4003,51.1153],[71.4,51.1143],[71.4,51.1143],[71.3999,51.1143],[71.3998,51.1138],[71.3997,51.1136],[71.3997,51.1135],[71.3996,51.1134],[71.3996,51.1134],[71.3996,51.1132],[71.3995,51.1131],[71.3995,51.1131],[71.3994,51.1129],[71.3994,51.1126],[71.3986,51.1104],[71.3985,51.1103],[71.3985,51.1102],[71.3984,51.1101],[71.398,51.1089],[71.3975,51.1076],[71.3975,51.1075],[71.3975,51.1075],[71.3966,51.1048],[71.3964,51.1045],[71.3964,51.1044],[71.3964,51.1042],[71.3963,51.1041],[71.3963,51.104],[71.3961,51.1036],[71.3958,51.1028],[71.3955,51.1019],[71.3953,51.1012],[71.3952,51.1009],[71.395,51.1003],[71.3949,51.1003],[71.3949,51.1001],[71.3948,51.1],[71.3948,51.0998],[71.3946,51.0995],[71.3945,51.0992],[71.3937,51.097],[71.3934,51.096],[71.3934,51.0959],[71.3929,51.0947],[71.3929,51.0946],[71.3914,51.0903],[71.3893,51.0846],[71.3892,51.0842],[71.3891,51.0841],[71.3891,51.084],[71.389,51.0838],[71.3889,51.0834],[71.3873,51.0791]]}},{"type":"Feature","properties":{"c":"major"},"geometry":{"type":"LineString","coordinates":[[71.4276,51.1162],[71.4275,51.116],[71.4269,51.1142],[71.4268,51.114]]}},{"type":"Feature","properties":{"c":"major"},"geometry":{"type":"LineString","coordinates":[[71.4326,51.1286],[71.4331,51.1299],[71.4332,51.1302],[71.4332,51.1302],[71.4333,51.1303],[71.4333,51.1303],[71.4333,51.1305],[71.4337,51.1312],[71.434,51.1322],[71.4344,51.133],[71.4344,51.1331],[71.4344,51.1332],[71.4345,51.1333]]}},{"type":"Feature","properties":{"c":"major"},"geometry":{"type":"LineString","coordinates":[[71.4419,51.1587],[71.4419,51.1586]]}},{"type":"Feature","properties":{"c":"major"},"geometry":{"type":"LineString","coordinates":[[71.4419,51.1587],[71.4418,51.1588]]}},{"type":"Feature","properties":{"c":"major"},"geometry":{"type":"LineString","coordinates":[[71.4537,51.1551],[71.4536,51.1552]]}},{"type":"Feature","properties":{"c":"major"},"geometry":{"type":"LineString","coordinates":[[71.4367,51.1785],[71.4368,51.1786],[71.4374,51.1786],[71.4378,51.1787]]}},{"type":"Feature","properties":{"c":"major"},"geometry":{"type":"LineString","coordinates":[[71.3699,51.2657],[71.3695,51.2666],[71.3692,51.2671],[71.3689,51.2678],[71.3686,51.2685],[71.3681,51.2699],[71.3678,51.2703],[71.3675,51.2711],[71.3642,51.2788],[71.36,51.2895],[71.3598,51.29],[71.3568,51.2978],[71.3562,51.2995],[71.3559,51.3001],[71.3556,51.3008],[71.3542,51.3045],[71.3541,51.3049],[71.3534,51.3065],[71.3532,51.3072],[71.3531,51.3073],[71.3528,51.3081],[71.344,51.3313],[71.3363,51.3518],[71.3357,51.3534],[71.3286,51.3723],[71.3279,51.3738],[71.327,51.3753],[71.3263,51.3764],[71.3258,51.377],[71.2818,51.4341],[71.2759,51.4416],[71.2748,51.4431],[71.2713,51.4477],[71.2697,51.4496],[71.2679,51.4513],[71.2665,51.4525],[71.2648,51.4537],[71.2344,51.4742],[71.2319,51.4759],[71.229,51.4779],[71.2224,51.4824],[71.2212,51.4832],[71.2202,51.4838],[71.22,51.484],[71.2185,51.4849],[71.2177,51.4854],[71.2171,51.4858],[71.2157,51.4866],[71.2149,51.4871],[71.214,51.4878],[71.2113,51.4894],[71.2058,51.4927],[71.1949,51.4992],[71.1379,51.5349],[71.1354,51.5369],[71.1333,51.5389],[71.1308,51.5417],[71.1231,51.5533],[71.118,51.5613],[71.1146,51.5664],[71.1046,51.5807],[71.1029,51.5829],[71.1008,51.5853],[71.0982,51.588],[71.0971,51.5891],[71.0969,51.5893],[71.0946,51.5911],[71.0898,51.5949],[71.0861,51.5978],[71.078,51.6044],[71.0767,51.6055],[71.0754,51.6069],[71.0514,51.6347],[71.0508,51.6355],[71.0502,51.6363],[71.0495,51.6373],[71.0487,51.6386],[71.0453,51.6446],[71.0421,51.6506],[71.0386,51.6568],[71.0369,51.6599],[71.0363,51.6611],[71.035,51.6634],[71.0343,51.6652],[71.0336,51.667],[71.0325,51.67],[71.0319,51.6718],[71.031,51.6751],[71.0304,51.6779],[71.0301,51.6786]]}},{"type":"Feature","properties":{"c":"major"},"geometry":{"type":"LineString","coordinates":[[71.3696,51.2656],[71.3699,51.265],[71.3702,51.2642],[71.3705,51.2636],[71.3708,51.2628],[71.3719,51.2604]]}},{"type":"Feature","properties":{"c":"major"},"geometry":{"type":"LineString","coordinates":[[71.4291,51.1777],[71.432,51.178],[71.434,51.1782],[71.4343,51.1783],[71.4365,51.1785],[71.4367,51.1785]]}},{"type":"Feature","properties":{"c":"major"},"geometry":{"type":"LineString","coordinates":[[71.4227,51.1471],[71.4227,51.1472],[71.4227,51.1472],[71.4231,51.1478],[71.4233,51.1481],[71.4235,51.1483],[71.4237,51.1485],[71.4239,51.1487],[71.424,51.1488],[71.424,51.1488],[71.4275,51.1513]]}},{"type":"Feature","properties":{"c":"major"},"geometry":{"type":"LineString","coordinates":[[71.4224,51.1471],[71.4227,51.1471]]}},{"type":"Feature","properties":{"c":"major"},"geometry":{"type":"LineString","coordinates":[[71.4225,51.1471],[71.4224,51.1471]]}},{"type":"Feature","properties":{"c":"major"},"geometry":{"type":"LineString","coordinates":[[71.4225,51.1471],[71.4223,51.1471],[71.4221,51.1471],[71.4213,51.147],[71.4196,51.1469],[71.4177,51.1467],[71.416,51.1465],[71.4149,51.1464],[71.4141,51.1463],[71.4138,51.1463]]}},{"type":"Feature","properties":{"c":"major"},"geometry":{"type":"LineString","coordinates":[[71.4121,51.1462],[71.412,51.146]]}},{"type":"Feature","properties":{"c":"major"},"geometry":{"type":"LineString","coordinates":[[71.421,51.1884],[71.4208,51.1893],[71.4208,51.1895],[71.4208,51.1895],[71.4207,51.19],[71.4207,51.1904],[71.4206,51.1905]]}},{"type":"Feature","properties":{"c":"major"},"geometry":{"type":"LineString","coordinates":[[71.4211,51.1877],[71.421,51.1884]]}},{"type":"Feature","properties":{"c":"major"},"geometry":{"type":"LineString","coordinates":[[71.4067,51.1914],[71.4067,51.1916],[71.4067,51.1916],[71.4067,51.1917],[71.4068,51.1919],[71.4071,51.1923],[71.4074,51.1926]]}},{"type":"Feature","properties":{"c":"major"},"geometry":{"type":"LineString","coordinates":[[71.4067,51.1914],[71.4071,51.1913],[71.4079,51.191],[71.4082,51.1909],[71.4082,51.1909],[71.4088,51.1907],[71.4091,51.1906],[71.4099,51.1904],[71.4101,51.1903]]}},{"type":"Feature","properties":{"c":"major"},"geometry":{"type":"LineString","coordinates":[[71.4684,51.1611],[71.4681,51.1612]]}},{"type":"Feature","properties":{"c":"major"},"geometry":{"type":"LineString","coordinates":[[71.4752,51.1652],[71.4753,51.1652],[71.4767,51.1648]]}},{"type":"Feature","properties":{"c":"major"},"geometry":{"type":"LineString","coordinates":[[71.4564,51.1513],[71.4562,51.1512]]}},{"type":"Feature","properties":{"c":"major"},"geometry":{"type":"LineString","coordinates":[[71.4564,51.1513],[71.4563,51.1514],[71.456,51.1518],[71.4557,51.1523],[71.455,51.1533],[71.4545,51.154]]}},{"type":"Feature","properties":{"c":"major"},"geometry":{"type":"LineString","coordinates":[[71.461,51.1525],[71.4613,51.1526],[71.4625,51.1529],[71.4633,51.1531],[71.4634,51.1531],[71.4635,51.1531],[71.4655,51.1537],[71.4666,51.154],[71.4667,51.154]]}},{"type":"Feature","properties":{"c":"major"},"geometry":{"type":"LineString","coordinates":[[71.4127,51.1699],[71.4127,51.17],[71.4127,51.1701],[71.4124,51.1712],[71.4123,51.1716],[71.4121,51.1723],[71.412,51.1724],[71.412,51.1725],[71.4119,51.1728],[71.4119,51.1729]]}},{"type":"Feature","properties":{"c":"major"},"geometry":{"type":"LineString","coordinates":[[71.4127,51.1699],[71.413,51.1699],[71.4135,51.17],[71.4149,51.1701],[71.4153,51.1702],[71.4154,51.1702],[71.4171,51.1704],[71.4177,51.1705],[71.4179,51.1705],[71.4198,51.1707],[71.4201,51.1707],[71.4201,51.1707],[71.4203,51.1708],[71.4213,51.1709],[71.4216,51.1709],[71.4231,51.1711],[71.4233,51.1711],[71.4235,51.1711],[71.4254,51.1713],[71.4257,51.1714]]}},{"type":"Feature","properties":{"c":"major"},"geometry":{"type":"LineString","coordinates":[[71.4343,51.1334],[71.4342,51.1334],[71.4338,51.1334],[71.4316,51.1338],[71.4311,51.1339],[71.4311,51.1339],[71.4308,51.134]]}},{"type":"Feature","properties":{"c":"major"},"geometry":{"type":"LineString","coordinates":[[71.4734,51.119],[71.4751,51.1188],[71.4752,51.1188],[71.4768,51.1185],[71.4785,51.1182],[71.4789,51.1182],[71.4805,51.1179],[71.4825,51.1176],[71.4841,51.1174]]}},{"type":"Feature","properties":{"c":"major"},"geometry":{"type":"LineString","coordinates":[[71.4763,51.1265],[71.4766,51.1265],[71.4769,51.1265],[71.4772,51.1264],[71.4814,51.1258],[71.4817,51.1257],[71.4834,51.1255]]}},{"type":"Feature","properties":{"c":"major"},"geometry":{"type":"LineString","coordinates":[[71.5285,51.1382],[71.5287,51.1382],[71.5295,51.1379],[71.5303,51.1376],[71.5314,51.1373]]}},{"type":"Feature","properties":{"c":"major"},"geometry":{"type":"LineString","coordinates":[[71.4984,51.1499],[71.4981,51.15],[71.498,51.15],[71.4968,51.1505],[71.4958,51.1509],[71.4945,51.1514],[71.4942,51.1515],[71.4941,51.1515],[71.4918,51.1524],[71.4916,51.1524],[71.4915,51.1525],[71.4893,51.1533],[71.4884,51.1537],[71.4871,51.1542],[71.4864,51.1545],[71.4841,51.1553],[71.4817,51.1562],[71.4787,51.1573],[71.4786,51.1574],[71.4785,51.1574]]}},{"type":"Feature","properties":{"c":"major"},"geometry":{"type":"LineString","coordinates":[[71.4722,51.1462],[71.4724,51.1461],[71.4733,51.1448],[71.4734,51.1447],[71.4734,51.1446],[71.4736,51.1443],[71.4742,51.1436],[71.4747,51.1428],[71.475,51.1424],[71.4752,51.1421],[71.4753,51.142],[71.4756,51.1415],[71.4758,51.1413],[71.4764,51.1404],[71.4768,51.1398],[71.4769,51.1397]]}},{"type":"Feature","properties":{"c":"major"},"geometry":{"type":"LineString","coordinates":[[71.4733,51.1559],[71.474,51.1561],[71.4758,51.1566],[71.4761,51.1567]]}},{"type":"Feature","properties":{"c":"major"},"geometry":{"type":"LineString","coordinates":[[71.4785,51.1573],[71.4787,51.1573],[71.4787,51.1573],[71.4794,51.157],[71.4803,51.1567],[71.4812,51.1563],[71.4816,51.1561],[71.4816,51.1561],[71.4822,51.1559],[71.4828,51.1557],[71.4834,51.1555],[71.484,51.1552],[71.4844,51.1551],[71.4847,51.155],[71.4854,51.1547],[71.4864,51.1544],[71.4865,51.1543],[71.4877,51.1538],[71.4883,51.1536],[71.49,51.153],[71.4915,51.1524],[71.4915,51.1524],[71.4917,51.1523],[71.494,51.1514],[71.4942,51.1514],[71.4944,51.1513],[71.4958,51.1508],[71.4965,51.1505],[71.4967,51.1504],[71.498,51.1499],[71.4983,51.1498],[71.4985,51.1497],[71.4995,51.1493],[71.5013,51.1487],[71.5026,51.1481],[71.5031,51.1479],[71.5033,51.1479]]}},{"type":"Feature","properties":{"c":"major"},"geometry":{"type":"LineString","coordinates":[[71.4605,51.1453],[71.4606,51.1452],[71.4609,51.1447],[71.4619,51.1433],[71.462,51.1432],[71.4621,51.1431],[71.4624,51.1426],[71.4625,51.1425],[71.4627,51.1422],[71.4628,51.1421],[71.4631,51.1417],[71.4635,51.1411]]}},{"type":"Feature","properties":{"c":"major"},"geometry":{"type":"LineString","coordinates":[[71.4281,51.1628],[71.4281,51.1629],[71.428,51.1632],[71.428,51.1633],[71.4278,51.1641],[71.4276,51.1646],[71.4276,51.1647],[71.4274,51.1653],[71.4274,51.1655],[71.4273,51.1657],[71.4272,51.1661],[71.4271,51.1665],[71.4269,51.1671],[71.4269,51.1673],[71.4267,51.1679],[71.4267,51.1679],[71.4266,51.1683],[71.4266,51.1684]]}},{"type":"Feature","properties":{"c":"major"},"geometry":{"type":"LineString","coordinates":[[71.4111,51.1758],[71.4108,51.1758],[71.4101,51.1757],[71.4093,51.1757],[71.4083,51.1756],[71.4067,51.1754]]}},{"type":"Feature","properties":{"c":"major"},"geometry":{"type":"LineString","coordinates":[[71.4107,51.1771],[71.4106,51.1773],[71.4106,51.1774],[71.4104,51.1784],[71.4102,51.179],[71.4101,51.1795],[71.4098,51.1803],[71.4098,51.1805],[71.4097,51.1808],[71.4095,51.1815],[71.4095,51.1816],[71.4095,51.1817],[71.4092,51.1828],[71.4091,51.1832]]}},{"type":"Feature","properties":{"c":"major"},"geometry":{"type":"LineString","coordinates":[[71.4111,51.1757],[71.4114,51.1757],[71.4119,51.1758],[71.412,51.1758],[71.4133,51.1759],[71.4136,51.176],[71.4138,51.176],[71.417,51.1764],[71.4181,51.1765],[71.4182,51.1765],[71.4184,51.1765]]}},{"type":"Feature","properties":{"c":"major"},"geometry":{"type":"LineString","coordinates":[[71.4089,51.1662],[71.4092,51.1662]]}},{"type":"Feature","properties":{"c":"major"},"geometry":{"type":"LineString","coordinates":[[71.4119,51.1729],[71.4118,51.1731],[71.4118,51.1734],[71.4117,51.1736],[71.4115,51.1742]]}},{"type":"Feature","properties":{"c":"major"},"geometry":{"type":"LineString","coordinates":[[71.4144,51.1333],[71.4141,51.1333],[71.413,51.1335],[71.4127,51.1336],[71.4108,51.1338]]}},{"type":"Feature","properties":{"c":"major"},"geometry":{"type":"LineString","coordinates":[[71.4284,51.1281],[71.4282,51.1275],[71.4278,51.1264],[71.4277,51.1263],[71.4277,51.1262],[71.4277,51.1261],[71.4275,51.1257],[71.4273,51.1252],[71.4272,51.1249],[71.4271,51.1246]]}},{"type":"Feature","properties":{"c":"major"},"geometry":{"type":"LineString","coordinates":[[71.4294,51.1305],[71.4288,51.1291],[71.4288,51.1291],[71.4286,51.1286],[71.4284,51.1281]]}},{"type":"Feature","properties":{"c":"major"},"geometry":{"type":"LineString","coordinates":[[71.4258,51.1215],[71.4256,51.1209],[71.4255,51.1206],[71.4251,51.1198],[71.4249,51.1191],[71.4247,51.1187]]}},{"type":"Feature","properties":{"c":"major"},"geometry":{"type":"LineString","coordinates":[[71.4266,51.1234],[71.4267,51.1234]]}},{"type":"Feature","properties":{"c":"major"},"geometry":{"type":"LineString","coordinates":[[71.4284,51.1619],[71.4284,51.162],[71.4281,51.1628]]}},{"type":"Feature","properties":{"c":"major"},"geometry":{"type":"LineString","coordinates":[[71.5359,51.1137],[71.5358,51.1136],[71.5356,51.1129],[71.5355,51.1127],[71.5353,51.1122],[71.5352,51.1121],[71.5351,51.1117],[71.5348,51.1111],[71.5347,51.1108],[71.5345,51.1102],[71.5345,51.1102],[71.5342,51.1096],[71.5342,51.1095]]}},{"type":"Feature","properties":{"c":"major"},"geometry":{"type":"LineString","coordinates":[[71.5276,51.1107],[71.5265,51.1109],[71.5261,51.1109],[71.5244,51.1112],[71.5226,51.1115],[71.5208,51.1117],[71.5196,51.1119],[71.5189,51.112],[71.5186,51.1121],[71.5183,51.1121],[71.5178,51.1122],[71.5164,51.1124],[71.5146,51.1127],[71.5133,51.1129],[71.5124,51.113],[71.5123,51.1131],[71.5122,51.1131],[71.5112,51.1132],[71.51,51.1134],[71.5099,51.1134],[71.5085,51.1137],[71.5052,51.1142],[71.5036,51.1144]]}},{"type":"Feature","properties":{"c":"major"},"geometry":{"type":"LineString","coordinates":[[71.3684,51.1479],[71.3685,51.148]]}},{"type":"Feature","properties":{"c":"major"},"geometry":{"type":"LineString","coordinates":[[71.3682,51.1481],[71.3681,51.148]]}},{"type":"Feature","properties":{"c":"major"},"geometry":{"type":"LineString","coordinates":[[71.3685,51.148],[71.3682,51.1481]]}},{"type":"Feature","properties":{"c":"major"},"geometry":{"type":"LineString","coordinates":[[71.3428,51.1465],[71.3426,51.1464],[71.341,51.1461],[71.3383,51.1456],[71.3377,51.1454],[71.3376,51.1454],[71.3372,51.1453],[71.3353,51.145],[71.3336,51.1446],[71.3326,51.1444],[71.3317,51.1442],[71.3306,51.1438],[71.3295,51.1434],[71.329,51.1432],[71.3283,51.143],[71.3277,51.1427],[71.3276,51.1426],[71.327,51.1424],[71.3261,51.1419],[71.3247,51.141],[71.3241,51.1406],[71.3191,51.1376]]}},{"type":"Feature","properties":{"c":"major"},"geometry":{"type":"LineString","coordinates":[[71.3681,51.148],[71.3684,51.1479]]}},{"type":"Feature","properties":{"c":"major"},"geometry":{"type":"LineString","coordinates":[[71.3896,51.1774],[71.3897,51.1774],[71.3912,51.177],[71.3923,51.1768],[71.3935,51.1765],[71.3966,51.1759],[71.3977,51.1757],[71.3978,51.1757],[71.3984,51.1756],[71.3994,51.1754],[71.3995,51.1753],[71.4002,51.1752],[71.4013,51.175],[71.4019,51.1749],[71.4022,51.1749],[71.4023,51.1749],[71.4027,51.1749],[71.4031,51.1749],[71.4032,51.1749],[71.4033,51.1749],[71.4035,51.1749],[71.4038,51.1749],[71.4046,51.175],[71.4061,51.1752]]}},{"type":"Feature","properties":{"c":"major"},"geometry":{"type":"LineString","coordinates":[[71.3771,51.172],[71.3774,51.172]]}},{"type":"Feature","properties":{"c":"major"},"geometry":{"type":"LineString","coordinates":[[71.3775,51.1721],[71.3772,51.1721]]}},{"type":"Feature","properties":{"c":"major"},"geometry":{"type":"LineString","coordinates":[[71.3824,51.1715],[71.381,51.1718],[71.3805,51.1719],[71.3802,51.172],[71.3801,51.172],[71.3797,51.172],[71.3792,51.1721],[71.3791,51.1721],[71.379,51.1721],[71.3782,51.1721],[71.3777,51.1721]]}},{"type":"Feature","properties":{"c":"major"},"geometry":{"type":"LineString","coordinates":[[71.3772,51.1721],[71.3771,51.172]]}},{"type":"Feature","properties":{"c":"major"},"geometry":{"type":"LineString","coordinates":[[71.3774,51.172],[71.3775,51.1721]]}},{"type":"Feature","properties":{"c":"major"},"geometry":{"type":"LineString","coordinates":[[71.4774,51.1987],[71.4773,51.1988],[71.477,51.1992]]}},{"type":"Feature","properties":{"c":"major"},"geometry":{"type":"LineString","coordinates":[[71.4769,51.1992],[71.4769,51.1992],[71.477,51.1992],[71.477,51.1992],[71.4771,51.1992],[71.4771,51.1993],[71.4772,51.1993],[71.4772,51.1993],[71.4772,51.1994],[71.4772,51.1994],[71.4771,51.1994],[71.4771,51.1995],[71.477,51.1995],[71.4769,51.1995],[71.4769,51.1994],[71.4768,51.1994],[71.4768,51.1994],[71.4768,51.1993],[71.4768,51.1993],[71.4768,51.1993],[71.4768,51.1993],[71.4769,51.1992]]}},{"type":"Feature","properties":{"c":"major"},"geometry":{"type":"LineString","coordinates":[[71.4808,51.1743],[71.4854,51.1727],[71.4872,51.172],[71.4873,51.172],[71.488,51.1717]]}},{"type":"Feature","properties":{"c":"major"},"geometry":{"type":"LineString","coordinates":[[71.5286,51.1383],[71.5283,51.1384],[71.5277,51.1386],[71.5267,51.139],[71.5257,51.1394],[71.5252,51.1396],[71.525,51.1397],[71.5239,51.1401],[71.5227,51.1406],[71.5224,51.1407],[71.5218,51.1409],[71.5208,51.1413],[71.5193,51.1419],[71.5183,51.1423],[71.5167,51.1429],[71.5148,51.1436],[71.5139,51.1439],[71.5126,51.1444],[71.5113,51.1449],[71.5111,51.145],[71.511,51.1451],[71.5076,51.1464],[71.5056,51.1471]]}},{"type":"Feature","properties":{"c":"major"},"geometry":{"type":"LineString","coordinates":[[71.4378,51.152],[71.438,51.152],[71.4403,51.1519],[71.4405,51.1519],[71.4408,51.1519],[71.4415,51.1519]]}},{"type":"Feature","properties":{"c":"major"},"geometry":{"type":"LineString","coordinates":[[71.4185,51.1765],[71.4187,51.1765],[71.4194,51.1766],[71.4207,51.1768],[71.4214,51.1768],[71.4216,51.1769]]}},{"type":"Feature","properties":{"c":"major"},"geometry":{"type":"LineString","coordinates":[[71.4185,51.1765],[71.4185,51.1767]]}},{"type":"Feature","properties":{"c":"major"},"geometry":{"type":"LineString","coordinates":[[71.4182,51.1773],[71.4182,51.1775],[71.4181,51.1779],[71.418,51.178],[71.418,51.1781],[71.4178,51.1788]]}},{"type":"Feature","properties":{"c":"major"},"geometry":{"type":"LineString","coordinates":[[71.4185,51.1767],[71.4183,51.1767]]}},{"type":"Feature","properties":{"c":"major"},"geometry":{"type":"LineString","coordinates":[[71.4184,51.1765],[71.4185,51.1765]]}},{"type":"Feature","properties":{"c":"major"},"geometry":{"type":"LineString","coordinates":[[71.4209,51.1677],[71.421,51.1676]]}},{"type":"Feature","properties":{"c":"major"},"geometry":{"type":"LineString","coordinates":[[71.421,51.1676],[71.421,51.1678]]}},{"type":"Feature","properties":{"c":"major"},"geometry":{"type":"LineString","coordinates":[[71.4971,51.1291],[71.4972,51.129],[71.4973,51.1288],[71.498,51.1278],[71.4981,51.1277],[71.4985,51.1271],[71.4986,51.127],[71.4987,51.1267],[71.4988,51.1267]]}},{"type":"Feature","properties":{"c":"major"},"geometry":{"type":"LineString","coordinates":[[71.4973,51.129],[71.4972,51.1291]]}},{"type":"Feature","properties":{"c":"major"},"geometry":{"type":"LineString","coordinates":[[71.4972,51.1291],[71.4971,51.1291]]}},{"type":"Feature","properties":{"c":"major"},"geometry":{"type":"LineString","coordinates":[[71.4252,51.1096],[71.4251,51.1093],[71.4248,51.1084],[71.4245,51.1078],[71.4244,51.1075],[71.4239,51.106],[71.4237,51.1053],[71.4236,51.1052]]}},{"type":"Feature","properties":{"c":"major"},"geometry":{"type":"LineString","coordinates":[[71.4098,51.1663],[71.4103,51.1664],[71.4111,51.1665],[71.4122,51.1666],[71.4127,51.1667],[71.4135,51.1668],[71.4137,51.1668]]}},{"type":"Feature","properties":{"c":"major"},"geometry":{"type":"LineString","coordinates":[[71.413,51.1692],[71.4129,51.1695],[71.4128,51.1695],[71.4128,51.1698],[71.4127,51.1699]]}},{"type":"Feature","properties":{"c":"major"},"geometry":{"type":"LineString","coordinates":[[71.3834,51.1788],[71.3837,51.1788],[71.3838,51.1788],[71.384,51.1788],[71.3844,51.1787],[71.3847,51.1787],[71.3857,51.1784],[71.3863,51.1783],[71.3875,51.178],[71.3881,51.1778],[71.3896,51.1774]]}},{"type":"Feature","properties":{"c":"major"},"geometry":{"type":"LineString","coordinates":[[71.4061,51.1754],[71.4041,51.1751],[71.4037,51.1751],[71.4034,51.1751],[71.4033,51.1751],[71.403,51.175],[71.4026,51.175],[71.4026,51.175],[71.4022,51.175],[71.4022,51.175],[71.4017,51.1751],[71.3977,51.1759],[71.3974,51.1759],[71.3973,51.1759],[71.3966,51.176],[71.3955,51.1763],[71.3951,51.1764],[71.3936,51.1766],[71.3897,51.1776]]}},{"type":"Feature","properties":{"c":"major"},"geometry":{"type":"LineString","coordinates":[[71.4271,51.0956],[71.4269,51.0956]]}},{"type":"Feature","properties":{"c":"major"},"geometry":{"type":"LineString","coordinates":[[71.4494,51.0924],[71.4481,51.0926],[71.4479,51.0926],[71.4479,51.0926],[71.4475,51.0927],[71.4463,51.0928],[71.4432,51.0933],[71.4432,51.0933],[71.4429,51.0933],[71.4423,51.0934],[71.4419,51.0935],[71.4406,51.0936],[71.44,51.0937],[71.4399,51.0937],[71.438,51.094],[71.4378,51.094],[71.4376,51.0941],[71.4367,51.0942],[71.4366,51.0942],[71.4364,51.0942],[71.4364,51.0942],[71.4362,51.0943],[71.436,51.0943],[71.4349,51.0944],[71.4349,51.0945],[71.4338,51.0946],[71.4337,51.0946],[71.4309,51.095],[71.4307,51.0951],[71.4306,51.0951],[71.4304,51.0951],[71.4301,51.0951],[71.4298,51.0952],[71.4297,51.0952],[71.4295,51.0952],[71.4285,51.0954],[71.4272,51.0955],[71.4272,51.0956],[71.4271,51.0956]]}},{"type":"Feature","properties":{"c":"major"},"geometry":{"type":"LineString","coordinates":[[71.427,51.0955],[71.4271,51.0956]]}},{"type":"Feature","properties":{"c":"major"},"geometry":{"type":"LineString","coordinates":[[71.4154,51.0632],[71.4157,51.064],[71.4177,51.0694],[71.4177,51.0696],[71.4178,51.0697],[71.4182,51.071],[71.4183,51.0713],[71.4186,51.0722],[71.4188,51.0726],[71.4189,51.0729],[71.4191,51.0734],[71.4192,51.0738],[71.4198,51.0754],[71.4198,51.0754],[71.4204,51.0772],[71.4205,51.0775],[71.4206,51.0775],[71.4207,51.0779],[71.4208,51.0782],[71.421,51.0787],[71.421,51.0787],[71.4212,51.0792],[71.4212,51.0793],[71.4212,51.0794],[71.4213,51.0796],[71.4213,51.0797],[71.4215,51.0801],[71.4222,51.0821],[71.4224,51.0826],[71.4225,51.083],[71.4226,51.0832],[71.4226,51.0832],[71.4227,51.0834]]}},{"type":"Feature","properties":{"c":"major"},"geometry":{"type":"LineString","coordinates":[[71.4269,51.0956],[71.4268,51.0955]]}},{"type":"Feature","properties":{"c":"major"},"geometry":{"type":"LineString","coordinates":[[71.4268,51.0955],[71.4268,51.0954],[71.4265,51.0946],[71.4264,51.0942],[71.4263,51.0939],[71.4259,51.093],[71.4258,51.0925],[71.4255,51.0917],[71.4253,51.0913],[71.4253,51.0913],[71.4253,51.0912],[71.4253,51.0911],[71.4252,51.0909],[71.4251,51.0906],[71.4249,51.0902],[71.4246,51.0893],[71.4242,51.0881],[71.4241,51.0878],[71.4238,51.087],[71.4238,51.087],[71.4237,51.0868],[71.4237,51.0867],[71.4236,51.0866],[71.4235,51.0862],[71.423,51.0847],[71.4228,51.0844],[71.4226,51.0836],[71.4225,51.0835],[71.4225,51.0835]]}},{"type":"Feature","properties":{"c":"major"},"geometry":{"type":"LineString","coordinates":[[71.4225,51.0835],[71.4225,51.0834],[71.4224,51.0833],[71.4223,51.0828],[71.4216,51.0809],[71.4213,51.0803],[71.4211,51.0797],[71.4211,51.0797],[71.4211,51.0796],[71.421,51.0794],[71.421,51.0793],[71.4208,51.0789],[71.4207,51.0785],[71.4206,51.0783],[71.4204,51.0776],[71.4203,51.0775],[71.4202,51.0772],[71.4196,51.0755],[71.4196,51.0755],[71.4195,51.0752],[71.4192,51.0743],[71.4187,51.073],[71.4187,51.0729],[71.4185,51.0722],[71.4181,51.0711],[71.4179,51.0707],[71.4177,51.07],[71.4175,51.0697],[71.4175,51.0696],[71.4174,51.0694],[71.4171,51.0684],[71.4164,51.0665],[71.4161,51.0656],[71.4155,51.0641],[71.4152,51.0633]]}},{"type":"Feature","properties":{"c":"major"},"geometry":{"type":"LineString","coordinates":[[71.3936,51.139],[71.3949,51.1388],[71.3966,51.1386],[71.3975,51.1384],[71.398,51.1384],[71.3996,51.1381],[71.4005,51.138],[71.4024,51.1378],[71.4035,51.1376],[71.4036,51.1376],[71.4038,51.1376],[71.4044,51.1375],[71.4054,51.1374],[71.4056,51.1374],[71.4064,51.1373],[71.4068,51.1373],[71.4078,51.1372],[71.4082,51.1372],[71.4083,51.1371],[71.4086,51.1371]]}},{"type":"Feature","properties":{"c":"major"},"geometry":{"type":"LineString","coordinates":[[71.4108,51.1338],[71.4102,51.1339],[71.4095,51.134]]}},{"type":"Feature","properties":{"c":"major"},"geometry":{"type":"LineString","coordinates":[[71.4095,51.134],[71.4108,51.1338]]}},{"type":"Feature","properties":{"c":"major"},"geometry":{"type":"LineString","coordinates":[[71.4078,51.1343],[71.4086,51.1341],[71.4087,51.1341],[71.4095,51.134]]}},{"type":"Feature","properties":{"c":"major"},"geometry":{"type":"LineString","coordinates":[[71.395,51.1],[71.3951,51.1001]]}},{"type":"Feature","properties":{"c":"major"},"geometry":{"type":"LineString","coordinates":[[71.3951,51.1001],[71.3951,51.1003],[71.3953,51.1008],[71.3954,51.101],[71.3956,51.1017],[71.3957,51.1018],[71.3957,51.1018],[71.396,51.1027],[71.3962,51.1033],[71.3963,51.1034],[71.3964,51.1037],[71.3965,51.104],[71.3965,51.104],[71.3966,51.1042],[71.3966,51.1044],[71.3968,51.1049],[71.397,51.1053],[71.3977,51.1074],[71.3977,51.1074],[71.3978,51.1075],[71.3982,51.1088],[71.3987,51.11],[71.3987,51.1102],[71.3988,51.1103],[71.3988,51.1103],[71.3995,51.1123],[71.3996,51.1126],[71.3997,51.113],[71.3998,51.113],[71.3998,51.1132],[71.3999,51.1133],[71.3999,51.1135],[71.4,51.1139],[71.4001,51.1141],[71.4002,51.1142],[71.4002,51.1143],[71.4002,51.1143],[71.4003,51.1146],[71.4004,51.1149],[71.4006,51.1154],[71.4007,51.1157],[71.401,51.1164],[71.4013,51.1173],[71.4013,51.1173],[71.4013,51.1175]]}},{"type":"Feature","properties":{"c":"major"},"geometry":{"type":"LineString","coordinates":[[71.3951,51.1001],[71.3949,51.1001]]}},{"type":"Feature","properties":{"c":"major"},"geometry":{"type":"LineString","coordinates":[[71.3948,51.1],[71.395,51.1]]}},{"type":"Feature","properties":{"c":"major"},"geometry":{"type":"LineString","coordinates":[[71.4833,51.1625],[71.4822,51.1629],[71.482,51.163],[71.4812,51.1633],[71.481,51.1634],[71.4804,51.1636],[71.4801,51.1637],[71.4798,51.1638],[71.4794,51.164],[71.4788,51.1641],[71.4783,51.1643]]}},{"type":"Feature","properties":{"c":"major"},"geometry":{"type":"LineString","coordinates":[[71.4402,51.1661],[71.4403,51.1656],[71.4404,51.1653],[71.4404,51.1653],[71.4405,51.1651],[71.4406,51.1646],[71.4407,51.1643],[71.4407,51.1642],[71.4407,51.1642]]}},{"type":"Feature","properties":{"c":"major"},"geometry":{"type":"LineString","coordinates":[[71.4407,51.1642],[71.4409,51.1642]]}},{"type":"Feature","properties":{"c":"major"},"geometry":{"type":"LineString","coordinates":[[71.3889,51.2209],[71.3888,51.2209],[71.3886,51.2208],[71.3883,51.2207],[71.3879,51.2205],[71.3874,51.2202],[71.3863,51.2196],[71.3833,51.2179],[71.383,51.2178]]}},{"type":"Feature","properties":{"c":"major"},"geometry":{"type":"LineString","coordinates":[[71.4376,51.1248],[71.4377,51.1249],[71.4377,51.1249],[71.4389,51.128],[71.4394,51.1291],[71.4394,51.1292],[71.4395,51.1293]]}},{"type":"Feature","properties":{"c":"major"},"geometry":{"type":"LineString","coordinates":[[71.499,51.1199],[71.4989,51.1198],[71.4988,51.1195],[71.4987,51.1193],[71.4981,51.1177],[71.4975,51.1162],[71.4974,51.116],[71.4973,51.1157],[71.4972,51.1156],[71.4972,51.1154],[71.4972,51.1153]]}},{"type":"Feature","properties":{"c":"major"},"geometry":{"type":"LineString","coordinates":[[71.4992,51.1199],[71.4992,51.12]]}},{"type":"Feature","properties":{"c":"major"},"geometry":{"type":"LineString","coordinates":[[71.4061,51.1752],[71.4064,51.1752],[71.4068,51.1753]]}},{"type":"Feature","properties":{"c":"major"},"geometry":{"type":"LineString","coordinates":[[71.4067,51.1754],[71.4064,51.1754],[71.4061,51.1754]]}},{"type":"Feature","properties":{"c":"major"},"geometry":{"type":"LineString","coordinates":[[71.4184,51.1765],[71.4184,51.1763],[71.4185,51.176],[71.4188,51.175],[71.4191,51.1742],[71.4192,51.1738],[71.4192,51.1737]]}},{"type":"Feature","properties":{"c":"major"},"geometry":{"type":"LineString","coordinates":[[71.4193,51.1737],[71.4193,51.1738],[71.4188,51.1755],[71.4187,51.176],[71.4186,51.1763],[71.4186,51.1764],[71.4185,51.1765]]}},{"type":"Feature","properties":{"c":"major"},"geometry":{"type":"LineString","coordinates":[[71.4303,51.1231],[71.4302,51.1229]]}},{"type":"Feature","properties":{"c":"major"},"geometry":{"type":"LineString","coordinates":[[71.4166,51.097],[71.4163,51.0971],[71.4122,51.0977],[71.4122,51.0977],[71.4118,51.0977],[71.4117,51.0977]]}},{"type":"Feature","properties":{"c":"major"},"geometry":{"type":"LineString","coordinates":[[71.4116,51.0978],[71.4114,51.0978]]}},{"type":"Feature","properties":{"c":"major"},"geometry":{"type":"LineString","coordinates":[[71.4269,51.0956],[71.4267,51.0956],[71.4255,51.0958],[71.4213,51.0964],[71.4209,51.0964],[71.4208,51.0964],[71.4207,51.0965],[71.4205,51.0965]]}},{"type":"Feature","properties":{"c":"major"},"geometry":{"type":"LineString","coordinates":[[71.499,51.12],[71.499,51.1199]]}},{"type":"Feature","properties":{"c":"major"},"geometry":{"type":"LineString","coordinates":[[71.4973,51.1153],[71.4974,51.1154],[71.4974,51.1155],[71.4975,51.1157],[71.4975,51.1159],[71.4978,51.1164],[71.4983,51.1177],[71.4988,51.1189],[71.4989,51.1192],[71.4991,51.1198],[71.4992,51.1199]]}},{"type":"Feature","properties":{"c":"major"},"geometry":{"type":"LineString","coordinates":[[71.5188,51.138],[71.519,51.1379]]}},{"type":"Feature","properties":{"c":"major"},"geometry":{"type":"LineString","coordinates":[[71.4315,51.1086],[71.4314,51.1083],[71.4314,51.1082],[71.4309,51.1069]]}},{"type":"Feature","properties":{"c":"major"},"geometry":{"type":"LineString","coordinates":[[71.4271,51.0956],[71.4271,51.0956],[71.4272,51.096],[71.4277,51.0972],[71.4283,51.0992],[71.4284,51.0992],[71.4285,51.0997],[71.4286,51.0998],[71.4286,51.0998]]}},{"type":"Feature","properties":{"c":"major"},"geometry":{"type":"LineString","coordinates":[[71.4293,51.1205],[71.4292,51.1204],[71.429,51.1197],[71.4284,51.1183],[71.4276,51.1163],[71.4276,51.1162]]}},{"type":"Feature","properties":{"c":"major"},"geometry":{"type":"LineString","coordinates":[[71.3619,51.1324],[71.3619,51.1325]]}},{"type":"Feature","properties":{"c":"major"},"geometry":{"type":"LineString","coordinates":[[71.4284,51.1628],[71.4296,51.1629],[71.4314,51.1631],[71.432,51.1632],[71.4322,51.1632],[71.4324,51.1632],[71.4336,51.1634],[71.4349,51.1635],[71.4351,51.1635],[71.4353,51.1636],[71.4366,51.1637],[71.438,51.1639],[71.4382,51.1639],[71.4384,51.1639],[71.4395,51.164],[71.4406,51.1642],[71.4407,51.1642]]}},{"type":"Feature","properties":{"c":"major"},"geometry":{"type":"LineString","coordinates":[[71.412,51.1201],[71.412,51.12],[71.4119,51.1191],[71.4118,51.1186]]}},{"type":"Feature","properties":{"c":"major"},"geometry":{"type":"LineString","coordinates":[[71.4418,51.1608],[71.4421,51.1596],[71.4421,51.1594],[71.4421,51.1593]]}},{"type":"Feature","properties":{"c":"major"},"geometry":{"type":"LineString","coordinates":[[71.4666,51.1573],[71.4665,51.1575],[71.4662,51.1578],[71.4659,51.1581],[71.4656,51.1584],[71.4654,51.1586],[71.4651,51.1588],[71.4647,51.1589],[71.4643,51.1592],[71.4641,51.1593],[71.4638,51.1594],[71.4625,51.1598]]}},{"type":"Feature","properties":{"c":"major"},"geometry":{"type":"LineString","coordinates":[[71.4247,51.1187],[71.4246,51.1185]]}},{"type":"Feature","properties":{"c":"major"},"geometry":{"type":"LineString","coordinates":[[71.4244,51.118],[71.4242,51.1175]]}},{"type":"Feature","properties":{"c":"major"},"geometry":{"type":"LineString","coordinates":[[71.424,51.1168],[71.4239,51.1167]]}},{"type":"Feature","properties":{"c":"major"},"geometry":{"type":"LineString","coordinates":[[71.504,51.1476],[71.5041,51.1476]]}},{"type":"Feature","properties":{"c":"major"},"geometry":{"type":"LineString","coordinates":[[71.5037,51.1478],[71.5024,51.1483],[71.5013,51.1487],[71.5001,51.1492],[71.4995,51.1494],[71.4985,51.1498],[71.4984,51.1499]]}},{"type":"Feature","properties":{"c":"major"},"geometry":{"type":"LineString","coordinates":[[71.4216,51.1769],[71.4218,51.1769],[71.4227,51.177],[71.4238,51.1771],[71.424,51.1771]]}},{"type":"Feature","properties":{"c":"major"},"geometry":{"type":"LineString","coordinates":[[71.424,51.1773],[71.4239,51.1773],[71.4237,51.1773],[71.4222,51.1771],[71.4218,51.1771],[71.4216,51.177],[71.4214,51.177],[71.4194,51.1768],[71.419,51.1767],[71.4187,51.1767],[71.4186,51.1767],[71.4185,51.1767]]}},{"type":"Feature","properties":{"c":"major"},"geometry":{"type":"LineString","coordinates":[[71.4683,51.1611],[71.4684,51.1611]]}},{"type":"Feature","properties":{"c":"major"},"geometry":{"type":"LineString","coordinates":[[71.4681,51.1612],[71.4683,51.1611]]}},{"type":"Feature","properties":{"c":"major"},"geometry":{"type":"LineString","coordinates":[[71.4378,51.1521],[71.4377,51.1521],[71.4364,51.1522],[71.436,51.1522],[71.4356,51.1522],[71.4353,51.1523],[71.435,51.1524],[71.4347,51.1525],[71.4344,51.1526],[71.4343,51.1526],[71.4318,51.154]]}},{"type":"Feature","properties":{"c":"major"},"geometry":{"type":"LineString","coordinates":[[71.4249,51.1744],[71.4248,51.1745],[71.4248,51.1748],[71.4245,51.1755],[71.4245,51.1758],[71.4244,51.176],[71.4242,51.1766],[71.4241,51.177],[71.4241,51.1771]]}},{"type":"Feature","properties":{"c":"major"},"geometry":{"type":"LineString","coordinates":[[71.3682,51.1481],[71.368,51.1482]]}},{"type":"Feature","properties":{"c":"major"},"geometry":{"type":"LineString","coordinates":[[71.3429,51.1464],[71.3432,51.1464],[71.3447,51.1467],[71.3451,51.1468],[71.3455,51.1468],[71.3468,51.1471],[71.3472,51.1472],[71.3475,51.1472],[71.3481,51.1474],[71.3482,51.1474],[71.3482,51.1474],[71.3483,51.1474],[71.3484,51.1474],[71.3485,51.1475],[71.3503,51.1478],[71.352,51.1482],[71.3529,51.1484],[71.3536,51.1485],[71.3538,51.1485],[71.3554,51.1488],[71.3572,51.1492],[71.3588,51.1495],[71.3595,51.1495],[71.3601,51.1496],[71.361,51.1496],[71.3617,51.1495],[71.3623,51.1495],[71.3626,51.1494],[71.3632,51.1494],[71.3638,51.1492],[71.366,51.1486],[71.3662,51.1485],[71.3666,51.1484],[71.3679,51.148]]}},{"type":"Feature","properties":{"c":"major"},"geometry":{"type":"LineString","coordinates":[[71.2359,51.104],[71.2357,51.1044],[71.2341,51.1067],[71.233,51.1083],[71.2319,51.11],[71.2296,51.1138],[71.229,51.1152],[71.2289,51.1156],[71.2287,51.1165],[71.2286,51.1171],[71.2286,51.1192],[71.2287,51.12],[71.2289,51.1207],[71.229,51.1212],[71.2292,51.1215],[71.2293,51.1219],[71.2295,51.1223],[71.2297,51.1228],[71.23,51.1233],[71.2318,51.1257],[71.2366,51.1313],[71.2373,51.1321],[71.2392,51.1348],[71.2397,51.1355],[71.2428,51.1406],[71.2471,51.1482],[71.248,51.1494],[71.2488,51.1505],[71.2502,51.1518],[71.251,51.1525],[71.2531,51.1541],[71.2566,51.1564],[71.2634,51.1611],[71.2795,51.1722],[71.281,51.1735],[71.2816,51.1741],[71.2864,51.1791]]}},{"type":"Feature","properties":{"c":"major"},"geometry":{"type":"LineString","coordinates":[[71.3061,51.2001],[71.3038,51.1975],[71.303,51.1967],[71.3018,51.1954],[71.2948,51.1881]]}},{"type":"Feature","properties":{"c":"major"},"geometry":{"type":"LineString","coordinates":[[71.3146,51.2097],[71.3154,51.2109],[71.3187,51.2163],[71.3199,51.2182],[71.321,51.22],[71.3216,51.2208],[71.3218,51.2213],[71.3256,51.2275]]}},{"type":"Feature","properties":{"c":"major"},"geometry":{"type":"LineString","coordinates":[[71.4725,51.1995],[71.4727,51.1994],[71.4739,51.199],[71.4742,51.1989]]}},{"type":"Feature","properties":{"c":"major"},"geometry":{"type":"LineString","coordinates":[[71.6045,51.266],[71.5972,51.2602],[71.5969,51.26],[71.5951,51.2585],[71.594,51.2577],[71.5933,51.2572],[71.5927,51.2567],[71.5916,51.256],[71.583,51.2504],[71.5805,51.2488],[71.5652,51.239],[71.5642,51.2384],[71.5628,51.2377],[71.5615,51.237],[71.5587,51.2357]]}},{"type":"Feature","properties":{"c":"major"},"geometry":{"type":"LineString","coordinates":[[71.5919,51.256],[71.5928,51.2566],[71.5935,51.2571],[71.5947,51.2579],[71.5971,51.2599],[71.5974,51.2601],[71.5987,51.2611],[71.6046,51.2659]]}},{"type":"Feature","properties":{"c":"major"},"geometry":{"type":"LineString","coordinates":[[71.4075,51.1343],[71.4074,51.1342],[71.4073,51.1338]]}},{"type":"Feature","properties":{"c":"major"},"geometry":{"type":"LineString","coordinates":[[71.4047,51.1271],[71.4048,51.1272],[71.405,51.1278],[71.4051,51.1281],[71.4056,51.1292],[71.4057,51.1295],[71.4057,51.1295],[71.4057,51.1297],[71.4058,51.1297],[71.4057,51.1299]]}},{"type":"Feature","properties":{"c":"major"},"geometry":{"type":"LineString","coordinates":[[71.4014,51.1176],[71.4012,51.1177]]}},{"type":"Feature","properties":{"c":"major"},"geometry":{"type":"LineString","coordinates":[[71.4822,51.141],[71.4824,51.1411],[71.4829,51.1412],[71.4858,51.1421],[71.4865,51.1423],[71.4873,51.1425],[71.4875,51.1425]]}},{"type":"Feature","properties":{"c":"major"},"geometry":{"type":"LineString","coordinates":[[71.4416,51.1611],[71.4417,51.1611],[71.4418,51.1608]]}},{"type":"Feature","properties":{"c":"major"},"geometry":{"type":"LineString","coordinates":[[71.6837,51.1122],[71.6833,51.1123],[71.681,51.1129],[71.6678,51.1161],[71.6661,51.1165],[71.6644,51.117],[71.6585,51.1187]]}},{"type":"Feature","properties":{"c":"major"},"geometry":{"type":"LineString","coordinates":[[71.6584,51.1186],[71.6624,51.1174],[71.6643,51.1169],[71.6659,51.1164],[71.6677,51.116],[71.6825,51.1124],[71.6837,51.1122]]}},{"type":"Feature","properties":{"c":"major"},"geometry":{"type":"LineString","coordinates":[[71.5356,51.1121],[71.5356,51.1123],[71.5358,51.1128],[71.536,51.1134],[71.5361,51.1134],[71.5363,51.114],[71.5363,51.1141],[71.5364,51.1142],[71.5364,51.1143]]}},{"type":"Feature","properties":{"c":"major"},"geometry":{"type":"LineString","coordinates":[[71.5279,51.1106],[71.5276,51.1107]]}},{"type":"Feature","properties":{"c":"major"},"geometry":{"type":"LineString","coordinates":[[71.5345,51.1096],[71.5342,51.1096],[71.5335,51.1097],[71.5332,51.1098],[71.5314,51.1101]]}},{"type":"Feature","properties":{"c":"major"},"geometry":{"type":"LineString","coordinates":[[71.5188,51.138],[71.5189,51.1381]]}},{"type":"Feature","properties":{"c":"major"},"geometry":{"type":"LineString","coordinates":[[71.4704,51.149],[71.4702,51.1492],[71.4702,51.1493],[71.47,51.1495],[71.4697,51.15],[71.4692,51.1507],[71.4685,51.1516],[71.4682,51.1521],[71.4677,51.1528],[71.4674,51.1533],[71.4673,51.1534],[71.4669,51.154],[71.4668,51.154]]}},{"type":"Feature","properties":{"c":"major"},"geometry":{"type":"LineString","coordinates":[[71.4667,51.154],[71.4668,51.154]]}},{"type":"Feature","properties":{"c":"major"},"geometry":{"type":"LineString","coordinates":[[71.4668,51.1542],[71.4667,51.1541]]}},{"type":"Feature","properties":{"c":"major"},"geometry":{"type":"LineString","coordinates":[[71.4668,51.1542],[71.467,51.1553],[71.467,51.1555],[71.467,51.1561],[71.467,51.1564],[71.4668,51.1568],[71.4666,51.1573]]}},{"type":"Feature","properties":{"c":"major"},"geometry":{"type":"LineString","coordinates":[[71.4668,51.154],[71.4668,51.1542]]}},{"type":"Feature","properties":{"c":"major"},"geometry":{"type":"LineString","coordinates":[[71.4771,51.1396],[71.477,51.1397],[71.4769,51.1398],[71.4766,51.1403],[71.4761,51.141],[71.4757,51.1415],[71.4757,51.1416],[71.4753,51.1421],[71.4751,51.1424],[71.4745,51.1433],[71.4743,51.1436],[71.474,51.144],[71.4736,51.1446],[71.4735,51.1447],[71.4734,51.1448],[71.4731,51.1452],[71.4725,51.1461],[71.4723,51.1463]]}},{"type":"Feature","properties":{"c":"major"},"geometry":{"type":"LineString","coordinates":[[71.4769,51.1397],[71.4769,51.1396]]}},{"type":"Feature","properties":{"c":"major"},"geometry":{"type":"LineString","coordinates":[[71.4769,51.1396],[71.4771,51.1396],[71.4773,51.1397],[71.4788,51.1401],[71.4813,51.1408],[71.482,51.141],[71.4822,51.141]]}},{"type":"Feature","properties":{"c":"major"},"geometry":{"type":"LineString","coordinates":[[71.5039,51.1337],[71.5059,51.1343],[71.5063,51.1344]]}},{"type":"Feature","properties":{"c":"major"},"geometry":{"type":"LineString","coordinates":[[71.4546,51.1036],[71.4544,51.1035],[71.454,51.1031],[71.4537,51.1029],[71.4534,51.1026],[71.4533,51.1025],[71.4531,51.102],[71.4529,51.1016],[71.4527,51.1009],[71.4526,51.1008],[71.4525,51.1004],[71.4523,51.0999]]}},{"type":"Feature","properties":{"c":"major"},"geometry":{"type":"LineString","coordinates":[[71.4158,51.1365],[71.4157,51.1364]]}},{"type":"Feature","properties":{"c":"major"},"geometry":{"type":"LineString","coordinates":[[71.4159,51.1365],[71.4158,51.1365]]}},{"type":"Feature","properties":{"c":"major"},"geometry":{"type":"LineString","coordinates":[[71.4158,51.1365],[71.4156,51.1366],[71.4146,51.1367],[71.4129,51.1368],[71.4125,51.1369],[71.4124,51.1369],[71.4105,51.1371],[71.4104,51.1371],[71.4103,51.1371],[71.4094,51.1372],[71.4091,51.1373],[71.4089,51.1373],[71.4087,51.1373]]}},{"type":"Feature","properties":{"c":"major"},"geometry":{"type":"LineString","coordinates":[[71.4158,51.1364],[71.4159,51.1365]]}},{"type":"Feature","properties":{"c":"major"},"geometry":{"type":"LineString","coordinates":[[71.3741,51.1814],[71.3743,51.1813],[71.3748,51.1812],[71.3772,51.1806],[71.3778,51.1804],[71.3781,51.1804],[71.3784,51.1803],[71.3795,51.18],[71.3813,51.1795],[71.3814,51.1795],[71.3816,51.1794],[71.3819,51.1792],[71.3821,51.1791],[71.3822,51.179],[71.3824,51.179],[71.383,51.1789],[71.3831,51.1788],[71.3834,51.1788]]}},{"type":"Feature","properties":{"c":"major"},"geometry":{"type":"LineString","coordinates":[[71.3902,51.1688],[71.3904,51.1687],[71.3909,51.1686],[71.3919,51.1681]]}},{"type":"Feature","properties":{"c":"major"},"geometry":{"type":"LineString","coordinates":[[71.408,51.1694],[71.4078,51.1693],[71.4075,51.1693],[71.4066,51.1692],[71.4045,51.1689],[71.4039,51.1689],[71.4033,51.1688],[71.4017,51.1686],[71.4016,51.1686],[71.4014,51.1686],[71.4006,51.1685],[71.4001,51.1684],[71.3991,51.1683],[71.3988,51.1683]]}},{"type":"Feature","properties":{"c":"major"},"geometry":{"type":"LineString","coordinates":[[71.4382,51.1729],[71.4381,51.1729],[71.4358,51.1726],[71.4357,51.1726],[71.4355,51.1726],[71.4333,51.1723],[71.4322,51.1722],[71.4309,51.1721],[71.4308,51.172],[71.4306,51.172],[71.4285,51.1718],[71.4271,51.1716],[71.4259,51.1715],[71.4257,51.1714],[71.4254,51.1714],[71.4235,51.1712],[71.4232,51.1712],[71.423,51.1711],[71.4215,51.171],[71.4203,51.1708],[71.4201,51.1708],[71.42,51.1708],[71.4198,51.1708],[71.4193,51.1707],[71.4186,51.1706],[71.418,51.1706],[71.4177,51.1705],[71.4153,51.1703],[71.4152,51.1703],[71.4149,51.1702],[71.4129,51.17],[71.4127,51.17],[71.4125,51.17],[71.412,51.1699],[71.4111,51.1698],[71.4101,51.1696],[71.4099,51.1696],[71.4096,51.1696],[71.4082,51.1694],[71.408,51.1694]]}},{"type":"Feature","properties":{"c":"major"},"geometry":{"type":"LineString","coordinates":[[71.4281,51.1628],[71.4284,51.1628]]}},{"type":"Feature","properties":{"c":"major"},"geometry":{"type":"LineString","coordinates":[[71.4464,51.1649],[71.4464,51.1648]]}},{"type":"Feature","properties":{"c":"major"},"geometry":{"type":"LineString","coordinates":[[71.4464,51.1649],[71.4463,51.1649],[71.4462,51.1649],[71.4452,51.1648]]}},{"type":"Feature","properties":{"c":"major"},"geometry":{"type":"LineString","coordinates":[[71.4452,51.1648],[71.4448,51.1647],[71.4434,51.1645],[71.4432,51.1645],[71.4431,51.1645],[71.441,51.1643],[71.4408,51.1643],[71.4407,51.1642],[71.4406,51.1642],[71.4399,51.1641],[71.4388,51.164],[71.4384,51.164],[71.4382,51.164],[71.438,51.1639],[71.4363,51.1637],[71.4352,51.1636],[71.435,51.1636],[71.4349,51.1636],[71.4343,51.1635],[71.4335,51.1634],[71.433,51.1634],[71.4323,51.1633],[71.4322,51.1633],[71.432,51.1633],[71.431,51.1631],[71.4309,51.1631],[71.4294,51.163],[71.4284,51.1628],[71.4281,51.1628]]}},{"type":"Feature","properties":{"c":"major"},"geometry":{"type":"LineString","coordinates":[[71.4621,51.1599],[71.4617,51.1601],[71.4612,51.1602],[71.4602,51.1605],[71.4591,51.1609],[71.4561,51.1618],[71.454,51.1625],[71.453,51.1628],[71.4529,51.1628],[71.4527,51.1629],[71.4517,51.1632],[71.4509,51.1635],[71.4506,51.1635],[71.4497,51.1638],[71.4487,51.1642],[71.4476,51.1645],[71.4475,51.1645],[71.4464,51.1649]]}},{"type":"Feature","properties":{"c":"major"},"geometry":{"type":"LineString","coordinates":[[71.4755,51.1984],[71.4758,51.1982],[71.4763,51.1978]]}},{"type":"Feature","properties":{"c":"major"},"geometry":{"type":"LineString","coordinates":[[71.4742,51.1989],[71.4745,51.1988],[71.475,51.1986],[71.4755,51.1984]]}},{"type":"Feature","properties":{"c":"major"},"geometry":{"type":"LineString","coordinates":[[71.2223,51.0987],[71.2159,51.0965],[71.2099,51.0943],[71.2097,51.0943],[71.2088,51.0939],[71.2076,51.0936],[71.2064,51.0934],[71.1975,51.0924]]}},{"type":"Feature","properties":{"c":"major"},"geometry":{"type":"LineString","coordinates":[[71.2362,51.1029],[71.2376,51.1009],[71.2539,51.0741],[71.2546,51.0729],[71.2757,51.0383],[71.2763,51.0374],[71.277,51.0367],[71.2778,51.036],[71.2788,51.0354],[71.2807,51.0345],[71.283,51.0339],[71.3025,51.0311],[71.3218,51.0281],[71.3253,51.0274],[71.3257,51.0273],[71.3292,51.0262],[71.3318,51.0256],[71.3343,51.0251],[71.3446,51.025],[71.3493,51.0249],[71.3751,51.0223],[71.3793,51.0219],[71.3801,51.0219]]}},{"type":"Feature","properties":{"c":"major"},"geometry":{"type":"LineString","coordinates":[[71.3739,51.2563],[71.3735,51.257]]}},{"type":"Feature","properties":{"c":"major"},"geometry":{"type":"LineString","coordinates":[[71.3734,51.257],[71.3738,51.2563]]}},{"type":"Feature","properties":{"c":"major"},"geometry":{"type":"LineString","coordinates":[[71.4344,51.1332],[71.4354,51.1331],[71.4367,51.1328]]}},{"type":"Feature","properties":{"c":"major"},"geometry":{"type":"LineString","coordinates":[[71.4345,51.1333],[71.4343,51.1334]]}},{"type":"Feature","properties":{"c":"major"},"geometry":{"type":"LineString","coordinates":[[71.4206,51.0963],[71.4207,51.0965],[71.4208,51.0967]]}},{"type":"Feature","properties":{"c":"major"},"geometry":{"type":"LineString","coordinates":[[71.4542,51.1196],[71.4541,51.1195],[71.4541,51.1194]]}},{"type":"Feature","properties":{"c":"major"},"geometry":{"type":"LineString","coordinates":[[71.4546,51.1201],[71.4544,51.1199],[71.4543,51.1198],[71.4542,51.1197],[71.4542,51.1196]]}},{"type":"Feature","properties":{"c":"major"},"geometry":{"type":"LineString","coordinates":[[71.4527,51.1193],[71.4537,51.1192]]}},{"type":"Feature","properties":{"c":"major"},"geometry":{"type":"LineString","coordinates":[[71.4545,51.1193],[71.4544,51.1193],[71.4542,51.1194],[71.4541,51.1194],[71.4539,51.1194],[71.4488,51.1202]]}},{"type":"Feature","properties":{"c":"major"},"geometry":{"type":"LineString","coordinates":[[71.4566,51.119],[71.4545,51.1193]]}},{"type":"Feature","properties":{"c":"major"},"geometry":{"type":"LineString","coordinates":[[71.4488,51.12],[71.4511,51.1196],[71.4527,51.1193]]}},{"type":"Feature","properties":{"c":"major"},"geometry":{"type":"LineString","coordinates":[[71.3619,51.1325],[71.3617,51.1326]]}},{"type":"Feature","properties":{"c":"major"},"geometry":{"type":"LineString","coordinates":[[71.3616,51.1324],[71.3619,51.1324]]}},{"type":"Feature","properties":{"c":"major"},"geometry":{"type":"LineString","coordinates":[[71.3643,51.1441],[71.3658,51.1438],[71.3658,51.1438]]}},{"type":"Feature","properties":{"c":"major"},"geometry":{"type":"LineString","coordinates":[[71.3659,51.1439],[71.3647,51.1441],[71.3645,51.1442]]}},{"type":"Feature","properties":{"c":"major"},"geometry":{"type":"LineString","coordinates":[[71.4012,51.1935],[71.401,51.1936],[71.4006,51.1937],[71.3996,51.194],[71.3995,51.1941],[71.3981,51.1945]]}},{"type":"Feature","properties":{"c":"major"},"geometry":{"type":"LineString","coordinates":[[71.4383,51.1729],[71.4384,51.1729]]}},{"type":"Feature","properties":{"c":"major"},"geometry":{"type":"LineString","coordinates":[[71.383,51.2178],[71.3827,51.2176],[71.3825,51.2176],[71.3822,51.2174],[71.3814,51.2171],[71.3812,51.2171],[71.3809,51.217],[71.3807,51.2169],[71.3805,51.2168],[71.3804,51.2168],[71.3804,51.2167]]}},{"type":"Feature","properties":{"c":"major"},"geometry":{"type":"LineString","coordinates":[[71.4581,51.091],[71.4593,51.0908]]}},{"type":"Feature","properties":{"c":"major"},"geometry":{"type":"LineString","coordinates":[[71.5076,51.1008],[71.5086,51.1032]]}},{"type":"Feature","properties":{"c":"major"},"geometry":{"type":"LineString","coordinates":[[71.5091,51.1047],[71.5092,51.1048],[71.5092,51.105],[71.5096,51.106],[71.5101,51.1073],[71.511,51.1094],[71.5113,51.1102],[71.5114,51.1104],[71.5116,51.1112],[71.5118,51.1115],[71.5124,51.1129],[71.5124,51.113]]}},{"type":"Feature","properties":{"c":"major"},"geometry":{"type":"LineString","coordinates":[[71.4863,51.0876],[71.4878,51.0881],[71.4887,51.0883],[71.4894,51.0886],[71.4903,51.0891],[71.491,51.0897],[71.4929,51.0912],[71.4939,51.0918],[71.4947,51.0923],[71.4957,51.0928],[71.496,51.0929],[71.4962,51.093],[71.4972,51.0934],[71.498,51.0937],[71.5016,51.0948],[71.5026,51.095],[71.5033,51.0953],[71.5038,51.0955],[71.5047,51.096],[71.5053,51.0965],[71.5057,51.0969],[71.506,51.0973],[71.5062,51.0976],[71.5069,51.099],[71.507,51.0994]]}},{"type":"Feature","properties":{"c":"major"},"geometry":{"type":"LineString","coordinates":[[71.6439,51.3055],[71.6362,51.2984],[71.6361,51.2983],[71.6341,51.2965],[71.6309,51.2935],[71.6299,51.2926],[71.6292,51.2919],[71.6285,51.2912],[71.628,51.2907],[71.6218,51.2841]]}},{"type":"Feature","properties":{"c":"major"},"geometry":{"type":"LineString","coordinates":[[71.6046,51.2659],[71.6066,51.2675],[71.6075,51.2683],[71.6082,51.269],[71.609,51.2699],[71.6118,51.2728],[71.6134,51.2746],[71.6151,51.2765],[71.616,51.2774],[71.618,51.2796],[71.622,51.2839]]}},{"type":"Feature","properties":{"c":"major"},"geometry":{"type":"LineString","coordinates":[[71.4556,51.1298],[71.4579,51.1294],[71.458,51.1294]]}},{"type":"Feature","properties":{"c":"major"},"geometry":{"type":"LineString","coordinates":[[71.4556,51.13],[71.4541,51.1302]]}},{"type":"Feature","properties":{"c":"major"},"geometry":{"type":"LineString","coordinates":[[71.4841,51.1174],[71.4842,51.1174],[71.491,51.1163],[71.4912,51.1163],[71.4914,51.1162],[71.4932,51.1159],[71.4952,51.1156],[71.4972,51.1153],[71.4973,51.1153],[71.4997,51.1149],[71.5006,51.1148],[71.5006,51.1148],[71.5008,51.1148]]}},{"type":"Feature","properties":{"c":"major"},"geometry":{"type":"LineString","coordinates":[[71.4183,51.1326],[71.4187,51.1325],[71.4198,51.1324],[71.4215,51.1321]]}},{"type":"Feature","properties":{"c":"major"},"geometry":{"type":"LineString","coordinates":[[71.4215,51.1321],[71.4215,51.1322]]}},{"type":"Feature","properties":{"c":"major"},"geometry":{"type":"LineString","coordinates":[[71.4215,51.1321],[71.4225,51.1319],[71.4249,51.1316],[71.4259,51.1314],[71.426,51.1314],[71.4268,51.1313]]}},{"type":"Feature","properties":{"c":"major"},"geometry":{"type":"LineString","coordinates":[[71.4215,51.1322],[71.4208,51.1323],[71.4206,51.1323],[71.4195,51.1325],[71.4188,51.1326],[71.4187,51.1326],[71.4184,51.1327],[71.417,51.1329],[71.4163,51.133],[71.4154,51.1331],[71.4149,51.1332],[71.4148,51.1332],[71.4145,51.1333]]}},{"type":"Feature","properties":{"c":"major"},"geometry":{"type":"LineString","coordinates":[[71.4393,51.1293],[71.4395,51.1293]]}},{"type":"Feature","properties":{"c":"major"},"geometry":{"type":"LineString","coordinates":[[71.4393,51.1293],[71.4392,51.1292],[71.4386,51.1277],[71.4381,51.1264],[71.4376,51.1251],[71.4376,51.125],[71.4375,51.1249],[71.4375,51.1249],[71.4375,51.1248],[71.4374,51.1247],[71.4374,51.1246],[71.4374,51.1245],[71.4366,51.1225],[71.4365,51.1223]]}},{"type":"Feature","properties":{"c":"major"},"geometry":{"type":"LineString","coordinates":[[71.4393,51.1294],[71.4393,51.1293]]}},{"type":"Feature","properties":{"c":"major"},"geometry":{"type":"LineString","coordinates":[[71.4393,51.1294],[71.4391,51.1294],[71.4374,51.1297],[71.4361,51.1299],[71.4353,51.13],[71.4348,51.1301],[71.4335,51.1303],[71.4333,51.1303],[71.4332,51.1303],[71.433,51.1304],[71.4298,51.1309]]}},{"type":"Feature","properties":{"c":"major"},"geometry":{"type":"LineString","coordinates":[[71.4395,51.1294],[71.4395,51.1295],[71.4399,51.1304]]}},{"type":"Feature","properties":{"c":"major"},"geometry":{"type":"LineString","coordinates":[[71.4395,51.1293],[71.4395,51.1294]]}},{"type":"Feature","properties":{"c":"major"},"geometry":{"type":"LineString","coordinates":[[71.4241,51.1771],[71.424,51.1773]]}},{"type":"Feature","properties":{"c":"major"},"geometry":{"type":"LineString","coordinates":[[71.424,51.1771],[71.4241,51.1771]]}},{"type":"Feature","properties":{"c":"major"},"geometry":{"type":"LineString","coordinates":[[71.4357,51.1726],[71.4359,51.1726],[71.4381,51.1728],[71.4383,51.1729]]}},{"type":"Feature","properties":{"c":"major"},"geometry":{"type":"LineString","coordinates":[[71.4257,51.1714],[71.426,51.1714],[71.4267,51.1715],[71.4273,51.1716],[71.4286,51.1717],[71.4291,51.1718],[71.4307,51.172],[71.4308,51.172],[71.4309,51.172],[71.4321,51.1721],[71.4322,51.1721],[71.4331,51.1722],[71.4333,51.1723],[71.4355,51.1725],[71.4357,51.1726]]}},{"type":"Feature","properties":{"c":"major"},"geometry":{"type":"LineString","coordinates":[[71.4266,51.1684],[71.4265,51.1685],[71.4264,51.1691],[71.4261,51.1699],[71.4259,51.1707],[71.4258,51.1713],[71.4257,51.1714]]}},{"type":"Feature","properties":{"c":"major"},"geometry":{"type":"LineString","coordinates":[[71.4205,51.0965],[71.4203,51.0965],[71.418,51.0968],[71.4172,51.097],[71.4172,51.097]]}},{"type":"Feature","properties":{"c":"major"},"geometry":{"type":"LineString","coordinates":[[71.4223,51.1008],[71.4223,51.101],[71.4224,51.1011],[71.4228,51.1023],[71.423,51.1028],[71.4232,51.1034],[71.4237,51.1048],[71.4238,51.1049],[71.4238,51.105],[71.4238,51.1052],[71.4239,51.1053],[71.4239,51.1054],[71.424,51.1056],[71.4244,51.1066],[71.4245,51.107],[71.4247,51.1074],[71.4247,51.1076],[71.4248,51.1077],[71.425,51.1084],[71.4253,51.1092],[71.4253,51.1093],[71.4254,51.1096]]}},{"type":"Feature","properties":{"c":"major"},"geometry":{"type":"LineString","coordinates":[[71.422,51.1008],[71.422,51.1008],[71.422,51.1006],[71.4218,51.1003],[71.4214,51.0989],[71.4212,51.0985],[71.4212,51.0983],[71.4211,51.0981],[71.4208,51.0974],[71.4206,51.0968],[71.4206,51.0967],[71.4205,51.0965],[71.4204,51.0964]]}},{"type":"Feature","properties":{"c":"major"},"geometry":{"type":"LineString","coordinates":[[71.4383,51.1124],[71.4371,51.1125]]}},{"type":"Feature","properties":{"c":"major"},"geometry":{"type":"LineString","coordinates":[[71.4366,51.1222],[71.4367,51.1225],[71.4375,51.1245],[71.4375,51.1245],[71.4375,51.1245],[71.4376,51.1247],[71.4376,51.1248]]}},{"type":"Feature","properties":{"c":"major"},"geometry":{"type":"LineString","coordinates":[[71.4364,51.1218],[71.4366,51.1222]]}},{"type":"Feature","properties":{"c":"major"},"geometry":{"type":"LineString","coordinates":[[71.4365,51.1223],[71.4363,51.1219]]}},{"type":"Feature","properties":{"c":"major"},"geometry":{"type":"LineString","coordinates":[[71.4363,51.1219],[71.4363,51.1216],[71.4353,51.1191],[71.4353,51.119],[71.4349,51.1178],[71.4348,51.1177]]}},{"type":"Feature","properties":{"c":"major"},"geometry":{"type":"LineString","coordinates":[[71.4421,51.1593],[71.4421,51.1591],[71.442,51.1589],[71.442,51.1588],[71.4419,51.1587]]}},{"type":"Feature","properties":{"c":"major"},"geometry":{"type":"LineString","coordinates":[[71.4384,51.1729],[71.4383,51.1729]]}},{"type":"Feature","properties":{"c":"major"},"geometry":{"type":"LineString","coordinates":[[71.3801,51.0219],[71.381,51.0218]]}},{"type":"Feature","properties":{"c":"major"},"geometry":{"type":"LineString","coordinates":[[71.2356,51.1039],[71.2362,51.1029]]}},{"type":"Feature","properties":{"c":"major"},"geometry":{"type":"LineString","coordinates":[[71.4308,51.134],[71.4308,51.134],[71.4305,51.134],[71.4291,51.1343],[71.4264,51.1347],[71.4252,51.1349],[71.4252,51.1349],[71.425,51.135],[71.4249,51.135],[71.4246,51.135],[71.4204,51.1357],[71.4203,51.1358],[71.42,51.1358]]}},{"type":"Feature","properties":{"c":"major"},"geometry":{"type":"LineString","coordinates":[[71.4308,51.134],[71.4307,51.1339]]}},{"type":"Feature","properties":{"c":"major"},"geometry":{"type":"LineString","coordinates":[[71.4157,51.1364],[71.4158,51.1364],[71.416,51.1364],[71.4163,51.1363],[71.4176,51.1361],[71.4183,51.136],[71.42,51.1357]]}},{"type":"Feature","properties":{"c":"major"},"geometry":{"type":"LineString","coordinates":[[71.4309,51.1069],[71.4306,51.106]]}},{"type":"Feature","properties":{"c":"major"},"geometry":{"type":"LineString","coordinates":[[71.4308,51.106],[71.4315,51.108],[71.4316,51.1083],[71.4317,51.1085],[71.4317,51.1086]]}},{"type":"Feature","properties":{"c":"major"},"geometry":{"type":"LineString","coordinates":[[71.4328,51.1131],[71.4327,51.1131],[71.4326,51.1132]]}},{"type":"Feature","properties":{"c":"major"},"geometry":{"type":"LineString","coordinates":[[71.4333,51.1131],[71.4332,51.1131]]}},{"type":"Feature","properties":{"c":"major"},"geometry":{"type":"LineString","coordinates":[[71.4334,51.1132],[71.4335,51.1135],[71.434,51.1149],[71.434,51.115],[71.434,51.1151]]}},{"type":"Feature","properties":{"c":"major"},"geometry":{"type":"LineString","coordinates":[[71.4331,51.1128],[71.433,51.1126],[71.4325,51.1112],[71.4318,51.1092],[71.4317,51.109],[71.4316,51.1088],[71.4316,51.1088]]}},{"type":"Feature","properties":{"c":"major"},"geometry":{"type":"LineString","coordinates":[[71.4366,51.1787],[71.4364,51.1787],[71.4342,51.1784],[71.4339,51.1784],[71.4319,51.1782],[71.4308,51.178],[71.429,51.1778]]}},{"type":"Feature","properties":{"c":"major"},"geometry":{"type":"LineString","coordinates":[[71.44,51.167],[71.4399,51.167],[71.4398,51.167],[71.439,51.1669],[71.4386,51.1668],[71.4375,51.1667],[71.4374,51.1667],[71.4372,51.1667],[71.4372,51.1667],[71.4366,51.1666],[71.4343,51.1663]]}},{"type":"Feature","properties":{"c":"major"},"geometry":{"type":"LineString","coordinates":[[71.4343,51.1663],[71.4341,51.1663],[71.4338,51.1663],[71.4319,51.1661],[71.4316,51.166],[71.4315,51.166],[71.4314,51.166],[71.4301,51.1659],[71.43,51.1658],[71.429,51.1657],[71.4289,51.1657],[71.4277,51.1656],[71.4274,51.1655],[71.4271,51.1655],[71.4263,51.1654],[71.426,51.1653],[71.4251,51.1652],[71.4249,51.1652],[71.4247,51.1652],[71.4234,51.165],[71.4233,51.165],[71.4231,51.165],[71.4225,51.1649],[71.4219,51.1648],[71.4209,51.1647],[71.4207,51.1646],[71.4196,51.1645],[71.4183,51.1643],[71.4172,51.1642],[71.4171,51.1642],[71.4169,51.1641],[71.4163,51.164],[71.4155,51.1639],[71.4148,51.1638],[71.4146,51.1638]]}},{"type":"Feature","properties":{"c":"major"},"geometry":{"type":"LineString","coordinates":[[71.4409,51.1642],[71.4408,51.1643],[71.4408,51.1644],[71.4407,51.1647],[71.4405,51.1653],[71.4403,51.1661],[71.4401,51.1668],[71.4401,51.1669],[71.44,51.167]]}},{"type":"Feature","properties":{"c":"major"},"geometry":{"type":"LineString","coordinates":[[71.4409,51.1642],[71.441,51.1642],[71.442,51.1643],[71.4431,51.1644],[71.4432,51.1645],[71.4434,51.1645],[71.4448,51.1646],[71.4452,51.1647],[71.4462,51.1648],[71.4464,51.1648]]}},{"type":"Feature","properties":{"c":"major"},"geometry":{"type":"LineString","coordinates":[[71.447,51.1678],[71.4463,51.1677],[71.4454,51.1676],[71.4444,51.1675],[71.4424,51.1673],[71.4422,51.1673],[71.4409,51.1671],[71.4402,51.167],[71.44,51.167]]}},{"type":"Feature","properties":{"c":"major"},"geometry":{"type":"LineString","coordinates":[[71.4485,51.1674],[71.4483,51.1675],[71.4476,51.1677],[71.4472,51.1678],[71.447,51.1678]]}},{"type":"Feature","properties":{"c":"major"},"geometry":{"type":"LineString","coordinates":[[71.4152,51.188],[71.4151,51.1883],[71.4151,51.1886],[71.415,51.1888]]}},{"type":"Feature","properties":{"c":"major"},"geometry":{"type":"LineString","coordinates":[[71.381,51.0219],[71.3801,51.022]]}},{"type":"Feature","properties":{"c":"major"},"geometry":{"type":"LineString","coordinates":[[71.4028,51.0215],[71.3995,51.0212],[71.396,51.021],[71.3922,51.021],[71.3893,51.0211],[71.3868,51.0213],[71.3867,51.0213],[71.3818,51.0218],[71.381,51.0219]]}},{"type":"Feature","properties":{"c":"major"},"geometry":{"type":"LineString","coordinates":[[71.3801,51.022],[71.3793,51.0221],[71.3758,51.0224],[71.3753,51.0225],[71.3698,51.023],[71.3552,51.0244],[71.3493,51.025],[71.3443,51.0251],[71.3343,51.0252],[71.3319,51.0257],[71.3286,51.0266],[71.3254,51.0275],[71.3219,51.0282],[71.3179,51.0289],[71.3035,51.0311],[71.2831,51.034],[71.2808,51.0347],[71.2791,51.0355],[71.278,51.0361],[71.2772,51.0367],[71.2765,51.0375],[71.276,51.0383],[71.2736,51.0421],[71.2624,51.0605],[71.2581,51.0675],[71.2573,51.0688],[71.2527,51.0764],[71.2469,51.086],[71.2428,51.0927],[71.238,51.1006],[71.2366,51.1028],[71.2364,51.1032]]}},{"type":"Feature","properties":{"c":"major"},"geometry":{"type":"LineString","coordinates":[[71.2364,51.1032],[71.2359,51.104]]}},{"type":"Feature","properties":{"c":"major"},"geometry":{"type":"LineString","coordinates":[[71.381,51.0218],[71.3823,51.0217],[71.3885,51.021],[71.3895,51.021],[71.3923,51.0209],[71.3959,51.0208],[71.3995,51.0211],[71.4028,51.0214]]}},{"type":"Feature","properties":{"c":"major"},"geometry":{"type":"LineString","coordinates":[[71.4584,51.0911],[71.4583,51.0912],[71.4551,51.0916],[71.4549,51.0917],[71.4529,51.092],[71.4515,51.0921],[71.4501,51.0923],[71.4501,51.0923]]}},{"type":"Feature","properties":{"c":"major"},"geometry":{"type":"LineString","coordinates":[[71.4594,51.091],[71.4584,51.0911]]}},{"type":"Feature","properties":{"c":"major"},"geometry":{"type":"LineString","coordinates":[[71.5068,51.0994],[71.5066,51.099],[71.5062,51.0981],[71.5058,51.0974],[71.5054,51.0969],[71.5051,51.0966],[71.5045,51.0961],[71.5037,51.0957],[71.5031,51.0954],[71.5023,51.0951],[71.5008,51.0947],[71.4985,51.0941],[71.4976,51.0938],[71.4971,51.0936],[71.4963,51.0933],[71.4957,51.093],[71.4941,51.0922],[71.4928,51.0913],[71.4926,51.0912],[71.4908,51.0898],[71.49,51.0892],[71.4892,51.0888],[71.4885,51.0885],[71.4877,51.0882],[71.4861,51.0877]]}},{"type":"Feature","properties":{"c":"major"},"geometry":{"type":"LineString","coordinates":[[71.5122,51.1131],[71.5121,51.113],[71.5116,51.1117],[71.5111,51.1104],[71.511,51.1102],[71.5109,51.11],[71.5107,51.1096],[71.5099,51.1075],[71.5098,51.1073],[71.5094,51.1061],[71.5092,51.1055],[71.5089,51.105],[71.5088,51.1047]]}},{"type":"Feature","properties":{"c":"major"},"geometry":{"type":"LineString","coordinates":[[71.5083,51.1032],[71.5073,51.1008]]}},{"type":"Feature","properties":{"c":"major"},"geometry":{"type":"LineString","coordinates":[[71.4081,51.1459],[71.4076,51.1459],[71.4069,51.1459]]}},{"type":"Feature","properties":{"c":"major"},"geometry":{"type":"LineString","coordinates":[[71.3966,51.1475],[71.3964,51.1475],[71.3953,51.1477],[71.3926,51.1481],[71.3923,51.1481],[71.3921,51.1482],[71.3902,51.1484],[71.389,51.1486],[71.3887,51.1486],[71.3884,51.1486],[71.3879,51.1486],[71.387,51.1486],[71.3866,51.1486],[71.3857,51.1486],[71.3849,51.1485],[71.3841,51.1484],[71.3831,51.1483],[71.3826,51.1482],[71.3824,51.1481],[71.3819,51.148],[71.3816,51.148],[71.3808,51.1478],[71.3785,51.1473],[71.3776,51.1471],[71.3768,51.147],[71.376,51.147],[71.375,51.1469],[71.3744,51.147],[71.3744,51.147],[71.3741,51.147],[71.3739,51.147],[71.3731,51.147],[71.3724,51.1471],[71.3723,51.1471],[71.3713,51.1473],[71.3712,51.1473],[71.3702,51.1476],[71.3701,51.1476],[71.3696,51.1477],[71.3687,51.148]]}},{"type":"Feature","properties":{"c":"major"},"geometry":{"type":"LineString","coordinates":[[71.4063,51.146],[71.4058,51.1461]]}},{"type":"Feature","properties":{"c":"major"},"geometry":{"type":"LineString","coordinates":[[71.4069,51.1459],[71.4066,51.146],[71.4063,51.146]]}},{"type":"Feature","properties":{"c":"major"},"geometry":{"type":"LineString","coordinates":[[71.4062,51.1459],[71.4066,51.1459],[71.4069,51.1458]]}},{"type":"Feature","properties":{"c":"major"},"geometry":{"type":"LineString","coordinates":[[71.4069,51.1458],[71.4075,51.1458],[71.4086,51.1458],[71.409,51.1458],[71.4095,51.1458],[71.4101,51.1458]]}},{"type":"Feature","properties":{"c":"major"},"geometry":{"type":"LineString","coordinates":[[71.4052,51.146],[71.4062,51.1459]]}},{"type":"Feature","properties":{"c":"major"},"geometry":{"type":"LineString","coordinates":[[71.44,51.167],[71.44,51.1671],[71.4395,51.1689],[71.4393,51.1697],[71.4392,51.1698],[71.4392,51.1699],[71.439,51.1707],[71.4388,51.1713],[71.4387,51.1717],[71.4385,51.1724],[71.4384,51.1728],[71.4384,51.1729]]}},{"type":"Feature","properties":{"c":"major"},"geometry":{"type":"LineString","coordinates":[[71.2947,51.1877],[71.295,51.188]]}},{"type":"Feature","properties":{"c":"major"},"geometry":{"type":"LineString","coordinates":[[71.295,51.188],[71.3021,51.1955],[71.3029,51.1963],[71.304,51.1974],[71.3063,51.1999]]}},{"type":"Feature","properties":{"c":"major"},"geometry":{"type":"LineString","coordinates":[[71.2863,51.1792],[71.2838,51.1766],[71.2809,51.1735],[71.2794,51.1723],[71.2632,51.1611],[71.2565,51.1565],[71.253,51.1542],[71.2507,51.1524],[71.2496,51.1515],[71.2486,51.1505],[71.2478,51.1495],[71.2471,51.1483],[71.2396,51.1357],[71.2393,51.1351],[71.237,51.1322],[71.2364,51.1313],[71.2317,51.1257],[71.2302,51.1239],[71.2298,51.1233],[71.2296,51.1229],[71.2293,51.1224],[71.229,51.1216],[71.2287,51.1206],[71.2284,51.1193],[71.2284,51.1168],[71.2288,51.1152],[71.2295,51.1136],[71.2338,51.1066],[71.2354,51.1042],[71.2356,51.1039]]}},{"type":"Feature","properties":{"c":"major"},"geometry":{"type":"LineString","coordinates":[[71.2948,51.1881],[71.2946,51.1878]]}},{"type":"Feature","properties":{"c":"major"},"geometry":{"type":"LineString","coordinates":[[71.4494,51.2081],[71.4497,51.208],[71.4503,51.2077],[71.4517,51.2071],[71.4527,51.2068],[71.4533,51.2066],[71.454,51.2062],[71.455,51.2058],[71.4559,51.2054],[71.4574,51.2047],[71.4583,51.2043],[71.4584,51.2043],[71.4604,51.2035],[71.4606,51.2034],[71.461,51.2033],[71.4616,51.2031],[71.4626,51.2027],[71.4682,51.2009],[71.4691,51.2006],[71.4704,51.2002],[71.4725,51.1995]]}},{"type":"Feature","properties":{"c":"major"},"geometry":{"type":"LineString","coordinates":[[71.42,51.1358],[71.4162,51.1365],[71.416,51.1365],[71.4159,51.1365]]}},{"type":"Feature","properties":{"c":"major"},"geometry":{"type":"LineString","coordinates":[[71.42,51.1357],[71.4201,51.1357],[71.4202,51.1357],[71.4227,51.1352],[71.4235,51.1351],[71.425,51.1349],[71.4251,51.1348],[71.4252,51.1348],[71.4271,51.1345],[71.428,51.1343],[71.4298,51.134],[71.4304,51.1339],[71.4305,51.1339],[71.4307,51.1339],[71.4308,51.1339],[71.431,51.1338],[71.4313,51.1338],[71.4335,51.1334],[71.4341,51.1333],[71.4341,51.1333],[71.4343,51.1333]]}},{"type":"Feature","properties":{"c":"major"},"geometry":{"type":"LineString","coordinates":[[71.4104,51.146],[71.4094,51.1459],[71.4086,51.1459],[71.4081,51.1459]]}},{"type":"Feature","properties":{"c":"major"},"geometry":{"type":"LineString","coordinates":[[71.4138,51.1463],[71.4124,51.1462],[71.4121,51.1462]]}},{"type":"Feature","properties":{"c":"major"},"geometry":{"type":"LineString","coordinates":[[71.4101,51.1458],[71.4117,51.146],[71.412,51.146]]}},{"type":"Feature","properties":{"c":"major"},"geometry":{"type":"LineString","coordinates":[[71.4137,51.1462],[71.4142,51.1463],[71.415,51.1463],[71.4159,51.1464],[71.4167,51.1465],[71.4177,51.1466],[71.4179,51.1466],[71.4194,51.1468],[71.4211,51.1469],[71.4221,51.147],[71.4223,51.1471],[71.4224,51.1471]]}},{"type":"Feature","properties":{"c":"major"},"geometry":{"type":"LineString","coordinates":[[71.3873,51.0791],[71.3872,51.0787],[71.387,51.0781],[71.387,51.0775],[71.387,51.0772],[71.3871,51.0769],[71.3873,51.0763],[71.3877,51.0757],[71.3878,51.0755],[71.3879,51.0754],[71.388,51.0753],[71.3881,51.0752],[71.3884,51.0749],[71.3888,51.0747],[71.3896,51.0741],[71.3935,51.0717],[71.395,51.0707],[71.3952,51.0706],[71.3954,51.0705]]}},{"type":"Feature","properties":{"c":"major"},"geometry":{"type":"LineString","coordinates":[[71.3876,51.079],[71.3892,51.0834],[71.3892,51.0836],[71.3893,51.0838],[71.3893,51.0839],[71.3894,51.0841],[71.3894,51.0842],[71.3895,51.0844],[71.3895,51.0845],[71.3916,51.0903],[71.3931,51.0946],[71.3932,51.0947],[71.3947,51.0992],[71.395,51.0998],[71.395,51.0998],[71.395,51.1]]}},{"type":"Feature","properties":{"c":"major"},"geometry":{"type":"LineString","coordinates":[[71.3955,51.1283],[71.3931,51.1286],[71.3842,51.1297],[71.3827,51.1299],[71.3824,51.1299],[71.3823,51.1299],[71.3818,51.13],[71.3815,51.13]]}},{"type":"Feature","properties":{"c":"major"},"geometry":{"type":"LineString","coordinates":[[71.4028,51.1272],[71.4043,51.127],[71.4044,51.127],[71.4045,51.127]]}},{"type":"Feature","properties":{"c":"major"},"geometry":{"type":"LineString","coordinates":[[71.413,51.1256],[71.413,51.1254],[71.4129,51.1247],[71.4126,51.1233],[71.4126,51.1231],[71.4124,51.1223]]}},{"type":"Feature","properties":{"c":"major"},"geometry":{"type":"LineString","coordinates":[[71.4135,51.1285],[71.4135,51.1284]]}},{"type":"Feature","properties":{"c":"major"},"geometry":{"type":"LineString","coordinates":[[71.5351,51.1364],[71.5367,51.1362]]}},{"type":"Feature","properties":{"c":"major"},"geometry":{"type":"LineString","coordinates":[[71.5314,51.1373],[71.5322,51.1371],[71.5324,51.137],[71.5334,51.1368]]}},{"type":"Feature","properties":{"c":"major"},"geometry":{"type":"LineString","coordinates":[[71.5334,51.1368],[71.5351,51.1364]]}},{"type":"Feature","properties":{"c":"major"},"geometry":{"type":"LineString","coordinates":[[71.5369,51.1362],[71.5351,51.1365],[71.5347,51.1366],[71.5345,51.1366],[71.5342,51.1367],[71.5334,51.1369],[71.5325,51.1371],[71.5324,51.1371],[71.5324,51.1371],[71.5324,51.1371],[71.532,51.1372],[71.5315,51.1374],[71.5305,51.1377],[71.5304,51.1377],[71.5294,51.138],[71.5288,51.1382],[71.5286,51.1383]]}},{"type":"Feature","properties":{"c":"major"},"geometry":{"type":"LineString","coordinates":[[71.5395,51.1359],[71.539,51.136],[71.538,51.1361],[71.5369,51.1362]]}},{"type":"Feature","properties":{"c":"major"},"geometry":{"type":"LineString","coordinates":[[71.5388,51.1359],[71.5394,51.1358]]}},{"type":"Feature","properties":{"c":"major"},"geometry":{"type":"LineString","coordinates":[[71.5367,51.1362],[71.5388,51.1359]]}},{"type":"Feature","properties":{"c":"major"},"geometry":{"type":"LineString","coordinates":[[71.5418,51.1358],[71.5411,51.1358],[71.5403,51.1359],[71.5402,51.1359],[71.5395,51.1359]]}},{"type":"Feature","properties":{"c":"major"},"geometry":{"type":"LineString","coordinates":[[71.5394,51.1358],[71.541,51.1357],[71.5418,51.1357]]}},{"type":"Feature","properties":{"c":"major"},"geometry":{"type":"LineString","coordinates":[[71.5418,51.1357],[71.5424,51.1357],[71.5426,51.1357],[71.5431,51.1357],[71.5436,51.1357],[71.5446,51.1357],[71.5451,51.1358]]}},{"type":"Feature","properties":{"c":"major"},"geometry":{"type":"LineString","coordinates":[[71.4677,51.0974],[71.4682,51.0972]]}},{"type":"Feature","properties":{"c":"major"},"geometry":{"type":"LineString","coordinates":[[71.4546,51.1036],[71.4544,51.1037],[71.4543,51.1038],[71.454,51.1039]]}},{"type":"Feature","properties":{"c":"major"},"geometry":{"type":"LineString","coordinates":[[71.4497,51.1062],[71.4492,51.1065],[71.4491,51.1066]]}},{"type":"Feature","properties":{"c":"major"},"geometry":{"type":"LineString","coordinates":[[71.456,51.1028],[71.4566,51.1025],[71.4574,51.1021],[71.4587,51.1014],[71.4594,51.101],[71.46,51.1007]]}},{"type":"Feature","properties":{"c":"major"},"geometry":{"type":"LineString","coordinates":[[71.4622,51.0995],[71.4631,51.0992],[71.4641,51.0988],[71.4648,51.0985]]}},{"type":"Feature","properties":{"c":"major"},"geometry":{"type":"LineString","coordinates":[[71.4488,51.1067],[71.4485,51.107]]}},{"type":"Feature","properties":{"c":"major"},"geometry":{"type":"LineString","coordinates":[[71.4423,51.1113],[71.4416,51.1117]]}},{"type":"Feature","properties":{"c":"major"},"geometry":{"type":"LineString","coordinates":[[71.4436,51.1105],[71.4434,51.1106],[71.4434,51.1106],[71.4432,51.1107]]}},{"type":"Feature","properties":{"c":"major"},"geometry":{"type":"LineString","coordinates":[[71.4416,51.1117],[71.4413,51.1118],[71.4409,51.1119],[71.4405,51.112],[71.4403,51.112]]}},{"type":"Feature","properties":{"c":"major"},"geometry":{"type":"LineString","coordinates":[[71.4399,51.1121],[71.439,51.1122]]}},{"type":"Feature","properties":{"c":"major"},"geometry":{"type":"LineString","coordinates":[[71.406,51.0987],[71.4062,51.0991],[71.4067,51.1005],[71.407,51.1013],[71.4074,51.1024],[71.4074,51.1026],[71.4075,51.1027],[71.4085,51.1055],[71.4092,51.1077],[71.4097,51.1091],[71.4102,51.1104],[71.4106,51.1116],[71.4106,51.1117]]}},{"type":"Feature","properties":{"c":"major"},"geometry":{"type":"LineString","coordinates":[[71.4171,51.0968],[71.4202,51.0964],[71.4203,51.0964],[71.4204,51.0964],[71.4206,51.0963],[71.4208,51.0963],[71.4212,51.0962],[71.4255,51.0956],[71.4266,51.0955],[71.4267,51.0955],[71.4268,51.0955]]}},{"type":"Feature","properties":{"c":"major"},"geometry":{"type":"LineString","coordinates":[[71.3962,51.0712],[71.3972,51.0739],[71.4002,51.0822],[71.4002,51.0824],[71.4003,51.0825],[71.4003,51.0826],[71.4016,51.0862],[71.4016,51.0863],[71.4016,51.0863],[71.4017,51.0864],[71.4017,51.0865],[71.4019,51.0871],[71.4022,51.088],[71.4027,51.0895],[71.4028,51.0895],[71.4028,51.0895],[71.4028,51.0895],[71.403,51.0902],[71.4031,51.0905],[71.4031,51.0906],[71.4033,51.0911],[71.4042,51.0936],[71.4045,51.0945],[71.4046,51.0945],[71.4048,51.0952],[71.4056,51.0975],[71.4059,51.0983],[71.4059,51.0983]]}},{"type":"Feature","properties":{"c":"major"},"geometry":{"type":"LineString","coordinates":[[71.3961,51.0713],[71.396,51.0712],[71.3959,51.0711],[71.3958,51.071],[71.3956,51.0708]]}},{"type":"Feature","properties":{"c":"major"},"geometry":{"type":"LineString","coordinates":[[71.4058,51.0983],[71.4055,51.0976],[71.4041,51.0936],[71.4036,51.0923],[71.4031,51.0908],[71.4027,51.0897],[71.4026,51.0895],[71.4026,51.0895],[71.4026,51.0895],[71.4023,51.0888],[71.4023,51.0887],[71.402,51.0878],[71.4016,51.0866],[71.4015,51.0866],[71.4015,51.0864],[71.4015,51.0864],[71.4014,51.0863],[71.4001,51.0827],[71.4001,51.0826],[71.4,51.0824],[71.4,51.0823],[71.3988,51.079],[71.3983,51.0776],[71.3974,51.0752],[71.397,51.0739],[71.3961,51.0713]]}},{"type":"Feature","properties":{"c":"major"},"geometry":{"type":"LineString","coordinates":[[71.4056,51.0986],[71.4045,51.0988],[71.4006,51.0993],[71.4005,51.0993],[71.3968,51.0999],[71.3955,51.1001],[71.3953,51.1001],[71.3951,51.1001]]}},{"type":"Feature","properties":{"c":"major"},"geometry":{"type":"LineString","coordinates":[[71.4106,51.1117],[71.4107,51.1118],[71.411,51.1133],[71.4114,51.1153],[71.4114,51.1155],[71.4115,51.116],[71.4115,51.1162]]}},{"type":"Feature","properties":{"c":"major"},"geometry":{"type":"LineString","coordinates":[[71.4105,51.1118],[71.4105,51.1117],[71.4105,51.1116],[71.4104,51.1116]]}},{"type":"Feature","properties":{"c":"major"},"geometry":{"type":"LineString","coordinates":[[71.45,51.0922],[71.4509,51.0921],[71.4512,51.092],[71.4525,51.0918],[71.4547,51.0915],[71.4549,51.0915],[71.4579,51.091],[71.4581,51.091]]}},{"type":"Feature","properties":{"c":"major"},"geometry":{"type":"LineString","coordinates":[[71.4399,51.1304],[71.4401,51.1308],[71.4401,51.1309],[71.4402,51.131],[71.4403,51.1311],[71.4406,51.1312],[71.4408,51.1313],[71.4415,51.1316],[71.4417,51.1317],[71.4418,51.1318],[71.4419,51.1318],[71.4419,51.1319],[71.442,51.132],[71.442,51.1321],[71.442,51.1321],[71.442,51.1322],[71.442,51.1323],[71.442,51.1324],[71.4419,51.1325],[71.4418,51.1326],[71.4417,51.1327],[71.4416,51.1328],[71.4414,51.133],[71.4414,51.1331],[71.4413,51.1333],[71.4412,51.1334],[71.4412,51.1336],[71.4412,51.1338],[71.4414,51.1343],[71.4414,51.1344],[71.4416,51.1349],[71.4416,51.1351],[71.4417,51.1355],[71.4419,51.1358],[71.442,51.136],[71.4421,51.1362],[71.4423,51.1365]]}},{"type":"Feature","properties":{"c":"major"},"geometry":{"type":"LineString","coordinates":[[71.4397,51.1305],[71.4396,51.1302],[71.4394,51.1296],[71.4393,51.1295],[71.4393,51.1294]]}},{"type":"Feature","properties":{"c":"major"},"geometry":{"type":"LineString","coordinates":[[71.4306,51.106],[71.4302,51.1052],[71.4299,51.1048]]}},{"type":"Feature","properties":{"c":"major"},"geometry":{"type":"LineString","coordinates":[[71.4299,51.1048],[71.4298,51.1046],[71.4297,51.1044],[71.4296,51.1042],[71.4296,51.1041],[71.4296,51.1039]]}},{"type":"Feature","properties":{"c":"major"},"geometry":{"type":"LineString","coordinates":[[71.4306,51.1046],[71.4307,51.1054],[71.4308,51.106]]}},{"type":"Feature","properties":{"c":"major"},"geometry":{"type":"LineString","coordinates":[[71.4284,51.0999],[71.4284,51.0998],[71.4284,51.0998],[71.4283,51.0995],[71.4283,51.0995],[71.4278,51.0982],[71.4271,51.0963],[71.4271,51.0962],[71.4269,51.0957],[71.4269,51.0957],[71.4269,51.0956]]}},{"type":"Feature","properties":{"c":"major"},"geometry":{"type":"LineString","coordinates":[[71.4295,51.1024],[71.4296,51.1025],[71.4301,51.1034],[71.4304,51.104]]}},{"type":"Feature","properties":{"c":"major"},"geometry":{"type":"LineString","coordinates":[[71.4304,51.104],[71.4304,51.104],[71.4305,51.1041],[71.4305,51.1042],[71.4305,51.1043],[71.4306,51.1045],[71.4306,51.1046]]}},{"type":"Feature","properties":{"c":"major"},"geometry":{"type":"LineString","coordinates":[[71.4296,51.1039],[71.4293,51.1026],[71.4293,51.1024]]}},{"type":"Feature","properties":{"c":"major"},"geometry":{"type":"LineString","coordinates":[[71.3669,51.1451],[71.367,51.1453],[71.3672,51.1456],[71.3673,51.1459],[71.3675,51.1463],[71.3677,51.1467],[71.3677,51.1468],[71.3678,51.1468],[71.3683,51.1478]]}},{"type":"Feature","properties":{"c":"major"},"geometry":{"type":"LineString","coordinates":[[71.3666,51.145],[71.3663,51.1441],[71.3662,51.1441],[71.3662,51.1439],[71.3661,51.1437],[71.3661,51.1436],[71.3657,51.1427],[71.3656,51.1425],[71.3653,51.1418],[71.3651,51.1413],[71.365,51.1408],[71.3649,51.1406],[71.3649,51.1406],[71.3648,51.1404],[71.3647,51.1403],[71.3642,51.1389],[71.3641,51.1387],[71.3639,51.1381],[71.3638,51.1378],[71.3633,51.1368],[71.3633,51.1367],[71.3631,51.1362],[71.363,51.1358],[71.3627,51.1351],[71.3626,51.1349],[71.3623,51.1342],[71.3622,51.1339],[71.3621,51.1337],[71.3617,51.1327],[71.3617,51.1327]]}},{"type":"Feature","properties":{"c":"major"},"geometry":{"type":"LineString","coordinates":[[71.4443,51.152],[71.4441,51.152],[71.4415,51.152]]}},{"type":"Feature","properties":{"c":"major"},"geometry":{"type":"LineString","coordinates":[[71.4415,51.1519],[71.4431,51.1519],[71.4442,51.1519],[71.4444,51.1519]]}},{"type":"Feature","properties":{"c":"major"},"geometry":{"type":"LineString","coordinates":[[71.4415,51.152],[71.4392,51.1521],[71.438,51.1521],[71.4378,51.1521]]}},{"type":"Feature","properties":{"c":"major"},"geometry":{"type":"LineString","coordinates":[[71.4456,51.1519],[71.4461,51.152],[71.4464,51.1521],[71.4468,51.1522],[71.4484,51.1528],[71.4487,51.153],[71.4489,51.1531],[71.4497,51.1534],[71.4498,51.1534],[71.4502,51.1536],[71.4513,51.154],[71.4522,51.1544],[71.4531,51.1548],[71.4532,51.1549],[71.4535,51.155],[71.4537,51.1551]]}},{"type":"Feature","properties":{"c":"major"},"geometry":{"type":"LineString","coordinates":[[71.4453,51.152],[71.4447,51.152],[71.4445,51.152]]}},{"type":"Feature","properties":{"c":"major"},"geometry":{"type":"LineString","coordinates":[[71.4417,51.1587],[71.4419,51.1586],[71.442,51.1586],[71.4422,51.1585]]}},{"type":"Feature","properties":{"c":"major"},"geometry":{"type":"LineString","coordinates":[[71.4422,51.1585],[71.4428,51.1583],[71.4434,51.1582],[71.444,51.158],[71.4443,51.158],[71.4444,51.158],[71.445,51.1578],[71.4456,51.1577],[71.4458,51.1577],[71.4491,51.1571],[71.4492,51.1571],[71.4499,51.157],[71.4507,51.1568],[71.4509,51.1567],[71.4513,51.1566],[71.4516,51.1564],[71.452,51.1562],[71.4523,51.1561],[71.4526,51.1558],[71.4531,51.1554],[71.4532,51.1552],[71.4534,51.155]]}},{"type":"Feature","properties":{"c":"major"},"geometry":{"type":"LineString","coordinates":[[71.4422,51.1586],[71.442,51.1587],[71.4419,51.1587]]}},{"type":"Feature","properties":{"c":"major"},"geometry":{"type":"LineString","coordinates":[[71.4418,51.1588],[71.4412,51.159],[71.4408,51.159],[71.4405,51.1591],[71.4402,51.1592],[71.4398,51.1592]]}},{"type":"Feature","properties":{"c":"major"},"geometry":{"type":"LineString","coordinates":[[71.4126,51.1528],[71.4126,51.1523]]}},{"type":"Feature","properties":{"c":"major"},"geometry":{"type":"LineString","coordinates":[[71.4126,51.1515],[71.4126,51.1502],[71.4126,51.1497],[71.4126,51.1495]]}},{"type":"Feature","properties":{"c":"major"},"geometry":{"type":"LineString","coordinates":[[71.4125,51.1485],[71.4124,51.1479],[71.4122,51.147]]}},{"type":"Feature","properties":{"c":"major"},"geometry":{"type":"LineString","coordinates":[[71.4126,51.1495],[71.4125,51.1488]]}},{"type":"Feature","properties":{"c":"major"},"geometry":{"type":"LineString","coordinates":[[71.3702,51.1517],[71.3698,51.151],[71.3698,51.1509],[71.3693,51.1501],[71.3693,51.15],[71.3689,51.1493],[71.3688,51.1491],[71.3683,51.1483]]}},{"type":"Feature","properties":{"c":"major"},"geometry":{"type":"LineString","coordinates":[[71.3681,51.1479],[71.3676,51.147],[71.3676,51.1469],[71.3673,51.1463],[71.3666,51.145]]}},{"type":"Feature","properties":{"c":"major"},"geometry":{"type":"LineString","coordinates":[[71.3683,51.1483],[71.3682,51.1481]]}},{"type":"Feature","properties":{"c":"major"},"geometry":{"type":"LineString","coordinates":[[71.3679,51.148],[71.3681,51.148]]}},{"type":"Feature","properties":{"c":"major"},"geometry":{"type":"LineString","coordinates":[[71.3686,51.1479],[71.3695,51.1476],[71.3702,51.1474],[71.3711,51.1472],[71.3723,51.147],[71.3723,51.147],[71.3729,51.1469],[71.3739,51.1468],[71.3741,51.1468],[71.3744,51.1468],[71.3744,51.1468],[71.3754,51.1468],[71.3765,51.1469],[71.3769,51.1469],[71.3777,51.147],[71.3789,51.1472],[71.3809,51.1477],[71.3815,51.1478],[71.382,51.1479],[71.3824,51.148],[71.3825,51.148],[71.3827,51.1481],[71.3832,51.1482],[71.3842,51.1483],[71.3851,51.1484],[71.386,51.1484],[71.3868,51.1485],[71.3879,51.1485],[71.3882,51.1485],[71.3884,51.1485],[71.3887,51.1484],[71.389,51.1484],[71.391,51.1482],[71.3921,51.148],[71.3923,51.148],[71.3926,51.148],[71.394,51.1477],[71.3959,51.1474],[71.396,51.1474],[71.3965,51.1473]]}},{"type":"Feature","properties":{"c":"major"},"geometry":{"type":"LineString","coordinates":[[71.3687,51.148],[71.3685,51.148]]}},{"type":"Feature","properties":{"c":"major"},"geometry":{"type":"LineString","coordinates":[[71.368,51.1482],[71.3673,51.1484],[71.3653,51.149],[71.3651,51.149],[71.3643,51.1492],[71.3634,51.1495],[71.3627,51.1496],[71.3624,51.1496],[71.3619,51.1497],[71.3618,51.1497],[71.361,51.1497],[71.3602,51.1497],[71.3595,51.1497],[71.3588,51.1496],[71.3563,51.1492],[71.3548,51.1489],[71.3537,51.1487],[71.3532,51.1486],[71.353,51.1485],[71.3513,51.1482],[71.349,51.1477],[71.3484,51.1476],[71.3482,51.1475],[71.348,51.1475],[71.3431,51.1465],[71.3428,51.1465]]}},{"type":"Feature","properties":{"c":"major"},"geometry":{"type":"LineString","coordinates":[[71.3685,51.1482],[71.3689,51.1487],[71.369,51.1489],[71.3691,51.1491],[71.3696,51.1499],[71.37,51.1509],[71.3704,51.1517],[71.3708,51.1525],[71.3711,51.1536],[71.3715,51.1546],[71.3715,51.1547],[71.3715,51.1548],[71.3715,51.1548],[71.3717,51.1553],[71.3724,51.1574],[71.3726,51.1579],[71.3727,51.1584],[71.3728,51.1586],[71.3731,51.1593],[71.3737,51.1611],[71.3743,51.1631]]}},{"type":"Feature","properties":{"c":"major"},"geometry":{"type":"LineString","coordinates":[[71.3683,51.1478],[71.3684,51.1479]]}},{"type":"Feature","properties":{"c":"major"},"geometry":{"type":"LineString","coordinates":[[71.3821,51.1795],[71.3819,51.1795],[71.3814,51.1797],[71.3811,51.1798],[71.3782,51.1805],[71.3779,51.1806],[71.3763,51.181],[71.375,51.1813],[71.3745,51.1815],[71.3742,51.1815]]}},{"type":"Feature","properties":{"c":"major"},"geometry":{"type":"LineString","coordinates":[[71.3948,51.1677],[71.3976,51.168],[71.3985,51.1681],[71.3989,51.1682]]}},{"type":"Feature","properties":{"c":"major"},"geometry":{"type":"LineString","coordinates":[[71.3948,51.1678],[71.3945,51.1678],[71.3941,51.1678],[71.3938,51.1678],[71.3936,51.1678],[71.3933,51.1678],[71.393,51.1679],[71.3927,51.168],[71.3924,51.1681],[71.392,51.1682]]}},{"type":"Feature","properties":{"c":"major"},"geometry":{"type":"LineString","coordinates":[[71.3869,51.1703],[71.3869,51.1704],[71.3864,51.1705],[71.386,51.1707]]}},{"type":"Feature","properties":{"c":"major"},"geometry":{"type":"LineString","coordinates":[[71.3869,51.1703],[71.3887,51.1695],[71.389,51.1694],[71.3895,51.1692],[71.3901,51.1689],[71.3902,51.1688]]}},{"type":"Feature","properties":{"c":"major"},"geometry":{"type":"LineString","coordinates":[[71.3859,51.1706],[71.3864,51.1704],[71.3868,51.1703],[71.3869,51.1703]]}},{"type":"Feature","properties":{"c":"major"},"geometry":{"type":"LineString","coordinates":[[71.386,51.1707],[71.3848,51.1709],[71.3843,51.1711],[71.3827,51.1714]]}},{"type":"Feature","properties":{"c":"major"},"geometry":{"type":"LineString","coordinates":[[71.3772,51.1723],[71.3772,51.1721]]}},{"type":"Feature","properties":{"c":"major"},"geometry":{"type":"LineString","coordinates":[[71.3775,51.1723],[71.3779,51.1729],[71.378,51.1732],[71.3784,51.1738],[71.3786,51.1742],[71.379,51.1747],[71.3795,51.1755],[71.3803,51.1766]]}},{"type":"Feature","properties":{"c":"major"},"geometry":{"type":"LineString","coordinates":[[71.3777,51.1721],[71.3775,51.1721]]}},{"type":"Feature","properties":{"c":"major"},"geometry":{"type":"LineString","coordinates":[[71.3776,51.172],[71.3784,51.172],[71.3788,51.172],[71.3792,51.172],[71.3794,51.172],[71.3802,51.1719],[71.3803,51.1719],[71.3804,51.1718],[71.3809,51.1717],[71.3823,51.1714]]}},{"type":"Feature","properties":{"c":"major"},"geometry":{"type":"LineString","coordinates":[[71.3774,51.172],[71.3774,51.172]]}},{"type":"Feature","properties":{"c":"major"},"geometry":{"type":"LineString","coordinates":[[71.3771,51.172],[71.3767,51.171],[71.3764,51.1703],[71.3758,51.1684],[71.3753,51.1669],[71.3747,51.1651]]}},{"type":"Feature","properties":{"c":"major"},"geometry":{"type":"LineString","coordinates":[[71.3742,51.1815],[71.3739,51.1816],[71.3722,51.182],[71.3694,51.1827],[71.3692,51.1828],[71.369,51.1828],[71.3679,51.1831],[71.3641,51.184],[71.3639,51.1841]]}},{"type":"Feature","properties":{"c":"major"},"geometry":{"type":"LineString","coordinates":[[71.3639,51.1841],[71.3636,51.1842],[71.3589,51.1853],[71.3587,51.1854],[71.354,51.1865],[71.3538,51.1865],[71.3537,51.1866],[71.3536,51.1866],[71.3497,51.1875],[71.3452,51.1887]]}},{"type":"Feature","properties":{"c":"major"},"geometry":{"type":"LineString","coordinates":[[71.3639,51.1839],[71.364,51.1839],[71.3689,51.1827],[71.3691,51.1826],[71.3693,51.1826],[71.3738,51.1814],[71.3741,51.1814]]}},{"type":"Feature","properties":{"c":"major"},"geometry":{"type":"LineString","coordinates":[[71.3452,51.1887],[71.3449,51.1887],[71.343,51.1892],[71.3409,51.1897],[71.3407,51.1898],[71.3405,51.1898],[71.3385,51.1903],[71.3342,51.1914]]}},{"type":"Feature","properties":{"c":"major"},"geometry":{"type":"LineString","coordinates":[[71.3451,51.1885],[71.3456,51.1884],[71.3535,51.1865],[71.3536,51.1864],[71.3539,51.1864],[71.3553,51.186],[71.358,51.1854],[71.3586,51.1852],[71.3608,51.1847],[71.3618,51.1844],[71.3628,51.1842],[71.3635,51.184],[71.3639,51.1839]]}},{"type":"Feature","properties":{"c":"major"},"geometry":{"type":"LineString","coordinates":[[71.3217,51.1944],[71.3206,51.1947],[71.3204,51.1947],[71.3191,51.1951],[71.3175,51.1958],[71.3126,51.1981]]}},{"type":"Feature","properties":{"c":"major"},"geometry":{"type":"LineString","coordinates":[[71.3216,51.1942],[71.3225,51.194],[71.3235,51.1938],[71.3256,51.1933],[71.3319,51.1917],[71.3341,51.1912],[71.3404,51.1897]]}},{"type":"Feature","properties":{"c":"major"},"geometry":{"type":"LineString","coordinates":[[71.5314,51.11],[71.5342,51.1095],[71.5345,51.1095]]}},{"type":"Feature","properties":{"c":"major"},"geometry":{"type":"LineString","coordinates":[[71.5303,51.1102],[71.529,51.1104],[71.5286,51.1105],[71.5279,51.1106]]}},{"type":"Feature","properties":{"c":"major"},"geometry":{"type":"LineString","coordinates":[[71.4705,51.1275],[71.4708,51.1274],[71.4712,51.1274],[71.4731,51.1271],[71.4749,51.1268]]}},{"type":"Feature","properties":{"c":"major"},"geometry":{"type":"LineString","coordinates":[[71.4705,51.1275],[71.4706,51.1276]]}},{"type":"Feature","properties":{"c":"major"},"geometry":{"type":"LineString","coordinates":[[71.4703,51.1277],[71.47,51.1277],[71.4683,51.128],[71.4663,51.1283],[71.4641,51.1286],[71.4639,51.1287],[71.4637,51.1287],[71.46,51.1293],[71.4585,51.1295],[71.4583,51.1295]]}},{"type":"Feature","properties":{"c":"major"},"geometry":{"type":"LineString","coordinates":[[71.4672,51.1201],[71.4672,51.12],[71.4672,51.1199],[71.4669,51.1193],[71.4666,51.1186],[71.4662,51.1176],[71.4662,51.1175],[71.4661,51.1173]]}},{"type":"Feature","properties":{"c":"major"},"geometry":{"type":"LineString","coordinates":[[71.4672,51.1201],[71.4669,51.1201],[71.4662,51.1202],[71.4652,51.1202],[71.4649,51.1202],[71.4644,51.1203],[71.4641,51.1203],[71.4625,51.1204],[71.4618,51.1204],[71.4602,51.1205],[71.4598,51.1206],[71.4582,51.1206],[71.4569,51.1207],[71.4567,51.1207],[71.4564,51.1207],[71.4561,51.1207],[71.4559,51.1206],[71.4556,51.1206],[71.4554,51.1205],[71.4551,51.1204],[71.4549,51.1203],[71.4547,51.1202],[71.4546,51.1201]]}},{"type":"Feature","properties":{"c":"major"},"geometry":{"type":"LineString","coordinates":[[71.4674,51.12],[71.4674,51.1201],[71.4692,51.1245],[71.4693,51.1246],[71.4693,51.1247],[71.4694,51.1249],[71.4695,51.1252],[71.4703,51.127],[71.4704,51.1273],[71.4705,51.1275]]}},{"type":"Feature","properties":{"c":"major"},"geometry":{"type":"LineString","coordinates":[[71.4674,51.12],[71.4678,51.1199],[71.4679,51.1199],[71.4681,51.1199],[71.4691,51.1197],[71.4707,51.1195],[71.4707,51.1195],[71.4718,51.1193],[71.4731,51.1191],[71.4734,51.119]]}},{"type":"Feature","properties":{"c":"major"},"geometry":{"type":"LineString","coordinates":[[71.4834,51.1256],[71.4818,51.1259],[71.4814,51.1259],[71.4774,51.1266],[71.4766,51.1267],[71.4764,51.1267],[71.4762,51.1267],[71.4756,51.1268],[71.4718,51.1274],[71.4709,51.1276],[71.4706,51.1276]]}},{"type":"Feature","properties":{"c":"major"},"geometry":{"type":"LineString","coordinates":[[71.4834,51.1255],[71.4839,51.1254],[71.4842,51.1254],[71.4845,51.1255],[71.4851,51.1255],[71.4856,51.1257],[71.4862,51.1258],[71.4864,51.1259]]}},{"type":"Feature","properties":{"c":"major"},"geometry":{"type":"LineString","coordinates":[[71.5183,51.1351],[71.5176,51.1348],[71.515,51.1341],[71.5143,51.1339],[71.5141,51.1339],[71.5132,51.1336],[71.5095,51.1326],[71.5056,51.1314],[71.5039,51.1309],[71.5015,51.1303],[71.4991,51.1296],[71.4988,51.1295],[71.4974,51.1292]]}},{"type":"Feature","properties":{"c":"major"},"geometry":{"type":"LineString","coordinates":[[71.5184,51.135],[71.5188,51.1351],[71.5192,51.1352],[71.5195,51.1353],[71.5198,51.1355],[71.52,51.1357],[71.5203,51.1359]]}},{"type":"Feature","properties":{"c":"major"},"geometry":{"type":"LineString","coordinates":[[71.5203,51.1359],[71.5209,51.1364],[71.5211,51.1366],[71.5216,51.1371]]}},{"type":"Feature","properties":{"c":"major"},"geometry":{"type":"LineString","coordinates":[[71.5201,51.1359],[71.5198,51.1357],[71.5193,51.1354],[71.5189,51.1352],[71.5186,51.1351],[71.5183,51.1351]]}},{"type":"Feature","properties":{"c":"major"},"geometry":{"type":"LineString","coordinates":[[71.5313,51.1507],[71.5305,51.1499]]}},{"type":"Feature","properties":{"c":"major"},"geometry":{"type":"LineString","coordinates":[[71.5314,51.1507],[71.5328,51.1521]]}},{"type":"Feature","properties":{"c":"major"},"geometry":{"type":"LineString","coordinates":[[71.5307,51.1498],[71.5314,51.1507]]}},{"type":"Feature","properties":{"c":"major"},"geometry":{"type":"LineString","coordinates":[[71.5305,51.1499],[71.5302,51.1494],[71.53,51.1491],[71.5299,51.1487],[71.5299,51.1484],[71.5299,51.1481],[71.5299,51.1477],[71.53,51.147]]}},{"type":"Feature","properties":{"c":"major"},"geometry":{"type":"LineString","coordinates":[[71.6108,51.1675],[71.6186,51.1716],[71.6188,51.1717]]}},{"type":"Feature","properties":{"c":"major"},"geometry":{"type":"LineString","coordinates":[[71.454,51.1301],[71.4556,51.1298]]}},{"type":"Feature","properties":{"c":"major"},"geometry":{"type":"LineString","coordinates":[[71.4541,51.1302],[71.4486,51.1311]]}},{"type":"Feature","properties":{"c":"major"},"geometry":{"type":"LineString","coordinates":[[71.4665,51.1176],[71.4666,51.1178],[71.4673,51.1198],[71.4674,51.1199],[71.4674,51.12]]}},{"type":"Feature","properties":{"c":"major"},"geometry":{"type":"LineString","coordinates":[[71.466,51.1171],[71.4657,51.1163],[71.4656,51.1161],[71.4646,51.1135],[71.4643,51.1128],[71.4633,51.1104],[71.4632,51.1099],[71.4631,51.1098]]}},{"type":"Feature","properties":{"c":"major"},"geometry":{"type":"LineString","coordinates":[[71.4493,51.0336],[71.4524,51.0346],[71.4525,51.0346],[71.4529,51.0348]]}},{"type":"Feature","properties":{"c":"major"},"geometry":{"type":"LineString","coordinates":[[71.4528,51.0349],[71.4519,51.0346],[71.4492,51.0337]]}},{"type":"Feature","properties":{"c":"major"},"geometry":{"type":"LineString","coordinates":[[71.4529,51.0348],[71.4536,51.035]]}},{"type":"Feature","properties":{"c":"major"},"geometry":{"type":"LineString","coordinates":[[71.4534,51.0351],[71.4528,51.0349]]}},{"type":"Feature","properties":{"c":"major"},"geometry":{"type":"LineString","coordinates":[[71.4774,51.1674],[71.4779,51.168],[71.4786,51.1685]]}},{"type":"Feature","properties":{"c":"major"},"geometry":{"type":"LineString","coordinates":[[71.4772,51.1675],[71.477,51.1673],[71.4767,51.167],[71.4764,51.1667],[71.4758,51.166],[71.4753,51.1655],[71.475,51.1653]]}},{"type":"Feature","properties":{"c":"major"},"geometry":{"type":"LineString","coordinates":[[71.4482,51.1855],[71.4494,51.185],[71.4506,51.1846]]}},{"type":"Feature","properties":{"c":"major"},"geometry":{"type":"LineString","coordinates":[[71.4561,51.1828],[71.4573,51.1824],[71.4582,51.1821],[71.4595,51.1817],[71.4635,51.1804],[71.4677,51.1791],[71.4685,51.1788],[71.4686,51.1788]]}},{"type":"Feature","properties":{"c":"major"},"geometry":{"type":"LineString","coordinates":[[71.4506,51.1846],[71.4514,51.1844],[71.4524,51.184],[71.4529,51.1839],[71.4532,51.1838],[71.4542,51.1834],[71.4561,51.1828]]}},{"type":"Feature","properties":{"c":"major"},"geometry":{"type":"LineString","coordinates":[[71.4484,51.1856],[71.448,51.1858],[71.4477,51.186],[71.4476,51.186],[71.4475,51.1861],[71.4475,51.1862],[71.4475,51.1863],[71.4475,51.1865]]}},{"type":"Feature","properties":{"c":"major"},"geometry":{"type":"LineString","coordinates":[[71.4502,51.1849],[71.4495,51.1852],[71.4488,51.1855],[71.4484,51.1856]]}},{"type":"Feature","properties":{"c":"major"},"geometry":{"type":"LineString","coordinates":[[71.4562,51.1829],[71.453,51.184],[71.4521,51.1843],[71.4512,51.1846],[71.4502,51.1849]]}},{"type":"Feature","properties":{"c":"major"},"geometry":{"type":"LineString","coordinates":[[71.4541,51.1191],[71.4543,51.1191],[71.4568,51.1187],[71.4585,51.1185],[71.4598,51.1182],[71.4637,51.1176],[71.4644,51.1175],[71.4658,51.1173]]}},{"type":"Feature","properties":{"c":"major"},"geometry":{"type":"LineString","coordinates":[[71.4543,51.1195],[71.4543,51.1197],[71.4545,51.1198],[71.4546,51.12],[71.4548,51.1201],[71.455,51.1202],[71.4553,51.1204],[71.4556,51.1205],[71.4558,51.1205],[71.456,51.1206],[71.4562,51.1206],[71.4566,51.1206],[71.4569,51.1206],[71.4576,51.1206],[71.4602,51.1204],[71.4605,51.1204],[71.4615,51.1203],[71.4628,51.1203],[71.4636,51.1202],[71.4644,51.1202],[71.4647,51.1202],[71.4662,51.1201],[71.4668,51.12],[71.4669,51.12],[71.4672,51.12],[71.4674,51.12]]}},{"type":"Feature","properties":{"c":"major"},"geometry":{"type":"LineString","coordinates":[[71.4117,51.1182],[71.4116,51.1175],[71.4114,51.1164],[71.4113,51.1162]]}},{"type":"Feature","properties":{"c":"major"},"geometry":{"type":"LineString","coordinates":[[71.4126,51.1223],[71.4127,51.1227],[71.4127,51.1231],[71.4131,51.1253],[71.4131,51.1253],[71.4132,51.1256]]}},{"type":"Feature","properties":{"c":"major"},"geometry":{"type":"LineString","coordinates":[[71.4681,51.1612],[71.468,51.1612],[71.4678,51.1613]]}},{"type":"Feature","properties":{"c":"major"},"geometry":{"type":"LineString","coordinates":[[71.4268,51.1313],[71.426,51.1315],[71.4215,51.1322]]}},{"type":"Feature","properties":{"c":"major"},"geometry":{"type":"LineString","coordinates":[[71.4268,51.1313],[71.4275,51.1312],[71.4286,51.131],[71.4293,51.1309],[71.4295,51.1308],[71.4296,51.1308],[71.4298,51.1308],[71.4309,51.1306],[71.4319,51.1305],[71.433,51.1303],[71.4332,51.1303],[71.4333,51.1303],[71.4334,51.1302],[71.4353,51.1299],[71.4365,51.1297],[71.4379,51.1295],[71.439,51.1294],[71.4391,51.1294],[71.4393,51.1293]]}},{"type":"Feature","properties":{"c":"major"},"geometry":{"type":"LineString","coordinates":[[71.435,51.1177],[71.435,51.1178],[71.4353,51.1186],[71.4354,51.1188],[71.4354,51.119],[71.4364,51.1216],[71.4364,51.1218]]}},{"type":"Feature","properties":{"c":"major"},"geometry":{"type":"LineString","coordinates":[[71.499,51.1267],[71.4989,51.1268],[71.4988,51.127],[71.4987,51.1271],[71.4987,51.1271],[71.4985,51.1274],[71.4974,51.1289],[71.4973,51.129]]}},{"type":"Feature","properties":{"c":"major"},"geometry":{"type":"LineString","coordinates":[[71.5,51.125],[71.5,51.125],[71.5002,51.1246],[71.5003,51.1242],[71.5003,51.1239],[71.5003,51.1234],[71.5002,51.1231],[71.5002,51.1229],[71.5002,51.1228],[71.5,51.1225],[71.4998,51.1219],[71.4992,51.1204],[71.4991,51.1202],[71.499,51.12]]}},{"type":"Feature","properties":{"c":"major"},"geometry":{"type":"LineString","coordinates":[[71.4445,51.152],[71.4443,51.152]]}},{"type":"Feature","properties":{"c":"major"},"geometry":{"type":"LineString","coordinates":[[71.4452,51.141],[71.4452,51.1407],[71.4451,51.1403],[71.4449,51.14],[71.4447,51.1397],[71.4446,51.1395]]}},{"type":"Feature","properties":{"c":"major"},"geometry":{"type":"LineString","coordinates":[[71.4454,51.141],[71.4453,51.1416],[71.4453,51.1417],[71.4453,51.1418],[71.4453,51.142],[71.4449,51.1479],[71.4448,51.1485],[71.4448,51.1486],[71.4448,51.1488],[71.4448,51.1498],[71.4447,51.15]]}},{"type":"Feature","properties":{"c":"major"},"geometry":{"type":"LineString","coordinates":[[71.4709,51.1291],[71.4706,51.1283],[71.4704,51.1278],[71.4703,51.1277]]}},{"type":"Feature","properties":{"c":"major"},"geometry":{"type":"LineString","coordinates":[[71.4713,51.1294],[71.4713,51.1295],[71.4713,51.1297],[71.4713,51.1302],[71.4713,51.1304],[71.4712,51.1309],[71.471,51.1311]]}},{"type":"Feature","properties":{"c":"major"},"geometry":{"type":"LineString","coordinates":[[71.471,51.1295],[71.471,51.1293],[71.4709,51.1291]]}},{"type":"Feature","properties":{"c":"major"},"geometry":{"type":"LineString","coordinates":[[71.4708,51.131],[71.4709,51.1308],[71.471,51.1305],[71.471,51.1302],[71.471,51.13],[71.471,51.1297],[71.471,51.1295]]}},{"type":"Feature","properties":{"c":"major"},"geometry":{"type":"LineString","coordinates":[[71.471,51.1311],[71.4707,51.1315],[71.4705,51.1318],[71.4689,51.1341],[71.4686,51.1344],[71.4674,51.1361],[71.467,51.1366],[71.4669,51.1368],[71.4669,51.1369],[71.4668,51.137],[71.4661,51.1379],[71.4656,51.1385],[71.4651,51.1392],[71.4646,51.14],[71.4645,51.14],[71.4642,51.1405],[71.4639,51.1409],[71.4633,51.1417]]}},{"type":"Feature","properties":{"c":"major"},"geometry":{"type":"LineString","coordinates":[[71.4682,51.0972],[71.4687,51.0969]]}},{"type":"Feature","properties":{"c":"major"},"geometry":{"type":"LineString","coordinates":[[71.4687,51.0969],[71.4704,51.0963],[71.4709,51.0961],[71.4712,51.096],[71.4714,51.0959]]}},{"type":"Feature","properties":{"c":"major"},"geometry":{"type":"LineString","coordinates":[[71.4383,51.1729],[71.4383,51.1729],[71.4382,51.1729]]}},{"type":"Feature","properties":{"c":"major"},"geometry":{"type":"LineString","coordinates":[[71.442,51.1586],[71.442,51.1587],[71.4421,51.1588],[71.4422,51.159],[71.4422,51.1592],[71.4422,51.1593],[71.4422,51.1594],[71.4422,51.1595],[71.4422,51.1596],[71.4421,51.16],[71.4418,51.1611],[71.4418,51.1611],[71.4417,51.1613],[71.4414,51.1622],[71.4412,51.163],[71.441,51.1636],[71.441,51.1637],[71.4409,51.1641],[71.4409,51.1642]]}},{"type":"Feature","properties":{"c":"major"},"geometry":{"type":"LineString","coordinates":[[71.43,51.1561],[71.43,51.1555],[71.4301,51.1552],[71.4302,51.155],[71.4304,51.1548],[71.4306,51.1546],[71.4309,51.1544],[71.4312,51.1542]]}},{"type":"Feature","properties":{"c":"major"},"geometry":{"type":"LineString","coordinates":[[71.43,51.1559],[71.43,51.1561],[71.4298,51.1569],[71.4297,51.1573],[71.4295,51.1578],[71.4294,51.1582],[71.4293,51.1585],[71.4292,51.159],[71.4289,51.1601],[71.4287,51.1607],[71.4287,51.1608],[71.4285,51.1616],[71.4284,51.1618],[71.4284,51.1619]]}},{"type":"Feature","properties":{"c":"major"},"geometry":{"type":"LineString","coordinates":[[71.5061,51.1976],[71.5039,51.1954],[71.5034,51.1948],[71.503,51.1943],[71.5029,51.1942],[71.5009,51.1921],[71.5004,51.1915],[71.4993,51.1904],[71.4986,51.1896],[71.4985,51.1895],[71.4981,51.1892],[71.4981,51.1891],[71.4978,51.1888],[71.4975,51.1885],[71.4971,51.188],[71.4969,51.1878],[71.4963,51.1872],[71.4956,51.1864],[71.4954,51.1863],[71.4954,51.1862],[71.495,51.1858],[71.4947,51.1855],[71.4944,51.1852],[71.494,51.1848],[71.4937,51.1845],[71.4934,51.1842],[71.4923,51.1831],[71.4914,51.1822],[71.4908,51.1815],[71.4906,51.1813],[71.4898,51.1805],[71.4895,51.1802],[71.4894,51.1801],[71.4893,51.18],[71.4889,51.1795],[71.4887,51.1793],[71.4884,51.1791],[71.488,51.1785],[71.4877,51.1783],[71.4867,51.1772],[71.4862,51.1766]]}},{"type":"Feature","properties":{"c":"major"},"geometry":{"type":"LineString","coordinates":[[71.5008,51.1148],[71.5013,51.1147]]}},{"type":"Feature","properties":{"c":"major"},"geometry":{"type":"LineString","coordinates":[[71.5086,51.1135],[71.5107,51.1132],[71.5116,51.1131],[71.5121,51.113],[71.5124,51.1129],[71.5131,51.1128],[71.5145,51.1126],[71.5179,51.1121],[71.5183,51.112],[71.5189,51.1119],[71.519,51.1119],[71.5206,51.1116],[71.5225,51.1113],[71.5243,51.111],[71.5264,51.1107],[71.5276,51.1105],[71.5278,51.1105],[71.5283,51.1104],[71.5303,51.1101]]}},{"type":"Feature","properties":{"c":"major"},"geometry":{"type":"LineString","coordinates":[[71.4625,51.1598],[71.4621,51.1599]]}},{"type":"Feature","properties":{"c":"major"},"geometry":{"type":"LineString","coordinates":[[71.4625,51.1598],[71.4637,51.1593],[71.4642,51.1591],[71.4646,51.1589],[71.465,51.1587],[71.4653,51.1585],[71.4655,51.1583],[71.4658,51.1581],[71.4661,51.1578],[71.4663,51.1575],[71.4665,51.1572]]}},{"type":"Feature","properties":{"c":"major"},"geometry":{"type":"LineString","coordinates":[[71.3063,51.1999],[71.3065,51.2002],[71.3067,51.2004]]}},{"type":"Feature","properties":{"c":"major"},"geometry":{"type":"LineString","coordinates":[[71.3065,51.2005],[71.3061,51.2001]]}},{"type":"Feature","properties":{"c":"major"},"geometry":{"type":"LineString","coordinates":[[71.3075,51.2012],[71.3077,51.2014],[71.3105,51.2044]]}},{"type":"Feature","properties":{"c":"major"},"geometry":{"type":"LineString","coordinates":[[71.3077,51.2004],[71.3072,51.2007],[71.307,51.2008]]}},{"type":"Feature","properties":{"c":"major"},"geometry":{"type":"LineString","coordinates":[[71.2881,51.1809],[71.2884,51.1811],[71.2888,51.1815],[71.2928,51.1857],[71.2947,51.1877]]}},{"type":"Feature","properties":{"c":"major"},"geometry":{"type":"LineString","coordinates":[[71.2946,51.1878],[71.2884,51.1814],[71.2882,51.1812],[71.2881,51.1811]]}},{"type":"Feature","properties":{"c":"major"},"geometry":{"type":"LineString","coordinates":[[71.2864,51.1791],[71.2881,51.1809]]}},{"type":"Feature","properties":{"c":"major"},"geometry":{"type":"LineString","coordinates":[[71.2881,51.1811],[71.2872,51.1801],[71.2863,51.1792]]}},{"type":"Feature","properties":{"c":"major"},"geometry":{"type":"LineString","coordinates":[[71.4706,51.1276],[71.4703,51.1277]]}},{"type":"Feature","properties":{"c":"major"},"geometry":{"type":"LineString","coordinates":[[71.4706,51.1276],[71.4706,51.1278],[71.4713,51.1294]]}},{"type":"Feature","properties":{"c":"major"},"geometry":{"type":"LineString","coordinates":[[71.4704,51.1275],[71.4702,51.1273],[71.47,51.127],[71.4692,51.1252],[71.4691,51.1249],[71.469,51.1248],[71.469,51.1247],[71.4689,51.1245],[71.4688,51.1243],[71.4673,51.1203],[71.4673,51.1202],[71.4672,51.1201]]}},{"type":"Feature","properties":{"c":"major"},"geometry":{"type":"LineString","coordinates":[[71.4704,51.1275],[71.4705,51.1275]]}},{"type":"Feature","properties":{"c":"major"},"geometry":{"type":"LineString","coordinates":[[71.4583,51.1294],[71.4586,51.1293],[71.4587,51.1293],[71.4602,51.1291],[71.4602,51.1291],[71.4606,51.129],[71.4617,51.1288],[71.4623,51.1287],[71.4637,51.1285],[71.4639,51.1285],[71.4641,51.1285],[71.4656,51.1282],[71.4687,51.1278],[71.47,51.1276],[71.47,51.1276],[71.4704,51.1275]]}},{"type":"Feature","properties":{"c":"major"},"geometry":{"type":"LineString","coordinates":[[71.4583,51.1295],[71.4581,51.1296]]}},{"type":"Feature","properties":{"c":"major"},"geometry":{"type":"LineString","coordinates":[[71.4583,51.1295],[71.4583,51.1297],[71.4586,51.1304],[71.4592,51.132],[71.4593,51.1321],[71.4593,51.1321],[71.4593,51.1322],[71.4594,51.1323],[71.4598,51.1333],[71.4601,51.1338],[71.4604,51.1341],[71.4608,51.1345],[71.4609,51.1346],[71.4611,51.1348],[71.4614,51.1349],[71.4617,51.1352],[71.462,51.1353],[71.4621,51.1353],[71.4623,51.1354],[71.4626,51.1355],[71.4629,51.1356],[71.4632,51.1357],[71.4636,51.1358],[71.4645,51.1361],[71.4654,51.1363],[71.4664,51.1366],[71.4667,51.1367],[71.4669,51.1368],[71.4671,51.1368],[71.4686,51.1372],[71.4697,51.1375],[71.471,51.1379],[71.4719,51.1382],[71.4722,51.1382],[71.4739,51.1387],[71.4748,51.139],[71.4758,51.1393],[71.4768,51.1396],[71.4769,51.1396]]}},{"type":"Feature","properties":{"c":"major"},"geometry":{"type":"LineString","coordinates":[[71.4853,51.0875],[71.4851,51.0875],[71.484,51.0872],[71.4834,51.0871],[71.4829,51.087],[71.482,51.0869],[71.4809,51.0868],[71.4796,51.0869],[71.4781,51.0871],[71.4768,51.0873],[71.4741,51.0877],[71.4729,51.0879],[71.4726,51.0879],[71.4718,51.0881],[71.4705,51.0884],[71.4694,51.0887],[71.469,51.0889],[71.4689,51.0889],[71.4657,51.0899],[71.4649,51.0902],[71.4644,51.0903],[71.4624,51.0906],[71.4594,51.091]]}},{"type":"Feature","properties":{"c":"major"},"geometry":{"type":"LineString","coordinates":[[71.4593,51.0908],[71.4594,51.0908],[71.4623,51.0904],[71.4641,51.0901],[71.4648,51.09],[71.4687,51.0888],[71.4689,51.0887],[71.4696,51.0885],[71.4703,51.0882],[71.4715,51.0879],[71.4724,51.0877],[71.4729,51.0876],[71.4744,51.0874],[71.475,51.0873],[71.4767,51.0871],[71.4795,51.0867],[71.4808,51.0866],[71.4819,51.0867],[71.4829,51.0868],[71.4841,51.087],[71.4844,51.0871],[71.4852,51.0873],[71.4854,51.0874],[71.4863,51.0876],[71.4863,51.0876]]}},{"type":"Feature","properties":{"c":"major"},"geometry":{"type":"LineString","coordinates":[[71.4284,51.1178],[71.4286,51.1183],[71.4286,51.1184],[71.4291,51.1196],[71.4294,51.1204],[71.4294,51.1204]]}},{"type":"Feature","properties":{"c":"major"},"geometry":{"type":"LineString","coordinates":[[71.4302,51.1229],[71.4301,51.1226],[71.4301,51.1225],[71.4294,51.1209],[71.4293,51.1205]]}},{"type":"Feature","properties":{"c":"major"},"geometry":{"type":"LineString","coordinates":[[71.4729,51.0879],[71.4729,51.0876],[71.473,51.0873],[71.4731,51.0872],[71.4734,51.0864],[71.4736,51.0859],[71.474,51.0854],[71.4743,51.0851],[71.4746,51.0848],[71.475,51.0845],[71.4758,51.0839],[71.4765,51.0836],[71.4778,51.0832],[71.4796,51.0828],[71.4806,51.0825],[71.4811,51.0823],[71.4816,51.0821],[71.4818,51.0819],[71.4822,51.0817],[71.4824,51.0816]]}},{"type":"Feature","properties":{"c":"major"},"geometry":{"type":"LineString","coordinates":[[71.4714,51.0959],[71.4714,51.0958],[71.4713,51.0952],[71.4714,51.0949],[71.4716,51.0939],[71.4717,51.0932],[71.4721,51.0915],[71.4729,51.0879]]}},{"type":"Feature","properties":{"c":"major"},"geometry":{"type":"LineString","coordinates":[[71.4281,51.1172],[71.4284,51.1178]]}},{"type":"Feature","properties":{"c":"major"},"geometry":{"type":"LineString","coordinates":[[71.4294,51.1204],[71.4294,51.1205]]}},{"type":"Feature","properties":{"c":"major"},"geometry":{"type":"LineString","coordinates":[[71.5427,51.0549],[71.5451,51.0553],[71.5472,51.0558],[71.5491,51.0562],[71.5518,51.057],[71.5535,51.0576],[71.5553,51.0582],[71.5577,51.0591],[71.5594,51.0599],[71.5613,51.0609],[71.5631,51.0618],[71.5646,51.0627],[71.5659,51.0636]]}},{"type":"Feature","properties":{"c":"major"},"geometry":{"type":"LineString","coordinates":[[71.536,51.054],[71.5388,51.0544]]}},{"type":"Feature","properties":{"c":"major"},"geometry":{"type":"LineString","coordinates":[[71.5388,51.0544],[71.5408,51.0546],[71.5427,51.0549]]}},{"type":"Feature","properties":{"c":"major"},"geometry":{"type":"LineString","coordinates":[[71.5659,51.0637],[71.5647,51.063],[71.5629,51.0619],[71.5612,51.061],[71.5593,51.06],[71.5576,51.0592],[71.5552,51.0583],[71.5534,51.0577],[71.5517,51.0571],[71.549,51.0563]]}},{"type":"Feature","properties":{"c":"major"},"geometry":{"type":"LineString","coordinates":[[71.549,51.0563],[71.5471,51.0559],[71.5461,51.0557]]}},{"type":"Feature","properties":{"c":"major"},"geometry":{"type":"LineString","coordinates":[[71.5461,51.0557],[71.545,51.0554],[71.5426,51.055]]}},{"type":"Feature","properties":{"c":"major"},"geometry":{"type":"LineString","coordinates":[[71.5672,51.1357],[71.5661,51.1359],[71.5652,51.136],[71.5643,51.1361],[71.5625,51.1363],[71.5612,51.1363],[71.5603,51.1364],[71.5593,51.1364],[71.558,51.1364],[71.5579,51.1364],[71.5568,51.1364],[71.5565,51.1364],[71.5539,51.1363],[71.5537,51.1363],[71.5525,51.1363],[71.5515,51.1363],[71.5506,51.1362],[71.5501,51.1362],[71.5495,51.1362],[71.5486,51.1361],[71.5452,51.1358]]}},{"type":"Feature","properties":{"c":"major"},"geometry":{"type":"LineString","coordinates":[[71.5778,51.134],[71.5761,51.1342],[71.5736,51.1347],[71.5693,51.1354],[71.5687,51.1355],[71.5672,51.1357]]}},{"type":"Feature","properties":{"c":"major"},"geometry":{"type":"LineString","coordinates":[[71.5451,51.1358],[71.5465,51.1359],[71.5478,51.136],[71.549,51.1361],[71.5501,51.1361],[71.551,51.1362],[71.5518,51.1362],[71.553,51.1362],[71.5548,51.1362],[71.5566,51.1363],[71.5578,51.1363],[71.558,51.1363],[71.5589,51.1363],[71.5603,51.1363],[71.5611,51.1363],[71.5619,51.1362],[71.5633,51.1361],[71.5638,51.1361],[71.5645,51.136],[71.5652,51.1359],[71.5662,51.1358],[71.5671,51.1356]]}},{"type":"Feature","properties":{"c":"major"},"geometry":{"type":"LineString","coordinates":[[71.5671,51.1356],[71.5673,51.1356],[71.5683,51.1355],[71.5691,51.1353],[71.57,51.1352],[71.5713,51.135],[71.5723,51.1348],[71.5777,51.1338]]}},{"type":"Feature","properties":{"c":"major"},"geometry":{"type":"LineString","coordinates":[[71.4143,51.1332],[71.4143,51.1331],[71.4142,51.1327],[71.4142,51.1325]]}},{"type":"Feature","properties":{"c":"major"},"geometry":{"type":"LineString","coordinates":[[71.4143,51.1332],[71.4145,51.1332]]}},{"type":"Feature","properties":{"c":"major"},"geometry":{"type":"LineString","coordinates":[[71.4145,51.1332],[71.4145,51.1333]]}},{"type":"Feature","properties":{"c":"major"},"geometry":{"type":"LineString","coordinates":[[71.4145,51.1332],[71.4148,51.1332],[71.4154,51.1331],[71.4169,51.1328],[71.4172,51.1328],[71.418,51.1326],[71.4183,51.1326]]}},{"type":"Feature","properties":{"c":"major"},"geometry":{"type":"LineString","coordinates":[[71.4145,51.1333],[71.4144,51.1333]]}},{"type":"Feature","properties":{"c":"major"},"geometry":{"type":"LineString","coordinates":[[71.4145,51.1333],[71.4145,51.1335],[71.4147,51.134],[71.4149,51.1346],[71.4152,51.1352],[71.4154,51.1357],[71.4155,51.1358],[71.4157,51.1362],[71.4157,51.1363],[71.4158,51.1364]]}},{"type":"Feature","properties":{"c":"major"},"geometry":{"type":"LineString","coordinates":[[71.408,51.1693],[71.4083,51.1693],[71.4093,51.1695],[71.4101,51.1696],[71.4111,51.1697],[71.4113,51.1697],[71.4119,51.1698],[71.4125,51.1699],[71.4127,51.1699]]}},{"type":"Feature","properties":{"c":"major"},"geometry":{"type":"LineString","coordinates":[[71.4602,51.1461],[71.46,51.1462],[71.4596,51.1469],[71.4592,51.1473],[71.459,51.1477],[71.4587,51.1481],[71.4583,51.1487],[71.4581,51.1489],[71.4581,51.149],[71.458,51.149],[71.4573,51.15],[71.4572,51.1501],[71.4572,51.1502],[71.4566,51.151],[71.4565,51.1512]]}},{"type":"Feature","properties":{"c":"major"},"geometry":{"type":"LineString","coordinates":[[71.46,51.146],[71.46,51.1459]]}},{"type":"Feature","properties":{"c":"major"},"geometry":{"type":"LineString","coordinates":[[71.46,51.1459],[71.4605,51.1453]]}},{"type":"Feature","properties":{"c":"major"},"geometry":{"type":"LineString","coordinates":[[71.416,51.1155],[71.4156,51.1156]]}},{"type":"Feature","properties":{"c":"major"},"geometry":{"type":"LineString","coordinates":[[71.4233,51.1145],[71.4232,51.1145]]}},{"type":"Feature","properties":{"c":"major"},"geometry":{"type":"LineString","coordinates":[[71.424,51.1165],[71.4241,51.1167],[71.4242,51.1168],[71.4253,51.1197],[71.4259,51.1213],[71.4259,51.1215]]}},{"type":"Feature","properties":{"c":"major"},"geometry":{"type":"LineString","coordinates":[[71.4269,51.1234],[71.4269,51.1234],[71.427,51.1234]]}},{"type":"Feature","properties":{"c":"major"},"geometry":{"type":"LineString","coordinates":[[71.4267,51.1234],[71.4268,51.1236]]}},{"type":"Feature","properties":{"c":"major"},"geometry":{"type":"LineString","coordinates":[[71.4268,51.1236],[71.4267,51.1236]]}},{"type":"Feature","properties":{"c":"major"},"geometry":{"type":"LineString","coordinates":[[71.4269,51.1238],[71.427,51.1241],[71.4272,51.1246]]}},{"type":"Feature","properties":{"c":"major"},"geometry":{"type":"LineString","coordinates":[[71.4266,51.1232],[71.4267,51.1233]]}},{"type":"Feature","properties":{"c":"major"},"geometry":{"type":"LineString","coordinates":[[71.4267,51.1236],[71.4266,51.1234]]}},{"type":"Feature","properties":{"c":"major"},"geometry":{"type":"LineString","coordinates":[[71.417,51.1252],[71.4138,51.1257],[71.4137,51.1257],[71.4132,51.1258],[71.413,51.1258],[71.4126,51.1258],[71.4112,51.1261],[71.4091,51.1264],[71.4085,51.1265],[71.4082,51.1265],[71.4078,51.1266],[71.4073,51.1267],[71.4066,51.1268],[71.405,51.127],[71.405,51.127],[71.4047,51.1271]]}},{"type":"Feature","properties":{"c":"major"},"geometry":{"type":"LineString","coordinates":[[71.427,51.1234],[71.4276,51.1233],[71.4296,51.123],[71.4301,51.1229],[71.4302,51.1229],[71.4304,51.1229],[71.4306,51.1228],[71.431,51.1228],[71.4318,51.1226],[71.4328,51.1225],[71.433,51.1225],[71.4338,51.1223],[71.4341,51.1223],[71.4344,51.1223],[71.4358,51.1221]]}},{"type":"Feature","properties":{"c":"major"},"geometry":{"type":"LineString","coordinates":[[71.4468,51.1847],[71.4473,51.1853],[71.4475,51.1855]]}},{"type":"Feature","properties":{"c":"major"},"geometry":{"type":"LineString","coordinates":[[71.4473,51.1856],[71.4469,51.1851],[71.4466,51.1848]]}},{"type":"Feature","properties":{"c":"major"},"geometry":{"type":"LineString","coordinates":[[71.4493,51.1869],[71.4485,51.1865],[71.4481,51.1863]]}},{"type":"Feature","properties":{"c":"major"},"geometry":{"type":"LineString","coordinates":[[71.4483,51.1862],[71.4488,51.1865],[71.4495,51.1868]]}},{"type":"Feature","properties":{"c":"major"},"geometry":{"type":"LineString","coordinates":[[71.4481,51.1863],[71.4478,51.186],[71.4475,51.1857],[71.4473,51.1856]]}},{"type":"Feature","properties":{"c":"major"},"geometry":{"type":"LineString","coordinates":[[71.4475,51.1855],[71.4476,51.1856],[71.448,51.1859],[71.4483,51.1862]]}},{"type":"Feature","properties":{"c":"major"},"geometry":{"type":"LineString","coordinates":[[71.4277,51.1161],[71.4277,51.1163],[71.4279,51.1167],[71.4281,51.1172]]}},{"type":"Feature","properties":{"c":"major"},"geometry":{"type":"LineString","coordinates":[[71.5376,51.1173],[71.5379,51.1182],[71.5387,51.1201],[71.5392,51.1213],[71.5393,51.1216],[71.5401,51.1236],[71.5403,51.124],[71.5406,51.1248],[71.5407,51.1251],[71.5407,51.1252],[71.5407,51.1252],[71.5421,51.1285],[71.5424,51.1293],[71.5425,51.1297],[71.5426,51.13],[71.543,51.1308],[71.543,51.131],[71.5432,51.1314],[71.5435,51.1322],[71.5437,51.133],[71.5438,51.1336],[71.5437,51.1339],[71.5436,51.1342],[71.5433,51.1347],[71.5431,51.135],[71.5426,51.1357],[71.5426,51.1358]]}},{"type":"Feature","properties":{"c":"major"},"geometry":{"type":"LineString","coordinates":[[71.4526,51.0999],[71.4529,51.1008],[71.453,51.1012],[71.4533,51.1019],[71.4536,51.1024],[71.4538,51.1027],[71.454,51.1029],[71.4542,51.1031],[71.4546,51.1034],[71.4546,51.1034],[71.4548,51.1035]]}},{"type":"Feature","properties":{"c":"major"},"geometry":{"type":"LineString","coordinates":[[71.4504,51.0938],[71.4504,51.0939],[71.4507,51.0947],[71.451,51.0956]]}},{"type":"Feature","properties":{"c":"major"},"geometry":{"type":"LineString","coordinates":[[71.4601,51.1067],[71.4615,51.1076],[71.4622,51.1081],[71.4626,51.1084],[71.4627,51.1086],[71.463,51.1089],[71.4631,51.1092],[71.4634,51.1096],[71.4634,51.1097]]}},{"type":"Feature","properties":{"c":"major"},"geometry":{"type":"LineString","coordinates":[[71.4631,51.1097],[71.4631,51.1097],[71.463,51.1096],[71.4628,51.1092],[71.4627,51.1089],[71.4625,51.1087],[71.4623,51.1085],[71.462,51.1082],[71.4613,51.1077],[71.4598,51.1068]]}},{"type":"Feature","properties":{"c":"major"},"geometry":{"type":"LineString","coordinates":[[71.4566,51.1049],[71.4552,51.104],[71.4551,51.104],[71.4547,51.1037],[71.4546,51.1036]]}},{"type":"Feature","properties":{"c":"major"},"geometry":{"type":"LineString","coordinates":[[71.4548,51.1035],[71.4549,51.1036],[71.4549,51.1036],[71.4554,51.1039],[71.457,51.1048]]}},{"type":"Feature","properties":{"c":"major"},"geometry":{"type":"LineString","coordinates":[[71.457,51.1048],[71.4601,51.1067]]}},{"type":"Feature","properties":{"c":"major"},"geometry":{"type":"LineString","coordinates":[[71.4598,51.1068],[71.4566,51.1049]]}},{"type":"Feature","properties":{"c":"major"},"geometry":{"type":"LineString","coordinates":[[71.5008,51.1149],[71.5006,51.1149],[71.4996,51.115]]}},{"type":"Feature","properties":{"c":"major"},"geometry":{"type":"LineString","coordinates":[[71.5014,51.1148],[71.5008,51.1149]]}},{"type":"Feature","properties":{"c":"major"},"geometry":{"type":"LineString","coordinates":[[71.5026,51.1146],[71.5016,51.1147],[71.5014,51.1148]]}},{"type":"Feature","properties":{"c":"major"},"geometry":{"type":"LineString","coordinates":[[71.4981,51.1153],[71.4974,51.1154],[71.4972,51.1154],[71.4965,51.1155],[71.4963,51.1156],[71.4927,51.1161],[71.4915,51.1163],[71.4915,51.1163],[71.4913,51.1163],[71.4911,51.1164],[71.49,51.1166],[71.4842,51.1174],[71.4841,51.1175]]}},{"type":"Feature","properties":{"c":"major"},"geometry":{"type":"LineString","coordinates":[[71.5361,51.1141],[71.536,51.114],[71.5359,51.1137]]}},{"type":"Feature","properties":{"c":"major"},"geometry":{"type":"LineString","coordinates":[[71.5361,51.1142],[71.5361,51.1141]]}},{"type":"Feature","properties":{"c":"major"},"geometry":{"type":"LineString","coordinates":[[71.4272,51.1246],[71.4276,51.1255],[71.4278,51.1261],[71.4278,51.1262],[71.4278,51.1263],[71.4279,51.1264],[71.4287,51.1285],[71.4289,51.129],[71.4296,51.1307]]}},{"type":"Feature","properties":{"c":"major"},"geometry":{"type":"LineString","coordinates":[[71.4271,51.1246],[71.427,51.1245]]}},{"type":"Feature","properties":{"c":"major"},"geometry":{"type":"LineString","coordinates":[[71.427,51.1245],[71.4267,51.1238]]}},{"type":"Feature","properties":{"c":"major"},"geometry":{"type":"LineString","coordinates":[[71.4208,51.0968],[71.421,51.0973],[71.4213,51.098],[71.4214,51.0983],[71.4214,51.0985],[71.4218,51.0994],[71.422,51.1],[71.4222,51.1006],[71.4222,51.1007],[71.4223,51.1008]]}},{"type":"Feature","properties":{"c":"major"},"geometry":{"type":"LineString","coordinates":[[71.4236,51.1052],[71.4236,51.1052],[71.4236,51.1051],[71.4233,51.1044],[71.4228,51.1029],[71.4225,51.102],[71.4221,51.1011],[71.4221,51.101],[71.422,51.1008]]}},{"type":"Feature","properties":{"c":"major"},"geometry":{"type":"LineString","coordinates":[[71.4254,51.1096],[71.4255,51.1098],[71.4259,51.111],[71.4262,51.1117],[71.4262,51.1119],[71.4266,51.1129],[71.4268,51.1136],[71.4269,51.1138],[71.4269,51.114]]}},{"type":"Feature","properties":{"c":"major"},"geometry":{"type":"LineString","coordinates":[[71.4294,51.1205],[71.4295,51.1207],[71.4297,51.1211],[71.4297,51.1212],[71.4299,51.1217],[71.4302,51.1226],[71.4304,51.1229],[71.4304,51.1231],[71.4305,51.1232],[71.4306,51.1234],[71.4307,51.1238],[71.4308,51.124],[71.4309,51.1242],[71.4312,51.125],[71.4313,51.1251],[71.4314,51.1256],[71.4315,51.1257]]}},{"type":"Feature","properties":{"c":"major"},"geometry":{"type":"LineString","coordinates":[[71.4245,51.1078],[71.4248,51.1077]]}},{"type":"Feature","properties":{"c":"major"},"geometry":{"type":"LineString","coordinates":[[71.4237,51.1053],[71.4239,51.1053]]}},{"type":"Feature","properties":{"c":"major"},"geometry":{"type":"LineString","coordinates":[[71.4238,51.105],[71.4236,51.1051]]}},{"type":"Feature","properties":{"c":"major"},"geometry":{"type":"LineString","coordinates":[[71.4212,51.0985],[71.4214,51.0985]]}},{"type":"Feature","properties":{"c":"major"},"geometry":{"type":"LineString","coordinates":[[71.4268,51.114],[71.4267,51.1138],[71.426,51.1119],[71.4253,51.1099],[71.4253,51.1098],[71.4252,51.1096]]}},{"type":"Feature","properties":{"c":"major"},"geometry":{"type":"LineString","coordinates":[[71.4269,51.114],[71.4268,51.114]]}},{"type":"Feature","properties":{"c":"major"},"geometry":{"type":"LineString","coordinates":[[71.4269,51.114],[71.427,51.1142],[71.4272,51.1146],[71.4275,51.1156],[71.4276,51.116],[71.4277,51.1161]]}},{"type":"Feature","properties":{"c":"major"},"geometry":{"type":"LineString","coordinates":[[71.4268,51.114],[71.4266,51.114],[71.4256,51.1142]]}},{"type":"Feature","properties":{"c":"major"},"geometry":{"type":"LineString","coordinates":[[71.4088,51.1944],[71.409,51.1943],[71.4094,51.1942],[71.4103,51.1939],[71.4108,51.1937]]}},{"type":"Feature","properties":{"c":"major"},"geometry":{"type":"LineString","coordinates":[[71.4511,51.0967],[71.4511,51.0966],[71.451,51.0963],[71.4508,51.0958],[71.4504,51.0947],[71.4504,51.0946],[71.45,51.0934]]}},{"type":"Feature","properties":{"c":"major"},"geometry":{"type":"LineString","coordinates":[[71.4343,51.1333],[71.4344,51.1332]]}},{"type":"Feature","properties":{"c":"major"},"geometry":{"type":"LineString","coordinates":[[71.4286,51.0999],[71.4286,51.1],[71.4287,51.1001],[71.4288,51.1004],[71.4292,51.1016],[71.4295,51.1024]]}},{"type":"Feature","properties":{"c":"major"},"geometry":{"type":"LineString","coordinates":[[71.5372,51.1169],[71.5368,51.116],[71.5367,51.1157],[71.5365,51.1152],[71.5363,51.1146],[71.5361,51.1143]]}},{"type":"Feature","properties":{"c":"major"},"geometry":{"type":"LineString","coordinates":[[71.4901,51.2046],[71.4902,51.2044],[71.4911,51.204],[71.4911,51.204],[71.4918,51.2037],[71.4933,51.2031]]}},{"type":"Feature","properties":{"c":"major"},"geometry":{"type":"LineString","coordinates":[[71.5065,51.1981],[71.5051,51.1987]]}},{"type":"Feature","properties":{"c":"major"},"geometry":{"type":"LineString","coordinates":[[71.4492,51.0337],[71.4468,51.033],[71.4458,51.0327],[71.4391,51.0307],[71.4313,51.0283],[71.431,51.0282],[71.4207,51.0252],[71.4136,51.0233],[71.4114,51.0228],[71.41,51.0225],[71.4068,51.0219],[71.4046,51.0216],[71.4031,51.0215]]}},{"type":"Feature","properties":{"c":"major"},"geometry":{"type":"LineString","coordinates":[[71.4031,51.0214],[71.4045,51.0215],[71.4061,51.0217],[71.4062,51.0217],[71.4083,51.022],[71.4105,51.0225],[71.4128,51.023],[71.4142,51.0233],[71.4188,51.0246],[71.4221,51.0255],[71.4283,51.0272],[71.4298,51.0277],[71.433,51.0286],[71.4457,51.0325],[71.4475,51.0331],[71.4493,51.0336]]}},{"type":"Feature","properties":{"c":"major"},"geometry":{"type":"LineString","coordinates":[[71.4031,51.0215],[71.4028,51.0215]]}},{"type":"Feature","properties":{"c":"major"},"geometry":{"type":"LineString","coordinates":[[71.4028,51.0214],[71.4031,51.0214]]}},{"type":"Feature","properties":{"c":"major"},"geometry":{"type":"LineString","coordinates":[[71.3864,51.2268],[71.3866,51.2264],[71.3867,51.2261],[71.3874,51.2245],[71.3885,51.2218],[71.3887,51.2214],[71.3889,51.2209]]}},{"type":"Feature","properties":{"c":"major"},"geometry":{"type":"LineString","coordinates":[[71.407,51.1902],[71.4069,51.1906],[71.4069,51.1908],[71.4069,51.1909],[71.4068,51.1912],[71.4068,51.1912],[71.4067,51.1914]]}},{"type":"Feature","properties":{"c":"major"},"geometry":{"type":"LineString","coordinates":[[71.4111,51.1757],[71.4111,51.1758]]}},{"type":"Feature","properties":{"c":"major"},"geometry":{"type":"LineString","coordinates":[[71.3914,51.1966],[71.3898,51.197],[71.3892,51.1972],[71.3889,51.1973],[71.3886,51.1974],[71.3881,51.1976],[71.3876,51.1977],[71.3873,51.1978],[71.3869,51.198]]}},{"type":"Feature","properties":{"c":"major"},"geometry":{"type":"LineString","coordinates":[[71.4185,51.1767],[71.4185,51.1768],[71.4183,51.1772],[71.4182,51.1773]]}},{"type":"Feature","properties":{"c":"major"},"geometry":{"type":"LineString","coordinates":[[71.4588,51.191],[71.4583,51.1907]]}},{"type":"Feature","properties":{"c":"major"},"geometry":{"type":"LineString","coordinates":[[71.4495,51.1868],[71.4505,51.1873],[71.4525,51.1881],[71.453,51.1883],[71.453,51.1883],[71.4531,51.1884],[71.4537,51.1886],[71.4544,51.1889],[71.455,51.1892],[71.4553,51.1893],[71.4561,51.1896],[71.4561,51.1896],[71.4581,51.1905],[71.4584,51.1906],[71.4589,51.1908],[71.459,51.1908]]}},{"type":"Feature","properties":{"c":"major"},"geometry":{"type":"LineString","coordinates":[[71.459,51.1908],[71.4595,51.1911]]}},{"type":"Feature","properties":{"c":"major"},"geometry":{"type":"LineString","coordinates":[[71.4593,51.1912],[71.4588,51.191]]}},{"type":"Feature","properties":{"c":"major"},"geometry":{"type":"LineString","coordinates":[[71.4047,51.1269],[71.4049,51.1269],[71.4057,51.1268],[71.4066,51.1266],[71.4078,51.1264],[71.4081,51.1264],[71.4084,51.1263],[71.4092,51.1262],[71.412,51.1258],[71.4125,51.1257],[71.4126,51.1257],[71.413,51.1256]]}},{"type":"Feature","properties":{"c":"major"},"geometry":{"type":"LineString","coordinates":[[71.4265,51.1237],[71.4232,51.1242],[71.423,51.1242],[71.4229,51.1242],[71.4186,51.1249],[71.4184,51.1249],[71.4174,51.1251],[71.4172,51.1251],[71.417,51.1252]]}},{"type":"Feature","properties":{"c":"major"},"geometry":{"type":"LineString","coordinates":[[71.4135,51.1284],[71.4135,51.1283],[71.4134,51.1279],[71.4133,51.1273],[71.4133,51.1272],[71.4131,51.126],[71.4131,51.126],[71.413,51.1258],[71.413,51.1256]]}},{"type":"Feature","properties":{"c":"major"},"geometry":{"type":"LineString","coordinates":[[71.4132,51.1256],[71.4137,51.1255],[71.415,51.1253]]}},{"type":"Feature","properties":{"c":"major"},"geometry":{"type":"LineString","coordinates":[[71.4132,51.1256],[71.4132,51.1258],[71.4132,51.1259],[71.4136,51.1282],[71.4136,51.1282],[71.4137,51.1284]]}},{"type":"Feature","properties":{"c":"major"},"geometry":{"type":"LineString","coordinates":[[71.413,51.1256],[71.4132,51.1256]]}},{"type":"Feature","properties":{"c":"major"},"geometry":{"type":"LineString","coordinates":[[71.3665,51.1437],[71.3676,51.1435],[71.368,51.1434],[71.3685,51.1433],[71.3703,51.143],[71.3713,51.1429],[71.3713,51.1429]]}},{"type":"Feature","properties":{"c":"major"},"geometry":{"type":"LineString","coordinates":[[71.3714,51.143],[71.3697,51.1433],[71.3683,51.1435],[71.3667,51.1438],[71.3666,51.1438]]}},{"type":"Feature","properties":{"c":"major"},"geometry":{"type":"LineString","coordinates":[[71.417,51.097],[71.4168,51.097]]}},{"type":"Feature","properties":{"c":"major"},"geometry":{"type":"LineString","coordinates":[[71.4208,51.0967],[71.4208,51.0968]]}},{"type":"Feature","properties":{"c":"major"},"geometry":{"type":"LineString","coordinates":[[71.5501,51.1501],[71.5501,51.1501],[71.55,51.15],[71.55,51.15],[71.55,51.1499],[71.55,51.1499],[71.5501,51.1499],[71.5501,51.1498],[71.5502,51.1498],[71.5502,51.1498],[71.5503,51.1498],[71.5503,51.1498],[71.5503,51.1498]]}},{"type":"Feature","properties":{"c":"major"},"geometry":{"type":"LineString","coordinates":[[71.3815,51.13],[71.3804,51.1302],[71.3787,51.1304],[71.3783,51.1304],[71.378,51.1305],[71.3764,51.1307],[71.3749,51.1309],[71.3742,51.131],[71.3731,51.1311],[71.3723,51.1312],[71.372,51.1312],[71.3717,51.1313],[71.3707,51.1314],[71.369,51.1316],[71.3685,51.1317],[71.3674,51.1318],[71.3666,51.1319],[71.3656,51.1321],[71.3653,51.1321],[71.364,51.1323],[71.3622,51.1325],[71.3622,51.1325]]}},{"type":"Feature","properties":{"c":"major"},"geometry":{"type":"LineString","coordinates":[[71.3621,51.1323],[71.3636,51.1322],[71.3637,51.1321],[71.3661,51.1318],[71.3669,51.1317],[71.3673,51.1317],[71.3686,51.1315],[71.3703,51.1313],[71.3716,51.1311],[71.372,51.1311],[71.3765,51.1305],[71.3771,51.1304],[71.3779,51.1303],[71.3782,51.1303],[71.3786,51.1302],[71.3798,51.1301],[71.38,51.13],[71.381,51.1299],[71.3817,51.1298]]}},{"type":"Feature","properties":{"c":"major"},"geometry":{"type":"LineString","coordinates":[[71.4013,51.1175],[71.4014,51.1176]]}},{"type":"Feature","properties":{"c":"major"},"geometry":{"type":"LineString","coordinates":[[71.436,51.1222],[71.4344,51.1224],[71.4336,51.1226],[71.4335,51.1226],[71.4331,51.1226],[71.4329,51.1227],[71.4324,51.1228],[71.432,51.1228]]}},{"type":"Feature","properties":{"c":"major"},"geometry":{"type":"LineString","coordinates":[[71.4385,51.1326],[71.4368,51.1329]]}},{"type":"Feature","properties":{"c":"major"},"geometry":{"type":"LineString","coordinates":[[71.4367,51.1328],[71.4384,51.1325]]}},{"type":"Feature","properties":{"c":"major"},"geometry":{"type":"LineString","coordinates":[[71.516,51.15],[71.5145,51.1506],[71.5131,51.1511],[71.5118,51.1516],[71.5104,51.1521],[71.5089,51.1528],[71.5087,51.1528],[71.5085,51.1529]]}},{"type":"Feature","properties":{"c":"major"},"geometry":{"type":"LineString","coordinates":[[71.5085,51.1529],[71.5087,51.1528],[71.5088,51.1527],[71.5103,51.1521],[71.5117,51.1515],[71.5131,51.151],[71.5145,51.1505],[71.5159,51.1499]]}},{"type":"Feature","properties":{"c":"major"},"geometry":{"type":"LineString","coordinates":[[71.5264,51.1421],[71.5271,51.1428],[71.5272,51.1429],[71.5273,51.1431],[71.5278,51.1436],[71.528,51.1438],[71.5289,51.1447],[71.529,51.1448]]}},{"type":"Feature","properties":{"c":"major"},"geometry":{"type":"LineString","coordinates":[[71.5289,51.1449],[71.5288,51.1448],[71.5286,51.1446],[71.5268,51.1428],[71.5259,51.1419],[71.5245,51.1404]]}},{"type":"Feature","properties":{"c":"major"},"geometry":{"type":"LineString","coordinates":[[71.5289,51.1449],[71.529,51.1448]]}},{"type":"Feature","properties":{"c":"major"},"geometry":{"type":"LineString","coordinates":[[71.5299,51.1459],[71.5301,51.1463],[71.5302,51.1467],[71.5302,51.147],[71.5301,51.1472],[71.5301,51.1476],[71.53,51.1482],[71.53,51.1485],[71.53,51.1487],[71.5301,51.1489],[71.5302,51.1492],[71.5304,51.1494],[71.5307,51.1498]]}},{"type":"Feature","properties":{"c":"major"},"geometry":{"type":"LineString","coordinates":[[71.5259,51.1462],[71.5258,51.1462],[71.5257,51.1462],[71.5255,51.1463],[71.5242,51.1468],[71.5229,51.1473],[71.5216,51.1478],[71.5202,51.1484],[71.5188,51.1489],[71.5174,51.1494],[71.516,51.15]]}},{"type":"Feature","properties":{"c":"major"},"geometry":{"type":"LineString","coordinates":[[71.429,51.1778],[71.4267,51.1776],[71.4247,51.1774],[71.4243,51.1773],[71.424,51.1773]]}},{"type":"Feature","properties":{"c":"major"},"geometry":{"type":"LineString","coordinates":[[71.4027,51.1274],[71.4002,51.1277],[71.4,51.1277],[71.3987,51.1279],[71.3961,51.1282]]}},{"type":"Feature","properties":{"c":"major"},"geometry":{"type":"LineString","coordinates":[[71.3961,51.1282],[71.3958,51.1283],[71.3955,51.1283]]}},{"type":"Feature","properties":{"c":"major"},"geometry":{"type":"LineString","coordinates":[[71.628,51.1354],[71.6278,51.1353],[71.6233,51.1299]]}},{"type":"Feature","properties":{"c":"major"},"geometry":{"type":"LineString","coordinates":[[71.4775,51.1983],[71.4776,51.1983],[71.4777,51.1984],[71.4777,51.1984],[71.4777,51.1985],[71.4776,51.1985],[71.4775,51.1986],[71.4774,51.1987]]}},{"type":"Feature","properties":{"c":"major"},"geometry":{"type":"LineString","coordinates":[[71.5511,51.1502],[71.5504,51.15]]}},{"type":"Feature","properties":{"c":"major"},"geometry":{"type":"LineString","coordinates":[[71.5504,51.1499],[71.5511,51.1502]]}},{"type":"Feature","properties":{"c":"major"},"geometry":{"type":"LineString","coordinates":[[71.5496,51.1499],[71.5501,51.1499]]}},{"type":"Feature","properties":{"c":"major"},"geometry":{"type":"LineString","coordinates":[[71.55,51.15],[71.5496,51.15]]}},{"type":"Feature","properties":{"c":"major"},"geometry":{"type":"LineString","coordinates":[[71.5503,51.1498],[71.5504,51.1499],[71.5504,51.1499],[71.5504,51.15],[71.5504,51.15],[71.5504,51.15],[71.5503,51.1501],[71.5503,51.1501],[71.5502,51.1501],[71.5501,51.1501]]}},{"type":"Feature","properties":{"c":"major"},"geometry":{"type":"LineString","coordinates":[[71.4861,51.0877],[71.486,51.0877],[71.4853,51.0875]]}},{"type":"Feature","properties":{"c":"major"},"geometry":{"type":"LineString","coordinates":[[71.3531,50.9708],[71.3545,50.9706],[71.3579,50.9701],[71.3581,50.9701],[71.3584,50.9701],[71.3588,50.9701],[71.3594,50.9701],[71.36,50.9701],[71.3607,50.9703],[71.3614,50.9705],[71.3618,50.9706],[71.3623,50.9707],[71.3632,50.9709]]}},{"type":"Feature","properties":{"c":"major"},"geometry":{"type":"LineString","coordinates":[[71.3958,51.1281],[71.3961,51.1281],[71.3965,51.128],[71.3972,51.1279],[71.3973,51.1279],[71.3983,51.1278],[71.3984,51.1278],[71.3999,51.1276],[71.4001,51.1276],[71.4013,51.1274],[71.4028,51.1272]]}},{"type":"Feature","properties":{"c":"major"},"geometry":{"type":"LineString","coordinates":[[71.5374,51.1169],[71.5376,51.1173]]}},{"type":"Feature","properties":{"c":"major"},"geometry":{"type":"LineString","coordinates":[[71.5376,51.1173],[71.5372,51.1169]]}},{"type":"Feature","properties":{"c":"major"},"geometry":{"type":"LineString","coordinates":[[71.4959,51.1315],[71.4966,51.1317],[71.4973,51.1318],[71.4981,51.1321],[71.4987,51.1322],[71.4995,51.1325],[71.4998,51.1326],[71.5001,51.1326],[71.5006,51.1328],[71.501,51.1329],[71.5024,51.1333],[71.5028,51.1334],[71.5039,51.1337]]}},{"type":"Feature","properties":{"c":"major"},"geometry":{"type":"LineString","coordinates":[[71.4498,51.0922],[71.4499,51.0924],[71.4499,51.0924]]}},{"type":"Feature","properties":{"c":"major"},"geometry":{"type":"LineString","coordinates":[[71.4497,51.0925],[71.4496,51.0924],[71.4496,51.0924],[71.4496,51.0922]]}},{"type":"Feature","properties":{"c":"major"},"geometry":{"type":"LineString","coordinates":[[71.3809,51.003],[71.3799,51.0021],[71.3798,51.002],[71.3785,51.0009],[71.3781,51.0005],[71.378,51.0005],[71.3779,51.0004],[71.3775,51.0],[71.3757,50.9985],[71.3753,50.9982],[71.3744,50.9975],[71.3743,50.9973],[71.3737,50.9969],[71.373,50.9962],[71.3722,50.9955],[71.372,50.9954],[71.3719,50.9953],[71.3716,50.995],[71.3713,50.9948],[71.3706,50.9942],[71.3703,50.994],[71.3699,50.9936],[71.3695,50.9933]]}},{"type":"Feature","properties":{"c":"major"},"geometry":{"type":"LineString","coordinates":[[71.5406,51.1522],[71.5391,51.1527]]}},{"type":"Feature","properties":{"c":"major"},"geometry":{"type":"LineString","coordinates":[[71.4537,51.1551],[71.4539,51.1553],[71.454,51.1553],[71.4546,51.1556],[71.4554,51.1559],[71.4577,51.1568],[71.4592,51.1573],[71.4606,51.1578],[71.4617,51.1581],[71.4618,51.1582]]}},{"type":"Feature","properties":{"c":"major"},"geometry":{"type":"LineString","coordinates":[[71.4207,51.1444],[71.4207,51.1442],[71.4204,51.1438],[71.4194,51.1423],[71.4193,51.1422],[71.4185,51.1408],[71.4182,51.1404],[71.4181,51.1402],[71.4173,51.139],[71.4173,51.1389],[71.4167,51.1381],[71.4159,51.1367],[71.4158,51.1366],[71.4158,51.1365]]}},{"type":"Feature","properties":{"c":"major"},"geometry":{"type":"LineString","coordinates":[[71.4209,51.1443],[71.4216,51.1455],[71.4221,51.1462]]}},{"type":"Feature","properties":{"c":"major"},"geometry":{"type":"LineString","coordinates":[[71.4749,51.1268],[71.4753,51.1267],[71.4761,51.1266],[71.4763,51.1265]]}},{"type":"Feature","properties":{"c":"major"},"geometry":{"type":"LineString","coordinates":[[71.4105,51.2007],[71.4105,51.2008]]}},{"type":"Feature","properties":{"c":"major"},"geometry":{"type":"LineString","coordinates":[[71.5303,51.1101],[71.5314,51.11]]}},{"type":"Feature","properties":{"c":"major"},"geometry":{"type":"LineString","coordinates":[[71.5314,51.1101],[71.5303,51.1102]]}},{"type":"Feature","properties":{"c":"major"},"geometry":{"type":"LineString","coordinates":[[71.3619,51.1324],[71.3621,51.1323]]}},{"type":"Feature","properties":{"c":"major"},"geometry":{"type":"LineString","coordinates":[[71.3622,51.1325],[71.3619,51.1325]]}},{"type":"Feature","properties":{"c":"major"},"geometry":{"type":"LineString","coordinates":[[71.3619,51.1325],[71.362,51.1327]]}},{"type":"Feature","properties":{"c":"major"},"geometry":{"type":"LineString","coordinates":[[71.3617,51.1327],[71.3617,51.1326],[71.3616,51.1324]]}},{"type":"Feature","properties":{"c":"major"},"geometry":{"type":"LineString","coordinates":[[71.3404,51.1897],[71.3406,51.1896],[71.3408,51.1896],[71.3449,51.1886],[71.3451,51.1885]]}},{"type":"Feature","properties":{"c":"major"},"geometry":{"type":"LineString","coordinates":[[71.3342,51.1914],[71.332,51.1919],[71.3297,51.1925],[71.3257,51.1934],[71.3217,51.1944]]}},{"type":"Feature","properties":{"c":"major"},"geometry":{"type":"LineString","coordinates":[[71.4076,51.1881],[71.4074,51.189],[71.4073,51.1895],[71.4072,51.1899],[71.4071,51.19],[71.407,51.1902]]}},{"type":"Feature","properties":{"c":"major"},"geometry":{"type":"LineString","coordinates":[[71.4085,51.1851],[71.4085,51.1853],[71.4084,51.1854],[71.4081,51.1864],[71.4079,51.1872],[71.4077,51.1879],[71.4077,51.188]]}},{"type":"Feature","properties":{"c":"major"},"geometry":{"type":"LineString","coordinates":[[71.4077,51.188],[71.4076,51.1881]]}},{"type":"Feature","properties":{"c":"major"},"geometry":{"type":"LineString","coordinates":[[71.4259,51.1215],[71.4261,51.1218],[71.4263,51.1223],[71.4265,51.1229],[71.4266,51.1232]]}},{"type":"Feature","properties":{"c":"major"},"geometry":{"type":"LineString","coordinates":[[71.3965,51.1473],[71.3966,51.1473],[71.3968,51.1473],[71.3971,51.1472],[71.3994,51.1469],[71.4013,51.1466],[71.4052,51.146]]}},{"type":"Feature","properties":{"c":"major"},"geometry":{"type":"LineString","coordinates":[[71.4058,51.1461],[71.4005,51.1469],[71.3994,51.147],[71.3972,51.1474],[71.3969,51.1474],[71.3967,51.1474],[71.3966,51.1475]]}},{"type":"Feature","properties":{"c":"major"},"geometry":{"type":"LineString","coordinates":[[71.5041,51.1476],[71.5055,51.147]]}},{"type":"Feature","properties":{"c":"major"},"geometry":{"type":"LineString","coordinates":[[71.5036,51.1478],[71.5038,51.1477]]}},{"type":"Feature","properties":{"c":"major"},"geometry":{"type":"LineString","coordinates":[[71.5042,51.1476],[71.504,51.1477],[71.5039,51.1477],[71.5037,51.1478]]}},{"type":"Feature","properties":{"c":"major"},"geometry":{"type":"LineString","coordinates":[[71.5056,51.1471],[71.5042,51.1476]]}},{"type":"Feature","properties":{"c":"major"},"geometry":{"type":"LineString","coordinates":[[71.504,51.1479],[71.5039,51.1477]]}},{"type":"Feature","properties":{"c":"major"},"geometry":{"type":"LineString","coordinates":[[71.5038,51.1477],[71.5037,51.1475]]}},{"type":"Feature","properties":{"c":"major"},"geometry":{"type":"LineString","coordinates":[[71.504,51.1477],[71.5042,51.1478]]}},{"type":"Feature","properties":{"c":"major"},"geometry":{"type":"LineString","coordinates":[[71.5038,51.1475],[71.504,51.1476]]}},{"type":"Feature","properties":{"c":"major"},"geometry":{"type":"LineString","coordinates":[[71.4125,51.1221],[71.4126,51.1221],[71.4126,51.1222],[71.4126,51.1223]]}},{"type":"Feature","properties":{"c":"major"},"geometry":{"type":"LineString","coordinates":[[71.4119,51.1186],[71.4121,51.1193],[71.4123,51.1207],[71.4125,51.1221]]}},{"type":"Feature","properties":{"c":"major"},"geometry":{"type":"LineString","coordinates":[[71.4124,51.1221],[71.412,51.1201]]}},{"type":"Feature","properties":{"c":"major"},"geometry":{"type":"LineString","coordinates":[[71.4124,51.1223],[71.4124,51.1222],[71.4124,51.1222],[71.4124,51.1221]]}},{"type":"Feature","properties":{"c":"major"},"geometry":{"type":"LineString","coordinates":[[71.4267,51.1238],[71.4267,51.1236]]}},{"type":"Feature","properties":{"c":"major"},"geometry":{"type":"LineString","coordinates":[[71.4266,51.1234],[71.4266,51.1234]]}},{"type":"Feature","properties":{"c":"major"},"geometry":{"type":"LineString","coordinates":[[71.4267,51.1233],[71.4267,51.1234]]}},{"type":"Feature","properties":{"c":"major"},"geometry":{"type":"LineString","coordinates":[[71.4267,51.1234],[71.4269,51.1234]]}},{"type":"Feature","properties":{"c":"major"},"geometry":{"type":"LineString","coordinates":[[71.4268,51.1236],[71.4269,51.1238]]}},{"type":"Feature","properties":{"c":"major"},"geometry":{"type":"LineString","coordinates":[[71.4267,51.1236],[71.4265,51.1237]]}},{"type":"Feature","properties":{"c":"major"},"geometry":{"type":"LineString","coordinates":[[71.427,51.1236],[71.4268,51.1236]]}},{"type":"Feature","properties":{"c":"major"},"geometry":{"type":"LineString","coordinates":[[71.4264,51.1235],[71.4266,51.1234]]}},{"type":"Feature","properties":{"c":"major"},"geometry":{"type":"LineString","coordinates":[[71.4266,51.1234],[71.4264,51.123],[71.4258,51.1215]]}},{"type":"Feature","properties":{"c":"major"},"geometry":{"type":"LineString","coordinates":[[71.4168,51.1825],[71.4166,51.183],[71.4166,51.1831]]}},{"type":"Feature","properties":{"c":"major"},"geometry":{"type":"LineString","coordinates":[[71.529,51.145],[71.5286,51.1451],[71.5259,51.1462]]}},{"type":"Feature","properties":{"c":"major"},"geometry":{"type":"LineString","coordinates":[[71.5256,51.1462],[71.5257,51.1461],[71.5258,51.1461],[71.5267,51.1457],[71.5286,51.145],[71.5289,51.1449]]}},{"type":"Feature","properties":{"c":"major"},"geometry":{"type":"LineString","coordinates":[[71.53,51.147],[71.53,51.1469],[71.53,51.1466],[71.5299,51.1463],[71.5298,51.146],[71.5296,51.1457],[71.5293,51.1454],[71.529,51.1451],[71.529,51.145]]}},{"type":"Feature","properties":{"c":"major"},"geometry":{"type":"LineString","coordinates":[[71.5291,51.1449],[71.5292,51.145],[71.5293,51.1452],[71.5294,51.1453],[71.5297,51.1457],[71.5299,51.1459]]}},{"type":"Feature","properties":{"c":"major"},"geometry":{"type":"LineString","coordinates":[[71.406,51.0984],[71.4062,51.0984]]}},{"type":"Feature","properties":{"c":"major"},"geometry":{"type":"LineString","coordinates":[[71.4056,51.0985],[71.4058,51.0985],[71.406,51.0984]]}},{"type":"Feature","properties":{"c":"major"},"geometry":{"type":"LineString","coordinates":[[71.4059,51.0983],[71.406,51.0984]]}},{"type":"Feature","properties":{"c":"major"},"geometry":{"type":"LineString","coordinates":[[71.4058,51.0986],[71.4058,51.0985],[71.4058,51.0983]]}},{"type":"Feature","properties":{"c":"major"},"geometry":{"type":"LineString","coordinates":[[71.406,51.0984],[71.406,51.0986],[71.406,51.0987]]}},{"type":"Feature","properties":{"c":"major"},"geometry":{"type":"LineString","coordinates":[[71.4059,51.0987],[71.4058,51.0986]]}},{"type":"Feature","properties":{"c":"major"},"geometry":{"type":"LineString","coordinates":[[71.4062,51.0985],[71.406,51.0986],[71.4058,51.0986]]}},{"type":"Feature","properties":{"c":"major"},"geometry":{"type":"LineString","coordinates":[[71.4058,51.0986],[71.4056,51.0986]]}},{"type":"Feature","properties":{"c":"major"},"geometry":{"type":"LineString","coordinates":[[71.4117,51.0977],[71.4116,51.0978]]}},{"type":"Feature","properties":{"c":"major"},"geometry":{"type":"LineString","coordinates":[[71.4114,51.0978],[71.4112,51.0978]]}},{"type":"Feature","properties":{"c":"major"},"geometry":{"type":"LineString","coordinates":[[71.4112,51.0977],[71.4114,51.0977],[71.4115,51.0976],[71.4116,51.0976]]}},{"type":"Feature","properties":{"c":"major"},"geometry":{"type":"LineString","coordinates":[[71.4062,51.0984],[71.4071,51.0983],[71.4106,51.0978],[71.4111,51.0977],[71.4112,51.0977]]}},{"type":"Feature","properties":{"c":"major"},"geometry":{"type":"LineString","coordinates":[[71.4083,51.1363],[71.4081,51.1357]]}},{"type":"Feature","properties":{"c":"major"},"geometry":{"type":"LineString","coordinates":[[71.4095,51.134],[71.4079,51.1343],[71.4078,51.1343]]}},{"type":"Feature","properties":{"c":"major"},"geometry":{"type":"LineString","coordinates":[[71.3816,51.0032],[71.3818,51.0032]]}},{"type":"Feature","properties":{"c":"major"},"geometry":{"type":"LineString","coordinates":[[71.4155,51.1869],[71.4152,51.188]]}},{"type":"Feature","properties":{"c":"major"},"geometry":{"type":"LineString","coordinates":[[71.4166,51.1831],[71.4166,51.1833]]}},{"type":"Feature","properties":{"c":"major"},"geometry":{"type":"LineString","coordinates":[[71.4166,51.1833],[71.4162,51.1846]]}},{"type":"Feature","properties":{"c":"major"},"geometry":{"type":"LineString","coordinates":[[71.4162,51.1846],[71.4161,51.1848]]}},{"type":"Feature","properties":{"c":"major"},"geometry":{"type":"LineString","coordinates":[[71.4161,51.1848],[71.416,51.1853]]}},{"type":"Feature","properties":{"c":"major"},"geometry":{"type":"LineString","coordinates":[[71.416,51.1853],[71.4158,51.186],[71.4158,51.1861],[71.4158,51.1862],[71.4155,51.1869]]}},{"type":"Feature","properties":{"c":"major"},"geometry":{"type":"LineString","coordinates":[[71.4133,51.1682],[71.4132,51.1685]]}},{"type":"Feature","properties":{"c":"major"},"geometry":{"type":"LineString","coordinates":[[71.4132,51.1685],[71.413,51.1691],[71.413,51.1692]]}},{"type":"Feature","properties":{"c":"major"},"geometry":{"type":"LineString","coordinates":[[71.4135,51.1675],[71.4133,51.1682]]}},{"type":"Feature","properties":{"c":"major"},"geometry":{"type":"LineString","coordinates":[[71.4137,51.1668],[71.4137,51.1669],[71.4135,51.1675]]}},{"type":"Feature","properties":{"c":"major"},"geometry":{"type":"LineString","coordinates":[[71.4211,51.1876],[71.4211,51.1877]]}},{"type":"Feature","properties":{"c":"major"},"geometry":{"type":"LineString","coordinates":[[71.4216,51.185],[71.4215,51.1856]]}},{"type":"Feature","properties":{"c":"major"},"geometry":{"type":"LineString","coordinates":[[71.4239,51.1778],[71.4237,51.1784],[71.4234,51.1793],[71.4234,51.1794],[71.4233,51.1795],[71.4232,51.1798],[71.4232,51.1799],[71.4232,51.1801],[71.4229,51.1808],[71.4229,51.1811],[71.4227,51.1814]]}},{"type":"Feature","properties":{"c":"major"},"geometry":{"type":"LineString","coordinates":[[71.4111,51.1758],[71.411,51.176],[71.4109,51.1764],[71.4107,51.1771]]}},{"type":"Feature","properties":{"c":"major"},"geometry":{"type":"LineString","coordinates":[[71.4115,51.1742],[71.4113,51.1751],[71.4112,51.1752],[71.4112,51.1755],[71.4111,51.1757]]}},{"type":"Feature","properties":{"c":"major"},"geometry":{"type":"LineString","coordinates":[[71.4227,51.1814],[71.4223,51.1828],[71.4223,51.1829],[71.4222,51.183],[71.4222,51.1833],[71.4218,51.1845],[71.4217,51.1846],[71.4216,51.185]]}},{"type":"Feature","properties":{"c":"major"},"geometry":{"type":"LineString","coordinates":[[71.4101,51.1903],[71.4109,51.1901]]}},{"type":"Feature","properties":{"c":"major"},"geometry":{"type":"LineString","coordinates":[[71.4109,51.1901],[71.4117,51.1898],[71.4118,51.1897],[71.412,51.1897],[71.4127,51.1895]]}},{"type":"Feature","properties":{"c":"major"},"geometry":{"type":"LineString","coordinates":[[71.4074,51.1926],[71.4081,51.1935]]}},{"type":"Feature","properties":{"c":"major"},"geometry":{"type":"LineString","coordinates":[[71.4081,51.1935],[71.4087,51.1942],[71.4088,51.1944]]}},{"type":"Feature","properties":{"c":"major"},"geometry":{"type":"LineString","coordinates":[[71.4188,51.1913],[71.4189,51.1912]]}},{"type":"Feature","properties":{"c":"major"},"geometry":{"type":"LineString","coordinates":[[71.4189,51.1912],[71.4195,51.191],[71.4201,51.1908],[71.4203,51.1907],[71.4204,51.1907],[71.4205,51.1906]]}},{"type":"Feature","properties":{"c":"major"},"geometry":{"type":"LineString","coordinates":[[71.4206,51.1905],[71.4205,51.1906]]}},{"type":"Feature","properties":{"c":"major"},"geometry":{"type":"LineString","coordinates":[[71.3717,51.1428],[71.3727,51.1426],[71.3735,51.1425],[71.3748,51.1423],[71.3812,51.1412],[71.3814,51.1412],[71.3814,51.1411],[71.3817,51.1411]]}},{"type":"Feature","properties":{"c":"major"},"geometry":{"type":"LineString","coordinates":[[71.3713,51.1429],[71.3715,51.1428],[71.3717,51.1428]]}},{"type":"Feature","properties":{"c":"major"},"geometry":{"type":"LineString","coordinates":[[71.3718,51.143],[71.3716,51.143],[71.3714,51.143]]}},{"type":"Feature","properties":{"c":"major"},"geometry":{"type":"LineString","coordinates":[[71.3817,51.1413],[71.3815,51.1413],[71.3805,51.1415],[71.3718,51.1429],[71.3718,51.143]]}},{"type":"Feature","properties":{"c":"major"},"geometry":{"type":"LineString","coordinates":[[71.4333,51.1131],[71.4334,51.1132]]}},{"type":"Feature","properties":{"c":"major"},"geometry":{"type":"LineString","coordinates":[[71.4332,51.1132],[71.4332,51.1131]]}},{"type":"Feature","properties":{"c":"major"},"geometry":{"type":"LineString","coordinates":[[71.4332,51.1131],[71.4331,51.1128]]}},{"type":"Feature","properties":{"c":"major"},"geometry":{"type":"LineString","coordinates":[[71.4332,51.1128],[71.4333,51.1131]]}},{"type":"Feature","properties":{"c":"major"},"geometry":{"type":"LineString","coordinates":[[71.4336,51.113],[71.4333,51.1131]]}},{"type":"Feature","properties":{"c":"major"},"geometry":{"type":"LineString","coordinates":[[71.4332,51.1131],[71.4328,51.1131]]}},{"type":"Feature","properties":{"c":"major"},"geometry":{"type":"LineString","coordinates":[[71.4349,51.1175],[71.4349,51.1176],[71.435,51.1177],[71.435,51.1177]]}},{"type":"Feature","properties":{"c":"major"},"geometry":{"type":"LineString","coordinates":[[71.4341,51.1154],[71.4349,51.1175],[71.4349,51.1175]]}},{"type":"Feature","properties":{"c":"major"},"geometry":{"type":"LineString","coordinates":[[71.4348,51.1175],[71.4348,51.1175],[71.4344,51.1164],[71.4342,51.1159],[71.434,51.1155],[71.434,51.1154]]}},{"type":"Feature","properties":{"c":"major"},"geometry":{"type":"LineString","coordinates":[[71.4348,51.1177],[71.4348,51.1176],[71.4348,51.1175]]}},{"type":"Feature","properties":{"c":"major"},"geometry":{"type":"LineString","coordinates":[[71.4341,51.1152],[71.4341,51.1154]]}},{"type":"Feature","properties":{"c":"major"},"geometry":{"type":"LineString","coordinates":[[71.434,51.1151],[71.4341,51.1152]]}},{"type":"Feature","properties":{"c":"major"},"geometry":{"type":"LineString","coordinates":[[71.434,51.1154],[71.434,51.1153],[71.4339,51.1151]]}},{"type":"Feature","properties":{"c":"major"},"geometry":{"type":"LineString","coordinates":[[71.4339,51.1151],[71.4338,51.1148],[71.4334,51.1138],[71.4333,51.1135],[71.4332,51.1133],[71.4332,51.1132]]}},{"type":"Feature","properties":{"c":"major"},"geometry":{"type":"LineString","coordinates":[[71.4383,51.1729],[71.4383,51.173]]}},{"type":"Feature","properties":{"c":"major"},"geometry":{"type":"LineString","coordinates":[[71.4383,51.173],[71.4382,51.1729]]}},{"type":"Feature","properties":{"c":"major"},"geometry":{"type":"LineString","coordinates":[[71.4898,51.16],[71.4884,51.1605],[71.4882,51.1606],[71.488,51.1607],[71.4878,51.1607],[71.4871,51.161],[71.4869,51.1611],[71.4857,51.1616],[71.4855,51.1616],[71.4839,51.1623],[71.4833,51.1625]]}},{"type":"Feature","properties":{"c":"major"},"geometry":{"type":"LineString","coordinates":[[71.3819,51.0014],[71.3819,51.0023],[71.3819,51.0028],[71.3818,51.0032],[71.3818,51.0042],[71.3811,51.0123],[71.3811,51.0135],[71.381,51.0136],[71.381,51.0146],[71.381,51.0151],[71.3807,51.0183],[71.3807,51.0185],[71.3807,51.0208],[71.3807,51.0218],[71.3808,51.0228]]}},{"type":"Feature","properties":{"c":"major"},"geometry":{"type":"LineString","coordinates":[[71.3805,51.0229],[71.3804,51.0211],[71.3806,51.0177],[71.3807,51.0153],[71.3807,51.0152],[71.3807,51.0148],[71.381,51.0124],[71.3811,51.0112],[71.3812,51.0086],[71.3813,51.0086],[71.3813,51.0072],[71.3814,51.0066],[71.3815,51.0051],[71.3815,51.0046],[71.3815,51.0042],[71.3816,51.0039]]}},{"type":"Feature","properties":{"c":"major"},"geometry":{"type":"LineString","coordinates":[[71.3003,51.204],[71.298,51.2051],[71.2859,51.2107],[71.2824,51.2124],[71.2822,51.2125],[71.2731,51.2168],[71.2661,51.2201],[71.265,51.2205],[71.2639,51.2209],[71.2629,51.2212],[71.2586,51.2223],[71.2576,51.2226],[71.2466,51.2254],[71.2465,51.2254],[71.2461,51.2255],[71.2453,51.2257],[71.245,51.2258],[71.2412,51.2268]]}},{"type":"Feature","properties":{"c":"major"},"geometry":{"type":"LineString","coordinates":[[71.2019,51.2366],[71.2066,51.2354],[71.2318,51.2291],[71.2334,51.2287],[71.2339,51.2285],[71.2343,51.2284],[71.2411,51.2267]]}},{"type":"Feature","properties":{"c":"major"},"geometry":{"type":"LineString","coordinates":[[71.5245,51.1398],[71.5257,51.1393],[71.5268,51.1389],[71.5283,51.1384],[71.5285,51.1382]]}},{"type":"Feature","properties":{"c":"major"},"geometry":{"type":"LineString","coordinates":[[71.7021,51.1077],[71.7056,51.1067],[71.7069,51.1064],[71.7108,51.105],[71.7113,51.1048],[71.7118,51.1046]]}},{"type":"Feature","properties":{"c":"major"},"geometry":{"type":"LineString","coordinates":[[71.4227,51.0834],[71.4227,51.0834],[71.4227,51.0835],[71.4229,51.0839],[71.4234,51.0854],[71.4236,51.086],[71.4238,51.0865],[71.4238,51.0865],[71.4239,51.0867],[71.4239,51.0868],[71.424,51.0869],[71.4241,51.0874],[71.4241,51.0874],[71.4242,51.0877],[71.4246,51.0886],[71.425,51.0898],[71.4251,51.0901],[71.4254,51.0909],[71.4254,51.0909],[71.4254,51.0911],[71.4255,51.0912],[71.4255,51.0912],[71.4257,51.0916],[71.4258,51.092],[71.4261,51.0929],[71.4265,51.0941],[71.4267,51.0946],[71.427,51.0953],[71.427,51.0954],[71.427,51.0955]]}},{"type":"Feature","properties":{"c":"major"},"geometry":{"type":"LineString","coordinates":[[71.4286,51.0998],[71.4286,51.0999]]}},{"type":"Feature","properties":{"c":"major"},"geometry":{"type":"LineString","coordinates":[[71.4293,51.1024],[71.4286,51.1005],[71.4286,51.1004],[71.4285,51.1001],[71.4285,51.1],[71.4284,51.0999]]}},{"type":"Feature","properties":{"c":"major"},"geometry":{"type":"LineString","coordinates":[[71.3645,51.1442],[71.3636,51.1443],[71.363,51.1444],[71.3618,51.1447],[71.3535,51.1461],[71.3526,51.1463],[71.3522,51.1464],[71.3488,51.147],[71.3486,51.1473],[71.3485,51.1475],[71.3484,51.1476]]}},{"type":"Feature","properties":{"c":"major"},"geometry":{"type":"LineString","coordinates":[[71.3482,51.1475],[71.3482,51.1474],[71.3483,51.1472],[71.3485,51.1469],[71.3485,51.1468],[71.3488,51.1468],[71.3488,51.1468],[71.3609,51.1446],[71.3621,51.1444],[71.3643,51.1441]]}},{"type":"Feature","properties":{"c":"major"},"geometry":{"type":"LineString","coordinates":[[71.3475,51.1472],[71.3478,51.1472],[71.3479,51.1472],[71.3481,51.1471],[71.3483,51.147],[71.3485,51.1469]]}},{"type":"Feature","properties":{"c":"major"},"geometry":{"type":"LineString","coordinates":[[71.4692,51.1332],[71.4703,51.1317],[71.4705,51.1315],[71.4708,51.131]]}},{"type":"Feature","properties":{"c":"major"},"geometry":{"type":"LineString","coordinates":[[71.4679,51.135],[71.4684,51.1343],[71.4685,51.1343],[71.4692,51.1332]]}},{"type":"Feature","properties":{"c":"major"},"geometry":{"type":"LineString","coordinates":[[71.4315,51.1257],[71.4315,51.1259],[71.4316,51.1261],[71.432,51.1271],[71.4322,51.1274],[71.4324,51.128],[71.4324,51.128],[71.4326,51.1285],[71.4326,51.1286]]}},{"type":"Feature","properties":{"c":"major"},"geometry":{"type":"LineString","coordinates":[[71.5073,51.1008],[71.5068,51.0994]]}},{"type":"Feature","properties":{"c":"major"},"geometry":{"type":"LineString","coordinates":[[71.507,51.0994],[71.5076,51.1008]]}},{"type":"Feature","properties":{"c":"major"},"geometry":{"type":"LineString","coordinates":[[71.5088,51.1047],[71.5085,51.1039],[71.5083,51.1032]]}},{"type":"Feature","properties":{"c":"major"},"geometry":{"type":"LineString","coordinates":[[71.5086,51.1032],[71.5091,51.1047]]}},{"type":"Feature","properties":{"c":"major"},"geometry":{"type":"LineString","coordinates":[[71.4561,51.1618],[71.4589,51.1609],[71.4591,51.1608],[71.4607,51.1603],[71.4621,51.1599]]}},{"type":"Feature","properties":{"c":"major"},"geometry":{"type":"LineString","coordinates":[[71.4464,51.1648],[71.4497,51.1638]]}},{"type":"Feature","properties":{"c":"major"},"geometry":{"type":"LineString","coordinates":[[71.4297,51.131],[71.4299,51.1316],[71.4303,51.1325],[71.4307,51.1337],[71.4308,51.1339],[71.4308,51.134]]}},{"type":"Feature","properties":{"c":"major"},"geometry":{"type":"LineString","coordinates":[[71.4296,51.1307],[71.4296,51.1308],[71.4296,51.1309],[71.4297,51.131]]}},{"type":"Feature","properties":{"c":"major"},"geometry":{"type":"LineString","coordinates":[[71.4294,51.1309],[71.4268,51.1313]]}},{"type":"Feature","properties":{"c":"major"},"geometry":{"type":"LineString","coordinates":[[71.4298,51.1309],[71.4296,51.1309],[71.4295,51.1309],[71.4294,51.1309]]}},{"type":"Feature","properties":{"c":"major"},"geometry":{"type":"LineString","coordinates":[[71.4295,51.1307],[71.4294,51.1305]]}},{"type":"Feature","properties":{"c":"major"},"geometry":{"type":"LineString","coordinates":[[71.4296,51.131],[71.4295,51.1309],[71.4295,51.1308],[71.4295,51.1307]]}},{"type":"Feature","properties":{"c":"major"},"geometry":{"type":"LineString","coordinates":[[71.4587,51.0317],[71.4568,51.0328],[71.4567,51.0329],[71.4546,51.0342],[71.4544,51.0344],[71.4526,51.0355],[71.4512,51.0363],[71.4498,51.0372],[71.4492,51.0376],[71.4477,51.0384]]}},{"type":"Feature","properties":{"c":"major"},"geometry":{"type":"LineString","coordinates":[[71.4633,51.0288],[71.4633,51.0289],[71.4633,51.0289],[71.4632,51.0289],[71.463,51.0291],[71.4628,51.0292],[71.4627,51.0293],[71.4613,51.0301],[71.4609,51.0304],[71.4607,51.0304],[71.4603,51.0307],[71.4587,51.0317]]}},{"type":"Feature","properties":{"c":"major"},"geometry":{"type":"LineString","coordinates":[[71.4605,51.0303],[71.4607,51.0302],[71.461,51.03],[71.4611,51.03],[71.4618,51.0296],[71.4626,51.0291],[71.4629,51.0289],[71.4631,51.0288],[71.4631,51.0288],[71.4632,51.0288],[71.4633,51.0288]]}},{"type":"Feature","properties":{"c":"major"},"geometry":{"type":"LineString","coordinates":[[71.2746,51.1173],[71.2752,51.1175],[71.2793,51.119],[71.2811,51.1196],[71.2814,51.1197],[71.2816,51.1197],[71.2827,51.1201],[71.2869,51.1216],[71.2919,51.1234],[71.2922,51.1235],[71.2924,51.1236],[71.299,51.1259],[71.2993,51.126],[71.2994,51.1261],[71.3017,51.1269],[71.3029,51.1274],[71.3042,51.1281],[71.3076,51.1301],[71.3094,51.1313],[71.3096,51.1314],[71.3098,51.1315],[71.311,51.1323],[71.3112,51.1324],[71.3134,51.1338],[71.3134,51.1338],[71.3139,51.1342],[71.3156,51.1352]]}},{"type":"Feature","properties":{"c":"major"},"geometry":{"type":"LineString","coordinates":[[71.5908,51.1316],[71.5911,51.1315],[71.5915,51.1315]]}},{"type":"Feature","properties":{"c":"major"},"geometry":{"type":"LineString","coordinates":[[71.5777,51.1338],[71.5885,51.132],[71.5904,51.1317],[71.5908,51.1316]]}},{"type":"Feature","properties":{"c":"major"},"geometry":{"type":"LineString","coordinates":[[71.4996,51.115],[71.4981,51.1153]]}},{"type":"Feature","properties":{"c":"major"},"geometry":{"type":"LineString","coordinates":[[71.5013,51.1147],[71.5015,51.1146],[71.5028,51.1144],[71.5036,51.1143],[71.5052,51.1141],[71.5086,51.1135]]}},{"type":"Feature","properties":{"c":"major"},"geometry":{"type":"LineString","coordinates":[[71.5036,51.1144],[71.5026,51.1146]]}},{"type":"Feature","properties":{"c":"major"},"geometry":{"type":"LineString","coordinates":[[71.4657,51.138],[71.4665,51.1369],[71.4666,51.1368],[71.4667,51.1367],[71.4668,51.1365],[71.4668,51.1365],[71.4675,51.1355],[71.4676,51.1355],[71.4679,51.135]]}},{"type":"Feature","properties":{"c":"major"},"geometry":{"type":"LineString","coordinates":[[71.4644,51.1399],[71.4647,51.1394],[71.4651,51.1389],[71.4657,51.138]]}},{"type":"Feature","properties":{"c":"major"},"geometry":{"type":"LineString","coordinates":[[71.4635,51.1411],[71.4643,51.14],[71.4644,51.1399]]}},{"type":"Feature","properties":{"c":"major"},"geometry":{"type":"LineString","coordinates":[[71.4768,51.1186],[71.4768,51.1186],[71.4753,51.1188],[71.4749,51.1189],[71.4734,51.1191]]}},{"type":"Feature","properties":{"c":"major"},"geometry":{"type":"LineString","coordinates":[[71.4841,51.1175],[71.4828,51.1177]]}},{"type":"Feature","properties":{"c":"major"},"geometry":{"type":"LineString","coordinates":[[71.4317,51.1086],[71.4317,51.1087]]}},{"type":"Feature","properties":{"c":"major"},"geometry":{"type":"LineString","coordinates":[[71.4317,51.1086],[71.4317,51.1086]]}},{"type":"Feature","properties":{"c":"major"},"geometry":{"type":"LineString","coordinates":[[71.4317,51.1087],[71.4318,51.1088]]}},{"type":"Feature","properties":{"c":"major"},"geometry":{"type":"LineString","coordinates":[[71.4316,51.1088],[71.4316,51.1087]]}},{"type":"Feature","properties":{"c":"major"},"geometry":{"type":"LineString","coordinates":[[71.4316,51.1087],[71.4316,51.1086],[71.4315,51.1086]]}},{"type":"Feature","properties":{"c":"major"},"geometry":{"type":"LineString","coordinates":[[71.4663,51.1172],[71.4664,51.1174],[71.4665,51.1176]]}},{"type":"Feature","properties":{"c":"major"},"geometry":{"type":"LineString","coordinates":[[71.4663,51.1171],[71.4663,51.1172]]}},{"type":"Feature","properties":{"c":"major"},"geometry":{"type":"LineString","coordinates":[[71.4661,51.1173],[71.466,51.1171]]}},{"type":"Feature","properties":{"c":"major"},"geometry":{"type":"LineString","coordinates":[[71.4658,51.1173],[71.4661,51.1173],[71.4663,51.1172]]}},{"type":"Feature","properties":{"c":"major"},"geometry":{"type":"LineString","coordinates":[[71.4242,51.1175],[71.424,51.1169],[71.424,51.1168]]}},{"type":"Feature","properties":{"c":"major"},"geometry":{"type":"LineString","coordinates":[[71.4233,51.1145],[71.4233,51.1147],[71.424,51.1164],[71.424,51.1165]]}},{"type":"Feature","properties":{"c":"major"},"geometry":{"type":"LineString","coordinates":[[71.4239,51.1167],[71.4239,51.1165]]}},{"type":"Feature","properties":{"c":"major"},"geometry":{"type":"LineString","coordinates":[[71.3933,51.1393],[71.3923,51.1394],[71.3906,51.1397],[71.3902,51.1398],[71.3868,51.1404],[71.3865,51.1404],[71.3864,51.1404],[71.3856,51.1406],[71.3832,51.141],[71.3825,51.1411],[71.3825,51.1411],[71.3823,51.1412],[71.3817,51.1413]]}},{"type":"Feature","properties":{"c":"major"},"geometry":{"type":"LineString","coordinates":[[71.3936,51.1392],[71.3935,51.1392],[71.3933,51.1393]]}},{"type":"Feature","properties":{"c":"major"},"geometry":{"type":"LineString","coordinates":[[71.3932,51.1391],[71.3934,51.139],[71.3936,51.139]]}},{"type":"Feature","properties":{"c":"major"},"geometry":{"type":"LineString","coordinates":[[71.3817,51.1411],[71.3822,51.141],[71.3824,51.141],[71.3836,51.1408],[71.3855,51.1404],[71.3861,51.1403],[71.3862,51.1403],[71.3863,51.1403],[71.3865,51.1403],[71.3868,51.1402],[71.3901,51.1396],[71.3906,51.1395],[71.3924,51.1392],[71.3927,51.1392],[71.3931,51.1391],[71.3932,51.1391]]}},{"type":"Feature","properties":{"c":"major"},"geometry":{"type":"LineString","coordinates":[[71.4118,51.1186],[71.4117,51.1183]]}},{"type":"Feature","properties":{"c":"major"},"geometry":{"type":"LineString","coordinates":[[71.4119,51.1183],[71.4119,51.1186]]}},{"type":"Feature","properties":{"c":"major"},"geometry":{"type":"LineString","coordinates":[[71.4117,51.1183],[71.4117,51.1182]]}},{"type":"Feature","properties":{"c":"major"},"geometry":{"type":"LineString","coordinates":[[71.4119,51.1182],[71.4119,51.1183]]}},{"type":"Feature","properties":{"c":"major"},"geometry":{"type":"LineString","coordinates":[[71.5218,51.1408],[71.5219,51.1408],[71.5226,51.1405]]}},{"type":"Feature","properties":{"c":"major"},"geometry":{"type":"LineString","coordinates":[[71.521,51.14],[71.5211,51.1401]]}},{"type":"Feature","properties":{"c":"major"},"geometry":{"type":"LineString","coordinates":[[71.5191,51.138],[71.5189,51.1381]]}},{"type":"Feature","properties":{"c":"major"},"geometry":{"type":"LineString","coordinates":[[71.519,51.1379],[71.5205,51.1375]]}},{"type":"Feature","properties":{"c":"major"},"geometry":{"type":"LineString","coordinates":[[71.5189,51.1381],[71.5191,51.1382]]}},{"type":"Feature","properties":{"c":"major"},"geometry":{"type":"LineString","coordinates":[[71.5186,51.138],[71.5188,51.138]]}},{"type":"Feature","properties":{"c":"major"},"geometry":{"type":"LineString","coordinates":[[71.5127,51.1362],[71.513,51.1363],[71.5133,51.1364],[71.5138,51.1365],[71.5141,51.1366]]}},{"type":"Feature","properties":{"c":"major"},"geometry":{"type":"LineString","coordinates":[[71.5063,51.1344],[71.5067,51.1345],[71.5079,51.1349],[71.5091,51.1352],[71.5094,51.1353],[71.5117,51.1359],[71.5123,51.1361],[71.5125,51.1362],[71.5127,51.1362]]}},{"type":"Feature","properties":{"c":"major"},"geometry":{"type":"LineString","coordinates":[[71.5361,51.1143],[71.5361,51.1142]]}},{"type":"Feature","properties":{"c":"major"},"geometry":{"type":"LineString","coordinates":[[71.5345,51.1095],[71.5345,51.1096],[71.5349,51.1105],[71.5352,51.1114],[71.5354,51.1117],[71.5355,51.112],[71.5355,51.112],[71.5356,51.1121]]}},{"type":"Feature","properties":{"c":"major"},"geometry":{"type":"LineString","coordinates":[[71.5364,51.1143],[71.5365,51.1146],[71.5365,51.1146],[71.5369,51.1155],[71.537,51.1158],[71.537,51.1159],[71.5374,51.1169]]}},{"type":"Feature","properties":{"c":"major"},"geometry":{"type":"LineString","coordinates":[[71.4926,51.1589],[71.4912,51.1595],[71.4908,51.1596],[71.4899,51.1599],[71.4898,51.16]]}},{"type":"Feature","properties":{"c":"major"},"geometry":{"type":"LineString","coordinates":[[71.4947,51.1581],[71.4932,51.1587],[71.4926,51.1589]]}},{"type":"Feature","properties":{"c":"major"},"geometry":{"type":"LineString","coordinates":[[71.4992,51.12],[71.4993,51.1201]]}},{"type":"Feature","properties":{"c":"major"},"geometry":{"type":"LineString","coordinates":[[71.4377,51.1749],[71.4378,51.1748],[71.438,51.1739],[71.438,51.1738],[71.4383,51.173],[71.4383,51.173]]}},{"type":"Feature","properties":{"c":"major"},"geometry":{"type":"LineString","coordinates":[[71.4372,51.1767],[71.4373,51.1765],[71.4373,51.1764],[71.4374,51.1761],[71.4374,51.176],[71.4375,51.1759],[71.4376,51.1755],[71.4376,51.1753]]}},{"type":"Feature","properties":{"c":"major"},"geometry":{"type":"LineString","coordinates":[[71.4376,51.1753],[71.4377,51.1749],[71.4377,51.1749]]}},{"type":"Feature","properties":{"c":"major"},"geometry":{"type":"LineString","coordinates":[[71.4367,51.1785],[71.4367,51.1784],[71.4368,51.1782],[71.4371,51.1773],[71.4371,51.1771],[71.4372,51.1767]]}},{"type":"Feature","properties":{"c":"major"},"geometry":{"type":"LineString","coordinates":[[71.451,51.0956],[71.4513,51.0965],[71.4514,51.0967],[71.4514,51.0968],[71.4514,51.0968],[71.4518,51.0979],[71.4524,51.0995],[71.4526,51.0999]]}},{"type":"Feature","properties":{"c":"major"},"geometry":{"type":"LineString","coordinates":[[71.4523,51.0999],[71.452,51.0991],[71.4514,51.0974],[71.4513,51.0973],[71.4512,51.0968],[71.4511,51.0967]]}},{"type":"Feature","properties":{"c":"major"},"geometry":{"type":"LineString","coordinates":[[71.45,51.0934],[71.4499,51.0932],[71.4497,51.0925],[71.4497,51.0925]]}},{"type":"Feature","properties":{"c":"major"},"geometry":{"type":"LineString","coordinates":[[71.4499,51.0924],[71.45,51.0929],[71.4501,51.0931],[71.4504,51.0938]]}},{"type":"Feature","properties":{"c":"major"},"geometry":{"type":"LineString","coordinates":[[71.4501,51.0923],[71.4499,51.0924]]}},{"type":"Feature","properties":{"c":"major"},"geometry":{"type":"LineString","coordinates":[[71.4498,51.0922],[71.45,51.0922]]}},{"type":"Feature","properties":{"c":"major"},"geometry":{"type":"LineString","coordinates":[[71.4493,51.0923],[71.4496,51.0922],[71.4498,51.0922]]}},{"type":"Feature","properties":{"c":"major"},"geometry":{"type":"LineString","coordinates":[[71.4499,51.0924],[71.4496,51.0924],[71.4494,51.0924]]}},{"type":"Feature","properties":{"c":"major"},"geometry":{"type":"LineString","coordinates":[[71.4972,51.1291],[71.4972,51.1292],[71.4972,51.1292],[71.4968,51.1298],[71.4964,51.1304],[71.4962,51.1305],[71.4957,51.1312],[71.4956,51.1314],[71.4955,51.1316]]}},{"type":"Feature","properties":{"c":"major"},"geometry":{"type":"LineString","coordinates":[[71.493,51.1348],[71.4934,51.1343],[71.4936,51.1339],[71.4938,51.1338],[71.4944,51.1329],[71.4949,51.1322],[71.4954,51.1315]]}},{"type":"Feature","properties":{"c":"major"},"geometry":{"type":"LineString","coordinates":[[71.4988,51.1267],[71.4991,51.1262],[71.4992,51.1261],[71.5,51.125]]}},{"type":"Feature","properties":{"c":"major"},"geometry":{"type":"LineString","coordinates":[[71.5002,51.1251],[71.4994,51.1261],[71.4992,51.1264],[71.499,51.1267]]}},{"type":"Feature","properties":{"c":"major"},"geometry":{"type":"LineString","coordinates":[[71.4864,51.1259],[71.4867,51.1259]]}},{"type":"Feature","properties":{"c":"major"},"geometry":{"type":"LineString","coordinates":[[71.4863,51.126],[71.4861,51.126],[71.4856,51.1259],[71.485,51.1257],[71.4845,51.1256],[71.4841,51.1256],[71.4837,51.1256],[71.4834,51.1256]]}},{"type":"Feature","properties":{"c":"major"},"geometry":{"type":"LineString","coordinates":[[71.4867,51.1259],[71.4869,51.126]]}},{"type":"Feature","properties":{"c":"major"},"geometry":{"type":"LineString","coordinates":[[71.4866,51.1261],[71.4865,51.1261],[71.4863,51.126]]}},{"type":"Feature","properties":{"c":"major"},"geometry":{"type":"LineString","coordinates":[[71.4867,51.1262],[71.4866,51.1261]]}},{"type":"Feature","properties":{"c":"major"},"geometry":{"type":"LineString","coordinates":[[71.4972,51.129],[71.4973,51.129]]}},{"type":"Feature","properties":{"c":"major"},"geometry":{"type":"LineString","coordinates":[[71.4971,51.1291],[71.4969,51.129]]}},{"type":"Feature","properties":{"c":"major"},"geometry":{"type":"LineString","coordinates":[[71.4956,51.1314],[71.4959,51.1315]]}},{"type":"Feature","properties":{"c":"major"},"geometry":{"type":"LineString","coordinates":[[71.497,51.1289],[71.4972,51.129]]}},{"type":"Feature","properties":{"c":"major"},"geometry":{"type":"LineString","coordinates":[[71.4973,51.129],[71.4975,51.1291]]}},{"type":"Feature","properties":{"c":"major"},"geometry":{"type":"LineString","coordinates":[[71.4974,51.1292],[71.4972,51.1291]]}},{"type":"Feature","properties":{"c":"major"},"geometry":{"type":"LineString","coordinates":[[71.4017,51.1175],[71.4014,51.1176]]}},{"type":"Feature","properties":{"c":"major"},"geometry":{"type":"LineString","coordinates":[[71.4011,51.1176],[71.4013,51.1175],[71.4017,51.1175]]}},{"type":"Feature","properties":{"c":"major"},"geometry":{"type":"LineString","coordinates":[[71.4029,51.1174],[71.4028,51.1174]]}},{"type":"Feature","properties":{"c":"major"},"geometry":{"type":"LineString","coordinates":[[71.402,51.1175],[71.4018,51.1175],[71.4017,51.1175]]}},{"type":"Feature","properties":{"c":"major"},"geometry":{"type":"LineString","coordinates":[[71.4028,51.1174],[71.402,51.1175]]}},{"type":"Feature","properties":{"c":"major"},"geometry":{"type":"LineString","coordinates":[[71.4038,51.1173],[71.4037,51.1173],[71.4029,51.1174]]}},{"type":"Feature","properties":{"c":"major"},"geometry":{"type":"LineString","coordinates":[[71.405,51.1171],[71.4045,51.1172]]}},{"type":"Feature","properties":{"c":"major"},"geometry":{"type":"LineString","coordinates":[[71.4057,51.117],[71.405,51.1171]]}},{"type":"Feature","properties":{"c":"major"},"geometry":{"type":"LineString","coordinates":[[71.4061,51.1169],[71.4059,51.1169],[71.4058,51.117],[71.4057,51.117]]}},{"type":"Feature","properties":{"c":"major"},"geometry":{"type":"LineString","coordinates":[[71.4041,51.1172],[71.4038,51.1173]]}},{"type":"Feature","properties":{"c":"major"},"geometry":{"type":"LineString","coordinates":[[71.4045,51.1172],[71.4041,51.1172]]}},{"type":"Feature","properties":{"c":"major"},"geometry":{"type":"LineString","coordinates":[[71.4062,51.1169],[71.4061,51.1169],[71.4061,51.1169]]}},{"type":"Feature","properties":{"c":"major"},"geometry":{"type":"LineString","coordinates":[[71.4098,51.1164],[71.4092,51.1165],[71.4091,51.1165],[71.4084,51.1166],[71.4078,51.1167],[71.4072,51.1168],[71.407,51.1168],[71.4062,51.1169]]}},{"type":"Feature","properties":{"c":"major"},"geometry":{"type":"LineString","coordinates":[[71.4113,51.1162],[71.4113,51.116]]}},{"type":"Feature","properties":{"c":"major"},"geometry":{"type":"LineString","coordinates":[[71.4113,51.1162],[71.4111,51.1162],[71.4098,51.1164]]}},{"type":"Feature","properties":{"c":"major"},"geometry":{"type":"LineString","coordinates":[[71.4115,51.1162],[71.4113,51.1162]]}},{"type":"Feature","properties":{"c":"major"},"geometry":{"type":"LineString","coordinates":[[71.4115,51.1162],[71.4115,51.1164]]}},{"type":"Feature","properties":{"c":"major"},"geometry":{"type":"LineString","coordinates":[[71.425,51.174],[71.4249,51.1743],[71.4249,51.1744]]}},{"type":"Feature","properties":{"c":"major"},"geometry":{"type":"LineString","coordinates":[[71.4824,51.0816],[71.4825,51.0814],[71.4828,51.0812],[71.4831,51.081],[71.4833,51.0808],[71.4837,51.0803],[71.4857,51.0775]]}},{"type":"Feature","properties":{"c":"major"},"geometry":{"type":"LineString","coordinates":[[71.466,51.098],[71.467,51.0976]]}},{"type":"Feature","properties":{"c":"major"},"geometry":{"type":"LineString","coordinates":[[71.467,51.0976],[71.4677,51.0974]]}},{"type":"Feature","properties":{"c":"major"},"geometry":{"type":"LineString","coordinates":[[71.4648,51.0985],[71.4655,51.0982],[71.4657,51.0981],[71.466,51.098]]}},{"type":"Feature","properties":{"c":"major"},"geometry":{"type":"LineString","coordinates":[[71.4605,51.1004],[71.4613,51.1]]}},{"type":"Feature","properties":{"c":"major"},"geometry":{"type":"LineString","coordinates":[[71.4613,51.1],[71.4622,51.0995]]}},{"type":"Feature","properties":{"c":"major"},"geometry":{"type":"LineString","coordinates":[[71.46,51.1007],[71.4601,51.1006],[71.4605,51.1004]]}},{"type":"Feature","properties":{"c":"major"},"geometry":{"type":"LineString","coordinates":[[71.4548,51.1035],[71.4549,51.1034],[71.455,51.1034],[71.4554,51.1032],[71.4554,51.1032],[71.4559,51.1029],[71.456,51.1028]]}},{"type":"Feature","properties":{"c":"major"},"geometry":{"type":"LineString","coordinates":[[71.454,51.1039],[71.4536,51.1041]]}},{"type":"Feature","properties":{"c":"major"},"geometry":{"type":"LineString","coordinates":[[71.4548,51.1035],[71.4546,51.1036]]}},{"type":"Feature","properties":{"c":"major"},"geometry":{"type":"LineString","coordinates":[[71.4536,51.1041],[71.4528,51.1045]]}},{"type":"Feature","properties":{"c":"major"},"geometry":{"type":"LineString","coordinates":[[71.4528,51.1045],[71.4524,51.1048],[71.4523,51.1048],[71.4522,51.1049],[71.4518,51.105],[71.4514,51.1053]]}},{"type":"Feature","properties":{"c":"major"},"geometry":{"type":"LineString","coordinates":[[71.451,51.1055],[71.4497,51.1062]]}},{"type":"Feature","properties":{"c":"major"},"geometry":{"type":"LineString","coordinates":[[71.4514,51.1053],[71.451,51.1055]]}},{"type":"Feature","properties":{"c":"major"},"geometry":{"type":"LineString","coordinates":[[71.4485,51.107],[71.4483,51.1071]]}},{"type":"Feature","properties":{"c":"major"},"geometry":{"type":"LineString","coordinates":[[71.4483,51.1071],[71.448,51.1073]]}},{"type":"Feature","properties":{"c":"major"},"geometry":{"type":"LineString","coordinates":[[71.4491,51.1066],[71.4488,51.1067]]}},{"type":"Feature","properties":{"c":"major"},"geometry":{"type":"LineString","coordinates":[[71.4477,51.1075],[71.4474,51.1078]]}},{"type":"Feature","properties":{"c":"major"},"geometry":{"type":"LineString","coordinates":[[71.448,51.1073],[71.4477,51.1075]]}},{"type":"Feature","properties":{"c":"major"},"geometry":{"type":"LineString","coordinates":[[71.4474,51.1078],[71.4473,51.1078]]}},{"type":"Feature","properties":{"c":"major"},"geometry":{"type":"LineString","coordinates":[[71.4463,51.1086],[71.4459,51.1089],[71.4458,51.1089]]}},{"type":"Feature","properties":{"c":"major"},"geometry":{"type":"LineString","coordinates":[[71.4463,51.1086],[71.4471,51.1079],[71.4471,51.1079],[71.4473,51.1078]]}},{"type":"Feature","properties":{"c":"major"},"geometry":{"type":"LineString","coordinates":[[71.4473,51.1078],[71.4472,51.1079],[71.4471,51.108],[71.4463,51.1086]]}},{"type":"Feature","properties":{"c":"major"},"geometry":{"type":"LineString","coordinates":[[71.4458,51.1089],[71.4453,51.1092],[71.4446,51.1097],[71.4445,51.1098]]}},{"type":"Feature","properties":{"c":"major"},"geometry":{"type":"LineString","coordinates":[[71.4445,51.1098],[71.4439,51.1102],[71.4437,51.1104],[71.4436,51.1105]]}},{"type":"Feature","properties":{"c":"major"},"geometry":{"type":"LineString","coordinates":[[71.4634,51.1097],[71.4635,51.1098]]}},{"type":"Feature","properties":{"c":"major"},"geometry":{"type":"LineString","coordinates":[[71.4631,51.1098],[71.4631,51.1097]]}},{"type":"Feature","properties":{"c":"major"},"geometry":{"type":"LineString","coordinates":[[71.4403,51.112],[71.44,51.1121],[71.4399,51.1121]]}},{"type":"Feature","properties":{"c":"major"},"geometry":{"type":"LineString","coordinates":[[71.439,51.1122],[71.4388,51.1123],[71.4385,51.1123]]}},{"type":"Feature","properties":{"c":"major"},"geometry":{"type":"LineString","coordinates":[[71.4426,51.1111],[71.4423,51.1113]]}},{"type":"Feature","properties":{"c":"major"},"geometry":{"type":"LineString","coordinates":[[71.4432,51.1107],[71.4427,51.1111],[71.4426,51.1111]]}},{"type":"Feature","properties":{"c":"major"},"geometry":{"type":"LineString","coordinates":[[71.4352,51.1128],[71.4337,51.113],[71.4336,51.113]]}},{"type":"Feature","properties":{"c":"major"},"geometry":{"type":"LineString","coordinates":[[71.437,51.1125],[71.4352,51.1128]]}},{"type":"Feature","properties":{"c":"major"},"geometry":{"type":"LineString","coordinates":[[71.4371,51.1125],[71.437,51.1125]]}},{"type":"Feature","properties":{"c":"major"},"geometry":{"type":"LineString","coordinates":[[71.4326,51.1132],[71.4313,51.1133]]}},{"type":"Feature","properties":{"c":"major"},"geometry":{"type":"LineString","coordinates":[[71.4313,51.1133],[71.43,51.1135],[71.4298,51.1136],[71.4297,51.1136],[71.4295,51.1136]]}},{"type":"Feature","properties":{"c":"major"},"geometry":{"type":"LineString","coordinates":[[71.4279,51.1138],[71.4271,51.1139],[71.4269,51.114]]}},{"type":"Feature","properties":{"c":"major"},"geometry":{"type":"LineString","coordinates":[[71.4282,51.1138],[71.4279,51.1138]]}},{"type":"Feature","properties":{"c":"major"},"geometry":{"type":"LineString","coordinates":[[71.425,51.1142],[71.4244,51.1143]]}},{"type":"Feature","properties":{"c":"major"},"geometry":{"type":"LineString","coordinates":[[71.4256,51.1142],[71.425,51.1142]]}},{"type":"Feature","properties":{"c":"major"},"geometry":{"type":"LineString","coordinates":[[71.4244,51.1143],[71.4239,51.1144],[71.4234,51.1145],[71.4233,51.1145]]}},{"type":"Feature","properties":{"c":"major"},"geometry":{"type":"LineString","coordinates":[[71.4232,51.1145],[71.4229,51.1145],[71.4224,51.1146]]}},{"type":"Feature","properties":{"c":"major"},"geometry":{"type":"LineString","coordinates":[[71.4198,51.115],[71.4188,51.1151]]}},{"type":"Feature","properties":{"c":"major"},"geometry":{"type":"LineString","coordinates":[[71.4221,51.1147],[71.4213,51.1148]]}},{"type":"Feature","properties":{"c":"major"},"geometry":{"type":"LineString","coordinates":[[71.4224,51.1146],[71.4221,51.1147]]}},{"type":"Feature","properties":{"c":"major"},"geometry":{"type":"LineString","coordinates":[[71.4213,51.1148],[71.4205,51.1149]]}},{"type":"Feature","properties":{"c":"major"},"geometry":{"type":"LineString","coordinates":[[71.4205,51.1149],[71.4199,51.115]]}},{"type":"Feature","properties":{"c":"major"},"geometry":{"type":"LineString","coordinates":[[71.4199,51.115],[71.4198,51.115]]}},{"type":"Feature","properties":{"c":"major"},"geometry":{"type":"LineString","coordinates":[[71.4188,51.1151],[71.418,51.1152],[71.4177,51.1153]]}},{"type":"Feature","properties":{"c":"major"},"geometry":{"type":"LineString","coordinates":[[71.4177,51.1153],[71.4175,51.1153],[71.4167,51.1154]]}},{"type":"Feature","properties":{"c":"major"},"geometry":{"type":"LineString","coordinates":[[71.4156,51.1156],[71.4156,51.1156],[71.4154,51.1156],[71.4153,51.1156],[71.4151,51.1156]]}},{"type":"Feature","properties":{"c":"major"},"geometry":{"type":"LineString","coordinates":[[71.4151,51.1156],[71.4143,51.1158]]}},{"type":"Feature","properties":{"c":"major"},"geometry":{"type":"LineString","coordinates":[[71.4165,51.1154],[71.416,51.1155]]}},{"type":"Feature","properties":{"c":"major"},"geometry":{"type":"LineString","coordinates":[[71.4167,51.1154],[71.4165,51.1154]]}},{"type":"Feature","properties":{"c":"major"},"geometry":{"type":"LineString","coordinates":[[71.4143,51.1158],[71.4134,51.1159]]}},{"type":"Feature","properties":{"c":"major"},"geometry":{"type":"LineString","coordinates":[[71.4134,51.1159],[71.4126,51.116]]}},{"type":"Feature","properties":{"c":"major"},"geometry":{"type":"LineString","coordinates":[[71.3661,51.1437],[71.3664,51.1437],[71.3665,51.1437]]}},{"type":"Feature","properties":{"c":"major"},"geometry":{"type":"LineString","coordinates":[[71.3658,51.1438],[71.3661,51.1437]]}},{"type":"Feature","properties":{"c":"major"},"geometry":{"type":"LineString","coordinates":[[71.3666,51.1438],[71.3664,51.1439],[71.3662,51.1439]]}},{"type":"Feature","properties":{"c":"major"},"geometry":{"type":"LineString","coordinates":[[71.3662,51.1439],[71.3659,51.1439]]}},{"type":"Feature","properties":{"c":"major"},"geometry":{"type":"LineString","coordinates":[[71.4078,51.1343],[71.4075,51.1344]]}},{"type":"Feature","properties":{"c":"major"},"geometry":{"type":"LineString","coordinates":[[71.4075,51.1343],[71.4078,51.1343]]}},{"type":"Feature","properties":{"c":"major"},"geometry":{"type":"LineString","coordinates":[[71.4089,51.1837],[71.4085,51.1851]]}},{"type":"Feature","properties":{"c":"major"},"geometry":{"type":"LineString","coordinates":[[71.4089,51.1836],[71.4089,51.1837]]}},{"type":"Feature","properties":{"c":"major"},"geometry":{"type":"LineString","coordinates":[[71.4091,51.1832],[71.4089,51.1836]]}},{"type":"Feature","properties":{"c":"major"},"geometry":{"type":"LineString","coordinates":[[71.3191,51.1376],[71.3181,51.1369],[71.3155,51.1353],[71.3153,51.1352]]}},{"type":"Feature","properties":{"c":"major"},"geometry":{"type":"LineString","coordinates":[[71.4166,51.0969],[71.4168,51.0969],[71.4169,51.0969],[71.4171,51.0968]]}},{"type":"Feature","properties":{"c":"major"},"geometry":{"type":"LineString","coordinates":[[71.4116,51.0976],[71.4122,51.0975],[71.4162,51.097],[71.4165,51.0969],[71.4166,51.0969]]}},{"type":"Feature","properties":{"c":"major"},"geometry":{"type":"LineString","coordinates":[[71.4172,51.097],[71.417,51.097]]}},{"type":"Feature","properties":{"c":"major"},"geometry":{"type":"LineString","coordinates":[[71.4168,51.097],[71.4166,51.097]]}},{"type":"Feature","properties":{"c":"major"},"geometry":{"type":"LineString","coordinates":[[71.4721,51.1466],[71.472,51.1468],[71.4713,51.1477],[71.4712,51.1479],[71.471,51.1481],[71.4707,51.1485],[71.4704,51.1489],[71.4704,51.149]]}},{"type":"Feature","properties":{"c":"major"},"geometry":{"type":"LineString","coordinates":[[71.4723,51.1463],[71.4722,51.1464],[71.4721,51.1466]]}},{"type":"Feature","properties":{"c":"major"},"geometry":{"type":"LineString","coordinates":[[71.472,51.1465],[71.4721,51.1464],[71.4722,51.1462]]}},{"type":"Feature","properties":{"c":"major"},"geometry":{"type":"LineString","coordinates":[[71.4703,51.149],[71.4703,51.1489],[71.4711,51.1478],[71.4717,51.147],[71.472,51.1465]]}},{"type":"Feature","properties":{"c":"major"},"geometry":{"type":"LineString","coordinates":[[71.4111,51.1587],[71.4106,51.1604],[71.4106,51.1607],[71.4105,51.1608]]}},{"type":"Feature","properties":{"c":"major"},"geometry":{"type":"LineString","coordinates":[[71.4066,51.1744],[71.4066,51.1746]]}},{"type":"Feature","properties":{"c":"major"},"geometry":{"type":"LineString","coordinates":[[71.4066,51.1746],[71.4064,51.1751],[71.4064,51.1752]]}},{"type":"Feature","properties":{"c":"major"},"geometry":{"type":"LineString","coordinates":[[71.4066,51.1744],[71.4066,51.1744]]}},{"type":"Feature","properties":{"c":"major"},"geometry":{"type":"LineString","coordinates":[[71.4068,51.1737],[71.4066,51.1744]]}},{"type":"Feature","properties":{"c":"major"},"geometry":{"type":"LineString","coordinates":[[71.4069,51.1736],[71.4068,51.1737]]}},{"type":"Feature","properties":{"c":"major"},"geometry":{"type":"LineString","coordinates":[[71.4069,51.1735],[71.4069,51.1736]]}},{"type":"Feature","properties":{"c":"major"},"geometry":{"type":"LineString","coordinates":[[71.407,51.1732],[71.4069,51.1735]]}},{"type":"Feature","properties":{"c":"major"},"geometry":{"type":"LineString","coordinates":[[71.4072,51.1724],[71.4072,51.1725],[71.407,51.1732]]}},{"type":"Feature","properties":{"c":"major"},"geometry":{"type":"LineString","coordinates":[[71.4077,51.1704],[71.4077,51.1705]]}},{"type":"Feature","properties":{"c":"major"},"geometry":{"type":"LineString","coordinates":[[71.408,51.1693],[71.408,51.1694],[71.408,51.1694],[71.4079,51.1699]]}},{"type":"Feature","properties":{"c":"major"},"geometry":{"type":"LineString","coordinates":[[71.4078,51.17],[71.4077,51.1704]]}},{"type":"Feature","properties":{"c":"major"},"geometry":{"type":"LineString","coordinates":[[71.4077,51.1705],[71.4075,51.171]]}},{"type":"Feature","properties":{"c":"major"},"geometry":{"type":"LineString","coordinates":[[71.4075,51.171],[71.4074,51.1714]]}},{"type":"Feature","properties":{"c":"major"},"geometry":{"type":"LineString","coordinates":[[71.4074,51.1714],[71.4074,51.1716]]}},{"type":"Feature","properties":{"c":"major"},"geometry":{"type":"LineString","coordinates":[[71.4074,51.1716],[71.4072,51.1723],[71.4072,51.1724]]}},{"type":"Feature","properties":{"c":"major"},"geometry":{"type":"LineString","coordinates":[[71.4081,51.169],[71.4081,51.1692],[71.408,51.1693]]}},{"type":"Feature","properties":{"c":"major"},"geometry":{"type":"LineString","coordinates":[[71.4085,51.1678],[71.4084,51.1679]]}},{"type":"Feature","properties":{"c":"major"},"geometry":{"type":"LineString","coordinates":[[71.4089,51.1662],[71.4089,51.1663],[71.4088,51.1667]]}},{"type":"Feature","properties":{"c":"major"},"geometry":{"type":"LineString","coordinates":[[71.4087,51.1668],[71.4086,51.1672],[71.4085,51.1678]]}},{"type":"Feature","properties":{"c":"major"},"geometry":{"type":"LineString","coordinates":[[71.4088,51.1667],[71.4087,51.1668]]}},{"type":"Feature","properties":{"c":"major"},"geometry":{"type":"LineString","coordinates":[[71.4084,51.1679],[71.4084,51.1682]]}},{"type":"Feature","properties":{"c":"major"},"geometry":{"type":"LineString","coordinates":[[71.4084,51.1682],[71.4083,51.1685]]}},{"type":"Feature","properties":{"c":"major"},"geometry":{"type":"LineString","coordinates":[[71.4083,51.1685],[71.4081,51.169]]}},{"type":"Feature","properties":{"c":"major"},"geometry":{"type":"LineString","coordinates":[[71.4079,51.1699],[71.4078,51.17]]}},{"type":"Feature","properties":{"c":"major"},"geometry":{"type":"LineString","coordinates":[[71.4098,51.1632],[71.4097,51.1633],[71.4096,51.1637],[71.4096,51.1639],[71.4094,51.1646]]}},{"type":"Feature","properties":{"c":"major"},"geometry":{"type":"LineString","coordinates":[[71.4107,51.1633],[71.41,51.1632],[71.4098,51.1632]]}},{"type":"Feature","properties":{"c":"major"},"geometry":{"type":"LineString","coordinates":[[71.4099,51.1626],[71.4098,51.163],[71.4098,51.1632]]}},{"type":"Feature","properties":{"c":"major"},"geometry":{"type":"LineString","coordinates":[[71.4105,51.1608],[71.4105,51.1609],[71.4102,51.1618]]}},{"type":"Feature","properties":{"c":"major"},"geometry":{"type":"LineString","coordinates":[[71.4102,51.1618],[71.4101,51.1623],[71.41,51.1623]]}},{"type":"Feature","properties":{"c":"major"},"geometry":{"type":"LineString","coordinates":[[71.41,51.1623],[71.4099,51.1626]]}},{"type":"Feature","properties":{"c":"major"},"geometry":{"type":"LineString","coordinates":[[71.3969,51.0699],[71.3968,51.07],[71.3966,51.0702],[71.3966,51.0703],[71.3964,51.0705]]}},{"type":"Feature","properties":{"c":"major"},"geometry":{"type":"LineString","coordinates":[[71.3961,51.0702],[71.3963,51.0701],[71.3964,51.0701],[71.3965,51.0701],[71.3966,51.07],[71.3969,51.0699]]}},{"type":"Feature","properties":{"c":"major"},"geometry":{"type":"LineString","coordinates":[[71.4013,51.0672],[71.4007,51.0675]]}},{"type":"Feature","properties":{"c":"major"},"geometry":{"type":"LineString","coordinates":[[71.4007,51.0675],[71.4004,51.0677],[71.3969,51.0699]]}},{"type":"Feature","properties":{"c":"major"},"geometry":{"type":"LineString","coordinates":[[71.4087,51.0626],[71.4065,51.0639],[71.4056,51.0645],[71.4013,51.0672]]}},{"type":"Feature","properties":{"c":"major"},"geometry":{"type":"LineString","coordinates":[[71.4097,51.0619],[71.4087,51.0626]]}},{"type":"Feature","properties":{"c":"major"},"geometry":{"type":"LineString","coordinates":[[71.4128,51.06],[71.4124,51.0602],[71.412,51.0605]]}},{"type":"Feature","properties":{"c":"major"},"geometry":{"type":"LineString","coordinates":[[71.412,51.0605],[71.4117,51.0607]]}},{"type":"Feature","properties":{"c":"major"},"geometry":{"type":"LineString","coordinates":[[71.4117,51.0607],[71.4111,51.0611]]}},{"type":"Feature","properties":{"c":"major"},"geometry":{"type":"LineString","coordinates":[[71.4299,51.0494],[71.4285,51.0503]]}},{"type":"Feature","properties":{"c":"major"},"geometry":{"type":"LineString","coordinates":[[71.4416,51.0422],[71.4374,51.0448]]}},{"type":"Feature","properties":{"c":"major"},"geometry":{"type":"LineString","coordinates":[[71.4477,51.0384],[71.4484,51.0379],[71.449,51.0374]]}},{"type":"Feature","properties":{"c":"major"},"geometry":{"type":"LineString","coordinates":[[71.4374,51.0448],[71.4346,51.0465]]}},{"type":"Feature","properties":{"c":"major"},"geometry":{"type":"LineString","coordinates":[[71.4346,51.0465],[71.4343,51.0467],[71.432,51.0481],[71.4314,51.0485],[71.4313,51.0486],[71.4308,51.0489]]}},{"type":"Feature","properties":{"c":"major"},"geometry":{"type":"LineString","coordinates":[[71.4308,51.0489],[71.4299,51.0494]]}},{"type":"Feature","properties":{"c":"major"},"geometry":{"type":"LineString","coordinates":[[71.4285,51.0503],[71.4231,51.0536]]}},{"type":"Feature","properties":{"c":"major"},"geometry":{"type":"LineString","coordinates":[[71.4231,51.0536],[71.4208,51.055],[71.4207,51.0551],[71.4141,51.0592],[71.414,51.0593],[71.4139,51.0594],[71.4135,51.0596]]}},{"type":"Feature","properties":{"c":"major"},"geometry":{"type":"LineString","coordinates":[[71.4429,51.0414],[71.4422,51.0418],[71.442,51.0419],[71.4416,51.0422]]}},{"type":"Feature","properties":{"c":"major"},"geometry":{"type":"LineString","coordinates":[[71.4122,51.1469],[71.4121,51.1463],[71.4121,51.1462]]}},{"type":"Feature","properties":{"c":"major"},"geometry":{"type":"LineString","coordinates":[[71.4122,51.147],[71.4122,51.1469]]}},{"type":"Feature","properties":{"c":"major"},"geometry":{"type":"LineString","coordinates":[[71.4125,51.1488],[71.4125,51.1487],[71.4125,51.1485]]}},{"type":"Feature","properties":{"c":"major"},"geometry":{"type":"LineString","coordinates":[[71.4126,51.1521],[71.4126,51.1515]]}},{"type":"Feature","properties":{"c":"major"},"geometry":{"type":"LineString","coordinates":[[71.4126,51.1523],[71.4126,51.1521]]}},{"type":"Feature","properties":{"c":"major"},"geometry":{"type":"LineString","coordinates":[[71.4125,51.1534],[71.4125,51.1532],[71.4126,51.1528]]}},{"type":"Feature","properties":{"c":"major"},"geometry":{"type":"LineString","coordinates":[[71.4123,51.1545],[71.4124,51.1543],[71.4124,51.1539],[71.4125,51.1537],[71.4125,51.1534]]}},{"type":"Feature","properties":{"c":"major"},"geometry":{"type":"LineString","coordinates":[[71.4117,51.1449],[71.412,51.146],[71.412,51.146]]}},{"type":"Feature","properties":{"c":"major"},"geometry":{"type":"LineString","coordinates":[[71.4089,51.138],[71.4091,51.1383]]}},{"type":"Feature","properties":{"c":"major"},"geometry":{"type":"LineString","coordinates":[[71.4104,51.1416],[71.4107,51.1423]]}},{"type":"Feature","properties":{"c":"major"},"geometry":{"type":"LineString","coordinates":[[71.4091,51.1383],[71.4091,51.1384]]}},{"type":"Feature","properties":{"c":"major"},"geometry":{"type":"LineString","coordinates":[[71.4091,51.1384],[71.4094,51.1392]]}},{"type":"Feature","properties":{"c":"major"},"geometry":{"type":"LineString","coordinates":[[71.4094,51.1392],[71.4095,51.1393]]}},{"type":"Feature","properties":{"c":"major"},"geometry":{"type":"LineString","coordinates":[[71.4095,51.1393],[71.4096,51.1395],[71.4102,51.1412]]}},{"type":"Feature","properties":{"c":"major"},"geometry":{"type":"LineString","coordinates":[[71.4102,51.1412],[71.4104,51.1416]]}},{"type":"Feature","properties":{"c":"major"},"geometry":{"type":"LineString","coordinates":[[71.4107,51.1423],[71.4111,51.1433]]}},{"type":"Feature","properties":{"c":"major"},"geometry":{"type":"LineString","coordinates":[[71.4111,51.1433],[71.4112,51.1437],[71.4113,51.1439]]}},{"type":"Feature","properties":{"c":"major"},"geometry":{"type":"LineString","coordinates":[[71.4113,51.1439],[71.4115,51.1445]]}},{"type":"Feature","properties":{"c":"major"},"geometry":{"type":"LineString","coordinates":[[71.4115,51.1445],[71.4117,51.1449]]}},{"type":"Feature","properties":{"c":"major"},"geometry":{"type":"LineString","coordinates":[[71.4057,51.1299],[71.4056,51.1298],[71.4056,51.1297],[71.4055,51.1295],[71.4052,51.1289],[71.405,51.1281],[71.4046,51.1273],[71.4046,51.1272],[71.4046,51.1271]]}},{"type":"Feature","properties":{"c":"major"},"geometry":{"type":"LineString","coordinates":[[71.4087,51.1373],[71.4086,51.1371],[71.4086,51.137],[71.4083,51.1363]]}},{"type":"Feature","properties":{"c":"major"},"geometry":{"type":"LineString","coordinates":[[71.4078,51.135],[71.4076,51.1345],[71.4075,51.1344],[71.4075,51.1343]]}},{"type":"Feature","properties":{"c":"major"},"geometry":{"type":"LineString","coordinates":[[71.4061,51.1307],[71.406,51.1306]]}},{"type":"Feature","properties":{"c":"major"},"geometry":{"type":"LineString","coordinates":[[71.406,51.1306],[71.4057,51.1299]]}},{"type":"Feature","properties":{"c":"major"},"geometry":{"type":"LineString","coordinates":[[71.4065,51.1318],[71.4064,51.1317]]}},{"type":"Feature","properties":{"c":"major"},"geometry":{"type":"LineString","coordinates":[[71.4064,51.1317],[71.4061,51.1307]]}},{"type":"Feature","properties":{"c":"major"},"geometry":{"type":"LineString","coordinates":[[71.4067,51.1323],[71.4065,51.1318]]}},{"type":"Feature","properties":{"c":"major"},"geometry":{"type":"LineString","coordinates":[[71.4067,51.1324],[71.4067,51.1323]]}},{"type":"Feature","properties":{"c":"major"},"geometry":{"type":"LineString","coordinates":[[71.4073,51.1338],[71.4071,51.1333]]}},{"type":"Feature","properties":{"c":"major"},"geometry":{"type":"LineString","coordinates":[[71.407,51.1331],[71.4067,51.1324]]}},{"type":"Feature","properties":{"c":"major"},"geometry":{"type":"LineString","coordinates":[[71.4071,51.1333],[71.407,51.1331]]}},{"type":"Feature","properties":{"c":"major"},"geometry":{"type":"LineString","coordinates":[[71.4081,51.1357],[71.4078,51.135]]}},{"type":"Feature","properties":{"c":"major"},"geometry":{"type":"LineString","coordinates":[[71.4366,51.1787],[71.4367,51.1785]]}},{"type":"Feature","properties":{"c":"major"},"geometry":{"type":"LineString","coordinates":[[71.4541,51.1191],[71.4542,51.1194]]}},{"type":"Feature","properties":{"c":"major"},"geometry":{"type":"LineString","coordinates":[[71.4541,51.1194],[71.454,51.1192]]}},{"type":"Feature","properties":{"c":"major"},"geometry":{"type":"LineString","coordinates":[[71.4542,51.1194],[71.4543,51.1195]]}},{"type":"Feature","properties":{"c":"district","id":"almaty"},"geometry":{"type":"LineString","coordinates":[[71.7824,51.1505],[71.7852,51.1573],[71.7851,51.1656],[71.7404,51.1661],[71.7469,51.1621],[71.7609,51.1457],[71.7661,51.1447],[71.7824,51.1505]]}},{"type":"Feature","properties":{"c":"district","id":"almaty"},"geometry":{"type":"LineString","coordinates":[[71.4474,51.1312],[71.454,51.1301],[71.4556,51.1298],[71.4576,51.1295],[71.4577,51.1295],[71.458,51.1294],[71.4582,51.1294],[71.4585,51.1293],[71.4589,51.1293],[71.4602,51.1291],[71.4602,51.1291],[71.4605,51.129],[71.4617,51.1288],[71.4622,51.1287],[71.4636,51.1285],[71.4638,51.1285],[71.464,51.1285],[71.4655,51.1282],[71.4686,51.1278],[71.4699,51.1276],[71.4699,51.1276],[71.4703,51.1275],[71.4705,51.1275],[71.4708,51.1274],[71.4712,51.1274],[71.4724,51.1272],[71.4731,51.1271],[71.4749,51.1268],[71.4753,51.1267],[71.4761,51.1266],[71.4763,51.1265],[71.4766,51.1265],[71.4769,51.1265],[71.4772,51.1264],[71.4791,51.1261],[71.4806,51.1259],[71.4813,51.1258],[71.4817,51.1257],[71.4834,51.1255],[71.4839,51.1254],[71.4842,51.1254],[71.4845,51.1255],[71.4851,51.1255],[71.4856,51.1257],[71.4863,51.1259],[71.4864,51.1259],[71.4867,51.126],[71.4866,51.1261],[71.4867,51.1262],[71.487,51.1262],[71.4871,51.1262],[71.4878,51.1265],[71.49,51.1271],[71.491,51.1273],[71.4912,51.1274],[71.4912,51.1274],[71.4917,51.1276],[71.4961,51.1288],[71.4966,51.1289],[71.4969,51.129],[71.4971,51.1291],[71.4972,51.1291],[71.4975,51.1292],[71.4975,51.1292],[71.4988,51.1295],[71.4993,51.1297],[71.5015,51.1303],[71.5016,51.1303],[71.5039,51.131],[71.5055,51.1314],[71.5059,51.1315],[71.5064,51.1317],[71.5073,51.1319],[71.5082,51.1321],[71.5085,51.1323],[71.5092,51.1325],[71.5095,51.1326],[71.5097,51.1326],[71.5105,51.1329],[71.5127,51.1335],[71.5132,51.1336],[71.5141,51.1339],[71.5143,51.1339],[71.5145,51.134],[71.5146,51.134],[71.5149,51.1341],[71.5169,51.1347],[71.5176,51.1349],[71.5176,51.1349],[71.5181,51.135],[71.5186,51.1352],[71.519,51.1353],[71.5193,51.1354],[71.5196,51.1355],[71.5199,51.1357],[71.5201,51.1359],[71.5204,51.1362],[71.5208,51.1366],[71.5213,51.1371],[71.5215,51.1372],[71.5216,51.1374],[71.5217,51.1375],[71.5217,51.1376],[71.5224,51.1382],[71.5238,51.1397],[71.5245,51.1398],[71.5255,51.1394],[71.5256,51.1394],[71.5258,51.1393],[71.5267,51.139],[71.5268,51.1389],[71.5283,51.1384],[71.5286,51.1383],[71.5287,51.1382],[71.5294,51.138],[71.5305,51.1376],[71.5314,51.1373],[71.5324,51.137],[71.5336,51.1367],[71.5345,51.1365],[71.5351,51.1364],[71.5359,51.1363],[71.5361,51.1363],[71.5367,51.1362],[71.5372,51.1361],[71.538,51.136],[71.5386,51.1359],[71.5389,51.1359],[71.5393,51.1359],[71.5396,51.1358],[71.5403,51.1358],[71.541,51.1358],[71.5418,51.1357],[71.5424,51.1357],[71.5426,51.1357],[71.5431,51.1357],[71.5436,51.1357],[71.5441,51.1357],[71.5446,51.1357],[71.5451,51.1358],[71.5456,51.1358],[71.5465,51.1359],[71.5478,51.136],[71.549,51.1361],[71.5494,51.1361],[71.5501,51.1362],[71.5507,51.1362],[71.5513,51.1362],[71.5516,51.1362],[71.5525,51.1362],[71.5537,51.1362],[71.554,51.1362],[71.5566,51.1363],[71.5568,51.1363],[71.5578,51.1363],[71.558,51.1363],[71.5581,51.1363],[71.5589,51.1363],[71.5603,51.1363],[71.5611,51.1363],[71.5619,51.1362],[71.5629,51.1362],[71.5636,51.1361],[71.5642,51.1361],[71.565,51.136],[71.5652,51.1359],[71.5658,51.1359],[71.5665,51.1358],[71.5673,51.1356],[71.5688,51.1354],[71.5711,51.135],[71.5716,51.1349],[71.5723,51.1348],[71.5777,51.1338],[71.5885,51.132],[71.5904,51.1317],[71.5908,51.1316],[71.5911,51.1315],[71.5915,51.1315],[71.5941,51.131],[71.5985,51.1302],[71.5993,51.1301],[71.6001,51.13],[71.6008,51.1299],[71.603,51.1295],[71.6033,51.1294],[71.6098,51.1283],[71.6122,51.1279],[71.6124,51.1279],[71.6155,51.1274],[71.62,51.1266],[71.6209,51.1264],[71.6253,51.1257],[71.6265,51.1255],[71.6336,51.1243],[71.6357,51.1239],[71.638,51.1234],[71.6443,51.1223],[71.6459,51.1219],[71.6476,51.1215],[71.6482,51.1214],[71.6554,51.1194],[71.6584,51.1186],[71.6624,51.1174],[71.6643,51.1169],[71.6659,51.1164],[71.6677,51.116],[71.6825,51.1124],[71.6837,51.1122],[71.684,51.1121],[71.6847,51.1119],[71.686,51.1116],[71.6874,51.1113],[71.6894,51.1108],[71.6904,51.1106],[71.7005,51.1081],[71.7021,51.1077],[71.7051,51.113],[71.7106,51.1235],[71.7147,51.1313],[71.7135,51.1315],[71.7109,51.132],[71.7063,51.1338],[71.7016,51.1356],[71.7004,51.1361],[71.6918,51.1396],[71.6887,51.1404],[71.6846,51.1405],[71.673,51.1401],[71.673,51.141],[71.6452,51.1399],[71.6443,51.1416],[71.6433,51.1435],[71.6422,51.1458],[71.6389,51.1521],[71.6361,51.1575],[71.6351,51.1595],[71.6281,51.1746],[71.6273,51.1762],[71.6269,51.1771],[71.6254,51.1801],[71.6252,51.1806],[71.6242,51.1825],[71.6238,51.1834],[71.6234,51.1842],[71.6214,51.1882],[71.6161,51.1898],[71.6142,51.1904],[71.6046,51.1934],[71.5878,51.1986],[71.5833,51.2027],[71.5829,51.2033],[71.5818,51.2031],[71.58,51.2028],[71.5775,51.2013],[71.5758,51.2006],[71.5747,51.2],[71.5721,51.1989],[71.5686,51.1967],[71.5636,51.1954],[71.5629,51.1953],[71.5626,51.1949],[71.5619,51.1946],[71.5611,51.1936],[71.5603,51.1932],[71.5592,51.1928],[71.558,51.1921],[71.5579,51.1913],[71.557,51.1908],[71.554,51.1902],[71.5522,51.1898],[71.5501,51.1897],[71.5492,51.1901],[71.5478,51.19],[71.5461,51.1897],[71.5445,51.1891],[71.5425,51.1889],[71.541,51.1886],[71.5396,51.1874],[71.5384,51.186],[71.5377,51.1853],[71.5367,51.1845],[71.5352,51.1838],[71.5339,51.1835],[71.5334,51.1829],[71.5333,51.1823],[71.5338,51.1812],[71.5334,51.1807],[71.5314,51.1804],[71.531,51.18],[71.5298,51.1796],[71.5284,51.1791],[71.5271,51.1792],[71.5253,51.179],[71.5248,51.1787],[71.5238,51.1782],[71.5226,51.179],[71.5217,51.1795],[71.5208,51.1799],[71.5199,51.1803],[71.5164,51.1816],[71.5157,51.1818],[71.5149,51.1821],[71.5144,51.1822],[71.5139,51.1823],[71.5132,51.1824],[71.5126,51.1825],[71.512,51.1826],[71.5114,51.1827],[71.5109,51.1827],[71.5104,51.1827],[71.5095,51.1827],[71.5088,51.1827],[71.5082,51.1828],[71.5077,51.1829],[71.5073,51.1829],[71.5068,51.183],[71.5059,51.1833],[71.5055,51.1834],[71.505,51.1835],[71.5049,51.1835],[71.5043,51.183],[71.5025,51.181],[71.4994,51.1778],[71.4981,51.1764],[71.4978,51.1758],[71.4971,51.1759],[71.4954,51.1758],[71.4946,51.1756],[71.493,51.1748],[71.4921,51.1739],[71.4916,51.1727],[71.4907,51.1724],[71.4903,51.1722],[71.4896,51.172],[71.4883,51.1713],[71.4879,51.1711],[71.4864,51.1698],[71.4862,51.1696],[71.4853,51.1689],[71.4842,51.1683],[71.4838,51.1682],[71.4827,51.1684],[71.4821,51.1683],[71.4816,51.1681],[71.4809,51.1678],[71.4804,51.1675],[71.4797,51.1667],[71.479,51.1658],[71.4782,51.1648],[71.478,51.1646],[71.4778,51.1643],[71.4778,51.1642],[71.4776,51.1641],[71.4775,51.1641],[71.4767,51.164],[71.4759,51.1639],[71.475,51.1639],[71.4745,51.1638],[71.474,51.1637],[71.4731,51.1631],[71.4729,51.1627],[71.4727,51.1624],[71.4725,51.1621],[71.4719,51.1616],[71.4704,51.161],[71.4702,51.1609],[71.47,51.1608],[71.4699,51.1607],[71.4699,51.1606],[71.4699,51.1606],[71.4696,51.1604],[71.4689,51.16],[71.4671,51.159],[71.4654,51.1582],[71.4596,51.1555],[71.455,51.1546],[71.4547,51.1542],[71.4537,51.1539],[71.4536,51.1537],[71.4531,51.1533],[71.4524,51.1531],[71.4516,51.153],[71.4504,51.1528],[71.4476,51.1519],[71.4457,51.1508],[71.4443,51.15],[71.4431,51.1494],[71.4408,51.1485],[71.4385,51.1475],[71.4398,51.147],[71.441,51.1458],[71.4414,51.1447],[71.4417,51.1422],[71.4418,51.1405],[71.4461,51.134],[71.4468,51.1328],[71.4472,51.1323],[71.4473,51.1321],[71.4474,51.1318],[71.4474,51.1316],[71.4474,51.1313],[71.4474,51.1312]]}},{"type":"Feature","properties":{"c":"district","id":"baikonur"},"geometry":{"type":"LineString","coordinates":[[71.3362,51.2717],[71.3202,51.2954],[71.3061,51.291],[71.3079,51.2777],[71.2981,51.2728],[71.3093,51.2638],[71.3362,51.2717]]}},{"type":"Feature","properties":{"c":"district","id":"baikonur"},"geometry":{"type":"LineString","coordinates":[[71.658,51.3172],[71.658,51.3172],[71.6665,51.313],[71.6677,51.3122],[71.6704,51.3104],[71.6719,51.3094],[71.6742,51.3111],[71.6704,51.3138],[71.6708,51.314],[71.6733,51.3157],[71.6716,51.3166],[71.6725,51.3175],[71.6788,51.3217],[71.6842,51.3256],[71.6866,51.3289],[71.6938,51.3337],[71.6942,51.3335],[71.6974,51.3353],[71.699,51.3379],[71.6999,51.3389],[71.7039,51.3428],[71.7063,51.3476],[71.7011,51.3498],[71.6977,51.3466],[71.6927,51.3489],[71.6951,51.3511],[71.6839,51.3509],[71.6678,51.3399],[71.6415,51.3317],[71.6445,51.3284],[71.6513,51.3215],[71.658,51.3172]]}},{"type":"Feature","properties":{"c":"district","id":"baikonur"},"geometry":{"type":"LineString","coordinates":[[71.4464,51.1844],[71.4449,51.1825],[71.4444,51.1819],[71.4436,51.1812],[71.4431,51.1809],[71.4424,51.1804],[71.4415,51.1799],[71.4407,51.1796],[71.4398,51.1792],[71.4386,51.1789],[71.4368,51.1786],[71.4364,51.1786],[71.4241,51.1772],[71.4242,51.1771],[71.4244,51.176],[71.4245,51.1758],[71.4275,51.1648],[71.4297,51.1573],[71.4298,51.1569],[71.4301,51.1558],[71.4302,51.1553],[71.4303,51.1552],[71.4304,51.155],[71.4307,51.1547],[71.4309,51.1545],[71.4312,51.1543],[71.4315,51.1542],[71.4282,51.1519],[71.4282,51.1519],[71.4285,51.1517],[71.4293,51.151],[71.4311,51.1503],[71.4332,51.1501],[71.4359,51.1496],[71.4378,51.1484],[71.438,51.1477],[71.4385,51.1475],[71.4408,51.1485],[71.4431,51.1494],[71.4443,51.15],[71.4457,51.1508],[71.4476,51.1519],[71.4504,51.1528],[71.4516,51.153],[71.4524,51.1531],[71.4531,51.1533],[71.4536,51.1537],[71.4537,51.1539],[71.4547,51.1542],[71.455,51.1546],[71.4596,51.1555],[71.4654,51.1582],[71.4671,51.159],[71.4689,51.16],[71.4696,51.1604],[71.4699,51.1606],[71.4699,51.1606],[71.4699,51.1607],[71.47,51.1608],[71.4702,51.1609],[71.4704,51.161],[71.4719,51.1616],[71.4725,51.1621],[71.4727,51.1624],[71.4729,51.1627],[71.4731,51.1631],[71.474,51.1637],[71.4745,51.1638],[71.475,51.1639],[71.4759,51.1639],[71.4767,51.164],[71.4775,51.1641],[71.4776,51.1641],[71.4778,51.1642],[71.4778,51.1643],[71.478,51.1646],[71.4782,51.1648],[71.479,51.1658],[71.4797,51.1667],[71.4804,51.1675],[71.4809,51.1678],[71.4816,51.1681],[71.4821,51.1683],[71.4827,51.1684],[71.4838,51.1682],[71.4842,51.1683],[71.4853,51.1689],[71.4862,51.1696],[71.4864,51.1698],[71.4879,51.1711],[71.4883,51.1713],[71.4896,51.172],[71.4903,51.1722],[71.4907,51.1724],[71.4916,51.1727],[71.4921,51.1739],[71.493,51.1748],[71.4946,51.1756],[71.4954,51.1758],[71.4971,51.1759],[71.4978,51.1758],[71.4981,51.1764],[71.4994,51.1778],[71.5025,51.181],[71.5043,51.183],[71.5049,51.1835],[71.505,51.1835],[71.5055,51.1834],[71.5059,51.1833],[71.5068,51.183],[71.5073,51.1829],[71.5077,51.1829],[71.5082,51.1828],[71.5088,51.1827],[71.5095,51.1827],[71.5104,51.1827],[71.5109,51.1827],[71.5114,51.1827],[71.512,51.1826],[71.5126,51.1825],[71.5132,51.1824],[71.5139,51.1823],[71.5144,51.1822],[71.5149,51.1821],[71.5157,51.1818],[71.5164,51.1816],[71.5199,51.1803],[71.5208,51.1799],[71.5217,51.1795],[71.5226,51.179],[71.5238,51.1782],[71.5248,51.1787],[71.5253,51.179],[71.5271,51.1792],[71.5284,51.1791],[71.5298,51.1796],[71.531,51.18],[71.5314,51.1804],[71.5334,51.1807],[71.5338,51.1812],[71.5333,51.1823],[71.5334,51.1829],[71.5339,51.1835],[71.5352,51.1838],[71.5367,51.1845],[71.5377,51.1853],[71.5384,51.186],[71.5396,51.1874],[71.541,51.1886],[71.5425,51.1889],[71.5445,51.1891],[71.5461,51.1897],[71.5478,51.19],[71.5492,51.1901],[71.5501,51.1897],[71.5522,51.1898],[71.554,51.1902],[71.557,51.1908],[71.5579,51.1913],[71.558,51.1921],[71.5592,51.1928],[71.5603,51.1932],[71.5611,51.1936],[71.5619,51.1946],[71.5626,51.1949],[71.5629,51.1953],[71.5636,51.1954],[71.5686,51.1967],[71.5721,51.1989],[71.5747,51.2],[71.5758,51.2006],[71.5775,51.2013],[71.58,51.2028],[71.5818,51.2031],[71.5829,51.2033],[71.5775,51.2138],[71.5741,51.2204],[71.5806,51.2245],[71.5961,51.2343],[71.6061,51.2406],[71.6186,51.2485],[71.6175,51.2499],[71.6164,51.2513],[71.6114,51.2573],[71.6091,51.2601],[71.6083,51.2611],[71.607,51.2627],[71.6062,51.2637],[71.6054,51.2646],[71.6048,51.2654],[71.6042,51.2661],[71.6019,51.2685],[71.594,51.2775],[71.5897,51.2739],[71.5843,51.2695],[71.5765,51.2631],[71.567,51.2575],[71.5662,51.2528],[71.5626,51.2487],[71.5583,51.2485],[71.5557,51.247],[71.5536,51.2453],[71.5511,51.2431],[71.5458,51.2445],[71.5274,51.2491],[71.5057,51.2547],[71.5031,51.2553],[71.4717,51.2633],[71.4724,51.2639],[71.4739,51.2649],[71.479,51.2689],[71.4809,51.2703],[71.4856,51.274],[71.4888,51.2764],[71.4982,51.2837],[71.4984,51.2901],[71.4909,51.2886],[71.4773,51.2866],[71.4759,51.2864],[71.4686,51.2785],[71.4504,51.2716],[71.4281,51.2747],[71.4138,51.2709],[71.4,51.2673],[71.3971,51.2742],[71.3907,51.2888],[71.3896,51.2911],[71.3888,51.2926],[71.3851,51.3023],[71.3556,51.2977],[71.3557,51.2974],[71.3562,51.2962],[71.3572,51.2934],[71.3588,51.2892],[71.3591,51.2885],[71.361,51.2838],[71.3628,51.2794],[71.3642,51.2759],[71.3644,51.2754],[71.3655,51.2731],[71.3664,51.2712],[71.3638,51.2707],[71.3605,51.27],[71.3565,51.2693],[71.3511,51.2682],[71.3467,51.2673],[71.3459,51.2685],[71.3421,51.2671],[71.3408,51.2687],[71.3384,51.2679],[71.3349,51.2667],[71.3343,51.2661],[71.3339,51.2658],[71.3328,51.2648],[71.3314,51.2636],[71.3298,51.2622],[71.3274,51.2601],[71.3243,51.2574],[71.3213,51.2548],[71.3199,51.2535],[71.319,51.2527],[71.3178,51.2515],[71.3168,51.2505],[71.3156,51.2492],[71.3151,51.2487],[71.3138,51.2473],[71.3115,51.2449],[71.3092,51.2426],[71.3055,51.2386],[71.304,51.2371],[71.3039,51.2369],[71.3033,51.2359],[71.3035,51.2358],[71.3262,51.2285],[71.3534,51.2199],[71.3544,51.2195],[71.3553,51.2191],[71.3561,51.2187],[71.3583,51.217],[71.3586,51.2166],[71.3597,51.2156],[71.361,51.214],[71.3624,51.2125],[71.3633,51.2117],[71.3645,51.2108],[71.3672,51.2095],[71.3696,51.2087],[71.3729,51.2076],[71.3758,51.2067],[71.4257,51.1908],[71.4369,51.1874],[71.4464,51.1844]]}},{"type":"Feature","properties":{"c":"district","id":"esil"},"geometry":{"type":"LineString","coordinates":[[71.4282,51.1519],[71.4282,51.1519],[71.4261,51.1504],[71.4241,51.1489],[71.4231,51.1481],[71.4227,51.1474],[71.422,51.1463],[71.4205,51.1439],[71.4157,51.1363],[71.4151,51.1353],[71.4146,51.134],[71.4142,51.1323],[71.4125,51.1228],[71.4122,51.1207],[71.4108,51.1127],[71.4105,51.1114],[71.4104,51.1112],[71.4101,51.1102],[71.4095,51.1086],[71.4074,51.103],[71.4066,51.1005],[71.406,51.0987],[71.4059,51.0986],[71.4059,51.0985],[71.4058,51.0983],[71.4058,51.0983],[71.4055,51.0975],[71.4051,51.0967],[71.4044,51.0946],[71.4045,51.0946],[71.4041,51.0936],[71.4041,51.0936],[71.4041,51.0935],[71.4031,51.0908],[71.4031,51.0906],[71.4027,51.0897],[71.4027,51.0896],[71.4027,51.0895],[71.4026,51.0895],[71.4026,51.0895],[71.402,51.0878],[71.3988,51.0788],[71.3953,51.0694],[71.3906,51.056],[71.3855,51.042],[71.3841,51.038],[71.3834,51.036],[71.3823,51.033],[71.382,51.0321],[71.3818,51.0313],[71.3817,51.0304],[71.3815,51.0292],[71.3812,51.0273],[71.3806,51.0225],[71.3805,51.0211],[71.3805,51.0201],[71.3806,51.0188],[71.3806,51.0182],[71.3807,51.0174],[71.3808,51.0163],[71.3809,51.0142],[71.381,51.0132],[71.3817,51.0132],[71.3836,51.0129],[71.3859,51.0125],[71.391,51.0117],[71.397,51.0108],[71.4002,51.0103],[71.4008,51.0101],[71.4014,51.0098],[71.4028,51.0092],[71.4037,51.0091],[71.4047,51.0089],[71.4069,51.0086],[71.4076,51.0085],[71.4099,51.0081],[71.4111,51.0079],[71.413,51.0076],[71.415,51.0073],[71.4161,51.0071],[71.419,51.0067],[71.4209,51.0064],[71.4225,51.0062],[71.4253,51.0058],[71.4291,51.0052],[71.4305,51.005],[71.431,51.0049],[71.4324,51.0047],[71.4353,51.0042],[71.4368,51.0031],[71.4379,51.0037],[71.4391,51.0035],[71.4402,51.0033],[71.4426,51.0029],[71.4455,51.0023],[71.4486,51.0018],[71.4505,51.0015],[71.4521,51.0012],[71.454,51.0008],[71.4542,51.0009],[71.4539,50.9983],[71.4537,50.9968],[71.453,50.9921],[71.4516,50.9833],[71.4563,50.9826],[71.4526,50.9688],[71.4515,50.9649],[71.4509,50.9604],[71.4632,50.9585],[71.4622,50.9528],[71.4611,50.9505],[71.4606,50.9472],[71.4667,50.9477],[71.4692,50.9458],[71.4716,50.9377],[71.4827,50.9396],[71.4866,50.9308],[71.5112,50.9307],[71.5208,50.9307],[71.531,50.9307],[71.5469,50.9309],[71.5474,50.934],[71.5479,50.938],[71.5487,50.9465],[71.5543,50.9683],[71.5526,50.9756],[71.5486,50.9788],[71.5457,50.9811],[71.5428,50.9834],[71.5404,50.9853],[71.5381,50.9872],[71.5379,50.9874],[71.5378,50.9875],[71.5376,50.9877],[71.5375,50.9879],[71.5374,50.9881],[71.5373,50.9883],[71.5372,50.9885],[71.5371,50.9887],[71.5371,50.9888],[71.537,50.989],[71.537,50.9892],[71.5369,50.9894],[71.5369,50.9896],[71.5369,50.9898],[71.5369,50.99],[71.5369,50.993],[71.537,50.9983],[71.537,51.0049],[71.537,51.0069],[71.5371,51.007],[71.5371,51.0072],[71.5372,51.0073],[71.5373,51.0075],[71.5373,51.0076],[71.5374,51.0078],[71.5375,51.0079],[71.5377,51.008],[71.5378,51.0082],[71.5379,51.0083],[71.538,51.0084],[71.5382,51.0086],[71.5384,51.0087],[71.5385,51.0088],[71.5387,51.0089],[71.5389,51.009],[71.5391,51.0091],[71.5393,51.0092],[71.5395,51.0093],[71.5441,51.0118],[71.5462,51.0124],[71.5558,51.0154],[71.5531,51.0225],[71.5508,51.0282],[71.5502,51.0296],[71.5444,51.04],[71.5397,51.0482],[71.5455,51.0489],[71.5474,51.0511],[71.5559,51.0489],[71.5599,51.0531],[71.5642,51.0574],[71.5674,51.0601],[71.5708,51.063],[71.5795,51.0704],[71.588,51.0747],[71.6035,51.0859],[71.6083,51.0914],[71.6079,51.0913],[71.6065,51.0917],[71.6054,51.0921],[71.604,51.0924],[71.6018,51.0932],[71.5992,51.0941],[71.5878,51.0972],[71.5509,51.101],[71.5387,51.1022],[71.5328,51.1028],[71.5276,51.1034],[71.526,51.1034],[71.5252,51.1034],[71.5244,51.1034],[71.5237,51.1033],[71.5225,51.103],[71.519,51.1018],[71.5174,51.1013],[71.5157,51.1009],[71.5143,51.1008],[71.5129,51.1009],[71.5108,51.1012],[71.5074,51.1021],[71.503,51.1033],[71.5014,51.1036],[71.5008,51.1036],[71.5,51.1036],[71.4991,51.1034],[71.4981,51.1032],[71.4981,51.1031],[71.495,51.1018],[71.4923,51.1007],[71.4913,51.1002],[71.4897,51.0996],[71.4871,51.1],[71.4832,51.1006],[71.4802,51.101],[71.4791,51.1014],[71.477,51.1022],[71.4763,51.1025],[71.4758,51.1028],[71.4753,51.1034],[71.4746,51.1042],[71.474,51.1047],[71.4728,51.1052],[71.4717,51.1055],[71.4601,51.1056],[71.4569,51.1061],[71.454,51.1071],[71.4518,51.1082],[71.4511,51.1089],[71.4508,51.1097],[71.4505,51.1124],[71.4501,51.1152],[71.4459,51.1199],[71.4459,51.12],[71.4458,51.1201],[71.4458,51.1203],[71.4463,51.1216],[71.4464,51.1217],[71.4465,51.1218],[71.4468,51.1219],[71.4479,51.1222],[71.4484,51.1224],[71.4505,51.1233],[71.4512,51.1236],[71.4516,51.1239],[71.452,51.1243],[71.4523,51.1248],[71.4526,51.1253],[71.4526,51.1258],[71.4526,51.1262],[71.4524,51.1267],[71.452,51.1271],[71.4515,51.1275],[71.451,51.1278],[71.449,51.1288],[71.4488,51.129],[71.4485,51.1293],[71.4475,51.1306],[71.4474,51.1307],[71.4474,51.1309],[71.4474,51.1312],[71.4474,51.1313],[71.4474,51.1316],[71.4474,51.1318],[71.4473,51.1321],[71.4472,51.1323],[71.4468,51.1328],[71.4461,51.134],[71.4418,51.1405],[71.4417,51.1422],[71.4414,51.1447],[71.441,51.1458],[71.4398,51.147],[71.4385,51.1475],[71.438,51.1477],[71.4378,51.1484],[71.4359,51.1496],[71.4332,51.1501],[71.4311,51.1503],[71.4293,51.151],[71.4285,51.1517],[71.4282,51.1519]]}},{"type":"Feature","properties":{"c":"district","id":"nura"},"geometry":{"type":"LineString","coordinates":[[71.3317,51.0216],[71.3347,51.0197],[71.3355,51.0193],[71.3382,51.0189],[71.34,51.0187],[71.3419,51.0184],[71.3453,51.0179],[71.3474,51.0176],[71.349,51.0174],[71.3542,51.0167],[71.3574,51.0163],[71.3605,51.0158],[71.3647,51.0153],[71.3662,51.0151],[71.3681,51.0148],[71.38,51.0131],[71.381,51.0132],[71.3809,51.0142],[71.3808,51.0163],[71.3807,51.0174],[71.3806,51.0182],[71.3806,51.0188],[71.3805,51.0201],[71.3805,51.0211],[71.3806,51.0225],[71.3812,51.0273],[71.3815,51.0292],[71.3817,51.0304],[71.3818,51.0313],[71.382,51.0321],[71.3823,51.033],[71.3834,51.036],[71.3841,51.038],[71.3855,51.042],[71.3906,51.056],[71.3953,51.0694],[71.3988,51.0788],[71.402,51.0878],[71.4026,51.0895],[71.4026,51.0895],[71.4027,51.0895],[71.4027,51.0896],[71.4027,51.0897],[71.4031,51.0906],[71.4031,51.0908],[71.4041,51.0935],[71.4041,51.0936],[71.4041,51.0936],[71.4045,51.0946],[71.4044,51.0946],[71.4051,51.0967],[71.4055,51.0975],[71.4058,51.0983],[71.4058,51.0983],[71.4059,51.0985],[71.4059,51.0986],[71.406,51.0987],[71.4066,51.1005],[71.4074,51.103],[71.4095,51.1086],[71.4101,51.1102],[71.4104,51.1112],[71.4105,51.1114],[71.4108,51.1127],[71.4122,51.1207],[71.4125,51.1228],[71.4142,51.1323],[71.4146,51.134],[71.4151,51.1353],[71.4157,51.1363],[71.4205,51.1439],[71.422,51.1463],[71.4227,51.1474],[71.4231,51.1481],[71.4241,51.1489],[71.4261,51.1504],[71.4282,51.1519],[71.4282,51.1519],[71.4281,51.152],[71.4275,51.1525],[71.4275,51.1526],[71.4263,51.1554],[71.4255,51.1569],[71.4247,51.1584],[71.4236,51.1594],[71.4218,51.1602],[71.4193,51.1604],[71.4155,51.1589],[71.4094,51.1572],[71.4067,51.1574],[71.4022,51.1583],[71.399,51.1597],[71.3982,51.1602],[71.398,51.1604],[71.3977,51.1607],[71.3975,51.1609],[71.3971,51.1613],[71.3959,51.1625],[71.3953,51.1628],[71.3945,51.1629],[71.3935,51.163],[71.3931,51.1631],[71.3921,51.1632],[71.3915,51.1632],[71.3888,51.1634],[71.3882,51.1634],[71.3876,51.1635],[71.3869,51.1635],[71.3863,51.1636],[71.3852,51.1636],[71.3842,51.1637],[71.3817,51.1639],[71.381,51.1639],[71.3768,51.1643],[71.3765,51.1644],[71.3755,51.1644],[71.3738,51.1646],[71.365,51.1646],[71.3645,51.1646],[71.3644,51.1646],[71.3639,51.1647],[71.3633,51.1647],[71.3627,51.1648],[71.3621,51.1648],[71.3612,51.1649],[71.3602,51.1648],[71.3592,51.1647],[71.3577,51.1647],[71.3571,51.1647],[71.3563,51.1645],[71.3561,51.1647],[71.356,51.1648],[71.3555,51.1652],[71.3547,51.1659],[71.3532,51.1661],[71.3505,51.1674],[71.3499,51.1677],[71.3495,51.168],[71.3492,51.1684],[71.3491,51.1687],[71.3488,51.169],[71.3484,51.1696],[71.3481,51.1699],[71.348,51.1703],[71.348,51.1708],[71.3476,51.1711],[71.3466,51.1715],[71.346,51.172],[71.3454,51.1723],[71.3444,51.1728],[71.3431,51.1731],[71.3427,51.1733],[71.3417,51.1738],[71.3411,51.174],[71.3403,51.1742],[71.3394,51.1743],[71.3384,51.1743],[71.3375,51.1744],[71.3366,51.1742],[71.3364,51.1743],[71.3361,51.1743],[71.3359,51.1744],[71.3354,51.1743],[71.3351,51.1743],[71.3345,51.1743],[71.3342,51.1742],[71.334,51.1741],[71.3335,51.1738],[71.333,51.1735],[71.3327,51.1732],[71.3324,51.173],[71.3319,51.1729],[71.3311,51.1727],[71.331,51.1731],[71.3309,51.1735],[71.3305,51.1739],[71.3297,51.1742],[71.329,51.1742],[71.3289,51.1743],[71.3284,51.1742],[71.3282,51.1743],[71.3278,51.1746],[71.3277,51.1747],[71.3272,51.1751],[71.327,51.1754],[71.3268,51.1757],[71.327,51.176],[71.3276,51.1765],[71.3276,51.1767],[71.3274,51.1773],[71.3271,51.1775],[71.3266,51.1778],[71.3256,51.1778],[71.325,51.1778],[71.3245,51.1777],[71.3239,51.1776],[71.3237,51.1773],[71.3237,51.1772],[71.3236,51.177],[71.3235,51.1769],[71.3234,51.1768],[71.3232,51.1767],[71.3231,51.1767],[71.3229,51.1767],[71.3225,51.1768],[71.322,51.1769],[71.3218,51.177],[71.3217,51.1772],[71.3216,51.1774],[71.3215,51.1776],[71.3214,51.1778],[71.3212,51.1779],[71.3209,51.1779],[71.3207,51.1779],[71.3206,51.1779],[71.3205,51.1778],[71.3205,51.1777],[71.3204,51.1776],[71.3204,51.1775],[71.3202,51.1774],[71.3201,51.1773],[71.32,51.1773],[71.3198,51.1773],[71.3196,51.1774],[71.3195,51.1775],[71.3195,51.1775],[71.3194,51.1776],[71.3193,51.1777],[71.3191,51.1779],[71.3187,51.1781],[71.3184,51.1782],[71.3182,51.1783],[71.3181,51.1782],[71.3178,51.1781],[71.3178,51.1781],[71.3177,51.178],[71.3176,51.1779],[71.3174,51.1779],[71.3173,51.178],[71.3173,51.1781],[71.3174,51.1782],[71.3173,51.1784],[71.3173,51.1785],[71.3171,51.1786],[71.3167,51.1787],[71.3162,51.1788],[71.3158,51.1788],[71.3155,51.1789],[71.3153,51.1791],[71.3153,51.1792],[71.3152,51.1793],[71.3152,51.1796],[71.3149,51.1798],[71.3147,51.1799],[71.3144,51.1799],[71.3141,51.1798],[71.3139,51.1797],[71.3137,51.1797],[71.3135,51.1796],[71.3132,51.1796],[71.3129,51.1797],[71.3128,51.1796],[71.3127,51.1796],[71.3125,51.1796],[71.3124,51.1795],[71.3121,51.1794],[71.3118,51.1794],[71.3116,51.1794],[71.3114,51.1794],[71.3113,51.1795],[71.3113,51.1796],[71.3115,51.1798],[71.3117,51.1799],[71.3117,51.1799],[71.3117,51.1799],[71.3117,51.18],[71.3116,51.18],[71.3114,51.18],[71.3112,51.18],[71.3109,51.18],[71.3108,51.18],[71.3105,51.1801],[71.3103,51.1801],[71.3103,51.1801],[71.3102,51.18],[71.3102,51.18],[71.3101,51.1799],[71.3101,51.1799],[71.31,51.1799],[71.3099,51.1799],[71.3098,51.18],[71.3098,51.18],[71.3098,51.18],[71.3097,51.1801],[71.3096,51.1801],[71.3095,51.1802],[71.3094,51.1803],[71.3094,51.1804],[71.3094,51.1805],[71.3094,51.1806],[71.3093,51.1806],[71.3093,51.1807],[71.3093,51.1808],[71.3093,51.181],[71.3093,51.1811],[71.3093,51.1812],[71.3094,51.1812],[71.3095,51.1813],[71.3095,51.1814],[71.3095,51.1815],[71.3094,51.1815],[71.3094,51.1816],[71.3093,51.1816],[71.3091,51.1817],[71.3089,51.1817],[71.3088,51.1817],[71.3087,51.1817],[71.3085,51.1816],[71.3083,51.1816],[71.3082,51.1816],[71.3081,51.1817],[71.3081,51.1818],[71.308,51.1819],[71.308,51.182],[71.308,51.182],[71.3079,51.1821],[71.3079,51.1822],[71.3078,51.1823],[71.3076,51.1823],[71.3072,51.1823],[71.307,51.1823],[71.3067,51.1823],[71.3063,51.1821],[71.3056,51.182],[71.3052,51.182],[71.3044,51.1821],[71.303,51.1825],[71.3027,51.1826],[71.3027,51.1827],[71.3025,51.1827],[71.3023,51.1825],[71.3022,51.1826],[71.302,51.1826],[71.3009,51.1831],[71.3006,51.1832],[71.3002,51.1832],[71.3,51.1832],[71.2999,51.1833],[71.2995,51.1835],[71.2987,51.1835],[71.2985,51.1837],[71.2987,51.1838],[71.2988,51.1839],[71.2992,51.1839],[71.2993,51.1839],[71.2995,51.1841],[71.2995,51.1842],[71.2989,51.1844],[71.2984,51.1843],[71.2981,51.1844],[71.298,51.1845],[71.2979,51.1846],[71.2979,51.1847],[71.2979,51.1848],[71.2978,51.1849],[71.2976,51.185],[71.2972,51.1851],[71.297,51.1853],[71.297,51.1853],[71.2969,51.1854],[71.2968,51.1855],[71.2968,51.1856],[71.2967,51.186],[71.2964,51.1862],[71.2965,51.1863],[71.2966,51.1864],[71.297,51.1863],[71.2973,51.1864],[71.2975,51.1864],[71.2976,51.1865],[71.2976,51.1866],[71.2976,51.1867],[71.2974,51.1868],[71.297,51.1869],[71.2966,51.1871],[71.2965,51.1874],[71.2964,51.1876],[71.2962,51.1877],[71.2958,51.1877],[71.2956,51.1878],[71.2952,51.1878],[71.295,51.1878],[71.2946,51.188],[71.2944,51.1881],[71.2941,51.1881],[71.2938,51.1883],[71.2937,51.1883],[71.2935,51.1884],[71.2927,51.1889],[71.2921,51.1892],[71.2918,51.1893],[71.29,51.1892],[71.2862,51.1891],[71.2846,51.1889],[71.2798,51.1883],[71.2769,51.1876],[71.2755,51.1879],[71.2741,51.1881],[71.2733,51.1882],[71.2732,51.1882],[71.2732,51.1882],[71.2721,51.188],[71.2722,51.1876],[71.272,51.1871],[71.2707,51.1867],[71.2699,51.1861],[71.2703,51.1859],[71.2702,51.1852],[71.2702,51.1851],[71.2704,51.1846],[71.2709,51.1845],[71.2711,51.1842],[71.2711,51.1841],[71.271,51.1842],[71.2707,51.1838],[71.2709,51.1834],[71.2711,51.1833],[71.2716,51.1838],[71.272,51.1839],[71.2727,51.1837],[71.2728,51.1834],[71.2724,51.1833],[71.2718,51.1828],[71.2722,51.1824],[71.2733,51.1814],[71.2742,51.1815],[71.2751,51.1821],[71.2757,51.1821],[71.2758,51.1815],[71.2761,51.1816],[71.2763,51.1815],[71.2762,51.1813],[71.2763,51.1811],[71.2763,51.1809],[71.276,51.1803],[71.276,51.1803],[71.2763,51.1801],[71.2767,51.1803],[71.2773,51.1803],[71.2776,51.1808],[71.2784,51.1804],[71.2788,51.1804],[71.2791,51.1805],[71.2795,51.1808],[71.2795,51.1809],[71.2798,51.1811],[71.2806,51.1809],[71.2809,51.1807],[71.2811,51.1798],[71.2815,51.1796],[71.2818,51.1796],[71.2819,51.1794],[71.278,51.1782],[71.2654,51.1743],[71.2596,51.1751],[71.253,51.176],[71.2537,51.1689],[71.2542,51.1633],[71.2542,51.1629],[71.2544,51.1582],[71.2428,51.1576],[71.2426,51.1524],[71.2386,51.1523],[71.2385,51.1497],[71.2362,51.1496],[71.237,51.1384],[71.237,51.1374],[71.2367,51.1346],[71.2367,51.1329],[71.2375,51.1325],[71.2371,51.132],[71.2355,51.1301],[71.2341,51.1285],[71.2325,51.1266],[71.2309,51.1247],[71.2297,51.1229],[71.229,51.1215],[71.2284,51.1192],[71.2285,51.1169],[71.2289,51.1151],[71.2219,51.1124],[71.218,51.1108],[71.2202,51.1079],[71.225,51.1013],[71.2259,51.1002],[71.2274,51.0977],[71.2302,51.0933],[71.2362,51.0835],[71.2387,51.0795],[71.2419,51.0741],[71.242,51.0739],[71.2435,51.0715],[71.2454,51.0683],[71.2487,51.0685],[71.2502,51.0682],[71.2518,51.0675],[71.2532,51.0659],[71.254,51.0656],[71.2555,51.0637],[71.2558,51.0618],[71.2556,51.0614],[71.2552,51.0601],[71.2545,51.0584],[71.2543,51.0575],[71.254,51.056],[71.2546,51.0546],[71.2549,51.054],[71.2549,51.0539],[71.2548,51.0522],[71.2548,51.0515],[71.2548,51.0511],[71.2547,51.0498],[71.255,51.049],[71.2562,51.0483],[71.2578,51.0474],[71.2583,51.0469],[71.2593,51.0462],[71.2602,51.0456],[71.261,51.0445],[71.2621,51.0432],[71.2627,51.0425],[71.2633,51.0417],[71.266,51.0406],[71.2667,51.0399],[71.2679,51.0388],[71.2683,51.0367],[71.2686,51.0361],[71.2693,51.0343],[71.2702,51.0338],[71.2716,51.0331],[71.2724,51.0326],[71.2735,51.0318],[71.2749,51.0308],[71.2756,51.0303],[71.2769,51.0288],[71.2776,51.028],[71.2782,51.0274],[71.2794,51.0264],[71.2807,51.0252],[71.282,51.0247],[71.2841,51.0239],[71.286,51.0223],[71.2877,51.0219],[71.289,51.0217],[71.2906,51.0219],[71.2932,51.0221],[71.2948,51.0222],[71.2959,51.0223],[71.2982,51.0225],[71.2997,51.0226],[71.3018,51.0228],[71.3029,51.0229],[71.3038,51.0228],[71.3045,51.0227],[71.3055,51.0226],[71.3068,51.0225],[71.3077,51.0224],[71.309,51.0227],[71.3101,51.023],[71.3123,51.0235],[71.314,51.0236],[71.3184,51.0239],[71.3212,51.0235],[71.3234,51.0231],[71.3284,51.0222],[71.3317,51.0216]]}},{"type":"Feature","properties":{"c":"district","id":"saraishyk"},"geometry":{"type":"LineString","coordinates":[[71.5387,51.1022],[71.5509,51.101],[71.5878,51.0972],[71.5992,51.0941],[71.6018,51.0932],[71.604,51.0924],[71.6054,51.0921],[71.6065,51.0917],[71.6079,51.0913],[71.6083,51.0914],[71.6149,51.0995],[71.6353,51.0947],[71.6439,51.0928],[71.6515,51.091],[71.6587,51.0894],[71.6744,51.0863],[71.6788,51.0854],[71.6804,51.0906],[71.6816,51.0912],[71.6831,51.0917],[71.6843,51.0916],[71.6851,51.0921],[71.6846,51.0927],[71.6854,51.0932],[71.6863,51.0931],[71.6869,51.0932],[71.6873,51.0915],[71.6884,51.0915],[71.6891,51.0922],[71.6892,51.0925],[71.6888,51.0931],[71.6889,51.0933],[71.6904,51.0928],[71.6914,51.093],[71.6918,51.0932],[71.6916,51.0939],[71.6923,51.0939],[71.6941,51.0937],[71.6944,51.0928],[71.6948,51.0926],[71.6951,51.0926],[71.6956,51.0929],[71.6958,51.0925],[71.6957,51.0919],[71.6949,51.0914],[71.6944,51.0912],[71.6946,51.091],[71.6953,51.0909],[71.6959,51.0908],[71.6958,51.0904],[71.6957,51.0901],[71.6961,51.0895],[71.6967,51.0892],[71.6972,51.0895],[71.6992,51.0895],[71.7004,51.0908],[71.7007,51.0921],[71.7024,51.0929],[71.7038,51.0926],[71.705,51.0926],[71.7069,51.0926],[71.7087,51.0929],[71.7088,51.0941],[71.7092,51.0947],[71.7099,51.0955],[71.7098,51.096],[71.7094,51.0962],[71.7087,51.0964],[71.7081,51.0961],[71.7076,51.0961],[71.7066,51.0968],[71.7073,51.0972],[71.7083,51.0977],[71.7095,51.098],[71.711,51.0986],[71.7112,51.0987],[71.7128,51.0991],[71.7142,51.0995],[71.7163,51.0996],[71.7176,51.0996],[71.7186,51.0989],[71.7192,51.0988],[71.72,51.099],[71.7211,51.0996],[71.7222,51.1004],[71.7223,51.1007],[71.7224,51.1013],[71.7227,51.1023],[71.7245,51.1034],[71.725,51.1035],[71.7257,51.1037],[71.7274,51.1036],[71.7282,51.1033],[71.7289,51.103],[71.7289,51.1022],[71.729,51.1015],[71.729,51.1009],[71.7291,51.1006],[71.7294,51.1003],[71.7301,51.0996],[71.7306,51.0991],[71.7312,51.0988],[71.7325,51.0986],[71.7332,51.0981],[71.734,51.0974],[71.7345,51.0972],[71.7353,51.0967],[71.7366,51.0967],[71.7379,51.097],[71.7391,51.0976],[71.7392,51.098],[71.7387,51.0989],[71.7388,51.0993],[71.7389,51.0995],[71.7395,51.1008],[71.7402,51.1013],[71.742,51.1015],[71.742,51.1016],[71.7413,51.1042],[71.741,51.1053],[71.7352,51.1066],[71.7187,51.1101],[71.7105,51.1119],[71.7051,51.113],[71.7021,51.1077],[71.7005,51.1081],[71.6904,51.1106],[71.6894,51.1108],[71.6874,51.1113],[71.686,51.1116],[71.6847,51.1119],[71.684,51.1121],[71.6837,51.1122],[71.6825,51.1124],[71.6677,51.116],[71.6659,51.1164],[71.6643,51.1169],[71.6624,51.1174],[71.6584,51.1186],[71.6554,51.1194],[71.6482,51.1214],[71.6476,51.1215],[71.6459,51.1219],[71.6443,51.1223],[71.638,51.1234],[71.6357,51.1239],[71.6336,51.1243],[71.6265,51.1255],[71.6253,51.1257],[71.6209,51.1264],[71.62,51.1266],[71.6155,51.1274],[71.6124,51.1279],[71.6122,51.1279],[71.6098,51.1283],[71.6033,51.1294],[71.603,51.1295],[71.6008,51.1299],[71.6001,51.13],[71.5993,51.1301],[71.5985,51.1302],[71.5941,51.131],[71.5915,51.1315],[71.5911,51.1315],[71.5908,51.1316],[71.5904,51.1317],[71.5885,51.132],[71.5777,51.1338],[71.5723,51.1348],[71.5716,51.1349],[71.5711,51.135],[71.5688,51.1354],[71.5673,51.1356],[71.5665,51.1358],[71.5658,51.1359],[71.5652,51.1359],[71.565,51.136],[71.5642,51.1361],[71.5636,51.1361],[71.5629,51.1362],[71.5619,51.1362],[71.5611,51.1363],[71.5603,51.1363],[71.5589,51.1363],[71.5581,51.1363],[71.558,51.1363],[71.5578,51.1363],[71.5568,51.1363],[71.5566,51.1363],[71.554,51.1362],[71.5537,51.1362],[71.5525,51.1362],[71.5516,51.1362],[71.5513,51.1362],[71.5507,51.1362],[71.5501,51.1362],[71.5494,51.1361],[71.549,51.1361],[71.5478,51.136],[71.5465,51.1359],[71.5456,51.1358],[71.5451,51.1358],[71.5446,51.1357],[71.5441,51.1357],[71.5436,51.1357],[71.5431,51.1357],[71.5426,51.1357],[71.5424,51.1357],[71.5418,51.1357],[71.541,51.1358],[71.5403,51.1358],[71.5396,51.1358],[71.5393,51.1359],[71.5389,51.1359],[71.5386,51.1359],[71.538,51.136],[71.5372,51.1361],[71.5367,51.1362],[71.5361,51.1363],[71.5359,51.1363],[71.5351,51.1364],[71.5345,51.1365],[71.5336,51.1367],[71.5324,51.137],[71.5314,51.1373],[71.5305,51.1376],[71.5294,51.138],[71.5287,51.1382],[71.5286,51.1383],[71.5283,51.1384],[71.5268,51.1389],[71.5267,51.139],[71.5258,51.1393],[71.5256,51.1394],[71.5255,51.1394],[71.5245,51.1398],[71.5238,51.1397],[71.5224,51.1382],[71.5217,51.1376],[71.5217,51.1375],[71.5216,51.1374],[71.5215,51.1372],[71.5213,51.1371],[71.5208,51.1366],[71.5204,51.1362],[71.5201,51.1359],[71.5199,51.1357],[71.5196,51.1355],[71.5193,51.1354],[71.519,51.1353],[71.5186,51.1352],[71.5181,51.135],[71.5176,51.1349],[71.5176,51.1349],[71.5169,51.1347],[71.5149,51.1341],[71.5146,51.134],[71.5145,51.134],[71.5143,51.1339],[71.5141,51.1339],[71.5132,51.1336],[71.5127,51.1335],[71.5105,51.1329],[71.5097,51.1326],[71.5095,51.1326],[71.5092,51.1325],[71.5085,51.1323],[71.5082,51.1321],[71.5073,51.1319],[71.5064,51.1317],[71.5059,51.1315],[71.5055,51.1314],[71.5039,51.131],[71.5016,51.1303],[71.5015,51.1303],[71.4993,51.1297],[71.4988,51.1295],[71.4975,51.1292],[71.4975,51.1292],[71.4972,51.1291],[71.4971,51.1291],[71.4969,51.129],[71.4966,51.1289],[71.4961,51.1288],[71.4917,51.1276],[71.4912,51.1274],[71.4912,51.1274],[71.491,51.1273],[71.49,51.1271],[71.4878,51.1265],[71.4871,51.1262],[71.487,51.1262],[71.4867,51.1262],[71.4866,51.1261],[71.4867,51.126],[71.4864,51.1259],[71.4863,51.1259],[71.4856,51.1257],[71.4851,51.1255],[71.4845,51.1255],[71.4842,51.1254],[71.4839,51.1254],[71.4834,51.1255],[71.4817,51.1257],[71.4813,51.1258],[71.4806,51.1259],[71.4791,51.1261],[71.4772,51.1264],[71.4769,51.1265],[71.4766,51.1265],[71.4763,51.1265],[71.4761,51.1266],[71.4753,51.1267],[71.4749,51.1268],[71.4731,51.1271],[71.4724,51.1272],[71.4712,51.1274],[71.4708,51.1274],[71.4705,51.1275],[71.4703,51.1275],[71.4699,51.1276],[71.4699,51.1276],[71.4686,51.1278],[71.4655,51.1282],[71.464,51.1285],[71.4638,51.1285],[71.4636,51.1285],[71.4622,51.1287],[71.4617,51.1288],[71.4605,51.129],[71.4602,51.1291],[71.4602,51.1291],[71.4589,51.1293],[71.4585,51.1293],[71.4582,51.1294],[71.458,51.1294],[71.4577,51.1295],[71.4576,51.1295],[71.4556,51.1298],[71.454,51.1301],[71.4474,51.1312],[71.4474,51.1309],[71.4474,51.1307],[71.4475,51.1306],[71.4485,51.1293],[71.4488,51.129],[71.449,51.1288],[71.451,51.1278],[71.4515,51.1275],[71.452,51.1271],[71.4524,51.1267],[71.4526,51.1262],[71.4526,51.1258],[71.4526,51.1253],[71.4523,51.1248],[71.452,51.1243],[71.4516,51.1239],[71.4512,51.1236],[71.4505,51.1233],[71.4484,51.1224],[71.4479,51.1222],[71.4468,51.1219],[71.4465,51.1218],[71.4464,51.1217],[71.4463,51.1216],[71.4458,51.1203],[71.4458,51.1201],[71.4459,51.12],[71.4459,51.1199],[71.4501,51.1152],[71.4505,51.1124],[71.4508,51.1097],[71.4511,51.1089],[71.4518,51.1082],[71.454,51.1071],[71.4569,51.1061],[71.4601,51.1056],[71.4717,51.1055],[71.4728,51.1052],[71.474,51.1047],[71.4746,51.1042],[71.4753,51.1034],[71.4758,51.1028],[71.4763,51.1025],[71.477,51.1022],[71.4791,51.1014],[71.4802,51.101],[71.4832,51.1006],[71.4871,51.1],[71.4897,51.0996],[71.4913,51.1002],[71.4923,51.1007],[71.495,51.1018],[71.4981,51.1031],[71.4981,51.1032],[71.4991,51.1034],[71.5,51.1036],[71.5008,51.1036],[71.5014,51.1036],[71.503,51.1033],[71.5074,51.1021],[71.5108,51.1012],[71.5129,51.1009],[71.5143,51.1008],[71.5157,51.1009],[71.5174,51.1013],[71.519,51.1018],[71.5225,51.103],[71.5237,51.1033],[71.5244,51.1034],[71.5252,51.1034],[71.526,51.1034],[71.5276,51.1034],[71.5328,51.1028],[71.5387,51.1022]]}},{"type":"Feature","properties":{"c":"district","id":"saryarka"},"geometry":{"type":"LineString","coordinates":[[71.3612,51.1649],[71.3621,51.1648],[71.3627,51.1648],[71.3633,51.1647],[71.3639,51.1647],[71.3644,51.1646],[71.3645,51.1646],[71.365,51.1646],[71.3738,51.1646],[71.3755,51.1644],[71.3765,51.1644],[71.3768,51.1643],[71.381,51.1639],[71.3817,51.1639],[71.3842,51.1637],[71.3852,51.1636],[71.3863,51.1636],[71.3869,51.1635],[71.3876,51.1635],[71.3882,51.1634],[71.3888,51.1634],[71.3915,51.1632],[71.3921,51.1632],[71.3931,51.1631],[71.3935,51.163],[71.3945,51.1629],[71.3953,51.1628],[71.3959,51.1625],[71.3971,51.1613],[71.3975,51.1609],[71.3977,51.1607],[71.398,51.1604],[71.3982,51.1602],[71.399,51.1597],[71.4022,51.1583],[71.4067,51.1574],[71.4094,51.1572],[71.4155,51.1589],[71.4193,51.1604],[71.4218,51.1602],[71.4236,51.1594],[71.4247,51.1584],[71.4255,51.1569],[71.4263,51.1554],[71.4275,51.1526],[71.4275,51.1525],[71.4281,51.152],[71.4282,51.1519],[71.4282,51.1519],[71.4315,51.1542],[71.4312,51.1543],[71.4309,51.1545],[71.4307,51.1547],[71.4304,51.155],[71.4303,51.1552],[71.4302,51.1553],[71.4301,51.1558],[71.4298,51.1569],[71.4297,51.1573],[71.4275,51.1648],[71.4245,51.1758],[71.4244,51.176],[71.4242,51.1771],[71.4241,51.1772],[71.4364,51.1786],[71.4368,51.1786],[71.4386,51.1789],[71.4398,51.1792],[71.4407,51.1796],[71.4415,51.1799],[71.4424,51.1804],[71.4431,51.1809],[71.4436,51.1812],[71.4444,51.1819],[71.4449,51.1825],[71.4464,51.1844],[71.4369,51.1874],[71.4257,51.1908],[71.3758,51.2067],[71.3729,51.2076],[71.3696,51.2087],[71.3672,51.2095],[71.3645,51.2108],[71.3633,51.2117],[71.3624,51.2125],[71.361,51.214],[71.3597,51.2156],[71.3586,51.2166],[71.3583,51.217],[71.3561,51.2187],[71.3553,51.2191],[71.3544,51.2195],[71.3534,51.2199],[71.3262,51.2285],[71.3035,51.2358],[71.3033,51.2359],[71.3016,51.2332],[71.2705,51.2431],[71.2603,51.2463],[71.26,51.2457],[71.2586,51.2436],[71.2575,51.2418],[71.2557,51.2388],[71.2549,51.2378],[71.2542,51.237],[71.2534,51.2359],[71.2528,51.2352],[71.252,51.2342],[71.2495,51.231],[71.2474,51.2284],[71.2447,51.2251],[71.2477,51.2244],[71.2473,51.2235],[71.2462,51.2211],[71.2444,51.2191],[71.2411,51.2154],[71.2413,51.2152],[71.2413,51.2146],[71.2415,51.2142],[71.2405,51.2138],[71.2405,51.2135],[71.2409,51.2133],[71.2408,51.2127],[71.2401,51.2125],[71.24,51.2123],[71.2406,51.212],[71.2412,51.2119],[71.2411,51.2117],[71.2407,51.2115],[71.2407,51.2113],[71.2412,51.2113],[71.2411,51.2111],[71.2405,51.2111],[71.2401,51.2109],[71.2397,51.2109],[71.2397,51.2108],[71.2401,51.2106],[71.2401,51.2105],[71.2394,51.2104],[71.2394,51.2102],[71.2399,51.2102],[71.2392,51.2099],[71.239,51.2101],[71.2388,51.2101],[71.2386,51.2097],[71.238,51.2098],[71.2374,51.2096],[71.2378,51.2092],[71.2376,51.2089],[71.2373,51.2087],[71.2374,51.2085],[71.2381,51.2086],[71.2398,51.2076],[71.2415,51.2076],[71.2428,51.2068],[71.2431,51.2044],[71.2427,51.2028],[71.2414,51.2028],[71.2402,51.2033],[71.2405,51.2025],[71.24,51.202],[71.2404,51.2014],[71.2411,51.2011],[71.2418,51.2008],[71.2422,51.2006],[71.2434,51.2001],[71.2447,51.1991],[71.245,51.1986],[71.2444,51.1983],[71.2434,51.1984],[71.2423,51.1978],[71.2435,51.1969],[71.2454,51.1966],[71.2476,51.1956],[71.2488,51.195],[71.2493,51.1941],[71.2492,51.1937],[71.25,51.1932],[71.2507,51.1935],[71.2514,51.1934],[71.2518,51.193],[71.2519,51.1926],[71.2527,51.1926],[71.2528,51.1924],[71.2514,51.1908],[71.2514,51.1906],[71.2521,51.1902],[71.253,51.1903],[71.2535,51.1912],[71.2541,51.1913],[71.2548,51.1909],[71.2551,51.1903],[71.2553,51.1899],[71.2551,51.1896],[71.2557,51.1894],[71.257,51.1895],[71.257,51.1902],[71.2574,51.1903],[71.2583,51.1899],[71.2593,51.19],[71.2602,51.1902],[71.26,51.1908],[71.2603,51.191],[71.2601,51.1916],[71.2605,51.1918],[71.2606,51.1922],[71.2609,51.1922],[71.2612,51.1919],[71.2618,51.1918],[71.2619,51.1915],[71.2611,51.1912],[71.2615,51.1903],[71.2621,51.1901],[71.2622,51.1898],[71.2625,51.1896],[71.2627,51.1898],[71.2645,51.1899],[71.2648,51.1896],[71.2644,51.1891],[71.2648,51.1889],[71.2654,51.1891],[71.266,51.1896],[71.2667,51.1897],[71.267,51.1896],[71.2671,51.1891],[71.2672,51.1887],[71.2685,51.189],[71.2691,51.1896],[71.2696,51.1895],[71.2695,51.189],[71.2701,51.189],[71.2704,51.1888],[71.2707,51.1891],[71.2711,51.1891],[71.2716,51.1893],[71.272,51.1891],[71.2725,51.1891],[71.2727,51.1887],[71.2733,51.1886],[71.2734,51.1884],[71.2732,51.1882],[71.2733,51.1882],[71.2741,51.1881],[71.2755,51.1879],[71.2769,51.1876],[71.2798,51.1883],[71.2846,51.1889],[71.2862,51.1891],[71.29,51.1892],[71.2918,51.1893],[71.2921,51.1892],[71.2927,51.1889],[71.2935,51.1884],[71.2937,51.1883],[71.2938,51.1883],[71.2941,51.1881],[71.2944,51.1881],[71.2946,51.188],[71.295,51.1878],[71.2952,51.1878],[71.2956,51.1878],[71.2958,51.1877],[71.2962,51.1877],[71.2964,51.1876],[71.2965,51.1874],[71.2966,51.1871],[71.297,51.1869],[71.2974,51.1868],[71.2976,51.1867],[71.2976,51.1866],[71.2976,51.1865],[71.2975,51.1864],[71.2973,51.1864],[71.297,51.1863],[71.2966,51.1864],[71.2965,51.1863],[71.2964,51.1862],[71.2967,51.186],[71.2968,51.1856],[71.2968,51.1855],[71.2969,51.1854],[71.297,51.1853],[71.297,51.1853],[71.2972,51.1851],[71.2976,51.185],[71.2978,51.1849],[71.2979,51.1848],[71.2979,51.1847],[71.2979,51.1846],[71.298,51.1845],[71.2981,51.1844],[71.2984,51.1843],[71.2989,51.1844],[71.2995,51.1842],[71.2995,51.1841],[71.2993,51.1839],[71.2992,51.1839],[71.2988,51.1839],[71.2987,51.1838],[71.2985,51.1837],[71.2987,51.1835],[71.2995,51.1835],[71.2999,51.1833],[71.3,51.1832],[71.3002,51.1832],[71.3006,51.1832],[71.3009,51.1831],[71.302,51.1826],[71.3022,51.1826],[71.3023,51.1825],[71.3025,51.1827],[71.3027,51.1827],[71.3027,51.1826],[71.303,51.1825],[71.3044,51.1821],[71.3052,51.182],[71.3056,51.182],[71.3063,51.1821],[71.3067,51.1823],[71.307,51.1823],[71.3072,51.1823],[71.3076,51.1823],[71.3078,51.1823],[71.3079,51.1822],[71.3079,51.1821],[71.308,51.182],[71.308,51.182],[71.308,51.1819],[71.3081,51.1818],[71.3081,51.1817],[71.3082,51.1816],[71.3083,51.1816],[71.3085,51.1816],[71.3087,51.1817],[71.3088,51.1817],[71.3089,51.1817],[71.3091,51.1817],[71.3093,51.1816],[71.3094,51.1816],[71.3094,51.1815],[71.3095,51.1815],[71.3095,51.1814],[71.3095,51.1813],[71.3094,51.1812],[71.3093,51.1812],[71.3093,51.1811],[71.3093,51.181],[71.3093,51.1808],[71.3093,51.1807],[71.3093,51.1806],[71.3094,51.1806],[71.3094,51.1805],[71.3094,51.1804],[71.3094,51.1803],[71.3095,51.1802],[71.3096,51.1801],[71.3097,51.1801],[71.3098,51.18],[71.3098,51.18],[71.3098,51.18],[71.3099,51.1799],[71.31,51.1799],[71.3101,51.1799],[71.3101,51.1799],[71.3102,51.18],[71.3102,51.18],[71.3103,51.1801],[71.3103,51.1801],[71.3105,51.1801],[71.3108,51.18],[71.3109,51.18],[71.3112,51.18],[71.3114,51.18],[71.3116,51.18],[71.3117,51.18],[71.3117,51.1799],[71.3117,51.1799],[71.3117,51.1799],[71.3115,51.1798],[71.3113,51.1796],[71.3113,51.1795],[71.3114,51.1794],[71.3116,51.1794],[71.3118,51.1794],[71.3121,51.1794],[71.3124,51.1795],[71.3125,51.1796],[71.3127,51.1796],[71.3128,51.1796],[71.3129,51.1797],[71.3132,51.1796],[71.3135,51.1796],[71.3137,51.1797],[71.3139,51.1797],[71.3141,51.1798],[71.3144,51.1799],[71.3147,51.1799],[71.3149,51.1798],[71.3152,51.1796],[71.3152,51.1793],[71.3153,51.1792],[71.3153,51.1791],[71.3155,51.1789],[71.3158,51.1788],[71.3162,51.1788],[71.3167,51.1787],[71.3171,51.1786],[71.3173,51.1785],[71.3173,51.1784],[71.3174,51.1782],[71.3173,51.1781],[71.3173,51.178],[71.3174,51.1779],[71.3176,51.1779],[71.3177,51.178],[71.3178,51.1781],[71.3178,51.1781],[71.3181,51.1782],[71.3182,51.1783],[71.3184,51.1782],[71.3187,51.1781],[71.3191,51.1779],[71.3193,51.1777],[71.3194,51.1776],[71.3195,51.1775],[71.3195,51.1775],[71.3196,51.1774],[71.3198,51.1773],[71.32,51.1773],[71.3201,51.1773],[71.3202,51.1774],[71.3204,51.1775],[71.3204,51.1776],[71.3205,51.1777],[71.3205,51.1778],[71.3206,51.1779],[71.3207,51.1779],[71.3209,51.1779],[71.3212,51.1779],[71.3214,51.1778],[71.3215,51.1776],[71.3216,51.1774],[71.3217,51.1772],[71.3218,51.177],[71.322,51.1769],[71.3225,51.1768],[71.3229,51.1767],[71.3231,51.1767],[71.3232,51.1767],[71.3234,51.1768],[71.3235,51.1769],[71.3236,51.177],[71.3237,51.1772],[71.3237,51.1773],[71.3239,51.1776],[71.3245,51.1777],[71.325,51.1778],[71.3256,51.1778],[71.3266,51.1778],[71.3271,51.1775],[71.3274,51.1773],[71.3276,51.1767],[71.3276,51.1765],[71.327,51.176],[71.3268,51.1757],[71.327,51.1754],[71.3272,51.1751],[71.3277,51.1747],[71.3278,51.1746],[71.3282,51.1743],[71.3284,51.1742],[71.3289,51.1743],[71.329,51.1742],[71.3297,51.1742],[71.3305,51.1739],[71.3309,51.1735],[71.331,51.1731],[71.3311,51.1727],[71.3319,51.1729],[71.3324,51.173],[71.3327,51.1732],[71.333,51.1735],[71.3335,51.1738],[71.334,51.1741],[71.3342,51.1742],[71.3345,51.1743],[71.3351,51.1743],[71.3354,51.1743],[71.3359,51.1744],[71.3361,51.1743],[71.3364,51.1743],[71.3366,51.1742],[71.3375,51.1744],[71.3384,51.1743],[71.3394,51.1743],[71.3403,51.1742],[71.3411,51.174],[71.3417,51.1738],[71.3427,51.1733],[71.3431,51.1731],[71.3444,51.1728],[71.3454,51.1723],[71.346,51.172],[71.3466,51.1715],[71.3476,51.1711],[71.348,51.1708],[71.348,51.1703],[71.3481,51.1699],[71.3484,51.1696],[71.3488,51.169],[71.3491,51.1687],[71.3492,51.1684],[71.3495,51.168],[71.3499,51.1677],[71.3505,51.1674],[71.3532,51.1661],[71.3547,51.1659],[71.3555,51.1652],[71.356,51.1648],[71.3561,51.1647],[71.3563,51.1645],[71.3571,51.1647],[71.3577,51.1647],[71.3592,51.1647],[71.3602,51.1648],[71.3612,51.1649]]}}]}