scenario_key,analysis,slice,n_candidates,n_points,budget_ratio,weights,max_selected,radius_m,seed,budget,problem_digest,feasible_count,subsets_total,budget_binding,baseline_unknown_points,pareto_size,distinct_exact_plans,exact_mean_ids,exact_minimax_ids,exact_coverage_ids
main|shymkent_school|nc6|np5|br0.25|uniform|ms3|r300|s0,main,shymkent_school,6,5,0.25,uniform,3,300,0,603,sha256:44c57897291fd0c8401db2a0edc69b3e55325433c7a7b052cc7989d0b5352b97,5,64,1,0,2,1,c04,c04,c04
main|shymkent_school|nc6|np5|br0.25|uniform|ms3|r300|s1,main,shymkent_school,6,5,0.25,uniform,3,300,1,586,sha256:c5b572c21b20abb5c5d98f38a2ddb3518a578fab19a6f56a3a912f6d8da2f6b4,7,64,1,0,2,1,c00,c00,c00
main|shymkent_school|nc6|np5|br0.25|uniform|ms3|r300|s2,main,shymkent_school,6,5,0.25,uniform,3,300,2,521,sha256:8d02f4f951c9b8eb7e2adaed5750f6492e20d19e143cfabf1cff80895480fc12,8,64,1,0,2,1,c04,c04,c04
main|shymkent_school|nc6|np5|br0.25|uniform|ms3|r300|s3,main,shymkent_school,6,5,0.25,uniform,3,300,3,473,sha256:d977ed672dea24cd557f6cfc0a2c92f161416fffb643972717905caad0b8ed94,9,64,1,0,2,1,c02,c02,c02
main|shymkent_school|nc6|np5|br0.25|uniform|ms3|r300|s4,main,shymkent_school,6,5,0.25,uniform,3,300,4,584,sha256:4f1fa36f5e693bda670d769fc4ca1303a49cf6e7b756c5d3a9198a53372f8662,4,64,1,0,2,1,c04,c04,c04
main|shymkent_school|nc6|np5|br0.25|uniform|ms3|r300|s5,main,shymkent_school,6,5,0.25,uniform,3,300,5,469,sha256:4130e9df86bd82fe105b0c7b5d3f52e99bbcccd5af501ff1b43b58e8a1104df4,4,64,1,0,3,1,c01,c01,c01
main|shymkent_school|nc6|np5|br0.25|uniform|ms3|r300|s6,main,shymkent_school,6,5,0.25,uniform,3,300,6,604,sha256:83ac466b652181e700a44e497f0bd31dbb1768185805e91759a75415222303a8,4,64,1,0,1,1,,,
main|shymkent_school|nc6|np5|br0.25|uniform|ms3|r300|s7,main,shymkent_school,6,5,0.25,uniform,3,300,7,480,sha256:51028b1c3d2855ccd6b8038373c9c1230503bc9b523a566409d6c323c2b05409,8,64,1,0,2,1,c05,c05,c05
main|shymkent_school|nc6|np5|br0.25|uniform|ms3|r300|s8,main,shymkent_school,6,5,0.25,uniform,3,300,8,575,sha256:13d8d15ebc25c36a237fbe7be198e0b5c767f16f81a22a4ab6594b53caefa412,5,64,1,0,2,1,c00,c00,c00
main|shymkent_school|nc6|np5|br0.25|uniform|ms3|r300|s9,main,shymkent_school,6,5,0.25,uniform,3,300,9,486,sha256:dae17fe159b5af15c966e4561c813e712daec3f7ca17251f51dd8d5dd0593970,10,64,1,0,2,1,c02,c02,c02
main|shymkent_school|nc6|np5|br0.25|random_1_100|ms3|r300|s0,main,shymkent_school,6,5,0.25,random_1_100,3,300,0,603,sha256:ab10e8c63a101aa5133850e8455b713bf3c04b8ce0d0cc4c3cad5c8572889c92,5,64,1,0,2,1,c04,c04,c04
main|shymkent_school|nc6|np5|br0.25|random_1_100|ms3|r300|s1,main,shymkent_school,6,5,0.25,random_1_100,3,300,1,586,sha256:fe6ceaaccd959bf2009688db256dff9b5c2f4b22857a444120fe973f47f1aea7,7,64,1,0,2,1,c00,c00,c00
main|shymkent_school|nc6|np5|br0.25|random_1_100|ms3|r300|s2,main,shymkent_school,6,5,0.25,random_1_100,3,300,2,521,sha256:6e52b29979511aab033373c32a8e83e47646f12928ef92e607fb47324adf6476,8,64,1,0,2,1,c04,c04,c04
main|shymkent_school|nc6|np5|br0.25|random_1_100|ms3|r300|s3,main,shymkent_school,6,5,0.25,random_1_100,3,300,3,473,sha256:f95fa27645f6f1355f5e71b35a1305b0fe4abb7b4926c6760ae19f4d5363d461,9,64,1,0,2,1,c02,c02,c02
main|shymkent_school|nc6|np5|br0.25|random_1_100|ms3|r300|s4,main,shymkent_school,6,5,0.25,random_1_100,3,300,4,584,sha256:91135b0d303b440095ab639a379e392290937d71f36552222e0049e5b7e1010e,4,64,1,0,2,1,c04,c04,c04
main|shymkent_school|nc6|np5|br0.25|random_1_100|ms3|r300|s5,main,shymkent_school,6,5,0.25,random_1_100,3,300,5,469,sha256:f9c7c5809bda08c9e313774aa365e1c4958f85aac62562057be4b6368b4cca1d,4,64,1,0,3,1,c01,c01,c01
main|shymkent_school|nc6|np5|br0.25|random_1_100|ms3|r300|s6,main,shymkent_school,6,5,0.25,random_1_100,3,300,6,604,sha256:a616893600978e683aa8643027d7cb117e345e3507d9bbcd4e186c9112589a6e,4,64,1,0,1,1,,,
main|shymkent_school|nc6|np5|br0.25|random_1_100|ms3|r300|s7,main,shymkent_school,6,5,0.25,random_1_100,3,300,7,480,sha256:7c1f9b19265865428471ff6aafeaa4ca387c55ee6f51da72bd156e6f0e64dc1c,8,64,1,0,2,1,c05,c05,c05
main|shymkent_school|nc6|np5|br0.25|random_1_100|ms3|r300|s8,main,shymkent_school,6,5,0.25,random_1_100,3,300,8,575,sha256:70237ec0b0e60639b20afd1470a588a3ca4e0fc493193a59d084e71acefed81a,5,64,1,0,2,1,c00,c00,c00
main|shymkent_school|nc6|np5|br0.25|random_1_100|ms3|r300|s9,main,shymkent_school,6,5,0.25,random_1_100,3,300,9,486,sha256:fe9a3d3660b5d657ed436d8d5ee3970aea0dc3e918d50e71b3deab8c3ec46228,10,64,1,0,2,1,c02,c02,c02
main|shymkent_school|nc6|np5|br0.25|one_heavy|ms3|r300|s0,main,shymkent_school,6,5,0.25,one_heavy,3,300,0,603,sha256:336172c7395867e9f701ef29315af937690ef71c10f91188764ead0520391421,5,64,1,0,2,1,c04,c04,c04
main|shymkent_school|nc6|np5|br0.25|one_heavy|ms3|r300|s1,main,shymkent_school,6,5,0.25,one_heavy,3,300,1,586,sha256:839b4528ea70c24302a3e45931ce0761396514fe5781f8cc6977a2e763cd8308,7,64,1,0,2,1,c00,c00,c00
main|shymkent_school|nc6|np5|br0.25|one_heavy|ms3|r300|s2,main,shymkent_school,6,5,0.25,one_heavy,3,300,2,521,sha256:0e0ada6feb36b6161f5b7673bf08e37ebe93236b6a376f28622ac0ef4cd36eb6,8,64,1,0,2,1,c04,c04,c04
main|shymkent_school|nc6|np5|br0.25|one_heavy|ms3|r300|s3,main,shymkent_school,6,5,0.25,one_heavy,3,300,3,473,sha256:b30403043b81a8185d2708962434e9c631c14179e4050406d85c159c90b6558c,9,64,1,0,3,2,c04,c02,c02
main|shymkent_school|nc6|np5|br0.25|one_heavy|ms3|r300|s4,main,shymkent_school,6,5,0.25,one_heavy,3,300,4,584,sha256:d3b2d4cf44ab25ca66136dace04ae585982fb6a990dfcc24908dfdd59db77836,4,64,1,0,2,1,c04,c04,c04
main|shymkent_school|nc6|np5|br0.25|one_heavy|ms3|r300|s5,main,shymkent_school,6,5,0.25,one_heavy,3,300,5,469,sha256:a4d09a70b207af12f484dcea0029962cc771fa1909e12cdc8a7bf30533599873,4,64,1,0,3,1,c01,c01,c01
main|shymkent_school|nc6|np5|br0.25|one_heavy|ms3|r300|s6,main,shymkent_school,6,5,0.25,one_heavy,3,300,6,604,sha256:eb567a3a79982363d381a878ed6c0b64fa7fac5b019fc8be7201649a3fcbd593,4,64,1,0,1,1,,,
main|shymkent_school|nc6|np5|br0.25|one_heavy|ms3|r300|s7,main,shymkent_school,6,5,0.25,one_heavy,3,300,7,480,sha256:21b05f7fbf21821ebfcd91b53cec7f154d89be6c9498ff943aab40b99b565cc5,8,64,1,0,2,1,c05,c05,c05
main|shymkent_school|nc6|np5|br0.25|one_heavy|ms3|r300|s8,main,shymkent_school,6,5,0.25,one_heavy,3,300,8,575,sha256:76ec82ff5ad23a05c8e1d682aa4160e1437c02cab74e7744e3bc762961e6958c,5,64,1,0,2,1,c00,c00,c00
main|shymkent_school|nc6|np5|br0.25|one_heavy|ms3|r300|s9,main,shymkent_school,6,5,0.25,one_heavy,3,300,9,486,sha256:ce63b443d391a183ba1717abaf89b815943e129ddded1ed4e707540a1d424388,10,64,1,0,2,1,c02,c02,c02
main|shymkent_school|nc6|np5|br0.5|uniform|ms3|r300|s0,main,shymkent_school,6,5,0.5,uniform,3,300,0,1207,sha256:fc81fe199fd4e25a275cee14378f16007d92e1203cc9e48f9770eceb82a2ba22,16,64,1,0,3,1,c01,c01,c01
main|shymkent_school|nc6|np5|br0.5|uniform|ms3|r300|s1,main,shymkent_school,6,5,0.5,uniform,3,300,1,1172,sha256:9666a0efdeb322389f804f5c6a0592c2b93d3c7cfe1c88edded392dc07099094,23,64,1,0,2,1,c00,c00,c00
main|shymkent_school|nc6|np5|br0.5|uniform|ms3|r300|s2,main,shymkent_school,6,5,0.5,uniform,3,300,2,1043,sha256:5bc74eafec3a1ee6fd4da5e5e30ce110043993aa4ffd2a4fc57fa8c6ecf5d9e7,25,64,1,0,2,1,c04,c04,c04
main|shymkent_school|nc6|np5|br0.5|uniform|ms3|r300|s3,main,shymkent_school,6,5,0.5,uniform,3,300,3,946,sha256:4ae5df9a12a13b671500c8e98f18d8981c05e814482155d17d43700b22a10a0b,23,64,1,0,3,1,c02 c04,c02 c04,c02 c04
main|shymkent_school|nc6|np5|br0.5|uniform|ms3|r300|s4,main,shymkent_school,6,5,0.5,uniform,3,300,4,1169,sha256:9d26fbea68f9793e765058161c9ecdf8c30abdaa67688b39a2d82f90db2c90e5,16,64,1,0,3,1,c02 c04,c02 c04,c02 c04
main|shymkent_school|nc6|np5|br0.5|uniform|ms3|r300|s5,main,shymkent_school,6,5,0.5,uniform,3,300,5,938,sha256:403d3aaf936ab26f623dde81ff50cb45c7a021ac0d69ba53372e3ea6b19ebef9,11,64,1,0,4,2,c05,c01,c05
main|shymkent_school|nc6|np5|br0.5|uniform|ms3|r300|s6,main,shymkent_school,6,5,0.5,uniform,3,300,6,1209,sha256:ba2ec703d65cfbe6406f962986785e4e9fe9895a71cc79c4e888b09ffb9c1912,15,64,1,0,2,1,c02,c02,c02
main|shymkent_school|nc6|np5|br0.5|uniform|ms3|r300|s7,main,shymkent_school,6,5,0.5,uniform,3,300,7,960,sha256:390e57980191433dda14182b0627c5ba118328636a9849071971124be1a467d0,20,64,1,0,3,1,c03 c05,c03 c05,c03 c05
main|shymkent_school|nc6|np5|br0.5|uniform|ms3|r300|s8,main,shymkent_school,6,5,0.5,uniform,3,300,8,1150,sha256:bc9f21da9d06a8c8af75210b18328e1ccb5b14ade7f7143eaeec183348af5c15,16,64,1,0,4,2,c00 c04,c00 c02,c00 c04
main|shymkent_school|nc6|np5|br0.5|uniform|ms3|r300|s9,main,shymkent_school,6,5,0.5,uniform,3,300,9,973,sha256:cf60e8638016141eadca0094d9b6e017b2fdd97fd43eb6d66ee737bf479e6983,21,64,1,0,2,1,c02,c02,c02
main|shymkent_school|nc6|np5|br0.5|random_1_100|ms3|r300|s0,main,shymkent_school,6,5,0.5,random_1_100,3,300,0,1207,sha256:39517674c9d4dbd961cf38da63b6470c3315084a2037c63b4a1c3885fcfab79b,16,64,1,0,3,1,c01,c01,c01
main|shymkent_school|nc6|np5|br0.5|random_1_100|ms3|r300|s1,main,shymkent_school,6,5,0.5,random_1_100,3,300,1,1172,sha256:993a62250b4be9c42a5e16981f759e143dcdab7859617142d5f09d84ece47e6b,23,64,1,0,2,1,c00,c00,c00
main|shymkent_school|nc6|np5|br0.5|random_1_100|ms3|r300|s2,main,shymkent_school,6,5,0.5,random_1_100,3,300,2,1043,sha256:d8b52a6ae19191014e63ef3ac59ba0ecadd48a85a064744fcdd17db050ed14cf,25,64,1,0,2,1,c04,c04,c04
main|shymkent_school|nc6|np5|br0.5|random_1_100|ms3|r300|s3,main,shymkent_school,6,5,0.5,random_1_100,3,300,3,946,sha256:d125cdc5ad42481c981c6fda6da63418037a4aa63ba1858e524a3b2424fc3c3e,23,64,1,0,3,1,c02 c04,c02 c04,c02 c04
main|shymkent_school|nc6|np5|br0.5|random_1_100|ms3|r300|s4,main,shymkent_school,6,5,0.5,random_1_100,3,300,4,1169,sha256:9b4fa552902d5382906fb1f83587f7807a7dab1c0e7e3d2ada41aff939fac5fc,16,64,1,0,3,1,c02 c04,c02 c04,c02 c04
main|shymkent_school|nc6|np5|br0.5|random_1_100|ms3|r300|s5,main,shymkent_school,6,5,0.5,random_1_100,3,300,5,938,sha256:09ff6d88549263e04a69f41251258c7a64736d114f410f9212c137a09b69ce69,11,64,1,0,4,2,c05,c01,c05
main|shymkent_school|nc6|np5|br0.5|random_1_100|ms3|r300|s6,main,shymkent_school,6,5,0.5,random_1_100,3,300,6,1209,sha256:08d51c39902ac799632142b58510d78e07aa93ab5019e6cb55e87da06b663068,15,64,1,0,2,1,c02,c02,c02
main|shymkent_school|nc6|np5|br0.5|random_1_100|ms3|r300|s7,main,shymkent_school,6,5,0.5,random_1_100,3,300,7,960,sha256:42f6b25adffc98f720a1ade67e8b0438054c7588cf181f6b6e4510f7b87e62a5,20,64,1,0,3,1,c03 c05,c03 c05,c03 c05
main|shymkent_school|nc6|np5|br0.5|random_1_100|ms3|r300|s8,main,shymkent_school,6,5,0.5,random_1_100,3,300,8,1150,sha256:db1b69ba1355ea0ed658263de83bdb2712e62008ba9fbce329566a7cafdacc1c,16,64,1,0,3,2,c00 c02,c00 c02,c00 c04
main|shymkent_school|nc6|np5|br0.5|random_1_100|ms3|r300|s9,main,shymkent_school,6,5,0.5,random_1_100,3,300,9,973,sha256:5dd78adf05fe7087573d699a6f91d31887be3c9f6b515bcb21e2d515ab271816,21,64,1,0,2,1,c02,c02,c02
main|shymkent_school|nc6|np5|br0.5|one_heavy|ms3|r300|s0,main,shymkent_school,6,5,0.5,one_heavy,3,300,0,1207,sha256:2ab32d45083195d538d28a9bf861ddebcc6e6be473cba87bd22f68c70759ec79,16,64,1,0,3,1,c01,c01,c01
main|shymkent_school|nc6|np5|br0.5|one_heavy|ms3|r300|s1,main,shymkent_school,6,5,0.5,one_heavy,3,300,1,1172,sha256:86fccaf3207b7a68925faaed0fa51a91efa6c8f104e3faa899fd96285fe2fa2d,23,64,1,0,2,1,c00,c00,c00
main|shymkent_school|nc6|np5|br0.5|one_heavy|ms3|r300|s2,main,shymkent_school,6,5,0.5,one_heavy,3,300,2,1043,sha256:e2fb16747d98355de9e59e823aa04b6705fda1c9c8f975cc74b3643eb9c552ba,25,64,1,0,2,1,c04,c04,c04
main|shymkent_school|nc6|np5|br0.5|one_heavy|ms3|r300|s3,main,shymkent_school,6,5,0.5,one_heavy,3,300,3,946,sha256:a8e25d9f320829d78049ca7858a28fb874203efa7268bf8acf1bae3d1d0f0a3b,23,64,1,0,4,1,c02 c04,c02 c04,c02 c04
main|shymkent_school|nc6|np5|br0.5|one_heavy|ms3|r300|s4,main,shymkent_school,6,5,0.5,one_heavy,3,300,4,1169,sha256:ff6c0a7a645dc0100e817855894e049e406bec8bf3f0bb3bafd58feffb0dcf88,16,64,1,0,4,1,c02 c04,c02 c04,c02 c04
main|shymkent_school|nc6|np5|br0.5|one_heavy|ms3|r300|s5,main,shymkent_school,6,5,0.5,one_heavy,3,300,5,938,sha256:2e5674835f8f60377879866e51d3671cfab17273f882bdb389631a13001a08c8,11,64,1,0,4,2,c05,c01,c05
main|shymkent_school|nc6|np5|br0.5|one_heavy|ms3|r300|s6,main,shymkent_school,6,5,0.5,one_heavy,3,300,6,1209,sha256:f8cb6ebaa7a20238c7ad9854f5d0b38a7939c3fe41a7102f5a4919e4efbaeaa3,15,64,1,0,2,1,c02,c02,c02
main|shymkent_school|nc6|np5|br0.5|one_heavy|ms3|r300|s7,main,shymkent_school,6,5,0.5,one_heavy,3,300,7,960,sha256:f2f9a61e96d18a40715c57fca20ce7f2d1b6f782ae3ceedaef9829007cedddb2,20,64,1,0,3,1,c03 c05,c03 c05,c03 c05
main|shymkent_school|nc6|np5|br0.5|one_heavy|ms3|r300|s8,main,shymkent_school,6,5,0.5,one_heavy,3,300,8,1150,sha256:27a2b83c0107b1dd09fb8126944893d8c11e9f927ef55466850f607fe24e5567,16,64,1,0,4,2,c00 c04,c00 c02,c00 c04
main|shymkent_school|nc6|np5|br0.5|one_heavy|ms3|r300|s9,main,shymkent_school,6,5,0.5,one_heavy,3,300,9,973,sha256:ecd10c5b6f20a98de1bf5b2ae7fd44be85ad6beacae1ffdc4b80ffcc6b83777b,21,64,1,0,2,1,c02,c02,c02
main|shymkent_school|nc6|np5|br0.75|uniform|ms3|r300|s0,main,shymkent_school,6,5,0.75,uniform,3,300,0,1810,sha256:827190b1a08120c7959fe39dcc3e00c849ec3e100a6c12adda059108a90a9f93,33,64,1,0,3,1,c01,c01,c01
main|shymkent_school|nc6|np5|br0.75|uniform|ms3|r300|s1,main,shymkent_school,6,5,0.75,uniform,3,300,1,1758,sha256:9632ab8d54f6057ad0f67c5f96553e1be779267f5e5443d3703e05d7c162bef3,35,64,1,0,2,1,c00,c00,c00
main|shymkent_school|nc6|np5|br0.75|uniform|ms3|r300|s2,main,shymkent_school,6,5,0.75,uniform,3,300,2,1564,sha256:5cbdf87c8c7785665f249eb17471771bd40486835ac59bef629e3d852e8eed05,37,64,1,0,2,1,c04,c04,c04
main|shymkent_school|nc6|np5|br0.75|uniform|ms3|r300|s3,main,shymkent_school,6,5,0.75,uniform,3,300,3,1419,sha256:59a1f42f79b9647f9449e4e1550af220a79624dd7aceaabf19ecc97cecd7cb28,32,64,1,0,3,1,c02 c04,c02 c04,c02 c04
main|shymkent_school|nc6|np5|br0.75|uniform|ms3|r300|s4,main,shymkent_school,6,5,0.75,uniform,3,300,4,1754,sha256:1689016efdf7a7a634c2c239ea8a81f825d614040a7c7805e317ef0cf1946b7e,32,64,1,0,3,1,c02 c04,c02 c04,c02 c04
main|shymkent_school|nc6|np5|br0.75|uniform|ms3|r300|s5,main,shymkent_school,6,5,0.75,uniform,3,300,5,1407,sha256:e73ef64881589f8f7552c152e16c4f7bfb67e1326f43e0547f8850b91cc35bf8,26,64,1,0,6,1,c01 c05,c01 c05,c01 c05
main|shymkent_school|nc6|np5|br0.75|uniform|ms3|r300|s6,main,shymkent_school,6,5,0.75,uniform,3,300,6,1814,sha256:dcef23e86919127c8c203a5cf4ec82ef5c7b57be425fc387056fbb0f3dfc1a47,32,64,1,0,2,1,c02,c02,c02
main|shymkent_school|nc6|np5|br0.75|uniform|ms3|r300|s7,main,shymkent_school,6,5,0.75,uniform,3,300,7,1440,sha256:cfff4d29dd46ceccd2be82ab01f63f379ff64cd2035b0ebe70110b72a83bc7ee,37,64,1,0,3,1,c03 c05,c03 c05,c03 c05
main|shymkent_school|nc6|np5|br0.75|uniform|ms3|r300|s8,main,shymkent_school,6,5,0.75,uniform,3,300,8,1725,sha256:9d4482b80e59b8e9f42bd6cd6ceef39cf3784050215a25c0d7ea4a1c0b0b4499,33,64,1,0,5,1,c00 c02 c04,c00 c02 c04,c00 c02 c04
main|shymkent_school|nc6|np5|br0.75|uniform|ms3|r300|s9,main,shymkent_school,6,5,0.75,uniform,3,300,9,1460,sha256:c13319ca04c6b81fd3c51e151a848ed19e5d2e849a50b2c1aa6833e3cb979e93,37,64,1,0,2,1,c02,c02,c02
main|shymkent_school|nc6|np5|br0.75|random_1_100|ms3|r300|s0,main,shymkent_school,6,5,0.75,random_1_100,3,300,0,1810,sha256:07c927a2e65b5009d6410cfd55bfdcb0663a7c5f05ed4d662c59bfe145d8287f,33,64,1,0,3,1,c01,c01,c01
main|shymkent_school|nc6|np5|br0.75|random_1_100|ms3|r300|s1,main,shymkent_school,6,5,0.75,random_1_100,3,300,1,1758,sha256:eaa4cb98bb905abac73f23e5ce5838eb2cb2353814621d6e1e0e81b9e0f2a103,35,64,1,0,2,1,c00,c00,c00
main|shymkent_school|nc6|np5|br0.75|random_1_100|ms3|r300|s2,main,shymkent_school,6,5,0.75,random_1_100,3,300,2,1564,sha256:3dce79e5ec9e1d1efed7dd3c9ae7fc63046022fc05471bf1857abf5232d30eca,37,64,1,0,2,1,c04,c04,c04
main|shymkent_school|nc6|np5|br0.75|random_1_100|ms3|r300|s3,main,shymkent_school,6,5,0.75,random_1_100,3,300,3,1419,sha256:82d63e4dc67ac0d8245d25227755041070c8d737cedf3cb5e622639eba9b4d10,32,64,1,0,4,2,c00 c02,c02 c04,c00 c02
main|shymkent_school|nc6|np5|br0.75|random_1_100|ms3|r300|s4,main,shymkent_school,6,5,0.75,random_1_100,3,300,4,1754,sha256:6459bcfc6c24270fcabd2ab4d635337506e2429b87394aa91f5f37140d24e994,32,64,1,0,3,1,c02 c04,c02 c04,c02 c04
main|shymkent_school|nc6|np5|br0.75|random_1_100|ms3|r300|s5,main,shymkent_school,6,5,0.75,random_1_100,3,300,5,1407,sha256:d3c9a60e533366f5a54cbfd845a994cd672fa184fa28f1653fa343fa1b392a2f,26,64,1,0,6,1,c01 c05,c01 c05,c01 c05
main|shymkent_school|nc6|np5|br0.75|random_1_100|ms3|r300|s6,main,shymkent_school,6,5,0.75,random_1_100,3,300,6,1814,sha256:e7500332a8ebe74740c7df3269283c211b48acfde716a40d51a2f87b3951222b,32,64,1,0,2,1,c02,c02,c02
main|shymkent_school|nc6|np5|br0.75|random_1_100|ms3|r300|s7,main,shymkent_school,6,5,0.75,random_1_100,3,300,7,1440,sha256:4a95318d9b9f357f2015605dc8dcc5d231fcd0e1ca10ea787f2f68bca1eac9ec,37,64,1,0,3,1,c03 c05,c03 c05,c03 c05
main|shymkent_school|nc6|np5|br0.75|random_1_100|ms3|r300|s8,main,shymkent_school,6,5,0.75,random_1_100,3,300,8,1725,sha256:8eb37055e9852d93cdc35322a22bd9f0591c2d26034668c9a12af2295eeeeb1e,33,64,1,0,4,1,c00 c02 c04,c00 c02 c04,c00 c02 c04
main|shymkent_school|nc6|np5|br0.75|random_1_100|ms3|r300|s9,main,shymkent_school,6,5,0.75,random_1_100,3,300,9,1460,sha256:abf61570c395d3928c43f24df993b9d0f47f8f63aab3d21e5fb8c215ccdc2cbc,37,64,1,0,2,1,c02,c02,c02
main|shymkent_school|nc6|np5|br0.75|one_heavy|ms3|r300|s0,main,shymkent_school,6,5,0.75,one_heavy,3,300,0,1810,sha256:68f05d1e56b5410c0e3103632b48855e4a60b000ff2f53fb1ca588ea5c4a5d75,33,64,1,0,3,1,c01,c01,c01
main|shymkent_school|nc6|np5|br0.75|one_heavy|ms3|r300|s1,main,shymkent_school,6,5,0.75,one_heavy,3,300,1,1758,sha256:2416ced0adbd34df1a5bc7341509fa6bb8c4b161290f7707f2d90ba64866aae7,35,64,1,0,2,1,c00,c00,c00
main|shymkent_school|nc6|np5|br0.75|one_heavy|ms3|r300|s2,main,shymkent_school,6,5,0.75,one_heavy,3,300,2,1564,sha256:8a689a5b7bf55ba3f1e1c07958e7233315ced39313f11b992d3cd24fe1d815d3,37,64,1,0,2,1,c04,c04,c04
main|shymkent_school|nc6|np5|br0.75|one_heavy|ms3|r300|s3,main,shymkent_school,6,5,0.75,one_heavy,3,300,3,1419,sha256:019313c2b89bc4ff0cf121b93efd796fb303c347455394506f18a421d65d3110,32,64,1,0,4,1,c02 c04,c02 c04,c02 c04
main|shymkent_school|nc6|np5|br0.75|one_heavy|ms3|r300|s4,main,shymkent_school,6,5,0.75,one_heavy,3,300,4,1754,sha256:243bfe0c333348ce96e968edcf0504aa4d83b9df93214aa40a3a742435f743ad,32,64,1,0,4,1,c02 c04,c02 c04,c02 c04
main|shymkent_school|nc6|np5|br0.75|one_heavy|ms3|r300|s5,main,shymkent_school,6,5,0.75,one_heavy,3,300,5,1407,sha256:d30132a9ef15c8e63b2d80435ccf434531e6c18c61af0f82205f310a7f7873f9,26,64,1,0,6,1,c01 c05,c01 c05,c01 c05
main|shymkent_school|nc6|np5|br0.75|one_heavy|ms3|r300|s6,main,shymkent_school,6,5,0.75,one_heavy,3,300,6,1814,sha256:30a2e220b79dfe8f3859d4ae68c1c03ca5bb70e2118f9ccb7cfe164fa746e1ad,32,64,1,0,2,1,c02,c02,c02
main|shymkent_school|nc6|np5|br0.75|one_heavy|ms3|r300|s7,main,shymkent_school,6,5,0.75,one_heavy,3,300,7,1440,sha256:60a8f77c04dfcbbdbd6a694932c7f7f8a69a3f25f638e6c7c025ae34de9f6f16,37,64,1,0,3,1,c03 c05,c03 c05,c03 c05
main|shymkent_school|nc6|np5|br0.75|one_heavy|ms3|r300|s8,main,shymkent_school,6,5,0.75,one_heavy,3,300,8,1725,sha256:bbf963570ed430a3b1f044c52eaa77202a8a89ed12c90729e40ca1f46ff7b614,33,64,1,0,5,1,c00 c02 c04,c00 c02 c04,c00 c02 c04
main|shymkent_school|nc6|np5|br0.75|one_heavy|ms3|r300|s9,main,shymkent_school,6,5,0.75,one_heavy,3,300,9,1460,sha256:5f2cf2ddc7d7ff4433c1cfbeabf709ab7dece74d68e26caa606c23eb633af0c4,37,64,1,0,2,1,c02,c02,c02
main|shymkent_school|nc6|np5|br1.0|uniform|ms3|r300|s0,main,shymkent_school,6,5,1.0,uniform,3,300,0,2414,sha256:e4f4be2ba17ee639d6203f9df61fd484c692263e30bc3a76d730d42648913b75,42,64,0,0,3,1,c01,c01,c01
main|shymkent_school|nc6|np5|br1.0|uniform|ms3|r300|s1,main,shymkent_school,6,5,1.0,uniform,3,300,1,2344,sha256:b79e67f84993f6360538082697477961f30a793209e35b9c144647db3b4bd254,42,64,0,0,2,1,c00,c00,c00
main|shymkent_school|nc6|np5|br1.0|uniform|ms3|r300|s2,main,shymkent_school,6,5,1.0,uniform,3,300,2,2086,sha256:338a43ac2a29337c3c45d2a7337b853d202d1c559a3b4d35d0e12b056002d8be,42,64,0,0,2,1,c04,c04,c04
main|shymkent_school|nc6|np5|br1.0|uniform|ms3|r300|s3,main,shymkent_school,6,5,1.0,uniform,3,300,3,1893,sha256:7b17fc162d28ec67eeb34319176758f9de43bf81f9cedf244904b235019ef690,42,64,0,0,4,1,c00 c02 c04,c00 c02 c04,c00 c02 c04
main|shymkent_school|nc6|np5|br1.0|uniform|ms3|r300|s4,main,shymkent_school,6,5,1.0,uniform,3,300,4,2339,sha256:f620ac34d21cb7ed3f8d315d6c98b933dbecd09729f38a80e66001f013e39763,42,64,0,0,3,1,c02 c04,c02 c04,c02 c04
main|shymkent_school|nc6|np5|br1.0|uniform|ms3|r300|s5,main,shymkent_school,6,5,1.0,uniform,3,300,5,1876,sha256:76fef9eb3f3c080b0d9e31c7e9828caaf1e69caf5abc94319d49e3c76985bea2,42,64,0,0,6,1,c01 c05,c01 c05,c01 c05
main|shymkent_school|nc6|np5|br1.0|uniform|ms3|r300|s6,main,shymkent_school,6,5,1.0,uniform,3,300,6,2419,sha256:2633b13c339b3b555b3228da1cf1b06fdf789559740cb48afcff46ffaa281672,42,64,0,0,2,1,c02,c02,c02
main|shymkent_school|nc6|np5|br1.0|uniform|ms3|r300|s7,main,shymkent_school,6,5,1.0,uniform,3,300,7,1921,sha256:0c092b8705f75d1f958b60f7f6bb23f81372b5f5dcc24cfef4925bea3e84c229,42,64,0,0,3,1,c03 c05,c03 c05,c03 c05
main|shymkent_school|nc6|np5|br1.0|uniform|ms3|r300|s8,main,shymkent_school,6,5,1.0,uniform,3,300,8,2300,sha256:4202cdf3cf82be9194bf133460f56c82a768edc13774101a1b98b792d86afc57,42,64,0,0,5,1,c00 c02 c04,c00 c02 c04,c00 c02 c04
main|shymkent_school|nc6|np5|br1.0|uniform|ms3|r300|s9,main,shymkent_school,6,5,1.0,uniform,3,300,9,1947,sha256:65ae07ec492eab6d6839468b86ac32dd2208de0d4607abb5754425b94a06ce34,42,64,0,0,2,1,c02,c02,c02
main|shymkent_school|nc6|np5|br1.0|random_1_100|ms3|r300|s0,main,shymkent_school,6,5,1.0,random_1_100,3,300,0,2414,sha256:bc03749b4939a5d1dfdb82e98c117deb760135a4471ad527d8a018d585dac0b3,42,64,0,0,3,1,c01,c01,c01
main|shymkent_school|nc6|np5|br1.0|random_1_100|ms3|r300|s1,main,shymkent_school,6,5,1.0,random_1_100,3,300,1,2344,sha256:ed970c5da50ced3cab58a062b7c52bd53804e1d17d29a1b43898cb5341e15ec1,42,64,0,0,2,1,c00,c00,c00
main|shymkent_school|nc6|np5|br1.0|random_1_100|ms3|r300|s2,main,shymkent_school,6,5,1.0,random_1_100,3,300,2,2086,sha256:2ec6ec190b7f9eb56649938702150f7a2adf79468143ca18ab2d1cb95e99eb33,42,64,0,0,2,1,c04,c04,c04
main|shymkent_school|nc6|np5|br1.0|random_1_100|ms3|r300|s3,main,shymkent_school,6,5,1.0,random_1_100,3,300,3,1893,sha256:be913e84156c79a67cb65da76527c00fd8d98e65ca21ae4eea7fc2e6ec96c6cd,42,64,0,0,5,1,c00 c02 c04,c00 c02 c04,c00 c02 c04
main|shymkent_school|nc6|np5|br1.0|random_1_100|ms3|r300|s4,main,shymkent_school,6,5,1.0,random_1_100,3,300,4,2339,sha256:c9451e66ecd0e0b2b927fdb43455af000e6e2e17715b9e11aa79fca285f98fbb,42,64,0,0,3,1,c02 c04,c02 c04,c02 c04
main|shymkent_school|nc6|np5|br1.0|random_1_100|ms3|r300|s5,main,shymkent_school,6,5,1.0,random_1_100,3,300,5,1876,sha256:172d204d7d4c5d9d2b057a53140aab986479f426b3692502b0261e567cbc243e,42,64,0,0,6,1,c01 c05,c01 c05,c01 c05
main|shymkent_school|nc6|np5|br1.0|random_1_100|ms3|r300|s6,main,shymkent_school,6,5,1.0,random_1_100,3,300,6,2419,sha256:344ace848286900c3c88c1d4427c488067c2ba82035b39732ca08f8cefa54f7d,42,64,0,0,2,1,c02,c02,c02
main|shymkent_school|nc6|np5|br1.0|random_1_100|ms3|r300|s7,main,shymkent_school,6,5,1.0,random_1_100,3,300,7,1921,sha256:5a534b626273da08f6f42d665be0435cf937e5c4891741d73c7962898fb0061c,42,64,0,0,3,1,c03 c05,c03 c05,c03 c05
main|shymkent_school|nc6|np5|br1.0|random_1_100|ms3|r300|s8,main,shymkent_school,6,5,1.0,random_1_100,3,300,8,2300,sha256:fbd74aea86cf5ee519d7b97d6167b1def20e321a6b3d1a4ee30b5d20d7181783,42,64,0,0,4,1,c00 c02 c04,c00 c02 c04,c00 c02 c04
main|shymkent_school|nc6|np5|br1.0|random_1_100|ms3|r300|s9,main,shymkent_school,6,5,1.0,random_1_100,3,300,9,1947,sha256:0723c04ee6de58ec42a0104723fd7d11abb0fb8dc24c2c9d699ed42a7caed3e6,42,64,0,0,2,1,c02,c02,c02
main|shymkent_school|nc6|np5|br1.0|one_heavy|ms3|r300|s0,main,shymkent_school,6,5,1.0,one_heavy,3,300,0,2414,sha256:1f4853a0b3475b95c2a5c8ea2d29a557ee78bb81348e24c353223f324909e22f,42,64,0,0,3,1,c01,c01,c01
main|shymkent_school|nc6|np5|br1.0|one_heavy|ms3|r300|s1,main,shymkent_school,6,5,1.0,one_heavy,3,300,1,2344,sha256:d02dca1e96dff87938cbccc9578712707a249549fd8d6cb6ea975452e0535515,42,64,0,0,2,1,c00,c00,c00
main|shymkent_school|nc6|np5|br1.0|one_heavy|ms3|r300|s2,main,shymkent_school,6,5,1.0,one_heavy,3,300,2,2086,sha256:30ce3257ce86b70b49488851e86e2b50ff3aa218df4054de9e9ab9af815f060a,42,64,0,0,2,1,c04,c04,c04
main|shymkent_school|nc6|np5|br1.0|one_heavy|ms3|r300|s3,main,shymkent_school,6,5,1.0,one_heavy,3,300,3,1893,sha256:9b7b646affde280502d9af920b3653311c6c3ad38ed5aab0a37294bc0a06c1f5,42,64,0,0,5,1,c00 c02 c04,c00 c02 c04,c00 c02 c04
main|shymkent_school|nc6|np5|br1.0|one_heavy|ms3|r300|s4,main,shymkent_school,6,5,1.0,one_heavy,3,300,4,2339,sha256:7451ca7adec5be793c959a58a6e2e85f25d38ecef912d1a739dce3c6e6f2b432,42,64,0,0,4,1,c02 c04,c02 c04,c02 c04
main|shymkent_school|nc6|np5|br1.0|one_heavy|ms3|r300|s5,main,shymkent_school,6,5,1.0,one_heavy,3,300,5,1876,sha256:426fcc459f9fa982c785f34a2ec4eb2a7b9057f85ab96609f99e532c1e718372,42,64,0,0,6,1,c01 c05,c01 c05,c01 c05
main|shymkent_school|nc6|np5|br1.0|one_heavy|ms3|r300|s6,main,shymkent_school,6,5,1.0,one_heavy,3,300,6,2419,sha256:e4e1986a4132848d5f52ef0f7247b49539ef7de439e3d2a5f9d94862553d9ef6,42,64,0,0,2,1,c02,c02,c02
main|shymkent_school|nc6|np5|br1.0|one_heavy|ms3|r300|s7,main,shymkent_school,6,5,1.0,one_heavy,3,300,7,1921,sha256:19802ad6c044d7e3e33ba884603174a254d4afa644e7341ada6f1b923c5cb568,42,64,0,0,3,1,c03 c05,c03 c05,c03 c05
main|shymkent_school|nc6|np5|br1.0|one_heavy|ms3|r300|s8,main,shymkent_school,6,5,1.0,one_heavy,3,300,8,2300,sha256:406c9d91532c09f4f72b50c012da3dca52fd55a1f10952dc11bccbe67a13ba27,42,64,0,0,5,1,c00 c02 c04,c00 c02 c04,c00 c02 c04
main|shymkent_school|nc6|np5|br1.0|one_heavy|ms3|r300|s9,main,shymkent_school,6,5,1.0,one_heavy,3,300,9,1947,sha256:a674b11823d20499d69aacc5cf2c0189525b3dabe4ea2530fec90a61946a34a7,42,64,0,0,2,1,c02,c02,c02
main|shymkent_school|nc6|np15|br0.25|uniform|ms3|r300|s0,main,shymkent_school,6,15,0.25,uniform,3,300,0,603,sha256:d84ffa8c421f3bdd1beea543ddc16d720e798bcc83f4fda4a09cc95f03450e5a,5,64,1,0,2,1,c04,c04,c04
main|shymkent_school|nc6|np15|br0.25|uniform|ms3|r300|s1,main,shymkent_school,6,15,0.25,uniform,3,300,1,586,sha256:db91e851d22e6f9ad1b85dfc1f212740980f7a5f8924fef7e989c66f4645b7ee,7,64,1,0,3,1,c00 c01,c00 c01,c00 c01
main|shymkent_school|nc6|np15|br0.25|uniform|ms3|r300|s2,main,shymkent_school,6,15,0.25,uniform,3,300,2,521,sha256:c6cd0f58c7936777bc6c651abaebe7079a6aab290f28c3b4576e4cf6baf6f573,8,64,1,0,5,1,c00 c02 c04,c00 c02 c04,c00 c02 c04
main|shymkent_school|nc6|np15|br0.25|uniform|ms3|r300|s3,main,shymkent_school,6,15,0.25,uniform,3,300,3,473,sha256:17d6f08bbd70d88950ad33ce5952d6a66367ce20033b4b7694f408cee6be2183,9,64,1,0,4,1,c02 c03,c02 c03,c02 c03
main|shymkent_school|nc6|np15|br0.25|uniform|ms3|r300|s4,main,shymkent_school,6,15,0.25,uniform,3,300,4,584,sha256:56ca70922dceaba39f2df4d04357eeaedf159f1deddb2562909f3815d1a53f96,4,64,1,0,2,1,c04,c04,c04
main|shymkent_school|nc6|np15|br0.25|uniform|ms3|r300|s5,main,shymkent_school,6,15,0.25,uniform,3,300,5,469,sha256:b5cd318ad631e83f1b275bbd80b89c62d04a495f8af40d570ac35af5f251f591,4,64,1,0,3,1,c01,c01,c01
main|shymkent_school|nc6|np15|br0.25|uniform|ms3|r300|s6,main,shymkent_school,6,15,0.25,uniform,3,300,6,604,sha256:8819a244e6d53e2662f7426930fb16a1de8e2e235e74e99c1a54e63a5f8d39b0,4,64,1,0,1,1,,,
main|shymkent_school|nc6|np15|br0.25|uniform|ms3|r300|s7,main,shymkent_school,6,15,0.25,uniform,3,300,7,480,sha256:9c300c4417a3b38edd204df862708a9220d9b639230dede74f8e43e7643a8da6,8,64,1,0,2,1,c05,c05,c05
main|shymkent_school|nc6|np15|br0.25|uniform|ms3|r300|s8,main,shymkent_school,6,15,0.25,uniform,3,300,8,575,sha256:ad6eb436a3ffbf3517c21fd90013aa578a36df3b16f39c91ea333803b0ef5521,5,64,1,0,4,1,c00 c03,c00 c03,c00 c03
main|shymkent_school|nc6|np15|br0.25|uniform|ms3|r300|s9,main,shymkent_school,6,15,0.25,uniform,3,300,9,486,sha256:8f48bd3ec0b7d6e462391085ffa7003f2d87e76ad677b1a823afb28c4dc8a097,10,64,1,0,2,1,c02,c02,c02
main|shymkent_school|nc6|np15|br0.25|random_1_100|ms3|r300|s0,main,shymkent_school,6,15,0.25,random_1_100,3,300,0,603,sha256:0cb0876fac1108020354bd954603bb6b6d9ee0912021e1881d65e49129a25a0b,5,64,1,0,3,2,c00,c00,c04
main|shymkent_school|nc6|np15|br0.25|random_1_100|ms3|r300|s1,main,shymkent_school,6,15,0.25,random_1_100,3,300,1,586,sha256:e49c94bd0e1c74ec662db44b882f70ebb8ff181cfd5f797c33262da2006770e7,7,64,1,0,4,1,c00 c01,c00 c01,c00 c01
main|shymkent_school|nc6|np15|br0.25|random_1_100|ms3|r300|s2,main,shymkent_school,6,15,0.25,random_1_100,3,300,2,521,sha256:e0bbdb5ba4a2d550db26247bf95bfd18cb396036f78947d3e0f72ecde3e0942a,8,64,1,0,5,1,c00 c02 c04,c00 c02 c04,c00 c02 c04
main|shymkent_school|nc6|np15|br0.25|random_1_100|ms3|r300|s3,main,shymkent_school,6,15,0.25,random_1_100,3,300,3,473,sha256:05875b1825978e29ba26468edfe8f9047319fdf2b8269625de6e8236e091358c,9,64,1,0,4,1,c02 c03,c02 c03,c02 c03
main|shymkent_school|nc6|np15|br0.25|random_1_100|ms3|r300|s4,main,shymkent_school,6,15,0.25,random_1_100,3,300,4,584,sha256:576a7056fb46489ea2c61b53f7b0e78c16777450c9915ba13de48eccb8f253b2,4,64,1,0,2,1,c04,c04,c04
main|shymkent_school|nc6|np15|br0.25|random_1_100|ms3|r300|s5,main,shymkent_school,6,15,0.25,random_1_100,3,300,5,469,sha256:d747562fa114132c8d3130c9a5af434e88ee77bc52279fb4946090c993280966,4,64,1,0,3,1,c01,c01,c01
main|shymkent_school|nc6|np15|br0.25|random_1_100|ms3|r300|s6,main,shymkent_school,6,15,0.25,random_1_100,3,300,6,604,sha256:a2c326e7165ac73e4b47af27780862f76b8aba7cd4190b81981d7da9aace0008,4,64,1,0,1,1,,,
main|shymkent_school|nc6|np15|br0.25|random_1_100|ms3|r300|s7,main,shymkent_school,6,15,0.25,random_1_100,3,300,7,480,sha256:45500148e0a4327622d37152a4e4dc5cda7f0a4a27d2f5684729e77259cc1982,8,64,1,0,2,1,c05,c05,c05
main|shymkent_school|nc6|np15|br0.25|random_1_100|ms3|r300|s8,main,shymkent_school,6,15,0.25,random_1_100,3,300,8,575,sha256:34a9979ca8788b6b3fc57e4d32f1d7a229a1115cf7b4774937874b509c6ed5f8,5,64,1,0,4,1,c00 c03,c00 c03,c00 c03
main|shymkent_school|nc6|np15|br0.25|random_1_100|ms3|r300|s9,main,shymkent_school,6,15,0.25,random_1_100,3,300,9,486,sha256:1c06a0ceeca0fdd372ad727b04585ab9dce29d999023c6b9742321e4155c2de9,10,64,1,0,2,1,c02,c02,c02
main|shymkent_school|nc6|np15|br0.25|one_heavy|ms3|r300|s0,main,shymkent_school,6,15,0.25,one_heavy,3,300,0,603,sha256:ec04dc5aeff7671d0ea30e5857fd63eac002c4b8e967d674c13078a957dafecc,5,64,1,0,2,1,c04,c04,c04
main|shymkent_school|nc6|np15|br0.25|one_heavy|ms3|r300|s1,main,shymkent_school,6,15,0.25,one_heavy,3,300,1,586,sha256:568f6756b7cf2d36c03f3a9e99375c732f897cfcef0aa92bdd3dcf43bf80eb21,7,64,1,0,4,1,c00 c01,c00 c01,c00 c01
main|shymkent_school|nc6|np15|br0.25|one_heavy|ms3|r300|s2,main,shymkent_school,6,15,0.25,one_heavy,3,300,2,521,sha256:0868140b86d9d2a817bfe316c985fb342b42dfd8f1daa0fdd8b53ec5d07f4658,8,64,1,0,5,1,c00 c02 c04,c00 c02 c04,c00 c02 c04
main|shymkent_school|nc6|np15|br0.25|one_heavy|ms3|r300|s3,main,shymkent_school,6,15,0.25,one_heavy,3,300,3,473,sha256:3fdb2dddfd61a67d4f2006bb07970b1329305149b10b1acc1be890350fd71a06,9,64,1,0,5,2,c04,c02 c03,c02 c03
main|shymkent_school|nc6|np15|br0.25|one_heavy|ms3|r300|s4,main,shymkent_school,6,15,0.25,one_heavy,3,300,4,584,sha256:4f6d2ccec432d2d7fd2a0552293e79c144d89e87846b0ba7261ce16ff7007d21,4,64,1,0,2,1,c04,c04,c04
main|shymkent_school|nc6|np15|br0.25|one_heavy|ms3|r300|s5,main,shymkent_school,6,15,0.25,one_heavy,3,300,5,469,sha256:f7f1ebab90c6f8fae2428f57683c657f5c91693a6865d8445915d4ecca82fc18,4,64,1,0,3,1,c01,c01,c01
main|shymkent_school|nc6|np15|br0.25|one_heavy|ms3|r300|s6,main,shymkent_school,6,15,0.25,one_heavy,3,300,6,604,sha256:45f214c194e5e09bf6138bf2a1b8546f9fbbd4f2555c678d30276b8187253d59,4,64,1,0,1,1,,,
main|shymkent_school|nc6|np15|br0.25|one_heavy|ms3|r300|s7,main,shymkent_school,6,15,0.25,one_heavy,3,300,7,480,sha256:8e81d7bb5d044cc780ed04fab197058160f4ab527ae779b8275eb0b2472645cf,8,64,1,0,2,1,c05,c05,c05
main|shymkent_school|nc6|np15|br0.25|one_heavy|ms3|r300|s8,main,shymkent_school,6,15,0.25,one_heavy,3,300,8,575,sha256:7a60186550cb5c40229cd17a68a6a7043ed0451728d64cd206f5cb50d84a37d4,5,64,1,0,4,1,c00 c03,c00 c03,c00 c03
main|shymkent_school|nc6|np15|br0.25|one_heavy|ms3|r300|s9,main,shymkent_school,6,15,0.25,one_heavy,3,300,9,486,sha256:7fc0a98eca0782dbe862bf9617c6011e516ab3d4bba4cee59d19deb0db770804,10,64,1,0,2,1,c02,c02,c02
main|shymkent_school|nc6|np15|br0.5|uniform|ms3|r300|s0,main,shymkent_school,6,15,0.5,uniform,3,300,0,1207,sha256:fbf588e3404d83b3c19bff241fb8b2cf61b84a390dd9f015dc07c45a13134025,16,64,1,0,4,1,c01 c04,c01 c04,c01 c04
main|shymkent_school|nc6|np15|br0.5|uniform|ms3|r300|s1,main,shymkent_school,6,15,0.5,uniform,3,300,1,1172,sha256:8647ff64ac0fa3880b851b10e925d1773e21a5fc14ff34ddf02b5760b80f19e8,23,64,1,0,3,1,c00 c01,c00 c01,c00 c01
main|shymkent_school|nc6|np15|br0.5|uniform|ms3|r300|s2,main,shymkent_school,6,15,0.5,uniform,3,300,2,1043,sha256:a540460d8985774cbc9bbb00c1dea946037bb6fb34189fb2bba298846662907b,25,64,1,0,7,1,c00 c03 c04,c00 c03 c04,c00 c03 c04
main|shymkent_school|nc6|np15|br0.5|uniform|ms3|r300|s3,main,shymkent_school,6,15,0.5,uniform,3,300,3,946,sha256:00b920e5cd42343c209d6469ba99fab5a5351a4312c4f8b5c221724fc0986a08,23,64,1,0,6,1,c02 c03 c05,c02 c03 c05,c02 c03 c05
main|shymkent_school|nc6|np15|br0.5|uniform|ms3|r300|s4,main,shymkent_school,6,15,0.5,uniform,3,300,4,1169,sha256:d9b7b69f9ef59f972aa7edb47177b3523ade22dd72c7b60a9e665a7527e08dd5,16,64,1,0,3,1,c02 c04,c02 c04,c02 c04
main|shymkent_school|nc6|np15|br0.5|uniform|ms3|r300|s5,main,shymkent_school,6,15,0.5,uniform,3,300,5,938,sha256:d048ac14b0bf8066c4362a9265379cafdd84650f89e63994dbc4a27c61d880e5,11,64,1,0,5,1,c00 c04,c00 c04,c00 c04
main|shymkent_school|nc6|np15|br0.5|uniform|ms3|r300|s6,main,shymkent_school,6,15,0.5,uniform,3,300,6,1209,sha256:fc7c7dbec469d8fa000f4a686c0804223273b3429ad7d8d487e9615ee4e99fef,15,64,1,0,3,1,c02,c02,c02
main|shymkent_school|nc6|np15|br0.5|uniform|ms3|r300|s7,main,shymkent_school,6,15,0.5,uniform,3,300,7,960,sha256:0ca3a266516eb3151ec756d9aa97998492038e0fa024cfef06a948e2665155cd,20,64,1,0,3,1,c03 c05,c03 c05,c03 c05
main|shymkent_school|nc6|np15|br0.5|uniform|ms3|r300|s8,main,shymkent_school,6,15,0.5,uniform,3,300,8,1150,sha256:8955372465b91a78187a36551082735ecc59d9c607ec077a0f1fb17a16a25add,16,64,1,0,6,2,c00 c04,c00 c02,c00 c04
main|shymkent_school|nc6|np15|br0.5|uniform|ms3|r300|s9,main,shymkent_school,6,15,0.5,uniform,3,300,9,973,sha256:c53c77ada5b9ad1dabfedf240e3ffe15ef0a7efdb573df9a7af61a8cd8408fef,21,64,1,0,2,1,c02,c02,c02
main|shymkent_school|nc6|np15|br0.5|random_1_100|ms3|r300|s0,main,shymkent_school,6,15,0.5,random_1_100,3,300,0,1207,sha256:616feff0532ab31eee5d108fb2d765a6456e98bd8882a0ac9ee512a64b6fcbfd,16,64,1,0,5,1,c01 c04,c01 c04,c01 c04
main|shymkent_school|nc6|np15|br0.5|random_1_100|ms3|r300|s1,main,shymkent_school,6,15,0.5,random_1_100,3,300,1,1172,sha256:a7c2834b46ba11594a0768f55566d4b36723e71c15692da988a8f38d1022bcde,23,64,1,0,4,1,c00 c01,c00 c01,c00 c01
main|shymkent_school|nc6|np15|br0.5|random_1_100|ms3|r300|s2,main,shymkent_school,6,15,0.5,random_1_100,3,300,2,1043,sha256:d073eac2fd492dbcc23c07a7cbc4bfe1107ec03c829adf76e43f6254282c76be,25,64,1,0,7,1,c00 c03 c04,c00 c03 c04,c00 c03 c04
main|shymkent_school|nc6|np15|br0.5|random_1_100|ms3|r300|s3,main,shymkent_school,6,15,0.5,random_1_100,3,300,3,946,sha256:b263b5685cde3906485e4ce0c2fb6c76ea2349cf0cff949d727f1806a870ab9d,23,64,1,0,6,1,c02 c03 c05,c02 c03 c05,c02 c03 c05
main|shymkent_school|nc6|np15|br0.5|random_1_100|ms3|r300|s4,main,shymkent_school,6,15,0.5,random_1_100,3,300,4,1169,sha256:abe611a422a0f8db5f6d8ec5df06eaf19a3b69c52dcdc7124725ace6f171567a,16,64,1,0,3,1,c02 c04,c02 c04,c02 c04
main|shymkent_school|nc6|np15|br0.5|random_1_100|ms3|r300|s5,main,shymkent_school,6,15,0.5,random_1_100,3,300,5,938,sha256:5abe7a4773005bfa795cb3384c22da60573bc1f0bf313e02fdc29c1b5ec426db,11,64,1,0,4,1,c00 c04,c00 c04,c00 c04
main|shymkent_school|nc6|np15|br0.5|random_1_100|ms3|r300|s6,main,shymkent_school,6,15,0.5,random_1_100,3,300,6,1209,sha256:118b2dc7fa61ab068416de99c44c34f707ed5e1b554205443c1cad1600c1d774,15,64,1,0,3,1,c02,c02,c02
main|shymkent_school|nc6|np15|br0.5|random_1_100|ms3|r300|s7,main,shymkent_school,6,15,0.5,random_1_100,3,300,7,960,sha256:4bb9552d70eb82356c6ce69235aa25c4f376cf6861a962609d77e231a64138ea,20,64,1,0,3,1,c03 c05,c03 c05,c03 c05
main|shymkent_school|nc6|np15|br0.5|random_1_100|ms3|r300|s8,main,shymkent_school,6,15,0.5,random_1_100,3,300,8,1150,sha256:13970ec7f5e0137ca92d63b16a5ecf8bd8d9e22243b9518f5934d2b487039986,16,64,1,0,5,2,c00 c02,c00 c02,c00 c04
main|shymkent_school|nc6|np15|br0.5|random_1_100|ms3|r300|s9,main,shymkent_school,6,15,0.5,random_1_100,3,300,9,973,sha256:9f29ce3055e4ae8a29eb0cf91a9eff0a89868e3d872b69b1581d233e5735665b,21,64,1,0,2,1,c02,c02,c02
main|shymkent_school|nc6|np15|br0.5|one_heavy|ms3|r300|s0,main,shymkent_school,6,15,0.5,one_heavy,3,300,0,1207,sha256:a85f1ad6a333245342c724bb450d66542f13b2df002579ae2b673dab5aba44c6,16,64,1,0,4,1,c01 c04,c01 c04,c01 c04
main|shymkent_school|nc6|np15|br0.5|one_heavy|ms3|r300|s1,main,shymkent_school,6,15,0.5,one_heavy,3,300,1,1172,sha256:fb0536dc17501ec82f3f8bcc1efe56fbb09cdd9ba8f8ee3cbeded95c51f3f679,23,64,1,0,4,1,c00 c01,c00 c01,c00 c01
main|shymkent_school|nc6|np15|br0.5|one_heavy|ms3|r300|s2,main,shymkent_school,6,15,0.5,one_heavy,3,300,2,1043,sha256:eafdf3024537e332c042c5828ef73e394118d080bac8d26a71562f00fce2a2f1,25,64,1,0,7,1,c00 c03 c04,c00 c03 c04,c00 c03 c04
main|shymkent_school|nc6|np15|br0.5|one_heavy|ms3|r300|s3,main,shymkent_school,6,15,0.5,one_heavy,3,300,3,946,sha256:842d79b18cfea00a3a95d8f5e0421cf355f9bf271778eb12bb94843035dbdb6d,23,64,1,0,8,2,c02 c03 c04,c02 c03 c04,c02 c03 c05
main|shymkent_school|nc6|np15|br0.5|one_heavy|ms3|r300|s4,main,shymkent_school,6,15,0.5,one_heavy,3,300,4,1169,sha256:b48e9a2b3f614a357dbe3dfb4e5fc5673bf81da6891ba30a863cfffa6d970b01,16,64,1,0,4,1,c02 c04,c02 c04,c02 c04
main|shymkent_school|nc6|np15|br0.5|one_heavy|ms3|r300|s5,main,shymkent_school,6,15,0.5,one_heavy,3,300,5,938,sha256:86dd92f8add4f140bd59b177e59faefa70ebfb063e84adb33fdebe4717c12991,11,64,1,0,5,1,c00 c04,c00 c04,c00 c04
main|shymkent_school|nc6|np15|br0.5|one_heavy|ms3|r300|s6,main,shymkent_school,6,15,0.5,one_heavy,3,300,6,1209,sha256:879e4ee458b0a1a51196d5e741941e391d1f7a3356a37ffe0bbb8c181ebb46bd,15,64,1,0,3,1,c02,c02,c02
main|shymkent_school|nc6|np15|br0.5|one_heavy|ms3|r300|s7,main,shymkent_school,6,15,0.5,one_heavy,3,300,7,960,sha256:637fdffc1b9ab6e8655fe08ce7bef632a4291b8c539d34173ddedf6651379c1f,20,64,1,0,3,1,c03 c05,c03 c05,c03 c05
main|shymkent_school|nc6|np15|br0.5|one_heavy|ms3|r300|s8,main,shymkent_school,6,15,0.5,one_heavy,3,300,8,1150,sha256:6fae66602468e468417a8c3106991cdbd90897c9aec4421fdece361737c1859f,16,64,1,0,7,2,c00 c04,c00 c02,c00 c04
main|shymkent_school|nc6|np15|br0.5|one_heavy|ms3|r300|s9,main,shymkent_school,6,15,0.5,one_heavy,3,300,9,973,sha256:ea9bc68b41f9efdac866a6a714d752bc5ac73252049b1dbb3e04a1de61f19ba5,21,64,1,0,2,1,c02,c02,c02
main|shymkent_school|nc6|np15|br0.75|uniform|ms3|r300|s0,main,shymkent_school,6,15,0.75,uniform,3,300,0,1810,sha256:344f895dc05dd5dcd27e7b5a379ee7fdca4d06bfb874db3d1475940dffae05f9,33,64,1,0,5,1,c00 c01 c04,c00 c01 c04,c00 c01 c04
main|shymkent_school|nc6|np15|br0.75|uniform|ms3|r300|s1,main,shymkent_school,6,15,0.75,uniform,3,300,1,1758,sha256:49f9d740026a59a198861935be4ec6bf31ff958197be4484667b16798c6c07f3,35,64,1,0,3,1,c00 c01,c00 c01,c00 c01
main|shymkent_school|nc6|np15|br0.75|uniform|ms3|r300|s2,main,shymkent_school,6,15,0.75,uniform,3,300,2,1564,sha256:1544868357333c9476628f546c5a8ebf196584d1649c59377183e65d9eb20a70,37,64,1,0,7,1,c00 c03 c04,c00 c03 c04,c00 c03 c04
main|shymkent_school|nc6|np15|br0.75|uniform|ms3|r300|s3,main,shymkent_school,6,15,0.75,uniform,3,300,3,1419,sha256:14ec87656d5319e434857d8f6015522bc67bc1c80f040b77ce605d083650c162,32,64,1,0,7,2,c00 c02 c03,c00 c02 c03,c02 c03 c05
main|shymkent_school|nc6|np15|br0.75|uniform|ms3|r300|s4,main,shymkent_school,6,15,0.75,uniform,3,300,4,1754,sha256:1948433f7b914815b40036f0ba99af7954345e8803ceb9176cceffa6f2d706b6,32,64,1,0,3,1,c02 c04,c02 c04,c02 c04
main|shymkent_school|nc6|np15|br0.75|uniform|ms3|r300|s5,main,shymkent_school,6,15,0.75,uniform,3,300,5,1407,sha256:1a66ea7b1b709d562e2f908338e75909512f4ed9e39e46965bff92db3d9e8672,26,64,1,0,7,2,c04 c05,c01 c04,c04 c05
main|shymkent_school|nc6|np15|br0.75|uniform|ms3|r300|s6,main,shymkent_school,6,15,0.75,uniform,3,300,6,1814,sha256:f996c435fcdf8f01ea8de6c2389222fdb8c924b4e7cd8eaf4adaa0661ad84c74,32,64,1,0,4,1,c01 c02,c01 c02,c01 c02
main|shymkent_school|nc6|np15|br0.75|uniform|ms3|r300|s7,main,shymkent_school,6,15,0.75,uniform,3,300,7,1440,sha256:6cd5f28d8615d9636014ff3f7b01caf981cae9ca721307e65028ec1addbb701e,37,64,1,0,5,1,c03 c04 c05,c03 c04 c05,c03 c04 c05
main|shymkent_school|nc6|np15|br0.75|uniform|ms3|r300|s8,main,shymkent_school,6,15,0.75,uniform,3,300,8,1725,sha256:d178127454644c85616a71c7fa52e524d91359ab8efe9854892a5f856e9fc6e8,33,64,1,0,9,1,c00 c02 c04,c00 c02 c04,c00 c02 c04
main|shymkent_school|nc6|np15|br0.75|uniform|ms3|r300|s9,main,shymkent_school,6,15,0.75,uniform,3,300,9,1460,sha256:25321118c488dc26346e66ae73d6d971c815d38819c0a1149e8521cfe78a2c35,37,64,1,0,2,1,c02,c02,c02
main|shymkent_school|nc6|np15|br0.75|random_1_100|ms3|r300|s0,main,shymkent_school,6,15,0.75,random_1_100,3,300,0,1810,sha256:8ed7ed5fdc4a610a8a3a27fefe6d3260d44cbc22551b3dee21c49aea74339412,33,64,1,0,7,1,c00 c01 c04,c00 c01 c04,c00 c01 c04
main|shymkent_school|nc6|np15|br0.75|random_1_100|ms3|r300|s1,main,shymkent_school,6,15,0.75,random_1_100,3,300,1,1758,sha256:6f8620a136d6f407304e1cf4b467a34d7de43dd3bcc4938ea198878208966cac,35,64,1,0,4,1,c00 c01,c00 c01,c00 c01
main|shymkent_school|nc6|np15|br0.75|random_1_100|ms3|r300|s2,main,shymkent_school,6,15,0.75,random_1_100,3,300,2,1564,sha256:45a2f7a5a6cf041189709b968d20a7dbeccb77d76b66362084543ff041b03d0f,37,64,1,0,7,1,c00 c03 c04,c00 c03 c04,c00 c03 c04
main|shymkent_school|nc6|np15|br0.75|random_1_100|ms3|r300|s3,main,shymkent_school,6,15,0.75,random_1_100,3,300,3,1419,sha256:e782457a74868ff142ee5e2b6c786b82dc25f2388eaae7d944116cc5147290cb,32,64,1,0,6,1,c02 c03 c05,c02 c03 c05,c02 c03 c05
main|shymkent_school|nc6|np15|br0.75|random_1_100|ms3|r300|s4,main,shymkent_school,6,15,0.75,random_1_100,3,300,4,1754,sha256:aa70685a6e1f170cf27a17b9c91c19e6823c59bcd504d5b2035ea085d6031e4a,32,64,1,0,3,1,c02 c04,c02 c04,c02 c04
main|shymkent_school|nc6|np15|br0.75|random_1_100|ms3|r300|s5,main,shymkent_school,6,15,0.75,random_1_100,3,300,5,1407,sha256:1844493539411a9f2cb5f159dad7e4e4cf5840ff66206469ad6bfb058da34225,26,64,1,0,5,1,c01 c04,c01 c04,c01 c04
main|shymkent_school|nc6|np15|br0.75|random_1_100|ms3|r300|s6,main,shymkent_school,6,15,0.75,random_1_100,3,300,6,1814,sha256:65f031ccbb86b825ecfe06daa5f288b1fb5131e804be7f5c058791f850b5b7e9,32,64,1,0,4,1,c01 c02,c01 c02,c01 c02
main|shymkent_school|nc6|np15|br0.75|random_1_100|ms3|r300|s7,main,shymkent_school,6,15,0.75,random_1_100,3,300,7,1440,sha256:05cca7803a0946a31e3258c080417e80a145ed3a64375bd68e3428166ebde88b,37,64,1,0,5,1,c03 c04 c05,c03 c04 c05,c03 c04 c05
main|shymkent_school|nc6|np15|br0.75|random_1_100|ms3|r300|s8,main,shymkent_school,6,15,0.75,random_1_100,3,300,8,1725,sha256:48654881d8e112ac9613af45921a2b8673c377f84e557c9fe18d17dbd0b59c5e,33,64,1,0,6,2,c00 c02 c03,c00 c02 c03,c00 c02 c04
main|shymkent_school|nc6|np15|br0.75|random_1_100|ms3|r300|s9,main,shymkent_school,6,15,0.75,random_1_100,3,300,9,1460,sha256:1f007a21f3b5469b408707f12a7e6fc9739bf3a04852aecf9f49a353651f8087,37,64,1,0,2,1,c02,c02,c02
main|shymkent_school|nc6|np15|br0.75|one_heavy|ms3|r300|s0,main,shymkent_school,6,15,0.75,one_heavy,3,300,0,1810,sha256:8e7426235e69dc12d7210c7f7171c8bd7e5218ae439b85754ae3caac70588772,33,64,1,0,5,1,c00 c01 c04,c00 c01 c04,c00 c01 c04
main|shymkent_school|nc6|np15|br0.75|one_heavy|ms3|r300|s1,main,shymkent_school,6,15,0.75,one_heavy,3,300,1,1758,sha256:9a47d0d33a55c3cca50c18df087204d7504953f5c48ea945eb882a1e90a1da58,35,64,1,0,4,1,c00 c01,c00 c01,c00 c01
main|shymkent_school|nc6|np15|br0.75|one_heavy|ms3|r300|s2,main,shymkent_school,6,15,0.75,one_heavy,3,300,2,1564,sha256:8cb52f67a86bd4f881ff1819cc8f1815bb6e22a6dda6e129c68c7cb7df337228,37,64,1,0,7,1,c00 c03 c04,c00 c03 c04,c00 c03 c04
main|shymkent_school|nc6|np15|br0.75|one_heavy|ms3|r300|s3,main,shymkent_school,6,15,0.75,one_heavy,3,300,3,1419,sha256:b650e669423c6327afdd5bd31c6d0c539f432853413c3b7bf0cf07f0da2c1473,32,64,1,0,8,2,c02 c03 c04,c02 c03 c04,c02 c03 c05
main|shymkent_school|nc6|np15|br0.75|one_heavy|ms3|r300|s4,main,shymkent_school,6,15,0.75,one_heavy,3,300,4,1754,sha256:dd1b69a1af3d23eae90e34259fb2ac41c13ac66ede59af172bbefe33512c69f0,32,64,1,0,4,1,c02 c04,c02 c04,c02 c04
main|shymkent_school|nc6|np15|br0.75|one_heavy|ms3|r300|s5,main,shymkent_school,6,15,0.75,one_heavy,3,300,5,1407,sha256:411ec62bcc95865ffa28c2813be07eceb2a611d019cf97792cfff673c9b8569d,26,64,1,0,7,2,c04 c05,c01 c04,c04 c05
main|shymkent_school|nc6|np15|br0.75|one_heavy|ms3|r300|s6,main,shymkent_school,6,15,0.75,one_heavy,3,300,6,1814,sha256:ec9d1fac24d3b0f041aaf0e02c04de9150870ef2a83f89a90422f78a2a759379,32,64,1,0,4,1,c01 c02,c01 c02,c01 c02
main|shymkent_school|nc6|np15|br0.75|one_heavy|ms3|r300|s7,main,shymkent_school,6,15,0.75,one_heavy,3,300,7,1440,sha256:04922f83adb382f8e30611f9ac65dff6c84c502562ae78a9866740ee86665168,37,64,1,0,5,1,c03 c04 c05,c03 c04 c05,c03 c04 c05
main|shymkent_school|nc6|np15|br0.75|one_heavy|ms3|r300|s8,main,shymkent_school,6,15,0.75,one_heavy,3,300,8,1725,sha256:999f4e8703c439945131f1eb877f54c19f517041169f2aa33cd20efacd7f6c54,33,64,1,0,9,1,c00 c02 c04,c00 c02 c04,c00 c02 c04
main|shymkent_school|nc6|np15|br0.75|one_heavy|ms3|r300|s9,main,shymkent_school,6,15,0.75,one_heavy,3,300,9,1460,sha256:e8eb199347b49145f8f49e6c2cff1afe5a6785e58ca77dc3488f50422164bafc,37,64,1,0,2,1,c02,c02,c02
main|shymkent_school|nc6|np15|br1.0|uniform|ms3|r300|s0,main,shymkent_school,6,15,1.0,uniform,3,300,0,2414,sha256:c4a85417fe733c0a61d5a459a5a6c1bd07519712cb5656d4dedd6b22432e73d3,42,64,0,0,5,1,c00 c01 c04,c00 c01 c04,c00 c01 c04
main|shymkent_school|nc6|np15|br1.0|uniform|ms3|r300|s1,main,shymkent_school,6,15,1.0,uniform,3,300,1,2344,sha256:96196f0194ff34e41dfdbbe77d703a2beefacf8bfdd6fedd9f368f4f396af357,42,64,0,0,3,1,c00 c01,c00 c01,c00 c01
main|shymkent_school|nc6|np15|br1.0|uniform|ms3|r300|s2,main,shymkent_school,6,15,1.0,uniform,3,300,2,2086,sha256:020a679596d47a39777a72afc6751e47748e7b5c2f8343daaadd9bc3cf17d380,42,64,0,0,7,1,c00 c03 c04,c00 c03 c04,c00 c03 c04
main|shymkent_school|nc6|np15|br1.0|uniform|ms3|r300|s3,main,shymkent_school,6,15,1.0,uniform,3,300,3,1893,sha256:5de3cbe4c72e9294111382a308f0ed171b1ecba80765af6459e1b921a3ffa4d6,42,64,0,0,7,2,c00 c02 c03,c00 c02 c03,c02 c03 c05
main|shymkent_school|nc6|np15|br1.0|uniform|ms3|r300|s4,main,shymkent_school,6,15,1.0,uniform,3,300,4,2339,sha256:954a440b73f52f7cd9d885ae98add78a86e7c6f8f19785a3efa59e5fedd6b7bb,42,64,0,0,3,1,c02 c04,c02 c04,c02 c04
main|shymkent_school|nc6|np15|br1.0|uniform|ms3|r300|s5,main,shymkent_school,6,15,1.0,uniform,3,300,5,1876,sha256:fa2afaf6d6848876512279d5f0ac33ffd8cf307bc0fdc0a10d06745fe65171ef,42,64,0,0,9,1,c01 c04 c05,c01 c04 c05,c01 c04 c05
main|shymkent_school|nc6|np15|br1.0|uniform|ms3|r300|s6,main,shymkent_school,6,15,1.0,uniform,3,300,6,2419,sha256:dead8489da891f73fdbb57151a10d67813e12c2cbdb6d49498c2ff91d0410690,42,64,0,0,4,1,c01 c02,c01 c02,c01 c02
main|shymkent_school|nc6|np15|br1.0|uniform|ms3|r300|s7,main,shymkent_school,6,15,1.0,uniform,3,300,7,1921,sha256:c8f61dea85ba2d03b8b9cb2c3c599ee619c2f1ebde07ad87f4c7c20ce550906e,42,64,0,0,6,1,c00 c04 c05,c00 c04 c05,c00 c04 c05
main|shymkent_school|nc6|np15|br1.0|uniform|ms3|r300|s8,main,shymkent_school,6,15,1.0,uniform,3,300,8,2300,sha256:b26afe48cc35882fca94eb6980576ce00b473a6c954e0206d2c20c99aef19b10,42,64,0,0,9,1,c00 c02 c04,c00 c02 c04,c00 c02 c04
main|shymkent_school|nc6|np15|br1.0|uniform|ms3|r300|s9,main,shymkent_school,6,15,1.0,uniform,3,300,9,1947,sha256:b991b4c0478ceaa8e3b446fd49e33e71b6999c9402c7da500b7d551f91f44dd6,42,64,0,0,2,1,c02,c02,c02
main|shymkent_school|nc6|np15|br1.0|random_1_100|ms3|r300|s0,main,shymkent_school,6,15,1.0,random_1_100,3,300,0,2414,sha256:c9a8b2d45282de9bd1cb183d57333803c7bf52b57d79f461700b97234f7e84b5,42,64,0,0,7,1,c00 c01 c04,c00 c01 c04,c00 c01 c04
main|shymkent_school|nc6|np15|br1.0|random_1_100|ms3|r300|s1,main,shymkent_school,6,15,1.0,random_1_100,3,300,1,2344,sha256:5e6cd07146230264576fd7418c210052e920a3e43d6284e3b0a5b9f99a1049f1,42,64,0,0,4,1,c00 c01,c00 c01,c00 c01
main|shymkent_school|nc6|np15|br1.0|random_1_100|ms3|r300|s2,main,shymkent_school,6,15,1.0,random_1_100,3,300,2,2086,sha256:b326041b7cecbbda95a141490741759ae9ca2ac321e5958e4b0e1b52249e9ee2,42,64,0,0,7,1,c00 c03 c04,c00 c03 c04,c00 c03 c04
main|shymkent_school|nc6|np15|br1.0|random_1_100|ms3|r300|s3,main,shymkent_school,6,15,1.0,random_1_100,3,300,3,1893,sha256:d91261e31f99f7072f48a30baac1a567303604a30b118e2f9606bde3d924501a,42,64,0,0,6,1,c02 c03 c05,c02 c03 c05,c02 c03 c05
main|shymkent_school|nc6|np15|br1.0|random_1_100|ms3|r300|s4,main,shymkent_school,6,15,1.0,random_1_100,3,300,4,2339,sha256:fbe97569fc0646a6c2634433e2368d880e6351d41d6d66b6945bd5686eac979f,42,64,0,0,3,1,c02 c04,c02 c04,c02 c04
main|shymkent_school|nc6|np15|br1.0|random_1_100|ms3|r300|s5,main,shymkent_school,6,15,1.0,random_1_100,3,300,5,1876,sha256:f172f7707a97faed503f0e9c391b57a85d8c55298d1b05584494f86ab978cf19,42,64,0,0,6,1,c01 c04 c05,c01 c04 c05,c01 c04 c05
main|shymkent_school|nc6|np15|br1.0|random_1_100|ms3|r300|s6,main,shymkent_school,6,15,1.0,random_1_100,3,300,6,2419,sha256:1ff620d6143811337d477c44d233c5c155f2388c0778b095ec143ef2d75dbbbc,42,64,0,0,4,1,c01 c02,c01 c02,c01 c02
main|shymkent_school|nc6|np15|br1.0|random_1_100|ms3|r300|s7,main,shymkent_school,6,15,1.0,random_1_100,3,300,7,1921,sha256:8e9b128b7d048353e8721bbb0cd8e7bcb43fafee1b89f7596ca6b7aa12a2c6e5,42,64,0,0,6,1,c00 c04 c05,c00 c04 c05,c00 c04 c05
main|shymkent_school|nc6|np15|br1.0|random_1_100|ms3|r300|s8,main,shymkent_school,6,15,1.0,random_1_100,3,300,8,2300,sha256:85044826cce17b2463dd339d33fda55f10a3feb03ef4c0044e46f16304b5dbb5,42,64,0,0,6,2,c00 c02 c03,c00 c02 c03,c00 c02 c04
main|shymkent_school|nc6|np15|br1.0|random_1_100|ms3|r300|s9,main,shymkent_school,6,15,1.0,random_1_100,3,300,9,1947,sha256:deb7ffa54eae3d388f7cc82347f10cc4ba949e9e68b44140884e5fda8876558b,42,64,0,0,2,1,c02,c02,c02
main|shymkent_school|nc6|np15|br1.0|one_heavy|ms3|r300|s0,main,shymkent_school,6,15,1.0,one_heavy,3,300,0,2414,sha256:4a34fd3a298abbc7a0a65d87393731d07da7d2c8984d5a0e67a5f632bdb5de73,42,64,0,0,5,1,c00 c01 c04,c00 c01 c04,c00 c01 c04
main|shymkent_school|nc6|np15|br1.0|one_heavy|ms3|r300|s1,main,shymkent_school,6,15,1.0,one_heavy,3,300,1,2344,sha256:57f5bbccfc8253a32d1e9e0d370fef74f5564a8f784c12478d9c823288de61b0,42,64,0,0,4,1,c00 c01,c00 c01,c00 c01
main|shymkent_school|nc6|np15|br1.0|one_heavy|ms3|r300|s2,main,shymkent_school,6,15,1.0,one_heavy,3,300,2,2086,sha256:877b2be61736481e46e7e07ce22916fda3f33d0240eb37773921a96b33da2470,42,64,0,0,7,1,c00 c03 c04,c00 c03 c04,c00 c03 c04
main|shymkent_school|nc6|np15|br1.0|one_heavy|ms3|r300|s3,main,shymkent_school,6,15,1.0,one_heavy,3,300,3,1893,sha256:43c35aedda2b462fb0a3e8cddcf1647970ca9fd671a41e307a3a1bb3f0038bdb,42,64,0,0,8,2,c02 c03 c04,c02 c03 c04,c02 c03 c05
main|shymkent_school|nc6|np15|br1.0|one_heavy|ms3|r300|s4,main,shymkent_school,6,15,1.0,one_heavy,3,300,4,2339,sha256:09978dbaa326f28c58bcca343499edf90e0c2895ef87c08067ff51526c2073a0,42,64,0,0,4,1,c02 c04,c02 c04,c02 c04
main|shymkent_school|nc6|np15|br1.0|one_heavy|ms3|r300|s5,main,shymkent_school,6,15,1.0,one_heavy,3,300,5,1876,sha256:1b3c4f2d4f53e3110319f16d2e67c3aae57dcb0c7c60910ffac6d6fff7b09553,42,64,0,0,9,1,c01 c04 c05,c01 c04 c05,c01 c04 c05
main|shymkent_school|nc6|np15|br1.0|one_heavy|ms3|r300|s6,main,shymkent_school,6,15,1.0,one_heavy,3,300,6,2419,sha256:cc03dc8518d735e61a1ce9d22628b4d336ea06afb8fa09e47e2e4f4917a769aa,42,64,0,0,4,1,c01 c02,c01 c02,c01 c02
main|shymkent_school|nc6|np15|br1.0|one_heavy|ms3|r300|s7,main,shymkent_school,6,15,1.0,one_heavy,3,300,7,1921,sha256:979eb8ff3db8f92bd866814ddeb1fb617c2430258fd1fd9aa9e9693609e83138,42,64,0,0,6,1,c00 c04 c05,c00 c04 c05,c00 c04 c05
main|shymkent_school|nc6|np15|br1.0|one_heavy|ms3|r300|s8,main,shymkent_school,6,15,1.0,one_heavy,3,300,8,2300,sha256:6e24a23b46a5bb3e2922907dfd5de525656bcc3fe8c54a9a032c0ca817e5b98f,42,64,0,0,9,1,c00 c02 c04,c00 c02 c04,c00 c02 c04
main|shymkent_school|nc6|np15|br1.0|one_heavy|ms3|r300|s9,main,shymkent_school,6,15,1.0,one_heavy,3,300,9,1947,sha256:6f18e02f51b3e84785a057a22d25f6f95eddd2909cf87c6b2971269480086711,42,64,0,0,2,1,c02,c02,c02
main|shymkent_school|nc6|np25|br0.25|uniform|ms3|r300|s0,main,shymkent_school,6,25,0.25,uniform,3,300,0,603,sha256:f57b2042394afe4b19826623cac2a5168a3c376bdc957693fd1b37069e2f4beb,5,64,1,0,4,1,c03 c04,c03 c04,c03 c04
main|shymkent_school|nc6|np25|br0.25|uniform|ms3|r300|s1,main,shymkent_school,6,25,0.25,uniform,3,300,1,586,sha256:cfaf73b7a2b50a3e882d154876d3be2348b9c75fb029d2280ce04d542459db60,7,64,1,0,3,1,c00 c01,c00 c01,c00 c01
main|shymkent_school|nc6|np25|br0.25|uniform|ms3|r300|s2,main,shymkent_school,6,25,0.25,uniform,3,300,2,521,sha256:7009d76e9c802161c9ad84728c9378528e4121759d5b841da00d74f1189a2736,8,64,1,0,5,1,c00 c02 c04,c00 c02 c04,c00 c02 c04
main|shymkent_school|nc6|np25|br0.25|uniform|ms3|r300|s3,main,shymkent_school,6,25,0.25,uniform,3,300,3,473,sha256:80bb97c705ba9c93eee4073460f9ffac7547020ec2994a13543801714a64769c,9,64,1,0,4,1,c02 c03,c02 c03,c02 c03
main|shymkent_school|nc6|np25|br0.25|uniform|ms3|r300|s4,main,shymkent_school,6,25,0.25,uniform,3,300,4,584,sha256:c6c3fa6f6cd4c3f6442e04d15f20ca0920a5ed9c7ab2a5ca5a3f9c670f3a0587,4,64,1,0,2,1,c04,c04,c04
main|shymkent_school|nc6|np25|br0.25|uniform|ms3|r300|s5,main,shymkent_school,6,25,0.25,uniform,3,300,5,469,sha256:dffede7e1fd0043b5c848af07c163d225273dd32343463e168ea115cf78630f7,4,64,1,0,4,2,c02,c01,c01
main|shymkent_school|nc6|np25|br0.25|uniform|ms3|r300|s6,main,shymkent_school,6,25,0.25,uniform,3,300,6,604,sha256:ee197087045429d0ad308219f74bde0657b2b5c70442a664b129a4ee0c734abf,4,64,1,0,2,1,c04,c04,c04
main|shymkent_school|nc6|np25|br0.25|uniform|ms3|r300|s7,main,shymkent_school,6,25,0.25,uniform,3,300,7,480,sha256:60fa2e87bb6ce92c463e7da71eea0225a5e0f9ea8578e4047f1cea1a80dc4a5f,8,64,1,0,2,1,c05,c05,c05
main|shymkent_school|nc6|np25|br0.25|uniform|ms3|r300|s8,main,shymkent_school,6,25,0.25,uniform,3,300,8,575,sha256:eeddc9287c97f6cdce4ad08dac4ea5a8e62bb2314c226ac2bf8afea04032f2ea,5,64,1,0,4,1,c00 c03,c00 c03,c00 c03
main|shymkent_school|nc6|np25|br0.25|uniform|ms3|r300|s9,main,shymkent_school,6,25,0.25,uniform,3,300,9,486,sha256:5b33b3e8e3e723d57f3f0214051f7328c0baced00528a0787fb93fa88dcc70b0,10,64,1,0,4,1,c02 c03,c02 c03,c02 c03
main|shymkent_school|nc6|np25|br0.25|random_1_100|ms3|r300|s0,main,shymkent_school,6,25,0.25,random_1_100,3,300,0,603,sha256:7b67e1b28704f87c4848694e1c06a6f143c8538db7be5932e9429077ff428743,5,64,1,0,4,1,c03 c04,c03 c04,c03 c04
main|shymkent_school|nc6|np25|br0.25|random_1_100|ms3|r300|s1,main,shymkent_school,6,25,0.25,random_1_100,3,300,1,586,sha256:6363d41cd9bd7966780305a5b0203ec7ebb6a231a53c5763a721756120190a9d,7,64,1,0,4,1,c00 c01,c00 c01,c00 c01
main|shymkent_school|nc6|np25|br0.25|random_1_100|ms3|r300|s2,main,shymkent_school,6,25,0.25,random_1_100,3,300,2,521,sha256:3d0bc52b4c130f625fdedd06b3c49dc0d2b14efd965ca0c1fdc3b158824814c1,8,64,1,0,5,1,c00 c02 c04,c00 c02 c04,c00 c02 c04
main|shymkent_school|nc6|np25|br0.25|random_1_100|ms3|r300|s3,main,shymkent_school,6,25,0.25,random_1_100,3,300,3,473,sha256:d5fe8b4fa1399e44af5d19c7b621677a65bc286836039eb1e083bde72349e0e6,9,64,1,0,5,2,c01 c02,c02 c03,c02 c03
main|shymkent_school|nc6|np25|br0.25|random_1_100|ms3|r300|s4,main,shymkent_school,6,25,0.25,random_1_100,3,300,4,584,sha256:9b34cf84e4886a0608a10d112e3a07f95da24e07564700d86fb6b34c8c9b3af0,4,64,1,0,2,1,c04,c04,c04
main|shymkent_school|nc6|np25|br0.25|random_1_100|ms3|r300|s5,main,shymkent_school,6,25,0.25,random_1_100,3,300,5,469,sha256:7ba2d95ab7f6886f5f0101c336b2b4e9e5c7fe9a0fb204c03756bf009fb5f84f,4,64,1,0,3,1,c01,c01,c01
main|shymkent_school|nc6|np25|br0.25|random_1_100|ms3|r300|s6,main,shymkent_school,6,25,0.25,random_1_100,3,300,6,604,sha256:6f975aae0fb4a493a2eb9f7eed6437587e0b50ddf792459c5a30ec18e460dc9a,4,64,1,0,2,1,c04,c04,c04
main|shymkent_school|nc6|np25|br0.25|random_1_100|ms3|r300|s7,main,shymkent_school,6,25,0.25,random_1_100,3,300,7,480,sha256:1581e5890917f563f924b8ab27a8cfc054eda7eb303e711a8fc66fcc1e840443,8,64,1,0,2,1,c05,c05,c05
main|shymkent_school|nc6|np25|br0.25|random_1_100|ms3|r300|s8,main,shymkent_school,6,25,0.25,random_1_100,3,300,8,575,sha256:241e493dee342ddeb4d2f1d7d2bec6f75ab2cd1e64f8efcd03335c772eda81de,5,64,1,0,4,1,c00 c03,c00 c03,c00 c03
main|shymkent_school|nc6|np25|br0.25|random_1_100|ms3|r300|s9,main,shymkent_school,6,25,0.25,random_1_100,3,300,9,486,sha256:b03d17b09ee52981b9af8e4cf243cdda183be2417787eaa3dafc35da28e254e5,10,64,1,0,4,1,c02 c03,c02 c03,c02 c03
main|shymkent_school|nc6|np25|br0.25|one_heavy|ms3|r300|s0,main,shymkent_school,6,25,0.25,one_heavy,3,300,0,603,sha256:5053ae7d5aa16de288c6e10b0607027c9ce2cae2e1c0eb51c683db12537ae0c5,5,64,1,0,4,1,c03 c04,c03 c04,c03 c04
main|shymkent_school|nc6|np25|br0.25|one_heavy|ms3|r300|s1,main,shymkent_school,6,25,0.25,one_heavy,3,300,1,586,sha256:1ff8acb42810069fbe6d98956c1f7cc4186d06aaec8cf974b9f60184891b89d1,7,64,1,0,4,1,c00 c01,c00 c01,c00 c01
main|shymkent_school|nc6|np25|br0.25|one_heavy|ms3|r300|s2,main,shymkent_school,6,25,0.25,one_heavy,3,300,2,521,sha256:b7408f838a610eaf732bca9873ff4f5e3daadb705dd1a96d22f7b9f15dbbe95f,8,64,1,0,5,1,c00 c02 c04,c00 c02 c04,c00 c02 c04
main|shymkent_school|nc6|np25|br0.25|one_heavy|ms3|r300|s3,main,shymkent_school,6,25,0.25,one_heavy,3,300,3,473,sha256:cc25754eeb47af600233359c102fa0013492ac4adfd6a547993ffc5119049adb,9,64,1,0,5,2,c04,c02 c03,c02 c03
main|shymkent_school|nc6|np25|br0.25|one_heavy|ms3|r300|s4,main,shymkent_school,6,25,0.25,one_heavy,3,300,4,584,sha256:1db59c47230c97fb129f69497bad5ab1937ace806b866358b7e2e86e09fbdee7,4,64,1,0,2,1,c04,c04,c04
main|shymkent_school|nc6|np25|br0.25|one_heavy|ms3|r300|s5,main,shymkent_school,6,25,0.25,one_heavy,3,300,5,469,sha256:927f51b1d329cffdc028b017e7960a8d17f5f427b6a3c0331a40b7b6fe3f38cc,4,64,1,0,4,2,c02,c01,c01
main|shymkent_school|nc6|np25|br0.25|one_heavy|ms3|r300|s6,main,shymkent_school,6,25,0.25,one_heavy,3,300,6,604,sha256:244b2901c9cb5f6c36266e339d219f518a5da9f76920668f463bc56157d15c96,4,64,1,0,2,1,c04,c04,c04
main|shymkent_school|nc6|np25|br0.25|one_heavy|ms3|r300|s7,main,shymkent_school,6,25,0.25,one_heavy,3,300,7,480,sha256:b8ac08023dcdd7e10de3b5a09b6bc7121ef5236ec923b84c4a1426052b7efa76,8,64,1,0,2,1,c05,c05,c05
main|shymkent_school|nc6|np25|br0.25|one_heavy|ms3|r300|s8,main,shymkent_school,6,25,0.25,one_heavy,3,300,8,575,sha256:3e98274b23d7f40930c663988d58b94e3afad2cb66b26214691e9f2337dfb30e,5,64,1,0,4,1,c00 c03,c00 c03,c00 c03
main|shymkent_school|nc6|np25|br0.25|one_heavy|ms3|r300|s9,main,shymkent_school,6,25,0.25,one_heavy,3,300,9,486,sha256:65e188d5887ca6a5f08734ac7a6d22b8a6a0da0d9059c1db5e6b74528286c9d2,10,64,1,0,4,1,c02 c03,c02 c03,c02 c03
main|shymkent_school|nc6|np25|br0.5|uniform|ms3|r300|s0,main,shymkent_school,6,25,0.5,uniform,3,300,0,1207,sha256:391a00d5cf69eaf05335be05a3058a268896f8e27c98a74f50f4ef02b4dd1423,16,64,1,0,7,1,c01 c04,c01 c04,c01 c04
main|shymkent_school|nc6|np25|br0.5|uniform|ms3|r300|s1,main,shymkent_school,6,25,0.5,uniform,3,300,1,1172,sha256:0415ba04fd6a37d91e2fedf861a1d0c7c33a522b827ddc70ae5251a95ae75fcf,23,64,1,0,3,1,c00 c01,c00 c01,c00 c01
main|shymkent_school|nc6|np25|br0.5|uniform|ms3|r300|s2,main,shymkent_school,6,25,0.5,uniform,3,300,2,1043,sha256:d18e6679fd89d90aad5550d312b2d9bbbba008c964558c34c3ca9bbea2ac5789,25,64,1,0,6,1,c00 c03 c04,c00 c03 c04,c00 c03 c04
main|shymkent_school|nc6|np25|br0.5|uniform|ms3|r300|s3,main,shymkent_school,6,25,0.5,uniform,3,300,3,946,sha256:5690c78d1ac19cce37ce2c39a69bb12763893300fcb537c0afb57d09c2f5a732,23,64,1,0,5,2,c01 c02 c03,c01 c02 c03,c02 c03 c05
main|shymkent_school|nc6|np25|br0.5|uniform|ms3|r300|s4,main,shymkent_school,6,25,0.5,uniform,3,300,4,1169,sha256:6fea3a3bb0418c0fe118cccbb94953f409d043faddbdc78390e51fc6c1c7946b,16,64,1,0,3,1,c01 c04,c01 c04,c01 c04
main|shymkent_school|nc6|np25|br0.5|uniform|ms3|r300|s5,main,shymkent_school,6,25,0.5,uniform,3,300,5,938,sha256:2489b19cff8598691ffba16bd5b04fc1eb06e47edc31e93f6ccccc6da902d2b8,11,64,1,0,6,1,c00 c04,c00 c04,c00 c04
main|shymkent_school|nc6|np25|br0.5|uniform|ms3|r300|s6,main,shymkent_school,6,25,0.5,uniform,3,300,6,1209,sha256:2cf86e2c3a209b84c291d3967738463e49bbc46e09b63c2cadd0b91af735182d,15,64,1,0,6,1,c00 c04,c00 c04,c00 c04
main|shymkent_school|nc6|np25|br0.5|uniform|ms3|r300|s7,main,shymkent_school,6,25,0.5,uniform,3,300,7,960,sha256:cf059a76188ca9cdf1d5674e3254b2d34470c68d6a032ceca0b39987413c17ef,20,64,1,0,3,1,c03 c05,c03 c05,c03 c05
main|shymkent_school|nc6|np25|br0.5|uniform|ms3|r300|s8,main,shymkent_school,6,25,0.5,uniform,3,300,8,1150,sha256:a5828cfcb684ab5ac6681d1bce6157e7139cd8daede90f344fc1793870dc938a,16,64,1,0,7,1,c00 c02,c00 c02,c00 c02
main|shymkent_school|nc6|np25|br0.5|uniform|ms3|r300|s9,main,shymkent_school,6,25,0.5,uniform,3,300,9,973,sha256:07ee02d02eff74b55a69b6448ee977e4ad085d1ce5a5d486c8465becb4bca6fe,21,64,1,0,5,2,c02 c05,c02 c05,c02 c03
main|shymkent_school|nc6|np25|br0.5|random_1_100|ms3|r300|s0,main,shymkent_school,6,25,0.5,random_1_100,3,300,0,1207,sha256:2ada0d10aac09ac1e294767a2cd19bd4723797e89c886dd59c65616b542d65db,16,64,1,0,7,1,c01 c04,c01 c04,c01 c04
main|shymkent_school|nc6|np25|br0.5|random_1_100|ms3|r300|s1,main,shymkent_school,6,25,0.5,random_1_100,3,300,1,1172,sha256:558a84292c5571aa739b350ea17af8a0844e961ea189f1c33a053a1adf7f35e6,23,64,1,0,4,1,c00 c01,c00 c01,c00 c01
main|shymkent_school|nc6|np25|br0.5|random_1_100|ms3|r300|s2,main,shymkent_school,6,25,0.5,random_1_100,3,300,2,1043,sha256:8fc42f5f5acec1d554e797e1c4d99318965bdf999abce7e1439e2bb5babf1b76,25,64,1,0,6,1,c00 c03 c04,c00 c03 c04,c00 c03 c04
main|shymkent_school|nc6|np25|br0.5|random_1_100|ms3|r300|s3,main,shymkent_school,6,25,0.5,random_1_100,3,300,3,946,sha256:8e7d333fc964421c0d4a696aa642ef986864353734966e7fad3a3fa47e77cdd7,23,64,1,0,7,2,c01 c02 c05,c01 c02 c05,c02 c03 c05
main|shymkent_school|nc6|np25|br0.5|random_1_100|ms3|r300|s4,main,shymkent_school,6,25,0.5,random_1_100,3,300,4,1169,sha256:ec37c7daa5338f5b148b1c9e413155fce8aebdcf7d219c4c38688cbaaed72eac,16,64,1,0,3,1,c01 c04,c01 c04,c01 c04
main|shymkent_school|nc6|np25|br0.5|random_1_100|ms3|r300|s5,main,shymkent_school,6,25,0.5,random_1_100,3,300,5,938,sha256:48f82f34385b70b5e509413c9994c8fd3b3261853db1d08f34397594834fcbb5,11,64,1,0,5,2,c01 c02,c00 c04,c01 c02
main|shymkent_school|nc6|np25|br0.5|random_1_100|ms3|r300|s6,main,shymkent_school,6,25,0.5,random_1_100,3,300,6,1209,sha256:8d95b70cb59f94a8b7ed5fc90c36c20a3906daa0145af2583688da85c0b518ad,15,64,1,0,5,1,c00 c04,c00 c04,c00 c04
main|shymkent_school|nc6|np25|br0.5|random_1_100|ms3|r300|s7,main,shymkent_school,6,25,0.5,random_1_100,3,300,7,960,sha256:26f823c48254c26525da1d3b761131b76e087a77d3eb138957a54432d4433c56,20,64,1,0,3,1,c03 c05,c03 c05,c03 c05
main|shymkent_school|nc6|np25|br0.5|random_1_100|ms3|r300|s8,main,shymkent_school,6,25,0.5,random_1_100,3,300,8,1150,sha256:4a5b28327fbe83e8330a5f21f881ec625ef7a3c6023eadbd63d6c88b1eca2d89,16,64,1,0,7,2,c00 c02,c00 c02,c00 c04
main|shymkent_school|nc6|np25|br0.5|random_1_100|ms3|r300|s9,main,shymkent_school,6,25,0.5,random_1_100,3,300,9,973,sha256:d67ea4a5370231fc38e3e4692a5fa0ec9aeb998530404d7416db398e2f50ac78,21,64,1,0,4,1,c02 c03,c02 c03,c02 c03
main|shymkent_school|nc6|np25|br0.5|one_heavy|ms3|r300|s0,main,shymkent_school,6,25,0.5,one_heavy,3,300,0,1207,sha256:c948b2c0b4eeac978cd5c43cbdee2dfecef7c0bea4542410082953fab6ecca3c,16,64,1,0,7,1,c01 c04,c01 c04,c01 c04
main|shymkent_school|nc6|np25|br0.5|one_heavy|ms3|r300|s1,main,shymkent_school,6,25,0.5,one_heavy,3,300,1,1172,sha256:7f3a71dc006a62da07ad896ce35d786615372c1d2dcaf7c9f5ff983396a4ccd6,23,64,1,0,4,1,c00 c01,c00 c01,c00 c01
main|shymkent_school|nc6|np25|br0.5|one_heavy|ms3|r300|s2,main,shymkent_school,6,25,0.5,one_heavy,3,300,2,1043,sha256:aee0a4df8303dcb32777c5bbdc846ad1859942ca984bc9341cdc4a07f8f7fdcf,25,64,1,0,6,1,c00 c03 c04,c00 c03 c04,c00 c03 c04
main|shymkent_school|nc6|np25|br0.5|one_heavy|ms3|r300|s3,main,shymkent_school,6,25,0.5,one_heavy,3,300,3,946,sha256:7231643f9da51442b32aa481cce5719d681a85ae6b28612cc2e4309c27d38dd7,23,64,1,0,8,2,c02 c03 c04,c02 c03 c04,c02 c03 c05
main|shymkent_school|nc6|np25|br0.5|one_heavy|ms3|r300|s4,main,shymkent_school,6,25,0.5,one_heavy,3,300,4,1169,sha256:87b13e98b5072448422005cf2ba412d627541781b878648de28ec7917631805d,16,64,1,0,4,1,c02 c04,c02 c04,c02 c04
main|shymkent_school|nc6|np25|br0.5|one_heavy|ms3|r300|s5,main,shymkent_school,6,25,0.5,one_heavy,3,300,5,938,sha256:27dd3254d49bf176a7e86541690ec5b3f888f99af6cefae50cc81b3aabdb7aa1,11,64,1,0,6,1,c00 c04,c00 c04,c00 c04
main|shymkent_school|nc6|np25|br0.5|one_heavy|ms3|r300|s6,main,shymkent_school,6,25,0.5,one_heavy,3,300,6,1209,sha256:fffb46fae2b3dbe9dadf1bac4fa54d3d02bb2283a6dbe116cb5ab8fa4b1277bb,15,64,1,0,5,2,c02 c04,c02 c04,c00 c04
main|shymkent_school|nc6|np25|br0.5|one_heavy|ms3|r300|s7,main,shymkent_school,6,25,0.5,one_heavy,3,300,7,960,sha256:9f8e690b40f96865fcc5a94d92bb13c6d4a17dd9875891a11d5a0ec3e7727b6c,20,64,1,0,3,1,c03 c05,c03 c05,c03 c05
main|shymkent_school|nc6|np25|br0.5|one_heavy|ms3|r300|s8,main,shymkent_school,6,25,0.5,one_heavy,3,300,8,1150,sha256:3f1a2fde52388c73562281894087af28642d9d55e5d990af066c6e79a6e05fb0,16,64,1,0,8,2,c00 c04,c00 c02,c00 c04
main|shymkent_school|nc6|np25|br0.5|one_heavy|ms3|r300|s9,main,shymkent_school,6,25,0.5,one_heavy,3,300,9,973,sha256:bf37939748b544b677f3f19dd370bc88354c1b9310e85522efd5a66483a83244,21,64,1,0,5,2,c02 c05,c02 c05,c02 c03
main|shymkent_school|nc6|np25|br0.75|uniform|ms3|r300|s0,main,shymkent_school,6,25,0.75,uniform,3,300,0,1810,sha256:558e7fe79d108fbb1ee7c4a7453baa3a546493ce6b0378b2592514c768b6f16e,33,64,1,0,10,1,c01 c02 c04,c01 c02 c04,c01 c02 c04
main|shymkent_school|nc6|np25|br0.75|uniform|ms3|r300|s1,main,shymkent_school,6,25,0.75,uniform,3,300,1,1758,sha256:cfbdba9dc41ba9093f59013d0cc1f41ff552b055600c66ab01ce97946029824f,35,64,1,0,4,1,c00 c01 c05,c00 c01 c05,c00 c01 c05
main|shymkent_school|nc6|np25|br0.75|uniform|ms3|r300|s2,main,shymkent_school,6,25,0.75,uniform,3,300,2,1564,sha256:cd12c2d18f07d89c600a2041016cb0b2074b7e78cda7815eaa92317d5c6f0dc4,37,64,1,0,6,1,c00 c03 c04,c00 c03 c04,c00 c03 c04
main|shymkent_school|nc6|np25|br0.75|uniform|ms3|r300|s3,main,shymkent_school,6,25,0.75,uniform,3,300,3,1419,sha256:1d1a49a1df8005c1750b49f5204470d8ba9281b3607b49ef6b8c2df6b456eefb,32,64,1,0,6,2,c00 c02 c03,c00 c02 c03,c02 c03 c05
main|shymkent_school|nc6|np25|br0.75|uniform|ms3|r300|s4,main,shymkent_school,6,25,0.75,uniform,3,300,4,1754,sha256:3dbb64e683540ddd87571a6d4d8d7c59a9cc7cc872c005f73f8a56f9bf8ba722,32,64,1,0,4,1,c01 c02 c04,c01 c02 c04,c01 c02 c04
main|shymkent_school|nc6|np25|br0.75|uniform|ms3|r300|s5,main,shymkent_school,6,25,0.75,uniform,3,300,5,1407,sha256:c5465c10afee38aba1abb084a2de6b23b507b6a8f619fd0246db8591ec1b9654,26,64,1,0,10,1,c01 c02 c04,c01 c02 c04,c01 c02 c04
main|shymkent_school|nc6|np25|br0.75|uniform|ms3|r300|s6,main,shymkent_school,6,25,0.75,uniform,3,300,6,1814,sha256:a2e587047c131fe6bdcb3e4f8b617d9597e53600584697e3e5df68173fb412d6,32,64,1,0,8,1,c00 c02,c00 c02,c00 c02
main|shymkent_school|nc6|np25|br0.75|uniform|ms3|r300|s7,main,shymkent_school,6,25,0.75,uniform,3,300,7,1440,sha256:375b2445d9eecf1cc2dfe2c46719284c8d04e86ba58eba1862cab65fb828fece,37,64,1,0,5,1,c03 c04 c05,c03 c04 c05,c03 c04 c05
main|shymkent_school|nc6|np25|br0.75|uniform|ms3|r300|s8,main,shymkent_school,6,25,0.75,uniform,3,300,8,1725,sha256:95bc0096fdbc2d7a3b4ac7611e557decbe59791e077aadaae5477d01b1f50fa2,33,64,1,0,9,1,c00 c02 c04,c00 c02 c04,c00 c02 c04
main|shymkent_school|nc6|np25|br0.75|uniform|ms3|r300|s9,main,shymkent_school,6,25,0.75,uniform,3,300,9,1460,sha256:71dee40cc30380ad47bd487d2f9765a44a4b2589d95febdced60da0e102008aa,37,64,1,0,6,1,c02 c03 c05,c02 c03 c05,c02 c03 c05
main|shymkent_school|nc6|np25|br0.75|random_1_100|ms3|r300|s0,main,shymkent_school,6,25,0.75,random_1_100,3,300,0,1810,sha256:a8b2fca265f7eefd66205e0212d74d2c3593fd2cfd4d93002f6eb7499dc59489,33,64,1,0,9,2,c00 c01 c04,c00 c01 c04,c01 c02 c04
main|shymkent_school|nc6|np25|br0.75|random_1_100|ms3|r300|s1,main,shymkent_school,6,25,0.75,random_1_100,3,300,1,1758,sha256:d6ab98f4a25085bbdcf21e49aa86bca84c18265953c15d399415c05c4b01c905,35,64,1,0,5,1,c00 c01 c05,c00 c01 c05,c00 c01 c05
main|shymkent_school|nc6|np25|br0.75|random_1_100|ms3|r300|s2,main,shymkent_school,6,25,0.75,random_1_100,3,300,2,1564,sha256:418978858f6b66d5b7f3d0387d950da491bfd2faee4230b6e1b8352c75f2ddd8,37,64,1,0,6,1,c00 c03 c04,c00 c03 c04,c00 c03 c04
main|shymkent_school|nc6|np25|br0.75|random_1_100|ms3|r300|s3,main,shymkent_school,6,25,0.75,random_1_100,3,300,3,1419,sha256:294df4b3dc66295e1bbe7adef64c3dc07c29cd36bcf237d730abc44a055a72af,32,64,1,0,7,2,c01 c02 c05,c01 c02 c05,c02 c03 c05
main|shymkent_school|nc6|np25|br0.75|random_1_100|ms3|r300|s4,main,shymkent_school,6,25,0.75,random_1_100,3,300,4,1754,sha256:c397518f81725cd38157c1c7b1ec98131ad7602631069521dbb347650e923e33,32,64,1,0,4,1,c01 c02 c04,c01 c02 c04,c01 c02 c04
main|shymkent_school|nc6|np25|br0.75|random_1_100|ms3|r300|s5,main,shymkent_school,6,25,0.75,random_1_100,3,300,5,1407,sha256:a99b8474968ef72cbbba83217dcaeda768801e931b616ac07c3a5ca7876f1966,26,64,1,0,7,1,c01 c02 c04,c01 c02 c04,c01 c02 c04
main|shymkent_school|nc6|np25|br0.75|random_1_100|ms3|r300|s6,main,shymkent_school,6,25,0.75,random_1_100,3,300,6,1814,sha256:2a49dbe06c274e9d0c786974e6d1fdc4c507fa0582c36b47fb9d70239fcbe972,32,64,1,0,5,1,c00 c04,c00 c04,c00 c04
main|shymkent_school|nc6|np25|br0.75|random_1_100|ms3|r300|s7,main,shymkent_school,6,25,0.75,random_1_100,3,300,7,1440,sha256:ce2f2f5ed654f34f9217ecccefaa8fe788812999a795bc0a8251164f1b41b8c4,37,64,1,0,5,1,c03 c04 c05,c03 c04 c05,c03 c04 c05
main|shymkent_school|nc6|np25|br0.75|random_1_100|ms3|r300|s8,main,shymkent_school,6,25,0.75,random_1_100,3,300,8,1725,sha256:c65ad88a178d16abd35d1c63aba782127fa7b03f531d9192d4d8898306a84e80,33,64,1,0,8,2,c00 c02 c03,c00 c02 c03,c00 c02 c04
main|shymkent_school|nc6|np25|br0.75|random_1_100|ms3|r300|s9,main,shymkent_school,6,25,0.75,random_1_100,3,300,9,1460,sha256:a4fd3840406886fa160b9b64b489cfc41c0e7ddc6ec5cc4310c99966fd82e935,37,64,1,0,5,1,c02 c03 c05,c02 c03 c05,c02 c03 c05
main|shymkent_school|nc6|np25|br0.75|one_heavy|ms3|r300|s0,main,shymkent_school,6,25,0.75,one_heavy,3,300,0,1810,sha256:e3f5fa83be32cea5807dc02a0430548693a8fdc4b922eaf403ab669b2feb0cb5,33,64,1,0,10,1,c01 c02 c04,c01 c02 c04,c01 c02 c04
main|shymkent_school|nc6|np25|br0.75|one_heavy|ms3|r300|s1,main,shymkent_school,6,25,0.75,one_heavy,3,300,1,1758,sha256:6acbe3f53162f72f06acc1cb4d2e493104aae29a61dff2f4da3519b553865e9d,35,64,1,0,5,1,c00 c01 c05,c00 c01 c05,c00 c01 c05
main|shymkent_school|nc6|np25|br0.75|one_heavy|ms3|r300|s2,main,shymkent_school,6,25,0.75,one_heavy,3,300,2,1564,sha256:2e83dedac6887dde9a8331d73eabb4039fd7acde7492ee34a6ae3089c642abdb,37,64,1,0,6,1,c00 c03 c04,c00 c03 c04,c00 c03 c04
main|shymkent_school|nc6|np25|br0.75|one_heavy|ms3|r300|s3,main,shymkent_school,6,25,0.75,one_heavy,3,300,3,1419,sha256:4ed0510ea14e6b259e4e76863581a0191c822722971e58da794a0fc1c891db55,32,64,1,0,8,2,c02 c03 c04,c02 c03 c04,c02 c03 c05
main|shymkent_school|nc6|np25|br0.75|one_heavy|ms3|r300|s4,main,shymkent_school,6,25,0.75,one_heavy,3,300,4,1754,sha256:702e1bd4a7a22ebea9733a6950464435e114e67f1a379e709f7992569dcc38ea,32,64,1,0,5,1,c01 c02 c04,c01 c02 c04,c01 c02 c04
main|shymkent_school|nc6|np25|br0.75|one_heavy|ms3|r300|s5,main,shymkent_school,6,25,0.75,one_heavy,3,300,5,1407,sha256:9f6db4df13d65f3f23ec6b2da5274b8768a6d7c145a0164a9f14dc8bdf7608e1,26,64,1,0,10,1,c01 c02 c04,c01 c02 c04,c01 c02 c04
main|shymkent_school|nc6|np25|br0.75|one_heavy|ms3|r300|s6,main,shymkent_school,6,25,0.75,one_heavy,3,300,6,1814,sha256:af316c013e94d06b0bdbb4c292cfefff9dda79bdda561f8ee021f1251e30a84d,32,64,1,0,7,1,c00 c02,c00 c02,c00 c02
main|shymkent_school|nc6|np25|br0.75|one_heavy|ms3|r300|s7,main,shymkent_school,6,25,0.75,one_heavy,3,300,7,1440,sha256:c18fffaf386d17cdac07abf8e53051fb3aa719746c5111888d8e4abb18df762a,37,64,1,0,5,1,c03 c04 c05,c03 c04 c05,c03 c04 c05
main|shymkent_school|nc6|np25|br0.75|one_heavy|ms3|r300|s8,main,shymkent_school,6,25,0.75,one_heavy,3,300,8,1725,sha256:f0e4893de83c1d7080ee60037621483a92d6c8f03cc014a0708a08a6516bdc0a,33,64,1,0,12,1,c00 c02 c04,c00 c02 c04,c00 c02 c04
main|shymkent_school|nc6|np25|br0.75|one_heavy|ms3|r300|s9,main,shymkent_school,6,25,0.75,one_heavy,3,300,9,1460,sha256:b8ed8fc417586357407adbc0be6a9ba0ea27429bf02bb32f5683447056035e7e,37,64,1,0,6,1,c02 c03 c05,c02 c03 c05,c02 c03 c05
main|shymkent_school|nc6|np25|br1.0|uniform|ms3|r300|s0,main,shymkent_school,6,25,1.0,uniform,3,300,0,2414,sha256:96bcb4ded90ed8fc6274b15a7528311a2b3a89934160fd993e4647840c115563,42,64,0,0,10,1,c01 c02 c04,c01 c02 c04,c01 c02 c04
main|shymkent_school|nc6|np25|br1.0|uniform|ms3|r300|s1,main,shymkent_school,6,25,1.0,uniform,3,300,1,2344,sha256:9721a08b09554e9009b39f3dd8e6598ccb555984f8a3fc7374bc5f1aa03ae4c9,42,64,0,0,4,1,c00 c01 c05,c00 c01 c05,c00 c01 c05
main|shymkent_school|nc6|np25|br1.0|uniform|ms3|r300|s2,main,shymkent_school,6,25,1.0,uniform,3,300,2,2086,sha256:86692211620789a25ec092fac7548e39e2ea51588be826baf9b5605a06ae57e4,42,64,0,0,6,1,c00 c03 c04,c00 c03 c04,c00 c03 c04
main|shymkent_school|nc6|np25|br1.0|uniform|ms3|r300|s3,main,shymkent_school,6,25,1.0,uniform,3,300,3,1893,sha256:0d130d32eb57d5121cbc77ef676ab4c03e5a8fa26fdcc22b4447942e54da31c9,42,64,0,0,6,2,c00 c02 c03,c00 c02 c03,c02 c03 c05
main|shymkent_school|nc6|np25|br1.0|uniform|ms3|r300|s4,main,shymkent_school,6,25,1.0,uniform,3,300,4,2339,sha256:423be6347d95c0123a35e2a20cccf1ae921e7e404f5881027b627c41e23cc8e4,42,64,0,0,4,1,c01 c02 c04,c01 c02 c04,c01 c02 c04
main|shymkent_school|nc6|np25|br1.0|uniform|ms3|r300|s5,main,shymkent_school,6,25,1.0,uniform,3,300,5,1876,sha256:6da4cba999336df6e47d90bb5068ece5f4c1e53c97b4de7e3c45216df5e2954a,42,64,0,0,12,2,c02 c04 c05,c01 c04 c05,c01 c04 c05
main|shymkent_school|nc6|np25|br1.0|uniform|ms3|r300|s6,main,shymkent_school,6,25,1.0,uniform,3,300,6,2419,sha256:691abae85e184a62423fce25d154ad9f6189974c55aa7b0adb4a1b677af79570,42,64,0,0,11,1,c00 c01 c02,c00 c01 c02,c00 c01 c02
main|shymkent_school|nc6|np25|br1.0|uniform|ms3|r300|s7,main,shymkent_school,6,25,1.0,uniform,3,300,7,1921,sha256:622d310f39cbf809bc233ddf51a871b949aaca49afe662ebc28038203d8b4d91,42,64,0,0,6,1,c00 c04 c05,c00 c04 c05,c00 c04 c05
main|shymkent_school|nc6|np25|br1.0|uniform|ms3|r300|s8,main,shymkent_school,6,25,1.0,uniform,3,300,8,2300,sha256:063df6f4b256eb5aa3a5a5bd1a7586f96eb14ce7da1b39b92a66f7b647440fd4,42,64,0,0,9,1,c00 c02 c04,c00 c02 c04,c00 c02 c04
main|shymkent_school|nc6|np25|br1.0|uniform|ms3|r300|s9,main,shymkent_school,6,25,1.0,uniform,3,300,9,1947,sha256:6c5bbaccf5d649d8f99aa278b778506e4d7f4fe2013c83b1877b9489fcbe3095,42,64,0,0,6,1,c02 c03 c05,c02 c03 c05,c02 c03 c05
main|shymkent_school|nc6|np25|br1.0|random_1_100|ms3|r300|s0,main,shymkent_school,6,25,1.0,random_1_100,3,300,0,2414,sha256:0a17bd15e654ac058b6a06e982003516bd51a147f1696af01a2dbb28885ff61d,42,64,0,0,9,2,c00 c01 c04,c00 c01 c04,c01 c02 c04
main|shymkent_school|nc6|np25|br1.0|random_1_100|ms3|r300|s1,main,shymkent_school,6,25,1.0,random_1_100,3,300,1,2344,sha256:378a7b151ebef8caae59b13e31f79c2632ceea417eeabe900a97de007958997f,42,64,0,0,5,1,c00 c01 c05,c00 c01 c05,c00 c01 c05
main|shymkent_school|nc6|np25|br1.0|random_1_100|ms3|r300|s2,main,shymkent_school,6,25,1.0,random_1_100,3,300,2,2086,sha256:8324942f9821b5ecf47dde24d2664d9e3b2fb6c48ec3f02c5749faa0b8d92fb7,42,64,0,0,6,1,c00 c03 c04,c00 c03 c04,c00 c03 c04
main|shymkent_school|nc6|np25|br1.0|random_1_100|ms3|r300|s3,main,shymkent_school,6,25,1.0,random_1_100,3,300,3,1893,sha256:a12a54f907db5ec067e17b3693a36904b4a44d78e84dbf53b701a616f4636c52,42,64,0,0,7,2,c01 c02 c05,c01 c02 c05,c02 c03 c05
main|shymkent_school|nc6|np25|br1.0|random_1_100|ms3|r300|s4,main,shymkent_school,6,25,1.0,random_1_100,3,300,4,2339,sha256:e429bce798cc2713015fbc2d5b80840e36ff0098468d268f393f2ed6a6b7fc10,42,64,0,0,4,1,c01 c02 c04,c01 c02 c04,c01 c02 c04
main|shymkent_school|nc6|np25|br1.0|random_1_100|ms3|r300|s5,main,shymkent_school,6,25,1.0,random_1_100,3,300,5,1876,sha256:b12657774b1c0c8b567c02e243ee46fd0df9d4ace1e81d23ae6a6d074be6dfef,42,64,0,0,8,1,c01 c04 c05,c01 c04 c05,c01 c04 c05
main|shymkent_school|nc6|np25|br1.0|random_1_100|ms3|r300|s6,main,shymkent_school,6,25,1.0,random_1_100,3,300,6,2419,sha256:cd337bba073510f617909ab60d311253557459aba659c26ead0fcfe4b1f1830f,42,64,0,0,7,1,c00 c02 c04,c00 c02 c04,c00 c02 c04
main|shymkent_school|nc6|np25|br1.0|random_1_100|ms3|r300|s7,main,shymkent_school,6,25,1.0,random_1_100,3,300,7,1921,sha256:22e8ba9978b41789a01655745a76de4b822715c0eebbd15f7e616bedf159f8c9,42,64,0,0,6,1,c00 c04 c05,c00 c04 c05,c00 c04 c05
main|shymkent_school|nc6|np25|br1.0|random_1_100|ms3|r300|s8,main,shymkent_school,6,25,1.0,random_1_100,3,300,8,2300,sha256:7482d916ffec100b3e0675734e761a3b6c6615faf824327ed3c47f9ac599431e,42,64,0,0,8,2,c00 c02 c03,c00 c02 c03,c00 c02 c04
main|shymkent_school|nc6|np25|br1.0|random_1_100|ms3|r300|s9,main,shymkent_school,6,25,1.0,random_1_100,3,300,9,1947,sha256:c20a43a2e52f76909c94ce64db004edc87bf6bd22321213a63ba266dd3cfdcbf,42,64,0,0,5,1,c02 c03 c05,c02 c03 c05,c02 c03 c05
main|shymkent_school|nc6|np25|br1.0|one_heavy|ms3|r300|s0,main,shymkent_school,6,25,1.0,one_heavy,3,300,0,2414,sha256:7b14d67f3ebf369984184117a293ff6ad7eda9bdcc5c063d8237d8ac25dbfd9f,42,64,0,0,10,1,c01 c02 c04,c01 c02 c04,c01 c02 c04
main|shymkent_school|nc6|np25|br1.0|one_heavy|ms3|r300|s1,main,shymkent_school,6,25,1.0,one_heavy,3,300,1,2344,sha256:3eab6fbe46dcf92b18c3046a528b839281fbc02c4a2bd369e748937a6369a54f,42,64,0,0,5,1,c00 c01 c05,c00 c01 c05,c00 c01 c05
main|shymkent_school|nc6|np25|br1.0|one_heavy|ms3|r300|s2,main,shymkent_school,6,25,1.0,one_heavy,3,300,2,2086,sha256:4d75923563ded64dda4e29831193080b7ffaa96fedb750082b6e943b80d4fa2a,42,64,0,0,6,1,c00 c03 c04,c00 c03 c04,c00 c03 c04
main|shymkent_school|nc6|np25|br1.0|one_heavy|ms3|r300|s3,main,shymkent_school,6,25,1.0,one_heavy,3,300,3,1893,sha256:45d6d6a7524adf294f04ff366cc76bbf61abd9d517e340beaa003bf494e03597,42,64,0,0,8,2,c02 c03 c04,c02 c03 c04,c02 c03 c05
main|shymkent_school|nc6|np25|br1.0|one_heavy|ms3|r300|s4,main,shymkent_school,6,25,1.0,one_heavy,3,300,4,2339,sha256:13b01bcd74e3591db84a7dae7e409897e68a0b02daa9248a800cd1341b91b61a,42,64,0,0,5,1,c01 c02 c04,c01 c02 c04,c01 c02 c04
main|shymkent_school|nc6|np25|br1.0|one_heavy|ms3|r300|s5,main,shymkent_school,6,25,1.0,one_heavy,3,300,5,1876,sha256:27954cf67223170009d3c432f58c460a73fe955c3091ce2a60af00706638200a,42,64,0,0,12,2,c02 c04 c05,c01 c04 c05,c01 c04 c05
main|shymkent_school|nc6|np25|br1.0|one_heavy|ms3|r300|s6,main,shymkent_school,6,25,1.0,one_heavy,3,300,6,2419,sha256:2fc661678359d6de9613dfb643e4acf31e03d722474b4942ce7b406a4fd249d6,42,64,0,0,9,1,c00 c01 c02,c00 c01 c02,c00 c01 c02
main|shymkent_school|nc6|np25|br1.0|one_heavy|ms3|r300|s7,main,shymkent_school,6,25,1.0,one_heavy,3,300,7,1921,sha256:5898057c79ecc9d8fadc4ec40e6f3f7a69bdc6e5c1cef50743c40716a425c49b,42,64,0,0,6,1,c00 c04 c05,c00 c04 c05,c00 c04 c05
main|shymkent_school|nc6|np25|br1.0|one_heavy|ms3|r300|s8,main,shymkent_school,6,25,1.0,one_heavy,3,300,8,2300,sha256:aa81043dcdc86873090ba77c229c37e3570685dd16772da6fabe3cafda15dda8,42,64,0,0,12,1,c00 c02 c04,c00 c02 c04,c00 c02 c04
main|shymkent_school|nc6|np25|br1.0|one_heavy|ms3|r300|s9,main,shymkent_school,6,25,1.0,one_heavy,3,300,9,1947,sha256:3bbd5e959dc13c407cc29465d5ada16db9939acc7921ff766dc518bc792c599e,42,64,0,0,6,1,c02 c03 c05,c02 c03 c05,c02 c03 c05
main|shymkent_school|nc10|np5|br0.25|uniform|ms3|r300|s0,main,shymkent_school,10,5,0.25,uniform,3,300,0,738,sha256:55110a88ff30e873cbe1822d79a8333e20b13895e449452d17f7bac20bee950e,11,1024,1,0,2,1,c04,c04,c04
main|shymkent_school|nc10|np5|br0.25|uniform|ms3|r300|s1,main,shymkent_school,10,5,0.25,uniform,3,300,1,691,sha256:19f5448226b7b3c7d501d15774a6b2b8262bdcdd8acf605b9e25e03248699681,13,1024,1,0,2,1,c00,c00,c00
main|shymkent_school|nc10|np5|br0.25|uniform|ms3|r300|s2,main,shymkent_school,10,5,0.25,uniform,3,300,2,608,sha256:2e8a925e0ca3ae63309382e52924f10183d4e9972bc78c7908b62bda2a34f31e,28,1024,1,0,2,1,c04,c04,c04
main|shymkent_school|nc10|np5|br0.25|uniform|ms3|r300|s3,main,shymkent_school,10,5,0.25,uniform,3,300,3,582,sha256:5a75ee82e28e175df317c934a7375ba20a3a8a8126a08377cf97fb449962dfba,15,1024,1,0,2,1,c02,c02,c02
main|shymkent_school|nc10|np5|br0.25|uniform|ms3|r300|s4,main,shymkent_school,10,5,0.25,uniform,3,300,4,635,sha256:5b6667b6e0cf895dd64e981117ebe2b9892e7667d7b46a6d030bc68c004ce1db,12,1024,1,0,4,2,c07,c04,c07
main|shymkent_school|nc10|np5|br0.25|uniform|ms3|r300|s5,main,shymkent_school,10,5,0.25,uniform,3,300,5,557,sha256:b5b5e7e5ee205d53d393d9f54f09f2bd6c3af5f307715f52b19eb39e433d97ed,8,1024,1,0,3,1,c01,c01,c01
main|shymkent_school|nc10|np5|br0.25|uniform|ms3|r300|s6,main,shymkent_school,10,5,0.25,uniform,3,300,6,608,sha256:dd4749b9549a6b41ec8a9d2c5afe52ab26c0358330311706232cb040e5af6bab,12,1024,1,0,1,1,,,
main|shymkent_school|nc10|np5|br0.25|uniform|ms3|r300|s7,main,shymkent_school,10,5,0.25,uniform,3,300,7,627,sha256:6242eb78dcf925510f5a9a767d1912c885763610d99a108a5f41426aecdc70ee,25,1024,1,0,4,1,c05 c06,c05 c06,c05 c06
main|shymkent_school|nc10|np5|br0.25|uniform|ms3|r300|s8,main,shymkent_school,10,5,0.25,uniform,3,300,8,718,sha256:762483ee182cfe29883e6b41539eb926af7fb4958ebd8b52ea117fcb30d63c42,10,1024,1,0,2,2,c00,c02,c00
main|shymkent_school|nc10|np5|br0.25|uniform|ms3|r300|s9,main,shymkent_school,10,5,0.25,uniform,3,300,9,594,sha256:395db37b74ced7abdd6e3a47725039203b2b5131ef44bd0da98aef1f930b4a97,21,1024,1,0,2,1,c02,c02,c02
main|shymkent_school|nc10|np5|br0.25|random_1_100|ms3|r300|s0,main,shymkent_school,10,5,0.25,random_1_100,3,300,0,738,sha256:090923aee5add1dd12a7b86ff8e7cf8e0558dc58ff68550b609b28363ac7822d,11,1024,1,0,2,1,c04,c04,c04
main|shymkent_school|nc10|np5|br0.25|random_1_100|ms3|r300|s1,main,shymkent_school,10,5,0.25,random_1_100,3,300,1,691,sha256:5c4e5b5dde03f0a7549e804698c5a6fc9bff450a425a6ec5e5d993964b490bcb,13,1024,1,0,2,1,c00,c00,c00
main|shymkent_school|nc10|np5|br0.25|random_1_100|ms3|r300|s2,main,shymkent_school,10,5,0.25,random_1_100,3,300,2,608,sha256:2fc9a0b35e2d9f65c6a1161db67a1b27d0f61e69204a5fc2bc58fad57012291b,28,1024,1,0,2,1,c04,c04,c04
main|shymkent_school|nc10|np5|br0.25|random_1_100|ms3|r300|s3,main,shymkent_school,10,5,0.25,random_1_100,3,300,3,582,sha256:e04c0a59925dae58ca7f128fa98fad465408345f3ab878fc507422ffb32d6673,15,1024,1,0,2,1,c02,c02,c02
main|shymkent_school|nc10|np5|br0.25|random_1_100|ms3|r300|s4,main,shymkent_school,10,5,0.25,random_1_100,3,300,4,635,sha256:5c256c52f0f9711575dbbb85f6e321a88de571452fa60c590cf0705edd13f5bb,12,1024,1,0,4,2,c07,c04,c07
main|shymkent_school|nc10|np5|br0.25|random_1_100|ms3|r300|s5,main,shymkent_school,10,5,0.25,random_1_100,3,300,5,557,sha256:0c225f02ba997e3236dd136d14ba0eff3d43466ab05b3ca3b75ef90d1fb2239e,8,1024,1,0,3,1,c01,c01,c01
main|shymkent_school|nc10|np5|br0.25|random_1_100|ms3|r300|s6,main,shymkent_school,10,5,0.25,random_1_100,3,300,6,608,sha256:1648b4d72db51ba9f61845ed12394883aa3c2ce5a3e9f0dbee477c14fd4fd4eb,12,1024,1,0,1,1,,,
main|shymkent_school|nc10|np5|br0.25|random_1_100|ms3|r300|s7,main,shymkent_school,10,5,0.25,random_1_100,3,300,7,627,sha256:9da174fef299f38c80fa9f36fe5f37e6cd97b1faa451db97461fc85d55ba58a6,25,1024,1,0,4,1,c05 c06,c05 c06,c05 c06
main|shymkent_school|nc10|np5|br0.25|random_1_100|ms3|r300|s8,main,shymkent_school,10,5,0.25,random_1_100,3,300,8,718,sha256:4461de15a2c72edbca21d85bc44083d71555f21133e4152f852395524fc2036a,10,1024,1,0,2,2,c00,c02,c00
main|shymkent_school|nc10|np5|br0.25|random_1_100|ms3|r300|s9,main,shymkent_school,10,5,0.25,random_1_100,3,300,9,594,sha256:4b1b1f6aab0d671969e8f1966f4672aad4c1c3c48dd91406c4c04abdc2c67e56,21,1024,1,0,2,1,c02,c02,c02
main|shymkent_school|nc10|np5|br0.25|one_heavy|ms3|r300|s0,main,shymkent_school,10,5,0.25,one_heavy,3,300,0,738,sha256:8a1dae66a0d40b9f6981483d80f79ac388c9c79b6e57d91ecf3c98cbef241387,11,1024,1,0,2,1,c04,c04,c04
main|shymkent_school|nc10|np5|br0.25|one_heavy|ms3|r300|s1,main,shymkent_school,10,5,0.25,one_heavy,3,300,1,691,sha256:05f05a7d6249aa11950c8c7ed5d210e60ffc443859591070e560dce5e5eccb56,13,1024,1,0,2,1,c00,c00,c00
main|shymkent_school|nc10|np5|br0.25|one_heavy|ms3|r300|s2,main,shymkent_school,10,5,0.25,one_heavy,3,300,2,608,sha256:e75b9ad0c717a088fe48ed6435e80c821cdf3d0e689f2642a0627d46abfd2cf1,28,1024,1,0,2,1,c04,c04,c04
main|shymkent_school|nc10|np5|br0.25|one_heavy|ms3|r300|s3,main,shymkent_school,10,5,0.25,one_heavy,3,300,3,582,sha256:ab0467ac0c4d088d25cf7136546f08a9e76f1ce18767ba8aee93a72e6e0e3b67,15,1024,1,0,3,2,c04,c02,c02
main|shymkent_school|nc10|np5|br0.25|one_heavy|ms3|r300|s4,main,shymkent_school,10,5,0.25,one_heavy,3,300,4,635,sha256:fd7e33444791c1e4bf617a82971fb0f0e9c1d2ffef67397876e69995d885cd79,12,1024,1,0,4,2,c07,c04,c07
main|shymkent_school|nc10|np5|br0.25|one_heavy|ms3|r300|s5,main,shymkent_school,10,5,0.25,one_heavy,3,300,5,557,sha256:d5218181eb715c0dbc62fad012e6ae37873a74dde21189f1d0a68a2e543b56a1,8,1024,1,0,3,1,c01,c01,c01
main|shymkent_school|nc10|np5|br0.25|one_heavy|ms3|r300|s6,main,shymkent_school,10,5,0.25,one_heavy,3,300,6,608,sha256:9fb494fbccee00859bbb7960b992e92fa30e9c202b1e1232e647a5165c4f5b22,12,1024,1,0,1,1,,,
main|shymkent_school|nc10|np5|br0.25|one_heavy|ms3|r300|s7,main,shymkent_school,10,5,0.25,one_heavy,3,300,7,627,sha256:93430c1902364589fff94be8c4faa546265d6b4f59a84444e407df0efc5e3c9a,25,1024,1,0,4,1,c05 c06,c05 c06,c05 c06
main|shymkent_school|nc10|np5|br0.25|one_heavy|ms3|r300|s8,main,shymkent_school,10,5,0.25,one_heavy,3,300,8,718,sha256:78bf67e63fb4f9bb0b0ba28a492c7f7483f3cfe21fbd3cf55b60dcf0c002bae5,10,1024,1,0,3,2,c04,c02,c04
main|shymkent_school|nc10|np5|br0.25|one_heavy|ms3|r300|s9,main,shymkent_school,10,5,0.25,one_heavy,3,300,9,594,sha256:93df482171dafdad49da4eebfc944f9319b192689041ea7a08cde673f110eb09,21,1024,1,0,2,1,c02,c02,c02
main|shymkent_school|nc10|np5|br0.5|uniform|ms3|r300|s0,main,shymkent_school,10,5,0.5,uniform,3,300,0,1476,sha256:5c2e30d42969da0e18fc43dd94103a8f1756b869c9a624ff9db079f2abb803b0,57,1024,1,0,3,1,c01,c01,c01
main|shymkent_school|nc10|np5|br0.5|uniform|ms3|r300|s1,main,shymkent_school,10,5,0.5,uniform,3,300,1,1382,sha256:190e41c5ac9489233db8cbcae9265535526aeddf23e75c43ca2a550f790636dc,68,1024,1,0,2,1,c00,c00,c00
main|shymkent_school|nc10|np5|br0.5|uniform|ms3|r300|s2,main,shymkent_school,10,5,0.5,uniform,3,300,2,1217,sha256:30c6799e4d45673b43760441039b6e3f412954f8e977eab6ea94e3012955363b,100,1024,1,0,4,1,c04 c07,c04 c07,c04 c07
main|shymkent_school|nc10|np5|br0.5|uniform|ms3|r300|s3,main,shymkent_school,10,5,0.5,uniform,3,300,3,1165,sha256:b175fc9473e9dd0d729e26d2a55530b33f45b28ad18c6f1196cf5e94ee2e5aaf,81,1024,1,0,5,1,c02 c08,c02 c08,c02 c08
main|shymkent_school|nc10|np5|br0.5|uniform|ms3|r300|s4,main,shymkent_school,10,5,0.5,uniform,3,300,4,1271,sha256:678281c16695d63f41e85c020c67ef98c24d19f86c2d0cb3a949648cdf359833,68,1024,1,0,6,1,c04 c07,c04 c07,c04 c07
main|shymkent_school|nc10|np5|br0.5|uniform|ms3|r300|s5,main,shymkent_school,10,5,0.5,uniform,3,300,5,1115,sha256:6240729b66f7273573d9907094c203b16bb3297feeb9808129f17fa3865d0549,45,1024,1,0,5,2,c00 c05,c01,c00 c05
main|shymkent_school|nc10|np5|br0.5|uniform|ms3|r300|s6,main,shymkent_school,10,5,0.5,uniform,3,300,6,1216,sha256:3f0bcb2b7b93f5e07f1dfbda452dc5c3fc6e31da122d9e5feba656b17c95f018,63,1024,1,0,2,1,c02,c02,c02
main|shymkent_school|nc10|np5|br0.5|uniform|ms3|r300|s7,main,shymkent_school,10,5,0.5,uniform,3,300,7,1255,sha256:d41703efcee2c4ced88f45f7b82756dbead08dec4ee8879d13a89f4951a47c69,97,1024,1,0,8,2,c03 c08,c03 c05 c09,c03 c08
main|shymkent_school|nc10|np5|br0.5|uniform|ms3|r300|s8,main,shymkent_school,10,5,0.5,uniform,3,300,8,1436,sha256:909015e2f54b54998c4f0d0497ea50072c6d466ef4472fa2356065cdf3ad9683,51,1024,1,0,4,2,c00 c04,c00 c02,c00 c04
main|shymkent_school|nc10|np5|br0.5|uniform|ms3|r300|s9,main,shymkent_school,10,5,0.5,uniform,3,300,9,1189,sha256:b4c6ee760ff21b3614118a496b6cfc750f688fda82c9c680e4ef43ac2beb3e93,90,1024,1,0,4,1,c02 c08,c02 c08,c02 c08
main|shymkent_school|nc10|np5|br0.5|random_1_100|ms3|r300|s0,main,shymkent_school,10,5,0.5,random_1_100,3,300,0,1476,sha256:629f994d0801d57a87d7fc94bd5549349eed27721f7376abb0cc131895e74f80,57,1024,1,0,3,1,c01,c01,c01
main|shymkent_school|nc10|np5|br0.5|random_1_100|ms3|r300|s1,main,shymkent_school,10,5,0.5,random_1_100,3,300,1,1382,sha256:534415bf0d6e2c731688bc1fb750b5439363346de6123a885af7e3a6c2f531c3,68,1024,1,0,2,1,c00,c00,c00
main|shymkent_school|nc10|np5|br0.5|random_1_100|ms3|r300|s2,main,shymkent_school,10,5,0.5,random_1_100,3,300,2,1217,sha256:bcc9cb847793312853cc18a8564e4d51cf207732db4e08a1fc66ed351ea2e069,100,1024,1,0,4,1,c04 c07,c04 c07,c04 c07
main|shymkent_school|nc10|np5|br0.5|random_1_100|ms3|r300|s3,main,shymkent_school,10,5,0.5,random_1_100,3,300,3,1165,sha256:2667def40366d8b1f1f095919ab67d28631eab2e59e9edf627790b8f5a37a23a,81,1024,1,0,5,2,c02 c06,c02 c08,c02 c08
main|shymkent_school|nc10|np5|br0.5|random_1_100|ms3|r300|s4,main,shymkent_school,10,5,0.5,random_1_100,3,300,4,1271,sha256:0f87ac753403bbf86567306e834f908c56c334d05d6947a53b93089601e2c9a1,68,1024,1,0,6,1,c04 c07,c04 c07,c04 c07
main|shymkent_school|nc10|np5|br0.5|random_1_100|ms3|r300|s5,main,shymkent_school,10,5,0.5,random_1_100,3,300,5,1115,sha256:61c8ba129df331a923b0fe0631c2c9323ed2cd7b1a09cc658ccacacda61093d1,45,1024,1,0,5,2,c00 c05,c01,c00 c05
main|shymkent_school|nc10|np5|br0.5|random_1_100|ms3|r300|s6,main,shymkent_school,10,5,0.5,random_1_100,3,300,6,1216,sha256:5c0ddca12f2f1f4376f754cb0e3f365f86d430f4ede44dadc504a286eda333ab,63,1024,1,0,2,1,c02,c02,c02
main|shymkent_school|nc10|np5|br0.5|random_1_100|ms3|r300|s7,main,shymkent_school,10,5,0.5,random_1_100,3,300,7,1255,sha256:a12a8bf42336e100f987e27aef7c29608dff4e61753924583edc480d4a466d11,97,1024,1,0,7,2,c03 c08,c03 c05 c09,c03 c08
main|shymkent_school|nc10|np5|br0.5|random_1_100|ms3|r300|s8,main,shymkent_school,10,5,0.5,random_1_100,3,300,8,1436,sha256:903a9d156940b6f57e9bff6f2e07620aef204362b8f6f78d9c017200a87e0c7d,51,1024,1,0,3,2,c00 c02,c00 c02,c00 c04
main|shymkent_school|nc10|np5|br0.5|random_1_100|ms3|r300|s9,main,shymkent_school,10,5,0.5,random_1_100,3,300,9,1189,sha256:d3592582afbf9ade6a33aea22af9abacd8ed39b4d269c06bb7131b459be54b3a,90,1024,1,0,4,1,c02 c08,c02 c08,c02 c08
main|shymkent_school|nc10|np5|br0.5|one_heavy|ms3|r300|s0,main,shymkent_school,10,5,0.5,one_heavy,3,300,0,1476,sha256:100b4dbd8c9756b6176f5b7e8c6b63fff69e0d29b6b31c5d1b5a6be07cdc90a7,57,1024,1,0,3,1,c01,c01,c01
main|shymkent_school|nc10|np5|br0.5|one_heavy|ms3|r300|s1,main,shymkent_school,10,5,0.5,one_heavy,3,300,1,1382,sha256:864497373210c352c33dbedc8b83180595b0088fb5040a8ad9e9bc3a96753164,68,1024,1,0,2,1,c00,c00,c00
main|shymkent_school|nc10|np5|br0.5|one_heavy|ms3|r300|s2,main,shymkent_school,10,5,0.5,one_heavy,3,300,2,1217,sha256:8a0413ec78c30c297acca91dddaf4888a0cfc57e04eb81277b5ac9358ef98443,100,1024,1,0,4,1,c04 c07,c04 c07,c04 c07
main|shymkent_school|nc10|np5|br0.5|one_heavy|ms3|r300|s3,main,shymkent_school,10,5,0.5,one_heavy,3,300,3,1165,sha256:a3d660195e0cc04ddba0c2eb3752d0cebbc63369433b0d1f87a02c0dfd37e686,81,1024,1,0,6,1,c02 c08,c02 c08,c02 c08
main|shymkent_school|nc10|np5|br0.5|one_heavy|ms3|r300|s4,main,shymkent_school,10,5,0.5,one_heavy,3,300,4,1271,sha256:6db3a0bbb7de0798e08406904f5817ce90c6fa8a076c0f5db7cff5077181bae5,68,1024,1,0,8,2,c02 c07,c02 c04,c02 c07
main|shymkent_school|nc10|np5|br0.5|one_heavy|ms3|r300|s5,main,shymkent_school,10,5,0.5,one_heavy,3,300,5,1115,sha256:bb128bd2f366ca051563bf765fdcb9a12cfe531c2a6a6a4cacd3562e1d157beb,45,1024,1,0,5,2,c00 c05,c01,c00 c05
main|shymkent_school|nc10|np5|br0.5|one_heavy|ms3|r300|s6,main,shymkent_school,10,5,0.5,one_heavy,3,300,6,1216,sha256:57a25bd2690a71d423c939cdda2be6298fa6e26a6705fedee081cf78afae94fe,63,1024,1,0,2,1,c02,c02,c02
main|shymkent_school|nc10|np5|br0.5|one_heavy|ms3|r300|s7,main,shymkent_school,10,5,0.5,one_heavy,3,300,7,1255,sha256:7060454cc3653e6ab942972a36d23a7d2e920558526c5c57e17d4cceb730033c,97,1024,1,0,8,2,c03 c08,c03 c05 c09,c03 c08
main|shymkent_school|nc10|np5|br0.5|one_heavy|ms3|r300|s8,main,shymkent_school,10,5,0.5,one_heavy,3,300,8,1436,sha256:693045344c4d00bb37fa844f668afe964a84ecfcaccfc37c40c13178917a8149,51,1024,1,0,4,2,c00 c04,c02 c04,c00 c04
main|shymkent_school|nc10|np5|br0.5|one_heavy|ms3|r300|s9,main,shymkent_school,10,5,0.5,one_heavy,3,300,9,1189,sha256:89dec611efb55b0e7267561b632feace65a59775e43d73c13c760e6061adb832,90,1024,1,0,4,1,c02 c08,c02 c08,c02 c08
main|shymkent_school|nc10|np5|br0.75|uniform|ms3|r300|s0,main,shymkent_school,10,5,0.75,uniform,3,300,0,2214,sha256:2eec9d4e01300faf7a20f91f24b3f9ecdfd8f1f624f196826b03b5bf5072bbf0,137,1024,1,0,3,1,c01,c01,c01
main|shymkent_school|nc10|np5|br0.75|uniform|ms3|r300|s1,main,shymkent_school,10,5,0.75,uniform,3,300,1,2073,sha256:a63a989295dd331f0b186a9fb3a0a545206c882da9cd89aa11dfa3895b384ca3,147,1024,1,0,2,1,c00,c00,c00
main|shymkent_school|nc10|np5|br0.75|uniform|ms3|r300|s2,main,shymkent_school,10,5,0.75,uniform,3,300,2,1825,sha256:36f03391930b3e2264fc2a5c5d4f0fa1f81a16e0f0030f0b1ef3936d7be49ca2,161,1024,1,0,4,1,c04 c07,c04 c07,c04 c07
main|shymkent_school|nc10|np5|br0.75|uniform|ms3|r300|s3,main,shymkent_school,10,5,0.75,uniform,3,300,3,1747,sha256:97aa41438b6a8ddbddcf0ee5ec4010b642ab40b22af119a59386ab41aa889e68,153,1024,1,0,7,1,c02 c06 c08,c02 c06 c08,c02 c06 c08
main|shymkent_school|nc10|np5|br0.75|uniform|ms3|r300|s4,main,shymkent_school,10,5,0.75,uniform,3,300,4,1906,sha256:bb59415f2389bd704ae36629be056227ce28408f735c56ba938040318223729a,149,1024,1,0,7,1,c02 c04 c07,c02 c04 c07,c02 c04 c07
main|shymkent_school|nc10|np5|br0.75|uniform|ms3|r300|s5,main,shymkent_school,10,5,0.75,uniform,3,300,5,1673,sha256:eb2ef2fcdc546f76f9eb650b52471c6e3e24544a4973bf235ef1a21d8782880a,137,1024,1,0,6,1,c01 c05,c01 c05,c01 c05
main|shymkent_school|nc10|np5|br0.75|uniform|ms3|r300|s6,main,shymkent_school,10,5,0.75,uniform,3,300,6,1824,sha256:f3476aab8cde0226b1f8f3d05a69ae9888182767301c84481a03b24b3b288a15,142,1024,1,0,2,1,c02,c02,c02
main|shymkent_school|nc10|np5|br0.75|uniform|ms3|r300|s7,main,shymkent_school,10,5,0.75,uniform,3,300,7,1883,sha256:1e994707e8080631e2eb02654e9005d6ff5aac388a50b3b339ef113516a90545,159,1024,1,0,10,1,c08 c09,c08 c09,c08 c09
main|shymkent_school|nc10|np5|br0.75|uniform|ms3|r300|s8,main,shymkent_school,10,5,0.75,uniform,3,300,8,2154,sha256:c4e3291e55cba99ffc2d8b108b2db14aa25ed8b98be173f1e56f0943b1dd12f1,135,1024,1,0,5,1,c00 c02 c04,c00 c02 c04,c00 c02 c04
main|shymkent_school|nc10|np5|br0.75|uniform|ms3|r300|s9,main,shymkent_school,10,5,0.75,uniform,3,300,9,1784,sha256:fd28192472fdcff2c74675e1bb01e7fbb861a8b4b3d44a9a2be6eee24c71261f,157,1024,1,0,4,1,c02 c08,c02 c08,c02 c08
main|shymkent_school|nc10|np5|br0.75|random_1_100|ms3|r300|s0,main,shymkent_school,10,5,0.75,random_1_100,3,300,0,2214,sha256:b3a8943aafe7f572cd698a14f278dcdfea26157de1ba13e1e681e10cedc73437,137,1024,1,0,3,1,c01,c01,c01
main|shymkent_school|nc10|np5|br0.75|random_1_100|ms3|r300|s1,main,shymkent_school,10,5,0.75,random_1_100,3,300,1,2073,sha256:9f1e07e84fcb5cb8cab2b7fa25ce1f46cdf72e073d07e655105bcb87d95e50ff,147,1024,1,0,2,1,c00,c00,c00
main|shymkent_school|nc10|np5|br0.75|random_1_100|ms3|r300|s2,main,shymkent_school,10,5,0.75,random_1_100,3,300,2,1825,sha256:5c2ba71ce5ef1586099924ee1fa8a38f43f20f5d92e5a34b2e488693910c3ca1,161,1024,1,0,4,1,c04 c07,c04 c07,c04 c07
main|shymkent_school|nc10|np5|br0.75|random_1_100|ms3|r300|s3,main,shymkent_school,10,5,0.75,random_1_100,3,300,3,1747,sha256:f545e6fc630caee489e2cea85ebd280901968ac6a4239d271ba19aa70b915443,153,1024,1,0,8,1,c02 c06 c08,c02 c06 c08,c02 c06 c08
main|shymkent_school|nc10|np5|br0.75|random_1_100|ms3|r300|s4,main,shymkent_school,10,5,0.75,random_1_100,3,300,4,1906,sha256:51dbcd3f716595c9cf1ad702760811676777b761f1806709e6c00cf6d5d9e05d,149,1024,1,0,7,1,c02 c04 c07,c02 c04 c07,c02 c04 c07
main|shymkent_school|nc10|np5|br0.75|random_1_100|ms3|r300|s5,main,shymkent_school,10,5,0.75,random_1_100,3,300,5,1673,sha256:db58b4b64df7f59b68599cad546e3e5b3b907a950fb99ddbe7f8df63ea447794,137,1024,1,0,6,1,c01 c05,c01 c05,c01 c05
main|shymkent_school|nc10|np5|br0.75|random_1_100|ms3|r300|s6,main,shymkent_school,10,5,0.75,random_1_100,3,300,6,1824,sha256:cea3a0dd8dd4246738eb73c4c955395000b133dcacd2058758702bed3507e26c,142,1024,1,0,2,1,c02,c02,c02
main|shymkent_school|nc10|np5|br0.75|random_1_100|ms3|r300|s7,main,shymkent_school,10,5,0.75,random_1_100,3,300,7,1883,sha256:d70eaf2da879878f6ac1628aaf8d88efbb37ea0208cdfcee63a53622b88aee85,159,1024,1,0,9,1,c08 c09,c08 c09,c08 c09
main|shymkent_school|nc10|np5|br0.75|random_1_100|ms3|r300|s8,main,shymkent_school,10,5,0.75,random_1_100,3,300,8,2154,sha256:304367bdda163bb80f6a0104aada916a3a7f967e4f53c826846dbefcc06b34af,135,1024,1,0,4,1,c00 c02 c04,c00 c02 c04,c00 c02 c04
main|shymkent_school|nc10|np5|br0.75|random_1_100|ms3|r300|s9,main,shymkent_school,10,5,0.75,random_1_100,3,300,9,1784,sha256:3c752ae103909f9f6d8751feb0f37cc318be6ce385f3621c7a2955bb103e9b74,157,1024,1,0,4,1,c02 c08,c02 c08,c02 c08
main|shymkent_school|nc10|np5|br0.75|one_heavy|ms3|r300|s0,main,shymkent_school,10,5,0.75,one_heavy,3,300,0,2214,sha256:3e96d099efe3774bc29bb78ac0b618d1aa79b9029c63f035cf60c5fee4ec6a3e,137,1024,1,0,3,1,c01,c01,c01
main|shymkent_school|nc10|np5|br0.75|one_heavy|ms3|r300|s1,main,shymkent_school,10,5,0.75,one_heavy,3,300,1,2073,sha256:ef870b40659bb54b75badaceb373ea8a4102f95cecf01c48de81aeec2e01595e,147,1024,1,0,2,1,c00,c00,c00
main|shymkent_school|nc10|np5|br0.75|one_heavy|ms3|r300|s2,main,shymkent_school,10,5,0.75,one_heavy,3,300,2,1825,sha256:77e8354e0d69f4d9b238ae955af561b8241a6d5598b8d0f61f8dca96f4171b76,161,1024,1,0,4,1,c04 c07,c04 c07,c04 c07
main|shymkent_school|nc10|np5|br0.75|one_heavy|ms3|r300|s3,main,shymkent_school,10,5,0.75,one_heavy,3,300,3,1747,sha256:1b353e1198c54ba26366aafe186f535d072b656c0c5bde503495f1d683d0538c,153,1024,1,0,8,1,c02 c06 c08,c02 c06 c08,c02 c06 c08
main|shymkent_school|nc10|np5|br0.75|one_heavy|ms3|r300|s4,main,shymkent_school,10,5,0.75,one_heavy,3,300,4,1906,sha256:ae3a8d71022571a288cb470d1715e10b270aec415c489a2713ae4bddf0ce9a20,149,1024,1,0,10,1,c02 c04 c07,c02 c04 c07,c02 c04 c07
main|shymkent_school|nc10|np5|br0.75|one_heavy|ms3|r300|s5,main,shymkent_school,10,5,0.75,one_heavy,3,300,5,1673,sha256:5d7029d71a126ace95b09b37f7294f8d36ea65480ca537dd59e82fce7c39edcb,137,1024,1,0,6,1,c01 c05,c01 c05,c01 c05
main|shymkent_school|nc10|np5|br0.75|one_heavy|ms3|r300|s6,main,shymkent_school,10,5,0.75,one_heavy,3,300,6,1824,sha256:3b5f352a7367ea7e2c85582f331906c50d056c69905c08fd5329c1f88aecee33,142,1024,1,0,2,1,c02,c02,c02
main|shymkent_school|nc10|np5|br0.75|one_heavy|ms3|r300|s7,main,shymkent_school,10,5,0.75,one_heavy,3,300,7,1883,sha256:8da791ed11c3a2a21deef84f1d8a861923ff62707520f39e484f4719127bdb24,159,1024,1,0,10,1,c08 c09,c08 c09,c08 c09
main|shymkent_school|nc10|np5|br0.75|one_heavy|ms3|r300|s8,main,shymkent_school,10,5,0.75,one_heavy,3,300,8,2154,sha256:9a93be0ca3a2f70366b3116cad19caf68c18b294e8d281f01fa38471ffc7a31a,135,1024,1,0,5,1,c00 c02 c04,c00 c02 c04,c00 c02 c04
main|shymkent_school|nc10|np5|br0.75|one_heavy|ms3|r300|s9,main,shymkent_school,10,5,0.75,one_heavy,3,300,9,1784,sha256:359975d441c6954c615d09f0a0132efb5d47a049bfd83177afae301ee98955b5,157,1024,1,0,4,1,c02 c08,c02 c08,c02 c08
main|shymkent_school|nc10|np5|br1.0|uniform|ms3|r300|s0,main,shymkent_school,10,5,1.0,uniform,3,300,0,2953,sha256:8f948de5952cb1afc9f700b49b16b1b608a253dbe60950147a36692a1fb210b6,176,1024,0,0,3,1,c01,c01,c01
main|shymkent_school|nc10|np5|br1.0|uniform|ms3|r300|s1,main,shymkent_school,10,5,1.0,uniform,3,300,1,2764,sha256:2e9c70a74fe85c1be83be2af71bc19ff4c076dde334bb97f54baff56ede73399,176,1024,0,0,2,1,c00,c00,c00
main|shymkent_school|nc10|np5|br1.0|uniform|ms3|r300|s2,main,shymkent_school,10,5,1.0,uniform,3,300,2,2434,sha256:b13b712c696f089af207cc26a49db65c74376dd4c454122475158e7377899b0d,176,1024,0,0,4,1,c04 c07,c04 c07,c04 c07
main|shymkent_school|nc10|np5|br1.0|uniform|ms3|r300|s3,main,shymkent_school,10,5,1.0,uniform,3,300,3,2330,sha256:9d1cd25aa6aab2226d5d6150c8a11147d2fa2659b07eac938d9574a5c5d4ffa4,176,1024,0,0,7,1,c02 c06 c08,c02 c06 c08,c02 c06 c08
main|shymkent_school|nc10|np5|br1.0|uniform|ms3|r300|s4,main,shymkent_school,10,5,1.0,uniform,3,300,4,2542,sha256:431249e7c506c22a26956fc02fee2fec9123854f836bfa7590f1ac7e8eed1095,176,1024,0,0,7,1,c02 c04 c07,c02 c04 c07,c02 c04 c07
main|shymkent_school|nc10|np5|br1.0|uniform|ms3|r300|s5,main,shymkent_school,10,5,1.0,uniform,3,300,5,2231,sha256:2fae5d3057b4a318b535e18d1c2658c537e7ce623d56f9f397394b337236cc10,176,1024,0,0,6,1,c01 c05,c01 c05,c01 c05
main|shymkent_school|nc10|np5|br1.0|uniform|ms3|r300|s6,main,shymkent_school,10,5,1.0,uniform,3,300,6,2432,sha256:2cf3c040d2537d2ebb8ce0573ffdc39f4d13ec85413919a8d25777fdbc2f4626,176,1024,0,0,2,1,c02,c02,c02
main|shymkent_school|nc10|np5|br1.0|uniform|ms3|r300|s7,main,shymkent_school,10,5,1.0,uniform,3,300,7,2511,sha256:ac9f9f6d9376816a57e1f26d555614c580801573e4a9194f3d1a3a7540930dc5,176,1024,0,0,11,1,c03 c08 c09,c03 c08 c09,c03 c08 c09
main|shymkent_school|nc10|np5|br1.0|uniform|ms3|r300|s8,main,shymkent_school,10,5,1.0,uniform,3,300,8,2873,sha256:6b2f00ec788859f672c683b34127ed25303931904d6d4a87a028ff68f0d3c1d3,176,1024,0,0,5,1,c00 c02 c04,c00 c02 c04,c00 c02 c04
main|shymkent_school|nc10|np5|br1.0|uniform|ms3|r300|s9,main,shymkent_school,10,5,1.0,uniform,3,300,9,2379,sha256:33fea0ef949b6a94a6e9390363b1ed68cb040b3be426cd00fe18dd4826afbcf0,176,1024,0,0,4,1,c02 c08,c02 c08,c02 c08
main|shymkent_school|nc10|np5|br1.0|random_1_100|ms3|r300|s0,main,shymkent_school,10,5,1.0,random_1_100,3,300,0,2953,sha256:4a6b1dff3e73caea4cd6b4ddc0257b5759797aab01079a93f642a6ff9360d935,176,1024,0,0,3,1,c01,c01,c01
main|shymkent_school|nc10|np5|br1.0|random_1_100|ms3|r300|s1,main,shymkent_school,10,5,1.0,random_1_100,3,300,1,2764,sha256:2acb8a30ec911f4765f287d45ab4302114ae8ba2bf55bbc3610c551e720d9f0e,176,1024,0,0,2,1,c00,c00,c00
main|shymkent_school|nc10|np5|br1.0|random_1_100|ms3|r300|s2,main,shymkent_school,10,5,1.0,random_1_100,3,300,2,2434,sha256:fbeb4907d234bd13d4bca1c79ceafe347d0b4f44ad52059ec97c2d46206bece5,176,1024,0,0,4,1,c04 c07,c04 c07,c04 c07
main|shymkent_school|nc10|np5|br1.0|random_1_100|ms3|r300|s3,main,shymkent_school,10,5,1.0,random_1_100,3,300,3,2330,sha256:a80a70c26393ee34876f4d34de313e17a30890c76ecb30722cd1b320a15b8f4b,176,1024,0,0,8,1,c02 c06 c08,c02 c06 c08,c02 c06 c08
main|shymkent_school|nc10|np5|br1.0|random_1_100|ms3|r300|s4,main,shymkent_school,10,5,1.0,random_1_100,3,300,4,2542,sha256:9ae7f1ad800d3f3d264fab37a0a3d9df90cbe27ff8ed08bbce8c789a77400870,176,1024,0,0,7,1,c02 c04 c07,c02 c04 c07,c02 c04 c07
main|shymkent_school|nc10|np5|br1.0|random_1_100|ms3|r300|s5,main,shymkent_school,10,5,1.0,random_1_100,3,300,5,2231,sha256:733cbf7197941964e7fbd454893b7a2d85d9f1409b49a16a370f73c9df093e14,176,1024,0,0,6,1,c01 c05,c01 c05,c01 c05
main|shymkent_school|nc10|np5|br1.0|random_1_100|ms3|r300|s6,main,shymkent_school,10,5,1.0,random_1_100,3,300,6,2432,sha256:5686cd95afaa6d8eb8adef836622a9a1d6f4eb13aae87c5b96a420f12d214df7,176,1024,0,0,2,1,c02,c02,c02
main|shymkent_school|nc10|np5|br1.0|random_1_100|ms3|r300|s7,main,shymkent_school,10,5,1.0,random_1_100,3,300,7,2511,sha256:8970a4311a256f96ee7af2ce38bc34045e066490fd6642950d7809fcb9a3e427,176,1024,0,0,10,1,c03 c08 c09,c03 c08 c09,c03 c08 c09
main|shymkent_school|nc10|np5|br1.0|random_1_100|ms3|r300|s8,main,shymkent_school,10,5,1.0,random_1_100,3,300,8,2873,sha256:30bc8b011942c20fbab7035d88ba45625f6091adc7c197f77214295b1fb4275a,176,1024,0,0,4,1,c00 c02 c04,c00 c02 c04,c00 c02 c04
main|shymkent_school|nc10|np5|br1.0|random_1_100|ms3|r300|s9,main,shymkent_school,10,5,1.0,random_1_100,3,300,9,2379,sha256:db9c2c84f79c5974e817da4c3214c33740022283b236d8fcab83906b69a58a68,176,1024,0,0,4,1,c02 c08,c02 c08,c02 c08
main|shymkent_school|nc10|np5|br1.0|one_heavy|ms3|r300|s0,main,shymkent_school,10,5,1.0,one_heavy,3,300,0,2953,sha256:9347efa5c0d1655b51164c6e7ea9684397dd3fe023f610e30fec34e2c3e7ffb0,176,1024,0,0,3,1,c01,c01,c01
main|shymkent_school|nc10|np5|br1.0|one_heavy|ms3|r300|s1,main,shymkent_school,10,5,1.0,one_heavy,3,300,1,2764,sha256:225557e52edb88860be5c9586feee59c915bf875ce01ef7c419af0de5912994c,176,1024,0,0,2,1,c00,c00,c00
main|shymkent_school|nc10|np5|br1.0|one_heavy|ms3|r300|s2,main,shymkent_school,10,5,1.0,one_heavy,3,300,2,2434,sha256:9df69712e38b610390fb4c672e1c5c262928cd4bef0c245a7e0ac3886a900926,176,1024,0,0,4,1,c04 c07,c04 c07,c04 c07
main|shymkent_school|nc10|np5|br1.0|one_heavy|ms3|r300|s3,main,shymkent_school,10,5,1.0,one_heavy,3,300,3,2330,sha256:d364eb4d9f3021924944c04935ebc880e2989286c613f07a908bfaf6151f9dfc,176,1024,0,0,8,1,c02 c06 c08,c02 c06 c08,c02 c06 c08
main|shymkent_school|nc10|np5|br1.0|one_heavy|ms3|r300|s4,main,shymkent_school,10,5,1.0,one_heavy,3,300,4,2542,sha256:15b635bf1cfcc35bc4050135cc4838bb02fefc8190387283cac93fb14eede684,176,1024,0,0,10,1,c02 c04 c07,c02 c04 c07,c02 c04 c07
main|shymkent_school|nc10|np5|br1.0|one_heavy|ms3|r300|s5,main,shymkent_school,10,5,1.0,one_heavy,3,300,5,2231,sha256:3bf7eea5848a376acf4b038389c42af6fcf7b73adb1188359c469ed8f35c6cf6,176,1024,0,0,6,1,c01 c05,c01 c05,c01 c05
main|shymkent_school|nc10|np5|br1.0|one_heavy|ms3|r300|s6,main,shymkent_school,10,5,1.0,one_heavy,3,300,6,2432,sha256:a34f4855ef8f2004cd321cdd33741be9c18584babc4bbe5cbf063bc16e674c49,176,1024,0,0,2,1,c02,c02,c02
main|shymkent_school|nc10|np5|br1.0|one_heavy|ms3|r300|s7,main,shymkent_school,10,5,1.0,one_heavy,3,300,7,2511,sha256:b5a687cd4998bc63f038e0baf6db846e3b046ddc00ea8feb4101806a7433988e,176,1024,0,0,11,1,c03 c08 c09,c03 c08 c09,c03 c08 c09
main|shymkent_school|nc10|np5|br1.0|one_heavy|ms3|r300|s8,main,shymkent_school,10,5,1.0,one_heavy,3,300,8,2873,sha256:c47b97b3f393a28be3b71275dd7096f6007bc0b13d0ebc891b5536594dfe1dc1,176,1024,0,0,5,1,c00 c02 c04,c00 c02 c04,c00 c02 c04
main|shymkent_school|nc10|np5|br1.0|one_heavy|ms3|r300|s9,main,shymkent_school,10,5,1.0,one_heavy,3,300,9,2379,sha256:4bec9be668023896354638bd955132b21d8b671a5b6b50179cfc2ad9fe3c3a1d,176,1024,0,0,4,1,c02 c08,c02 c08,c02 c08
main|shymkent_school|nc10|np15|br0.25|uniform|ms3|r300|s0,main,shymkent_school,10,15,0.25,uniform,3,300,0,738,sha256:f6b561d93152c400c276dd897295d0af8569ed443694f180a2674b2dc4112957,11,1024,1,0,2,1,c04,c04,c04
main|shymkent_school|nc10|np15|br0.25|uniform|ms3|r300|s1,main,shymkent_school,10,15,0.25,uniform,3,300,1,691,sha256:3b12002d24d3054d14d06bc6c7787697539216d22e3bd7226e48029f48c748ae,13,1024,1,0,3,1,c00 c01,c00 c01,c00 c01
main|shymkent_school|nc10|np15|br0.25|uniform|ms3|r300|s2,main,shymkent_school,10,15,0.25,uniform,3,300,2,608,sha256:6015332483e9af01f645e4dba3063987ad50de01a5246eae6bfc79d8dfec72db,28,1024,1,0,5,1,c00 c02 c04,c00 c02 c04,c00 c02 c04
main|shymkent_school|nc10|np15|br0.25|uniform|ms3|r300|s3,main,shymkent_school,10,15,0.25,uniform,3,300,3,582,sha256:1d00813035434b8a7fe0bbff32f7bca3f9b8122bb58d0f57249daa5c56c9956b,15,1024,1,0,4,1,c02 c03,c02 c03,c02 c03
main|shymkent_school|nc10|np15|br0.25|uniform|ms3|r300|s4,main,shymkent_school,10,15,0.25,uniform,3,300,4,635,sha256:31c8b2430900c02de9a9465b234eaba1911271b9f2d979673c65548c91804474,12,1024,1,0,4,2,c07,c04,c07
main|shymkent_school|nc10|np15|br0.25|uniform|ms3|r300|s5,main,shymkent_school,10,15,0.25,uniform,3,300,5,557,sha256:e939587c20a264f31e8c8002533a03561f2977c83e064149684670baef1aa156,8,1024,1,0,4,2,c04,c01,c04
main|shymkent_school|nc10|np15|br0.25|uniform|ms3|r300|s6,main,shymkent_school,10,15,0.25,uniform,3,300,6,608,sha256:09d7396dfa96ea2a7f34d371a3fa31d030f791c40235655c2775cf320178e051,12,1024,1,0,3,1,c06 c09,c06 c09,c06 c09
main|shymkent_school|nc10|np15|br0.25|uniform|ms3|r300|s7,main,shymkent_school,10,15,0.25,uniform,3,300,7,627,sha256:38d5f0acbbb8558fe29991cea6ff7326bf1c11061253b318e733a8e33395fa06,25,1024,1,0,4,1,c05 c06,c05 c06,c05 c06
main|shymkent_school|nc10|np15|br0.25|uniform|ms3|r300|s8,main,shymkent_school,10,15,0.25,uniform,3,300,8,718,sha256:6db32de4fcb5449a3aa1bbd782530978098aa53c6b44e27458c078c1671c0be4,10,1024,1,0,4,2,c00 c03,c02,c00 c03
main|shymkent_school|nc10|np15|br0.25|uniform|ms3|r300|s9,main,shymkent_school,10,15,0.25,uniform,3,300,9,594,sha256:d4d094b67772f31484b7ce7571e75eb29b2ed48aa44be96d874fdcbbc7ff3421,21,1024,1,0,2,1,c02,c02,c02
main|shymkent_school|nc10|np15|br0.25|random_1_100|ms3|r300|s0,main,shymkent_school,10,15,0.25,random_1_100,3,300,0,738,sha256:9488efa7b9fdb76587c561ecb124a655e1f60bc2ac4eea90b2be3ba71d68f265,11,1024,1,0,3,2,c00,c00,c04
main|shymkent_school|nc10|np15|br0.25|random_1_100|ms3|r300|s1,main,shymkent_school,10,15,0.25,random_1_100,3,300,1,691,sha256:5dc4fb390e7926aab8f9122870d81c45da53f14ff9b0b6ad26fe4b6cb985d206,13,1024,1,0,5,2,c06,c00 c01,c00 c01
main|shymkent_school|nc10|np15|br0.25|random_1_100|ms3|r300|s2,main,shymkent_school,10,15,0.25,random_1_100,3,300,2,608,sha256:f58d98a72ff09aa74f07082cb3cc199613aede6c3f63ad07daf8b6fa8971fb78,28,1024,1,0,5,1,c00 c02 c04,c00 c02 c04,c00 c02 c04
main|shymkent_school|nc10|np15|br0.25|random_1_100|ms3|r300|s3,main,shymkent_school,10,15,0.25,random_1_100,3,300,3,582,sha256:49076b8e6dc617d9387f6fd37de4033c175bf0ae6ec2d6f2560b5ba10d82b7c1,15,1024,1,0,5,1,c02 c09,c02 c09,c02 c09
main|shymkent_school|nc10|np15|br0.25|random_1_100|ms3|r300|s4,main,shymkent_school,10,15,0.25,random_1_100,3,300,4,635,sha256:76e55a5ee8c160b1ef0fbf58ebcec29efeb759bbff501fb294a0da5b3bc0b642,12,1024,1,0,4,2,c07,c04,c07
main|shymkent_school|nc10|np15|br0.25|random_1_100|ms3|r300|s5,main,shymkent_school,10,15,0.25,random_1_100,3,300,5,557,sha256:d38bb4ac25a00fe5d52cdf571392d45a859b837cc12b7b8d51bdd35001cebedd,8,1024,1,0,3,2,c01,c01,c04
main|shymkent_school|nc10|np15|br0.25|random_1_100|ms3|r300|s6,main,shymkent_school,10,15,0.25,random_1_100,3,300,6,608,sha256:623cf12badecc9add222b0fdfe86f9e4042b8dec60ee799533612ac5978ce14d,12,1024,1,0,5,2,c07,c07,c06 c09
main|shymkent_school|nc10|np15|br0.25|random_1_100|ms3|r300|s7,main,shymkent_school,10,15,0.25,random_1_100,3,300,7,627,sha256:2434dd5c05275a39bc32a613684a68c0d5b94208ef6df0d21f321dcbac1ea834,25,1024,1,0,4,1,c05 c06,c05 c06,c05 c06
main|shymkent_school|nc10|np15|br0.25|random_1_100|ms3|r300|s8,main,shymkent_school,10,15,0.25,random_1_100,3,300,8,718,sha256:022aa6b42ef61ec3e51a6f875e9c6f23094ba866d1977aa7b7b3c39b9f5883a1,10,1024,1,0,4,2,c00 c03,c02,c00 c03
main|shymkent_school|nc10|np15|br0.25|random_1_100|ms3|r300|s9,main,shymkent_school,10,15,0.25,random_1_100,3,300,9,594,sha256:0bb3300a5ee665ba751bda523ec58f323c8495353fb3c5cf4335f941dea3fbfb,21,1024,1,0,2,1,c02,c02,c02
main|shymkent_school|nc10|np15|br0.25|one_heavy|ms3|r300|s0,main,shymkent_school,10,15,0.25,one_heavy,3,300,0,738,sha256:2f026d0d1edaa4a5db425fd38cd7e416a0d5d75b8054f13f56e6ab6ddbc77a2e,11,1024,1,0,2,1,c04,c04,c04
main|shymkent_school|nc10|np15|br0.25|one_heavy|ms3|r300|s1,main,shymkent_school,10,15,0.25,one_heavy,3,300,1,691,sha256:2a8cdb6f3a2ef7c4c34bcc00ebcfd14c29924aabffc7d62101ab65e4c8a20d82,13,1024,1,0,4,1,c00 c01,c00 c01,c00 c01
main|shymkent_school|nc10|np15|br0.25|one_heavy|ms3|r300|s2,main,shymkent_school,10,15,0.25,one_heavy,3,300,2,608,sha256:2586b06c93ed31b9af01dfd96d00ef6cf9987b8ea0ddf5402323adffe6295bf8,28,1024,1,0,5,1,c00 c02 c04,c00 c02 c04,c00 c02 c04
main|shymkent_school|nc10|np15|br0.25|one_heavy|ms3|r300|s3,main,shymkent_school,10,15,0.25,one_heavy,3,300,3,582,sha256:ea186aeeabf42ccc7d37011f5386fb69f1b94b64678c6c7e4038cd57b304d981,15,1024,1,0,6,2,c03 c04,c02 c03,c02 c03
main|shymkent_school|nc10|np15|br0.25|one_heavy|ms3|r300|s4,main,shymkent_school,10,15,0.25,one_heavy,3,300,4,635,sha256:d44cb2ec919e60cec783773fdcdbc242dfb4aa8e6a7ed776b9219836f1c17fa5,12,1024,1,0,4,2,c07,c04,c07
main|shymkent_school|nc10|np15|br0.25|one_heavy|ms3|r300|s5,main,shymkent_school,10,15,0.25,one_heavy,3,300,5,557,sha256:b26b3b64bac22fe61323f659862a28a40734b84129762e03075fe6f03aba0b71,8,1024,1,0,4,2,c04,c01,c04
main|shymkent_school|nc10|np15|br0.25|one_heavy|ms3|r300|s6,main,shymkent_school,10,15,0.25,one_heavy,3,300,6,608,sha256:fc4da69e7598155c625bb126b856c83c1eb1fe99ebf97db29c778a49a34ccb48,12,1024,1,0,3,1,c06 c09,c06 c09,c06 c09
main|shymkent_school|nc10|np15|br0.25|one_heavy|ms3|r300|s7,main,shymkent_school,10,15,0.25,one_heavy,3,300,7,627,sha256:00ba4277a926afe95bdce31d8ef168af20d809963662f201283f3fd259e5bced,25,1024,1,0,4,1,c05 c06,c05 c06,c05 c06
main|shymkent_school|nc10|np15|br0.25|one_heavy|ms3|r300|s8,main,shymkent_school,10,15,0.25,one_heavy,3,300,8,718,sha256:954fa2591c8c779c2f54c8841b4f37174594f3631f765a9a72cf74c412a0851b,10,1024,1,0,5,2,c04,c02,c04
main|shymkent_school|nc10|np15|br0.25|one_heavy|ms3|r300|s9,main,shymkent_school,10,15,0.25,one_heavy,3,300,9,594,sha256:288f3dec7e2a05c760fdd7dfbab82162fcb5a95dba1b349dc1b1bbc453ea530a,21,1024,1,0,2,1,c02,c02,c02
main|shymkent_school|nc10|np15|br0.5|uniform|ms3|r300|s0,main,shymkent_school,10,15,0.5,uniform,3,300,0,1476,sha256:db49798cee7a5fd8ac019fae683decf27de9c4c45cfcee8e5e2e64aa0cd17822,57,1024,1,0,4,1,c01 c04,c01 c04,c01 c04
main|shymkent_school|nc10|np15|br0.5|uniform|ms3|r300|s1,main,shymkent_school,10,15,0.5,uniform,3,300,1,1382,sha256:cd09384d59fd577b65b17e5567c086732bdcaf0682d4f685e2bb90d752b345a5,68,1024,1,0,5,1,c00 c01 c06,c00 c01 c06,c00 c01 c06
main|shymkent_school|nc10|np15|br0.5|uniform|ms3|r300|s2,main,shymkent_school,10,15,0.5,uniform,3,300,2,1217,sha256:0a8d5ed58e88019d3751ea8a4c008d7f41e9197a9f289352fd2b1b3c3794a92c,100,1024,1,0,9,1,c00 c04 c07,c00 c04 c07,c00 c04 c07
main|shymkent_school|nc10|np15|br0.5|uniform|ms3|r300|s3,main,shymkent_school,10,15,0.5,uniform,3,300,3,1165,sha256:e332719c33441bb5fdf2e906addf49dd4f82a105576719f9a44c7b11da2ee7e2,81,1024,1,0,6,1,c02 c03 c08,c02 c03 c08,c02 c03 c08
main|shymkent_school|nc10|np15|br0.5|uniform|ms3|r300|s4,main,shymkent_school,10,15,0.5,uniform,3,300,4,1271,sha256:b43f8f6ef9d5cfd9a6f3b61a4f78fa252abbf7b7c6bc221db761440ad4af4a7d,68,1024,1,0,7,1,c04 c07 c09,c04 c07 c09,c04 c07 c09
main|shymkent_school|nc10|np15|br0.5|uniform|ms3|r300|s5,main,shymkent_school,10,15,0.5,uniform,3,300,5,1115,sha256:c489c3132356b407296e89b198e33dfce8ee3a8ef6a1811141c458db2de840e1,45,1024,1,0,6,1,c01 c04,c01 c04,c01 c04
main|shymkent_school|nc10|np15|br0.5|uniform|ms3|r300|s6,main,shymkent_school,10,15,0.5,uniform,3,300,6,1216,sha256:5446516b9fe7c276f9569e8bb3cffc599eee73bf136c0486eb946faf35eb43c1,63,1024,1,0,8,1,c02 c06 c09,c02 c06 c09,c02 c06 c09
main|shymkent_school|nc10|np15|br0.5|uniform|ms3|r300|s7,main,shymkent_school,10,15,0.5,uniform,3,300,7,1255,sha256:42d7520635cca9e952313f571feb7e642289f74fd525f126b7b5a730d50e8d19,97,1024,1,0,7,2,c03 c08,c03 c05 c09,c03 c08
main|shymkent_school|nc10|np15|br0.5|uniform|ms3|r300|s8,main,shymkent_school,10,15,0.5,uniform,3,300,8,1436,sha256:009ffad6f5331af4e877f0f116ef47821006adc43476ca7c34e43786a167b732,51,1024,1,0,12,2,c00 c03 c06,c00 c02 c03,c00 c03 c06
main|shymkent_school|nc10|np15|br0.5|uniform|ms3|r300|s9,main,shymkent_school,10,15,0.5,uniform,3,300,9,1189,sha256:97fa1bb5b59239f5b1fae9bf47623e6a954e63606b900f7c33c788d5a0fcf6a1,90,1024,1,0,5,1,c02 c08,c02 c08,c02 c08
main|shymkent_school|nc10|np15|br0.5|random_1_100|ms3|r300|s0,main,shymkent_school,10,15,0.5,random_1_100,3,300,0,1476,sha256:7a4f4644e445f929030d84b703bf555c36013d76779dfa97b1e9909209543df7,57,1024,1,0,6,2,c00 c01,c00 c01,c01 c04
main|shymkent_school|nc10|np15|br0.5|random_1_100|ms3|r300|s1,main,shymkent_school,10,15,0.5,random_1_100,3,300,1,1382,sha256:7e0bb1cb4333efc2f9c1589acd16163b152723cb0472528bd237edb7c81a92db,68,1024,1,0,7,1,c00 c01 c06,c00 c01 c06,c00 c01 c06
main|shymkent_school|nc10|np15|br0.5|random_1_100|ms3|r300|s2,main,shymkent_school,10,15,0.5,random_1_100,3,300,2,1217,sha256:e3a96951466cbf8b730eb48ec52a980afab74d1e2b8d185fd74e4ddcb3b44eff,100,1024,1,0,9,1,c00 c04 c07,c00 c04 c07,c00 c04 c07
main|shymkent_school|nc10|np15|br0.5|random_1_100|ms3|r300|s3,main,shymkent_school,10,15,0.5,random_1_100,3,300,3,1165,sha256:b99bf0d3d6eb5056a634e84216df5edb6a86d77c7c1ae0d20efe3d9f83cef79e,81,1024,1,0,7,2,c02 c06 c09,c02 c06 c09,c02 c03 c09
main|shymkent_school|nc10|np15|br0.5|random_1_100|ms3|r300|s4,main,shymkent_school,10,15,0.5,random_1_100,3,300,4,1271,sha256:721c14f51a7a41512070214eb52fc0c7929ea9c40deec0f03f6488971ef0a4f1,68,1024,1,0,7,1,c04 c07 c09,c04 c07 c09,c04 c07 c09
main|shymkent_school|nc10|np15|br0.5|random_1_100|ms3|r300|s5,main,shymkent_school,10,15,0.5,random_1_100,3,300,5,1115,sha256:e9dbe0ce3d48e839465b681cd179097f98e373901081cbb44052dd5cad7d20e0,45,1024,1,0,5,1,c01 c04,c01 c04,c01 c04
main|shymkent_school|nc10|np15|br0.5|random_1_100|ms3|r300|s6,main,shymkent_school,10,15,0.5,random_1_100,3,300,6,1216,sha256:f6219b4479e4ceabf752edaa0c19db32aaa95cdf45bca27b662fc8475ffa150c,63,1024,1,0,8,1,c06 c07 c09,c06 c07 c09,c06 c07 c09
main|shymkent_school|nc10|np15|br0.5|random_1_100|ms3|r300|s7,main,shymkent_school,10,15,0.5,random_1_100,3,300,7,1255,sha256:6cf8505b74586e8188899c184fc57241f27b7892ea1496acd21d462cfe77cb3a,97,1024,1,0,8,2,c03 c08,c03 c05 c09,c03 c08
main|shymkent_school|nc10|np15|br0.5|random_1_100|ms3|r300|s8,main,shymkent_school,10,15,0.5,random_1_100,3,300,8,1436,sha256:dae45b51db657d473c73530aca39bd44f36e83523ce7e7280446ab3db76bae32,51,1024,1,0,6,2,c00 c02 c03,c00 c02 c03,c00 c03 c06
main|shymkent_school|nc10|np15|br0.5|random_1_100|ms3|r300|s9,main,shymkent_school,10,15,0.5,random_1_100,3,300,9,1189,sha256:aa890471d596d62972145940aa5685afaebaa279bc05770012982c89789301fe,90,1024,1,0,5,1,c02 c08,c02 c08,c02 c08
main|shymkent_school|nc10|np15|br0.5|one_heavy|ms3|r300|s0,main,shymkent_school,10,15,0.5,one_heavy,3,300,0,1476,sha256:50e8143805df7159c5897ed170c3fdf5316c127cce46fcec36c2fa47bd4965c0,57,1024,1,0,4,1,c01 c04,c01 c04,c01 c04
main|shymkent_school|nc10|np15|br0.5|one_heavy|ms3|r300|s1,main,shymkent_school,10,15,0.5,one_heavy,3,300,1,1382,sha256:0dc27ab120ff1b840b95373ef53aaa77c8341b37b98d0f0b63d50775543e3b46,68,1024,1,0,5,1,c00 c01 c06,c00 c01 c06,c00 c01 c06
main|shymkent_school|nc10|np15|br0.5|one_heavy|ms3|r300|s2,main,shymkent_school,10,15,0.5,one_heavy,3,300,2,1217,sha256:60650975070a603076078606a0201310a822b72450a59705e897cdb330098d95,100,1024,1,0,10,1,c00 c04 c07,c00 c04 c07,c00 c04 c07
main|shymkent_school|nc10|np15|br0.5|one_heavy|ms3|r300|s3,main,shymkent_school,10,15,0.5,one_heavy,3,300,3,1165,sha256:57aa9100dd8c0f6dc6b3c92620e502fa708e2ec36e169a01f3509f6d18120412,81,1024,1,0,12,1,c02 c03 c08,c02 c03 c08,c02 c03 c08
main|shymkent_school|nc10|np15|br0.5|one_heavy|ms3|r300|s4,main,shymkent_school,10,15,0.5,one_heavy,3,300,4,1271,sha256:87e6fcae4cc6143812fec6b364682d2d95988128088042606338bb899e94dc23,68,1024,1,0,7,2,c02 c07,c04 c07 c09,c02 c07
main|shymkent_school|nc10|np15|br0.5|one_heavy|ms3|r300|s5,main,shymkent_school,10,15,0.5,one_heavy,3,300,5,1115,sha256:1c3639679f31ed9f872e81825c06df4f8005c57262e04b428057f9d86c466d64,45,1024,1,0,6,1,c01 c04,c01 c04,c01 c04
main|shymkent_school|nc10|np15|br0.5|one_heavy|ms3|r300|s6,main,shymkent_school,10,15,0.5,one_heavy,3,300,6,1216,sha256:7b758b621857f1fcfdef376526193cb8a25dd67cf05ae3769c4364d422a2bb46,63,1024,1,0,7,1,c02 c06 c09,c02 c06 c09,c02 c06 c09
main|shymkent_school|nc10|np15|br0.5|one_heavy|ms3|r300|s7,main,shymkent_school,10,15,0.5,one_heavy,3,300,7,1255,sha256:6530e919f6ca780b8d20e80bd6b2f4028fdc350816be41d112e262186e83eaa3,97,1024,1,0,7,2,c03 c08,c03 c05 c09,c03 c08
main|shymkent_school|nc10|np15|br0.5|one_heavy|ms3|r300|s8,main,shymkent_school,10,15,0.5,one_heavy,3,300,8,1436,sha256:1ef481025eb784b08b5c578593fe6dd3296460841b33d5c59e660acb89ab906a,51,1024,1,0,8,2,c00 c03 c04,c02 c04,c00 c03 c04
main|shymkent_school|nc10|np15|br0.5|one_heavy|ms3|r300|s9,main,shymkent_school,10,15,0.5,one_heavy,3,300,9,1189,sha256:13056f5d623d2e5163775f26b49bda3296e85692068c0c7e471716c619fe4459,90,1024,1,0,5,1,c02 c08,c02 c08,c02 c08
main|shymkent_school|nc10|np15|br0.75|uniform|ms3|r300|s0,main,shymkent_school,10,15,0.75,uniform,3,300,0,2214,sha256:2d94a5655fa16cb60bb359ee7d36c941bb5a34e24f2e874093cbc2771ab35fd5,137,1024,1,0,5,1,c00 c01 c04,c00 c01 c04,c00 c01 c04
main|shymkent_school|nc10|np15|br0.75|uniform|ms3|r300|s1,main,shymkent_school,10,15,0.75,uniform,3,300,1,2073,sha256:246b26d8da3618ee81e6f3657eb496227ca8f3fc2af6b204324aa1dea09e379f,147,1024,1,0,5,1,c00 c01 c06,c00 c01 c06,c00 c01 c06
main|shymkent_school|nc10|np15|br0.75|uniform|ms3|r300|s2,main,shymkent_school,10,15,0.75,uniform,3,300,2,1825,sha256:d4a1944a5619396ff6dd4a0e179206c7be8ca25198ac522f6a1b135f68238b1b,161,1024,1,0,10,2,c00 c03 c07,c00 c04 c07,c00 c03 c07
main|shymkent_school|nc10|np15|br0.75|uniform|ms3|r300|s3,main,shymkent_school,10,15,0.75,uniform,3,300,3,1747,sha256:f2893ce8a8b61d5824844a571ff1dc8d1c4316f12497607182afff952723682a,153,1024,1,0,6,1,c02 c03 c08,c02 c03 c08,c02 c03 c08
main|shymkent_school|nc10|np15|br0.75|uniform|ms3|r300|s4,main,shymkent_school,10,15,0.75,uniform,3,300,4,1906,sha256:c595ec5e37ad55b4d0765846ec960d62da5a0b09184fca453bb19e13313d34e0,149,1024,1,0,7,1,c04 c07 c09,c04 c07 c09,c04 c07 c09
main|shymkent_school|nc10|np15|br0.75|uniform|ms3|r300|s5,main,shymkent_school,10,15,0.75,uniform,3,300,5,1673,sha256:4d9a08ed342f0840d197dc51c477c9a4f93cee9fadbd0c7d9f976d17cdf8f516,137,1024,1,0,9,1,c01 c04 c05,c01 c04 c05,c01 c04 c05
main|shymkent_school|nc10|np15|br0.75|uniform|ms3|r300|s6,main,shymkent_school,10,15,0.75,uniform,3,300,6,1824,sha256:b9581549c6d050e3868e3784ab8959ed9ca16dc9f0de71b98546e3107f51dbcf,142,1024,1,0,11,1,c01 c02 c06,c01 c02 c06,c01 c02 c06
main|shymkent_school|nc10|np15|br0.75|uniform|ms3|r300|s7,main,shymkent_school,10,15,0.75,uniform,3,300,7,1883,sha256:9d1522799396bfcb5ad0da04103192f75dc71e512eb7062494ce6cd9b89cc053,159,1024,1,0,9,2,c08 c09,c00 c05 c09,c08 c09
main|shymkent_school|nc10|np15|br0.75|uniform|ms3|r300|s8,main,shymkent_school,10,15,0.75,uniform,3,300,8,2154,sha256:73aa481e681873b6657a5b228ed56911eea1395610c0bbdcfec6ad01aabba1fe,135,1024,1,0,14,2,c00 c04 c06,c00 c02 c06,c00 c04 c06
main|shymkent_school|nc10|np15|br0.75|uniform|ms3|r300|s9,main,shymkent_school,10,15,0.75,uniform,3,300,9,1784,sha256:b5e0a9d9c5d4b911b1120e150d7c81fd3933ce1170fd348562d1e8e663c7609f,157,1024,1,0,6,1,c02 c07 c08,c02 c07 c08,c02 c07 c08
main|shymkent_school|nc10|np15|br0.75|random_1_100|ms3|r300|s0,main,shymkent_school,10,15,0.75,random_1_100,3,300,0,2214,sha256:aad92cf8fb6485014c9b146f89e145684996ed65bf9eab93c5e27e6d157f5720,137,1024,1,0,7,1,c00 c01 c04,c00 c01 c04,c00 c01 c04
main|shymkent_school|nc10|np15|br0.75|random_1_100|ms3|r300|s1,main,shymkent_school,10,15,0.75,random_1_100,3,300,1,2073,sha256:c251166ab9d20e40b08086358978028e5e811d6d194b71d975df97459a948513,147,1024,1,0,7,1,c00 c01 c06,c00 c01 c06,c00 c01 c06
main|shymkent_school|nc10|np15|br0.75|random_1_100|ms3|r300|s2,main,shymkent_school,10,15,0.75,random_1_100,3,300,2,1825,sha256:c42e7cc0bf0469b4b05280f4f51f8c360908999d64222338e68124ea1b0277e8,161,1024,1,0,10,2,c00 c03 c07,c00 c04 c07,c00 c03 c07
main|shymkent_school|nc10|np15|br0.75|random_1_100|ms3|r300|s3,main,shymkent_school,10,15,0.75,random_1_100,3,300,3,1747,sha256:a0c675842e22dda8391f48839bb789e557f05c2d6e295dcf272b49fe409bb8f4,153,1024,1,0,7,2,c02 c06 c09,c02 c06 c09,c02 c03 c09
main|shymkent_school|nc10|np15|br0.75|random_1_100|ms3|r300|s4,main,shymkent_school,10,15,0.75,random_1_100,3,300,4,1906,sha256:fd0e15642a96b3f65aec13820c4e33dd54c246a3c3cbfedb3ad663d189be3e09,149,1024,1,0,7,1,c04 c07 c09,c04 c07 c09,c04 c07 c09
main|shymkent_school|nc10|np15|br0.75|random_1_100|ms3|r300|s5,main,shymkent_school,10,15,0.75,random_1_100,3,300,5,1673,sha256:7015bbc641957c2666927eb44cbb97b24c95548e8a691f60c10ebfee9a1dbf80,137,1024,1,0,6,1,c01 c04 c05,c01 c04 c05,c01 c04 c05
main|shymkent_school|nc10|np15|br0.75|random_1_100|ms3|r300|s6,main,shymkent_school,10,15,0.75,random_1_100,3,300,6,1824,sha256:8d44d9b09b2beaa86e740035c293dbf4e4a8e7c4a99e4593f3e1cb1b808ffa10,142,1024,1,0,11,2,c02 c07 c09,c02 c07 c09,c02 c06 c07
main|shymkent_school|nc10|np15|br0.75|random_1_100|ms3|r300|s7,main,shymkent_school,10,15,0.75,random_1_100,3,300,7,1883,sha256:c1a93bbdde5cfcdffe78244cf8146abe9001fc2288274fa1f7725b02601d03fa,159,1024,1,0,11,2,c03 c06 c08,c00 c05 c09,c03 c06 c08
main|shymkent_school|nc10|np15|br0.75|random_1_100|ms3|r300|s8,main,shymkent_school,10,15,0.75,random_1_100,3,300,8,2154,sha256:4638a3e0e25422436fba98e261cc78ef7a60042a5362b4f8b6d531f1e18a24dd,135,1024,1,0,7,2,c00 c02 c06,c00 c02 c06,c00 c04 c06
main|shymkent_school|nc10|np15|br0.75|random_1_100|ms3|r300|s9,main,shymkent_school,10,15,0.75,random_1_100,3,300,9,1784,sha256:bc8372d4e2f98427eb5f5e0db8e7f981ae2e3c05107ac1d0ff1b09f6e6ee94ae,157,1024,1,0,6,1,c02 c07 c08,c02 c07 c08,c02 c07 c08
main|shymkent_school|nc10|np15|br0.75|one_heavy|ms3|r300|s0,main,shymkent_school,10,15,0.75,one_heavy,3,300,0,2214,sha256:1e6c8e54740e301c6546786b123c24a4c08c709107d731f309e776a10d5641fe,137,1024,1,0,5,1,c00 c01 c04,c00 c01 c04,c00 c01 c04
main|shymkent_school|nc10|np15|br0.75|one_heavy|ms3|r300|s1,main,shymkent_school,10,15,0.75,one_heavy,3,300,1,2073,sha256:d0a6cb3e519af6fdbf8da6ca0daaee5fced47c5e733291187c547070b0a17993,147,1024,1,0,5,1,c00 c01 c06,c00 c01 c06,c00 c01 c06
main|shymkent_school|nc10|np15|br0.75|one_heavy|ms3|r300|s2,main,shymkent_school,10,15,0.75,one_heavy,3,300,2,1825,sha256:6ee47d680c0d578344a24838e2c132d18395f2d2c1944ae64d2c61e1720e4141,161,1024,1,0,11,2,c00 c03 c07,c00 c04 c07,c00 c03 c07
main|shymkent_school|nc10|np15|br0.75|one_heavy|ms3|r300|s3,main,shymkent_school,10,15,0.75,one_heavy,3,300,3,1747,sha256:10b35c2bd9cfc0f8122b7c51214a5b9253b8db393e3604d3b6bbb909ff2b2184,153,1024,1,0,12,1,c02 c03 c08,c02 c03 c08,c02 c03 c08
main|shymkent_school|nc10|np15|br0.75|one_heavy|ms3|r300|s4,main,shymkent_school,10,15,0.75,one_heavy,3,300,4,1906,sha256:e6b3f9472abc35a205fa8d5738a57945f77021f632aef70818359a0ead8dd845,149,1024,1,0,9,1,c02 c04 c07,c02 c04 c07,c02 c04 c07
main|shymkent_school|nc10|np15|br0.75|one_heavy|ms3|r300|s5,main,shymkent_school,10,15,0.75,one_heavy,3,300,5,1673,sha256:423bcd65eee6de881f250fa0d4e65af9be31a08f6801162b03127c931789fe5a,137,1024,1,0,9,1,c01 c04 c05,c01 c04 c05,c01 c04 c05
main|shymkent_school|nc10|np15|br0.75|one_heavy|ms3|r300|s6,main,shymkent_school,10,15,0.75,one_heavy,3,300,6,1824,sha256:8a7568ebf117d274a7b96668cb514d8b614e7bda7b675742d68980013276996d,142,1024,1,0,9,1,c01 c02 c06,c01 c02 c06,c01 c02 c06
main|shymkent_school|nc10|np15|br0.75|one_heavy|ms3|r300|s7,main,shymkent_school,10,15,0.75,one_heavy,3,300,7,1883,sha256:56890367fda75036379804e2c4aaf0b192c46a23db5c9be22d8c33b3f8dace11,159,1024,1,0,9,2,c08 c09,c00 c05 c09,c08 c09
main|shymkent_school|nc10|np15|br0.75|one_heavy|ms3|r300|s8,main,shymkent_school,10,15,0.75,one_heavy,3,300,8,2154,sha256:528fad674524bd2eec6de4910f7a3a8d7b44f2dabc80d8abaf2934757b2f1a74,135,1024,1,0,12,2,c00 c04 c06,c00 c02 c04,c00 c04 c06
main|shymkent_school|nc10|np15|br0.75|one_heavy|ms3|r300|s9,main,shymkent_school,10,15,0.75,one_heavy,3,300,9,1784,sha256:85046c42df637c85c4bae63074713e9d4bb9cd8c114c0f09f60a1d891c5096ae,157,1024,1,0,6,1,c02 c07 c08,c02 c07 c08,c02 c07 c08
main|shymkent_school|nc10|np15|br1.0|uniform|ms3|r300|s0,main,shymkent_school,10,15,1.0,uniform,3,300,0,2953,sha256:bea5a0c112f7b01e0998bb52c85ef6be5f33a61f68a8dcde5605eafc31406dda,176,1024,0,0,5,1,c00 c01 c04,c00 c01 c04,c00 c01 c04
main|shymkent_school|nc10|np15|br1.0|uniform|ms3|r300|s1,main,shymkent_school,10,15,1.0,uniform,3,300,1,2764,sha256:5c0c388de8dd7bce155c15ff651686cf738025e3b2d5b1940150414d1a58f3be,176,1024,0,0,5,1,c00 c01 c06,c00 c01 c06,c00 c01 c06
main|shymkent_school|nc10|np15|br1.0|uniform|ms3|r300|s2,main,shymkent_school,10,15,1.0,uniform,3,300,2,2434,sha256:da5d9c8a3f01cbdce8773b6673064f83de6a8c191aa03c354ca4cb00773b90d2,176,1024,0,0,10,2,c00 c03 c07,c00 c04 c07,c00 c03 c07
main|shymkent_school|nc10|np15|br1.0|uniform|ms3|r300|s3,main,shymkent_school,10,15,1.0,uniform,3,300,3,2330,sha256:cb66e73fe29582470b72094eed1162c0a335ac978935e85eadd4ec21fc3b73b5,176,1024,0,0,6,1,c02 c03 c08,c02 c03 c08,c02 c03 c08
main|shymkent_school|nc10|np15|br1.0|uniform|ms3|r300|s4,main,shymkent_school,10,15,1.0,uniform,3,300,4,2542,sha256:59ca240840a6dc3f3b35ed0c525296f473e8d2f6fb2de2336c617701ad64e267,176,1024,0,0,7,1,c04 c07 c09,c04 c07 c09,c04 c07 c09
main|shymkent_school|nc10|np15|br1.0|uniform|ms3|r300|s5,main,shymkent_school,10,15,1.0,uniform,3,300,5,2231,sha256:ff2805b49e30cbbf7f86caf134b382b0fdb2bb8228bf295615bc744df881fef2,176,1024,0,0,9,1,c01 c04 c05,c01 c04 c05,c01 c04 c05
main|shymkent_school|nc10|np15|br1.0|uniform|ms3|r300|s6,main,shymkent_school,10,15,1.0,uniform,3,300,6,2432,sha256:177bf5beee65d84914d4d94080c454c519183e323bfecd4326455c35e630878c,176,1024,0,0,11,1,c01 c02 c06,c01 c02 c06,c01 c02 c06
main|shymkent_school|nc10|np15|br1.0|uniform|ms3|r300|s7,main,shymkent_school,10,15,1.0,uniform,3,300,7,2511,sha256:abf861cf4c67c83deda47f7465d0cb96898da47224ce5c4ec57c3c33011609d2,176,1024,0,0,11,1,c00 c08 c09,c00 c08 c09,c00 c08 c09
main|shymkent_school|nc10|np15|br1.0|uniform|ms3|r300|s8,main,shymkent_school,10,15,1.0,uniform,3,300,8,2873,sha256:7e4a15c8e3ad9849e55dba31f2cc93870903895c15a8687d7dccf635e70dd910,176,1024,0,0,14,2,c00 c04 c06,c00 c02 c06,c00 c04 c06
main|shymkent_school|nc10|np15|br1.0|uniform|ms3|r300|s9,main,shymkent_school,10,15,1.0,uniform,3,300,9,2379,sha256:719c18f8990d60ce2a54aadb9bae178d3eea34f6037ff4474d4dd26035951a96,176,1024,0,0,6,1,c02 c07 c08,c02 c07 c08,c02 c07 c08
main|shymkent_school|nc10|np15|br1.0|random_1_100|ms3|r300|s0,main,shymkent_school,10,15,1.0,random_1_100,3,300,0,2953,sha256:2de18862506cb32c92752ab7893094048ef1c5c6fe997b94d43604a602603f74,176,1024,0,0,7,1,c00 c01 c04,c00 c01 c04,c00 c01 c04
main|shymkent_school|nc10|np15|br1.0|random_1_100|ms3|r300|s1,main,shymkent_school,10,15,1.0,random_1_100,3,300,1,2764,sha256:9f67ae9c3be0fe643fa92a0d7e2dc6ec7ccb681d8dc741f52af126ca5d5d15e7,176,1024,0,0,7,1,c00 c01 c06,c00 c01 c06,c00 c01 c06
main|shymkent_school|nc10|np15|br1.0|random_1_100|ms3|r300|s2,main,shymkent_school,10,15,1.0,random_1_100,3,300,2,2434,sha256:3aab4c2eba0e6a9a16acae1a5ebdb4d8baa1cd7f3077293423f0432e7d150815,176,1024,0,0,10,2,c00 c03 c07,c00 c04 c07,c00 c03 c07
main|shymkent_school|nc10|np15|br1.0|random_1_100|ms3|r300|s3,main,shymkent_school,10,15,1.0,random_1_100,3,300,3,2330,sha256:c9a2866a104d66b591e589233b2eb53cff2043960296acc59a10ad1b0b271c38,176,1024,0,0,7,2,c02 c06 c09,c02 c06 c09,c02 c03 c09
main|shymkent_school|nc10|np15|br1.0|random_1_100|ms3|r300|s4,main,shymkent_school,10,15,1.0,random_1_100,3,300,4,2542,sha256:f989f3e9e65aecbe2ec79e9fc77e9e84f4969cf7cb7911344fbacd1ba621d4b7,176,1024,0,0,7,1,c04 c07 c09,c04 c07 c09,c04 c07 c09
main|shymkent_school|nc10|np15|br1.0|random_1_100|ms3|r300|s5,main,shymkent_school,10,15,1.0,random_1_100,3,300,5,2231,sha256:bea450ea0ba567130c53110d3ba263959b714849daca1315addfb154e36c8df6,176,1024,0,0,7,1,c01 c04 c09,c01 c04 c09,c01 c04 c09
main|shymkent_school|nc10|np15|br1.0|random_1_100|ms3|r300|s6,main,shymkent_school,10,15,1.0,random_1_100,3,300,6,2432,sha256:9ff89888f0b9464cee84ab27712b4676c00009073972c21fc89abb27f91b75fe,176,1024,0,0,11,2,c02 c07 c09,c02 c07 c09,c02 c06 c07
main|shymkent_school|nc10|np15|br1.0|random_1_100|ms3|r300|s7,main,shymkent_school,10,15,1.0,random_1_100,3,300,7,2511,sha256:fa5738cc1aa925759cf772d2e86e55c6fd816c7d2daf1f3fd0a1b46a1f22eb81,176,1024,0,0,13,1,c00 c08 c09,c00 c08 c09,c00 c08 c09
main|shymkent_school|nc10|np15|br1.0|random_1_100|ms3|r300|s8,main,shymkent_school,10,15,1.0,random_1_100,3,300,8,2873,sha256:9f85e9e9f0b05062be1d0207ff79a03f2950859cd1d58d15f9b4735a2cc06491,176,1024,0,0,7,2,c00 c02 c06,c00 c02 c06,c00 c04 c06
main|shymkent_school|nc10|np15|br1.0|random_1_100|ms3|r300|s9,main,shymkent_school,10,15,1.0,random_1_100,3,300,9,2379,sha256:9fdd97ed3d3b7efa0983f81764f2d047ddbcc27029e5b923c550bade2fc72aa6,176,1024,0,0,6,1,c02 c07 c08,c02 c07 c08,c02 c07 c08
main|shymkent_school|nc10|np15|br1.0|one_heavy|ms3|r300|s0,main,shymkent_school,10,15,1.0,one_heavy,3,300,0,2953,sha256:843a50adc56411a7c2ee77212b42a9bdf68e5fe7cebe5a6df3c23ee28ba64010,176,1024,0,0,5,1,c00 c01 c04,c00 c01 c04,c00 c01 c04
main|shymkent_school|nc10|np15|br1.0|one_heavy|ms3|r300|s1,main,shymkent_school,10,15,1.0,one_heavy,3,300,1,2764,sha256:20fcd7b2c3ebbca48b8ad01a205aa86601a890713b21f52a3d8c344eebf05d21,176,1024,0,0,5,1,c00 c01 c06,c00 c01 c06,c00 c01 c06
main|shymkent_school|nc10|np15|br1.0|one_heavy|ms3|r300|s2,main,shymkent_school,10,15,1.0,one_heavy,3,300,2,2434,sha256:e76061c338ce9a190702c682f596f816e4604fad8f5e719c1cd2a2aa2df15987,176,1024,0,0,11,2,c00 c03 c07,c00 c04 c07,c00 c03 c07
main|shymkent_school|nc10|np15|br1.0|one_heavy|ms3|r300|s3,main,shymkent_school,10,15,1.0,one_heavy,3,300,3,2330,sha256:8dad9204aaa332b0f0feccf254028f45849b1fa113dab8cee34f4b826863d86c,176,1024,0,0,12,1,c02 c03 c08,c02 c03 c08,c02 c03 c08
main|shymkent_school|nc10|np15|br1.0|one_heavy|ms3|r300|s4,main,shymkent_school,10,15,1.0,one_heavy,3,300,4,2542,sha256:0f40d1011a5c058d7114ddbcdf0717e9c436ee0ca3ebb6610e9b4f96fa853ad4,176,1024,0,0,9,1,c02 c04 c07,c02 c04 c07,c02 c04 c07
main|shymkent_school|nc10|np15|br1.0|one_heavy|ms3|r300|s5,main,shymkent_school,10,15,1.0,one_heavy,3,300,5,2231,sha256:37a633ad3e0236277b3f76bba3da3940590fa58c76f75af16d02c8f960263a97,176,1024,0,0,9,1,c01 c04 c05,c01 c04 c05,c01 c04 c05
main|shymkent_school|nc10|np15|br1.0|one_heavy|ms3|r300|s6,main,shymkent_school,10,15,1.0,one_heavy,3,300,6,2432,sha256:2f09c33938709fe2c018af81e3d976432c4e01642a9fe95ffd66c85b65c47511,176,1024,0,0,9,1,c01 c02 c06,c01 c02 c06,c01 c02 c06
main|shymkent_school|nc10|np15|br1.0|one_heavy|ms3|r300|s7,main,shymkent_school,10,15,1.0,one_heavy,3,300,7,2511,sha256:72a4f4cfdc5e4cbdcdf4181941224ff6a9d6039060f1f546a3e0b856670d19a9,176,1024,0,0,11,1,c00 c08 c09,c00 c08 c09,c00 c08 c09
main|shymkent_school|nc10|np15|br1.0|one_heavy|ms3|r300|s8,main,shymkent_school,10,15,1.0,one_heavy,3,300,8,2873,sha256:b6808633ac41867731b5267703b749ce07e702923702d890be67d95d95c09add,176,1024,0,0,12,2,c00 c04 c06,c02 c04 c06,c00 c04 c06
main|shymkent_school|nc10|np15|br1.0|one_heavy|ms3|r300|s9,main,shymkent_school,10,15,1.0,one_heavy,3,300,9,2379,sha256:421d646776787067f78cf5192422578fa0de3e1f830b43ebc5b346076b9e4195,176,1024,0,0,6,1,c02 c07 c08,c02 c07 c08,c02 c07 c08
main|shymkent_school|nc10|np25|br0.25|uniform|ms3|r300|s0,main,shymkent_school,10,25,0.25,uniform,3,300,0,738,sha256:89a9498e6a5ba8dd5c78b4501b55efef53dfec7f1cb9da2d002c31adde6a980b,11,1024,1,0,6,1,c03 c04 c06,c03 c04 c06,c03 c04 c06
main|shymkent_school|nc10|np25|br0.25|uniform|ms3|r300|s1,main,shymkent_school,10,25,0.25,uniform,3,300,1,691,sha256:16ac63e2c8d75acd01403db9b87bcbc4141a0a437c70c235bb2fdf24200b11d6,13,1024,1,0,3,1,c00 c01,c00 c01,c00 c01
main|shymkent_school|nc10|np25|br0.25|uniform|ms3|r300|s2,main,shymkent_school,10,25,0.25,uniform,3,300,2,608,sha256:f44a46213abca0c183fbf19d6748c3b62030c222253b795daba9c528264104c4,28,1024,1,0,5,1,c00 c04 c09,c00 c04 c09,c00 c04 c09
main|shymkent_school|nc10|np25|br0.25|uniform|ms3|r300|s3,main,shymkent_school,10,25,0.25,uniform,3,300,3,582,sha256:e917bac927bf3256d9c4a2e5427f3868f1d3f1bb9e36b07dad111d75ccd94c81,15,1024,1,0,5,1,c01 c02 c03,c01 c02 c03,c01 c02 c03
main|shymkent_school|nc10|np25|br0.25|uniform|ms3|r300|s4,main,shymkent_school,10,25,0.25,uniform,3,300,4,635,sha256:f9457f4e626a3532731c9134b143464c16fb6d2102e554d48b98064f62afa198,12,1024,1,0,4,2,c07,c04,c07
main|shymkent_school|nc10|np25|br0.25|uniform|ms3|r300|s5,main,shymkent_school,10,25,0.25,uniform,3,300,5,557,sha256:15c25c7fef53d6def86a9dca21e22aefd9187f8332419a193af176066874107d,8,1024,1,0,5,2,c04,c01,c04
main|shymkent_school|nc10|np25|br0.25|uniform|ms3|r300|s6,main,shymkent_school,10,25,0.25,uniform,3,300,6,608,sha256:2c2a876cf6cc23e8043f27f8f332e0eed327a72b7bafb9459101b5f1f4b7540f,12,1024,1,0,4,1,c04 c06,c04 c06,c04 c06
main|shymkent_school|nc10|np25|br0.25|uniform|ms3|r300|s7,main,shymkent_school,10,25,0.25,uniform,3,300,7,627,sha256:8f0cd72f622757cfd43fd1d5279dfd27bbc246aa075266fd2a6bfa69c0dd4f3a,25,1024,1,0,5,1,c05 c06,c05 c06,c05 c06
main|shymkent_school|nc10|np25|br0.25|uniform|ms3|r300|s8,main,shymkent_school,10,25,0.25,uniform,3,300,8,718,sha256:2411a4109f67878371023f78b3239099897e16a153502087113f084dcf026ca8,10,1024,1,0,5,1,c02,c02,c02
main|shymkent_school|nc10|np25|br0.25|uniform|ms3|r300|s9,main,shymkent_school,10,25,0.25,uniform,3,300,9,594,sha256:4e6cbf2f92e75f79ab20ea8fbafa817ec2ad8797e8bbcfcf21c4cbc35ee3d7f7,21,1024,1,0,4,1,c02 c03,c02 c03,c02 c03
main|shymkent_school|nc10|np25|br0.25|random_1_100|ms3|r300|s0,main,shymkent_school,10,25,0.25,random_1_100,3,300,0,738,sha256:6368c20993e298ae92481c8da4d51e4651b857b95ee508a4263e6b734dc30744,11,1024,1,0,8,1,c03 c04 c06,c03 c04 c06,c03 c04 c06
main|shymkent_school|nc10|np25|br0.25|random_1_100|ms3|r300|s1,main,shymkent_school,10,25,0.25,random_1_100,3,300,1,691,sha256:20df340ce95888dee4cfea5733218b7fbe8c65c0a9040d8b7f5b332ad58c8592,13,1024,1,0,5,2,c06,c00 c01,c00 c01
main|shymkent_school|nc10|np25|br0.25|random_1_100|ms3|r300|s2,main,shymkent_school,10,25,0.25,random_1_100,3,300,2,608,sha256:a5539fac4870b60b70e6b22883527e1898a19ff28a96a8e06bbe43ecf2cff9c4,28,1024,1,0,5,1,c00 c04 c09,c00 c04 c09,c00 c04 c09
main|shymkent_school|nc10|np25|br0.25|random_1_100|ms3|r300|s3,main,shymkent_school,10,25,0.25,random_1_100,3,300,3,582,sha256:8a4a356b6c8e60d8a608d3fa3036f2f9e50ef42cb1e3f9a2bc38f7d8f8c3b2e2,15,1024,1,0,7,2,c01 c02 c03,c01 c02 c03,c02 c09
main|shymkent_school|nc10|np25|br0.25|random_1_100|ms3|r300|s4,main,shymkent_school,10,25,0.25,random_1_100,3,300,4,635,sha256:199fd1b2d4e934b0ad998d087675a110c2abff2fdf7b7591d5e24745456b9baa,12,1024,1,0,4,2,c07,c04,c07
main|shymkent_school|nc10|np25|br0.25|random_1_100|ms3|r300|s5,main,shymkent_school,10,25,0.25,random_1_100,3,300,5,557,sha256:74dd850c789cd9a1d7f4558f2aa39383ab96e6754f0eb773edf87bb80f59485e,8,1024,1,0,3,1,c01,c01,c01
main|shymkent_school|nc10|np25|br0.25|random_1_100|ms3|r300|s6,main,shymkent_school,10,25,0.25,random_1_100,3,300,6,608,sha256:e416d20965e6f1cfb9f556e1f3651c6f261d8ce65ca774c7cce7852816776485,12,1024,1,0,4,1,c04 c06,c04 c06,c04 c06
main|shymkent_school|nc10|np25|br0.25|random_1_100|ms3|r300|s7,main,shymkent_school,10,25,0.25,random_1_100,3,300,7,627,sha256:e437aac3f66624688897624e3c29edb9b675a5f75fc226ddccd0957599937f0d,25,1024,1,0,6,1,c05 c06,c05 c06,c05 c06
main|shymkent_school|nc10|np25|br0.25|random_1_100|ms3|r300|s8,main,shymkent_school,10,25,0.25,random_1_100,3,300,8,718,sha256:f17af22df949e9d6899a9ccc06cc61f991f97abae11f4434aa224d072f87ec13,10,1024,1,0,5,2,c02,c02,c00 c03
main|shymkent_school|nc10|np25|br0.25|random_1_100|ms3|r300|s9,main,shymkent_school,10,25,0.25,random_1_100,3,300,9,594,sha256:208c642962089ef722aa11dbbed8a766b8bc154c7c46064ef527e774c4861713,21,1024,1,0,4,1,c02 c03,c02 c03,c02 c03
main|shymkent_school|nc10|np25|br0.25|one_heavy|ms3|r300|s0,main,shymkent_school,10,25,0.25,one_heavy,3,300,0,738,sha256:bf91df5da5726189c0ccaf520882066b5cf9152010bb27ac5e342f99dbba59db,11,1024,1,0,6,1,c03 c04 c06,c03 c04 c06,c03 c04 c06
main|shymkent_school|nc10|np25|br0.25|one_heavy|ms3|r300|s1,main,shymkent_school,10,25,0.25,one_heavy,3,300,1,691,sha256:654cd576616a6b9621867f359fefca0f2e02c66616123a99d46ccdd7a1e7a1cd,13,1024,1,0,4,1,c00 c01,c00 c01,c00 c01
main|shymkent_school|nc10|np25|br0.25|one_heavy|ms3|r300|s2,main,shymkent_school,10,25,0.25,one_heavy,3,300,2,608,sha256:328977d5407eaa3824530fdb8be6cc60c4488ca7f92ee4bfc00576ba454e5367,28,1024,1,0,5,1,c00 c04 c09,c00 c04 c09,c00 c04 c09
main|shymkent_school|nc10|np25|br0.25|one_heavy|ms3|r300|s3,main,shymkent_school,10,25,0.25,one_heavy,3,300,3,582,sha256:2b93aa15111f05b96738605a5cd50cf990db1cb3057bbbd4138f1d4bca3bbfe2,15,1024,1,0,6,2,c03 c04,c01 c02 c03,c01 c02 c03
main|shymkent_school|nc10|np25|br0.25|one_heavy|ms3|r300|s4,main,shymkent_school,10,25,0.25,one_heavy,3,300,4,635,sha256:afb21788065c28fec251f57a29586e306ba4d51f81cbd82f4cdd6001df947663,12,1024,1,0,4,2,c07,c04,c07
main|shymkent_school|nc10|np25|br0.25|one_heavy|ms3|r300|s5,main,shymkent_school,10,25,0.25,one_heavy,3,300,5,557,sha256:93ef96a75ff78287eef361fab9f0e657fb6c8ce83429b913b0148483a2702672,8,1024,1,0,5,2,c04,c01,c04
main|shymkent_school|nc10|np25|br0.25|one_heavy|ms3|r300|s6,main,shymkent_school,10,25,0.25,one_heavy,3,300,6,608,sha256:b26fe3e718d25d2a74732032b1a0e3df6d89c5a808674e90daa11758a2096d03,12,1024,1,0,4,1,c04 c06,c04 c06,c04 c06
main|shymkent_school|nc10|np25|br0.25|one_heavy|ms3|r300|s7,main,shymkent_school,10,25,0.25,one_heavy,3,300,7,627,sha256:273acb388098cf0879cc6956d68892aba710120e0ee6da682a21a41df86c982b,25,1024,1,0,5,1,c05 c06,c05 c06,c05 c06
main|shymkent_school|nc10|np25|br0.25|one_heavy|ms3|r300|s8,main,shymkent_school,10,25,0.25,one_heavy,3,300,8,718,sha256:2d40897a9219362065a42e8d884e38f0af964291a08f0caf38d7d18526a391de,10,1024,1,0,6,2,c04,c02,c04
main|shymkent_school|nc10|np25|br0.25|one_heavy|ms3|r300|s9,main,shymkent_school,10,25,0.25,one_heavy,3,300,9,594,sha256:7723633962a6964a8ed091bdaa5f8fb529bf366751eb1fff97820681939a3180,21,1024,1,0,4,1,c02 c03,c02 c03,c02 c03
main|shymkent_school|nc10|np25|br0.5|uniform|ms3|r300|s0,main,shymkent_school,10,25,0.5,uniform,3,300,0,1476,sha256:5c9aa3e8e539c2407b8d8b8d3ae682d4ac48c0f0be28cabc323b07e0eca3c9a3,57,1024,1,0,11,1,c01 c04 c06,c01 c04 c06,c01 c04 c06
main|shymkent_school|nc10|np25|br0.5|uniform|ms3|r300|s1,main,shymkent_school,10,25,0.5,uniform,3,300,1,1382,sha256:480a9bf0aa924ff7f4d1b2dd6399c607e0856d52c9a4d9ff5d08a1a1d876e71e,68,1024,1,0,5,1,c00 c01 c06,c00 c01 c06,c00 c01 c06
main|shymkent_school|nc10|np25|br0.5|uniform|ms3|r300|s2,main,shymkent_school,10,25,0.5,uniform,3,300,2,1217,sha256:08229c908b18d3752c7c04667d5b8d85f7b68c23532b4d16799a3bf9f1b4af4e,100,1024,1,0,6,1,c00 c04 c07,c00 c04 c07,c00 c04 c07
main|shymkent_school|nc10|np25|br0.5|uniform|ms3|r300|s3,main,shymkent_school,10,25,0.5,uniform,3,300,3,1165,sha256:43104ef056cc3eb28410a2afde2ace7ae4adfbf1356ae5659d78c9c539cca1a5,81,1024,1,0,7,1,c02 c03 c08,c02 c03 c08,c02 c03 c08
main|shymkent_school|nc10|np25|br0.5|uniform|ms3|r300|s4,main,shymkent_school,10,25,0.5,uniform,3,300,4,1271,sha256:208404af433028f528e210b4e7c05e0257dedbc5deacc55892bd325ae0b3c0e5,68,1024,1,0,6,1,c04 c07 c09,c04 c07 c09,c04 c07 c09
main|shymkent_school|nc10|np25|br0.5|uniform|ms3|r300|s5,main,shymkent_school,10,25,0.5,uniform,3,300,5,1115,sha256:3ec01eb6e536a188a8b5c09065d3b6c5a347a0e8be33c1f658ae0e10a96bb124,45,1024,1,0,8,2,c02 c04,c01 c04,c01 c04
main|shymkent_school|nc10|np25|br0.5|uniform|ms3|r300|s6,main,shymkent_school,10,25,0.5,uniform,3,300,6,1216,sha256:35b2c3b93050ad424059434bc83a6f11c2a4bdf07a0cc40f6085ac57cdbb419b,63,1024,1,0,9,1,c00 c06 c09,c00 c06 c09,c00 c06 c09
main|shymkent_school|nc10|np25|br0.5|uniform|ms3|r300|s7,main,shymkent_school,10,25,0.5,uniform,3,300,7,1255,sha256:e4f2041f10c3080e0a8391320d4e5d8bd44be26800a3414cc8574a6070abfad3,97,1024,1,0,8,2,c05 c07 c09,c05 c07 c09,c05 c08
main|shymkent_school|nc10|np25|br0.5|uniform|ms3|r300|s8,main,shymkent_school,10,25,0.5,uniform,3,300,8,1436,sha256:9cdea380f86af0e6646917379e40b62022e86666c073f0d52fa54a3584ef6ea8,51,1024,1,0,8,2,c00 c02 c03,c00 c02 c03,c00 c03 c06
main|shymkent_school|nc10|np25|br0.5|uniform|ms3|r300|s9,main,shymkent_school,10,25,0.5,uniform,3,300,9,1189,sha256:5dddb5a8f7572d7c4568277374c15c44ed3e08842d89f2962a819ece4bd9d9bd,90,1024,1,0,9,1,c02 c03 c08,c02 c03 c08,c02 c03 c08
main|shymkent_school|nc10|np25|br0.5|random_1_100|ms3|r300|s0,main,shymkent_school,10,25,0.5,random_1_100,3,300,0,1476,sha256:32c6fea04fe1d897b1afd14d9fa7a72d27dc9c8c146ee3d9db88b2302f4ebd97,57,1024,1,0,15,2,c01 c03 c04,c01 c03 c04,c01 c04 c06
main|shymkent_school|nc10|np25|br0.5|random_1_100|ms3|r300|s1,main,shymkent_school,10,25,0.5,random_1_100,3,300,1,1382,sha256:90557ab6dedc2c9b25189e4d4654b1554c5c3a73d8169b635f29b3e380075b17,68,1024,1,0,7,1,c00 c01 c06,c00 c01 c06,c00 c01 c06
main|shymkent_school|nc10|np25|br0.5|random_1_100|ms3|r300|s2,main,shymkent_school,10,25,0.5,random_1_100,3,300,2,1217,sha256:559101a1d74741e64938b14138edad25490364fe793c3f185d0c35170525bc5d,100,1024,1,0,7,1,c00 c04 c07,c00 c04 c07,c00 c04 c07
main|shymkent_school|nc10|np25|br0.5|random_1_100|ms3|r300|s3,main,shymkent_school,10,25,0.5,random_1_100,3,300,3,1165,sha256:6cdb4cbef07f5c602588c2fbff83deab156f6d02ba1ff5bf392538243855a6f4,81,1024,1,0,10,1,c02 c03 c08,c02 c03 c08,c02 c03 c08
main|shymkent_school|nc10|np25|br0.5|random_1_100|ms3|r300|s4,main,shymkent_school,10,25,0.5,random_1_100,3,300,4,1271,sha256:21461a942d23844a7b86062688b18fdac9b71d91fc082e971668dfd3efaa51ef,68,1024,1,0,7,1,c04 c07 c09,c04 c07 c09,c04 c07 c09
main|shymkent_school|nc10|np25|br0.5|random_1_100|ms3|r300|s5,main,shymkent_school,10,25,0.5,random_1_100,3,300,5,1115,sha256:5419bfa0f6043c084bc81a21cd3113effd7aebf784ca3d4b9de3c357c41bed78,45,1024,1,0,6,1,c01 c04,c01 c04,c01 c04
main|shymkent_school|nc10|np25|br0.5|random_1_100|ms3|r300|s6,main,shymkent_school,10,25,0.5,random_1_100,3,300,6,1216,sha256:7920dd9cda42e8f9293787ec3faf338f126048ba078d3ddfd320c39c88eb6cca,63,1024,1,0,7,2,c04 c06 c07,c04 c06 c07,c00 c06 c09
main|shymkent_school|nc10|np25|br0.5|random_1_100|ms3|r300|s7,main,shymkent_school,10,25,0.5,random_1_100,3,300,7,1255,sha256:5171f025b05a893d905dcc09eb43cc35d626ea99d718e5a92d0540191413061d,97,1024,1,0,13,3,c03 c08,c03 c05 c09,c05 c08
main|shymkent_school|nc10|np25|br0.5|random_1_100|ms3|r300|s8,main,shymkent_school,10,25,0.5,random_1_100,3,300,8,1436,sha256:cfd5df76a472e3edca6923f30aeca27af149c884c749e272b6dd8813d8269c6f,51,1024,1,0,8,2,c00 c02 c03,c00 c02 c03,c00 c03 c06
main|shymkent_school|nc10|np25|br0.5|random_1_100|ms3|r300|s9,main,shymkent_school,10,25,0.5,random_1_100,3,300,9,1189,sha256:1d00ec6d139b559167b40c97f2640dbb3da5835c560422ae3796c838dbe7190b,90,1024,1,0,9,1,c02 c03 c08,c02 c03 c08,c02 c03 c08
main|shymkent_school|nc10|np25|br0.5|one_heavy|ms3|r300|s0,main,shymkent_school,10,25,0.5,one_heavy,3,300,0,1476,sha256:4e69c8697198b3f58dc1705d180b8ac4bf477c429cb7ae960fcbb4cbb3c91a59,57,1024,1,0,11,1,c01 c04 c06,c01 c04 c06,c01 c04 c06
main|shymkent_school|nc10|np25|br0.5|one_heavy|ms3|r300|s1,main,shymkent_school,10,25,0.5,one_heavy,3,300,1,1382,sha256:e5b99dde04e9aac89800073a6facd08555cdfe853426c7fc77f143a22aa1e1cd,68,1024,1,0,5,1,c00 c01 c06,c00 c01 c06,c00 c01 c06
main|shymkent_school|nc10|np25|br0.5|one_heavy|ms3|r300|s2,main,shymkent_school,10,25,0.5,one_heavy,3,300,2,1217,sha256:0a5f8bae99ad7baf60ff3f3031eafb9cfc7fc5dfe55f196f3e51e131d956beea,100,1024,1,0,9,1,c00 c04 c07,c00 c04 c07,c00 c04 c07
main|shymkent_school|nc10|np25|br0.5|one_heavy|ms3|r300|s3,main,shymkent_school,10,25,0.5,one_heavy,3,300,3,1165,sha256:66e0a6aa779308e42b9b194fdb93e4e05263e595e4d128ca3ba84bdfdb46d9b1,81,1024,1,0,12,1,c02 c03 c08,c02 c03 c08,c02 c03 c08
main|shymkent_school|nc10|np25|br0.5|one_heavy|ms3|r300|s4,main,shymkent_school,10,25,0.5,one_heavy,3,300,4,1271,sha256:63486157f1c2dc851cab9fa50aa8a1677e7a416493e011ff788472bb388d2077,68,1024,1,0,6,2,c02 c07,c04 c07 c09,c02 c07
main|shymkent_school|nc10|np25|br0.5|one_heavy|ms3|r300|s5,main,shymkent_school,10,25,0.5,one_heavy,3,300,5,1115,sha256:ed826230d7d3b79d7f43e0c52276ac63e0c9da6ee2340134b0db68ee2ebeeb19,45,1024,1,0,8,2,c02 c04,c01 c04,c01 c04
main|shymkent_school|nc10|np25|br0.5|one_heavy|ms3|r300|s6,main,shymkent_school,10,25,0.5,one_heavy,3,300,6,1216,sha256:13bec56e85b8b3312c11278c4f0ab96b3d22819f509f36b9cc30296c3cb9927b,63,1024,1,0,8,2,c02 c06 c09,c02 c06 c09,c00 c06 c09
main|shymkent_school|nc10|np25|br0.5|one_heavy|ms3|r300|s7,main,shymkent_school,10,25,0.5,one_heavy,3,300,7,1255,sha256:dcdd7ac2321b2d03d9f7ce82e63d4c7ae0fb91c91b920f5969a2762c05fa335d,97,1024,1,0,8,2,c05 c07 c09,c05 c07 c09,c05 c08
main|shymkent_school|nc10|np25|br0.5|one_heavy|ms3|r300|s8,main,shymkent_school,10,25,0.5,one_heavy,3,300,8,1436,sha256:4152bbc01ab60cd0f7c4d9b53687b112747d378b00857f921aabc538aa368fe1,51,1024,1,0,10,1,c02 c04,c02 c04,c02 c04
main|shymkent_school|nc10|np25|br0.5|one_heavy|ms3|r300|s9,main,shymkent_school,10,25,0.5,one_heavy,3,300,9,1189,sha256:056b79037f9dc013fde68b9b2b0488e240c46fca1fe22a220b62cb3e75226259,90,1024,1,0,9,1,c02 c03 c08,c02 c03 c08,c02 c03 c08
main|shymkent_school|nc10|np25|br0.75|uniform|ms3|r300|s0,main,shymkent_school,10,25,0.75,uniform,3,300,0,2214,sha256:9dd14b9fff17a79afbb87f97c39d7a2dd45a1d6bce4bf7e4d0a319f9e3b8be98,137,1024,1,0,15,1,c01 c04 c07,c01 c04 c07,c01 c04 c07
main|shymkent_school|nc10|np25|br0.75|uniform|ms3|r300|s1,main,shymkent_school,10,25,0.75,uniform,3,300,1,2073,sha256:44e842f670c4f8895696ea41a499ba84055fe3a7d672ba196a6d12e4a0c113a0,147,1024,1,0,5,1,c00 c01 c06,c00 c01 c06,c00 c01 c06
main|shymkent_school|nc10|np25|br0.75|uniform|ms3|r300|s2,main,shymkent_school,10,25,0.75,uniform,3,300,2,1825,sha256:ddaa461946176ca49ab900abc0da8ddfc07d392b6e9ab3b771453a01202f126e,161,1024,1,0,6,1,c00 c04 c07,c00 c04 c07,c00 c04 c07
main|shymkent_school|nc10|np25|br0.75|uniform|ms3|r300|s3,main,shymkent_school,10,25,0.75,uniform,3,300,3,1747,sha256:81f5a6896541c9f30018c2ae0ea990fa4445ff199d8b497949b1ea5f33652719,153,1024,1,0,7,1,c02 c03 c08,c02 c03 c08,c02 c03 c08
main|shymkent_school|nc10|np25|br0.75|uniform|ms3|r300|s4,main,shymkent_school,10,25,0.75,uniform,3,300,4,1906,sha256:d8c491fe7fb857da580c217f36ab18534d6fa6d8cf5bd4242053861d36273d3b,149,1024,1,0,7,2,c01 c07 c09,c04 c07 c09,c01 c07 c09
main|shymkent_school|nc10|np25|br0.75|uniform|ms3|r300|s5,main,shymkent_school,10,25,0.75,uniform,3,300,5,1673,sha256:4a627fa354bd10b14fc20bec02666bbb689e1b08f2b772bdc1fd276a09527487,137,1024,1,0,12,2,c02 c04 c05,c01 c04 c05,c01 c04 c05
main|shymkent_school|nc10|np25|br0.75|uniform|ms3|r300|s6,main,shymkent_school,10,25,0.75,uniform,3,300,6,1824,sha256:a2c31aafc86fd35253e50e7d6b672f2d35e5a55cbbb13920880564cbf026acea,142,1024,1,0,13,1,c00 c02 c06,c00 c02 c06,c00 c02 c06
main|shymkent_school|nc10|np25|br0.75|uniform|ms3|r300|s7,main,shymkent_school,10,25,0.75,uniform,3,300,7,1883,sha256:5cf740062e1b7d06879845780822b6bb6fb9baf5891b1298f4bd05e36091117a,159,1024,1,0,13,1,c05 c08 c09,c05 c08 c09,c05 c08 c09
main|shymkent_school|nc10|np25|br0.75|uniform|ms3|r300|s8,main,shymkent_school,10,25,0.75,uniform,3,300,8,2154,sha256:f3c6440fffd0e2df6792f22aa69d573908fb06b714e7997e3969c482b694c215,135,1024,1,0,11,1,c00 c02 c06,c00 c02 c06,c00 c02 c06
main|shymkent_school|nc10|np25|br0.75|uniform|ms3|r300|s9,main,shymkent_school,10,25,0.75,uniform,3,300,9,1784,sha256:3050d30bcfcd3a72080f9eee3995411d6abae0e76ca3d6291679199b27fe09b5,157,1024,1,0,10,2,c02 c05 c08,c02 c05 c08,c02 c03 c08
main|shymkent_school|nc10|np25|br0.75|random_1_100|ms3|r300|s0,main,shymkent_school,10,25,0.75,random_1_100,3,300,0,2214,sha256:335f0577d0d92b2b33e18d090bdd0d6d1c6f76a6ee32800df9abb04282f6b237,137,1024,1,0,19,2,c01 c04 c07,c01 c04 c07,c01 c06 c07
main|shymkent_school|nc10|np25|br0.75|random_1_100|ms3|r300|s1,main,shymkent_school,10,25,0.75,random_1_100,3,300,1,2073,sha256:e1eee7317bb19d6a4122bd866b6c7e65c23a8eb1c81eae31f9754816a4a1553d,147,1024,1,0,7,1,c00 c01 c06,c00 c01 c06,c00 c01 c06
main|shymkent_school|nc10|np25|br0.75|random_1_100|ms3|r300|s2,main,shymkent_school,10,25,0.75,random_1_100,3,300,2,1825,sha256:7ae7ae9ab55289d27651876316e265e6e1ef6fc8d40c102ef0cf66abb984182b,161,1024,1,0,8,3,c00 c03 c07,c00 c04 c07,c00 c07 c09
main|shymkent_school|nc10|np25|br0.75|random_1_100|ms3|r300|s3,main,shymkent_school,10,25,0.75,random_1_100,3,300,3,1747,sha256:af8a9a0f63e175b56d335fab62d08acc2e5a3d9c2c993c5054d79ca3751015d7,153,1024,1,0,12,1,c02 c08 c09,c02 c08 c09,c02 c08 c09
main|shymkent_school|nc10|np25|br0.75|random_1_100|ms3|r300|s4,main,shymkent_school,10,25,0.75,random_1_100,3,300,4,1906,sha256:e4e723a0dda90e25c73c9f0edb78038b33f584ce1e254af510f0636984ebe273,149,1024,1,0,8,2,c01 c07 c09,c01 c04 c07,c01 c07 c09
main|shymkent_school|nc10|np25|br0.75|random_1_100|ms3|r300|s5,main,shymkent_school,10,25,0.75,random_1_100,3,300,5,1673,sha256:810a8c8fe7fe8f7915fe6ac9fc8b96c7e7eaf1c4c3b1cfca805b5bb38a8c932a,137,1024,1,0,8,1,c01 c04 c05,c01 c04 c05,c01 c04 c05
main|shymkent_school|nc10|np25|br0.75|random_1_100|ms3|r300|s6,main,shymkent_school,10,25,0.75,random_1_100,3,300,6,1824,sha256:03aee7ff4f7fa82d9278e3bfe7378726490fa16b5f24de5d725f67c04195f300,142,1024,1,0,8,1,c00 c06 c07,c00 c06 c07,c00 c06 c07
main|shymkent_school|nc10|np25|br0.75|random_1_100|ms3|r300|s7,main,shymkent_school,10,25,0.75,random_1_100,3,300,7,1883,sha256:aad7d96ba7e1986131ea7e6ea36bb1e64728ee20e8bb46b44eb28d6afa1a92d3,159,1024,1,0,16,2,c03 c06 c08,c05 c08 c09,c05 c08 c09
main|shymkent_school|nc10|np25|br0.75|random_1_100|ms3|r300|s8,main,shymkent_school,10,25,0.75,random_1_100,3,300,8,2154,sha256:d91a04003294ed6f0d79955f77a03c7ab7b2752d5025389fba9f77469a6e81b3,135,1024,1,0,11,2,c00 c02 c06,c00 c02 c06,c00 c04 c06
main|shymkent_school|nc10|np25|br0.75|random_1_100|ms3|r300|s9,main,shymkent_school,10,25,0.75,random_1_100,3,300,9,1784,sha256:f718cdcf1af83b4746056215febaf02e11777fe16f61705c6df3ca6ec4c8e7b7,157,1024,1,0,9,1,c02 c03 c08,c02 c03 c08,c02 c03 c08
main|shymkent_school|nc10|np25|br0.75|one_heavy|ms3|r300|s0,main,shymkent_school,10,25,0.75,one_heavy,3,300,0,2214,sha256:6a3d7fffb744807f5c8307950d7856664ccc4d7df3bc65b3d4e66c7f10ae126e,137,1024,1,0,15,1,c01 c04 c07,c01 c04 c07,c01 c04 c07
main|shymkent_school|nc10|np25|br0.75|one_heavy|ms3|r300|s1,main,shymkent_school,10,25,0.75,one_heavy,3,300,1,2073,sha256:a61b9e1a284797be3fb327748cae052aa7a58403bbc47039883656181fd0c954,147,1024,1,0,5,1,c00 c01 c06,c00 c01 c06,c00 c01 c06
main|shymkent_school|nc10|np25|br0.75|one_heavy|ms3|r300|s2,main,shymkent_school,10,25,0.75,one_heavy,3,300,2,1825,sha256:ee490939b000aa145d2ad6591c5024bdb30ec434c64933638ed0a5adcc59faf4,161,1024,1,0,9,1,c00 c04 c07,c00 c04 c07,c00 c04 c07
main|shymkent_school|nc10|np25|br0.75|one_heavy|ms3|r300|s3,main,shymkent_school,10,25,0.75,one_heavy,3,300,3,1747,sha256:295f02c14d670e7982cd7289b1723d325e96bf7f99b913d3ec002bff40375ab8,153,1024,1,0,12,1,c02 c03 c08,c02 c03 c08,c02 c03 c08
main|shymkent_school|nc10|np25|br0.75|one_heavy|ms3|r300|s4,main,shymkent_school,10,25,0.75,one_heavy,3,300,4,1906,sha256:21117a14b93d1d828aa1777e2263f5c83f2d934e9b9a26eb824ce90f554378fc,149,1024,1,0,7,2,c02 c07 c09,c02 c04 c07,c02 c07 c09
main|shymkent_school|nc10|np25|br0.75|one_heavy|ms3|r300|s5,main,shymkent_school,10,25,0.75,one_heavy,3,300,5,1673,sha256:e69d62e516cd2f5cb4c1c449cf531a203a6d084b2d8dff7a343ff869823c6bda,137,1024,1,0,12,2,c02 c04 c05,c01 c04 c05,c01 c04 c05
main|shymkent_school|nc10|np25|br0.75|one_heavy|ms3|r300|s6,main,shymkent_school,10,25,0.75,one_heavy,3,300,6,1824,sha256:be5a879c37767fa39e8d781fc97bc62fef6c650c69e0fbb5adaa40f47f50df2a,142,1024,1,0,12,1,c00 c02 c06,c00 c02 c06,c00 c02 c06
main|shymkent_school|nc10|np25|br0.75|one_heavy|ms3|r300|s7,main,shymkent_school,10,25,0.75,one_heavy,3,300,7,1883,sha256:602561391c8e8bfa4c214c88df51b8b51eb7c7e4655e85d18d9bccd64acc5c5b,159,1024,1,0,13,1,c05 c08 c09,c05 c08 c09,c05 c08 c09
main|shymkent_school|nc10|np25|br0.75|one_heavy|ms3|r300|s8,main,shymkent_school,10,25,0.75,one_heavy,3,300,8,2154,sha256:a7016ae995861aea58cfb90f6e27cfd4c22153a00647a7b12e753587771a4442,135,1024,1,0,12,3,c00 c02 c04,c00 c02 c06,c00 c04 c06
main|shymkent_school|nc10|np25|br0.75|one_heavy|ms3|r300|s9,main,shymkent_school,10,25,0.75,one_heavy,3,300,9,1784,sha256:6e7a18644f8885a99bd75415338a8f087e905fd29288b92e4bd0b587174368e3,157,1024,1,0,10,2,c02 c05 c08,c02 c05 c08,c02 c03 c08
main|shymkent_school|nc10|np25|br1.0|uniform|ms3|r300|s0,main,shymkent_school,10,25,1.0,uniform,3,300,0,2953,sha256:0ed335deb463ff566852bfaf0a7a7ace573ce24f6785990f79c980bf007b022b,176,1024,0,0,15,1,c01 c04 c07,c01 c04 c07,c01 c04 c07
main|shymkent_school|nc10|np25|br1.0|uniform|ms3|r300|s1,main,shymkent_school,10,25,1.0,uniform,3,300,1,2764,sha256:07df7b0790fb6ab14fa7f41af1d85c6746c18e9e67e4998a7928cf0be8485c7b,176,1024,0,0,5,1,c00 c01 c06,c00 c01 c06,c00 c01 c06
main|shymkent_school|nc10|np25|br1.0|uniform|ms3|r300|s2,main,shymkent_school,10,25,1.0,uniform,3,300,2,2434,sha256:d7748135729c6e962344c7f15a8fb88633620613e4db9394888595e30eddbd9a,176,1024,0,0,6,1,c00 c04 c07,c00 c04 c07,c00 c04 c07
main|shymkent_school|nc10|np25|br1.0|uniform|ms3|r300|s3,main,shymkent_school,10,25,1.0,uniform,3,300,3,2330,sha256:f5b63bc00d490799e888c867318cb7da5e7fe397947c74e94881fde5dab2518e,176,1024,0,0,7,1,c02 c03 c08,c02 c03 c08,c02 c03 c08
main|shymkent_school|nc10|np25|br1.0|uniform|ms3|r300|s4,main,shymkent_school,10,25,1.0,uniform,3,300,4,2542,sha256:f4bb8c8fce5b859a670d932b8f5c95353d79d04ca4a2f08db28d7667f752e4c9,176,1024,0,0,7,2,c01 c07 c09,c04 c07 c09,c01 c07 c09
main|shymkent_school|nc10|np25|br1.0|uniform|ms3|r300|s5,main,shymkent_school,10,25,1.0,uniform,3,300,5,2231,sha256:c5e334787947a6044f6358f6a49c74a66cc34f1cd36ce38dc969fafd146be71f,176,1024,0,0,12,2,c02 c04 c05,c01 c04 c05,c01 c04 c05
main|shymkent_school|nc10|np25|br1.0|uniform|ms3|r300|s6,main,shymkent_school,10,25,1.0,uniform,3,300,6,2432,sha256:0ccd308ead311b94dd7df56ce2801835bfb07a363456d8a208efce9805127ecb,176,1024,0,0,13,1,c00 c02 c06,c00 c02 c06,c00 c02 c06
main|shymkent_school|nc10|np25|br1.0|uniform|ms3|r300|s7,main,shymkent_school,10,25,1.0,uniform,3,300,7,2511,sha256:04c353bbe17bc6c729dd8159ceca895e4db0b75cb275778b34ffb894f600389f,176,1024,0,0,13,1,c05 c08 c09,c05 c08 c09,c05 c08 c09
main|shymkent_school|nc10|np25|br1.0|uniform|ms3|r300|s8,main,shymkent_school,10,25,1.0,uniform,3,300,8,2873,sha256:ef3783bb7682c0e77cfe85929f9303a4e88c1b3673265b46bc429179cd04bf33,176,1024,0,0,11,1,c00 c02 c06,c00 c02 c06,c00 c02 c06
main|shymkent_school|nc10|np25|br1.0|uniform|ms3|r300|s9,main,shymkent_school,10,25,1.0,uniform,3,300,9,2379,sha256:13ed4e5af852ebb2df08d548e5897051991f223a329b737cb3c24685594bea36,176,1024,0,0,10,2,c02 c05 c08,c02 c05 c08,c02 c03 c08
main|shymkent_school|nc10|np25|br1.0|random_1_100|ms3|r300|s0,main,shymkent_school,10,25,1.0,random_1_100,3,300,0,2953,sha256:63cdae4707ee55c6c4fe0a0804c2a7338bb9ad2824ad5badcca7c57e4d2f70bc,176,1024,0,0,19,2,c01 c04 c07,c01 c04 c07,c01 c02 c07
main|shymkent_school|nc10|np25|br1.0|random_1_100|ms3|r300|s1,main,shymkent_school,10,25,1.0,random_1_100,3,300,1,2764,sha256:c77da990025c29bc6f4e3aaf7e02bf04e817170d8a38e3c18bcf22e024718627,176,1024,0,0,7,1,c00 c01 c06,c00 c01 c06,c00 c01 c06
main|shymkent_school|nc10|np25|br1.0|random_1_100|ms3|r300|s2,main,shymkent_school,10,25,1.0,random_1_100,3,300,2,2434,sha256:d991782f9f271c11a96ae9babe9f8a3c8aee5edc9fdd60f646521ac7066c237a,176,1024,0,0,8,3,c00 c03 c07,c00 c04 c07,c00 c07 c09
main|shymkent_school|nc10|np25|br1.0|random_1_100|ms3|r300|s3,main,shymkent_school,10,25,1.0,random_1_100,3,300,3,2330,sha256:0f1c530b08cf4828b0470c02d56c8f25b1469eb7f34e04c04900b87893b7374a,176,1024,0,0,12,1,c02 c08 c09,c02 c08 c09,c02 c08 c09
main|shymkent_school|nc10|np25|br1.0|random_1_100|ms3|r300|s4,main,shymkent_school,10,25,1.0,random_1_100,3,300,4,2542,sha256:ae63519e4abed18c95369fe0ced318d04fa69e3fcc190c63c7a13d38c3b79d86,176,1024,0,0,8,2,c01 c07 c09,c01 c04 c07,c01 c07 c09
main|shymkent_school|nc10|np25|br1.0|random_1_100|ms3|r300|s5,main,shymkent_school,10,25,1.0,random_1_100,3,300,5,2231,sha256:4b34a19c74cf0db4d13c05c9ccb265ea0400148941555d45868ed37ad616726f,176,1024,0,0,9,1,c01 c04 c09,c01 c04 c09,c01 c04 c09
main|shymkent_school|nc10|np25|br1.0|random_1_100|ms3|r300|s6,main,shymkent_school,10,25,1.0,random_1_100,3,300,6,2432,sha256:023bd040930dba5bf7065edb6ea521c33d5258891f0393f4002b7c72911f62ac,176,1024,0,0,8,1,c00 c06 c07,c00 c06 c07,c00 c06 c07
main|shymkent_school|nc10|np25|br1.0|random_1_100|ms3|r300|s7,main,shymkent_school,10,25,1.0,random_1_100,3,300,7,2511,sha256:a79ba23280f11336c549abac1e1ed5ca32bfdc5b6e8cbde87095ba9784d3d67f,176,1024,0,0,17,2,c03 c08 c09,c03 c08 c09,c05 c08 c09
main|shymkent_school|nc10|np25|br1.0|random_1_100|ms3|r300|s8,main,shymkent_school,10,25,1.0,random_1_100,3,300,8,2873,sha256:e56c4e0a2a1a930f1d6f0f77bec2a41fa1360eb09bb25c4d76a6ba3af0561ea9,176,1024,0,0,11,2,c00 c02 c06,c00 c02 c06,c00 c04 c06
main|shymkent_school|nc10|np25|br1.0|random_1_100|ms3|r300|s9,main,shymkent_school,10,25,1.0,random_1_100,3,300,9,2379,sha256:0693a8a37fac1ea918c05ed37b39fbb857e8b6b6cad24afae8cad0da071dfd5e,176,1024,0,0,9,1,c02 c03 c08,c02 c03 c08,c02 c03 c08
main|shymkent_school|nc10|np25|br1.0|one_heavy|ms3|r300|s0,main,shymkent_school,10,25,1.0,one_heavy,3,300,0,2953,sha256:267590a043c1033f9cc442908a2d477d41b59c8cf446a9ca10a5d436c6472124,176,1024,0,0,15,1,c01 c04 c07,c01 c04 c07,c01 c04 c07
main|shymkent_school|nc10|np25|br1.0|one_heavy|ms3|r300|s1,main,shymkent_school,10,25,1.0,one_heavy,3,300,1,2764,sha256:7917bb880ae5791b5840981ef2e4c846bee2caa83b6e0ab199b6fcad7c0583ed,176,1024,0,0,5,1,c00 c01 c06,c00 c01 c06,c00 c01 c06
main|shymkent_school|nc10|np25|br1.0|one_heavy|ms3|r300|s2,main,shymkent_school,10,25,1.0,one_heavy,3,300,2,2434,sha256:506344ad3cb3078b87ebe356fac56f1227496f3a50eeb010ad5805a8bac9147f,176,1024,0,0,9,1,c00 c04 c07,c00 c04 c07,c00 c04 c07
main|shymkent_school|nc10|np25|br1.0|one_heavy|ms3|r300|s3,main,shymkent_school,10,25,1.0,one_heavy,3,300,3,2330,sha256:4b57d98d1e6eb7e2bfa9cd6e0ea3a8e8de3e22928318d46771dd983f8e6a9c56,176,1024,0,0,12,1,c02 c03 c08,c02 c03 c08,c02 c03 c08
main|shymkent_school|nc10|np25|br1.0|one_heavy|ms3|r300|s4,main,shymkent_school,10,25,1.0,one_heavy,3,300,4,2542,sha256:99d201e93f30c7037d8cda0541e2c0efb1cf7ef5aa867531984099fb5a0d08ae,176,1024,0,0,7,2,c02 c07 c09,c02 c04 c07,c02 c07 c09
main|shymkent_school|nc10|np25|br1.0|one_heavy|ms3|r300|s5,main,shymkent_school,10,25,1.0,one_heavy,3,300,5,2231,sha256:d023f63a71b95da4babf5ac15b8ee52351d5e0a4f98107f24f0772c45c382a46,176,1024,0,0,12,2,c02 c04 c05,c01 c04 c05,c01 c04 c05
main|shymkent_school|nc10|np25|br1.0|one_heavy|ms3|r300|s6,main,shymkent_school,10,25,1.0,one_heavy,3,300,6,2432,sha256:b1ca125cac7a55ee2e6d9c05c5c47fe7b86257bd7f64fad8071d9087e00230eb,176,1024,0,0,12,1,c00 c02 c06,c00 c02 c06,c00 c02 c06
main|shymkent_school|nc10|np25|br1.0|one_heavy|ms3|r300|s7,main,shymkent_school,10,25,1.0,one_heavy,3,300,7,2511,sha256:f783550a56461a011af0a6b95facce270e7532b876c78690bb7527531828738b,176,1024,0,0,13,1,c05 c08 c09,c05 c08 c09,c05 c08 c09
main|shymkent_school|nc10|np25|br1.0|one_heavy|ms3|r300|s8,main,shymkent_school,10,25,1.0,one_heavy,3,300,8,2873,sha256:723edb0a56ccd45304f9d17fe006ab0c3d397d36fb3886e27aba7ced27afc755,176,1024,0,0,13,1,c02 c04 c06,c02 c04 c06,c02 c04 c06
main|shymkent_school|nc10|np25|br1.0|one_heavy|ms3|r300|s9,main,shymkent_school,10,25,1.0,one_heavy,3,300,9,2379,sha256:5f37551b1ba9ba7adcfd90e964dd0041a2e8c7c253b986368036e8cf7aeb0fd2,176,1024,0,0,10,2,c02 c05 c08,c02 c05 c08,c02 c03 c08
main|shymkent_school|nc16|np5|br0.25|uniform|ms3|r300|s0,main,shymkent_school,16,5,0.25,uniform,3,300,0,738,sha256:21babd3c76d4c40786ca6e143ea54e311caf7a20eefdd5743b3f8915c84dd9e2,43,65536,1,0,5,2,c13 c14,c10 c13,c13 c14
main|shymkent_school|nc16|np5|br0.25|uniform|ms3|r300|s1,main,shymkent_school,16,5,0.25,uniform,3,300,1,735,sha256:c4d3e7e6f408320f82a433db9003ba8c305e2820b2634aab9d621c4f2abac61c,22,65536,1,0,2,1,c00,c00,c00
main|shymkent_school|nc16|np5|br0.25|uniform|ms3|r300|s2,main,shymkent_school,16,5,0.25,uniform,3,300,2,641,sha256:dcf46157a1c0b65586498d5bf36fcf042bc81965c6ad3a3cf5e7b83915d9a041,54,65536,1,0,3,1,c10,c10,c10
main|shymkent_school|nc16|np5|br0.25|uniform|ms3|r300|s3,main,shymkent_school,16,5,0.25,uniform,3,300,3,642,sha256:07bf762fb8099c70a8c49730fbdc4a91b72fc24686c2b87b5f0dbf03027ece55,55,65536,1,0,3,1,c02 c04,c02 c04,c02 c04
main|shymkent_school|nc16|np5|br0.25|uniform|ms3|r300|s4,main,shymkent_school,16,5,0.25,uniform,3,300,4,661,sha256:f0c1a3fbb8ad07f68dc0eecc6dcc847e3fdb743f9e1474577f1cfb698d6be801,21,65536,1,0,5,2,c07,c04,c07
main|shymkent_school|nc16|np5|br0.25|uniform|ms3|r300|s5,main,shymkent_school,16,5,0.25,uniform,3,300,5,607,sha256:0c8d9c0ed415fc0fe2e3f3d18d025f95eb2fa82eede0c677e65353fda981797a,21,65536,1,0,3,1,c01,c01,c01
main|shymkent_school|nc16|np5|br0.25|uniform|ms3|r300|s6,main,shymkent_school,16,5,0.25,uniform,3,300,6,677,sha256:628e511b1c12ff83fe7a2e6a2eddcfcd386a68264c24ca52730fa902281019ed,22,65536,1,0,1,1,,,
main|shymkent_school|nc16|np5|br0.25|uniform|ms3|r300|s7,main,shymkent_school,16,5,0.25,uniform,3,300,7,704,sha256:7f5de740f04adf9cfd093aa2b14935001ab78c37c948392d90b9e12142e319b1,46,65536,1,0,4,1,c03 c13,c03 c13,c03 c13
main|shymkent_school|nc16|np5|br0.25|uniform|ms3|r300|s8,main,shymkent_school,16,5,0.25,uniform,3,300,8,718,sha256:d76e6f6f6004b54cd2e0df6b29851daf4e42520dbc4a291ccffc3615204320ae,26,65536,1,0,5,3,c00 c14,c11 c14,c00 c11
main|shymkent_school|nc16|np5|br0.25|uniform|ms3|r300|s9,main,shymkent_school,16,5,0.25,uniform,3,300,9,626,sha256:3050bc1cd8f54bd7cd120dbce7a743ba7abaf9023096df3146caa6366e13e7d0,98,65536,1,0,2,1,c13,c13,c13
main|shymkent_school|nc16|np5|br0.25|random_1_100|ms3|r300|s0,main,shymkent_school,16,5,0.25,random_1_100,3,300,0,738,sha256:b41218537e1d38f63a380b758df279ef2e71667626ed15f803464f248319b45f,43,65536,1,0,7,1,c10 c13,c10 c13,c10 c13
main|shymkent_school|nc16|np5|br0.25|random_1_100|ms3|r300|s1,main,shymkent_school,16,5,0.25,random_1_100,3,300,1,735,sha256:182ee5f65896a3365adfc79cc35bf180cc0be2d80bcb9147655fa8baa6261453,22,65536,1,0,2,1,c00,c00,c00
main|shymkent_school|nc16|np5|br0.25|random_1_100|ms3|r300|s2,main,shymkent_school,16,5,0.25,random_1_100,3,300,2,641,sha256:5dd966d84bb37d3d7a9eb20cd96689e5b51a96deb9cad7caa5ea55c3c769162c,54,65536,1,0,3,1,c10,c10,c10
main|shymkent_school|nc16|np5|br0.25|random_1_100|ms3|r300|s3,main,shymkent_school,16,5,0.25,random_1_100,3,300,3,642,sha256:a4011330060d3911e9ef8b1ae9fab52e662980cd20a04de82b757665974876d6,55,65536,1,0,3,1,c02 c04,c02 c04,c02 c04
main|shymkent_school|nc16|np5|br0.25|random_1_100|ms3|r300|s4,main,shymkent_school,16,5,0.25,random_1_100,3,300,4,661,sha256:3397f390f2a1fee813a4d4dd97dff27ea702ae70c495c9f4b73fab1aec3c1be4,21,65536,1,0,5,2,c07,c04,c07
main|shymkent_school|nc16|np5|br0.25|random_1_100|ms3|r300|s5,main,shymkent_school,16,5,0.25,random_1_100,3,300,5,607,sha256:4d4a4b3cd911fd70f1dd350a1ca6a52d6a42554daa9122894942d1a631c4a743,21,65536,1,0,3,1,c01,c01,c01
main|shymkent_school|nc16|np5|br0.25|random_1_100|ms3|r300|s6,main,shymkent_school,16,5,0.25,random_1_100,3,300,6,677,sha256:f86e7739483ae90bd7613eee184667498cc0bbb98b2becddda54c455dbc41a29,22,65536,1,0,1,1,,,
main|shymkent_school|nc16|np5|br0.25|random_1_100|ms3|r300|s7,main,shymkent_school,16,5,0.25,random_1_100,3,300,7,704,sha256:075020b664c1dcb057cc19e4e6d999ac78618b152271691556b291ee3676cdd0,46,65536,1,0,4,1,c03 c13,c03 c13,c03 c13
main|shymkent_school|nc16|np5|br0.25|random_1_100|ms3|r300|s8,main,shymkent_school,16,5,0.25,random_1_100,3,300,8,718,sha256:9dc6f5eca39a2191bf5ad745df74c717721fcd2dfec43c47804a79c5662730d6,26,65536,1,0,6,3,c00 c14,c11 c14,c00 c11
main|shymkent_school|nc16|np5|br0.25|random_1_100|ms3|r300|s9,main,shymkent_school,16,5,0.25,random_1_100,3,300,9,626,sha256:6bbbafec5f4cdfa868b7a822d4dc8786825bd5d3755e2714867733a1390eed3f,98,65536,1,0,2,1,c13,c13,c13
main|shymkent_school|nc16|np5|br0.25|one_heavy|ms3|r300|s0,main,shymkent_school,16,5,0.25,one_heavy,3,300,0,738,sha256:8ce491c7241b8b3d7f6b79575d5a4cc3b5df12a9c60a566062baa95e4c3a2cff,43,65536,1,0,6,1,c10 c13,c10 c13,c10 c13
main|shymkent_school|nc16|np5|br0.25|one_heavy|ms3|r300|s1,main,shymkent_school,16,5,0.25,one_heavy,3,300,1,735,sha256:d5cba952eb00667251cbfe8aa6590235507c3168aacffca0313cabef7f19c1d4,22,65536,1,0,2,1,c00,c00,c00
main|shymkent_school|nc16|np5|br0.25|one_heavy|ms3|r300|s2,main,shymkent_school,16,5,0.25,one_heavy,3,300,2,641,sha256:14d1fa1b61566c2766263a96a42bc54db4d25ffc0aeac3e1f7288159c79787a5,54,65536,1,0,3,1,c10,c10,c10
main|shymkent_school|nc16|np5|br0.25|one_heavy|ms3|r300|s3,main,shymkent_school,16,5,0.25,one_heavy,3,300,3,642,sha256:ead2b9bc57b7339b62d8fc6db3548030b487073e18dff49cd81a1ff933e463e6,55,65536,1,0,4,1,c02 c04,c02 c04,c02 c04
main|shymkent_school|nc16|np5|br0.25|one_heavy|ms3|r300|s4,main,shymkent_school,16,5,0.25,one_heavy,3,300,4,661,sha256:833fb28f80cb54ac4a9545f6ae3dc3df638ab8395f8e7ca2e36ecc48ca934496,21,65536,1,0,6,3,c02,c04,c07
main|shymkent_school|nc16|np5|br0.25|one_heavy|ms3|r300|s5,main,shymkent_school,16,5,0.25,one_heavy,3,300,5,607,sha256:897fdf748603f5dabb0a4ae9bea76467e4ab458c07237b3bcd8af8e8cbf3de8c,21,65536,1,0,4,2,c15,c01,c15
main|shymkent_school|nc16|np5|br0.25|one_heavy|ms3|r300|s6,main,shymkent_school,16,5,0.25,one_heavy,3,300,6,677,sha256:b5cc05a7d4fe4e403e98de9785666a1b02f2e0667be45e196ca9fada90ad52cc,22,65536,1,0,1,1,,,
main|shymkent_school|nc16|np5|br0.25|one_heavy|ms3|r300|s7,main,shymkent_school,16,5,0.25,one_heavy,3,300,7,704,sha256:032d042ca5815b7b85e3292e2c0c9a95a7687b999b9bf55f65e0495925e24023,46,65536,1,0,4,1,c03 c13,c03 c13,c03 c13
main|shymkent_school|nc16|np5|br0.25|one_heavy|ms3|r300|s8,main,shymkent_school,16,5,0.25,one_heavy,3,300,8,718,sha256:785e7cbf81a86d7eaa9498566fd50129672444364e62d6e1b82bd49bb8ef36bb,26,65536,1,0,6,2,c04,c11 c14,c04
main|shymkent_school|nc16|np5|br0.25|one_heavy|ms3|r300|s9,main,shymkent_school,16,5,0.25,one_heavy,3,300,9,626,sha256:d2d7459ef9c809d35511c1ae9dae488118c2588a28c6880c659fdc770c5ee8d2,98,65536,1,0,2,1,c13,c13,c13
main|shymkent_school|nc16|np5|br0.5|uniform|ms3|r300|s0,main,shymkent_school,16,5,0.5,uniform,3,300,0,1476,sha256:0b1ed903e1a0e43c35fc1f6a89f9402d67a6d61fbdc14773c57cc43793aff369,272,65536,1,0,9,1,c01 c13 c14,c01 c13 c14,c01 c13 c14
main|shymkent_school|nc16|np5|br0.5|uniform|ms3|r300|s1,main,shymkent_school,16,5,0.5,uniform,3,300,1,1471,sha256:33ab637a7e532b41feac46c0c44bd813ae54bcc1de68a967df3c22920a04ce1a,176,65536,1,0,2,1,c00,c00,c00
main|shymkent_school|nc16|np5|br0.5|uniform|ms3|r300|s2,main,shymkent_school,16,5,0.5,uniform,3,300,2,1282,sha256:ffa028e73fce20947462cf84e225b41e3ea78558f712318ceb5160a34854d845,316,65536,1,0,3,1,c10,c10,c10
main|shymkent_school|nc16|np5|br0.5|uniform|ms3|r300|s3,main,shymkent_school,16,5,0.5,uniform,3,300,3,1285,sha256:ecf5953cefc6f854f2c84eace38c76db5d67ba31dae37706b171e73c3efca231,347,65536,1,0,5,1,c02 c08,c02 c08,c02 c08
main|shymkent_school|nc16|np5|br0.5|uniform|ms3|r300|s4,main,shymkent_school,16,5,0.5,uniform,3,300,4,1323,sha256:36f8594ef75aa4db527d5ab25b698a66770da08b8fc457632b061c223f00db88,203,65536,1,0,7,2,c04 c07,c11,c04 c07
main|shymkent_school|nc16|np5|br0.5|uniform|ms3|r300|s5,main,shymkent_school,16,5,0.5,uniform,3,300,5,1215,sha256:4adc08d4941fef7aa946c23dacde863997a885e12a0266bbc87748ccb02e791c,234,65536,1,0,6,1,c01 c05,c01 c05,c01 c05
main|shymkent_school|nc16|np5|br0.5|uniform|ms3|r300|s6,main,shymkent_school,16,5,0.5,uniform,3,300,6,1355,sha256:7f4e23f39c9a505ea127b2d55ef406064e8a880ceff9de819a0df509eb2cc734,191,65536,1,0,3,1,c15,c15,c15
main|shymkent_school|nc16|np5|br0.5|uniform|ms3|r300|s7,main,shymkent_school,16,5,0.5,uniform,3,300,7,1408,sha256:9d21a99d55d9dacf2012eaa6cc054407e6bf9ce5d3294af15ffc54f1db289b57,291,65536,1,0,7,2,c08 c13,c03 c09 c13,c08 c13
main|shymkent_school|nc16|np5|br0.5|uniform|ms3|r300|s8,main,shymkent_school,16,5,0.5,uniform,3,300,8,1436,sha256:490df7bb5a4054a85d14baaddb145fb828573c8fa599a2e0d1f929d36607c388,195,65536,1,0,8,3,c00 c04 c14,c04 c11 c14,c00 c04 c11
main|shymkent_school|nc16|np5|br0.5|uniform|ms3|r300|s9,main,shymkent_school,16,5,0.5,uniform,3,300,9,1252,sha256:5b38d159ec1e32410e2e6a1f4c5cfbebb71723286e0a64c5f93ac77733083b65,403,65536,1,0,5,1,c08 c13,c08 c13,c08 c13
main|shymkent_school|nc16|np5|br0.5|random_1_100|ms3|r300|s0,main,shymkent_school,16,5,0.5,random_1_100,3,300,0,1476,sha256:169419510472cf3ccc9d4d517c5b61f45e2ce031abc1aaddd5fbaa83bbfe8303,272,65536,1,0,11,2,c01 c13 c14,c01 c13 c14,c01 c10 c13
main|shymkent_school|nc16|np5|br0.5|random_1_100|ms3|r300|s1,main,shymkent_school,16,5,0.5,random_1_100,3,300,1,1471,sha256:3dd681ccdfbd5c4cfb311002337a8abae0b218b5d2f566f31871ec6147e1489b,176,65536,1,0,2,1,c00,c00,c00
main|shymkent_school|nc16|np5|br0.5|random_1_100|ms3|r300|s2,main,shymkent_school,16,5,0.5,random_1_100,3,300,2,1282,sha256:8e592db75850c812250d977f178f3da2bc5aabcc7d9bda35a25c513a3cbabe40,316,65536,1,0,3,2,c10,c10,c04 c07
main|shymkent_school|nc16|np5|br0.5|random_1_100|ms3|r300|s3,main,shymkent_school,16,5,0.5,random_1_100,3,300,3,1285,sha256:f14fdb5bc3ff3a502d5664b5ba552860d18c98ccccff1b5cbd411eeea97b4b07,347,65536,1,0,7,2,c02 c06 c07,c02 c08,c02 c08
main|shymkent_school|nc16|np5|br0.5|random_1_100|ms3|r300|s4,main,shymkent_school,16,5,0.5,random_1_100,3,300,4,1323,sha256:2d807907d285eee463ffb19ea91f84bfe0b763c7800646ba139fa1b9dbc383a6,203,65536,1,0,7,2,c04 c07,c11,c04 c07
main|shymkent_school|nc16|np5|br0.5|random_1_100|ms3|r300|s5,main,shymkent_school,16,5,0.5,random_1_100,3,300,5,1215,sha256:7cf473400a39747045c58fc1bd8891f8705a6ff3889ca07651d9e773f73d4b33,234,65536,1,0,6,1,c01 c05,c01 c05,c01 c05
main|shymkent_school|nc16|np5|br0.5|random_1_100|ms3|r300|s6,main,shymkent_school,16,5,0.5,random_1_100,3,300,6,1355,sha256:21a0ae42ed5152ee985374755300fbe9621feb68dd5af0c8dec2989e14944d9d,191,65536,1,0,4,1,c15,c15,c15
main|shymkent_school|nc16|np5|br0.5|random_1_100|ms3|r300|s7,main,shymkent_school,16,5,0.5,random_1_100,3,300,7,1408,sha256:bacfb148c2e41811e56584e50e0544d851a44fc5ccfb52afa691d0b72aaedf30,291,65536,1,0,8,2,c08 c13,c03 c09 c13,c08 c13
main|shymkent_school|nc16|np5|br0.5|random_1_100|ms3|r300|s8,main,shymkent_school,16,5,0.5,random_1_100,3,300,8,1436,sha256:358413f5dd3b68cd578e61648d8daca05b75ad8b2ed0e98933f4b4df7e5bb63f,195,65536,1,0,9,3,c00 c04 c14,c04 c11 c14,c00 c04 c11
main|shymkent_school|nc16|np5|br0.5|random_1_100|ms3|r300|s9,main,shymkent_school,16,5,0.5,random_1_100,3,300,9,1252,sha256:e4460a0da9b779894e135e7ea97fc01c9ce0fc96429d2744bff00d2c0a862101,403,65536,1,0,4,1,c08 c13,c08 c13,c08 c13
main|shymkent_school|nc16|np5|br0.5|one_heavy|ms3|r300|s0,main,shymkent_school,16,5,0.5,one_heavy,3,300,0,1476,sha256:687567be291dc749fecf9da33f0093fa67c04b582d1efa003d0e1bd5bd6e2584,272,65536,1,0,10,1,c01 c13 c14,c01 c13 c14,c01 c13 c14
main|shymkent_school|nc16|np5|br0.5|one_heavy|ms3|r300|s1,main,shymkent_school,16,5,0.5,one_heavy,3,300,1,1471,sha256:397f5ed023581fc1c1ab6c0b9c1062c8fe1df1da213707849dc16427a26ae33e,176,65536,1,0,2,1,c00,c00,c00
main|shymkent_school|nc16|np5|br0.5|one_heavy|ms3|r300|s2,main,shymkent_school,16,5,0.5,one_heavy,3,300,2,1282,sha256:ca1da6c4f6f9b05d76cbb421e2acf943766e3ad679abcefc20758bebf1f213a3,316,65536,1,0,6,2,c04 c07,c10,c04 c07
main|shymkent_school|nc16|np5|br0.5|one_heavy|ms3|r300|s3,main,shymkent_school,16,5,0.5,one_heavy,3,300,3,1285,sha256:bca7e8904df0ad4f782c9cf1c097608c71d2adabd85582581eddbbcd022d5b05,347,65536,1,0,6,1,c02 c08,c02 c08,c02 c08
main|shymkent_school|nc16|np5|br0.5|one_heavy|ms3|r300|s4,main,shymkent_school,16,5,0.5,one_heavy,3,300,4,1323,sha256:01a8bbc328a1c8d15252f8f30c23693e133b184697712d911ac56c2f95b3c588,203,65536,1,0,10,2,c02 c07,c11,c02 c07
main|shymkent_school|nc16|np5|br0.5|one_heavy|ms3|r300|s5,main,shymkent_school,16,5,0.5,one_heavy,3,300,5,1215,sha256:c427e4d75f0cf9a4fe2e5d7d0cf474f1cc2c92b911e3247114ad665eee1232fe,234,65536,1,0,7,2,c05 c15,c01 c15,c05 c15
main|shymkent_school|nc16|np5|br0.5|one_heavy|ms3|r300|s6,main,shymkent_school,16,5,0.5,one_heavy,3,300,6,1355,sha256:6d86def67c34d3dabd586ff73611307f74323e157cb730728ad8c121fb707c83,191,65536,1,0,3,2,c02,c15,c15
main|shymkent_school|nc16|np5|br0.5|one_heavy|ms3|r300|s7,main,shymkent_school,16,5,0.5,one_heavy,3,300,7,1408,sha256:3ec245c1a41c57343e3fe3dbc2f8da638fa8a488940cd74908bc6975498a2890,291,65536,1,0,8,3,c03 c13 c14,c03 c09 c13,c08 c13
main|shymkent_school|nc16|np5|br0.5|one_heavy|ms3|r300|s8,main,shymkent_school,16,5,0.5,one_heavy,3,300,8,1436,sha256:b40dd24291e1a917bd59f51a8290d9b6631b2b1432df1d1f72a7959433e8f91f,195,65536,1,0,10,3,c00 c04 c14,c04 c11 c14,c00 c04 c11
main|shymkent_school|nc16|np5|br0.5|one_heavy|ms3|r300|s9,main,shymkent_school,16,5,0.5,one_heavy,3,300,9,1252,sha256:e4c567e41275bd4add35028cad109a1c267155410d7d1dfb0558d212c4690d2c,403,65536,1,0,5,1,c08 c13,c08 c13,c08 c13
main|shymkent_school|nc16|np5|br0.75|uniform|ms3|r300|s0,main,shymkent_school,16,5,0.75,uniform,3,300,0,2214,sha256:d6e55b5b9d4332795b44ca82200417a4a0d2735ce8d8e4fe15a598cdcf10883b,598,65536,1,0,10,1,c01 c10 c14,c01 c10 c14,c01 c10 c14
main|shymkent_school|nc16|np5|br0.75|uniform|ms3|r300|s1,main,shymkent_school,16,5,0.75,uniform,3,300,1,2207,sha256:5ffdf2217cae94e1826ad9f516cea1e13ad618697ca8b340f7510a019645eb0f,528,65536,1,0,2,1,c00,c00,c00
main|shymkent_school|nc16|np5|br0.75|uniform|ms3|r300|s2,main,shymkent_school,16,5,0.75,uniform,3,300,2,1923,sha256:b073dfe21ae1ff14df16e6a3325520bdbcada1826c38554dbf8c1e88cd6718ed,612,65536,1,0,6,2,c07 c10,c10 c13,c07 c10
main|shymkent_school|nc16|np5|br0.75|uniform|ms3|r300|s3,main,shymkent_school,16,5,0.75,uniform,3,300,3,1927,sha256:953b5c7b29f2c4e7b98f49824135b54eb8544e7bf5688838eb55928d859a6db8,636,65536,1,0,7,1,c02 c06 c08,c02 c06 c08,c02 c06 c08
main|shymkent_school|nc16|np5|br0.75|uniform|ms3|r300|s4,main,shymkent_school,16,5,0.75,uniform,3,300,4,1984,sha256:e9450d1850a744fccf1bc8f2361258769e3011b0341653bd0ca32c5a0af2557c,584,65536,1,0,8,1,c07 c11,c07 c11,c07 c11
main|shymkent_school|nc16|np5|br0.75|uniform|ms3|r300|s5,main,shymkent_school,16,5,0.75,uniform,3,300,5,1823,sha256:8a67354bcb8a675048fc3b179d4f0f745a410daba0646f371217d9f25a077df1,611,65536,1,0,7,1,c01 c05 c15,c01 c05 c15,c01 c05 c15
main|shymkent_school|nc16|np5|br0.75|uniform|ms3|r300|s6,main,shymkent_school,16,5,0.75,uniform,3,300,6,2033,sha256:1d3bced0fc366319cd64eacfec63a6c69ea52ae0d61d8fae40afdbc6b9d638bb,528,65536,1,0,6,1,c14 c15,c14 c15,c14 c15
main|shymkent_school|nc16|np5|br0.75|uniform|ms3|r300|s7,main,shymkent_school,16,5,0.75,uniform,3,300,7,2112,sha256:40883ff6f3592cd6a3860878c516ce9b51a52d1abb3dca0dd03a3848fc3101f4,607,65536,1,0,10,1,c03 c08 c09,c03 c08 c09,c03 c08 c09
main|shymkent_school|nc16|np5|br0.75|uniform|ms3|r300|s8,main,shymkent_school,16,5,0.75,uniform,3,300,8,2154,sha256:00b3d10e6d1ba4108c4f9a030c41422db04c9de88fe5dc450219471d1f7a0876,541,65536,1,0,8,3,c00 c04 c14,c04 c10 c14,c00 c04 c11
main|shymkent_school|nc16|np5|br0.75|uniform|ms3|r300|s9,main,shymkent_school,16,5,0.75,uniform,3,300,9,1878,sha256:b23060f6c783502c193f3ad939a68a9c9117203f6313296d26740920322d67a8,648,65536,1,0,6,1,c08 c12,c08 c12,c08 c12
main|shymkent_school|nc16|np5|br0.75|random_1_100|ms3|r300|s0,main,shymkent_school,16,5,0.75,random_1_100,3,300,0,2214,sha256:ceb457892ca829c30ca4971d1864a031816b0364b78da5da284672fb26c0a39e,598,65536,1,0,12,1,c01 c10 c14,c01 c10 c14,c01 c10 c14
main|shymkent_school|nc16|np5|br0.75|random_1_100|ms3|r300|s1,main,shymkent_school,16,5,0.75,random_1_100,3,300,1,2207,sha256:310b5e0480f6b1ee7e0ffb4428a9a7bba15793dd6172726ae1bf8342041bae05,528,65536,1,0,2,1,c00,c00,c00
main|shymkent_school|nc16|np5|br0.75|random_1_100|ms3|r300|s2,main,shymkent_school,16,5,0.75,random_1_100,3,300,2,1923,sha256:8a8123f6f533d14882c79cd47e57da9b61f583fedd62dcf92cb6df3ab9b5762c,612,65536,1,0,6,2,c07 c10,c10 c13,c07 c10
main|shymkent_school|nc16|np5|br0.75|random_1_100|ms3|r300|s3,main,shymkent_school,16,5,0.75,random_1_100,3,300,3,1927,sha256:ca9471f7d78c5dc73222ff529779a79ce6ac851878c369a076ea89d761169e30,636,65536,1,0,8,1,c02 c06 c08,c02 c06 c08,c02 c06 c08
main|shymkent_school|nc16|np5|br0.75|random_1_100|ms3|r300|s4,main,shymkent_school,16,5,0.75,random_1_100,3,300,4,1984,sha256:7c7bf23741cab5c86fcd37fd5d4e800f3de25793f23dea5628c51c59a69f64d7,584,65536,1,0,8,1,c07 c11,c07 c11,c07 c11
main|shymkent_school|nc16|np5|br0.75|random_1_100|ms3|r300|s5,main,shymkent_school,16,5,0.75,random_1_100,3,300,5,1823,sha256:70fb38e91450aaedf84268a3cc8bddf0bcdccc105a245fa513b2b2fc7c53f8b7,611,65536,1,0,7,1,c01 c05 c15,c01 c05 c15,c01 c05 c15
main|shymkent_school|nc16|np5|br0.75|random_1_100|ms3|r300|s6,main,shymkent_school,16,5,0.75,random_1_100,3,300,6,2033,sha256:e2a1cb5d250abc375c4ba430f662fcb354016c7b8d51b24750efe7fb42dec7fa,528,65536,1,0,5,1,c14 c15,c14 c15,c14 c15
main|shymkent_school|nc16|np5|br0.75|random_1_100|ms3|r300|s7,main,shymkent_school,16,5,0.75,random_1_100,3,300,7,2112,sha256:a71be1c6a0b5d7d095fba91ad05c8ec87ce2836af452af5ef730f2070777a9eb,607,65536,1,0,11,2,c08 c13 c14,c03 c08 c09,c08 c13 c14
main|shymkent_school|nc16|np5|br0.75|random_1_100|ms3|r300|s8,main,shymkent_school,16,5,0.75,random_1_100,3,300,8,2154,sha256:0ad1e186d873a9d88c35d17b500899f75f31369fd5b96f4ce4fa5b5a7b1ecaad,541,65536,1,0,9,3,c00 c04 c14,c04 c10 c14,c00 c04 c11
main|shymkent_school|nc16|np5|br0.75|random_1_100|ms3|r300|s9,main,shymkent_school,16,5,0.75,random_1_100,3,300,9,1878,sha256:4bb0a996409d345cbafd1a0f2a16e5a261e44b493dffbbc034c2ea5c74ccfd31,648,65536,1,0,5,1,c08 c12,c08 c12,c08 c12
main|shymkent_school|nc16|np5|br0.75|one_heavy|ms3|r300|s0,main,shymkent_school,16,5,0.75,one_heavy,3,300,0,2214,sha256:06e9c0841bc266f512043576606556cc45aa5d2f373aeb80ffb4704b4efbfff7,598,65536,1,0,11,1,c01 c10 c14,c01 c10 c14,c01 c10 c14
main|shymkent_school|nc16|np5|br0.75|one_heavy|ms3|r300|s1,main,shymkent_school,16,5,0.75,one_heavy,3,300,1,2207,sha256:b78c635d44dec4e8e36cccf00bbca260b290ae1d35d6e6b7928581216ad98778,528,65536,1,0,2,1,c00,c00,c00
main|shymkent_school|nc16|np5|br0.75|one_heavy|ms3|r300|s2,main,shymkent_school,16,5,0.75,one_heavy,3,300,2,1923,sha256:760346ac67f2c46d481fce6513e60f9126b970a3c7d2cf71cf0ee248c7cc6244,612,65536,1,0,7,2,c07 c10,c10 c13,c07 c10
main|shymkent_school|nc16|np5|br0.75|one_heavy|ms3|r300|s3,main,shymkent_school,16,5,0.75,one_heavy,3,300,3,1927,sha256:bb0a58f56031b1595740de4ee689ebf0b70791751978fc9aa0a7e0df13826a1d,636,65536,1,0,8,1,c02 c06 c08,c02 c06 c08,c02 c06 c08
main|shymkent_school|nc16|np5|br0.75|one_heavy|ms3|r300|s4,main,shymkent_school,16,5,0.75,one_heavy,3,300,4,1984,sha256:5535a5f34090a0eb61365c5efd795a68da2e4db19e2da72ac7f5bfc5928717db,584,65536,1,0,12,2,c02 c04 c07,c02 c11,c02 c04 c07
main|shymkent_school|nc16|np5|br0.75|one_heavy|ms3|r300|s5,main,shymkent_school,16,5,0.75,one_heavy,3,300,5,1823,sha256:a90474be8e7acbd8f640c2f9fe0af4d3c3fc13cb98e2329a623c309e3499c041,611,65536,1,0,9,1,c01 c05 c15,c01 c05 c15,c01 c05 c15
main|shymkent_school|nc16|np5|br0.75|one_heavy|ms3|r300|s6,main,shymkent_school,16,5,0.75,one_heavy,3,300,6,2033,sha256:44333e07ab88278e91ef69d33c72759bf93ed1b3fabe175fbb109af9eaf74316,528,65536,1,0,5,2,c02 c15,c02 c15,c14 c15
main|shymkent_school|nc16|np5|br0.75|one_heavy|ms3|r300|s7,main,shymkent_school,16,5,0.75,one_heavy,3,300,7,2112,sha256:44c09e1ab01a6ee19cd4c1ea6c308a4e31ac3b007f768e2db8edbefc2a0c53a8,607,65536,1,0,11,2,c08 c13 c14,c03 c08 c09,c08 c13 c14
main|shymkent_school|nc16|np5|br0.75|one_heavy|ms3|r300|s8,main,shymkent_school,16,5,0.75,one_heavy,3,300,8,2154,sha256:5011a1478d2b5ef5557f9698606c63bee2369e1514fe433141501594120f2dae,541,65536,1,0,10,3,c00 c04 c14,c04 c10 c14,c00 c04 c11
main|shymkent_school|nc16|np5|br0.75|one_heavy|ms3|r300|s9,main,shymkent_school,16,5,0.75,one_heavy,3,300,9,1878,sha256:f9f80eeb2aaa6bc9ddcabc37248c0d96514958aa484210ab05159dba4944ba4a,648,65536,1,0,6,1,c08 c12,c08 c12,c08 c12
main|shymkent_school|nc16|np5|br1.0|uniform|ms3|r300|s0,main,shymkent_school,16,5,1.0,uniform,3,300,0,2953,sha256:9e89493e471db918c00b9c232ca2b817783de338dd280f6eabbaaede59f007dc,697,65536,0,0,10,1,c01 c10 c14,c01 c10 c14,c01 c10 c14
main|shymkent_school|nc16|np5|br1.0|uniform|ms3|r300|s1,main,shymkent_school,16,5,1.0,uniform,3,300,1,2943,sha256:010f64d93f30990f3c937b87db435970475508ec1acef8a5ac3d63d0c8c2c96f,697,65536,0,0,2,1,c00,c00,c00
main|shymkent_school|nc16|np5|br1.0|uniform|ms3|r300|s2,main,shymkent_school,16,5,1.0,uniform,3,300,2,2565,sha256:81c048d71d3c9f7c12edbff48ab2863e6a92ade733cfef3de58ec77633fc2a63,697,65536,0,0,7,1,c07 c10 c13,c07 c10 c13,c07 c10 c13
main|shymkent_school|nc16|np5|br1.0|uniform|ms3|r300|s3,main,shymkent_school,16,5,1.0,uniform,3,300,3,2570,sha256:86d79ac71d80f4252d147aa4edb5ec313c5bc284bf719dba35e6cc3b1db7ca5f,697,65536,0,0,7,1,c02 c06 c08,c02 c06 c08,c02 c06 c08
main|shymkent_school|nc16|np5|br1.0|uniform|ms3|r300|s4,main,shymkent_school,16,5,1.0,uniform,3,300,4,2646,sha256:d398dad9a8e85a04798798554c85513e529676ebc3198d4758df3370b8521b9e,697,65536,0,0,9,1,c02 c07 c11,c02 c07 c11,c02 c07 c11
main|shymkent_school|nc16|np5|br1.0|uniform|ms3|r300|s5,main,shymkent_school,16,5,1.0,uniform,3,300,5,2431,sha256:52fbe40ac0550175def564e03c84841bd68f5b645dd56a8e47a962ae0d385885,697,65536,0,0,7,1,c01 c05 c15,c01 c05 c15,c01 c05 c15
main|shymkent_school|nc16|np5|br1.0|uniform|ms3|r300|s6,main,shymkent_school,16,5,1.0,uniform,3,300,6,2711,sha256:de15b5e5c56d03d2dade642274efaa04f81965b871cee7b907917f4fd558e3d8,697,65536,0,0,8,1,c02 c14 c15,c02 c14 c15,c02 c14 c15
main|shymkent_school|nc16|np5|br1.0|uniform|ms3|r300|s7,main,shymkent_school,16,5,1.0,uniform,3,300,7,2817,sha256:e261c3cee84a02559c089f2632915c6c570b9a61ae6e1b4faa5b1db275941126,697,65536,0,0,11,1,c08 c09 c14,c08 c09 c14,c08 c09 c14
main|shymkent_school|nc16|np5|br1.0|uniform|ms3|r300|s8,main,shymkent_school,16,5,1.0,uniform,3,300,8,2873,sha256:e7b93355d65829e334f5b555e922efe8a287d786a725804bb453e10187a6182a,697,65536,0,0,8,3,c00 c04 c14,c04 c10 c14,c00 c04 c11
main|shymkent_school|nc16|np5|br1.0|uniform|ms3|r300|s9,main,shymkent_school,16,5,1.0,uniform,3,300,9,2504,sha256:20a3f118b288d99b1f853958cc9c3e4bac1e080aef5bf598db23f328169cccf7,697,65536,0,0,6,1,c08 c12,c08 c12,c08 c12
main|shymkent_school|nc16|np5|br1.0|random_1_100|ms3|r300|s0,main,shymkent_school,16,5,1.0,random_1_100,3,300,0,2953,sha256:07bafacfc3c969de6649d540bef4c38eac562289add7c7081c3e25f3b5da5b1d,697,65536,0,0,12,1,c01 c10 c14,c01 c10 c14,c01 c10 c14
main|shymkent_school|nc16|np5|br1.0|random_1_100|ms3|r300|s1,main,shymkent_school,16,5,1.0,random_1_100,3,300,1,2943,sha256:9905414dd05d62b04e65a303ab3c33740053845ef5a6e81b6cdc6fa75039de99,697,65536,0,0,2,1,c00,c00,c00
main|shymkent_school|nc16|np5|br1.0|random_1_100|ms3|r300|s2,main,shymkent_school,16,5,1.0,random_1_100,3,300,2,2565,sha256:d30629ee8ec0e45fc74bcf44c4b91c6fd28dfd7d9dea4acdef11d5f91cc8897a,697,65536,0,0,7,1,c07 c10 c13,c07 c10 c13,c07 c10 c13
main|shymkent_school|nc16|np5|br1.0|random_1_100|ms3|r300|s3,main,shymkent_school,16,5,1.0,random_1_100,3,300,3,2570,sha256:da2ae42bb1bcb282433e86c4d357f60986a06c66c63c08a6809a75962db08dde,697,65536,0,0,8,1,c02 c06 c08,c02 c06 c08,c02 c06 c08
main|shymkent_school|nc16|np5|br1.0|random_1_100|ms3|r300|s4,main,shymkent_school,16,5,1.0,random_1_100,3,300,4,2646,sha256:4e50e98c1180d3f5c10676c3161ed196debd40625c9a159cc2cf0ae72063c222,697,65536,0,0,9,1,c02 c07 c11,c02 c07 c11,c02 c07 c11
main|shymkent_school|nc16|np5|br1.0|random_1_100|ms3|r300|s5,main,shymkent_school,16,5,1.0,random_1_100,3,300,5,2431,sha256:f3e0e84bf8deb3efc69b4b4decbc2651ae3c5d29e0b214916f054be3ba08952f,697,65536,0,0,7,1,c01 c05 c15,c01 c05 c15,c01 c05 c15
main|shymkent_school|nc16|np5|br1.0|random_1_100|ms3|r300|s6,main,shymkent_school,16,5,1.0,random_1_100,3,300,6,2711,sha256:576a447bfbc7623e0d6b8218ee99d44769b51d93e222001356641bb333695dd6,697,65536,0,0,6,1,c02 c14 c15,c02 c14 c15,c02 c14 c15
main|shymkent_school|nc16|np5|br1.0|random_1_100|ms3|r300|s7,main,shymkent_school,16,5,1.0,random_1_100,3,300,7,2817,sha256:b5036f23cc1feb9e2ae450fdb1abacd55ce6139a89418295ca1a9594aad5eb4b,697,65536,0,0,12,1,c08 c09 c14,c08 c09 c14,c08 c09 c14
main|shymkent_school|nc16|np5|br1.0|random_1_100|ms3|r300|s8,main,shymkent_school,16,5,1.0,random_1_100,3,300,8,2873,sha256:dd3a4e2ef5ea50cd92db96a13dcbb8320159d9eaa42b10519e067c85dedfd346,697,65536,0,0,9,3,c00 c04 c14,c04 c10 c14,c00 c04 c11
main|shymkent_school|nc16|np5|br1.0|random_1_100|ms3|r300|s9,main,shymkent_school,16,5,1.0,random_1_100,3,300,9,2504,sha256:bd271f657e2c0d9613c5aab855b77cc00126e1dbb6f87e903444cbe186a8a46e,697,65536,0,0,5,1,c08 c12,c08 c12,c08 c12
main|shymkent_school|nc16|np5|br1.0|one_heavy|ms3|r300|s0,main,shymkent_school,16,5,1.0,one_heavy,3,300,0,2953,sha256:d9237d5192edb89a444227cd5e2ba252d7789b57cfe5d5500d2348498f3ce102,697,65536,0,0,11,1,c01 c10 c14,c01 c10 c14,c01 c10 c14
main|shymkent_school|nc16|np5|br1.0|one_heavy|ms3|r300|s1,main,shymkent_school,16,5,1.0,one_heavy,3,300,1,2943,sha256:5c5cfe09b635c04ababc4e7f471a863cd7760b861fa6032d0695b6383ae62788,697,65536,0,0,2,1,c00,c00,c00
main|shymkent_school|nc16|np5|br1.0|one_heavy|ms3|r300|s2,main,shymkent_school,16,5,1.0,one_heavy,3,300,2,2565,sha256:bfd7fff416f76ac9e3a946d19a6d5f11c25974558949a8d03997238d0cc80d89,697,65536,0,0,8,1,c07 c10 c13,c07 c10 c13,c07 c10 c13
main|shymkent_school|nc16|np5|br1.0|one_heavy|ms3|r300|s3,main,shymkent_school,16,5,1.0,one_heavy,3,300,3,2570,sha256:05bd9455a0d1eed49486b46dba5c47c8f11e8d1f3556d8556c2ad6400fc54a90,697,65536,0,0,8,1,c02 c06 c08,c02 c06 c08,c02 c06 c08
main|shymkent_school|nc16|np5|br1.0|one_heavy|ms3|r300|s4,main,shymkent_school,16,5,1.0,one_heavy,3,300,4,2646,sha256:462f324324a59e0ee808eb57e37a51d406255f70c9ff01ee513f10f50fb1211b,697,65536,0,0,13,1,c02 c07 c11,c02 c07 c11,c02 c07 c11
main|shymkent_school|nc16|np5|br1.0|one_heavy|ms3|r300|s5,main,shymkent_school,16,5,1.0,one_heavy,3,300,5,2431,sha256:d2f8bf7c2c7e113f7688b6ac254750138b4d1d1acd7f49c89d79a063439792d9,697,65536,0,0,9,1,c01 c05 c15,c01 c05 c15,c01 c05 c15
main|shymkent_school|nc16|np5|br1.0|one_heavy|ms3|r300|s6,main,shymkent_school,16,5,1.0,one_heavy,3,300,6,2711,sha256:ee759f4d5c6b2050461f97f1f97b18461ebf425113bb4ddc7a8569c04dfd62d1,697,65536,0,0,7,1,c02 c14 c15,c02 c14 c15,c02 c14 c15
main|shymkent_school|nc16|np5|br1.0|one_heavy|ms3|r300|s7,main,shymkent_school,16,5,1.0,one_heavy,3,300,7,2817,sha256:dfb2167dd46f6d4ce6b31929f761b965c53d97966d325ca6d73870b56cfde1c6,697,65536,0,0,12,1,c08 c09 c14,c08 c09 c14,c08 c09 c14
main|shymkent_school|nc16|np5|br1.0|one_heavy|ms3|r300|s8,main,shymkent_school,16,5,1.0,one_heavy,3,300,8,2873,sha256:ac9388ef8f939284cc4b0f6e926cb4998c823e5a35b6b55726304783620d7352,697,65536,0,0,10,3,c00 c04 c14,c04 c10 c14,c00 c04 c11
main|shymkent_school|nc16|np5|br1.0|one_heavy|ms3|r300|s9,main,shymkent_school,16,5,1.0,one_heavy,3,300,9,2504,sha256:ea4b2f2ede723e683ed99de0332e02c84d2698d621aa06901870e25c44407b01,697,65536,0,0,6,1,c08 c12,c08 c12,c08 c12
main|shymkent_school|nc16|np15|br0.25|uniform|ms3|r300|s0,main,shymkent_school,16,15,0.25,uniform,3,300,0,738,sha256:20e798946df3be0c879571d57249d5843d6bb02a8d94aacf8c387344542500c6,43,65536,1,0,6,1,c10 c13,c10 c13,c10 c13
main|shymkent_school|nc16|np15|br0.25|uniform|ms3|r300|s1,main,shymkent_school,16,15,0.25,uniform,3,300,1,735,sha256:12cb0b0a6353852482fd0aa3e99905f1c671a8e2254f206b66c14e71da2c3eff,22,65536,1,0,3,1,c00 c01,c00 c01,c00 c01
main|shymkent_school|nc16|np15|br0.25|uniform|ms3|r300|s2,main,shymkent_school,16,15,0.25,uniform,3,300,2,641,sha256:7d8d5a24b3208eb4d480d87f78e013a419cfbfc728cd678165c17c14623676dc,54,65536,1,0,7,1,c10,c10,c10
main|shymkent_school|nc16|np15|br0.25|uniform|ms3|r300|s3,main,shymkent_school,16,15,0.25,uniform,3,300,3,642,sha256:dfed8d84cc45029fb688931c2d1a441753ed45dafe97f1c7386579fbf447c769,55,65536,1,0,6,1,c02 c03 c14,c02 c03 c14,c02 c03 c14
main|shymkent_school|nc16|np15|br0.25|uniform|ms3|r300|s4,main,shymkent_school,16,15,0.25,uniform,3,300,4,661,sha256:d657fb38cef870ab532a125353d7b4c065fec4f8eea7926524fc2b61a50fb405,21,65536,1,0,6,2,c07,c04,c07
main|shymkent_school|nc16|np15|br0.25|uniform|ms3|r300|s5,main,shymkent_school,16,15,0.25,uniform,3,300,5,607,sha256:40dbc68b51dc72426b13863a74f57f5449b675db1b8f8fb075a0f3744431ece0,21,65536,1,0,3,2,c04,c00 c10,c04
main|shymkent_school|nc16|np15|br0.25|uniform|ms3|r300|s6,main,shymkent_school,16,15,0.25,uniform,3,300,6,677,sha256:69a7b96f0d40706db24289b2b2295be6a9edb3eb2b7a1470c2110888be253d76,22,65536,1,0,5,1,c06 c09 c10,c06 c09 c10,c06 c09 c10
main|shymkent_school|nc16|np15|br0.25|uniform|ms3|r300|s7,main,shymkent_school,16,15,0.25,uniform,3,300,7,704,sha256:7621c3abdf8d37938b0d5c722d3b49e1a6e09c09983348dc82d71b994bf7695c,46,65536,1,0,5,1,c06 c13,c06 c13,c06 c13
main|shymkent_school|nc16|np15|br0.25|uniform|ms3|r300|s8,main,shymkent_school,16,15,0.25,uniform,3,300,8,718,sha256:6e83a2a46c72c72a3a2829723f7b3a4135e5d558ed559f0b9f26c7705476a040,26,65536,1,0,6,2,c03 c11 c14,c03 c11 c14,c00 c03 c11
main|shymkent_school|nc16|np15|br0.25|uniform|ms3|r300|s9,main,shymkent_school,16,15,0.25,uniform,3,300,9,626,sha256:0771d9febd64c33d4ae20fbbaf53f562db4131c060cd0a6fdf951a16742c7db4,98,65536,1,0,3,1,c07 c13,c07 c13,c07 c13
main|shymkent_school|nc16|np15|br0.25|random_1_100|ms3|r300|s0,main,shymkent_school,16,15,0.25,random_1_100,3,300,0,738,sha256:5fd6c55ec1cf7ceeb30ddc0895f02c01003cd85933bdc5de9e96b1b80dd9ab76,43,65536,1,0,5,1,c10 c13,c10 c13,c10 c13
main|shymkent_school|nc16|np15|br0.25|random_1_100|ms3|r300|s1,main,shymkent_school,16,15,0.25,random_1_100,3,300,1,735,sha256:f30ea78214399a99333e6f39f5c6e5ac6ec31f0b3b1e42954d5288f5b4703fc8,22,65536,1,0,5,2,c06,c00 c01,c00 c01
main|shymkent_school|nc16|np15|br0.25|random_1_100|ms3|r300|s2,main,shymkent_school,16,15,0.25,random_1_100,3,300,2,641,sha256:8b406c3ecf41d831296e103095fc6d97090c3719a6b7e543a27adb16a0c06c67,54,65536,1,0,7,1,c10,c10,c10
main|shymkent_school|nc16|np15|br0.25|random_1_100|ms3|r300|s3,main,shymkent_school,16,15,0.25,random_1_100,3,300,3,642,sha256:5b0681c5402ef75f57df786cf15f6d6b3ba2e3492f5d111917e2d56bc57bd80b,55,65536,1,0,7,2,c02 c13 c14,c02 c03 c14,c02 c13 c14
main|shymkent_school|nc16|np15|br0.25|random_1_100|ms3|r300|s4,main,shymkent_school,16,15,0.25,random_1_100,3,300,4,661,sha256:283c8f0764e6eb4192975ea3dba2616445f589f0019ccdf7e843520452185770,21,65536,1,0,5,2,c13,c04,c13
main|shymkent_school|nc16|np15|br0.25|random_1_100|ms3|r300|s5,main,shymkent_school,16,15,0.25,random_1_100,3,300,5,607,sha256:9a81e62016369f9f1221eb915169b75cef06837ccc0f29f429a8ab522590a386,21,65536,1,0,3,3,c01,c00 c10,c04
main|shymkent_school|nc16|np15|br0.25|random_1_100|ms3|r300|s6,main,shymkent_school,16,15,0.25,random_1_100,3,300,6,677,sha256:a78abc39224aad9a59e87f0535794bd49aa9dfbb4b5cb81b86de21da64df5f0b,22,65536,1,0,6,1,c06 c09 c10,c06 c09 c10,c06 c09 c10
main|shymkent_school|nc16|np15|br0.25|random_1_100|ms3|r300|s7,main,shymkent_school,16,15,0.25,random_1_100,3,300,7,704,sha256:cff03303f5b9aa15c0013f5979f11c9e90ca4bfddb1c767f806644f89024b982,46,65536,1,0,5,1,c06 c13,c06 c13,c06 c13
main|shymkent_school|nc16|np15|br0.25|random_1_100|ms3|r300|s8,main,shymkent_school,16,15,0.25,random_1_100,3,300,8,718,sha256:a729b74fb841891c10d1f318af2ca77bd008aae2cbebeb86c3909740bf518f38,26,65536,1,0,9,3,c00 c14,c03 c11 c14,c00 c03 c11
main|shymkent_school|nc16|np15|br0.25|random_1_100|ms3|r300|s9,main,shymkent_school,16,15,0.25,random_1_100,3,300,9,626,sha256:efd233731175d42eac2c98f1e30c7d0986466cc8e8356cffdf6527eb85406cd7,98,65536,1,0,3,1,c07 c13,c07 c13,c07 c13
main|shymkent_school|nc16|np15|br0.25|one_heavy|ms3|r300|s0,main,shymkent_school,16,15,0.25,one_heavy,3,300,0,738,sha256:8dc96a3d19476433ca754c225765967172297066eb4f59bbe27e23349b60bafc,43,65536,1,0,6,1,c10 c13,c10 c13,c10 c13
main|shymkent_school|nc16|np15|br0.25|one_heavy|ms3|r300|s1,main,shymkent_school,16,15,0.25,one_heavy,3,300,1,735,sha256:f1845d258b6a810d20c02a84dd2cc4aabff9484cb830de2816462d6e9cb88de1,22,65536,1,0,4,1,c00 c01,c00 c01,c00 c01
main|shymkent_school|nc16|np15|br0.25|one_heavy|ms3|r300|s2,main,shymkent_school,16,15,0.25,one_heavy,3,300,2,641,sha256:b7d3e7dc3c54747098a79e9aacabc68e1ac090daa05972f1b8d9d440d900ea5c,54,65536,1,0,7,1,c10,c10,c10
main|shymkent_school|nc16|np15|br0.25|one_heavy|ms3|r300|s3,main,shymkent_school,16,15,0.25,one_heavy,3,300,3,642,sha256:88615b3ae56fd83dad1cca5a58410ee21bacc610de415cffe3b8868adbd5e069,55,65536,1,0,7,2,c02 c04,c02 c03 c14,c02 c03 c14
main|shymkent_school|nc16|np15|br0.25|one_heavy|ms3|r300|s4,main,shymkent_school,16,15,0.25,one_heavy,3,300,4,661,sha256:03ca96213047206a3ea3a0a6002ec094c4bf1c23ed085248d55c35bd90b0b3a5,21,65536,1,0,6,2,c07,c04,c07
main|shymkent_school|nc16|np15|br0.25|one_heavy|ms3|r300|s5,main,shymkent_school,16,15,0.25,one_heavy,3,300,5,607,sha256:9f2b2fe0c455311f87de0b7b66fe36382d1a00a6202469ebadbe49c1d1978a79,21,65536,1,0,4,2,c04,c00 c10,c04
main|shymkent_school|nc16|np15|br0.25|one_heavy|ms3|r300|s6,main,shymkent_school,16,15,0.25,one_heavy,3,300,6,677,sha256:ad9228df440cc0c80d7fddd308853662e38737010d51b8a8ac6623d1f11d7f3d,22,65536,1,0,5,1,c06 c09 c10,c06 c09 c10,c06 c09 c10
main|shymkent_school|nc16|np15|br0.25|one_heavy|ms3|r300|s7,main,shymkent_school,16,15,0.25,one_heavy,3,300,7,704,sha256:f1f21f105c81a608546042fedfdd1ea8e37022fedb0bb1964e3c83c56623bacf,46,65536,1,0,5,1,c06 c13,c06 c13,c06 c13
main|shymkent_school|nc16|np15|br0.25|one_heavy|ms3|r300|s8,main,shymkent_school,16,15,0.25,one_heavy,3,300,8,718,sha256:60d404b9bd27016d3aa8b6dd1279f547c4635d1d54045aa4ec36c4a0e9d7abf0,26,65536,1,0,7,2,c04,c03 c11 c14,c04
main|shymkent_school|nc16|np15|br0.25|one_heavy|ms3|r300|s9,main,shymkent_school,16,15,0.25,one_heavy,3,300,9,626,sha256:0f488f5a04c44f8aaa4d0854f9bd9196ae14168db8649f582fc2d3c721e45b33,98,65536,1,0,3,1,c07 c13,c07 c13,c07 c13
main|shymkent_school|nc16|np15|br0.5|uniform|ms3|r300|s0,main,shymkent_school,16,15,0.5,uniform,3,300,0,1476,sha256:ff8f50a9cd570c7b73233419bae3cec6c5bf128f3d0315a4e8c770d18e752081,272,65536,1,0,11,1,c01 c13 c14,c01 c13 c14,c01 c13 c14
main|shymkent_school|nc16|np15|br0.5|uniform|ms3|r300|s1,main,shymkent_school,16,15,0.5,uniform,3,300,1,1471,sha256:f6d5a88bf68fd4475d090bb2db1882527084fe993e47cd645d71fe3d11fcf004,176,65536,1,0,5,1,c00 c01 c06,c00 c01 c06,c00 c01 c06
main|shymkent_school|nc16|np15|br0.5|uniform|ms3|r300|s2,main,shymkent_school,16,15,0.5,uniform,3,300,2,1282,sha256:ba4ed9fc3c0e6975c57ea578c40dc973e32b0f2de80b42f625dbbbd0e2429b98,316,65536,1,0,10,1,c00 c10 c11,c00 c10 c11,c00 c10 c11
main|shymkent_school|nc16|np15|br0.5|uniform|ms3|r300|s3,main,shymkent_school,16,15,0.5,uniform,3,300,3,1285,sha256:8b7b2f755e5722017dfcf699795c109a982b65370a86296a1008d26f2269a39c,347,65536,1,0,7,1,c02 c03 c10,c02 c03 c10,c02 c03 c10
main|shymkent_school|nc16|np15|br0.5|uniform|ms3|r300|s4,main,shymkent_school,16,15,0.5,uniform,3,300,4,1323,sha256:c720835cca4de7cfe2c7b9e7a27c14eb22479ef5d8ac7e5f3ba2e7479635b5e9,203,65536,1,0,11,2,c04 c07 c15,c04 c11,c04 c07 c15
main|shymkent_school|nc16|np15|br0.5|uniform|ms3|r300|s5,main,shymkent_school,16,15,0.5,uniform,3,300,5,1215,sha256:a3f1630fce189931f9788999faa5f628ff59d3f2cb69bcb5e59b43080518d744,234,65536,1,0,8,2,c04 c05,c01 c04 c10,c04 c05
main|shymkent_school|nc16|np15|br0.5|uniform|ms3|r300|s6,main,shymkent_school,16,15,0.5,uniform,3,300,6,1355,sha256:e61b49097ab78f6352a9fb37bdb5e41da7b423b4e6d2e8cab7be6906ec5144a0,191,65536,1,0,11,1,c06 c10 c15,c06 c10 c15,c06 c10 c15
main|shymkent_school|nc16|np15|br0.5|uniform|ms3|r300|s7,main,shymkent_school,16,15,0.5,uniform,3,300,7,1408,sha256:683c184f892d19bd556c20e58e02b15ba64e20b029e9cea7a8464255b8ce5a9c,291,65536,1,0,11,2,c06 c08,c03 c09 c13,c06 c08
main|shymkent_school|nc16|np15|br0.5|uniform|ms3|r300|s8,main,shymkent_school,16,15,0.5,uniform,3,300,8,1436,sha256:7cbe93067be1f5ef95a02b04daa39594c12d904f3f89e34a6180e4c93ca367f3,195,65536,1,0,10,1,c06 c11 c14,c06 c11 c14,c06 c11 c14
main|shymkent_school|nc16|np15|br0.5|uniform|ms3|r300|s9,main,shymkent_school,16,15,0.5,uniform,3,300,9,1252,sha256:6f6590e46c6c1261f217591be27b9d6fbdbdddfd1c3cbba735470125fdded050,403,65536,1,0,6,1,c08 c13,c08 c13,c08 c13
main|shymkent_school|nc16|np15|br0.5|random_1_100|ms3|r300|s0,main,shymkent_school,16,15,0.5,random_1_100,3,300,0,1476,sha256:e7f5c252a7c5b765f4f92c63f2bb732da405a5e0e39dafc10c6554b2985864d4,272,65536,1,0,10,2,c01 c10 c13,c01 c13 c14,c01 c10 c13
main|shymkent_school|nc16|np15|br0.5|random_1_100|ms3|r300|s1,main,shymkent_school,16,15,0.5,random_1_100,3,300,1,1471,sha256:b899f71e5a1579a8840c0ea6e0f8e182df1457fdc93a3e503c3a4dd8c470c65f,176,65536,1,0,7,1,c00 c01 c06,c00 c01 c06,c00 c01 c06
main|shymkent_school|nc16|np15|br0.5|random_1_100|ms3|r300|s2,main,shymkent_school,16,15,0.5,random_1_100,3,300,2,1282,sha256:9c08d1dc69d5f4bd915159bc756e558a00c887b3a7e3597bc43f73cec216fd2f,316,65536,1,0,10,1,c00 c10 c11,c00 c10 c11,c00 c10 c11
main|shymkent_school|nc16|np15|br0.5|random_1_100|ms3|r300|s3,main,shymkent_school,16,15,0.5,random_1_100,3,300,3,1285,sha256:8a078e365d2e675fd95306913527f0d87f8be4eab588e7fc2b25063c57611d54,347,65536,1,0,8,2,c02 c09 c13,c02 c03 c10,c02 c09 c13
main|shymkent_school|nc16|np15|br0.5|random_1_100|ms3|r300|s4,main,shymkent_school,16,15,0.5,random_1_100,3,300,4,1323,sha256:e3a6b3c223d3b23f52000fd37861f5b00262831e036766f260152b30e62c5527,203,65536,1,0,9,3,c04 c07 c15,c04 c11,c04 c13 c15
main|shymkent_school|nc16|np15|br0.5|random_1_100|ms3|r300|s5,main,shymkent_school,16,15,0.5,random_1_100,3,300,5,1215,sha256:4ea11b2ff2b7820e70cc625fa0f2516e3fd58a39ad9e022c0d16f3fc788f315e,234,65536,1,0,6,1,c01 c04 c10,c01 c04 c10,c01 c04 c10
main|shymkent_school|nc16|np15|br0.5|random_1_100|ms3|r300|s6,main,shymkent_school,16,15,0.5,random_1_100,3,300,6,1355,sha256:a65fe85bf2fa72420c6a34720b15d0c36604fb1922e2b5fd73286f0e141fc1bd,191,65536,1,0,13,1,c06 c10 c15,c06 c10 c15,c06 c10 c15
main|shymkent_school|nc16|np15|br0.5|random_1_100|ms3|r300|s7,main,shymkent_school,16,15,0.5,random_1_100,3,300,7,1408,sha256:836f7a9c5c2d2d7cf7d63b7fff98731b19dfeb75fcbc4110d80b6c445a161a18,291,65536,1,0,11,2,c06 c08,c03 c09 c13,c06 c08
main|shymkent_school|nc16|np15|br0.5|random_1_100|ms3|r300|s8,main,shymkent_school,16,15,0.5,random_1_100,3,300,8,1436,sha256:7b8a85854bbb7e6a1f39ec36a5eca5667237cebb44e40f9b81de0e81b72c5ba8,195,65536,1,0,12,3,c00 c10 c14,c06 c11 c14,c00 c03 c06
main|shymkent_school|nc16|np15|br0.5|random_1_100|ms3|r300|s9,main,shymkent_school,16,15,0.5,random_1_100,3,300,9,1252,sha256:c55e9fac24697f32b175d43d9ae4c5d39719ba541a4421abb3908ee0836e257e,403,65536,1,0,6,1,c08 c13,c08 c13,c08 c13
main|shymkent_school|nc16|np15|br0.5|one_heavy|ms3|r300|s0,main,shymkent_school,16,15,0.5,one_heavy,3,300,0,1476,sha256:9d32f64dd161b31b44f5ba8b77a24ec0f2df5dd01d5edebd9a5e99a11cf868b6,272,65536,1,0,11,1,c01 c13 c14,c01 c13 c14,c01 c13 c14
main|shymkent_school|nc16|np15|br0.5|one_heavy|ms3|r300|s1,main,shymkent_school,16,15,0.5,one_heavy,3,300,1,1471,sha256:a86c23a3231d3b88c265f8241ca125c973336b7932534d2786bccc17f0a470d1,176,65536,1,0,5,1,c00 c01 c06,c00 c01 c06,c00 c01 c06
main|shymkent_school|nc16|np15|br0.5|one_heavy|ms3|r300|s2,main,shymkent_school,16,15,0.5,one_heavy,3,300,2,1282,sha256:3af7dc061d70438114283c618491b84b0e8dfd082e6debebd53f20bcf08b1cfc,316,65536,1,0,15,2,c00 c07 c11,c00 c10 c11,c00 c07 c11
main|shymkent_school|nc16|np15|br0.5|one_heavy|ms3|r300|s3,main,shymkent_school,16,15,0.5,one_heavy,3,300,3,1285,sha256:93bfd9477230708ea8599027cb48a43fae6e41b07da32367100639cc69062bb4,347,65536,1,0,12,2,c02 c03 c08,c02 c03 c10,c02 c03 c08
main|shymkent_school|nc16|np15|br0.5|one_heavy|ms3|r300|s4,main,shymkent_school,16,15,0.5,one_heavy,3,300,4,1323,sha256:fae340cc9fbe878cbbc8e02af1d4fbd8758ddac9c66b4980b5ef7863ac08291f,203,65536,1,0,12,3,c02 c07,c04 c11,c04 c07 c15
main|shymkent_school|nc16|np15|br0.5|one_heavy|ms3|r300|s5,main,shymkent_school,16,15,0.5,one_heavy,3,300,5,1215,sha256:c8c2a0aef8054b2f56b569bdf0e5a545959e249ae0592651ca6d7bb02ac598cb,234,65536,1,0,8,2,c04 c10 c15,c01 c10 c15,c04 c10 c15
main|shymkent_school|nc16|np15|br0.5|one_heavy|ms3|r300|s6,main,shymkent_school,16,15,0.5,one_heavy,3,300,6,1355,sha256:9edfb3c596ba0c2421f72441ed8087e8f05aee55f7307c5eb63376c03418630d,191,65536,1,0,9,2,c02 c06 c10,c06 c10 c15,c06 c10 c15
main|shymkent_school|nc16|np15|br0.5|one_heavy|ms3|r300|s7,main,shymkent_school,16,15,0.5,one_heavy,3,300,7,1408,sha256:8662df81d3839ddc805396167555b707d67823396216f69ba4d443f69d839344,291,65536,1,0,10,3,c06 c13 c14,c03 c09 c13,c06 c08
main|shymkent_school|nc16|np15|br0.5|one_heavy|ms3|r300|s8,main,shymkent_school,16,15,0.5,one_heavy,3,300,8,1436,sha256:46b592385cb6d074f15056b2d01fa35f64e962109694ee2a7f40770a93b65ee7,195,65536,1,0,11,3,c04 c11 c14,c06 c11 c14,c00 c04 c11
main|shymkent_school|nc16|np15|br0.5|one_heavy|ms3|r300|s9,main,shymkent_school,16,15,0.5,one_heavy,3,300,9,1252,sha256:74e8bb699a6698cacb09f87dd3de937a93e0b9b1e27b9bde79f45da54a1df00b,403,65536,1,0,6,1,c08 c13,c08 c13,c08 c13
main|shymkent_school|nc16|np15|br0.75|uniform|ms3|r300|s0,main,shymkent_school,16,15,0.75,uniform,3,300,0,2214,sha256:030952ec4353455bc485004f43dea3ec31a078b94ff205e5c8c60c406f7f845c,598,65536,1,0,11,2,c01 c13 c14,c01 c10 c14,c01 c10 c14
main|shymkent_school|nc16|np15|br0.75|uniform|ms3|r300|s1,main,shymkent_school,16,15,0.75,uniform,3,300,1,2207,sha256:4178a29e5ec9daf08e66c0cde8c5a53c98f57a582a3690d1170c1f068c457580,528,65536,1,0,6,1,c01 c06 c10,c01 c06 c10,c01 c06 c10
main|shymkent_school|nc16|np15|br0.75|uniform|ms3|r300|s2,main,shymkent_school,16,15,0.75,uniform,3,300,2,1923,sha256:694edf77a7b6570aba148a95354149bc5fffbae87948a4ec43ac48451a2a0384,612,65536,1,0,12,2,c10 c11 c12,c00 c10 c13,c10 c11 c12
main|shymkent_school|nc16|np15|br0.75|uniform|ms3|r300|s3,main,shymkent_school,16,15,0.75,uniform,3,300,3,1927,sha256:606c137ef6db5a270b9558241e203c5e92b2981f7640cb9641072e2cd49bf3f0,636,65536,1,0,7,1,c02 c03 c10,c02 c03 c10,c02 c03 c10
main|shymkent_school|nc16|np15|br0.75|uniform|ms3|r300|s4,main,shymkent_school,16,15,0.75,uniform,3,300,4,1984,sha256:d4c1e83ccc33cbb35c44ae50be7b66d05128b2faf8bf633b79cb4b851e7aa729,584,65536,1,0,15,2,c07 c11 c13,c07 c11 c13,c07 c13 c15
main|shymkent_school|nc16|np15|br0.75|uniform|ms3|r300|s5,main,shymkent_school,16,15,0.75,uniform,3,300,5,1823,sha256:b60d3a9f1b64593ceb5d0f54faac95fb4e922e998b8c5173802545f755e806b5,611,65536,1,0,11,1,c01 c04 c05,c01 c04 c05,c01 c04 c05
main|shymkent_school|nc16|np15|br0.75|uniform|ms3|r300|s6,main,shymkent_school,16,15,0.75,uniform,3,300,6,2033,sha256:51d2d1b3f76bb394adf3c6abd47973072e3b6b4cdf86623dfc7fe4cd1660b23c,528,65536,1,0,14,1,c10 c14 c15,c10 c14 c15,c10 c14 c15
main|shymkent_school|nc16|np15|br0.75|uniform|ms3|r300|s7,main,shymkent_school,16,15,0.75,uniform,3,300,7,2112,sha256:33cf54abe40b811bdd36b41969291dcc3b792d498732d4d675ba4c579b2ccf09,607,65536,1,0,14,1,c03 c08 c09,c03 c08 c09,c03 c08 c09
main|shymkent_school|nc16|np15|br0.75|uniform|ms3|r300|s8,main,shymkent_school,16,15,0.75,uniform,3,300,8,2154,sha256:03ad22062c9c777fd5b1e01a52ed75ebfe06c3b9da3b0005f518e673ceba109c,541,65536,1,0,11,2,c06 c10 c14,c06 c10 c14,c00 c06 c10
main|shymkent_school|nc16|np15|br0.75|uniform|ms3|r300|s9,main,shymkent_school,16,15,0.75,uniform,3,300,9,1878,sha256:83ec3523663c1cf2e281ed8f7fe0f13347c032c768ce8597527dd82f72e4bcc4,648,65536,1,0,8,1,c08 c12,c08 c12,c08 c12
main|shymkent_school|nc16|np15|br0.75|random_1_100|ms3|r300|s0,main,shymkent_school,16,15,0.75,random_1_100,3,300,0,2214,sha256:629f049ae0c152fb039acc7f5bbccb61fc2029ad5b47658011b0037f6ca26ea3,598,65536,1,0,10,2,c01 c10 c13,c01 c10 c14,c01 c10 c14
main|shymkent_school|nc16|np15|br0.75|random_1_100|ms3|r300|s1,main,shymkent_school,16,15,0.75,random_1_100,3,300,1,2207,sha256:645da90c939d0bdf40becb04c1d1aa3221a0c6a48551f7ceefc8d16f83e926af,528,65536,1,0,7,1,c00 c01 c06,c00 c01 c06,c00 c01 c06
main|shymkent_school|nc16|np15|br0.75|random_1_100|ms3|r300|s2,main,shymkent_school,16,15,0.75,random_1_100,3,300,2,1923,sha256:ce83583ab169aa470f637f39b4d343251eff6ecf692db67447a969386bfca64f,612,65536,1,0,12,2,c10 c11 c12,c00 c10 c13,c10 c11 c12
main|shymkent_school|nc16|np15|br0.75|random_1_100|ms3|r300|s3,main,shymkent_school,16,15,0.75,random_1_100,3,300,3,1927,sha256:ce99763b4a08148c095a46022d4913b52d4a1043e6ce32fb7a122e82471ce0a0,636,65536,1,0,9,3,c02 c09 c10,c02 c03 c10,c02 c09 c13
main|shymkent_school|nc16|np15|br0.75|random_1_100|ms3|r300|s4,main,shymkent_school,16,15,0.75,random_1_100,3,300,4,1984,sha256:8e6c67f329d27a639d26c4a5df9c6ee5cfe2e3fb5901fc358abb5fcfece7c97b,584,65536,1,0,11,2,c07 c13 c15,c07 c11 c13,c07 c13 c15
main|shymkent_school|nc16|np15|br0.75|random_1_100|ms3|r300|s5,main,shymkent_school,16,15,0.75,random_1_100,3,300,5,1823,sha256:915c76d8dc2156ead90a66f723138a55f3b13490501239544d654bc04052a6ee,611,65536,1,0,9,1,c01 c04 c11,c01 c04 c11,c01 c04 c11
main|shymkent_school|nc16|np15|br0.75|random_1_100|ms3|r300|s6,main,shymkent_school,16,15,0.75,random_1_100,3,300,6,2033,sha256:24ccd76c1cd6e5392c5d2aa681c8ce07ba34fe5779bff6211c82abd4cf479368,528,65536,1,0,15,2,c07 c10 c15,c07 c10 c15,c10 c14 c15
main|shymkent_school|nc16|np15|br0.75|random_1_100|ms3|r300|s7,main,shymkent_school,16,15,0.75,random_1_100,3,300,7,2112,sha256:d08b9dfecaaeb59365b55aba2686557d0fe437a6a52872e4087d1b776f9b6f7a,607,65536,1,0,17,2,c06 c08 c11,c03 c08 c09,c06 c08 c11
main|shymkent_school|nc16|np15|br0.75|random_1_100|ms3|r300|s8,main,shymkent_school,16,15,0.75,random_1_100,3,300,8,2154,sha256:65da982ce4b0a6ce0b4d826b74aefb0aea2ed44de68c9ae83f9f6283cacc14bc,541,65536,1,0,13,3,c00 c06 c14,c06 c10 c14,c00 c06 c10
main|shymkent_school|nc16|np15|br0.75|random_1_100|ms3|r300|s9,main,shymkent_school,16,15,0.75,random_1_100,3,300,9,1878,sha256:e576f0577d9a830f5801e0cede76d611243c4bea9a2ed8a20a20d98057071415,648,65536,1,0,8,1,c08 c12,c08 c12,c08 c12
main|shymkent_school|nc16|np15|br0.75|one_heavy|ms3|r300|s0,main,shymkent_school,16,15,0.75,one_heavy,3,300,0,2214,sha256:6ef5f6ec8568335050acab8f2f06dc24ac7c13d7d322d17dff0a6f73df048d31,598,65536,1,0,11,2,c01 c13 c14,c01 c10 c14,c01 c10 c14
main|shymkent_school|nc16|np15|br0.75|one_heavy|ms3|r300|s1,main,shymkent_school,16,15,0.75,one_heavy,3,300,1,2207,sha256:23d23f7d07c75aa84d25bda6d4afbbf38ec23be7eff576a55252e3f294495ab5,528,65536,1,0,5,1,c00 c01 c06,c00 c01 c06,c00 c01 c06
main|shymkent_school|nc16|np15|br0.75|one_heavy|ms3|r300|s2,main,shymkent_school,16,15,0.75,one_heavy,3,300,2,1923,sha256:80bb88536061d1ad6d56ea5a8a6da9880ebee9659925e86608d3d7ad9b8aa268,612,65536,1,0,18,2,c00 c07 c10,c00 c10 c13,c00 c07 c10
main|shymkent_school|nc16|np15|br0.75|one_heavy|ms3|r300|s3,main,shymkent_school,16,15,0.75,one_heavy,3,300,3,1927,sha256:99c5b65d4061ed3fe7ff259083c234024bb0095c484c8e8038d83f394967cac4,636,65536,1,0,12,2,c02 c03 c08,c02 c03 c10,c02 c03 c08
main|shymkent_school|nc16|np15|br0.75|one_heavy|ms3|r300|s4,main,shymkent_school,16,15,0.75,one_heavy,3,300,4,1984,sha256:1bd08c19bd75dd4cdde23aa012ff7996cabdeae707578490ac632abd690d0712,584,65536,1,0,16,3,c02 c07 c13,c07 c11 c13,c07 c13 c15
main|shymkent_school|nc16|np15|br0.75|one_heavy|ms3|r300|s5,main,shymkent_school,16,15,0.75,one_heavy,3,300,5,1823,sha256:6d97b6541550ca9467e72611ebdb078f295d0f2da2756230772b2fc5021575e6,611,65536,1,0,11,2,c04 c05 c15,c01 c04 c15,c04 c05 c15
main|shymkent_school|nc16|np15|br0.75|one_heavy|ms3|r300|s6,main,shymkent_school,16,15,0.75,one_heavy,3,300,6,2033,sha256:9dbc7a44ce1b18092d3e18cf154b5301d23c4dc212c8b26c05e58267b217f5ce,528,65536,1,0,16,2,c02 c10 c15,c02 c10 c15,c10 c14 c15
main|shymkent_school|nc16|np15|br0.75|one_heavy|ms3|r300|s7,main,shymkent_school,16,15,0.75,one_heavy,3,300,7,2112,sha256:27c26da1feb055bfa1148b337f49ce3447261f555a8081860fbd007c01205af0,607,65536,1,0,16,2,c06 c08 c14,c03 c08 c09,c06 c08 c14
main|shymkent_school|nc16|np15|br0.75|one_heavy|ms3|r300|s8,main,shymkent_school,16,15,0.75,one_heavy,3,300,8,2154,sha256:53d4f7f440e9e7a4c015cc6572a0424f4c7a26eb397e9e8cf0ce10e4d87efd03,541,65536,1,0,13,2,c04 c06 c11,c06 c10 c14,c04 c06 c11
main|shymkent_school|nc16|np15|br0.75|one_heavy|ms3|r300|s9,main,shymkent_school,16,15,0.75,one_heavy,3,300,9,1878,sha256:a82f3c612917be97daaadb16d6a35d09ba51d788fb595969b7690c36a88bcb71,648,65536,1,0,8,1,c08 c12,c08 c12,c08 c12
main|shymkent_school|nc16|np15|br1.0|uniform|ms3|r300|s0,main,shymkent_school,16,15,1.0,uniform,3,300,0,2953,sha256:fc9da1f2082598e65e5bf833e1b6cdc590aa3cf55516c99b06df346295e1d5e8,697,65536,0,0,11,2,c01 c13 c14,c01 c10 c14,c01 c10 c14
main|shymkent_school|nc16|np15|br1.0|uniform|ms3|r300|s1,main,shymkent_school,16,15,1.0,uniform,3,300,1,2943,sha256:443f4c1f582ef0d6498bb0f884b0391abbe8b7a3cede1a910ec61aa7324e317b,697,65536,0,0,6,1,c01 c06 c10,c01 c06 c10,c01 c06 c10
main|shymkent_school|nc16|np15|br1.0|uniform|ms3|r300|s2,main,shymkent_school,16,15,1.0,uniform,3,300,2,2565,sha256:57d05a2ded8d81e6556d49a8de48220d70338007ab786b23989183d217779f4e,697,65536,0,0,13,2,c03 c10 c12,c10 c12 c13,c03 c10 c12
main|shymkent_school|nc16|np15|br1.0|uniform|ms3|r300|s3,main,shymkent_school,16,15,1.0,uniform,3,300,3,2570,sha256:77c5ee7594e768850d1824675b6fa6682073fe94a2c1a9a896e914e64a12d32d,697,65536,0,0,7,1,c02 c03 c10,c02 c03 c10,c02 c03 c10
main|shymkent_school|nc16|np15|br1.0|uniform|ms3|r300|s4,main,shymkent_school,16,15,1.0,uniform,3,300,4,2646,sha256:59a1f5698ed0d5c8ce8993a0ed7eed98ba300e54f4393e2c5e13899cbb865c0a,697,65536,0,0,15,2,c07 c11 c13,c07 c11 c13,c07 c13 c15
main|shymkent_school|nc16|np15|br1.0|uniform|ms3|r300|s5,main,shymkent_school,16,15,1.0,uniform,3,300,5,2431,sha256:7ad75e14044e02c0c324698caddc5f929d744ccc63cbc767a6fd676101d59e58,697,65536,0,0,12,2,c04 c05 c11,c01 c04 c05,c04 c05 c11
main|shymkent_school|nc16|np15|br1.0|uniform|ms3|r300|s6,main,shymkent_school,16,15,1.0,uniform,3,300,6,2711,sha256:d258cf3fbe3a319678987050a6c4511ee68cf2c232d712b945219defae33da39,697,65536,0,0,14,1,c10 c14 c15,c10 c14 c15,c10 c14 c15
main|shymkent_school|nc16|np15|br1.0|uniform|ms3|r300|s7,main,shymkent_school,16,15,1.0,uniform,3,300,7,2817,sha256:46dca482aa308199e2c5c52c5ae3b7684d76359ae5e87f128e954feb8e017f0f,697,65536,0,0,15,2,c08 c09 c11,c00 c08 c09,c08 c09 c11
main|shymkent_school|nc16|np15|br1.0|uniform|ms3|r300|s8,main,shymkent_school,16,15,1.0,uniform,3,300,8,2873,sha256:31fa82cf8cf6646d49aa4aacfceca8986fcfa34f9cfaf8fa60cb98275fb302f0,697,65536,0,0,11,2,c06 c10 c14,c06 c10 c14,c00 c06 c10
main|shymkent_school|nc16|np15|br1.0|uniform|ms3|r300|s9,main,shymkent_school,16,15,1.0,uniform,3,300,9,2504,sha256:e67b18f01eca21340d725ce21124da7c02b7e7679ded134d269c9a0f16d80402,697,65536,0,0,10,1,c08 c10 c12,c08 c10 c12,c08 c10 c12
main|shymkent_school|nc16|np15|br1.0|random_1_100|ms3|r300|s0,main,shymkent_school,16,15,1.0,random_1_100,3,300,0,2953,sha256:60acc5f6883eca333b73a5b0078581b15ef798619b07a8f57d4fd5f2e3dcb1f6,697,65536,0,0,10,2,c01 c10 c13,c01 c10 c14,c01 c10 c14
main|shymkent_school|nc16|np15|br1.0|random_1_100|ms3|r300|s1,main,shymkent_school,16,15,1.0,random_1_100,3,300,1,2943,sha256:d27ea4b97cfacae71110c50c1a7a54a09580f115aa17c44c557cab0d5e69464f,697,65536,0,0,7,1,c00 c01 c06,c00 c01 c06,c00 c01 c06
main|shymkent_school|nc16|np15|br1.0|random_1_100|ms3|r300|s2,main,shymkent_school,16,15,1.0,random_1_100,3,300,2,2565,sha256:e6bb7b945e0ea44315390b7bc4b92de1933156984ba7fdc0e30706ea83caa638,697,65536,0,0,13,2,c03 c10 c12,c10 c12 c13,c03 c10 c12
main|shymkent_school|nc16|np15|br1.0|random_1_100|ms3|r300|s3,main,shymkent_school,16,15,1.0,random_1_100,3,300,3,2570,sha256:73b74e291e9fc539ae1b6139e075fa4b39e527a3ed0c1784334893c4244eee63,697,65536,0,0,9,3,c02 c09 c10,c02 c03 c10,c02 c09 c13
main|shymkent_school|nc16|np15|br1.0|random_1_100|ms3|r300|s4,main,shymkent_school,16,15,1.0,random_1_100,3,300,4,2646,sha256:1a4814de51d51bb4f1bd00049f1c2190dde91a80ecf22561d9be4ad64bc743a1,697,65536,0,0,11,2,c07 c13 c15,c07 c11 c13,c07 c13 c15
main|shymkent_school|nc16|np15|br1.0|random_1_100|ms3|r300|s5,main,shymkent_school,16,15,1.0,random_1_100,3,300,5,2431,sha256:cffd2d63bbe4719df823f53e70190623ed9b7693b02045bd55e550c781e81a29,697,65536,0,0,9,1,c01 c04 c11,c01 c04 c11,c01 c04 c11
main|shymkent_school|nc16|np15|br1.0|random_1_100|ms3|r300|s6,main,shymkent_school,16,15,1.0,random_1_100,3,300,6,2711,sha256:d0c7c112b97a898edc11e76e630bb4c7a827e0e0a2813adf94b024ee9909eccb,697,65536,0,0,15,2,c07 c10 c15,c07 c10 c15,c10 c14 c15
main|shymkent_school|nc16|np15|br1.0|random_1_100|ms3|r300|s7,main,shymkent_school,16,15,1.0,random_1_100,3,300,7,2817,sha256:b053819b6c758e22a4278fe5060a823aaa21bcec5b6ccaec0f2080e0835692d3,697,65536,0,0,18,2,c08 c09 c11,c00 c08 c09,c08 c09 c11
main|shymkent_school|nc16|np15|br1.0|random_1_100|ms3|r300|s8,main,shymkent_school,16,15,1.0,random_1_100,3,300,8,2873,sha256:f5e3ffc761397f47c849b875341d8bb92d5a30dc6292fa53d316430d00200c88,697,65536,0,0,13,3,c00 c06 c14,c06 c10 c14,c00 c06 c10
main|shymkent_school|nc16|np15|br1.0|random_1_100|ms3|r300|s9,main,shymkent_school,16,15,1.0,random_1_100,3,300,9,2504,sha256:888f2417408535f1f097bf9cc9baa0bffec52a5ee7ad9fef43755c4f8f3312ab,697,65536,0,0,10,1,c08 c10 c12,c08 c10 c12,c08 c10 c12
main|shymkent_school|nc16|np15|br1.0|one_heavy|ms3|r300|s0,main,shymkent_school,16,15,1.0,one_heavy,3,300,0,2953,sha256:f3f1e75063d3ad48c98d76339919cc24557263c4b05bf0d24c720a9a8c76f9ca,697,65536,0,0,11,2,c01 c13 c14,c01 c10 c14,c01 c10 c14
main|shymkent_school|nc16|np15|br1.0|one_heavy|ms3|r300|s1,main,shymkent_school,16,15,1.0,one_heavy,3,300,1,2943,sha256:2d5c4bd2f344f521390844abe00634f2692ee856ec74f30a8d624e867a2ec14d,697,65536,0,0,5,1,c00 c01 c06,c00 c01 c06,c00 c01 c06
main|shymkent_school|nc16|np15|br1.0|one_heavy|ms3|r300|s2,main,shymkent_school,16,15,1.0,one_heavy,3,300,2,2565,sha256:55fd5cf6d564f040d13052d61b86a7adf9468210ab1c2f6d4d2b3a476c30d513,697,65536,0,0,19,2,c07 c10 c12,c10 c12 c13,c07 c10 c12
main|shymkent_school|nc16|np15|br1.0|one_heavy|ms3|r300|s3,main,shymkent_school,16,15,1.0,one_heavy,3,300,3,2570,sha256:ed718760dbb9584f6e42364cc35b0eb1fe9082c8957ef98d683dcd4bc0760446,697,65536,0,0,12,2,c02 c03 c08,c02 c03 c10,c02 c03 c08
main|shymkent_school|nc16|np15|br1.0|one_heavy|ms3|r300|s4,main,shymkent_school,16,15,1.0,one_heavy,3,300,4,2646,sha256:86ba6778478d8cf6b06e450f06a20b62fed60bdb70048f104f6ee67ad0438791,697,65536,0,0,17,2,c02 c07 c11,c02 c07 c11,c07 c13 c15
main|shymkent_school|nc16|np15|br1.0|one_heavy|ms3|r300|s5,main,shymkent_school,16,15,1.0,one_heavy,3,300,5,2431,sha256:ffeee4d2c90a8c058fe820cf7cea60a91e23f1297d27aaafcd0d1eb656da9a40,697,65536,0,0,11,2,c04 c05 c15,c01 c04 c15,c04 c05 c15
main|shymkent_school|nc16|np15|br1.0|one_heavy|ms3|r300|s6,main,shymkent_school,16,15,1.0,one_heavy,3,300,6,2711,sha256:8d46beeb014c4cf9f159100b41b452d22c386edae5986ef28f312a0dd3341218,697,65536,0,0,16,2,c02 c10 c15,c02 c10 c15,c10 c14 c15
main|shymkent_school|nc16|np15|br1.0|one_heavy|ms3|r300|s7,main,shymkent_school,16,15,1.0,one_heavy,3,300,7,2817,sha256:dba30f5ad9b8464f99a80cd15d91d124fefda06b4055586846b4460d8e233062,697,65536,0,0,17,2,c08 c09 c14,c00 c08 c09,c08 c09 c14
main|shymkent_school|nc16|np15|br1.0|one_heavy|ms3|r300|s8,main,shymkent_school,16,15,1.0,one_heavy,3,300,8,2873,sha256:2b774fdf9d05a4899b38b38ead41502bd62df8e048734a26f48a0436d0d181b7,697,65536,0,0,14,2,c04 c06 c10,c06 c10 c14,c04 c06 c10
main|shymkent_school|nc16|np15|br1.0|one_heavy|ms3|r300|s9,main,shymkent_school,16,15,1.0,one_heavy,3,300,9,2504,sha256:970c398c2c84f2175eab4838c5641666c540d4174db98adde8760cffd200cc1d,697,65536,0,0,10,1,c08 c10 c12,c08 c10 c12,c08 c10 c12
main|shymkent_school|nc16|np25|br0.25|uniform|ms3|r300|s0,main,shymkent_school,16,25,0.25,uniform,3,300,0,738,sha256:080c4056fbc7fc073dfd87fdc76f4879307ef41a8028d82101e36244e5c68277,43,65536,1,0,9,2,c10 c13,c10 c13,c06 c10
main|shymkent_school|nc16|np25|br0.25|uniform|ms3|r300|s1,main,shymkent_school,16,25,0.25,uniform,3,300,1,735,sha256:3c5f9c01e507c7a7b4919525dbdb04d3eafe636316862f59bd9ec45485c62a6d,22,65536,1,0,3,2,c00 c01,c00 c01,c11
main|shymkent_school|nc16|np25|br0.25|uniform|ms3|r300|s2,main,shymkent_school,16,25,0.25,uniform,3,300,2,641,sha256:817ff7c4232f3b4793dc5bddefa0f0dd8bf667291bd8f74824aa08bf28722352,54,65536,1,0,5,1,c00 c04 c11,c00 c04 c11,c00 c04 c11
main|shymkent_school|nc16|np25|br0.25|uniform|ms3|r300|s3,main,shymkent_school,16,25,0.25,uniform,3,300,3,642,sha256:9ba4bef0270278156ba78728e6ac80d5b7ef288bf1fdc180d763b06bfa6f017f,55,65536,1,0,7,1,c02 c03 c14,c02 c03 c14,c02 c03 c14
main|shymkent_school|nc16|np25|br0.25|uniform|ms3|r300|s4,main,shymkent_school,16,25,0.25,uniform,3,300,4,661,sha256:7d95462c377a24de03721c7591889818598a1315fa93711b0704a6d6aee531c3,21,65536,1,0,5,2,c07,c04,c07
main|shymkent_school|nc16|np25|br0.25|uniform|ms3|r300|s5,main,shymkent_school,16,25,0.25,uniform,3,300,5,607,sha256:bd30bfd3cac07db2a3b000e8ef6e78c154c1953e077b8d27afd3971385b40df5,21,65536,1,0,3,2,c04,c00 c10,c04
main|shymkent_school|nc16|np25|br0.25|uniform|ms3|r300|s6,main,shymkent_school,16,25,0.25,uniform,3,300,6,677,sha256:13155d5624ab1c8d00454114fd80eb71189cbb7b0cbb0453b50a106e43ddb221,22,65536,1,0,5,1,c06 c09 c10,c06 c09 c10,c06 c09 c10
main|shymkent_school|nc16|np25|br0.25|uniform|ms3|r300|s7,main,shymkent_school,16,25,0.25,uniform,3,300,7,704,sha256:54945214041e41069ba1381f5549f14510a2b0cd003f2662a3bb5037706dbab5,46,65536,1,0,7,2,c05 c06,c05 c06,c05 c07 c13
main|shymkent_school|nc16|np25|br0.25|uniform|ms3|r300|s8,main,shymkent_school,16,25,0.25,uniform,3,300,8,718,sha256:925aa9a1361adc2410a2abb574691f5f04c034cabeaecbabd80e22cf50ea212b,26,65536,1,0,6,2,c03 c11 c14,c03 c11 c14,c00 c03 c11
main|shymkent_school|nc16|np25|br0.25|uniform|ms3|r300|s9,main,shymkent_school,16,25,0.25,uniform,3,300,9,626,sha256:1579be66a9574237dd7e2eba988fc6a9bb84c9ce1232d1ccfa21e58a1808be3a,98,65536,1,0,4,1,c03 c13,c03 c13,c03 c13
main|shymkent_school|nc16|np25|br0.25|random_1_100|ms3|r300|s0,main,shymkent_school,16,25,0.25,random_1_100,3,300,0,738,sha256:7633ca37306d4e8d5aa4122245dc86caeeef05c9b31b81d044d818e90367d666,43,65536,1,0,10,2,c10 c13,c10 c13,c06 c10
main|shymkent_school|nc16|np25|br0.25|random_1_100|ms3|r300|s1,main,shymkent_school,16,25,0.25,random_1_100,3,300,1,735,sha256:dcd66e03691c218d7fd4c5b8dc0957c01f293d0a77027b12066fb223c2918306,22,65536,1,0,9,2,c11,c01 c12,c11
main|shymkent_school|nc16|np25|br0.25|random_1_100|ms3|r300|s2,main,shymkent_school,16,25,0.25,random_1_100,3,300,2,641,sha256:9c5b9f3b57cb6ad5b4ef312497d95ddac6f16ca6d69963889bee4a60d36867a4,54,65536,1,0,6,1,c00 c04 c11,c00 c04 c11,c00 c04 c11
main|shymkent_school|nc16|np25|br0.25|random_1_100|ms3|r300|s3,main,shymkent_school,16,25,0.25,random_1_100,3,300,3,642,sha256:3c510faad26d914e4cfceb608543e5503100100202c5b8806560018de847d533,55,65536,1,0,7,3,c01 c02 c14,c02 c03 c14,c02 c13 c14
main|shymkent_school|nc16|np25|br0.25|random_1_100|ms3|r300|s4,main,shymkent_school,16,25,0.25,random_1_100,3,300,4,661,sha256:8f5aeea55c7af43cfdebc76efd03b463952e1035a390e69a370f1d8b59c7add0,21,65536,1,0,5,2,c07,c04,c07
main|shymkent_school|nc16|np25|br0.25|random_1_100|ms3|r300|s5,main,shymkent_school,16,25,0.25,random_1_100,3,300,5,607,sha256:afe1dce6b032bfe2f4e70548f06752edcbaead6a4e24ec3e5a85ef5ab2753d84,21,65536,1,0,3,2,c01,c00 c10,c01
main|shymkent_school|nc16|np25|br0.25|random_1_100|ms3|r300|s6,main,shymkent_school,16,25,0.25,random_1_100,3,300,6,677,sha256:be4ce8752b2ef6e790cb978a3ae286979919f2586d269a0519dbad111f791637,22,65536,1,0,5,1,c06 c09 c10,c06 c09 c10,c06 c09 c10
main|shymkent_school|nc16|np25|br0.25|random_1_100|ms3|r300|s7,main,shymkent_school,16,25,0.25,random_1_100,3,300,7,704,sha256:6540eae046e8b0e243dbab16beb3e063eee1473c0689d7accdee37b28f95e305,46,65536,1,0,7,2,c05 c06,c05 c06,c05 c07 c13
main|shymkent_school|nc16|np25|br0.25|random_1_100|ms3|r300|s8,main,shymkent_school,16,25,0.25,random_1_100,3,300,8,718,sha256:dcb213b48c380ae05273b185ccadb8814691d41d4fd16b7eb4d734f95c83ffaf,26,65536,1,0,8,2,c00 c03 c11,c03 c11 c14,c00 c03 c11
main|shymkent_school|nc16|np25|br0.25|random_1_100|ms3|r300|s9,main,shymkent_school,16,25,0.25,random_1_100,3,300,9,626,sha256:8ebb313bf53e290657b1a082978435fae259ab8b7ebb84d17ec209013a260086,98,65536,1,0,4,1,c03 c13,c03 c13,c03 c13
main|shymkent_school|nc16|np25|br0.25|one_heavy|ms3|r300|s0,main,shymkent_school,16,25,0.25,one_heavy,3,300,0,738,sha256:707601db8c0049e98ed0e7be2daeeb5de69aae00009d2ae9d38934f60784e755,43,65536,1,0,8,2,c10 c13,c10 c13,c06 c10
main|shymkent_school|nc16|np25|br0.25|one_heavy|ms3|r300|s1,main,shymkent_school,16,25,0.25,one_heavy,3,300,1,735,sha256:2c1c0a6b60a5e5e0f340e679c680205bf0ddbfcba0db02baaf2350d3e04bb59d,22,65536,1,0,4,2,c00 c01,c00 c01,c11
main|shymkent_school|nc16|np25|br0.25|one_heavy|ms3|r300|s2,main,shymkent_school,16,25,0.25,one_heavy,3,300,2,641,sha256:a32c76d4ff1ed673c8bf8eb973859d5741af4c9cef873af27714261a18e3dbf5,54,65536,1,0,5,1,c00 c04 c11,c00 c04 c11,c00 c04 c11
main|shymkent_school|nc16|np25|br0.25|one_heavy|ms3|r300|s3,main,shymkent_school,16,25,0.25,one_heavy,3,300,3,642,sha256:ccfac09b48cc1dba39ae520c9b8bf6d18ae0fb1e4c187a20613aee5ff731f171,55,65536,1,0,8,2,c02 c04,c02 c03 c14,c02 c03 c14
main|shymkent_school|nc16|np25|br0.25|one_heavy|ms3|r300|s4,main,shymkent_school,16,25,0.25,one_heavy,3,300,4,661,sha256:de62f10e48b392a5d0da39e9587170a0ac6c72407e5c28b648e66dc8cd73df2b,21,65536,1,0,5,2,c07,c04,c07
main|shymkent_school|nc16|np25|br0.25|one_heavy|ms3|r300|s5,main,shymkent_school,16,25,0.25,one_heavy,3,300,5,607,sha256:a94045443c73088195a76a70a16a2797615487ca150f6328c0c2b58a02059d1e,21,65536,1,0,4,2,c04,c00 c10,c04
main|shymkent_school|nc16|np25|br0.25|one_heavy|ms3|r300|s6,main,shymkent_school,16,25,0.25,one_heavy,3,300,6,677,sha256:58ca30fed143439a3d759becf6f4bf5dede8d4db15e3c214a1c3c6fd08f1c219,22,65536,1,0,5,1,c06 c09 c10,c06 c09 c10,c06 c09 c10
main|shymkent_school|nc16|np25|br0.25|one_heavy|ms3|r300|s7,main,shymkent_school,16,25,0.25,one_heavy,3,300,7,704,sha256:f2c9dcde6ec0d32f14f4daff0504e3c9de1bd553398c1d2c0c27041ebfcbb130,46,65536,1,0,7,2,c05 c06,c05 c06,c05 c07 c13
main|shymkent_school|nc16|np25|br0.25|one_heavy|ms3|r300|s8,main,shymkent_school,16,25,0.25,one_heavy,3,300,8,718,sha256:3e68c4f5887aac88592601dfb0f70c4bcb5362bd2d4e7cbbd7a8bee65ff57c8f,26,65536,1,0,7,2,c04,c03 c11 c14,c04
main|shymkent_school|nc16|np25|br0.25|one_heavy|ms3|r300|s9,main,shymkent_school,16,25,0.25,one_heavy,3,300,9,626,sha256:058ee4eb291686f3dc99210ed00f679e0e0b4278fafe490a49c03ed1b825ee5d,98,65536,1,0,4,1,c03 c13,c03 c13,c03 c13
main|shymkent_school|nc16|np25|br0.5|uniform|ms3|r300|s0,main,shymkent_school,16,25,0.5,uniform,3,300,0,1476,sha256:d69fda6db5ad88664a0f665f07de6f7e64f6970da050fa2549413f37d2fb07d0,272,65536,1,0,16,2,c01 c13 c14,c01 c13 c14,c01 c06 c14
main|shymkent_school|nc16|np25|br0.5|uniform|ms3|r300|s1,main,shymkent_school,16,25,0.5,uniform,3,300,1,1471,sha256:4a23ec2a3e74ca0b7c244a41a05914547c93c771d12b11d6c36f25b9f0bebf10,176,65536,1,0,7,2,c00 c01 c11,c01 c06 c12,c00 c01 c11
main|shymkent_school|nc16|np25|br0.5|uniform|ms3|r300|s2,main,shymkent_school,16,25,0.5,uniform,3,300,2,1282,sha256:7d21b087a36a2b4b52b769a4ad84dfda1965ee277955d13077f2bb57b38a1cb7,316,65536,1,0,8,3,c00 c10 c11,c00 c10 c14,c04 c11 c12
main|shymkent_school|nc16|np25|br0.5|uniform|ms3|r300|s3,main,shymkent_school,16,25,0.5,uniform,3,300,3,1285,sha256:982f772df78fdec29a6ff3653224159e3c7feedf4f276f85bb9196d12658f5c7,347,65536,1,0,9,2,c02 c08 c14,c02 c03 c10,c02 c08 c14
main|shymkent_school|nc16|np25|br0.5|uniform|ms3|r300|s4,main,shymkent_school,16,25,0.5,uniform,3,300,4,1323,sha256:b953fb636a559e6696dd01f52cf10583bb8e4a6721b76d84fc736462716cb22b,203,65536,1,0,9,2,c07 c10,c04 c11,c07 c10
main|shymkent_school|nc16|np25|br0.5|uniform|ms3|r300|s5,main,shymkent_school,16,25,0.5,uniform,3,300,5,1215,sha256:1cb0ed2554a0428b26e94d013ee57a501b7bafec7c97e7e442c81a85cb4d63f1,234,65536,1,0,9,2,c04 c05,c01 c04 c10,c01 c04 c10
main|shymkent_school|nc16|np25|br0.5|uniform|ms3|r300|s6,main,shymkent_school,16,25,0.5,uniform,3,300,6,1355,sha256:61ae75f78b925a086933f0b0591a7911498f889a41c43364c60cc769bfd7f69e,191,65536,1,0,12,1,c06 c10 c15,c06 c10 c15,c06 c10 c15
main|shymkent_school|nc16|np25|br0.5|uniform|ms3|r300|s7,main,shymkent_school,16,25,0.5,uniform,3,300,7,1408,sha256:a4009638817813bb30a2eb26464f28dc9be8fffef250ae44ab180961689f4c86,291,65536,1,0,11,3,c06 c08,c05 c07 c09,c05 c07 c08
main|shymkent_school|nc16|np25|br0.5|uniform|ms3|r300|s8,main,shymkent_school,16,25,0.5,uniform,3,300,8,1436,sha256:a326bc62f466e07f3c4c0f6d89e26c9071f78269cc209cc68e4848fc761213ec,195,65536,1,0,12,1,c06 c11 c14,c06 c11 c14,c06 c11 c14
main|shymkent_school|nc16|np25|br0.5|uniform|ms3|r300|s9,main,shymkent_school,16,25,0.5,uniform,3,300,9,1252,sha256:4c9780a666aaeb371c63d06762a90184dba2a924ea0757288b7c6e405d667869,403,65536,1,0,9,1,c03 c08 c13,c03 c08 c13,c03 c08 c13
main|shymkent_school|nc16|np25|br0.5|random_1_100|ms3|r300|s0,main,shymkent_school,16,25,0.5,random_1_100,3,300,0,1476,sha256:17288976f9cf88a02ab9f9bfd03f40412480d92b7b5d51577bed5ca36fb7be5f,272,65536,1,0,17,3,c01 c10 c13,c01 c13 c14,c01 c06 c10
main|shymkent_school|nc16|np25|br0.5|random_1_100|ms3|r300|s1,main,shymkent_school,16,25,0.5,random_1_100,3,300,1,1471,sha256:038f084b539c213a3e202eeba09353ccddba0ed5f121e4653ba11d0a4214a0f2,176,65536,1,0,13,3,c06 c11,c01 c06 c12,c00 c01 c11
main|shymkent_school|nc16|np25|br0.5|random_1_100|ms3|r300|s2,main,shymkent_school,16,25,0.5,random_1_100,3,300,2,1282,sha256:e1fa0d3cd1010dd3d712266d1f7d740ef6bf8da7c00c16e2cf7bfad1c4deaafc,316,65536,1,0,9,3,c00 c10 c11,c00 c10 c14,c04 c11 c12
main|shymkent_school|nc16|np25|br0.5|random_1_100|ms3|r300|s3,main,shymkent_school,16,25,0.5,random_1_100,3,300,3,1285,sha256:944d17cd125442f60c826e3ffd2ee6fc35ba2780e2524a780e3edc4ba75bf3ec,347,65536,1,0,10,2,c02 c08 c14,c02 c09 c14,c02 c08 c14
main|shymkent_school|nc16|np25|br0.5|random_1_100|ms3|r300|s4,main,shymkent_school,16,25,0.5,random_1_100,3,300,4,1323,sha256:153b3d43eb4e2be4377cdd74e04f729a85bac906bf2a2fbf1f8254392e3de94d,203,65536,1,0,8,3,c07 c09 c15,c04 c11,c07 c13
main|shymkent_school|nc16|np25|br0.5|random_1_100|ms3|r300|s5,main,shymkent_school,16,25,0.5,random_1_100,3,300,5,1215,sha256:592a786ad7fb70cff3ad71163cf3e9d6d399641f3057bbaa3cd450dceaba9583,234,65536,1,0,6,1,c01 c04 c10,c01 c04 c10,c01 c04 c10
main|shymkent_school|nc16|np25|br0.5|random_1_100|ms3|r300|s6,main,shymkent_school,16,25,0.5,random_1_100,3,300,6,1355,sha256:d972ee2b796396bc92f5f3f5019b578824aa0b4a0861dae56fdef7da8d4fa1de,191,65536,1,0,12,1,c06 c10 c15,c06 c10 c15,c06 c10 c15
main|shymkent_school|nc16|np25|br0.5|random_1_100|ms3|r300|s7,main,shymkent_school,16,25,0.5,random_1_100,3,300,7,1408,sha256:e14573448177577e2e27603d1fb0309dea388b7dfe70b25f84634c2e5cda3211,291,65536,1,0,16,3,c03 c07 c08,c03 c09 c13,c05 c07 c08
main|shymkent_school|nc16|np25|br0.5|random_1_100|ms3|r300|s8,main,shymkent_school,16,25,0.5,random_1_100,3,300,8,1436,sha256:9f5b9a3530d11d46febe2dd6465c9ec432438f68d0861a8de74c1db9829684f6,195,65536,1,0,12,2,c00 c10 c14,c06 c11 c14,c06 c11 c14
main|shymkent_school|nc16|np25|br0.5|random_1_100|ms3|r300|s9,main,shymkent_school,16,25,0.5,random_1_100,3,300,9,1252,sha256:7c3b4fecd168fadb994e8e3e66dfc8fddfe085db98d3d36d728be273555f7eb7,403,65536,1,0,9,1,c03 c08 c13,c03 c08 c13,c03 c08 c13
main|shymkent_school|nc16|np25|br0.5|one_heavy|ms3|r300|s0,main,shymkent_school,16,25,0.5,one_heavy,3,300,0,1476,sha256:a2f28ec139cbb8f5e5e4d3e4a1c337bde73000929bc38a6c4a3fe4c8f242f15d,272,65536,1,0,13,2,c01 c13 c14,c01 c13 c14,c01 c06 c14
main|shymkent_school|nc16|np25|br0.5|one_heavy|ms3|r300|s1,main,shymkent_school,16,25,0.5,one_heavy,3,300,1,1471,sha256:d6a1745f28db93c0ac925654df3b8c3ec6676bd0e5b15b9964325771fa24ed62,176,65536,1,0,7,2,c00 c01 c11,c00 c01 c06,c00 c01 c11
main|shymkent_school|nc16|np25|br0.5|one_heavy|ms3|r300|s2,main,shymkent_school,16,25,0.5,one_heavy,3,300,2,1282,sha256:f7101d7ec87d3f71298d899aeb57afef4f37e3dc902dbbc39fb7db9c905fc86c,316,65536,1,0,12,3,c00 c04 c07,c00 c10 c14,c04 c11 c12
main|shymkent_school|nc16|np25|br0.5|one_heavy|ms3|r300|s3,main,shymkent_school,16,25,0.5,one_heavy,3,300,3,1285,sha256:42132b0cb1b0e987ac8bd6361d2577054697e3bcaff7cb470fb9713baa4ed0f0,347,65536,1,0,14,2,c02 c08 c14,c02 c03 c10,c02 c08 c14
main|shymkent_school|nc16|np25|br0.5|one_heavy|ms3|r300|s4,main,shymkent_school,16,25,0.5,one_heavy,3,300,4,1323,sha256:688f952fed09c4a3da854cfb8f6549764a32645ed3e8da4cf291cafaf517d7f0,203,65536,1,0,10,2,c07 c10,c04 c11,c07 c10
main|shymkent_school|nc16|np25|br0.5|one_heavy|ms3|r300|s5,main,shymkent_school,16,25,0.5,one_heavy,3,300,5,1215,sha256:b6e1ecb00f8ff0d259b5eb178971929f4587b2b7ef46dbfc9ee22a3b5e868e13,234,65536,1,0,9,3,c04 c10 c15,c01 c10 c15,c01 c04 c10
main|shymkent_school|nc16|np25|br0.5|one_heavy|ms3|r300|s6,main,shymkent_school,16,25,0.5,one_heavy,3,300,6,1355,sha256:0372d37cc82145254de819a5cdba479759d3ec5c89f3e5be0f3623d83285dafe,191,65536,1,0,10,2,c02 c06 c10,c06 c10 c15,c06 c10 c15
main|shymkent_school|nc16|np25|br0.5|one_heavy|ms3|r300|s7,main,shymkent_school,16,25,0.5,one_heavy,3,300,7,1408,sha256:5c1fa8c1e8d355a1f2d4a206a8241b7a38d788eb46c5f6600cc7afc7f2da62b5,291,65536,1,0,14,3,c05 c06 c14,c05 c07 c09,c05 c07 c08
main|shymkent_school|nc16|np25|br0.5|one_heavy|ms3|r300|s8,main,shymkent_school,16,25,0.5,one_heavy,3,300,8,1436,sha256:a74aac93cd8261e07711a14957c736e233879797b3435b7ff9f741b726b2041f,195,65536,1,0,11,3,c04 c11 c14,c06 c11 c14,c00 c04 c11
main|shymkent_school|nc16|np25|br0.5|one_heavy|ms3|r300|s9,main,shymkent_school,16,25,0.5,one_heavy,3,300,9,1252,sha256:dad2bacadbff8954a7db972dad01087d257b07bcf9f14ddec2ca05d9ab23d379,403,65536,1,0,9,1,c03 c08 c13,c03 c08 c13,c03 c08 c13
main|shymkent_school|nc16|np25|br0.75|uniform|ms3|r300|s0,main,shymkent_school,16,25,0.75,uniform,3,300,0,2214,sha256:452f6ef70590f119420222ee3746b8c04f7bf9d68d8c15b679fba654a3ccaa12,598,65536,1,0,16,2,c01 c13 c14,c01 c10 c14,c01 c10 c14
main|shymkent_school|nc16|np25|br0.75|uniform|ms3|r300|s1,main,shymkent_school,16,25,0.75,uniform,3,300,1,2207,sha256:854b5bbe37a9e11c7ca1ff39c9a91fcdc70870d0dcb342f576050bd05254244c,528,65536,1,0,8,1,c01 c06 c11,c01 c06 c11,c01 c06 c11
main|shymkent_school|nc16|np25|br0.75|uniform|ms3|r300|s2,main,shymkent_school,16,25,0.75,uniform,3,300,2,1923,sha256:a29101d3686a271432d0d00009c3e8db50adbd5131e333ff438470fe22ebea34,612,65536,1,0,11,3,c00 c10 c12,c10 c12 c14,c10 c11 c12
main|shymkent_school|nc16|np25|br0.75|uniform|ms3|r300|s3,main,shymkent_school,16,25,0.75,uniform,3,300,3,1927,sha256:eb9c5fec08d86180e8156d5cbad673004e00838260438b72ab172a13b1b8e920,636,65536,1,0,10,2,c02 c08 c10,c02 c10 c11,c02 c08 c10
main|shymkent_school|nc16|np25|br0.75|uniform|ms3|r300|s4,main,shymkent_school,16,25,0.75,uniform,3,300,4,1984,sha256:67db9f253fce3dd20ec2bc5212e71442daec0469fb07c8f7ee96da9d8386960a,584,65536,1,0,12,2,c07 c11 c15,c07 c11 c15,c07 c10 c15
main|shymkent_school|nc16|np25|br0.75|uniform|ms3|r300|s5,main,shymkent_school,16,25,0.75,uniform,3,300,5,1823,sha256:4b8a96d0f85db21879538282bfb187cca0946de0ce801591906d0300dff635ac,611,65536,1,0,12,2,c02 c04 c05,c01 c04 c05,c01 c04 c05
main|shymkent_school|nc16|np25|br0.75|uniform|ms3|r300|s6,main,shymkent_school,16,25,0.75,uniform,3,300,6,2033,sha256:77a5e912bac961b702465c32064299f8230d8bcc9f0034ee54e8fc0c036b237b,528,65536,1,0,14,1,c00 c10 c15,c00 c10 c15,c00 c10 c15
main|shymkent_school|nc16|np25|br0.75|uniform|ms3|r300|s7,main,shymkent_school,16,25,0.75,uniform,3,300,7,2112,sha256:989acff6dc1e0becad4b6efe5d6051ee3e21e418428d2e6629cf47e827759a46,607,65536,1,0,15,1,c05 c08 c09,c05 c08 c09,c05 c08 c09
main|shymkent_school|nc16|np25|br0.75|uniform|ms3|r300|s8,main,shymkent_school,16,25,0.75,uniform,3,300,8,2154,sha256:f4bd5c7401e04366101320e1652252214979ea4eb231b82ffb1c47275dfdc719,541,65536,1,0,15,2,c06 c10 c14,c06 c10 c14,c00 c06 c10
main|shymkent_school|nc16|np25|br0.75|uniform|ms3|r300|s9,main,shymkent_school,16,25,0.75,uniform,3,300,9,1878,sha256:ea7f157e41c689dec8335d5046be5b82c9d3df972110dc668233e04712f2707b,648,65536,1,0,11,1,c03 c08 c12,c03 c08 c12,c03 c08 c12
main|shymkent_school|nc16|np25|br0.75|random_1_100|ms3|r300|s0,main,shymkent_school,16,25,0.75,random_1_100,3,300,0,2214,sha256:d8b877ee8510bada0bdc42b2b96edd5fbf6efe0c292ec33da8ad5a40790d249a,598,65536,1,0,17,2,c01 c10 c13,c01 c10 c14,c01 c10 c14
main|shymkent_school|nc16|np25|br0.75|random_1_100|ms3|r300|s1,main,shymkent_school,16,25,0.75,random_1_100,3,300,1,2207,sha256:c5759039ca08a438e9d0741da36dc94b7b4c6a7001a2d218d29d9691d50ff226,528,65536,1,0,14,1,c01 c06 c11,c01 c06 c11,c01 c06 c11
main|shymkent_school|nc16|np25|br0.75|random_1_100|ms3|r300|s2,main,shymkent_school,16,25,0.75,random_1_100,3,300,2,1923,sha256:29a87508a4c818e476d96b3148386afccfd8786c25924ea8d924e1696d1f103d,612,65536,1,0,12,3,c00 c07 c10,c10 c12 c14,c10 c11 c12
main|shymkent_school|nc16|np25|br0.75|random_1_100|ms3|r300|s3,main,shymkent_school,16,25,0.75,random_1_100,3,300,3,1927,sha256:422652db56ba5bb798d74f9a914e573744d99ff08803cc777e796e774170ff60,636,65536,1,0,11,2,c02 c08 c10,c02 c09 c10,c02 c08 c10
main|shymkent_school|nc16|np25|br0.75|random_1_100|ms3|r300|s4,main,shymkent_school,16,25,0.75,random_1_100,3,300,4,1984,sha256:dc1ffc4c05e69524c41fc10b40561bb521a99ee410f8ac09c232201ce714bb30,584,65536,1,0,11,2,c07 c11 c15,c07 c11 c15,c07 c13 c15
main|shymkent_school|nc16|np25|br0.75|random_1_100|ms3|r300|s5,main,shymkent_school,16,25,0.75,random_1_100,3,300,5,1823,sha256:d8f4a3f982cd5a53032a10bf1d1bcd2fbe0d18d1db940d48af5ebbccba98e5f7,611,65536,1,0,13,1,c01 c04 c11,c01 c04 c11,c01 c04 c11
main|shymkent_school|nc16|np25|br0.75|random_1_100|ms3|r300|s6,main,shymkent_school,16,25,0.75,random_1_100,3,300,6,2033,sha256:9608b5073d77eff501e3e835d53ddedb552496d88434a211d830057be2d23999,528,65536,1,0,14,2,c07 c10 c15,c07 c10 c15,c00 c10 c15
main|shymkent_school|nc16|np25|br0.75|random_1_100|ms3|r300|s7,main,shymkent_school,16,25,0.75,random_1_100,3,300,7,2112,sha256:e04c40f3483af7f48d9ff997b94aedbf2b4750994611ce9ea1907aefc872d760,607,65536,1,0,20,2,c03 c08 c09,c03 c08 c09,c05 c08 c09
main|shymkent_school|nc16|np25|br0.75|random_1_100|ms3|r300|s8,main,shymkent_school,16,25,0.75,random_1_100,3,300,8,2154,sha256:a685b6ea24caa1390df586212d3f76cb2ee5231ea92ee31f123dfa025a23fa7e,541,65536,1,0,13,2,c06 c10 c14,c06 c10 c14,c00 c06 c10
main|shymkent_school|nc16|np25|br0.75|random_1_100|ms3|r300|s9,main,shymkent_school,16,25,0.75,random_1_100,3,300,9,1878,sha256:e6f7ca91ae22c6a595f1fbac4fbdb82054d30a002f7fb4eba8c8a63d0af81700,648,65536,1,0,11,1,c03 c08 c12,c03 c08 c12,c03 c08 c12
main|shymkent_school|nc16|np25|br0.75|one_heavy|ms3|r300|s0,main,shymkent_school,16,25,0.75,one_heavy,3,300,0,2214,sha256:f7c88cb6dbf484f5b0a52630b63b2e4dbfc4cb0fab99d656dc290ac344551eb3,598,65536,1,0,13,2,c01 c13 c14,c01 c10 c14,c01 c10 c14
main|shymkent_school|nc16|np25|br0.75|one_heavy|ms3|r300|s1,main,shymkent_school,16,25,0.75,one_heavy,3,300,1,2207,sha256:c20fcf6b06f98d9f922766b726be5605b0abca9bf1dd324206fba2a54211018e,528,65536,1,0,7,2,c00 c01 c11,c00 c01 c06,c00 c01 c11
main|shymkent_school|nc16|np25|br0.75|one_heavy|ms3|r300|s2,main,shymkent_school,16,25,0.75,one_heavy,3,300,2,1923,sha256:398b4e84c63e91eab826e032ee5b315c1c9b7016b30698603cd8b02b2574ac91,612,65536,1,0,13,3,c00 c07 c10,c10 c12 c14,c10 c11 c12
main|shymkent_school|nc16|np25|br0.75|one_heavy|ms3|r300|s3,main,shymkent_school,16,25,0.75,one_heavy,3,300,3,1927,sha256:2c75e14a078eb6d0c807e9d70b22e6cd09459daff86f95f43f7e7a2e0a8677b8,636,65536,1,0,15,2,c02 c08 c10,c02 c10 c11,c02 c08 c10
main|shymkent_school|nc16|np25|br0.75|one_heavy|ms3|r300|s4,main,shymkent_school,16,25,0.75,one_heavy,3,300,4,1984,sha256:f4d979833d24e694ada7390f3f2c9631a24013fcc6935227e01d1fe7648a17ff,584,65536,1,0,14,3,c02 c07 c10,c07 c11 c15,c07 c10 c15
main|shymkent_school|nc16|np25|br0.75|one_heavy|ms3|r300|s5,main,shymkent_school,16,25,0.75,one_heavy,3,300,5,1823,sha256:ee4185e3665b71f43068792a69f8cc42f2a0c742705606deb0566052f3ad7aa1,611,65536,1,0,13,2,c04 c05 c15,c01 c04 c15,c01 c04 c15
main|shymkent_school|nc16|np25|br0.75|one_heavy|ms3|r300|s6,main,shymkent_school,16,25,0.75,one_heavy,3,300,6,2033,sha256:244f29e5bb40d5106364e1ecfc1ca1a49e01cf02ddb474446e98f31ccb924fe8,528,65536,1,0,15,2,c02 c10 c15,c02 c10 c15,c00 c10 c15
main|shymkent_school|nc16|np25|br0.75|one_heavy|ms3|r300|s7,main,shymkent_school,16,25,0.75,one_heavy,3,300,7,2112,sha256:98481e71c8b570c1e8f3f09eab087d74be9d9b52841d957dcf2c569b1c78dcad,607,65536,1,0,16,3,c06 c08 c14,c05 c09 c14,c05 c08 c14
main|shymkent_school|nc16|np25|br0.75|one_heavy|ms3|r300|s8,main,shymkent_school,16,25,0.75,one_heavy,3,300,8,2154,sha256:2f93c9c253f5bcf03debea576f77fe18e711c2a54dee0b60e04c3be5f3ffc71d,541,65536,1,0,15,2,c04 c06 c11,c06 c10 c14,c04 c06 c11
main|shymkent_school|nc16|np25|br0.75|one_heavy|ms3|r300|s9,main,shymkent_school,16,25,0.75,one_heavy,3,300,9,1878,sha256:815402f9784d750ecc7eb02b9979bd8d26b6c18464ff05b008b7ecf4adfb11b2,648,65536,1,0,11,1,c03 c08 c12,c03 c08 c12,c03 c08 c12
main|shymkent_school|nc16|np25|br1.0|uniform|ms3|r300|s0,main,shymkent_school,16,25,1.0,uniform,3,300,0,2953,sha256:a352f7ad5f28f0d9e062f7f5f0f820d5a11ea258f6b11807770fab0b904ab4a8,697,65536,0,0,16,2,c01 c13 c14,c01 c10 c14,c01 c10 c14
main|shymkent_school|nc16|np25|br1.0|uniform|ms3|r300|s1,main,shymkent_school,16,25,1.0,uniform,3,300,1,2943,sha256:81cfdcf7b40e9235ccbaade8d73f56d8ff00f0b2bfff3f86d894ff3864b57305,697,65536,0,0,8,1,c01 c06 c11,c01 c06 c11,c01 c06 c11
main|shymkent_school|nc16|np25|br1.0|uniform|ms3|r300|s2,main,shymkent_school,16,25,1.0,uniform,3,300,2,2565,sha256:8fb900670492760794dddf816421c7ec3179fa75ac9a6f9756a905408931c840,697,65536,0,0,11,3,c00 c10 c12,c10 c12 c14,c10 c11 c12
main|shymkent_school|nc16|np25|br1.0|uniform|ms3|r300|s3,main,shymkent_school,16,25,1.0,uniform,3,300,3,2570,sha256:0aabd1bca44c33a2beaadba3c4bdbf8220094b496e40f2e0b7faed7ad48b9ae8,697,65536,0,0,10,2,c02 c08 c10,c02 c10 c11,c02 c08 c10
main|shymkent_school|nc16|np25|br1.0|uniform|ms3|r300|s4,main,shymkent_school,16,25,1.0,uniform,3,300,4,2646,sha256:a15cf9acee86783408476d71c4b2920272a45dbf983ed4361aa874cf8b84b0b3,697,65536,0,0,12,2,c07 c11 c15,c07 c11 c15,c07 c10 c15
main|shymkent_school|nc16|np25|br1.0|uniform|ms3|r300|s5,main,shymkent_school,16,25,1.0,uniform,3,300,5,2431,sha256:7a2b845a052fac726fe81f478d1aaaff08fe0f49d2386980ef802fff216accfc,697,65536,0,0,12,2,c02 c04 c05,c01 c04 c05,c01 c04 c05
main|shymkent_school|nc16|np25|br1.0|uniform|ms3|r300|s6,main,shymkent_school,16,25,1.0,uniform,3,300,6,2711,sha256:81ec0fe210c9d0aaaeadcb12436a72328cfb39843e0830d41460ecac0da2ec0d,697,65536,0,0,14,1,c00 c10 c15,c00 c10 c15,c00 c10 c15
main|shymkent_school|nc16|np25|br1.0|uniform|ms3|r300|s7,main,shymkent_school,16,25,1.0,uniform,3,300,7,2817,sha256:c1c9b54f372790cf1762a2e319fc15d83bc2980ad6071e171b1c4bc2d3a838d9,697,65536,0,0,15,1,c05 c08 c09,c05 c08 c09,c05 c08 c09
main|shymkent_school|nc16|np25|br1.0|uniform|ms3|r300|s8,main,shymkent_school,16,25,1.0,uniform,3,300,8,2873,sha256:758d08a29c7a198cecbb98527007bce998375320510aa717740600c2eafa8fc0,697,65536,0,0,16,2,c02 c06 c10,c06 c10 c14,c02 c06 c10
main|shymkent_school|nc16|np25|br1.0|uniform|ms3|r300|s9,main,shymkent_school,16,25,1.0,uniform,3,300,9,2504,sha256:a6f7e3275567939f0db49be5679cd85ced8f8b1d68a6d38168a2e680f9709a7f,697,65536,0,0,12,2,c05 c08 c12,c05 c08 c12,c03 c08 c12
main|shymkent_school|nc16|np25|br1.0|random_1_100|ms3|r300|s0,main,shymkent_school,16,25,1.0,random_1_100,3,300,0,2953,sha256:a5f454ea054cc0fdf41fb386d1a73970c672efe44809ac20333150ba37ddfd0f,697,65536,0,0,17,3,c01 c10 c13,c01 c10 c14,c01 c07 c10
main|shymkent_school|nc16|np25|br1.0|random_1_100|ms3|r300|s1,main,shymkent_school,16,25,1.0,random_1_100,3,300,1,2943,sha256:8b01f895464a18d08fdb6673464069d714546c258cad7a521e126b81adcacbcc,697,65536,0,0,14,1,c01 c06 c11,c01 c06 c11,c01 c06 c11
main|shymkent_school|nc16|np25|br1.0|random_1_100|ms3|r300|s2,main,shymkent_school,16,25,1.0,random_1_100,3,300,2,2565,sha256:02e4ba624f526a435f2cbe8aed45aa21dad3bb285dda0ae748fcce11aeeab239,697,65536,0,0,12,3,c00 c07 c10,c10 c12 c14,c10 c11 c12
main|shymkent_school|nc16|np25|br1.0|random_1_100|ms3|r300|s3,main,shymkent_school,16,25,1.0,random_1_100,3,300,3,2570,sha256:a95eb43cf76b46a66f8d83255326f1c9ab9a10debe560676eaad127b09bdf263,697,65536,0,0,11,2,c02 c08 c10,c02 c09 c10,c02 c08 c10
main|shymkent_school|nc16|np25|br1.0|random_1_100|ms3|r300|s4,main,shymkent_school,16,25,1.0,random_1_100,3,300,4,2646,sha256:8a9025def87bf0caabc5fc8f927b14a1b89e528ea055d9f57d05e4cb4e7262c2,697,65536,0,0,11,2,c07 c11 c15,c07 c11 c15,c07 c13 c15
main|shymkent_school|nc16|np25|br1.0|random_1_100|ms3|r300|s5,main,shymkent_school,16,25,1.0,random_1_100,3,300,5,2431,sha256:8e8255e149a0f84e6f1ad4859ba92957d549699de550cc6f3e191f4161192671,697,65536,0,0,13,1,c01 c04 c11,c01 c04 c11,c01 c04 c11
main|shymkent_school|nc16|np25|br1.0|random_1_100|ms3|r300|s6,main,shymkent_school,16,25,1.0,random_1_100,3,300,6,2711,sha256:100f2018c04cd476e950d82ddc2cdf10d848e13c72fce57eedb6d6a2f9762d53,697,65536,0,0,14,2,c07 c10 c15,c07 c10 c15,c00 c10 c15
main|shymkent_school|nc16|np25|br1.0|random_1_100|ms3|r300|s7,main,shymkent_school,16,25,1.0,random_1_100,3,300,7,2817,sha256:dd58c0f396b041d975f3f73c2e66478fdb352fcad461e514bd9799de6c0e44e4,697,65536,0,0,20,2,c03 c08 c09,c03 c08 c09,c05 c08 c09
main|shymkent_school|nc16|np25|br1.0|random_1_100|ms3|r300|s8,main,shymkent_school,16,25,1.0,random_1_100,3,300,8,2873,sha256:07f7fdf591875df6053a1bb7983435c18138760a797279f117f39d26c8262e2a,697,65536,0,0,13,2,c06 c10 c14,c06 c10 c14,c00 c06 c10
main|shymkent_school|nc16|np25|br1.0|random_1_100|ms3|r300|s9,main,shymkent_school,16,25,1.0,random_1_100,3,300,9,2504,sha256:772beba3a9ab912dfb4720bb466fbcd452fa658acd9898441912c011be128dab,697,65536,0,0,11,1,c03 c08 c12,c03 c08 c12,c03 c08 c12
main|shymkent_school|nc16|np25|br1.0|one_heavy|ms3|r300|s0,main,shymkent_school,16,25,1.0,one_heavy,3,300,0,2953,sha256:063e99a74e3c626e1594c8b5a2941e7e0923b090c04db662851fba501f6f8137,697,65536,0,0,13,2,c01 c13 c14,c01 c10 c14,c01 c10 c14
main|shymkent_school|nc16|np25|br1.0|one_heavy|ms3|r300|s1,main,shymkent_school,16,25,1.0,one_heavy,3,300,1,2943,sha256:824d121c94efe7a904ff88fceae7a8aa944bc7ff287aae9a5bbcfd98630c2ce9,697,65536,0,0,7,2,c00 c01 c11,c00 c01 c06,c00 c01 c11
main|shymkent_school|nc16|np25|br1.0|one_heavy|ms3|r300|s2,main,shymkent_school,16,25,1.0,one_heavy,3,300,2,2565,sha256:a9363fabb469b4e52b63be6b88b34338772c240e0629e7572bfe7f3dde7e4299,697,65536,0,0,13,3,c00 c07 c10,c10 c12 c14,c10 c11 c12
main|shymkent_school|nc16|np25|br1.0|one_heavy|ms3|r300|s3,main,shymkent_school,16,25,1.0,one_heavy,3,300,3,2570,sha256:1bc2a0154e1c7f9dc17915cf6acad75e5623c55dfa672d11d258dd86ba74e5fc,697,65536,0,0,15,2,c02 c08 c10,c02 c10 c11,c02 c08 c10
main|shymkent_school|nc16|np25|br1.0|one_heavy|ms3|r300|s4,main,shymkent_school,16,25,1.0,one_heavy,3,300,4,2646,sha256:fa128642775b96bdbcadb7bf89b91e7a246227a1d09653029c55ee68f25555d4,697,65536,0,0,15,2,c02 c07 c11,c02 c07 c11,c07 c10 c15
main|shymkent_school|nc16|np25|br1.0|one_heavy|ms3|r300|s5,main,shymkent_school,16,25,1.0,one_heavy,3,300,5,2431,sha256:f53b94e0aa7b1e312efce3cffbe590fc9950efa8f85592418ec53847c0c62382,697,65536,0,0,13,2,c04 c05 c15,c01 c04 c15,c01 c04 c15
main|shymkent_school|nc16|np25|br1.0|one_heavy|ms3|r300|s6,main,shymkent_school,16,25,1.0,one_heavy,3,300,6,2711,sha256:1b66fae0b33d97bcc8d26c16b9a703404ee42e3a89b6ca58221aa8de3c7b7426,697,65536,0,0,15,2,c02 c10 c15,c02 c10 c15,c00 c10 c15
main|shymkent_school|nc16|np25|br1.0|one_heavy|ms3|r300|s7,main,shymkent_school,16,25,1.0,one_heavy,3,300,7,2817,sha256:a884c63dc50859bfb9220e1cd429f2baeb3c04a972e666b94a069e92b3e2cdd8,697,65536,0,0,17,3,c08 c09 c14,c05 c09 c14,c05 c08 c14
main|shymkent_school|nc16|np25|br1.0|one_heavy|ms3|r300|s8,main,shymkent_school,16,25,1.0,one_heavy,3,300,8,2873,sha256:872a7a79747d875a8d06879adc430be04d67a329a93ffa74d683fa0afd51d938,697,65536,0,0,16,2,c04 c06 c10,c06 c10 c14,c04 c06 c10
main|shymkent_school|nc16|np25|br1.0|one_heavy|ms3|r300|s9,main,shymkent_school,16,25,1.0,one_heavy,3,300,9,2504,sha256:8016704f6d9c8b9e36b6dca48b927b31a83486c84bb702cb423b4f4f3313adb3,697,65536,0,0,12,2,c05 c08 c12,c05 c08 c12,c03 c08 c12
main|astana_clinic|nc6|np5|br0.25|uniform|ms3|r300|s0,main,astana_clinic,6,5,0.25,uniform,3,300,0,545,sha256:bf893e209923a152328a4807c7496a5cf8f3bb0c823f44ddd0d732693c166962,4,64,1,0,1,1,,,
main|astana_clinic|nc6|np5|br0.25|uniform|ms3|r300|s1,main,astana_clinic,6,5,0.25,uniform,3,300,1,490,sha256:d682bb32934a676af29ec2c6533bb7727945364511c7845abca5ddd0e34656c5,3,64,1,0,2,1,c02,c02,c02
main|astana_clinic|nc6|np5|br0.25|uniform|ms3|r300|s2,main,astana_clinic,6,5,0.25,uniform,3,300,2,697,sha256:5e65e50def79dc38fa2bff3962bdac83dafe2d0a5a75e9bc16eda6ed6867bb5c,4,64,1,0,1,1,,,
main|astana_clinic|nc6|np5|br0.25|uniform|ms3|r300|s3,main,astana_clinic,6,5,0.25,uniform,3,300,3,433,sha256:b2821033c33be67cea3e6d7e903c4d2d82e2337077a804dbac14e8462df766e1,3,64,1,0,1,1,,,
main|astana_clinic|nc6|np5|br0.25|uniform|ms3|r300|s4,main,astana_clinic,6,5,0.25,uniform,3,300,4,573,sha256:0243b6c11622278cea4fcdac9337ca226f7da0307762b96d992058b79d4bef7d,4,64,1,0,1,1,,,
main|astana_clinic|nc6|np5|br0.25|uniform|ms3|r300|s5,main,astana_clinic,6,5,0.25,uniform,3,300,5,656,sha256:742ede195a998fbedb5fda583371b32abbc2ffc2b8954a58707a0769301dd0a3,6,64,1,0,1,1,,,
main|astana_clinic|nc6|np5|br0.25|uniform|ms3|r300|s6,main,astana_clinic,6,5,0.25,uniform,3,300,6,597,sha256:2f9c54c5e21f2f367a4fbef167afc374ffaa6431d4d864e3a6c4fcaa18020721,4,64,1,0,2,1,c05,c05,c05
main|astana_clinic|nc6|np5|br0.25|uniform|ms3|r300|s7,main,astana_clinic,6,5,0.25,uniform,3,300,7,498,sha256:e8e036136029e938f3158561d45a54e6fc4f55251d550c53aa53bf5a208caff9,7,64,1,0,2,1,c01,c01,c01
main|astana_clinic|nc6|np5|br0.25|uniform|ms3|r300|s8,main,astana_clinic,6,5,0.25,uniform,3,300,8,330,sha256:99ef9572a02c667de16e95761d19d941b4715d28ee19a8f8021ecf58b72516d5,5,64,1,0,1,1,,,
main|astana_clinic|nc6|np5|br0.25|uniform|ms3|r300|s9,main,astana_clinic,6,5,0.25,uniform,3,300,9,501,sha256:2a59ee8bb49f9553b3ea291ac820854ad031c8656f9e0a0e4f8438d464dd0cce,4,64,1,0,1,1,,,
main|astana_clinic|nc6|np5|br0.25|random_1_100|ms3|r300|s0,main,astana_clinic,6,5,0.25,random_1_100,3,300,0,545,sha256:a44fed524a0b3661fdde37635b376560ad7adbcd73026ec4190fd1293a7a0b49,4,64,1,0,1,1,,,
main|astana_clinic|nc6|np5|br0.25|random_1_100|ms3|r300|s1,main,astana_clinic,6,5,0.25,random_1_100,3,300,1,490,sha256:05a3cd4a8f9902dedfc11cf6c30e034c86cdbe14aed93a3f2b829eef486db7e5,3,64,1,0,2,1,c02,c02,c02
main|astana_clinic|nc6|np5|br0.25|random_1_100|ms3|r300|s2,main,astana_clinic,6,5,0.25,random_1_100,3,300,2,697,sha256:43481994605fdb9af44acf7fc56412254fdd76f73defa1aed88291d34a001b57,4,64,1,0,1,1,,,
main|astana_clinic|nc6|np5|br0.25|random_1_100|ms3|r300|s3,main,astana_clinic,6,5,0.25,random_1_100,3,300,3,433,sha256:4d69833a7aab7f3480451f4187f52cbc1fa51a6f8a24fb1dc59a946e909559f3,3,64,1,0,1,1,,,
main|astana_clinic|nc6|np5|br0.25|random_1_100|ms3|r300|s4,main,astana_clinic,6,5,0.25,random_1_100,3,300,4,573,sha256:991deaabddf67ddb543b55b2f2ccfe9b272474452e2f0b9d5e127da5f0a3d139,4,64,1,0,1,1,,,
main|astana_clinic|nc6|np5|br0.25|random_1_100|ms3|r300|s5,main,astana_clinic,6,5,0.25,random_1_100,3,300,5,656,sha256:8641b223fc3be9412ed588eddc89081b2ed4f05f654c84ad152422594bdbcd2d,6,64,1,0,1,1,,,
main|astana_clinic|nc6|np5|br0.25|random_1_100|ms3|r300|s6,main,astana_clinic,6,5,0.25,random_1_100,3,300,6,597,sha256:344761bf48785121d48e280cc77de416173143d6e8f6bb408baccb820c6ca46d,4,64,1,0,2,1,c05,c05,c05
main|astana_clinic|nc6|np5|br0.25|random_1_100|ms3|r300|s7,main,astana_clinic,6,5,0.25,random_1_100,3,300,7,498,sha256:7175fd9f1f31c4adacc442151f90e170772dd4a5528cebb1807fc83910d5ae9c,7,64,1,0,2,1,c01,c01,c01
main|astana_clinic|nc6|np5|br0.25|random_1_100|ms3|r300|s8,main,astana_clinic,6,5,0.25,random_1_100,3,300,8,330,sha256:ce319078b10584de3c10cab743cf3603629c5a03fd0f30dc99f5f78e638e959f,5,64,1,0,1,1,,,
main|astana_clinic|nc6|np5|br0.25|random_1_100|ms3|r300|s9,main,astana_clinic,6,5,0.25,random_1_100,3,300,9,501,sha256:f296cfd657f0a6d3a80d8f7a310de1c40e37bbf39660df24644d8ed504352ff8,4,64,1,0,1,1,,,
main|astana_clinic|nc6|np5|br0.25|one_heavy|ms3|r300|s0,main,astana_clinic,6,5,0.25,one_heavy,3,300,0,545,sha256:414043c11ff3847c079a3463a33cfb277d586370a6cebf319df082f62de12600,4,64,1,0,1,1,,,
main|astana_clinic|nc6|np5|br0.25|one_heavy|ms3|r300|s1,main,astana_clinic,6,5,0.25,one_heavy,3,300,1,490,sha256:bda684720612c8ae6d1a845b2265570a439b9d7b3fa5631ebb0ee3349e32e7cb,3,64,1,0,2,1,c02,c02,c02
main|astana_clinic|nc6|np5|br0.25|one_heavy|ms3|r300|s2,main,astana_clinic,6,5,0.25,one_heavy,3,300,2,697,sha256:8871715bb24754735eb078028832a88f56e95eb2cee62adbec1930c12b83b319,4,64,1,0,1,1,,,
main|astana_clinic|nc6|np5|br0.25|one_heavy|ms3|r300|s3,main,astana_clinic,6,5,0.25,one_heavy,3,300,3,433,sha256:c9bd524b71a61ce8d95279c453e3a18974ceb9d13e06bdf10f4381a3649d89f5,3,64,1,0,1,1,,,
main|astana_clinic|nc6|np5|br0.25|one_heavy|ms3|r300|s4,main,astana_clinic,6,5,0.25,one_heavy,3,300,4,573,sha256:6a8dd9620a43d70b0c8a1f31bdab3eefd297bf550809f2db1d265b70fe6fd646,4,64,1,0,1,1,,,
main|astana_clinic|nc6|np5|br0.25|one_heavy|ms3|r300|s5,main,astana_clinic,6,5,0.25,one_heavy,3,300,5,656,sha256:44144295a0f0afb22226978a2ccda2b20a3c3f7c5500caa426867efb3d1f9130,6,64,1,0,1,1,,,
main|astana_clinic|nc6|np5|br0.25|one_heavy|ms3|r300|s6,main,astana_clinic,6,5,0.25,one_heavy,3,300,6,597,sha256:e714394a1b58be78fb9f2ea7dd7cde97f7fc4ba8c1f5f2f22c6dedf03e6980cd,4,64,1,0,2,1,c05,c05,c05
main|astana_clinic|nc6|np5|br0.25|one_heavy|ms3|r300|s7,main,astana_clinic,6,5,0.25,one_heavy,3,300,7,498,sha256:7a7e41b11a7af4be32ee4fc077beae2962473d24b482b95a75d2bf1fd547e8c5,7,64,1,0,2,1,c01,c01,c01
main|astana_clinic|nc6|np5|br0.25|one_heavy|ms3|r300|s8,main,astana_clinic,6,5,0.25,one_heavy,3,300,8,330,sha256:edabebe02cadf704136df4d61bda07f590567cc259fc80329e80577e8d461b4a,5,64,1,0,1,1,,,
main|astana_clinic|nc6|np5|br0.25|one_heavy|ms3|r300|s9,main,astana_clinic,6,5,0.25,one_heavy,3,300,9,501,sha256:76be13b0b6f945c8b3bc20760344cb7ed7cbc727131ca6262eb95e0926555e21,4,64,1,0,1,1,,,
main|astana_clinic|nc6|np5|br0.5|uniform|ms3|r300|s0,main,astana_clinic,6,5,0.5,uniform,3,300,0,1090,sha256:c57da38a35c075ead9b4bfedd5bb60af8255a35169ea88d813f967883037fcd6,15,64,1,0,1,1,,,
main|astana_clinic|nc6|np5|br0.5|uniform|ms3|r300|s1,main,astana_clinic,6,5,0.5,uniform,3,300,1,980,sha256:1f4e976340dce43280e840136df98b2f89dc258b9c40e5f580f675105075ecc3,11,64,1,0,2,1,c02,c02,c02
main|astana_clinic|nc6|np5|br0.5|uniform|ms3|r300|s2,main,astana_clinic,6,5,0.5,uniform,3,300,2,1394,sha256:75ed515b95f413c9212553e495b5e99257a7ad1e868c040b4cf4155e8171fa2d,14,64,1,0,1,1,,,
main|astana_clinic|nc6|np5|br0.5|uniform|ms3|r300|s3,main,astana_clinic,6,5,0.5,uniform,3,300,3,867,sha256:bafe64644a5f1b4483b65418ff5ded7409969289911c0e2de6c67f5330a920a1,16,64,1,0,2,1,c02,c02,c02
main|astana_clinic|nc6|np5|br0.5|uniform|ms3|r300|s4,main,astana_clinic,6,5,0.5,uniform,3,300,4,1146,sha256:186cdf70d7c6a415d5abb6efd61625ec911a5b1f45e0d69c3c3f221575b05fba,14,64,1,0,1,1,,,
main|astana_clinic|nc6|np5|br0.5|uniform|ms3|r300|s5,main,astana_clinic,6,5,0.5,uniform,3,300,5,1312,sha256:fc3904cea43ee6a4367a83b4a409e0115ca3bfec9dd135f8b6d00cc6bbc44ba6,19,64,1,0,2,1,c02,c02,c02
main|astana_clinic|nc6|np5|br0.5|uniform|ms3|r300|s6,main,astana_clinic,6,5,0.5,uniform,3,300,6,1195,sha256:7d2b0fab1d0709d1009262e4b5f48015e4e44311cd68a37b199a6feca0ad6872,17,64,1,0,3,1,c03 c05,c03 c05,c03 c05
main|astana_clinic|nc6|np5|br0.5|uniform|ms3|r300|s7,main,astana_clinic,6,5,0.5,uniform,3,300,7,996,sha256:56ee0b205a3b86156f70e3d7847c957bbef413a3a33f08e18838b171dc73d85f,20,64,1,0,2,1,c01,c01,c01
main|astana_clinic|nc6|np5|br0.5|uniform|ms3|r300|s8,main,astana_clinic,6,5,0.5,uniform,3,300,8,661,sha256:c4e8a0fdb54fd174f0f4ce889312fec03edcaf014b9a73c546bbeb34cb2c1358,16,64,1,0,1,1,,,
main|astana_clinic|nc6|np5|br0.5|uniform|ms3|r300|s9,main,astana_clinic,6,5,0.5,uniform,3,300,9,1003,sha256:390571f6946287c9eb98d039e4b35950ccb5a9fea0219e28ca8e224f4776e149,18,64,1,0,1,1,,,
main|astana_clinic|nc6|np5|br0.5|random_1_100|ms3|r300|s0,main,astana_clinic,6,5,0.5,random_1_100,3,300,0,1090,sha256:950b5328fcae4fc9e1a7e08d4351ee0361e4ef00ab7b4f0ba390f4deed776097,15,64,1,0,1,1,,,
main|astana_clinic|nc6|np5|br0.5|random_1_100|ms3|r300|s1,main,astana_clinic,6,5,0.5,random_1_100,3,300,1,980,sha256:2ec58b4075ef1ce1dd5fff851b9cd51261c12404a57c2fe2255204d13988ff8c,11,64,1,0,2,1,c02,c02,c02
main|astana_clinic|nc6|np5|br0.5|random_1_100|ms3|r300|s2,main,astana_clinic,6,5,0.5,random_1_100,3,300,2,1394,sha256:0a3c409b721e6c7fad055afba3ab62719311a4523464c3d84b0114a3b7a4471d,14,64,1,0,1,1,,,
main|astana_clinic|nc6|np5|br0.5|random_1_100|ms3|r300|s3,main,astana_clinic,6,5,0.5,random_1_100,3,300,3,867,sha256:609257090ec5da90ac7544cc0b520793d0cae457bccfd6c7893a9db685716d93,16,64,1,0,2,1,c02,c02,c02
main|astana_clinic|nc6|np5|br0.5|random_1_100|ms3|r300|s4,main,astana_clinic,6,5,0.5,random_1_100,3,300,4,1146,sha256:3037094d28f48ae110fd075ab6c40e4fb850a6607849d23725a6247b35aa7e41,14,64,1,0,1,1,,,
main|astana_clinic|nc6|np5|br0.5|random_1_100|ms3|r300|s5,main,astana_clinic,6,5,0.5,random_1_100,3,300,5,1312,sha256:8c0728bfa0fa17dee74604ae492bc7049dd521b0b77b822fe3c096d6153e6816,19,64,1,0,2,1,c02,c02,c02
main|astana_clinic|nc6|np5|br0.5|random_1_100|ms3|r300|s6,main,astana_clinic,6,5,0.5,random_1_100,3,300,6,1195,sha256:71242a14792ba3d43ad2b9bbafedf02d69002da5403d9d929141ef54e22c0917,17,64,1,0,3,1,c03 c05,c03 c05,c03 c05
main|astana_clinic|nc6|np5|br0.5|random_1_100|ms3|r300|s7,main,astana_clinic,6,5,0.5,random_1_100,3,300,7,996,sha256:65e056890aeb461328fd76611d3ff4a686f7ef60c98e879feb962a4e4f02086a,20,64,1,0,2,1,c01,c01,c01
main|astana_clinic|nc6|np5|br0.5|random_1_100|ms3|r300|s8,main,astana_clinic,6,5,0.5,random_1_100,3,300,8,661,sha256:e9716b552353b5e7ce8d812428d39724e4f3afa4f8df688981a1734e0b5e0829,16,64,1,0,1,1,,,
main|astana_clinic|nc6|np5|br0.5|random_1_100|ms3|r300|s9,main,astana_clinic,6,5,0.5,random_1_100,3,300,9,1003,sha256:cd37d8886088d7987d1e8e3d4a7574930d307eda2b7c060b533d91225dac4879,18,64,1,0,1,1,,,
main|astana_clinic|nc6|np5|br0.5|one_heavy|ms3|r300|s0,main,astana_clinic,6,5,0.5,one_heavy,3,300,0,1090,sha256:677cb5cdd8c680492a2da974e055c8f6aa093cb2b5f3b753e73c433a25ea606a,15,64,1,0,1,1,,,
main|astana_clinic|nc6|np5|br0.5|one_heavy|ms3|r300|s1,main,astana_clinic,6,5,0.5,one_heavy,3,300,1,980,sha256:3b6c274310a6717a694a6d4f5d9cd822536af196d4561f90295b4ad34ede9233,11,64,1,0,2,1,c02,c02,c02
main|astana_clinic|nc6|np5|br0.5|one_heavy|ms3|r300|s2,main,astana_clinic,6,5,0.5,one_heavy,3,300,2,1394,sha256:6413adfae597c6f4f694064bbda1f7c7c9d38977ec2f1ceb7cab9d5e5955382d,14,64,1,0,1,1,,,
main|astana_clinic|nc6|np5|br0.5|one_heavy|ms3|r300|s3,main,astana_clinic,6,5,0.5,one_heavy,3,300,3,867,sha256:856ae86b2e16c7d59015e3c31bca8a8dc8242d1300466849ab9ea5ba011ee421,16,64,1,0,2,1,c02,c02,c02
main|astana_clinic|nc6|np5|br0.5|one_heavy|ms3|r300|s4,main,astana_clinic,6,5,0.5,one_heavy,3,300,4,1146,sha256:a6445abf8dc1492a8fb5adc565ca3acfc7a7413c16c56ab279e1ef3e6c6828ef,14,64,1,0,1,1,,,
main|astana_clinic|nc6|np5|br0.5|one_heavy|ms3|r300|s5,main,astana_clinic,6,5,0.5,one_heavy,3,300,5,1312,sha256:d493c8bd1afc6c6c8757131872a1def9d29fe9fb1e407882f9e25ae2eea560fe,19,64,1,0,2,1,c02,c02,c02
main|astana_clinic|nc6|np5|br0.5|one_heavy|ms3|r300|s6,main,astana_clinic,6,5,0.5,one_heavy,3,300,6,1195,sha256:291198a98bb5f91e9b4459f46163db49412446969fe4111fc60f66feed11fcf2,17,64,1,0,3,1,c03 c05,c03 c05,c03 c05
main|astana_clinic|nc6|np5|br0.5|one_heavy|ms3|r300|s7,main,astana_clinic,6,5,0.5,one_heavy,3,300,7,996,sha256:b6cff9c818bc858cc3b41e01b957c7cd40fda38d7e1f389992c8f135b6667f7c,20,64,1,0,2,1,c01,c01,c01
main|astana_clinic|nc6|np5|br0.5|one_heavy|ms3|r300|s8,main,astana_clinic,6,5,0.5,one_heavy,3,300,8,661,sha256:ac4fb526834da8050d59662cabac054ce2b0522d3b130168921b89302dadae8f,16,64,1,0,1,1,,,
main|astana_clinic|nc6|np5|br0.5|one_heavy|ms3|r300|s9,main,astana_clinic,6,5,0.5,one_heavy,3,300,9,1003,sha256:e91e702450f52fc3c694ea184c9276aa4962bb1406080a0328c92447dd523cc2,18,64,1,0,1,1,,,
main|astana_clinic|nc6|np5|br0.75|uniform|ms3|r300|s0,main,astana_clinic,6,5,0.75,uniform,3,300,0,1635,sha256:3db095cfe9e51b2505565b1ffd744a7a8deedd178d0f474e1be25504c352c702,32,64,1,0,1,1,,,
main|astana_clinic|nc6|np5|br0.75|uniform|ms3|r300|s1,main,astana_clinic,6,5,0.75,uniform,3,300,1,1470,sha256:3c6f2d61c463e3e9b122568490eb249ff06f54653f023aedbbfa828eb08d3453,25,64,1,0,2,1,c02,c02,c02
main|astana_clinic|nc6|np5|br0.75|uniform|ms3|r300|s2,main,astana_clinic,6,5,0.75,uniform,3,300,2,2091,sha256:776d5bd3dcdefb99951364253390e2d7bea430cf58aee9e05cdf49617ae16bb2,32,64,1,0,1,1,,,
main|astana_clinic|nc6|np5|br0.75|uniform|ms3|r300|s3,main,astana_clinic,6,5,0.75,uniform,3,300,3,1301,sha256:cef86f1f1c92c849c3b5e35b9f74e2c94c48a3cc31a1e17e6ab4bb84528d6a57,30,64,1,0,2,1,c02,c02,c02
main|astana_clinic|nc6|np5|br0.75|uniform|ms3|r300|s4,main,astana_clinic,6,5,0.75,uniform,3,300,4,1719,sha256:b50ec238045aacb4a0c6658f0d8b40d0bddfb876ec2f13cdda7603933f743df3,32,64,1,0,1,1,,,
main|astana_clinic|nc6|np5|br0.75|uniform|ms3|r300|s5,main,astana_clinic,6,5,0.75,uniform,3,300,5,1968,sha256:2e9d7dd10ae1d22b4564a932c8d7b27665c3b1fc33515b45726401101faaa7b1,35,64,1,0,2,1,c02,c02,c02
main|astana_clinic|nc6|np5|br0.75|uniform|ms3|r300|s6,main,astana_clinic,6,5,0.75,uniform,3,300,6,1793,sha256:2c896bfaa4043b719d0881fc9597aaa3bad11664aff36f8dc069b4fd2f99609f,32,64,1,0,3,1,c03 c05,c03 c05,c03 c05
main|astana_clinic|nc6|np5|br0.75|uniform|ms3|r300|s7,main,astana_clinic,6,5,0.75,uniform,3,300,7,1494,sha256:7cd4961824753b54aa830b3032dc5a4427d2474e4c16e030a2f488550a502711,35,64,1,0,2,1,c01,c01,c01
main|astana_clinic|nc6|np5|br0.75|uniform|ms3|r300|s8,main,astana_clinic,6,5,0.75,uniform,3,300,8,992,sha256:99ec10acac7763cfb5ae6d4921e5c9fb3305a5d9ae2d8c6655c950effeff55e8,31,64,1,0,1,1,,,
main|astana_clinic|nc6|np5|br0.75|uniform|ms3|r300|s9,main,astana_clinic,6,5,0.75,uniform,3,300,9,1504,sha256:aa45caa73553773753a21b3a88c297d557d11b570d4ac78998bc23214bf2531e,32,64,1,0,1,1,,,
main|astana_clinic|nc6|np5|br0.75|random_1_100|ms3|r300|s0,main,astana_clinic,6,5,0.75,random_1_100,3,300,0,1635,sha256:baa80552ec655da4b6f9958732733c22a34825fa52cf17eb4c092388aad78d5d,32,64,1,0,1,1,,,
main|astana_clinic|nc6|np5|br0.75|random_1_100|ms3|r300|s1,main,astana_clinic,6,5,0.75,random_1_100,3,300,1,1470,sha256:91c54967f98e82a8108dae6770d8da9831e07d19c4fffed5caec3dfedd62a19a,25,64,1,0,2,1,c02,c02,c02
main|astana_clinic|nc6|np5|br0.75|random_1_100|ms3|r300|s2,main,astana_clinic,6,5,0.75,random_1_100,3,300,2,2091,sha256:159328c374bb8fb42fa00a75cb364b67b1401c40ff0bb4cc56928f7cdf85573d,32,64,1,0,1,1,,,
main|astana_clinic|nc6|np5|br0.75|random_1_100|ms3|r300|s3,main,astana_clinic,6,5,0.75,random_1_100,3,300,3,1301,sha256:445f7b063a7b34e4435209416c3aef5fcfc23701384df1b4deb3069a219ab5da,30,64,1,0,2,1,c02,c02,c02
main|astana_clinic|nc6|np5|br0.75|random_1_100|ms3|r300|s4,main,astana_clinic,6,5,0.75,random_1_100,3,300,4,1719,sha256:5baeb60926ba0bca13aa97ccac4ceb5546227ffd4d1a7b229d2627efa5dd5e1b,32,64,1,0,1,1,,,
main|astana_clinic|nc6|np5|br0.75|random_1_100|ms3|r300|s5,main,astana_clinic,6,5,0.75,random_1_100,3,300,5,1968,sha256:c84245198aa00faff4fa2335fd939697aecfdc75e14c2b95d5efa278961554a8,35,64,1,0,2,1,c02,c02,c02
main|astana_clinic|nc6|np5|br0.75|random_1_100|ms3|r300|s6,main,astana_clinic,6,5,0.75,random_1_100,3,300,6,1793,sha256:21cde2635c8e7ec9d02331e1f89651fbef38a99a2fb1f11b146d02a6a1a33a86,32,64,1,0,3,1,c03 c05,c03 c05,c03 c05
main|astana_clinic|nc6|np5|br0.75|random_1_100|ms3|r300|s7,main,astana_clinic,6,5,0.75,random_1_100,3,300,7,1494,sha256:7efcabd9bd83e5afbaf8f1941c2fe0413bb8e5b43152c70c3222f843f533360a,35,64,1,0,2,1,c01,c01,c01
main|astana_clinic|nc6|np5|br0.75|random_1_100|ms3|r300|s8,main,astana_clinic,6,5,0.75,random_1_100,3,300,8,992,sha256:ece38beffc78d6bef7a43449da3f3983c3af2b735d65ac43b640885480bf5c9f,31,64,1,0,1,1,,,
main|astana_clinic|nc6|np5|br0.75|random_1_100|ms3|r300|s9,main,astana_clinic,6,5,0.75,random_1_100,3,300,9,1504,sha256:8f7b52e2d7314e8cb9fa590cacb698cb0f2ca0c5b27172d3b9d7895c2960e43f,32,64,1,0,1,1,,,
main|astana_clinic|nc6|np5|br0.75|one_heavy|ms3|r300|s0,main,astana_clinic,6,5,0.75,one_heavy,3,300,0,1635,sha256:43eba96a07f82a83eba11e4b129a7ab99862643d5e27d8e78d3335a961c8aa6d,32,64,1,0,1,1,,,
main|astana_clinic|nc6|np5|br0.75|one_heavy|ms3|r300|s1,main,astana_clinic,6,5,0.75,one_heavy,3,300,1,1470,sha256:7e86f2ca7fbc8e7f014ccc30e3e7b0be4e68761b2be520a19fa1ef3bf6e75127,25,64,1,0,2,1,c02,c02,c02
main|astana_clinic|nc6|np5|br0.75|one_heavy|ms3|r300|s2,main,astana_clinic,6,5,0.75,one_heavy,3,300,2,2091,sha256:e7acc5fd837e4644a2670d8085d5f9ca607332525443eac5e51ac61a90eaa8bb,32,64,1,0,1,1,,,
main|astana_clinic|nc6|np5|br0.75|one_heavy|ms3|r300|s3,main,astana_clinic,6,5,0.75,one_heavy,3,300,3,1301,sha256:e319b228cdf1a31e1da34c555fdd095abe85318e3cf97433618715f3f1739ce1,30,64,1,0,2,1,c02,c02,c02
main|astana_clinic|nc6|np5|br0.75|one_heavy|ms3|r300|s4,main,astana_clinic,6,5,0.75,one_heavy,3,300,4,1719,sha256:199812fb407e59b180c23824fd083596219056a34fa2e5412d93b1de2d150443,32,64,1,0,1,1,,,
main|astana_clinic|nc6|np5|br0.75|one_heavy|ms3|r300|s5,main,astana_clinic,6,5,0.75,one_heavy,3,300,5,1968,sha256:6bef7c71aada7c8264805aac9ad2c94f2aa68470e334abd874f0220becf271a7,35,64,1,0,2,1,c02,c02,c02
main|astana_clinic|nc6|np5|br0.75|one_heavy|ms3|r300|s6,main,astana_clinic,6,5,0.75,one_heavy,3,300,6,1793,sha256:cec80d8d84a560879955398896a2802c79c3c3c7f5d7d3956c038b659afc5427,32,64,1,0,3,1,c03 c05,c03 c05,c03 c05
main|astana_clinic|nc6|np5|br0.75|one_heavy|ms3|r300|s7,main,astana_clinic,6,5,0.75,one_heavy,3,300,7,1494,sha256:5993ed57f3324dd78dff4d9066b781b51b4c5469a01275cf83ef35531bfa2b25,35,64,1,0,2,1,c01,c01,c01
main|astana_clinic|nc6|np5|br0.75|one_heavy|ms3|r300|s8,main,astana_clinic,6,5,0.75,one_heavy,3,300,8,992,sha256:e525fd65fed2fb68db7402f0ddbef3869fbbb7bd646914bad4054a48a7d01742,31,64,1,0,1,1,,,
main|astana_clinic|nc6|np5|br0.75|one_heavy|ms3|r300|s9,main,astana_clinic,6,5,0.75,one_heavy,3,300,9,1504,sha256:d7805338d9b1f29024398f456f61493b42f110b92a6433dc18c0a82e5f388a15,32,64,1,0,1,1,,,
main|astana_clinic|nc6|np5|br1.0|uniform|ms3|r300|s0,main,astana_clinic,6,5,1.0,uniform,3,300,0,2181,sha256:9b37ec8b5dcf3f7eabbc57ad8b66439483cfeaa964357d43c63fcb3b0e446a3b,42,64,0,0,1,1,,,
main|astana_clinic|nc6|np5|br1.0|uniform|ms3|r300|s1,main,astana_clinic,6,5,1.0,uniform,3,300,1,1961,sha256:985aba55b7d5034240f491696f946932e541f1c729dffb8c40bef469b3f4d360,42,64,0,0,2,1,c02,c02,c02
main|astana_clinic|nc6|np5|br1.0|uniform|ms3|r300|s2,main,astana_clinic,6,5,1.0,uniform,3,300,2,2789,sha256:9e6a43acdb6c36e4038edbf023ec596eaa8454cd0ae4fb8f5d46e834ca7c9704,42,64,0,0,1,1,,,
main|astana_clinic|nc6|np5|br1.0|uniform|ms3|r300|s3,main,astana_clinic,6,5,1.0,uniform,3,300,3,1735,sha256:8085c0e7cfe7df6b50c170248980f09082f621f967f808ee8c0289103d277286,42,64,0,0,2,1,c02,c02,c02
main|astana_clinic|nc6|np5|br1.0|uniform|ms3|r300|s4,main,astana_clinic,6,5,1.0,uniform,3,300,4,2292,sha256:f985d76df2258bcf50e53a7a4840e37d141577243baf4b8fa422f7e94fa940db,42,64,0,0,1,1,,,
main|astana_clinic|nc6|np5|br1.0|uniform|ms3|r300|s5,main,astana_clinic,6,5,1.0,uniform,3,300,5,2624,sha256:77eb7ac034547315aa1a2adf15a7689e762e5945e8aceccd3d0054f1ce098e19,42,64,0,0,2,1,c02,c02,c02
main|astana_clinic|nc6|np5|br1.0|uniform|ms3|r300|s6,main,astana_clinic,6,5,1.0,uniform,3,300,6,2391,sha256:a61933109e6a23ad7af3963bd7c87027f5e845d825d240b08408affdf0317495,42,64,0,0,3,1,c03 c05,c03 c05,c03 c05
main|astana_clinic|nc6|np5|br1.0|uniform|ms3|r300|s7,main,astana_clinic,6,5,1.0,uniform,3,300,7,1993,sha256:adde74c44a20a5e1fd6c8e827ecea7d0b313e1de2d033919a1d01af741d0e84f,42,64,0,0,2,1,c01,c01,c01
main|astana_clinic|nc6|np5|br1.0|uniform|ms3|r300|s8,main,astana_clinic,6,5,1.0,uniform,3,300,8,1323,sha256:4b0a15b9c2d9bc64e4d28c9e3a7a2c6dac351fcc35e0e7369c4ff9281bbac7bd,42,64,0,0,1,1,,,
main|astana_clinic|nc6|np5|br1.0|uniform|ms3|r300|s9,main,astana_clinic,6,5,1.0,uniform,3,300,9,2006,sha256:abaf5f29553b5dd04b35c0d4f2103afd389d234cdfcf58f81acabc4ea98e0e35,42,64,0,0,1,1,,,
main|astana_clinic|nc6|np5|br1.0|random_1_100|ms3|r300|s0,main,astana_clinic,6,5,1.0,random_1_100,3,300,0,2181,sha256:1c14e6e10b7a05a417a8b0312f0ac488f8b6c8699e127c14d589f0fe2ec39314,42,64,0,0,1,1,,,
main|astana_clinic|nc6|np5|br1.0|random_1_100|ms3|r300|s1,main,astana_clinic,6,5,1.0,random_1_100,3,300,1,1961,sha256:97f49bb8fea19048b2ecf11d263da9a9e1cea62ade9e2614ee1bbc9fc86e8d5c,42,64,0,0,2,1,c02,c02,c02
main|astana_clinic|nc6|np5|br1.0|random_1_100|ms3|r300|s2,main,astana_clinic,6,5,1.0,random_1_100,3,300,2,2789,sha256:5c59d971bf42bb9b1f251442371182f7cce2bfe6f4fb6cf24810c0a12bdfc10a,42,64,0,0,1,1,,,
main|astana_clinic|nc6|np5|br1.0|random_1_100|ms3|r300|s3,main,astana_clinic,6,5,1.0,random_1_100,3,300,3,1735,sha256:6e78de7c2a732b17a7520f4a815412d19c526867064d213eea8e9e20b4116416,42,64,0,0,2,1,c02,c02,c02
main|astana_clinic|nc6|np5|br1.0|random_1_100|ms3|r300|s4,main,astana_clinic,6,5,1.0,random_1_100,3,300,4,2292,sha256:c6c17bd5a804728c19b4521da6a0cd1143134ff8b97b2fcb6501ed6148b1a2ac,42,64,0,0,1,1,,,
main|astana_clinic|nc6|np5|br1.0|random_1_100|ms3|r300|s5,main,astana_clinic,6,5,1.0,random_1_100,3,300,5,2624,sha256:3a750661cca878c92fdb28299822a9bdc376008cdd4062811a760928c665a821,42,64,0,0,2,1,c02,c02,c02
main|astana_clinic|nc6|np5|br1.0|random_1_100|ms3|r300|s6,main,astana_clinic,6,5,1.0,random_1_100,3,300,6,2391,sha256:24316914484e9083db2a1430bd5ff1bdde1796befbbeeb953b8287477a7663be,42,64,0,0,3,1,c03 c05,c03 c05,c03 c05
main|astana_clinic|nc6|np5|br1.0|random_1_100|ms3|r300|s7,main,astana_clinic,6,5,1.0,random_1_100,3,300,7,1993,sha256:75f36025e710309e474c46a5b6f773870dfb914d0df5da2ba550cf1bb794fc96,42,64,0,0,2,1,c01,c01,c01
main|astana_clinic|nc6|np5|br1.0|random_1_100|ms3|r300|s8,main,astana_clinic,6,5,1.0,random_1_100,3,300,8,1323,sha256:ce74caf56f1813a218e0bfcb80aae493c125a78fc727cbf9b4548fb8c32e176f,42,64,0,0,1,1,,,
main|astana_clinic|nc6|np5|br1.0|random_1_100|ms3|r300|s9,main,astana_clinic,6,5,1.0,random_1_100,3,300,9,2006,sha256:2970df57756ac33aa490f70ad1401796335acab324fe74262eec6ea25042c1e5,42,64,0,0,1,1,,,
main|astana_clinic|nc6|np5|br1.0|one_heavy|ms3|r300|s0,main,astana_clinic,6,5,1.0,one_heavy,3,300,0,2181,sha256:f9b2b3601db0f7e37173eec85ef20a3b998bc0372bddf3f9b67b3d6b2192554f,42,64,0,0,1,1,,,
main|astana_clinic|nc6|np5|br1.0|one_heavy|ms3|r300|s1,main,astana_clinic,6,5,1.0,one_heavy,3,300,1,1961,sha256:3f5fb68d97118c7445e42fc8c56cdb4b42baf9807a732764765edeb93b09726a,42,64,0,0,2,1,c02,c02,c02
main|astana_clinic|nc6|np5|br1.0|one_heavy|ms3|r300|s2,main,astana_clinic,6,5,1.0,one_heavy,3,300,2,2789,sha256:f0aeb87b0375e8b95afc571ae7c61f4db5009b0f97caca8f2f8007b021b993e9,42,64,0,0,1,1,,,
main|astana_clinic|nc6|np5|br1.0|one_heavy|ms3|r300|s3,main,astana_clinic,6,5,1.0,one_heavy,3,300,3,1735,sha256:1df904d5846a75bddfaa6c29e1475e4402cac5838d55be2650abb7915595c649,42,64,0,0,2,1,c02,c02,c02
main|astana_clinic|nc6|np5|br1.0|one_heavy|ms3|r300|s4,main,astana_clinic,6,5,1.0,one_heavy,3,300,4,2292,sha256:b7b2477280d5afe8c8e1319256fd1f85a72df9848667a569021cf446beafbd09,42,64,0,0,1,1,,,
main|astana_clinic|nc6|np5|br1.0|one_heavy|ms3|r300|s5,main,astana_clinic,6,5,1.0,one_heavy,3,300,5,2624,sha256:d36111168c37535a424e27710b54cf7858fb2dfe7f47a6def053f2553db57a34,42,64,0,0,2,1,c02,c02,c02
main|astana_clinic|nc6|np5|br1.0|one_heavy|ms3|r300|s6,main,astana_clinic,6,5,1.0,one_heavy,3,300,6,2391,sha256:797bea01f9631a072ebb18e5da97735092012b802c1a3ada6ba201573c12cf4e,42,64,0,0,3,1,c03 c05,c03 c05,c03 c05
main|astana_clinic|nc6|np5|br1.0|one_heavy|ms3|r300|s7,main,astana_clinic,6,5,1.0,one_heavy,3,300,7,1993,sha256:afc6c3cd17591f793c5f15625754e55f3b9aa011d06cbcd3310547d7ca1ae423,42,64,0,0,2,1,c01,c01,c01
main|astana_clinic|nc6|np5|br1.0|one_heavy|ms3|r300|s8,main,astana_clinic,6,5,1.0,one_heavy,3,300,8,1323,sha256:143579eb8c8f1840001af604bbf91652985da6bfe319f31ba7a2e665958d9026,42,64,0,0,1,1,,,
main|astana_clinic|nc6|np5|br1.0|one_heavy|ms3|r300|s9,main,astana_clinic,6,5,1.0,one_heavy,3,300,9,2006,sha256:6be8d76b82d4c205e7d4d87259515ef9dad43c705cca309bee9ee803f79ea427,42,64,0,0,1,1,,,
main|astana_clinic|nc6|np15|br0.25|uniform|ms3|r300|s0,main,astana_clinic,6,15,0.25,uniform,3,300,0,545,sha256:9ee6a47d0f29c4412a630db14a832284de413321f96eef95f44a8671a21215da,4,64,1,0,2,1,c05,c05,c05
main|astana_clinic|nc6|np15|br0.25|uniform|ms3|r300|s1,main,astana_clinic,6,15,0.25,uniform,3,300,1,490,sha256:7236283f0634e6afbc91dbce69e2616b02324dbfc9345b2239c11508259a6e9d,3,64,1,0,2,1,c02,c02,c02
main|astana_clinic|nc6|np15|br0.25|uniform|ms3|r300|s2,main,astana_clinic,6,15,0.25,uniform,3,300,2,697,sha256:e916e2f7d7df7306d726e1bff45921aa36647839c3aa87af626a271b98a16c8a,4,64,1,0,3,1,c05,c05,c05
main|astana_clinic|nc6|np15|br0.25|uniform|ms3|r300|s3,main,astana_clinic,6,15,0.25,uniform,3,300,3,433,sha256:9f3c38a55a5926637dbf1742d3faffdf773d257c4c54395d62b7373a7ae19dfc,3,64,1,0,1,1,,,
main|astana_clinic|nc6|np15|br0.25|uniform|ms3|r300|s4,main,astana_clinic,6,15,0.25,uniform,3,300,4,573,sha256:cc8e4afe2fd4348d478ac041ddca42856678c6ad8e70e38bb5540a7c4b53093c,4,64,1,0,3,1,c02,c02,c02
main|astana_clinic|nc6|np15|br0.25|uniform|ms3|r300|s5,main,astana_clinic,6,15,0.25,uniform,3,300,5,656,sha256:4954b4ee8a748db79abce900313a9b99e5aeb9fb1f7c4d0f28a516894ca71257,6,64,1,0,3,1,c03,c03,c03
main|astana_clinic|nc6|np15|br0.25|uniform|ms3|r300|s6,main,astana_clinic,6,15,0.25,uniform,3,300,6,597,sha256:83877585a73de37dd5767bf2029b31b8fec786bf8c69b36c3adeed3911e0fa73,4,64,1,0,3,1,c00,c00,c00
main|astana_clinic|nc6|np15|br0.25|uniform|ms3|r300|s7,main,astana_clinic,6,15,0.25,uniform,3,300,7,498,sha256:64e0995e899be6cd0c2c595ac2ee6016741428583d6a103481c5f059a4e46dd6,7,64,1,0,3,1,c01 c04,c01 c04,c01 c04
main|astana_clinic|nc6|np15|br0.25|uniform|ms3|r300|s8,main,astana_clinic,6,15,0.25,uniform,3,300,8,330,sha256:a6707f1aebdd8e99c83f14027209d4b8d8584effa503c1260cf94620db54f07a,5,64,1,0,2,1,c00,c00,c00
main|astana_clinic|nc6|np15|br0.25|uniform|ms3|r300|s9,main,astana_clinic,6,15,0.25,uniform,3,300,9,501,sha256:bead442fa80b3143de2a97df7c214d12429ca77a93d7a6acf683d8bf8fdab782,4,64,1,0,1,1,,,
main|astana_clinic|nc6|np15|br0.25|random_1_100|ms3|r300|s0,main,astana_clinic,6,15,0.25,random_1_100,3,300,0,545,sha256:e73d7f960fe16dfdb8955e9acd0c865aa48bb5e0d5eafe587bd5b62f28e14577,4,64,1,0,2,1,c05,c05,c05
main|astana_clinic|nc6|np15|br0.25|random_1_100|ms3|r300|s1,main,astana_clinic,6,15,0.25,random_1_100,3,300,1,490,sha256:e0286d334592d0ebc9328d73eca603f4d0c14e4824d985c2eefed1b034191a95,3,64,1,0,2,2,c02,c02,c01
main|astana_clinic|nc6|np15|br0.25|random_1_100|ms3|r300|s2,main,astana_clinic,6,15,0.25,random_1_100,3,300,2,697,sha256:571dde45c003c81bcb5c8d3f61da1af60e898eb356ad41c88c7d760db1e6483d,4,64,1,0,3,1,c05,c05,c05
main|astana_clinic|nc6|np15|br0.25|random_1_100|ms3|r300|s3,main,astana_clinic,6,15,0.25,random_1_100,3,300,3,433,sha256:9ecf71b88692c3f302cb5c24025734e7bb3d9acae86cabf29a1b9370843f8c69,3,64,1,0,1,1,,,
main|astana_clinic|nc6|np15|br0.25|random_1_100|ms3|r300|s4,main,astana_clinic,6,15,0.25,random_1_100,3,300,4,573,sha256:1908395611886d2fc811b7c5f11e962f48501639c753e4ef72a1a205ea7df736,4,64,1,0,3,1,c02,c02,c02
main|astana_clinic|nc6|np15|br0.25|random_1_100|ms3|r300|s5,main,astana_clinic,6,15,0.25,random_1_100,3,300,5,656,sha256:fd95541c69886e80d9297cf70bed3f0ef3c8ba3b36b8caf7fb56af1a2d1ef4c9,6,64,1,0,3,1,c03,c03,c03
main|astana_clinic|nc6|np15|br0.25|random_1_100|ms3|r300|s6,main,astana_clinic,6,15,0.25,random_1_100,3,300,6,597,sha256:ffbdef4a550f30751664fa09bff0480999454b4bfb9270cd5a28324f8ee42718,4,64,1,0,2,1,c05,c05,c05
main|astana_clinic|nc6|np15|br0.25|random_1_100|ms3|r300|s7,main,astana_clinic,6,15,0.25,random_1_100,3,300,7,498,sha256:19d3cb031de41f83a84a987ce330d4f0a7cce22e074896629308b131e91229b2,7,64,1,0,3,1,c01 c04,c01 c04,c01 c04
main|astana_clinic|nc6|np15|br0.25|random_1_100|ms3|r300|s8,main,astana_clinic,6,15,0.25,random_1_100,3,300,8,330,sha256:fbee89ed376df31a54442e753ccec5237eca2c4741766e1adc947135502b2074,5,64,1,0,2,1,c00,c00,c00
main|astana_clinic|nc6|np15|br0.25|random_1_100|ms3|r300|s9,main,astana_clinic,6,15,0.25,random_1_100,3,300,9,501,sha256:a00a11d1aadb63e7f542a3ded47991df282b2fdc74e51f8de7cee5b3739c1c12,4,64,1,0,1,1,,,
main|astana_clinic|nc6|np15|br0.25|one_heavy|ms3|r300|s0,main,astana_clinic,6,15,0.25,one_heavy,3,300,0,545,sha256:461935704fa53221d1ff707535d57dbd5000fc0f005545e6fe05befa2c88b9c0,4,64,1,0,2,1,c05,c05,c05
main|astana_clinic|nc6|np15|br0.25|one_heavy|ms3|r300|s1,main,astana_clinic,6,15,0.25,one_heavy,3,300,1,490,sha256:e358f087f5e2bab6a0f52a32d65ad3bf88ad856d53b67211fcf9fb94ae43357e,3,64,1,0,2,1,c02,c02,c02
main|astana_clinic|nc6|np15|br0.25|one_heavy|ms3|r300|s2,main,astana_clinic,6,15,0.25,one_heavy,3,300,2,697,sha256:f65ce4bd0aebdfc07cd7cc1206e9347a4c10de174845d195c2b9044d414a4c39,4,64,1,0,3,1,c05,c05,c05
main|astana_clinic|nc6|np15|br0.25|one_heavy|ms3|r300|s3,main,astana_clinic,6,15,0.25,one_heavy,3,300,3,433,sha256:13b7a447312d8228709070bcef914a9bedb2aef1cfff6806fc02e1bd725dbb35,3,64,1,0,1,1,,,
main|astana_clinic|nc6|np15|br0.25|one_heavy|ms3|r300|s4,main,astana_clinic,6,15,0.25,one_heavy,3,300,4,573,sha256:fa6125da84c834f12e71c4a0a04b75508241f98f408d39c18990df9fdb95356e,4,64,1,0,3,1,c02,c02,c02
main|astana_clinic|nc6|np15|br0.25|one_heavy|ms3|r300|s5,main,astana_clinic,6,15,0.25,one_heavy,3,300,5,656,sha256:ad6777915041dd23b569c55d217df3915f7ae65e9b1129e0ab76df94230ed748,6,64,1,0,3,1,c03,c03,c03
main|astana_clinic|nc6|np15|br0.25|one_heavy|ms3|r300|s6,main,astana_clinic,6,15,0.25,one_heavy,3,300,6,597,sha256:20eb472d03be4d9848a75d690323ce34a6cdd20b47df19f5e7ffdb6590bcfa70,4,64,1,0,3,1,c00,c00,c00
main|astana_clinic|nc6|np15|br0.25|one_heavy|ms3|r300|s7,main,astana_clinic,6,15,0.25,one_heavy,3,300,7,498,sha256:6e11ea204910c63ee9c82397210f60d35df7cc4df318db03ade4eee1a662256d,7,64,1,0,3,1,c01 c04,c01 c04,c01 c04
main|astana_clinic|nc6|np15|br0.25|one_heavy|ms3|r300|s8,main,astana_clinic,6,15,0.25,one_heavy,3,300,8,330,sha256:c9f44f9574af0ef7c5a5df00a8b02d30b7b2be6e95c4eeefaadb45a35269dd2f,5,64,1,0,2,1,c00,c00,c00
main|astana_clinic|nc6|np15|br0.25|one_heavy|ms3|r300|s9,main,astana_clinic,6,15,0.25,one_heavy,3,300,9,501,sha256:5dc5fdc418b50a79ae38ad2f0d2a3c1e40018e18cec688e49bc641ff489e2844,4,64,1,0,1,1,,,
main|astana_clinic|nc6|np15|br0.5|uniform|ms3|r300|s0,main,astana_clinic,6,15,0.5,uniform,3,300,0,1090,sha256:5b7f9f28569ae32e47503f0e17f916e0e9142c6ce6b720a813f6b763b1c49515,15,64,1,0,4,1,c00,c00,c00
main|astana_clinic|nc6|np15|br0.5|uniform|ms3|r300|s1,main,astana_clinic,6,15,0.5,uniform,3,300,1,980,sha256:bbd9c7024439d366e20341c49d623ef94b977aee0cbcfa61b3f584d0847bf068,11,64,1,0,3,1,c01 c02,c01 c02,c01 c02
main|astana_clinic|nc6|np15|br0.5|uniform|ms3|r300|s2,main,astana_clinic,6,15,0.5,uniform,3,300,2,1394,sha256:a81631dd693f8dfea6bedf1556f2cbcec9ab8b2e8bd41c8776dc05730a6763fc,14,64,1,0,5,1,c04 c05,c04 c05,c04 c05
main|astana_clinic|nc6|np15|br0.5|uniform|ms3|r300|s3,main,astana_clinic,6,15,0.5,uniform,3,300,3,867,sha256:a062483611f66939a48c2601b79cb83c15ffc5b854c03752eda02b83cb101ad0,16,64,1,0,3,1,c02,c02,c02
main|astana_clinic|nc6|np15|br0.5|uniform|ms3|r300|s4,main,astana_clinic,6,15,0.5,uniform,3,300,4,1146,sha256:0920ff360c7b761940bb6d02b53b8a88a64f2ec8c88c174cbdb6374e19571a11,14,64,1,0,5,1,c01 c02,c01 c02,c01 c02
main|astana_clinic|nc6|np15|br0.5|uniform|ms3|r300|s5,main,astana_clinic,6,15,0.5,uniform,3,300,5,1312,sha256:7ce668197271404b162a9eb7cbe544b03855a9ae2089cfdfec6214f1ab476a2f,19,64,1,0,5,2,c02 c05,c02 c05,c03
main|astana_clinic|nc6|np15|br0.5|uniform|ms3|r300|s6,main,astana_clinic,6,15,0.5,uniform,3,300,6,1195,sha256:ef8f2f553c92b1c3a28b863164d391b5675d5d24bf3481c8092804d5ade70f1d,17,64,1,0,6,2,c03 c05,c03 c05,c00 c05
main|astana_clinic|nc6|np15|br0.5|uniform|ms3|r300|s7,main,astana_clinic,6,15,0.5,uniform,3,300,7,996,sha256:e1f76baea4bb2fa9939ae3ec8ea9411842b4b4faba032c389ac68df9e669b5a6,20,64,1,0,3,1,c01 c04,c01 c04,c01 c04
main|astana_clinic|nc6|np15|br0.5|uniform|ms3|r300|s8,main,astana_clinic,6,15,0.5,uniform,3,300,8,661,sha256:2830e9090d1e44b33eab18b7e9836ee7ce5accfe115c5a5d7fdd5b44357b6649,16,64,1,0,2,1,c00,c00,c00
main|astana_clinic|nc6|np15|br0.5|uniform|ms3|r300|s9,main,astana_clinic,6,15,0.5,uniform,3,300,9,1003,sha256:a85a73dbd5d8e6e88552518a1b730910403bab58ef49316f9b3108a8cc6b2f71,18,64,1,0,3,1,c01,c01,c01
main|astana_clinic|nc6|np15|br0.5|random_1_100|ms3|r300|s0,main,astana_clinic,6,15,0.5,random_1_100,3,300,0,1090,sha256:aecc474b8dee5aa857dc42717acbb6f0c00c5b9d8e53c8d2a77b0b51ee304a77,15,64,1,0,4,1,c00,c00,c00
main|astana_clinic|nc6|np15|br0.5|random_1_100|ms3|r300|s1,main,astana_clinic,6,15,0.5,random_1_100,3,300,1,980,sha256:262644c6bb5fd49794caa84ae0aa92388c1590fa065d9ea66eb7880de77da14a,11,64,1,0,3,1,c01 c02,c01 c02,c01 c02
main|astana_clinic|nc6|np15|br0.5|random_1_100|ms3|r300|s2,main,astana_clinic,6,15,0.5,random_1_100,3,300,2,1394,sha256:e3793b9ce31b6dc28f1f601a5c5494577d589809925de7a23d57499e2ee6b748,14,64,1,0,4,2,c01 c05,c01 c05,c04 c05
main|astana_clinic|nc6|np15|br0.5|random_1_100|ms3|r300|s3,main,astana_clinic,6,15,0.5,random_1_100,3,300,3,867,sha256:b7cb75752ab22673e89ff8a069303ea350746bf3ebbd4a51e912791035cf9722,16,64,1,0,3,1,c02,c02,c02
main|astana_clinic|nc6|np15|br0.5|random_1_100|ms3|r300|s4,main,astana_clinic,6,15,0.5,random_1_100,3,300,4,1146,sha256:db22a600282845bc1199b3d2aa4ecf990cd2b56af3e2e00a8ba6d9490236557f,14,64,1,0,5,1,c01 c02,c01 c02,c01 c02
main|astana_clinic|nc6|np15|br0.5|random_1_100|ms3|r300|s5,main,astana_clinic,6,15,0.5,random_1_100,3,300,5,1312,sha256:8c7c0ee5b3cb12b94d9a5b0836c8a9e81e4f338bc8c2ac3f7357c773a3239c5b,19,64,1,0,5,2,c02 c05,c02 c05,c03
main|astana_clinic|nc6|np15|br0.5|random_1_100|ms3|r300|s6,main,astana_clinic,6,15,0.5,random_1_100,3,300,6,1195,sha256:b9bd6b558c47e11d5d6b50ef7fa1628c89f4d90160b09a9a2b771b9e09c43c94,17,64,1,0,6,2,c03 c05,c03 c05,c00 c05
main|astana_clinic|nc6|np15|br0.5|random_1_100|ms3|r300|s7,main,astana_clinic,6,15,0.5,random_1_100,3,300,7,996,sha256:3b281b683be720204e1aaedbe8d9de35f86904106c81002739097978c3cc0094,20,64,1,0,3,1,c01 c04,c01 c04,c01 c04
main|astana_clinic|nc6|np15|br0.5|random_1_100|ms3|r300|s8,main,astana_clinic,6,15,0.5,random_1_100,3,300,8,661,sha256:3ef05844c0236356861eb364c3e623cb3ed126c2cc274242b093baf67ae2dd5a,16,64,1,0,2,1,c00,c00,c00
main|astana_clinic|nc6|np15|br0.5|random_1_100|ms3|r300|s9,main,astana_clinic,6,15,0.5,random_1_100,3,300,9,1003,sha256:ea5378de8cea1af4324b95aff5224c5b7a2e32fbc6e7961ee1a64a515e18dab0,18,64,1,0,3,1,c01,c01,c01
main|astana_clinic|nc6|np15|br0.5|one_heavy|ms3|r300|s0,main,astana_clinic,6,15,0.5,one_heavy,3,300,0,1090,sha256:a9bf42dd02f9cd799a0c593139b4992ce087b9f3b949834fefb22c8f21c033df,15,64,1,0,4,1,c00,c00,c00
main|astana_clinic|nc6|np15|br0.5|one_heavy|ms3|r300|s1,main,astana_clinic,6,15,0.5,one_heavy,3,300,1,980,sha256:e62cc110c8568d5eb28e5c939bc0caff20d3a0f4b8bf750cd6ea87656efd6d90,11,64,1,0,3,1,c01 c02,c01 c02,c01 c02
main|astana_clinic|nc6|np15|br0.5|one_heavy|ms3|r300|s2,main,astana_clinic,6,15,0.5,one_heavy,3,300,2,1394,sha256:995e848042db5e5fe3bfe8cf7c0000df133f6a04213ed0053a17851111379db5,14,64,1,0,5,1,c04 c05,c04 c05,c04 c05
main|astana_clinic|nc6|np15|br0.5|one_heavy|ms3|r300|s3,main,astana_clinic,6,15,0.5,one_heavy,3,300,3,867,sha256:2aa1df28c41978719f74f802044ae94be4b6bd77e4b85910899c8dbf36278323,16,64,1,0,3,1,c02,c02,c02
main|astana_clinic|nc6|np15|br0.5|one_heavy|ms3|r300|s4,main,astana_clinic,6,15,0.5,one_heavy,3,300,4,1146,sha256:315c978e7be109863a4321aad0625c5e7162cc4264c98884a51f3dce21e869fe,14,64,1,0,5,1,c01 c02,c01 c02,c01 c02
main|astana_clinic|nc6|np15|br0.5|one_heavy|ms3|r300|s5,main,astana_clinic,6,15,0.5,one_heavy,3,300,5,1312,sha256:13e0e20ed99322e300c52c262537d53e25a9e6ef3908cdf1f860b60eca8f3ec3,19,64,1,0,5,2,c02 c05,c02 c05,c03
main|astana_clinic|nc6|np15|br0.5|one_heavy|ms3|r300|s6,main,astana_clinic,6,15,0.5,one_heavy,3,300,6,1195,sha256:cd78fd26d5c4d957ddc9ae36ba83da03db73a3c4cf837337be8b7ba9a2529f8b,17,64,1,0,6,2,c03 c05,c03 c05,c00 c05
main|astana_clinic|nc6|np15|br0.5|one_heavy|ms3|r300|s7,main,astana_clinic,6,15,0.5,one_heavy,3,300,7,996,sha256:5843a44a2d7b0e25dead6049b8058e9369ad14ed27ef520f7266d27c6a5cb158,20,64,1,0,3,1,c01 c04,c01 c04,c01 c04
main|astana_clinic|nc6|np15|br0.5|one_heavy|ms3|r300|s8,main,astana_clinic,6,15,0.5,one_heavy,3,300,8,661,sha256:1378a5769db4a68bbc4e02a8ef133b6902ae363f386965d7c1cf3a89a11cb341,16,64,1,0,2,1,c00,c00,c00
main|astana_clinic|nc6|np15|br0.5|one_heavy|ms3|r300|s9,main,astana_clinic,6,15,0.5,one_heavy,3,300,9,1003,sha256:ebbbeda862821156b8abd92e9795ae57f59f28921055c7580b77750f7c369c97,18,64,1,0,3,1,c01,c01,c01
main|astana_clinic|nc6|np15|br0.75|uniform|ms3|r300|s0,main,astana_clinic,6,15,0.75,uniform,3,300,0,1635,sha256:158df0e263d77e48b4be060f8691869e5f595e2e9226be3a7383fae61756e3c7,32,64,1,0,6,1,c00 c01,c00 c01,c00 c01
main|astana_clinic|nc6|np15|br0.75|uniform|ms3|r300|s1,main,astana_clinic,6,15,0.75,uniform,3,300,1,1470,sha256:48af0d038bbe5986877790c1bf260d5f7b4576fb1a867adc1bf55daf7d5c629a,25,64,1,0,3,1,c01 c02,c01 c02,c01 c02
main|astana_clinic|nc6|np15|br0.75|uniform|ms3|r300|s2,main,astana_clinic,6,15,0.75,uniform,3,300,2,2091,sha256:9e948a1acdf9226f42161f2ed8fae3c455793cac73efcdeadfe8e21d1a3791cb,32,64,1,0,6,2,c01 c04 c05,c01 c04 c05,c02 c04 c05
main|astana_clinic|nc6|np15|br0.75|uniform|ms3|r300|s3,main,astana_clinic,6,15,0.75,uniform,3,300,3,1301,sha256:11e9df7f8b708e84a634bc5d14a6910c1283d47263770dcf898efe66017e86e1,30,64,1,0,3,1,c02,c02,c02
main|astana_clinic|nc6|np15|br0.75|uniform|ms3|r300|s4,main,astana_clinic,6,15,0.75,uniform,3,300,4,1719,sha256:d930b110d240f9944c636c999568af390ca477ad2c26f3c854ee3403a736091d,32,64,1,0,5,1,c01 c02,c01 c02,c01 c02
main|astana_clinic|nc6|np15|br0.75|uniform|ms3|r300|s5,main,astana_clinic,6,15,0.75,uniform,3,300,5,1968,sha256:9766d5c4c7703e036fa782765b7ce490469c438612d35e9ef74063591ae3f1a6,35,64,1,0,6,1,c02 c03,c02 c03,c02 c03
main|astana_clinic|nc6|np15|br0.75|uniform|ms3|r300|s6,main,astana_clinic,6,15,0.75,uniform,3,300,6,1793,sha256:c67fae358e27cb798b8197f7a33f574d8e5da2c89789a5e338386a1a16b5de04,32,64,1,0,9,1,c00 c03 c05,c00 c03 c05,c00 c03 c05
main|astana_clinic|nc6|np15|br0.75|uniform|ms3|r300|s7,main,astana_clinic,6,15,0.75,uniform,3,300,7,1494,sha256:38103666dc62f5fd4d2f28ffbc011583d0ec7a6246f617d96e43d134151180d0,35,64,1,0,3,1,c01 c04,c01 c04,c01 c04
main|astana_clinic|nc6|np15|br0.75|uniform|ms3|r300|s8,main,astana_clinic,6,15,0.75,uniform,3,300,8,992,sha256:9608a488fa5d1c21f524655a5020caf3eb384023380e025efb326f1a06828c01,31,64,1,0,3,1,c00 c05,c00 c05,c00 c05
main|astana_clinic|nc6|np15|br0.75|uniform|ms3|r300|s9,main,astana_clinic,6,15,0.75,uniform,3,300,9,1504,sha256:89b2153b5036a7a63dd999b361db0e4b9e4b93a19064ffbdc6fdc984f9c42d4c,32,64,1,0,4,1,c01 c05,c01 c05,c01 c05
main|astana_clinic|nc6|np15|br0.75|random_1_100|ms3|r300|s0,main,astana_clinic,6,15,0.75,random_1_100,3,300,0,1635,sha256:f3bd52a921a2ecd5d4ba3f109b68fb8274b0cd7a497117e05a57d541a9b6f595,32,64,1,0,6,1,c00 c01,c00 c01,c00 c01
main|astana_clinic|nc6|np15|br0.75|random_1_100|ms3|r300|s1,main,astana_clinic,6,15,0.75,random_1_100,3,300,1,1470,sha256:92aaf7c7773eddb657906c15f5597834a0c79d773519ae66db1be9f66cd7e368,25,64,1,0,3,1,c01 c02,c01 c02,c01 c02
main|astana_clinic|nc6|np15|br0.75|random_1_100|ms3|r300|s2,main,astana_clinic,6,15,0.75,random_1_100,3,300,2,2091,sha256:ac47b0922ecdf84e550ffba98fd57f616bc6977e565ba72bad30f492e06e4b11,32,64,1,0,5,2,c01 c04 c05,c01 c04 c05,c02 c04 c05
main|astana_clinic|nc6|np15|br0.75|random_1_100|ms3|r300|s3,main,astana_clinic,6,15,0.75,random_1_100,3,300,3,1301,sha256:b12922ebbcf234c7d77cb7b92b7ecd222e75244e06469f2e5a97ef9ff2d2c09e,30,64,1,0,3,1,c02,c02,c02
main|astana_clinic|nc6|np15|br0.75|random_1_100|ms3|r300|s4,main,astana_clinic,6,15,0.75,random_1_100,3,300,4,1719,sha256:d0a2038903fc9a65e565a9d69889c7c7dc1df1f49c29ab2641bfeb2912bc250f,32,64,1,0,5,1,c01 c02,c01 c02,c01 c02
main|astana_clinic|nc6|np15|br0.75|random_1_100|ms3|r300|s5,main,astana_clinic,6,15,0.75,random_1_100,3,300,5,1968,sha256:ca295c8234a3563d7341098f2f92e0cdf7ae61dabd38af0485210f9667b85654,35,64,1,0,6,1,c02 c03,c02 c03,c02 c03
main|astana_clinic|nc6|np15|br0.75|random_1_100|ms3|r300|s6,main,astana_clinic,6,15,0.75,random_1_100,3,300,6,1793,sha256:6db272d631f2689cad8be988c6bda48d966bf851a896c3476af8bd25f1799a66,32,64,1,0,8,1,c00 c03 c05,c00 c03 c05,c00 c03 c05
main|astana_clinic|nc6|np15|br0.75|random_1_100|ms3|r300|s7,main,astana_clinic,6,15,0.75,random_1_100,3,300,7,1494,sha256:ea892d996d5eddfe046d63422dff172f5ed240be6f32712d21defcdb9879d0e2,35,64,1,0,3,1,c01 c04,c01 c04,c01 c04
main|astana_clinic|nc6|np15|br0.75|random_1_100|ms3|r300|s8,main,astana_clinic,6,15,0.75,random_1_100,3,300,8,992,sha256:c341625efebee54cc28515b41dc26140c1008c70025ecb3520e8e9fe708f75b1,31,64,1,0,4,1,c00 c05,c00 c05,c00 c05
main|astana_clinic|nc6|np15|br0.75|random_1_100|ms3|r300|s9,main,astana_clinic,6,15,0.75,random_1_100,3,300,9,1504,sha256:0ae369b0e179490892bfaba7a123013d78ff61fc519b5c5d446e66394d6b7b9f,32,64,1,0,4,1,c01 c05,c01 c05,c01 c05
main|astana_clinic|nc6|np15|br0.75|one_heavy|ms3|r300|s0,main,astana_clinic,6,15,0.75,one_heavy,3,300,0,1635,sha256:c3e07c594df87131d65bfa5652ee6e7ae55dd82aeb1e3c59c961f89a45366ef0,32,64,1,0,6,1,c00 c01,c00 c01,c00 c01
main|astana_clinic|nc6|np15|br0.75|one_heavy|ms3|r300|s1,main,astana_clinic,6,15,0.75,one_heavy,3,300,1,1470,sha256:0473b845c451acb1e92d306c997f65c4b43729662715402f55ac1a6c09c1e5d8,25,64,1,0,3,1,c01 c02,c01 c02,c01 c02
main|astana_clinic|nc6|np15|br0.75|one_heavy|ms3|r300|s2,main,astana_clinic,6,15,0.75,one_heavy,3,300,2,2091,sha256:52e56f5dccfa4e0edafada00de510b3497914d07d4a48969ef54142c3a903311,32,64,1,0,6,2,c01 c04 c05,c01 c04 c05,c02 c04 c05
main|astana_clinic|nc6|np15|br0.75|one_heavy|ms3|r300|s3,main,astana_clinic,6,15,0.75,one_heavy,3,300,3,1301,sha256:703d350a6b2f0ef7db85410227c6cf3da72247bf7bdd5964b5f5073c0fe6af1b,30,64,1,0,3,1,c02,c02,c02
main|astana_clinic|nc6|np15|br0.75|one_heavy|ms3|r300|s4,main,astana_clinic,6,15,0.75,one_heavy,3,300,4,1719,sha256:2eb02ee73996f395b31f9d000ca60696cd1e2381ec7725e3d3317dd3594e46ca,32,64,1,0,5,1,c01 c02,c01 c02,c01 c02
main|astana_clinic|nc6|np15|br0.75|one_heavy|ms3|r300|s5,main,astana_clinic,6,15,0.75,one_heavy,3,300,5,1968,sha256:b2186ba871024ea21a38ed40215485a08880366242118c993035dda4eee91199,35,64,1,0,6,1,c02 c03,c02 c03,c02 c03
main|astana_clinic|nc6|np15|br0.75|one_heavy|ms3|r300|s6,main,astana_clinic,6,15,0.75,one_heavy,3,300,6,1793,sha256:53a44ce06a2bb1b4911f24e46c7b94d479c1f04a0344cd7825b83ddf817d68eb,32,64,1,0,9,1,c00 c03 c05,c00 c03 c05,c00 c03 c05
main|astana_clinic|nc6|np15|br0.75|one_heavy|ms3|r300|s7,main,astana_clinic,6,15,0.75,one_heavy,3,300,7,1494,sha256:b5000f0777abd3af29c9bc87804f6933ea04abdb392a8e81219b1e36a45e3469,35,64,1,0,3,1,c01 c04,c01 c04,c01 c04
main|astana_clinic|nc6|np15|br0.75|one_heavy|ms3|r300|s8,main,astana_clinic,6,15,0.75,one_heavy,3,300,8,992,sha256:9370b9e6ba8d0a00a86fe154e79be4a670710af7b72ddf205e46e00be5ada53b,31,64,1,0,3,1,c00 c05,c00 c05,c00 c05
main|astana_clinic|nc6|np15|br0.75|one_heavy|ms3|r300|s9,main,astana_clinic,6,15,0.75,one_heavy,3,300,9,1504,sha256:ff98d66b55368bf246df5bed0fecbd890fd494a600c846a67f772fb7bb36959a,32,64,1,0,4,1,c01 c05,c01 c05,c01 c05
main|astana_clinic|nc6|np15|br1.0|uniform|ms3|r300|s0,main,astana_clinic,6,15,1.0,uniform,3,300,0,2181,sha256:f8752375897e81de4e9e1a6b5954577b46bffc464f75b198b1884bdd9509cbed,42,64,0,0,7,1,c00 c01 c05,c00 c01 c05,c00 c01 c05
main|astana_clinic|nc6|np15|br1.0|uniform|ms3|r300|s1,main,astana_clinic,6,15,1.0,uniform,3,300,1,1961,sha256:a5aedc9c5031931e07578bdfa246b1d159099c1b32eb98c9f0ed6477726a8411,42,64,0,0,3,1,c01 c02,c01 c02,c01 c02
main|astana_clinic|nc6|np15|br1.0|uniform|ms3|r300|s2,main,astana_clinic,6,15,1.0,uniform,3,300,2,2789,sha256:c79c12223579f8db2992f557464f1bffb29ff8139209805aea4e433adadf5834,42,64,0,0,6,2,c01 c04 c05,c01 c04 c05,c02 c04 c05
main|astana_clinic|nc6|np15|br1.0|uniform|ms3|r300|s3,main,astana_clinic,6,15,1.0,uniform,3,300,3,1735,sha256:e95343fcd6444694ec5e99d0603be8e50d329e7b25da6137e75650a9d92aed28,42,64,0,0,3,1,c02,c02,c02
main|astana_clinic|nc6|np15|br1.0|uniform|ms3|r300|s4,main,astana_clinic,6,15,1.0,uniform,3,300,4,2292,sha256:327850c3cd4087d34a60cd721f759341e2bc6045e61e690b55109aa11c4fe741,42,64,0,0,5,1,c01 c02,c01 c02,c01 c02
main|astana_clinic|nc6|np15|br1.0|uniform|ms3|r300|s5,main,astana_clinic,6,15,1.0,uniform,3,300,5,2624,sha256:a6959e8d193fd3e196d4f5171bfbf8521ee55c441177d4164a60f7afa79fe52d,42,64,0,0,6,1,c02 c03,c02 c03,c02 c03
main|astana_clinic|nc6|np15|br1.0|uniform|ms3|r300|s6,main,astana_clinic,6,15,1.0,uniform,3,300,6,2391,sha256:8afe5d06aa1086ef4d2c5e0c6b5633327e68f272c4ca7cad6c1728641f3f0ced,42,64,0,0,9,1,c00 c03 c05,c00 c03 c05,c00 c03 c05
main|astana_clinic|nc6|np15|br1.0|uniform|ms3|r300|s7,main,astana_clinic,6,15,1.0,uniform,3,300,7,1993,sha256:a593d6baf24034db69b808add47da8e4ce7f62b6fd27eaa1cf6429134ec8b049,42,64,0,0,3,1,c01 c04,c01 c04,c01 c04
main|astana_clinic|nc6|np15|br1.0|uniform|ms3|r300|s8,main,astana_clinic,6,15,1.0,uniform,3,300,8,1323,sha256:da445a0727eb19f33978c1064137feaefb5358ab62e3a73975d73889b12e3634,42,64,0,0,3,1,c00 c05,c00 c05,c00 c05
main|astana_clinic|nc6|np15|br1.0|uniform|ms3|r300|s9,main,astana_clinic,6,15,1.0,uniform,3,300,9,2006,sha256:140fb5b47157f173bb99030e07b7bc700cc15263f76909e3ca5cc0b7931942b5,42,64,0,0,4,1,c01 c05,c01 c05,c01 c05
main|astana_clinic|nc6|np15|br1.0|random_1_100|ms3|r300|s0,main,astana_clinic,6,15,1.0,random_1_100,3,300,0,2181,sha256:f0e649be5d441ec51c49a7b79dfe8f5142b4d1fa38acb4f8702672ad4587dccf,42,64,0,0,7,1,c00 c01 c05,c00 c01 c05,c00 c01 c05
main|astana_clinic|nc6|np15|br1.0|random_1_100|ms3|r300|s1,main,astana_clinic,6,15,1.0,random_1_100,3,300,1,1961,sha256:c4d40302cd5c0a49afbc21b3a038380780a518b6dbd0a57b0787a5d42b8dc63e,42,64,0,0,3,1,c01 c02,c01 c02,c01 c02
main|astana_clinic|nc6|np15|br1.0|random_1_100|ms3|r300|s2,main,astana_clinic,6,15,1.0,random_1_100,3,300,2,2789,sha256:3048b644941e99772830c7ac7a838349ab6da1fb5334d94714d1b646dc90e52e,42,64,0,0,5,2,c01 c04 c05,c01 c04 c05,c02 c04 c05
main|astana_clinic|nc6|np15|br1.0|random_1_100|ms3|r300|s3,main,astana_clinic,6,15,1.0,random_1_100,3,300,3,1735,sha256:21c295278b39d9725afd18fc10c3a1a6d0c276bd1146ea2731756f3541bee800,42,64,0,0,3,1,c02,c02,c02
main|astana_clinic|nc6|np15|br1.0|random_1_100|ms3|r300|s4,main,astana_clinic,6,15,1.0,random_1_100,3,300,4,2292,sha256:b3fe88d4ff4ce3affcc7ec496eecb23422abeb48577850b518110686f88ee646,42,64,0,0,5,1,c01 c02,c01 c02,c01 c02
main|astana_clinic|nc6|np15|br1.0|random_1_100|ms3|r300|s5,main,astana_clinic,6,15,1.0,random_1_100,3,300,5,2624,sha256:727d713386f651a1c85e660fcbd44d0e2e04499531cd1d4f1d64bec47fdca23d,42,64,0,0,6,1,c02 c03,c02 c03,c02 c03
main|astana_clinic|nc6|np15|br1.0|random_1_100|ms3|r300|s6,main,astana_clinic,6,15,1.0,random_1_100,3,300,6,2391,sha256:aa6cbf88cf68d61ce7f3bed0f5bedf656c96ed1e347b664933cc905ff74bc7b2,42,64,0,0,8,1,c00 c03 c05,c00 c03 c05,c00 c03 c05
main|astana_clinic|nc6|np15|br1.0|random_1_100|ms3|r300|s7,main,astana_clinic,6,15,1.0,random_1_100,3,300,7,1993,sha256:c0fa76f83be78d9e709af4e30214af2b0ccc157487d4961d9978781c9404a7e4,42,64,0,0,3,1,c01 c04,c01 c04,c01 c04
main|astana_clinic|nc6|np15|br1.0|random_1_100|ms3|r300|s8,main,astana_clinic,6,15,1.0,random_1_100,3,300,8,1323,sha256:904294768e2ed6e33ed4c09a5e47a0550ac80c9b4e32caa99637ccb9fe8e3214,42,64,0,0,4,1,c00 c05,c00 c05,c00 c05
main|astana_clinic|nc6|np15|br1.0|random_1_100|ms3|r300|s9,main,astana_clinic,6,15,1.0,random_1_100,3,300,9,2006,sha256:b45bcfa29268c6f1b66ba5456945cf7b77128b57e00e95418a317b31063d7ee8,42,64,0,0,4,1,c01 c05,c01 c05,c01 c05
main|astana_clinic|nc6|np15|br1.0|one_heavy|ms3|r300|s0,main,astana_clinic,6,15,1.0,one_heavy,3,300,0,2181,sha256:e0a26fdf9d7f17734fad1cc05f0583aa2be70ceb14edffef71f683b7f4fcc9e6,42,64,0,0,7,1,c00 c01 c05,c00 c01 c05,c00 c01 c05
main|astana_clinic|nc6|np15|br1.0|one_heavy|ms3|r300|s1,main,astana_clinic,6,15,1.0,one_heavy,3,300,1,1961,sha256:187ac2354c1d0b1d6a290d19248e892f0d838ced0e26b082164873b79e1df561,42,64,0,0,3,1,c01 c02,c01 c02,c01 c02
main|astana_clinic|nc6|np15|br1.0|one_heavy|ms3|r300|s2,main,astana_clinic,6,15,1.0,one_heavy,3,300,2,2789,sha256:0cd8e09055569a11e2474329e0f36ee8fcf27dfce3cde6d2c9fcd03eb6227a8d,42,64,0,0,6,2,c01 c04 c05,c01 c04 c05,c02 c04 c05
main|astana_clinic|nc6|np15|br1.0|one_heavy|ms3|r300|s3,main,astana_clinic,6,15,1.0,one_heavy,3,300,3,1735,sha256:58a931d20f27f41aea0c6b9884496b01ef348ba97170310bcf84c50323336a51,42,64,0,0,3,1,c02,c02,c02
main|astana_clinic|nc6|np15|br1.0|one_heavy|ms3|r300|s4,main,astana_clinic,6,15,1.0,one_heavy,3,300,4,2292,sha256:4012ddaa0bba744748297dc71ef3568404de90ef9b4dc2bc82b17385f9411888,42,64,0,0,5,1,c01 c02,c01 c02,c01 c02
main|astana_clinic|nc6|np15|br1.0|one_heavy|ms3|r300|s5,main,astana_clinic,6,15,1.0,one_heavy,3,300,5,2624,sha256:54611f91aa2c05cc45622e708567521a092f7dd667ee804d39647ae6a09f32b9,42,64,0,0,6,1,c02 c03,c02 c03,c02 c03
main|astana_clinic|nc6|np15|br1.0|one_heavy|ms3|r300|s6,main,astana_clinic,6,15,1.0,one_heavy,3,300,6,2391,sha256:42a23240b32795b8e3ea0cadb7a6cb289a87cdf97e4f544df273bdc661ddfbd6,42,64,0,0,9,1,c00 c03 c05,c00 c03 c05,c00 c03 c05
main|astana_clinic|nc6|np15|br1.0|one_heavy|ms3|r300|s7,main,astana_clinic,6,15,1.0,one_heavy,3,300,7,1993,sha256:0b214684880384cd8fa5615624e46c40d98d9f06752bc208fe03814cb580cd5d,42,64,0,0,3,1,c01 c04,c01 c04,c01 c04
main|astana_clinic|nc6|np15|br1.0|one_heavy|ms3|r300|s8,main,astana_clinic,6,15,1.0,one_heavy,3,300,8,1323,sha256:e288629b9c0f409f97ed94576dca9fbd6e7046b39fb35f372f8c870095248bed,42,64,0,0,3,1,c00 c05,c00 c05,c00 c05
main|astana_clinic|nc6|np15|br1.0|one_heavy|ms3|r300|s9,main,astana_clinic,6,15,1.0,one_heavy,3,300,9,2006,sha256:ef544575d1fdf67e02a7283295f230cba4e1a8ce26f6e634f50d4a0c6cf4f50b,42,64,0,0,4,1,c01 c05,c01 c05,c01 c05
main|astana_clinic|nc6|np25|br0.25|uniform|ms3|r300|s0,main,astana_clinic,6,25,0.25,uniform,3,300,0,545,sha256:c829ed67b9f98c4d759ced0a17144f46e8e0043e3ed9026a2ffecb9bf7ea7229,4,64,1,0,2,1,c05,c05,c05
main|astana_clinic|nc6|np25|br0.25|uniform|ms3|r300|s1,main,astana_clinic,6,25,0.25,uniform,3,300,1,490,sha256:21963d4ff961a82f41658558aac9fe5cb98c77ae9e048856cb1173c2f38eaaa7,3,64,1,0,2,1,c02,c02,c02
main|astana_clinic|nc6|np25|br0.25|uniform|ms3|r300|s2,main,astana_clinic,6,25,0.25,uniform,3,300,2,697,sha256:ffb0ab35b2cbf70e4c00a2ad3fa68a3acff653babde8bcc7c132b48546943cbd,4,64,1,0,3,1,c05,c05,c05
main|astana_clinic|nc6|np25|br0.25|uniform|ms3|r300|s3,main,astana_clinic,6,25,0.25,uniform,3,300,3,433,sha256:336d81300087c85727e45c7cc1155a2cd7112fee2b093b8b8c2fbba754467019,3,64,1,0,2,1,c04,c04,c04
main|astana_clinic|nc6|np25|br0.25|uniform|ms3|r300|s4,main,astana_clinic,6,25,0.25,uniform,3,300,4,573,sha256:c96b1ce1bd742522a58aca33d515b3660e27f748c0faeb363d3f16da3066a829,4,64,1,0,3,1,c02,c02,c02
main|astana_clinic|nc6|np25|br0.25|uniform|ms3|r300|s5,main,astana_clinic,6,25,0.25,uniform,3,300,5,656,sha256:9521cd1521625f86f62928e8fe34f0e2a13847588029091579b08df69aeb73a9,6,64,1,0,3,1,c03,c03,c03
main|astana_clinic|nc6|np25|br0.25|uniform|ms3|r300|s6,main,astana_clinic,6,25,0.25,uniform,3,300,6,597,sha256:74175d355bceb93a29fd9f773809edee39f4c054b92c5c4bba54f2fce9fc05e9,4,64,1,0,3,1,c00,c00,c00
main|astana_clinic|nc6|np25|br0.25|uniform|ms3|r300|s7,main,astana_clinic,6,25,0.25,uniform,3,300,7,498,sha256:c38e2676f6b2cf15d7baabe03ece3e4919507eab4e0eda18e4c6257140d007cd,7,64,1,0,3,1,c01 c04,c01 c04,c01 c04
main|astana_clinic|nc6|np25|br0.25|uniform|ms3|r300|s8,main,astana_clinic,6,25,0.25,uniform,3,300,8,330,sha256:8a7a3cfcac2629d074f88f15604097a2b0bd47aa7f53264d890f166b584449c3,5,64,1,0,2,1,c00,c00,c00
main|astana_clinic|nc6|np25|br0.25|uniform|ms3|r300|s9,main,astana_clinic,6,25,0.25,uniform,3,300,9,501,sha256:1766e757fc3e95e12cae302264389445a58e3e9630ce943f02af3c48cfd3d4fc,4,64,1,0,1,1,,,
main|astana_clinic|nc6|np25|br0.25|random_1_100|ms3|r300|s0,main,astana_clinic,6,25,0.25,random_1_100,3,300,0,545,sha256:bbabc6d9044a993d2769b06fdf6d6d199bd0f4935de584b5a7e57ecbd93ed187,4,64,1,0,2,1,c05,c05,c05
main|astana_clinic|nc6|np25|br0.25|random_1_100|ms3|r300|s1,main,astana_clinic,6,25,0.25,random_1_100,3,300,1,490,sha256:500ce4e47e0e61ea0a036130401b8d8ad78a898abd9ab98867fa436307ee1dcb,3,64,1,0,2,2,c02,c02,c01
main|astana_clinic|nc6|np25|br0.25|random_1_100|ms3|r300|s2,main,astana_clinic,6,25,0.25,random_1_100,3,300,2,697,sha256:3f364db04acd0f615da3fa3e827b4a40923b2a590337c38d2d1684922a26ce26,4,64,1,0,3,2,c05,c05,c01
main|astana_clinic|nc6|np25|br0.25|random_1_100|ms3|r300|s3,main,astana_clinic,6,25,0.25,random_1_100,3,300,3,433,sha256:be6e38625bea629c08b570cc24f913473a4075953df3a608412469120a7a68fe,3,64,1,0,2,1,c04,c04,c04
main|astana_clinic|nc6|np25|br0.25|random_1_100|ms3|r300|s4,main,astana_clinic,6,25,0.25,random_1_100,3,300,4,573,sha256:a0cac3bcd4910f1b365f270994237d909198bde5f4136b864430e4daf72b525b,4,64,1,0,3,1,c02,c02,c02
main|astana_clinic|nc6|np25|br0.25|random_1_100|ms3|r300|s5,main,astana_clinic,6,25,0.25,random_1_100,3,300,5,656,sha256:09b221029c2a7c14035c0baf44e681d6097502741538b5d42328315eebb8a784,6,64,1,0,3,1,c03,c03,c03
main|astana_clinic|nc6|np25|br0.25|random_1_100|ms3|r300|s6,main,astana_clinic,6,25,0.25,random_1_100,3,300,6,597,sha256:a87625c8bb9a4439921151d28e34092f09095a14408c28fa0d5ac468973cc6b0,4,64,1,0,2,1,c05,c05,c05
main|astana_clinic|nc6|np25|br0.25|random_1_100|ms3|r300|s7,main,astana_clinic,6,25,0.25,random_1_100,3,300,7,498,sha256:bf0841915785a3061c855dcf0f6fb8958981d6c844cd84cef015961f6611b127,7,64,1,0,4,1,c01 c04,c01 c04,c01 c04
main|astana_clinic|nc6|np25|br0.25|random_1_100|ms3|r300|s8,main,astana_clinic,6,25,0.25,random_1_100,3,300,8,330,sha256:bc0f4bb1dc1152f28e6560f96a8607a86d4183e0e51850aa9749b6285dcdc2bf,5,64,1,0,2,1,c00,c00,c00
main|astana_clinic|nc6|np25|br0.25|random_1_100|ms3|r300|s9,main,astana_clinic,6,25,0.25,random_1_100,3,300,9,501,sha256:9976e84ea9c67d538eea53848d24d9609291055b770742951c3563bd38d485d1,4,64,1,0,1,1,,,
main|astana_clinic|nc6|np25|br0.25|one_heavy|ms3|r300|s0,main,astana_clinic,6,25,0.25,one_heavy,3,300,0,545,sha256:518b567dc80b1698d70513c8387a5a725afc4817760500b6d5721b1c3c4f5411,4,64,1,0,2,1,c05,c05,c05
main|astana_clinic|nc6|np25|br0.25|one_heavy|ms3|r300|s1,main,astana_clinic,6,25,0.25,one_heavy,3,300,1,490,sha256:68c4b0a8b13062fdf75aaefbbc4782efdfbfa662221b8236e3e8ac40b96bbf7f,3,64,1,0,2,1,c02,c02,c02
main|astana_clinic|nc6|np25|br0.25|one_heavy|ms3|r300|s2,main,astana_clinic,6,25,0.25,one_heavy,3,300,2,697,sha256:d012e7f3c321f5991a3ce22971d2b5bef9fa894174cd749b2992daa6841b66f7,4,64,1,0,3,1,c05,c05,c05
main|astana_clinic|nc6|np25|br0.25|one_heavy|ms3|r300|s3,main,astana_clinic,6,25,0.25,one_heavy,3,300,3,433,sha256:5a163b1e7afa05b4a782f16d78855817df19c6781216dd75ef5a34f372a835a1,3,64,1,0,2,1,c04,c04,c04
main|astana_clinic|nc6|np25|br0.25|one_heavy|ms3|r300|s4,main,astana_clinic,6,25,0.25,one_heavy,3,300,4,573,sha256:7a5e42b3a346795ead664a1004c6e3d551caa96ca9008e425fddedd41a9f8804,4,64,1,0,3,1,c02,c02,c02
main|astana_clinic|nc6|np25|br0.25|one_heavy|ms3|r300|s5,main,astana_clinic,6,25,0.25,one_heavy,3,300,5,656,sha256:faa09c729666aa1b6d3693b271d1aa2872b85813bbec6d54e7fbacd06bf86956,6,64,1,0,3,1,c03,c03,c03
main|astana_clinic|nc6|np25|br0.25|one_heavy|ms3|r300|s6,main,astana_clinic,6,25,0.25,one_heavy,3,300,6,597,sha256:625f2759fd475c744fd2223b821ae38f49dbeb9c28fc8d8d2d037f89b1ae5008,4,64,1,0,3,1,c00,c00,c00
main|astana_clinic|nc6|np25|br0.25|one_heavy|ms3|r300|s7,main,astana_clinic,6,25,0.25,one_heavy,3,300,7,498,sha256:fcd10b09f01d99d3afd3eeec2b0091ac4ac1c81d23f769abd28adbec0350ced3,7,64,1,0,3,1,c01 c04,c01 c04,c01 c04
main|astana_clinic|nc6|np25|br0.25|one_heavy|ms3|r300|s8,main,astana_clinic,6,25,0.25,one_heavy,3,300,8,330,sha256:d99ea19bd167a168a023b871d5a49904d0a89a9b36b854e9d59ad6263a18d5c9,5,64,1,0,2,1,c00,c00,c00
main|astana_clinic|nc6|np25|br0.25|one_heavy|ms3|r300|s9,main,astana_clinic,6,25,0.25,one_heavy,3,300,9,501,sha256:9d2bc3e00e2a209b0b9bff1570668e6ad27586d199c9c68e99092d34ed3fa32b,4,64,1,0,1,1,,,
main|astana_clinic|nc6|np25|br0.5|uniform|ms3|r300|s0,main,astana_clinic,6,25,0.5,uniform,3,300,0,1090,sha256:ff4d37d10a5438369283dd95d207b12956322661f690b8c0a9269ceca7cfd906,15,64,1,0,4,1,c01 c05,c01 c05,c01 c05
main|astana_clinic|nc6|np25|br0.5|uniform|ms3|r300|s1,main,astana_clinic,6,25,0.5,uniform,3,300,1,980,sha256:9086393373fe8fd826eda03bf547139b4d5528113dfd18c54f70a4f8ee2ed315,11,64,1,0,3,1,c01 c02,c01 c02,c01 c02
main|astana_clinic|nc6|np25|br0.5|uniform|ms3|r300|s2,main,astana_clinic,6,25,0.5,uniform,3,300,2,1394,sha256:e50123d71dd52da8284d70c1ddb7d5542601d6a22d4eb11efe6c0173a3997bfa,14,64,1,0,4,1,c01 c05,c01 c05,c01 c05
main|astana_clinic|nc6|np25|br0.5|uniform|ms3|r300|s3,main,astana_clinic,6,25,0.5,uniform,3,300,3,867,sha256:5fc7e958ca0601fd746c62246fe05730f9b971c933642678cdab9d24c971fb45,16,64,1,0,5,1,c02 c04,c02 c04,c02 c04
main|astana_clinic|nc6|np25|br0.5|uniform|ms3|r300|s4,main,astana_clinic,6,25,0.5,uniform,3,300,4,1146,sha256:56d670bd10f55f8e446b1371feab48ce8b8b24b54f9bd7c3460767bfd5836a67,14,64,1,0,4,1,c01 c02,c01 c02,c01 c02
main|astana_clinic|nc6|np25|br0.5|uniform|ms3|r300|s5,main,astana_clinic,6,25,0.5,uniform,3,300,5,1312,sha256:9ef00fccdb8d8ac2d2037333c1c6d6e88993f4ec258ef678d722c9701aeba931,19,64,1,0,5,2,c02 c05,c02 c05,c03
main|astana_clinic|nc6|np25|br0.5|uniform|ms3|r300|s6,main,astana_clinic,6,25,0.5,uniform,3,300,6,1195,sha256:7b9a8e1e64844a1a6549fedf6d8d638ef6c72b7d59b4c481f78904f0ebed7de7,17,64,1,0,6,2,c03 c05,c03 c05,c00 c05
main|astana_clinic|nc6|np25|br0.5|uniform|ms3|r300|s7,main,astana_clinic,6,25,0.5,uniform,3,300,7,996,sha256:f730791ef2e7e30dc7de27d8b93b586c8745dd9e3cf0a7e6e5dd25524c5da9ab,20,64,1,0,3,1,c01 c04,c01 c04,c01 c04
main|astana_clinic|nc6|np25|br0.5|uniform|ms3|r300|s8,main,astana_clinic,6,25,0.5,uniform,3,300,8,661,sha256:ba0ad913ffe9a36854d2867aea61c8bda46de751c47b474ea2bd1c7f9e7cfda8,16,64,1,0,2,1,c00,c00,c00
main|astana_clinic|nc6|np25|br0.5|uniform|ms3|r300|s9,main,astana_clinic,6,25,0.5,uniform,3,300,9,1003,sha256:3ad5dae82352676e1062353019bfe3db6298ab22f37a546bca63d1121fe88d1c,18,64,1,0,3,1,c01,c01,c01
main|astana_clinic|nc6|np25|br0.5|random_1_100|ms3|r300|s0,main,astana_clinic,6,25,0.5,random_1_100,3,300,0,1090,sha256:cbe087a0835bc00a7cc8b4610f60f2a2da393956b3fa2d3e1f6003ba65465e86,15,64,1,0,4,1,c01 c05,c01 c05,c01 c05
main|astana_clinic|nc6|np25|br0.5|random_1_100|ms3|r300|s1,main,astana_clinic,6,25,0.5,random_1_100,3,300,1,980,sha256:f3eb227a4642b27890efcc9b006c9afb814aa140680f4c90146e0f416d9f29df,11,64,1,0,3,1,c01 c02,c01 c02,c01 c02
main|astana_clinic|nc6|np25|br0.5|random_1_100|ms3|r300|s2,main,astana_clinic,6,25,0.5,random_1_100,3,300,2,1394,sha256:2c9242ecff1e26ba71de1bebd5e5b2a20b48edf4fd07782d2dd0b67761a9384d,14,64,1,0,5,2,c03 c05,c03 c05,c01 c05
main|astana_clinic|nc6|np25|br0.5|random_1_100|ms3|r300|s3,main,astana_clinic,6,25,0.5,random_1_100,3,300,3,867,sha256:9c725960beb17dcbe8d5f4e7f7f8cb1888f73c90c6e0b636c93471351dd56ec1,16,64,1,0,5,2,c02 c04,c02 c04,c04 c05
main|astana_clinic|nc6|np25|br0.5|random_1_100|ms3|r300|s4,main,astana_clinic,6,25,0.5,random_1_100,3,300,4,1146,sha256:0da8cb1de2f1ce7649e011296e7991e39f935775e7699249abb52201510025f0,14,64,1,0,6,1,c00 c02,c00 c02,c00 c02
main|astana_clinic|nc6|np25|br0.5|random_1_100|ms3|r300|s5,main,astana_clinic,6,25,0.5,random_1_100,3,300,5,1312,sha256:c2810970a1cd3b9fe4cf5b40ebf01a97683d43c6c9d5ae1c9a9add7b038de2f3,19,64,1,0,5,2,c02 c05,c02 c05,c03
main|astana_clinic|nc6|np25|br0.5|random_1_100|ms3|r300|s6,main,astana_clinic,6,25,0.5,random_1_100,3,300,6,1195,sha256:8a4ce581b906e010c205e3a6e5cf2b9ed0a68878f653840aa7be2ce29587cdcb,17,64,1,0,5,2,c03 c05,c03 c05,c00 c05
main|astana_clinic|nc6|np25|br0.5|random_1_100|ms3|r300|s7,main,astana_clinic,6,25,0.5,random_1_100,3,300,7,996,sha256:9ccd5065edf780a602ccfa2b1a7654e90b1c33c9ef45b9c77cf674905543d669,20,64,1,0,4,1,c01 c04,c01 c04,c01 c04
main|astana_clinic|nc6|np25|br0.5|random_1_100|ms3|r300|s8,main,astana_clinic,6,25,0.5,random_1_100,3,300,8,661,sha256:658ea9c9b0980dea2139a89dfa49be7fe86006325d1f6d1dc364a7cf3225e5c8,16,64,1,0,2,1,c00,c00,c00
main|astana_clinic|nc6|np25|br0.5|random_1_100|ms3|r300|s9,main,astana_clinic,6,25,0.5,random_1_100,3,300,9,1003,sha256:45c22e9948e2185c3301980f6e0014c354b771355cfc8d66bba92614508d7643,18,64,1,0,3,1,c01,c01,c01
main|astana_clinic|nc6|np25|br0.5|one_heavy|ms3|r300|s0,main,astana_clinic,6,25,0.5,one_heavy,3,300,0,1090,sha256:2e3971d763362071de4edc0b791c9d73a3468184fe67f0764795c92716f7c4f4,15,64,1,0,4,1,c01 c05,c01 c05,c01 c05
main|astana_clinic|nc6|np25|br0.5|one_heavy|ms3|r300|s1,main,astana_clinic,6,25,0.5,one_heavy,3,300,1,980,sha256:32e6028fa2c204949f8aa6c11aeaa70f65a87daf736ae6b15bea66507c42c8a4,11,64,1,0,3,1,c01 c02,c01 c02,c01 c02
main|astana_clinic|nc6|np25|br0.5|one_heavy|ms3|r300|s2,main,astana_clinic,6,25,0.5,one_heavy,3,300,2,1394,sha256:e5598ea195ded52e22e848f6b07c982bd3fa28afa3ac663b29dbb506041d0631,14,64,1,0,4,1,c01 c05,c01 c05,c01 c05
main|astana_clinic|nc6|np25|br0.5|one_heavy|ms3|r300|s3,main,astana_clinic,6,25,0.5,one_heavy,3,300,3,867,sha256:22ca7683cc55cb1977e7506013ab0ab2d88fd16a5e116c97e80b88e126ae9fa4,16,64,1,0,5,1,c02 c04,c02 c04,c02 c04
main|astana_clinic|nc6|np25|br0.5|one_heavy|ms3|r300|s4,main,astana_clinic,6,25,0.5,one_heavy,3,300,4,1146,sha256:bf77eb08b634dd7944710a27abfceb640390fb33bfc61e083b40be9c43af8a8b,14,64,1,0,4,1,c01 c02,c01 c02,c01 c02
main|astana_clinic|nc6|np25|br0.5|one_heavy|ms3|r300|s5,main,astana_clinic,6,25,0.5,one_heavy,3,300,5,1312,sha256:5dc2b59f1ca49fa17a10a4b1586de0ca4e14d368b7f139bf0491141c7f09efa8,19,64,1,0,5,2,c02 c05,c02 c05,c03
main|astana_clinic|nc6|np25|br0.5|one_heavy|ms3|r300|s6,main,astana_clinic,6,25,0.5,one_heavy,3,300,6,1195,sha256:ac147eec5814b6b114783db41ba30708043462803e07529169ee6d1c0d38862d,17,64,1,0,6,2,c03 c05,c03 c05,c00 c05
main|astana_clinic|nc6|np25|br0.5|one_heavy|ms3|r300|s7,main,astana_clinic,6,25,0.5,one_heavy,3,300,7,996,sha256:5f5cdb0b3287cf230a8bc0aa520029a6c9f2e850a7dae36ade697d453ffdcfea,20,64,1,0,3,1,c01 c04,c01 c04,c01 c04
main|astana_clinic|nc6|np25|br0.5|one_heavy|ms3|r300|s8,main,astana_clinic,6,25,0.5,one_heavy,3,300,8,661,sha256:7f0f6b713d7203b5482e9aba2ecd2a1fde5b1adf84175c680d8df014ad3c515d,16,64,1,0,2,1,c00,c00,c00
main|astana_clinic|nc6|np25|br0.5|one_heavy|ms3|r300|s9,main,astana_clinic,6,25,0.5,one_heavy,3,300,9,1003,sha256:4cb5f4dff4d38b648d76544e32554bbb2e8c97f7c84b3329b77ce82bb98c5864,18,64,1,0,3,1,c01,c01,c01
main|astana_clinic|nc6|np25|br0.75|uniform|ms3|r300|s0,main,astana_clinic,6,25,0.75,uniform,3,300,0,1635,sha256:e7dfe7743704bf5500cc0534ea6288fabc0246ff60f4c0312930cf76106a7433,32,64,1,0,5,1,c01 c03 c05,c01 c03 c05,c01 c03 c05
main|astana_clinic|nc6|np25|br0.75|uniform|ms3|r300|s1,main,astana_clinic,6,25,0.75,uniform,3,300,1,1470,sha256:b9636bf3704be5c8f9b0c21f07a2ba0cee6b3f4476c916ba20d100e401677c16,25,64,1,0,3,1,c01 c02,c01 c02,c01 c02
main|astana_clinic|nc6|np25|br0.75|uniform|ms3|r300|s2,main,astana_clinic,6,25,0.75,uniform,3,300,2,2091,sha256:bd6d8b809e1afaf4588ed5be170bc5332b0ecdfefd24cab24d5433c3704b0849,32,64,1,0,6,2,c01 c03 c05,c01 c03 c05,c01 c04 c05
main|astana_clinic|nc6|np25|br0.75|uniform|ms3|r300|s3,main,astana_clinic,6,25,0.75,uniform,3,300,3,1301,sha256:efbfab6707241947c51f6d33bda2fcf74bfae72935f8a613d817a467e00e91c5,30,64,1,0,7,1,c02 c04 c05,c02 c04 c05,c02 c04 c05
main|astana_clinic|nc6|np25|br0.75|uniform|ms3|r300|s4,main,astana_clinic,6,25,0.75,uniform,3,300,4,1719,sha256:fe4491248c6d794ac506acdd722c5db944e6ebdf04845bdd39c702eeddd8e5bf,32,64,1,0,5,1,c00 c01 c02,c00 c01 c02,c00 c01 c02
main|astana_clinic|nc6|np25|br0.75|uniform|ms3|r300|s5,main,astana_clinic,6,25,0.75,uniform,3,300,5,1968,sha256:66bc469ec2698e397552882282bd56da48e291fd391aac1c5964493706799823,35,64,1,0,6,1,c02 c03,c02 c03,c02 c03
main|astana_clinic|nc6|np25|br0.75|uniform|ms3|r300|s6,main,astana_clinic,6,25,0.75,uniform,3,300,6,1793,sha256:c3cee90500494255daa8a00d3b2f7dcefbf1b85efba5c809b6ad85ed8814da15,32,64,1,0,9,1,c00 c03 c05,c00 c03 c05,c00 c03 c05
main|astana_clinic|nc6|np25|br0.75|uniform|ms3|r300|s7,main,astana_clinic,6,25,0.75,uniform,3,300,7,1494,sha256:4a38194605fcd5e7534a63d218a89815223682b6ee2f77c9a492d84bac7824bc,35,64,1,0,3,1,c01 c04,c01 c04,c01 c04
main|astana_clinic|nc6|np25|br0.75|uniform|ms3|r300|s8,main,astana_clinic,6,25,0.75,uniform,3,300,8,992,sha256:84f4b414f86262dd8687c95dad3e0e916ac7761c5d0506838eea81d0da0cac60,31,64,1,0,3,1,c00 c05,c00 c05,c00 c05
main|astana_clinic|nc6|np25|br0.75|uniform|ms3|r300|s9,main,astana_clinic,6,25,0.75,uniform,3,300,9,1504,sha256:777d656a3fe6e106bfec42cfb4aa52fb7ebbbf7ced71f2d936b1609e2cf691ff,32,64,1,0,4,1,c01 c05,c01 c05,c01 c05
main|astana_clinic|nc6|np25|br0.75|random_1_100|ms3|r300|s0,main,astana_clinic,6,25,0.75,random_1_100,3,300,0,1635,sha256:aeeb1412f3e2e52e33e2636dedcab51abe5a33d7c71257faa5ddeb04bcd7b346,32,64,1,0,5,1,c00 c05,c00 c05,c00 c05
main|astana_clinic|nc6|np25|br0.75|random_1_100|ms3|r300|s1,main,astana_clinic,6,25,0.75,random_1_100,3,300,1,1470,sha256:8e90296fdfd8e76af40617fef7200bb2d4cd346ab9fdc4f683791807f1e1bf42,25,64,1,0,3,1,c01 c02,c01 c02,c01 c02
main|astana_clinic|nc6|np25|br0.75|random_1_100|ms3|r300|s2,main,astana_clinic,6,25,0.75,random_1_100,3,300,2,2091,sha256:612b9a0f644efc9a61d2e4ec8bfec6d99aec481d8e806f0347253cb13d929f49,32,64,1,0,7,2,c01 c03 c05,c01 c03 c05,c01 c02 c05
main|astana_clinic|nc6|np25|br0.75|random_1_100|ms3|r300|s3,main,astana_clinic,6,25,0.75,random_1_100,3,300,3,1301,sha256:325ad8ae06fe9cede58ad791b03b75bc26a147e351d4feb58a487d9e1196ee40,30,64,1,0,7,1,c02 c04 c05,c02 c04 c05,c02 c04 c05
main|astana_clinic|nc6|np25|br0.75|random_1_100|ms3|r300|s4,main,astana_clinic,6,25,0.75,random_1_100,3,300,4,1719,sha256:e5dc77ac6d0d1ac0122be2aa948f40af706ef17fe26a32dac44059112a20a111,32,64,1,0,8,1,c00 c01 c02,c00 c01 c02,c00 c01 c02
main|astana_clinic|nc6|np25|br0.75|random_1_100|ms3|r300|s5,main,astana_clinic,6,25,0.75,random_1_100,3,300,5,1968,sha256:204c79a85c936bd0fc75cd19de15c3b698c0312c6edf27e89fa40bc0c1358064,35,64,1,0,6,1,c02 c03,c02 c03,c02 c03
main|astana_clinic|nc6|np25|br0.75|random_1_100|ms3|r300|s6,main,astana_clinic,6,25,0.75,random_1_100,3,300,6,1793,sha256:54e4f4155d4838c369ee1a6522d4560d0cb5b8684b6de1b455b9266186b0dfbf,32,64,1,0,7,1,c00 c03 c05,c00 c03 c05,c00 c03 c05
main|astana_clinic|nc6|np25|br0.75|random_1_100|ms3|r300|s7,main,astana_clinic,6,25,0.75,random_1_100,3,300,7,1494,sha256:d054c8868781d943e437cc8db357a00b6ddf632abf7bf1c17123ad814e672212,35,64,1,0,4,1,c01 c04,c01 c04,c01 c04
main|astana_clinic|nc6|np25|br0.75|random_1_100|ms3|r300|s8,main,astana_clinic,6,25,0.75,random_1_100,3,300,8,992,sha256:756fd782021f394a2058e4e4995f646018fda40795276f7cb93c58fae1406157,31,64,1,0,3,1,c00 c05,c00 c05,c00 c05
main|astana_clinic|nc6|np25|br0.75|random_1_100|ms3|r300|s9,main,astana_clinic,6,25,0.75,random_1_100,3,300,9,1504,sha256:3508af54529da1e25df62f202e9354cd1b8091ceb272fbb1677db27d2dd7d9da,32,64,1,0,4,1,c01 c05,c01 c05,c01 c05
main|astana_clinic|nc6|np25|br0.75|one_heavy|ms3|r300|s0,main,astana_clinic,6,25,0.75,one_heavy,3,300,0,1635,sha256:3f9efcb0a5cce0182f485227777ca8ca35f6f2111819f31ab368af0753e13360,32,64,1,0,5,1,c01 c03 c05,c01 c03 c05,c01 c03 c05
main|astana_clinic|nc6|np25|br0.75|one_heavy|ms3|r300|s1,main,astana_clinic,6,25,0.75,one_heavy,3,300,1,1470,sha256:79f0b29c251a9532ad83b3b7220f4d58c3a45b3839d885cd58a54d5f8b584fa4,25,64,1,0,3,1,c01 c02,c01 c02,c01 c02
main|astana_clinic|nc6|np25|br0.75|one_heavy|ms3|r300|s2,main,astana_clinic,6,25,0.75,one_heavy,3,300,2,2091,sha256:a4e577ebf0fd89e935c6267b2ec9031f6255307dcb42d5f16eb88166cefcf401,32,64,1,0,6,2,c01 c03 c05,c01 c03 c05,c01 c04 c05
main|astana_clinic|nc6|np25|br0.75|one_heavy|ms3|r300|s3,main,astana_clinic,6,25,0.75,one_heavy,3,300,3,1301,sha256:5c48fee56b4274b0391c3d6b5393e9fbd9255057f9e1da4c008e03aba367affa,30,64,1,0,7,1,c02 c04 c05,c02 c04 c05,c02 c04 c05
main|astana_clinic|nc6|np25|br0.75|one_heavy|ms3|r300|s4,main,astana_clinic,6,25,0.75,one_heavy,3,300,4,1719,sha256:3777cd0511a02e62765d60e9902f2d7b305d076f1cc3e820a63ce9cc9254f058,32,64,1,0,5,1,c00 c01 c02,c00 c01 c02,c00 c01 c02
main|astana_clinic|nc6|np25|br0.75|one_heavy|ms3|r300|s5,main,astana_clinic,6,25,0.75,one_heavy,3,300,5,1968,sha256:03a007c0e0e73bcdf72341223fb4d12d65fb3fb97d7547f2e1859d7b45a35fb4,35,64,1,0,6,1,c02 c03,c02 c03,c02 c03
main|astana_clinic|nc6|np25|br0.75|one_heavy|ms3|r300|s6,main,astana_clinic,6,25,0.75,one_heavy,3,300,6,1793,sha256:ae8ca1fa0326e2525b39245c2d4aa4a503ba33bb020f7c38e1ebbb5bba1281ed,32,64,1,0,9,1,c00 c03 c05,c00 c03 c05,c00 c03 c05
main|astana_clinic|nc6|np25|br0.75|one_heavy|ms3|r300|s7,main,astana_clinic,6,25,0.75,one_heavy,3,300,7,1494,sha256:6fa3681c3719968a8463666891da325b3bb1646ea2fe86bdb2b0bcc32df3147f,35,64,1,0,3,1,c01 c04,c01 c04,c01 c04
main|astana_clinic|nc6|np25|br0.75|one_heavy|ms3|r300|s8,main,astana_clinic,6,25,0.75,one_heavy,3,300,8,992,sha256:49d4593fabb38478420c5c7864e129c6b353d80770f4e4a233ad2bea0fe4b7f4,31,64,1,0,3,1,c00 c05,c00 c05,c00 c05
main|astana_clinic|nc6|np25|br0.75|one_heavy|ms3|r300|s9,main,astana_clinic,6,25,0.75,one_heavy,3,300,9,1504,sha256:148c66121beab658c5c993095e6830abbf54160b3e1756f3ebea4039d12c491c,32,64,1,0,4,1,c01 c05,c01 c05,c01 c05
main|astana_clinic|nc6|np25|br1.0|uniform|ms3|r300|s0,main,astana_clinic,6,25,1.0,uniform,3,300,0,2181,sha256:ee16225dc76d48310da5cb859b46a23c6deacdad2aeabc2deb0893f4f9bd0e27,42,64,0,0,6,1,c00 c01 c05,c00 c01 c05,c00 c01 c05
main|astana_clinic|nc6|np25|br1.0|uniform|ms3|r300|s1,main,astana_clinic,6,25,1.0,uniform,3,300,1,1961,sha256:ad807fccde55d7960175a40f131c88cb8d9c91305b7ed39e277eca323252e589,42,64,0,0,3,1,c01 c02,c01 c02,c01 c02
main|astana_clinic|nc6|np25|br1.0|uniform|ms3|r300|s2,main,astana_clinic,6,25,1.0,uniform,3,300,2,2789,sha256:488699721cb550256232414a3baaca498b9f6e0a7deddadea511708004dc6d0a,42,64,0,0,6,2,c01 c03 c05,c01 c03 c05,c01 c04 c05
main|astana_clinic|nc6|np25|br1.0|uniform|ms3|r300|s3,main,astana_clinic,6,25,1.0,uniform,3,300,3,1735,sha256:a6f554f8fc7f93e55b8a6725718359163e66d95e9b92b5c8ec62ed5d338b84df,42,64,0,0,7,1,c02 c04 c05,c02 c04 c05,c02 c04 c05
main|astana_clinic|nc6|np25|br1.0|uniform|ms3|r300|s4,main,astana_clinic,6,25,1.0,uniform,3,300,4,2292,sha256:d2e43d5a59ac106a0c6a17ce84b639c1931a2ac0dc7072cf673c92a3eba319a8,42,64,0,0,5,1,c00 c01 c02,c00 c01 c02,c00 c01 c02
main|astana_clinic|nc6|np25|br1.0|uniform|ms3|r300|s5,main,astana_clinic,6,25,1.0,uniform,3,300,5,2624,sha256:77d0c75ab909fe361f712858ede2dfb12a8bb87109d6aee060fc9e53357f1e39,42,64,0,0,6,1,c02 c03,c02 c03,c02 c03
main|astana_clinic|nc6|np25|br1.0|uniform|ms3|r300|s6,main,astana_clinic,6,25,1.0,uniform,3,300,6,2391,sha256:19eaa2428e68d3b9b6d2b641d801c4d59c0ff2732a3a5c2d0eff9c4f8a2d0e8d,42,64,0,0,9,1,c00 c03 c05,c00 c03 c05,c00 c03 c05
main|astana_clinic|nc6|np25|br1.0|uniform|ms3|r300|s7,main,astana_clinic,6,25,1.0,uniform,3,300,7,1993,sha256:2188ef3ed5d745afd561b423f1f9c6528a0f9926e89a1f2915b03b50449a2bf2,42,64,0,0,3,1,c01 c04,c01 c04,c01 c04
main|astana_clinic|nc6|np25|br1.0|uniform|ms3|r300|s8,main,astana_clinic,6,25,1.0,uniform,3,300,8,1323,sha256:1b923bad7de24eb989beedd85a80a00cabbe26ac9ba8a353ff447bec823b73fa,42,64,0,0,3,1,c00 c05,c00 c05,c00 c05
main|astana_clinic|nc6|np25|br1.0|uniform|ms3|r300|s9,main,astana_clinic,6,25,1.0,uniform,3,300,9,2006,sha256:f85a05153d4c270db1181d2f6f5f35dda0ef292ce39d12a508f5117394175499,42,64,0,0,4,1,c01 c05,c01 c05,c01 c05
main|astana_clinic|nc6|np25|br1.0|random_1_100|ms3|r300|s0,main,astana_clinic,6,25,1.0,random_1_100,3,300,0,2181,sha256:ff291337e5c45ecfbbcaf5db562975bb50f6ee97fd5908b2cfb15e4be29b5e1d,42,64,0,0,7,1,c00 c01 c05,c00 c01 c05,c00 c01 c05
main|astana_clinic|nc6|np25|br1.0|random_1_100|ms3|r300|s1,main,astana_clinic,6,25,1.0,random_1_100,3,300,1,1961,sha256:5b76a0676032677aff95df86ed3ad2fa4b27312b9fd542c0134d4e911575f377,42,64,0,0,3,1,c01 c02,c01 c02,c01 c02
main|astana_clinic|nc6|np25|br1.0|random_1_100|ms3|r300|s2,main,astana_clinic,6,25,1.0,random_1_100,3,300,2,2789,sha256:dd6b2068d1947a4c287693acab4b373b80b16517277c0cab3b3884469a5a49c5,42,64,0,0,7,2,c01 c03 c05,c01 c03 c05,c01 c02 c05
main|astana_clinic|nc6|np25|br1.0|random_1_100|ms3|r300|s3,main,astana_clinic,6,25,1.0,random_1_100,3,300,3,1735,sha256:7f7433d3a669effa4c5625931483ceaa6540abad9a558aad8157c973e1746f37,42,64,0,0,7,1,c02 c04 c05,c02 c04 c05,c02 c04 c05
main|astana_clinic|nc6|np25|br1.0|random_1_100|ms3|r300|s4,main,astana_clinic,6,25,1.0,random_1_100,3,300,4,2292,sha256:26a015ba1335dd766dee12b24426820315e73b205b12c63fcfa57fa3bdddcc93,42,64,0,0,8,1,c00 c01 c02,c00 c01 c02,c00 c01 c02
main|astana_clinic|nc6|np25|br1.0|random_1_100|ms3|r300|s5,main,astana_clinic,6,25,1.0,random_1_100,3,300,5,2624,sha256:0fe863062fc8c8aec5cb820fb2dc8695f5c6e4bc686c473364dc9f58e1cff192,42,64,0,0,6,1,c02 c03,c02 c03,c02 c03
main|astana_clinic|nc6|np25|br1.0|random_1_100|ms3|r300|s6,main,astana_clinic,6,25,1.0,random_1_100,3,300,6,2391,sha256:b2c475bbbab31b22eda682e44c7e5f90529bc979792416e233fdf3784c813c5b,42,64,0,0,7,1,c00 c03 c05,c00 c03 c05,c00 c03 c05
main|astana_clinic|nc6|np25|br1.0|random_1_100|ms3|r300|s7,main,astana_clinic,6,25,1.0,random_1_100,3,300,7,1993,sha256:19016699bfc95e13233076b51ff5ab01c75d78b139b2ee89ac07c0695519b4e2,42,64,0,0,4,1,c01 c04,c01 c04,c01 c04
main|astana_clinic|nc6|np25|br1.0|random_1_100|ms3|r300|s8,main,astana_clinic,6,25,1.0,random_1_100,3,300,8,1323,sha256:5dc2330da6c8709fcce796acb61e0c027b418e67520b1255eb035ba85922a119,42,64,0,0,3,1,c00 c05,c00 c05,c00 c05
main|astana_clinic|nc6|np25|br1.0|random_1_100|ms3|r300|s9,main,astana_clinic,6,25,1.0,random_1_100,3,300,9,2006,sha256:c209d644790f113bd2675182e96e4d53e472118bfeb15e65423f36956d6c28c8,42,64,0,0,4,1,c01 c05,c01 c05,c01 c05
main|astana_clinic|nc6|np25|br1.0|one_heavy|ms3|r300|s0,main,astana_clinic,6,25,1.0,one_heavy,3,300,0,2181,sha256:6cccedff1fecb6923cb32d4061f346ccf69bfa5d5bc30940069bf33f65942211,42,64,0,0,6,1,c00 c01 c05,c00 c01 c05,c00 c01 c05
main|astana_clinic|nc6|np25|br1.0|one_heavy|ms3|r300|s1,main,astana_clinic,6,25,1.0,one_heavy,3,300,1,1961,sha256:9e71074f0c191a65f6efa266c1cea77cc9a481f914bdb1072981b98bf507972e,42,64,0,0,3,1,c01 c02,c01 c02,c01 c02
main|astana_clinic|nc6|np25|br1.0|one_heavy|ms3|r300|s2,main,astana_clinic,6,25,1.0,one_heavy,3,300,2,2789,sha256:5b554cea341e1dd8223fb1a898ab0254fd229a99c62d2fe27903f2aec0e16158,42,64,0,0,6,2,c01 c03 c05,c01 c03 c05,c01 c04 c05
main|astana_clinic|nc6|np25|br1.0|one_heavy|ms3|r300|s3,main,astana_clinic,6,25,1.0,one_heavy,3,300,3,1735,sha256:b7d1932286b7fa1d3d7ba52846a1cf30aca7d84954f099a96a89408985abdfa3,42,64,0,0,7,1,c02 c04 c05,c02 c04 c05,c02 c04 c05
main|astana_clinic|nc6|np25|br1.0|one_heavy|ms3|r300|s4,main,astana_clinic,6,25,1.0,one_heavy,3,300,4,2292,sha256:0d3f43db8a01c61566e4184cf7a38f8669f982b9bbc706c131823ffd8c2239f8,42,64,0,0,5,1,c00 c01 c02,c00 c01 c02,c00 c01 c02
main|astana_clinic|nc6|np25|br1.0|one_heavy|ms3|r300|s5,main,astana_clinic,6,25,1.0,one_heavy,3,300,5,2624,sha256:5a286648efa0cd42f75f81eded6694d14c9eefcb52e8703e4da3c79017415a76,42,64,0,0,6,1,c02 c03,c02 c03,c02 c03
main|astana_clinic|nc6|np25|br1.0|one_heavy|ms3|r300|s6,main,astana_clinic,6,25,1.0,one_heavy,3,300,6,2391,sha256:d221001fa91ffd70276e9c890b00a0cfbc047e55af693e4dcff693e32667dfd4,42,64,0,0,9,1,c00 c03 c05,c00 c03 c05,c00 c03 c05
main|astana_clinic|nc6|np25|br1.0|one_heavy|ms3|r300|s7,main,astana_clinic,6,25,1.0,one_heavy,3,300,7,1993,sha256:7a48a818e1c2eb81d4afab4ea853ffb16ae746c8ade9007cf73480375c6bb612,42,64,0,0,3,1,c01 c04,c01 c04,c01 c04
main|astana_clinic|nc6|np25|br1.0|one_heavy|ms3|r300|s8,main,astana_clinic,6,25,1.0,one_heavy,3,300,8,1323,sha256:f164da37e69a083f8bb212b6dd52db7c5a9bc224c72f1de19a879808742cade6,42,64,0,0,3,1,c00 c05,c00 c05,c00 c05
main|astana_clinic|nc6|np25|br1.0|one_heavy|ms3|r300|s9,main,astana_clinic,6,25,1.0,one_heavy,3,300,9,2006,sha256:50068d5ef96529cbd05784577fe26492e7d1ecd7d021a56aa1eaee903f2959c2,42,64,0,0,4,1,c01 c05,c01 c05,c01 c05
main|astana_clinic|nc10|np5|br0.25|uniform|ms3|r300|s0,main,astana_clinic,10,5,0.25,uniform,3,300,0,545,sha256:a138ba937d768257fb57692970414e27694097c39891b49893fa1f6a9f5a728e,22,1024,1,0,3,1,c07 c09,c07 c09,c07 c09
main|astana_clinic|nc10|np5|br0.25|uniform|ms3|r300|s1,main,astana_clinic,10,5,0.25,uniform,3,300,1,618,sha256:8645607587a39ff9e8c54bac6ce641f76769ed5ce14733eb1d419e26425d17e6,5,1024,1,0,2,1,c02,c02,c02
main|astana_clinic|nc10|np5|br0.25|uniform|ms3|r300|s2,main,astana_clinic,10,5,0.25,uniform,3,300,2,697,sha256:78b54be35071fd6b241df6b8b29f213cc48382761e47b9b98f3e88d354527eed,10,1024,1,0,3,1,c07,c07,c07
main|astana_clinic|nc10|np5|br0.25|uniform|ms3|r300|s3,main,astana_clinic,10,5,0.25,uniform,3,300,3,514,sha256:48aeed811631da65b6bd80ae2be53c35b5dbc6db3601d7a2fcae8f7f1cf5ea24,9,1024,1,0,2,1,c08,c08,c08
main|astana_clinic|nc10|np5|br0.25|uniform|ms3|r300|s4,main,astana_clinic,10,5,0.25,uniform,3,300,4,661,sha256:170047b8f0b173eee15b7342cab220f9b88fd52c183adbcfcf5cc12253e34eb4,16,1024,1,0,1,1,,,
main|astana_clinic|nc10|np5|br0.25|uniform|ms3|r300|s5,main,astana_clinic,10,5,0.25,uniform,3,300,5,672,sha256:5d3e128501b99c3350be0943cc1055a2ee2c59a477f11d9f986f60023add8585,6,1024,1,0,1,1,,,
main|astana_clinic|nc10|np5|br0.25|uniform|ms3|r300|s6,main,astana_clinic,10,5,0.25,uniform,3,300,6,658,sha256:18c22ad27813897eb7a30e713149d6113e13a24752af70b0a97124bacda3c6d1,10,1024,1,0,2,1,c05,c05,c05
main|astana_clinic|nc10|np5|br0.25|uniform|ms3|r300|s7,main,astana_clinic,10,5,0.25,uniform,3,300,7,651,sha256:7c8e826b3903dc574e7d693770f3f568502392ae5aa4314623174b650bfcb11e,15,1024,1,0,3,1,c01 c06,c01 c06,c01 c06
main|astana_clinic|nc10|np5|br0.25|uniform|ms3|r300|s8,main,astana_clinic,10,5,0.25,uniform,3,300,8,628,sha256:2a0a968fa007e1e774f57c11f8d70c02799db3d3e1bf5536113150ec81c599c8,27,1024,1,0,2,1,c09,c09,c09
main|astana_clinic|nc10|np5|br0.25|uniform|ms3|r300|s9,main,astana_clinic,10,5,0.25,uniform,3,300,9,613,sha256:16e51c8a0d50c1dcd61c8dcffd8c2cfb7f65fe49be983802fd746bc04053c515,8,1024,1,0,1,1,,,
main|astana_clinic|nc10|np5|br0.25|random_1_100|ms3|r300|s0,main,astana_clinic,10,5,0.25,random_1_100,3,300,0,545,sha256:e78e2a9c7ecb84e76090b9276da4353f105acce882fb5da19f8c6e075ddc804f,22,1024,1,0,3,1,c07 c09,c07 c09,c07 c09
main|astana_clinic|nc10|np5|br0.25|random_1_100|ms3|r300|s1,main,astana_clinic,10,5,0.25,random_1_100,3,300,1,618,sha256:4563e5ec8a8c1cbc0a20a594142f3aa808f6ea3510b2bda15da87d8dde2fc042,5,1024,1,0,2,1,c02,c02,c02
main|astana_clinic|nc10|np5|br0.25|random_1_100|ms3|r300|s2,main,astana_clinic,10,5,0.25,random_1_100,3,300,2,697,sha256:e983817a6af9de97c12cf3c59c4f5bea19d82cc2d7d1f73efbac0d5e43136077,10,1024,1,0,3,1,c07,c07,c07
main|astana_clinic|nc10|np5|br0.25|random_1_100|ms3|r300|s3,main,astana_clinic,10,5,0.25,random_1_100,3,300,3,514,sha256:2e080b1a611d1068a66de73728386472050cb827faac5f36aaf4ac5ffafb98fa,9,1024,1,0,2,1,c08,c08,c08
main|astana_clinic|nc10|np5|br0.25|random_1_100|ms3|r300|s4,main,astana_clinic,10,5,0.25,random_1_100,3,300,4,661,sha256:34e8389d3a9f2d4433bdde8a0dcdeff08c2930099085ed1ea74b1b56d0a4efed,16,1024,1,0,1,1,,,
main|astana_clinic|nc10|np5|br0.25|random_1_100|ms3|r300|s5,main,astana_clinic,10,5,0.25,random_1_100,3,300,5,672,sha256:f039a37d9c4a3394cb1e22c033d9ff03375c4eb04a0eb4c069866bd9c24bd086,6,1024,1,0,1,1,,,
main|astana_clinic|nc10|np5|br0.25|random_1_100|ms3|r300|s6,main,astana_clinic,10,5,0.25,random_1_100,3,300,6,658,sha256:454e39c2fe5179e7e098e67f5806350d93dd9e8456b43e57e49e908afde05ff0,10,1024,1,0,2,1,c05,c05,c05
main|astana_clinic|nc10|np5|br0.25|random_1_100|ms3|r300|s7,main,astana_clinic,10,5,0.25,random_1_100,3,300,7,651,sha256:a6d8037888687286e832af2c241934c45edff7f8bd36183f419a29d794d75e3e,15,1024,1,0,3,1,c01 c06,c01 c06,c01 c06
main|astana_clinic|nc10|np5|br0.25|random_1_100|ms3|r300|s8,main,astana_clinic,10,5,0.25,random_1_100,3,300,8,628,sha256:3f6ef6731b50d9015d827ca5c31665e8e2069599f61998bfa764e2b4f7748df2,27,1024,1,0,2,1,c09,c09,c09
main|astana_clinic|nc10|np5|br0.25|random_1_100|ms3|r300|s9,main,astana_clinic,10,5,0.25,random_1_100,3,300,9,613,sha256:015146522b1fcea66232df77fa015e9d1eddb667abb2d49e85c6f5b1fdf2fb11,8,1024,1,0,1,1,,,
main|astana_clinic|nc10|np5|br0.25|one_heavy|ms3|r300|s0,main,astana_clinic,10,5,0.25,one_heavy,3,300,0,545,sha256:f89bee44e451723b8d49d5970aa58062e98b57babd0770947ac3cb5e37e7333d,22,1024,1,0,3,1,c07 c09,c07 c09,c07 c09
main|astana_clinic|nc10|np5|br0.25|one_heavy|ms3|r300|s1,main,astana_clinic,10,5,0.25,one_heavy,3,300,1,618,sha256:fc581e2988757bc81afc32e6a324a4bcd6196d2fc7f08b1570c0f60a42b93e7f,5,1024,1,0,2,1,c02,c02,c02
main|astana_clinic|nc10|np5|br0.25|one_heavy|ms3|r300|s2,main,astana_clinic,10,5,0.25,one_heavy,3,300,2,697,sha256:b91edf6f5d8570f7c7129886fba6970c028e6f28e896810023020f11efbc7db6,10,1024,1,0,3,1,c07,c07,c07
main|astana_clinic|nc10|np5|br0.25|one_heavy|ms3|r300|s3,main,astana_clinic,10,5,0.25,one_heavy,3,300,3,514,sha256:342e4efb0cdf6efe252d8f8bc67010e7e1aaa8b1cf18e2e80645edbce4b08c24,9,1024,1,0,2,1,c08,c08,c08
main|astana_clinic|nc10|np5|br0.25|one_heavy|ms3|r300|s4,main,astana_clinic,10,5,0.25,one_heavy,3,300,4,661,sha256:8246a2d07b1daca1cbf7c47a49492b7a033d36da4f085b012f2704cb633d2456,16,1024,1,0,1,1,,,
main|astana_clinic|nc10|np5|br0.25|one_heavy|ms3|r300|s5,main,astana_clinic,10,5,0.25,one_heavy,3,300,5,672,sha256:22aab831f9518be8712ce63e16fc8c437cf89b9b9bd8a0fdaef7a5650588eed5,6,1024,1,0,1,1,,,
main|astana_clinic|nc10|np5|br0.25|one_heavy|ms3|r300|s6,main,astana_clinic,10,5,0.25,one_heavy,3,300,6,658,sha256:c039088f0bf7471bb6b3fd083315fa462ccd662bfe5785ff87abd44e4a0541e7,10,1024,1,0,2,1,c05,c05,c05
main|astana_clinic|nc10|np5|br0.25|one_heavy|ms3|r300|s7,main,astana_clinic,10,5,0.25,one_heavy,3,300,7,651,sha256:00a53520ffd1236c8161f669db3a5baf863a281e6ca4e3671922202894005431,15,1024,1,0,4,1,c01 c06,c01 c06,c01 c06
main|astana_clinic|nc10|np5|br0.25|one_heavy|ms3|r300|s8,main,astana_clinic,10,5,0.25,one_heavy,3,300,8,628,sha256:77f7523ee73f4e0f014ec8a9bea77221bb27ed10e6080527bd1854fb01d2d0bf,27,1024,1,0,2,1,c09,c09,c09
main|astana_clinic|nc10|np5|br0.25|one_heavy|ms3|r300|s9,main,astana_clinic,10,5,0.25,one_heavy,3,300,9,613,sha256:f6a8079aa87cf2c74118df4927d263336a10ec28bdecc1d901b738f0c2ac0db0,8,1024,1,0,1,1,,,
main|astana_clinic|nc10|np5|br0.5|uniform|ms3|r300|s0,main,astana_clinic,10,5,0.5,uniform,3,300,0,1090,sha256:a31981439d26d4072071a6795334667eb0f7a40f08bfd45b65da1f3d4ffc6565,93,1024,1,0,3,1,c07 c09,c07 c09,c07 c09
main|astana_clinic|nc10|np5|br0.5|uniform|ms3|r300|s1,main,astana_clinic,10,5,0.5,uniform,3,300,1,1237,sha256:1300843edbab50fb0d5154900e567127c9885864c9b733ec92ec2d1cae339e14,36,1024,1,0,2,1,c02,c02,c02
main|astana_clinic|nc10|np5|br0.5|uniform|ms3|r300|s2,main,astana_clinic,10,5,0.5,uniform,3,300,2,1394,sha256:2a5c06b10aeef1c36dd05f934be0eb6d77a6beef38bae0f2e6bc84fa2a9cbe5b,64,1024,1,0,4,1,c07 c08,c07 c08,c07 c08
main|astana_clinic|nc10|np5|br0.5|uniform|ms3|r300|s3,main,astana_clinic,10,5,0.5,uniform,3,300,3,1029,sha256:eeeddef23d68321672fc3025d59a550871884c527f39f516f22be0eb83ae2018,51,1024,1,0,2,1,c08,c08,c08
main|astana_clinic|nc10|np5|br0.5|uniform|ms3|r300|s4,main,astana_clinic,10,5,0.5,uniform,3,300,4,1323,sha256:887dbea0772555dd87442b99248c6653d2122ddd82e79531c7ce09339f3286d5,80,1024,1,0,1,1,,,
main|astana_clinic|nc10|np5|br0.5|uniform|ms3|r300|s5,main,astana_clinic,10,5,0.5,uniform,3,300,5,1344,sha256:9b5043fb6c54580ff0b8ac40c495339e22f72337ff55badd7846398efff02761,39,1024,1,0,2,1,c02,c02,c02
main|astana_clinic|nc10|np5|br0.5|uniform|ms3|r300|s6,main,astana_clinic,10,5,0.5,uniform,3,300,6,1316,sha256:3f8f466d58e096547a0abe192aeb020d4959d7d5ff7984471c89edc8d98c6b05,69,1024,1,0,3,1,c03 c05,c03 c05,c03 c05
main|astana_clinic|nc10|np5|br0.5|uniform|ms3|r300|s7,main,astana_clinic,10,5,0.5,uniform,3,300,7,1303,sha256:7f7cea378ffc335da715325df3b506feee22f9342ca97e0553c798bee1a9829c,81,1024,1,0,3,1,c01 c06,c01 c06,c01 c06
main|astana_clinic|nc10|np5|br0.5|uniform|ms3|r300|s8,main,astana_clinic,10,5,0.5,uniform,3,300,8,1256,sha256:013a0e5e4a5fc9ae0cb9d6040240d3da9bb90c4ca0adb6dbb4fe6f2a56eb0df3,101,1024,1,0,2,1,c09,c09,c09
main|astana_clinic|nc10|np5|br0.5|uniform|ms3|r300|s9,main,astana_clinic,10,5,0.5,uniform,3,300,9,1226,sha256:e48edf1397362284affaa5a51d3895fcdb4f15fbf84c75d9cfdac6c54ae773d3,44,1024,1,0,1,1,,,
main|astana_clinic|nc10|np5|br0.5|random_1_100|ms3|r300|s0,main,astana_clinic,10,5,0.5,random_1_100,3,300,0,1090,sha256:024f1ef7f89f699b85b6e8c96ce383afe655054f03728ea4240c9e1039596084,93,1024,1,0,3,1,c07 c09,c07 c09,c07 c09
main|astana_clinic|nc10|np5|br0.5|random_1_100|ms3|r300|s1,main,astana_clinic,10,5,0.5,random_1_100,3,300,1,1237,sha256:c4002d5b9fa53d4f5147f0a8aef54f5fe1b9625e2f2a798c2392c91940a76233,36,1024,1,0,2,1,c02,c02,c02
main|astana_clinic|nc10|np5|br0.5|random_1_100|ms3|r300|s2,main,astana_clinic,10,5,0.5,random_1_100,3,300,2,1394,sha256:64e6c8d75f315738db9edfbe5be088a5e81d92627e83c049a4a773740195ce81,64,1024,1,0,4,1,c07 c08,c07 c08,c07 c08
main|astana_clinic|nc10|np5|br0.5|random_1_100|ms3|r300|s3,main,astana_clinic,10,5,0.5,random_1_100,3,300,3,1029,sha256:83cb1f641ab97b87e75211e24eea15d38c7f0f8fdda116027c4a2c3c18ce2cc6,51,1024,1,0,2,1,c08,c08,c08
main|astana_clinic|nc10|np5|br0.5|random_1_100|ms3|r300|s4,main,astana_clinic,10,5,0.5,random_1_100,3,300,4,1323,sha256:10007e451887bcb40df169d72bf9cfc68e385d81faeb47555e45c094b7beb883,80,1024,1,0,1,1,,,
main|astana_clinic|nc10|np5|br0.5|random_1_100|ms3|r300|s5,main,astana_clinic,10,5,0.5,random_1_100,3,300,5,1344,sha256:c4708c243e40cae3aa28ae3aa05c70ffff74f91f1ff9c253c844f22060402860,39,1024,1,0,2,1,c02,c02,c02
main|astana_clinic|nc10|np5|br0.5|random_1_100|ms3|r300|s6,main,astana_clinic,10,5,0.5,random_1_100,3,300,6,1316,sha256:30bb5c5dbf3d0f2a304ea9746fdc622e16794bb7307ec3749a8fb8c9d02ed323,69,1024,1,0,3,1,c03 c05,c03 c05,c03 c05
main|astana_clinic|nc10|np5|br0.5|random_1_100|ms3|r300|s7,main,astana_clinic,10,5,0.5,random_1_100,3,300,7,1303,sha256:cf0c38da13e8134483c87fde52c2cfe05f2405e1c1ef705b909ee0889b3b960b,81,1024,1,0,3,1,c01 c06,c01 c06,c01 c06
main|astana_clinic|nc10|np5|br0.5|random_1_100|ms3|r300|s8,main,astana_clinic,10,5,0.5,random_1_100,3,300,8,1256,sha256:cb923def3cd7501c28c47a14830441ac4dc9b519046acab3040d3c3a8ca5bfe4,101,1024,1,0,2,1,c09,c09,c09
main|astana_clinic|nc10|np5|br0.5|random_1_100|ms3|r300|s9,main,astana_clinic,10,5,0.5,random_1_100,3,300,9,1226,sha256:bd945267f836d59c86aca4e58f08c2bee0deb1ec2569a8a706bb8d25542475cb,44,1024,1,0,1,1,,,
main|astana_clinic|nc10|np5|br0.5|one_heavy|ms3|r300|s0,main,astana_clinic,10,5,0.5,one_heavy,3,300,0,1090,sha256:78fcadf11ce314c6f86ec541a9aa8b0b432a1d065bdeb323368c97c058e9e523,93,1024,1,0,3,1,c07 c09,c07 c09,c07 c09
main|astana_clinic|nc10|np5|br0.5|one_heavy|ms3|r300|s1,main,astana_clinic,10,5,0.5,one_heavy,3,300,1,1237,sha256:5ec89aa436c68ddd07acdeae7beeadf08ff57e1264632de97007d5f11159bf88,36,1024,1,0,2,1,c02,c02,c02
main|astana_clinic|nc10|np5|br0.5|one_heavy|ms3|r300|s2,main,astana_clinic,10,5,0.5,one_heavy,3,300,2,1394,sha256:363f647d345a5e096cb4efa8f11bb034fd0ef75d21619502428fa3b8b0fa2723,64,1024,1,0,4,1,c07 c08,c07 c08,c07 c08
main|astana_clinic|nc10|np5|br0.5|one_heavy|ms3|r300|s3,main,astana_clinic,10,5,0.5,one_heavy,3,300,3,1029,sha256:fe085c6f3f2d96600e5f8ae78a8a95379196e540d1585c0826fec3341bd5d593,51,1024,1,0,2,1,c08,c08,c08
main|astana_clinic|nc10|np5|br0.5|one_heavy|ms3|r300|s4,main,astana_clinic,10,5,0.5,one_heavy,3,300,4,1323,sha256:e940eaadae7643d3e628e4d93459332d64d2adab9f2aef52cc46ec7dc2d9acf6,80,1024,1,0,1,1,,,
main|astana_clinic|nc10|np5|br0.5|one_heavy|ms3|r300|s5,main,astana_clinic,10,5,0.5,one_heavy,3,300,5,1344,sha256:d1ff4204067b5f3f0bc9f0724db6b9bceff1366ac2a4c1a229376a2d5c83635f,39,1024,1,0,2,1,c02,c02,c02
main|astana_clinic|nc10|np5|br0.5|one_heavy|ms3|r300|s6,main,astana_clinic,10,5,0.5,one_heavy,3,300,6,1316,sha256:438c5db12146303548e5ce610b1ece682fbcbc93921c38d081c31f18ca297cb2,69,1024,1,0,3,1,c03 c05,c03 c05,c03 c05
main|astana_clinic|nc10|np5|br0.5|one_heavy|ms3|r300|s7,main,astana_clinic,10,5,0.5,one_heavy,3,300,7,1303,sha256:0523a68633af24e8e0bc0de4bfa518b9ee8baae8d265fce74795ed31d441840f,81,1024,1,0,4,1,c01 c06,c01 c06,c01 c06
main|astana_clinic|nc10|np5|br0.5|one_heavy|ms3|r300|s8,main,astana_clinic,10,5,0.5,one_heavy,3,300,8,1256,sha256:f3107c24e84fb721eb77ec557527dcbd3ad6242c5f6f05a683c8592e5ae903f0,101,1024,1,0,2,1,c09,c09,c09
main|astana_clinic|nc10|np5|br0.5|one_heavy|ms3|r300|s9,main,astana_clinic,10,5,0.5,one_heavy,3,300,9,1226,sha256:e2698acb98932170a865f9bb73df9fcd904724daf7dc42beef40feb1e1c7f114,44,1024,1,0,1,1,,,
main|astana_clinic|nc10|np5|br0.75|uniform|ms3|r300|s0,main,astana_clinic,10,5,0.75,uniform,3,300,0,1635,sha256:e417fa91955eb98769ec602b3e649f29e2c815a5f53d16ae398321f8c316c7f8,156,1024,1,0,3,1,c07 c09,c07 c09,c07 c09
main|astana_clinic|nc10|np5|br0.75|uniform|ms3|r300|s1,main,astana_clinic,10,5,0.75,uniform,3,300,1,1856,sha256:6b0cc9873f68981d9e4d8b815023fff78367d484c839010553f525fedb59ddee,122,1024,1,0,2,1,c02,c02,c02
main|astana_clinic|nc10|np5|br0.75|uniform|ms3|r300|s2,main,astana_clinic,10,5,0.75,uniform,3,300,2,2091,sha256:fa742e4921c87a97193b537f7f9e172f00218ae25cb3ea68f39baf5cf58d0ebd,152,1024,1,0,4,1,c07 c08,c07 c08,c07 c08
main|astana_clinic|nc10|np5|br0.75|uniform|ms3|r300|s3,main,astana_clinic,10,5,0.75,uniform,3,300,3,1544,sha256:51b9e0ee402b9ca0f88c850665ed4637bd3165a708932ff505973629ad1afdca,131,1024,1,0,2,1,c08,c08,c08
main|astana_clinic|nc10|np5|br0.75|uniform|ms3|r300|s4,main,astana_clinic,10,5,0.75,uniform,3,300,4,1985,sha256:415447dffb8e4953d86e6e08724ca3830d652c6b5dc0379e8928a7fae0e593e3,154,1024,1,0,1,1,,,
main|astana_clinic|nc10|np5|br0.75|uniform|ms3|r300|s5,main,astana_clinic,10,5,0.75,uniform,3,300,5,2016,sha256:73b2963129b9b7367c55123a8ef7329e62d6ff34a86e670ef12b14f9bc477380,116,1024,1,0,2,1,c02,c02,c02
main|astana_clinic|nc10|np5|br0.75|uniform|ms3|r300|s6,main,astana_clinic,10,5,0.75,uniform,3,300,6,1974,sha256:02ce346a2275567613eba36996e1dfdb2b7c4f7ae96e1fe54973facbc7d9a364,137,1024,1,0,3,1,c03 c05,c03 c05,c03 c05
main|astana_clinic|nc10|np5|br0.75|uniform|ms3|r300|s7,main,astana_clinic,10,5,0.75,uniform,3,300,7,1954,sha256:20f68215e74eb18fd1d119c7220199167ab01acdfe58e8f915372d2ee8f07d81,155,1024,1,0,3,1,c01 c06,c01 c06,c01 c06
main|astana_clinic|nc10|np5|br0.75|uniform|ms3|r300|s8,main,astana_clinic,10,5,0.75,uniform,3,300,8,1884,sha256:1d72a603ac3f2d27330a15b70f261f2a8a6fd13b7d1fa4fa7e40fa5b838d65ca,162,1024,1,0,2,1,c09,c09,c09
main|astana_clinic|nc10|np5|br0.75|uniform|ms3|r300|s9,main,astana_clinic,10,5,0.75,uniform,3,300,9,1839,sha256:4fb6c073b69e776ed533332ef7d6b052275ce4174b2cf1129581c807f43e2f01,127,1024,1,0,1,1,,,
main|astana_clinic|nc10|np5|br0.75|random_1_100|ms3|r300|s0,main,astana_clinic,10,5,0.75,random_1_100,3,300,0,1635,sha256:9b3b28eefe58da9e39471801c2c8b95fa622d625d04405cc4b77437d8fae2497,156,1024,1,0,3,1,c07 c09,c07 c09,c07 c09
main|astana_clinic|nc10|np5|br0.75|random_1_100|ms3|r300|s1,main,astana_clinic,10,5,0.75,random_1_100,3,300,1,1856,sha256:6150d21fbf5573c38a17f9535d1235a1fdea6fb6ddb3ee70474183d9a81ca3ae,122,1024,1,0,2,1,c02,c02,c02
main|astana_clinic|nc10|np5|br0.75|random_1_100|ms3|r300|s2,main,astana_clinic,10,5,0.75,random_1_100,3,300,2,2091,sha256:924aa8c6b8a9865a610dc58fb1c2bd6306d4ba3d544b3fbc09aa0f7bb12994b4,152,1024,1,0,4,1,c07 c08,c07 c08,c07 c08
main|astana_clinic|nc10|np5|br0.75|random_1_100|ms3|r300|s3,main,astana_clinic,10,5,0.75,random_1_100,3,300,3,1544,sha256:99daf31be7657c7a22c9e8ae84132a5a08adc6a5775c72fcfa01965ae108070d,131,1024,1,0,2,1,c08,c08,c08
main|astana_clinic|nc10|np5|br0.75|random_1_100|ms3|r300|s4,main,astana_clinic,10,5,0.75,random_1_100,3,300,4,1985,sha256:8b7123487f19ce255b66d76983cdb3c082570104d111db7f6091e723cf430035,154,1024,1,0,1,1,,,
main|astana_clinic|nc10|np5|br0.75|random_1_100|ms3|r300|s5,main,astana_clinic,10,5,0.75,random_1_100,3,300,5,2016,sha256:267deead235ce47c96b48733bf060b07753ae3100858fe8e76241ff6f1225a28,116,1024,1,0,2,1,c02,c02,c02
main|astana_clinic|nc10|np5|br0.75|random_1_100|ms3|r300|s6,main,astana_clinic,10,5,0.75,random_1_100,3,300,6,1974,sha256:9a88852403bc564ab6395bf80a8c172267e86ea669aeae760f3a0ffc3fe0ffbf,137,1024,1,0,3,1,c03 c05,c03 c05,c03 c05
main|astana_clinic|nc10|np5|br0.75|random_1_100|ms3|r300|s7,main,astana_clinic,10,5,0.75,random_1_100,3,300,7,1954,sha256:4dd7988ad11077230a315ce58c21156a32756a8c1985d122fbbd2c5e10ce0ba9,155,1024,1,0,3,1,c01 c06,c01 c06,c01 c06
main|astana_clinic|nc10|np5|br0.75|random_1_100|ms3|r300|s8,main,astana_clinic,10,5,0.75,random_1_100,3,300,8,1884,sha256:6e05635563ef04ad2d9190d2292d58fe5dcf7dbf30470486c8054aa704b5e0a3,162,1024,1,0,2,1,c09,c09,c09
main|astana_clinic|nc10|np5|br0.75|random_1_100|ms3|r300|s9,main,astana_clinic,10,5,0.75,random_1_100,3,300,9,1839,sha256:8f1248c55f04ba55226ee9df6c22cd51b61400631a05435eb44e7174900cce2f,127,1024,1,0,1,1,,,
main|astana_clinic|nc10|np5|br0.75|one_heavy|ms3|r300|s0,main,astana_clinic,10,5,0.75,one_heavy,3,300,0,1635,sha256:5224c4447f56c7511b032be1a227d3da6441f5f33e81b07290fbeac4054bd3b5,156,1024,1,0,3,1,c07 c09,c07 c09,c07 c09
main|astana_clinic|nc10|np5|br0.75|one_heavy|ms3|r300|s1,main,astana_clinic,10,5,0.75,one_heavy,3,300,1,1856,sha256:a0c0f505ac7c3adb883737c14fe3cba7d93374860ff9f974d06cad779509e7ad,122,1024,1,0,2,1,c02,c02,c02
main|astana_clinic|nc10|np5|br0.75|one_heavy|ms3|r300|s2,main,astana_clinic,10,5,0.75,one_heavy,3,300,2,2091,sha256:00392dac5fd9122a23111d6eaf82bf526d2bad3762de9cff5e28b4aa02c7104d,152,1024,1,0,4,1,c07 c08,c07 c08,c07 c08
main|astana_clinic|nc10|np5|br0.75|one_heavy|ms3|r300|s3,main,astana_clinic,10,5,0.75,one_heavy,3,300,3,1544,sha256:8fd9819100d66ad307c0582a7c00e9e70e8db3937c6837980f2c5db2a2369723,131,1024,1,0,2,1,c08,c08,c08
main|astana_clinic|nc10|np5|br0.75|one_heavy|ms3|r300|s4,main,astana_clinic,10,5,0.75,one_heavy,3,300,4,1985,sha256:c95fcd1918c9d5fc7ca9a3316c433fcfa97a7840432a6cf87512f574bbab57e9,154,1024,1,0,1,1,,,
main|astana_clinic|nc10|np5|br0.75|one_heavy|ms3|r300|s5,main,astana_clinic,10,5,0.75,one_heavy,3,300,5,2016,sha256:01afc8186fce9e361a95071c92fe8cee7290a9b28a27b0368aa88174ea8b94f2,116,1024,1,0,2,1,c02,c02,c02
main|astana_clinic|nc10|np5|br0.75|one_heavy|ms3|r300|s6,main,astana_clinic,10,5,0.75,one_heavy,3,300,6,1974,sha256:75650377035fbb1984822e810724a8db87d793b29e761381b3aa5b4a7d3cabed,137,1024,1,0,3,1,c03 c05,c03 c05,c03 c05
main|astana_clinic|nc10|np5|br0.75|one_heavy|ms3|r300|s7,main,astana_clinic,10,5,0.75,one_heavy,3,300,7,1954,sha256:423abdbd5fa391c495abf86a9e021d49778f202da12de8921a0b427198558b11,155,1024,1,0,4,1,c01 c06,c01 c06,c01 c06
main|astana_clinic|nc10|np5|br0.75|one_heavy|ms3|r300|s8,main,astana_clinic,10,5,0.75,one_heavy,3,300,8,1884,sha256:281239bd577cc90cf7f9d92be9c6e31a766d6014e650dad6743a721774226ee0,162,1024,1,0,2,1,c09,c09,c09
main|astana_clinic|nc10|np5|br0.75|one_heavy|ms3|r300|s9,main,astana_clinic,10,5,0.75,one_heavy,3,300,9,1839,sha256:7f8194046b1219742e18ff4ede4ef5988740a9beb39f1354d67de1d7b9e60ce6,127,1024,1,0,1,1,,,
main|astana_clinic|nc10|np5|br1.0|uniform|ms3|r300|s0,main,astana_clinic,10,5,1.0,uniform,3,300,0,2181,sha256:dd5165d1ee51c6a6feee195e77bfc77f82e4db7819801f0dd9d25fc617db3d2e,176,1024,0,0,3,1,c07 c09,c07 c09,c07 c09
main|astana_clinic|nc10|np5|br1.0|uniform|ms3|r300|s1,main,astana_clinic,10,5,1.0,uniform,3,300,1,2475,sha256:5c74ff4a5e4403387948587f02126e09c4c586b90d96e7caf41ba398d6b2654f,176,1024,0,0,2,1,c02,c02,c02
main|astana_clinic|nc10|np5|br1.0|uniform|ms3|r300|s2,main,astana_clinic,10,5,1.0,uniform,3,300,2,2789,sha256:ea634b4605cceddb45beb290ba1d7cba53803c655e582f0eca62ed3f3841317e,176,1024,0,0,4,1,c07 c08,c07 c08,c07 c08
main|astana_clinic|nc10|np5|br1.0|uniform|ms3|r300|s3,main,astana_clinic,10,5,1.0,uniform,3,300,3,2059,sha256:c830cf844ac19af21bde80c46c9fdcc7c83af889323a69470fc69405dd066217,176,1024,0,0,2,1,c08,c08,c08
main|astana_clinic|nc10|np5|br1.0|uniform|ms3|r300|s4,main,astana_clinic,10,5,1.0,uniform,3,300,4,2647,sha256:bc58da71ca276673e6aed906f225644573b67880b3cee81c4834892f86565276,176,1024,0,0,1,1,,,
main|astana_clinic|nc10|np5|br1.0|uniform|ms3|r300|s5,main,astana_clinic,10,5,1.0,uniform,3,300,5,2688,sha256:a38fc821db9f76485a8247d7150a34ab59219d87723e9f60bd96d60d2cff33e3,176,1024,0,0,2,1,c02,c02,c02
main|astana_clinic|nc10|np5|br1.0|uniform|ms3|r300|s6,main,astana_clinic,10,5,1.0,uniform,3,300,6,2633,sha256:0aa8367399f15d17e929320f36ba8124a717c2c0fc4c34cf1be8040498142a6b,176,1024,0,0,3,1,c03 c05,c03 c05,c03 c05
main|astana_clinic|nc10|np5|br1.0|uniform|ms3|r300|s7,main,astana_clinic,10,5,1.0,uniform,3,300,7,2606,sha256:7630fb9d0ac59616ee19e09243eb9a1f3527f1ab925527a1aac5677a0009908e,176,1024,0,0,3,1,c01 c06,c01 c06,c01 c06
main|astana_clinic|nc10|np5|br1.0|uniform|ms3|r300|s8,main,astana_clinic,10,5,1.0,uniform,3,300,8,2512,sha256:381fdef62d9e3402d24d846438ad8e711e89708c062d51616f39025db8258cb0,176,1024,0,0,2,1,c09,c09,c09
main|astana_clinic|nc10|np5|br1.0|uniform|ms3|r300|s9,main,astana_clinic,10,5,1.0,uniform,3,300,9,2453,sha256:67aa052c612d617ddf55668ff441c8a2cd83d5740b45cac9356c8c4231634d88,176,1024,0,0,1,1,,,
main|astana_clinic|nc10|np5|br1.0|random_1_100|ms3|r300|s0,main,astana_clinic,10,5,1.0,random_1_100,3,300,0,2181,sha256:342475959ff79212a1d95e484b3e1da05e37ee7097d9e386e637d8faac1adcfe,176,1024,0,0,3,1,c07 c09,c07 c09,c07 c09
main|astana_clinic|nc10|np5|br1.0|random_1_100|ms3|r300|s1,main,astana_clinic,10,5,1.0,random_1_100,3,300,1,2475,sha256:0c84fa2075dc65c6ad5de1be2300a7ad79f419cff97912d3b507870c56077236,176,1024,0,0,2,1,c02,c02,c02
main|astana_clinic|nc10|np5|br1.0|random_1_100|ms3|r300|s2,main,astana_clinic,10,5,1.0,random_1_100,3,300,2,2789,sha256:dc88fac7ab259818ddf517d7d9318095eb610c48228303e4b01b43a285aad958,176,1024,0,0,4,1,c07 c08,c07 c08,c07 c08
main|astana_clinic|nc10|np5|br1.0|random_1_100|ms3|r300|s3,main,astana_clinic,10,5,1.0,random_1_100,3,300,3,2059,sha256:6c15b149efd1b75e2bd71d7a531d11b841df3ea6937b53d37b577699a737c99e,176,1024,0,0,2,1,c08,c08,c08
main|astana_clinic|nc10|np5|br1.0|random_1_100|ms3|r300|s4,main,astana_clinic,10,5,1.0,random_1_100,3,300,4,2647,sha256:838f9b66ba6ac26345413efbaae064b70605f0f740c0352a3e1b4968eb2bbbc4,176,1024,0,0,1,1,,,
main|astana_clinic|nc10|np5|br1.0|random_1_100|ms3|r300|s5,main,astana_clinic,10,5,1.0,random_1_100,3,300,5,2688,sha256:3e8a5f91883f6997a8e33ebebd34680d1e271095575d9bea806e0c124dd56117,176,1024,0,0,2,1,c02,c02,c02
main|astana_clinic|nc10|np5|br1.0|random_1_100|ms3|r300|s6,main,astana_clinic,10,5,1.0,random_1_100,3,300,6,2633,sha256:1eeddb7a5e1c7d87997b4847e0f3e8f08c2df35a361d65ea5df46b9e6fb01862,176,1024,0,0,3,1,c03 c05,c03 c05,c03 c05
main|astana_clinic|nc10|np5|br1.0|random_1_100|ms3|r300|s7,main,astana_clinic,10,5,1.0,random_1_100,3,300,7,2606,sha256:01635acf2e8d7ce53aca0358c41a47ac0389323cbe187289ebd471de27db035c,176,1024,0,0,3,1,c01 c06,c01 c06,c01 c06
main|astana_clinic|nc10|np5|br1.0|random_1_100|ms3|r300|s8,main,astana_clinic,10,5,1.0,random_1_100,3,300,8,2512,sha256:3d6e16d1100226075ef7ad27bd9327bdc925611aa70eb2755095f6c300228c32,176,1024,0,0,2,1,c09,c09,c09
main|astana_clinic|nc10|np5|br1.0|random_1_100|ms3|r300|s9,main,astana_clinic,10,5,1.0,random_1_100,3,300,9,2453,sha256:f41a5e163e0370062a0c10929fd9f5a80696cb65bfa3b42204a45ce19d5367b4,176,1024,0,0,1,1,,,
main|astana_clinic|nc10|np5|br1.0|one_heavy|ms3|r300|s0,main,astana_clinic,10,5,1.0,one_heavy,3,300,0,2181,sha256:e5f44ab0b95e10ab5364228297ba4ecb14f8d06e910d54c9430e98d3bc051bce,176,1024,0,0,3,1,c07 c09,c07 c09,c07 c09
main|astana_clinic|nc10|np5|br1.0|one_heavy|ms3|r300|s1,main,astana_clinic,10,5,1.0,one_heavy,3,300,1,2475,sha256:a902bddfe5a09d24ab45996d25505d1c9913d3e41d6254035a7de4184fab41d4,176,1024,0,0,2,1,c02,c02,c02
main|astana_clinic|nc10|np5|br1.0|one_heavy|ms3|r300|s2,main,astana_clinic,10,5,1.0,one_heavy,3,300,2,2789,sha256:57b409d18ad87c2424499c35c6d65ca944a73b2f56ceeba0070f2ba282ab12ae,176,1024,0,0,4,1,c07 c08,c07 c08,c07 c08
main|astana_clinic|nc10|np5|br1.0|one_heavy|ms3|r300|s3,main,astana_clinic,10,5,1.0,one_heavy,3,300,3,2059,sha256:cc14ec7be2fab38b0f5b73bb49a11129e4bfc11696911c6457b0ff0c86733899,176,1024,0,0,2,1,c08,c08,c08
main|astana_clinic|nc10|np5|br1.0|one_heavy|ms3|r300|s4,main,astana_clinic,10,5,1.0,one_heavy,3,300,4,2647,sha256:3aa856ebd6c27c1dbc4f2f481f7137d7246a452aa1eef0abb40ff04ac981e9aa,176,1024,0,0,1,1,,,
main|astana_clinic|nc10|np5|br1.0|one_heavy|ms3|r300|s5,main,astana_clinic,10,5,1.0,one_heavy,3,300,5,2688,sha256:04cede5868ec31e354cb5bf38a8809df46f04e965c5cada38ccab8d44dabde6a,176,1024,0,0,2,1,c02,c02,c02
main|astana_clinic|nc10|np5|br1.0|one_heavy|ms3|r300|s6,main,astana_clinic,10,5,1.0,one_heavy,3,300,6,2633,sha256:9bfc1aa606bf0aa771f3f7d477b1e711a0a4cfda140f87d3bc3f485f8feae8ba,176,1024,0,0,3,1,c03 c05,c03 c05,c03 c05
main|astana_clinic|nc10|np5|br1.0|one_heavy|ms3|r300|s7,main,astana_clinic,10,5,1.0,one_heavy,3,300,7,2606,sha256:198a7746882aa5724b88ebe694138223d27b6e8c6314b1a906b91d70b44a0041,176,1024,0,0,4,1,c01 c06,c01 c06,c01 c06
main|astana_clinic|nc10|np5|br1.0|one_heavy|ms3|r300|s8,main,astana_clinic,10,5,1.0,one_heavy,3,300,8,2512,sha256:8ea45ad7164bd5d8faefdc56e19867c2d59e266603f8e8350b713936cec35d05,176,1024,0,0,2,1,c09,c09,c09
main|astana_clinic|nc10|np5|br1.0|one_heavy|ms3|r300|s9,main,astana_clinic,10,5,1.0,one_heavy,3,300,9,2453,sha256:75f7c0b5d2a3237056d57d0a34cd03396df7979de44076d684126ebd37840d40,176,1024,0,0,1,1,,,
main|astana_clinic|nc10|np15|br0.25|uniform|ms3|r300|s0,main,astana_clinic,10,15,0.25,uniform,3,300,0,545,sha256:a2d4971cbf76fc69d7bcba46cc634ac5581b8bb2d8c663ef16e482d40b8a9a53,22,1024,1,0,3,1,c07 c09,c07 c09,c07 c09
main|astana_clinic|nc10|np15|br0.25|uniform|ms3|r300|s1,main,astana_clinic,10,15,0.25,uniform,3,300,1,618,sha256:fe9ca1cbce3827dd3581f888c89bffe46c87a365d224e6971d8bf6185e7c569d,5,1024,1,0,2,2,c02,c07,c02
main|astana_clinic|nc10|np15|br0.25|uniform|ms3|r300|s2,main,astana_clinic,10,15,0.25,uniform,3,300,2,697,sha256:d74366b32b31ce486c8c07011a65f4f6d8bfab169300cd19b93e607dd071915a,10,1024,1,0,5,2,c08 c09,c07,c08 c09
main|astana_clinic|nc10|np15|br0.25|uniform|ms3|r300|s3,main,astana_clinic,10,15,0.25,uniform,3,300,3,514,sha256:695b60b809918b8c0807c58bc50cc584485ba6200e37078f96005f4608b37a8e,9,1024,1,0,3,1,c09,c09,c09
main|astana_clinic|nc10|np15|br0.25|uniform|ms3|r300|s4,main,astana_clinic,10,15,0.25,uniform,3,300,4,661,sha256:0e72e50faecc8dcdb48f59b63e15c926cbe6311decd4e81579ce685d67ac32c7,16,1024,1,0,3,1,c02,c02,c02
main|astana_clinic|nc10|np15|br0.25|uniform|ms3|r300|s5,main,astana_clinic,10,15,0.25,uniform,3,300,5,672,sha256:b6a912e679e88daad314629f1f9d120a4a04154f6a19e4762b2f8f5905d0fa81,6,1024,1,0,3,1,c03,c03,c03
main|astana_clinic|nc10|np15|br0.25|uniform|ms3|r300|s6,main,astana_clinic,10,15,0.25,uniform,3,300,6,658,sha256:cc99d671751f37d2a670465b6d4fa4b20018b42b1135994351709ac6ca8ac895,10,1024,1,0,3,1,c00,c00,c00
main|astana_clinic|nc10|np15|br0.25|uniform|ms3|r300|s7,main,astana_clinic,10,15,0.25,uniform,3,300,7,651,sha256:d2da8d6d4ac45c76452b9699dca0797106b1faf13e3dc455eadd702d07880c57,15,1024,1,0,5,1,c01 c04 c06,c01 c04 c06,c01 c04 c06
main|astana_clinic|nc10|np15|br0.25|uniform|ms3|r300|s8,main,astana_clinic,10,15,0.25,uniform,3,300,8,628,sha256:cf984bf727f493e78bd839e176e14be786e11d3ba4415e55c96529e0819c63cc,27,1024,1,0,4,1,c00 c09,c00 c09,c00 c09
main|astana_clinic|nc10|np15|br0.25|uniform|ms3|r300|s9,main,astana_clinic,10,15,0.25,uniform,3,300,9,613,sha256:bf2dcd1d651d6a3220c69b6f29d4a9cd83fa211e3cf55d4b13d11e0c5d5b3353,8,1024,1,0,3,1,c01,c01,c01
main|astana_clinic|nc10|np15|br0.25|random_1_100|ms3|r300|s0,main,astana_clinic,10,15,0.25,random_1_100,3,300,0,545,sha256:10b09ad2b30fc0c04ec5b15256428a209dc54a31889131ab1e4bb05fe42815c8,22,1024,1,0,3,1,c07 c09,c07 c09,c07 c09
main|astana_clinic|nc10|np15|br0.25|random_1_100|ms3|r300|s1,main,astana_clinic,10,15,0.25,random_1_100,3,300,1,618,sha256:84e79909e6a9ad27ee825dda53c3c4d83a8fc30dfb990c66a351760e3761d183,5,1024,1,0,2,3,c02,c07,c01
main|astana_clinic|nc10|np15|br0.25|random_1_100|ms3|r300|s2,main,astana_clinic,10,15,0.25,random_1_100,3,300,2,697,sha256:2e70637cce0d82d531346cf128c9569691f6ca2bca07773e8a6f6917ae83b167,10,1024,1,0,4,2,c08 c09,c07,c08 c09
main|astana_clinic|nc10|np15|br0.25|random_1_100|ms3|r300|s3,main,astana_clinic,10,15,0.25,random_1_100,3,300,3,514,sha256:091d38c357337926eb9323c98998b9542deb591154aeb4f8ae43f46416f652ce,9,1024,1,0,3,1,c09,c09,c09
main|astana_clinic|nc10|np15|br0.25|random_1_100|ms3|r300|s4,main,astana_clinic,10,15,0.25,random_1_100,3,300,4,661,sha256:fe4c580f0ed0cfb0e47e3833d53de166c085f7015eba5e1e9b0169cd0c27b50b,16,1024,1,0,3,1,c02,c02,c02
main|astana_clinic|nc10|np15|br0.25|random_1_100|ms3|r300|s5,main,astana_clinic,10,15,0.25,random_1_100,3,300,5,672,sha256:33b8cf7e89e7d11389bf23b13c7cbe559652ef421ec83280c1b13bb6c114c233,6,1024,1,0,3,1,c03,c03,c03
main|astana_clinic|nc10|np15|br0.25|random_1_100|ms3|r300|s6,main,astana_clinic,10,15,0.25,random_1_100,3,300,6,658,sha256:9562a38f61cf505f0ba1e54c000c57ecb984af455151a4a119f670e0e4926cd6,10,1024,1,0,2,1,c05,c05,c05
main|astana_clinic|nc10|np15|br0.25|random_1_100|ms3|r300|s7,main,astana_clinic,10,15,0.25,random_1_100,3,300,7,651,sha256:1a3df79ca23c4421b0f2bee6f1ccb29efb5f4554977452f79f2a1b7f81c3ada3,15,1024,1,0,6,1,c01 c04 c06,c01 c04 c06,c01 c04 c06
main|astana_clinic|nc10|np15|br0.25|random_1_100|ms3|r300|s8,main,astana_clinic,10,15,0.25,random_1_100,3,300,8,628,sha256:9ea3915fca1dcce081bda6cbcaa6a7f9868c56480c9e741eafc1fd127c90f4f8,27,1024,1,0,4,1,c00 c09,c00 c09,c00 c09
main|astana_clinic|nc10|np15|br0.25|random_1_100|ms3|r300|s9,main,astana_clinic,10,15,0.25,random_1_100,3,300,9,613,sha256:3e5e50ec50ae550eb4657da0eb3441e00964b4a72c46ba75145cb15c51a82e06,8,1024,1,0,3,1,c01,c01,c01
main|astana_clinic|nc10|np15|br0.25|one_heavy|ms3|r300|s0,main,astana_clinic,10,15,0.25,one_heavy,3,300,0,545,sha256:02257035d1e63e7ba719a32ebbf212d0fa13b5e4bf9fb8c5ef9b93181cc97208,22,1024,1,0,3,1,c07 c09,c07 c09,c07 c09
main|astana_clinic|nc10|np15|br0.25|one_heavy|ms3|r300|s1,main,astana_clinic,10,15,0.25,one_heavy,3,300,1,618,sha256:4ab9f2fe20ebc21c8c350092cb79e221a8e957161160cec044f17c6baa411cbf,5,1024,1,0,2,2,c02,c07,c02
main|astana_clinic|nc10|np15|br0.25|one_heavy|ms3|r300|s2,main,astana_clinic,10,15,0.25,one_heavy,3,300,2,697,sha256:c485cc8b1afc7a433ad8d6112175748bb91d0e69a2012dfb62aaa0ce7e0e3f29,10,1024,1,0,5,2,c08 c09,c07,c08 c09
main|astana_clinic|nc10|np15|br0.25|one_heavy|ms3|r300|s3,main,astana_clinic,10,15,0.25,one_heavy,3,300,3,514,sha256:85c180ff675e7e9b925eac71f168ca2f2835cade6584976049cd79e32663f77e,9,1024,1,0,3,1,c09,c09,c09
main|astana_clinic|nc10|np15|br0.25|one_heavy|ms3|r300|s4,main,astana_clinic,10,15,0.25,one_heavy,3,300,4,661,sha256:29296544217484b26097d462ec2f7d67fb41c6e857c6e76e3255f84c18ea6ca5,16,1024,1,0,3,1,c02,c02,c02
main|astana_clinic|nc10|np15|br0.25|one_heavy|ms3|r300|s5,main,astana_clinic,10,15,0.25,one_heavy,3,300,5,672,sha256:2fead5e0b51d58aac5370bef63e8fb2136ccc1c4c96264323515a282ea6d90b3,6,1024,1,0,3,1,c03,c03,c03
main|astana_clinic|nc10|np15|br0.25|one_heavy|ms3|r300|s6,main,astana_clinic,10,15,0.25,one_heavy,3,300,6,658,sha256:1ff6ddadc3e4ae5666a47b0b95d8c1742ab9454fdbe428cae921b37ca30868df,10,1024,1,0,3,1,c00,c00,c00
main|astana_clinic|nc10|np15|br0.25|one_heavy|ms3|r300|s7,main,astana_clinic,10,15,0.25,one_heavy,3,300,7,651,sha256:2dbe20a8ca821e97ccd06276e87aa32704b2655ba3f3ede838af9edf4a1f2181,15,1024,1,0,5,1,c01 c04 c06,c01 c04 c06,c01 c04 c06
main|astana_clinic|nc10|np15|br0.25|one_heavy|ms3|r300|s8,main,astana_clinic,10,15,0.25,one_heavy,3,300,8,628,sha256:a331946a263652a93bf3877cea7860e2c5fc824809d33a1485c155af2f02b09c,27,1024,1,0,4,1,c00 c09,c00 c09,c00 c09
main|astana_clinic|nc10|np15|br0.25|one_heavy|ms3|r300|s9,main,astana_clinic,10,15,0.25,one_heavy,3,300,9,613,sha256:3db789e21dd8a9d141fc66974c46e19aa171aaaaff6f66735a61d401350a9d0f,8,1024,1,0,3,1,c01,c01,c01
main|astana_clinic|nc10|np15|br0.5|uniform|ms3|r300|s0,main,astana_clinic,10,15,0.5,uniform,3,300,0,1090,sha256:e23b96927db1d0c3fc9db6d41411b5496553c5d1cb8680203bfcb7ad0bbdc234,93,1024,1,0,4,2,c00 c09,c01 c09,c00 c09
main|astana_clinic|nc10|np15|br0.5|uniform|ms3|r300|s1,main,astana_clinic,10,15,0.5,uniform,3,300,1,1237,sha256:4427257133396bc649285f6131280f2978c2ff8c86b32deaed6a9e584f8e2462,36,1024,1,0,4,1,c01 c02 c07,c01 c02 c07,c01 c02 c07
main|astana_clinic|nc10|np15|br0.5|uniform|ms3|r300|s2,main,astana_clinic,10,15,0.5,uniform,3,300,2,1394,sha256:d8c967dd793cc04b37296443530013a053625bfcffb6b688fef91a4b044b8ae8,64,1024,1,0,12,1,c05 c07 c09,c05 c07 c09,c05 c07 c09
main|astana_clinic|nc10|np15|br0.5|uniform|ms3|r300|s3,main,astana_clinic,10,15,0.5,uniform,3,300,3,1029,sha256:0af83683617a61407fb192ea05c93b29b1e7207809f0367cb3a901889877df6d,51,1024,1,0,4,1,c08 c09,c08 c09,c08 c09
main|astana_clinic|nc10|np15|br0.5|uniform|ms3|r300|s4,main,astana_clinic,10,15,0.5,uniform,3,300,4,1323,sha256:26e4b3a441f01352b90f95e1b0c63d8308ca136fc2a402b4777821236fcb22ae,80,1024,1,0,5,1,c01 c02,c01 c02,c01 c02
main|astana_clinic|nc10|np15|br0.5|uniform|ms3|r300|s5,main,astana_clinic,10,15,0.5,uniform,3,300,5,1344,sha256:7c9479c76c1f927f6f345f24cb5a9af63a0e7b4c8c8006405100dfe126377e4c,39,1024,1,0,8,1,c03 c07,c03 c07,c03 c07
main|astana_clinic|nc10|np15|br0.5|uniform|ms3|r300|s6,main,astana_clinic,10,15,0.5,uniform,3,300,6,1316,sha256:6a417aba92d95fc42b182c10c005619d0e3857f18bba1ca7e280dbfeeede6455,69,1024,1,0,9,2,c00 c03,c00 c03,c00 c05 c09
main|astana_clinic|nc10|np15|br0.5|uniform|ms3|r300|s7,main,astana_clinic,10,15,0.5,uniform,3,300,7,1303,sha256:04210d89d57361f281b0fc333d7772adb77dbc066be68c0bf7e3c3dbe41d333a,81,1024,1,0,6,2,c01 c09,c06 c09,c01 c09
main|astana_clinic|nc10|np15|br0.5|uniform|ms3|r300|s8,main,astana_clinic,10,15,0.5,uniform,3,300,8,1256,sha256:daf667a7efba4b695a9e4a5521dc8739fadaa1692d058804024dabfe4be86ef2,101,1024,1,0,5,1,c00 c05 c09,c00 c05 c09,c00 c05 c09
main|astana_clinic|nc10|np15|br0.5|uniform|ms3|r300|s9,main,astana_clinic,10,15,0.5,uniform,3,300,9,1226,sha256:9e21ff3683a4063adf1ef06a7eb7958b7d872c23303a9d37ae12ae915623a65c,44,1024,1,0,4,1,c01 c08,c01 c08,c01 c08
main|astana_clinic|nc10|np15|br0.5|random_1_100|ms3|r300|s0,main,astana_clinic,10,15,0.5,random_1_100,3,300,0,1090,sha256:3eb7b8a0c8b6a1d51a27cab2274b9cd6cb0be50112bcf3a3e0b87aac8fe16f57,93,1024,1,0,4,2,c00 c09,c01 c09,c00 c09
main|astana_clinic|nc10|np15|br0.5|random_1_100|ms3|r300|s1,main,astana_clinic,10,15,0.5,random_1_100,3,300,1,1237,sha256:1761f6093f8affcc74163f42a0c2104e7e88de21a4959e38220180065c41c3fd,36,1024,1,0,5,1,c01 c02 c07,c01 c02 c07,c01 c02 c07
main|astana_clinic|nc10|np15|br0.5|random_1_100|ms3|r300|s2,main,astana_clinic,10,15,0.5,random_1_100,3,300,2,1394,sha256:e005e663b76945d14518a46ffe65ce8100cbdfa4e7acaaeef3c116550e704a25,64,1024,1,0,9,1,c05 c07 c09,c05 c07 c09,c05 c07 c09
main|astana_clinic|nc10|np15|br0.5|random_1_100|ms3|r300|s3,main,astana_clinic,10,15,0.5,random_1_100,3,300,3,1029,sha256:38e7c4d4f5d6bf711ef7499642f9180a206722e6db35f310a75852f876d25bfb,51,1024,1,0,4,1,c08 c09,c08 c09,c08 c09
main|astana_clinic|nc10|np15|br0.5|random_1_100|ms3|r300|s4,main,astana_clinic,10,15,0.5,random_1_100,3,300,4,1323,sha256:544054cf33938ae38f94b1c5c400e9e514a6e5b00bca1cd6032241792eaa1376,80,1024,1,0,5,1,c01 c02,c01 c02,c01 c02
main|astana_clinic|nc10|np15|br0.5|random_1_100|ms3|r300|s5,main,astana_clinic,10,15,0.5,random_1_100,3,300,5,1344,sha256:ae2c5629e10e5f73b8a3425a4f8d6c4e56846a3ecb4750e97d21dd516ec8d787,39,1024,1,0,6,1,c03 c07,c03 c07,c03 c07
main|astana_clinic|nc10|np15|br0.5|random_1_100|ms3|r300|s6,main,astana_clinic,10,15,0.5,random_1_100,3,300,6,1316,sha256:0a04036e6b27fb8726910f7c2f1fe33eecae7a3746924b2c80b84febcf174b8d,69,1024,1,0,8,2,c03 c05,c03 c05,c00 c05 c09
main|astana_clinic|nc10|np15|br0.5|random_1_100|ms3|r300|s7,main,astana_clinic,10,15,0.5,random_1_100,3,300,7,1303,sha256:7154f8658002a4d527b8eb98e228389b7531193bdfa9b9c0966352b9c6298ebb,81,1024,1,0,9,1,c06 c09,c06 c09,c06 c09
main|astana_clinic|nc10|np15|br0.5|random_1_100|ms3|r300|s8,main,astana_clinic,10,15,0.5,random_1_100,3,300,8,1256,sha256:e939094829ad8d3cd0be706c20991fcab9f1883d9154d87acfc7c990f2d87836,101,1024,1,0,6,1,c00 c05 c09,c00 c05 c09,c00 c05 c09
main|astana_clinic|nc10|np15|br0.5|random_1_100|ms3|r300|s9,main,astana_clinic,10,15,0.5,random_1_100,3,300,9,1226,sha256:dac1c91b0784b9eec596c9b054ce5d189b48526a2fe0cd4471c438048f318cb4,44,1024,1,0,4,1,c01 c08,c01 c08,c01 c08
main|astana_clinic|nc10|np15|br0.5|one_heavy|ms3|r300|s0,main,astana_clinic,10,15,0.5,one_heavy,3,300,0,1090,sha256:c274deed7e7a0a43c4e3eab390fa4a7ed986e3948f6deb71d9b68be0d1b836a7,93,1024,1,0,4,2,c00 c09,c01 c09,c00 c09
main|astana_clinic|nc10|np15|br0.5|one_heavy|ms3|r300|s1,main,astana_clinic,10,15,0.5,one_heavy,3,300,1,1237,sha256:786c6e4cd8151230fe1eceaade0d857f61517feb7ba92f411698d712851ebee0,36,1024,1,0,4,1,c01 c02 c07,c01 c02 c07,c01 c02 c07
main|astana_clinic|nc10|np15|br0.5|one_heavy|ms3|r300|s2,main,astana_clinic,10,15,0.5,one_heavy,3,300,2,1394,sha256:3bd98479c29c02f1f5a9cfe0421d19159b77202f50c6ca2dd31e2e1183db26b4,64,1024,1,0,12,1,c05 c07 c09,c05 c07 c09,c05 c07 c09
main|astana_clinic|nc10|np15|br0.5|one_heavy|ms3|r300|s3,main,astana_clinic,10,15,0.5,one_heavy,3,300,3,1029,sha256:a978e83f54215f70af9e4c728db5ea1fe68c5d2f9567715bbebfb137d44afdbc,51,1024,1,0,4,1,c08 c09,c08 c09,c08 c09
main|astana_clinic|nc10|np15|br0.5|one_heavy|ms3|r300|s4,main,astana_clinic,10,15,0.5,one_heavy,3,300,4,1323,sha256:82336ae7c226f0ea68288e0bd801292ded60f5462f3cdf73ada6ef7cc2fad24b,80,1024,1,0,5,1,c01 c02,c01 c02,c01 c02
main|astana_clinic|nc10|np15|br0.5|one_heavy|ms3|r300|s5,main,astana_clinic,10,15,0.5,one_heavy,3,300,5,1344,sha256:df9c5cd431e645c716ad48a22d951fd1dc0907c489dccc6159a01a3805ffe12d,39,1024,1,0,8,1,c03 c07,c03 c07,c03 c07
main|astana_clinic|nc10|np15|br0.5|one_heavy|ms3|r300|s6,main,astana_clinic,10,15,0.5,one_heavy,3,300,6,1316,sha256:2fdc22290d65953d04e5d1cbd9cc379520f005fee4c9795273c63f205ea61659,69,1024,1,0,9,2,c00 c03,c00 c03,c00 c05 c09
main|astana_clinic|nc10|np15|br0.5|one_heavy|ms3|r300|s7,main,astana_clinic,10,15,0.5,one_heavy,3,300,7,1303,sha256:c3a955ae804db16fae7bc4f647fb356c59929c1a406064b24d8cb0dd6500abe6,81,1024,1,0,6,1,c06 c09,c06 c09,c06 c09
main|astana_clinic|nc10|np15|br0.5|one_heavy|ms3|r300|s8,main,astana_clinic,10,15,0.5,one_heavy,3,300,8,1256,sha256:1470239b4cf093650915500a95eafb707e87263d5b3aaac5ff74f87ecdc7a040,101,1024,1,0,5,1,c00 c05 c09,c00 c05 c09,c00 c05 c09
main|astana_clinic|nc10|np15|br0.5|one_heavy|ms3|r300|s9,main,astana_clinic,10,15,0.5,one_heavy,3,300,9,1226,sha256:693790d51ce05d7d68c5340fa0e8d81c889551becc1c27f60df9a477c221257e,44,1024,1,0,4,1,c01 c08,c01 c08,c01 c08
main|astana_clinic|nc10|np15|br0.75|uniform|ms3|r300|s0,main,astana_clinic,10,15,0.75,uniform,3,300,0,1635,sha256:7f10902931e129c7e0f7b6a506f4d24bb7586cb740854e9255fba493959d80c5,156,1024,1,0,6,2,c00 c07 c09,c01 c07 c09,c00 c07 c09
main|astana_clinic|nc10|np15|br0.75|uniform|ms3|r300|s1,main,astana_clinic,10,15,0.75,uniform,3,300,1,1856,sha256:0b34a2b032c1d67db9b39070d671d44accbb08aa0cd67892d2ae6061691d427f,122,1024,1,0,4,1,c01 c02 c07,c01 c02 c07,c01 c02 c07
main|astana_clinic|nc10|np15|br0.75|uniform|ms3|r300|s2,main,astana_clinic,10,15,0.75,uniform,3,300,2,2091,sha256:ef4cdb204166e1df09e221be770e879fb57d126072b24c8a58f182551dbc247d,152,1024,1,0,12,2,c05 c07 c09,c05 c07 c09,c04 c05 c09
main|astana_clinic|nc10|np15|br0.75|uniform|ms3|r300|s3,main,astana_clinic,10,15,0.75,uniform,3,300,3,1544,sha256:68d68bc737e691b369d0ec329e7871c614f874a1f193aadd3024f33a7f9b57e5,131,1024,1,0,4,1,c08 c09,c08 c09,c08 c09
main|astana_clinic|nc10|np15|br0.75|uniform|ms3|r300|s4,main,astana_clinic,10,15,0.75,uniform,3,300,4,1985,sha256:4e3738f50f4fb1b4cc1f3100b91aeb3cdb6201c76f71df41709ebd4eca8fa61a,154,1024,1,0,5,1,c01 c02,c01 c02,c01 c02
main|astana_clinic|nc10|np15|br0.75|uniform|ms3|r300|s5,main,astana_clinic,10,15,0.75,uniform,3,300,5,2016,sha256:da42d8ae66677fc52ba31cf16d68bb543f1dfd5171eaf2c59ade2ee6b2b6a09d,116,1024,1,0,11,2,c02 c05 c07,c02 c05 c07,c03 c07
main|astana_clinic|nc10|np15|br0.75|uniform|ms3|r300|s6,main,astana_clinic,10,15,0.75,uniform,3,300,6,1974,sha256:3dfc3d8c05c72b33ca15e4a29e4f5d3a53d02647a2e9ac98ef3dc275384fbc43,137,1024,1,0,12,2,c00 c03 c05,c00 c03 c05,c00 c05 c06
main|astana_clinic|nc10|np15|br0.75|uniform|ms3|r300|s7,main,astana_clinic,10,15,0.75,uniform,3,300,7,1954,sha256:6f7c5a8068f0f7ac64eb2275b1516fe6315f5900a562248a0079f45fc485c9e7,155,1024,1,0,8,1,c01 c06 c09,c01 c06 c09,c01 c06 c09
main|astana_clinic|nc10|np15|br0.75|uniform|ms3|r300|s8,main,astana_clinic,10,15,0.75,uniform,3,300,8,1884,sha256:68a600f94528b2ec3106449a9d900294f8b5d94ad5383de113b1500aba1bdb33,162,1024,1,0,5,1,c00 c05 c09,c00 c05 c09,c00 c05 c09
main|astana_clinic|nc10|np15|br0.75|uniform|ms3|r300|s9,main,astana_clinic,10,15,0.75,uniform,3,300,9,1839,sha256:3b68f6de2269d5a1faa2d982e462b09cf4d1f14792f2e674f9a4987afe7920e7,127,1024,1,0,5,1,c01 c05 c08,c01 c05 c08,c01 c05 c08
main|astana_clinic|nc10|np15|br0.75|random_1_100|ms3|r300|s0,main,astana_clinic,10,15,0.75,random_1_100,3,300,0,1635,sha256:07bb8af7c5cd32ebc6abd5c67a45f353728e6d1576eb6f3aa6f98c66f0baa2cf,156,1024,1,0,6,2,c00 c07 c09,c01 c07 c09,c00 c07 c09
main|astana_clinic|nc10|np15|br0.75|random_1_100|ms3|r300|s1,main,astana_clinic,10,15,0.75,random_1_100,3,300,1,1856,sha256:f8b1b530c7fdcd60f57846b9c60209957fce8e2c265cf13293a695a611ef7521,122,1024,1,0,5,1,c01 c02 c07,c01 c02 c07,c01 c02 c07
main|astana_clinic|nc10|np15|br0.75|random_1_100|ms3|r300|s2,main,astana_clinic,10,15,0.75,random_1_100,3,300,2,2091,sha256:7e2ba1acd704ef9f29830b65692c1f9c15cbb25ec0e76a27fc25cbb375416942,152,1024,1,0,9,2,c05 c07 c09,c05 c07 c09,c02 c05 c09
main|astana_clinic|nc10|np15|br0.75|random_1_100|ms3|r300|s3,main,astana_clinic,10,15,0.75,random_1_100,3,300,3,1544,sha256:506fc8422da0a224b79f4f03b82a80aef90586ce68e9a72e02a972e2e6ef248f,131,1024,1,0,4,1,c08 c09,c08 c09,c08 c09
main|astana_clinic|nc10|np15|br0.75|random_1_100|ms3|r300|s4,main,astana_clinic,10,15,0.75,random_1_100,3,300,4,1985,sha256:cf81e49cba04b8ad2a33cc4a1af1f5bde63e6acf3d24df0adf5311d129d5e063,154,1024,1,0,5,1,c01 c02,c01 c02,c01 c02
main|astana_clinic|nc10|np15|br0.75|random_1_100|ms3|r300|s5,main,astana_clinic,10,15,0.75,random_1_100,3,300,5,2016,sha256:26fbaca3e7bbb395ac0eb9cce1a26cca3cb1b4788b2521e28a3d57e751afed7e,116,1024,1,0,8,2,c02 c05 c07,c02 c05 c07,c03 c07
main|astana_clinic|nc10|np15|br0.75|random_1_100|ms3|r300|s6,main,astana_clinic,10,15,0.75,random_1_100,3,300,6,1974,sha256:31f97b2d425ad9764f7369cdf32b532918c20866d53407734849a962a4c2959c,137,1024,1,0,11,2,c00 c03 c05,c00 c03 c05,c00 c05 c09
main|astana_clinic|nc10|np15|br0.75|random_1_100|ms3|r300|s7,main,astana_clinic,10,15,0.75,random_1_100,3,300,7,1954,sha256:8e063a48d51a5247933f44720b28dee0f9181efb4c48488b33512cd4f6d5ef60,155,1024,1,0,11,1,c01 c06 c09,c01 c06 c09,c01 c06 c09
main|astana_clinic|nc10|np15|br0.75|random_1_100|ms3|r300|s8,main,astana_clinic,10,15,0.75,random_1_100,3,300,8,1884,sha256:f5b67743a3b2b77455eefe645596044a08442b6e6f2233fb72a5c11eea3e6516,162,1024,1,0,6,1,c00 c05 c09,c00 c05 c09,c00 c05 c09
main|astana_clinic|nc10|np15|br0.75|random_1_100|ms3|r300|s9,main,astana_clinic,10,15,0.75,random_1_100,3,300,9,1839,sha256:04dfaf26668f8f12355f4a8783aa3b3635eb5dad28dd6303be6796658c06f780,127,1024,1,0,5,1,c01 c05 c08,c01 c05 c08,c01 c05 c08
main|astana_clinic|nc10|np15|br0.75|one_heavy|ms3|r300|s0,main,astana_clinic,10,15,0.75,one_heavy,3,300,0,1635,sha256:efd6ced48ffa9de38bf39e1e483291db51e775086dc62761a1419547e155a13d,156,1024,1,0,6,2,c00 c07 c09,c01 c07 c09,c00 c07 c09
main|astana_clinic|nc10|np15|br0.75|one_heavy|ms3|r300|s1,main,astana_clinic,10,15,0.75,one_heavy,3,300,1,1856,sha256:68e19569123c9b800626edc3b801cc75e3fb84ce594ad0762835297573574de1,122,1024,1,0,4,1,c01 c02 c07,c01 c02 c07,c01 c02 c07
main|astana_clinic|nc10|np15|br0.75|one_heavy|ms3|r300|s2,main,astana_clinic,10,15,0.75,one_heavy,3,300,2,2091,sha256:210e228f27ecbe8bdcc73f209d53c219b391d81334612f41feb7975d039526ba,152,1024,1,0,12,2,c05 c07 c09,c05 c07 c09,c04 c05 c09
main|astana_clinic|nc10|np15|br0.75|one_heavy|ms3|r300|s3,main,astana_clinic,10,15,0.75,one_heavy,3,300,3,1544,sha256:3f3b88a0d7254c51de26c1260ebb724721e9dc1458ab528c0496152d536d1bd7,131,1024,1,0,4,1,c08 c09,c08 c09,c08 c09
main|astana_clinic|nc10|np15|br0.75|one_heavy|ms3|r300|s4,main,astana_clinic,10,15,0.75,one_heavy,3,300,4,1985,sha256:02792032de742cbd59e23a6b26c89c1224334a3266d99a1152e5f202fd81e49c,154,1024,1,0,5,1,c01 c02,c01 c02,c01 c02
main|astana_clinic|nc10|np15|br0.75|one_heavy|ms3|r300|s5,main,astana_clinic,10,15,0.75,one_heavy,3,300,5,2016,sha256:52ea5c7267db8e4948712344b5584742cc326e235efbe3dd759901d9063063d0,116,1024,1,0,11,2,c02 c05 c07,c02 c05 c07,c03 c07
main|astana_clinic|nc10|np15|br0.75|one_heavy|ms3|r300|s6,main,astana_clinic,10,15,0.75,one_heavy,3,300,6,1974,sha256:dae9b7201d91ea7853fa7de7ac1be458558ee6e46e4315e1d9a1fe75d2483569,137,1024,1,0,12,2,c00 c03 c05,c00 c03 c05,c00 c05 c06
main|astana_clinic|nc10|np15|br0.75|one_heavy|ms3|r300|s7,main,astana_clinic,10,15,0.75,one_heavy,3,300,7,1954,sha256:0f5843d90cd6f1bbd36cb852db1da5730ac9d7591bc6750c7c8369b9cc9494c4,155,1024,1,0,7,1,c01 c06 c09,c01 c06 c09,c01 c06 c09
main|astana_clinic|nc10|np15|br0.75|one_heavy|ms3|r300|s8,main,astana_clinic,10,15,0.75,one_heavy,3,300,8,1884,sha256:63224e598217de50905a11952ca4ab8e2dc7c06f60af9f6dd2d1c36193922b69,162,1024,1,0,5,1,c00 c05 c09,c00 c05 c09,c00 c05 c09
main|astana_clinic|nc10|np15|br0.75|one_heavy|ms3|r300|s9,main,astana_clinic,10,15,0.75,one_heavy,3,300,9,1839,sha256:10190bb96c873c9bf462dfdb34d51ddeaaf5d03a58f8860ceb5d639260db9971,127,1024,1,0,5,1,c01 c05 c08,c01 c05 c08,c01 c05 c08
main|astana_clinic|nc10|np15|br1.0|uniform|ms3|r300|s0,main,astana_clinic,10,15,1.0,uniform,3,300,0,2181,sha256:e76450897711fc0a3656ca7212d563fe6e1fd86beba578581372e90e0220c5b2,176,1024,0,0,6,2,c00 c07 c09,c00 c01 c09,c00 c07 c09
main|astana_clinic|nc10|np15|br1.0|uniform|ms3|r300|s1,main,astana_clinic,10,15,1.0,uniform,3,300,1,2475,sha256:c8b522d60c39dc6fa60585c5b1cf80caaf0524050fb33a378dae984bf9b9832d,176,1024,0,0,4,1,c01 c02 c07,c01 c02 c07,c01 c02 c07
main|astana_clinic|nc10|np15|br1.0|uniform|ms3|r300|s2,main,astana_clinic,10,15,1.0,uniform,3,300,2,2789,sha256:2c0dfdf50900b9f723d52f63a87778a6fd885128f3adf35192c3640efe28e356,176,1024,0,0,12,2,c05 c07 c09,c05 c07 c09,c04 c05 c09
main|astana_clinic|nc10|np15|br1.0|uniform|ms3|r300|s3,main,astana_clinic,10,15,1.0,uniform,3,300,3,2059,sha256:02334441cf0c12a5dace6ecb90245629a2c14fc16744454805f5d4960030e44c,176,1024,0,0,4,1,c08 c09,c08 c09,c08 c09
main|astana_clinic|nc10|np15|br1.0|uniform|ms3|r300|s4,main,astana_clinic,10,15,1.0,uniform,3,300,4,2647,sha256:bf18614c9b9a37884651d27f87e9a6b3716f2705adf527eea79abb29fde952e3,176,1024,0,0,5,1,c01 c02,c01 c02,c01 c02
main|astana_clinic|nc10|np15|br1.0|uniform|ms3|r300|s5,main,astana_clinic,10,15,1.0,uniform,3,300,5,2688,sha256:15b3e4ca102efe6ad929c871fa23de57279d901f0d3f8de9e2c213165151b8d4,176,1024,0,0,12,1,c02 c03 c07,c02 c03 c07,c02 c03 c07
main|astana_clinic|nc10|np15|br1.0|uniform|ms3|r300|s6,main,astana_clinic,10,15,1.0,uniform,3,300,6,2633,sha256:5d9d434682c69459c414551eaf0fa07947027b828ef0f21ffbf6ebdfe1d65f03,176,1024,0,0,12,2,c00 c03 c05,c00 c03 c05,c00 c05 c06
main|astana_clinic|nc10|np15|br1.0|uniform|ms3|r300|s7,main,astana_clinic,10,15,1.0,uniform,3,300,7,2606,sha256:63efdc24de78818abe960af574b90acb91978328cce722b4ed54a50387cb598c,176,1024,0,0,8,1,c01 c06 c09,c01 c06 c09,c01 c06 c09
main|astana_clinic|nc10|np15|br1.0|uniform|ms3|r300|s8,main,astana_clinic,10,15,1.0,uniform,3,300,8,2512,sha256:fb87acbe9cffd2f77b238f3d7a407d49c4df270c66855845dfde5bb42c43692b,176,1024,0,0,5,1,c00 c05 c09,c00 c05 c09,c00 c05 c09
main|astana_clinic|nc10|np15|br1.0|uniform|ms3|r300|s9,main,astana_clinic,10,15,1.0,uniform,3,300,9,2453,sha256:813572cb8220b472f09ad27b8782a837c700d9095152fd09705a1a9c6ee8b753,176,1024,0,0,5,1,c01 c05 c08,c01 c05 c08,c01 c05 c08
main|astana_clinic|nc10|np15|br1.0|random_1_100|ms3|r300|s0,main,astana_clinic,10,15,1.0,random_1_100,3,300,0,2181,sha256:b4036e88a5706e55e5a83c54004135923bc10df4d1c4e54d3d49309e4b6afd8b,176,1024,0,0,6,2,c00 c07 c09,c00 c01 c09,c00 c07 c09
main|astana_clinic|nc10|np15|br1.0|random_1_100|ms3|r300|s1,main,astana_clinic,10,15,1.0,random_1_100,3,300,1,2475,sha256:047b532fb244f46811cbfa0a3316324d7f4958b63a6317db50058d085cb93376,176,1024,0,0,5,1,c01 c02 c07,c01 c02 c07,c01 c02 c07
main|astana_clinic|nc10|np15|br1.0|random_1_100|ms3|r300|s2,main,astana_clinic,10,15,1.0,random_1_100,3,300,2,2789,sha256:87702e25fd49146e3c02a39a982fa8b06fd58b5a76b7f66168b2258db839c768,176,1024,0,0,9,2,c05 c07 c09,c05 c07 c09,c02 c05 c09
main|astana_clinic|nc10|np15|br1.0|random_1_100|ms3|r300|s3,main,astana_clinic,10,15,1.0,random_1_100,3,300,3,2059,sha256:4aae218e0ca13e30ac16db398fa62ad7bdf75a3634153b3fd65951a86081a2ba,176,1024,0,0,4,1,c08 c09,c08 c09,c08 c09
main|astana_clinic|nc10|np15|br1.0|random_1_100|ms3|r300|s4,main,astana_clinic,10,15,1.0,random_1_100,3,300,4,2647,sha256:20ac45fe19854c5b0079323409de14f698c56428cd8f4034ab01c567bba33634,176,1024,0,0,5,1,c01 c02,c01 c02,c01 c02
main|astana_clinic|nc10|np15|br1.0|random_1_100|ms3|r300|s5,main,astana_clinic,10,15,1.0,random_1_100,3,300,5,2688,sha256:4713ee2058d3495b9c7eda0c009f6e52f188ad45b793f09e33213aed6502d2ae,176,1024,0,0,9,1,c02 c03 c07,c02 c03 c07,c02 c03 c07
main|astana_clinic|nc10|np15|br1.0|random_1_100|ms3|r300|s6,main,astana_clinic,10,15,1.0,random_1_100,3,300,6,2633,sha256:a4ff5d0b423f3006cbb365a17fd590720a83fe1072f6ce00e25d3471f130b78e,176,1024,0,0,11,2,c00 c03 c05,c00 c03 c05,c00 c05 c09
main|astana_clinic|nc10|np15|br1.0|random_1_100|ms3|r300|s7,main,astana_clinic,10,15,1.0,random_1_100,3,300,7,2606,sha256:fc8adb65ca7a9f2a826cb64ca9d223bbfe786306664b156d846f5ce4826e3d1f,176,1024,0,0,11,1,c01 c06 c09,c01 c06 c09,c01 c06 c09
main|astana_clinic|nc10|np15|br1.0|random_1_100|ms3|r300|s8,main,astana_clinic,10,15,1.0,random_1_100,3,300,8,2512,sha256:3e226bfcb03400c6c5496d190fbde98976764d6d08328f390f1141e7f5ac95ce,176,1024,0,0,6,1,c00 c05 c09,c00 c05 c09,c00 c05 c09
main|astana_clinic|nc10|np15|br1.0|random_1_100|ms3|r300|s9,main,astana_clinic,10,15,1.0,random_1_100,3,300,9,2453,sha256:f378b58eaa4ef91fbb815faa9a3f8902bd0d6079d2b126417223fd388a19ec80,176,1024,0,0,5,1,c01 c05 c08,c01 c05 c08,c01 c05 c08
main|astana_clinic|nc10|np15|br1.0|one_heavy|ms3|r300|s0,main,astana_clinic,10,15,1.0,one_heavy,3,300,0,2181,sha256:a48338ab6c4af562a6fb13f783b7b3d8f62dd7563fa9a99087df96a28579157b,176,1024,0,0,6,2,c00 c07 c09,c00 c01 c09,c00 c07 c09
main|astana_clinic|nc10|np15|br1.0|one_heavy|ms3|r300|s1,main,astana_clinic,10,15,1.0,one_heavy,3,300,1,2475,sha256:5af77664424a454a3d37ecdb94c7491c41badd33f3894c12798dfb632d8ad39c,176,1024,0,0,4,1,c01 c02 c07,c01 c02 c07,c01 c02 c07
main|astana_clinic|nc10|np15|br1.0|one_heavy|ms3|r300|s2,main,astana_clinic,10,15,1.0,one_heavy,3,300,2,2789,sha256:de7e8d432787e283c386a93fa56438af850433759bc90c57c0d93d896df08878,176,1024,0,0,12,2,c05 c07 c09,c05 c07 c09,c04 c05 c09
main|astana_clinic|nc10|np15|br1.0|one_heavy|ms3|r300|s3,main,astana_clinic,10,15,1.0,one_heavy,3,300,3,2059,sha256:49b4d8e044c9550766809498f1b033af1e84daa84db55e3c73019ce910a1458c,176,1024,0,0,4,1,c08 c09,c08 c09,c08 c09
main|astana_clinic|nc10|np15|br1.0|one_heavy|ms3|r300|s4,main,astana_clinic,10,15,1.0,one_heavy,3,300,4,2647,sha256:bef65ea3094431e6ab225dcf27a3d688cc4fccd5e7bcfc9421757cf92441b158,176,1024,0,0,5,1,c01 c02,c01 c02,c01 c02
main|astana_clinic|nc10|np15|br1.0|one_heavy|ms3|r300|s5,main,astana_clinic,10,15,1.0,one_heavy,3,300,5,2688,sha256:f974e25e7b92d768febc1fcc8dcb1fbd32c5fda5dd6070e41c329515c41e5630,176,1024,0,0,12,1,c02 c03 c07,c02 c03 c07,c02 c03 c07
main|astana_clinic|nc10|np15|br1.0|one_heavy|ms3|r300|s6,main,astana_clinic,10,15,1.0,one_heavy,3,300,6,2633,sha256:a067a576aad545b62d3722508f8ab8ec67c2c00915de2f7731a3a4c19ef255c9,176,1024,0,0,12,2,c00 c03 c05,c00 c03 c05,c00 c05 c06
main|astana_clinic|nc10|np15|br1.0|one_heavy|ms3|r300|s7,main,astana_clinic,10,15,1.0,one_heavy,3,300,7,2606,sha256:72d238b5ae93a79e4d8fc310cda83cf692daa9c92b6f9e5f8aab4be813b7da98,176,1024,0,0,7,1,c01 c06 c09,c01 c06 c09,c01 c06 c09
main|astana_clinic|nc10|np15|br1.0|one_heavy|ms3|r300|s8,main,astana_clinic,10,15,1.0,one_heavy,3,300,8,2512,sha256:a239f0ac348a474cdd7fb76fd60ee02682904bb8ec93db3671a2c4c39f5da622,176,1024,0,0,5,1,c00 c05 c09,c00 c05 c09,c00 c05 c09
main|astana_clinic|nc10|np15|br1.0|one_heavy|ms3|r300|s9,main,astana_clinic,10,15,1.0,one_heavy,3,300,9,2453,sha256:472966b880940435b3cfe342c1cdc41963fc2a8e26b850ad2a2fbb4f1200ff94,176,1024,0,0,5,1,c01 c05 c08,c01 c05 c08,c01 c05 c08
main|astana_clinic|nc10|np25|br0.25|uniform|ms3|r300|s0,main,astana_clinic,10,25,0.25,uniform,3,300,0,545,sha256:9e72286cec445e4d1f48b3c63d29ff7e1d5859146deb15ea5cec858e9c65a175,22,1024,1,0,4,1,c05 c09,c05 c09,c05 c09
main|astana_clinic|nc10|np25|br0.25|uniform|ms3|r300|s1,main,astana_clinic,10,25,0.25,uniform,3,300,1,618,sha256:3be7475c105492b329243878bb62b5ddcca6a9091f3c36d7adfdf89656a3b231,5,1024,1,0,2,2,c02,c07,c02
main|astana_clinic|nc10|np25|br0.25|uniform|ms3|r300|s2,main,astana_clinic,10,25,0.25,uniform,3,300,2,697,sha256:b69f083feb72764a032ee49443906b5f028379bdfcdc36769475624bcf89079d,10,1024,1,0,3,2,c08 c09,c07,c08 c09
main|astana_clinic|nc10|np25|br0.25|uniform|ms3|r300|s3,main,astana_clinic,10,25,0.25,uniform,3,300,3,514,sha256:29620d55b6ea0d0f933922a8abed1d380c7101c8887d1ab7f20aab8b819d296e,9,1024,1,0,5,2,c09,c04 c08,c09
main|astana_clinic|nc10|np25|br0.25|uniform|ms3|r300|s4,main,astana_clinic,10,25,0.25,uniform,3,300,4,661,sha256:c98b14b9ea93d166375e246b9c86726fe399ed1713078bb1760790e17be02a3b,16,1024,1,0,6,1,c02 c06,c02 c06,c02 c06
main|astana_clinic|nc10|np25|br0.25|uniform|ms3|r300|s5,main,astana_clinic,10,25,0.25,uniform,3,300,5,672,sha256:3885678edffbbd7d8248862c7d7054aa97b994a7593e31feaee70ec83bfe79d8,6,1024,1,0,3,1,c03,c03,c03
main|astana_clinic|nc10|np25|br0.25|uniform|ms3|r300|s6,main,astana_clinic,10,25,0.25,uniform,3,300,6,658,sha256:8cd8ecedd9c6fdcaee17da6d0714172afafec230f168593522245e8d5a798512,10,1024,1,0,3,1,c00,c00,c00
main|astana_clinic|nc10|np25|br0.25|uniform|ms3|r300|s7,main,astana_clinic,10,25,0.25,uniform,3,300,7,651,sha256:7dc3587aaa6d15364ad85c3bcfd4e75fdc2c0c6221249caa58d163c890886252,15,1024,1,0,4,1,c01 c04 c06,c01 c04 c06,c01 c04 c06
main|astana_clinic|nc10|np25|br0.25|uniform|ms3|r300|s8,main,astana_clinic,10,25,0.25,uniform,3,300,8,628,sha256:aee0ad4615a7bf9550fcda9d22b30f47fed7308dd61a55d880e46cfd13d6e75e,27,1024,1,0,3,1,c00 c09,c00 c09,c00 c09
main|astana_clinic|nc10|np25|br0.25|uniform|ms3|r300|s9,main,astana_clinic,10,25,0.25,uniform,3,300,9,613,sha256:bb75e810a80f004e8292101f192064a5f14d8511ac511b63a87d670fd8ca026f,8,1024,1,0,3,1,c01,c01,c01
main|astana_clinic|nc10|np25|br0.25|random_1_100|ms3|r300|s0,main,astana_clinic,10,25,0.25,random_1_100,3,300,0,545,sha256:504e9980c6d3bd20e9e96b05578029920e758c76dd11e90b862c7a00eacc4f98,22,1024,1,0,4,1,c05 c09,c05 c09,c05 c09
main|astana_clinic|nc10|np25|br0.25|random_1_100|ms3|r300|s1,main,astana_clinic,10,25,0.25,random_1_100,3,300,1,618,sha256:1e70531fb481b368f719cdc53bedcdc905672077229ed0aa8e601d35cfcc6b26,5,1024,1,0,3,2,c07,c07,c01
main|astana_clinic|nc10|np25|br0.25|random_1_100|ms3|r300|s2,main,astana_clinic,10,25,0.25,random_1_100,3,300,2,697,sha256:ce14229a3f9ce3cd031f40e311c3e3a2eba277b1beae44e316e5b75927e36acb,10,1024,1,0,4,2,c08 c09,c07,c08 c09
main|astana_clinic|nc10|np25|br0.25|random_1_100|ms3|r300|s3,main,astana_clinic,10,25,0.25,random_1_100,3,300,3,514,sha256:9c1987c108a920654bb5b2a1a4a197ba37750344a49739242bd48e991ad77225,9,1024,1,0,5,2,c09,c04 c08,c09
main|astana_clinic|nc10|np25|br0.25|random_1_100|ms3|r300|s4,main,astana_clinic,10,25,0.25,random_1_100,3,300,4,661,sha256:a3cbe101bca9e65393f5c11543f32cf01779b5abaef4b9d97cc1641e441be344,16,1024,1,0,4,2,c02 c06,c02 c06,c06 c07
main|astana_clinic|nc10|np25|br0.25|random_1_100|ms3|r300|s5,main,astana_clinic,10,25,0.25,random_1_100,3,300,5,672,sha256:05247a3735d67f6ffb91b06151a51286289ed547d651ab63b6be37bc7a56f2ae,6,1024,1,0,3,1,c03,c03,c03
main|astana_clinic|nc10|np25|br0.25|random_1_100|ms3|r300|s6,main,astana_clinic,10,25,0.25,random_1_100,3,300,6,658,sha256:a7a5bd187a8057e12a932fd37a409c7b9f5142d1c2ef2daf8a50f9089f557ddd,10,1024,1,0,2,1,c05,c05,c05
main|astana_clinic|nc10|np25|br0.25|random_1_100|ms3|r300|s7,main,astana_clinic,10,25,0.25,random_1_100,3,300,7,651,sha256:25b913d107b16281422f4fc35b37c02d7c689a3b68b97064fb1f86ab3379f915,15,1024,1,0,8,1,c01 c04 c06,c01 c04 c06,c01 c04 c06
main|astana_clinic|nc10|np25|br0.25|random_1_100|ms3|r300|s8,main,astana_clinic,10,25,0.25,random_1_100,3,300,8,628,sha256:c9c0e761cff1ec4e99179bfdbc2f83cfda233adfe92a0fccd77abb17443f9e0b,27,1024,1,0,3,1,c00 c09,c00 c09,c00 c09
main|astana_clinic|nc10|np25|br0.25|random_1_100|ms3|r300|s9,main,astana_clinic,10,25,0.25,random_1_100,3,300,9,613,sha256:8a3f6934b83dc80d6676c2e3e996115ee4cc4adff228ca5cf06240cc9e2c7468,8,1024,1,0,3,1,c01,c01,c01
main|astana_clinic|nc10|np25|br0.25|one_heavy|ms3|r300|s0,main,astana_clinic,10,25,0.25,one_heavy,3,300,0,545,sha256:892e2a07bd2c970540696c188da83c1e9f6f39f56b8e99ac4d9a18f9a55cda42,22,1024,1,0,4,1,c05 c09,c05 c09,c05 c09
main|astana_clinic|nc10|np25|br0.25|one_heavy|ms3|r300|s1,main,astana_clinic,10,25,0.25,one_heavy,3,300,1,618,sha256:c0400908d1dae762d52b3262b6ed36f2302300f501fabf493c479ef1086f925a,5,1024,1,0,2,2,c02,c07,c02
main|astana_clinic|nc10|np25|br0.25|one_heavy|ms3|r300|s2,main,astana_clinic,10,25,0.25,one_heavy,3,300,2,697,sha256:f6044004d12b28c52e8bb3fa06ce92e38b7728a5e5288444fdd8ee9ab32c5333,10,1024,1,0,3,2,c08 c09,c07,c08 c09
main|astana_clinic|nc10|np25|br0.25|one_heavy|ms3|r300|s3,main,astana_clinic,10,25,0.25,one_heavy,3,300,3,514,sha256:e84156b6af7ae10a183e9baa87a2811a9958841ba3720a17b1e1b45d045ec76f,9,1024,1,0,5,2,c09,c04 c08,c09
main|astana_clinic|nc10|np25|br0.25|one_heavy|ms3|r300|s4,main,astana_clinic,10,25,0.25,one_heavy,3,300,4,661,sha256:a1f34d23605d0aaa89f3c3ed2ce8233cef7f952205d86a1996361848e672d277,16,1024,1,0,6,1,c02 c06,c02 c06,c02 c06
main|astana_clinic|nc10|np25|br0.25|one_heavy|ms3|r300|s5,main,astana_clinic,10,25,0.25,one_heavy,3,300,5,672,sha256:6e4ccfe5ee91f4651f9819e8fb7ef95b45108af60bcc4d6c223cc7f65b20a44f,6,1024,1,0,3,1,c03,c03,c03
main|astana_clinic|nc10|np25|br0.25|one_heavy|ms3|r300|s6,main,astana_clinic,10,25,0.25,one_heavy,3,300,6,658,sha256:480eee608ddd2dd1f9995d8e922b7515f63fbc9dc98da78a44e308a2c13dfc64,10,1024,1,0,3,1,c00,c00,c00
main|astana_clinic|nc10|np25|br0.25|one_heavy|ms3|r300|s7,main,astana_clinic,10,25,0.25,one_heavy,3,300,7,651,sha256:04e909109e4d493be915b1ad460c594c419142962bb04602d8dff47aff38ce22,15,1024,1,0,5,1,c01 c04 c06,c01 c04 c06,c01 c04 c06
main|astana_clinic|nc10|np25|br0.25|one_heavy|ms3|r300|s8,main,astana_clinic,10,25,0.25,one_heavy,3,300,8,628,sha256:f420b9782eb79729c324157d4dc1d4cf8d551229deea4120220f90751c77c9cc,27,1024,1,0,3,1,c00 c09,c00 c09,c00 c09
main|astana_clinic|nc10|np25|br0.25|one_heavy|ms3|r300|s9,main,astana_clinic,10,25,0.25,one_heavy,3,300,9,613,sha256:0ef49ed7f2b7eae0ffac6497654c72eedceed62e66f75ab770e60c157ba79feb,8,1024,1,0,3,1,c01,c01,c01
main|astana_clinic|nc10|np25|br0.5|uniform|ms3|r300|s0,main,astana_clinic,10,25,0.5,uniform,3,300,0,1090,sha256:b3f515ca071eabaa5c938c70cb5db3b2fb4ef011fcb3b34c07b776f3a3e059d9,93,1024,1,0,5,2,c05 c07 c09,c01 c08 c09,c05 c07 c09
main|astana_clinic|nc10|np25|br0.5|uniform|ms3|r300|s1,main,astana_clinic,10,25,0.5,uniform,3,300,1,1237,sha256:02f61ff067aa69fe463dea432694f8cf5c0a694f49af47f42893b5df95c0a0f5,36,1024,1,0,4,1,c01 c02 c07,c01 c02 c07,c01 c02 c07
main|astana_clinic|nc10|np25|br0.5|uniform|ms3|r300|s2,main,astana_clinic,10,25,0.5,uniform,3,300,2,1394,sha256:1542b88eade1c74df41b0aaccb1e0e428980eb380ec498a6e188fb3a43026cf8,64,1024,1,0,7,2,c05 c08 c09,c07 c08 c09,c05 c08 c09
main|astana_clinic|nc10|np25|br0.5|uniform|ms3|r300|s3,main,astana_clinic,10,25,0.5,uniform,3,300,3,1029,sha256:2235576247fe86c1435be4673e2f62763720134dd3127ef527603a495e521439,51,1024,1,0,8,1,c04 c08 c09,c04 c08 c09,c04 c08 c09
main|astana_clinic|nc10|np25|br0.5|uniform|ms3|r300|s4,main,astana_clinic,10,25,0.5,uniform,3,300,4,1323,sha256:58f33d9c0dbf29cd3c8725dd749533a3c23547733ba4484e40f7c879308ba667,80,1024,1,0,8,2,c01 c02 c06,c01 c02 c06,c02 c06 c07
main|astana_clinic|nc10|np25|br0.5|uniform|ms3|r300|s5,main,astana_clinic,10,25,0.5,uniform,3,300,5,1344,sha256:057712d1d901baeb7039769f15f0275fb331914557ee746b0de67a9ddaa99d33,39,1024,1,0,10,1,c03 c07,c03 c07,c03 c07
main|astana_clinic|nc10|np25|br0.5|uniform|ms3|r300|s6,main,astana_clinic,10,25,0.5,uniform,3,300,6,1316,sha256:d29e74cfc60100dffe6eaed001170a0b219427334c1964e0e81ea216a83a1505,69,1024,1,0,7,1,c00 c05 c09,c00 c05 c09,c00 c05 c09
main|astana_clinic|nc10|np25|br0.5|uniform|ms3|r300|s7,main,astana_clinic,10,25,0.5,uniform,3,300,7,1303,sha256:4b6ef9c1192fac331bb7b73d6f2397b0f6c9e7e0a79a3f3464c97d6afbf32d18,81,1024,1,0,6,2,c01 c09,c06 c09,c01 c09
main|astana_clinic|nc10|np25|br0.5|uniform|ms3|r300|s8,main,astana_clinic,10,25,0.5,uniform,3,300,8,1256,sha256:8c87dd979a4e7d2f4f26aa059bbe1189fed5583baa2a0318e9d417ed092d28d3,101,1024,1,0,4,1,c00 c05 c09,c00 c05 c09,c00 c05 c09
main|astana_clinic|nc10|np25|br0.5|uniform|ms3|r300|s9,main,astana_clinic,10,25,0.5,uniform,3,300,9,1226,sha256:20fbf2ab87f6d0d738346d80de3d6602fce38890f32de802ac77f70ceb3842eb,44,1024,1,0,4,1,c01 c08,c01 c08,c01 c08
main|astana_clinic|nc10|np25|br0.5|random_1_100|ms3|r300|s0,main,astana_clinic,10,25,0.5,random_1_100,3,300,0,1090,sha256:3accc144bc39e615acb30c7309a6b47e573df7682b1fdc0380f69cd184fa19ac,93,1024,1,0,5,2,c05 c07 c09,c01 c08 c09,c05 c07 c09
main|astana_clinic|nc10|np25|br0.5|random_1_100|ms3|r300|s1,main,astana_clinic,10,25,0.5,random_1_100,3,300,1,1237,sha256:52988416002433f0af36201e818eb334078b8a92a3dc56640eac9bc5e1a720fa,36,1024,1,0,5,1,c01 c02 c07,c01 c02 c07,c01 c02 c07
main|astana_clinic|nc10|np25|br0.5|random_1_100|ms3|r300|s2,main,astana_clinic,10,25,0.5,random_1_100,3,300,2,1394,sha256:6744383e72906b71554e2cec692cfbcc484ed0fb089b3390f7f461ba52600cda,64,1024,1,0,7,3,c05 c08 c09,c07 c08 c09,c01 c05 c09
main|astana_clinic|nc10|np25|br0.5|random_1_100|ms3|r300|s3,main,astana_clinic,10,25,0.5,random_1_100,3,300,3,1029,sha256:362a4b7bf125abd1fcc9e67cf97dde611da9ffdf466ec3d0ade8b96e7c44f393,51,1024,1,0,9,2,c05 c09,c04 c08 c09,c05 c09
main|astana_clinic|nc10|np25|br0.5|random_1_100|ms3|r300|s4,main,astana_clinic,10,25,0.5,random_1_100,3,300,4,1323,sha256:6fa75822ab8d8951d5885828f26e617dfcf4b2c26bb39f0dc5adff3d77e3d79d,80,1024,1,0,8,2,c00 c02 c06,c00 c02 c06,c02 c06 c07
main|astana_clinic|nc10|np25|br0.5|random_1_100|ms3|r300|s5,main,astana_clinic,10,25,0.5,random_1_100,3,300,5,1344,sha256:3a4e951e2235cd9159e881fe475241940e228d3f0504b76fb470be1e94125b33,39,1024,1,0,7,1,c03 c07,c03 c07,c03 c07
main|astana_clinic|nc10|np25|br0.5|random_1_100|ms3|r300|s6,main,astana_clinic,10,25,0.5,random_1_100,3,300,6,1316,sha256:8cc88118c1147bc69925f7e5ca7f5aac16490bafc521c268939825a33885e48b,69,1024,1,0,7,2,c03 c05,c03 c05,c00 c05 c09
main|astana_clinic|nc10|np25|br0.5|random_1_100|ms3|r300|s7,main,astana_clinic,10,25,0.5,random_1_100,3,300,7,1303,sha256:a3f4fbd22632f114f6968435a17ea51e8d29d0861f020a4040f27dd438c7be3d,81,1024,1,0,11,1,c06 c09,c06 c09,c06 c09
main|astana_clinic|nc10|np25|br0.5|random_1_100|ms3|r300|s8,main,astana_clinic,10,25,0.5,random_1_100,3,300,8,1256,sha256:7232dc02ff4bc0e951b9e76853f83416783ea74b81421916783b5cc041e18b2e,101,1024,1,0,4,1,c00 c05 c09,c00 c05 c09,c00 c05 c09
main|astana_clinic|nc10|np25|br0.5|random_1_100|ms3|r300|s9,main,astana_clinic,10,25,0.5,random_1_100,3,300,9,1226,sha256:50bef09450db9d47b5d177d7ab606d193253daea144883da7df551c666e186ba,44,1024,1,0,4,1,c01 c08,c01 c08,c01 c08
main|astana_clinic|nc10|np25|br0.5|one_heavy|ms3|r300|s0,main,astana_clinic,10,25,0.5,one_heavy,3,300,0,1090,sha256:2c780d8c38fa8650dac1a5a89b6aea3218ff5e094b6def08159e7711ddab7ae9,93,1024,1,0,5,2,c05 c07 c09,c01 c08 c09,c05 c07 c09
main|astana_clinic|nc10|np25|br0.5|one_heavy|ms3|r300|s1,main,astana_clinic,10,25,0.5,one_heavy,3,300,1,1237,sha256:5e1bde3670e3be45ce046ec2dff19c1e9dc26a81fd7cc108f4f54fe171bec435,36,1024,1,0,4,1,c01 c02 c07,c01 c02 c07,c01 c02 c07
main|astana_clinic|nc10|np25|br0.5|one_heavy|ms3|r300|s2,main,astana_clinic,10,25,0.5,one_heavy,3,300,2,1394,sha256:11b0339abf9d78173ea4f8f46ee15701b56d1463048133c29ba97f7002a59cf9,64,1024,1,0,7,2,c05 c08 c09,c07 c08 c09,c05 c08 c09
main|astana_clinic|nc10|np25|br0.5|one_heavy|ms3|r300|s3,main,astana_clinic,10,25,0.5,one_heavy,3,300,3,1029,sha256:3d7f7311be6e47d15e8eb988fd3857aeaa66ecd5217ab0f7859844779053ba1d,51,1024,1,0,8,1,c04 c08 c09,c04 c08 c09,c04 c08 c09
main|astana_clinic|nc10|np25|br0.5|one_heavy|ms3|r300|s4,main,astana_clinic,10,25,0.5,one_heavy,3,300,4,1323,sha256:23b2b3290859afd6a8a38336941a813db099fb401c771646bb75cf08897453c8,80,1024,1,0,8,2,c01 c02 c06,c01 c02 c06,c02 c06 c07
main|astana_clinic|nc10|np25|br0.5|one_heavy|ms3|r300|s5,main,astana_clinic,10,25,0.5,one_heavy,3,300,5,1344,sha256:9206cd1091eaced9609a9c21424545f7cf3ec636ab62f1914f6ebbaea4cf7289,39,1024,1,0,10,1,c03 c07,c03 c07,c03 c07
main|astana_clinic|nc10|np25|br0.5|one_heavy|ms3|r300|s6,main,astana_clinic,10,25,0.5,one_heavy,3,300,6,1316,sha256:4e0dd7da37aa520e56976c5ccaa1d23700a2923e615a65c8dce58367f13ac173,69,1024,1,0,7,1,c00 c05 c09,c00 c05 c09,c00 c05 c09
main|astana_clinic|nc10|np25|br0.5|one_heavy|ms3|r300|s7,main,astana_clinic,10,25,0.5,one_heavy,3,300,7,1303,sha256:e8f5e64b089d1f05047713b8d0d08f16c5319f01f575d489ca262a2e0db68835,81,1024,1,0,6,1,c06 c09,c06 c09,c06 c09
main|astana_clinic|nc10|np25|br0.5|one_heavy|ms3|r300|s8,main,astana_clinic,10,25,0.5,one_heavy,3,300,8,1256,sha256:1c66e41bdbf0d0690c7585025efb4449db50b51d62bafe35ec27f0a0b9fae002,101,1024,1,0,4,1,c00 c05 c09,c00 c05 c09,c00 c05 c09
main|astana_clinic|nc10|np25|br0.5|one_heavy|ms3|r300|s9,main,astana_clinic,10,25,0.5,one_heavy,3,300,9,1226,sha256:44c70083293d048fd4f8d73bc5a4fa9ed6cf8c230e84dd4838ee55dc40522485,44,1024,1,0,4,1,c01 c08,c01 c08,c01 c08
main|astana_clinic|nc10|np25|br0.75|uniform|ms3|r300|s0,main,astana_clinic,10,25,0.75,uniform,3,300,0,1635,sha256:0b374b79910dcdbcbf99fa6c7052f6fd2c5e4326a18f11008efe55b2c1babd43,156,1024,1,0,6,1,c01 c05 c09,c01 c05 c09,c01 c05 c09
main|astana_clinic|nc10|np25|br0.75|uniform|ms3|r300|s1,main,astana_clinic,10,25,0.75,uniform,3,300,1,1856,sha256:fda8d320359a797a281f9da38cfcf9767113ad463282a0efa6b1509412dea7cb,122,1024,1,0,4,1,c01 c02 c07,c01 c02 c07,c01 c02 c07
main|astana_clinic|nc10|np25|br0.75|uniform|ms3|r300|s2,main,astana_clinic,10,25,0.75,uniform,3,300,2,2091,sha256:3a45ae7a600fdc47d93d0f9c033ff268c48e29b6ff7ef5b5d3b93bd054debd9f,152,1024,1,0,7,2,c05 c08 c09,c07 c08 c09,c05 c08 c09
main|astana_clinic|nc10|np25|br0.75|uniform|ms3|r300|s3,main,astana_clinic,10,25,0.75,uniform,3,300,3,1544,sha256:9b774f9c2971a5087f9979374924bfc13dff51b10affa8c2fde4e9f10367e702,131,1024,1,0,9,2,c05 c08 c09,c04 c08 c09,c05 c08 c09
main|astana_clinic|nc10|np25|br0.75|uniform|ms3|r300|s4,main,astana_clinic,10,25,0.75,uniform,3,300,4,1985,sha256:200040caaee329f99a58d30a995428c276d0766c3f396437c9c0a88abe47c62a,154,1024,1,0,8,2,c01 c02 c06,c01 c02 c06,c02 c06 c07
main|astana_clinic|nc10|np25|br0.75|uniform|ms3|r300|s5,main,astana_clinic,10,25,0.75,uniform,3,300,5,2016,sha256:68463940c39ce5a28a1d15936b9356fe0da554d7c6cb5aabd6d14993008b80bd,116,1024,1,0,16,1,c03 c07 c09,c03 c07 c09,c03 c07 c09
main|astana_clinic|nc10|np25|br0.75|uniform|ms3|r300|s6,main,astana_clinic,10,25,0.75,uniform,3,300,6,1974,sha256:9bcc181904cc7019f932ceeca44487e0dbb878e24b6023663599b540ff7e82dd,137,1024,1,0,9,2,c00 c03 c05,c00 c03 c05,c00 c05 c06
main|astana_clinic|nc10|np25|br0.75|uniform|ms3|r300|s7,main,astana_clinic,10,25,0.75,uniform,3,300,7,1954,sha256:d1652dfc9798e5f9780989f440d05788874e6e70402bc81eb7ea0f5deb555415,155,1024,1,0,8,1,c01 c06 c09,c01 c06 c09,c01 c06 c09
main|astana_clinic|nc10|np25|br0.75|uniform|ms3|r300|s8,main,astana_clinic,10,25,0.75,uniform,3,300,8,1884,sha256:e97e8fd31cb92ff480de06bc451af6c4bdfdb8e4cff9f9576bcab0a48882409d,162,1024,1,0,4,1,c00 c05 c09,c00 c05 c09,c00 c05 c09
main|astana_clinic|nc10|np25|br0.75|uniform|ms3|r300|s9,main,astana_clinic,10,25,0.75,uniform,3,300,9,1839,sha256:5b96b226dd6a14fb1833501f037d36a454539d16e5e100850c95e2ac01ebb791,127,1024,1,0,5,1,c01 c05 c08,c01 c05 c08,c01 c05 c08
main|astana_clinic|nc10|np25|br0.75|random_1_100|ms3|r300|s0,main,astana_clinic,10,25,0.75,random_1_100,3,300,0,1635,sha256:057838629bd347c15799c81641c0445a9ef4d5d205252e8c7bb95b8a5d3594fc,156,1024,1,0,6,2,c00 c05 c09,c01 c05 c09,c00 c05 c09
main|astana_clinic|nc10|np25|br0.75|random_1_100|ms3|r300|s1,main,astana_clinic,10,25,0.75,random_1_100,3,300,1,1856,sha256:ee085276d823cb1e1bfda504ba4ce40e91e50e10c59ae8330545f4d508e51a96,122,1024,1,0,5,2,c01 c02 c07,c01 c02 c07,c01 c02 c08
main|astana_clinic|nc10|np25|br0.75|random_1_100|ms3|r300|s2,main,astana_clinic,10,25,0.75,random_1_100,3,300,2,2091,sha256:f18b635ff6931d30cfe428f900c9c44246cb19ec68f52069ca8e970d3cad73f0,152,1024,1,0,7,3,c05 c08 c09,c07 c08 c09,c01 c05 c09
main|astana_clinic|nc10|np25|br0.75|random_1_100|ms3|r300|s3,main,astana_clinic,10,25,0.75,random_1_100,3,300,3,1544,sha256:26ab8ad368d289f51db80acc5a3d00b275cc45397c459fada0f24ad88b360686,131,1024,1,0,12,2,c05 c06 c09,c04 c05 c09,c05 c06 c09
main|astana_clinic|nc10|np25|br0.75|random_1_100|ms3|r300|s4,main,astana_clinic,10,25,0.75,random_1_100,3,300,4,1985,sha256:2eaa55d4c2107a48abceba3f1b7d9eed94ad400c118d6e5c49dad2fedeccf11f,154,1024,1,0,8,2,c00 c02 c06,c00 c02 c06,c02 c06 c07
main|astana_clinic|nc10|np25|br0.75|random_1_100|ms3|r300|s5,main,astana_clinic,10,25,0.75,random_1_100,3,300,5,2016,sha256:cb40f18c9f6dd0037a4d35c35ac798f457625328d1722efba325ac6fc3780db9,116,1024,1,0,10,2,c02 c05 c07,c02 c05 c07,c03 c07 c09
main|astana_clinic|nc10|np25|br0.75|random_1_100|ms3|r300|s6,main,astana_clinic,10,25,0.75,random_1_100,3,300,6,1974,sha256:ad85a8bd3e9feedba6d9e48f2a5fe9363b4de2738dc1b9083734314fde7b2534,137,1024,1,0,9,2,c00 c03 c05,c00 c03 c05,c00 c05 c09
main|astana_clinic|nc10|np25|br0.75|random_1_100|ms3|r300|s7,main,astana_clinic,10,25,0.75,random_1_100,3,300,7,1954,sha256:8d2b245698615c61bc1ea349855ccdae6517d1e5a38a47791ca2f197d4ca6630,155,1024,1,0,13,1,c01 c06 c09,c01 c06 c09,c01 c06 c09
main|astana_clinic|nc10|np25|br0.75|random_1_100|ms3|r300|s8,main,astana_clinic,10,25,0.75,random_1_100,3,300,8,1884,sha256:2e76c66c3fdde3d416c246ac477f8dc6132bf5fe5735d2502a83feb50be5e189,162,1024,1,0,4,1,c00 c05 c09,c00 c05 c09,c00 c05 c09
main|astana_clinic|nc10|np25|br0.75|random_1_100|ms3|r300|s9,main,astana_clinic,10,25,0.75,random_1_100,3,300,9,1839,sha256:41b4f319e3b9a412665403d7aae57e35c428140d52ba9285fd3e27e3d1a7c4c5,127,1024,1,0,5,1,c01 c05 c08,c01 c05 c08,c01 c05 c08
main|astana_clinic|nc10|np25|br0.75|one_heavy|ms3|r300|s0,main,astana_clinic,10,25,0.75,one_heavy,3,300,0,1635,sha256:090c77c4bc6e1c35f0db7a8c610bbff0418199ec0c5f0a3bdf314b6281702a47,156,1024,1,0,6,1,c01 c05 c09,c01 c05 c09,c01 c05 c09
main|astana_clinic|nc10|np25|br0.75|one_heavy|ms3|r300|s1,main,astana_clinic,10,25,0.75,one_heavy,3,300,1,1856,sha256:7364bb34eb7f4a54e8e2016dcb4b2bc5bc1b99bd58e64e99c9f17206331569f9,122,1024,1,0,4,1,c01 c02 c07,c01 c02 c07,c01 c02 c07
main|astana_clinic|nc10|np25|br0.75|one_heavy|ms3|r300|s2,main,astana_clinic,10,25,0.75,one_heavy,3,300,2,2091,sha256:8b63f5f52f8499cb5ac2ed13241300c2797cc804a535189910206d0a8f8c3926,152,1024,1,0,7,2,c05 c08 c09,c07 c08 c09,c05 c08 c09
main|astana_clinic|nc10|np25|br0.75|one_heavy|ms3|r300|s3,main,astana_clinic,10,25,0.75,one_heavy,3,300,3,1544,sha256:87a3e711ecb8db29e6f1aed6e6b72d9ee86c7f2eb5f7cbf897b1489bf4c304eb,131,1024,1,0,9,2,c05 c08 c09,c04 c08 c09,c05 c08 c09
main|astana_clinic|nc10|np25|br0.75|one_heavy|ms3|r300|s4,main,astana_clinic,10,25,0.75,one_heavy,3,300,4,1985,sha256:06544e908ab408fda5d016caf4d701b01a8ae7d66860945d8987410ab137fba4,154,1024,1,0,8,2,c01 c02 c06,c01 c02 c06,c02 c06 c07
main|astana_clinic|nc10|np25|br0.75|one_heavy|ms3|r300|s5,main,astana_clinic,10,25,0.75,one_heavy,3,300,5,2016,sha256:ff511c183980c8f1c591c51559956836ee6689540792f315237204c38428b6ea,116,1024,1,0,16,1,c03 c07 c09,c03 c07 c09,c03 c07 c09
main|astana_clinic|nc10|np25|br0.75|one_heavy|ms3|r300|s6,main,astana_clinic,10,25,0.75,one_heavy,3,300,6,1974,sha256:aef29e4d75f2c44519d38f6835b79bbfd1a01405b4466c82442fd348f793028c,137,1024,1,0,9,2,c00 c03 c05,c00 c03 c05,c00 c05 c06
main|astana_clinic|nc10|np25|br0.75|one_heavy|ms3|r300|s7,main,astana_clinic,10,25,0.75,one_heavy,3,300,7,1954,sha256:0dd9d04734ef3ec01d3ced1013df7156c477a93905f523f0ef7cd01717a41c79,155,1024,1,0,7,1,c01 c06 c09,c01 c06 c09,c01 c06 c09
main|astana_clinic|nc10|np25|br0.75|one_heavy|ms3|r300|s8,main,astana_clinic,10,25,0.75,one_heavy,3,300,8,1884,sha256:f632e1c6e60a21742d1ee771ac6e2b7483f79e495536fa7822da39154e0d442a,162,1024,1,0,4,1,c00 c05 c09,c00 c05 c09,c00 c05 c09
main|astana_clinic|nc10|np25|br0.75|one_heavy|ms3|r300|s9,main,astana_clinic,10,25,0.75,one_heavy,3,300,9,1839,sha256:ca16fad5ed7843968ecff2e7ab8814ed5b1b16bb5559b9719e567090bc888a02,127,1024,1,0,5,1,c01 c05 c08,c01 c05 c08,c01 c05 c08
main|astana_clinic|nc10|np25|br1.0|uniform|ms3|r300|s0,main,astana_clinic,10,25,1.0,uniform,3,300,0,2181,sha256:e6ed922ecf4e9d7c75d57910b964b47d64ce1ee32dc07229a23799b426166df5,176,1024,0,0,6,1,c01 c05 c09,c01 c05 c09,c01 c05 c09
main|astana_clinic|nc10|np25|br1.0|uniform|ms3|r300|s1,main,astana_clinic,10,25,1.0,uniform,3,300,1,2475,sha256:08373bb257383a5d1ef830ba0dd940b86182e118be77c1092fbda1e2687b6885,176,1024,0,0,4,1,c01 c02 c07,c01 c02 c07,c01 c02 c07
main|astana_clinic|nc10|np25|br1.0|uniform|ms3|r300|s2,main,astana_clinic,10,25,1.0,uniform,3,300,2,2789,sha256:aa3755386019b1ea4ee40029e53078365451425b6801949f638bbb5ddc7aa8d0,176,1024,0,0,7,2,c05 c08 c09,c07 c08 c09,c05 c08 c09
main|astana_clinic|nc10|np25|br1.0|uniform|ms3|r300|s3,main,astana_clinic,10,25,1.0,uniform,3,300,3,2059,sha256:c412a5097de5ee814c875e1cae3c1e481cde7b634f57f6778fbacf14e2404b0a,176,1024,0,0,9,2,c05 c08 c09,c04 c08 c09,c05 c08 c09
main|astana_clinic|nc10|np25|br1.0|uniform|ms3|r300|s4,main,astana_clinic,10,25,1.0,uniform,3,300,4,2647,sha256:80771f45611a62df4262633d4170be3b35e6dcff2379a01fcb6fd5b114b05b7f,176,1024,0,0,8,2,c01 c02 c06,c01 c02 c06,c02 c06 c07
main|astana_clinic|nc10|np25|br1.0|uniform|ms3|r300|s5,main,astana_clinic,10,25,1.0,uniform,3,300,5,2688,sha256:d583731a250301754d3bdaf98013dca1abece8a8e4eac7a7d473188096f49cfc,176,1024,0,0,19,2,c02 c07 c09,c02 c07 c09,c03 c07 c09
main|astana_clinic|nc10|np25|br1.0|uniform|ms3|r300|s6,main,astana_clinic,10,25,1.0,uniform,3,300,6,2633,sha256:553775bc34a2a933601d1ad3ed09373b7e2a27e949e7552825514a7bad5c1d85,176,1024,0,0,10,2,c00 c03 c06,c00 c03 c06,c00 c05 c06
main|astana_clinic|nc10|np25|br1.0|uniform|ms3|r300|s7,main,astana_clinic,10,25,1.0,uniform,3,300,7,2606,sha256:e00786fb3c616861827d63a2ecf53ba28b415c2cbb1f4ea3b9d9f4d221a1aa8f,176,1024,0,0,8,1,c01 c06 c09,c01 c06 c09,c01 c06 c09
main|astana_clinic|nc10|np25|br1.0|uniform|ms3|r300|s8,main,astana_clinic,10,25,1.0,uniform,3,300,8,2512,sha256:fc8dcae11299170689d07f07407c8c2cd61252e8028d3ca4536afa0db257a7ac,176,1024,0,0,4,1,c00 c05 c09,c00 c05 c09,c00 c05 c09
main|astana_clinic|nc10|np25|br1.0|uniform|ms3|r300|s9,main,astana_clinic,10,25,1.0,uniform,3,300,9,2453,sha256:56bcd0f606b61ffe35d9f6ea0951f3a47ab20a91b2a45d01584225482dc32d8b,176,1024,0,0,5,1,c01 c05 c08,c01 c05 c08,c01 c05 c08
main|astana_clinic|nc10|np25|br1.0|random_1_100|ms3|r300|s0,main,astana_clinic,10,25,1.0,random_1_100,3,300,0,2181,sha256:fb992f009f99f3fadf212cc1d1bb0e74706d44093213ddce6f60e998d2b4eecc,176,1024,0,0,6,2,c00 c05 c09,c01 c05 c09,c00 c05 c09
main|astana_clinic|nc10|np25|br1.0|random_1_100|ms3|r300|s1,main,astana_clinic,10,25,1.0,random_1_100,3,300,1,2475,sha256:3531d3853a93a73a82d83a46b9923ebbb3c8ddd24aefe5fdac95a4fa4cf49a09,176,1024,0,0,5,2,c01 c02 c07,c01 c02 c07,c01 c02 c08
main|astana_clinic|nc10|np25|br1.0|random_1_100|ms3|r300|s2,main,astana_clinic,10,25,1.0,random_1_100,3,300,2,2789,sha256:a253461da3bc058827bb221e40ce5cb0241b2ac25510f01c73979384ee93aeb1,176,1024,0,0,7,3,c05 c08 c09,c07 c08 c09,c01 c05 c09
main|astana_clinic|nc10|np25|br1.0|random_1_100|ms3|r300|s3,main,astana_clinic,10,25,1.0,random_1_100,3,300,3,2059,sha256:7ff3078c0e2c60fe10898550485b60a508da586e7ec5975cc1d1ad3b1ad5094f,176,1024,0,0,12,2,c05 c06 c09,c04 c05 c09,c05 c06 c09
main|astana_clinic|nc10|np25|br1.0|random_1_100|ms3|r300|s4,main,astana_clinic,10,25,1.0,random_1_100,3,300,4,2647,sha256:0c5f7ec7334ffdf58dd8953c49c153dc165035c400c0117510ac00b35cc7c11f,176,1024,0,0,8,2,c00 c02 c06,c00 c02 c06,c02 c06 c07
main|astana_clinic|nc10|np25|br1.0|random_1_100|ms3|r300|s5,main,astana_clinic,10,25,1.0,random_1_100,3,300,5,2688,sha256:b65bce527ce59a0775f509fba1ca3768fbc9e628b8b04f8a33c08b911d4845db,176,1024,0,0,12,2,c02 c07 c09,c02 c07 c09,c03 c07 c09
main|astana_clinic|nc10|np25|br1.0|random_1_100|ms3|r300|s6,main,astana_clinic,10,25,1.0,random_1_100,3,300,6,2633,sha256:9f34ff864c6e35d7fece8a146d828f15db0ef3d1c28a7695bf297b83648e63b9,176,1024,0,0,9,2,c00 c03 c05,c00 c03 c05,c00 c05 c09
main|astana_clinic|nc10|np25|br1.0|random_1_100|ms3|r300|s7,main,astana_clinic,10,25,1.0,random_1_100,3,300,7,2606,sha256:ab152a5f058fa608293978bca97c50adcebdee94ff26803d4d7e77b64e6c4961,176,1024,0,0,13,1,c01 c06 c09,c01 c06 c09,c01 c06 c09
main|astana_clinic|nc10|np25|br1.0|random_1_100|ms3|r300|s8,main,astana_clinic,10,25,1.0,random_1_100,3,300,8,2512,sha256:f44131783137f8e44021afb804dc960b9f8ca4b9e8ed22661678b2e3f3c4a614,176,1024,0,0,4,1,c00 c05 c09,c00 c05 c09,c00 c05 c09
main|astana_clinic|nc10|np25|br1.0|random_1_100|ms3|r300|s9,main,astana_clinic,10,25,1.0,random_1_100,3,300,9,2453,sha256:adf4c8c659c00fb2aca169a46dc1527a08e4d7dc8ec06994ef56a74e9a34f0de,176,1024,0,0,5,1,c01 c05 c08,c01 c05 c08,c01 c05 c08
main|astana_clinic|nc10|np25|br1.0|one_heavy|ms3|r300|s0,main,astana_clinic,10,25,1.0,one_heavy,3,300,0,2181,sha256:316abe49c77874ee9b92606a1809c3d4aa751fad359ea6bdd177a8e62b8eaa19,176,1024,0,0,6,1,c01 c05 c09,c01 c05 c09,c01 c05 c09
main|astana_clinic|nc10|np25|br1.0|one_heavy|ms3|r300|s1,main,astana_clinic,10,25,1.0,one_heavy,3,300,1,2475,sha256:5ea53660f0877f23e142ab6d98d432ba482b0561e7044cde6adf6708374e50dc,176,1024,0,0,4,1,c01 c02 c07,c01 c02 c07,c01 c02 c07
main|astana_clinic|nc10|np25|br1.0|one_heavy|ms3|r300|s2,main,astana_clinic,10,25,1.0,one_heavy,3,300,2,2789,sha256:4b61583ba5f9bbfef79926cdad36249406deeba04efc89c6b56afe7a4632bcc4,176,1024,0,0,7,2,c05 c08 c09,c07 c08 c09,c05 c08 c09
main|astana_clinic|nc10|np25|br1.0|one_heavy|ms3|r300|s3,main,astana_clinic,10,25,1.0,one_heavy,3,300,3,2059,sha256:c14e101fe7ff2a8a84e4b6d43f926fc06e1b13779e554ceeec170439b0aeec03,176,1024,0,0,9,2,c05 c08 c09,c04 c08 c09,c05 c08 c09
main|astana_clinic|nc10|np25|br1.0|one_heavy|ms3|r300|s4,main,astana_clinic,10,25,1.0,one_heavy,3,300,4,2647,sha256:b506970f0f44238fb17f10afa469cea4cc086f9cf9e3a5daa3f4ffe27f574900,176,1024,0,0,8,2,c01 c02 c06,c01 c02 c06,c02 c06 c07
main|astana_clinic|nc10|np25|br1.0|one_heavy|ms3|r300|s5,main,astana_clinic,10,25,1.0,one_heavy,3,300,5,2688,sha256:ba8fbc74623ffd0032a893bac268a9e39f2fe2692faad0522ac58fe0125756c9,176,1024,0,0,19,2,c02 c07 c09,c02 c07 c09,c03 c07 c09
main|astana_clinic|nc10|np25|br1.0|one_heavy|ms3|r300|s6,main,astana_clinic,10,25,1.0,one_heavy,3,300,6,2633,sha256:c860801402fc645a0c0024cad125fb7c5afefe8c42689b9d8fbdfe2a0957f1bd,176,1024,0,0,10,2,c00 c03 c06,c00 c03 c06,c00 c05 c06
main|astana_clinic|nc10|np25|br1.0|one_heavy|ms3|r300|s7,main,astana_clinic,10,25,1.0,one_heavy,3,300,7,2606,sha256:e764cb379d4ae78b8cf0a2b0a00e5e9f2604c4b999fdcd19524b53958a8cd9f8,176,1024,0,0,7,1,c01 c06 c09,c01 c06 c09,c01 c06 c09
main|astana_clinic|nc10|np25|br1.0|one_heavy|ms3|r300|s8,main,astana_clinic,10,25,1.0,one_heavy,3,300,8,2512,sha256:4cd4194d8c170bdcfeeeef205b7cee9bdce38860e573ffdbfcc5591d1afecc22,176,1024,0,0,4,1,c00 c05 c09,c00 c05 c09,c00 c05 c09
main|astana_clinic|nc10|np25|br1.0|one_heavy|ms3|r300|s9,main,astana_clinic,10,25,1.0,one_heavy,3,300,9,2453,sha256:3cc1bfcdb93ea6d41884bdfa99da859054233f1806b7d8889910138f2f1d21f8,176,1024,0,0,5,1,c01 c05 c08,c01 c05 c08,c01 c05 c08
main|astana_clinic|nc16|np5|br0.25|uniform|ms3|r300|s0,main,astana_clinic,16,5,0.25,uniform,3,300,0,545,sha256:511453265a29175667f99c68809359fad736cf004cb1b990b33fc5b51e6c1ce7,136,65536,1,0,5,1,c07 c09,c07 c09,c07 c09
main|astana_clinic|nc16|np5|br0.25|uniform|ms3|r300|s1,main,astana_clinic,16,5,0.25,uniform,3,300,1,681,sha256:d310af6b6b99d4d6a6b584cd0c4f5f106dc1f26a5bb100ac9c0eb974d3cc18e8,13,65536,1,0,2,1,c02,c02,c02
main|astana_clinic|nc16|np5|br0.25|uniform|ms3|r300|s2,main,astana_clinic,16,5,0.25,uniform,3,300,2,710,sha256:9ae8c1d8f2580545ad8ceac63c57d70a6b15107ee192ea034d3a3a94e171703a,26,65536,1,0,3,1,c07,c07,c07
main|astana_clinic|nc16|np5|br0.25|uniform|ms3|r300|s3,main,astana_clinic,16,5,0.25,uniform,3,300,3,583,sha256:2e86701dcfefd5ce6a9642c39e01bae046e62ed705b54e64f51fb08f770f7213,33,65536,1,0,2,1,c08,c08,c08
main|astana_clinic|nc16|np5|br0.25|uniform|ms3|r300|s4,main,astana_clinic,16,5,0.25,uniform,3,300,4,682,sha256:6261e64584cc70f86c48f05db314450c1fcb573959bd21672ac4e079f48b7073,47,65536,1,0,2,1,c13,c13,c13
main|astana_clinic|nc16|np5|br0.25|uniform|ms3|r300|s5,main,astana_clinic,16,5,0.25,uniform,3,300,5,672,sha256:845edff12e8745a1e45c61a5ee74f425e1daedd18c3973f40bb27cab9f0b5ca4,28,65536,1,0,2,1,c12,c12,c12
main|astana_clinic|nc16|np5|br0.25|uniform|ms3|r300|s6,main,astana_clinic,16,5,0.25,uniform,3,300,6,658,sha256:950a48c134abb12d79174f6d32b7e466eeb6c7edc1819a7ba68348263cf25055,57,65536,1,0,3,1,c05 c14,c05 c14,c05 c14
main|astana_clinic|nc16|np5|br0.25|uniform|ms3|r300|s7,main,astana_clinic,16,5,0.25,uniform,3,300,7,714,sha256:c675a8a0a932d0806b0d4ad28392afdb347b9f64bb633db47b3ba02aeef73328,42,65536,1,0,3,1,c01 c06,c01 c06,c01 c06
main|astana_clinic|nc16|np5|br0.25|uniform|ms3|r300|s8,main,astana_clinic,16,5,0.25,uniform,3,300,8,704,sha256:0cd71d5bca9ef94fcaccf0cda1492fc44a288f1ee1dbc1629f6840e3e3c719ea,46,65536,1,0,2,1,c09,c09,c09
main|astana_clinic|nc16|np5|br0.25|uniform|ms3|r300|s9,main,astana_clinic,16,5,0.25,uniform,3,300,9,613,sha256:6e1afa6682036af140d4965c33c88f3dbe683900c513cc1128fd30f6a77974a1,18,65536,1,0,1,1,,,
main|astana_clinic|nc16|np5|br0.25|random_1_100|ms3|r300|s0,main,astana_clinic,16,5,0.25,random_1_100,3,300,0,545,sha256:e601e34a6c756d97f9ebdb974c89bb2e6b84f3a890dc51fd31f4fb1f84e62730,136,65536,1,0,5,1,c07 c09,c07 c09,c07 c09
main|astana_clinic|nc16|np5|br0.25|random_1_100|ms3|r300|s1,main,astana_clinic,16,5,0.25,random_1_100,3,300,1,681,sha256:68e6f7a2ad4a4f05e00d47ed9c43f211a65aabe20092d8206358abf4e326c00e,13,65536,1,0,2,1,c02,c02,c02
main|astana_clinic|nc16|np5|br0.25|random_1_100|ms3|r300|s2,main,astana_clinic,16,5,0.25,random_1_100,3,300,2,710,sha256:2c735f325ff7f2fe53668de85c1ff0d27cb73f46f3e7f4121be589384a57aceb,26,65536,1,0,3,1,c07,c07,c07
main|astana_clinic|nc16|np5|br0.25|random_1_100|ms3|r300|s3,main,astana_clinic,16,5,0.25,random_1_100,3,300,3,583,sha256:e99d8b4db17c3deb3079a42d10795a6ec3788d115cde2c044c34e58d6bc31e46,33,65536,1,0,2,1,c08,c08,c08
main|astana_clinic|nc16|np5|br0.25|random_1_100|ms3|r300|s4,main,astana_clinic,16,5,0.25,random_1_100,3,300,4,682,sha256:ba95f46df88ab79f654d18e69618fd859d9af5bd99f292fa9bc92f51e220dad1,47,65536,1,0,2,1,c13,c13,c13
main|astana_clinic|nc16|np5|br0.25|random_1_100|ms3|r300|s5,main,astana_clinic,16,5,0.25,random_1_100,3,300,5,672,sha256:e321717d7f29910dd4fd0ade21ce75c153e52254ac542116f8c1eb0a87a5f0e7,28,65536,1,0,2,1,c12,c12,c12
main|astana_clinic|nc16|np5|br0.25|random_1_100|ms3|r300|s6,main,astana_clinic,16,5,0.25,random_1_100,3,300,6,658,sha256:7e4c1534b188608c589979c9bcbcc9b1bced0c2e401113ed278fbff69a6e2ccd,57,65536,1,0,3,1,c05 c14,c05 c14,c05 c14
main|astana_clinic|nc16|np5|br0.25|random_1_100|ms3|r300|s7,main,astana_clinic,16,5,0.25,random_1_100,3,300,7,714,sha256:77797b8803b380fffcfa08031cf948f317d0687245c4d37153c415268e68cd68,42,65536,1,0,3,1,c01 c06,c01 c06,c01 c06
main|astana_clinic|nc16|np5|br0.25|random_1_100|ms3|r300|s8,main,astana_clinic,16,5,0.25,random_1_100,3,300,8,704,sha256:b48265677346781ad7f59f94c8044baebc0f5c4db8f6d117a43957619d020bd6,46,65536,1,0,2,1,c09,c09,c09
main|astana_clinic|nc16|np5|br0.25|random_1_100|ms3|r300|s9,main,astana_clinic,16,5,0.25,random_1_100,3,300,9,613,sha256:92d58887a3fac9f121a09fc2e0c276382e8284b4cdd6da4690e5bd3e0fe38eb3,18,65536,1,0,1,1,,,
main|astana_clinic|nc16|np5|br0.25|one_heavy|ms3|r300|s0,main,astana_clinic,16,5,0.25,one_heavy,3,300,0,545,sha256:2fce3bdbe4b8adfe35a34a51dcd6549ea0ba4a89ed60c3c6efee4a8a9f70b726,136,65536,1,0,5,1,c07 c09,c07 c09,c07 c09
main|astana_clinic|nc16|np5|br0.25|one_heavy|ms3|r300|s1,main,astana_clinic,16,5,0.25,one_heavy,3,300,1,681,sha256:e5adebb10fad38df33a9df46ec92e6edb6b603525ae49e0a5e0aa9e3be57b2b9,13,65536,1,0,2,1,c02,c02,c02
main|astana_clinic|nc16|np5|br0.25|one_heavy|ms3|r300|s2,main,astana_clinic,16,5,0.25,one_heavy,3,300,2,710,sha256:988b09812934e0c318e77d22d45e3dae80e71f523039770148a5cfe33d71d2db,26,65536,1,0,3,1,c07,c07,c07
main|astana_clinic|nc16|np5|br0.25|one_heavy|ms3|r300|s3,main,astana_clinic,16,5,0.25,one_heavy,3,300,3,583,sha256:ea9d5487fffc384a8e578eccb0bedde5d2271e92c95a98c5af42384d8c5ae163,33,65536,1,0,2,1,c08,c08,c08
main|astana_clinic|nc16|np5|br0.25|one_heavy|ms3|r300|s4,main,astana_clinic,16,5,0.25,one_heavy,3,300,4,682,sha256:4389b607a9493952b0086e126b5128b194c1ade04ec7534be340e8a6516a77f1,47,65536,1,0,2,1,c13,c13,c13
main|astana_clinic|nc16|np5|br0.25|one_heavy|ms3|r300|s5,main,astana_clinic,16,5,0.25,one_heavy,3,300,5,672,sha256:2d72b6464320752a66b0f4f469b08d079a2cc6b41c1c44c781035b0629725de5,28,65536,1,0,2,1,c12,c12,c12
main|astana_clinic|nc16|np5|br0.25|one_heavy|ms3|r300|s6,main,astana_clinic,16,5,0.25,one_heavy,3,300,6,658,sha256:5219857c63368117b4e9b6d04d17b912289e22c707362f68a134f7ec5320be3d,57,65536,1,0,3,1,c05 c14,c05 c14,c05 c14
main|astana_clinic|nc16|np5|br0.25|one_heavy|ms3|r300|s7,main,astana_clinic,16,5,0.25,one_heavy,3,300,7,714,sha256:605dbe928e34fc4b2c444e5f515c64bbe0316b8e710423f8222e01425bd51120,42,65536,1,0,4,1,c01 c06,c01 c06,c01 c06
main|astana_clinic|nc16|np5|br0.25|one_heavy|ms3|r300|s8,main,astana_clinic,16,5,0.25,one_heavy,3,300,8,704,sha256:12b0baf4e526d0ca0bbc3fe858ba1e0d5b5fe1d92e4f3f69d2a0da3a19cc445a,46,65536,1,0,2,1,c09,c09,c09
main|astana_clinic|nc16|np5|br0.25|one_heavy|ms3|r300|s9,main,astana_clinic,16,5,0.25,one_heavy,3,300,9,613,sha256:e2855bf94c9f0d8387017f9a3146ea5c9dfcd52d8ba21cdd6005598195f48774,18,65536,1,0,1,1,,,
main|astana_clinic|nc16|np5|br0.5|uniform|ms3|r300|s0,main,astana_clinic,16,5,0.5,uniform,3,300,0,1090,sha256:412998714288ed0d36a52d768f98c14d414a762a213d4bcb1c2bbabcf0476bda,484,65536,1,0,6,1,c07 c09 c10,c07 c09 c10,c07 c09 c10
main|astana_clinic|nc16|np5|br0.5|uniform|ms3|r300|s1,main,astana_clinic,16,5,0.5,uniform,3,300,1,1362,sha256:a40a2f565fdeeaf4507999a0a27e17fd8246bb74852ba7ce44e1ba9efab5bca6,134,65536,1,0,2,1,c02,c02,c02
main|astana_clinic|nc16|np5|br0.5|uniform|ms3|r300|s2,main,astana_clinic,16,5,0.5,uniform,3,300,2,1421,sha256:d95a3f294a0224a404b4405f7919f7706dbb7d42f9fd8d4b11e5f4b82fb453c3,224,65536,1,0,6,1,c08 c11,c08 c11,c08 c11
main|astana_clinic|nc16|np5|br0.5|uniform|ms3|r300|s3,main,astana_clinic,16,5,0.5,uniform,3,300,3,1166,sha256:227e23e3d03185285bf66a4d9c72ccfef50a7d5674d91cfea329b9e56810d068,296,65536,1,0,2,1,c08,c08,c08
main|astana_clinic|nc16|np5|br0.5|uniform|ms3|r300|s4,main,astana_clinic,16,5,0.5,uniform,3,300,4,1365,sha256:9149d185a05be9634909429209e2cb26f88140e4153f28dc08113fa0c42f829c,356,65536,1,0,3,1,c15,c15,c15
main|astana_clinic|nc16|np5|br0.5|uniform|ms3|r300|s5,main,astana_clinic,16,5,0.5,uniform,3,300,5,1344,sha256:9dd493751f4354ab9128e9ab24d894114db2e207f16939074d52b520a095601c,197,65536,1,0,3,1,c02,c02,c02
main|astana_clinic|nc16|np5|br0.5|uniform|ms3|r300|s6,main,astana_clinic,16,5,0.5,uniform,3,300,6,1316,sha256:e3e858b6d13c88f30074218e245f3d0437c1baa7fbaed349e8bcb3294e94d4c1,324,65536,1,0,3,1,c05 c14,c05 c14,c05 c14
main|astana_clinic|nc16|np5|br0.5|uniform|ms3|r300|s7,main,astana_clinic,16,5,0.5,uniform,3,300,7,1429,sha256:eb0d5bac74a7a4549e55cbd47c2ccd2de524739aab25f805c046e6b29b9772c2,318,65536,1,0,6,1,c01 c06 c11,c01 c06 c11,c01 c06 c11
main|astana_clinic|nc16|np5|br0.5|uniform|ms3|r300|s8,main,astana_clinic,16,5,0.5,uniform,3,300,8,1408,sha256:1f0bdb91dbde8590488ff02cae82b66d658c39ba86b9f785666ba01ff9d0c87a,345,65536,1,0,4,1,c09 c11,c09 c11,c09 c11
main|astana_clinic|nc16|np5|br0.5|uniform|ms3|r300|s9,main,astana_clinic,16,5,0.5,uniform,3,300,9,1226,sha256:afcde3b130c1f5535cbc6464ff1af6ada77f473044b9fa6cea016a809723f6e1,175,65536,1,0,1,1,,,
main|astana_clinic|nc16|np5|br0.5|random_1_100|ms3|r300|s0,main,astana_clinic,16,5,0.5,random_1_100,3,300,0,1090,sha256:c24afa6e901c5d1e9c9d53516130ca023520b2bf8296a721beff77af26d9ba90,484,65536,1,0,6,1,c07 c09 c10,c07 c09 c10,c07 c09 c10
main|astana_clinic|nc16|np5|br0.5|random_1_100|ms3|r300|s1,main,astana_clinic,16,5,0.5,random_1_100,3,300,1,1362,sha256:882f8ad3d59360d9dfe53f2642f9c60e80abae4b2916481cb0f33577327780f7,134,65536,1,0,2,1,c02,c02,c02
main|astana_clinic|nc16|np5|br0.5|random_1_100|ms3|r300|s2,main,astana_clinic,16,5,0.5,random_1_100,3,300,2,1421,sha256:506e2f66ede85e2df32f8ee3997397fddefa955a96caa6530f2c58359c39ac02,224,65536,1,0,6,1,c08 c11,c08 c11,c08 c11
main|astana_clinic|nc16|np5|br0.5|random_1_100|ms3|r300|s3,main,astana_clinic,16,5,0.5,random_1_100,3,300,3,1166,sha256:7b0c10e5053d7e271afb455bb2beddf989dcbe385f62980c08ff0d40f89f0ee1,296,65536,1,0,2,1,c08,c08,c08
main|astana_clinic|nc16|np5|br0.5|random_1_100|ms3|r300|s4,main,astana_clinic,16,5,0.5,random_1_100,3,300,4,1365,sha256:ae9be373231acc5995de95cafcf3d3b9fcde06a2be4b4ecd72765918eb9ca2bc,356,65536,1,0,3,1,c15,c15,c15
main|astana_clinic|nc16|np5|br0.5|random_1_100|ms3|r300|s5,main,astana_clinic,16,5,0.5,random_1_100,3,300,5,1344,sha256:4f723333bcb3f0338c1a16bd2be0b9e4f7f59e3fc9ba98f0a6aa979d8a45d71d,197,65536,1,0,3,1,c02,c02,c02
main|astana_clinic|nc16|np5|br0.5|random_1_100|ms3|r300|s6,main,astana_clinic,16,5,0.5,random_1_100,3,300,6,1316,sha256:f980df2cbdab4e44c677b979493df1cddd2f892e2329e14a9bbab66786f70e69,324,65536,1,0,3,1,c05 c14,c05 c14,c05 c14
main|astana_clinic|nc16|np5|br0.5|random_1_100|ms3|r300|s7,main,astana_clinic,16,5,0.5,random_1_100,3,300,7,1429,sha256:6894524fef59917329bd031f0ade8693f9c70957b7f787649971f9420da73095,318,65536,1,0,7,1,c01 c06 c11,c01 c06 c11,c01 c06 c11
main|astana_clinic|nc16|np5|br0.5|random_1_100|ms3|r300|s8,main,astana_clinic,16,5,0.5,random_1_100,3,300,8,1408,sha256:a4a0973ffa585cf1ffaee96a4303f768f4ef930714aab4262940f43d3325538f,345,65536,1,0,4,1,c09 c11,c09 c11,c09 c11
main|astana_clinic|nc16|np5|br0.5|random_1_100|ms3|r300|s9,main,astana_clinic,16,5,0.5,random_1_100,3,300,9,1226,sha256:28f043ca0b5adbeba5038544d0a95595726a1d4f869e4e81938f2fb254043bef,175,65536,1,0,1,1,,,
main|astana_clinic|nc16|np5|br0.5|one_heavy|ms3|r300|s0,main,astana_clinic,16,5,0.5,one_heavy,3,300,0,1090,sha256:b12bd747e1feac3069a8cc684fbaa70d69196b80312585d65c73ed526347520a,484,65536,1,0,6,1,c07 c09 c10,c07 c09 c10,c07 c09 c10
main|astana_clinic|nc16|np5|br0.5|one_heavy|ms3|r300|s1,main,astana_clinic,16,5,0.5,one_heavy,3,300,1,1362,sha256:e6a918c4c6a8039c7ec1568c717188e4fa32675c809f2c1503db0a5d8a6354eb,134,65536,1,0,2,1,c02,c02,c02
main|astana_clinic|nc16|np5|br0.5|one_heavy|ms3|r300|s2,main,astana_clinic,16,5,0.5,one_heavy,3,300,2,1421,sha256:9d47569a2abc1f27a84265191ff160b318e4d6868301ce87fc3a4ab95e592dcd,224,65536,1,0,6,1,c08 c11,c08 c11,c08 c11
main|astana_clinic|nc16|np5|br0.5|one_heavy|ms3|r300|s3,main,astana_clinic,16,5,0.5,one_heavy,3,300,3,1166,sha256:1293b97894bcf8d0748b833692cec9e7977597c85da140e6057868cbb401f6ad,296,65536,1,0,2,1,c08,c08,c08
main|astana_clinic|nc16|np5|br0.5|one_heavy|ms3|r300|s4,main,astana_clinic,16,5,0.5,one_heavy,3,300,4,1365,sha256:88d0ecb561318d9b207f8fe0922a5a37b3cc4a5def29b88690f7da25187d66c0,356,65536,1,0,3,1,c15,c15,c15
main|astana_clinic|nc16|np5|br0.5|one_heavy|ms3|r300|s5,main,astana_clinic,16,5,0.5,one_heavy,3,300,5,1344,sha256:8a6408705b78482ddd2688f42779cf3957924d4c1027bbcdbb3624ae20e84c52,197,65536,1,0,3,1,c02,c02,c02
main|astana_clinic|nc16|np5|br0.5|one_heavy|ms3|r300|s6,main,astana_clinic,16,5,0.5,one_heavy,3,300,6,1316,sha256:9402c861b453322e27f44e5b9d69752b6810b8c9c7eaed04ce44090d9c1e2ec4,324,65536,1,0,3,1,c05 c14,c05 c14,c05 c14
main|astana_clinic|nc16|np5|br0.5|one_heavy|ms3|r300|s7,main,astana_clinic,16,5,0.5,one_heavy,3,300,7,1429,sha256:8fbced420e1adfefe35d3dc2a9a13bc1f658fe9352fceeb7c2d46a050f3952e6,318,65536,1,0,6,1,c01 c06 c11,c01 c06 c11,c01 c06 c11
main|astana_clinic|nc16|np5|br0.5|one_heavy|ms3|r300|s8,main,astana_clinic,16,5,0.5,one_heavy,3,300,8,1408,sha256:0918ba7d5974320a8bf855084db2402da712ac517d2ac28e6d30bcbd45f3ca20,345,65536,1,0,4,1,c09 c11,c09 c11,c09 c11
main|astana_clinic|nc16|np5|br0.5|one_heavy|ms3|r300|s9,main,astana_clinic,16,5,0.5,one_heavy,3,300,9,1226,sha256:6670862d9e436e31fcae6af54e414f4d0743fb62ce9ce441151b0939d753043f,175,65536,1,0,1,1,,,
main|astana_clinic|nc16|np5|br0.75|uniform|ms3|r300|s0,main,astana_clinic,16,5,0.75,uniform,3,300,0,1635,sha256:e3abbce2e1fbc4a7f30dbab11b49570bd6ffdedbcf1a2bff4d1ddcdac9b26a40,659,65536,1,0,6,1,c07 c09 c10,c07 c09 c10,c07 c09 c10
main|astana_clinic|nc16|np5|br0.75|uniform|ms3|r300|s1,main,astana_clinic,16,5,0.75,uniform,3,300,1,2043,sha256:dc2fd987d3cc3bcba600833f9f7d33f00d38de2a338bc5b1448b57f730f0209a,542,65536,1,0,2,1,c02,c02,c02
main|astana_clinic|nc16|np5|br0.75|uniform|ms3|r300|s2,main,astana_clinic,16,5,0.75,uniform,3,300,2,2132,sha256:09b497b534bf4ae54d379cd3e2eb142374baa84165b87a5f5eacb1e50dd463c8,571,65536,1,0,6,1,c08 c11,c08 c11,c08 c11
main|astana_clinic|nc16|np5|br0.75|uniform|ms3|r300|s3,main,astana_clinic,16,5,0.75,uniform,3,300,3,1749,sha256:1f3764c6509d0c0a4c63c85930d84c45ce8aff35c9e143ea5acffbe230de32dc,628,65536,1,0,2,1,c08,c08,c08
main|astana_clinic|nc16|np5|br0.75|uniform|ms3|r300|s4,main,astana_clinic,16,5,0.75,uniform,3,300,4,2047,sha256:07fb556611ce676fa06c56198e14aac0aec5034ae4325b5d8f156cc636ecf4d0,646,65536,1,0,3,1,c15,c15,c15
main|astana_clinic|nc16|np5|br0.75|uniform|ms3|r300|s5,main,astana_clinic,16,5,0.75,uniform,3,300,5,2016,sha256:c2995e7be334e4ef8aa83e6710f1f3046fdea03ffdfacc3c6f9257644a7801c6,529,65536,1,0,3,1,c02,c02,c02
main|astana_clinic|nc16|np5|br0.75|uniform|ms3|r300|s6,main,astana_clinic,16,5,0.75,uniform,3,300,6,1974,sha256:3648574b834f77848a4277604b808265a0c382247d8ebdf24819dd8404636887,616,65536,1,0,3,1,c05 c14,c05 c14,c05 c14
main|astana_clinic|nc16|np5|br0.75|uniform|ms3|r300|s7,main,astana_clinic,16,5,0.75,uniform,3,300,7,2143,sha256:ffdaba61a2ad55e1e9b42aebc79204c2f3ca1b6f8e2d5fc3400dcbf21010aeb3,627,65536,1,0,6,1,c01 c06 c11,c01 c06 c11,c01 c06 c11
main|astana_clinic|nc16|np5|br0.75|uniform|ms3|r300|s8,main,astana_clinic,16,5,0.75,uniform,3,300,8,2112,sha256:dbb15dbdd0201e020936e9d260f42119ebfbf089d89d6a20a82b792e96e07c1a,644,65536,1,0,4,1,c09 c11,c09 c11,c09 c11
main|astana_clinic|nc16|np5|br0.75|uniform|ms3|r300|s9,main,astana_clinic,16,5,0.75,uniform,3,300,9,1839,sha256:1cc84e05ff255a9bff868c7377a9bf5412fdb3433095d4d95ef09899448aa3d7,543,65536,1,0,1,1,,,
main|astana_clinic|nc16|np5|br0.75|random_1_100|ms3|r300|s0,main,astana_clinic,16,5,0.75,random_1_100,3,300,0,1635,sha256:9e750ac03084b406abc174cb67b3d0611225d1d44d691e31ef410b0430a66fa6,659,65536,1,0,6,1,c07 c09 c10,c07 c09 c10,c07 c09 c10
main|astana_clinic|nc16|np5|br0.75|random_1_100|ms3|r300|s1,main,astana_clinic,16,5,0.75,random_1_100,3,300,1,2043,sha256:d25b059eac8bf7d42a023578cf1e1e3cabca86597ebd2351bbfb4c1b2ebbc6e7,542,65536,1,0,2,1,c02,c02,c02
main|astana_clinic|nc16|np5|br0.75|random_1_100|ms3|r300|s2,main,astana_clinic,16,5,0.75,random_1_100,3,300,2,2132,sha256:3d06068c2e6a8c949f9be392277128d394d1dd869ab2b21affaca98854c654cd,571,65536,1,0,6,1,c08 c11,c08 c11,c08 c11
main|astana_clinic|nc16|np5|br0.75|random_1_100|ms3|r300|s3,main,astana_clinic,16,5,0.75,random_1_100,3,300,3,1749,sha256:aab5aa72239cc30c11b979a23c24595bb200ce6159049822213bd82558bb7375,628,65536,1,0,2,1,c08,c08,c08
main|astana_clinic|nc16|np5|br0.75|random_1_100|ms3|r300|s4,main,astana_clinic,16,5,0.75,random_1_100,3,300,4,2047,sha256:4979f97a950374d6b9672719aab44d22f3a3fdff2588f80277f432dd80f3af72,646,65536,1,0,3,1,c15,c15,c15
main|astana_clinic|nc16|np5|br0.75|random_1_100|ms3|r300|s5,main,astana_clinic,16,5,0.75,random_1_100,3,300,5,2016,sha256:fdab57339bcb5b18d3d6a6b2c00218f49a8f529120f6c4f1f7b16c5f47e3e2db,529,65536,1,0,3,1,c02,c02,c02
main|astana_clinic|nc16|np5|br0.75|random_1_100|ms3|r300|s6,main,astana_clinic,16,5,0.75,random_1_100,3,300,6,1974,sha256:1a4dc180ca09abadc8d6ab39150905bee9ced76afaafe591c3b60030315fb697,616,65536,1,0,3,1,c05 c14,c05 c14,c05 c14
main|astana_clinic|nc16|np5|br0.75|random_1_100|ms3|r300|s7,main,astana_clinic,16,5,0.75,random_1_100,3,300,7,2143,sha256:27fc57f703eae42cc8ad0c7201a635c17781313fb4e3a64fce99302f8bbcfab4,627,65536,1,0,7,1,c01 c06 c11,c01 c06 c11,c01 c06 c11
main|astana_clinic|nc16|np5|br0.75|random_1_100|ms3|r300|s8,main,astana_clinic,16,5,0.75,random_1_100,3,300,8,2112,sha256:660a707074cea2e6677156a00ab8192a7eb5c5f188441cd44d89befda2fbc74f,644,65536,1,0,4,1,c09 c11,c09 c11,c09 c11
main|astana_clinic|nc16|np5|br0.75|random_1_100|ms3|r300|s9,main,astana_clinic,16,5,0.75,random_1_100,3,300,9,1839,sha256:1cd0259475f8934b94c81eb48969c676e9d41b5994665ad92bf65f7fbbd0432c,543,65536,1,0,1,1,,,
main|astana_clinic|nc16|np5|br0.75|one_heavy|ms3|r300|s0,main,astana_clinic,16,5,0.75,one_heavy,3,300,0,1635,sha256:c8532388323913fc02cd195e4ce555967a40fadbd0918051a8f439a71ee39c2b,659,65536,1,0,6,1,c07 c09 c10,c07 c09 c10,c07 c09 c10
main|astana_clinic|nc16|np5|br0.75|one_heavy|ms3|r300|s1,main,astana_clinic,16,5,0.75,one_heavy,3,300,1,2043,sha256:948c47513474e570f7911314f517e8a8616a64950356760d6090ed478d25c5e6,542,65536,1,0,2,1,c02,c02,c02
main|astana_clinic|nc16|np5|br0.75|one_heavy|ms3|r300|s2,main,astana_clinic,16,5,0.75,one_heavy,3,300,2,2132,sha256:4257c0a002948a65d0a7f2521438d5c34d1abf5e40e932076b2db4416a76e9d9,571,65536,1,0,6,1,c08 c11,c08 c11,c08 c11
main|astana_clinic|nc16|np5|br0.75|one_heavy|ms3|r300|s3,main,astana_clinic,16,5,0.75,one_heavy,3,300,3,1749,sha256:5cdfd888335556a243b355d7366db63f9251b525f477c40e67b6e6af5db8b998,628,65536,1,0,2,1,c08,c08,c08
main|astana_clinic|nc16|np5|br0.75|one_heavy|ms3|r300|s4,main,astana_clinic,16,5,0.75,one_heavy,3,300,4,2047,sha256:4688cc727b36672f253588ee4074ce6e8f776165c626e0a11f43422eee839d41,646,65536,1,0,3,1,c15,c15,c15
main|astana_clinic|nc16|np5|br0.75|one_heavy|ms3|r300|s5,main,astana_clinic,16,5,0.75,one_heavy,3,300,5,2016,sha256:9bfc0c9e694b588a5c9e6682f96df8e0bd48bd6429dd42883bd1c5db808a976f,529,65536,1,0,3,1,c02,c02,c02
main|astana_clinic|nc16|np5|br0.75|one_heavy|ms3|r300|s6,main,astana_clinic,16,5,0.75,one_heavy,3,300,6,1974,sha256:a62fdd251e93fe5aad9061a973a0f3db0355e8d3f2416f91cfdf027e1f170c58,616,65536,1,0,3,1,c05 c14,c05 c14,c05 c14
main|astana_clinic|nc16|np5|br0.75|one_heavy|ms3|r300|s7,main,astana_clinic,16,5,0.75,one_heavy,3,300,7,2143,sha256:c6a60c1321c7d1032e3ba72d890ffe19f1f3106b1e9967075b3e924e83af490a,627,65536,1,0,6,1,c01 c06 c11,c01 c06 c11,c01 c06 c11
main|astana_clinic|nc16|np5|br0.75|one_heavy|ms3|r300|s8,main,astana_clinic,16,5,0.75,one_heavy,3,300,8,2112,sha256:5392a1b0f59393cd4aba94d663046e4a323a1ede46e728fa3c67cf5d710e7365,644,65536,1,0,4,1,c09 c11,c09 c11,c09 c11
main|astana_clinic|nc16|np5|br0.75|one_heavy|ms3|r300|s9,main,astana_clinic,16,5,0.75,one_heavy,3,300,9,1839,sha256:0288a11b8f4b78ec46c63f6908f6a72b016ca25f9870f4edd999fcc4c5d384c7,543,65536,1,0,1,1,,,
main|astana_clinic|nc16|np5|br1.0|uniform|ms3|r300|s0,main,astana_clinic,16,5,1.0,uniform,3,300,0,2181,sha256:3e6901cc23bbf401565f2c2e5c20a38a8a135771505b229add4760994885d8c6,697,65536,0,0,6,1,c07 c09 c10,c07 c09 c10,c07 c09 c10
main|astana_clinic|nc16|np5|br1.0|uniform|ms3|r300|s1,main,astana_clinic,16,5,1.0,uniform,3,300,1,2724,sha256:f251d489fb1e74de351d83df97e3d5830d3d0a282516463228dff436ff0d5475,697,65536,0,0,2,1,c02,c02,c02
main|astana_clinic|nc16|np5|br1.0|uniform|ms3|r300|s2,main,astana_clinic,16,5,1.0,uniform,3,300,2,2843,sha256:ac9540f4223e395df5e99e8595f29c1673ec47ec75b778a44c6844c81ee1559b,697,65536,0,0,6,1,c08 c11,c08 c11,c08 c11
main|astana_clinic|nc16|np5|br1.0|uniform|ms3|r300|s3,main,astana_clinic,16,5,1.0,uniform,3,300,3,2333,sha256:76d409f539e9f78b0fafe5cd2a9d7b919b8da8776bbee66bcb4b71ea82fa7852,697,65536,0,0,2,1,c08,c08,c08
main|astana_clinic|nc16|np5|br1.0|uniform|ms3|r300|s4,main,astana_clinic,16,5,1.0,uniform,3,300,4,2730,sha256:4d49b7dc3c3d436155bdf61a936e9d4860f4124483f95793fc1ec5714f561810,697,65536,0,0,3,1,c15,c15,c15
main|astana_clinic|nc16|np5|br1.0|uniform|ms3|r300|s5,main,astana_clinic,16,5,1.0,uniform,3,300,5,2688,sha256:8ed8f8c2001d9a5087a44a30aed8a2b8c461a8a2494b646521037357a0b950da,697,65536,0,0,3,1,c02,c02,c02
main|astana_clinic|nc16|np5|br1.0|uniform|ms3|r300|s6,main,astana_clinic,16,5,1.0,uniform,3,300,6,2633,sha256:ddfb2647787d3a6ce3b171b45fd8c682798faae4689ff0a6453e2186f40b2d41,697,65536,0,0,3,1,c05 c14,c05 c14,c05 c14
main|astana_clinic|nc16|np5|br1.0|uniform|ms3|r300|s7,main,astana_clinic,16,5,1.0,uniform,3,300,7,2858,sha256:b92c4f3e38e10e0c824de02d4a83eff3ec2d8787989f58f1eaa95d6cbfee9205,697,65536,0,0,6,1,c01 c06 c11,c01 c06 c11,c01 c06 c11
main|astana_clinic|nc16|np5|br1.0|uniform|ms3|r300|s8,main,astana_clinic,16,5,1.0,uniform,3,300,8,2817,sha256:fe760d93e86a0f4af7e59610d712b3255ba8401e08e74a6fbab524f5c668f7f1,697,65536,0,0,4,1,c09 c11,c09 c11,c09 c11
main|astana_clinic|nc16|np5|br1.0|uniform|ms3|r300|s9,main,astana_clinic,16,5,1.0,uniform,3,300,9,2453,sha256:3212b2f02282a02316ddb356fbf62b6d09e4473e44fc74f4c019df770a255159,697,65536,0,0,1,1,,,
main|astana_clinic|nc16|np5|br1.0|random_1_100|ms3|r300|s0,main,astana_clinic,16,5,1.0,random_1_100,3,300,0,2181,sha256:73f8605cec8f5bda81b92b4ec7857aafb893f63acfdbf594ff9acb3cf075829a,697,65536,0,0,6,1,c07 c09 c10,c07 c09 c10,c07 c09 c10
main|astana_clinic|nc16|np5|br1.0|random_1_100|ms3|r300|s1,main,astana_clinic,16,5,1.0,random_1_100,3,300,1,2724,sha256:663792ae3c1a62e66347bb041640c369fa207d3dd18ff3cb38b6190b56ca7851,697,65536,0,0,2,1,c02,c02,c02
main|astana_clinic|nc16|np5|br1.0|random_1_100|ms3|r300|s2,main,astana_clinic,16,5,1.0,random_1_100,3,300,2,2843,sha256:b5b4575fcbb57d768e007a09cd57f97c22de6f6bd4b5957b864f609a72ae9af9,697,65536,0,0,6,1,c08 c11,c08 c11,c08 c11
main|astana_clinic|nc16|np5|br1.0|random_1_100|ms3|r300|s3,main,astana_clinic,16,5,1.0,random_1_100,3,300,3,2333,sha256:21503f0ee11b1304ca1a0465bbb4cb96cc3bcaa7e49c4e63d5d4776eee719120,697,65536,0,0,2,1,c08,c08,c08
main|astana_clinic|nc16|np5|br1.0|random_1_100|ms3|r300|s4,main,astana_clinic,16,5,1.0,random_1_100,3,300,4,2730,sha256:4c81f5c2efed393166b3f57caeda3ff2a1c35686076fd343651269bdf216a098,697,65536,0,0,3,1,c15,c15,c15
main|astana_clinic|nc16|np5|br1.0|random_1_100|ms3|r300|s5,main,astana_clinic,16,5,1.0,random_1_100,3,300,5,2688,sha256:5c7a6df03b33658a62358e36b94d38cfbf428b64961fe3284f538a0a52475254,697,65536,0,0,3,1,c02,c02,c02
main|astana_clinic|nc16|np5|br1.0|random_1_100|ms3|r300|s6,main,astana_clinic,16,5,1.0,random_1_100,3,300,6,2633,sha256:960bb9e77a5171e62bca5bc117e0266d923a8c964073e7eb2778e61cb8993f53,697,65536,0,0,3,1,c05 c14,c05 c14,c05 c14
main|astana_clinic|nc16|np5|br1.0|random_1_100|ms3|r300|s7,main,astana_clinic,16,5,1.0,random_1_100,3,300,7,2858,sha256:01ec070525bdfb29cf2ccd98fc7adfc53136acd665abd8065c129ac94a5c84cb,697,65536,0,0,7,1,c01 c06 c11,c01 c06 c11,c01 c06 c11
main|astana_clinic|nc16|np5|br1.0|random_1_100|ms3|r300|s8,main,astana_clinic,16,5,1.0,random_1_100,3,300,8,2817,sha256:eecffb763dcde5f4ac3006d0b0fe7739d253fc76a7ad590298912337badf90b4,697,65536,0,0,4,1,c09 c11,c09 c11,c09 c11
main|astana_clinic|nc16|np5|br1.0|random_1_100|ms3|r300|s9,main,astana_clinic,16,5,1.0,random_1_100,3,300,9,2453,sha256:cb736268456769e4e7ae4cd2b229f2760f33a2726cc18e0e7abb61ccd2061886,697,65536,0,0,1,1,,,
main|astana_clinic|nc16|np5|br1.0|one_heavy|ms3|r300|s0,main,astana_clinic,16,5,1.0,one_heavy,3,300,0,2181,sha256:cfc6a00cbabf3a4bc61b22cfaf5c73f391f76d54deae90c049b8514855d6ac6d,697,65536,0,0,6,1,c07 c09 c10,c07 c09 c10,c07 c09 c10
main|astana_clinic|nc16|np5|br1.0|one_heavy|ms3|r300|s1,main,astana_clinic,16,5,1.0,one_heavy,3,300,1,2724,sha256:9093324aedf663eee743bb85cf01b852da6210ec4a6f907653a52fbc101d3e1b,697,65536,0,0,2,1,c02,c02,c02
main|astana_clinic|nc16|np5|br1.0|one_heavy|ms3|r300|s2,main,astana_clinic,16,5,1.0,one_heavy,3,300,2,2843,sha256:201c9b47971fb1a3103a6c71b9ff6b656509c0e2290feec3de75f8ac6f90397a,697,65536,0,0,6,1,c08 c11,c08 c11,c08 c11
main|astana_clinic|nc16|np5|br1.0|one_heavy|ms3|r300|s3,main,astana_clinic,16,5,1.0,one_heavy,3,300,3,2333,sha256:11711525b0ba74325b737d24c7c661a7a0548973d65a48b25c7070366c5c48d5,697,65536,0,0,2,1,c08,c08,c08
main|astana_clinic|nc16|np5|br1.0|one_heavy|ms3|r300|s4,main,astana_clinic,16,5,1.0,one_heavy,3,300,4,2730,sha256:c39b5d668216ee76fb1e5a69c1cf49084b953966ddd92fef85ae0dbcadd07ba1,697,65536,0,0,3,1,c15,c15,c15
main|astana_clinic|nc16|np5|br1.0|one_heavy|ms3|r300|s5,main,astana_clinic,16,5,1.0,one_heavy,3,300,5,2688,sha256:821509ab94993b55b36c87c226a9b522da44d55f9f42768d1561b70440c9a822,697,65536,0,0,3,1,c02,c02,c02
main|astana_clinic|nc16|np5|br1.0|one_heavy|ms3|r300|s6,main,astana_clinic,16,5,1.0,one_heavy,3,300,6,2633,sha256:610a3f4d8173fa3b98585d8ffdb7e1635e146a63823b4b9fcd82093eeb3c15b0,697,65536,0,0,3,1,c05 c14,c05 c14,c05 c14
main|astana_clinic|nc16|np5|br1.0|one_heavy|ms3|r300|s7,main,astana_clinic,16,5,1.0,one_heavy,3,300,7,2858,sha256:27047309efb806ac8760a34907f80b1018c2d6947c273dc6bfdb0ea7a5c44725,697,65536,0,0,6,1,c01 c06 c11,c01 c06 c11,c01 c06 c11
main|astana_clinic|nc16|np5|br1.0|one_heavy|ms3|r300|s8,main,astana_clinic,16,5,1.0,one_heavy,3,300,8,2817,sha256:63310304ca68298d71c2da5cc0dee65bb51f8e3316f1de77f18b758f622b72c5,697,65536,0,0,4,1,c09 c11,c09 c11,c09 c11
main|astana_clinic|nc16|np5|br1.0|one_heavy|ms3|r300|s9,main,astana_clinic,16,5,1.0,one_heavy,3,300,9,2453,sha256:6938e9cd9932ad709662bf7f4aa6eadf61c3ca0d71696aac42d24cff22d6fe65,697,65536,0,0,1,1,,,
main|astana_clinic|nc16|np15|br0.25|uniform|ms3|r300|s0,main,astana_clinic,16,15,0.25,uniform,3,300,0,545,sha256:d4f3d90b7a92bd9dbafd4c95bf6b1a5809d858d213a1a5d33c3ee005f952a28a,136,65536,1,0,7,2,c09 c10 c15,c09 c13,c09 c10 c15
main|astana_clinic|nc16|np15|br0.25|uniform|ms3|r300|s1,main,astana_clinic,16,15,0.25,uniform,3,300,1,681,sha256:9886c6edd43aab2eaf1f76e8bf4d998678c72b39331de37b4ebf99152ac994c0,13,65536,1,0,3,1,c02 c07,c02 c07,c02 c07
main|astana_clinic|nc16|np15|br0.25|uniform|ms3|r300|s2,main,astana_clinic,16,15,0.25,uniform,3,300,2,710,sha256:dc625bf2f351704fbcf997084e772b447c57bf64e72d48fa0deed8c55870a401,26,65536,1,0,6,2,c01 c09,c07,c01 c09
main|astana_clinic|nc16|np15|br0.25|uniform|ms3|r300|s3,main,astana_clinic,16,15,0.25,uniform,3,300,3,583,sha256:4225030edc1ef6178e4ff08e187fa4972ed0439d5cf5207c9a404055ade9bae8,33,65536,1,0,4,1,c08 c12,c08 c12,c08 c12
main|astana_clinic|nc16|np15|br0.25|uniform|ms3|r300|s4,main,astana_clinic,16,15,0.25,uniform,3,300,4,682,sha256:a31c45f061acc6b74c90968430a1a4c3f79d87dde7ea6951ddbf97995d89f2c8,47,65536,1,0,5,1,c03 c13,c03 c13,c03 c13
main|astana_clinic|nc16|np15|br0.25|uniform|ms3|r300|s5,main,astana_clinic,16,15,0.25,uniform,3,300,5,672,sha256:91fa99c0964333e03a09db4b5193bd47a96d414779f1bb2e67c7e7bda359dc60,28,65536,1,0,3,1,c12 c14,c12 c14,c12 c14
main|astana_clinic|nc16|np15|br0.25|uniform|ms3|r300|s6,main,astana_clinic,16,15,0.25,uniform,3,300,6,658,sha256:28347c4a3b7f2af6cb16a07b668a4f80d2d696d012c78c57b748c60af9617314,57,65536,1,0,9,1,c05 c10 c14,c05 c10 c14,c05 c10 c14
main|astana_clinic|nc16|np15|br0.25|uniform|ms3|r300|s7,main,astana_clinic,16,15,0.25,uniform,3,300,7,714,sha256:b29ee02f7175b225b4da012c25171f3e4e9e3d235042cff9077a95ad9a8a774d,42,65536,1,0,6,1,c01 c15,c01 c15,c01 c15
main|astana_clinic|nc16|np15|br0.25|uniform|ms3|r300|s8,main,astana_clinic,16,15,0.25,uniform,3,300,8,704,sha256:041a2faf10a6bc16a3953472c73684437e72c133f610ff54606a3278c305231f,46,65536,1,0,4,1,c00 c09,c00 c09,c00 c09
main|astana_clinic|nc16|np15|br0.25|uniform|ms3|r300|s9,main,astana_clinic,16,15,0.25,uniform,3,300,9,613,sha256:4fcca513e45f19fd3cc95c95f71ce7f11aa3943a8362e389e9d0dde6af52bf45,18,65536,1,0,3,1,c01,c01,c01
main|astana_clinic|nc16|np15|br0.25|random_1_100|ms3|r300|s0,main,astana_clinic,16,15,0.25,random_1_100,3,300,0,545,sha256:d301aee8456d5c5c921607c53202e0cd8d70b615c8c0d2df24750b3d8a478726,136,65536,1,0,7,2,c09 c10 c15,c09 c13,c09 c10 c15
main|astana_clinic|nc16|np15|br0.25|random_1_100|ms3|r300|s1,main,astana_clinic,16,15,0.25,random_1_100,3,300,1,681,sha256:3f71637821dadf91019440efcfa7a5c2dae4104dbc492b34b048a646dac0ccee,13,65536,1,0,3,2,c02 c07,c02 c07,c01
main|astana_clinic|nc16|np15|br0.25|random_1_100|ms3|r300|s2,main,astana_clinic,16,15,0.25,random_1_100,3,300,2,710,sha256:fe3cff341771e9c571b8bf34688775341cb28d38cdba147e831c6cfe36b32fc6,26,65536,1,0,4,2,c08 c09,c07,c08 c09
main|astana_clinic|nc16|np15|br0.25|random_1_100|ms3|r300|s3,main,astana_clinic,16,15,0.25,random_1_100,3,300,3,583,sha256:6e3339c355f2c6a64e13bf90163a12aaf93293fe37151de5c017e239fa36b700,33,65536,1,0,3,2,c09,c08 c12,c09
main|astana_clinic|nc16|np15|br0.25|random_1_100|ms3|r300|s4,main,astana_clinic,16,15,0.25,random_1_100,3,300,4,682,sha256:944ae4a8055b3864a55adf27d4c916901c0afdbd29101dd5a3d61922ca28d627,47,65536,1,0,5,1,c03 c13,c03 c13,c03 c13
main|astana_clinic|nc16|np15|br0.25|random_1_100|ms3|r300|s5,main,astana_clinic,16,15,0.25,random_1_100,3,300,5,672,sha256:87e10dee15928a841abd9ac138ab726756c0a083fccfa0a4f2aa852b13ce55f1,28,65536,1,0,3,1,c12 c14,c12 c14,c12 c14
main|astana_clinic|nc16|np15|br0.25|random_1_100|ms3|r300|s6,main,astana_clinic,16,15,0.25,random_1_100,3,300,6,658,sha256:80151956e0e9bfa40f4eb64ff92df3fcc448a39b9f2dc43ce46186cd56705175,57,65536,1,0,7,1,c05 c10 c14,c05 c10 c14,c05 c10 c14
main|astana_clinic|nc16|np15|br0.25|random_1_100|ms3|r300|s7,main,astana_clinic,16,15,0.25,random_1_100,3,300,7,714,sha256:0f4801acd09d713693de7d32711a81e2bcc806afb5942f79c43e90f5bb3b215e,42,65536,1,0,7,1,c01 c15,c01 c15,c01 c15
main|astana_clinic|nc16|np15|br0.25|random_1_100|ms3|r300|s8,main,astana_clinic,16,15,0.25,random_1_100,3,300,8,704,sha256:672cc6c107de103362b88ae602bc3d45df96661e021abaa1baa847b5c9696562,46,65536,1,0,4,1,c00 c09,c00 c09,c00 c09
main|astana_clinic|nc16|np15|br0.25|random_1_100|ms3|r300|s9,main,astana_clinic,16,15,0.25,random_1_100,3,300,9,613,sha256:bd47020d3ba45ff12c314f92b36215b23b9be63095fe55441265491f7cb44599,18,65536,1,0,3,2,c01,c01,c11
main|astana_clinic|nc16|np15|br0.25|one_heavy|ms3|r300|s0,main,astana_clinic,16,15,0.25,one_heavy,3,300,0,545,sha256:3e908bc72407a5e0699de774e0fabc283106c4413284008ee39b289ca1ca7b1c,136,65536,1,0,7,2,c09 c10 c15,c09 c13,c09 c10 c15
main|astana_clinic|nc16|np15|br0.25|one_heavy|ms3|r300|s1,main,astana_clinic,16,15,0.25,one_heavy,3,300,1,681,sha256:02f52c49e139a3d55a7c9018bee048fa54f3ba182caa8d4bb5b162e0a431848d,13,65536,1,0,3,1,c02 c07,c02 c07,c02 c07
main|astana_clinic|nc16|np15|br0.25|one_heavy|ms3|r300|s2,main,astana_clinic,16,15,0.25,one_heavy,3,300,2,710,sha256:b0de193b7e556764f92280514062d7565a42cfacef32516043cd96d98a7e1cc3,26,65536,1,0,6,2,c01 c09,c07,c01 c09
main|astana_clinic|nc16|np15|br0.25|one_heavy|ms3|r300|s3,main,astana_clinic,16,15,0.25,one_heavy,3,300,3,583,sha256:3c7d036654d4891730e63cceff575c65518fe5c4a4bc7ac1dd7baf99abe4dcc6,33,65536,1,0,4,1,c08 c12,c08 c12,c08 c12
main|astana_clinic|nc16|np15|br0.25|one_heavy|ms3|r300|s4,main,astana_clinic,16,15,0.25,one_heavy,3,300,4,682,sha256:dd1e2acec438501d5589ab626473deed79ded7e63c43205a37614ce044bb37e0,47,65536,1,0,5,1,c03 c13,c03 c13,c03 c13
main|astana_clinic|nc16|np15|br0.25|one_heavy|ms3|r300|s5,main,astana_clinic,16,15,0.25,one_heavy,3,300,5,672,sha256:1f8092cc90b88e1038dab86ad8f4c7f6cadb10a947a6253eb5a7fbcdfef44aec,28,65536,1,0,3,1,c12 c14,c12 c14,c12 c14
main|astana_clinic|nc16|np15|br0.25|one_heavy|ms3|r300|s6,main,astana_clinic,16,15,0.25,one_heavy,3,300,6,658,sha256:30bedbfb5c7c150cacabc023453d0dae8993d2e6e4a4901aa46d114dc6763b4a,57,65536,1,0,9,1,c05 c10 c14,c05 c10 c14,c05 c10 c14
main|astana_clinic|nc16|np15|br0.25|one_heavy|ms3|r300|s7,main,astana_clinic,16,15,0.25,one_heavy,3,300,7,714,sha256:70279349d782a41b768b04c813c39bd26dfe2679f5db436847103f5cd525c459,42,65536,1,0,5,2,c01 c04 c06,c01 c15,c01 c15
main|astana_clinic|nc16|np15|br0.25|one_heavy|ms3|r300|s8,main,astana_clinic,16,15,0.25,one_heavy,3,300,8,704,sha256:a01daf07eef2dd2c3102e58e4d7b4e7a97d65bf8804b5ce353ba6e05cc8275f1,46,65536,1,0,4,1,c00 c09,c00 c09,c00 c09
main|astana_clinic|nc16|np15|br0.25|one_heavy|ms3|r300|s9,main,astana_clinic,16,15,0.25,one_heavy,3,300,9,613,sha256:aecb1d163bdd615d64d0e58f448046443c5c8931b8e227204e667b4b46cd88e1,18,65536,1,0,3,1,c01,c01,c01
main|astana_clinic|nc16|np15|br0.5|uniform|ms3|r300|s0,main,astana_clinic,16,15,0.5,uniform,3,300,0,1090,sha256:99bbc3f7420370029be4c7a79d93569f3636df7d57aa996845384540882fd318,484,65536,1,0,9,2,c07 c09 c10,c09 c10 c13,c07 c09 c10
main|astana_clinic|nc16|np15|br0.5|uniform|ms3|r300|s1,main,astana_clinic,16,15,0.5,uniform,3,300,1,1362,sha256:3faa74011cda138ea6954a7c206210786db430e19cc5c11e33f78fe6b429f908,134,65536,1,0,4,1,c01 c02 c07,c01 c02 c07,c01 c02 c07
main|astana_clinic|nc16|np15|br0.5|uniform|ms3|r300|s2,main,astana_clinic,16,15,0.5,uniform,3,300,2,1421,sha256:de92e5410d132de53bd670991e3c529d588ecb5da0e53c779867907e44c1914e,224,65536,1,0,12,2,c05 c07 c09,c05 c07 c09,c05 c09 c12
main|astana_clinic|nc16|np15|br0.5|uniform|ms3|r300|s3,main,astana_clinic,16,15,0.5,uniform,3,300,3,1166,sha256:30cf4a08605f3184518895e69c5f7c2eb7d25c8407a633bc3207549c8bc8d557,296,65536,1,0,7,1,c08 c09 c12,c08 c09 c12,c08 c09 c12
main|astana_clinic|nc16|np15|br0.5|uniform|ms3|r300|s4,main,astana_clinic,16,15,0.5,uniform,3,300,4,1365,sha256:fcf654ca063ccd65dfce93e36ff2f3713cd9d1822749179ac6d1ac85074f6e9b,356,65536,1,0,10,2,c03 c13 c15,c03 c13 c15,c02 c15
main|astana_clinic|nc16|np15|br0.5|uniform|ms3|r300|s5,main,astana_clinic,16,15,0.5,uniform,3,300,5,1344,sha256:52ab205a7f66d5c2684971792ce9838ffae072d1686313e8408870150ae8ef23,197,65536,1,0,6,1,c07 c12 c14,c07 c12 c14,c07 c12 c14
main|astana_clinic|nc16|np15|br0.5|uniform|ms3|r300|s6,main,astana_clinic,16,15,0.5,uniform,3,300,6,1316,sha256:41b86429515e0841d4498dab1051c6143fa87c3891b6b6587a783d0b71cb34fb,324,65536,1,0,14,2,c00 c05 c14,c00 c05 c14,c05 c09 c13
main|astana_clinic|nc16|np15|br0.5|uniform|ms3|r300|s7,main,astana_clinic,16,15,0.5,uniform,3,300,7,1429,sha256:71e286fbe48b07d51acfb725725134c5d57ccd6a8b73284d7ad58e32e2bede1f,318,65536,1,0,9,2,c01 c10 c15,c06 c10 c15,c01 c10 c15
main|astana_clinic|nc16|np15|br0.5|uniform|ms3|r300|s8,main,astana_clinic,16,15,0.5,uniform,3,300,8,1408,sha256:4f810b9880c020f51ba154ea39e8f1aa0471786d64b4a10beb3dab929d26d5ca,345,65536,1,0,8,2,c09 c11,c00 c11,c09 c11
main|astana_clinic|nc16|np15|br0.5|uniform|ms3|r300|s9,main,astana_clinic,16,15,0.5,uniform,3,300,9,1226,sha256:5bf3b47b5d26f8bae61230421f6f581d8ba4f75de177d441a8f12f08b73b8c44,175,65536,1,0,4,1,c01 c11,c01 c11,c01 c11
main|astana_clinic|nc16|np15|br0.5|random_1_100|ms3|r300|s0,main,astana_clinic,16,15,0.5,random_1_100,3,300,0,1090,sha256:eca84087406f1f99a1e32bcf8e13b3c7f720886c319849c9fb43ebd23ead56c2,484,65536,1,0,9,2,c07 c09 c10,c09 c10 c13,c07 c09 c10
main|astana_clinic|nc16|np15|br0.5|random_1_100|ms3|r300|s1,main,astana_clinic,16,15,0.5,random_1_100,3,300,1,1362,sha256:e56f1d7195f2171d8b7ea0d453b60908cdc3c5babe182a82f8d1abcc72aa344e,134,65536,1,0,5,1,c01 c02 c07,c01 c02 c07,c01 c02 c07
main|astana_clinic|nc16|np15|br0.5|random_1_100|ms3|r300|s2,main,astana_clinic,16,15,0.5,random_1_100,3,300,2,1421,sha256:8e9bede31a6b411387d395cfe05a7cd7bdd7cd0f74e4666cb7f9bdd037ca3023,224,65536,1,0,9,2,c05 c07 c09,c05 c07 c09,c05 c09 c12
main|astana_clinic|nc16|np15|br0.5|random_1_100|ms3|r300|s3,main,astana_clinic,16,15,0.5,random_1_100,3,300,3,1166,sha256:658fa6147e3891edf07cca0ce118909acca633ded38f564c27ec3b9fa9ad2642,296,65536,1,0,6,1,c08 c09 c12,c08 c09 c12,c08 c09 c12
main|astana_clinic|nc16|np15|br0.5|random_1_100|ms3|r300|s4,main,astana_clinic,16,15,0.5,random_1_100,3,300,4,1365,sha256:694b7bcecb7d5406d4efd3bff51a7233e2c83dc1fb774d0f6990cc47a5f05b48,356,65536,1,0,10,2,c03 c13 c15,c03 c13 c15,c02 c15
main|astana_clinic|nc16|np15|br0.5|random_1_100|ms3|r300|s5,main,astana_clinic,16,15,0.5,random_1_100,3,300,5,1344,sha256:82c7c82a23f57898dae2a8aa51a80788e778587818b56e55e80c8695b80f7339,197,65536,1,0,6,1,c07 c12 c14,c07 c12 c14,c07 c12 c14
main|astana_clinic|nc16|np15|br0.5|random_1_100|ms3|r300|s6,main,astana_clinic,16,15,0.5,random_1_100,3,300,6,1316,sha256:47f79cd9d16682e0635e231f157174538aea2017a6698aa5a94d2d4897073725,324,65536,1,0,12,2,c03 c05 c10,c03 c05 c10,c05 c09 c13
main|astana_clinic|nc16|np15|br0.5|random_1_100|ms3|r300|s7,main,astana_clinic,16,15,0.5,random_1_100,3,300,7,1429,sha256:5bc9c9296a551b17d00a30f22fec781d309ba35a88333b05ceabc6f9bf90c0ed,318,65536,1,0,12,1,c06 c10 c15,c06 c10 c15,c06 c10 c15
main|astana_clinic|nc16|np15|br0.5|random_1_100|ms3|r300|s8,main,astana_clinic,16,15,0.5,random_1_100,3,300,8,1408,sha256:6ffbba678e9150b523574550b1fe3d2fd4500e128c394f9bca3fada7864d1ced,345,65536,1,0,8,2,c09 c11,c00 c11,c09 c11
main|astana_clinic|nc16|np15|br0.5|random_1_100|ms3|r300|s9,main,astana_clinic,16,15,0.5,random_1_100,3,300,9,1226,sha256:3ab7f6a2c91fda175f8c0d544c27bdb8a31554953ac7fc8551c2d3cb64455ac5,175,65536,1,0,4,1,c01 c11,c01 c11,c01 c11
main|astana_clinic|nc16|np15|br0.5|one_heavy|ms3|r300|s0,main,astana_clinic,16,15,0.5,one_heavy,3,300,0,1090,sha256:aee4632870b07c5b560e00d0e00f32c64a44ad5d30d6b62508895680a8353447,484,65536,1,0,9,2,c07 c09 c10,c09 c10 c13,c07 c09 c10
main|astana_clinic|nc16|np15|br0.5|one_heavy|ms3|r300|s1,main,astana_clinic,16,15,0.5,one_heavy,3,300,1,1362,sha256:a059efeea7a27a302940f9dc396c57613b8f22a0e02949bd147af7be63edb2ec,134,65536,1,0,4,1,c01 c02 c07,c01 c02 c07,c01 c02 c07
main|astana_clinic|nc16|np15|br0.5|one_heavy|ms3|r300|s2,main,astana_clinic,16,15,0.5,one_heavy,3,300,2,1421,sha256:ce0f32ec661122d0991c8687b2bdac21212a5181a196e6bc6ff1d981d51e1c92,224,65536,1,0,12,2,c05 c07 c09,c05 c07 c09,c05 c09 c12
main|astana_clinic|nc16|np15|br0.5|one_heavy|ms3|r300|s3,main,astana_clinic,16,15,0.5,one_heavy,3,300,3,1166,sha256:6a85f1df638e506a27afe8918331cb699464ee3bf2c89cc1970b70c2c258e4b1,296,65536,1,0,7,1,c08 c09 c12,c08 c09 c12,c08 c09 c12
main|astana_clinic|nc16|np15|br0.5|one_heavy|ms3|r300|s4,main,astana_clinic,16,15,0.5,one_heavy,3,300,4,1365,sha256:99343d621414e46ff812dd436e71a960f4ef1ddd40faf0b28e57fe0ac3fb856e,356,65536,1,0,10,2,c03 c13 c15,c03 c13 c15,c02 c15
main|astana_clinic|nc16|np15|br0.5|one_heavy|ms3|r300|s5,main,astana_clinic,16,15,0.5,one_heavy,3,300,5,1344,sha256:e7300e0c344a986621cd104e8a934fd36edfee132d793a5ceb3aa08092ce2474,197,65536,1,0,6,1,c07 c12 c14,c07 c12 c14,c07 c12 c14
main|astana_clinic|nc16|np15|br0.5|one_heavy|ms3|r300|s6,main,astana_clinic,16,15,0.5,one_heavy,3,300,6,1316,sha256:4e65093cd251c769d97562a2cd880e26912a2d8b565da12675f5da3797715776,324,65536,1,0,14,2,c00 c05 c14,c00 c05 c14,c05 c09 c13
main|astana_clinic|nc16|np15|br0.5|one_heavy|ms3|r300|s7,main,astana_clinic,16,15,0.5,one_heavy,3,300,7,1429,sha256:c9856ce9f2ca1e1180c08d4a6d1328f1e08281394379945febe30c09e71a025a,318,65536,1,0,8,1,c06 c10 c15,c06 c10 c15,c06 c10 c15
main|astana_clinic|nc16|np15|br0.5|one_heavy|ms3|r300|s8,main,astana_clinic,16,15,0.5,one_heavy,3,300,8,1408,sha256:95cbb2fdc188915e85d7d761da61908f864e526a2bee311c9f713dd411fda599,345,65536,1,0,8,2,c09 c11,c00 c11,c09 c11
main|astana_clinic|nc16|np15|br0.5|one_heavy|ms3|r300|s9,main,astana_clinic,16,15,0.5,one_heavy,3,300,9,1226,sha256:209c038c7caca5567e9b7478c2994a999a01e53d113513e004dadf82fb6b7e52,175,65536,1,0,4,1,c01 c11,c01 c11,c01 c11
main|astana_clinic|nc16|np15|br0.75|uniform|ms3|r300|s0,main,astana_clinic,16,15,0.75,uniform,3,300,0,1635,sha256:0c995ad1de054ec0dca0f8aa841418483e36c9ffc8f3d63ac92e5d3328d9cef5,659,65536,1,0,10,2,c00 c09 c10,c09 c10 c13,c00 c09 c10
main|astana_clinic|nc16|np15|br0.75|uniform|ms3|r300|s1,main,astana_clinic,16,15,0.75,uniform,3,300,1,2043,sha256:f925c4902d187e9c68182202fe3818efc9f191982aa8094b50648564c294ab3c,542,65536,1,0,4,1,c01 c02 c07,c01 c02 c07,c01 c02 c07
main|astana_clinic|nc16|np15|br0.75|uniform|ms3|r300|s2,main,astana_clinic,16,15,0.75,uniform,3,300,2,2132,sha256:59fd99e3aa3ed30dc3c77cf9cd3e43ed48f8916cb49893d2e18d10d7a8bb208b,571,65536,1,0,13,1,c05 c09 c11,c05 c09 c11,c05 c09 c11
main|astana_clinic|nc16|np15|br0.75|uniform|ms3|r300|s3,main,astana_clinic,16,15,0.75,uniform,3,300,3,1749,sha256:b24b85fcc734a36178ee6177df4d7a507440328e013fe13481d1418a21b0ea8a,628,65536,1,0,7,1,c08 c09 c12,c08 c09 c12,c08 c09 c12
main|astana_clinic|nc16|np15|br0.75|uniform|ms3|r300|s4,main,astana_clinic,16,15,0.75,uniform,3,300,4,2047,sha256:7f347224170c31f34c505a60ca088672cb67296d76ce7d37357aa5e478228d84,646,65536,1,0,11,1,c02 c13 c15,c02 c13 c15,c02 c13 c15
main|astana_clinic|nc16|np15|br0.75|uniform|ms3|r300|s5,main,astana_clinic,16,15,0.75,uniform,3,300,5,2016,sha256:387181aa83c450e903ae758a376c3e9c847cb07d147ee9c578d5b0a4b21ec692,529,65536,1,0,7,2,c02 c07 c14,c07 c14 c15,c07 c14 c15
main|astana_clinic|nc16|np15|br0.75|uniform|ms3|r300|s6,main,astana_clinic,16,15,0.75,uniform,3,300,6,1974,sha256:5eda11268d5b0a90c8f067583f0f6b63c7d17888fb8736265f720add8459fa86,616,65536,1,0,19,2,c03 c05 c13,c03 c05 c13,c05 c06 c13
main|astana_clinic|nc16|np15|br0.75|uniform|ms3|r300|s7,main,astana_clinic,16,15,0.75,uniform,3,300,7,2143,sha256:3c13ae4ff1ef4ffce2f3b7ebcdcfd1b5cb39fceb4c48e3eaa1e983199fa9718f,627,65536,1,0,10,2,c10 c11 c15,c06 c11 c15,c10 c11 c15
main|astana_clinic|nc16|np15|br0.75|uniform|ms3|r300|s8,main,astana_clinic,16,15,0.75,uniform,3,300,8,2112,sha256:fe2db76a49f67d7254c797e8a485f59fa3a893f7ab18727df42143e67431bddf,644,65536,1,0,10,2,c09 c11 c12,c00 c09 c11,c09 c11 c12
main|astana_clinic|nc16|np15|br0.75|uniform|ms3|r300|s9,main,astana_clinic,16,15,0.75,uniform,3,300,9,1839,sha256:0024063555207306ffc92347a6180416ec8f353b12ac3ebe45a589ad8279869d,543,65536,1,0,5,1,c01 c08 c11,c01 c08 c11,c01 c08 c11
main|astana_clinic|nc16|np15|br0.75|random_1_100|ms3|r300|s0,main,astana_clinic,16,15,0.75,random_1_100,3,300,0,1635,sha256:9e30aef4245f480b5540975aa8609986e2a7802da5fe3eeef851976e3ca7e8c2,659,65536,1,0,10,2,c00 c09 c10,c09 c10 c13,c00 c09 c10
main|astana_clinic|nc16|np15|br0.75|random_1_100|ms3|r300|s1,main,astana_clinic,16,15,0.75,random_1_100,3,300,1,2043,sha256:68b6ff9b58e1018a9a71232db9eee9d204ffb9a03f2077c7d09ec2aae55dffe0,542,65536,1,0,5,2,c01 c02 c07,c01 c02 c07,c01 c02 c12
main|astana_clinic|nc16|np15|br0.75|random_1_100|ms3|r300|s2,main,astana_clinic,16,15,0.75,random_1_100,3,300,2,2132,sha256:30a72f7adb827fb69decca50b34de402f38069de5fbbf4c611650c315d906699,571,65536,1,0,10,1,c05 c09 c11,c05 c09 c11,c05 c09 c11
main|astana_clinic|nc16|np15|br0.75|random_1_100|ms3|r300|s3,main,astana_clinic,16,15,0.75,random_1_100,3,300,3,1749,sha256:8e920cbcd5d1784c656115456b5db1cbfab337d334bb38f6fc8f4b98a053cc58,628,65536,1,0,7,2,c09 c10 c12,c08 c09 c12,c08 c09 c12
main|astana_clinic|nc16|np15|br0.75|random_1_100|ms3|r300|s4,main,astana_clinic,16,15,0.75,random_1_100,3,300,4,2047,sha256:d5639eb55eaae701d01c1c3e0b91f338b1c1e1b5ca7a190af16827d0ab92a927,646,65536,1,0,13,1,c01 c02 c15,c01 c02 c15,c01 c02 c15
main|astana_clinic|nc16|np15|br0.75|random_1_100|ms3|r300|s5,main,astana_clinic,16,15,0.75,random_1_100,3,300,5,2016,sha256:7f2f3dcc69d0f2f433c1cdf378aeefc5ce68c4389c83b0fbb01288963e9d2e4b,529,65536,1,0,7,2,c02 c07 c14,c07 c14 c15,c07 c14 c15
main|astana_clinic|nc16|np15|br0.75|random_1_100|ms3|r300|s6,main,astana_clinic,16,15,0.75,random_1_100,3,300,6,1974,sha256:0c23087353aadcb6f63f10340450644990b0595838c4872270de38d0fe6266b4,616,65536,1,0,15,2,c03 c05 c13,c03 c05 c13,c05 c09 c13
main|astana_clinic|nc16|np15|br0.75|random_1_100|ms3|r300|s7,main,astana_clinic,16,15,0.75,random_1_100,3,300,7,2143,sha256:b6f8178294528a855060f99c84c73d50eb8b8f697795f674148dd187f92bd54c,627,65536,1,0,17,2,c10 c11 c15,c06 c11 c15,c10 c11 c15
main|astana_clinic|nc16|np15|br0.75|random_1_100|ms3|r300|s8,main,astana_clinic,16,15,0.75,random_1_100,3,300,8,2112,sha256:a85649dd5bdd5c4e9414d7410e197840430745eed087cc0958101e43a452adbc,644,65536,1,0,10,2,c09 c11 c12,c00 c09 c11,c09 c11 c12
main|astana_clinic|nc16|np15|br0.75|random_1_100|ms3|r300|s9,main,astana_clinic,16,15,0.75,random_1_100,3,300,9,1839,sha256:88cc9c58bc350bdf3ecc0da288f22451f147e289ea17de284d1c6a53fed38259,543,65536,1,0,5,1,c01 c08 c11,c01 c08 c11,c01 c08 c11
main|astana_clinic|nc16|np15|br0.75|one_heavy|ms3|r300|s0,main,astana_clinic,16,15,0.75,one_heavy,3,300,0,1635,sha256:812cf780886ed900010f2db0d63e334d5bf215b81ef0f654d35016033ec8aaad,659,65536,1,0,10,2,c00 c09 c10,c09 c10 c13,c00 c09 c10
main|astana_clinic|nc16|np15|br0.75|one_heavy|ms3|r300|s1,main,astana_clinic,16,15,0.75,one_heavy,3,300,1,2043,sha256:fb8840e1b501efb09772df802a4063244a71d491c1822707dfc1bbb8803024d3,542,65536,1,0,4,1,c01 c02 c07,c01 c02 c07,c01 c02 c07
main|astana_clinic|nc16|np15|br0.75|one_heavy|ms3|r300|s2,main,astana_clinic,16,15,0.75,one_heavy,3,300,2,2132,sha256:421b3574012e6dc32fc71e7cd7440f57489aee822bdb1751176601438f60a3af,571,65536,1,0,13,1,c05 c09 c11,c05 c09 c11,c05 c09 c11
main|astana_clinic|nc16|np15|br0.75|one_heavy|ms3|r300|s3,main,astana_clinic,16,15,0.75,one_heavy,3,300,3,1749,sha256:a755ccd558f11ed3ba17f54f5425c656d8dc9bacd023e4661654bd70e2a90716,628,65536,1,0,7,1,c08 c09 c12,c08 c09 c12,c08 c09 c12
main|astana_clinic|nc16|np15|br0.75|one_heavy|ms3|r300|s4,main,astana_clinic,16,15,0.75,one_heavy,3,300,4,2047,sha256:9ac0e968c7be1f62a89c1bba3228d947e48104a77beae87564e95845ee348a73,646,65536,1,0,11,1,c02 c13 c15,c02 c13 c15,c02 c13 c15
main|astana_clinic|nc16|np15|br0.75|one_heavy|ms3|r300|s5,main,astana_clinic,16,15,0.75,one_heavy,3,300,5,2016,sha256:fd0cd581d1b3e0428639f9f318aa816101b2f33bafa958ada49c9c1489d98b2f,529,65536,1,0,7,2,c02 c07 c14,c07 c14 c15,c07 c14 c15
main|astana_clinic|nc16|np15|br0.75|one_heavy|ms3|r300|s6,main,astana_clinic,16,15,0.75,one_heavy,3,300,6,1974,sha256:83653446ca24464c7deb2ed53aedb0942da9927b9c8f6f3c4e3148786aad3d07,616,65536,1,0,19,2,c03 c05 c13,c03 c05 c13,c05 c06 c13
main|astana_clinic|nc16|np15|br0.75|one_heavy|ms3|r300|s7,main,astana_clinic,16,15,0.75,one_heavy,3,300,7,2143,sha256:4c7bd7ce6a6806dbf058644337f172a3c6269b03c254981098852d5b59913006,627,65536,1,0,9,2,c06 c11 c15,c06 c11 c15,c06 c10 c15
main|astana_clinic|nc16|np15|br0.75|one_heavy|ms3|r300|s8,main,astana_clinic,16,15,0.75,one_heavy,3,300,8,2112,sha256:007cd5d7b5965d7e1476b92143f91028cd670cd4294aa57b90a621230f1d2cd5,644,65536,1,0,10,2,c09 c11 c12,c00 c09 c11,c09 c11 c12
main|astana_clinic|nc16|np15|br0.75|one_heavy|ms3|r300|s9,main,astana_clinic,16,15,0.75,one_heavy,3,300,9,1839,sha256:5c4601dde38872f8622392dba79bafc8786c747fb8bc4acf128344059f16b75a,543,65536,1,0,5,1,c01 c08 c11,c01 c08 c11,c01 c08 c11
main|astana_clinic|nc16|np15|br1.0|uniform|ms3|r300|s0,main,astana_clinic,16,15,1.0,uniform,3,300,0,2181,sha256:aa34203009f4af810eb983a3fd8663c13261f475ca0615c55715e71de92a64c3,697,65536,0,0,10,2,c00 c09 c10,c09 c10 c13,c00 c09 c10
main|astana_clinic|nc16|np15|br1.0|uniform|ms3|r300|s1,main,astana_clinic,16,15,1.0,uniform,3,300,1,2724,sha256:7809370ff7d617f5f28859d97c7ee37955e42e862f59a568c3357155dd7e0833,697,65536,0,0,4,1,c01 c02 c07,c01 c02 c07,c01 c02 c07
main|astana_clinic|nc16|np15|br1.0|uniform|ms3|r300|s2,main,astana_clinic,16,15,1.0,uniform,3,300,2,2843,sha256:da1242dab2a3a75b1024ad18dac3af07bcb05dfbbc7e777bdb147b59f2b18196,697,65536,0,0,13,1,c05 c09 c11,c05 c09 c11,c05 c09 c11
main|astana_clinic|nc16|np15|br1.0|uniform|ms3|r300|s3,main,astana_clinic,16,15,1.0,uniform,3,300,3,2333,sha256:53df9e767bd2c7d6f526b87d0962df6002ec50983b22013f35f5688a28321a4c,697,65536,0,0,7,1,c08 c09 c12,c08 c09 c12,c08 c09 c12
main|astana_clinic|nc16|np15|br1.0|uniform|ms3|r300|s4,main,astana_clinic,16,15,1.0,uniform,3,300,4,2730,sha256:997544d7590445e52a05078749372c942f39d6ee33b2ffff775255fcd276b4fd,697,65536,0,0,11,1,c02 c13 c15,c02 c13 c15,c02 c13 c15
main|astana_clinic|nc16|np15|br1.0|uniform|ms3|r300|s5,main,astana_clinic,16,15,1.0,uniform,3,300,5,2688,sha256:01495328dd9226d0f7acae372f5e07979563b88a87ebca09d332e7c2621d028c,697,65536,0,0,7,2,c02 c07 c14,c07 c14 c15,c07 c14 c15
main|astana_clinic|nc16|np15|br1.0|uniform|ms3|r300|s6,main,astana_clinic,16,15,1.0,uniform,3,300,6,2633,sha256:65ca4a1a84c418d156a7cd57ace0a8678c8c063b2591be565dd0aff17afcd596,697,65536,0,0,19,2,c03 c05 c13,c03 c05 c13,c05 c06 c13
main|astana_clinic|nc16|np15|br1.0|uniform|ms3|r300|s7,main,astana_clinic,16,15,1.0,uniform,3,300,7,2858,sha256:791d19ed630f064c1a6c877160a63f320c3b6a67fe5c2823dac733694b9c1818,697,65536,0,0,10,2,c10 c11 c15,c06 c11 c15,c10 c11 c15
main|astana_clinic|nc16|np15|br1.0|uniform|ms3|r300|s8,main,astana_clinic,16,15,1.0,uniform,3,300,8,2817,sha256:0529d5e11f0345bbdc4625016261050ebcb273490c90bab8f7ee615ba874e811,697,65536,0,0,10,2,c09 c11 c12,c00 c09 c11,c09 c11 c12
main|astana_clinic|nc16|np15|br1.0|uniform|ms3|r300|s9,main,astana_clinic,16,15,1.0,uniform,3,300,9,2453,sha256:cbe7ef077b06b6482302c7c51294a79597ad3f814d34e82ed6c288f7d186759c,697,65536,0,0,5,1,c01 c08 c11,c01 c08 c11,c01 c08 c11
main|astana_clinic|nc16|np15|br1.0|random_1_100|ms3|r300|s0,main,astana_clinic,16,15,1.0,random_1_100,3,300,0,2181,sha256:c76fd8d76159297e0147c4ba433047b7945413859d0371d001888a412664dea1,697,65536,0,0,10,2,c00 c09 c10,c09 c10 c13,c00 c09 c10
main|astana_clinic|nc16|np15|br1.0|random_1_100|ms3|r300|s1,main,astana_clinic,16,15,1.0,random_1_100,3,300,1,2724,sha256:b86c48b9fc9f23595d0183031da3c12c88e21fb4e13a9544bb7189a6d7150c4f,697,65536,0,0,5,2,c01 c02 c07,c01 c02 c07,c01 c02 c12
main|astana_clinic|nc16|np15|br1.0|random_1_100|ms3|r300|s2,main,astana_clinic,16,15,1.0,random_1_100,3,300,2,2843,sha256:c127f02f814074b53b3b08c3d5a15524286fb9d3f69e4469a7ce1f97a16c118b,697,65536,0,0,10,1,c05 c09 c11,c05 c09 c11,c05 c09 c11
main|astana_clinic|nc16|np15|br1.0|random_1_100|ms3|r300|s3,main,astana_clinic,16,15,1.0,random_1_100,3,300,3,2333,sha256:02fbe25dd61372da44971e0eeb735367fd221f06c08e65aca8fcb2dd9aa5fb8c,697,65536,0,0,7,2,c09 c10 c12,c08 c09 c12,c08 c09 c12
main|astana_clinic|nc16|np15|br1.0|random_1_100|ms3|r300|s4,main,astana_clinic,16,15,1.0,random_1_100,3,300,4,2730,sha256:961736a16910f89ca43f4bbe9f39c35e583c50efc48ea3f3baab947f774c6121,697,65536,0,0,13,1,c01 c02 c15,c01 c02 c15,c01 c02 c15
main|astana_clinic|nc16|np15|br1.0|random_1_100|ms3|r300|s5,main,astana_clinic,16,15,1.0,random_1_100,3,300,5,2688,sha256:b2846304d1638b77a95a8c09bc0f6fdf18ded5123fb30ddfa29e3f014578351e,697,65536,0,0,7,2,c02 c07 c14,c07 c14 c15,c07 c14 c15
main|astana_clinic|nc16|np15|br1.0|random_1_100|ms3|r300|s6,main,astana_clinic,16,15,1.0,random_1_100,3,300,6,2633,sha256:6c978738e5eb62c59741c8add39d2d97b9b5a4db05cf00c395b06e1113bc841d,697,65536,0,0,15,2,c03 c05 c13,c03 c05 c13,c05 c09 c13
main|astana_clinic|nc16|np15|br1.0|random_1_100|ms3|r300|s7,main,astana_clinic,16,15,1.0,random_1_100,3,300,7,2858,sha256:511f09dc8665bc5ebce0f350004bb2a0d27996f2349d85ffc305151694fd812e,697,65536,0,0,17,2,c10 c11 c15,c06 c11 c15,c10 c11 c15
main|astana_clinic|nc16|np15|br1.0|random_1_100|ms3|r300|s8,main,astana_clinic,16,15,1.0,random_1_100,3,300,8,2817,sha256:2b3adecae8b65e370d83874d8048a3dcfc4d1885e5f29ccf988e8114980d82ad,697,65536,0,0,10,2,c09 c11 c12,c00 c09 c11,c09 c11 c12
main|astana_clinic|nc16|np15|br1.0|random_1_100|ms3|r300|s9,main,astana_clinic,16,15,1.0,random_1_100,3,300,9,2453,sha256:eb2cc28c2a4ac64adf3df899fd1c37f97d4047f892295408a34cc837fc5a39f8,697,65536,0,0,5,1,c01 c08 c11,c01 c08 c11,c01 c08 c11
main|astana_clinic|nc16|np15|br1.0|one_heavy|ms3|r300|s0,main,astana_clinic,16,15,1.0,one_heavy,3,300,0,2181,sha256:940af528c6a80a46f02b6f47e74cebb8b91cd4359aaa4535d368cd7727fbaa88,697,65536,0,0,10,2,c00 c09 c10,c09 c10 c13,c00 c09 c10
main|astana_clinic|nc16|np15|br1.0|one_heavy|ms3|r300|s1,main,astana_clinic,16,15,1.0,one_heavy,3,300,1,2724,sha256:7ee538b04ca1b41c782d0fcedc17658190117b02d8bd40356725d1280c0cd3bd,697,65536,0,0,4,1,c01 c02 c07,c01 c02 c07,c01 c02 c07
main|astana_clinic|nc16|np15|br1.0|one_heavy|ms3|r300|s2,main,astana_clinic,16,15,1.0,one_heavy,3,300,2,2843,sha256:1a62306cabdc6d111bc47e13b91e6064d010047e375a26b1b0e41c789160feeb,697,65536,0,0,13,1,c05 c09 c11,c05 c09 c11,c05 c09 c11
main|astana_clinic|nc16|np15|br1.0|one_heavy|ms3|r300|s3,main,astana_clinic,16,15,1.0,one_heavy,3,300,3,2333,sha256:56c670bedf45bade4fba4938e6a38fe6704175cc1166be26c131fe7490bd4a38,697,65536,0,0,7,1,c08 c09 c12,c08 c09 c12,c08 c09 c12
main|astana_clinic|nc16|np15|br1.0|one_heavy|ms3|r300|s4,main,astana_clinic,16,15,1.0,one_heavy,3,300,4,2730,sha256:45ab7d2767a34422059dc32f7687c1de47c01cc6815c6b8b53f065367dee020c,697,65536,0,0,11,1,c02 c13 c15,c02 c13 c15,c02 c13 c15
main|astana_clinic|nc16|np15|br1.0|one_heavy|ms3|r300|s5,main,astana_clinic,16,15,1.0,one_heavy,3,300,5,2688,sha256:25b4cead5d951377a6b9cea24ab6f1d94f269b9eee1fcf69f26111cda924e36f,697,65536,0,0,7,2,c02 c07 c14,c07 c14 c15,c07 c14 c15
main|astana_clinic|nc16|np15|br1.0|one_heavy|ms3|r300|s6,main,astana_clinic,16,15,1.0,one_heavy,3,300,6,2633,sha256:4b2aa44dfb5c924114dfea1c171962ad4b60a71e8c6d8e16c48bb41a6b385cd3,697,65536,0,0,19,2,c03 c05 c13,c03 c05 c13,c05 c06 c13
main|astana_clinic|nc16|np15|br1.0|one_heavy|ms3|r300|s7,main,astana_clinic,16,15,1.0,one_heavy,3,300,7,2858,sha256:760124d3f3d134ff7e2da6da4080a08875fe5e08dcca55e3bff34b1bd1ff76d4,697,65536,0,0,9,2,c06 c11 c15,c06 c11 c15,c06 c10 c15
main|astana_clinic|nc16|np15|br1.0|one_heavy|ms3|r300|s8,main,astana_clinic,16,15,1.0,one_heavy,3,300,8,2817,sha256:b90d5fa19bec0757acced37a645f67d8a135f00ca559f2ca1d28f92cb3beee9c,697,65536,0,0,10,2,c09 c11 c12,c00 c09 c11,c09 c11 c12
main|astana_clinic|nc16|np15|br1.0|one_heavy|ms3|r300|s9,main,astana_clinic,16,15,1.0,one_heavy,3,300,9,2453,sha256:3e8e97c7db11bc906b98208697afe581f9b4526f9d98504a2ef0b9a07c4cdc2f,697,65536,0,0,5,1,c01 c08 c11,c01 c08 c11,c01 c08 c11
main|astana_clinic|nc16|np25|br0.25|uniform|ms3|r300|s0,main,astana_clinic,16,25,0.25,uniform,3,300,0,545,sha256:35cd751224fa9c29f5772438d19abb258d4a6d0674a52305f2717dd9a0b11357,136,65536,1,0,8,2,c05 c09,c08 c13,c05 c09
main|astana_clinic|nc16|np25|br0.25|uniform|ms3|r300|s1,main,astana_clinic,16,25,0.25,uniform,3,300,1,681,sha256:3aed1489e90c9c4adf6504f5b150faefb5e764c0d56bfb5bbc1560ebb4c3192a,13,65536,1,0,3,1,c02 c07,c02 c07,c02 c07
main|astana_clinic|nc16|np25|br0.25|uniform|ms3|r300|s2,main,astana_clinic,16,25,0.25,uniform,3,300,2,710,sha256:55f50a320796291c97417d3bae5924626ed2be71e975160733ec40933ed7eb09,26,65536,1,0,3,2,c08 c09,c07,c08 c09
main|astana_clinic|nc16|np25|br0.25|uniform|ms3|r300|s3,main,astana_clinic,16,25,0.25,uniform,3,300,3,583,sha256:8894bfd86b7e09069121098d60a8ed40a981e761bdda00f0215665b944b43cfd,33,65536,1,0,5,2,c09,c14,c09
main|astana_clinic|nc16|np25|br0.25|uniform|ms3|r300|s4,main,astana_clinic,16,25,0.25,uniform,3,300,4,682,sha256:b9471922acdd72ade9a6d532b64365ed354b655955ec2a63fe4c35cbfd974e27,47,65536,1,0,6,1,c03 c13,c03 c13,c03 c13
main|astana_clinic|nc16|np25|br0.25|uniform|ms3|r300|s5,main,astana_clinic,16,25,0.25,uniform,3,300,5,672,sha256:f4e1c51c1d5270881ae5c4ccd6a3476cb10c19e7247a821f3a1ed5aa3aafbee2,28,65536,1,0,3,2,c12 c14,c12 c14,c11 c14
main|astana_clinic|nc16|np25|br0.25|uniform|ms3|r300|s6,main,astana_clinic,16,25,0.25,uniform,3,300,6,658,sha256:fb309067fc0b7dbeb5f1bac06315c85b93641f07911ba3c76a7b0ef5199968ae,57,65536,1,0,8,1,c00 c14,c00 c14,c00 c14
main|astana_clinic|nc16|np25|br0.25|uniform|ms3|r300|s7,main,astana_clinic,16,25,0.25,uniform,3,300,7,714,sha256:75b410237fed2d639aa3f4a66a5794d2f17d96b820479d16ffcb98eb69e020be,42,65536,1,0,5,2,c01 c15,c04 c15,c01 c15
main|astana_clinic|nc16|np25|br0.25|uniform|ms3|r300|s8,main,astana_clinic,16,25,0.25,uniform,3,300,8,704,sha256:fd90469259eb772e0d7f3777163001a6bfb0a5c83fcb15e55f4bdd7e3f84e43d,46,65536,1,0,3,1,c00 c09,c00 c09,c00 c09
main|astana_clinic|nc16|np25|br0.25|uniform|ms3|r300|s9,main,astana_clinic,16,25,0.25,uniform,3,300,9,613,sha256:71d7d86d72a4345853ad8293ed414afdbdf28c713103dc2b188d794b1735345c,18,65536,1,0,4,1,c01,c01,c01
main|astana_clinic|nc16|np25|br0.25|random_1_100|ms3|r300|s0,main,astana_clinic,16,25,0.25,random_1_100,3,300,0,545,sha256:8792ce6b3cef8e54b1af9640b5a7a0d256b484f0ea410972c6faa5b3571424ee,136,65536,1,0,8,2,c05 c09,c08 c13,c05 c09
main|astana_clinic|nc16|np25|br0.25|random_1_100|ms3|r300|s1,main,astana_clinic,16,25,0.25,random_1_100,3,300,1,681,sha256:a70a4dbfa9fffc53bd69ab83aead39ea4c0f5c527223bfdecb937b09a987a7fb,13,65536,1,0,4,2,c02 c07,c02 c07,c01
main|astana_clinic|nc16|np25|br0.25|random_1_100|ms3|r300|s2,main,astana_clinic,16,25,0.25,random_1_100,3,300,2,710,sha256:0dbcc9ba5dcb49a47adf3654c159882d82b3ea90aa9559918f993221af400d01,26,65536,1,0,4,3,c08 c09,c07,c01 c09
main|astana_clinic|nc16|np25|br0.25|random_1_100|ms3|r300|s3,main,astana_clinic,16,25,0.25,random_1_100,3,300,3,583,sha256:4281368bc3224a56dd7d9e36ca4b6192bf192fa863ce6870e09e7162004cd71e,33,65536,1,0,5,2,c09,c14,c09
main|astana_clinic|nc16|np25|br0.25|random_1_100|ms3|r300|s4,main,astana_clinic,16,25,0.25,random_1_100,3,300,4,682,sha256:4ec8e70eb904ccfb84e2f624c193c8a52c2860209fbb9f1510fe0e57bbc5751b,47,65536,1,0,5,2,c06 c13,c03 c13,c06 c13
main|astana_clinic|nc16|np25|br0.25|random_1_100|ms3|r300|s5,main,astana_clinic,16,25,0.25,random_1_100,3,300,5,672,sha256:1d5991544d5fd61fac21bd5f9c2705ce3e1fa66b44dea43190801391c7b9e858,28,65536,1,0,3,2,c12 c14,c12 c14,c11 c14
main|astana_clinic|nc16|np25|br0.25|random_1_100|ms3|r300|s6,main,astana_clinic,16,25,0.25,random_1_100,3,300,6,658,sha256:98705cf5d2c5cda34a09b68704c2368ee966c5d601a9c700ce9c5572a0dc7e5c,57,65536,1,0,7,1,c05 c10 c14,c05 c10 c14,c05 c10 c14
main|astana_clinic|nc16|np25|br0.25|random_1_100|ms3|r300|s7,main,astana_clinic,16,25,0.25,random_1_100,3,300,7,714,sha256:844815e8db5723724d38143282053bb66f724fdd14565e90af6f6397cbdab75b,42,65536,1,0,10,1,c04 c15,c04 c15,c04 c15
main|astana_clinic|nc16|np25|br0.25|random_1_100|ms3|r300|s8,main,astana_clinic,16,25,0.25,random_1_100,3,300,8,704,sha256:49aec4e36d3c4c531b2f8f5ac03d8d1b33a738e54a06ca104f4c70f02337d3cb,46,65536,1,0,3,1,c00 c09,c00 c09,c00 c09
main|astana_clinic|nc16|np25|br0.25|random_1_100|ms3|r300|s9,main,astana_clinic,16,25,0.25,random_1_100,3,300,9,613,sha256:9ab414c10b2193003fe8ae6e042c2bb1c48695741ce49be1763a8d814853d056,18,65536,1,0,4,1,c01,c01,c01
main|astana_clinic|nc16|np25|br0.25|one_heavy|ms3|r300|s0,main,astana_clinic,16,25,0.25,one_heavy,3,300,0,545,sha256:5e69ca240c2c22804a47ce330b123778c885c1f25efe4cff6edfc1cb8f00df52,136,65536,1,0,8,2,c05 c09,c08 c13,c05 c09
main|astana_clinic|nc16|np25|br0.25|one_heavy|ms3|r300|s1,main,astana_clinic,16,25,0.25,one_heavy,3,300,1,681,sha256:2931e05b1c35e76842c977eb29d18152fbb7ce13cb983488256df30a985a738d,13,65536,1,0,3,1,c02 c07,c02 c07,c02 c07
main|astana_clinic|nc16|np25|br0.25|one_heavy|ms3|r300|s2,main,astana_clinic,16,25,0.25,one_heavy,3,300,2,710,sha256:80abe0ec833600846f95fa48ddbdbf6409a6c2f547d45bbf4dfad022937c0400,26,65536,1,0,3,2,c08 c09,c07,c08 c09
main|astana_clinic|nc16|np25|br0.25|one_heavy|ms3|r300|s3,main,astana_clinic,16,25,0.25,one_heavy,3,300,3,583,sha256:c2be6dc575ea7995026b96c6084f10e9e8f946f870fe3bb9eb6db8119b522077,33,65536,1,0,5,2,c09,c14,c09
main|astana_clinic|nc16|np25|br0.25|one_heavy|ms3|r300|s4,main,astana_clinic,16,25,0.25,one_heavy,3,300,4,682,sha256:24300d1e0f39ca9535a86c104a2a37b54b0f997666229cc749187b3f34b164c2,47,65536,1,0,6,1,c03 c13,c03 c13,c03 c13
main|astana_clinic|nc16|np25|br0.25|one_heavy|ms3|r300|s5,main,astana_clinic,16,25,0.25,one_heavy,3,300,5,672,sha256:265f3aa86869dd57a81978350a38f4d11c404ff939e65a8cfd2fe57f546eee89,28,65536,1,0,3,2,c12 c14,c12 c14,c11 c14
main|astana_clinic|nc16|np25|br0.25|one_heavy|ms3|r300|s6,main,astana_clinic,16,25,0.25,one_heavy,3,300,6,658,sha256:3d54da1af8fbb84bbf6a5eec99344b22ef15cf74abca4fa8a35f13a6255ed1a8,57,65536,1,0,8,1,c00 c14,c00 c14,c00 c14
main|astana_clinic|nc16|np25|br0.25|one_heavy|ms3|r300|s7,main,astana_clinic,16,25,0.25,one_heavy,3,300,7,714,sha256:d901c3c6879bfbd16a625df76f9921abeff7bb1017110f466eb6dd7b8b0e49dd,42,65536,1,0,5,3,c01 c04 c06,c04 c15,c01 c15
main|astana_clinic|nc16|np25|br0.25|one_heavy|ms3|r300|s8,main,astana_clinic,16,25,0.25,one_heavy,3,300,8,704,sha256:af73784e53ce732d5811eb06e953fa577690fa6ac2efc3cfb9f4323c5267c71b,46,65536,1,0,3,1,c00 c09,c00 c09,c00 c09
main|astana_clinic|nc16|np25|br0.25|one_heavy|ms3|r300|s9,main,astana_clinic,16,25,0.25,one_heavy,3,300,9,613,sha256:b402b14e5f9481c6a5e385866375c06bdaa5b4fe33f3320a6575b935d9668079,18,65536,1,0,4,1,c01,c01,c01
main|astana_clinic|nc16|np25|br0.5|uniform|ms3|r300|s0,main,astana_clinic,16,25,0.5,uniform,3,300,0,1090,sha256:6e3c048bfc124412dabdc563a8861707199ce5af093861506533bcd6a4ca9f05,484,65536,1,0,11,2,c05 c09 c10,c05 c09 c13,c05 c09 c10
main|astana_clinic|nc16|np25|br0.5|uniform|ms3|r300|s1,main,astana_clinic,16,25,0.5,uniform,3,300,1,1362,sha256:409a291c62d4a7c729c113893174c3489fd0cb223a5a075b62f2d82b21176121,134,65536,1,0,6,1,c02 c07 c10,c02 c07 c10,c02 c07 c10
main|astana_clinic|nc16|np25|br0.5|uniform|ms3|r300|s2,main,astana_clinic,16,25,0.5,uniform,3,300,2,1421,sha256:b13e3d7a772447ff19d52ec1eeb51a11836dfa914eefbd7d69deb9d0f113a9cf,224,65536,1,0,7,2,c05 c08 c09,c07 c08 c09,c05 c08 c09
main|astana_clinic|nc16|np25|br0.5|uniform|ms3|r300|s3,main,astana_clinic,16,25,0.5,uniform,3,300,3,1166,sha256:afb6ffa2292d1b248afc93ac754b48220c079fe2e6f769f17b223708df48e589,296,65536,1,0,14,2,c09 c11 c12,c08 c11 c14,c09 c11 c12
main|astana_clinic|nc16|np25|br0.5|uniform|ms3|r300|s4,main,astana_clinic,16,25,0.5,uniform,3,300,4,1365,sha256:ee78ccd1d2e070e4ada479237f6c4b848ab372e2a558e2ca6d632082d701b447,356,65536,1,0,9,3,c02 c06 c13,c03 c06 c15,c02 c15
main|astana_clinic|nc16|np25|br0.5|uniform|ms3|r300|s5,main,astana_clinic,16,25,0.5,uniform,3,300,5,1344,sha256:5dd0a8483f87070036dbed680a00e37a0e6aaa91e8570fd7ff411bd31757245e,197,65536,1,0,8,3,c07 c12 c14,c07 c13,c11 c14 c15
main|astana_clinic|nc16|np25|br0.5|uniform|ms3|r300|s6,main,astana_clinic,16,25,0.5,uniform,3,300,6,1316,sha256:1d4cd8f541a5839901b673a6c73e710b6b9c2ad923531d41ef064c080cd5f2e7,324,65536,1,0,14,1,c05 c09 c13,c05 c09 c13,c05 c09 c13
main|astana_clinic|nc16|np25|br0.5|uniform|ms3|r300|s7,main,astana_clinic,16,25,0.5,uniform,3,300,7,1429,sha256:732af829f00b2c8d896a584f061233c47fb0f26d662e26163297eed4096560fa,318,65536,1,0,7,2,c01 c10 c15,c01 c06 c09,c01 c10 c15
main|astana_clinic|nc16|np25|br0.5|uniform|ms3|r300|s8,main,astana_clinic,16,25,0.5,uniform,3,300,8,1408,sha256:58a12f24f17db69e9619580217a3f0f663d44a26330d05c382b5a62d7cfaf869,345,65536,1,0,7,2,c00 c11,c00 c11,c00 c09 c12
main|astana_clinic|nc16|np25|br0.5|uniform|ms3|r300|s9,main,astana_clinic,16,25,0.5,uniform,3,300,9,1226,sha256:531a06a6a6f8a184a76d488bc5f44b2a1c396c1d7f6180a43ce799ec972f0567,175,65536,1,0,6,1,c01 c11,c01 c11,c01 c11
main|astana_clinic|nc16|np25|br0.5|random_1_100|ms3|r300|s0,main,astana_clinic,16,25,0.5,random_1_100,3,300,0,1090,sha256:1ae08535456617c8a00a0b4aeb4a78f9a195985b4605ca0247c53b2740f99c04,484,65536,1,0,10,2,c05 c09 c10,c05 c09 c13,c05 c09 c10
main|astana_clinic|nc16|np25|br0.5|random_1_100|ms3|r300|s1,main,astana_clinic,16,25,0.5,random_1_100,3,300,1,1362,sha256:4493bf4b16389cb37d26c749c0ecb862fd56c023d377fe9c7f09a6f09cee1b9e,134,65536,1,0,7,2,c02 c07 c10,c02 c07 c10,c01 c02 c07
main|astana_clinic|nc16|np25|br0.5|random_1_100|ms3|r300|s2,main,astana_clinic,16,25,0.5,random_1_100,3,300,2,1421,sha256:29fabc1d69f65b7a76c578cd41ea593a48ee6e85e90b931ca71b46960c381ca7,224,65536,1,0,7,3,c05 c08 c09,c07 c08 c09,c01 c05 c09
main|astana_clinic|nc16|np25|br0.5|random_1_100|ms3|r300|s3,main,astana_clinic,16,25,0.5,random_1_100,3,300,3,1166,sha256:a66d53a60b9e4d7033dc1ca8797be7b0fec3ee7a0a83ac8e19f8d710c48819e2,296,65536,1,0,10,3,c08 c09 c12,c08 c11 c14,c09 c14
main|astana_clinic|nc16|np25|br0.5|random_1_100|ms3|r300|s4,main,astana_clinic,16,25,0.5,random_1_100,3,300,4,1365,sha256:e8f060beeb7c15975cf3d5e2524e169d871b79160116a7281e2e5bb5ade76d63,356,65536,1,0,10,2,c03 c06 c15,c03 c06 c15,c06 c07 c15
main|astana_clinic|nc16|np25|br0.5|random_1_100|ms3|r300|s5,main,astana_clinic,16,25,0.5,random_1_100,3,300,5,1344,sha256:7d7ff1fbc85ffd0afd2d1ea4ae7838c00d5b90ce2cc342207b89443210f39024,197,65536,1,0,7,3,c07 c12 c14,c07 c13,c11 c14 c15
main|astana_clinic|nc16|np25|br0.5|random_1_100|ms3|r300|s6,main,astana_clinic,16,25,0.5,random_1_100,3,300,6,1316,sha256:f7e87d96e8929f20611185b3225a73c0fd72aa92081ca21b64cfecc3a23c039a,324,65536,1,0,11,2,c03 c05 c10,c03 c05 c10,c05 c09 c13
main|astana_clinic|nc16|np25|br0.5|random_1_100|ms3|r300|s7,main,astana_clinic,16,25,0.5,random_1_100,3,300,7,1429,sha256:11aa658232f67ccc61ca6e88328f3251bedf963cc3a95fa9da27af66800a7d71,318,65536,1,0,17,2,c06 c10 c15,c04 c06 c15,c06 c10 c15
main|astana_clinic|nc16|np25|br0.5|random_1_100|ms3|r300|s8,main,astana_clinic,16,25,0.5,random_1_100,3,300,8,1408,sha256:14e7e04a93e204090142b233e0aab3f652f49704cd17c684d269b29e7f3c933d,345,65536,1,0,6,2,c00 c11,c00 c11,c00 c09 c13
main|astana_clinic|nc16|np25|br0.5|random_1_100|ms3|r300|s9,main,astana_clinic,16,25,0.5,random_1_100,3,300,9,1226,sha256:965b26c9e67d074d7cbdc2dd096ad467c2d6a9bc4d32f91f6cdfd6f60d8ad8a3,175,65536,1,0,6,1,c01 c11,c01 c11,c01 c11
main|astana_clinic|nc16|np25|br0.5|one_heavy|ms3|r300|s0,main,astana_clinic,16,25,0.5,one_heavy,3,300,0,1090,sha256:737bbf1fe4effd6a509a30c42407080eea2101c6d7880ba604ac9713e0db7e23,484,65536,1,0,11,2,c05 c09 c10,c05 c09 c13,c05 c09 c10
main|astana_clinic|nc16|np25|br0.5|one_heavy|ms3|r300|s1,main,astana_clinic,16,25,0.5,one_heavy,3,300,1,1362,sha256:ede3ede60a92af6682c2bcb354bb9622f8e99fd96c19837e03e0f776053897b3,134,65536,1,0,6,1,c02 c07 c10,c02 c07 c10,c02 c07 c10
main|astana_clinic|nc16|np25|br0.5|one_heavy|ms3|r300|s2,main,astana_clinic,16,25,0.5,one_heavy,3,300,2,1421,sha256:3534bf49fa6643f2139d24c3e744c9c82b12c27fedfbbcb927790aea029a9503,224,65536,1,0,7,2,c05 c08 c09,c07 c08 c09,c05 c08 c09
main|astana_clinic|nc16|np25|br0.5|one_heavy|ms3|r300|s3,main,astana_clinic,16,25,0.5,one_heavy,3,300,3,1166,sha256:b67a0f94935bf8ee374497f91a4cf28d3b1158ac7ca844c2b02cda2ffaad6655,296,65536,1,0,14,2,c09 c11 c12,c08 c11 c14,c09 c11 c12
main|astana_clinic|nc16|np25|br0.5|one_heavy|ms3|r300|s4,main,astana_clinic,16,25,0.5,one_heavy,3,300,4,1365,sha256:9ad97b90ac727f847067c76048518f70ff0b3ceeb9bc535c8d90c4cd209be947,356,65536,1,0,9,3,c02 c06 c13,c03 c06 c15,c02 c15
main|astana_clinic|nc16|np25|br0.5|one_heavy|ms3|r300|s5,main,astana_clinic,16,25,0.5,one_heavy,3,300,5,1344,sha256:7aa01a672528c63257eed8c884630b7bfd9ad25ac68a9370004a09bd3999313d,197,65536,1,0,8,3,c07 c12 c14,c07 c13,c11 c14 c15
main|astana_clinic|nc16|np25|br0.5|one_heavy|ms3|r300|s6,main,astana_clinic,16,25,0.5,one_heavy,3,300,6,1316,sha256:b16d577911a0bdba0b5f39e9e14c52c789674f3a60c3433d583d7b82fe375ff9,324,65536,1,0,14,1,c05 c09 c13,c05 c09 c13,c05 c09 c13
main|astana_clinic|nc16|np25|br0.5|one_heavy|ms3|r300|s7,main,astana_clinic,16,25,0.5,one_heavy,3,300,7,1429,sha256:fde3a4ec2d540c55ee9b032be6794e6ad965e413596d50d8f67c54ab47f462f0,318,65536,1,0,9,2,c01 c06 c09,c01 c06 c09,c06 c10 c15
main|astana_clinic|nc16|np25|br0.5|one_heavy|ms3|r300|s8,main,astana_clinic,16,25,0.5,one_heavy,3,300,8,1408,sha256:8dfe64277c211a20c396884af31836f6bd450bab77084a525a9cb1dfd349cf66,345,65536,1,0,7,2,c00 c11,c00 c11,c00 c09 c12
main|astana_clinic|nc16|np25|br0.5|one_heavy|ms3|r300|s9,main,astana_clinic,16,25,0.5,one_heavy,3,300,9,1226,sha256:09c3e3a56bd8dc3e03585bde2db46d3dff59e900bf2f88b55005f35e64af54fb,175,65536,1,0,6,1,c01 c11,c01 c11,c01 c11
main|astana_clinic|nc16|np25|br0.75|uniform|ms3|r300|s0,main,astana_clinic,16,25,0.75,uniform,3,300,0,1635,sha256:2052fcbdd53c62c4e6264630064ed3e36a4e46b016b355f2585345e89e189b5c,659,65536,1,0,11,2,c05 c09 c10,c01 c05 c09,c05 c09 c10
main|astana_clinic|nc16|np25|br0.75|uniform|ms3|r300|s1,main,astana_clinic,16,25,0.75,uniform,3,300,1,2043,sha256:552311434eeb0dab817fc071f605d0582499ff25fc51e6917693881efad16614,542,65536,1,0,7,1,c02 c07 c12,c02 c07 c12,c02 c07 c12
main|astana_clinic|nc16|np25|br0.75|uniform|ms3|r300|s2,main,astana_clinic,16,25,0.75,uniform,3,300,2,2132,sha256:3640b0a0e2d266748998788c2d636cb2eaf71388b6dc8adfc675b5ca1a6af93e,571,65536,1,0,9,2,c05 c08 c11,c08 c09 c11,c05 c08 c11
main|astana_clinic|nc16|np25|br0.75|uniform|ms3|r300|s3,main,astana_clinic,16,25,0.75,uniform,3,300,3,1749,sha256:7c17d8f4659dde86ef16d88470dde99d0f08a0da7c85be2b136480d654f11826,628,65536,1,0,18,1,c09 c11 c14,c09 c11 c14,c09 c11 c14
main|astana_clinic|nc16|np25|br0.75|uniform|ms3|r300|s4,main,astana_clinic,16,25,0.75,uniform,3,300,4,2047,sha256:d10366c828347ce637d652d2f12307e88d71f74a68d34f418a212ad7501d042f,646,65536,1,0,10,1,c02 c06 c15,c02 c06 c15,c02 c06 c15
main|astana_clinic|nc16|np25|br0.75|uniform|ms3|r300|s5,main,astana_clinic,16,25,0.75,uniform,3,300,5,2016,sha256:ab70cf69f075a1f26bbcf8cf5f62c0ae7f21157fa81cfeb8c0120df56786744e,529,65536,1,0,9,3,c02 c07 c14,c07 c13 c15,c07 c09 c14
main|astana_clinic|nc16|np25|br0.75|uniform|ms3|r300|s6,main,astana_clinic,16,25,0.75,uniform,3,300,6,1974,sha256:e3b79091523d8502fc9c99e91ad2ec04dfab0190515241bc0162e878a33f5924,616,65536,1,0,16,2,c00 c03 c05,c00 c03 c05,c05 c06 c13
main|astana_clinic|nc16|np25|br0.75|uniform|ms3|r300|s7,main,astana_clinic,16,25,0.75,uniform,3,300,7,2143,sha256:39281c43e17e70d8d2d4fe2824e555203d36aebbf96ef4c87e0be7eaf333cdc7,627,65536,1,0,10,2,c10 c11 c15,c06 c09 c10,c10 c11 c15
main|astana_clinic|nc16|np25|br0.75|uniform|ms3|r300|s8,main,astana_clinic,16,25,0.75,uniform,3,300,8,2112,sha256:49e9b58ea2c844c93f105ed8ccbad4eec1be0b6649c6f567962c7abe851c04ab,644,65536,1,0,8,1,c00 c09 c11,c00 c09 c11,c00 c09 c11
main|astana_clinic|nc16|np25|br0.75|uniform|ms3|r300|s9,main,astana_clinic,16,25,0.75,uniform,3,300,9,1839,sha256:76be543005e18c0ff94e49bb3149a9eee396d1ef47fd6ef763b4a0bfbec0b0b7,543,65536,1,0,8,2,c01 c08 c11,c01 c11 c12,c01 c08 c11
main|astana_clinic|nc16|np25|br0.75|random_1_100|ms3|r300|s0,main,astana_clinic,16,25,0.75,random_1_100,3,300,0,1635,sha256:901b207880278e20ae107064f7c2bad97033b38a8377aed31fd56db42a563415,659,65536,1,0,10,2,c05 c09 c10,c01 c05 c09,c05 c09 c10
main|astana_clinic|nc16|np25|br0.75|random_1_100|ms3|r300|s1,main,astana_clinic,16,25,0.75,random_1_100,3,300,1,2043,sha256:ff93921f8c6f406847acd3926b74ce2236527c23a7ae816b3529c9d928990adb,542,65536,1,0,7,2,c02 c07 c10,c02 c07 c10,c01 c02 c12
main|astana_clinic|nc16|np25|br0.75|random_1_100|ms3|r300|s2,main,astana_clinic,16,25,0.75,random_1_100,3,300,2,2132,sha256:da6cd9d7350b5a30e21d6e532909ee1cb102a773d9bae6a8f966e76d938c7843,571,65536,1,0,8,2,c08 c09 c11,c08 c09 c11,c01 c09 c11
main|astana_clinic|nc16|np25|br0.75|random_1_100|ms3|r300|s3,main,astana_clinic,16,25,0.75,random_1_100,3,300,3,1749,sha256:5dc5bda86d35be0f83eaa1e5bfe2280f1f6733277a85c0f480345d9d3478523d,628,65536,1,0,12,2,c09 c12 c14,c09 c11 c14,c09 c12 c14
main|astana_clinic|nc16|np25|br0.75|random_1_100|ms3|r300|s4,main,astana_clinic,16,25,0.75,random_1_100,3,300,4,2047,sha256:b4aa416c2865e81d14fd35d8f98725627a0c36d3fc7c06d9093711a47c0a656f,646,65536,1,0,12,3,c00 c06 c15,c02 c06 c15,c06 c07 c15
main|astana_clinic|nc16|np25|br0.75|random_1_100|ms3|r300|s5,main,astana_clinic,16,25,0.75,random_1_100,3,300,5,2016,sha256:78dd3f2f3768a472949328ba6ec629f54a65a8b3d05cf30a7579b1785858d9f3,529,65536,1,0,8,3,c02 c07 c14,c07 c13 c15,c07 c09 c14
main|astana_clinic|nc16|np25|br0.75|random_1_100|ms3|r300|s6,main,astana_clinic,16,25,0.75,random_1_100,3,300,6,1974,sha256:92b94275fcec8740da1eecaacf929fd9dac716d50ef1d5ab46fc94634df307d3,616,65536,1,0,15,2,c03 c05 c13,c03 c05 c13,c05 c09 c13
main|astana_clinic|nc16|np25|br0.75|random_1_100|ms3|r300|s7,main,astana_clinic,16,25,0.75,random_1_100,3,300,7,2143,sha256:cc018c549147904d09bd09a4654e3408fe88abdb4884330f06fd04738a06337f,627,65536,1,0,22,2,c10 c11 c15,c04 c06 c15,c10 c11 c15
main|astana_clinic|nc16|np25|br0.75|random_1_100|ms3|r300|s8,main,astana_clinic,16,25,0.75,random_1_100,3,300,8,2112,sha256:10bff8a95987e5e9991c6ff8091d16bcb07064280957217e2daf3982814c00e2,644,65536,1,0,7,1,c00 c09 c11,c00 c09 c11,c00 c09 c11
main|astana_clinic|nc16|np25|br0.75|random_1_100|ms3|r300|s9,main,astana_clinic,16,25,0.75,random_1_100,3,300,9,1839,sha256:4fe7805abdb38d4924014b5233f7a725346d2ba78c62da10830a701eb79d99b5,543,65536,1,0,8,1,c01 c11 c12,c01 c11 c12,c01 c11 c12
main|astana_clinic|nc16|np25|br0.75|one_heavy|ms3|r300|s0,main,astana_clinic,16,25,0.75,one_heavy,3,300,0,1635,sha256:0cc291a56554f7b8ee91f248d33b7bf3be3e7b02a0b53dc764e7582c9641e212,659,65536,1,0,11,2,c05 c09 c10,c01 c05 c09,c05 c09 c10
main|astana_clinic|nc16|np25|br0.75|one_heavy|ms3|r300|s1,main,astana_clinic,16,25,0.75,one_heavy,3,300,1,2043,sha256:d9c8459cdba0e0e48d75d5647c38e57919989ad2324b772d5321cd298ddd1133,542,65536,1,0,7,1,c02 c07 c12,c02 c07 c12,c02 c07 c12
main|astana_clinic|nc16|np25|br0.75|one_heavy|ms3|r300|s2,main,astana_clinic,16,25,0.75,one_heavy,3,300,2,2132,sha256:9528e764ed8cb4a32d12e1ec16870f24a353faa5db6e7ee7542c1f961b007579,571,65536,1,0,9,2,c05 c08 c11,c08 c09 c11,c05 c08 c11
main|astana_clinic|nc16|np25|br0.75|one_heavy|ms3|r300|s3,main,astana_clinic,16,25,0.75,one_heavy,3,300,3,1749,sha256:2531fdb1520c272430d8e442a3630c3eb2160a176c4fc9cf4e724c5612189849,628,65536,1,0,18,1,c09 c11 c14,c09 c11 c14,c09 c11 c14
main|astana_clinic|nc16|np25|br0.75|one_heavy|ms3|r300|s4,main,astana_clinic,16,25,0.75,one_heavy,3,300,4,2047,sha256:0bebee72a133dc7935d20f2d28ad649c478bcfd47a45f3da574a1a3cd8a03b58,646,65536,1,0,10,1,c02 c06 c15,c02 c06 c15,c02 c06 c15
main|astana_clinic|nc16|np25|br0.75|one_heavy|ms3|r300|s5,main,astana_clinic,16,25,0.75,one_heavy,3,300,5,2016,sha256:aac022e5587fc6072ae0bdbd7145fd4cbb00e54ef70f92eba645abc46f59bfd0,529,65536,1,0,9,3,c02 c07 c14,c07 c13 c15,c07 c09 c14
main|astana_clinic|nc16|np25|br0.75|one_heavy|ms3|r300|s6,main,astana_clinic,16,25,0.75,one_heavy,3,300,6,1974,sha256:138530e1cb84bb211be6423780b704d5b2c5017301193d8918648323ebfde2b1,616,65536,1,0,16,2,c00 c03 c05,c00 c03 c05,c05 c06 c13
main|astana_clinic|nc16|np25|br0.75|one_heavy|ms3|r300|s7,main,astana_clinic,16,25,0.75,one_heavy,3,300,7,2143,sha256:f64f350a4edc7a0fdc55b7c905aa0b37fe70fd0062c851827dda84b84f23de92,627,65536,1,0,10,2,c06 c11 c15,c06 c09 c10,c06 c09 c10
main|astana_clinic|nc16|np25|br0.75|one_heavy|ms3|r300|s8,main,astana_clinic,16,25,0.75,one_heavy,3,300,8,2112,sha256:4d0be3332a96cd7502efeeb7bb671cf9b0c1b4cedb05ba597d83990254707a38,644,65536,1,0,8,1,c00 c09 c11,c00 c09 c11,c00 c09 c11
main|astana_clinic|nc16|np25|br0.75|one_heavy|ms3|r300|s9,main,astana_clinic,16,25,0.75,one_heavy,3,300,9,1839,sha256:9255a9baa4911734b361dc191314d8eafb2d533ebbfbde371dd73ba7f41d58b5,543,65536,1,0,8,2,c01 c08 c11,c01 c11 c12,c01 c08 c11
main|astana_clinic|nc16|np25|br1.0|uniform|ms3|r300|s0,main,astana_clinic,16,25,1.0,uniform,3,300,0,2181,sha256:dce38245eb102c821d24d09439b0971d08ac18b620d07137c853cbd482ccce9b,697,65536,0,0,11,2,c05 c09 c10,c01 c05 c09,c05 c09 c10
main|astana_clinic|nc16|np25|br1.0|uniform|ms3|r300|s1,main,astana_clinic,16,25,1.0,uniform,3,300,1,2724,sha256:113ee4e5d1f98b6bc4ffd54005bd96ea82e32b9b4455320d8dd3cf399de222fe,697,65536,0,0,7,1,c02 c07 c12,c02 c07 c12,c02 c07 c12
main|astana_clinic|nc16|np25|br1.0|uniform|ms3|r300|s2,main,astana_clinic,16,25,1.0,uniform,3,300,2,2843,sha256:47dafb2005deb6c86a5d93659d6b53686794b8f2544c947e8a842cfb3a2f1e6f,697,65536,0,0,9,2,c05 c08 c11,c08 c09 c11,c05 c08 c11
main|astana_clinic|nc16|np25|br1.0|uniform|ms3|r300|s3,main,astana_clinic,16,25,1.0,uniform,3,300,3,2333,sha256:9c86629b4bced73777268f6c36fbda1db30cc5a2b275b4c8112fafb09a1e7955,697,65536,0,0,18,1,c09 c11 c14,c09 c11 c14,c09 c11 c14
main|astana_clinic|nc16|np25|br1.0|uniform|ms3|r300|s4,main,astana_clinic,16,25,1.0,uniform,3,300,4,2730,sha256:6f6bea40249f4dea6e6c37971125d5fe0d51fe5cc319ffb55ae99a34dd6299ae,697,65536,0,0,10,1,c02 c06 c15,c02 c06 c15,c02 c06 c15
main|astana_clinic|nc16|np25|br1.0|uniform|ms3|r300|s5,main,astana_clinic,16,25,1.0,uniform,3,300,5,2688,sha256:6e9a2707ffada52b5f146bed439172f704f4b7c397aea0483a94cc1597cabc38,697,65536,0,0,9,3,c02 c07 c14,c02 c07 c13,c07 c09 c14
main|astana_clinic|nc16|np25|br1.0|uniform|ms3|r300|s6,main,astana_clinic,16,25,1.0,uniform,3,300,6,2633,sha256:10ded0fc0e980b7f1c9e5f1b1f4df62f87529e5640bc1eca98294a0992006925,697,65536,0,0,17,2,c00 c03 c06,c00 c03 c06,c05 c06 c13
main|astana_clinic|nc16|np25|br1.0|uniform|ms3|r300|s7,main,astana_clinic,16,25,1.0,uniform,3,300,7,2858,sha256:96c7771e5790e987ee705cba782112762df6d659df519991c4007200a6c87415,697,65536,0,0,11,2,c09 c10 c11,c06 c09 c11,c09 c10 c11
main|astana_clinic|nc16|np25|br1.0|uniform|ms3|r300|s8,main,astana_clinic,16,25,1.0,uniform,3,300,8,2817,sha256:891d7eb5b8ffbb4c5ca8fdbb2e9e8b6a559f9ff370d93386eb2152a2fcc9684b,697,65536,0,0,8,1,c00 c09 c11,c00 c09 c11,c00 c09 c11
main|astana_clinic|nc16|np25|br1.0|uniform|ms3|r300|s9,main,astana_clinic,16,25,1.0,uniform,3,300,9,2453,sha256:ac662e9630cb7e398627e3256efa4e4c036feee3e67eaecbd9491dd3c7648cc0,697,65536,0,0,8,2,c01 c08 c11,c01 c11 c12,c01 c08 c11
main|astana_clinic|nc16|np25|br1.0|random_1_100|ms3|r300|s0,main,astana_clinic,16,25,1.0,random_1_100,3,300,0,2181,sha256:1997db09fa0c98ef2394523be2638a77d2cc0a4be5de0e7446c8d138081bf107,697,65536,0,0,10,2,c05 c09 c10,c01 c05 c09,c05 c09 c10
main|astana_clinic|nc16|np25|br1.0|random_1_100|ms3|r300|s1,main,astana_clinic,16,25,1.0,random_1_100,3,300,1,2724,sha256:fa406d2d019bfcd29d68868ccaf6e393e442e82279b66c38e19d98033676b8e2,697,65536,0,0,7,2,c02 c07 c10,c02 c07 c10,c01 c02 c12
main|astana_clinic|nc16|np25|br1.0|random_1_100|ms3|r300|s2,main,astana_clinic,16,25,1.0,random_1_100,3,300,2,2843,sha256:305ee33b5d46045059d868b2d39f79e5159578d4e993efbe9918a20601387e65,697,65536,0,0,8,2,c08 c09 c11,c08 c09 c11,c01 c09 c11
main|astana_clinic|nc16|np25|br1.0|random_1_100|ms3|r300|s3,main,astana_clinic,16,25,1.0,random_1_100,3,300,3,2333,sha256:c2b84345c0f4825599d6317201087130e2f946ca4e9752729acd08980f8f7d06,697,65536,0,0,12,2,c09 c12 c14,c09 c11 c14,c09 c12 c14
main|astana_clinic|nc16|np25|br1.0|random_1_100|ms3|r300|s4,main,astana_clinic,16,25,1.0,random_1_100,3,300,4,2730,sha256:2473f5b33b7bcf07b1a0bcaad4e02f931fa1a0d0a901bada348b34bd3aab3544,697,65536,0,0,12,3,c00 c06 c15,c02 c06 c15,c06 c07 c15
main|astana_clinic|nc16|np25|br1.0|random_1_100|ms3|r300|s5,main,astana_clinic,16,25,1.0,random_1_100,3,300,5,2688,sha256:cf48035e40f5a5c09632a0d62c1351e4f254a09665b6596cfdb1cb850b96ebbb,697,65536,0,0,8,3,c02 c07 c14,c02 c07 c13,c07 c09 c14
main|astana_clinic|nc16|np25|br1.0|random_1_100|ms3|r300|s6,main,astana_clinic,16,25,1.0,random_1_100,3,300,6,2633,sha256:fa65b6b247fe961c7bc14f54bad13be9e8fe49c98bb4d633b8339ed14e1d36ef,697,65536,0,0,15,2,c03 c05 c13,c03 c05 c13,c05 c09 c13
main|astana_clinic|nc16|np25|br1.0|random_1_100|ms3|r300|s7,main,astana_clinic,16,25,1.0,random_1_100,3,300,7,2858,sha256:c12a2ff5da0a35587fddef68002c48420a1c700dfef969f1be1a39a7f1f867fe,697,65536,0,0,22,2,c10 c11 c15,c06 c09 c11,c10 c11 c15
main|astana_clinic|nc16|np25|br1.0|random_1_100|ms3|r300|s8,main,astana_clinic,16,25,1.0,random_1_100,3,300,8,2817,sha256:b80c2ab53a59c780c0ed9b28ce215cf1d5afa2b9f0903f36ed165e955053b60f,697,65536,0,0,7,1,c00 c09 c11,c00 c09 c11,c00 c09 c11
main|astana_clinic|nc16|np25|br1.0|random_1_100|ms3|r300|s9,main,astana_clinic,16,25,1.0,random_1_100,3,300,9,2453,sha256:2f815a0893fd19e5378305ddf3a55b841b2abe29c0c59b47e0bd4754fabd71e4,697,65536,0,0,8,1,c01 c11 c12,c01 c11 c12,c01 c11 c12
main|astana_clinic|nc16|np25|br1.0|one_heavy|ms3|r300|s0,main,astana_clinic,16,25,1.0,one_heavy,3,300,0,2181,sha256:1f2ccf82156f844bdabcafeb6ff25e89f4e58414cd2f912303207de315703c25,697,65536,0,0,11,2,c05 c09 c10,c01 c05 c09,c05 c09 c10
main|astana_clinic|nc16|np25|br1.0|one_heavy|ms3|r300|s1,main,astana_clinic,16,25,1.0,one_heavy,3,300,1,2724,sha256:ec1bd65ba90e0f69d30d134b30079243f01ca86e150844a1e486aefcf95e6ba0,697,65536,0,0,7,1,c02 c07 c12,c02 c07 c12,c02 c07 c12
main|astana_clinic|nc16|np25|br1.0|one_heavy|ms3|r300|s2,main,astana_clinic,16,25,1.0,one_heavy,3,300,2,2843,sha256:380a015552b0cde4bae4a9466426f328e8d5e5a47a31adcda2187d7ea4cb7f6b,697,65536,0,0,9,2,c05 c08 c11,c08 c09 c11,c05 c08 c11
main|astana_clinic|nc16|np25|br1.0|one_heavy|ms3|r300|s3,main,astana_clinic,16,25,1.0,one_heavy,3,300,3,2333,sha256:b1156d1d7d09cc0b6cebefa4acc4aeb6c83fbb34df88f160236716ae7e5887a6,697,65536,0,0,18,1,c09 c11 c14,c09 c11 c14,c09 c11 c14
main|astana_clinic|nc16|np25|br1.0|one_heavy|ms3|r300|s4,main,astana_clinic,16,25,1.0,one_heavy,3,300,4,2730,sha256:ac7ce3d0615328ec6e993bb1ba98ba639a7e2b4b775be6a589074f9f2c28bdfa,697,65536,0,0,10,1,c02 c06 c15,c02 c06 c15,c02 c06 c15
main|astana_clinic|nc16|np25|br1.0|one_heavy|ms3|r300|s5,main,astana_clinic,16,25,1.0,one_heavy,3,300,5,2688,sha256:f917e78459238ca20790eebb6229ddd748cd75900f478523247ec33cd5a1db36,697,65536,0,0,9,3,c02 c07 c14,c02 c07 c13,c07 c09 c14
main|astana_clinic|nc16|np25|br1.0|one_heavy|ms3|r300|s6,main,astana_clinic,16,25,1.0,one_heavy,3,300,6,2633,sha256:e85390d0057e05b7f46b94db954b76999b2f8a9a9d1d91d33198faa46cf79de7,697,65536,0,0,17,2,c00 c03 c06,c00 c03 c06,c05 c06 c13
main|astana_clinic|nc16|np25|br1.0|one_heavy|ms3|r300|s7,main,astana_clinic,16,25,1.0,one_heavy,3,300,7,2858,sha256:9c8db645a1072878839180041f31330b1e09499f8c29b376a2532c1f9588cbba,697,65536,0,0,11,2,c06 c09 c11,c06 c09 c11,c06 c09 c10
main|astana_clinic|nc16|np25|br1.0|one_heavy|ms3|r300|s8,main,astana_clinic,16,25,1.0,one_heavy,3,300,8,2817,sha256:8047f12dbb6967eddda5fe1fb8fd0f553b5943e777bb4b4e867eae49053e44b4,697,65536,0,0,8,1,c00 c09 c11,c00 c09 c11,c00 c09 c11
main|astana_clinic|nc16|np25|br1.0|one_heavy|ms3|r300|s9,main,astana_clinic,16,25,1.0,one_heavy,3,300,9,2453,sha256:6d588b69e29c885c8a1db50e72ec89986e95f557c4099194a80cc638de42df5d,697,65536,0,0,8,2,c01 c08 c11,c01 c11 c12,c01 c08 c11
main|astana_clinic_nobase|nc6|np5|br0.25|uniform|ms3|r300|s0,main,astana_clinic_nobase,6,5,0.25,uniform,3,300,0,545,sha256:10b595173628878ed0b14041abe04f0a8964e7543727abffda243b0962fbb968,4,64,1,5,2,2,c05,c02,c05
main|astana_clinic_nobase|nc6|np5|br0.25|uniform|ms3|r300|s1,main,astana_clinic_nobase,6,5,0.25,uniform,3,300,1,490,sha256:24aa0fa75687f2502696c68987ac20118cd115cd116508359dc4540f97c2dfde,3,64,1,5,2,2,c01,c01,c02
main|astana_clinic_nobase|nc6|np5|br0.25|uniform|ms3|r300|s2,main,astana_clinic_nobase,6,5,0.25,uniform,3,300,2,697,sha256:5e2d9c60ebfd7ffab11732c917afc862a5d24d68cbd8061dd7772c88e35381a5,4,64,1,5,2,1,c04,c04,c04
main|astana_clinic_nobase|nc6|np5|br0.25|uniform|ms3|r300|s3,main,astana_clinic_nobase,6,5,0.25,uniform,3,300,3,433,sha256:c423694b33cd3aaeadc1191e48acd3bbe0e1d904b856bb2b90bb5122ebec3756,3,64,1,5,1,1,c04,c04,c04
main|astana_clinic_nobase|nc6|np5|br0.25|uniform|ms3|r300|s4,main,astana_clinic_nobase,6,5,0.25,uniform,3,300,4,573,sha256:78df9178c8d3a5aede9a648cfcb6d2c09f873514af424cc1dd7b95390d7f6c22,4,64,1,5,2,1,c02,c02,c02
main|astana_clinic_nobase|nc6|np5|br0.25|uniform|ms3|r300|s5,main,astana_clinic_nobase,6,5,0.25,uniform,3,300,5,656,sha256:6f427421e461b5d6e2a3305f80f34c0b5009d91671ede903206d666bba4c4cf7,6,64,1,5,5,1,c01 c03,c01 c03,c01 c03
main|astana_clinic_nobase|nc6|np5|br0.25|uniform|ms3|r300|s6,main,astana_clinic_nobase,6,5,0.25,uniform,3,300,6,597,sha256:a441bd5afb809a35adc347de36b28db87f740709952efe34b2a653392e231f5d,4,64,1,5,1,2,c05,c04,c05
main|astana_clinic_nobase|nc6|np5|br0.25|uniform|ms3|r300|s7,main,astana_clinic_nobase,6,5,0.25,uniform,3,300,7,498,sha256:85f919967a532bacf251d7461683441476e40a4d0b90b519010c1a0dacb86a9d,7,64,1,5,2,1,c00 c01,c00 c01,c00 c01
main|astana_clinic_nobase|nc6|np5|br0.25|uniform|ms3|r300|s8,main,astana_clinic_nobase,6,5,0.25,uniform,3,300,8,330,sha256:39211db996a4f15050d6a108805de5cb354d028dcc3b62411f1a8dd042be3273,5,64,1,5,2,1,c04,c04,c04
main|astana_clinic_nobase|nc6|np5|br0.25|uniform|ms3|r300|s9,main,astana_clinic_nobase,6,5,0.25,uniform,3,300,9,501,sha256:ebdb84b1c24155ec428daed67389ad23e5f83e73711faa449d75bf619a696995,4,64,1,5,2,1,c03 c04,c03 c04,c03 c04
main|astana_clinic_nobase|nc6|np5|br0.25|random_1_100|ms3|r300|s0,main,astana_clinic_nobase,6,5,0.25,random_1_100,3,300,0,545,sha256:f36af5feba338225e9582d4018a31d6a3648ed266da08915be386c286400a57d,4,64,1,5,2,2,c03,c02,c03
main|astana_clinic_nobase|nc6|np5|br0.25|random_1_100|ms3|r300|s1,main,astana_clinic_nobase,6,5,0.25,random_1_100,3,300,1,490,sha256:67c37cab3e41212e4eba5ea3e11c9e61798c5d8e10ed77ec546553cdcc58aeb3,3,64,1,5,2,2,c01,c01,c02
main|astana_clinic_nobase|nc6|np5|br0.25|random_1_100|ms3|r300|s2,main,astana_clinic_nobase,6,5,0.25,random_1_100,3,300,2,697,sha256:c27cead0022f939ca5f4ff7ca8e024193f0633ae9d4db9091c11ad59036f5ebc,4,64,1,5,2,1,c04,c04,c04
main|astana_clinic_nobase|nc6|np5|br0.25|random_1_100|ms3|r300|s3,main,astana_clinic_nobase,6,5,0.25,random_1_100,3,300,3,433,sha256:2367f1d3adb7c57b27a43d3c3b9be0f5727ec0a475fdfeccd148ee66df4de0c7,3,64,1,5,1,1,c04,c04,c04
main|astana_clinic_nobase|nc6|np5|br0.25|random_1_100|ms3|r300|s4,main,astana_clinic_nobase,6,5,0.25,random_1_100,3,300,4,573,sha256:6939681abcd1ef0d401c1ece425e0b6a8c951581f7c43e10fcaf33bd6ea0aaee,4,64,1,5,1,2,c03,c02,c03
main|astana_clinic_nobase|nc6|np5|br0.25|random_1_100|ms3|r300|s5,main,astana_clinic_nobase,6,5,0.25,random_1_100,3,300,5,656,sha256:51f78b2063ee522203f021fb959d09f8cfb988f5fb2a350af0b32d3025b0ce9f,6,64,1,5,5,1,c01 c03,c01 c03,c01 c03
main|astana_clinic_nobase|nc6|np5|br0.25|random_1_100|ms3|r300|s6,main,astana_clinic_nobase,6,5,0.25,random_1_100,3,300,6,597,sha256:87ada627db84247adbe94d021b57652f7d3d58f920cf8c11ea7c5a8ad1ea1adc,4,64,1,5,1,2,c05,c04,c05
main|astana_clinic_nobase|nc6|np5|br0.25|random_1_100|ms3|r300|s7,main,astana_clinic_nobase,6,5,0.25,random_1_100,3,300,7,498,sha256:4315b876c5d0c1d105e6f5a8a04c96db4cf908fcc770a38369c320cd093acd83,7,64,1,5,2,1,c00 c01,c00 c01,c00 c01
main|astana_clinic_nobase|nc6|np5|br0.25|random_1_100|ms3|r300|s8,main,astana_clinic_nobase,6,5,0.25,random_1_100,3,300,8,330,sha256:d3ebddd8962b661d5144ce05ff17e6afe54d70a72155f3f0cab64423b79878a3,5,64,1,5,2,1,c04,c04,c04
main|astana_clinic_nobase|nc6|np5|br0.25|random_1_100|ms3|r300|s9,main,astana_clinic_nobase,6,5,0.25,random_1_100,3,300,9,501,sha256:1c34891cc82db7f52201c4dbc75a11ab457cea1313d8ef125a5a27f6ddd28fad,4,64,1,5,2,1,c03 c04,c03 c04,c03 c04
main|astana_clinic_nobase|nc6|np5|br0.25|one_heavy|ms3|r300|s0,main,astana_clinic_nobase,6,5,0.25,one_heavy,3,300,0,545,sha256:cf2e065117859cc38bb380f838d6f8c3bd3b08301613c88e458a1b600a019783,4,64,1,5,2,2,c05,c02,c05
main|astana_clinic_nobase|nc6|np5|br0.25|one_heavy|ms3|r300|s1,main,astana_clinic_nobase,6,5,0.25,one_heavy,3,300,1,490,sha256:48781cc138b897f88618eaf58da406e46fdb04b4eafc26c4527acecf7f0617fd,3,64,1,5,2,2,c01,c01,c02
main|astana_clinic_nobase|nc6|np5|br0.25|one_heavy|ms3|r300|s2,main,astana_clinic_nobase,6,5,0.25,one_heavy,3,300,2,697,sha256:fb74966ffd108b964ab4e40b1117c4540d9664707af8226eb684e9bc02d7fa5d,4,64,1,5,2,1,c04,c04,c04
main|astana_clinic_nobase|nc6|np5|br0.25|one_heavy|ms3|r300|s3,main,astana_clinic_nobase,6,5,0.25,one_heavy,3,300,3,433,sha256:ccd118a3b58a57fe543cc2abc148bc8e3688a01a48877728edba5be760d1224f,3,64,1,5,1,1,c04,c04,c04
main|astana_clinic_nobase|nc6|np5|br0.25|one_heavy|ms3|r300|s4,main,astana_clinic_nobase,6,5,0.25,one_heavy,3,300,4,573,sha256:b5d0a2627ff220866d7a1933f435e8d69b7768904f2ef1bdc40462e7c7f697ae,4,64,1,5,1,2,c03,c02,c03
main|astana_clinic_nobase|nc6|np5|br0.25|one_heavy|ms3|r300|s5,main,astana_clinic_nobase,6,5,0.25,one_heavy,3,300,5,656,sha256:c1c4714325b5f7fe50f49d8b4ec6413b472f0f105008dd31c49b723eb14ca766,6,64,1,5,3,1,c01 c03,c01 c03,c01 c03
main|astana_clinic_nobase|nc6|np5|br0.25|one_heavy|ms3|r300|s6,main,astana_clinic_nobase,6,5,0.25,one_heavy,3,300,6,597,sha256:1d744b95cb2fb1d3599603e43c3c1df16d7b8a29a2ace55f03d8ca30b3b7233b,4,64,1,5,1,2,c05,c04,c05
main|astana_clinic_nobase|nc6|np5|br0.25|one_heavy|ms3|r300|s7,main,astana_clinic_nobase,6,5,0.25,one_heavy,3,300,7,498,sha256:9c21f16bdeaca10ae0df0880984a82ab72680dd040c901d3ed441f531e39672e,7,64,1,5,2,1,c00 c01,c00 c01,c00 c01
main|astana_clinic_nobase|nc6|np5|br0.25|one_heavy|ms3|r300|s8,main,astana_clinic_nobase,6,5,0.25,one_heavy,3,300,8,330,sha256:d05ae5818ce5a31bd2e4356dc92e116a2769c1cbde1a50f694bda608e94e2dd7,5,64,1,5,2,1,c04,c04,c04
main|astana_clinic_nobase|nc6|np5|br0.25|one_heavy|ms3|r300|s9,main,astana_clinic_nobase,6,5,0.25,one_heavy,3,300,9,501,sha256:4d046484157675c04039759b9f92297cfe4cb90a12865375faf73d75d5394d29,4,64,1,5,2,1,c03 c04,c03 c04,c03 c04
main|astana_clinic_nobase|nc6|np5|br0.5|uniform|ms3|r300|s0,main,astana_clinic_nobase,6,5,0.5,uniform,3,300,0,1090,sha256:bb58d8938b79a9d5d7b5981aaeb684d2fb7e048f5943e8c6e5dcb2a4e8288b9d,15,64,1,5,8,2,c03 c04,c01 c05,c03 c04
main|astana_clinic_nobase|nc6|np5|br0.5|uniform|ms3|r300|s1,main,astana_clinic_nobase,6,5,0.5,uniform,3,300,1,980,sha256:a580d5bb2156a5d9a6806ae4a682ae4e3da4626e164a83b6b2ad127168dae6ba,11,64,1,5,4,1,c00 c02,c00 c02,c00 c02
main|astana_clinic_nobase|nc6|np5|br0.5|uniform|ms3|r300|s2,main,astana_clinic_nobase,6,5,0.5,uniform,3,300,2,1394,sha256:aca0bdb97537898bcd374dc4035dcdf6f04409b2a8d2b965f4c2c4edc0d2074e,14,64,1,5,4,1,c01 c04,c01 c04,c01 c04
main|astana_clinic_nobase|nc6|np5|br0.5|uniform|ms3|r300|s3,main,astana_clinic_nobase,6,5,0.5,uniform,3,300,3,867,sha256:899bcf14b483c6ffc91cf70f64567d1c41dd17616281355d7daf188616e5b061,16,64,1,5,5,1,c02 c04,c02 c04,c02 c04
main|astana_clinic_nobase|nc6|np5|br0.5|uniform|ms3|r300|s4,main,astana_clinic_nobase,6,5,0.5,uniform,3,300,4,1146,sha256:4ace4fe8c652f19b5e77071e5ef45047c9d357499da99daf526ac33448bf78e8,14,64,1,5,4,2,c00 c03,c03 c04,c00 c03
main|astana_clinic_nobase|nc6|np5|br0.5|uniform|ms3|r300|s5,main,astana_clinic_nobase,6,5,0.5,uniform,3,300,5,1312,sha256:056e16cc4ca74a2e37c3219e43708cc170de71b8c732d9c12780f3263acc840a,19,64,1,5,9,2,c01 c02 c05,c01 c04,c01 c02 c05
main|astana_clinic_nobase|nc6|np5|br0.5|uniform|ms3|r300|s6,main,astana_clinic_nobase,6,5,0.5,uniform,3,300,6,1195,sha256:4e368105857098373cf2d53c5bff6d575708b3f14419193275681381c504ea01,17,64,1,5,4,1,c02 c05,c02 c05,c02 c05
main|astana_clinic_nobase|nc6|np5|br0.5|uniform|ms3|r300|s7,main,astana_clinic_nobase,6,5,0.5,uniform,3,300,7,996,sha256:6597a31c0c294201bf008a65c4ee32b1ba3f1e65c30d58d6c93af494f6721c7a,20,64,1,5,4,2,c00 c01 c05,c01 c03,c00 c01 c05
main|astana_clinic_nobase|nc6|np5|br0.5|uniform|ms3|r300|s8,main,astana_clinic_nobase,6,5,0.5,uniform,3,300,8,661,sha256:cb9998a9167ee49ac72aa09303fd48c24c271ce8fd3b74ba6ed2ac91292e7c96,16,64,1,5,3,1,c00 c04,c00 c04,c00 c04
main|astana_clinic_nobase|nc6|np5|br0.5|uniform|ms3|r300|s9,main,astana_clinic_nobase,6,5,0.5,uniform,3,300,9,1003,sha256:0cf7ee2753b1af07d5e4dda78863f172cfe9489fefa25be8c220526fb3cb0565,18,64,1,5,4,1,c00 c03,c00 c03,c00 c03
main|astana_clinic_nobase|nc6|np5|br0.5|random_1_100|ms3|r300|s0,main,astana_clinic_nobase,6,5,0.5,random_1_100,3,300,0,1090,sha256:2297618ab8e8d264cb63031ea16fbc272052c6fcfad0f95b67ba2573b7c9011f,15,64,1,5,8,2,c03 c04,c01 c05,c03 c04
main|astana_clinic_nobase|nc6|np5|br0.5|random_1_100|ms3|r300|s1,main,astana_clinic_nobase,6,5,0.5,random_1_100,3,300,1,980,sha256:ed4f600a8a1ea71b0cace012c7d18b3a9d5eb0c231e0911f9e50cbda439be3df,11,64,1,5,4,1,c00 c02,c00 c02,c00 c02
main|astana_clinic_nobase|nc6|np5|br0.5|random_1_100|ms3|r300|s2,main,astana_clinic_nobase,6,5,0.5,random_1_100,3,300,2,1394,sha256:2aa9f82082163e4c839998d5eebbd810c4d87e4afeb816544fb668d582132375,14,64,1,5,5,2,c04 c05,c01 c04,c04 c05
main|astana_clinic_nobase|nc6|np5|br0.5|random_1_100|ms3|r300|s3,main,astana_clinic_nobase,6,5,0.5,random_1_100,3,300,3,867,sha256:6ce86dd33281943f2d9cc501fd7c22cf64e00b986c2bb472944fa8412452ee2e,16,64,1,5,4,1,c02 c04,c02 c04,c02 c04
main|astana_clinic_nobase|nc6|np5|br0.5|random_1_100|ms3|r300|s4,main,astana_clinic_nobase,6,5,0.5,random_1_100,3,300,4,1146,sha256:e9eb21489a2e93b30844652f783c5a53579b52a30fc84972d5be82b6c2852226,14,64,1,5,4,1,c03 c04,c03 c04,c03 c04
main|astana_clinic_nobase|nc6|np5|br0.5|random_1_100|ms3|r300|s5,main,astana_clinic_nobase,6,5,0.5,random_1_100,3,300,5,1312,sha256:82fdff87659902a7c026f3d598abea31e79cc91ca116514be146c02ca843e46e,19,64,1,5,9,2,c01 c02 c05,c01 c04,c01 c02 c05
main|astana_clinic_nobase|nc6|np5|br0.5|random_1_100|ms3|r300|s6,main,astana_clinic_nobase,6,5,0.5,random_1_100,3,300,6,1195,sha256:1c356a48d1d0c7124e0f330b8f075c4181c80ee3b577cd3897295eee36bae8d2,17,64,1,5,4,1,c02 c05,c02 c05,c02 c05
main|astana_clinic_nobase|nc6|np5|br0.5|random_1_100|ms3|r300|s7,main,astana_clinic_nobase,6,5,0.5,random_1_100,3,300,7,996,sha256:1392a44611880c3aa1a8a8965c464225b6be8b0b4611306203906cb4f16065d3,20,64,1,5,4,2,c00 c01 c05,c01 c03,c00 c01 c05
main|astana_clinic_nobase|nc6|np5|br0.5|random_1_100|ms3|r300|s8,main,astana_clinic_nobase,6,5,0.5,random_1_100,3,300,8,661,sha256:f9eba1ae517cebb9bfad880345b21e2f6647d54d09a1eab6e8d814d446057b66,16,64,1,5,3,1,c00 c04,c00 c04,c00 c04
main|astana_clinic_nobase|nc6|np5|br0.5|random_1_100|ms3|r300|s9,main,astana_clinic_nobase,6,5,0.5,random_1_100,3,300,9,1003,sha256:8a4bc9f0a010069137cdc21915842acd689dc6d146009da825e30f97f2eb06ea,18,64,1,5,4,1,c00 c03,c00 c03,c00 c03
main|astana_clinic_nobase|nc6|np5|br0.5|one_heavy|ms3|r300|s0,main,astana_clinic_nobase,6,5,0.5,one_heavy,3,300,0,1090,sha256:2c5439dd3842914b0703fa902d5016bc3bca744a8a2babf62f3e858f894d11c4,15,64,1,5,5,2,c03 c04,c01 c05,c03 c04
main|astana_clinic_nobase|nc6|np5|br0.5|one_heavy|ms3|r300|s1,main,astana_clinic_nobase,6,5,0.5,one_heavy,3,300,1,980,sha256:bd50363f7772b40f002b2b222cda7f9da33a32cf4cfc500aa9878b5b2babed54,11,64,1,5,4,2,c02 c04,c00 c02,c02 c04
main|astana_clinic_nobase|nc6|np5|br0.5|one_heavy|ms3|r300|s2,main,astana_clinic_nobase,6,5,0.5,one_heavy,3,300,2,1394,sha256:8ec98342f7e381bc172f5b9da09145caed75177c2b5acfc5130a9ed82d6d32a3,14,64,1,5,4,2,c01 c03,c01 c04,c01 c03
main|astana_clinic_nobase|nc6|np5|br0.5|one_heavy|ms3|r300|s3,main,astana_clinic_nobase,6,5,0.5,one_heavy,3,300,3,867,sha256:134f9bd3cba681e41addc47a1d7ce08cf128b1050c1db62b91ada8bde5f5f669,16,64,1,5,5,1,c02 c04,c02 c04,c02 c04
main|astana_clinic_nobase|nc6|np5|br0.5|one_heavy|ms3|r300|s4,main,astana_clinic_nobase,6,5,0.5,one_heavy,3,300,4,1146,sha256:adec0844566506ead34539d6ac9c8ac258d739b0e74653403a89b402ff96a302,14,64,1,5,3,2,c00 c03,c03 c04,c00 c03
main|astana_clinic_nobase|nc6|np5|br0.5|one_heavy|ms3|r300|s5,main,astana_clinic_nobase,6,5,0.5,one_heavy,3,300,5,1312,sha256:ce926129b11b3870432bb6ba1138fe80f445268d3a44e8c7cb3d608f1bb4075a,19,64,1,5,5,2,c01 c02 c05,c01 c04,c01 c02 c05
main|astana_clinic_nobase|nc6|np5|br0.5|one_heavy|ms3|r300|s6,main,astana_clinic_nobase,6,5,0.5,one_heavy,3,300,6,1195,sha256:e16281eea7e5f371317b021f8f8659fa5bfb7a97dba56a5fbb874e9a72580352,17,64,1,5,5,2,c03 c04,c02 c05,c02 c05
main|astana_clinic_nobase|nc6|np5|br0.5|one_heavy|ms3|r300|s7,main,astana_clinic_nobase,6,5,0.5,one_heavy,3,300,7,996,sha256:93fc8c9e1753a46e5feb1c6c0e3471baafde62309554550264f18955fecb01cd,20,64,1,5,4,2,c01 c03,c01 c03,c00 c01 c05
main|astana_clinic_nobase|nc6|np5|br0.5|one_heavy|ms3|r300|s8,main,astana_clinic_nobase,6,5,0.5,one_heavy,3,300,8,661,sha256:bdd64670864d2b2132642b1f6c3178fbf2a380f174ea81add5bf5cc9d940712c,16,64,1,5,3,1,c00 c04,c00 c04,c00 c04
main|astana_clinic_nobase|nc6|np5|br0.5|one_heavy|ms3|r300|s9,main,astana_clinic_nobase,6,5,0.5,one_heavy,3,300,9,1003,sha256:5708a0f39fa10dcaf2298d34c173c9af13c302f7e2dd53e66a94d28103054580,18,64,1,5,7,2,c01 c03 c04,c01 c03 c04,c00 c03
main|astana_clinic_nobase|nc6|np5|br0.75|uniform|ms3|r300|s0,main,astana_clinic_nobase,6,5,0.75,uniform,3,300,0,1635,sha256:7534537abf4297688a6f03144babeb0e8bddc850f8e19d94498aebdf7fe1db5e,32,64,1,5,11,1,c01 c04 c05,c01 c04 c05,c01 c04 c05
main|astana_clinic_nobase|nc6|np5|br0.75|uniform|ms3|r300|s1,main,astana_clinic_nobase,6,5,0.75,uniform,3,300,1,1470,sha256:ef6361ec16609222a985d5414aeddefd8be1de0d96bc34d22b345157dca7e317,25,64,1,5,5,1,c00 c01 c02,c00 c01 c02,c00 c01 c02
main|astana_clinic_nobase|nc6|np5|br0.75|uniform|ms3|r300|s2,main,astana_clinic_nobase,6,5,0.75,uniform,3,300,2,2091,sha256:0f9d9adf71df850517feecb59ad98bb2ff7a91a49c72ddc40b449456dcbe43a2,32,64,1,5,8,2,c03 c04 c05,c01 c04 c05,c03 c04 c05
main|astana_clinic_nobase|nc6|np5|br0.75|uniform|ms3|r300|s3,main,astana_clinic_nobase,6,5,0.75,uniform,3,300,3,1301,sha256:9a5a3cf0c209845fbf64402c3ce57aaa6ee102d471e902b124e36e8a1f1092ef,30,64,1,5,5,1,c02 c04,c02 c04,c02 c04
main|astana_clinic_nobase|nc6|np5|br0.75|uniform|ms3|r300|s4,main,astana_clinic_nobase,6,5,0.75,uniform,3,300,4,1719,sha256:7b6614e614287cbc9b033cd09fcda205736f25c6a102a75ab9e65cf66eaf6692,32,64,1,5,5,1,c00 c03 c04,c00 c03 c04,c00 c03 c04
main|astana_clinic_nobase|nc6|np5|br0.75|uniform|ms3|r300|s5,main,astana_clinic_nobase,6,5,0.75,uniform,3,300,5,1968,sha256:edcdeb181b66cfca90718e9e461da59db6960c90d29cafd956368660fde19f9a,35,64,1,5,14,1,c01 c02 c04,c01 c02 c04,c01 c02 c04
main|astana_clinic_nobase|nc6|np5|br0.75|uniform|ms3|r300|s6,main,astana_clinic_nobase,6,5,0.75,uniform,3,300,6,1793,sha256:21a666cb24d31468850424aed5c122f6534c6caafa3e104916179fb6598444e1,32,64,1,5,6,2,c00 c02 c05,c02 c03,c00 c02 c05
main|astana_clinic_nobase|nc6|np5|br0.75|uniform|ms3|r300|s7,main,astana_clinic_nobase,6,5,0.75,uniform,3,300,7,1494,sha256:0c79f4049c866ea4ed3a4dbebbe3d0cdaf4b78bf14a8cebafdb7754c177ca2e5,35,64,1,5,5,2,c01 c03 c05,c01 c03 c05,c00 c01 c05
main|astana_clinic_nobase|nc6|np5|br0.75|uniform|ms3|r300|s8,main,astana_clinic_nobase,6,5,0.75,uniform,3,300,8,992,sha256:92228aa2c17bc2ecbeef79f08672372e2bf6e9f1acf438dbfd97087eca95bd34,31,64,1,5,4,1,c04 c05,c04 c05,c04 c05
main|astana_clinic_nobase|nc6|np5|br0.75|uniform|ms3|r300|s9,main,astana_clinic_nobase,6,5,0.75,uniform,3,300,9,1504,sha256:354427063915e8b6784e6b8ba310e769f0ae0e398d6f4618be02c52386043b68,32,64,1,5,6,1,c00 c03 c05,c00 c03 c05,c00 c03 c05
main|astana_clinic_nobase|nc6|np5|br0.75|random_1_100|ms3|r300|s0,main,astana_clinic_nobase,6,5,0.75,random_1_100,3,300,0,1635,sha256:bf0ca0bc534f38438aa21e0448bd9ccb9356cb978aeb42f1cb4d79a8d005399b,32,64,1,5,11,2,c00 c04,c01 c04 c05,c00 c04
main|astana_clinic_nobase|nc6|np5|br0.75|random_1_100|ms3|r300|s1,main,astana_clinic_nobase,6,5,0.75,random_1_100,3,300,1,1470,sha256:23ed613aedf21e2a69a396fe3a46aa757669115f46a5ea7970c0e2c3972756ab,25,64,1,5,5,1,c00 c01 c02,c00 c01 c02,c00 c01 c02
main|astana_clinic_nobase|nc6|np5|br0.75|random_1_100|ms3|r300|s2,main,astana_clinic_nobase,6,5,0.75,random_1_100,3,300,2,2091,sha256:1b42ce3d6b5531799301a8544aec326173b4171df95c6d1f3146c4d3e1e159ac,32,64,1,5,8,2,c03 c04 c05,c01 c04 c05,c03 c04 c05
main|astana_clinic_nobase|nc6|np5|br0.75|random_1_100|ms3|r300|s3,main,astana_clinic_nobase,6,5,0.75,random_1_100,3,300,3,1301,sha256:3da386d67ce74f09b93e6e441351e930898362d596ce2fcb1e1646a38cdc98da,30,64,1,5,4,1,c02 c04,c02 c04,c02 c04
main|astana_clinic_nobase|nc6|np5|br0.75|random_1_100|ms3|r300|s4,main,astana_clinic_nobase,6,5,0.75,random_1_100,3,300,4,1719,sha256:bc34861d311a48cc256bb9541cd4f8c92f63abbc5fe541ec1c3adb7df3c5ad01,32,64,1,5,5,1,c00 c03 c04,c00 c03 c04,c00 c03 c04
main|astana_clinic_nobase|nc6|np5|br0.75|random_1_100|ms3|r300|s5,main,astana_clinic_nobase,6,5,0.75,random_1_100,3,300,5,1968,sha256:6ff47f1ef07cdf1ae494bd777046787d2e44bce42e108185d3f5aca97a2733c6,35,64,1,5,13,1,c01 c02 c04,c01 c02 c04,c01 c02 c04
main|astana_clinic_nobase|nc6|np5|br0.75|random_1_100|ms3|r300|s6,main,astana_clinic_nobase,6,5,0.75,random_1_100,3,300,6,1793,sha256:e93187df2a2e3901a8a0d3d72596b88e9f51c014ffcf22bd58fde409e3b058a5,32,64,1,5,6,2,c00 c02 c05,c02 c03,c00 c02 c05
main|astana_clinic_nobase|nc6|np5|br0.75|random_1_100|ms3|r300|s7,main,astana_clinic_nobase,6,5,0.75,random_1_100,3,300,7,1494,sha256:22d71c4c5f56012c8074006e7f9dd8913650b77877819c02faeb0534b8ae4827,35,64,1,5,5,2,c01 c03 c05,c01 c03 c05,c00 c01 c05
main|astana_clinic_nobase|nc6|np5|br0.75|random_1_100|ms3|r300|s8,main,astana_clinic_nobase,6,5,0.75,random_1_100,3,300,8,992,sha256:2ac0b68b40f739e6a2eefc46888758590ba7cb6a56a76a4a37229dc06a8280a3,31,64,1,5,4,1,c04 c05,c04 c05,c04 c05
main|astana_clinic_nobase|nc6|np5|br0.75|random_1_100|ms3|r300|s9,main,astana_clinic_nobase,6,5,0.75,random_1_100,3,300,9,1504,sha256:b756da4f23f886aff49af3f45512e20ed4766e9d01a1e22db276c7ab70707598,32,64,1,5,7,2,c00 c01 c03,c00 c03 c05,c00 c01 c03
main|astana_clinic_nobase|nc6|np5|br0.75|one_heavy|ms3|r300|s0,main,astana_clinic_nobase,6,5,0.75,one_heavy,3,300,0,1635,sha256:1696ea26850c2374fdbb3f43aebef5b7a4901d204a5555c87e8180b63dc11d56,32,64,1,5,8,1,c01 c04 c05,c01 c04 c05,c01 c04 c05
main|astana_clinic_nobase|nc6|np5|br0.75|one_heavy|ms3|r300|s1,main,astana_clinic_nobase,6,5,0.75,one_heavy,3,300,1,1470,sha256:1579227a88cf394dff724c8352594260edfeebf021ad883752ac8666ba356523,25,64,1,5,6,2,c00 c04,c00 c01 c02,c00 c04
main|astana_clinic_nobase|nc6|np5|br0.75|one_heavy|ms3|r300|s2,main,astana_clinic_nobase,6,5,0.75,one_heavy,3,300,2,2091,sha256:ed7264bf531dfbe1d0a3490ce849ac8909db89ffb177804aecd82d5a4aad8961,32,64,1,5,8,2,c03 c04 c05,c01 c04 c05,c03 c04 c05
main|astana_clinic_nobase|nc6|np5|br0.75|one_heavy|ms3|r300|s3,main,astana_clinic_nobase,6,5,0.75,one_heavy,3,300,3,1301,sha256:29377454f898458e3655a70c77c882e53739091dbe2e1fd243c1fc9929213e41,30,64,1,5,5,1,c02 c04,c02 c04,c02 c04
main|astana_clinic_nobase|nc6|np5|br0.75|one_heavy|ms3|r300|s4,main,astana_clinic_nobase,6,5,0.75,one_heavy,3,300,4,1719,sha256:600ea5c6d9b9aade23efcfd9ee6c39e6a45aea8153e4226bfed516d28d627c0b,32,64,1,5,4,1,c00 c03 c04,c00 c03 c04,c00 c03 c04
main|astana_clinic_nobase|nc6|np5|br0.75|one_heavy|ms3|r300|s5,main,astana_clinic_nobase,6,5,0.75,one_heavy,3,300,5,1968,sha256:8184e0624fad542e1cf22518235a9df53172db1b475b3ebe1bc4ac073b982f4c,35,64,1,5,8,1,c01 c02 c04,c01 c02 c04,c01 c02 c04
main|astana_clinic_nobase|nc6|np5|br0.75|one_heavy|ms3|r300|s6,main,astana_clinic_nobase,6,5,0.75,one_heavy,3,300,6,1793,sha256:b02f5f9ae044b01e8ef18610d9751b40ee16c41a6d98744c56458151d121f55e,32,64,1,5,7,2,c02 c03,c02 c03,c00 c02 c05
main|astana_clinic_nobase|nc6|np5|br0.75|one_heavy|ms3|r300|s7,main,astana_clinic_nobase,6,5,0.75,one_heavy,3,300,7,1494,sha256:0cd182d6c6ae02c6c0ffb0a66b334612a8c2ac66161619dbcceeb81fdf83049c,35,64,1,5,6,2,c01 c03 c05,c01 c03 c05,c00 c01 c03
main|astana_clinic_nobase|nc6|np5|br0.75|one_heavy|ms3|r300|s8,main,astana_clinic_nobase,6,5,0.75,one_heavy,3,300,8,992,sha256:c44b69ffc79bd520ab09e025bfccc7717121d65beb272eb6499acdd16384d125,31,64,1,5,4,1,c04 c05,c04 c05,c04 c05
main|astana_clinic_nobase|nc6|np5|br0.75|one_heavy|ms3|r300|s9,main,astana_clinic_nobase,6,5,0.75,one_heavy,3,300,9,1504,sha256:874704fb1b24668e54647ae0267c0ce7b3b4dcea63c1f645078d827275ef23c5,32,64,1,5,9,2,c00 c01 c03,c00 c03 c05,c00 c01 c03
main|astana_clinic_nobase|nc6|np5|br1.0|uniform|ms3|r300|s0,main,astana_clinic_nobase,6,5,1.0,uniform,3,300,0,2181,sha256:5bcfa40cd47234a7ff657452dcf8a481a4f5475eaf4427e2db68e9a05ee9e6ae,42,64,0,5,13,1,c00 c04 c05,c00 c04 c05,c00 c04 c05
main|astana_clinic_nobase|nc6|np5|br1.0|uniform|ms3|r300|s1,main,astana_clinic_nobase,6,5,1.0,uniform,3,300,1,1961,sha256:6a9d669a7632bef6c8fb488857cb321506fd21ed331041d089f491f08ba7659b,42,64,0,5,6,1,c00 c02 c04,c00 c02 c04,c00 c02 c04
main|astana_clinic_nobase|nc6|np5|br1.0|uniform|ms3|r300|s2,main,astana_clinic_nobase,6,5,1.0,uniform,3,300,2,2789,sha256:8121de0973d068afa2f5f3bc854d22cbc9a5db1ee6bafcb457f2cde46df65a15,42,64,0,5,8,2,c03 c04 c05,c01 c04 c05,c03 c04 c05
main|astana_clinic_nobase|nc6|np5|br1.0|uniform|ms3|r300|s3,main,astana_clinic_nobase,6,5,1.0,uniform,3,300,3,1735,sha256:af4ae929189dd291deea4c9ec8a1d9d95bb2f744224abe149c5b8d0e5586d607,42,64,0,5,6,1,c00 c02 c04,c00 c02 c04,c00 c02 c04
main|astana_clinic_nobase|nc6|np5|br1.0|uniform|ms3|r300|s4,main,astana_clinic_nobase,6,5,1.0,uniform,3,300,4,2292,sha256:077d05bb2657334b49ab3467853ca2e7ada978606e49fcb27b2b37be3d73b4e7,42,64,0,5,5,1,c00 c03 c04,c00 c03 c04,c00 c03 c04
main|astana_clinic_nobase|nc6|np5|br1.0|uniform|ms3|r300|s5,main,astana_clinic_nobase,6,5,1.0,uniform,3,300,5,2624,sha256:e169c9aae951a5ef6b3b434dd2fae2f4473ecd8d1711a112c8dca13d84bb1079,42,64,0,5,16,1,c02 c03 c04,c02 c03 c04,c02 c03 c04
main|astana_clinic_nobase|nc6|np5|br1.0|uniform|ms3|r300|s6,main,astana_clinic_nobase,6,5,1.0,uniform,3,300,6,2391,sha256:63f05e15fc9384e57100c9dd8c935bc88458cffc77e4ca43923c380b2031f51a,42,64,0,5,7,1,c02 c03 c05,c02 c03 c05,c02 c03 c05
main|astana_clinic_nobase|nc6|np5|br1.0|uniform|ms3|r300|s7,main,astana_clinic_nobase,6,5,1.0,uniform,3,300,7,1993,sha256:3a8c34984205b0be393546bafd78a8804bcc259bb7111f819c9ff9280f73e189,42,64,0,5,5,2,c01 c03 c05,c01 c03 c05,c00 c01 c05
main|astana_clinic_nobase|nc6|np5|br1.0|uniform|ms3|r300|s8,main,astana_clinic_nobase,6,5,1.0,uniform,3,300,8,1323,sha256:04093aa31f660bf7a490feb061dc71ffb69b63110bb775e741e33dcd6ad4eee1,42,64,0,5,4,1,c04 c05,c04 c05,c04 c05
main|astana_clinic_nobase|nc6|np5|br1.0|uniform|ms3|r300|s9,main,astana_clinic_nobase,6,5,1.0,uniform,3,300,9,2006,sha256:d502a4b49c57dd8bc4f0acec53951fddaf855f5f15dd23483b22478daf6f6cde,42,64,0,5,7,1,c00 c01 c05,c00 c01 c05,c00 c01 c05
main|astana_clinic_nobase|nc6|np5|br1.0|random_1_100|ms3|r300|s0,main,astana_clinic_nobase,6,5,1.0,random_1_100,3,300,0,2181,sha256:5991dc19549fd2f8f10f06e6ad31938277a17c5d02b1a789fab9743b2da0e20f,42,64,0,5,13,1,c00 c04 c05,c00 c04 c05,c00 c04 c05
main|astana_clinic_nobase|nc6|np5|br1.0|random_1_100|ms3|r300|s1,main,astana_clinic_nobase,6,5,1.0,random_1_100,3,300,1,1961,sha256:e34af824890b57290ee347df07c867424068377731a22be451a10bf2d0ecf6fd,42,64,0,5,6,1,c00 c02 c04,c00 c02 c04,c00 c02 c04
main|astana_clinic_nobase|nc6|np5|br1.0|random_1_100|ms3|r300|s2,main,astana_clinic_nobase,6,5,1.0,random_1_100,3,300,2,2789,sha256:9d9a502d74afb0f8119b26fb27bec03e362f4082b12d452638388ee7e52340fd,42,64,0,5,8,2,c03 c04 c05,c01 c04 c05,c03 c04 c05
main|astana_clinic_nobase|nc6|np5|br1.0|random_1_100|ms3|r300|s3,main,astana_clinic_nobase,6,5,1.0,random_1_100,3,300,3,1735,sha256:7f1c31f34048f9d46fd18bc83b2a5e351c34c593694d07c0644bd11dbc8fde7b,42,64,0,5,6,1,c00 c02 c04,c00 c02 c04,c00 c02 c04
main|astana_clinic_nobase|nc6|np5|br1.0|random_1_100|ms3|r300|s4,main,astana_clinic_nobase,6,5,1.0,random_1_100,3,300,4,2292,sha256:ed7906735bfaba9cdcf673f48922a46a0e8eeb2c0e7e46aa99aaceeec0430338,42,64,0,5,5,1,c00 c03 c04,c00 c03 c04,c00 c03 c04
main|astana_clinic_nobase|nc6|np5|br1.0|random_1_100|ms3|r300|s5,main,astana_clinic_nobase,6,5,1.0,random_1_100,3,300,5,2624,sha256:07122702b569c4f0d248729bd598584cd7089c7d439f9efe58138ffa2fcbec2a,42,64,0,5,15,1,c02 c03 c04,c02 c03 c04,c02 c03 c04
main|astana_clinic_nobase|nc6|np5|br1.0|random_1_100|ms3|r300|s6,main,astana_clinic_nobase,6,5,1.0,random_1_100,3,300,6,2391,sha256:69930acca60c1006a20a6d7313d04f1103ff8c533f861620f09646e169274c58,42,64,0,5,7,1,c02 c03 c05,c02 c03 c05,c02 c03 c05
main|astana_clinic_nobase|nc6|np5|br1.0|random_1_100|ms3|r300|s7,main,astana_clinic_nobase,6,5,1.0,random_1_100,3,300,7,1993,sha256:aa0a127af4b3f729cc97e2de34478c0ad11bdeed0073fc4898ea330bb897c378,42,64,0,5,5,2,c01 c03 c05,c01 c03 c05,c00 c01 c05
main|astana_clinic_nobase|nc6|np5|br1.0|random_1_100|ms3|r300|s8,main,astana_clinic_nobase,6,5,1.0,random_1_100,3,300,8,1323,sha256:a0c72c2473788115aaf6cc935a7e02cdb4465373f20608be10d0aecc2eb2633d,42,64,0,5,4,1,c04 c05,c04 c05,c04 c05
main|astana_clinic_nobase|nc6|np5|br1.0|random_1_100|ms3|r300|s9,main,astana_clinic_nobase,6,5,1.0,random_1_100,3,300,9,2006,sha256:0063e9c8d1363cad9491661d9f60abf0dc6fce0c864f027256b78c36e873e47f,42,64,0,5,8,1,c00 c01 c05,c00 c01 c05,c00 c01 c05
main|astana_clinic_nobase|nc6|np5|br1.0|one_heavy|ms3|r300|s0,main,astana_clinic_nobase,6,5,1.0,one_heavy,3,300,0,2181,sha256:71137697c8a69baeac527481b1023c9110b7eb021445050fbbfd90592384e64b,42,64,0,5,10,1,c00 c04 c05,c00 c04 c05,c00 c04 c05
main|astana_clinic_nobase|nc6|np5|br1.0|one_heavy|ms3|r300|s1,main,astana_clinic_nobase,6,5,1.0,one_heavy,3,300,1,1961,sha256:56e77c614af872ee42cdb374897d590b340811331ee2b3ce5c23f02763ed7a48,42,64,0,5,7,1,c00 c02 c04,c00 c02 c04,c00 c02 c04
main|astana_clinic_nobase|nc6|np5|br1.0|one_heavy|ms3|r300|s2,main,astana_clinic_nobase,6,5,1.0,one_heavy,3,300,2,2789,sha256:b93b43814f4dc049264bcfa8b4171571f970e4188ccaf665daff5f89c285edde,42,64,0,5,8,2,c03 c04 c05,c01 c04 c05,c03 c04 c05
main|astana_clinic_nobase|nc6|np5|br1.0|one_heavy|ms3|r300|s3,main,astana_clinic_nobase,6,5,1.0,one_heavy,3,300,3,1735,sha256:e1c308f484151f76a4ba74cf3e26424ae2069f6ad892f83403cea691cb4cc468,42,64,0,5,6,1,c00 c02 c04,c00 c02 c04,c00 c02 c04
main|astana_clinic_nobase|nc6|np5|br1.0|one_heavy|ms3|r300|s4,main,astana_clinic_nobase,6,5,1.0,one_heavy,3,300,4,2292,sha256:0b5818a8c45b688b830cbd9a8cd66a13074a0a16d80119b985c64d1b55f21505,42,64,0,5,4,1,c00 c03 c04,c00 c03 c04,c00 c03 c04
main|astana_clinic_nobase|nc6|np5|br1.0|one_heavy|ms3|r300|s5,main,astana_clinic_nobase,6,5,1.0,one_heavy,3,300,5,2624,sha256:5ac39edf6fde2244adf656b7b8a7371a3727a00abb607c84838842335d80b163,42,64,0,5,8,2,c01 c02 c04,c02 c03 c04,c01 c02 c04
main|astana_clinic_nobase|nc6|np5|br1.0|one_heavy|ms3|r300|s6,main,astana_clinic_nobase,6,5,1.0,one_heavy,3,300,6,2391,sha256:07d425ccef7666cadaa5bc2a4515b5316d34e0f87d033af1b25782bba06efb19,42,64,0,5,8,1,c02 c03 c05,c02 c03 c05,c02 c03 c05
main|astana_clinic_nobase|nc6|np5|br1.0|one_heavy|ms3|r300|s7,main,astana_clinic_nobase,6,5,1.0,one_heavy,3,300,7,1993,sha256:61bbc14dd94fd077134d2defe5eaeba45b778edf04e4e469850c7680518443c2,42,64,0,5,6,2,c01 c03 c05,c01 c03 c05,c00 c01 c03
main|astana_clinic_nobase|nc6|np5|br1.0|one_heavy|ms3|r300|s8,main,astana_clinic_nobase,6,5,1.0,one_heavy,3,300,8,1323,sha256:ed436042350805a5c1e99e71b3d7214a1cdc0bd1fd4d162546835ba46a2e8bc5,42,64,0,5,4,1,c04 c05,c04 c05,c04 c05
main|astana_clinic_nobase|nc6|np5|br1.0|one_heavy|ms3|r300|s9,main,astana_clinic_nobase,6,5,1.0,one_heavy,3,300,9,2006,sha256:e02618aa4a7c142f357d1d941eae578e83beeea4fc3c019fa747d91c02f7e48f,42,64,0,5,10,1,c00 c01 c05,c00 c01 c05,c00 c01 c05
main|astana_clinic_nobase|nc6|np15|br0.25|uniform|ms3|r300|s0,main,astana_clinic_nobase,6,15,0.25,uniform,3,300,0,545,sha256:45af7f552f3beb17dc218e6e305e37ec44c4b0ac1d4b2b5209a366fd572d3307,4,64,1,15,1,1,c02,c02,c02
main|astana_clinic_nobase|nc6|np15|br0.25|uniform|ms3|r300|s1,main,astana_clinic_nobase,6,15,0.25,uniform,3,300,1,490,sha256:47f5b888b51c3ab465d60949bb3d7151cef46cfcf9a78b57a43332c99cc16017,3,64,1,15,2,2,c01,c01,c02
main|astana_clinic_nobase|nc6|np15|br0.25|uniform|ms3|r300|s2,main,astana_clinic_nobase,6,15,0.25,uniform,3,300,2,697,sha256:bc223008c52e73b5a739b6dae2c94dca0abde57e599a538d428d786f84f88ef9,4,64,1,15,2,1,c04,c04,c04
main|astana_clinic_nobase|nc6|np15|br0.25|uniform|ms3|r300|s3,main,astana_clinic_nobase,6,15,0.25,uniform,3,300,3,433,sha256:82df0d761ed3850af0844005c06d419b6200812fb0c024803110b7553fcbcfcf,3,64,1,15,1,1,c04,c04,c04
main|astana_clinic_nobase|nc6|np15|br0.25|uniform|ms3|r300|s4,main,astana_clinic_nobase,6,15,0.25,uniform,3,300,4,573,sha256:b23361d56a054905a4b77155f90cb3eb8cd3da4583c511cdd36c02c631a91fc3,4,64,1,15,2,1,c02,c02,c02
main|astana_clinic_nobase|nc6|np15|br0.25|uniform|ms3|r300|s5,main,astana_clinic_nobase,6,15,0.25,uniform,3,300,5,656,sha256:3f7b861221d36530dbeb6cf1e9712fc2919b992aea9abbe8de9d8a4866828ea2,6,64,1,15,4,1,c01 c03,c01 c03,c01 c03
main|astana_clinic_nobase|nc6|np15|br0.25|uniform|ms3|r300|s6,main,astana_clinic_nobase,6,15,0.25,uniform,3,300,6,597,sha256:7b0d40deee89f297aa84f4bf84d911265a970c16c7d33d592732451192c137fe,4,64,1,15,1,2,c05,c04,c05
main|astana_clinic_nobase|nc6|np15|br0.25|uniform|ms3|r300|s7,main,astana_clinic_nobase,6,15,0.25,uniform,3,300,7,498,sha256:6a4dd2415d2bb775ec4b1c5753388e0eeb4eb3017472d9c59fa335858d5d65cb,7,64,1,15,4,1,c00 c04,c00 c04,c00 c04
main|astana_clinic_nobase|nc6|np15|br0.25|uniform|ms3|r300|s8,main,astana_clinic_nobase,6,15,0.25,uniform,3,300,8,330,sha256:9391faffb592f83764e094ecc2f52497c04c066e7442c4d539435582d285ca5c,5,64,1,15,2,1,c04,c04,c04
main|astana_clinic_nobase|nc6|np15|br0.25|uniform|ms3|r300|s9,main,astana_clinic_nobase,6,15,0.25,uniform,3,300,9,501,sha256:c18658904a27acca2d7e94bc037d2a4f37177ae6ee7dd72b5f450035c75916dc,4,64,1,15,2,1,c03 c04,c03 c04,c03 c04
main|astana_clinic_nobase|nc6|np15|br0.25|random_1_100|ms3|r300|s0,main,astana_clinic_nobase,6,15,0.25,random_1_100,3,300,0,545,sha256:974685e3029e360921f72cf88dca0d8b1582d86623346c1749732fd974d3921c,4,64,1,15,1,2,c02,c02,c05
main|astana_clinic_nobase|nc6|np15|br0.25|random_1_100|ms3|r300|s1,main,astana_clinic_nobase,6,15,0.25,random_1_100,3,300,1,490,sha256:4c8204b3197add93493107671ed1911284a99634aca88e14abaa28886f9365a0,3,64,1,15,2,1,c01,c01,c01
main|astana_clinic_nobase|nc6|np15|br0.25|random_1_100|ms3|r300|s2,main,astana_clinic_nobase,6,15,0.25,random_1_100,3,300,2,697,sha256:c21c4c7a4c278494eff6abf70957b99214ff87e6cff805839970c68ab4da3452,4,64,1,15,2,1,c04,c04,c04
main|astana_clinic_nobase|nc6|np15|br0.25|random_1_100|ms3|r300|s3,main,astana_clinic_nobase,6,15,0.25,random_1_100,3,300,3,433,sha256:71bb96d6f5e3f4b27e39eb88c5d6b6af8f2ddffe00768a9f25d6ab8af1eb21cc,3,64,1,15,1,1,c04,c04,c04
main|astana_clinic_nobase|nc6|np15|br0.25|random_1_100|ms3|r300|s4,main,astana_clinic_nobase,6,15,0.25,random_1_100,3,300,4,573,sha256:767e50b6750370f7aa587b92408e802f806d345257c2a8c8aa61a6eab18f634a,4,64,1,15,1,3,c03,c02,c01
main|astana_clinic_nobase|nc6|np15|br0.25|random_1_100|ms3|r300|s5,main,astana_clinic_nobase,6,15,0.25,random_1_100,3,300,5,656,sha256:090799386903b360eec0bd54f37c6116fcdb7e3721318886bc4a2dba2e75eebb,6,64,1,15,3,1,c01 c03,c01 c03,c01 c03
main|astana_clinic_nobase|nc6|np15|br0.25|random_1_100|ms3|r300|s6,main,astana_clinic_nobase,6,15,0.25,random_1_100,3,300,6,597,sha256:9a1f18bab9f479374ccca159fb563beb3fca4e9ee0fa0bd95f68cdeb5709ef49,4,64,1,15,1,2,c05,c04,c05
main|astana_clinic_nobase|nc6|np15|br0.25|random_1_100|ms3|r300|s7,main,astana_clinic_nobase,6,15,0.25,random_1_100,3,300,7,498,sha256:847b1d010d3e11ca92dc6a23230ef3aa415ec6faef75ed35dfb0339947f211d6,7,64,1,15,4,1,c00 c04,c00 c04,c00 c04
main|astana_clinic_nobase|nc6|np15|br0.25|random_1_100|ms3|r300|s8,main,astana_clinic_nobase,6,15,0.25,random_1_100,3,300,8,330,sha256:380368e944da691ce5f8f4c819f121017b6f3d1043e8ed0fcbf3c5f1e14d0d2c,5,64,1,15,2,1,c04,c04,c04
main|astana_clinic_nobase|nc6|np15|br0.25|random_1_100|ms3|r300|s9,main,astana_clinic_nobase,6,15,0.25,random_1_100,3,300,9,501,sha256:53da25783f67a2eb06a0311a52e71fe1fbdab6ba8e13045a8d305af420b6645c,4,64,1,15,2,1,c03 c04,c03 c04,c03 c04
main|astana_clinic_nobase|nc6|np15|br0.25|one_heavy|ms3|r300|s0,main,astana_clinic_nobase,6,15,0.25,one_heavy,3,300,0,545,sha256:3a47bc6e59bf7bec24ec836636cda933cf727d87e302e909013a0efbadb02684,4,64,1,15,2,2,c05,c02,c05
main|astana_clinic_nobase|nc6|np15|br0.25|one_heavy|ms3|r300|s1,main,astana_clinic_nobase,6,15,0.25,one_heavy,3,300,1,490,sha256:978fcd3463e36d9bd93fef1cd11594f4c660322d871654697de599aeeb293b76,3,64,1,15,2,2,c01,c01,c02
main|astana_clinic_nobase|nc6|np15|br0.25|one_heavy|ms3|r300|s2,main,astana_clinic_nobase,6,15,0.25,one_heavy,3,300,2,697,sha256:fc38a48184ebd9ead0713b1af6bacdfd80ae6846622dc99687850b62b2a790e5,4,64,1,15,2,1,c04,c04,c04
main|astana_clinic_nobase|nc6|np15|br0.25|one_heavy|ms3|r300|s3,main,astana_clinic_nobase,6,15,0.25,one_heavy,3,300,3,433,sha256:fef4ff7eb800c953bb36ace5f127b1369aaaa5186d7d9129d6a42a1369f88309,3,64,1,15,1,1,c04,c04,c04
main|astana_clinic_nobase|nc6|np15|br0.25|one_heavy|ms3|r300|s4,main,astana_clinic_nobase,6,15,0.25,one_heavy,3,300,4,573,sha256:608082710724e8985e734d069fe1e040481c3d7dec3e236935347fcdba37c4e3,4,64,1,15,2,1,c02,c02,c02
main|astana_clinic_nobase|nc6|np15|br0.25|one_heavy|ms3|r300|s5,main,astana_clinic_nobase,6,15,0.25,one_heavy,3,300,5,656,sha256:be607621b560c99e776031e83e95be65e36c24881eb86ea31dd1fb7096e59557,6,64,1,15,3,1,c01 c03,c01 c03,c01 c03
main|astana_clinic_nobase|nc6|np15|br0.25|one_heavy|ms3|r300|s6,main,astana_clinic_nobase,6,15,0.25,one_heavy,3,300,6,597,sha256:f794f1a2fb9358fadf2d24f3e5047c344111606678101660373c7873c81e7a1d,4,64,1,15,1,2,c05,c04,c05
main|astana_clinic_nobase|nc6|np15|br0.25|one_heavy|ms3|r300|s7,main,astana_clinic_nobase,6,15,0.25,one_heavy,3,300,7,498,sha256:aa5f6c6d61b03c955da7cc59b013060c1b4df08ebeedc86f5a60fadfcc93d46d,7,64,1,15,3,2,c00 c01,c00 c04,c00 c04
main|astana_clinic_nobase|nc6|np15|br0.25|one_heavy|ms3|r300|s8,main,astana_clinic_nobase,6,15,0.25,one_heavy,3,300,8,330,sha256:5178bfcf3a8284741b87b476683f31d837f8e81445f83216c49eecf1cbed272f,5,64,1,15,2,1,c04,c04,c04
main|astana_clinic_nobase|nc6|np15|br0.25|one_heavy|ms3|r300|s9,main,astana_clinic_nobase,6,15,0.25,one_heavy,3,300,9,501,sha256:95c74f8b8cf3fd77ea35a00d12a26b14f22b13236433d5c8f834d3bea5b42819,4,64,1,15,2,1,c03 c04,c03 c04,c03 c04
main|astana_clinic_nobase|nc6|np15|br0.5|uniform|ms3|r300|s0,main,astana_clinic_nobase,6,15,0.5,uniform,3,300,0,1090,sha256:cb837b0b03fe5a38b9822b7147a6072ad4ba471e1cd7e3df1d3189cd406a1fe5,15,64,1,15,6,2,c01 c05,c01 c05,c02 c05
main|astana_clinic_nobase|nc6|np15|br0.5|uniform|ms3|r300|s1,main,astana_clinic_nobase,6,15,0.5,uniform,3,300,1,980,sha256:acb16b680eb21abc51b3ca3c7c6df868d587374cf197cc0d2f7eb197704b3680,11,64,1,15,4,1,c00 c02,c00 c02,c00 c02
main|astana_clinic_nobase|nc6|np15|br0.5|uniform|ms3|r300|s2,main,astana_clinic_nobase,6,15,0.5,uniform,3,300,2,1394,sha256:e9b9f6042bba9118c07db9f79750dc661105a557da6bf658193d60119718e3c0,14,64,1,15,4,2,c04 c05,c01 c05,c04 c05
main|astana_clinic_nobase|nc6|np15|br0.5|uniform|ms3|r300|s3,main,astana_clinic_nobase,6,15,0.5,uniform,3,300,3,867,sha256:575495a166ab14f8bd1e9728ec7287dd21db6d919b80304036e2f6374c03dd5f,16,64,1,15,7,2,c02 c04,c01 c05,c02 c04
main|astana_clinic_nobase|nc6|np15|br0.5|uniform|ms3|r300|s4,main,astana_clinic_nobase,6,15,0.5,uniform,3,300,4,1146,sha256:9808b38d9d680860942545480bdb3717ed4838b6b9fdfa4243d8ba21d5157080,14,64,1,15,5,2,c00 c03,c00 c03,c00 c02
main|astana_clinic_nobase|nc6|np15|br0.5|uniform|ms3|r300|s5,main,astana_clinic_nobase,6,15,0.5,uniform,3,300,5,1312,sha256:58a1ee59df81ac1ed094502bec990226547a1b763b8c500a7ce422701ab7adc4,19,64,1,15,6,1,c01 c02 c05,c01 c02 c05,c01 c02 c05
main|astana_clinic_nobase|nc6|np15|br0.5|uniform|ms3|r300|s6,main,astana_clinic_nobase,6,15,0.5,uniform,3,300,6,1195,sha256:56707cc1f57aa379d5c13efe3549f126a70d53b8328ec5430dedb6d221ddd93d,17,64,1,15,3,1,c00 c04 c05,c00 c04 c05,c00 c04 c05
main|astana_clinic_nobase|nc6|np15|br0.5|uniform|ms3|r300|s7,main,astana_clinic_nobase,6,15,0.5,uniform,3,300,7,996,sha256:f346311515129426e4a2e5245b2e65414c3b4c978ee1432b63ec225011a120b4,20,64,1,15,5,1,c00 c01 c04,c00 c01 c04,c00 c01 c04
main|astana_clinic_nobase|nc6|np15|br0.5|uniform|ms3|r300|s8,main,astana_clinic_nobase,6,15,0.5,uniform,3,300,8,661,sha256:1b164a37ada965d6adbe379d18ce5c1286c3f58d7a875f811b66c106a3bc0026,16,64,1,15,3,1,c00 c04,c00 c04,c00 c04
main|astana_clinic_nobase|nc6|np15|br0.5|uniform|ms3|r300|s9,main,astana_clinic_nobase,6,15,0.5,uniform,3,300,9,1003,sha256:06e771a694cc369acc65f0c8ac150d1ac4f6179ee26bb6c573dcfb48759d25df,18,64,1,15,7,1,c01 c03 c04,c01 c03 c04,c01 c03 c04
main|astana_clinic_nobase|nc6|np15|br0.5|random_1_100|ms3|r300|s0,main,astana_clinic_nobase,6,15,0.5,random_1_100,3,300,0,1090,sha256:db6fe52130c2929add4bc329e1607bb1faedd259af36cf87fb2e70c513f20f89,15,64,1,15,6,2,c01 c05,c01 c05,c00
main|astana_clinic_nobase|nc6|np15|br0.5|random_1_100|ms3|r300|s1,main,astana_clinic_nobase,6,15,0.5,random_1_100,3,300,1,980,sha256:d9e5ce55e762c741f883b90c5c2fcfd3179d8802a0e5c18470c4f4cccffed9e1,11,64,1,15,4,1,c00 c02,c00 c02,c00 c02
main|astana_clinic_nobase|nc6|np15|br0.5|random_1_100|ms3|r300|s2,main,astana_clinic_nobase,6,15,0.5,random_1_100,3,300,2,1394,sha256:92fb5a2ea22e553d9623997afbefc4b40ffc82c0f49c1d8acf15ba29dc9e4af7,14,64,1,15,4,2,c04 c05,c01 c05,c04 c05
main|astana_clinic_nobase|nc6|np15|br0.5|random_1_100|ms3|r300|s3,main,astana_clinic_nobase,6,15,0.5,random_1_100,3,300,3,867,sha256:e2633a86c54f266f9f244c52d2d7556da1912750987463e22ccc7cec5372df1a,16,64,1,15,7,3,c02 c04,c01 c05,c04 c05
main|astana_clinic_nobase|nc6|np15|br0.5|random_1_100|ms3|r300|s4,main,astana_clinic_nobase,6,15,0.5,random_1_100,3,300,4,1146,sha256:118d47c94c77c8b7f34675e203485417bafa6d11047e9d006677003b75ea586d,14,64,1,15,4,2,c00 c03,c00 c03,c00 c01
main|astana_clinic_nobase|nc6|np15|br0.5|random_1_100|ms3|r300|s5,main,astana_clinic_nobase,6,15,0.5,random_1_100,3,300,5,1312,sha256:4745d23a7710f405fc4d4b78ec13fa77105b82efde3afdd941cb926fcdc0bf7a,19,64,1,15,6,1,c01 c02 c05,c01 c02 c05,c01 c02 c05
main|astana_clinic_nobase|nc6|np15|br0.5|random_1_100|ms3|r300|s6,main,astana_clinic_nobase,6,15,0.5,random_1_100,3,300,6,1195,sha256:0e6e3a27ad00d99ca232b0552cb453d21cab95393b285085da37dcda83a0eeb4,17,64,1,15,3,1,c00 c04 c05,c00 c04 c05,c00 c04 c05
main|astana_clinic_nobase|nc6|np15|br0.5|random_1_100|ms3|r300|s7,main,astana_clinic_nobase,6,15,0.5,random_1_100,3,300,7,996,sha256:7747585fe68ace3f178f64c2d7768bef02bfc72ab09d30c3dd34d89a86e445f4,20,64,1,15,5,1,c00 c01 c04,c00 c01 c04,c00 c01 c04
main|astana_clinic_nobase|nc6|np15|br0.5|random_1_100|ms3|r300|s8,main,astana_clinic_nobase,6,15,0.5,random_1_100,3,300,8,661,sha256:a17d88abe186c23d7bc8cf0e1dde4f3db45c92716f5f84474cf4986ebe9842b6,16,64,1,15,3,1,c00 c04,c00 c04,c00 c04
main|astana_clinic_nobase|nc6|np15|br0.5|random_1_100|ms3|r300|s9,main,astana_clinic_nobase,6,15,0.5,random_1_100,3,300,9,1003,sha256:577f1ff3efb670674a37d8a09317584643e493e94df2b35ff585a31ba5c34618,18,64,1,15,6,2,c00 c03 c04,c01 c03 c04,c00 c03 c04
main|astana_clinic_nobase|nc6|np15|br0.5|one_heavy|ms3|r300|s0,main,astana_clinic_nobase,6,15,0.5,one_heavy,3,300,0,1090,sha256:650902b53a2570f68d4465a724436aaa729b71563202706ada87ac8c4b03a845,15,64,1,15,4,3,c02 c04,c01 c05,c02 c05
main|astana_clinic_nobase|nc6|np15|br0.5|one_heavy|ms3|r300|s1,main,astana_clinic_nobase,6,15,0.5,one_heavy,3,300,1,980,sha256:7684e45bc543332f2312df8713ee57333fa17de7c509c8089501060968002237,11,64,1,15,4,2,c02 c04,c00 c02,c02 c04
main|astana_clinic_nobase|nc6|np15|br0.5|one_heavy|ms3|r300|s2,main,astana_clinic_nobase,6,15,0.5,one_heavy,3,300,2,1394,sha256:682ace22a9dd37f96f8e750c47fc02d6d816c4235fef61b9f590bf05e1928a64,14,64,1,15,4,2,c01 c03,c01 c04,c01 c03
main|astana_clinic_nobase|nc6|np15|br0.5|one_heavy|ms3|r300|s3,main,astana_clinic_nobase,6,15,0.5,one_heavy,3,300,3,867,sha256:50741cc4ef7c2cc0b5f2967b8bf7d80b39ef612bcf3f527508431850fd79bbfb,16,64,1,15,6,2,c02 c04,c01 c05,c02 c04
main|astana_clinic_nobase|nc6|np15|br0.5|one_heavy|ms3|r300|s4,main,astana_clinic_nobase,6,15,0.5,one_heavy,3,300,4,1146,sha256:5cfc496ec3b4d57aefd07e224ec24db98efd76c5fe63b26d80cacd672c344095,14,64,1,15,5,2,c00 c03,c00 c03,c00 c02
main|astana_clinic_nobase|nc6|np15|br0.5|one_heavy|ms3|r300|s5,main,astana_clinic_nobase,6,15,0.5,one_heavy,3,300,5,1312,sha256:c5e5f551cb71bea91feeb5cb04737ba5c2d38c6771f2183890df60228a7b97af,19,64,1,15,5,1,c01 c02 c05,c01 c02 c05,c01 c02 c05
main|astana_clinic_nobase|nc6|np15|br0.5|one_heavy|ms3|r300|s6,main,astana_clinic_nobase,6,15,0.5,one_heavy,3,300,6,1195,sha256:ef82eb00abe6ea1292c1e5fa0a932f3c63c1a61d2cf5b226164911d31edac95a,17,64,1,15,6,2,c03 c04,c03 c04,c00 c04 c05
main|astana_clinic_nobase|nc6|np15|br0.5|one_heavy|ms3|r300|s7,main,astana_clinic_nobase,6,15,0.5,one_heavy,3,300,7,996,sha256:25e0d927017d601b770188e32ea93b564e2ec4ec8df9300e88071ef5ed0abee5,20,64,1,15,5,2,c01 c03,c00 c01 c04,c00 c01 c04
main|astana_clinic_nobase|nc6|np15|br0.5|one_heavy|ms3|r300|s8,main,astana_clinic_nobase,6,15,0.5,one_heavy,3,300,8,661,sha256:bacee8507fcd5dc7f57c5645a71e50c2ee952fa09f40ad5c0036cb13f3bcadc5,16,64,1,15,3,1,c00 c04,c00 c04,c00 c04
main|astana_clinic_nobase|nc6|np15|br0.5|one_heavy|ms3|r300|s9,main,astana_clinic_nobase,6,15,0.5,one_heavy,3,300,9,1003,sha256:5c66612827582625eccb3e815a0a924e34c4dd8d4713cc3ed595c698df7e9f9d,18,64,1,15,7,1,c01 c03 c04,c01 c03 c04,c01 c03 c04
main|astana_clinic_nobase|nc6|np15|br0.75|uniform|ms3|r300|s0,main,astana_clinic_nobase,6,15,0.75,uniform,3,300,0,1635,sha256:fb0efab4ec57c0b7efac7b2715f76bd0c0d0f8a220b82d715bf85ef297d2a438,32,64,1,15,10,2,c00 c02 c05,c01 c03 c05,c00 c02 c05
main|astana_clinic_nobase|nc6|np15|br0.75|uniform|ms3|r300|s1,main,astana_clinic_nobase,6,15,0.75,uniform,3,300,1,1470,sha256:2b4f6dae7049964954331a495968e0444f635abc6eb9bc0ef146750a1d0c4f4b,25,64,1,15,6,1,c00 c01 c02,c00 c01 c02,c00 c01 c02
main|astana_clinic_nobase|nc6|np15|br0.75|uniform|ms3|r300|s2,main,astana_clinic_nobase,6,15,0.75,uniform,3,300,2,2091,sha256:7e437618d9f0ae5e3591933ddd41c86ee3f3ed6f9ef2ba69408eda1d295dd034,32,64,1,15,6,2,c01 c03 c05,c01 c03 c05,c03 c04 c05
main|astana_clinic_nobase|nc6|np15|br0.75|uniform|ms3|r300|s3,main,astana_clinic_nobase,6,15,0.75,uniform,3,300,3,1301,sha256:b30ed6d5921304e009e6e6c8d47ab370ce9fedc129cd363f262767343b16dbc0,30,64,1,15,10,1,c02 c04 c05,c02 c04 c05,c02 c04 c05
main|astana_clinic_nobase|nc6|np15|br0.75|uniform|ms3|r300|s4,main,astana_clinic_nobase,6,15,0.75,uniform,3,300,4,1719,sha256:200a924c99cafec62a25dcfa186ef740f0b671285975c4c566eba4f8970dc20f,32,64,1,15,8,2,c00 c03 c04,c00 c03 c04,c00 c01 c02
main|astana_clinic_nobase|nc6|np15|br0.75|uniform|ms3|r300|s5,main,astana_clinic_nobase,6,15,0.75,uniform,3,300,5,1968,sha256:6e2e6a33d4b199ff902502d80bf563e32365d2b909a3c23aca553905b1ebcfca,35,64,1,15,7,2,c01 c02 c03,c01 c03 c04,c01 c02 c03
main|astana_clinic_nobase|nc6|np15|br0.75|uniform|ms3|r300|s6,main,astana_clinic_nobase,6,15,0.75,uniform,3,300,6,1793,sha256:56912d484ac5d5f8c9961f4d0990fc8be9a0437c0f71ca2dcb661d702caec949,32,64,1,15,5,1,c00 c02 c05,c00 c02 c05,c00 c02 c05
main|astana_clinic_nobase|nc6|np15|br0.75|uniform|ms3|r300|s7,main,astana_clinic_nobase,6,15,0.75,uniform,3,300,7,1494,sha256:4e5a5822694697d4d1f23596edbcef61418654d7e80e1881cac5f2955cbbb281,35,64,1,15,5,1,c00 c01 c04,c00 c01 c04,c00 c01 c04
main|astana_clinic_nobase|nc6|np15|br0.75|uniform|ms3|r300|s8,main,astana_clinic_nobase,6,15,0.75,uniform,3,300,8,992,sha256:0aba7c284929c3e49086f339898434b9d4a4287b0cade49ea0f1701ed14f9675,31,64,1,15,5,1,c04 c05,c04 c05,c04 c05
main|astana_clinic_nobase|nc6|np15|br0.75|uniform|ms3|r300|s9,main,astana_clinic_nobase,6,15,0.75,uniform,3,300,9,1504,sha256:f63487add45b1a2aa234ae7cf2c2f7a9d740497f834730156de42f602411ac0a,32,64,1,15,11,2,c00 c01 c03,c01 c04 c05,c00 c01 c03
main|astana_clinic_nobase|nc6|np15|br0.75|random_1_100|ms3|r300|s0,main,astana_clinic_nobase,6,15,0.75,random_1_100,3,300,0,1635,sha256:64bf719e325546da5176103dd367e677e6686d40277c137058c444c482d2e6e5,32,64,1,15,9,2,c00 c02 c05,c01 c03 c05,c00 c02 c05
main|astana_clinic_nobase|nc6|np15|br0.75|random_1_100|ms3|r300|s1,main,astana_clinic_nobase,6,15,0.75,random_1_100,3,300,1,1470,sha256:4f47e9624c8a1383c52643e09d6ba3b8caeefacdda611f69c4a72e88cf7a8d90,25,64,1,15,6,1,c00 c01 c02,c00 c01 c02,c00 c01 c02
main|astana_clinic_nobase|nc6|np15|br0.75|random_1_100|ms3|r300|s2,main,astana_clinic_nobase,6,15,0.75,random_1_100,3,300,2,2091,sha256:73a6328d40896da0f42829362e9dc073f6dceeca3bd7ec54f4fa99680cadd8f3,32,64,1,15,6,2,c01 c03 c05,c01 c03 c05,c03 c04 c05
main|astana_clinic_nobase|nc6|np15|br0.75|random_1_100|ms3|r300|s3,main,astana_clinic_nobase,6,15,0.75,random_1_100,3,300,3,1301,sha256:21b00fd7633a7c50f5e3fbb8810c2726ef102072624319fc4a019d68403abc58,30,64,1,15,10,1,c02 c04 c05,c02 c04 c05,c02 c04 c05
main|astana_clinic_nobase|nc6|np15|br0.75|random_1_100|ms3|r300|s4,main,astana_clinic_nobase,6,15,0.75,random_1_100,3,300,4,1719,sha256:bbb6d0ea496593d68ab260ec1dbaa590e3644c226dda34a39381bc957fcd5f54,32,64,1,15,8,2,c00 c03 c04,c00 c03 c04,c00 c01 c02
main|astana_clinic_nobase|nc6|np15|br0.75|random_1_100|ms3|r300|s5,main,astana_clinic_nobase,6,15,0.75,random_1_100,3,300,5,1968,sha256:1ebb713367850b04a7cf166ce2b2c7c450dcb14d7457837e4c08e410294ba123,35,64,1,15,7,2,c01 c02 c03,c01 c03 c04,c01 c02 c03
main|astana_clinic_nobase|nc6|np15|br0.75|random_1_100|ms3|r300|s6,main,astana_clinic_nobase,6,15,0.75,random_1_100,3,300,6,1793,sha256:5bb496d1f2942e4e4c88aca7c33e52adb4ae64ad83aa2e3f155bc84805fa0deb,32,64,1,15,5,1,c00 c02 c05,c00 c02 c05,c00 c02 c05
main|astana_clinic_nobase|nc6|np15|br0.75|random_1_100|ms3|r300|s7,main,astana_clinic_nobase,6,15,0.75,random_1_100,3,300,7,1494,sha256:77fd6e9e7bddf08ce12f63741ec4e1bb010a1f9e1628d4fc19d21187322cbaba,35,64,1,15,6,2,c00 c03 c04,c00 c03 c04,c00 c01 c04
main|astana_clinic_nobase|nc6|np15|br0.75|random_1_100|ms3|r300|s8,main,astana_clinic_nobase,6,15,0.75,random_1_100,3,300,8,992,sha256:d86a0cc3098fe42837ffdddfae2fac249516ef49e12de77260edc6c9d94d88fe,31,64,1,15,6,1,c04 c05,c04 c05,c04 c05
main|astana_clinic_nobase|nc6|np15|br0.75|random_1_100|ms3|r300|s9,main,astana_clinic_nobase,6,15,0.75,random_1_100,3,300,9,1504,sha256:5f527e78e90abcc6c0aaf83ca4c2a966882aa4848117946a3c96401e12fd31e6,32,64,1,15,10,2,c00 c01 c03,c01 c04 c05,c00 c01 c03
main|astana_clinic_nobase|nc6|np15|br0.75|one_heavy|ms3|r300|s0,main,astana_clinic_nobase,6,15,0.75,one_heavy,3,300,0,1635,sha256:88ac9af0b78949ee7f9c7a277dfe39675b68715ad765a560abd6c524ded90265,32,64,1,15,9,2,c01 c04 c05,c01 c04 c05,c00 c02 c05
main|astana_clinic_nobase|nc6|np15|br0.75|one_heavy|ms3|r300|s1,main,astana_clinic_nobase,6,15,0.75,one_heavy,3,300,1,1470,sha256:f263c356cb75d33baa1587d7590e6ccacf8852649d66c60d281975405c4f7c9b,25,64,1,15,6,3,c00 c04,c00 c01 c02,c01 c02 c04
main|astana_clinic_nobase|nc6|np15|br0.75|one_heavy|ms3|r300|s2,main,astana_clinic_nobase,6,15,0.75,one_heavy,3,300,2,2091,sha256:b192b9b1d252ec541e7527d0999e93f59245ffe7007d4928b825a56d80e300e9,32,64,1,15,6,2,c01 c03 c05,c01 c03 c05,c03 c04 c05
main|astana_clinic_nobase|nc6|np15|br0.75|one_heavy|ms3|r300|s3,main,astana_clinic_nobase,6,15,0.75,one_heavy,3,300,3,1301,sha256:2fc71808052756e5835d1a630c4407deb9f34c48487e5fc3d4645bdd3cd9bafe,30,64,1,15,9,1,c02 c04 c05,c02 c04 c05,c02 c04 c05
main|astana_clinic_nobase|nc6|np15|br0.75|one_heavy|ms3|r300|s4,main,astana_clinic_nobase,6,15,0.75,one_heavy,3,300,4,1719,sha256:8ecdbadaf2c541f16db4bdc333b746dae37b433bedc28f3d4abf73d71cb6cb85,32,64,1,15,8,2,c00 c03 c04,c00 c03 c04,c00 c01 c02
main|astana_clinic_nobase|nc6|np15|br0.75|one_heavy|ms3|r300|s5,main,astana_clinic_nobase,6,15,0.75,one_heavy,3,300,5,1968,sha256:88d8b2f509864138e61bc5f6a2940651d5234a17c0b7bd0b08f0eccc50f016b3,35,64,1,15,6,2,c01 c02 c03,c01 c03 c04,c01 c02 c03
main|astana_clinic_nobase|nc6|np15|br0.75|one_heavy|ms3|r300|s6,main,astana_clinic_nobase,6,15,0.75,one_heavy,3,300,6,1793,sha256:42556d645792b5b98c0fe21128472385f81ea94e66a63b8c2727376bd7e1898d,32,64,1,15,7,2,c03 c04 c05,c00 c02 c05,c00 c02 c05
main|astana_clinic_nobase|nc6|np15|br0.75|one_heavy|ms3|r300|s7,main,astana_clinic_nobase,6,15,0.75,one_heavy,3,300,7,1494,sha256:7edbc4a97c3037f43dfa072640eafb381fcf2fb12dd1ac6ad2efce98bb6f98ed,35,64,1,15,7,2,c00 c03 c04,c00 c03 c04,c00 c01 c04
main|astana_clinic_nobase|nc6|np15|br0.75|one_heavy|ms3|r300|s8,main,astana_clinic_nobase,6,15,0.75,one_heavy,3,300,8,992,sha256:eb90248c43f20d14b53a640b086191f43f7d647fc63f771d601ee712d4059353,31,64,1,15,5,1,c04 c05,c04 c05,c04 c05
main|astana_clinic_nobase|nc6|np15|br0.75|one_heavy|ms3|r300|s9,main,astana_clinic_nobase,6,15,0.75,one_heavy,3,300,9,1504,sha256:68a0562925e92688d15da5479e28c28c3f99914c8ce6b8f35140d707f14be37a,32,64,1,15,10,2,c00 c01 c03,c01 c04 c05,c00 c01 c03
main|astana_clinic_nobase|nc6|np15|br1.0|uniform|ms3|r300|s0,main,astana_clinic_nobase,6,15,1.0,uniform,3,300,0,2181,sha256:c7a14615c3add724aa9114b7f3188fe0c2c7597991e6dd9cefe4fd5475504caa,42,64,0,15,10,2,c00 c02 c05,c00 c01 c05,c00 c02 c05
main|astana_clinic_nobase|nc6|np15|br1.0|uniform|ms3|r300|s1,main,astana_clinic_nobase,6,15,1.0,uniform,3,300,1,1961,sha256:85c41bc4667fabbdd10b1bbb6f2c3e10f885f37710c8f91c5abd1df12aeae576,42,64,0,15,8,2,c00 c01 c05,c00 c01 c05,c00 c02 c05
main|astana_clinic_nobase|nc6|np15|br1.0|uniform|ms3|r300|s2,main,astana_clinic_nobase,6,15,1.0,uniform,3,300,2,2789,sha256:d1aa9602d6f6f1d6e74ab0fd14e392d152655bd9d875ef0fbe375b3db4c59790,42,64,0,15,6,2,c01 c03 c05,c01 c03 c05,c03 c04 c05
main|astana_clinic_nobase|nc6|np15|br1.0|uniform|ms3|r300|s3,main,astana_clinic_nobase,6,15,1.0,uniform,3,300,3,1735,sha256:741b42ed619e041fa12006b450f9899b8ca8e67aea18635df8eb6017e1da796c,42,64,0,15,10,1,c02 c04 c05,c02 c04 c05,c02 c04 c05
main|astana_clinic_nobase|nc6|np15|br1.0|uniform|ms3|r300|s4,main,astana_clinic_nobase,6,15,1.0,uniform,3,300,4,2292,sha256:3766bc01cfc5573d100a7da1508c1156e81220d8d3e0e4c29fe462e63049c3ba,42,64,0,15,9,2,c00 c02 c04,c00 c02 c04,c00 c01 c02
main|astana_clinic_nobase|nc6|np15|br1.0|uniform|ms3|r300|s5,main,astana_clinic_nobase,6,15,1.0,uniform,3,300,5,2624,sha256:ec91b39cce97ddd9b9320eacb288c8c74d001ee13ecd3c340c1c71a9a83078c8,42,64,0,15,7,2,c01 c02 c03,c01 c03 c04,c01 c02 c03
main|astana_clinic_nobase|nc6|np15|br1.0|uniform|ms3|r300|s6,main,astana_clinic_nobase,6,15,1.0,uniform,3,300,6,2391,sha256:e8c4534d2cd8f4f3a7af92b0c3bc30fa02d60cfd9a11c6a042c8f7b487caaa35,42,64,0,15,5,2,c00 c02 c05,c00 c02 c03,c00 c02 c05
main|astana_clinic_nobase|nc6|np15|br1.0|uniform|ms3|r300|s7,main,astana_clinic_nobase,6,15,1.0,uniform,3,300,7,1993,sha256:e3c28f9f2b222dd4bd257beaf7464083ca15d2e0c76bb82b730343a8e7a5899a,42,64,0,15,5,1,c00 c01 c04,c00 c01 c04,c00 c01 c04
main|astana_clinic_nobase|nc6|np15|br1.0|uniform|ms3|r300|s8,main,astana_clinic_nobase,6,15,1.0,uniform,3,300,8,1323,sha256:49995a176e28abfe2b01024c8cb6432e1ab7fe59948b99b0aa41a641ac237649,42,64,0,15,6,1,c00 c04 c05,c00 c04 c05,c00 c04 c05
main|astana_clinic_nobase|nc6|np15|br1.0|uniform|ms3|r300|s9,main,astana_clinic_nobase,6,15,1.0,uniform,3,300,9,2006,sha256:efbed5ff26ac5336773c1c8e202a6b3281c3f29a6ee00fc4f0046dd26a48b4aa,42,64,0,15,12,1,c00 c01 c05,c00 c01 c05,c00 c01 c05
main|astana_clinic_nobase|nc6|np15|br1.0|random_1_100|ms3|r300|s0,main,astana_clinic_nobase,6,15,1.0,random_1_100,3,300,0,2181,sha256:14b748a78f4276d2c821808e32f0e0a9221a107b79fbc3506260c5cc29e33dc1,42,64,0,15,12,2,c00 c01 c05,c00 c01 c05,c00 c02 c05
main|astana_clinic_nobase|nc6|np15|br1.0|random_1_100|ms3|r300|s1,main,astana_clinic_nobase,6,15,1.0,random_1_100,3,300,1,1961,sha256:6da82b1f2629d7cb561b395f3fa61d2e88149ffa88cd0c4b21022fc0622d2ae0,42,64,0,15,8,1,c00 c01 c05,c00 c01 c05,c00 c01 c05
main|astana_clinic_nobase|nc6|np15|br1.0|random_1_100|ms3|r300|s2,main,astana_clinic_nobase,6,15,1.0,random_1_100,3,300,2,2789,sha256:307b24d75d096a79d5931b60d498bcd23b2a0061bf8e8d9cea945084baa66dac,42,64,0,15,6,2,c01 c03 c05,c01 c03 c05,c03 c04 c05
main|astana_clinic_nobase|nc6|np15|br1.0|random_1_100|ms3|r300|s3,main,astana_clinic_nobase,6,15,1.0,random_1_100,3,300,3,1735,sha256:b177cd1c30402d9378f22e30da83348bbdaeeeb7bc631db2d216b119872b2283,42,64,0,15,10,1,c02 c04 c05,c02 c04 c05,c02 c04 c05
main|astana_clinic_nobase|nc6|np15|br1.0|random_1_100|ms3|r300|s4,main,astana_clinic_nobase,6,15,1.0,random_1_100,3,300,4,2292,sha256:bb71208afe68a91b58eb1d6c08ae3b855ce9fbe9aa1eb58365dad1cf1ac78b85,42,64,0,15,8,2,c00 c03 c04,c00 c03 c04,c00 c01 c02
main|astana_clinic_nobase|nc6|np15|br1.0|random_1_100|ms3|r300|s5,main,astana_clinic_nobase,6,15,1.0,random_1_100,3,300,5,2624,sha256:0bc452286ef5a7ea0527ec0814beb25c4ab73cf05b364c0ce03c8880a72f0914,42,64,0,15,7,2,c01 c02 c03,c01 c03 c04,c01 c02 c03
main|astana_clinic_nobase|nc6|np15|br1.0|random_1_100|ms3|r300|s6,main,astana_clinic_nobase,6,15,1.0,random_1_100,3,300,6,2391,sha256:9575ae34b7703fdfa38bfc32da44393d694132108ec97b55a231c616a7a9fe87,42,64,0,15,5,2,c00 c02 c05,c00 c02 c03,c00 c02 c05
main|astana_clinic_nobase|nc6|np15|br1.0|random_1_100|ms3|r300|s7,main,astana_clinic_nobase,6,15,1.0,random_1_100,3,300,7,1993,sha256:feee7ebbd8196de72cf2ab5ff3e32426949a811d7fc567be9d204d816a2a8a4e,42,64,0,15,6,2,c00 c03 c04,c00 c03 c04,c00 c01 c04
main|astana_clinic_nobase|nc6|np15|br1.0|random_1_100|ms3|r300|s8,main,astana_clinic_nobase,6,15,1.0,random_1_100,3,300,8,1323,sha256:431f2554ff3cc9601151873b57fd4c95c96abef26a00529a055723272ff80076,42,64,0,15,7,1,c00 c04 c05,c00 c04 c05,c00 c04 c05
main|astana_clinic_nobase|nc6|np15|br1.0|random_1_100|ms3|r300|s9,main,astana_clinic_nobase,6,15,1.0,random_1_100,3,300,9,2006,sha256:e47ca970a35cc623139f03d2e2ec1539d7c30ca583329032fe9fbdb53d0588c3,42,64,0,15,11,1,c00 c01 c05,c00 c01 c05,c00 c01 c05
main|astana_clinic_nobase|nc6|np15|br1.0|one_heavy|ms3|r300|s0,main,astana_clinic_nobase,6,15,1.0,one_heavy,3,300,0,2181,sha256:4228977091bc66e775e4e40dc79e8d591ade13c761350c355d8dbe6e17e407c3,42,64,0,15,11,2,c00 c04 c05,c00 c04 c05,c00 c02 c05
main|astana_clinic_nobase|nc6|np15|br1.0|one_heavy|ms3|r300|s1,main,astana_clinic_nobase,6,15,1.0,one_heavy,3,300,1,1961,sha256:8d45ae5f3556c1c3f9d7978fa43f80b6f8d57009d53a5f4524abf81f8a53ab67,42,64,0,15,7,2,c00 c02 c04,c00 c01 c04,c00 c02 c04
main|astana_clinic_nobase|nc6|np15|br1.0|one_heavy|ms3|r300|s2,main,astana_clinic_nobase,6,15,1.0,one_heavy,3,300,2,2789,sha256:8334ac88631678328a04f18763e9795e3327ff49565b79776874c1737f802538,42,64,0,15,6,2,c01 c03 c05,c01 c03 c05,c03 c04 c05
main|astana_clinic_nobase|nc6|np15|br1.0|one_heavy|ms3|r300|s3,main,astana_clinic_nobase,6,15,1.0,one_heavy,3,300,3,1735,sha256:b60b1eac9250a35b2ad8d213619994d4d3e6c76eebf67c66830348d281293fc0,42,64,0,15,9,1,c02 c04 c05,c02 c04 c05,c02 c04 c05
main|astana_clinic_nobase|nc6|np15|br1.0|one_heavy|ms3|r300|s4,main,astana_clinic_nobase,6,15,1.0,one_heavy,3,300,4,2292,sha256:9dc78ca628e9a0f84382ce103a2f01813dc2d145010dff04aaf5802e4eb5e1bf,42,64,0,15,8,2,c00 c03 c04,c00 c03 c04,c00 c01 c02
main|astana_clinic_nobase|nc6|np15|br1.0|one_heavy|ms3|r300|s5,main,astana_clinic_nobase,6,15,1.0,one_heavy,3,300,5,2624,sha256:eb42caf1bbe73d9b422d23c9deaccfc1ebfc83189057ba69dd1ae076657504ed,42,64,0,15,6,2,c01 c02 c03,c01 c03 c04,c01 c02 c03
main|astana_clinic_nobase|nc6|np15|br1.0|one_heavy|ms3|r300|s6,main,astana_clinic_nobase,6,15,1.0,one_heavy,3,300,6,2391,sha256:715d8c7db4b1136ac4391ac878e60991c4259d96e87ff94d464e775c32af0e81,42,64,0,15,9,2,c00 c02 c03,c00 c02 c03,c00 c02 c05
main|astana_clinic_nobase|nc6|np15|br1.0|one_heavy|ms3|r300|s7,main,astana_clinic_nobase,6,15,1.0,one_heavy,3,300,7,1993,sha256:8f917412e2a65c060395c93f817eac06e032edd2b051158e492ec6ffbe5a5972,42,64,0,15,7,2,c00 c03 c04,c00 c03 c04,c00 c01 c04
main|astana_clinic_nobase|nc6|np15|br1.0|one_heavy|ms3|r300|s8,main,astana_clinic_nobase,6,15,1.0,one_heavy,3,300,8,1323,sha256:9af44aa9fe042c17d1f77ebc61284bd2e9204b3ccced73121e612991f4a65880,42,64,0,15,6,1,c00 c04 c05,c00 c04 c05,c00 c04 c05
main|astana_clinic_nobase|nc6|np15|br1.0|one_heavy|ms3|r300|s9,main,astana_clinic_nobase,6,15,1.0,one_heavy,3,300,9,2006,sha256:aeef9e4835657c57ae55cd629d30bae954070997f8f4f0325743c323334c816e,42,64,0,15,11,1,c00 c01 c05,c00 c01 c05,c00 c01 c05
main|astana_clinic_nobase|nc6|np25|br0.25|uniform|ms3|r300|s0,main,astana_clinic_nobase,6,25,0.25,uniform,3,300,0,545,sha256:6b506c38bce56bc53480b0020c9958682abd013b194b1212e62f3052b3c8b934,4,64,1,25,1,2,c02,c02,c05
main|astana_clinic_nobase|nc6|np25|br0.25|uniform|ms3|r300|s1,main,astana_clinic_nobase,6,25,0.25,uniform,3,300,1,490,sha256:f492ac8061afe21fa07f8a8b95a9cbbb53c9afdc2f149ac378e3aab7f059df54,3,64,1,25,2,1,c01,c01,c01
main|astana_clinic_nobase|nc6|np25|br0.25|uniform|ms3|r300|s2,main,astana_clinic_nobase,6,25,0.25,uniform,3,300,2,697,sha256:5d0b4a444806ccb75552e0229a379dbb2fe8ccb5e6a4a178e42928e4b759b821,4,64,1,25,2,1,c04,c04,c04
main|astana_clinic_nobase|nc6|np25|br0.25|uniform|ms3|r300|s3,main,astana_clinic_nobase,6,25,0.25,uniform,3,300,3,433,sha256:78dff413f5c25a1308d2325c3c695be01787e8ae33d795d57501e144ab2daca3,3,64,1,25,1,1,c04,c04,c04
main|astana_clinic_nobase|nc6|np25|br0.25|uniform|ms3|r300|s4,main,astana_clinic_nobase,6,25,0.25,uniform,3,300,4,573,sha256:db910b18511546f7182f9c2795c7e267899a42ba6a818c37b84340c5186d8d9a,4,64,1,25,2,1,c02,c02,c02
main|astana_clinic_nobase|nc6|np25|br0.25|uniform|ms3|r300|s5,main,astana_clinic_nobase,6,25,0.25,uniform,3,300,5,656,sha256:b72dd7ff1a91b611e9c354242d9a43b0789ba2812b961136e225226421939d53,6,64,1,25,4,1,c01 c03,c01 c03,c01 c03
main|astana_clinic_nobase|nc6|np25|br0.25|uniform|ms3|r300|s6,main,astana_clinic_nobase,6,25,0.25,uniform,3,300,6,597,sha256:9e7b52132ea9824814693a2fea20ad7301028b0a8d43c64a9f460d9d7e89c298,4,64,1,25,2,2,c04,c04,c00
main|astana_clinic_nobase|nc6|np25|br0.25|uniform|ms3|r300|s7,main,astana_clinic_nobase,6,25,0.25,uniform,3,300,7,498,sha256:550ea7e39513d1b907fd9ff67a30f02e9ee14e81b4df8a5d6dc44d37eb964ef8,7,64,1,25,3,2,c00 c04,c00 c01,c00 c04
main|astana_clinic_nobase|nc6|np25|br0.25|uniform|ms3|r300|s8,main,astana_clinic_nobase,6,25,0.25,uniform,3,300,8,330,sha256:b36713a511bc3401500883061b6d4ac45d7d3dc1e23d24e803e466319740c1d9,5,64,1,25,2,1,c04,c04,c04
main|astana_clinic_nobase|nc6|np25|br0.25|uniform|ms3|r300|s9,main,astana_clinic_nobase,6,25,0.25,uniform,3,300,9,501,sha256:1295260c4313a5394fe9e5963e530ce7e3ec685b8991ce2d06d4861d6cf48249,4,64,1,25,2,1,c03 c04,c03 c04,c03 c04
main|astana_clinic_nobase|nc6|np25|br0.25|random_1_100|ms3|r300|s0,main,astana_clinic_nobase,6,25,0.25,random_1_100,3,300,0,545,sha256:a7d7a3c05247a32d17c64adbdf46ebf2e04d4626fe43d0d921a2c917218fca43,4,64,1,25,2,3,c03,c02,c05
main|astana_clinic_nobase|nc6|np25|br0.25|random_1_100|ms3|r300|s1,main,astana_clinic_nobase,6,25,0.25,random_1_100,3,300,1,490,sha256:f384db62366d493db906fe4b344dd160bb5f3429a308bea4c0895f728bbb490e,3,64,1,25,2,1,c01,c01,c01
main|astana_clinic_nobase|nc6|np25|br0.25|random_1_100|ms3|r300|s2,main,astana_clinic_nobase,6,25,0.25,random_1_100,3,300,2,697,sha256:20e66cc30918d956174fc852c47c3086b3b1f32c10c9161f20e702948feed5e4,4,64,1,25,2,2,c04,c04,c01
main|astana_clinic_nobase|nc6|np25|br0.25|random_1_100|ms3|r300|s3,main,astana_clinic_nobase,6,25,0.25,random_1_100,3,300,3,433,sha256:a7037bcf25558da43a4db47f2529f38af971b3150a1c13640e077c8d05ea2153,3,64,1,25,1,1,c04,c04,c04
main|astana_clinic_nobase|nc6|np25|br0.25|random_1_100|ms3|r300|s4,main,astana_clinic_nobase,6,25,0.25,random_1_100,3,300,4,573,sha256:35890f53399fcf96d9dce3232c96b49bb90a8e00359f7b022c92f7b4882d382d,4,64,1,25,2,1,c02,c02,c02
main|astana_clinic_nobase|nc6|np25|br0.25|random_1_100|ms3|r300|s5,main,astana_clinic_nobase,6,25,0.25,random_1_100,3,300,5,656,sha256:8910fc5c67529fe1bc7dd309f3a0d4ef1af5ee770104783a6cc1fbe9989a3c7b,6,64,1,25,4,1,c01 c03,c01 c03,c01 c03
main|astana_clinic_nobase|nc6|np25|br0.25|random_1_100|ms3|r300|s6,main,astana_clinic_nobase,6,25,0.25,random_1_100,3,300,6,597,sha256:beeaaf677c9b69a830541d219d6e2d39278eecf1c1b8450ab52808a5e9a79171,4,64,1,25,2,2,c04,c04,c05
main|astana_clinic_nobase|nc6|np25|br0.25|random_1_100|ms3|r300|s7,main,astana_clinic_nobase,6,25,0.25,random_1_100,3,300,7,498,sha256:37042d2911994cdf493973b6198293439f851c859fff0763df16ec156777d2d5,7,64,1,25,3,2,c00 c04,c00 c01,c00 c04
main|astana_clinic_nobase|nc6|np25|br0.25|random_1_100|ms3|r300|s8,main,astana_clinic_nobase,6,25,0.25,random_1_100,3,300,8,330,sha256:7fa3a52b1cbb5cba0cd313f36282ce01980380cf20ffc325e4c1129c36a58463,5,64,1,25,2,1,c04,c04,c04
main|astana_clinic_nobase|nc6|np25|br0.25|random_1_100|ms3|r300|s9,main,astana_clinic_nobase,6,25,0.25,random_1_100,3,300,9,501,sha256:b3dc1dcd9f043f3cdfd96b80d2cc8216d640e9f4cb2ddf2d38a037aefd347e93,4,64,1,25,2,1,c03 c04,c03 c04,c03 c04
main|astana_clinic_nobase|nc6|np25|br0.25|one_heavy|ms3|r300|s0,main,astana_clinic_nobase,6,25,0.25,one_heavy,3,300,0,545,sha256:3c0f757336c3680995c4c9a6fb16f51f39881f4c0d1f78db56dfcd241521e9fd,4,64,1,25,2,2,c05,c02,c05
main|astana_clinic_nobase|nc6|np25|br0.25|one_heavy|ms3|r300|s1,main,astana_clinic_nobase,6,25,0.25,one_heavy,3,300,1,490,sha256:63681eeac6b41e85e37a05afcd4df6246f7c0ba1d5e7d774a508cb59586fa6f1,3,64,1,25,2,1,c01,c01,c01
main|astana_clinic_nobase|nc6|np25|br0.25|one_heavy|ms3|r300|s2,main,astana_clinic_nobase,6,25,0.25,one_heavy,3,300,2,697,sha256:fbd6a27538370ef752e0804199ccd4c2b00eaa6b511138ccdc54fb9981d888fe,4,64,1,25,2,1,c04,c04,c04
main|astana_clinic_nobase|nc6|np25|br0.25|one_heavy|ms3|r300|s3,main,astana_clinic_nobase,6,25,0.25,one_heavy,3,300,3,433,sha256:64558abaabd7be3da66c96689a2f292355270b1c961925c1091486746601bc3d,3,64,1,25,1,1,c04,c04,c04
main|astana_clinic_nobase|nc6|np25|br0.25|one_heavy|ms3|r300|s4,main,astana_clinic_nobase,6,25,0.25,one_heavy,3,300,4,573,sha256:1efb5d234b0d2e32fa423d6b0998162f50891231a6582ac17dab72af3830fc23,4,64,1,25,2,1,c02,c02,c02
main|astana_clinic_nobase|nc6|np25|br0.25|one_heavy|ms3|r300|s5,main,astana_clinic_nobase,6,25,0.25,one_heavy,3,300,5,656,sha256:647613377a928f1b1f16f6ef178347b154a939c4af1f42e0db70a020cdf149df,6,64,1,25,3,1,c01 c03,c01 c03,c01 c03
main|astana_clinic_nobase|nc6|np25|br0.25|one_heavy|ms3|r300|s6,main,astana_clinic_nobase,6,25,0.25,one_heavy,3,300,6,597,sha256:ba192797c125543fdd0af12a971f43a3da90ad79a574ec1500191ea023680b8a,4,64,1,25,1,2,c05,c04,c05
main|astana_clinic_nobase|nc6|np25|br0.25|one_heavy|ms3|r300|s7,main,astana_clinic_nobase,6,25,0.25,one_heavy,3,300,7,498,sha256:a1cb5eeb9fde3f8d24572e45aae72d0646d85132fe0925790c4b7baf9eb3d91e,7,64,1,25,2,3,c01 c04,c00 c01,c00 c04
main|astana_clinic_nobase|nc6|np25|br0.25|one_heavy|ms3|r300|s8,main,astana_clinic_nobase,6,25,0.25,one_heavy,3,300,8,330,sha256:c7542511214cbe1259d08de9fcdd601daafc852b9d83ab9980f1260b7949f09d,5,64,1,25,2,1,c04,c04,c04
main|astana_clinic_nobase|nc6|np25|br0.25|one_heavy|ms3|r300|s9,main,astana_clinic_nobase,6,25,0.25,one_heavy,3,300,9,501,sha256:44afe19eee4885414249e47e565f5476bb3bacc285ba201c69bf42031cc17adc,4,64,1,25,2,1,c03 c04,c03 c04,c03 c04
main|astana_clinic_nobase|nc6|np25|br0.5|uniform|ms3|r300|s0,main,astana_clinic_nobase,6,25,0.5,uniform,3,300,0,1090,sha256:a98b9154f8b40c2f54e4a3ed55690e924f07cfb7e0b7d09de23052c653264114,15,64,1,25,7,2,c01 c05,c01 c05,c02 c05
main|astana_clinic_nobase|nc6|np25|br0.5|uniform|ms3|r300|s1,main,astana_clinic_nobase,6,25,0.5,uniform,3,300,1,980,sha256:29ae2e4baf0bbab48605e5009d69d5bee2a3b31b6f0ab9c6ef1626bb9113cb13,11,64,1,25,4,1,c00 c02,c00 c02,c00 c02
main|astana_clinic_nobase|nc6|np25|br0.5|uniform|ms3|r300|s2,main,astana_clinic_nobase,6,25,0.5,uniform,3,300,2,1394,sha256:738aff0c9485e68513adc2bfe8c8c48e7af7f8a88524053f33d34e8ce44b6191,14,64,1,25,5,2,c01 c03,c01 c04,c01 c03
main|astana_clinic_nobase|nc6|np25|br0.5|uniform|ms3|r300|s3,main,astana_clinic_nobase,6,25,0.5,uniform,3,300,3,867,sha256:af4d429dc8edfceed89fd51881b646413d66db6b735e8f8a26adc98c9d127429,16,64,1,25,8,2,c02 c04,c01 c05,c01 c05
main|astana_clinic_nobase|nc6|np25|br0.5|uniform|ms3|r300|s4,main,astana_clinic_nobase,6,25,0.5,uniform,3,300,4,1146,sha256:45247cf95fd3cd75b5583c1bc4b41d65aefb2562f6cbbc00b74f9676decabd69,14,64,1,25,6,2,c00 c03,c00 c03,c00 c02
main|astana_clinic_nobase|nc6|np25|br0.5|uniform|ms3|r300|s5,main,astana_clinic_nobase,6,25,0.5,uniform,3,300,5,1312,sha256:72121a51b41ebe3f6525d28c17ce3f5b7cc2c60479581c6476ff7a85acb35f90,19,64,1,25,7,2,c01 c02 c05,c01 c02 c05,c01 c03 c05
main|astana_clinic_nobase|nc6|np25|br0.5|uniform|ms3|r300|s6,main,astana_clinic_nobase,6,25,0.5,uniform,3,300,6,1195,sha256:a9e2a8538b17df831f1e2a1f9a160e92fbb424c3090d900828d0e95e94026efe,17,64,1,25,5,1,c00 c04 c05,c00 c04 c05,c00 c04 c05
main|astana_clinic_nobase|nc6|np25|br0.5|uniform|ms3|r300|s7,main,astana_clinic_nobase,6,25,0.5,uniform,3,300,7,996,sha256:cd759399dede0d379d4608070c506bf525387dda26a247e283c7d955ecda3bc9,20,64,1,25,6,2,c00 c04 c05,c00 c04 c05,c00 c01 c04
main|astana_clinic_nobase|nc6|np25|br0.5|uniform|ms3|r300|s8,main,astana_clinic_nobase,6,25,0.5,uniform,3,300,8,661,sha256:99b6d1bfdad2ede2d7a0deee8940f62fbf4f0e92048c12796e9e505cdb0bfd78,16,64,1,25,3,1,c00 c04,c00 c04,c00 c04
main|astana_clinic_nobase|nc6|np25|br0.5|uniform|ms3|r300|s9,main,astana_clinic_nobase,6,25,0.5,uniform,3,300,9,1003,sha256:0d028c894afe7ba8c3029713a845e513ce943f4e0735465cbede4d46c74040b2,18,64,1,25,7,2,c01 c03 c04,c01 c03 c04,c00 c03 c04
main|astana_clinic_nobase|nc6|np25|br0.5|random_1_100|ms3|r300|s0,main,astana_clinic_nobase,6,25,0.5,random_1_100,3,300,0,1090,sha256:27b62b421a8666908def4f0915609553f91d6becccf7985a04f6ad7743accbdd,15,64,1,25,7,2,c01 c05,c01 c05,c02 c05
main|astana_clinic_nobase|nc6|np25|br0.5|random_1_100|ms3|r300|s1,main,astana_clinic_nobase,6,25,0.5,random_1_100,3,300,1,980,sha256:d6e4ae4eb673e22fe625dd3901ce7e0f1f25168a85d509cb7be7fc19b490b1e5,11,64,1,25,4,1,c00 c02,c00 c02,c00 c02
main|astana_clinic_nobase|nc6|np25|br0.5|random_1_100|ms3|r300|s2,main,astana_clinic_nobase,6,25,0.5,random_1_100,3,300,2,1394,sha256:6a765c19ebd6eb86c99be8ac4cf036b576837b30c5907ae7fa885136bf45a3ff,14,64,1,25,5,2,c01 c03,c01 c04,c01 c03
main|astana_clinic_nobase|nc6|np25|br0.5|random_1_100|ms3|r300|s3,main,astana_clinic_nobase,6,25,0.5,random_1_100,3,300,3,867,sha256:5eb9b11891ec99c9fdbf267b0934a7b7d64cc1d9270061eafb7aafedfaa229f6,16,64,1,25,8,3,c02 c04,c01 c05,c04 c05
main|astana_clinic_nobase|nc6|np25|br0.5|random_1_100|ms3|r300|s4,main,astana_clinic_nobase,6,25,0.5,random_1_100,3,300,4,1146,sha256:c1ed0465dd58aa9790fc182b2ed9c4ac91c2d0028bb2a1e2b97615244c3810fa,14,64,1,25,5,2,c00 c03,c00 c03,c00 c02
main|astana_clinic_nobase|nc6|np25|br0.5|random_1_100|ms3|r300|s5,main,astana_clinic_nobase,6,25,0.5,random_1_100,3,300,5,1312,sha256:4b5012464696a7f82c5b1cd226dcaaf4e251b93236ef12ed36d195aa7df04c31,19,64,1,25,6,2,c01 c02 c05,c01 c02 c05,c01 c03 c05
main|astana_clinic_nobase|nc6|np25|br0.5|random_1_100|ms3|r300|s6,main,astana_clinic_nobase,6,25,0.5,random_1_100,3,300,6,1195,sha256:e66d5b621d980ab044175adce3e438e149d375b3ea8b8408020df30e53923101,17,64,1,25,5,1,c00 c04 c05,c00 c04 c05,c00 c04 c05
main|astana_clinic_nobase|nc6|np25|br0.5|random_1_100|ms3|r300|s7,main,astana_clinic_nobase,6,25,0.5,random_1_100,3,300,7,996,sha256:d86c4a285291a87a42f35761f440e4ddd33d7fc0733e7978cfb6068d748a147e,20,64,1,25,5,2,c00 c04 c05,c00 c04 c05,c00 c01 c04
main|astana_clinic_nobase|nc6|np25|br0.5|random_1_100|ms3|r300|s8,main,astana_clinic_nobase,6,25,0.5,random_1_100,3,300,8,661,sha256:2a5aa70fc486a8121db9b4d8e98f629597517247cc69e0a90d5f1bf49367deb8,16,64,1,25,3,1,c00 c04,c00 c04,c00 c04
main|astana_clinic_nobase|nc6|np25|br0.5|random_1_100|ms3|r300|s9,main,astana_clinic_nobase,6,25,0.5,random_1_100,3,300,9,1003,sha256:7dff66fde9e2397b34e61a0bd7596b8f5fe197795ecea9d212812c1703ca634a,18,64,1,25,7,2,c01 c03 c04,c01 c03 c04,c00 c03 c04
main|astana_clinic_nobase|nc6|np25|br0.5|one_heavy|ms3|r300|s0,main,astana_clinic_nobase,6,25,0.5,one_heavy,3,300,0,1090,sha256:ff24b8ebbf29304a12b35d1373e5bc877312655f453f3366c14bed56119bea05,15,64,1,25,5,3,c03 c04,c01 c05,c02 c05
main|astana_clinic_nobase|nc6|np25|br0.5|one_heavy|ms3|r300|s1,main,astana_clinic_nobase,6,25,0.5,one_heavy,3,300,1,980,sha256:2381a156addee592990611aa9b7ae1ac4dbea71da19ed857f30aaff97efb6275,11,64,1,25,4,2,c02 c04,c00 c02,c02 c04
main|astana_clinic_nobase|nc6|np25|br0.5|one_heavy|ms3|r300|s2,main,astana_clinic_nobase,6,25,0.5,one_heavy,3,300,2,1394,sha256:8fe600487f6994bc659aa3f0401b221993c4be61d1f7d002451a9a02cd4d3df0,14,64,1,25,4,2,c01 c03,c01 c04,c01 c03
main|astana_clinic_nobase|nc6|np25|br0.5|one_heavy|ms3|r300|s3,main,astana_clinic_nobase,6,25,0.5,one_heavy,3,300,3,867,sha256:87fa64d69333469b5e70a6bab8098f9577753f3f17731006e27e5a7373e16903,16,64,1,25,6,3,c02 c04,c01 c05,c04 c05
main|astana_clinic_nobase|nc6|np25|br0.5|one_heavy|ms3|r300|s4,main,astana_clinic_nobase,6,25,0.5,one_heavy,3,300,4,1146,sha256:776552495bddfa9838c6e669eecb0142693e90a0dcbeb06e1a79cf2ec5a5a05d,14,64,1,25,5,2,c00 c03,c00 c03,c00 c02
main|astana_clinic_nobase|nc6|np25|br0.5|one_heavy|ms3|r300|s5,main,astana_clinic_nobase,6,25,0.5,one_heavy,3,300,5,1312,sha256:d0b1263125e9acbe335dc6fc3b4ddd8e711e9515d299e2aceca3e9ea83c8297e,19,64,1,25,5,2,c01 c02 c05,c01 c02 c05,c01 c03 c05
main|astana_clinic_nobase|nc6|np25|br0.5|one_heavy|ms3|r300|s6,main,astana_clinic_nobase,6,25,0.5,one_heavy,3,300,6,1195,sha256:6ceda1005165759ebad7b1ee3a455dab772afb602ada23c6be5b7374622b354c,17,64,1,25,5,2,c03 c04,c00 c04 c05,c00 c04 c05
main|astana_clinic_nobase|nc6|np25|br0.5|one_heavy|ms3|r300|s7,main,astana_clinic_nobase,6,25,0.5,one_heavy,3,300,7,996,sha256:bdcc1a5c81a0cfd2361242b7d056c88fac189ff4b34ab3bf087d0404f7e0267a,20,64,1,25,4,3,c01 c03,c00 c04 c05,c00 c01 c04
main|astana_clinic_nobase|nc6|np25|br0.5|one_heavy|ms3|r300|s8,main,astana_clinic_nobase,6,25,0.5,one_heavy,3,300,8,661,sha256:a5917b3c44f863a92e81a23b82c58c26af5e6b6c3ec9df9ac5d96751888b223e,16,64,1,25,3,1,c00 c04,c00 c04,c00 c04
main|astana_clinic_nobase|nc6|np25|br0.5|one_heavy|ms3|r300|s9,main,astana_clinic_nobase,6,25,0.5,one_heavy,3,300,9,1003,sha256:fb35a068ce4dd2e459cb41ec16de020a71f0bd7a32f172d924b824123b9c33b6,18,64,1,25,6,2,c01 c03 c04,c01 c03 c04,c00 c03 c04
main|astana_clinic_nobase|nc6|np25|br0.75|uniform|ms3|r300|s0,main,astana_clinic_nobase,6,25,0.75,uniform,3,300,0,1635,sha256:a5052196ed9b1bfcc93c8671d01405e3ba66a0c9970fdc02c8e0cc9b7f2c3af2,32,64,1,25,11,2,c01 c03 c05,c01 c03 c05,c00 c02 c05
main|astana_clinic_nobase|nc6|np25|br0.75|uniform|ms3|r300|s1,main,astana_clinic_nobase,6,25,0.75,uniform,3,300,1,1470,sha256:456da8655eda57b7aa18c23d7633313edf436ca5eab41c0f2cc7a4b459321cea,25,64,1,25,6,1,c00 c01 c02,c00 c01 c02,c00 c01 c02
main|astana_clinic_nobase|nc6|np25|br0.75|uniform|ms3|r300|s2,main,astana_clinic_nobase,6,25,0.75,uniform,3,300,2,2091,sha256:88765993857e8fc561c9a47f4c732e58400a9d0ef69cb9496bbe075b925702b5,32,64,1,25,8,2,c01 c03 c05,c01 c03 c05,c01 c03 c04
main|astana_clinic_nobase|nc6|np25|br0.75|uniform|ms3|r300|s3,main,astana_clinic_nobase,6,25,0.75,uniform,3,300,3,1301,sha256:b58f6387dc10e78fcfc2dbc4a5de0be33ff6a7c32412a631cddedea7394e7bf0,30,64,1,25,14,1,c02 c04 c05,c02 c04 c05,c02 c04 c05
main|astana_clinic_nobase|nc6|np25|br0.75|uniform|ms3|r300|s4,main,astana_clinic_nobase,6,25,0.75,uniform,3,300,4,1719,sha256:ec5726ae08af0b0263514ba78183362d633592d87e52c45bd4dd5302fab769a0,32,64,1,25,9,2,c00 c03 c04,c00 c03 c04,c00 c01 c02
main|astana_clinic_nobase|nc6|np25|br0.75|uniform|ms3|r300|s5,main,astana_clinic_nobase,6,25,0.75,uniform,3,300,5,1968,sha256:28f61b2df8e59a8af83efea1bfc8b5fc41e0361a17b1a2044c1f2d0bffc3caea,35,64,1,25,8,2,c01 c02 c03,c01 c02 c03,c02 c03 c05
main|astana_clinic_nobase|nc6|np25|br0.75|uniform|ms3|r300|s6,main,astana_clinic_nobase,6,25,0.75,uniform,3,300,6,1793,sha256:35df90d93f023ef90510d9e3442ac4dc30d2674bda084eedb3947b2e46069215,32,64,1,25,6,1,c00 c02 c05,c00 c02 c05,c00 c02 c05
main|astana_clinic_nobase|nc6|np25|br0.75|uniform|ms3|r300|s7,main,astana_clinic_nobase,6,25,0.75,uniform,3,300,7,1494,sha256:2432fde27ac73f1471be00f55a285683cb4193b492137fb10308904086da212e,35,64,1,25,8,2,c00 c03 c04,c00 c03 c04,c00 c01 c04
main|astana_clinic_nobase|nc6|np25|br0.75|uniform|ms3|r300|s8,main,astana_clinic_nobase,6,25,0.75,uniform,3,300,8,992,sha256:3510545d087ef09da9109d60360dd126687a5405c16cd52f2ae2e2ee0143c81a,31,64,1,25,5,1,c04 c05,c04 c05,c04 c05
main|astana_clinic_nobase|nc6|np25|br0.75|uniform|ms3|r300|s9,main,astana_clinic_nobase,6,25,0.75,uniform,3,300,9,1504,sha256:956ecc2b2a285c50b73bb0dc5a6b051002880da07c619da84f88b9c0b7c264b3,32,64,1,25,12,2,c00 c01 c03,c01 c04 c05,c00 c01 c03
main|astana_clinic_nobase|nc6|np25|br0.75|random_1_100|ms3|r300|s0,main,astana_clinic_nobase,6,25,0.75,random_1_100,3,300,0,1635,sha256:0a0f44fa0f89394b5969b8db7416dcd921d1cb2e7b016618c76fce7c5cd1275f,32,64,1,25,10,2,c01 c03 c05,c01 c03 c05,c00 c02 c05
main|astana_clinic_nobase|nc6|np25|br0.75|random_1_100|ms3|r300|s1,main,astana_clinic_nobase,6,25,0.75,random_1_100,3,300,1,1470,sha256:a6616965e72265c69ec5f88b6f3d1e783f05bfa3c1652e763afe90a96a060de4,25,64,1,25,6,1,c00 c01 c02,c00 c01 c02,c00 c01 c02
main|astana_clinic_nobase|nc6|np25|br0.75|random_1_100|ms3|r300|s2,main,astana_clinic_nobase,6,25,0.75,random_1_100,3,300,2,2091,sha256:83e87ce7f6088b652832313032cd46e93f4ebead941a716a133c0a7ada60fa87,32,64,1,25,8,2,c01 c03 c05,c01 c03 c05,c01 c03 c04
main|astana_clinic_nobase|nc6|np25|br0.75|random_1_100|ms3|r300|s3,main,astana_clinic_nobase,6,25,0.75,random_1_100,3,300,3,1301,sha256:49a2c01aa165e4aa214bbccaf9dd320b98ca31d0020fafa73ac8642ad20d2c71,30,64,1,25,13,1,c02 c04 c05,c02 c04 c05,c02 c04 c05
main|astana_clinic_nobase|nc6|np25|br0.75|random_1_100|ms3|r300|s4,main,astana_clinic_nobase,6,25,0.75,random_1_100,3,300,4,1719,sha256:3d9c31c83ad557c9ec2365d3a2e54311cf8291be3bad0230815b22cd1799d2f8,32,64,1,25,8,2,c00 c03 c04,c00 c03 c04,c00 c01 c02
main|astana_clinic_nobase|nc6|np25|br0.75|random_1_100|ms3|r300|s5,main,astana_clinic_nobase,6,25,0.75,random_1_100,3,300,5,1968,sha256:eb50ae766a185091304bec37cc0ce4bc2769c53934257110f331a7dac8ac2a74,35,64,1,25,7,2,c01 c02 c03,c01 c02 c03,c02 c03 c05
main|astana_clinic_nobase|nc6|np25|br0.75|random_1_100|ms3|r300|s6,main,astana_clinic_nobase,6,25,0.75,random_1_100,3,300,6,1793,sha256:ce522ea519f265813fb921087d2a6a3f5b1a57c975da0e3314f3a8a671e4952d,32,64,1,25,7,1,c00 c02 c05,c00 c02 c05,c00 c02 c05
main|astana_clinic_nobase|nc6|np25|br0.75|random_1_100|ms3|r300|s7,main,astana_clinic_nobase,6,25,0.75,random_1_100,3,300,7,1494,sha256:519899486c54eb40d24cbfa3ecd297d580369afefae111098bda1543eeab6a4c,35,64,1,25,6,2,c00 c03 c04,c00 c03 c04,c00 c01 c04
main|astana_clinic_nobase|nc6|np25|br0.75|random_1_100|ms3|r300|s8,main,astana_clinic_nobase,6,25,0.75,random_1_100,3,300,8,992,sha256:9fab6e568d4d0f0f76f7c2c2018ed367e0bedcf761c705fb69d2eb0336f0144a,31,64,1,25,5,2,c04 c05,c04 c05,c00 c02 c04
main|astana_clinic_nobase|nc6|np25|br0.75|random_1_100|ms3|r300|s9,main,astana_clinic_nobase,6,25,0.75,random_1_100,3,300,9,1504,sha256:7d54b7487be435175ac1f4476ad1ebf7ec6f3f962c6b17a987e68bf329e93029,32,64,1,25,10,2,c00 c01 c03,c01 c04 c05,c00 c01 c03
main|astana_clinic_nobase|nc6|np25|br0.75|one_heavy|ms3|r300|s0,main,astana_clinic_nobase,6,25,0.75,one_heavy,3,300,0,1635,sha256:d9be06a98f85a35e10eca4f34aebb67352abd8a6c441b93376b28be2d1cf6a76,32,64,1,25,8,2,c03 c04 c05,c03 c04 c05,c00 c02 c05
main|astana_clinic_nobase|nc6|np25|br0.75|one_heavy|ms3|r300|s1,main,astana_clinic_nobase,6,25,0.75,one_heavy,3,300,1,1470,sha256:e374c25f559f93372dc40b55d6345850740b4d03efbb1e0c63c0e507c7eb41ae,25,64,1,25,6,3,c00 c04,c00 c01 c02,c01 c02 c04
main|astana_clinic_nobase|nc6|np25|br0.75|one_heavy|ms3|r300|s2,main,astana_clinic_nobase,6,25,0.75,one_heavy,3,300,2,2091,sha256:b6bfb3000523af18ff259b133934027743395d52946bf097b70ca356eb7ab75e,32,64,1,25,6,2,c01 c03 c05,c01 c03 c05,c01 c03 c04
main|astana_clinic_nobase|nc6|np25|br0.75|one_heavy|ms3|r300|s3,main,astana_clinic_nobase,6,25,0.75,one_heavy,3,300,3,1301,sha256:87d502a4ccc25217be37ace663f6c1e8733f3327a49c67e88a61c1b4d8498746,30,64,1,25,10,1,c02 c04 c05,c02 c04 c05,c02 c04 c05
main|astana_clinic_nobase|nc6|np25|br0.75|one_heavy|ms3|r300|s4,main,astana_clinic_nobase,6,25,0.75,one_heavy,3,300,4,1719,sha256:3c9e71f5ca6fb318ff5ac28115997d90047ece5c04014bbaa2546cd5d3953a18,32,64,1,25,8,2,c00 c03 c04,c00 c03 c04,c00 c01 c02
main|astana_clinic_nobase|nc6|np25|br0.75|one_heavy|ms3|r300|s5,main,astana_clinic_nobase,6,25,0.75,one_heavy,3,300,5,1968,sha256:497a16a5b3d7a200b831eb91aab38a00a649424a515ca83e9c0959f8c1a8ba31,35,64,1,25,6,2,c01 c02 c03,c01 c02 c03,c02 c03 c05
main|astana_clinic_nobase|nc6|np25|br0.75|one_heavy|ms3|r300|s6,main,astana_clinic_nobase,6,25,0.75,one_heavy,3,300,6,1793,sha256:de46c857c1f6bb3f558f6174110a915476fdf7998b4bb48db34b4faf79ae760d,32,64,1,25,8,2,c00 c03 c05,c00 c03 c05,c00 c02 c05
main|astana_clinic_nobase|nc6|np25|br0.75|one_heavy|ms3|r300|s7,main,astana_clinic_nobase,6,25,0.75,one_heavy,3,300,7,1494,sha256:a0d24d7bb364745c313833b0f38ccb3daf7a043eef00ae2d5a49a7c8f6a3a6d3,35,64,1,25,6,2,c00 c03 c04,c00 c03 c04,c00 c01 c04
main|astana_clinic_nobase|nc6|np25|br0.75|one_heavy|ms3|r300|s8,main,astana_clinic_nobase,6,25,0.75,one_heavy,3,300,8,992,sha256:bb923262b510b1228e9723104b91b2814e16f3c38525c9411dbc7ddefbecb026,31,64,1,25,5,1,c04 c05,c04 c05,c04 c05
main|astana_clinic_nobase|nc6|np25|br0.75|one_heavy|ms3|r300|s9,main,astana_clinic_nobase,6,25,0.75,one_heavy,3,300,9,1504,sha256:5328dd2b4ff61ba28d78128dc4da98a17c360fa2dbfef16d44f48e833ba8626d,32,64,1,25,8,2,c00 c01 c03,c01 c04 c05,c00 c01 c03
main|astana_clinic_nobase|nc6|np25|br1.0|uniform|ms3|r300|s0,main,astana_clinic_nobase,6,25,1.0,uniform,3,300,0,2181,sha256:42b3b6e7c802909296989ec4f4678ed05af873cc2d05e3b503d331ebf9cf1326,42,64,0,25,11,2,c01 c03 c05,c01 c03 c05,c00 c02 c05
main|astana_clinic_nobase|nc6|np25|br1.0|uniform|ms3|r300|s1,main,astana_clinic_nobase,6,25,1.0,uniform,3,300,1,1961,sha256:9e2edc471f028dd38d9993f060bc8e5a1de71e238fbebc2d706f468754d0aa32,42,64,0,25,8,2,c00 c01 c05,c00 c01 c05,c00 c01 c02
main|astana_clinic_nobase|nc6|np25|br1.0|uniform|ms3|r300|s2,main,astana_clinic_nobase,6,25,1.0,uniform,3,300,2,2789,sha256:53cfbb250bfe9f3660cd0a34babb9d8bdc05ac61b29c2284cc24845c931878ce,42,64,0,25,8,2,c01 c03 c05,c01 c03 c05,c01 c03 c04
main|astana_clinic_nobase|nc6|np25|br1.0|uniform|ms3|r300|s3,main,astana_clinic_nobase,6,25,1.0,uniform,3,300,3,1735,sha256:669beda393c21d8c013e9c68be5239f00b33b23848dae4b71c75f586a5c7403b,42,64,0,25,14,1,c02 c04 c05,c02 c04 c05,c02 c04 c05
main|astana_clinic_nobase|nc6|np25|br1.0|uniform|ms3|r300|s4,main,astana_clinic_nobase,6,25,1.0,uniform,3,300,4,2292,sha256:f089cd6e48679fe8edfdf8db3636b37d30e74b6a076432b7badba40e26ae565b,42,64,0,25,10,2,c00 c02 c04,c00 c02 c04,c00 c01 c02
main|astana_clinic_nobase|nc6|np25|br1.0|uniform|ms3|r300|s5,main,astana_clinic_nobase,6,25,1.0,uniform,3,300,5,2624,sha256:a8bd8fca28980a28a49afbb6270e1fcdbeabcd8bcac8002b2b0b3e1af27d1f69,42,64,0,25,8,2,c01 c02 c03,c01 c02 c03,c02 c03 c05
main|astana_clinic_nobase|nc6|np25|br1.0|uniform|ms3|r300|s6,main,astana_clinic_nobase,6,25,1.0,uniform,3,300,6,2391,sha256:4c963c5e538ef9a0b404ced19ee476ce1e59f43d28322a4bc18ef9c7356a25ee,42,64,0,25,6,1,c00 c02 c05,c00 c02 c05,c00 c02 c05
main|astana_clinic_nobase|nc6|np25|br1.0|uniform|ms3|r300|s7,main,astana_clinic_nobase,6,25,1.0,uniform,3,300,7,1993,sha256:878f4134b84e8a9d38dd9e47f0081db94acd6621b2e874a91b22405f24c527a4,42,64,0,25,8,2,c00 c03 c04,c00 c03 c04,c00 c01 c04
main|astana_clinic_nobase|nc6|np25|br1.0|uniform|ms3|r300|s8,main,astana_clinic_nobase,6,25,1.0,uniform,3,300,8,1323,sha256:bad4344b571940d3cb1d932d6683a9d34e8082383ea2bc684e05acf10437292e,42,64,0,25,6,1,c00 c04 c05,c00 c04 c05,c00 c04 c05
main|astana_clinic_nobase|nc6|np25|br1.0|uniform|ms3|r300|s9,main,astana_clinic_nobase,6,25,1.0,uniform,3,300,9,2006,sha256:3fba6e80cfa20c5062df8bd3c07a5e85454ba27f28bac6d8104ddf722e4f89a4,42,64,0,25,13,1,c00 c01 c05,c00 c01 c05,c00 c01 c05
main|astana_clinic_nobase|nc6|np25|br1.0|random_1_100|ms3|r300|s0,main,astana_clinic_nobase,6,25,1.0,random_1_100,3,300,0,2181,sha256:ba29ab643e0f443aa8a91c8a6da0e8e8999c400a0057db83c5b0a967931384c3,42,64,0,25,12,3,c00 c01 c05,c01 c03 c05,c00 c02 c05
main|astana_clinic_nobase|nc6|np25|br1.0|random_1_100|ms3|r300|s1,main,astana_clinic_nobase,6,25,1.0,random_1_100,3,300,1,1961,sha256:e3ceba8ef847e1b1c803b13f7e2bcc29f3bcb5c2f1b5f7169afaa84b71d206e8,42,64,0,25,8,1,c00 c01 c05,c00 c01 c05,c00 c01 c05
main|astana_clinic_nobase|nc6|np25|br1.0|random_1_100|ms3|r300|s2,main,astana_clinic_nobase,6,25,1.0,random_1_100,3,300,2,2789,sha256:bc6d523cf534e092a36ce80b88820c1524cb2b01f5124f5e6a458a03e565c3ab,42,64,0,25,8,2,c01 c03 c05,c01 c03 c05,c01 c03 c04
main|astana_clinic_nobase|nc6|np25|br1.0|random_1_100|ms3|r300|s3,main,astana_clinic_nobase,6,25,1.0,random_1_100,3,300,3,1735,sha256:1b355b8b2b5799b42ba779ac0cfcb701860281b5fd0a6135edb054427255ad38,42,64,0,25,13,1,c02 c04 c05,c02 c04 c05,c02 c04 c05
main|astana_clinic_nobase|nc6|np25|br1.0|random_1_100|ms3|r300|s4,main,astana_clinic_nobase,6,25,1.0,random_1_100,3,300,4,2292,sha256:5a3075dafe8f18466b6a027bb1407287c3c9170874b3c79fc6eb0556e4d070d4,42,64,0,25,8,2,c00 c03 c04,c00 c03 c04,c00 c01 c02
main|astana_clinic_nobase|nc6|np25|br1.0|random_1_100|ms3|r300|s5,main,astana_clinic_nobase,6,25,1.0,random_1_100,3,300,5,2624,sha256:70f6e051bbc5aba35a2a87a908792bf95191ce63f31a0ff0573cc17acbdbe72e,42,64,0,25,7,2,c01 c02 c03,c01 c02 c03,c02 c03 c05
main|astana_clinic_nobase|nc6|np25|br1.0|random_1_100|ms3|r300|s6,main,astana_clinic_nobase,6,25,1.0,random_1_100,3,300,6,2391,sha256:11849e4b58e4b06b7c757704e4f5d675a589682b51e8a3cda3f2972187710587,42,64,0,25,7,1,c00 c02 c05,c00 c02 c05,c00 c02 c05
main|astana_clinic_nobase|nc6|np25|br1.0|random_1_100|ms3|r300|s7,main,astana_clinic_nobase,6,25,1.0,random_1_100,3,300,7,1993,sha256:e3054e899826ef5435933f999e9b7292fd95d029a349f16cec4327614f773be8,42,64,0,25,6,2,c00 c03 c04,c00 c03 c04,c00 c01 c04
main|astana_clinic_nobase|nc6|np25|br1.0|random_1_100|ms3|r300|s8,main,astana_clinic_nobase,6,25,1.0,random_1_100,3,300,8,1323,sha256:9ec41131ed2cf87b6ba7b3b209a86c045c9c11c1e87c9ed8e80e823fc864892e,42,64,0,25,6,1,c00 c04 c05,c00 c04 c05,c00 c04 c05
main|astana_clinic_nobase|nc6|np25|br1.0|random_1_100|ms3|r300|s9,main,astana_clinic_nobase,6,25,1.0,random_1_100,3,300,9,2006,sha256:96fa793125ecfdca09e0aff4f49edc5f2fa786b9e7e469aed5a3d5d3535d8f77,42,64,0,25,11,1,c00 c01 c05,c00 c01 c05,c00 c01 c05
main|astana_clinic_nobase|nc6|np25|br1.0|one_heavy|ms3|r300|s0,main,astana_clinic_nobase,6,25,1.0,one_heavy,3,300,0,2181,sha256:9e949f9e1e63534e941759a38fd81464f865f00821bf3d317949d4bf46c84e2a,42,64,0,25,8,2,c03 c04 c05,c03 c04 c05,c00 c02 c05
main|astana_clinic_nobase|nc6|np25|br1.0|one_heavy|ms3|r300|s1,main,astana_clinic_nobase,6,25,1.0,one_heavy,3,300,1,1961,sha256:d945cb43675bf4d87f14852fe2990a1fc58433a793769b78f22e8b52bfcf84fc,42,64,0,25,7,2,c00 c02 c04,c00 c01 c04,c00 c02 c04
main|astana_clinic_nobase|nc6|np25|br1.0|one_heavy|ms3|r300|s2,main,astana_clinic_nobase,6,25,1.0,one_heavy,3,300,2,2789,sha256:98f6a6868bd9c2c8e2ab0cd3720fc4614354aa8bb43db5e5032747df54de57ae,42,64,0,25,6,2,c01 c03 c05,c01 c03 c05,c01 c03 c04
main|astana_clinic_nobase|nc6|np25|br1.0|one_heavy|ms3|r300|s3,main,astana_clinic_nobase,6,25,1.0,one_heavy,3,300,3,1735,sha256:09d0e95ecf03d018ca3378d433e34f903fd6e22b1cafcbc7989461e8304c381d,42,64,0,25,10,1,c02 c04 c05,c02 c04 c05,c02 c04 c05
main|astana_clinic_nobase|nc6|np25|br1.0|one_heavy|ms3|r300|s4,main,astana_clinic_nobase,6,25,1.0,one_heavy,3,300,4,2292,sha256:130dec046d412500272098b049ac7c9dc61c744b0f08a420571ba0f3e8b7dcae,42,64,0,25,8,2,c00 c03 c04,c00 c03 c04,c00 c01 c02
main|astana_clinic_nobase|nc6|np25|br1.0|one_heavy|ms3|r300|s5,main,astana_clinic_nobase,6,25,1.0,one_heavy,3,300,5,2624,sha256:e563a3c6812776cac36323a8da0fe28bd296a9378c1af828b175d7b35161bfcd,42,64,0,25,6,2,c01 c02 c03,c01 c02 c03,c02 c03 c05
main|astana_clinic_nobase|nc6|np25|br1.0|one_heavy|ms3|r300|s6,main,astana_clinic_nobase,6,25,1.0,one_heavy,3,300,6,2391,sha256:d187a45dff0a2e77480bff56cf938280c34ae4bca0dd59c9448654e8d0aa2889,42,64,0,25,9,3,c00 c02 c03,c00 c03 c05,c00 c02 c05
main|astana_clinic_nobase|nc6|np25|br1.0|one_heavy|ms3|r300|s7,main,astana_clinic_nobase,6,25,1.0,one_heavy,3,300,7,1993,sha256:101107b1433a6caabde88e2af58f922e85ac3f677f76e6bb74d9561002ef8f23,42,64,0,25,6,2,c00 c03 c04,c00 c03 c04,c00 c01 c04
main|astana_clinic_nobase|nc6|np25|br1.0|one_heavy|ms3|r300|s8,main,astana_clinic_nobase,6,25,1.0,one_heavy,3,300,8,1323,sha256:f154bf447a9c540b01134188c896a21d75c9e81ac8f67499f5d2180aa943a4b3,42,64,0,25,6,1,c00 c04 c05,c00 c04 c05,c00 c04 c05
main|astana_clinic_nobase|nc6|np25|br1.0|one_heavy|ms3|r300|s9,main,astana_clinic_nobase,6,25,1.0,one_heavy,3,300,9,2006,sha256:bc7d5d7887df27286ecc4cdbdfada746e9ac1f5491b636d219424e03aec7fda4,42,64,0,25,9,1,c00 c01 c05,c00 c01 c05,c00 c01 c05
main|astana_clinic_nobase|nc10|np5|br0.25|uniform|ms3|r300|s0,main,astana_clinic_nobase,10,5,0.25,uniform,3,300,0,545,sha256:3d4bc76342efe5ba16bf3eca0236b8ffe5182d91d39102a801d4d177440228d5,22,1024,1,5,6,1,c07 c09,c07 c09,c07 c09
main|astana_clinic_nobase|nc10|np5|br0.25|uniform|ms3|r300|s1,main,astana_clinic_nobase,10,5,0.25,uniform,3,300,1,618,sha256:67e079167c460f15f7243ff562ca49216091d485f06570a2fd3d038c9bc96886,5,1024,1,5,2,2,c01,c01,c00
main|astana_clinic_nobase|nc10|np5|br0.25|uniform|ms3|r300|s2,main,astana_clinic_nobase,10,5,0.25,uniform,3,300,2,697,sha256:a914507ed3c48988afecff328fe07a2045852c15fc9a25ef5d2cf8ed95437584,10,1024,1,5,5,1,c01 c08,c01 c08,c01 c08
main|astana_clinic_nobase|nc10|np5|br0.25|uniform|ms3|r300|s3,main,astana_clinic_nobase,10,5,0.25,uniform,3,300,3,514,sha256:2e551e261fc563ff5b884867e9f801003c19bd5237636f773c4a48ea17a30fac,9,1024,1,5,3,1,c04 c08,c04 c08,c04 c08
main|astana_clinic_nobase|nc10|np5|br0.25|uniform|ms3|r300|s4,main,astana_clinic_nobase,10,5,0.25,uniform,3,300,4,661,sha256:62c57eb31e2aac71efebc5fa9b7c1b5c75a27c0ee9fddd134f02327049feae76,16,1024,1,5,4,2,c03 c07,c06 c08,c03 c07
main|astana_clinic_nobase|nc10|np5|br0.25|uniform|ms3|r300|s5,main,astana_clinic_nobase,10,5,0.25,uniform,3,300,5,672,sha256:0832934507d69186b800c84b4a1bf75b3978d76ce00abcc339bba9241a54257a,6,1024,1,5,5,1,c01 c03,c01 c03,c01 c03
main|astana_clinic_nobase|nc10|np5|br0.25|uniform|ms3|r300|s6,main,astana_clinic_nobase,10,5,0.25,uniform,3,300,6,658,sha256:ee3a3b8a2361e28933f8eef400fe820a2588b97490d3683338144342685e9c3b,10,1024,1,5,2,2,c05,c04 c07,c05
main|astana_clinic_nobase|nc10|np5|br0.25|uniform|ms3|r300|s7,main,astana_clinic_nobase,10,5,0.25,uniform,3,300,7,651,sha256:2a8ca1be3a7c4fb021247c11e5505bf6352706cd9e10c8996ef47325887b34d9,15,1024,1,5,2,2,c01 c06,c00 c06,c01 c06
main|astana_clinic_nobase|nc10|np5|br0.25|uniform|ms3|r300|s8,main,astana_clinic_nobase,10,5,0.25,uniform,3,300,8,628,sha256:19d7b05c39583ec06ba5655822925a6a889f5c079870135c57b373b513924619,27,1024,1,5,4,1,c06 c09,c06 c09,c06 c09
main|astana_clinic_nobase|nc10|np5|br0.25|uniform|ms3|r300|s9,main,astana_clinic_nobase,10,5,0.25,uniform,3,300,9,613,sha256:b3ba9a74670369b5aee533c20057a9867371987c2321f3a16432f2bf7b650345,8,1024,1,5,3,2,c00,c03 c04,c00
main|astana_clinic_nobase|nc10|np5|br0.25|random_1_100|ms3|r300|s0,main,astana_clinic_nobase,10,5,0.25,random_1_100,3,300,0,545,sha256:ca03935de498f8f2d4f57731753b949d21dcc7cfbba2635f17b74f9078d4737d,22,1024,1,5,6,1,c07 c09,c07 c09,c07 c09
main|astana_clinic_nobase|nc10|np5|br0.25|random_1_100|ms3|r300|s1,main,astana_clinic_nobase,10,5,0.25,random_1_100,3,300,1,618,sha256:135f3b59e2685c49cea6ea72e6663175873158be84e8885db6b9067e05677d9d,5,1024,1,5,2,3,c07,c01,c00
main|astana_clinic_nobase|nc10|np5|br0.25|random_1_100|ms3|r300|s2,main,astana_clinic_nobase,10,5,0.25,random_1_100,3,300,2,697,sha256:af3886fead75279751242d6790cd77a5fa706e63b88dbe73084950b3f7271c47,10,1024,1,5,4,1,c01 c08,c01 c08,c01 c08
main|astana_clinic_nobase|nc10|np5|br0.25|random_1_100|ms3|r300|s3,main,astana_clinic_nobase,10,5,0.25,random_1_100,3,300,3,514,sha256:49a306c898f0bd4d049c36f03b9f494975990af921ab401b854131813547e2e3,9,1024,1,5,3,1,c04 c08,c04 c08,c04 c08
main|astana_clinic_nobase|nc10|np5|br0.25|random_1_100|ms3|r300|s4,main,astana_clinic_nobase,10,5,0.25,random_1_100,3,300,4,661,sha256:3c4a70fa57d4358ec119e21b569b999191dd11db25f1f010e5cc2a14ed92c42c,16,1024,1,5,4,2,c03 c07,c06 c08,c03 c07
main|astana_clinic_nobase|nc10|np5|br0.25|random_1_100|ms3|r300|s5,main,astana_clinic_nobase,10,5,0.25,random_1_100,3,300,5,672,sha256:5a5382d8e2bbd2753ec40f2235ed0afdae4646bd39cfe305df54301b84298b14,6,1024,1,5,5,1,c01 c03,c01 c03,c01 c03
main|astana_clinic_nobase|nc10|np5|br0.25|random_1_100|ms3|r300|s6,main,astana_clinic_nobase,10,5,0.25,random_1_100,3,300,6,658,sha256:2ae7be5d0c162a144eeb1ddc3b19748aa49317b4962e7c04540886d85a863706,10,1024,1,5,3,2,c04 c07,c04 c07,c05
main|astana_clinic_nobase|nc10|np5|br0.25|random_1_100|ms3|r300|s7,main,astana_clinic_nobase,10,5,0.25,random_1_100,3,300,7,651,sha256:8cb9f50cb0733744db5006a52dc27a0ece06e4e3de810bad132094ab68cc4755,15,1024,1,5,3,1,c00 c06,c00 c06,c00 c06
main|astana_clinic_nobase|nc10|np5|br0.25|random_1_100|ms3|r300|s8,main,astana_clinic_nobase,10,5,0.25,random_1_100,3,300,8,628,sha256:8b0aacb4585af8cb0e876ded64460b462861c3051fdfd9aa027840b5a7b830d8,27,1024,1,5,4,1,c06 c09,c06 c09,c06 c09
main|astana_clinic_nobase|nc10|np5|br0.25|random_1_100|ms3|r300|s9,main,astana_clinic_nobase,10,5,0.25,random_1_100,3,300,9,613,sha256:919bb14d3a56d7bc1cffb2170dc97922a5c7ddbbdd627125d1d067281654250b,8,1024,1,5,3,2,c00,c03 c04,c00
main|astana_clinic_nobase|nc10|np5|br0.25|one_heavy|ms3|r300|s0,main,astana_clinic_nobase,10,5,0.25,one_heavy,3,300,0,545,sha256:4f7def2aa40bfa3849c1c9b01603e6aea4f57e9944a8380e33c789631304c6fc,22,1024,1,5,6,2,c02 c08 c09,c07 c09,c07 c09
main|astana_clinic_nobase|nc10|np5|br0.25|one_heavy|ms3|r300|s1,main,astana_clinic_nobase,10,5,0.25,one_heavy,3,300,1,618,sha256:fd548aee63b0341ec581c436f66eae2e19999154559fe61c026bdd2c821c0595,5,1024,1,5,2,2,c01,c01,c00
main|astana_clinic_nobase|nc10|np5|br0.25|one_heavy|ms3|r300|s2,main,astana_clinic_nobase,10,5,0.25,one_heavy,3,300,2,697,sha256:141ec4bc7fe6f4117773110126be237c5c259d365ad92f6093eacc98caca0cfa,10,1024,1,5,3,2,c08 c09,c01 c08,c08 c09
main|astana_clinic_nobase|nc10|np5|br0.25|one_heavy|ms3|r300|s3,main,astana_clinic_nobase,10,5,0.25,one_heavy,3,300,3,514,sha256:ab057fa74e36d970c95e50d4dfc6809a087a78917f407304fe34741ec740d564,9,1024,1,5,2,1,c04 c08,c04 c08,c04 c08
main|astana_clinic_nobase|nc10|np5|br0.25|one_heavy|ms3|r300|s4,main,astana_clinic_nobase,10,5,0.25,one_heavy,3,300,4,661,sha256:58860b4e01cecbb235906ed944978f25c67942f71e8ddf5e7c24f96f39c82f1d,16,1024,1,5,5,2,c06 c08,c06 c08,c03 c07
main|astana_clinic_nobase|nc10|np5|br0.25|one_heavy|ms3|r300|s5,main,astana_clinic_nobase,10,5,0.25,one_heavy,3,300,5,672,sha256:8172c7204c77c1447a23135c2de6b8b07435011bf8402061785099bd3f100e01,6,1024,1,5,3,1,c01 c03,c01 c03,c01 c03
main|astana_clinic_nobase|nc10|np5|br0.25|one_heavy|ms3|r300|s6,main,astana_clinic_nobase,10,5,0.25,one_heavy,3,300,6,658,sha256:12b577b7917fccd0112b6066ca969f6372cf29227beacdf3fef696e5888f4a7f,10,1024,1,5,2,2,c05,c04 c07,c05
main|astana_clinic_nobase|nc10|np5|br0.25|one_heavy|ms3|r300|s7,main,astana_clinic_nobase,10,5,0.25,one_heavy,3,300,7,651,sha256:d96eede1881ccb51558816f6817dc23763fd7d8384a234f32d503096e052d8bf,15,1024,1,5,3,2,c01 c06,c00 c06,c01 c06
main|astana_clinic_nobase|nc10|np5|br0.25|one_heavy|ms3|r300|s8,main,astana_clinic_nobase,10,5,0.25,one_heavy,3,300,8,628,sha256:dd988aa937d93485af0ac0e79b4e79495f9df90edf93f213af584ea725d8aeff,27,1024,1,5,5,1,c06 c09,c06 c09,c06 c09
main|astana_clinic_nobase|nc10|np5|br0.25|one_heavy|ms3|r300|s9,main,astana_clinic_nobase,10,5,0.25,one_heavy,3,300,9,613,sha256:123ac6cd1a97eef2ea7bd352144e14da31992697c337a9fe24f95a253f0cda91,8,1024,1,5,4,3,c01,c03 c04,c00
main|astana_clinic_nobase|nc10|np5|br0.5|uniform|ms3|r300|s0,main,astana_clinic_nobase,10,5,0.5,uniform,3,300,0,1090,sha256:4c126954dd586f00ce392b1746a7ad617135be063430a76e862ae5dbb092eee8,93,1024,1,5,7,2,c07 c08 c09,c00 c09,c07 c08 c09
main|astana_clinic_nobase|nc10|np5|br0.5|uniform|ms3|r300|s1,main,astana_clinic_nobase,10,5,0.5,uniform,3,300,1,1237,sha256:86a51bf0bb9641659233d6c1d8c9c9ee0259da6ee9aecdac86592ed3492401b2,36,1024,1,5,4,1,c00 c02,c00 c02,c00 c02
main|astana_clinic_nobase|nc10|np5|br0.5|uniform|ms3|r300|s2,main,astana_clinic_nobase,10,5,0.5,uniform,3,300,2,1394,sha256:6fd0420921fbb9cd890380213c978cec89b9bf3640e06d3166dba5ac0818a24f,64,1024,1,5,9,2,c04 c07 c08,c07 c08 c09,c04 c07 c08
main|astana_clinic_nobase|nc10|np5|br0.5|uniform|ms3|r300|s3,main,astana_clinic_nobase,10,5,0.5,uniform,3,300,3,1029,sha256:b8d784e6124afa83b062e33c2c0948be90bdbe492dfa7e2e32e5f77ab417590c,51,1024,1,5,4,1,c04 c06 c08,c04 c06 c08,c04 c06 c08
main|astana_clinic_nobase|nc10|np5|br0.5|uniform|ms3|r300|s4,main,astana_clinic_nobase,10,5,0.5,uniform,3,300,4,1323,sha256:36007c368561ddac1497f1ad0969e3ef28970304680abc18233da8b900ed355d,80,1024,1,5,6,1,c03 c04 c07,c03 c04 c07,c03 c04 c07
main|astana_clinic_nobase|nc10|np5|br0.5|uniform|ms3|r300|s5,main,astana_clinic_nobase,10,5,0.5,uniform,3,300,5,1344,sha256:dadb50fc4e4e7c90d75ac79a16802a0c3d92cf852e2d92b4cc61cd7ee0b2587e,39,1024,1,5,10,2,c03 c08,c01 c04,c03 c08
main|astana_clinic_nobase|nc10|np5|br0.5|uniform|ms3|r300|s6,main,astana_clinic_nobase,10,5,0.5,uniform,3,300,6,1316,sha256:90fc15e13e044c246cb0cc0353480393dd203381ebce21fcc4af4807d15aaa64,69,1024,1,5,6,2,c02 c05,c05 c06,c02 c05
main|astana_clinic_nobase|nc10|np5|br0.5|uniform|ms3|r300|s7,main,astana_clinic_nobase,10,5,0.5,uniform,3,300,7,1303,sha256:0c12f174d0d04823340c69c869f26ab13db8ad02eba9f98d89558c234db81bd7,81,1024,1,5,4,2,c01 c06 c07,c01 c06 c07,c00 c01 c06
main|astana_clinic_nobase|nc10|np5|br0.5|uniform|ms3|r300|s8,main,astana_clinic_nobase,10,5,0.5,uniform,3,300,8,1256,sha256:af274705eeda2d8003003bd2841c32d1f4217d89d05214218383589cb734c162,101,1024,1,5,4,1,c06 c09,c06 c09,c06 c09
main|astana_clinic_nobase|nc10|np5|br0.5|uniform|ms3|r300|s9,main,astana_clinic_nobase,10,5,0.5,uniform,3,300,9,1226,sha256:51871938ccc8d41795d143b4ce8c569fcac7861a9bbd635071c258589303b3fe,44,1024,1,5,5,1,c00 c05,c00 c05,c00 c05
main|astana_clinic_nobase|nc10|np5|br0.5|random_1_100|ms3|r300|s0,main,astana_clinic_nobase,10,5,0.5,random_1_100,3,300,0,1090,sha256:a3eac942ff0b86e4f1280cfa9120d31dea5bbc6e0c74151e8036e0876a45e3d4,93,1024,1,5,7,2,c07 c08 c09,c00 c09,c07 c08 c09
main|astana_clinic_nobase|nc10|np5|br0.5|random_1_100|ms3|r300|s1,main,astana_clinic_nobase,10,5,0.5,random_1_100,3,300,1,1237,sha256:a0cc821a6df430f785f6cf0739ccef2ece85cc9e40aa258a2e64158b0fde6c17,36,1024,1,5,4,1,c00 c02,c00 c02,c00 c02
main|astana_clinic_nobase|nc10|np5|br0.5|random_1_100|ms3|r300|s2,main,astana_clinic_nobase,10,5,0.5,random_1_100,3,300,2,1394,sha256:dd247bee439add5424ea9eb0b46c4451ae3a013181b131c4f00f425dec642d9b,64,1024,1,5,7,2,c07 c08 c09,c07 c08 c09,c04 c07 c08
main|astana_clinic_nobase|nc10|np5|br0.5|random_1_100|ms3|r300|s3,main,astana_clinic_nobase,10,5,0.5,random_1_100,3,300,3,1029,sha256:ab506593711e2ad2f56e965c25b42c92920c1526ebd5884bf8ceb9d790b49453,51,1024,1,5,5,1,c04 c06 c08,c04 c06 c08,c04 c06 c08
main|astana_clinic_nobase|nc10|np5|br0.5|random_1_100|ms3|r300|s4,main,astana_clinic_nobase,10,5,0.5,random_1_100,3,300,4,1323,sha256:bd947ca08927b3ac5a4fb76c5498a817b462d0523216e3a6af29440584a4e5ff,80,1024,1,5,6,2,c03 c09,c03 c04 c07,c03 c04 c07
main|astana_clinic_nobase|nc10|np5|br0.5|random_1_100|ms3|r300|s5,main,astana_clinic_nobase,10,5,0.5,random_1_100,3,300,5,1344,sha256:827509ab85ee3991017cf8393299bbb869364552853d627a934a488359658985,39,1024,1,5,9,3,c03 c08,c01 c04,c01 c02 c05
main|astana_clinic_nobase|nc10|np5|br0.5|random_1_100|ms3|r300|s6,main,astana_clinic_nobase,10,5,0.5,random_1_100,3,300,6,1316,sha256:247f8afb66c743b2c2b34b426ebeb4fc446a992b86617c65c94ab9e0d9b7e5f8,69,1024,1,5,7,2,c02 c05,c05 c06,c02 c05
main|astana_clinic_nobase|nc10|np5|br0.5|random_1_100|ms3|r300|s7,main,astana_clinic_nobase,10,5,0.5,random_1_100,3,300,7,1303,sha256:3ad084e2e249141028a45813172312408a7cd2ee09cc70a7482d746f6c08f5eb,81,1024,1,5,5,2,c01 c06 c07,c01 c06 c07,c00 c06 c07
main|astana_clinic_nobase|nc10|np5|br0.5|random_1_100|ms3|r300|s8,main,astana_clinic_nobase,10,5,0.5,random_1_100,3,300,8,1256,sha256:67d8692c9daff607a7da6e7c5f9974f776e5ffc0967825dda6c1fe02f74793f4,101,1024,1,5,5,2,c06 c07,c06 c07,c06 c09
main|astana_clinic_nobase|nc10|np5|br0.5|random_1_100|ms3|r300|s9,main,astana_clinic_nobase,10,5,0.5,random_1_100,3,300,9,1226,sha256:1093e6998e3f5f0deebce845e8b813a43a0c6e64d064a0c3493807ee82884212,44,1024,1,5,5,2,c00 c05,c00 c05,c03 c09
main|astana_clinic_nobase|nc10|np5|br0.5|one_heavy|ms3|r300|s0,main,astana_clinic_nobase,10,5,0.5,one_heavy,3,300,0,1090,sha256:6371d10dac584237c484805a7cf08a8b1b7c7e1d6d4f62949e2eb6c4eb2029b6,93,1024,1,5,11,3,c02 c04 c09,c00 c09,c07 c08 c09
main|astana_clinic_nobase|nc10|np5|br0.5|one_heavy|ms3|r300|s1,main,astana_clinic_nobase,10,5,0.5,one_heavy,3,300,1,1237,sha256:bbd46009769773ef98507ceb11910305a0cb5a601cdc3f5fa1dfbbe2ca6ac180,36,1024,1,5,7,2,c00 c04,c00 c02,c00 c04
main|astana_clinic_nobase|nc10|np5|br0.5|one_heavy|ms3|r300|s2,main,astana_clinic_nobase,10,5,0.5,one_heavy,3,300,2,1394,sha256:18bf6252aeca50d10d5bdb7af56176432b5ebb41bc4fc5f0fb895fb24e10ee64,64,1024,1,5,5,2,c03 c08,c07 c08 c09,c03 c08
main|astana_clinic_nobase|nc10|np5|br0.5|one_heavy|ms3|r300|s3,main,astana_clinic_nobase,10,5,0.5,one_heavy,3,300,3,1029,sha256:13fd0723bdadc5e5c2b372a87dc86c9fc15ba94062023229de43e89957a911c3,51,1024,1,5,3,1,c04 c06 c08,c04 c06 c08,c04 c06 c08
main|astana_clinic_nobase|nc10|np5|br0.5|one_heavy|ms3|r300|s4,main,astana_clinic_nobase,10,5,0.5,one_heavy,3,300,4,1323,sha256:3190ea2cbc6732653272ca3163464eaa4424540c88af115c463f5cacae2ed232,80,1024,1,5,9,2,c07 c09,c04 c06 c08,c07 c09
main|astana_clinic_nobase|nc10|np5|br0.5|one_heavy|ms3|r300|s5,main,astana_clinic_nobase,10,5,0.5,one_heavy,3,300,5,1344,sha256:56ed7f2768e20083e04f69ac8e3799157e232af5934f57201535cd5e14c56736,39,1024,1,5,8,2,c03 c08,c01 c04,c03 c08
main|astana_clinic_nobase|nc10|np5|br0.5|one_heavy|ms3|r300|s6,main,astana_clinic_nobase,10,5,0.5,one_heavy,3,300,6,1316,sha256:fc1dcef9a98eb80ab1d121900127e30dd63d7e0c12961d660638dbf5b76e77fc,69,1024,1,5,8,2,c05 c06,c05 c06,c02 c05
main|astana_clinic_nobase|nc10|np5|br0.5|one_heavy|ms3|r300|s7,main,astana_clinic_nobase,10,5,0.5,one_heavy,3,300,7,1303,sha256:f5943058d765276af7b2b8b53a1c03f9b9b90b1fb9d75a7553b7a8ad1d5bfe26,81,1024,1,5,5,2,c01 c06 c07,c01 c06 c07,c00 c01 c06
main|astana_clinic_nobase|nc10|np5|br0.5|one_heavy|ms3|r300|s8,main,astana_clinic_nobase,10,5,0.5,one_heavy,3,300,8,1256,sha256:f49f6edad87b6646dc29883b2645d28d1f68a039fc21231df9df6b9311508037,101,1024,1,5,8,2,c06 c07,c06 c07,c06 c09
main|astana_clinic_nobase|nc10|np5|br0.5|one_heavy|ms3|r300|s9,main,astana_clinic_nobase,10,5,0.5,one_heavy,3,300,9,1226,sha256:3c22bbb2ac828528ef3c985be6b6c4023e6b62be59b10688b85398802a95884c,44,1024,1,5,7,3,c01 c03 c04,c00 c05,c00 c01
main|astana_clinic_nobase|nc10|np5|br0.75|uniform|ms3|r300|s0,main,astana_clinic_nobase,10,5,0.75,uniform,3,300,0,1635,sha256:011aa487430ef46de61d75056f069f92dc1abd19b7f90c939c866c858bbdea00,156,1024,1,5,8,2,c04 c07 c09,c01 c07 c08,c04 c07 c09
main|astana_clinic_nobase|nc10|np5|br0.75|uniform|ms3|r300|s1,main,astana_clinic_nobase,10,5,0.75,uniform,3,300,1,1856,sha256:742be209d1909cbe09edabfebea7e005e0dfdad4b47c5f048390241cfede5e14,122,1024,1,5,6,1,c00 c02 c04,c00 c02 c04,c00 c02 c04
main|astana_clinic_nobase|nc10|np5|br0.75|uniform|ms3|r300|s2,main,astana_clinic_nobase,10,5,0.75,uniform,3,300,2,2091,sha256:3becf2cfe343e53ce0f1fd4a026392be8ab355228938c128656baef7d2a12c92,152,1024,1,5,9,3,c04 c07 c08,c07 c08 c09,c03 c04 c08
main|astana_clinic_nobase|nc10|np5|br0.75|uniform|ms3|r300|s3,main,astana_clinic_nobase,10,5,0.75,uniform,3,300,3,1544,sha256:8b9ab781d02eceeb8fe73cbc8b6c29c51850d560b91998249550dbe38b917e00,131,1024,1,5,5,1,c04 c07 c08,c04 c07 c08,c04 c07 c08
main|astana_clinic_nobase|nc10|np5|br0.75|uniform|ms3|r300|s4,main,astana_clinic_nobase,10,5,0.75,uniform,3,300,4,1985,sha256:77a0ab42591707c5f2892c8bdcf0a6db437c722ded25508ef82859134a03dfe8,154,1024,1,5,9,2,c07 c08 c09,c04 c07 c08,c07 c08 c09
main|astana_clinic_nobase|nc10|np5|br0.75|uniform|ms3|r300|s5,main,astana_clinic_nobase,10,5,0.75,uniform,3,300,5,2016,sha256:bf3b55dadadf4c7ef628bc24297b8314dde9a9990aaefe3784284e612bb88b45,116,1024,1,5,15,2,c04 c05 c08,c04 c05 c08,c02 c05 c08
main|astana_clinic_nobase|nc10|np5|br0.75|uniform|ms3|r300|s6,main,astana_clinic_nobase,10,5,0.75,uniform,3,300,6,1974,sha256:aa7f8fb14c8530659d17483752765b31c8ae7333068c7ccf5fd1980c792fad50,137,1024,1,5,9,2,c02 c03 c05,c02 c05 c06,c02 c03 c05
main|astana_clinic_nobase|nc10|np5|br0.75|uniform|ms3|r300|s7,main,astana_clinic_nobase,10,5,0.75,uniform,3,300,7,1954,sha256:9d16ef7920459f42f65bcba671e588445791729722b87e67b2502b711950cdec,155,1024,1,5,4,2,c01 c06 c07,c01 c06 c07,c00 c01 c06
main|astana_clinic_nobase|nc10|np5|br0.75|uniform|ms3|r300|s8,main,astana_clinic_nobase,10,5,0.75,uniform,3,300,8,1884,sha256:c55ad022ff2bef3fc7ac42f08de140867f46d5a94807297c322cc0eda8be15aa,162,1024,1,5,5,1,c06 c07 c09,c06 c07 c09,c06 c07 c09
main|astana_clinic_nobase|nc10|np5|br0.75|uniform|ms3|r300|s9,main,astana_clinic_nobase,10,5,0.75,uniform,3,300,9,1839,sha256:f111b4fece5db726eae3b9277c6c03ab198aac85981806958ebc8afc30af5461,127,1024,1,5,8,2,c00 c03 c07,c00 c03 c07,c00 c03 c09
main|astana_clinic_nobase|nc10|np5|br0.75|random_1_100|ms3|r300|s0,main,astana_clinic_nobase,10,5,0.75,random_1_100,3,300,0,1635,sha256:d5d0378a2a474fc5155289fdbc717e5bf1729b64b8a9a046d694a19abfd07a6d,156,1024,1,5,8,2,c04 c07 c09,c01 c07 c08,c04 c07 c09
main|astana_clinic_nobase|nc10|np5|br0.75|random_1_100|ms3|r300|s1,main,astana_clinic_nobase,10,5,0.75,random_1_100,3,300,1,1856,sha256:93d7c8c7b48bc857963db7dacadfbfdc80b41b983c284dbdd7e0e6620d4f514b,122,1024,1,5,6,1,c00 c02 c04,c00 c02 c04,c00 c02 c04
main|astana_clinic_nobase|nc10|np5|br0.75|random_1_100|ms3|r300|s2,main,astana_clinic_nobase,10,5,0.75,random_1_100,3,300,2,2091,sha256:b86ab80f89a3f1840a748ec005fad53330b88f1e2fc7c3c7731b83e4f55609a2,152,1024,1,5,7,2,c07 c08 c09,c07 c08 c09,c03 c04 c08
main|astana_clinic_nobase|nc10|np5|br0.75|random_1_100|ms3|r300|s3,main,astana_clinic_nobase,10,5,0.75,random_1_100,3,300,3,1544,sha256:b4642d7b7783c7b0b7dd1fe9dac9f73a860d8cf0c636abf7026a85ec689aaed3,131,1024,1,5,7,1,c04 c07 c08,c04 c07 c08,c04 c07 c08
main|astana_clinic_nobase|nc10|np5|br0.75|random_1_100|ms3|r300|s4,main,astana_clinic_nobase,10,5,0.75,random_1_100,3,300,4,1985,sha256:f7c7c14c55264a2162c797d9bd3e8b14229e55c756213c6a44719529de9c031a,154,1024,1,5,9,2,c07 c08 c09,c03 c04 c09,c07 c08 c09
main|astana_clinic_nobase|nc10|np5|br0.75|random_1_100|ms3|r300|s5,main,astana_clinic_nobase,10,5,0.75,random_1_100,3,300,5,2016,sha256:0de0bb3d83c7e6c816bb2d359bfdbceb6c8b85c612183c223470e43b6c18b4e2,116,1024,1,5,13,3,c01 c02 c04,c04 c05 c08,c02 c05 c08
main|astana_clinic_nobase|nc10|np5|br0.75|random_1_100|ms3|r300|s6,main,astana_clinic_nobase,10,5,0.75,random_1_100,3,300,6,1974,sha256:e6c8e2257a10ee9779a2d52ac9d8b6e2c74c72c14fd00bc24f09f7da78550ace,137,1024,1,5,10,2,c02 c03 c05,c02 c05 c06,c02 c03 c05
main|astana_clinic_nobase|nc10|np5|br0.75|random_1_100|ms3|r300|s7,main,astana_clinic_nobase,10,5,0.75,random_1_100,3,300,7,1954,sha256:77136bf2eb91e1b485d5cbe88945add1ef891bbdea2c5a71d7138db2b263d3ee,155,1024,1,5,5,2,c01 c06 c07,c01 c06 c07,c00 c06 c07
main|astana_clinic_nobase|nc10|np5|br0.75|random_1_100|ms3|r300|s8,main,astana_clinic_nobase,10,5,0.75,random_1_100,3,300,8,1884,sha256:b76e192ce6264f4c6d686cf3b1b48c157bbbf9fa32f59731ab3cd15512c5a0d1,162,1024,1,5,7,1,c06 c07 c09,c06 c07 c09,c06 c07 c09
main|astana_clinic_nobase|nc10|np5|br0.75|random_1_100|ms3|r300|s9,main,astana_clinic_nobase,10,5,0.75,random_1_100,3,300,9,1839,sha256:21b55727691b2a0f62b50da33eda404a4b394c0dee28c70d069f93feef2ca68a,127,1024,1,5,9,2,c00 c03 c07,c00 c03 c07,c00 c03 c09
main|astana_clinic_nobase|nc10|np5|br0.75|one_heavy|ms3|r300|s0,main,astana_clinic_nobase,10,5,0.75,one_heavy,3,300,0,1635,sha256:ed039b6fc0b8b55d27de8cb83c980358bee8fab9287e2dfa1e992604a3fbed05,156,1024,1,5,12,2,c04 c07 c09,c01 c07 c08,c04 c07 c09
main|astana_clinic_nobase|nc10|np5|br0.75|one_heavy|ms3|r300|s1,main,astana_clinic_nobase,10,5,0.75,one_heavy,3,300,1,1856,sha256:a763df1030847977e435a2fd1fab7dcd60ddb84418bbd9ca2b6b921f0f265f52,122,1024,1,5,9,1,c00 c02 c04,c00 c02 c04,c00 c02 c04
main|astana_clinic_nobase|nc10|np5|br0.75|one_heavy|ms3|r300|s2,main,astana_clinic_nobase,10,5,0.75,one_heavy,3,300,2,2091,sha256:45f7ed53e8c239bf2cd1cb2309a15b32728a469beb34213c86da43f0bc67ccc0,152,1024,1,5,8,3,c01 c03 c08,c07 c08 c09,c03 c04 c08
main|astana_clinic_nobase|nc10|np5|br0.75|one_heavy|ms3|r300|s3,main,astana_clinic_nobase,10,5,0.75,one_heavy,3,300,3,1544,sha256:b6aff52307775e43757bb1839599e3341e31ac95e6c9676835d17dcaf74c209c,131,1024,1,5,4,1,c04 c07 c08,c04 c07 c08,c04 c07 c08
main|astana_clinic_nobase|nc10|np5|br0.75|one_heavy|ms3|r300|s4,main,astana_clinic_nobase,10,5,0.75,one_heavy,3,300,4,1985,sha256:0587ea76458fc6202a46ad7bdc992b1bc567fef4f38d401671cda820247a8852,154,1024,1,5,12,2,c07 c08 c09,c03 c04 c09,c07 c08 c09
main|astana_clinic_nobase|nc10|np5|br0.75|one_heavy|ms3|r300|s5,main,astana_clinic_nobase,10,5,0.75,one_heavy,3,300,5,2016,sha256:618e8466c71f92c5afc09492d6c64b7510110d21372ea1b4c960e706ea16e208,116,1024,1,5,10,2,c04 c05 c08,c04 c05 c08,c02 c05 c08
main|astana_clinic_nobase|nc10|np5|br0.75|one_heavy|ms3|r300|s6,main,astana_clinic_nobase,10,5,0.75,one_heavy,3,300,6,1974,sha256:dba3eb55d94996578278ef62b7f865994299660fc28223a212f46055d16623d9,137,1024,1,5,11,1,c02 c05 c06,c02 c05 c06,c02 c05 c06
main|astana_clinic_nobase|nc10|np5|br0.75|one_heavy|ms3|r300|s7,main,astana_clinic_nobase,10,5,0.75,one_heavy,3,300,7,1954,sha256:206e844b04a18de55d3c36014237aa363d51cc245379a018c744fdeb7aa8b8a5,155,1024,1,5,5,2,c01 c06 c07,c01 c06 c07,c00 c01 c06
main|astana_clinic_nobase|nc10|np5|br0.75|one_heavy|ms3|r300|s8,main,astana_clinic_nobase,10,5,0.75,one_heavy,3,300,8,1884,sha256:0ff9b2f1d189ca5684c045c1247f87aa413851cb146b9c5b50dcb6df561f02ad,162,1024,1,5,9,1,c06 c07 c09,c06 c07 c09,c06 c07 c09
main|astana_clinic_nobase|nc10|np5|br0.75|one_heavy|ms3|r300|s9,main,astana_clinic_nobase,10,5,0.75,one_heavy,3,300,9,1839,sha256:48274bbea94fa833c559f34a043ebf8b403c4298d9834c877ed5600e7a3ada00,127,1024,1,5,10,3,c00 c01 c05,c00 c03 c07,c00 c03 c09
main|astana_clinic_nobase|nc10|np5|br1.0|uniform|ms3|r300|s0,main,astana_clinic_nobase,10,5,1.0,uniform,3,300,0,2181,sha256:e57d185802b2a97830070fb6131e37252d8e413c62c3b334d1422627aab8af1e,176,1024,0,5,8,2,c04 c07 c09,c00 c04 c09,c04 c07 c09
main|astana_clinic_nobase|nc10|np5|br1.0|uniform|ms3|r300|s1,main,astana_clinic_nobase,10,5,1.0,uniform,3,300,1,2475,sha256:7fb1d6a4f046e41a9b1320b859dfbfb9172f16d2c876cc55d0643c284748efc6,176,1024,0,5,6,1,c00 c02 c04,c00 c02 c04,c00 c02 c04
main|astana_clinic_nobase|nc10|np5|br1.0|uniform|ms3|r300|s2,main,astana_clinic_nobase,10,5,1.0,uniform,3,300,2,2789,sha256:7fa99dc7122ea96456c66e1e75ddbacffab263eee54fa45bd02b136fe3104e00,176,1024,0,5,9,3,c04 c07 c08,c07 c08 c09,c03 c04 c08
main|astana_clinic_nobase|nc10|np5|br1.0|uniform|ms3|r300|s3,main,astana_clinic_nobase,10,5,1.0,uniform,3,300,3,2059,sha256:35af7185c67a998b323b9cf639afcbb81b48541af73ef49c4d8ecebf435575ab,176,1024,0,5,5,1,c04 c07 c08,c04 c07 c08,c04 c07 c08
main|astana_clinic_nobase|nc10|np5|br1.0|uniform|ms3|r300|s4,main,astana_clinic_nobase,10,5,1.0,uniform,3,300,4,2647,sha256:60bd1d07c0aee2f61da8d3ef74059cb7a199834abf626e0c2583b0b611756f5e,176,1024,0,5,9,2,c07 c08 c09,c04 c07 c09,c07 c08 c09
main|astana_clinic_nobase|nc10|np5|br1.0|uniform|ms3|r300|s5,main,astana_clinic_nobase,10,5,1.0,uniform,3,300,5,2688,sha256:33dab539185e2a4a5c5e6f65144699d764f53d7574948a3bd9be26d7e5f62dbb,176,1024,0,5,20,3,c02 c03 c04,c03 c04 c06,c02 c04 c08
main|astana_clinic_nobase|nc10|np5|br1.0|uniform|ms3|r300|s6,main,astana_clinic_nobase,10,5,1.0,uniform,3,300,6,2633,sha256:a42ea336dfeafe785ba46b4c9f144aa98374a0855347e0af4f541aa1f125567d,176,1024,0,5,9,2,c02 c03 c05,c02 c05 c06,c02 c03 c05
main|astana_clinic_nobase|nc10|np5|br1.0|uniform|ms3|r300|s7,main,astana_clinic_nobase,10,5,1.0,uniform,3,300,7,2606,sha256:1580f471b6c55e52e599b82fd484911060368d82ef2c89028d48bf19612a460b,176,1024,0,5,4,2,c01 c06 c07,c01 c06 c07,c00 c01 c06
main|astana_clinic_nobase|nc10|np5|br1.0|uniform|ms3|r300|s8,main,astana_clinic_nobase,10,5,1.0,uniform,3,300,8,2512,sha256:a79fb20e03c61f15c5c488dfdd32750c666c10d94b5a705c7bf431824ed2bdac,176,1024,0,5,5,1,c06 c07 c09,c06 c07 c09,c06 c07 c09
main|astana_clinic_nobase|nc10|np5|br1.0|uniform|ms3|r300|s9,main,astana_clinic_nobase,10,5,1.0,uniform,3,300,9,2453,sha256:9a031b7e6b2c9d181979c66e7bb5b07fe07017c529c71ca3f1924c95c1396194,176,1024,0,5,8,3,c00 c03 c07,c00 c01 c07,c00 c07 c09
main|astana_clinic_nobase|nc10|np5|br1.0|random_1_100|ms3|r300|s0,main,astana_clinic_nobase,10,5,1.0,random_1_100,3,300,0,2181,sha256:ecd9585bdd32e111c92c3da05d414953a206cc73dcaa274538d6f9162947c3b7,176,1024,0,5,8,2,c04 c07 c09,c00 c04 c09,c04 c07 c09
main|astana_clinic_nobase|nc10|np5|br1.0|random_1_100|ms3|r300|s1,main,astana_clinic_nobase,10,5,1.0,random_1_100,3,300,1,2475,sha256:6d8c1031ec6ca85fcb316faf0d2f6a7950e2fc81239c99bca7831faf02ed4437,176,1024,0,5,6,1,c00 c02 c04,c00 c02 c04,c00 c02 c04
main|astana_clinic_nobase|nc10|np5|br1.0|random_1_100|ms3|r300|s2,main,astana_clinic_nobase,10,5,1.0,random_1_100,3,300,2,2789,sha256:fe8e9e9e2552f082fb882f2f8bb850ed0e4bf4483f7c39a5ce6b8435e2bc2b86,176,1024,0,5,7,2,c07 c08 c09,c07 c08 c09,c03 c04 c08
main|astana_clinic_nobase|nc10|np5|br1.0|random_1_100|ms3|r300|s3,main,astana_clinic_nobase,10,5,1.0,random_1_100,3,300,3,2059,sha256:8675a2405332544a5f92db2939fc82ae5b8fec08385b23d0d9852810ef0bdf86,176,1024,0,5,7,1,c04 c07 c08,c04 c07 c08,c04 c07 c08
main|astana_clinic_nobase|nc10|np5|br1.0|random_1_100|ms3|r300|s4,main,astana_clinic_nobase,10,5,1.0,random_1_100,3,300,4,2647,sha256:2e00a328ebf1d01809aa09c14e1db2cf1402aa11f472e45d30cc7f7132d47f80,176,1024,0,5,9,2,c07 c08 c09,c04 c08 c09,c07 c08 c09
main|astana_clinic_nobase|nc10|np5|br1.0|random_1_100|ms3|r300|s5,main,astana_clinic_nobase,10,5,1.0,random_1_100,3,300,5,2688,sha256:577450c9634456fb60414eea839cb67309edd1d64111b58fcfd3d0c3f159466d,176,1024,0,5,17,2,c02 c04 c08,c03 c04 c06,c02 c04 c08
main|astana_clinic_nobase|nc10|np5|br1.0|random_1_100|ms3|r300|s6,main,astana_clinic_nobase,10,5,1.0,random_1_100,3,300,6,2633,sha256:3d12e903823029b4f3a818d7b08987462b4dfb0f6cdba34815d231b4fd6c6c4c,176,1024,0,5,10,2,c02 c03 c05,c02 c05 c06,c02 c03 c05
main|astana_clinic_nobase|nc10|np5|br1.0|random_1_100|ms3|r300|s7,main,astana_clinic_nobase,10,5,1.0,random_1_100,3,300,7,2606,sha256:41c4ec5b1383cd4d38ac2ca8f202ff8b7930ecbafbb8edd43854712f1a8ea730,176,1024,0,5,5,2,c01 c06 c07,c01 c06 c07,c00 c06 c07
main|astana_clinic_nobase|nc10|np5|br1.0|random_1_100|ms3|r300|s8,main,astana_clinic_nobase,10,5,1.0,random_1_100,3,300,8,2512,sha256:34c8a0e330150412e5dd4e6266a78a9d818a6571c89cfa5e3347cf2ef2714dbc,176,1024,0,5,7,1,c06 c07 c09,c06 c07 c09,c06 c07 c09
main|astana_clinic_nobase|nc10|np5|br1.0|random_1_100|ms3|r300|s9,main,astana_clinic_nobase,10,5,1.0,random_1_100,3,300,9,2453,sha256:bc1b4cba98eb5aadfc534cb6cbdf110e90d7d41b250e5f1bb3bebda39056d176,176,1024,0,5,11,2,c00 c07 c09,c00 c01 c07,c00 c07 c09
main|astana_clinic_nobase|nc10|np5|br1.0|one_heavy|ms3|r300|s0,main,astana_clinic_nobase,10,5,1.0,one_heavy,3,300,0,2181,sha256:841234d984374733730e5a641646d7f4eb454f261a29cd95d105c16005ce25e7,176,1024,0,5,12,2,c04 c07 c09,c00 c04 c09,c04 c07 c09
main|astana_clinic_nobase|nc10|np5|br1.0|one_heavy|ms3|r300|s1,main,astana_clinic_nobase,10,5,1.0,one_heavy,3,300,1,2475,sha256:0a9de4ebbb023ba4a4b65e300394ed7c033303d43ddf36bbfd142f328c026319,176,1024,0,5,9,1,c00 c02 c04,c00 c02 c04,c00 c02 c04
main|astana_clinic_nobase|nc10|np5|br1.0|one_heavy|ms3|r300|s2,main,astana_clinic_nobase,10,5,1.0,one_heavy,3,300,2,2789,sha256:9f08cffba9fcbeb46f9f96a8a4b638d9abc1d46352e32cb31bd6ad1cae91815f,176,1024,0,5,8,3,c01 c03 c08,c07 c08 c09,c03 c04 c08
main|astana_clinic_nobase|nc10|np5|br1.0|one_heavy|ms3|r300|s3,main,astana_clinic_nobase,10,5,1.0,one_heavy,3,300,3,2059,sha256:384a9a445a1575393d810b9acbdad61d0539f437009b461c3a84ae253de97616,176,1024,0,5,4,1,c04 c07 c08,c04 c07 c08,c04 c07 c08
main|astana_clinic_nobase|nc10|np5|br1.0|one_heavy|ms3|r300|s4,main,astana_clinic_nobase,10,5,1.0,one_heavy,3,300,4,2647,sha256:0de1f1b3c79739ee201e08c6f2e67b658b4c3e86c6d719e5f458e05458cdd60b,176,1024,0,5,12,2,c07 c08 c09,c04 c07 c09,c07 c08 c09
main|astana_clinic_nobase|nc10|np5|br1.0|one_heavy|ms3|r300|s5,main,astana_clinic_nobase,10,5,1.0,one_heavy,3,300,5,2688,sha256:54b750b3d6eece90f9f48fcc42ae78a3adcfa04a868c2d83c9fa84fa8dc816d0,176,1024,0,5,13,2,c02 c04 c08,c03 c04 c06,c02 c04 c08
main|astana_clinic_nobase|nc10|np5|br1.0|one_heavy|ms3|r300|s6,main,astana_clinic_nobase,10,5,1.0,one_heavy,3,300,6,2633,sha256:20ae3d33aff14e6d013a2d1ea95410ae7699ee117a974c658aa21074347fe485,176,1024,0,5,11,1,c02 c05 c06,c02 c05 c06,c02 c05 c06
main|astana_clinic_nobase|nc10|np5|br1.0|one_heavy|ms3|r300|s7,main,astana_clinic_nobase,10,5,1.0,one_heavy,3,300,7,2606,sha256:0ba7fd88b32ba2b67ce4c2cb178ded62729570534dee1fbc99e49d74fcdec6f0,176,1024,0,5,5,2,c01 c06 c07,c01 c06 c07,c00 c01 c06
main|astana_clinic_nobase|nc10|np5|br1.0|one_heavy|ms3|r300|s8,main,astana_clinic_nobase,10,5,1.0,one_heavy,3,300,8,2512,sha256:19af280ecf510650c261be898e6b9685710bf0ec23207df21d7103131b93a5d2,176,1024,0,5,9,1,c06 c07 c09,c06 c07 c09,c06 c07 c09
main|astana_clinic_nobase|nc10|np5|br1.0|one_heavy|ms3|r300|s9,main,astana_clinic_nobase,10,5,1.0,one_heavy,3,300,9,2453,sha256:e779efdc2b4b9631b154fecb8c0e79def18244142de6e8aa37b7426098fa3807,176,1024,0,5,11,2,c00 c01 c07,c00 c01 c07,c00 c01 c09
main|astana_clinic_nobase|nc10|np15|br0.25|uniform|ms3|r300|s0,main,astana_clinic_nobase,10,15,0.25,uniform,3,300,0,545,sha256:29bd1e14b85cb4eed6fc860c63d7b48d9df47654186f0e79e1a2f0250d092e53,22,1024,1,15,7,2,c07 c09,c07 c09,c02 c06 c09
main|astana_clinic_nobase|nc10|np15|br0.25|uniform|ms3|r300|s1,main,astana_clinic_nobase,10,15,0.25,uniform,3,300,1,618,sha256:3771a17a68263f992f016351522bdc644c9d5c24d10179b732864b2f22005326,5,1024,1,15,3,2,c01,c00,c00
main|astana_clinic_nobase|nc10|np15|br0.25|uniform|ms3|r300|s2,main,astana_clinic_nobase,10,15,0.25,uniform,3,300,2,697,sha256:ba46cc35d768d2deb84c16ed6830da170a5608f70fb30c12485bc454d93ccceb,10,1024,1,15,4,2,c01 c08,c08 c09,c01 c08
main|astana_clinic_nobase|nc10|np15|br0.25|uniform|ms3|r300|s3,main,astana_clinic_nobase,10,15,0.25,uniform,3,300,3,514,sha256:47af556512ed85571e4ac37509747055ec581900d4106b65142926fd2d507839,9,1024,1,15,3,2,c04 c08,c09,c09
main|astana_clinic_nobase|nc10|np15|br0.25|uniform|ms3|r300|s4,main,astana_clinic_nobase,10,15,0.25,uniform,3,300,4,661,sha256:412ed9da8674da455628dc95e319a5c1287295938f6c00e33939d9d09928046e,16,1024,1,15,4,2,c06 c08,c06 c08,c02 c06
main|astana_clinic_nobase|nc10|np15|br0.25|uniform|ms3|r300|s5,main,astana_clinic_nobase,10,15,0.25,uniform,3,300,5,672,sha256:9ec88bd6a0c282641660127cf7caa9a557f7e55b7976da093a54d013510191a7,6,1024,1,15,4,1,c01 c03,c01 c03,c01 c03
main|astana_clinic_nobase|nc10|np15|br0.25|uniform|ms3|r300|s6,main,astana_clinic_nobase,10,15,0.25,uniform,3,300,6,658,sha256:ea9e00b657379de95b34bebc5aed8c9697479592f50a60ebebd774656272e709,10,1024,1,15,4,2,c04 c07,c04 c07,c05 c07
main|astana_clinic_nobase|nc10|np15|br0.25|uniform|ms3|r300|s7,main,astana_clinic_nobase,10,15,0.25,uniform,3,300,7,651,sha256:9e9b964c9a69e8f552fc5ca70e1ec09d7b77591a65b5a0034144e8167bc07c17,15,1024,1,15,5,2,c01 c04 c06,c00 c04,c01 c04 c06
main|astana_clinic_nobase|nc10|np15|br0.25|uniform|ms3|r300|s8,main,astana_clinic_nobase,10,15,0.25,uniform,3,300,8,628,sha256:3cb82ef30bf4e3127c014771ab96ea803f730119081ff5b6898202c026ab6f09,27,1024,1,15,7,3,c00 c04 c06,c00 c09,c04 c09
main|astana_clinic_nobase|nc10|np15|br0.25|uniform|ms3|r300|s9,main,astana_clinic_nobase,10,15,0.25,uniform,3,300,9,613,sha256:9ed017b0094e134e3b2147f5c134be0204fa1e579a487a6f4bbe01a8ac53562b,8,1024,1,15,3,1,c00,c00,c00
main|astana_clinic_nobase|nc10|np15|br0.25|random_1_100|ms3|r300|s0,main,astana_clinic_nobase,10,15,0.25,random_1_100,3,300,0,545,sha256:beab65d6566aee941251706b539da23d0941dd4130e3bd57372d6ac2d2680ee3,22,1024,1,15,7,2,c07 c09,c07 c09,c02 c06 c09
main|astana_clinic_nobase|nc10|np15|br0.25|random_1_100|ms3|r300|s1,main,astana_clinic_nobase,10,15,0.25,random_1_100,3,300,1,618,sha256:25ea3212130931b7be60d0a045041065342d8f3cb7b0b391938612f0c8768d46,5,1024,1,15,4,1,c00,c00,c00
main|astana_clinic_nobase|nc10|np15|br0.25|random_1_100|ms3|r300|s2,main,astana_clinic_nobase,10,15,0.25,random_1_100,3,300,2,697,sha256:1aa7417a34c340e52ce175ae49fdaf099fae3fd5c15574bd18a1ef13728b8ea7,10,1024,1,15,3,1,c08 c09,c08 c09,c08 c09
main|astana_clinic_nobase|nc10|np15|br0.25|random_1_100|ms3|r300|s3,main,astana_clinic_nobase,10,15,0.25,random_1_100,3,300,3,514,sha256:118a0e800858785f6c1a040b9388bf771e56d84af0494a3d91902a8a8b0d729f,9,1024,1,15,3,2,c04 c08,c09,c09
main|astana_clinic_nobase|nc10|np15|br0.25|random_1_100|ms3|r300|s4,main,astana_clinic_nobase,10,15,0.25,random_1_100,3,300,4,661,sha256:ab5fc7611fb1cbcc63a949867bdd690aa3251af03391b3f4b635a3e16cd38756,16,1024,1,15,4,2,c06 c08,c06 c08,c01 c06
main|astana_clinic_nobase|nc10|np15|br0.25|random_1_100|ms3|r300|s5,main,astana_clinic_nobase,10,15,0.25,random_1_100,3,300,5,672,sha256:49a86d670849e58568b859a988e0b0c80683e9d8bfffdb34535faa27d756107b,6,1024,1,15,3,1,c01 c03,c01 c03,c01 c03
main|astana_clinic_nobase|nc10|np15|br0.25|random_1_100|ms3|r300|s6,main,astana_clinic_nobase,10,15,0.25,random_1_100,3,300,6,658,sha256:1dac7902eec63ef0ba2acc47acee03d668827added07694918348bf78922a58e,10,1024,1,15,4,2,c04 c07,c04 c07,c05 c07
main|astana_clinic_nobase|nc10|np15|br0.25|random_1_100|ms3|r300|s7,main,astana_clinic_nobase,10,15,0.25,random_1_100,3,300,7,651,sha256:9ca0f56cff68c0e435e1b813d7523254660337ef6214572681143b51ee46c6a7,15,1024,1,15,5,2,c01 c04 c06,c00 c04,c00 c04
main|astana_clinic_nobase|nc10|np15|br0.25|random_1_100|ms3|r300|s8,main,astana_clinic_nobase,10,15,0.25,random_1_100,3,300,8,628,sha256:71c3a229e829c01683402b6a966e66191d3cbbd0b84a1acdc87757fc1965979c,27,1024,1,15,6,3,c06 c09,c00 c09,c04 c09
main|astana_clinic_nobase|nc10|np15|br0.25|random_1_100|ms3|r300|s9,main,astana_clinic_nobase,10,15,0.25,random_1_100,3,300,9,613,sha256:577ca5fc82813f9af79e873eaf08f8b313b551216c0b0181375cd405eb92ed5e,8,1024,1,15,3,1,c00,c00,c00
main|astana_clinic_nobase|nc10|np15|br0.25|one_heavy|ms3|r300|s0,main,astana_clinic_nobase,10,15,0.25,one_heavy,3,300,0,545,sha256:be750a41c1f238073eab2f3b021a5c70cb3f5dcab5d0750b4d21e20a27e5b141,22,1024,1,15,7,3,c02 c06 c08,c07 c09,c02 c06 c09
main|astana_clinic_nobase|nc10|np15|br0.25|one_heavy|ms3|r300|s1,main,astana_clinic_nobase,10,15,0.25,one_heavy,3,300,1,618,sha256:5b2ae3975f2480e7654322645a77b9131971da632b79de6282f064c70b752870,5,1024,1,15,2,3,c01,c00,c02
main|astana_clinic_nobase|nc10|np15|br0.25|one_heavy|ms3|r300|s2,main,astana_clinic_nobase,10,15,0.25,one_heavy,3,300,2,697,sha256:d48bf36725233ab92d7ab06a61828a8a71a195b183f255b9d27fddcf0844623e,10,1024,1,15,3,1,c08 c09,c08 c09,c08 c09
main|astana_clinic_nobase|nc10|np15|br0.25|one_heavy|ms3|r300|s3,main,astana_clinic_nobase,10,15,0.25,one_heavy,3,300,3,514,sha256:adaec407ad754453634589d3701caae9e6502d25a6fc3758adb6bd589ae5989b,9,1024,1,15,2,2,c04 c08,c09,c09
main|astana_clinic_nobase|nc10|np15|br0.25|one_heavy|ms3|r300|s4,main,astana_clinic_nobase,10,15,0.25,one_heavy,3,300,4,661,sha256:92f3dcdb2ad5edb4533fc74e26d0c4883df22695241056a95ea3b487f9d6568b,16,1024,1,15,4,2,c06 c08,c06 c08,c02 c06
main|astana_clinic_nobase|nc10|np15|br0.25|one_heavy|ms3|r300|s5,main,astana_clinic_nobase,10,15,0.25,one_heavy,3,300,5,672,sha256:60bd3bdeca651c3ad378b2ae1caeeac54c14351695bde156babf49a874707114,6,1024,1,15,3,1,c01 c03,c01 c03,c01 c03
main|astana_clinic_nobase|nc10|np15|br0.25|one_heavy|ms3|r300|s6,main,astana_clinic_nobase,10,15,0.25,one_heavy,3,300,6,658,sha256:4d59631ec0d5704bc6f6ccc52cd18bbf5c9ce79a660476e59924a9c5e9f4dea2,10,1024,1,15,3,2,c05 c07,c04 c07,c05 c07
main|astana_clinic_nobase|nc10|np15|br0.25|one_heavy|ms3|r300|s7,main,astana_clinic_nobase,10,15,0.25,one_heavy,3,300,7,651,sha256:2baa0ff85e5b46d9f9eef879704252f4934091b216b59d03645e9bbddbd29965,15,1024,1,15,5,2,c01 c04 c06,c00 c04,c01 c04 c06
main|astana_clinic_nobase|nc10|np15|br0.25|one_heavy|ms3|r300|s8,main,astana_clinic_nobase,10,15,0.25,one_heavy,3,300,8,628,sha256:620ef84dc04b88ec2f809f12fe73fbb0f8d3afbe72cef8d8c0f7fc14617a69a1,27,1024,1,15,6,3,c06 c09,c00 c09,c04 c09
main|astana_clinic_nobase|nc10|np15|br0.25|one_heavy|ms3|r300|s9,main,astana_clinic_nobase,10,15,0.25,one_heavy,3,300,9,613,sha256:430be2b36d9183a7d5358431bbdece7e83d5550744d6214e79ca674454b20798,8,1024,1,15,4,2,c01,c00,c01
main|astana_clinic_nobase|nc10|np15|br0.5|uniform|ms3|r300|s0,main,astana_clinic_nobase,10,15,0.5,uniform,3,300,0,1090,sha256:ce23ed8b135a21f48ae73bb345d59e6cf661fc9fabfa097982aa06dad04035ec,93,1024,1,15,9,2,c06 c07 c09,c06 c07 c09,c02 c05 c09
main|astana_clinic_nobase|nc10|np15|br0.5|uniform|ms3|r300|s1,main,astana_clinic_nobase,10,15,0.5,uniform,3,300,1,1237,sha256:fa4fd67ed09b0104d714b48f2f0085503988d1d07e2dd51de144a79f6704fbe5,36,1024,1,15,8,2,c00 c02 c07,c03 c07,c00 c02 c07
main|astana_clinic_nobase|nc10|np15|br0.5|uniform|ms3|r300|s2,main,astana_clinic_nobase,10,15,0.5,uniform,3,300,2,1394,sha256:0f0835f66c5792a6e93d30ecf11b1454e3ff4b1e152410c81d5e4ee9ffb553f2,64,1024,1,15,5,3,c01 c08 c09,c04 c07 c08,c04 c08 c09
main|astana_clinic_nobase|nc10|np15|br0.5|uniform|ms3|r300|s3,main,astana_clinic_nobase,10,15,0.5,uniform,3,300,3,1029,sha256:913d6e146d5ca598e4109d865a19bd3a2a31c1013fd2b1673b8ee8ce30e8595c,51,1024,1,15,7,2,c04 c06 c08,c04 c06 c08,c04 c08 c09
main|astana_clinic_nobase|nc10|np15|br0.5|uniform|ms3|r300|s4,main,astana_clinic_nobase,10,15,0.5,uniform,3,300,4,1323,sha256:9c70affc98a1896363b1c211a5a5791bb5ae49ea3e011ad44c4bffb3dd7813a5,80,1024,1,15,11,3,c00 c03 c07,c02 c04 c06,c01 c02 c07
main|astana_clinic_nobase|nc10|np15|br0.5|uniform|ms3|r300|s5,main,astana_clinic_nobase,10,15,0.5,uniform,3,300,5,1344,sha256:31a6ce2552e997781c146a6f508b024701853e32a331fb706eebba0e7a44040a,39,1024,1,15,7,2,c01 c02 c05,c01 c02 c05,c03 c07
main|astana_clinic_nobase|nc10|np15|br0.5|uniform|ms3|r300|s6,main,astana_clinic_nobase,10,15,0.5,uniform,3,300,6,1316,sha256:b1710a0fce2ef3e54d44dd0bc0b50854c4ab61ea557447674cf1d5a017c38b3d,69,1024,1,15,8,2,c04 c05 c09,c04 c05 c09,c00 c05 c09
main|astana_clinic_nobase|nc10|np15|br0.5|uniform|ms3|r300|s7,main,astana_clinic_nobase,10,15,0.5,uniform,3,300,7,1303,sha256:780236468f367e060f9c2a8b0c0d7190b21a9ef676160b1039ad735ed2d7197a,81,1024,1,15,8,2,c01 c04 c08,c01 c04 c08,c00 c04 c08
main|astana_clinic_nobase|nc10|np15|br0.5|uniform|ms3|r300|s8,main,astana_clinic_nobase,10,15,0.5,uniform,3,300,8,1256,sha256:38aad84716e8f0c247da72880ce7dd42ab0199344fc033e1e3e36ac225037b14,101,1024,1,15,10,2,c06 c07,c04 c05 c09,c04 c05 c09
main|astana_clinic_nobase|nc10|np15|br0.5|uniform|ms3|r300|s9,main,astana_clinic_nobase,10,15,0.5,uniform,3,300,9,1226,sha256:be81ab45b46b21e97423a3f50a641fcb358ae614ba5b099d53a7cc923f4b1626,44,1024,1,15,8,3,c00 c05,c01 c03 c04,c00 c01
main|astana_clinic_nobase|nc10|np15|br0.5|random_1_100|ms3|r300|s0,main,astana_clinic_nobase,10,15,0.5,random_1_100,3,300,0,1090,sha256:6b34536c5696f13876fd6434a45e75b2ec463608b6bf4a7bac12f65a6f84ac5a,93,1024,1,15,9,2,c06 c07 c09,c06 c07 c09,c05 c06 c09
main|astana_clinic_nobase|nc10|np15|br0.5|random_1_100|ms3|r300|s1,main,astana_clinic_nobase,10,15,0.5,random_1_100,3,300,1,1237,sha256:02ede748d54367f85a9ef85331c85e5b11c4ef90db1909f82be6a85b9ebfb1d9,36,1024,1,15,9,3,c00 c02 c07,c03 c07,c00 c05
main|astana_clinic_nobase|nc10|np15|br0.5|random_1_100|ms3|r300|s2,main,astana_clinic_nobase,10,15,0.5,random_1_100,3,300,2,1394,sha256:63ea34250efa0243a831473375da7d218c5a8f24be4aa670a3bbd7cf48e6a4df,64,1024,1,15,5,3,c01 c08 c09,c04 c07 c08,c04 c08 c09
main|astana_clinic_nobase|nc10|np15|br0.5|random_1_100|ms3|r300|s3,main,astana_clinic_nobase,10,15,0.5,random_1_100,3,300,3,1029,sha256:7efd67d645327cee5d319f63d6fb38f072aecc48edbdd28e8ea64de60737b5df,51,1024,1,15,7,2,c04 c06 c08,c04 c06 c08,c05 c09
main|astana_clinic_nobase|nc10|np15|br0.5|random_1_100|ms3|r300|s4,main,astana_clinic_nobase,10,15,0.5,random_1_100,3,300,4,1323,sha256:740054291b15e0043f1d7a46a634a3f8cd9638fa09f0bf425f035ce98446601f,80,1024,1,15,13,2,c02 c04 c06,c02 c04 c06,c01 c02 c07
main|astana_clinic_nobase|nc10|np15|br0.5|random_1_100|ms3|r300|s5,main,astana_clinic_nobase,10,15,0.5,random_1_100,3,300,5,1344,sha256:77ba31233e64e93282ab58e80291d02a3ab257b8b2cf950fdc6a58df40a3a945,39,1024,1,15,7,2,c01 c02 c05,c01 c02 c05,c03 c07
main|astana_clinic_nobase|nc10|np15|br0.5|random_1_100|ms3|r300|s6,main,astana_clinic_nobase,10,15,0.5,random_1_100,3,300,6,1316,sha256:abc5a45c6680433fe73c2db1e321dd310801abc832ab443da0bbf2bc6e6fc320,69,1024,1,15,9,2,c00 c04 c05,c00 c04 c05,c00 c05 c07
main|astana_clinic_nobase|nc10|np15|br0.5|random_1_100|ms3|r300|s7,main,astana_clinic_nobase,10,15,0.5,random_1_100,3,300,7,1303,sha256:d6bc9583ef74388edf217c0fba8da6f571c127f89fcdfc060c5bbdb922edbaa8,81,1024,1,15,7,2,c00 c04 c06,c00 c04 c06,c00 c04 c08
main|astana_clinic_nobase|nc10|np15|br0.5|random_1_100|ms3|r300|s8,main,astana_clinic_nobase,10,15,0.5,random_1_100,3,300,8,1256,sha256:4e4babd5b31287054449849d52b69931cf6b5c34f5f1171fc11ea1474ec405f0,101,1024,1,15,9,2,c05 c06 c09,c04 c05 c09,c04 c05 c09
main|astana_clinic_nobase|nc10|np15|br0.5|random_1_100|ms3|r300|s9,main,astana_clinic_nobase,10,15,0.5,random_1_100,3,300,9,1226,sha256:3d112cb68a33413cf2f87b3c60d3d6a97128807b39224f712d7977086461ead0,44,1024,1,15,8,2,c00 c01,c01 c03 c04,c00 c01
main|astana_clinic_nobase|nc10|np15|br0.5|one_heavy|ms3|r300|s0,main,astana_clinic_nobase,10,15,0.5,one_heavy,3,300,0,1090,sha256:b253e577a435b1bce677e3b0cf3829ac90d4fa0b96c6649b6c0347fdf5c3d150,93,1024,1,15,14,3,c02 c04 c09,c06 c07 c08,c02 c05 c09
main|astana_clinic_nobase|nc10|np15|br0.5|one_heavy|ms3|r300|s1,main,astana_clinic_nobase,10,15,0.5,one_heavy,3,300,1,1237,sha256:2a868bd849e3a5d23ee1b14c5c0664cf2abe78f90e71f4dbcbf43038d0d4c4bb,36,1024,1,15,6,2,c00 c04,c03 c07,c00 c04
main|astana_clinic_nobase|nc10|np15|br0.5|one_heavy|ms3|r300|s2,main,astana_clinic_nobase,10,15,0.5,one_heavy,3,300,2,1394,sha256:c41a93089dbc56b6cdf2bd1a0de0a55a6547b672d522e091c14684a0d0ce7f14,64,1024,1,15,6,2,c03 c08,c04 c07 c08,c03 c08
main|astana_clinic_nobase|nc10|np15|br0.5|one_heavy|ms3|r300|s3,main,astana_clinic_nobase,10,15,0.5,one_heavy,3,300,3,1029,sha256:fd9dae5544ded13b759ca1f618e2d5107b1ee736a7691118c77e5eb9dc58d788,51,1024,1,15,6,2,c04 c06 c08,c04 c06 c08,c04 c08 c09
main|astana_clinic_nobase|nc10|np15|br0.5|one_heavy|ms3|r300|s4,main,astana_clinic_nobase,10,15,0.5,one_heavy,3,300,4,1323,sha256:7e0c69ec866dd21efa34eb394ba6c5d45755fc9382554b7792e265db6b10c440,80,1024,1,15,9,3,c03 c09,c04 c06 c08,c01 c02 c07
main|astana_clinic_nobase|nc10|np15|br0.5|one_heavy|ms3|r300|s5,main,astana_clinic_nobase,10,15,0.5,one_heavy,3,300,5,1344,sha256:b7cb0f48e8b672aec064674b876e9f1578617f8085fb07477bdc198f33a4772c,39,1024,1,15,9,2,c03 c08,c01 c02 c05,c03 c08
main|astana_clinic_nobase|nc10|np15|br0.5|one_heavy|ms3|r300|s6,main,astana_clinic_nobase,10,15,0.5,one_heavy,3,300,6,1316,sha256:2da4d581a24752bfef80db7f6707f07e1b29bd959bcf393155c4dc6659ee90fe,69,1024,1,15,10,3,c05 c06 c07,c03 c04 c07,c00 c05 c09
main|astana_clinic_nobase|nc10|np15|br0.5|one_heavy|ms3|r300|s7,main,astana_clinic_nobase,10,15,0.5,one_heavy,3,300,7,1303,sha256:5c479b7368638a89ea9ad74d25b088698011ae63f6a8e4d58194ead88d7d8ec4,81,1024,1,15,7,1,c00 c04 c06,c00 c04 c06,c00 c04 c06
main|astana_clinic_nobase|nc10|np15|br0.5|one_heavy|ms3|r300|s8,main,astana_clinic_nobase,10,15,0.5,one_heavy,3,300,8,1256,sha256:2293989e5837d9951b796b210d17cc4b2b7f9633820841e8a78e044dfa792e76,101,1024,1,15,11,2,c06 c07,c04 c05 c09,c04 c05 c09
main|astana_clinic_nobase|nc10|np15|br0.5|one_heavy|ms3|r300|s9,main,astana_clinic_nobase,10,15,0.5,one_heavy,3,300,9,1226,sha256:e0c72210191eceec98a86517b159f710dfb0bd1c382a44723a72bc9dde8f1a82,44,1024,1,15,8,3,c01 c05,c01 c03 c04,c00 c01
main|astana_clinic_nobase|nc10|np15|br0.75|uniform|ms3|r300|s0,main,astana_clinic_nobase,10,15,0.75,uniform,3,300,0,1635,sha256:5773157581cd4f9ffe2810993fd066fb1c27da171e5e21dfa0aded1879073aef,156,1024,1,15,10,2,c00 c06 c09,c06 c07 c09,c00 c06 c09
main|astana_clinic_nobase|nc10|np15|br0.75|uniform|ms3|r300|s1,main,astana_clinic_nobase,10,15,0.75,uniform,3,300,1,1856,sha256:89be79b8a835bd06edc5a06b955bf851940c094679456735fc8d9a5d9f9c57d6,122,1024,1,15,9,3,c00 c01 c07,c01 c06 c07,c00 c02 c07
main|astana_clinic_nobase|nc10|np15|br0.75|uniform|ms3|r300|s2,main,astana_clinic_nobase,10,15,0.75,uniform,3,300,2,2091,sha256:89d87d1a2567294bb8deae9f89bb44c49d5272c5de9d3d575ace52cda5e7562e,152,1024,1,15,6,3,c01 c03 c08,c00 c01 c08,c03 c04 c08
main|astana_clinic_nobase|nc10|np15|br0.75|uniform|ms3|r300|s3,main,astana_clinic_nobase,10,15,0.75,uniform,3,300,3,1544,sha256:af29cd477d92eab4aad61a9331e3fb542da50419d33795e18e3627606dcd934f,131,1024,1,15,9,2,c02 c04 c06,c02 c04 c06,c05 c08 c09
main|astana_clinic_nobase|nc10|np15|br0.75|uniform|ms3|r300|s4,main,astana_clinic_nobase,10,15,0.75,uniform,3,300,4,1985,sha256:9f951183bd1dbd5814e3d34632c41ddf83a868a9f22eb59a13543168ed9b2f9c,154,1024,1,15,16,3,c00 c03 c09,c00 c04 c08,c00 c01 c02
main|astana_clinic_nobase|nc10|np15|br0.75|uniform|ms3|r300|s5,main,astana_clinic_nobase,10,15,0.75,uniform,3,300,5,2016,sha256:6bac3ef7ae9844acd364bc5c6dde0b481eb79f3f01d565f683de04e10f1641fb,116,1024,1,15,8,3,c01 c02 c03,c04 c05 c08,c02 c05 c07
main|astana_clinic_nobase|nc10|np15|br0.75|uniform|ms3|r300|s6,main,astana_clinic_nobase,10,15,0.75,uniform,3,300,6,1974,sha256:e8c2569291fcb0e57066e82440de841fa782984451331aff042bcc7b3f537b5b,137,1024,1,15,12,1,c00 c05 c06,c00 c05 c06,c00 c05 c06
main|astana_clinic_nobase|nc10|np15|br0.75|uniform|ms3|r300|s7,main,astana_clinic_nobase,10,15,0.75,uniform,3,300,7,1954,sha256:88537ec5817a4512f3d5d5d632833e1510f3b3a48ad5114d0616af1c45d8bee5,155,1024,1,15,8,3,c01 c04 c08,c00 c06 c09,c00 c04 c08
main|astana_clinic_nobase|nc10|np15|br0.75|uniform|ms3|r300|s8,main,astana_clinic_nobase,10,15,0.75,uniform,3,300,8,1884,sha256:e6b9ee84942eeebb3be418875f2ce9ab4bef4d0a69654e761dcd6e07500c7010,162,1024,1,15,11,2,c00 c06 c07,c00 c06 c07,c04 c05 c09
main|astana_clinic_nobase|nc10|np15|br0.75|uniform|ms3|r300|s9,main,astana_clinic_nobase,10,15,0.75,uniform,3,300,9,1839,sha256:ce6ac997e1363916cb30095aad43ffdef5572d4d625179d80b9699aaf6241268,127,1024,1,15,14,1,c00 c01 c05,c00 c01 c05,c00 c01 c05
main|astana_clinic_nobase|nc10|np15|br0.75|random_1_100|ms3|r300|s0,main,astana_clinic_nobase,10,15,0.75,random_1_100,3,300,0,1635,sha256:91069cca41417ce7e482009fa4b55f649a9e761a11032d5fc06dc94234760823,156,1024,1,15,10,2,c00 c06 c09,c06 c07 c09,c00 c06 c09
main|astana_clinic_nobase|nc10|np15|br0.75|random_1_100|ms3|r300|s1,main,astana_clinic_nobase,10,15,0.75,random_1_100,3,300,1,1856,sha256:787dd44a5055e8b65027210c8733d1ef43d6875d54081c6f9653aaaead3b00ab,122,1024,1,15,12,2,c00 c01 c05,c01 c06 c07,c00 c01 c05
main|astana_clinic_nobase|nc10|np15|br0.75|random_1_100|ms3|r300|s2,main,astana_clinic_nobase,10,15,0.75,random_1_100,3,300,2,2091,sha256:7d084375c152e4af47f703d58da32db6a209db227cd8694f2c9b151a3087f27d,152,1024,1,15,6,3,c01 c03 c08,c00 c01 c08,c04 c08 c09
main|astana_clinic_nobase|nc10|np15|br0.75|random_1_100|ms3|r300|s3,main,astana_clinic_nobase,10,15,0.75,random_1_100,3,300,3,1544,sha256:41f48a9d8ef2c45c174f420cb92fa8f73f54d34e490928e39b4a3c25308c137c,131,1024,1,15,9,3,c04 c07 c09,c03 c04 c06,c02 c05 c09
main|astana_clinic_nobase|nc10|np15|br0.75|random_1_100|ms3|r300|s4,main,astana_clinic_nobase,10,15,0.75,random_1_100,3,300,4,1985,sha256:bfc0fa1e1d2dbcfefb3a2037ec6117f824f5d572c720b065f95a910fa1c22245,154,1024,1,15,16,3,c00 c03 c09,c00 c04 c08,c00 c01 c02
main|astana_clinic_nobase|nc10|np15|br0.75|random_1_100|ms3|r300|s5,main,astana_clinic_nobase,10,15,0.75,random_1_100,3,300,5,2016,sha256:f0b6828a5134aa58bb0f5092f01189954cef87e6d1fe656d0a6cb5f29d2320fe,116,1024,1,15,9,2,c02 c05 c07,c04 c05 c08,c02 c05 c07
main|astana_clinic_nobase|nc10|np15|br0.75|random_1_100|ms3|r300|s6,main,astana_clinic_nobase,10,15,0.75,random_1_100,3,300,6,1974,sha256:e236bb2c00e282418fe3e1ca68124c3e046d52bd1a4c7beeb7804c04c89bee64,137,1024,1,15,13,2,c00 c05 c06,c00 c05 c06,c00 c05 c07
main|astana_clinic_nobase|nc10|np15|br0.75|random_1_100|ms3|r300|s7,main,astana_clinic_nobase,10,15,0.75,random_1_100,3,300,7,1954,sha256:f03e3f21cf7dd53588181804a1eee461a38374531d3c62cc727ed82411a48039,155,1024,1,15,8,2,c00 c06 c09,c00 c06 c09,c00 c04 c08
main|astana_clinic_nobase|nc10|np15|br0.75|random_1_100|ms3|r300|s8,main,astana_clinic_nobase,10,15,0.75,random_1_100,3,300,8,1884,sha256:10bbe298a8b9a5111c1e997b03b77d387bf00029b0fe3b8f2e8bc5bd679d44ef,162,1024,1,15,10,3,c06 c07 c09,c00 c06 c07,c04 c05 c09
main|astana_clinic_nobase|nc10|np15|br0.75|random_1_100|ms3|r300|s9,main,astana_clinic_nobase,10,15,0.75,random_1_100,3,300,9,1839,sha256:77bc1c6372f3eb25272d50500cbb4b4928548b7c73242da192a9e9afdfcac2a1,127,1024,1,15,11,2,c00 c01 c05,c00 c01 c05,c00 c08 c09
main|astana_clinic_nobase|nc10|np15|br0.75|one_heavy|ms3|r300|s0,main,astana_clinic_nobase,10,15,0.75,one_heavy,3,300,0,1635,sha256:7d7f2b2a89b323155459eadb2c3e8b0ce97bb78f8a540b173a11cef997476d65,156,1024,1,15,17,3,c04 c05 c07,c06 c07 c08,c00 c06 c09
main|astana_clinic_nobase|nc10|np15|br0.75|one_heavy|ms3|r300|s1,main,astana_clinic_nobase,10,15,0.75,one_heavy,3,300,1,1856,sha256:823686fdd78fd7464106e9f74cc5ab5c55ead08ae96963b8c683139a3505448b,122,1024,1,15,8,2,c00 c02 c04,c01 c06 c07,c00 c02 c04
main|astana_clinic_nobase|nc10|np15|br0.75|one_heavy|ms3|r300|s2,main,astana_clinic_nobase,10,15,0.75,one_heavy,3,300,2,2091,sha256:db89440e94845b727e2753664c2e650677848788b7b7e3053912277b0d75d3e0,152,1024,1,15,8,3,c01 c03 c08,c00 c01 c08,c03 c04 c08
main|astana_clinic_nobase|nc10|np15|br0.75|one_heavy|ms3|r300|s3,main,astana_clinic_nobase,10,15,0.75,one_heavy,3,300,3,1544,sha256:14361c6da43c9ef6861ac75c6aa6e3a0f16fb7ebecc80a2d8935221c43e0ca97,131,1024,1,15,8,2,c02 c04 c06,c02 c04 c06,c05 c08 c09
main|astana_clinic_nobase|nc10|np15|br0.75|one_heavy|ms3|r300|s4,main,astana_clinic_nobase,10,15,0.75,one_heavy,3,300,4,1985,sha256:0f3888fc59d4e8bb52e48d2e4098f0dcdcc4841656f77dd75fd5a51e0b689c90,154,1024,1,15,12,3,c00 c03 c09,c04 c06 c09,c00 c01 c02
main|astana_clinic_nobase|nc10|np15|br0.75|one_heavy|ms3|r300|s5,main,astana_clinic_nobase,10,15,0.75,one_heavy,3,300,5,2016,sha256:3b8ba741af2679be16e245e641445a3bb2554fa8baa775f95e1bec628b465018,116,1024,1,15,10,3,c01 c03 c08,c04 c05 c08,c05 c07 c08
main|astana_clinic_nobase|nc10|np15|br0.75|one_heavy|ms3|r300|s6,main,astana_clinic_nobase,10,15,0.75,one_heavy,3,300,6,1974,sha256:b9a2dfd2a3db7f91484cc832b6a86abc4f17027d430de56e9231c15525e8f8b8,137,1024,1,15,13,1,c00 c05 c06,c00 c05 c06,c00 c05 c06
main|astana_clinic_nobase|nc10|np15|br0.75|one_heavy|ms3|r300|s7,main,astana_clinic_nobase,10,15,0.75,one_heavy,3,300,7,1954,sha256:1ae36056d993db8be56cfbe06e1459140c532689e216650916375aafcd80c9de,155,1024,1,15,7,2,c00 c04 c06,c00 c06 c09,c00 c04 c06
main|astana_clinic_nobase|nc10|np15|br0.75|one_heavy|ms3|r300|s8,main,astana_clinic_nobase,10,15,0.75,one_heavy,3,300,8,1884,sha256:4aade2c80f038c040c47d387067d62bb6f05c05f4bd6c14e91f752601ad8ba76,162,1024,1,15,12,2,c00 c06 c07,c00 c06 c07,c02 c07 c09
main|astana_clinic_nobase|nc10|np15|br0.75|one_heavy|ms3|r300|s9,main,astana_clinic_nobase,10,15,0.75,one_heavy,3,300,9,1839,sha256:fc2480d0704cbfd66cec3a868b6961318d99df090395b79f952cdad8fd30bf09,127,1024,1,15,12,1,c00 c01 c05,c00 c01 c05,c00 c01 c05
main|astana_clinic_nobase|nc10|np15|br1.0|uniform|ms3|r300|s0,main,astana_clinic_nobase,10,15,1.0,uniform,3,300,0,2181,sha256:6dc95fd2127272f77717d9466c3aff90cfae58e1247c3233bcffb07d34dfd958,176,1024,0,15,10,2,c00 c06 c09,c06 c07 c09,c00 c06 c09
main|astana_clinic_nobase|nc10|np15|br1.0|uniform|ms3|r300|s1,main,astana_clinic_nobase,10,15,1.0,uniform,3,300,1,2475,sha256:8d3b77b77d913d6005d62f012ccb1f80cd5293b0c528968747637e16f090fc6f,176,1024,0,15,9,3,c00 c01 c07,c01 c06 c07,c00 c02 c07
main|astana_clinic_nobase|nc10|np15|br1.0|uniform|ms3|r300|s2,main,astana_clinic_nobase,10,15,1.0,uniform,3,300,2,2789,sha256:2fa3476b11b17b4ebc1e27b14e0bbcd4c910868757cc858975ec1aca5dd76893,176,1024,0,15,6,3,c01 c03 c08,c00 c01 c08,c03 c04 c08
main|astana_clinic_nobase|nc10|np15|br1.0|uniform|ms3|r300|s3,main,astana_clinic_nobase,10,15,1.0,uniform,3,300,3,2059,sha256:81014d8687a8bb4c7e7daf8f29ab4bd99c77ec201b423de44984e8df8ec11acb,176,1024,0,15,9,2,c02 c04 c06,c02 c04 c06,c05 c08 c09
main|astana_clinic_nobase|nc10|np15|br1.0|uniform|ms3|r300|s4,main,astana_clinic_nobase,10,15,1.0,uniform,3,300,4,2647,sha256:af8a72c1cfe5464ad2606498433eb6827817fc28b5290a1d50ff877dccbe3d3a,176,1024,0,15,17,3,c00 c08 c09,c00 c04 c08,c00 c01 c02
main|astana_clinic_nobase|nc10|np15|br1.0|uniform|ms3|r300|s5,main,astana_clinic_nobase,10,15,1.0,uniform,3,300,5,2688,sha256:6c892aee18531080102d6e14a75c4da8663a33075fa387fd985291191e6985e7,176,1024,0,15,9,2,c02 c03 c07,c04 c05 c08,c02 c03 c07
main|astana_clinic_nobase|nc10|np15|br1.0|uniform|ms3|r300|s6,main,astana_clinic_nobase,10,15,1.0,uniform,3,300,6,2633,sha256:f0696b9762fbb89fdd979cde1a9c80adeedca2ca83492f6a3d36a8044baa70e2,176,1024,0,15,12,1,c00 c05 c06,c00 c05 c06,c00 c05 c06
main|astana_clinic_nobase|nc10|np15|br1.0|uniform|ms3|r300|s7,main,astana_clinic_nobase,10,15,1.0,uniform,3,300,7,2606,sha256:062ed5a4160012d7697d9dff9cc33b584c27b9354c2404e66219218d1d01bc16,176,1024,0,15,8,3,c01 c04 c08,c03 c08 c09,c00 c04 c08
main|astana_clinic_nobase|nc10|np15|br1.0|uniform|ms3|r300|s8,main,astana_clinic_nobase,10,15,1.0,uniform,3,300,8,2512,sha256:19c359d741263d9eaca603c4526beb357c0fd93023592cbc76a776cfa7705e31,176,1024,0,15,12,2,c05 c06 c07,c05 c06 c07,c05 c07 c09
main|astana_clinic_nobase|nc10|np15|br1.0|uniform|ms3|r300|s9,main,astana_clinic_nobase,10,15,1.0,uniform,3,300,9,2453,sha256:a653653c2eacf30e9cfc74226b6b3818beccd8f2ead94afe5c4ef3afa86b27e4,176,1024,0,15,14,1,c00 c01 c05,c00 c01 c05,c00 c01 c05
main|astana_clinic_nobase|nc10|np15|br1.0|random_1_100|ms3|r300|s0,main,astana_clinic_nobase,10,15,1.0,random_1_100,3,300,0,2181,sha256:314c47e59262c510cc06b6f2b429308047c0f9a022b3087c4a0a209c6c00eebb,176,1024,0,15,10,2,c00 c06 c09,c06 c07 c09,c00 c06 c09
main|astana_clinic_nobase|nc10|np15|br1.0|random_1_100|ms3|r300|s1,main,astana_clinic_nobase,10,15,1.0,random_1_100,3,300,1,2475,sha256:20361db2e1ca59aea8006d10da95ed8b60b9e90a639a5cc268187830c150d8e0,176,1024,0,15,12,2,c00 c01 c05,c01 c06 c07,c00 c01 c05
main|astana_clinic_nobase|nc10|np15|br1.0|random_1_100|ms3|r300|s2,main,astana_clinic_nobase,10,15,1.0,random_1_100,3,300,2,2789,sha256:1b0ff502fc55a0f804032eb6686b05aa377d042ba6b4eeead042a26a9c2944b5,176,1024,0,15,6,3,c01 c03 c08,c00 c01 c08,c04 c08 c09
main|astana_clinic_nobase|nc10|np15|br1.0|random_1_100|ms3|r300|s3,main,astana_clinic_nobase,10,15,1.0,random_1_100,3,300,3,2059,sha256:df615e574aeb986e89e5daba65fb88aa8d65c3448cca4b28db1e802b1a83c83a,176,1024,0,15,9,3,c04 c07 c09,c03 c04 c06,c02 c05 c09
main|astana_clinic_nobase|nc10|np15|br1.0|random_1_100|ms3|r300|s4,main,astana_clinic_nobase,10,15,1.0,random_1_100,3,300,4,2647,sha256:d5424f0465eb40384d89b2209c3dd09916f636dc1706535bf8cf7d6da114fcfe,176,1024,0,15,17,3,c00 c08 c09,c00 c04 c09,c00 c01 c02
main|astana_clinic_nobase|nc10|np15|br1.0|random_1_100|ms3|r300|s5,main,astana_clinic_nobase,10,15,1.0,random_1_100,3,300,5,2688,sha256:d5281e9b6060213746cb3a9fafc13b9ea9e9c0e56205ded1f83e914df2be5d4b,176,1024,0,15,10,2,c02 c03 c07,c04 c05 c08,c02 c03 c07
main|astana_clinic_nobase|nc10|np15|br1.0|random_1_100|ms3|r300|s6,main,astana_clinic_nobase,10,15,1.0,random_1_100,3,300,6,2633,sha256:f733b96280e934ed635fc009b250154fa54176bd37b141e62d7e7227a7c54e93,176,1024,0,15,13,2,c00 c05 c06,c00 c05 c06,c00 c05 c07
main|astana_clinic_nobase|nc10|np15|br1.0|random_1_100|ms3|r300|s7,main,astana_clinic_nobase,10,15,1.0,random_1_100,3,300,7,2606,sha256:51ba354b1f4054e89f9666b4f436a9c5e3b91974139299fcd08071f0a9190570,176,1024,0,15,8,3,c00 c06 c09,c03 c08 c09,c00 c04 c08
main|astana_clinic_nobase|nc10|np15|br1.0|random_1_100|ms3|r300|s8,main,astana_clinic_nobase,10,15,1.0,random_1_100,3,300,8,2512,sha256:6855ea0c4fdee6b335105b48e08fa4afca1d1a8f52a28cbf1538d1c5ecda510f,176,1024,0,15,11,2,c05 c06 c07,c05 c06 c07,c05 c07 c09
main|astana_clinic_nobase|nc10|np15|br1.0|random_1_100|ms3|r300|s9,main,astana_clinic_nobase,10,15,1.0,random_1_100,3,300,9,2453,sha256:ce83f38038fb17dd1e88f32f3c28d5bf3127a4bb58ed3c144cb838b767a212f5,176,1024,0,15,12,3,c00 c01 c07,c00 c01 c05,c00 c01 c09
main|astana_clinic_nobase|nc10|np15|br1.0|one_heavy|ms3|r300|s0,main,astana_clinic_nobase,10,15,1.0,one_heavy,3,300,0,2181,sha256:dcf2b34ee1c83cb42e94d726d534d9326d7e6065d1856ec01b8532a1dab4d437,176,1024,0,15,19,3,c00 c04 c05,c06 c07 c08,c00 c06 c09
main|astana_clinic_nobase|nc10|np15|br1.0|one_heavy|ms3|r300|s1,main,astana_clinic_nobase,10,15,1.0,one_heavy,3,300,1,2475,sha256:f63e72298e9f17575a751214feb90191995d5c8628572b2efbc7219b0eaedc11,176,1024,0,15,8,2,c00 c02 c04,c01 c06 c07,c00 c02 c04
main|astana_clinic_nobase|nc10|np15|br1.0|one_heavy|ms3|r300|s2,main,astana_clinic_nobase,10,15,1.0,one_heavy,3,300,2,2789,sha256:75ec206f4963315f99d8417cb8edbd914462c3a8386aa8d6d8b206bdd180bf65,176,1024,0,15,8,3,c01 c03 c08,c00 c01 c08,c03 c04 c08
main|astana_clinic_nobase|nc10|np15|br1.0|one_heavy|ms3|r300|s3,main,astana_clinic_nobase,10,15,1.0,one_heavy,3,300,3,2059,sha256:ecad687f3316e55c07584ac5204d70d273d900b3997ea72b31f5ec2562a193ed,176,1024,0,15,8,2,c02 c04 c06,c02 c04 c06,c05 c08 c09
main|astana_clinic_nobase|nc10|np15|br1.0|one_heavy|ms3|r300|s4,main,astana_clinic_nobase,10,15,1.0,one_heavy,3,300,4,2647,sha256:2ceae026a28b200ea81135c9873c738864f136672f94eadda7de7a9ec0ba3583,176,1024,0,15,13,3,c00 c08 c09,c00 c04 c09,c00 c01 c02
main|astana_clinic_nobase|nc10|np15|br1.0|one_heavy|ms3|r300|s5,main,astana_clinic_nobase,10,15,1.0,one_heavy,3,300,5,2688,sha256:ec334b3864897c53cb9f12d19a70232b011524ef3240645312744d70e5757603,176,1024,0,15,12,3,c02 c03 c08,c04 c05 c08,c03 c07 c08
main|astana_clinic_nobase|nc10|np15|br1.0|one_heavy|ms3|r300|s6,main,astana_clinic_nobase,10,15,1.0,one_heavy,3,300,6,2633,sha256:ce113afd413e3b3b5dbfc187e0c9c02e20b8ff066918f5d758744eaa34e89522,176,1024,0,15,13,1,c00 c05 c06,c00 c05 c06,c00 c05 c06
main|astana_clinic_nobase|nc10|np15|br1.0|one_heavy|ms3|r300|s7,main,astana_clinic_nobase,10,15,1.0,one_heavy,3,300,7,2606,sha256:439010aca5ea301bb0c25ee25012210d7ef5b3d529a0508fa96803e782d3426d,176,1024,0,15,7,2,c00 c04 c06,c03 c08 c09,c00 c04 c06
main|astana_clinic_nobase|nc10|np15|br1.0|one_heavy|ms3|r300|s8,main,astana_clinic_nobase,10,15,1.0,one_heavy,3,300,8,2512,sha256:c708802a83966e117c53c9f36cece773895c61847349fc3514c2b54fd7fc93b2,176,1024,0,15,13,2,c05 c06 c07,c05 c06 c07,c05 c07 c09
main|astana_clinic_nobase|nc10|np15|br1.0|one_heavy|ms3|r300|s9,main,astana_clinic_nobase,10,15,1.0,one_heavy,3,300,9,2453,sha256:715ae60bb330e70acd002fab39373d2791f77d38608bda4060322b4b62ce280e,176,1024,0,15,12,1,c00 c01 c05,c00 c01 c05,c00 c01 c05
main|astana_clinic_nobase|nc10|np25|br0.25|uniform|ms3|r300|s0,main,astana_clinic_nobase,10,25,0.25,uniform,3,300,0,545,sha256:f2310147ca6a269ec74cb25c325088bbd7746b7eb1932eb031cb09ede4e657a1,22,1024,1,25,10,2,c07 c09,c07 c09,c05 c09
main|astana_clinic_nobase|nc10|np25|br0.25|uniform|ms3|r300|s1,main,astana_clinic_nobase,10,25,0.25,uniform,3,300,1,618,sha256:775031dbb41dccb2d391d75b1ef205ab9465b307eca794a4250e2048ebe88d08,5,1024,1,25,4,1,c00,c00,c00
main|astana_clinic_nobase|nc10|np25|br0.25|uniform|ms3|r300|s2,main,astana_clinic_nobase,10,25,0.25,uniform,3,300,2,697,sha256:fc0a5efc6fdaa6e47259f957a505543bb980a2fbe026af421996aba4e779b120,10,1024,1,25,3,2,c08 c09,c08 c09,c01 c08
main|astana_clinic_nobase|nc10|np25|br0.25|uniform|ms3|r300|s3,main,astana_clinic_nobase,10,25,0.25,uniform,3,300,3,514,sha256:be8110e1564174dbc9778dc74a458c795c3318d8ebb309afc1cd52f0541fad7e,9,1024,1,25,3,2,c04 c08,c09,c09
main|astana_clinic_nobase|nc10|np25|br0.25|uniform|ms3|r300|s4,main,astana_clinic_nobase,10,25,0.25,uniform,3,300,4,661,sha256:d8a4fba63c1c8f2851a94cfd58fd33ff585b51460cf63afa8079c419bf936a33,16,1024,1,25,3,3,c03 c06,c06 c08,c02 c06
main|astana_clinic_nobase|nc10|np25|br0.25|uniform|ms3|r300|s5,main,astana_clinic_nobase,10,25,0.25,uniform,3,300,5,672,sha256:1780a9592ed96e613634973b85268cb1cfba6b47131ea5dc14047910868fd7cc,6,1024,1,25,4,1,c01 c03,c01 c03,c01 c03
main|astana_clinic_nobase|nc10|np25|br0.25|uniform|ms3|r300|s6,main,astana_clinic_nobase,10,25,0.25,uniform,3,300,6,658,sha256:7ebe4026ac6954197ba82ae62cedfa24dc7f5682eac2aa37680caa95ec1b72d8,10,1024,1,25,4,2,c04 c07,c04 c07,c00 c07
main|astana_clinic_nobase|nc10|np25|br0.25|uniform|ms3|r300|s7,main,astana_clinic_nobase,10,25,0.25,uniform,3,300,7,651,sha256:9d4fcab7a2b499df13577c797ac12297677929eff3bd0e66a6d018654c112e02,15,1024,1,25,4,2,c01 c04 c06,c00 c01,c01 c04 c06
main|astana_clinic_nobase|nc10|np25|br0.25|uniform|ms3|r300|s8,main,astana_clinic_nobase,10,25,0.25,uniform,3,300,8,628,sha256:04dd4a9ba56d2372a3a83804fe033dbbaf562322216c084a3563f0589062dc82,27,1024,1,25,6,3,c00 c04 c06,c00 c09,c04 c09
main|astana_clinic_nobase|nc10|np25|br0.25|uniform|ms3|r300|s9,main,astana_clinic_nobase,10,25,0.25,uniform,3,300,9,613,sha256:10c68a7d4af61d597165184eb5cdc94c77a3e84bc3619bfbe924898a86bb4391,8,1024,1,25,3,1,c00,c00,c00
main|astana_clinic_nobase|nc10|np25|br0.25|random_1_100|ms3|r300|s0,main,astana_clinic_nobase,10,25,0.25,random_1_100,3,300,0,545,sha256:b6cf3b8d677075fdea39c9ab9af471b40534b1b9700d2035428da9a5e11d5973,22,1024,1,25,10,2,c07 c09,c07 c09,c05 c09
main|astana_clinic_nobase|nc10|np25|br0.25|random_1_100|ms3|r300|s1,main,astana_clinic_nobase,10,25,0.25,random_1_100,3,300,1,618,sha256:debebff7e8f1ed6eb6b254e85048466324ca6c4a75dd1e1cf5c6a7a5866f5e2d,5,1024,1,25,3,1,c00,c00,c00
main|astana_clinic_nobase|nc10|np25|br0.25|random_1_100|ms3|r300|s2,main,astana_clinic_nobase,10,25,0.25,random_1_100,3,300,2,697,sha256:f960c2d3b7ca00752300c11af49952152d8656fb238bebc80273e847e2f008d9,10,1024,1,25,3,2,c08 c09,c08 c09,c01 c08
main|astana_clinic_nobase|nc10|np25|br0.25|random_1_100|ms3|r300|s3,main,astana_clinic_nobase,10,25,0.25,random_1_100,3,300,3,514,sha256:1a76fc0b134b64ed1cba14551da0d6870634a5991b7eeecf2a7cf126d226bb66,9,1024,1,25,3,2,c04 c08,c09,c09
main|astana_clinic_nobase|nc10|np25|br0.25|random_1_100|ms3|r300|s4,main,astana_clinic_nobase,10,25,0.25,random_1_100,3,300,4,661,sha256:3ac81d46c6468c4e131705004dc90258ab30ce40c2b882424383cbffc1197716,16,1024,1,25,4,2,c06 c08,c06 c08,c00
main|astana_clinic_nobase|nc10|np25|br0.25|random_1_100|ms3|r300|s5,main,astana_clinic_nobase,10,25,0.25,random_1_100,3,300,5,672,sha256:6345ce073bfcff59ce06d983821af2f027836017136a163a9a47a7197996578d,6,1024,1,25,4,1,c01 c03,c01 c03,c01 c03
main|astana_clinic_nobase|nc10|np25|br0.25|random_1_100|ms3|r300|s6,main,astana_clinic_nobase,10,25,0.25,random_1_100,3,300,6,658,sha256:cf36ec45435bc68484eac717cc8f4e62f8a803b66b3daecaab14a140f9bc4189,10,1024,1,25,4,2,c04 c07,c04 c07,c05 c07
main|astana_clinic_nobase|nc10|np25|br0.25|random_1_100|ms3|r300|s7,main,astana_clinic_nobase,10,25,0.25,random_1_100,3,300,7,651,sha256:c4973d1c842b4c81113ae1c52f93459a797df3ba919aea3ab44404d3ff286355,15,1024,1,25,6,3,c01 c04 c06,c00 c01,c00 c06
main|astana_clinic_nobase|nc10|np25|br0.25|random_1_100|ms3|r300|s8,main,astana_clinic_nobase,10,25,0.25,random_1_100,3,300,8,628,sha256:ac4330ec9386870f289d9f71120163fa8e27e26f0cf476f3083c0766ad893c6b,27,1024,1,25,6,3,c00 c04 c06,c00 c09,c04 c09
main|astana_clinic_nobase|nc10|np25|br0.25|random_1_100|ms3|r300|s9,main,astana_clinic_nobase,10,25,0.25,random_1_100,3,300,9,613,sha256:4bcb68008979736ba5a601399b7ebef0713c08024c54456d96eea3faea0bb08e,8,1024,1,25,3,1,c00,c00,c00
main|astana_clinic_nobase|nc10|np25|br0.25|one_heavy|ms3|r300|s0,main,astana_clinic_nobase,10,25,0.25,one_heavy,3,300,0,545,sha256:8c895e29a9c8abc0ac2e1ec9ce3f0941112421f33aca46d213c89085969464b4,22,1024,1,25,7,3,c02 c06 c08,c07 c09,c05 c09
main|astana_clinic_nobase|nc10|np25|br0.25|one_heavy|ms3|r300|s1,main,astana_clinic_nobase,10,25,0.25,one_heavy,3,300,1,618,sha256:83fe96fa442b729a341eff95c736ee441c02938ed2ec1cbc2e82b4282eed4ea2,5,1024,1,25,2,2,c01,c00,c00
main|astana_clinic_nobase|nc10|np25|br0.25|one_heavy|ms3|r300|s2,main,astana_clinic_nobase,10,25,0.25,one_heavy,3,300,2,697,sha256:3ce4cdae826bf1407a8ccc48ac15b279a44f7981e02bbe2fd3d35c17147940a1,10,1024,1,25,3,2,c08 c09,c08 c09,c01 c08
main|astana_clinic_nobase|nc10|np25|br0.25|one_heavy|ms3|r300|s3,main,astana_clinic_nobase,10,25,0.25,one_heavy,3,300,3,514,sha256:8f6ac7eeda509cee2bbf741f9cac13125fbd5046c120c339a86ade3a85393721,9,1024,1,25,2,2,c04 c08,c09,c09
main|astana_clinic_nobase|nc10|np25|br0.25|one_heavy|ms3|r300|s4,main,astana_clinic_nobase,10,25,0.25,one_heavy,3,300,4,661,sha256:456e588657818d3f8fc824578b5d32453b0ba98dc240f40f2bb5d4a604a49c99,16,1024,1,25,4,2,c06 c08,c06 c08,c02 c06
main|astana_clinic_nobase|nc10|np25|br0.25|one_heavy|ms3|r300|s5,main,astana_clinic_nobase,10,25,0.25,one_heavy,3,300,5,672,sha256:3fbd68f7b95a5e2e61fb31fa75f1d02ae5db90691a69e191d7e458e782a4c213,6,1024,1,25,3,1,c01 c03,c01 c03,c01 c03
main|astana_clinic_nobase|nc10|np25|br0.25|one_heavy|ms3|r300|s6,main,astana_clinic_nobase,10,25,0.25,one_heavy,3,300,6,658,sha256:0742e37a969c2162c8b1fa0bbd720f0564aeb92fe55dc9c7bf4e38c45c9d15be,10,1024,1,25,3,2,c05 c07,c04 c07,c05 c07
main|astana_clinic_nobase|nc10|np25|br0.25|one_heavy|ms3|r300|s7,main,astana_clinic_nobase,10,25,0.25,one_heavy,3,300,7,651,sha256:2c3674868e43d8159e8a017636fa09ffb630032a7020e3e34df06f2a1fd70ac3,15,1024,1,25,5,2,c01 c04 c06,c00 c01,c01 c04 c06
main|astana_clinic_nobase|nc10|np25|br0.25|one_heavy|ms3|r300|s8,main,astana_clinic_nobase,10,25,0.25,one_heavy,3,300,8,628,sha256:83ab6ec05917346fcc374986e692295f2b1c3dbae43c8515615ceb811ffeaab1,27,1024,1,25,5,2,c00 c09,c00 c09,c04 c09
main|astana_clinic_nobase|nc10|np25|br0.25|one_heavy|ms3|r300|s9,main,astana_clinic_nobase,10,25,0.25,one_heavy,3,300,9,613,sha256:d62bc4ea770cb58978a71cdfd167e6266ddcb8f2c5afe08f2b35492e9ac39a3e,8,1024,1,25,4,2,c01,c00,c00
main|astana_clinic_nobase|nc10|np25|br0.5|uniform|ms3|r300|s0,main,astana_clinic_nobase,10,25,0.5,uniform,3,300,0,1090,sha256:a2267768d4cb23c1573c3fb7d5816ad9dd4f964a11d273bd805fa4cb5f827a6f,93,1024,1,25,13,3,c06 c07 c08,c01 c02 c09,c05 c07 c09
main|astana_clinic_nobase|nc10|np25|br0.5|uniform|ms3|r300|s1,main,astana_clinic_nobase,10,25,0.5,uniform,3,300,1,1237,sha256:864c0b40716630f81aed8dad05c059f4dd2d2f8fbca774908abc37417af871ee,36,1024,1,25,9,2,c00 c02 c07,c03 c07,c00 c02 c07
main|astana_clinic_nobase|nc10|np25|br0.5|uniform|ms3|r300|s2,main,astana_clinic_nobase,10,25,0.5,uniform,3,300,2,1394,sha256:1c995c30b4f004179d5b1e847db7a0249aa4958dd64b59dbbbd28a2296810e28,64,1024,1,25,4,2,c01 c08 c09,c01 c08 c09,c01 c04 c08
main|astana_clinic_nobase|nc10|np25|br0.5|uniform|ms3|r300|s3,main,astana_clinic_nobase,10,25,0.5,uniform,3,300,3,1029,sha256:d5466576a9693759332e52ee26e7aa38e048692e8eb9aadfe41439babf7de1dd,51,1024,1,25,6,2,c04 c06 c08,c04 c06 c08,c05 c06
main|astana_clinic_nobase|nc10|np25|br0.5|uniform|ms3|r300|s4,main,astana_clinic_nobase,10,25,0.5,uniform,3,300,4,1323,sha256:1aabd6109df934eba27a59dcabf6e54fa9fba0911d8e06ab6e54a090b117eeca,80,1024,1,25,6,2,c00 c03 c07,c02 c04 c06,c00 c03 c07
main|astana_clinic_nobase|nc10|np25|br0.5|uniform|ms3|r300|s5,main,astana_clinic_nobase,10,25,0.5,uniform,3,300,5,1344,sha256:3437f1f7ccf5673dc7fa894aeb31e1755d26ef5d645d5b9c78e7b4bb63d91502,39,1024,1,25,8,2,c01 c02 c05,c01 c02 c05,c03 c07
main|astana_clinic_nobase|nc10|np25|br0.5|uniform|ms3|r300|s6,main,astana_clinic_nobase,10,25,0.5,uniform,3,300,6,1316,sha256:0e27ef46c3d22ce9484a5189c872766dc977ad3f2026e2d6390a22f03ed5c333,69,1024,1,25,9,3,c04 c05 c09,c04 c06 c07,c00 c05 c09
main|astana_clinic_nobase|nc10|np25|br0.5|uniform|ms3|r300|s7,main,astana_clinic_nobase,10,25,0.5,uniform,3,300,7,1303,sha256:cb051cc4b8f17f66ec7be0f80dbd230c7e725e6de8d036ee77af05c24900f640,81,1024,1,25,7,2,c00 c03 c04,c00 c03 c04,c00 c04 c06
main|astana_clinic_nobase|nc10|np25|br0.5|uniform|ms3|r300|s8,main,astana_clinic_nobase,10,25,0.5,uniform,3,300,8,1256,sha256:708c4233a3c17fca19e62592d8a1289100a9746be89fb869c2bc25f085feba77,101,1024,1,25,6,3,c00 c04 c06,c06 c07,c00 c04 c09
main|astana_clinic_nobase|nc10|np25|br0.5|uniform|ms3|r300|s9,main,astana_clinic_nobase,10,25,0.5,uniform,3,300,9,1226,sha256:006e23dc5922df1c7904bc87cda1af481564888a636f74ec2a49d8fa4fe2eea4,44,1024,1,25,8,3,c00 c05,c01 c03 c04,c00 c01
main|astana_clinic_nobase|nc10|np25|br0.5|random_1_100|ms3|r300|s0,main,astana_clinic_nobase,10,25,0.5,random_1_100,3,300,0,1090,sha256:2c4ae3fe06d5124cf7ec0b94f639798351dfd2e6965f577dd4d2da6487863658,93,1024,1,25,14,3,c05 c07 c09,c01 c02 c09,c05 c06 c09
main|astana_clinic_nobase|nc10|np25|br0.5|random_1_100|ms3|r300|s1,main,astana_clinic_nobase,10,25,0.5,random_1_100,3,300,1,1237,sha256:c7c2a2e2514e7872d3924d67a2d89a70a892537cd9c7053a4beb117a18c636ab,36,1024,1,25,8,3,c00 c02 c07,c03 c07,c00 c01
main|astana_clinic_nobase|nc10|np25|br0.5|random_1_100|ms3|r300|s2,main,astana_clinic_nobase,10,25,0.5,random_1_100,3,300,2,1394,sha256:4445e1e9e2b8a4d6f7be4962efe6929bb714b88f335a9fb5ba481ec1df2e9139,64,1024,1,25,4,2,c01 c08 c09,c01 c08 c09,c01 c04 c08
main|astana_clinic_nobase|nc10|np25|br0.5|random_1_100|ms3|r300|s3,main,astana_clinic_nobase,10,25,0.5,random_1_100,3,300,3,1029,sha256:facfe59e65ba3d2ff42d371ded6140b6f26028fc1c2659086232f271434b919a,51,1024,1,25,7,2,c04 c06 c08,c04 c06 c08,c05 c09
main|astana_clinic_nobase|nc10|np25|br0.5|random_1_100|ms3|r300|s4,main,astana_clinic_nobase,10,25,0.5,random_1_100,3,300,4,1323,sha256:f0b48262222a45a68922541314fe9b44875de534cdb7186abfdbab214df80738,80,1024,1,25,9,3,c00 c03 c07,c04 c06 c08,c00 c06 c07
main|astana_clinic_nobase|nc10|np25|br0.5|random_1_100|ms3|r300|s5,main,astana_clinic_nobase,10,25,0.5,random_1_100,3,300,5,1344,sha256:53fcb70be8cc02c56cbfbfb8e15e60d5d025b92b83e85e7abc5e7beb648f39f7,39,1024,1,25,7,2,c01 c02 c05,c01 c02 c05,c03 c07
main|astana_clinic_nobase|nc10|np25|br0.5|random_1_100|ms3|r300|s6,main,astana_clinic_nobase,10,25,0.5,random_1_100,3,300,6,1316,sha256:a5c7e04385ea9fb372c85bf3ba014b018f5c496adaacfdf3c796e2729ddc3a7f,69,1024,1,25,9,3,c04 c05 c09,c04 c06 c07,c00 c05 c09
main|astana_clinic_nobase|nc10|np25|br0.5|random_1_100|ms3|r300|s7,main,astana_clinic_nobase,10,25,0.5,random_1_100,3,300,7,1303,sha256:62315634b33825458a12e6ba9775ccee0db110e2e383445010cfc7efe0b285d2,81,1024,1,25,8,3,c00 c04 c06,c00 c03 c04,c00 c06 c08
main|astana_clinic_nobase|nc10|np25|br0.5|random_1_100|ms3|r300|s8,main,astana_clinic_nobase,10,25,0.5,random_1_100,3,300,8,1256,sha256:24f7df1028742fb7ac3bfc9973e5959a97f9d367a117cdd6929f038971493c62,101,1024,1,25,7,3,c00 c06 c09,c06 c07,c00 c04 c09
main|astana_clinic_nobase|nc10|np25|br0.5|random_1_100|ms3|r300|s9,main,astana_clinic_nobase,10,25,0.5,random_1_100,3,300,9,1226,sha256:d440a807df45ce22e2ca6f8343f1662c8f1ff60dcc762306498bc877280c4db9,44,1024,1,25,8,2,c00 c01,c01 c03 c04,c00 c01
main|astana_clinic_nobase|nc10|np25|br0.5|one_heavy|ms3|r300|s0,main,astana_clinic_nobase,10,25,0.5,one_heavy,3,300,0,1090,sha256:db763cd51ca85024c2e8039e094a52ce9349426557b0aa9922a31c3adecacd03,93,1024,1,25,14,3,c02 c04 c09,c01 c02 c08,c05 c07 c09
main|astana_clinic_nobase|nc10|np25|br0.5|one_heavy|ms3|r300|s1,main,astana_clinic_nobase,10,25,0.5,one_heavy,3,300,1,1237,sha256:d4474acf697c90e424585be2c640f88551d31c046d7f2f1c2edbf4c31890e75a,36,1024,1,25,6,2,c00 c04,c03 c07,c00 c04
main|astana_clinic_nobase|nc10|np25|br0.5|one_heavy|ms3|r300|s2,main,astana_clinic_nobase,10,25,0.5,one_heavy,3,300,2,1394,sha256:f061b859702308b6138d313cdcd88481016d5b6d9b7f94dfb59f19aa5fe609c8,64,1024,1,25,5,2,c03 c08,c01 c08 c09,c03 c08
main|astana_clinic_nobase|nc10|np25|br0.5|one_heavy|ms3|r300|s3,main,astana_clinic_nobase,10,25,0.5,one_heavy,3,300,3,1029,sha256:bb3d32785fdbebaedf648d250660b1ad2f1360afb2e857edbb0d7d7ad42fa8b9,51,1024,1,25,5,2,c04 c06 c08,c04 c06 c08,c05 c06
main|astana_clinic_nobase|nc10|np25|br0.5|one_heavy|ms3|r300|s4,main,astana_clinic_nobase,10,25,0.5,one_heavy,3,300,4,1323,sha256:924132d592da51152ce08075bbf49ee3f844fc7421dfcd6fea88c614b53f0419,80,1024,1,25,8,3,c06 c09,c04 c06 c08,c00 c03 c07
main|astana_clinic_nobase|nc10|np25|br0.5|one_heavy|ms3|r300|s5,main,astana_clinic_nobase,10,25,0.5,one_heavy,3,300,5,1344,sha256:0c46191099c4d4a650f7ab9caa34618e36cd8aec9624ec03ed9f3f4499387f5a,39,1024,1,25,9,2,c03 c08,c01 c02 c05,c03 c08
main|astana_clinic_nobase|nc10|np25|br0.5|one_heavy|ms3|r300|s6,main,astana_clinic_nobase,10,25,0.5,one_heavy,3,300,6,1316,sha256:fde6277cb6b02be09457ef372ad8104090c31aabb0b89f90f7c210c0170749fc,69,1024,1,25,14,3,c06 c07 c09,c04 c06 c07,c00 c05 c09
main|astana_clinic_nobase|nc10|np25|br0.5|one_heavy|ms3|r300|s7,main,astana_clinic_nobase,10,25,0.5,one_heavy,3,300,7,1303,sha256:547d39c45d9003c64c1e2abb29943810ed411b23618faaf75d8be3f79da95096,81,1024,1,25,7,2,c00 c04 c06,c00 c03 c04,c00 c04 c06
main|astana_clinic_nobase|nc10|np25|br0.5|one_heavy|ms3|r300|s8,main,astana_clinic_nobase,10,25,0.5,one_heavy,3,300,8,1256,sha256:37ec345dcfd114685e268819e2f8e1292dfb65a626dea4701edcda9070572077,101,1024,1,25,9,2,c06 c07,c06 c07,c00 c04 c09
main|astana_clinic_nobase|nc10|np25|br0.5|one_heavy|ms3|r300|s9,main,astana_clinic_nobase,10,25,0.5,one_heavy,3,300,9,1226,sha256:5bc7637cf530eb92456010b1cdae3552c70670982008880a48abf0f24cf65b35,44,1024,1,25,6,2,c01 c03 c04,c01 c03 c04,c00 c01
main|astana_clinic_nobase|nc10|np25|br0.75|uniform|ms3|r300|s0,main,astana_clinic_nobase,10,25,0.75,uniform,3,300,0,1635,sha256:c7f61c38966bbd1a1ee0f6c778b7448982d301aa06fb8e2deeff66fd7f4ef036,156,1024,1,25,14,2,c01 c03 c05,c01 c03 c05,c05 c07 c09
main|astana_clinic_nobase|nc10|np25|br0.75|uniform|ms3|r300|s1,main,astana_clinic_nobase,10,25,0.75,uniform,3,300,1,1856,sha256:6250ddf213b488a130d65058848b46fd7fb5e79507241c07f5008854fa78a4ec,122,1024,1,25,10,3,c00 c01 c07,c02 c06 c09,c00 c01 c02
main|astana_clinic_nobase|nc10|np25|br0.75|uniform|ms3|r300|s2,main,astana_clinic_nobase,10,25,0.75,uniform,3,300,2,2091,sha256:46f4ee260a962ee15fba025488afe379f26d42d29957bbb0ad0debc6e9ae7817,152,1024,1,25,5,1,c01 c03 c08,c01 c03 c08,c01 c03 c08
main|astana_clinic_nobase|nc10|np25|br0.75|uniform|ms3|r300|s3,main,astana_clinic_nobase,10,25,0.75,uniform,3,300,3,1544,sha256:037b7144c6b5632e24c66d3409c1c752498908e7f519e2883e2471c94f7a53e6,131,1024,1,25,8,3,c04 c07 c09,c00 c04 c06,c05 c06 c09
main|astana_clinic_nobase|nc10|np25|br0.75|uniform|ms3|r300|s4,main,astana_clinic_nobase,10,25,0.75,uniform,3,300,4,1985,sha256:004fe823ded28cb06fed0c5dd57feefd01a299dd649a242db0f04388112b9739,154,1024,1,25,7,3,c00 c07 c08,c00 c02 c04,c00 c02 c07
main|astana_clinic_nobase|nc10|np25|br0.75|uniform|ms3|r300|s5,main,astana_clinic_nobase,10,25,0.75,uniform,3,300,5,2016,sha256:41a93494391901a8d1fb5c96b0562cadd0196e7627aafe5c33de4c9af69819ed,116,1024,1,25,9,3,c01 c02 c03,c04 c05 c08,c03 c07 c09
main|astana_clinic_nobase|nc10|np25|br0.75|uniform|ms3|r300|s6,main,astana_clinic_nobase,10,25,0.75,uniform,3,300,6,1974,sha256:02d9ae690d0fdb4f603bf7d8a9f465a8da37e605b5f2e62710878be03c3d8ba4,137,1024,1,25,11,2,c00 c05 c06,c00 c05 c06,c00 c05 c09
main|astana_clinic_nobase|nc10|np25|br0.75|uniform|ms3|r300|s7,main,astana_clinic_nobase,10,25,0.75,uniform,3,300,7,1954,sha256:8c83dd0bdec2a0096b1629b44e467a298307cc46dad4ac5b37b869030cee777b,155,1024,1,25,7,2,c00 c03 c04,c00 c03 c04,c00 c04 c06
main|astana_clinic_nobase|nc10|np25|br0.75|uniform|ms3|r300|s8,main,astana_clinic_nobase,10,25,0.75,uniform,3,300,8,1884,sha256:5dd48574220f6384aeaeec68f126853c0963c292af7661c94dc750d0aa31aa7a,162,1024,1,25,7,2,c00 c06 c07,c00 c06 c07,c00 c04 c09
main|astana_clinic_nobase|nc10|np25|br0.75|uniform|ms3|r300|s9,main,astana_clinic_nobase,10,25,0.75,uniform,3,300,9,1839,sha256:06dc9b7c1b3731228280a472c3bfd83974bfe11bde2e9a409b0ab2751561ec48,127,1024,1,25,13,1,c00 c01 c05,c00 c01 c05,c00 c01 c05
main|astana_clinic_nobase|nc10|np25|br0.75|random_1_100|ms3|r300|s0,main,astana_clinic_nobase,10,25,0.75,random_1_100,3,300,0,1635,sha256:db7164e718db18eee954661b7a250444ec7375e462165321cdbf1d662552f306,156,1024,1,25,15,2,c01 c05 c07,c01 c05 c07,c00 c05 c09
main|astana_clinic_nobase|nc10|np25|br0.75|random_1_100|ms3|r300|s1,main,astana_clinic_nobase,10,25,0.75,random_1_100,3,300,1,1856,sha256:36ec271881a6ea0d6cf4eca5b9b158ca43b46832665feafe6adfca050e8c21ba,122,1024,1,25,9,3,c00 c01 c07,c01 c06 c07,c00 c01 c05
main|astana_clinic_nobase|nc10|np25|br0.75|random_1_100|ms3|r300|s2,main,astana_clinic_nobase,10,25,0.75,random_1_100,3,300,2,2091,sha256:e7fe7abd63fbfd47cadb964ecb94f9c0c6ac9b8fb762109842f81c27ae71785b,152,1024,1,25,5,1,c01 c03 c08,c01 c03 c08,c01 c03 c08
main|astana_clinic_nobase|nc10|np25|br0.75|random_1_100|ms3|r300|s3,main,astana_clinic_nobase,10,25,0.75,random_1_100,3,300,3,1544,sha256:b64d9a32fb3861b6ae262ee4ec1e0792bb06b9b7cd8c9669a4efcc45ce32c48b,131,1024,1,25,9,3,c04 c07 c09,c03 c04 c06,c05 c06 c09
main|astana_clinic_nobase|nc10|np25|br0.75|random_1_100|ms3|r300|s4,main,astana_clinic_nobase,10,25,0.75,random_1_100,3,300,4,1985,sha256:db3b35e5646e6481d0e6958e8fddaf340aab5782ee5ad56175a9e64bcda1cb82,154,1024,1,25,10,3,c00 c07 c08,c00 c04 c08,c00 c06 c07
main|astana_clinic_nobase|nc10|np25|br0.75|random_1_100|ms3|r300|s5,main,astana_clinic_nobase,10,25,0.75,random_1_100,3,300,5,2016,sha256:a627b82e5e10ae847e016ee22518861148357bbb94ba6138a939445a91ae94d9,116,1024,1,25,8,3,c01 c02 c03,c04 c05 c08,c03 c07 c09
main|astana_clinic_nobase|nc10|np25|br0.75|random_1_100|ms3|r300|s6,main,astana_clinic_nobase,10,25,0.75,random_1_100,3,300,6,1974,sha256:f0f61aa1fc66d74d432fe56388671a80a7e6cce46e3c891a6538f7961f1aa957,137,1024,1,25,11,2,c00 c05 c06,c00 c05 c06,c00 c05 c09
main|astana_clinic_nobase|nc10|np25|br0.75|random_1_100|ms3|r300|s7,main,astana_clinic_nobase,10,25,0.75,random_1_100,3,300,7,1954,sha256:8f5d6aa2c48a8dc8cc45922eea57060b79a156be83e23269ef35d4f7cd85b780,155,1024,1,25,9,3,c00 c06 c09,c00 c03 c04,c00 c06 c08
main|astana_clinic_nobase|nc10|np25|br0.75|random_1_100|ms3|r300|s8,main,astana_clinic_nobase,10,25,0.75,random_1_100,3,300,8,1884,sha256:d96d0eb53117ddd03702e0671287ec4956e2421416a11a215d633bd79deaedd0,162,1024,1,25,8,2,c00 c06 c07,c00 c06 c07,c04 c08 c09
main|astana_clinic_nobase|nc10|np25|br0.75|random_1_100|ms3|r300|s9,main,astana_clinic_nobase,10,25,0.75,random_1_100,3,300,9,1839,sha256:101157fecf3af89d1dc3885971567defc0203d7455c5b03b948fa0d16f3b893e,127,1024,1,25,11,1,c00 c01 c05,c00 c01 c05,c00 c01 c05
main|astana_clinic_nobase|nc10|np25|br0.75|one_heavy|ms3|r300|s0,main,astana_clinic_nobase,10,25,0.75,one_heavy,3,300,0,1635,sha256:f68386c3c5a19e2749b3b6e12fdeb009b5920964877888c0a644266ed22b78e9,156,1024,1,25,17,2,c04 c05 c07,c04 c05 c07,c05 c07 c09
main|astana_clinic_nobase|nc10|np25|br0.75|one_heavy|ms3|r300|s1,main,astana_clinic_nobase,10,25,0.75,one_heavy,3,300,1,1856,sha256:bf6f3877fb921ac2be44352cf6c5507cb4c0533058fae6300a97717338e47f24,122,1024,1,25,9,2,c00 c02 c04,c01 c06 c07,c00 c02 c04
main|astana_clinic_nobase|nc10|np25|br0.75|one_heavy|ms3|r300|s2,main,astana_clinic_nobase,10,25,0.75,one_heavy,3,300,2,2091,sha256:f27ffed68cb1b255dd0ac7710bcafc2e281323acb607a51bc8ba29f5a1e43cff,152,1024,1,25,8,1,c01 c03 c08,c01 c03 c08,c01 c03 c08
main|astana_clinic_nobase|nc10|np25|br0.75|one_heavy|ms3|r300|s3,main,astana_clinic_nobase,10,25,0.75,one_heavy,3,300,3,1544,sha256:972804f373ef54feda80a95b0423b860d45267d7d44021b376d7be52042ad2c8,131,1024,1,25,7,3,c04 c07 c09,c00 c04 c06,c05 c06 c09
main|astana_clinic_nobase|nc10|np25|br0.75|one_heavy|ms3|r300|s4,main,astana_clinic_nobase,10,25,0.75,one_heavy,3,300,4,1985,sha256:a4faeb3eb4b0df5abaa9c1aac6a042738ce29722edae48d1d7dac1e1c45428ba,154,1024,1,25,10,3,c00 c03 c09,c04 c06 c09,c00 c02 c07
main|astana_clinic_nobase|nc10|np25|br0.75|one_heavy|ms3|r300|s5,main,astana_clinic_nobase,10,25,0.75,one_heavy,3,300,5,2016,sha256:9686c2e9e5dad093d0c20d4ede0561538a8b7630176edb95d29e61f1020c3a7e,116,1024,1,25,11,3,c02 c05 c08,c04 c05 c08,c03 c05 c08
main|astana_clinic_nobase|nc10|np25|br0.75|one_heavy|ms3|r300|s6,main,astana_clinic_nobase,10,25,0.75,one_heavy,3,300,6,1974,sha256:9191ffef93c56a1df95989cd6d27a6e19273e85f2f3acc706817844452f75e67,137,1024,1,25,17,2,c00 c05 c06,c00 c05 c06,c00 c05 c09
main|astana_clinic_nobase|nc10|np25|br0.75|one_heavy|ms3|r300|s7,main,astana_clinic_nobase,10,25,0.75,one_heavy,3,300,7,1954,sha256:2c251bb0c5736a1b93a145fb2efbcc561dd0d98a5e20600495252bc9ab154e0c,155,1024,1,25,7,2,c00 c04 c06,c00 c03 c04,c00 c04 c06
main|astana_clinic_nobase|nc10|np25|br0.75|one_heavy|ms3|r300|s8,main,astana_clinic_nobase,10,25,0.75,one_heavy,3,300,8,1884,sha256:7e41ba59d82084ebb20cfadc027ead1e8d99b3e17f5e3ee1d002ee495af589ab,162,1024,1,25,10,2,c00 c06 c07,c00 c06 c07,c04 c07 c09
main|astana_clinic_nobase|nc10|np25|br0.75|one_heavy|ms3|r300|s9,main,astana_clinic_nobase,10,25,0.75,one_heavy,3,300,9,1839,sha256:6a4e247a749b5237e6ccd2b93ba12d4460c934188915fad18b30e57d639f60ee,127,1024,1,25,9,1,c00 c01 c05,c00 c01 c05,c00 c01 c05
main|astana_clinic_nobase|nc10|np25|br1.0|uniform|ms3|r300|s0,main,astana_clinic_nobase,10,25,1.0,uniform,3,300,0,2181,sha256:1e1ca01e78eb0a441de7a60c065c8182edbab94af2b9131f7e29925db79749ae,176,1024,0,25,14,2,c01 c03 c05,c01 c03 c05,c05 c07 c09
main|astana_clinic_nobase|nc10|np25|br1.0|uniform|ms3|r300|s1,main,astana_clinic_nobase,10,25,1.0,uniform,3,300,1,2475,sha256:2abf447a414fc1e98ee7c24854874cd8e4a9ea9e5096fd4398789b373dc494aa,176,1024,0,25,11,3,c00 c01 c08,c01 c06 c09,c00 c01 c02
main|astana_clinic_nobase|nc10|np25|br1.0|uniform|ms3|r300|s2,main,astana_clinic_nobase,10,25,1.0,uniform,3,300,2,2789,sha256:9884961c506567e2b1613d730981af13ceb463b0a5abf9460ca45ffab3321d08,176,1024,0,25,5,1,c01 c03 c08,c01 c03 c08,c01 c03 c08
main|astana_clinic_nobase|nc10|np25|br1.0|uniform|ms3|r300|s3,main,astana_clinic_nobase,10,25,1.0,uniform,3,300,3,2059,sha256:11d591f4c892c31cbe639b90235fc5671a3c0a64a23446af56c9b37118715d22,176,1024,0,25,9,2,c04 c06 c07,c04 c06 c07,c05 c07 c09
main|astana_clinic_nobase|nc10|np25|br1.0|uniform|ms3|r300|s4,main,astana_clinic_nobase,10,25,1.0,uniform,3,300,4,2647,sha256:cf8dd4b2f656c23a382583f1b3802049ac1a4b7c339cafcc6d4f159cd8ec1182,176,1024,0,25,7,3,c00 c07 c08,c00 c02 c04,c00 c02 c07
main|astana_clinic_nobase|nc10|np25|br1.0|uniform|ms3|r300|s5,main,astana_clinic_nobase,10,25,1.0,uniform,3,300,5,2688,sha256:78f75209462cdd32a0879e360249d877dae62429b561cb0a56544ec0cb0ade62,176,1024,0,25,10,2,c02 c03 c07,c04 c05 c08,c02 c03 c07
main|astana_clinic_nobase|nc10|np25|br1.0|uniform|ms3|r300|s6,main,astana_clinic_nobase,10,25,1.0,uniform,3,300,6,2633,sha256:99bd09adb0246ec4193ad63440b100a6670a56b8a0b2f990ae3eb1f3afbfa338,176,1024,0,25,11,2,c00 c05 c06,c00 c05 c06,c00 c05 c09
main|astana_clinic_nobase|nc10|np25|br1.0|uniform|ms3|r300|s7,main,astana_clinic_nobase,10,25,1.0,uniform,3,300,7,2606,sha256:7dbf1eb31b85113b2cae56193374bea30ff66e700261dd202eebf8982f5f9093,176,1024,0,25,7,2,c00 c03 c04,c00 c03 c04,c00 c04 c06
main|astana_clinic_nobase|nc10|np25|br1.0|uniform|ms3|r300|s8,main,astana_clinic_nobase,10,25,1.0,uniform,3,300,8,2512,sha256:935d98fc1d82aa819d0f87d5ab1f69f8075f3bd3b5550ac6e95c55591cfe4886,176,1024,0,25,7,2,c00 c06 c07,c00 c06 c07,c00 c04 c09
main|astana_clinic_nobase|nc10|np25|br1.0|uniform|ms3|r300|s9,main,astana_clinic_nobase,10,25,1.0,uniform,3,300,9,2453,sha256:84f1f5cb5221529f575f4bf1958e0cc16d8acd765ac4cdef581777221fbcbd47,176,1024,0,25,13,2,c00 c01 c05,c00 c01 c05,c00 c01 c09
main|astana_clinic_nobase|nc10|np25|br1.0|random_1_100|ms3|r300|s0,main,astana_clinic_nobase,10,25,1.0,random_1_100,3,300,0,2181,sha256:865cfc986fbad72d8356a7cdc46db99a3393cf6dbddba8b2852f610397762461,176,1024,0,25,15,2,c01 c05 c07,c01 c05 c07,c00 c05 c09
main|astana_clinic_nobase|nc10|np25|br1.0|random_1_100|ms3|r300|s1,main,astana_clinic_nobase,10,25,1.0,random_1_100,3,300,1,2475,sha256:fdfac8e8a31faf112d53897dc74f37ddecfba0b1d485e02e87e1a378ab09ad84,176,1024,0,25,9,3,c00 c01 c07,c01 c06 c09,c00 c01 c05
main|astana_clinic_nobase|nc10|np25|br1.0|random_1_100|ms3|r300|s2,main,astana_clinic_nobase,10,25,1.0,random_1_100,3,300,2,2789,sha256:36d731695305471907fa61087cb58cb3146a4a526e6b5530e48b8c0a619508a1,176,1024,0,25,5,1,c01 c03 c08,c01 c03 c08,c01 c03 c08
main|astana_clinic_nobase|nc10|np25|br1.0|random_1_100|ms3|r300|s3,main,astana_clinic_nobase,10,25,1.0,random_1_100,3,300,3,2059,sha256:029bab48da21f03e9eda2b251e66a3accee28876fb57e789fcf9e140d77886a3,176,1024,0,25,9,3,c04 c07 c09,c04 c06 c07,c05 c07 c09
main|astana_clinic_nobase|nc10|np25|br1.0|random_1_100|ms3|r300|s4,main,astana_clinic_nobase,10,25,1.0,random_1_100,3,300,4,2647,sha256:7d3272ea9f941262996fe543e3b733c8fa737ed0a0e26b32535d4fd4a8ed4362,176,1024,0,25,11,3,c00 c08 c09,c00 c04 c08,c00 c06 c07
main|astana_clinic_nobase|nc10|np25|br1.0|random_1_100|ms3|r300|s5,main,astana_clinic_nobase,10,25,1.0,random_1_100,3,300,5,2688,sha256:c3b64188f78b719afe90700bc5daf95b10261794be62484cab967cd5e88cd45e,176,1024,0,25,9,2,c02 c03 c07,c04 c05 c08,c02 c03 c07
main|astana_clinic_nobase|nc10|np25|br1.0|random_1_100|ms3|r300|s6,main,astana_clinic_nobase,10,25,1.0,random_1_100,3,300,6,2633,sha256:91932c2685b4365d593cb927bb4b6ea095ab078392194149980de6a6972ff076,176,1024,0,25,11,2,c00 c05 c06,c00 c05 c06,c00 c05 c09
main|astana_clinic_nobase|nc10|np25|br1.0|random_1_100|ms3|r300|s7,main,astana_clinic_nobase,10,25,1.0,random_1_100,3,300,7,2606,sha256:7bdc6e2628b0f58dc35964953024ad24e607d38ac8120ef5e11f3208c261f9e1,176,1024,0,25,9,3,c00 c06 c09,c00 c03 c04,c00 c06 c08
main|astana_clinic_nobase|nc10|np25|br1.0|random_1_100|ms3|r300|s8,main,astana_clinic_nobase,10,25,1.0,random_1_100,3,300,8,2512,sha256:2dfa3b4a77fc82928ef1a102780aa5e4a9164d1aa9a9ea2eb6aaca5685ca7886,176,1024,0,25,8,2,c00 c06 c07,c00 c06 c07,c04 c08 c09
main|astana_clinic_nobase|nc10|np25|br1.0|random_1_100|ms3|r300|s9,main,astana_clinic_nobase,10,25,1.0,random_1_100,3,300,9,2453,sha256:2b5deab2b1c93d0eb929e2bb9bbe3881d9b27ad71ff912a39a80ad0d8cd37998,176,1024,0,25,12,3,c00 c01 c07,c00 c01 c05,c00 c01 c09
main|astana_clinic_nobase|nc10|np25|br1.0|one_heavy|ms3|r300|s0,main,astana_clinic_nobase,10,25,1.0,one_heavy,3,300,0,2181,sha256:f340c4e0250501dd54db6f5a0fd71d9406e3f30df9065c83773f25b734d7ef7d,176,1024,0,25,17,2,c04 c05 c07,c04 c05 c07,c05 c07 c09
main|astana_clinic_nobase|nc10|np25|br1.0|one_heavy|ms3|r300|s1,main,astana_clinic_nobase,10,25,1.0,one_heavy,3,300,1,2475,sha256:bce3a620e8257a4b3d220d48144bd66a4ee97184b482e162732f2cb421f4995b,176,1024,0,25,9,2,c00 c02 c04,c01 c06 c09,c00 c02 c04
main|astana_clinic_nobase|nc10|np25|br1.0|one_heavy|ms3|r300|s2,main,astana_clinic_nobase,10,25,1.0,one_heavy,3,300,2,2789,sha256:915594f38cc17316da51cd4ee0cb7152d47dfdd2224ea02d9ec621b8ee765b83,176,1024,0,25,8,1,c01 c03 c08,c01 c03 c08,c01 c03 c08
main|astana_clinic_nobase|nc10|np25|br1.0|one_heavy|ms3|r300|s3,main,astana_clinic_nobase,10,25,1.0,one_heavy,3,300,3,2059,sha256:8b056a6749ff4d09ba8d439b2621558a5fbc651203be53eb62882bf3221b3bec,176,1024,0,25,8,2,c04 c06 c07,c04 c06 c07,c05 c07 c09
main|astana_clinic_nobase|nc10|np25|br1.0|one_heavy|ms3|r300|s4,main,astana_clinic_nobase,10,25,1.0,one_heavy,3,300,4,2647,sha256:8c9bd7252a14cbbe035f4893309128a6c15e26ec4b02a8589959be4767505784,176,1024,0,25,11,3,c00 c08 c09,c00 c04 c09,c00 c02 c07
main|astana_clinic_nobase|nc10|np25|br1.0|one_heavy|ms3|r300|s5,main,astana_clinic_nobase,10,25,1.0,one_heavy,3,300,5,2688,sha256:a00b07358548337f8adcc45681dc59f22a8cea2b2a7c2ada01e48acf86848185,176,1024,0,25,13,3,c02 c03 c08,c04 c05 c08,c03 c07 c08
main|astana_clinic_nobase|nc10|np25|br1.0|one_heavy|ms3|r300|s6,main,astana_clinic_nobase,10,25,1.0,one_heavy,3,300,6,2633,sha256:7a0cbe06d60da7932547c78c82d0df5ced0822c44b8b679d1d0f842d274fab6a,176,1024,0,25,17,2,c00 c05 c06,c00 c05 c06,c00 c05 c09
main|astana_clinic_nobase|nc10|np25|br1.0|one_heavy|ms3|r300|s7,main,astana_clinic_nobase,10,25,1.0,one_heavy,3,300,7,2606,sha256:2c206774e28046920af0b59e7940ce573df37246f33472ece8757d389a7e9fc2,176,1024,0,25,7,2,c00 c04 c06,c00 c03 c04,c00 c04 c06
main|astana_clinic_nobase|nc10|np25|br1.0|one_heavy|ms3|r300|s8,main,astana_clinic_nobase,10,25,1.0,one_heavy,3,300,8,2512,sha256:0d9740657bd49a0f7585c5a545a93cd12ee1f254603723398ebf500a7cd3cc86,176,1024,0,25,10,2,c00 c06 c07,c00 c06 c07,c04 c07 c09
main|astana_clinic_nobase|nc10|np25|br1.0|one_heavy|ms3|r300|s9,main,astana_clinic_nobase,10,25,1.0,one_heavy,3,300,9,2453,sha256:0111a9a26f4031aac310a442cf5f27c767ef7f56549052abd12ecc87132ef290,176,1024,0,25,9,2,c00 c01 c05,c00 c01 c05,c00 c01 c09
main|astana_clinic_nobase|nc16|np5|br0.25|uniform|ms3|r300|s0,main,astana_clinic_nobase,16,5,0.25,uniform,3,300,0,545,sha256:3f05122e4d8a8efbb007bd0fbdebf8a5c9c2157257cf8abec64191eae50eb632,136,65536,1,5,7,1,c08 c09 c10,c08 c09 c10,c08 c09 c10
main|astana_clinic_nobase|nc16|np5|br0.25|uniform|ms3|r300|s1,main,astana_clinic_nobase,16,5,0.25,uniform,3,300,1,681,sha256:59bbf6cc799a5af9aa813fcfd05d128e4ed5f0e662f10f7c8918473f30166bdd,13,65536,1,5,3,2,c02 c07,c02 c07,c02 c13
main|astana_clinic_nobase|nc16|np5|br0.25|uniform|ms3|r300|s2,main,astana_clinic_nobase,16,5,0.25,uniform,3,300,2,710,sha256:835b91bca6f443201ac055b445562429a0dd17efdbe3e8b247d5b65bd89ff33b,26,65536,1,5,8,1,c01 c08,c01 c08,c01 c08
main|astana_clinic_nobase|nc16|np5|br0.25|uniform|ms3|r300|s3,main,astana_clinic_nobase,16,5,0.25,uniform,3,300,3,583,sha256:6666c9aef6d2498a88595d02667a11611357eda3de7e9872149a3f662daa5923,33,65536,1,5,4,1,c04 c08,c04 c08,c04 c08
main|astana_clinic_nobase|nc16|np5|br0.25|uniform|ms3|r300|s4,main,astana_clinic_nobase,16,5,0.25,uniform,3,300,4,682,sha256:1fb1d9f0a797a7b410bc2c2ed18a20bc28e2a5ae749587d7b5ddd0cb9648e2f4,47,65536,1,5,5,2,c03 c07,c03 c06 c11,c03 c07
main|astana_clinic_nobase|nc16|np5|br0.25|uniform|ms3|r300|s5,main,astana_clinic_nobase,16,5,0.25,uniform,3,300,5,672,sha256:450f4b3838e2719c883260da825a23281742eb6a0dc6e8749edd99a54f185504,28,65536,1,5,5,1,c03 c12,c03 c12,c03 c12
main|astana_clinic_nobase|nc16|np5|br0.25|uniform|ms3|r300|s6,main,astana_clinic_nobase,16,5,0.25,uniform,3,300,6,658,sha256:8ba971ea1a50a4860d403083ed0fd5d05c7f2a87b6927821690d4cf3cc23a835,57,65536,1,5,6,2,c05 c10 c14,c04 c07 c10,c05 c10 c14
main|astana_clinic_nobase|nc16|np5|br0.25|uniform|ms3|r300|s7,main,astana_clinic_nobase,16,5,0.25,uniform,3,300,7,714,sha256:0943519de6560c949d71be8525792124955c35feb116630fa685df48e0abad9d,42,65536,1,5,5,2,c01 c06 c12,c01 c06 c12,c00 c01 c06
main|astana_clinic_nobase|nc16|np5|br0.25|uniform|ms3|r300|s8,main,astana_clinic_nobase,16,5,0.25,uniform,3,300,8,704,sha256:2f425081520fc0fb9e4c7128d38e5eba657759c1985f6504ddfdc794e5975b19,46,65536,1,5,5,1,c13,c13,c13
main|astana_clinic_nobase|nc16|np5|br0.25|uniform|ms3|r300|s9,main,astana_clinic_nobase,16,5,0.25,uniform,3,300,9,613,sha256:6cd12d321376d6e66cbf809338ee0cd4f6bd2fb7e17536451977409b6c4922c2,18,65536,1,5,6,3,c03 c11,c04 c11,c00
main|astana_clinic_nobase|nc16|np5|br0.25|random_1_100|ms3|r300|s0,main,astana_clinic_nobase,16,5,0.25,random_1_100,3,300,0,545,sha256:0e207eb2b4d2a8c845dfd94efd15e3c1588970f355d665e01cf30641b1720d35,136,65536,1,5,6,2,c08 c09 c10,c08 c09 c10,c07 c09
main|astana_clinic_nobase|nc16|np5|br0.25|random_1_100|ms3|r300|s1,main,astana_clinic_nobase,16,5,0.25,random_1_100,3,300,1,681,sha256:3cb845a4c8cd0843b2fad11ce9383754add529a3c2629d2583e98d4367beaf62,13,65536,1,5,3,2,c02 c07,c02 c07,c00
main|astana_clinic_nobase|nc16|np5|br0.25|random_1_100|ms3|r300|s2,main,astana_clinic_nobase,16,5,0.25,random_1_100,3,300,2,710,sha256:3aa193ed82dae6d5426a64e3a2828795d24a0175c4092eb7cfb3dc2d500d73b3,26,65536,1,5,8,1,c01 c08,c01 c08,c01 c08
main|astana_clinic_nobase|nc16|np5|br0.25|random_1_100|ms3|r300|s3,main,astana_clinic_nobase,16,5,0.25,random_1_100,3,300,3,583,sha256:b3dcde55dc7868be935f0d3ba595e34a7d68fb74725fbabed38d4f65797da519,33,65536,1,5,4,2,c04 c13 c15,c04 c13 c15,c04 c08
main|astana_clinic_nobase|nc16|np5|br0.25|random_1_100|ms3|r300|s4,main,astana_clinic_nobase,16,5,0.25,random_1_100,3,300,4,682,sha256:834430d129c5b5c84379e80cf164d321b681d33bd53a7455b75a9e20fe954c02,47,65536,1,5,8,3,c03 c13,c03 c06 c11,c03 c07
main|astana_clinic_nobase|nc16|np5|br0.25|random_1_100|ms3|r300|s5,main,astana_clinic_nobase,16,5,0.25,random_1_100,3,300,5,672,sha256:c7c39a5f3a64fa56eb4ea340b54945436eb3779acb13a1abc1b73f603e837bf3,28,65536,1,5,5,1,c03 c12,c03 c12,c03 c12
main|astana_clinic_nobase|nc16|np5|br0.25|random_1_100|ms3|r300|s6,main,astana_clinic_nobase,16,5,0.25,random_1_100,3,300,6,658,sha256:53b8eeea777cd6f3ce1591de8468f479abe0675c9371e4f4c387399b5b850ccb,57,65536,1,5,6,2,c05 c10 c14,c04 c07 c10,c05 c10 c14
main|astana_clinic_nobase|nc16|np5|br0.25|random_1_100|ms3|r300|s7,main,astana_clinic_nobase,16,5,0.25,random_1_100,3,300,7,714,sha256:ecf6c279050601cc4c9f8bb64ed8c2173ebb1ff7c3ce867011b6299b83f81909,42,65536,1,5,5,2,c01 c06 c12,c01 c06 c12,c00 c01 c06
main|astana_clinic_nobase|nc16|np5|br0.25|random_1_100|ms3|r300|s8,main,astana_clinic_nobase,16,5,0.25,random_1_100,3,300,8,704,sha256:3a2e1b43ef796e36517c7b8c94ce44d7dc7e8bed6b5bbe19b6a71e5f3e206481,46,65536,1,5,5,1,c13,c13,c13
main|astana_clinic_nobase|nc16|np5|br0.25|random_1_100|ms3|r300|s9,main,astana_clinic_nobase,16,5,0.25,random_1_100,3,300,9,613,sha256:908095d9541e1dcae571a8171b8ab6b1f2457229c78505a70784d50d2844d51c,18,65536,1,5,5,2,c00,c04 c11,c00
main|astana_clinic_nobase|nc16|np5|br0.25|one_heavy|ms3|r300|s0,main,astana_clinic_nobase,16,5,0.25,one_heavy,3,300,0,545,sha256:ea59789360087b2a877eaf10cc827c5e06f37bb12528ebaee9491306a573a6ea,136,65536,1,5,6,1,c08 c09 c10,c08 c09 c10,c08 c09 c10
main|astana_clinic_nobase|nc16|np5|br0.25|one_heavy|ms3|r300|s1,main,astana_clinic_nobase,16,5,0.25,one_heavy,3,300,1,681,sha256:4f2d56ed870653577911d4d74aea5c8065e4cfe8edd126a37fd870f34e0827d2,13,65536,1,5,3,2,c02 c13,c02 c07,c02 c13
main|astana_clinic_nobase|nc16|np5|br0.25|one_heavy|ms3|r300|s2,main,astana_clinic_nobase,16,5,0.25,one_heavy,3,300,2,710,sha256:dc510cba403256c7568f562d7f9df008e0e3ef0a60c437c945866a256e1f3085,26,65536,1,5,5,2,c08 c09,c01 c08,c08 c09
main|astana_clinic_nobase|nc16|np5|br0.25|one_heavy|ms3|r300|s3,main,astana_clinic_nobase,16,5,0.25,one_heavy,3,300,3,583,sha256:01cd2b1adb458ebd5b4c722a0d7069bf2d239227c654678b117fc43fdf43fb62,33,65536,1,5,3,1,c04 c08,c04 c08,c04 c08
main|astana_clinic_nobase|nc16|np5|br0.25|one_heavy|ms3|r300|s4,main,astana_clinic_nobase,16,5,0.25,one_heavy,3,300,4,682,sha256:8880f485930967fb6aa101c721c3b3d96cb83ca81e84065682e96132c0a1f26f,47,65536,1,5,5,3,c06 c08,c03 c06 c11,c03 c07
main|astana_clinic_nobase|nc16|np5|br0.25|one_heavy|ms3|r300|s5,main,astana_clinic_nobase,16,5,0.25,one_heavy,3,300,5,672,sha256:76195ec093a7476680892a40b4fcf19138e1330b915c216df420988f4bd48477,28,65536,1,5,8,2,c11 c12,c03 c12,c11 c12
main|astana_clinic_nobase|nc16|np5|br0.25|one_heavy|ms3|r300|s6,main,astana_clinic_nobase,16,5,0.25,one_heavy,3,300,6,658,sha256:51f8a6184b0b6355ae2abadfe1eef0bec45961a5090547db735de20f16a4c9d8,57,65536,1,5,6,2,c05 c10 c14,c04 c07 c10,c05 c10 c14
main|astana_clinic_nobase|nc16|np5|br0.25|one_heavy|ms3|r300|s7,main,astana_clinic_nobase,16,5,0.25,one_heavy,3,300,7,714,sha256:1027749873bfd5db0dacc5f871568b1fc6073b48967b57b157d1436f663d28ec,42,65536,1,5,6,2,c01 c06 c12,c01 c06 c12,c00 c01 c06
main|astana_clinic_nobase|nc16|np5|br0.25|one_heavy|ms3|r300|s8,main,astana_clinic_nobase,16,5,0.25,one_heavy,3,300,8,704,sha256:ffe5d17398fe96b23d561d547576ed44c257baa10e43144712096173fcb53c5f,46,65536,1,5,7,1,c13,c13,c13
main|astana_clinic_nobase|nc16|np5|br0.25|one_heavy|ms3|r300|s9,main,astana_clinic_nobase,16,5,0.25,one_heavy,3,300,9,613,sha256:a3624f1df3ff689c4c2a8c8c5aeb94ef94e50c975136485fdcd39d3e584d919d,18,65536,1,5,5,3,c03 c11,c04 c11,c00
main|astana_clinic_nobase|nc16|np5|br0.5|uniform|ms3|r300|s0,main,astana_clinic_nobase,16,5,0.5,uniform,3,300,0,1090,sha256:1619cf70918f73cf7337318ba47d12ac78ccbb9acb0ae1a7f6388c9240869efa,484,65536,1,5,8,2,c07 c09 c10,c04 c09 c10,c07 c09 c10
main|astana_clinic_nobase|nc16|np5|br0.5|uniform|ms3|r300|s1,main,astana_clinic_nobase,16,5,0.5,uniform,3,300,1,1362,sha256:0dad7ad79b27a8b6a04e4d1406dec51d84da55fff76d36645516431a77534b71,134,65536,1,5,6,1,c00 c02 c13,c00 c02 c13,c00 c02 c13
main|astana_clinic_nobase|nc16|np5|br0.5|uniform|ms3|r300|s2,main,astana_clinic_nobase,16,5,0.5,uniform,3,300,2,1421,sha256:24dbfacd9c27d7a5fc53f9c807c01acd01c337e73781c10bd09746f15e22c938,224,65536,1,5,13,2,c04 c07 c08,c07 c08 c09,c04 c07 c08
main|astana_clinic_nobase|nc16|np5|br0.5|uniform|ms3|r300|s3,main,astana_clinic_nobase,16,5,0.5,uniform,3,300,3,1166,sha256:c6457f2733b959b5301e77df442ca3518efa9ce24ceeef30f2cd9a1cd79d26bd,296,65536,1,5,6,2,c04 c08 c15,c08 c10,c04 c08 c15
main|astana_clinic_nobase|nc16|np5|br0.5|uniform|ms3|r300|s4,main,astana_clinic_nobase,16,5,0.5,uniform,3,300,4,1365,sha256:2522aaf8ad0f7340d64345b77fe42ab06aa7ff011352698231a3fb3794f28a95,356,65536,1,5,11,2,c03 c07 c15,c07 c08 c13,c03 c07 c15
main|astana_clinic_nobase|nc16|np5|br0.5|uniform|ms3|r300|s5,main,astana_clinic_nobase,16,5,0.5,uniform,3,300,5,1344,sha256:d64eeacb90a42863cb987009ab882c33cf93081d79598d51028b0951dce71bf9,197,65536,1,5,9,2,c04 c12 c14,c04 c12 c14,c08 c12 c14
main|astana_clinic_nobase|nc16|np5|br0.5|uniform|ms3|r300|s6,main,astana_clinic_nobase,16,5,0.5,uniform,3,300,6,1316,sha256:3b7508d7bff7f77006953185cea57a51fd6846951012e77e6d66c9df316f6eba,324,65536,1,5,10,2,c02 c05 c14,c02 c05 c10,c02 c05 c14
main|astana_clinic_nobase|nc16|np5|br0.5|uniform|ms3|r300|s7,main,astana_clinic_nobase,16,5,0.5,uniform,3,300,7,1429,sha256:0578afb3c3d5d3ea449c0c174823b6e419e06847d88bd2befc15ea51155ea494,318,65536,1,5,7,2,c06 c11 c12,c01 c06 c07,c06 c11 c12
main|astana_clinic_nobase|nc16|np5|br0.5|uniform|ms3|r300|s8,main,astana_clinic_nobase,16,5,0.5,uniform,3,300,8,1408,sha256:2c739b87481563e6fbecbc553a594b47aa61aa15feaa23648c8494122fd6b9bc,345,65536,1,5,8,1,c06 c09 c13,c06 c09 c13,c06 c09 c13
main|astana_clinic_nobase|nc16|np5|br0.5|uniform|ms3|r300|s9,main,astana_clinic_nobase,16,5,0.5,uniform,3,300,9,1226,sha256:fb4803dbd7cdc2f1fbd960c21894c9ef3ef55649ad092821560eaa9dfaea7ba6,175,65536,1,5,10,1,c00 c03 c11,c00 c03 c11,c00 c03 c11
main|astana_clinic_nobase|nc16|np5|br0.5|random_1_100|ms3|r300|s0,main,astana_clinic_nobase,16,5,0.5,random_1_100,3,300,0,1090,sha256:e68b23cd84d8b2f3188280b05f517819dd985ec06fd32dd21d0c49f497ce6874,484,65536,1,5,7,2,c07 c09 c10,c04 c09 c10,c07 c09 c10
main|astana_clinic_nobase|nc16|np5|br0.5|random_1_100|ms3|r300|s1,main,astana_clinic_nobase,16,5,0.5,random_1_100,3,300,1,1362,sha256:52d527003463d72a5f3a617b9269cec06a7da6ad74002b195de5e3410160d9e0,134,65536,1,5,5,1,c00 c02 c13,c00 c02 c13,c00 c02 c13
main|astana_clinic_nobase|nc16|np5|br0.5|random_1_100|ms3|r300|s2,main,astana_clinic_nobase,16,5,0.5,random_1_100,3,300,2,1421,sha256:d5c3c4b8393e27167dadc975387db9237a00982d3c52422be11f57ffe3d11fa3,224,65536,1,5,12,2,c07 c08 c09,c07 c08 c09,c08 c11 c14
main|astana_clinic_nobase|nc16|np5|br0.5|random_1_100|ms3|r300|s3,main,astana_clinic_nobase,16,5,0.5,random_1_100,3,300,3,1166,sha256:aec0ea3b49ddd3ba9d941896281c8eb781af959a7299452ccfb35156ab867bc5,296,65536,1,5,6,2,c04 c08 c15,c10 c15,c04 c08 c15
main|astana_clinic_nobase|nc16|np5|br0.5|random_1_100|ms3|r300|s4,main,astana_clinic_nobase,16,5,0.5,random_1_100,3,300,4,1365,sha256:11548059d08d1af43cd5a3c45bd6786a59ee6b6613bc7e666a35035c0a35ffd3,356,65536,1,5,13,2,c03 c07 c15,c07 c08 c13,c03 c07 c15
main|astana_clinic_nobase|nc16|np5|br0.5|random_1_100|ms3|r300|s5,main,astana_clinic_nobase,16,5,0.5,random_1_100,3,300,5,1344,sha256:feec511ce9badba77ab20d8fb8dcd4a50802f60ec7ce63bb1959d2d9db963246,197,65536,1,5,8,2,c04 c12 c14,c04 c12 c14,c08 c12 c14
main|astana_clinic_nobase|nc16|np5|br0.5|random_1_100|ms3|r300|s6,main,astana_clinic_nobase,16,5,0.5,random_1_100,3,300,6,1316,sha256:5c4adc6a22848b96cdb2a2a338e6ae7e38854a788f7854d5817d97aae5170152,324,65536,1,5,12,2,c02 c05 c14,c02 c05 c10,c02 c05 c14
main|astana_clinic_nobase|nc16|np5|br0.5|random_1_100|ms3|r300|s7,main,astana_clinic_nobase,16,5,0.5,random_1_100,3,300,7,1429,sha256:d30156f3e0a207b17146470e49e861717fb6e25bbbaa12d85cf2ed67ba5b309c,318,65536,1,5,7,2,c06 c11 c12,c01 c06 c07,c06 c11 c12
main|astana_clinic_nobase|nc16|np5|br0.5|random_1_100|ms3|r300|s8,main,astana_clinic_nobase,16,5,0.5,random_1_100,3,300,8,1408,sha256:f8f3cf81ca9e8feadeb80ee11d5c748c251e984000f328cb5682a55c835e4310,345,65536,1,5,9,1,c06 c09 c13,c06 c09 c13,c06 c09 c13
main|astana_clinic_nobase|nc16|np5|br0.5|random_1_100|ms3|r300|s9,main,astana_clinic_nobase,16,5,0.5,random_1_100,3,300,9,1226,sha256:e31c134f7db81dee2215d14e20f53c38eadf3c7cce054a3c01e9eb7a47b26c72,175,65536,1,5,9,2,c00 c03 c11,c00 c03 c11,c09 c11
main|astana_clinic_nobase|nc16|np5|br0.5|one_heavy|ms3|r300|s0,main,astana_clinic_nobase,16,5,0.5,one_heavy,3,300,0,1090,sha256:27acf4b7f9cf7ba592c18cc31d2cdc4b5558f47bb2f00a401dcc5edc5a3e4d32,484,65536,1,5,9,2,c04 c09 c10,c04 c09 c10,c07 c09 c10
main|astana_clinic_nobase|nc16|np5|br0.5|one_heavy|ms3|r300|s1,main,astana_clinic_nobase,16,5,0.5,one_heavy,3,300,1,1362,sha256:10d70c14f569c783c8103e9ba5f733da19727fa7f2d52b74e5bffed304bddcbd,134,65536,1,5,8,1,c00 c02 c13,c00 c02 c13,c00 c02 c13
main|astana_clinic_nobase|nc16|np5|br0.5|one_heavy|ms3|r300|s2,main,astana_clinic_nobase,16,5,0.5,one_heavy,3,300,2,1421,sha256:25cd496a1c3180bc25d1e73383ac9f0540b4e54ec778311add15401fc09fd86e,224,65536,1,5,9,2,c03 c08,c07 c08 c09,c03 c08
main|astana_clinic_nobase|nc16|np5|br0.5|one_heavy|ms3|r300|s3,main,astana_clinic_nobase,16,5,0.5,one_heavy,3,300,3,1166,sha256:82971a53de6262e539563c8d23d3ed88e0d2bf54b3ed9093a150c0e9dbd8c260,296,65536,1,5,5,2,c04 c08 c15,c08 c10,c04 c08 c15
main|astana_clinic_nobase|nc16|np5|br0.5|one_heavy|ms3|r300|s4,main,astana_clinic_nobase,16,5,0.5,one_heavy,3,300,4,1365,sha256:7611b66e051da0aa18a99361562002b46f7c01424f21652b5f9e87d31f056aa5,356,65536,1,5,12,3,c06 c09 c10,c07 c08 c13,c03 c07 c15
main|astana_clinic_nobase|nc16|np5|br0.5|one_heavy|ms3|r300|s5,main,astana_clinic_nobase,16,5,0.5,one_heavy,3,300,5,1344,sha256:920ad245a011bf6dd454b905a6cb5fd4ee94b39674bdd77a11411495dd35670b,197,65536,1,5,13,2,c08 c12 c14,c04 c12 c14,c08 c12 c14
main|astana_clinic_nobase|nc16|np5|br0.5|one_heavy|ms3|r300|s6,main,astana_clinic_nobase,16,5,0.5,one_heavy,3,300,6,1316,sha256:520d7b621b992da836ba2ae51d8547799b152f12bbd90ae8c694ad782f766c50,324,65536,1,5,8,2,c02 c05 c10,c02 c05 c10,c02 c05 c14
main|astana_clinic_nobase|nc16|np5|br0.5|one_heavy|ms3|r300|s7,main,astana_clinic_nobase,16,5,0.5,one_heavy,3,300,7,1429,sha256:387fe8a793e41b1d2de38af1fd8f3f8a2b61fe541c2db68ef36fc5fec0b540a8,318,65536,1,5,8,2,c06 c11 c12,c01 c06 c07,c06 c11 c12
main|astana_clinic_nobase|nc16|np5|br0.5|one_heavy|ms3|r300|s8,main,astana_clinic_nobase,16,5,0.5,one_heavy,3,300,8,1408,sha256:37e452a0df028e5afed15b81e003d501d3ac2a18c692e68f92de212939a772a9,345,65536,1,5,10,1,c06 c09 c13,c06 c09 c13,c06 c09 c13
main|astana_clinic_nobase|nc16|np5|br0.5|one_heavy|ms3|r300|s9,main,astana_clinic_nobase,16,5,0.5,one_heavy,3,300,9,1226,sha256:f25b5bddf0bc38815eb2c205c7863772b5f28c25c1aec2f289bdfb81bede520b,175,65536,1,5,8,1,c00 c03 c11,c00 c03 c11,c00 c03 c11
main|astana_clinic_nobase|nc16|np5|br0.75|uniform|ms3|r300|s0,main,astana_clinic_nobase,16,5,0.75,uniform,3,300,0,1635,sha256:1ff9984b1c603053036cd0a61b53c40765cb4fdd82693ff599bc5e03f0a42639,659,65536,1,5,8,2,c07 c09 c10,c04 c09 c10,c07 c09 c10
main|astana_clinic_nobase|nc16|np5|br0.75|uniform|ms3|r300|s1,main,astana_clinic_nobase,16,5,0.75,uniform,3,300,1,2043,sha256:6850ff990bec7bdb8c3efdedea0c00a5c1453498ec6dfeaf19e2808ca17d83ca,542,65536,1,5,6,2,c00 c02 c13,c00 c13 c14,c00 c02 c13
main|astana_clinic_nobase|nc16|np5|br0.75|uniform|ms3|r300|s2,main,astana_clinic_nobase,16,5,0.75,uniform,3,300,2,2132,sha256:3b68354bb9fd7438b3880dd75e447a1b2314cd6168b7c9cd0cad0efef98086dd,571,65536,1,5,15,2,c04 c08 c11,c11 c14 c15,c04 c08 c11
main|astana_clinic_nobase|nc16|np5|br0.75|uniform|ms3|r300|s3,main,astana_clinic_nobase,16,5,0.75,uniform,3,300,3,1749,sha256:b14bcc31f149417d0e64062aa944ee71383a42ca1ca68948382c6b0ed4e3b9cb,628,65536,1,5,7,2,c04 c07 c08,c04 c08 c10,c04 c07 c08
main|astana_clinic_nobase|nc16|np5|br0.75|uniform|ms3|r300|s4,main,astana_clinic_nobase,16,5,0.75,uniform,3,300,4,2047,sha256:8db702caf894453fcddd3e4a8aa7488f2749c3d6a6f8a35bf1591a19193c33e8,646,65536,1,5,12,2,c07 c08 c15,c07 c09 c13,c07 c08 c15
main|astana_clinic_nobase|nc16|np5|br0.75|uniform|ms3|r300|s5,main,astana_clinic_nobase,16,5,0.75,uniform,3,300,5,2016,sha256:cde400f7870145cc885611cacd1ae24d36b6e8c644cd763401815b931e92b80a,529,65536,1,5,10,3,c03 c04 c12,c04 c06 c14,c04 c08 c12
main|astana_clinic_nobase|nc16|np5|br0.75|uniform|ms3|r300|s6,main,astana_clinic_nobase,16,5,0.75,uniform,3,300,6,1974,sha256:f2bedbc78acf5e351eddae5241e387d5d04f6a628e25c9de64bb9eed27971dd9,616,65536,1,5,10,2,c02 c05 c14,c02 c05 c10,c02 c05 c14
main|astana_clinic_nobase|nc16|np5|br0.75|uniform|ms3|r300|s7,main,astana_clinic_nobase,16,5,0.75,uniform,3,300,7,2143,sha256:da358c29c1e735de8b244268b7dc4f0ea4946f441744f3ec1c19b2937f8a40a0,627,65536,1,5,8,1,c06 c07 c11,c06 c07 c11,c06 c07 c11
main|astana_clinic_nobase|nc16|np5|br0.75|uniform|ms3|r300|s8,main,astana_clinic_nobase,16,5,0.75,uniform,3,300,8,2112,sha256:e9f987a1829db61a8a23ca7d83c1ae5e001d02ffab8cedc17c6526f16799ee04,644,65536,1,5,12,1,c09 c11 c13,c09 c11 c13,c09 c11 c13
main|astana_clinic_nobase|nc16|np5|br0.75|uniform|ms3|r300|s9,main,astana_clinic_nobase,16,5,0.75,uniform,3,300,9,1839,sha256:3d54799c71e05ef096502ea699b91b6cc2abacdc655fac427bf3682a82e80d1a,543,65536,1,5,11,2,c00 c11 c12,c00 c11 c12,c00 c09 c11
main|astana_clinic_nobase|nc16|np5|br0.75|random_1_100|ms3|r300|s0,main,astana_clinic_nobase,16,5,0.75,random_1_100,3,300,0,1635,sha256:47517a1dd9388c63be4ccfacc68a0bf09ed0361a7d97c1cd6e196d9757798d7a,659,65536,1,5,7,2,c07 c09 c10,c04 c09 c10,c07 c09 c10
main|astana_clinic_nobase|nc16|np5|br0.75|random_1_100|ms3|r300|s1,main,astana_clinic_nobase,16,5,0.75,random_1_100,3,300,1,2043,sha256:d16da8cfdae6bdaf601a46c031192954b1b7033f726fee2a30d616faeaebb9e8,542,65536,1,5,5,2,c00 c02 c13,c00 c13 c14,c00 c02 c13
main|astana_clinic_nobase|nc16|np5|br0.75|random_1_100|ms3|r300|s2,main,astana_clinic_nobase,16,5,0.75,random_1_100,3,300,2,2132,sha256:7d38634e82734f1971c2c982ea7d92c7d124e9245f166fa2e8a30a607f31dbda,571,65536,1,5,13,3,c08 c09 c11,c11 c14 c15,c04 c08 c11
main|astana_clinic_nobase|nc16|np5|br0.75|random_1_100|ms3|r300|s3,main,astana_clinic_nobase,16,5,0.75,random_1_100,3,300,3,1749,sha256:64433f07bec1afb3ef75512cfd1dc55f5e70e3ab0aa933fb311aa74df5cbf228,628,65536,1,5,7,2,c04 c07 c08,c08 c10 c15,c04 c07 c08
main|astana_clinic_nobase|nc16|np5|br0.75|random_1_100|ms3|r300|s4,main,astana_clinic_nobase,16,5,0.75,random_1_100,3,300,4,2047,sha256:ad7de317ed717a9208d0705cef5dbb3da959b30291930ee80d095e6e753ec6cb,646,65536,1,5,16,3,c03 c09 c15,c07 c09 c13,c07 c08 c15
main|astana_clinic_nobase|nc16|np5|br0.75|random_1_100|ms3|r300|s5,main,astana_clinic_nobase,16,5,0.75,random_1_100,3,300,5,2016,sha256:ff63408fd6d435e0ad030f6490211c0141460350d901f842f31813b0bc01b491,529,65536,1,5,11,2,c04 c08 c12,c04 c06 c14,c04 c08 c12
main|astana_clinic_nobase|nc16|np5|br0.75|random_1_100|ms3|r300|s6,main,astana_clinic_nobase,16,5,0.75,random_1_100,3,300,6,1974,sha256:dfeb74b99338f7bbbbe7e25ccd7e3c1027f4c29fdc170a2a5d9c093ed293b426,616,65536,1,5,12,2,c02 c05 c14,c02 c05 c10,c02 c05 c14
main|astana_clinic_nobase|nc16|np5|br0.75|random_1_100|ms3|r300|s7,main,astana_clinic_nobase,16,5,0.75,random_1_100,3,300,7,2143,sha256:f49b290163b7eefabf36ec43f72446c91f466cafe5fb1bd1e3459f589f133dd4,627,65536,1,5,8,1,c06 c07 c11,c06 c07 c11,c06 c07 c11
main|astana_clinic_nobase|nc16|np5|br0.75|random_1_100|ms3|r300|s8,main,astana_clinic_nobase,16,5,0.75,random_1_100,3,300,8,2112,sha256:e19b3e27760f34126a452989f9fa165f0afc61edec5492723a1ea987c7e19565,644,65536,1,5,12,1,c09 c11 c13,c09 c11 c13,c09 c11 c13
main|astana_clinic_nobase|nc16|np5|br0.75|random_1_100|ms3|r300|s9,main,astana_clinic_nobase,16,5,0.75,random_1_100,3,300,9,1839,sha256:31194569b2d5de7ddc49257375b63c0ef90f6a5ef0c9001d17e07f5fc6db5a49,543,65536,1,5,11,2,c00 c09 c11,c00 c11 c12,c00 c09 c11
main|astana_clinic_nobase|nc16|np5|br0.75|one_heavy|ms3|r300|s0,main,astana_clinic_nobase,16,5,0.75,one_heavy,3,300,0,1635,sha256:3713a01c862b328f216a6a0261528770fb6829e332b2a47b2eb9f773854b92dd,659,65536,1,5,9,2,c04 c09 c10,c04 c09 c10,c07 c09 c10
main|astana_clinic_nobase|nc16|np5|br0.75|one_heavy|ms3|r300|s1,main,astana_clinic_nobase,16,5,0.75,one_heavy,3,300,1,2043,sha256:8bb6339501b992ffc5f292fcf9103c2afe43c0f6638a3da692b8679aaf84393d,542,65536,1,5,8,2,c00 c02 c13,c00 c13 c14,c00 c02 c13
main|astana_clinic_nobase|nc16|np5|br0.75|one_heavy|ms3|r300|s2,main,astana_clinic_nobase,16,5,0.75,one_heavy,3,300,2,2132,sha256:3b4c072fc602f8db9522755fe2361aee80f151b166413152bdf9b26373b6911c,571,65536,1,5,12,3,c01 c03 c08,c11 c14 c15,c03 c04 c08
main|astana_clinic_nobase|nc16|np5|br0.75|one_heavy|ms3|r300|s3,main,astana_clinic_nobase,16,5,0.75,one_heavy,3,300,3,1749,sha256:bdb3ab9ffaa51c855885183498cff61790dad303c59d2e81d1d352c627211baf,628,65536,1,5,6,2,c04 c07 c08,c04 c08 c10,c04 c07 c08
main|astana_clinic_nobase|nc16|np5|br0.75|one_heavy|ms3|r300|s4,main,astana_clinic_nobase,16,5,0.75,one_heavy,3,300,4,2047,sha256:162411110bfc67c8f966b5032ae8c22c771245c5e36fe5c0d9d059d2ce4e00aa,646,65536,1,5,18,2,c07 c09 c13,c07 c09 c13,c07 c08 c15
main|astana_clinic_nobase|nc16|np5|br0.75|one_heavy|ms3|r300|s5,main,astana_clinic_nobase,16,5,0.75,one_heavy,3,300,5,2016,sha256:c497dfec12f788dbfa28a7fc95d730dec1ce751591d65553cd07a2c326c80bd3,529,65536,1,5,15,2,c04 c08 c12,c04 c06 c14,c04 c08 c12
main|astana_clinic_nobase|nc16|np5|br0.75|one_heavy|ms3|r300|s6,main,astana_clinic_nobase,16,5,0.75,one_heavy,3,300,6,1974,sha256:0ade1303e633f0599979b3e2c80b1dd4c029f669b151bf1899d66a4038a1d3e9,616,65536,1,5,8,2,c02 c05 c10,c02 c05 c10,c02 c05 c14
main|astana_clinic_nobase|nc16|np5|br0.75|one_heavy|ms3|r300|s7,main,astana_clinic_nobase,16,5,0.75,one_heavy,3,300,7,2143,sha256:a5aaaa981b75708c3fd593931273260b58aaa79c10908e0f60a95d2440702733,627,65536,1,5,9,1,c06 c07 c11,c06 c07 c11,c06 c07 c11
main|astana_clinic_nobase|nc16|np5|br0.75|one_heavy|ms3|r300|s8,main,astana_clinic_nobase,16,5,0.75,one_heavy,3,300,8,2112,sha256:fb06496ce27e698e2308f1273487510286e02e65d9aba8ad03854a671cfbed87,644,65536,1,5,14,1,c09 c11 c13,c09 c11 c13,c09 c11 c13
main|astana_clinic_nobase|nc16|np5|br0.75|one_heavy|ms3|r300|s9,main,astana_clinic_nobase,16,5,0.75,one_heavy,3,300,9,1839,sha256:53e004f53fe757fded26ee4eb31f1cab513250eedc8e71b1aa6925bc3713897c,543,65536,1,5,9,2,c00 c11 c12,c00 c11 c12,c00 c09 c11
main|astana_clinic_nobase|nc16|np5|br1.0|uniform|ms3|r300|s0,main,astana_clinic_nobase,16,5,1.0,uniform,3,300,0,2181,sha256:52847a1d3debc8054b303b50988cb23f0baa49a7b7f8aff24fde4c9ac1b70f4f,697,65536,0,5,8,2,c07 c09 c10,c04 c09 c10,c07 c09 c10
main|astana_clinic_nobase|nc16|np5|br1.0|uniform|ms3|r300|s1,main,astana_clinic_nobase,16,5,1.0,uniform,3,300,1,2724,sha256:bf1f4fbc37f6a63d3642d4598d36e1794ca116485c70c4c90f08bcf4724bef88,697,65536,0,5,6,2,c00 c02 c13,c00 c13 c14,c00 c02 c13
main|astana_clinic_nobase|nc16|np5|br1.0|uniform|ms3|r300|s2,main,astana_clinic_nobase,16,5,1.0,uniform,3,300,2,2843,sha256:6a0a765a659f568c3a79d167498edcd804471a1e63a5747940a816d61edb7666,697,65536,0,5,15,2,c04 c08 c11,c03 c11 c15,c04 c08 c11
main|astana_clinic_nobase|nc16|np5|br1.0|uniform|ms3|r300|s3,main,astana_clinic_nobase,16,5,1.0,uniform,3,300,3,2333,sha256:983a0b0b43a44de59194d481638ea0b94f31fa5767d335caa5ab4f3f6b9501af,697,65536,0,5,7,2,c04 c07 c08,c04 c07 c10,c04 c07 c08
main|astana_clinic_nobase|nc16|np5|br1.0|uniform|ms3|r300|s4,main,astana_clinic_nobase,16,5,1.0,uniform,3,300,4,2730,sha256:ed000c8b356e86d34aa52befb87a849060b18cc263186acac92324f98318ef53,697,65536,0,5,13,1,c07 c09 c15,c07 c09 c15,c07 c09 c15
main|astana_clinic_nobase|nc16|np5|br1.0|uniform|ms3|r300|s5,main,astana_clinic_nobase,16,5,1.0,uniform,3,300,5,2688,sha256:e11068a419f1130dcd52948b6289ec1a035e203f99db27b938d76065c94cc439,697,65536,0,5,10,3,c03 c04 c12,c03 c04 c06,c02 c04 c08
main|astana_clinic_nobase|nc16|np5|br1.0|uniform|ms3|r300|s6,main,astana_clinic_nobase,16,5,1.0,uniform,3,300,6,2633,sha256:f0df55fecc2528a6f7d31ca6de281917a07bb65d636c450618f458a9f67486f4,697,65536,0,5,10,2,c02 c05 c14,c02 c05 c10,c02 c05 c14
main|astana_clinic_nobase|nc16|np5|br1.0|uniform|ms3|r300|s7,main,astana_clinic_nobase,16,5,1.0,uniform,3,300,7,2858,sha256:ae1fe576ede387102488503ead9afecd336fb4b7cb6f39313689ebefcfd0dcfd,697,65536,0,5,8,1,c06 c07 c11,c06 c07 c11,c06 c07 c11
main|astana_clinic_nobase|nc16|np5|br1.0|uniform|ms3|r300|s8,main,astana_clinic_nobase,16,5,1.0,uniform,3,300,8,2817,sha256:e178c9d4ab3817a03a01f843173db1f4dfd98c4ec51d93f80400403db48349dc,697,65536,0,5,12,1,c09 c11 c13,c09 c11 c13,c09 c11 c13
main|astana_clinic_nobase|nc16|np5|br1.0|uniform|ms3|r300|s9,main,astana_clinic_nobase,16,5,1.0,uniform,3,300,9,2453,sha256:9b344689c7c2c8d51d414f38ea49a446e4eae70e49a04e7af52dbba9d8cfaaf7,697,65536,0,5,11,2,c00 c11 c12,c00 c11 c12,c00 c09 c12
main|astana_clinic_nobase|nc16|np5|br1.0|random_1_100|ms3|r300|s0,main,astana_clinic_nobase,16,5,1.0,random_1_100,3,300,0,2181,sha256:1bb3a18bb1015cc6471f40ac936f030c6afe451ec86ff8e3c971ea708bef22d0,697,65536,0,5,7,2,c07 c09 c10,c04 c09 c10,c07 c09 c10
main|astana_clinic_nobase|nc16|np5|br1.0|random_1_100|ms3|r300|s1,main,astana_clinic_nobase,16,5,1.0,random_1_100,3,300,1,2724,sha256:aae33e47c6d8cc1103a6a8b891cc311e9a651603502fe71b34e308d2bb84ab8e,697,65536,0,5,5,2,c00 c02 c13,c00 c13 c14,c00 c02 c13
main|astana_clinic_nobase|nc16|np5|br1.0|random_1_100|ms3|r300|s2,main,astana_clinic_nobase,16,5,1.0,random_1_100,3,300,2,2843,sha256:778c6a366e2ad27e89ecdca30d2610a3793f331df016f2dffa09887ffa5db07a,697,65536,0,5,13,3,c08 c09 c11,c03 c11 c15,c04 c08 c11
main|astana_clinic_nobase|nc16|np5|br1.0|random_1_100|ms3|r300|s3,main,astana_clinic_nobase,16,5,1.0,random_1_100,3,300,3,2333,sha256:29507ade48b34dfaa84c04d414f366352a97b18988fdeb740717ec26a675ee8e,697,65536,0,5,7,2,c04 c07 c08,c04 c07 c10,c04 c07 c08
main|astana_clinic_nobase|nc16|np5|br1.0|random_1_100|ms3|r300|s4,main,astana_clinic_nobase,16,5,1.0,random_1_100,3,300,4,2730,sha256:9df49863f15c9576f20b8e5ea79bd951bbb14f7b2563acabe8ad62dd20eafb49,697,65536,0,5,18,2,c02 c09 c15,c07 c09 c15,c07 c09 c15
main|astana_clinic_nobase|nc16|np5|br1.0|random_1_100|ms3|r300|s5,main,astana_clinic_nobase,16,5,1.0,random_1_100,3,300,5,2688,sha256:4e8c8011983e5f0728a53a063b999d9d324288ce3359c992a9e5e8c70bbb0693,697,65536,0,5,12,2,c02 c04 c08,c03 c04 c06,c02 c04 c08
main|astana_clinic_nobase|nc16|np5|br1.0|random_1_100|ms3|r300|s6,main,astana_clinic_nobase,16,5,1.0,random_1_100,3,300,6,2633,sha256:9a657b12071365a11deaacdd0698b3bc193bb8f16ed2ac9eeafa9ade8592dec2,697,65536,0,5,12,2,c02 c05 c14,c02 c05 c10,c02 c05 c14
main|astana_clinic_nobase|nc16|np5|br1.0|random_1_100|ms3|r300|s7,main,astana_clinic_nobase,16,5,1.0,random_1_100,3,300,7,2858,sha256:2b18c8d2bae85bee2f9d784c552c87ba1122d79c4f86beca901005c5da46db17,697,65536,0,5,8,1,c06 c07 c11,c06 c07 c11,c06 c07 c11
main|astana_clinic_nobase|nc16|np5|br1.0|random_1_100|ms3|r300|s8,main,astana_clinic_nobase,16,5,1.0,random_1_100,3,300,8,2817,sha256:ea0fed4f55318d0024770ed23ab0e5e07aabc22cfa460a2fbcdf2ba03f3ac9cd,697,65536,0,5,12,1,c09 c11 c13,c09 c11 c13,c09 c11 c13
main|astana_clinic_nobase|nc16|np5|br1.0|random_1_100|ms3|r300|s9,main,astana_clinic_nobase,16,5,1.0,random_1_100,3,300,9,2453,sha256:98ab1fdac26021e65870d5bb61b6c756a9a4070cb1d875fdfb8ab23955f3de8a,697,65536,0,5,11,2,c00 c09 c11,c00 c11 c12,c00 c09 c11
main|astana_clinic_nobase|nc16|np5|br1.0|one_heavy|ms3|r300|s0,main,astana_clinic_nobase,16,5,1.0,one_heavy,3,300,0,2181,sha256:2cfb93820be84f2306815fa70468c11a344214035508f01980d2daba21af0cec,697,65536,0,5,9,2,c04 c09 c10,c04 c09 c10,c07 c09 c10
main|astana_clinic_nobase|nc16|np5|br1.0|one_heavy|ms3|r300|s1,main,astana_clinic_nobase,16,5,1.0,one_heavy,3,300,1,2724,sha256:725a72bb19975c623742719e240e0ccf463124e7e2d65d108b6fac772271dc59,697,65536,0,5,8,2,c00 c02 c13,c00 c13 c14,c00 c02 c13
main|astana_clinic_nobase|nc16|np5|br1.0|one_heavy|ms3|r300|s2,main,astana_clinic_nobase,16,5,1.0,one_heavy,3,300,2,2843,sha256:7b0c1e9b146035fd75dc776ddba64ae28a6832967b54b19b98775f5cd5d9d98b,697,65536,0,5,14,2,c03 c11 c15,c03 c11 c15,c03 c04 c11
main|astana_clinic_nobase|nc16|np5|br1.0|one_heavy|ms3|r300|s3,main,astana_clinic_nobase,16,5,1.0,one_heavy,3,300,3,2333,sha256:d59f97037c7c1ab0ae0d50071aaa20a24294387e6e94f4e4a0825270f3349701,697,65536,0,5,6,2,c04 c07 c08,c04 c07 c10,c04 c07 c08
main|astana_clinic_nobase|nc16|np5|br1.0|one_heavy|ms3|r300|s4,main,astana_clinic_nobase,16,5,1.0,one_heavy,3,300,4,2730,sha256:7587f305512bef16c11b9dbfe1aba4339e68412be7195231c937c0a70326052d,697,65536,0,5,19,1,c07 c09 c15,c07 c09 c15,c07 c09 c15
main|astana_clinic_nobase|nc16|np5|br1.0|one_heavy|ms3|r300|s5,main,astana_clinic_nobase,16,5,1.0,one_heavy,3,300,5,2688,sha256:7934e8ccf68f2a77615a0724848307899ea3a6aade05997e0cc0ffd7acc4cb73,697,65536,0,5,16,2,c02 c04 c08,c03 c04 c06,c02 c04 c08
main|astana_clinic_nobase|nc16|np5|br1.0|one_heavy|ms3|r300|s6,main,astana_clinic_nobase,16,5,1.0,one_heavy,3,300,6,2633,sha256:c0c5eb53ef150f1c932d765bdda99f60eea52b7ceea2c32f3b24f2397eac483a,697,65536,0,5,8,2,c02 c05 c10,c02 c05 c10,c02 c05 c14
main|astana_clinic_nobase|nc16|np5|br1.0|one_heavy|ms3|r300|s7,main,astana_clinic_nobase,16,5,1.0,one_heavy,3,300,7,2858,sha256:906fd1e606120b67e034a7731a925fe83b0d36a68b42e5384e6b01964f8a073f,697,65536,0,5,9,1,c06 c07 c11,c06 c07 c11,c06 c07 c11
main|astana_clinic_nobase|nc16|np5|br1.0|one_heavy|ms3|r300|s8,main,astana_clinic_nobase,16,5,1.0,one_heavy,3,300,8,2817,sha256:d662dc078c81cecfc569811c23181e8f301aa4bfe4ab159edaa8b747c2c52876,697,65536,0,5,14,1,c09 c11 c13,c09 c11 c13,c09 c11 c13
main|astana_clinic_nobase|nc16|np5|br1.0|one_heavy|ms3|r300|s9,main,astana_clinic_nobase,16,5,1.0,one_heavy,3,300,9,2453,sha256:81b371665d025195091e9a38341a0d673a6b27f16566c65f3f853e2a7c08a703,697,65536,0,5,9,2,c00 c11 c12,c00 c11 c12,c00 c09 c11
main|astana_clinic_nobase|nc16|np15|br0.25|uniform|ms3|r300|s0,main,astana_clinic_nobase,16,15,0.25,uniform,3,300,0,545,sha256:d36e4ce477fa7a1017aeaeb99ff1fc653af3461aef38a896e22b4ec36d8f64fa,136,65536,1,15,4,2,c09 c10 c15,c06 c09 c10,c09 c10 c15
main|astana_clinic_nobase|nc16|np15|br0.25|uniform|ms3|r300|s1,main,astana_clinic_nobase,16,15,0.25,uniform,3,300,1,681,sha256:d4426b775e1844823e00b5c2b89e780ce179375e28a94dd656ebc008687fc90a,13,65536,1,15,4,2,c02 c07,c00,c02 c07
main|astana_clinic_nobase|nc16|np15|br0.25|uniform|ms3|r300|s2,main,astana_clinic_nobase,16,15,0.25,uniform,3,300,2,710,sha256:9dbb684cc10f88634805af061c73a3b50b0b59327eb0858d42fe6f7ad5d82498,26,65536,1,15,9,2,c01 c08,c01 c09,c01 c08
main|astana_clinic_nobase|nc16|np15|br0.25|uniform|ms3|r300|s3,main,astana_clinic_nobase,16,15,0.25,uniform,3,300,3,583,sha256:c09d95414741f4d06e09d8e80158fb8e50f42d37c395a6dba210a53943cdb8bc,33,65536,1,15,8,2,c04 c13 c15,c04 c13 c15,c08 c12
main|astana_clinic_nobase|nc16|np15|br0.25|uniform|ms3|r300|s4,main,astana_clinic_nobase,16,15,0.25,uniform,3,300,4,682,sha256:4a9cc7d27c4e0cd9633af592458443ca951acb824893a30f379c0b1d296f30ec,47,65536,1,15,7,2,c03 c06 c11,c03 c06 c11,c07 c13
main|astana_clinic_nobase|nc16|np15|br0.25|uniform|ms3|r300|s5,main,astana_clinic_nobase,16,15,0.25,uniform,3,300,5,672,sha256:0931e37167bd3555f026f461c50f45991a4ac82057f21f2b22d8b3c195591ed4,28,65536,1,15,4,2,c01 c12 c14,c01 c12 c14,c03 c12
main|astana_clinic_nobase|nc16|np15|br0.25|uniform|ms3|r300|s6,main,astana_clinic_nobase,16,15,0.25,uniform,3,300,6,658,sha256:a29f09693e922ab5ca97f37ce99df7d33730c7ed2f0e3c4120abd6d003b8e5d6,57,65536,1,15,9,3,c05 c10 c15,c04 c07 c10,c05 c10 c14
main|astana_clinic_nobase|nc16|np15|br0.25|uniform|ms3|r300|s7,main,astana_clinic_nobase,16,15,0.25,uniform,3,300,7,714,sha256:726210c05617c7c986f9c56994d591e47dca4428bb03da72f6732734315a7b02,42,65536,1,15,10,1,c00 c04 c06,c00 c04 c06,c00 c04 c06
main|astana_clinic_nobase|nc16|np15|br0.25|uniform|ms3|r300|s8,main,astana_clinic_nobase,16,15,0.25,uniform,3,300,8,704,sha256:6c9dca77f297d3401376344800db0acc11fa71d65e092427fcf0b804a63cf5b7,46,65536,1,15,8,2,c06 c14,c00 c04 c09,c00 c04 c09
main|astana_clinic_nobase|nc16|np15|br0.25|uniform|ms3|r300|s9,main,astana_clinic_nobase,16,15,0.25,uniform,3,300,9,613,sha256:46353af8f2f5b21188b4b5972a1c69de7ba670a58af81c6ad8d77de6a41b5c84,18,65536,1,15,5,2,c03 c11,c04 c11,c03 c11
main|astana_clinic_nobase|nc16|np15|br0.25|random_1_100|ms3|r300|s0,main,astana_clinic_nobase,16,15,0.25,random_1_100,3,300,0,545,sha256:a1b1c6d22fbd4ce47268bf17e4020006335f0dcd94517eea80f688eb571a2d14,136,65536,1,15,6,2,c09 c10 c15,c06 c09 c10,c09 c10 c15
main|astana_clinic_nobase|nc16|np15|br0.25|random_1_100|ms3|r300|s1,main,astana_clinic_nobase,16,15,0.25,random_1_100,3,300,1,681,sha256:2bea982e6dd90887d365cdb01d0a5558bf4443e16872a80f28bf8c3545527ef6,13,65536,1,15,5,2,c02 c07,c00,c00
main|astana_clinic_nobase|nc16|np15|br0.25|random_1_100|ms3|r300|s2,main,astana_clinic_nobase,16,15,0.25,random_1_100,3,300,2,710,sha256:2320c72fedd3d50ee758bd66c43a61d5ac6b56b6640fe7d6cd07dbb7a416db4b,26,65536,1,15,8,2,c01 c09,c01 c09,c08 c09
main|astana_clinic_nobase|nc16|np15|br0.25|random_1_100|ms3|r300|s3,main,astana_clinic_nobase,16,15,0.25,random_1_100,3,300,3,583,sha256:ef1d497d36c0f02c5b7155182b99f928d59a92defa05731c0cf346e74846191a,33,65536,1,15,6,2,c04 c13 c15,c04 c13 c15,c09
main|astana_clinic_nobase|nc16|np15|br0.25|random_1_100|ms3|r300|s4,main,astana_clinic_nobase,16,15,0.25,random_1_100,3,300,4,682,sha256:d1d689421a0f725d3be9fc31ec5cbcf0b207b1304e30c60985bfb07a1de8e347,47,65536,1,15,7,3,c03 c13,c03 c06 c11,c07 c13
main|astana_clinic_nobase|nc16|np15|br0.25|random_1_100|ms3|r300|s5,main,astana_clinic_nobase,16,15,0.25,random_1_100,3,300,5,672,sha256:5d9ea44d0cd78460915fd09707ebcf15bd76e73b73c392f7ef9921a54692c1cf,28,65536,1,15,5,2,c01 c12 c14,c01 c12 c14,c03 c12
main|astana_clinic_nobase|nc16|np15|br0.25|random_1_100|ms3|r300|s6,main,astana_clinic_nobase,16,15,0.25,random_1_100,3,300,6,658,sha256:7cf5a21a48b0af9923547fe63380cca642e5d44ff09fdeab241e82a74e9d3e7b,57,65536,1,15,9,3,c05 c10 c15,c04 c07 c10,c05 c10 c14
main|astana_clinic_nobase|nc16|np15|br0.25|random_1_100|ms3|r300|s7,main,astana_clinic_nobase,16,15,0.25,random_1_100,3,300,7,714,sha256:afc5bddae9e627dba7deb0146ef0eba93e131f6183cf9a9ee646a6c25aa7ad0e,42,65536,1,15,11,1,c00 c04 c06,c00 c04 c06,c00 c04 c06
main|astana_clinic_nobase|nc16|np15|br0.25|random_1_100|ms3|r300|s8,main,astana_clinic_nobase,16,15,0.25,random_1_100,3,300,8,704,sha256:a167ed9a0e8e77e06385b7e909e7ba843f47d83317745e96d21a07624cf53ee3,46,65536,1,15,7,2,c06 c14,c00 c04 c09,c00 c04 c09
main|astana_clinic_nobase|nc16|np15|br0.25|random_1_100|ms3|r300|s9,main,astana_clinic_nobase,16,15,0.25,random_1_100,3,300,9,613,sha256:3ea5cee9442ecaf490c8b7886c75bb92e43e2819a2ce9a4b313940efce5afb1a,18,65536,1,15,4,1,c04 c11,c04 c11,c04 c11
main|astana_clinic_nobase|nc16|np15|br0.25|one_heavy|ms3|r300|s0,main,astana_clinic_nobase,16,15,0.25,one_heavy,3,300,0,545,sha256:e179bbac4bdac16466a029dc60e42fdd9f5040d3c9b17cee365761684a907674,136,65536,1,15,8,3,c08 c10 c15,c06 c08 c10,c09 c10 c15
main|astana_clinic_nobase|nc16|np15|br0.25|one_heavy|ms3|r300|s1,main,astana_clinic_nobase,16,15,0.25,one_heavy,3,300,1,681,sha256:8f307d7b8c7a61bdf2951a679b706e380a582a7d3f550436e4187cfb6543aecc,13,65536,1,15,3,2,c02 c13,c00,c02 c13
main|astana_clinic_nobase|nc16|np15|br0.25|one_heavy|ms3|r300|s2,main,astana_clinic_nobase,16,15,0.25,one_heavy,3,300,2,710,sha256:abd53596d398d143e3598bfedde885ba701adbfccf5b9975d123c1872b496393,26,65536,1,15,7,2,c08 c09,c01 c09,c08 c09
main|astana_clinic_nobase|nc16|np15|br0.25|one_heavy|ms3|r300|s3,main,astana_clinic_nobase,16,15,0.25,one_heavy,3,300,3,583,sha256:3d782ba71895b0f72adc972db1fa9474222c9eb3e142d2cd2abf6df2de616c83,33,65536,1,15,4,2,c04 c13 c15,c04 c13 c15,c08 c12
main|astana_clinic_nobase|nc16|np15|br0.25|one_heavy|ms3|r300|s4,main,astana_clinic_nobase,16,15,0.25,one_heavy,3,300,4,682,sha256:ab6418b5dd3af99a52a28dc23bb99a15c5d2c602196b8d4ede6a0636d8305732,47,65536,1,15,5,3,c06 c08,c03 c06 c11,c07 c13
main|astana_clinic_nobase|nc16|np15|br0.25|one_heavy|ms3|r300|s5,main,astana_clinic_nobase,16,15,0.25,one_heavy,3,300,5,672,sha256:277abcbbf1ea901ecdd57a9a04d4f091c5273b222a5ab9f8dfdad8fc175e5b77,28,65536,1,15,8,3,c11 c14,c01 c12 c14,c03 c12
main|astana_clinic_nobase|nc16|np15|br0.25|one_heavy|ms3|r300|s6,main,astana_clinic_nobase,16,15,0.25,one_heavy,3,300,6,658,sha256:fa56161201830262a3ed53bb4d641de8a6400e0f84e2c4c1f1cfabb58956f986,57,65536,1,15,9,3,c05 c10 c15,c04 c07 c10,c05 c10 c14
main|astana_clinic_nobase|nc16|np15|br0.25|one_heavy|ms3|r300|s7,main,astana_clinic_nobase,16,15,0.25,one_heavy,3,300,7,714,sha256:bd85570c9b11d90156fab71d44a9f3257e2804bbc428b9266880b807866c4ac9,42,65536,1,15,10,1,c00 c04 c06,c00 c04 c06,c00 c04 c06
main|astana_clinic_nobase|nc16|np15|br0.25|one_heavy|ms3|r300|s8,main,astana_clinic_nobase,16,15,0.25,one_heavy,3,300,8,704,sha256:4cda16840499d8af9048504a5f9dbb7030536782a51884829477667b113afa76,46,65536,1,15,7,2,c13,c00 c04 c09,c00 c04 c09
main|astana_clinic_nobase|nc16|np15|br0.25|one_heavy|ms3|r300|s9,main,astana_clinic_nobase,16,15,0.25,one_heavy,3,300,9,613,sha256:c0ba2c09de2e8f9788747f6b5b71c1ba6bedc4a4e002aae861431b310e53d0e6,18,65536,1,15,5,2,c03 c11,c04 c11,c03 c11
main|astana_clinic_nobase|nc16|np15|br0.5|uniform|ms3|r300|s0,main,astana_clinic_nobase,16,15,0.5,uniform,3,300,0,1090,sha256:a88f298a27b6e58e54d7490c93af56462e377240aea623e7697534c415287c4c,484,65536,1,15,4,2,c09 c10 c15,c06 c09 c10,c09 c10 c15
main|astana_clinic_nobase|nc16|np15|br0.5|uniform|ms3|r300|s1,main,astana_clinic_nobase,16,15,0.5,uniform,3,300,1,1362,sha256:9a3b0b20d96f86638fca20cf685152da415323a6cea30290688775b0d2712dca,134,65536,1,15,8,2,c00 c02 c07,c02 c07 c10,c00 c02 c07
main|astana_clinic_nobase|nc16|np15|br0.5|uniform|ms3|r300|s2,main,astana_clinic_nobase,16,15,0.5,uniform,3,300,2,1421,sha256:6e5a10bce81f8be25f7a98201317ab6a99628ae813cffe0198123026a30693b2,224,65536,1,15,12,2,c01 c08 c14,c01 c08 c14,c04 c08 c09
main|astana_clinic_nobase|nc16|np15|br0.5|uniform|ms3|r300|s3,main,astana_clinic_nobase,16,15,0.5,uniform,3,300,3,1166,sha256:5431cac097726e14605acc190df84753e456a90d04861b15a82b0ba5fdbf41c1,296,65536,1,15,12,3,c04 c09 c12,c02 c04 c12,c08 c09 c12
main|astana_clinic_nobase|nc16|np15|br0.5|uniform|ms3|r300|s4,main,astana_clinic_nobase,16,15,0.5,uniform,3,300,4,1365,sha256:00cb554a2c52458ec0ee4593d280c10c767086154d1b9492fc18467a5e0210e1,356,65536,1,15,12,3,c00 c08 c13,c02 c06 c13,c03 c07 c15
main|astana_clinic_nobase|nc16|np15|br0.5|uniform|ms3|r300|s5,main,astana_clinic_nobase,16,15,0.5,uniform,3,300,5,1344,sha256:43972171bd5195b1fffda8ecd64f94e82053fa2d051f7595e512759b65b80e54,197,65536,1,15,6,2,c07 c12 c14,c01 c04 c14,c07 c12 c14
main|astana_clinic_nobase|nc16|np15|br0.5|uniform|ms3|r300|s6,main,astana_clinic_nobase,16,15,0.5,uniform,3,300,6,1316,sha256:8ad20b79489310744574778f9a75c6ef800a6a503ec0b6cdd9b0de31cee978fa,324,65536,1,15,13,3,c00 c05 c10,c02 c05 c15,c00 c05 c14
main|astana_clinic_nobase|nc16|np15|br0.5|uniform|ms3|r300|s7,main,astana_clinic_nobase,16,15,0.5,uniform,3,300,7,1429,sha256:7a47c7fd50ff8c67e8189104a5c86740056e32f9933b2cc74500d7cc711a42ed,318,65536,1,15,11,3,c01 c04 c08,c00 c06 c15,c00 c04 c08
main|astana_clinic_nobase|nc16|np15|br0.5|uniform|ms3|r300|s8,main,astana_clinic_nobase,16,15,0.5,uniform,3,300,8,1408,sha256:f050413eaf0815ccac53bdb6d31e09f93b188a0843c2db637d2559d5ac6a66a2,345,65536,1,15,13,3,c00 c04 c11,c00 c12 c13,c02 c09 c12
main|astana_clinic_nobase|nc16|np15|br0.5|uniform|ms3|r300|s9,main,astana_clinic_nobase,16,15,0.5,uniform,3,300,9,1226,sha256:0e1100e1901a2580e355e13a38d5759ada0fc86598f50070f6299524de088c77,175,65536,1,15,11,2,c00 c11 c15,c01 c04 c15,c00 c11 c15
main|astana_clinic_nobase|nc16|np15|br0.5|random_1_100|ms3|r300|s0,main,astana_clinic_nobase,16,15,0.5,random_1_100,3,300,0,1090,sha256:4171ba5e4704b582f5e3cb1602784579acdf13b7c76cd1f64c5644fe21471894,484,65536,1,15,6,2,c09 c10 c15,c06 c09 c10,c09 c10 c15
main|astana_clinic_nobase|nc16|np15|br0.5|random_1_100|ms3|r300|s1,main,astana_clinic_nobase,16,15,0.5,random_1_100,3,300,1,1362,sha256:640ec2e68e9e5043ea2dea9c37e53ea420aedbdacb7d5a8b994c4d3b03f00e17,134,65536,1,15,10,3,c00 c02 c07,c02 c07 c10,c00 c01 c02
main|astana_clinic_nobase|nc16|np15|br0.5|random_1_100|ms3|r300|s2,main,astana_clinic_nobase,16,15,0.5,random_1_100,3,300,2,1421,sha256:364bff81403896c2778b4a2bf43b458b98e49f52375733aea0814cbcbb6f284c,224,65536,1,15,12,3,c01 c08 c09,c01 c08 c14,c04 c08 c09
main|astana_clinic_nobase|nc16|np15|br0.5|random_1_100|ms3|r300|s3,main,astana_clinic_nobase,16,15,0.5,random_1_100,3,300,3,1166,sha256:3e89d94a934523602a848deaa840f8f81ca6cb71e1ebca19379af9712f52976b,296,65536,1,15,8,3,c04 c09 c15,c02 c04 c15,c05 c09 c15
main|astana_clinic_nobase|nc16|np15|br0.5|random_1_100|ms3|r300|s4,main,astana_clinic_nobase,16,15,0.5,random_1_100,3,300,4,1365,sha256:eec8178be5e5effdbccdb9033156668123c25cadc4f7fa1ef0a44a1b868371fc,356,65536,1,15,12,3,c06 c08 c15,c02 c06 c13,c01 c15
main|astana_clinic_nobase|nc16|np15|br0.5|random_1_100|ms3|r300|s5,main,astana_clinic_nobase,16,15,0.5,random_1_100,3,300,5,1344,sha256:8cd3bf4942bd62d58d0b537933aa34718bdac2efaccee3ea487b0342add03958,197,65536,1,15,7,2,c07 c12 c14,c01 c04 c14,c07 c12 c14
main|astana_clinic_nobase|nc16|np15|br0.5|random_1_100|ms3|r300|s6,main,astana_clinic_nobase,16,15,0.5,random_1_100,3,300,6,1316,sha256:e7678389c776b4f5864a4227696090af81402bc368b17b26a4669bd2701d0616,324,65536,1,15,15,3,c00 c05 c10,c02 c05 c15,c00 c05 c14
main|astana_clinic_nobase|nc16|np15|br0.5|random_1_100|ms3|r300|s7,main,astana_clinic_nobase,16,15,0.5,random_1_100,3,300,7,1429,sha256:85ccd6c92a22c5d3a5103ae965fd4a5c2b2c81e716fc307093eb62b4d2a2b888,318,65536,1,15,12,2,c00 c06 c15,c00 c06 c15,c00 c04 c08
main|astana_clinic_nobase|nc16|np15|br0.5|random_1_100|ms3|r300|s8,main,astana_clinic_nobase,16,15,0.5,random_1_100,3,300,8,1408,sha256:cc8345ea302ad0c97c8b273288285b5ed121b7974323854013fe7040165d8e37,345,65536,1,15,13,2,c09 c11,c00 c12 c13,c09 c11
main|astana_clinic_nobase|nc16|np15|br0.5|random_1_100|ms3|r300|s9,main,astana_clinic_nobase,16,15,0.5,random_1_100,3,300,9,1226,sha256:e9ddc6ec9974515272163095041a0e4b98e0ad3a16386621002bb021d7b70f3e,175,65536,1,15,10,3,c00 c11 c15,c01 c04 c15,c09 c11
main|astana_clinic_nobase|nc16|np15|br0.5|one_heavy|ms3|r300|s0,main,astana_clinic_nobase,16,15,0.5,one_heavy,3,300,0,1090,sha256:3ca1b18d295c4367d5f6546c4bfd0c9dd243497abc5b64c1828c6fd3e39b108d,484,65536,1,15,12,3,c04 c10 c15,c06 c08 c10,c09 c10 c15
main|astana_clinic_nobase|nc16|np15|br0.5|one_heavy|ms3|r300|s1,main,astana_clinic_nobase,16,15,0.5,one_heavy,3,300,1,1362,sha256:9d55025ae1c2630f94e81d546f63ca51d65fa3e11f9fb9447315d268840d8054,134,65536,1,15,7,2,c00 c02 c13,c02 c07 c10,c00 c02 c13
main|astana_clinic_nobase|nc16|np15|br0.5|one_heavy|ms3|r300|s2,main,astana_clinic_nobase,16,15,0.5,one_heavy,3,300,2,1421,sha256:ffd00a3fc809a4db603c84810ce220cd3ed902080390ad448e49499bfc883117,224,65536,1,15,14,2,c03 c08 c13,c01 c08 c14,c03 c08 c13
main|astana_clinic_nobase|nc16|np15|br0.5|one_heavy|ms3|r300|s3,main,astana_clinic_nobase,16,15,0.5,one_heavy,3,300,3,1166,sha256:74428b5a9763c7287c728feff3b11db36312a90497ba397eec9d6614243ed6f7,296,65536,1,15,8,3,c04 c09 c12,c02 c04 c12,c08 c09 c12
main|astana_clinic_nobase|nc16|np15|br0.5|one_heavy|ms3|r300|s4,main,astana_clinic_nobase,16,15,0.5,one_heavy,3,300,4,1365,sha256:efa4d5cf0bb27dca95b3c0307b14b96ed737930f5abfe701df89f186d3f700a7,356,65536,1,15,15,3,c03 c06 c09,c02 c06 c13,c03 c07 c15
main|astana_clinic_nobase|nc16|np15|br0.5|one_heavy|ms3|r300|s5,main,astana_clinic_nobase,16,15,0.5,one_heavy,3,300,5,1344,sha256:59dafec7b5e1392a0b1a7982ee1c54ff28f0bfe2374f41f675dcd9523f232462,197,65536,1,15,14,2,c08 c12 c14,c01 c04 c14,c08 c12 c14
main|astana_clinic_nobase|nc16|np15|br0.5|one_heavy|ms3|r300|s6,main,astana_clinic_nobase,16,15,0.5,one_heavy,3,300,6,1316,sha256:135ad352f9c44c8d374778feced2c05fd73ea3408c5ca9e5bbb69b6dc6ea46b6,324,65536,1,15,13,3,c00 c05 c10,c02 c05 c15,c00 c05 c14
main|astana_clinic_nobase|nc16|np15|br0.5|one_heavy|ms3|r300|s7,main,astana_clinic_nobase,16,15,0.5,one_heavy,3,300,7,1429,sha256:cad8da672ed044373f688498952e94021c87c187f8b97abee23c523b2d9f53ce,318,65536,1,15,10,2,c00 c04 c06,c00 c06 c15,c00 c04 c06
main|astana_clinic_nobase|nc16|np15|br0.5|one_heavy|ms3|r300|s8,main,astana_clinic_nobase,16,15,0.5,one_heavy,3,300,8,1408,sha256:f54cb7d239b52f8828bcfdc98689441ee85b89785bc5f4de66bd7858207bb941,345,65536,1,15,15,3,c06 c12 c13,c00 c12 c13,c02 c09 c12
main|astana_clinic_nobase|nc16|np15|br0.5|one_heavy|ms3|r300|s9,main,astana_clinic_nobase,16,15,0.5,one_heavy,3,300,9,1226,sha256:907dfbc54446ad7fa6cf35de0962bd17b4dbdbd42a280a98e1909b833c4d1a19,175,65536,1,15,11,2,c00 c11 c15,c01 c04 c15,c00 c11 c15
main|astana_clinic_nobase|nc16|np15|br0.75|uniform|ms3|r300|s0,main,astana_clinic_nobase,16,15,0.75,uniform,3,300,0,1635,sha256:e3995d5836c4f39f50a868682e117e8b9cd8ce39f2173b3633128a0a6595fb83,659,65536,1,15,4,2,c09 c10 c15,c06 c09 c10,c09 c10 c15
main|astana_clinic_nobase|nc16|np15|br0.75|uniform|ms3|r300|s1,main,astana_clinic_nobase,16,15,0.75,uniform,3,300,1,2043,sha256:d1215ff777cae3539f941ad882f01c040e2eb1ff3316c76980cc6640e3b39e12,542,65536,1,15,9,3,c00 c01 c07,c01 c06 c07,c00 c02 c07
main|astana_clinic_nobase|nc16|np15|br0.75|uniform|ms3|r300|s2,main,astana_clinic_nobase,16,15,0.75,uniform,3,300,2,2132,sha256:ea2f444b507f0d69e0f15eb968bbc195eb80aab4dd6809446d2c5db427bbba60,571,65536,1,15,13,3,c01 c03 c08,c01 c08 c14,c03 c04 c08
main|astana_clinic_nobase|nc16|np15|br0.75|uniform|ms3|r300|s3,main,astana_clinic_nobase,16,15,0.75,uniform,3,300,3,1749,sha256:fe2f5322e892ee7a351140f88d42e1343b390f2032c590052e0995d629157db2,628,65536,1,15,16,2,c09 c10 c12,c08 c10 c12,c09 c10 c12
main|astana_clinic_nobase|nc16|np15|br0.75|uniform|ms3|r300|s4,main,astana_clinic_nobase,16,15,0.75,uniform,3,300,4,2047,sha256:537abcc0fbca5da96248af5fada2d69b7c02400c5549434ad767e000ff260a3d,646,65536,1,15,14,3,c00 c08 c15,c00 c09 c11,c00 c02 c15
main|astana_clinic_nobase|nc16|np15|br0.75|uniform|ms3|r300|s5,main,astana_clinic_nobase,16,15,0.75,uniform,3,300,5,2016,sha256:a59fa802a620f4964efc13258261eb0fe1e0a904fce117d00a0f861d18d3033c,529,65536,1,15,7,2,c03 c07 c12,c04 c11 c13,c03 c07 c12
main|astana_clinic_nobase|nc16|np15|br0.75|uniform|ms3|r300|s6,main,astana_clinic_nobase,16,15,0.75,uniform,3,300,6,1974,sha256:fe39fa38678028928b7ff36449d3fd27b64f21fd141593da9c3cb3c8cc01d185,616,65536,1,15,15,2,c00 c05 c06,c00 c05 c06,c00 c05 c14
main|astana_clinic_nobase|nc16|np15|br0.75|uniform|ms3|r300|s7,main,astana_clinic_nobase,16,15,0.75,uniform,3,300,7,2143,sha256:5252f112327b043868676da65d645d6ff4be66e48ebfab7fb27c665807e3a73c,627,65536,1,15,11,3,c01 c04 c08,c03 c08 c14,c04 c08 c11
main|astana_clinic_nobase|nc16|np15|br0.75|uniform|ms3|r300|s8,main,astana_clinic_nobase,16,15,0.75,uniform,3,300,8,2112,sha256:31d7745de8575aa4b08ec469de30ae97fb1096dbdfe4d91d7ce27e8731bab9f8,644,65536,1,15,18,2,c05 c11 c14,c05 c11 c14,c09 c11 c12
main|astana_clinic_nobase|nc16|np15|br0.75|uniform|ms3|r300|s9,main,astana_clinic_nobase,16,15,0.75,uniform,3,300,9,1839,sha256:a63c8c54834268e7b2b35b0e3c25190461c7636e93923b4b31a0b13768edb9a7,543,65536,1,15,13,3,c00 c11 c12,c00 c01 c12,c00 c01 c11
main|astana_clinic_nobase|nc16|np15|br0.75|random_1_100|ms3|r300|s0,main,astana_clinic_nobase,16,15,0.75,random_1_100,3,300,0,1635,sha256:b448a838123c3715307953ca0a59bc2005610759c85be03717fd885ca793e1ee,659,65536,1,15,6,3,c09 c10 c15,c06 c09 c10,c00 c09 c15
main|astana_clinic_nobase|nc16|np15|br0.75|random_1_100|ms3|r300|s1,main,astana_clinic_nobase,16,15,0.75,random_1_100,3,300,1,2043,sha256:fba3803ba707b5ae9cdd50ce7831ca9472c6848e515abf06cc0a139c778e89c5,542,65536,1,15,13,2,c00 c01 c05,c01 c06 c07,c00 c01 c05
main|astana_clinic_nobase|nc16|np15|br0.75|random_1_100|ms3|r300|s2,main,astana_clinic_nobase,16,15,0.75,random_1_100,3,300,2,2132,sha256:6c312d4e70bc2c6414876d6f788cca4a75788570ff63ee5abc85c979e031aeb7,571,65536,1,15,13,3,c01 c03 c08,c01 c08 c14,c04 c08 c09
main|astana_clinic_nobase|nc16|np15|br0.75|random_1_100|ms3|r300|s3,main,astana_clinic_nobase,16,15,0.75,random_1_100,3,300,3,1749,sha256:6714776088e025411c4b27ec4252c2ce0155d67cb7b6e2b92ed8bd0d7f56f098,628,65536,1,15,9,3,c09 c10 c15,c08 c10 c15,c09 c10 c12
main|astana_clinic_nobase|nc16|np15|br0.75|random_1_100|ms3|r300|s4,main,astana_clinic_nobase,16,15,0.75,random_1_100,3,300,4,2047,sha256:d1bf5824cf67a404e0309017e119b6686ec047d5b44e1755b47c86ab59dc92d4,646,65536,1,15,15,3,c00 c08 c15,c00 c09 c11,c00 c01 c15
main|astana_clinic_nobase|nc16|np15|br0.75|random_1_100|ms3|r300|s5,main,astana_clinic_nobase,16,15,0.75,random_1_100,3,300,5,2016,sha256:27f99141178e96d41b6e114792eb9058ea1f492e4b3f4c699d21451dacd4f7c3,529,65536,1,15,9,2,c02 c07 c14,c04 c11 c13,c02 c07 c14
main|astana_clinic_nobase|nc16|np15|br0.75|random_1_100|ms3|r300|s6,main,astana_clinic_nobase,16,15,0.75,random_1_100,3,300,6,1974,sha256:af10422b03dc0ea2c3de70018ae7c9d55858c2c2c7ecd539da6f2f98b2930ac7,616,65536,1,15,19,2,c00 c05 c06,c00 c05 c06,c00 c05 c14
main|astana_clinic_nobase|nc16|np15|br0.75|random_1_100|ms3|r300|s7,main,astana_clinic_nobase,16,15,0.75,random_1_100,3,300,7,2143,sha256:99d0bcf601cadd621ba8986ed616fc49da8779537eebc56890374b1cc057e937,627,65536,1,15,12,3,c00 c06 c15,c03 c08 c14,c04 c08 c11
main|astana_clinic_nobase|nc16|np15|br0.75|random_1_100|ms3|r300|s8,main,astana_clinic_nobase,16,15,0.75,random_1_100,3,300,8,2112,sha256:cd26efac4575e47d7e0099f4479b95a2213c54df016c775308a4a06d19af4987,644,65536,1,15,25,3,c09 c11 c12,c05 c11 c14,c09 c11 c13
main|astana_clinic_nobase|nc16|np15|br0.75|random_1_100|ms3|r300|s9,main,astana_clinic_nobase,16,15,0.75,random_1_100,3,300,9,1839,sha256:64982822c82a2cb439123314132bfa264cf587139cebd9063311bcaf9a556cf1,543,65536,1,15,11,3,c00 c11 c14,c00 c01 c12,c00 c09 c11
main|astana_clinic_nobase|nc16|np15|br0.75|one_heavy|ms3|r300|s0,main,astana_clinic_nobase,16,15,0.75,one_heavy,3,300,0,1635,sha256:ba475ae7fc791bf13f1765c93c872bcb585be0b576840a31435b87bb3625c7de,659,65536,1,15,12,3,c04 c10 c15,c06 c08 c10,c09 c10 c15
main|astana_clinic_nobase|nc16|np15|br0.75|one_heavy|ms3|r300|s1,main,astana_clinic_nobase,16,15,0.75,one_heavy,3,300,1,2043,sha256:14b37fcb5977fede857fa159721ec9a61153fe71b1dcc8ce610579d04afffc61,542,65536,1,15,7,2,c00 c02 c13,c06 c13 c15,c00 c02 c13
main|astana_clinic_nobase|nc16|np15|br0.75|one_heavy|ms3|r300|s2,main,astana_clinic_nobase,16,15,0.75,one_heavy,3,300,2,2132,sha256:72905a17b27fb6324ae86ebb40a64b54b864beccd43277078ab8a4a91049eac7,571,65536,1,15,16,3,c01 c03 c08,c01 c08 c14,c03 c04 c08
main|astana_clinic_nobase|nc16|np15|br0.75|one_heavy|ms3|r300|s3,main,astana_clinic_nobase,16,15,0.75,one_heavy,3,300,3,1749,sha256:d73071a7ddaa6c1ec471087456ba1cf43689b5f8e86697329d59651716b3241a,628,65536,1,15,8,3,c04 c09 c12,c08 c10 c12,c05 c09 c12
main|astana_clinic_nobase|nc16|np15|br0.75|one_heavy|ms3|r300|s4,main,astana_clinic_nobase,16,15,0.75,one_heavy,3,300,4,2047,sha256:43bbdbe905548af85e43f6c73b29a5a85b10f956d73c887553f9188c46553e4e,646,65536,1,15,21,3,c00 c09 c13,c00 c09 c11,c00 c02 c15
main|astana_clinic_nobase|nc16|np15|br0.75|one_heavy|ms3|r300|s5,main,astana_clinic_nobase,16,15,0.75,one_heavy,3,300,5,2016,sha256:2703f3f060d0e6970809ff5f25d35e254d3e48a2be78e7103fec545450a70226,529,65536,1,15,15,3,c03 c08 c12,c04 c11 c13,c07 c08 c14
main|astana_clinic_nobase|nc16|np15|br0.75|one_heavy|ms3|r300|s6,main,astana_clinic_nobase,16,15,0.75,one_heavy,3,300,6,1974,sha256:36020ca12e94803d622d960999397035031b2ecbfa6f7ad54456c153592059dd,616,65536,1,15,13,3,c00 c05 c10,c00 c05 c06,c00 c05 c14
main|astana_clinic_nobase|nc16|np15|br0.75|one_heavy|ms3|r300|s7,main,astana_clinic_nobase,16,15,0.75,one_heavy,3,300,7,2143,sha256:3c05d581f18944d3c8ff79f21d93874f338a2b4763b7869f3699540a379c42b7,627,65536,1,15,11,2,c06 c08 c11,c03 c08 c14,c06 c08 c11
main|astana_clinic_nobase|nc16|np15|br0.75|one_heavy|ms3|r300|s8,main,astana_clinic_nobase,16,15,0.75,one_heavy,3,300,8,2112,sha256:52fc4d3d62aaa6690a75d019685373998360cec4ccf8b7137e2a1e58df68aa24,644,65536,1,15,18,3,c05 c12 c13,c05 c11 c14,c09 c11 c12
main|astana_clinic_nobase|nc16|np15|br0.75|one_heavy|ms3|r300|s9,main,astana_clinic_nobase,16,15,0.75,one_heavy,3,300,9,1839,sha256:b93983f06a05821b144bd5545780844bee2ed5c0eca0352ad2e22d47831fa6f8,543,65536,1,15,13,3,c00 c11 c12,c00 c01 c12,c00 c01 c11
main|astana_clinic_nobase|nc16|np15|br1.0|uniform|ms3|r300|s0,main,astana_clinic_nobase,16,15,1.0,uniform,3,300,0,2181,sha256:69c9275257084a8146ac8788d8de7e77c8a091494defa088e6d3861149a90d80,697,65536,0,15,4,2,c09 c10 c15,c06 c09 c10,c09 c10 c15
main|astana_clinic_nobase|nc16|np15|br1.0|uniform|ms3|r300|s1,main,astana_clinic_nobase,16,15,1.0,uniform,3,300,1,2724,sha256:938876ea4d1d1ed6282a9a867544f90e7c39a3853c59ff87c1489a03f8b4b525,697,65536,0,15,9,3,c00 c01 c07,c01 c06 c07,c00 c02 c07
main|astana_clinic_nobase|nc16|np15|br1.0|uniform|ms3|r300|s2,main,astana_clinic_nobase,16,15,1.0,uniform,3,300,2,2843,sha256:bc0cefad98f5bb1c5c3745e480079c2d2cca46b04e4d8790f909cf98e9dd5ada,697,65536,0,15,13,3,c01 c03 c08,c01 c08 c14,c03 c04 c08
main|astana_clinic_nobase|nc16|np15|br1.0|uniform|ms3|r300|s3,main,astana_clinic_nobase,16,15,1.0,uniform,3,300,3,2333,sha256:08b5e3a463705330e4e684b1d3704f83396b901ff9e9eebc6bd51d7b2f1e2aad,697,65536,0,15,16,2,c09 c10 c12,c08 c10 c12,c09 c10 c12
main|astana_clinic_nobase|nc16|np15|br1.0|uniform|ms3|r300|s4,main,astana_clinic_nobase,16,15,1.0,uniform,3,300,4,2730,sha256:ebef35b1481d1257b3c5db9a4243e8b7f45c69575d898cde2ffe3b9f98d62aef,697,65536,0,15,14,3,c00 c08 c15,c00 c09 c14,c00 c02 c15
main|astana_clinic_nobase|nc16|np15|br1.0|uniform|ms3|r300|s5,main,astana_clinic_nobase,16,15,1.0,uniform,3,300,5,2688,sha256:56e02facb15234362be98ff1420d96b0297f221cb40496c6354fdae604cd75ea,697,65536,0,15,8,2,c02 c03 c07,c04 c08 c13,c02 c03 c07
main|astana_clinic_nobase|nc16|np15|br1.0|uniform|ms3|r300|s6,main,astana_clinic_nobase,16,15,1.0,uniform,3,300,6,2633,sha256:f98eaf7331d1e862c269729b3a3caede34e40ae3e30c24ec1c10d3bbaaa07f67,697,65536,0,15,15,2,c00 c05 c06,c00 c05 c06,c00 c05 c14
main|astana_clinic_nobase|nc16|np15|br1.0|uniform|ms3|r300|s7,main,astana_clinic_nobase,16,15,1.0,uniform,3,300,7,2858,sha256:1545e3cfeb7594a9a929199c195835c6f51b4d25372a80350e2fb76fb90c2716,697,65536,0,15,11,3,c01 c04 c08,c03 c08 c14,c04 c08 c11
main|astana_clinic_nobase|nc16|np15|br1.0|uniform|ms3|r300|s8,main,astana_clinic_nobase,16,15,1.0,uniform,3,300,8,2817,sha256:3f3fb23ba252118c30c606043f188438e1bcd6642604862a04229a363776ce61,697,65536,0,15,20,3,c05 c11 c12,c05 c10 c11,c09 c11 c12
main|astana_clinic_nobase|nc16|np15|br1.0|uniform|ms3|r300|s9,main,astana_clinic_nobase,16,15,1.0,uniform,3,300,9,2453,sha256:c94d31d6d95b2cbeb9d0a2dc6205c936eefeee8150dea5ace532bbe6608fcd13,697,65536,0,15,13,3,c00 c11 c12,c00 c01 c12,c00 c01 c11
main|astana_clinic_nobase|nc16|np15|br1.0|random_1_100|ms3|r300|s0,main,astana_clinic_nobase,16,15,1.0,random_1_100,3,300,0,2181,sha256:139831a1cdf040108debfb08685f77da2120144fd4e3a4bb3e390c7797d9451d,697,65536,0,15,6,3,c09 c10 c15,c06 c09 c10,c00 c09 c15
main|astana_clinic_nobase|nc16|np15|br1.0|random_1_100|ms3|r300|s1,main,astana_clinic_nobase,16,15,1.0,random_1_100,3,300,1,2724,sha256:8084c2721b174f85ea8acdc0454eb90553b0ac7c6d11f46a5ff072243d67723c,697,65536,0,15,13,2,c00 c01 c05,c01 c06 c07,c00 c01 c05
main|astana_clinic_nobase|nc16|np15|br1.0|random_1_100|ms3|r300|s2,main,astana_clinic_nobase,16,15,1.0,random_1_100,3,300,2,2843,sha256:763130c838f01aba50643a780d49eb644fa8152f97c3743b744688a0e4896f59,697,65536,0,15,13,3,c01 c03 c08,c01 c08 c14,c04 c08 c09
main|astana_clinic_nobase|nc16|np15|br1.0|random_1_100|ms3|r300|s3,main,astana_clinic_nobase,16,15,1.0,random_1_100,3,300,3,2333,sha256:f07477e3787e91a39f04b8082af81042824f64f7213bf933f0b5bf55a6756ee6,697,65536,0,15,9,3,c09 c10 c15,c08 c10 c15,c09 c10 c12
main|astana_clinic_nobase|nc16|np15|br1.0|random_1_100|ms3|r300|s4,main,astana_clinic_nobase,16,15,1.0,random_1_100,3,300,4,2730,sha256:3b0dfef5a3cf61a52cb15c16a5df348cfc5863277e040a830cb2cc49abb23069,697,65536,0,15,16,3,c00 c09 c15,c00 c09 c14,c00 c01 c15
main|astana_clinic_nobase|nc16|np15|br1.0|random_1_100|ms3|r300|s5,main,astana_clinic_nobase,16,15,1.0,random_1_100,3,300,5,2688,sha256:4c0ade2031d3a7362aa347572035a998750d4e06990b5ef8d2f82ae6416394c7,697,65536,0,15,10,2,c02 c03 c07,c04 c08 c13,c02 c03 c07
main|astana_clinic_nobase|nc16|np15|br1.0|random_1_100|ms3|r300|s6,main,astana_clinic_nobase,16,15,1.0,random_1_100,3,300,6,2633,sha256:56dbb0613e15bf25ba2a7a2d8cfc29b4493c4a638937f7bed5ba9c3bb66a4fd6,697,65536,0,15,19,2,c00 c05 c06,c00 c05 c06,c00 c05 c14
main|astana_clinic_nobase|nc16|np15|br1.0|random_1_100|ms3|r300|s7,main,astana_clinic_nobase,16,15,1.0,random_1_100,3,300,7,2858,sha256:1e19fdfdde653efecefa047f12d5e41aa315bdae192e57c5c6824468fdb33c5c,697,65536,0,15,12,3,c00 c06 c15,c03 c08 c14,c04 c08 c11
main|astana_clinic_nobase|nc16|np15|br1.0|random_1_100|ms3|r300|s8,main,astana_clinic_nobase,16,15,1.0,random_1_100,3,300,8,2817,sha256:868bc5bbb67dedb4414865b1878f202b3aac88dfb3ba694d9c9cfc6d55cad870,697,65536,0,15,27,3,c05 c11 c12,c05 c10 c11,c09 c11 c13
main|astana_clinic_nobase|nc16|np15|br1.0|random_1_100|ms3|r300|s9,main,astana_clinic_nobase,16,15,1.0,random_1_100,3,300,9,2453,sha256:f7e4439d148f5b7ff7dd0c663f9eb83e5e0e8721047d2b422020c5526de3e794,697,65536,0,15,11,3,c00 c11 c14,c00 c01 c12,c00 c09 c11
main|astana_clinic_nobase|nc16|np15|br1.0|one_heavy|ms3|r300|s0,main,astana_clinic_nobase,16,15,1.0,one_heavy,3,300,0,2181,sha256:64ebf59fa54ce829f8e4bf4b1e4d856a4f95418d257b4503a1c0bbb6ebfb2a0c,697,65536,0,15,12,3,c04 c10 c15,c06 c08 c10,c09 c10 c15
main|astana_clinic_nobase|nc16|np15|br1.0|one_heavy|ms3|r300|s1,main,astana_clinic_nobase,16,15,1.0,one_heavy,3,300,1,2724,sha256:ca40441bbe97a441438c8051e62f7b33696c89b37eb3040086a89c4ce52aa09e,697,65536,0,15,7,2,c00 c02 c13,c06 c13 c15,c00 c02 c13
main|astana_clinic_nobase|nc16|np15|br1.0|one_heavy|ms3|r300|s2,main,astana_clinic_nobase,16,15,1.0,one_heavy,3,300,2,2843,sha256:d93401727c2db5fdac89881f9c37d33e88d765b251d5dff19c77c9e58140ef51,697,65536,0,15,16,3,c01 c03 c08,c01 c08 c14,c03 c04 c08
main|astana_clinic_nobase|nc16|np15|br1.0|one_heavy|ms3|r300|s3,main,astana_clinic_nobase,16,15,1.0,one_heavy,3,300,3,2333,sha256:44ac069e74a44eb542f23351b6383dbcf5d70746d97231056fddf6e1ac99b189,697,65536,0,15,8,3,c04 c09 c12,c08 c10 c12,c05 c09 c12
main|astana_clinic_nobase|nc16|np15|br1.0|one_heavy|ms3|r300|s4,main,astana_clinic_nobase,16,15,1.0,one_heavy,3,300,4,2730,sha256:119444c9009f985426e4f6ee7136e031596658f357bf00028555eadce3b8116c,697,65536,0,15,22,3,c00 c09 c15,c00 c09 c14,c00 c02 c15
main|astana_clinic_nobase|nc16|np15|br1.0|one_heavy|ms3|r300|s5,main,astana_clinic_nobase,16,15,1.0,one_heavy,3,300,5,2688,sha256:f0ea557c46c1c2b4723c3c17e73b734c1e9e4d7d569c82fd30548dc4d6717a08,697,65536,0,15,16,3,c02 c03 c08,c04 c08 c13,c03 c07 c08
main|astana_clinic_nobase|nc16|np15|br1.0|one_heavy|ms3|r300|s6,main,astana_clinic_nobase,16,15,1.0,one_heavy,3,300,6,2633,sha256:02e0ad4be497c717590159007e288fb1b2d662ed646483e60d2d5afcbd83f3d8,697,65536,0,15,13,3,c00 c05 c10,c00 c05 c06,c00 c05 c14
main|astana_clinic_nobase|nc16|np15|br1.0|one_heavy|ms3|r300|s7,main,astana_clinic_nobase,16,15,1.0,one_heavy,3,300,7,2858,sha256:ccf7ab2de952ad887020730016ad28f6368d4dc95e58e96d3efe1d375133dbc4,697,65536,0,15,11,2,c06 c08 c11,c03 c08 c14,c06 c08 c11
main|astana_clinic_nobase|nc16|np15|br1.0|one_heavy|ms3|r300|s8,main,astana_clinic_nobase,16,15,1.0,one_heavy,3,300,8,2817,sha256:bee650084770fcaed9e6fb92b1030f760b45e4c7435793d880257fefb545fd8c,697,65536,0,15,19,3,c05 c11 c13,c05 c10 c11,c09 c11 c12
main|astana_clinic_nobase|nc16|np15|br1.0|one_heavy|ms3|r300|s9,main,astana_clinic_nobase,16,15,1.0,one_heavy,3,300,9,2453,sha256:c238411409b950dbb50b4e1cabe53f9dd05601c2154f5971b238c8a6c4a911c4,697,65536,0,15,13,3,c00 c11 c12,c00 c01 c12,c00 c01 c11
main|astana_clinic_nobase|nc16|np25|br0.25|uniform|ms3|r300|s0,main,astana_clinic_nobase,16,25,0.25,uniform,3,300,0,545,sha256:f5a8d7567c2f4fc8d9c009755b81c2b8f6706d574a2cd6554c42c0a927be2504,136,65536,1,25,6,2,c06 c09 c10,c06 c09 c10,c09 c10 c15
main|astana_clinic_nobase|nc16|np25|br0.25|uniform|ms3|r300|s1,main,astana_clinic_nobase,16,25,0.25,uniform,3,300,1,681,sha256:904ede5157e326bfd291522cbeee399b9020edd28c160af82b5f6147d628ab6c,13,65536,1,25,5,2,c02 c07,c00,c02 c07
main|astana_clinic_nobase|nc16|np25|br0.25|uniform|ms3|r300|s2,main,astana_clinic_nobase,16,25,0.25,uniform,3,300,2,710,sha256:674105506bf57d0c432b543465f1c528e0dbb4f329eb49be86f00be65db410a2,26,65536,1,25,8,3,c08 c09,c01 c09,c01 c08
main|astana_clinic_nobase|nc16|np25|br0.25|uniform|ms3|r300|s3,main,astana_clinic_nobase,16,25,0.25,uniform,3,300,3,583,sha256:d90d6a7ad5b820b649af01a0790bd67104fe80f67e2c8e63cfd878df4187cc4d,33,65536,1,25,6,2,c04 c13 c15,c04 c13 c15,c12 c13
main|astana_clinic_nobase|nc16|np25|br0.25|uniform|ms3|r300|s4,main,astana_clinic_nobase,16,25,0.25,uniform,3,300,4,682,sha256:7c271b7249b94c4e3b3ab42f91011a55e287c476ecb3544d597bdfa8fed53bc8,47,65536,1,25,5,3,c03 c06 c10,c06 c10 c12,c03 c06 c07
main|astana_clinic_nobase|nc16|np25|br0.25|uniform|ms3|r300|s5,main,astana_clinic_nobase,16,25,0.25,uniform,3,300,5,672,sha256:6c1b521144e53884d5581a550a1c4dabfa47ea4f49383af8d038fea270f3b4bc,28,65536,1,25,4,1,c01 c12 c14,c01 c12 c14,c01 c12 c14
main|astana_clinic_nobase|nc16|np25|br0.25|uniform|ms3|r300|s6,main,astana_clinic_nobase,16,25,0.25,uniform,3,300,6,658,sha256:cd9ba3789f42ad2332a43e021dcb83bace0e66c53180228d6ef132bf2096587e,57,65536,1,25,9,3,c00 c07 c10,c04 c07 c10,c05 c10 c14
main|astana_clinic_nobase|nc16|np25|br0.25|uniform|ms3|r300|s7,main,astana_clinic_nobase,16,25,0.25,uniform,3,300,7,714,sha256:1dd7fdd50c3970e0bae0c662e24a471f8d4218d808d20010e042750c5f22f292,42,65536,1,25,8,2,c00 c04 c06,c00 c04 c12,c00 c04 c06
main|astana_clinic_nobase|nc16|np25|br0.25|uniform|ms3|r300|s8,main,astana_clinic_nobase,16,25,0.25,uniform,3,300,8,704,sha256:4b2c6f69c624f3b1a6dfa91faa338ed50bc9f00ffd1930f1e53c5f9928912dce,46,65536,1,25,6,3,c00 c04 c06,c06 c14,c00 c04 c09
main|astana_clinic_nobase|nc16|np25|br0.25|uniform|ms3|r300|s9,main,astana_clinic_nobase,16,25,0.25,uniform,3,300,9,613,sha256:e84d227df7affb8f89311966a1c0c33ca844c9306858da1cdcfa28724495609c,18,65536,1,25,5,3,c03 c11,c04 c11,c00
main|astana_clinic_nobase|nc16|np25|br0.25|random_1_100|ms3|r300|s0,main,astana_clinic_nobase,16,25,0.25,random_1_100,3,300,0,545,sha256:fead4f53aa02468182cee89f11e211aa5ab140cb12be65283e377fb677d7d658,136,65536,1,25,5,2,c09 c10 c15,c06 c09 c10,c09 c10 c15
main|astana_clinic_nobase|nc16|np25|br0.25|random_1_100|ms3|r300|s1,main,astana_clinic_nobase,16,25,0.25,random_1_100,3,300,1,681,sha256:a9f0985fd6a948ec94993b3d4f0ed342c8b8c3d61c3f3ead199835f48192aee8,13,65536,1,25,4,2,c02 c07,c00,c00
main|astana_clinic_nobase|nc16|np25|br0.25|random_1_100|ms3|r300|s2,main,astana_clinic_nobase,16,25,0.25,random_1_100,3,300,2,710,sha256:4793daaf8be562eab5b1547383a6802583327494170c53855f2fec7d612c43f8,26,65536,1,25,7,3,c08 c09,c01 c09,c01 c08
main|astana_clinic_nobase|nc16|np25|br0.25|random_1_100|ms3|r300|s3,main,astana_clinic_nobase,16,25,0.25,random_1_100,3,300,3,583,sha256:896affb51fb446e17a3b9bb72b0fbadbe167a21691c0fa6a81ac3754fa434500,33,65536,1,25,6,2,c04 c13 c15,c04 c13 c15,c09
main|astana_clinic_nobase|nc16|np25|br0.25|random_1_100|ms3|r300|s4,main,astana_clinic_nobase,16,25,0.25,random_1_100,3,300,4,682,sha256:9aff11c8af94d70ce63c0c78b234d3b03cdc07e488d2126b52cbc3079207a40d,47,65536,1,25,6,3,c03 c06 c10,c06 c10 c12,c00
main|astana_clinic_nobase|nc16|np25|br0.25|random_1_100|ms3|r300|s5,main,astana_clinic_nobase,16,25,0.25,random_1_100,3,300,5,672,sha256:a853e4f3ead2499a4742888f4eb4badadef8f9696f5c4a3e81ebce6a5eb414cb,28,65536,1,25,4,1,c01 c12 c14,c01 c12 c14,c01 c12 c14
main|astana_clinic_nobase|nc16|np25|br0.25|random_1_100|ms3|r300|s6,main,astana_clinic_nobase,16,25,0.25,random_1_100,3,300,6,658,sha256:d216dbe4fccf4613959e6f878f08e38f320e2e922434e8353d538d5124e5af96,57,65536,1,25,8,3,c05 c10 c15,c04 c07 c10,c05 c10 c14
main|astana_clinic_nobase|nc16|np25|br0.25|random_1_100|ms3|r300|s7,main,astana_clinic_nobase,16,25,0.25,random_1_100,3,300,7,714,sha256:b7da67c31c09ec5c8692e09f05e1b425912b23ca421ae1347bfd2ae0f36a46dc,42,65536,1,25,12,2,c00 c04 c06,c00 c04 c12,c00 c04 c06
main|astana_clinic_nobase|nc16|np25|br0.25|random_1_100|ms3|r300|s8,main,astana_clinic_nobase,16,25,0.25,random_1_100,3,300,8,704,sha256:f185cdc3c9ddd49695a98e9b811303fd5f836607044687920cd13652858bd8cb,46,65536,1,25,7,3,c00 c06 c09,c06 c14,c00 c04 c09
main|astana_clinic_nobase|nc16|np25|br0.25|random_1_100|ms3|r300|s9,main,astana_clinic_nobase,16,25,0.25,random_1_100,3,300,9,613,sha256:0e508192cf276f883017ea81e62af935b260c869e3929fae139dbcbcc7b067f3,18,65536,1,25,4,1,c04 c11,c04 c11,c04 c11
main|astana_clinic_nobase|nc16|np25|br0.25|one_heavy|ms3|r300|s0,main,astana_clinic_nobase,16,25,0.25,one_heavy,3,300,0,545,sha256:cf9a58a568102b65e3c5f50826e0a643cbb164c48ffe7136a1885e8f44181ad2,136,65536,1,25,9,2,c06 c08 c10,c06 c08 c10,c09 c10 c15
main|astana_clinic_nobase|nc16|np25|br0.25|one_heavy|ms3|r300|s1,main,astana_clinic_nobase,16,25,0.25,one_heavy,3,300,1,681,sha256:97c466669a8fc75405b1de088f2692862960e858a16c4be7a9d73e4f8e01adaa,13,65536,1,25,3,2,c02 c13,c00,c02 c13
main|astana_clinic_nobase|nc16|np25|br0.25|one_heavy|ms3|r300|s2,main,astana_clinic_nobase,16,25,0.25,one_heavy,3,300,2,710,sha256:d82e896b5d76e67c9b3cb2a7f1b0ce31e8e076cd0383af43ce18b88cfdaff265,26,65536,1,25,6,3,c08 c09,c01 c09,c08 c13 c14
main|astana_clinic_nobase|nc16|np25|br0.25|one_heavy|ms3|r300|s3,main,astana_clinic_nobase,16,25,0.25,one_heavy,3,300,3,583,sha256:10e0bf5f85e1aa2f8339293fb574906579fbce48ab9d8a2bfc20cbeb4b3191d4,33,65536,1,25,4,2,c04 c13 c15,c04 c13 c15,c12 c13
main|astana_clinic_nobase|nc16|np25|br0.25|one_heavy|ms3|r300|s4,main,astana_clinic_nobase,16,25,0.25,one_heavy,3,300,4,682,sha256:0aabc210b1fd8cfe4228dc89ba2489f1adbf367bf780d8adec52376139e1ca63,47,65536,1,25,4,3,c03 c06 c10,c06 c10 c12,c03 c06 c07
main|astana_clinic_nobase|nc16|np25|br0.25|one_heavy|ms3|r300|s5,main,astana_clinic_nobase,16,25,0.25,one_heavy,3,300,5,672,sha256:91b851b33ed3195144c427e1383492d2604e763c7ccf799d24abbf0804a5fb0e,28,65536,1,25,8,2,c11 c14,c01 c12 c14,c11 c14
main|astana_clinic_nobase|nc16|np25|br0.25|one_heavy|ms3|r300|s6,main,astana_clinic_nobase,16,25,0.25,one_heavy,3,300,6,658,sha256:d10506d2d49397553512d78c7d3ef3d0583a934636157572445037cea3a0840d,57,65536,1,25,9,3,c00 c07 c10,c04 c07 c10,c05 c10 c14
main|astana_clinic_nobase|nc16|np25|br0.25|one_heavy|ms3|r300|s7,main,astana_clinic_nobase,16,25,0.25,one_heavy,3,300,7,714,sha256:b6e2352932799bf6327b9151ec4023c4c0017f4b748fa8c2503e4256895dcbd8,42,65536,1,25,8,2,c00 c04 c06,c00 c04 c12,c00 c04 c06
main|astana_clinic_nobase|nc16|np25|br0.25|one_heavy|ms3|r300|s8,main,astana_clinic_nobase,16,25,0.25,one_heavy,3,300,8,704,sha256:4027da2e6acaf73345d7e41ff6d913438c76b8bbbb7d423a691d68d2ac6bd66e,46,65536,1,25,8,3,c13,c06 c14,c00 c04 c09
main|astana_clinic_nobase|nc16|np25|br0.25|one_heavy|ms3|r300|s9,main,astana_clinic_nobase,16,25,0.25,one_heavy,3,300,9,613,sha256:bb819d12c0fd4bfe056bacf6110afb1e57b057055696fc7a224829b12e4b8e6a,18,65536,1,25,5,3,c03 c11,c04 c11,c00
main|astana_clinic_nobase|nc16|np25|br0.5|uniform|ms3|r300|s0,main,astana_clinic_nobase,16,25,0.5,uniform,3,300,0,1090,sha256:46c9f4ec5b7fbfb6f7758d25559618b2184beddc3ae8b07abba40b77a24cb5ee,484,65536,1,25,6,2,c06 c09 c10,c06 c09 c10,c09 c10 c15
main|astana_clinic_nobase|nc16|np25|br0.5|uniform|ms3|r300|s1,main,astana_clinic_nobase,16,25,0.5,uniform,3,300,1,1362,sha256:df6cf4787c2a8375b09e6c3245962051ccaf8768e09cfd9779169c535d122b78,134,65536,1,25,11,3,c00 c02 c07,c02 c07 c10,c00 c02 c11
main|astana_clinic_nobase|nc16|np25|br0.5|uniform|ms3|r300|s2,main,astana_clinic_nobase,16,25,0.5,uniform,3,300,2,1421,sha256:97e7014f1c072a4190f3c3174084326c2f7b186bf76863de7f641aa99ed84d19,224,65536,1,25,11,1,c01 c08 c14,c01 c08 c14,c01 c08 c14
main|astana_clinic_nobase|nc16|np25|br0.5|uniform|ms3|r300|s3,main,astana_clinic_nobase,16,25,0.5,uniform,3,300,3,1166,sha256:b8243a31104965d019ab48bbeb74c26f20c628a0a167563bdcc58d72ba9fc986,296,65536,1,25,8,3,c04 c09 c15,c04 c08 c15,c09 c12 c13
main|astana_clinic_nobase|nc16|np25|br0.5|uniform|ms3|r300|s4,main,astana_clinic_nobase,16,25,0.5,uniform,3,300,4,1365,sha256:3c86f94b3152acaa0d31d785165c5f20c7511cba3029b8245e947a2e0a984bb8,356,65536,1,25,10,3,c00 c08 c13,c02 c06 c13,c00 c07 c13
main|astana_clinic_nobase|nc16|np25|br0.5|uniform|ms3|r300|s5,main,astana_clinic_nobase,16,25,0.5,uniform,3,300,5,1344,sha256:3d9ecd23faba5933d9c4d0e8bc128c1c80fe9dc8c2fc6fb29b53ad4f63e6ad7d,197,65536,1,25,6,2,c07 c12 c14,c01 c02 c14,c07 c12 c14
main|astana_clinic_nobase|nc16|np25|br0.5|uniform|ms3|r300|s6,main,astana_clinic_nobase,16,25,0.5,uniform,3,300,6,1316,sha256:3cdd6b15831384b6814dfca77587730e8772c12dc0bb89de5e80eecc72b70d8d,324,65536,1,25,11,3,c00 c05 c10,c04 c05 c10,c00 c05 c09
main|astana_clinic_nobase|nc16|np25|br0.5|uniform|ms3|r300|s7,main,astana_clinic_nobase,16,25,0.5,uniform,3,300,7,1429,sha256:09f99e82f17b1665923f741f46207cad6377e2e0454d031c08e249ff5d688ab6,318,65536,1,25,9,2,c00 c03 c04,c00 c03 c04,c06 c11 c12
main|astana_clinic_nobase|nc16|np25|br0.5|uniform|ms3|r300|s8,main,astana_clinic_nobase,16,25,0.5,uniform,3,300,8,1408,sha256:a2eff3c5934610e3984708983fd167bd12bb9d5a2a1b41393cf2b61588aa57b5,345,65536,1,25,14,3,c00 c04 c11,c00 c13 c15,c04 c09 c13
main|astana_clinic_nobase|nc16|np25|br0.5|uniform|ms3|r300|s9,main,astana_clinic_nobase,16,25,0.5,uniform,3,300,9,1226,sha256:11c10452321f191c8984cd27415ceabd61d25ca799b16ee2fd80ec0eac73b43f,175,65536,1,25,14,3,c00 c11 c15,c01 c04 c15,c00 c01
main|astana_clinic_nobase|nc16|np25|br0.5|random_1_100|ms3|r300|s0,main,astana_clinic_nobase,16,25,0.5,random_1_100,3,300,0,1090,sha256:b6d0cfc06413a14fb09244e86518490d593a16f26d5b2478f099bed9e0549294,484,65536,1,25,5,2,c09 c10 c15,c06 c09 c10,c09 c10 c15
main|astana_clinic_nobase|nc16|np25|br0.5|random_1_100|ms3|r300|s1,main,astana_clinic_nobase,16,25,0.5,random_1_100,3,300,1,1362,sha256:316ee41e6c31a1697d52da4a928fb4c14722914b211265f4f7ecde0cbfc49acb,134,65536,1,25,8,3,c00 c02 c07,c02 c07 c10,c00 c01 c02
main|astana_clinic_nobase|nc16|np25|br0.5|random_1_100|ms3|r300|s2,main,astana_clinic_nobase,16,25,0.5,random_1_100,3,300,2,1421,sha256:930b8682011729323d14a24a74f464f5aa718bcd38b810e26daef5dc23fce106,224,65536,1,25,10,2,c01 c08 c14,c01 c08 c14,c01 c08 c12
main|astana_clinic_nobase|nc16|np25|br0.5|random_1_100|ms3|r300|s3,main,astana_clinic_nobase,16,25,0.5,random_1_100,3,300,3,1166,sha256:5072bc5aabd70cb685f70b5a5fa5f9720c19383474d7b2c9846d09ad6df0711d,296,65536,1,25,8,3,c04 c09 c15,c04 c08 c15,c05 c09 c15
main|astana_clinic_nobase|nc16|np25|br0.5|random_1_100|ms3|r300|s4,main,astana_clinic_nobase,16,25,0.5,random_1_100,3,300,4,1365,sha256:269a167fd71e35129798bea2c9da3584b5a691f9085d0de1186749de0941591b,356,65536,1,25,11,3,c00 c08 c13,c02 c06 c13,c06 c07 c15
main|astana_clinic_nobase|nc16|np25|br0.5|random_1_100|ms3|r300|s5,main,astana_clinic_nobase,16,25,0.5,random_1_100,3,300,5,1344,sha256:9ff6eddf979e6147ec0acbd73aa05b9a8d3ba746d7024cc7f70a922d54766aff,197,65536,1,25,6,2,c07 c12 c14,c01 c02 c14,c07 c12 c14
main|astana_clinic_nobase|nc16|np25|br0.5|random_1_100|ms3|r300|s6,main,astana_clinic_nobase,16,25,0.5,random_1_100,3,300,6,1316,sha256:f3dde509697a74e783f9346ea334727724e24ed2207a11e764094ab7884a309a,324,65536,1,25,12,3,c00 c05 c10,c04 c05 c10,c00 c05 c09
main|astana_clinic_nobase|nc16|np25|br0.5|random_1_100|ms3|r300|s7,main,astana_clinic_nobase,16,25,0.5,random_1_100,3,300,7,1429,sha256:58e854504f66bdd06920504309563b23c4411c4e60ae1ea7ab578f86d4fce2ab,318,65536,1,25,13,3,c00 c06 c15,c00 c03 c04,c00 c06 c08
main|astana_clinic_nobase|nc16|np25|br0.5|random_1_100|ms3|r300|s8,main,astana_clinic_nobase,16,25,0.5,random_1_100,3,300,8,1408,sha256:d7a73b52e98ede5dc5a48cc9011dacb11c6ccdb3b665b4624c609d7715e5cafe,345,65536,1,25,11,3,c00 c04 c11,c00 c04 c13,c04 c09 c13
main|astana_clinic_nobase|nc16|np25|br0.5|random_1_100|ms3|r300|s9,main,astana_clinic_nobase,16,25,0.5,random_1_100,3,300,9,1226,sha256:437c5313a29987e8a441b54be13b05e658e575f5d547bb31df015815626dd17c,175,65536,1,25,10,3,c00 c11 c15,c01 c04 c15,c09 c11
main|astana_clinic_nobase|nc16|np25|br0.5|one_heavy|ms3|r300|s0,main,astana_clinic_nobase,16,25,0.5,one_heavy,3,300,0,1090,sha256:8cc1f28904c8fd50bdf30be4c66f45b4831f3dc92fe6e0fa275e86ea8e3f39e1,484,65536,1,25,13,3,c04 c07 c15,c06 c08 c10,c09 c10 c15
main|astana_clinic_nobase|nc16|np25|br0.5|one_heavy|ms3|r300|s1,main,astana_clinic_nobase,16,25,0.5,one_heavy,3,300,1,1362,sha256:6a3440bb361cc5c92077564c49fc957c222f12ecde65a019a784f04c4e48f9c5,134,65536,1,25,8,2,c00 c02 c13,c02 c07 c10,c00 c02 c13
main|astana_clinic_nobase|nc16|np25|br0.5|one_heavy|ms3|r300|s2,main,astana_clinic_nobase,16,25,0.5,one_heavy,3,300,2,1421,sha256:ab6234ef8697b1f32b37d06bbb9796964297644f3a8cec241d02636ac18e36f1,224,65536,1,25,11,2,c03 c08 c13,c01 c08 c14,c03 c08 c13
main|astana_clinic_nobase|nc16|np25|br0.5|one_heavy|ms3|r300|s3,main,astana_clinic_nobase,16,25,0.5,one_heavy,3,300,3,1166,sha256:caabaeb11a9c3248b04324ccecdf92d8b22939de5ec7e0c32bfa5cd855736152,296,65536,1,25,6,3,c04 c09 c15,c04 c08 c15,c09 c12 c13
main|astana_clinic_nobase|nc16|np25|br0.5|one_heavy|ms3|r300|s4,main,astana_clinic_nobase,16,25,0.5,one_heavy,3,300,4,1365,sha256:075f2b6b6d03d896cfdd2134382b10a817644a885b328c80bf61af5f7eea2574,356,65536,1,25,11,3,c03 c06 c09,c02 c06 c13,c03 c07 c15
main|astana_clinic_nobase|nc16|np25|br0.5|one_heavy|ms3|r300|s5,main,astana_clinic_nobase,16,25,0.5,one_heavy,3,300,5,1344,sha256:4aaf298de111ee48af31d89168c20240c62a4d89237f2b8f7d094e009483732d,197,65536,1,25,13,2,c08 c12 c14,c01 c02 c14,c08 c12 c14
main|astana_clinic_nobase|nc16|np25|br0.5|one_heavy|ms3|r300|s6,main,astana_clinic_nobase,16,25,0.5,one_heavy,3,300,6,1316,sha256:fd616f05ecb1e5224f5895fcf60c969e11f4e917ad9002cb409f4b1d0fe15add,324,65536,1,25,11,3,c00 c05 c10,c04 c05 c10,c00 c05 c09
main|astana_clinic_nobase|nc16|np25|br0.5|one_heavy|ms3|r300|s7,main,astana_clinic_nobase,16,25,0.5,one_heavy,3,300,7,1429,sha256:ea16acd6b1e006773ac3fc90919a26d2c5b2284f88ac223fc43bb23c110b46a4,318,65536,1,25,9,2,c06 c11 c12,c00 c03 c04,c06 c11 c12
main|astana_clinic_nobase|nc16|np25|br0.5|one_heavy|ms3|r300|s8,main,astana_clinic_nobase,16,25,0.5,one_heavy,3,300,8,1408,sha256:8bfb68e539b9e3f0577803d82f3e721d6eb0200443061a2b4c7655b935223002,345,65536,1,25,13,2,c00 c13 c15,c00 c13 c15,c04 c09 c13
main|astana_clinic_nobase|nc16|np25|br0.5|one_heavy|ms3|r300|s9,main,astana_clinic_nobase,16,25,0.5,one_heavy,3,300,9,1226,sha256:6eeb0dfc58a9bbc2bb33fbb1d2e4b43a1073a5b7b0416a89c4511d906030c8b9,175,65536,1,25,12,3,c00 c11 c15,c01 c04 c15,c00 c01
main|astana_clinic_nobase|nc16|np25|br0.75|uniform|ms3|r300|s0,main,astana_clinic_nobase,16,25,0.75,uniform,3,300,0,1635,sha256:3c334bfa3ba3195ccf04c2b9c125cb2ec358d6f55c5645299485a11c117911dd,659,65536,1,25,6,2,c06 c09 c10,c06 c09 c10,c09 c10 c15
main|astana_clinic_nobase|nc16|np25|br0.75|uniform|ms3|r300|s1,main,astana_clinic_nobase,16,25,0.75,uniform,3,300,1,2043,sha256:ca98240d76fb75f737309892ee02b7837ccb4a53535b1fa24258fb0ec80a2655,542,65536,1,25,14,2,c00 c01 c12,c01 c06 c09,c00 c01 c12
main|astana_clinic_nobase|nc16|np25|br0.75|uniform|ms3|r300|s2,main,astana_clinic_nobase,16,25,0.75,uniform,3,300,2,2132,sha256:f5968eb4052c8aec58a90508f19f7de23c0a685504baa25bb60c93e5d5822675,571,65536,1,25,12,1,c01 c03 c08,c01 c03 c08,c01 c03 c08
main|astana_clinic_nobase|nc16|np25|br0.75|uniform|ms3|r300|s3,main,astana_clinic_nobase,16,25,0.75,uniform,3,300,3,1749,sha256:6bbede154cb995102d5e53bb04a92d684186d900abd9139ee03601d19c99d870,628,65536,1,25,8,3,c04 c09 c15,c04 c08 c15,c07 c09 c12
main|astana_clinic_nobase|nc16|np25|br0.75|uniform|ms3|r300|s4,main,astana_clinic_nobase,16,25,0.75,uniform,3,300,4,2047,sha256:27a20009765dc94a6ae52eb577a6efe6803399cc040f15571d1e102b4ad0bdda,646,65536,1,25,12,2,c00 c02 c15,c02 c06 c13,c00 c02 c15
main|astana_clinic_nobase|nc16|np25|br0.75|uniform|ms3|r300|s5,main,astana_clinic_nobase,16,25,0.75,uniform,3,300,5,2016,sha256:c5048de8dec38a88241bcdda76ed14c07a622d9636febecc5ed4267c5d337ad2,529,65536,1,25,7,3,c03 c07 c12,c04 c11 c13,c02 c07 c14
main|astana_clinic_nobase|nc16|np25|br0.75|uniform|ms3|r300|s6,main,astana_clinic_nobase,16,25,0.75,uniform,3,300,6,1974,sha256:39d70f6d0102dbd6f8bde2eac4619e5e46114c1abac53be84b50fde91291e821,616,65536,1,25,13,3,c00 c05 c06,c04 c05 c10,c00 c05 c09
main|astana_clinic_nobase|nc16|np25|br0.75|uniform|ms3|r300|s7,main,astana_clinic_nobase,16,25,0.75,uniform,3,300,7,2143,sha256:8d8281a6051cca4e6a567fc322364e9dcd2de93c3c4dbb123e50abf063ddbc02,627,65536,1,25,10,2,c03 c04 c11,c03 c04 c11,c04 c06 c11
main|astana_clinic_nobase|nc16|np25|br0.75|uniform|ms3|r300|s8,main,astana_clinic_nobase,16,25,0.75,uniform,3,300,8,2112,sha256:e3b42eee6b4e18eeb256e00120da02b29272018f60fc83168e4c6e943665eafd,644,65536,1,25,18,3,c00 c07 c11,c05 c11 c14,c09 c11 c12
main|astana_clinic_nobase|nc16|np25|br0.75|uniform|ms3|r300|s9,main,astana_clinic_nobase,16,25,0.75,uniform,3,300,9,1839,sha256:03afe556054f41296d836ca822dfa7836304ff9e3cc3a3dd857f4decca286093,543,65536,1,25,18,1,c00 c01 c12,c00 c01 c12,c00 c01 c12
main|astana_clinic_nobase|nc16|np25|br0.75|random_1_100|ms3|r300|s0,main,astana_clinic_nobase,16,25,0.75,random_1_100,3,300,0,1635,sha256:474362de2f70a6d54e950b7d1197f48c7ea48c19e1d620cb20e6f5c99ed045c1,659,65536,1,25,5,3,c09 c10 c15,c06 c09 c10,c00 c09 c15
main|astana_clinic_nobase|nc16|np25|br0.75|random_1_100|ms3|r300|s1,main,astana_clinic_nobase,16,25,0.75,random_1_100,3,300,1,2043,sha256:51ddb6bc4a57dbc67d7c6f5b503f433cace59b6f932ee89c5cfc4a8b0401e63a,542,65536,1,25,9,3,c00 c01 c07,c01 c06 c09,c00 c01 c10
main|astana_clinic_nobase|nc16|np25|br0.75|random_1_100|ms3|r300|s2,main,astana_clinic_nobase,16,25,0.75,random_1_100,3,300,2,2132,sha256:35d2f61305e6b63b560643dd69d23b745c07fa397170b60ad16f649b7b69f7c9,571,65536,1,25,11,1,c01 c03 c08,c01 c03 c08,c01 c03 c08
main|astana_clinic_nobase|nc16|np25|br0.75|random_1_100|ms3|r300|s3,main,astana_clinic_nobase,16,25,0.75,random_1_100,3,300,3,1749,sha256:f593f1af39af6c1f49217ed7134aacf945759ea02e4527561e0a18294cfcd40c,628,65536,1,25,9,3,c05 c10 c15,c04 c08 c15,c05 c09 c12
main|astana_clinic_nobase|nc16|np25|br0.75|random_1_100|ms3|r300|s4,main,astana_clinic_nobase,16,25,0.75,random_1_100,3,300,4,2047,sha256:dbab5045908b12c66a334d25d42093ea387a0dc6657716138b37c7e60f11d0e0,646,65536,1,25,13,3,c00 c08 c15,c02 c06 c13,c00 c06 c15
main|astana_clinic_nobase|nc16|np25|br0.75|random_1_100|ms3|r300|s5,main,astana_clinic_nobase,16,25,0.75,random_1_100,3,300,5,2016,sha256:5f1f9aa19842ca19a682853f808d1fd42781d161444c69bfce96632bfa2ec90b,529,65536,1,25,7,2,c02 c07 c14,c04 c11 c13,c02 c07 c14
main|astana_clinic_nobase|nc16|np25|br0.75|random_1_100|ms3|r300|s6,main,astana_clinic_nobase,16,25,0.75,random_1_100,3,300,6,1974,sha256:609319a77a5d95f75ca0ed2f9e25c839ba7323356747dc26fbe648c30c9ac0d9,616,65536,1,25,14,3,c00 c05 c06,c04 c05 c10,c00 c05 c09
main|astana_clinic_nobase|nc16|np25|br0.75|random_1_100|ms3|r300|s7,main,astana_clinic_nobase,16,25,0.75,random_1_100,3,300,7,2143,sha256:7c8404f9c3542f854d0a04ffbac5def7251db66a23bbd2892e29ca93e4a78174,627,65536,1,25,14,3,c00 c06 c09,c03 c04 c11,c06 c08 c11
main|astana_clinic_nobase|nc16|np25|br0.75|random_1_100|ms3|r300|s8,main,astana_clinic_nobase,16,25,0.75,random_1_100,3,300,8,2112,sha256:e9b0cf173ad88f2fa187a4403a503d4993206640f10487dca7dd1ea40c0a17f8,644,65536,1,25,14,3,c00 c07 c11,c05 c11 c14,c09 c11 c13
main|astana_clinic_nobase|nc16|np25|br0.75|random_1_100|ms3|r300|s9,main,astana_clinic_nobase,16,25,0.75,random_1_100,3,300,9,1839,sha256:6dc3a9c9d4c963d5d4a8a0a9d251611401951560d9c5a2c5dd6edcb202de67e6,543,65536,1,25,12,3,c00 c01 c11,c00 c01 c12,c01 c09 c11
main|astana_clinic_nobase|nc16|np25|br0.75|one_heavy|ms3|r300|s0,main,astana_clinic_nobase,16,25,0.75,one_heavy,3,300,0,1635,sha256:9f19b1cabc59a4dbbf49366198ed1710e4b268c3da5ab9e65247c269064021ec,659,65536,1,25,14,3,c04 c05 c07,c06 c08 c10,c09 c10 c15
main|astana_clinic_nobase|nc16|np25|br0.75|one_heavy|ms3|r300|s1,main,astana_clinic_nobase,16,25,0.75,one_heavy,3,300,1,2043,sha256:9e0a76100347f1b0b389ec035e63c85da012b05fd12532b1203173f0f9ae8599,542,65536,1,25,9,3,c00 c13 c14,c01 c06 c09,c00 c02 c13
main|astana_clinic_nobase|nc16|np25|br0.75|one_heavy|ms3|r300|s2,main,astana_clinic_nobase,16,25,0.75,one_heavy,3,300,2,2132,sha256:a21cab3cbef68d26a7fe2c5bae5b376cda79a2746dcd730954abf594410405a6,571,65536,1,25,13,1,c01 c03 c08,c01 c03 c08,c01 c03 c08
main|astana_clinic_nobase|nc16|np25|br0.75|one_heavy|ms3|r300|s3,main,astana_clinic_nobase,16,25,0.75,one_heavy,3,300,3,1749,sha256:84783243e43704015b197fb1c7931abec141fecfbe565ae381d1c18678446130,628,65536,1,25,6,3,c04 c09 c15,c04 c08 c15,c05 c09 c12
main|astana_clinic_nobase|nc16|np25|br0.75|one_heavy|ms3|r300|s4,main,astana_clinic_nobase,16,25,0.75,one_heavy,3,300,4,2047,sha256:417b85717279888e73977c1609c334ec9ebab9f27745b1aaa4bf351274928a38,646,65536,1,25,16,3,c00 c09 c13,c02 c06 c13,c00 c02 c15
main|astana_clinic_nobase|nc16|np25|br0.75|one_heavy|ms3|r300|s5,main,astana_clinic_nobase,16,25,0.75,one_heavy,3,300,5,2016,sha256:0311455876d7bfa81aee00ced563892ff2c2b5ff9f6d90ee6a06ee95352403b5,529,65536,1,25,15,3,c02 c08 c14,c04 c11 c13,c07 c08 c14
main|astana_clinic_nobase|nc16|np25|br0.75|one_heavy|ms3|r300|s6,main,astana_clinic_nobase,16,25,0.75,one_heavy,3,300,6,1974,sha256:9fa316236720da2b4c1ac5528449aa3e755fda3dff06c280c2e427e82b8bbfa1,616,65536,1,25,11,3,c00 c05 c10,c04 c05 c10,c00 c05 c09
main|astana_clinic_nobase|nc16|np25|br0.75|one_heavy|ms3|r300|s7,main,astana_clinic_nobase,16,25,0.75,one_heavy,3,300,7,2143,sha256:d12e0f65bb07a29d62b644886759f6851e9c1b3b991711db6536a90248d06e9c,627,65536,1,25,11,3,c03 c06 c11,c03 c04 c11,c04 c06 c11
main|astana_clinic_nobase|nc16|np25|br0.75|one_heavy|ms3|r300|s8,main,astana_clinic_nobase,16,25,0.75,one_heavy,3,300,8,2112,sha256:38e51926297dce14c16d28c8419f1b6226ab129645f8970fefcb9ec463ddee0a,644,65536,1,25,14,3,c00 c11 c13,c05 c11 c14,c09 c11 c13
main|astana_clinic_nobase|nc16|np25|br0.75|one_heavy|ms3|r300|s9,main,astana_clinic_nobase,16,25,0.75,one_heavy,3,300,9,1839,sha256:d016ae091ff18cd0cbe205ff005447bac51c70a88e8878f26ed53c2d7c3f6709,543,65536,1,25,14,3,c00 c11 c12,c00 c01 c12,c00 c01 c11
main|astana_clinic_nobase|nc16|np25|br1.0|uniform|ms3|r300|s0,main,astana_clinic_nobase,16,25,1.0,uniform,3,300,0,2181,sha256:6a871488e27c10aaba584fd735f35a66725ea3e0174a6098c3f3d46552fb231f,697,65536,0,25,6,2,c06 c09 c10,c06 c09 c10,c09 c10 c15
main|astana_clinic_nobase|nc16|np25|br1.0|uniform|ms3|r300|s1,main,astana_clinic_nobase,16,25,1.0,uniform,3,300,1,2724,sha256:c410dd5a966aecb5c9b6f54a5357b57fb88d7fa4ea7b63cdd019d69f15049f56,697,65536,0,25,14,2,c00 c01 c12,c01 c06 c09,c00 c01 c12
main|astana_clinic_nobase|nc16|np25|br1.0|uniform|ms3|r300|s2,main,astana_clinic_nobase,16,25,1.0,uniform,3,300,2,2843,sha256:af68b3f4d4e752d9f2b65c0def21366fb2cb2e11bfc486fd19adbd4fac4e6cb1,697,65536,0,25,12,1,c01 c03 c08,c01 c03 c08,c01 c03 c08
main|astana_clinic_nobase|nc16|np25|br1.0|uniform|ms3|r300|s3,main,astana_clinic_nobase,16,25,1.0,uniform,3,300,3,2333,sha256:361bc54877adec5501a7e950d4a13e2dca661e983ec00ea2571fb18bc46fb90f,697,65536,0,25,8,3,c04 c09 c15,c04 c08 c15,c07 c09 c12
main|astana_clinic_nobase|nc16|np25|br1.0|uniform|ms3|r300|s4,main,astana_clinic_nobase,16,25,1.0,uniform,3,300,4,2730,sha256:bd54a385ec7e2b4c4f97a851b04110babd1059e540d8510001bd009cbb6257a5,697,65536,0,25,12,2,c00 c02 c15,c02 c06 c13,c00 c02 c15
main|astana_clinic_nobase|nc16|np25|br1.0|uniform|ms3|r300|s5,main,astana_clinic_nobase,16,25,1.0,uniform,3,300,5,2688,sha256:e83d383a5dd9ecbdd5f116b03bdb6263c1ff35d36a79df08617b85ac7af4da7d,697,65536,0,25,8,2,c02 c03 c07,c04 c08 c13,c02 c03 c07
main|astana_clinic_nobase|nc16|np25|br1.0|uniform|ms3|r300|s6,main,astana_clinic_nobase,16,25,1.0,uniform,3,300,6,2633,sha256:6dd0ac67ae6df421043cbd406fa921572b8115274a431c66c830a22d3df4b664,697,65536,0,25,13,3,c00 c05 c06,c04 c05 c10,c00 c05 c09
main|astana_clinic_nobase|nc16|np25|br1.0|uniform|ms3|r300|s7,main,astana_clinic_nobase,16,25,1.0,uniform,3,300,7,2858,sha256:3fd8848911a01cfc0d97e4474b920460841ef198edb83ee2cf410c60ac780829,697,65536,0,25,10,2,c03 c04 c11,c03 c04 c11,c04 c06 c11
main|astana_clinic_nobase|nc16|np25|br1.0|uniform|ms3|r300|s8,main,astana_clinic_nobase,16,25,1.0,uniform,3,300,8,2817,sha256:d7cdaf2e13b5f6fafdec28e3054557736ced21a4c0f1a5b2d1034931e17b4abd,697,65536,0,25,18,3,c00 c07 c11,c05 c07 c11,c09 c11 c12
main|astana_clinic_nobase|nc16|np25|br1.0|uniform|ms3|r300|s9,main,astana_clinic_nobase,16,25,1.0,uniform,3,300,9,2453,sha256:efff6a686c73c509a2aaa1d1dc4ba3cc2fd75d9c96f6b2b1a48420bfd49fb7bd,697,65536,0,25,18,1,c00 c01 c12,c00 c01 c12,c00 c01 c12
main|astana_clinic_nobase|nc16|np25|br1.0|random_1_100|ms3|r300|s0,main,astana_clinic_nobase,16,25,1.0,random_1_100,3,300,0,2181,sha256:fdfa8ef07ce8112af5c345f2db51532baf4f6ad40a5840346b691a0c31c87dc8,697,65536,0,25,5,3,c09 c10 c15,c06 c09 c10,c00 c09 c15
main|astana_clinic_nobase|nc16|np25|br1.0|random_1_100|ms3|r300|s1,main,astana_clinic_nobase,16,25,1.0,random_1_100,3,300,1,2724,sha256:314df8993e34296f251dbbd6e76c91642a3151a123c84958fc72116783ce5d13,697,65536,0,25,9,3,c00 c01 c07,c01 c06 c09,c00 c01 c10
main|astana_clinic_nobase|nc16|np25|br1.0|random_1_100|ms3|r300|s2,main,astana_clinic_nobase,16,25,1.0,random_1_100,3,300,2,2843,sha256:78193018656acbc1d8e23e705ebc601498e9fd5f62c0843c6b0846c1d6983510,697,65536,0,25,11,1,c01 c03 c08,c01 c03 c08,c01 c03 c08
main|astana_clinic_nobase|nc16|np25|br1.0|random_1_100|ms3|r300|s3,main,astana_clinic_nobase,16,25,1.0,random_1_100,3,300,3,2333,sha256:84f940f55bb2427777503870fc312e3f16762672a1a0766d7a297fe22e569877,697,65536,0,25,9,3,c05 c10 c15,c04 c08 c15,c05 c09 c12
main|astana_clinic_nobase|nc16|np25|br1.0|random_1_100|ms3|r300|s4,main,astana_clinic_nobase,16,25,1.0,random_1_100,3,300,4,2730,sha256:ab8ba21eac42413b78d243f61bf96604aebf61e6d4d3db5c8cdf6506316e7d9d,697,65536,0,25,13,3,c00 c08 c15,c02 c06 c13,c00 c06 c15
main|astana_clinic_nobase|nc16|np25|br1.0|random_1_100|ms3|r300|s5,main,astana_clinic_nobase,16,25,1.0,random_1_100,3,300,5,2688,sha256:5a6533f21ef99b8e2bf8a82a81ea8115f6f734e9287baef4276d7be27fb6dede,697,65536,0,25,7,2,c02 c07 c14,c04 c08 c13,c02 c07 c14
main|astana_clinic_nobase|nc16|np25|br1.0|random_1_100|ms3|r300|s6,main,astana_clinic_nobase,16,25,1.0,random_1_100,3,300,6,2633,sha256:ad712433f91c6aa274a3b44d9637596bcfd8a36d41d741b8b0b7e00199a69a67,697,65536,0,25,14,3,c00 c05 c06,c04 c05 c10,c00 c05 c09
main|astana_clinic_nobase|nc16|np25|br1.0|random_1_100|ms3|r300|s7,main,astana_clinic_nobase,16,25,1.0,random_1_100,3,300,7,2858,sha256:f7c73cd7be9a06ea4c086550a1dbfb71b65023c2ea4bffab305fe8e2a0d602e8,697,65536,0,25,14,3,c00 c06 c09,c03 c04 c11,c06 c08 c11
main|astana_clinic_nobase|nc16|np25|br1.0|random_1_100|ms3|r300|s8,main,astana_clinic_nobase,16,25,1.0,random_1_100,3,300,8,2817,sha256:73ce1730b367fe06cb788f673468a5879003f2c84fe79998ec96c08eea0f76f6,697,65536,0,25,14,3,c00 c07 c11,c05 c07 c11,c09 c11 c13
main|astana_clinic_nobase|nc16|np25|br1.0|random_1_100|ms3|r300|s9,main,astana_clinic_nobase,16,25,1.0,random_1_100,3,300,9,2453,sha256:15d9d166c161744481565470af1eef92a65848c78a85093849b40af84ce4cc68,697,65536,0,25,12,3,c00 c01 c11,c00 c01 c12,c01 c09 c11
main|astana_clinic_nobase|nc16|np25|br1.0|one_heavy|ms3|r300|s0,main,astana_clinic_nobase,16,25,1.0,one_heavy,3,300,0,2181,sha256:37273fc32377eb11aa55b62060f0092e9ea2981ae75421557b3ed0efdd7fafc3,697,65536,0,25,14,3,c04 c05 c07,c06 c08 c10,c09 c10 c15
main|astana_clinic_nobase|nc16|np25|br1.0|one_heavy|ms3|r300|s1,main,astana_clinic_nobase,16,25,1.0,one_heavy,3,300,1,2724,sha256:4d72db78d1767fba25d68ed20d2713efa66f85315fa9eeaafd1bbf2ae47e2f25,697,65536,0,25,9,3,c00 c13 c14,c01 c06 c09,c00 c02 c13
main|astana_clinic_nobase|nc16|np25|br1.0|one_heavy|ms3|r300|s2,main,astana_clinic_nobase,16,25,1.0,one_heavy,3,300,2,2843,sha256:bfc37350def75b3cbecb6890cdc0702e025aaa53422051ee5b58faae53f1e11b,697,65536,0,25,13,1,c01 c03 c08,c01 c03 c08,c01 c03 c08
main|astana_clinic_nobase|nc16|np25|br1.0|one_heavy|ms3|r300|s3,main,astana_clinic_nobase,16,25,1.0,one_heavy,3,300,3,2333,sha256:cdd19b24b752bbe727388309b826bb9a0d137e30894d8b0dd4dc68561c0d5c15,697,65536,0,25,6,3,c04 c09 c15,c04 c08 c15,c05 c09 c12
main|astana_clinic_nobase|nc16|np25|br1.0|one_heavy|ms3|r300|s4,main,astana_clinic_nobase,16,25,1.0,one_heavy,3,300,4,2730,sha256:3d456160c96083f207031be7b8adf2d291249fcf748760ba1588c6b454c97bc6,697,65536,0,25,17,3,c00 c09 c15,c02 c06 c13,c00 c02 c15
main|astana_clinic_nobase|nc16|np25|br1.0|one_heavy|ms3|r300|s5,main,astana_clinic_nobase,16,25,1.0,one_heavy,3,300,5,2688,sha256:79f8edf45c5c3faaada2510be0316dbed27c845e63f21b593553a61d5a478fe2,697,65536,0,25,16,3,c02 c03 c08,c04 c08 c13,c03 c07 c08
main|astana_clinic_nobase|nc16|np25|br1.0|one_heavy|ms3|r300|s6,main,astana_clinic_nobase,16,25,1.0,one_heavy,3,300,6,2633,sha256:11c2ae3b4c3144ca76a6c2fe2d3ddf3d03fea71f79d93c493f78f2c208fed22a,697,65536,0,25,11,3,c00 c05 c10,c04 c05 c10,c00 c05 c09
main|astana_clinic_nobase|nc16|np25|br1.0|one_heavy|ms3|r300|s7,main,astana_clinic_nobase,16,25,1.0,one_heavy,3,300,7,2858,sha256:31355b9f17a1f74225865601a4d2b7ac8d0318d829e1d208446b7710b42e39a3,697,65536,0,25,11,3,c03 c06 c11,c03 c04 c11,c04 c06 c11
main|astana_clinic_nobase|nc16|np25|br1.0|one_heavy|ms3|r300|s8,main,astana_clinic_nobase,16,25,1.0,one_heavy,3,300,8,2817,sha256:267ac665b74ee407cbad77b84a8224204a814002e6a405dba608cb6477d8da86,697,65536,0,25,14,3,c00 c11 c13,c05 c11 c12,c09 c11 c13
main|astana_clinic_nobase|nc16|np25|br1.0|one_heavy|ms3|r300|s9,main,astana_clinic_nobase,16,25,1.0,one_heavy,3,300,9,2453,sha256:67ef1e11840e9941d1861304ba5c61fdee7f1ba13caa94692ef88c8b13a419eb,697,65536,0,25,14,3,c00 c11 c12,c00 c01 c12,c00 c01 c11
sec_max_selected|shymkent_school|nc16|np25|br0.5|random_1_100|ms1|r300|s0,sec_max_selected,shymkent_school,16,25,0.5,random_1_100,1,300,0,1476,sha256:8a76f73ccab6887f090cda2727f67478c9d67cd6d67323f955cc908a054d62c6,17,65536,0,0,4,1,c01,c01,c01
sec_max_selected|shymkent_school|nc16|np25|br0.5|random_1_100|ms2|r300|s0,sec_max_selected,shymkent_school,16,25,0.5,random_1_100,2,300,0,1476,sha256:af709336f7f7c4e1920e50dd5365f704f9568cecaadef57aa186cf6e896fed02,106,65536,1,0,11,2,c01 c10,c01 c14,c01 c10
sec_max_selected|shymkent_school|nc16|np25|br0.5|random_1_100|ms5|r300|s0,sec_max_selected,shymkent_school,16,25,0.5,random_1_100,5,300,0,1476,sha256:430c4276b44640d325bfa583cb482c7e28a91cf139533be09b5c8d12860add74,417,65536,1,0,19,3,c01 c10 c13,c01 c13 c14,c01 c06 c10
sec_radius|shymkent_school|nc16|np25|br0.5|random_1_100|ms3|r100|s0,sec_radius,shymkent_school,16,25,0.5,random_1_100,3,100,0,1476,sha256:39cb28bad8bcc94996f6950c736bb97fe91bdc106e90adda3b5b320ffe58eed8,272,65536,1,0,17,3,c01 c10 c13,c01 c13 c14,c07 c11 c13
sec_radius|shymkent_school|nc16|np25|br0.5|random_1_100|ms3|r300|s0,sec_radius,shymkent_school,16,25,0.5,random_1_100,3,300,0,1476,sha256:17288976f9cf88a02ab9f9bfd03f40412480d92b7b5d51577bed5ca36fb7be5f,272,65536,1,0,17,3,c01 c10 c13,c01 c13 c14,c01 c06 c10
sec_radius|shymkent_school|nc16|np25|br0.5|random_1_100|ms3|r800|s0,sec_radius,shymkent_school,16,25,0.5,random_1_100,3,800,0,1476,sha256:21e5d752ef4f10045b89b43b5d073b4654f17b572d8a3f4824c682d266ab5909,272,65536,1,0,17,2,c01 c10 c13,c01 c13 c14,c01 c10 c13
sec_max_selected|shymkent_school|nc16|np25|br0.5|random_1_100|ms1|r300|s1,sec_max_selected,shymkent_school,16,25,0.5,random_1_100,1,300,1,1471,sha256:0e3529c953f8e9e6aafed6c1648d9733255d737f189056a257c70b5984757bd5,17,65536,0,0,6,2,c11,c01,c11
sec_max_selected|shymkent_school|nc16|np25|br0.5|random_1_100|ms2|r300|s1,sec_max_selected,shymkent_school,16,25,0.5,random_1_100,2,300,1,1471,sha256:802f4fff5cd6c12db2089c7459006755226c600fafcee4186f87b75feb02abd9,90,65536,1,0,12,3,c06 c11,c01 c06,c01 c11
sec_max_selected|shymkent_school|nc16|np25|br0.5|random_1_100|ms5|r300|s1,sec_max_selected,shymkent_school,16,25,0.5,random_1_100,5,300,1,1471,sha256:ac4a673a392fbf300017c652670d54dbc50c88fa1f0c843dfdd83ab17239313e,197,65536,1,0,13,3,c06 c11,c01 c06 c12,c00 c01 c11
sec_radius|shymkent_school|nc16|np25|br0.5|random_1_100|ms3|r100|s1,sec_radius,shymkent_school,16,25,0.5,random_1_100,3,100,1,1471,sha256:527980f2f3a659e3b5e46f634e14bb53c82dc8d075c536249524ae6560af55f6,176,65536,1,0,13,2,c06 c11,c01 c06 c12,c06 c11
sec_radius|shymkent_school|nc16|np25|br0.5|random_1_100|ms3|r300|s1,sec_radius,shymkent_school,16,25,0.5,random_1_100,3,300,1,1471,sha256:038f084b539c213a3e202eeba09353ccddba0ed5f121e4653ba11d0a4214a0f2,176,65536,1,0,13,3,c06 c11,c01 c06 c12,c00 c01 c11
sec_radius|shymkent_school|nc16|np25|br0.5|random_1_100|ms3|r800|s1,sec_radius,shymkent_school,16,25,0.5,random_1_100,3,800,1,1471,sha256:abee15e5a56655f13db2ee49ed947305bc63beddf22c88b2a058cf77523f1ece,176,65536,1,0,13,2,c06 c11,c01 c06 c12,c06 c11
sec_max_selected|shymkent_school|nc16|np25|br0.5|random_1_100|ms1|r300|s2,sec_max_selected,shymkent_school,16,25,0.5,random_1_100,1,300,2,1282,sha256:dffe45c89f10d8f295257a0bef181b7427f6c86bdec9667d013297df6f54ab2b,17,65536,0,0,3,3,c00,c10,c12
sec_max_selected|shymkent_school|nc16|np25|br0.5|random_1_100|ms2|r300|s2,sec_max_selected,shymkent_school,16,25,0.5,random_1_100,2,300,2,1282,sha256:6d4f67a2daa50e78507f5cc8839b90aae205b6ab9a2faefb2910a2fa6438fc7f,109,65536,1,0,6,2,c00 c10,c00 c10,c11 c12
sec_max_selected|shymkent_school|nc16|np25|br0.5|random_1_100|ms5|r300|s2,sec_max_selected,shymkent_school,16,25,0.5,random_1_100,5,300,2,1282,sha256:fe1e069ccae9bf939c1f05cbebe8a06f995b6aedf7169957448cd92e0a7491c9,555,65536,1,0,12,2,c00 c04 c09 c10 c11,c00 c10 c11 c14,c00 c04 c09 c10 c11
sec_radius|shymkent_school|nc16|np25|br0.5|random_1_100|ms3|r100|s2,sec_radius,shymkent_school,16,25,0.5,random_1_100,3,100,2,1282,sha256:9d955358d9984866f77d0c0c3e581b0b7c5a12e4bfa60b9df28f4ed5cc291644,316,65536,1,0,9,3,c00 c10 c11,c00 c10 c14,c00 c03 c11
sec_radius|shymkent_school|nc16|np25|br0.5|random_1_100|ms3|r300|s2,sec_radius,shymkent_school,16,25,0.5,random_1_100,3,300,2,1282,sha256:e1fa0d3cd1010dd3d712266d1f7d740ef6bf8da7c00c16e2cf7bfad1c4deaafc,316,65536,1,0,9,3,c00 c10 c11,c00 c10 c14,c04 c11 c12
sec_radius|shymkent_school|nc16|np25|br0.5|random_1_100|ms3|r800|s2,sec_radius,shymkent_school,16,25,0.5,random_1_100,3,800,2,1282,sha256:0dfb51380233d0bade8752dc5ceb94959e6c31352ac4f11d75af3ccbcc0a0b98,316,65536,1,0,9,2,c00 c10 c11,c00 c10 c14,c00 c10 c11
sec_max_selected|shymkent_school|nc16|np25|br0.5|random_1_100|ms1|r300|s3,sec_max_selected,shymkent_school,16,25,0.5,random_1_100,1,300,3,1285,sha256:c2251ef63c1f9591babfa69ceabf4a45cafce88df169e2f843b5223d89bbb09d,17,65536,0,0,3,2,c02,c02,c08
sec_max_selected|shymkent_school|nc16|np25|br0.5|random_1_100|ms2|r300|s3,sec_max_selected,shymkent_school,16,25,0.5,random_1_100,2,300,3,1285,sha256:708d2966b22b2fc252de659d6ac982b9049acf2b78ae679c406d2426db02cc5f,117,65536,1,0,6,2,c02 c08,c02 c09,c02 c08
sec_max_selected|shymkent_school|nc16|np25|br0.5|random_1_100|ms5|r300|s3,sec_max_selected,shymkent_school,16,25,0.5,random_1_100,5,300,3,1285,sha256:d73597b18423aff453e12fb017b49d832291560cc9947961b52f69a8f9a6c257,591,65536,1,0,14,2,c02 c03 c08 c14,c02 c03 c08 c14,c02 c08 c13 c14
sec_radius|shymkent_school|nc16|np25|br0.5|random_1_100|ms3|r100|s3,sec_radius,shymkent_school,16,25,0.5,random_1_100,3,100,3,1285,sha256:98ba29aa5974b88ae55e4756d195ad4e71616be85ab8ef695808c52bb7fdf177,347,65536,1,0,10,3,c02 c08 c14,c02 c09 c14,c01 c02 c07
sec_radius|shymkent_school|nc16|np25|br0.5|random_1_100|ms3|r300|s3,sec_radius,shymkent_school,16,25,0.5,random_1_100,3,300,3,1285,sha256:944d17cd125442f60c826e3ffd2ee6fc35ba2780e2524a780e3edc4ba75bf3ec,347,65536,1,0,10,2,c02 c08 c14,c02 c09 c14,c02 c08 c14
sec_radius|shymkent_school|nc16|np25|br0.5|random_1_100|ms3|r800|s3,sec_radius,shymkent_school,16,25,0.5,random_1_100,3,800,3,1285,sha256:4d0b6785f48ce72ef1db53f1f9711ffcdafbcbf4327aaac04d210ae0a9012e93,347,65536,1,0,10,2,c02 c08 c14,c02 c09 c14,c02 c08 c14
sec_max_selected|shymkent_school|nc16|np25|br0.5|random_1_100|ms1|r300|s4,sec_max_selected,shymkent_school,16,25,0.5,random_1_100,1,300,4,1323,sha256:8ef5da2b24dba70c81db0c1057bd41dbcdd7fa48e003709d15de6a37b72c3c93,17,65536,0,0,5,2,c07,c11,c07
sec_max_selected|shymkent_school|nc16|np25|br0.5|random_1_100|ms2|r300|s4,sec_max_selected,shymkent_school,16,25,0.5,random_1_100,2,300,4,1323,sha256:b381040be903a179d5fb00d169fb910a3a1e0a68decb83fadc02fed55b0fd3d9,106,65536,1,0,7,3,c07 c15,c04 c11,c07 c13
sec_max_selected|shymkent_school|nc16|np25|br0.5|random_1_100|ms5|r300|s4,sec_max_selected,shymkent_school,16,25,0.5,random_1_100,5,300,4,1323,sha256:f5515efe101aa6da9f59d56e90d104db59f02a7f7e120a12331b18cff9a6601b,218,65536,1,0,8,3,c07 c09 c15,c04 c11,c07 c13
sec_radius|shymkent_school|nc16|np25|br0.5|random_1_100|ms3|r100|s4,sec_radius,shymkent_school,16,25,0.5,random_1_100,3,100,4,1323,sha256:cdb2c5aa8f1ba637cc9c385ae345d34ca0464ecd6a489144b6e9e22efffa040d,203,65536,1,0,8,3,c07 c09 c15,c04 c11,c07 c10
sec_radius|shymkent_school|nc16|np25|br0.5|random_1_100|ms3|r300|s4,sec_radius,shymkent_school,16,25,0.5,random_1_100,3,300,4,1323,sha256:153b3d43eb4e2be4377cdd74e04f729a85bac906bf2a2fbf1f8254392e3de94d,203,65536,1,0,8,3,c07 c09 c15,c04 c11,c07 c13
sec_radius|shymkent_school|nc16|np25|br0.5|random_1_100|ms3|r800|s4,sec_radius,shymkent_school,16,25,0.5,random_1_100,3,800,4,1323,sha256:ea38b88ba2cdd404b6aa6c2a63990e369f1950fbcec9f48304f17f4626362c63,203,65536,1,0,8,3,c07 c09 c15,c04 c11,c04 c07 c15
sec_max_selected|shymkent_school|nc16|np25|br0.5|random_1_100|ms1|r300|s5,sec_max_selected,shymkent_school,16,25,0.5,random_1_100,1,300,5,1215,sha256:ca93416916115bbc108f24b9b68cd5573199f39c6cbf2a3ff0a6ed049d575013,17,65536,0,0,4,2,c11,c01,c01
sec_max_selected|shymkent_school|nc16|np25|br0.5|random_1_100|ms2|r300|s5,sec_max_selected,shymkent_school,16,25,0.5,random_1_100,2,300,5,1215,sha256:a8ef49323ee6184ad375bcccef997ff72100dc2d25b5a46451ac9778ce738336,112,65536,1,0,5,1,c01 c04,c01 c04,c01 c04
sec_max_selected|shymkent_school|nc16|np25|br0.5|random_1_100|ms5|r300|s5,sec_max_selected,shymkent_school,16,25,0.5,random_1_100,5,300,5,1215,sha256:658e5952e6610f1b7bdab43086e3c38d367def5ed91a411911059f2db02c6985,254,65536,1,0,6,1,c01 c04 c10,c01 c04 c10,c01 c04 c10
sec_radius|shymkent_school|nc16|np25|br0.5|random_1_100|ms3|r100|s5,sec_radius,shymkent_school,16,25,0.5,random_1_100,3,100,5,1215,sha256:e7afdb01cde2deb7c9bc66dd160cd46d5a02b62d58932cba64eff2e151c6034f,234,65536,1,0,6,2,c01 c04 c10,c01 c04 c10,c02 c05
sec_radius|shymkent_school|nc16|np25|br0.5|random_1_100|ms3|r300|s5,sec_radius,shymkent_school,16,25,0.5,random_1_100,3,300,5,1215,sha256:592a786ad7fb70cff3ad71163cf3e9d6d399641f3057bbaa3cd450dceaba9583,234,65536,1,0,6,1,c01 c04 c10,c01 c04 c10,c01 c04 c10
sec_radius|shymkent_school|nc16|np25|br0.5|random_1_100|ms3|r800|s5,sec_radius,shymkent_school,16,25,0.5,random_1_100,3,800,5,1215,sha256:9f57320680b573311caa49474af9e72e75c68894a3dba4dd987226d99ef61b61,234,65536,1,0,6,1,c01 c04 c10,c01 c04 c10,c01 c04 c10
sec_max_selected|shymkent_school|nc16|np25|br0.5|random_1_100|ms1|r300|s6,sec_max_selected,shymkent_school,16,25,0.5,random_1_100,1,300,6,1355,sha256:3bc409ab4e58540040f033fc1cd5f25c4ba2a7b33fa4c60822a0a672a15d517b,17,65536,0,0,4,1,c15,c15,c15
sec_max_selected|shymkent_school|nc16|np25|br0.5|random_1_100|ms2|r300|s6,sec_max_selected,shymkent_school,16,25,0.5,random_1_100,2,300,6,1355,sha256:8bb5fa017ad8e02493af8123edfe8dac4c03d2a2d310b5031f17d9b72b12544e,89,65536,1,0,10,1,c10 c15,c10 c15,c10 c15
sec_max_selected|shymkent_school|nc16|np25|br0.5|random_1_100|ms5|r300|s6,sec_max_selected,shymkent_school,16,25,0.5,random_1_100,5,300,6,1355,sha256:695c5f8d1da561a9d73ecb56bce3f50ea4cc0b68bdf6ee3a2c3da18a6b2fd024,240,65536,1,0,12,1,c06 c10 c15,c06 c10 c15,c06 c10 c15
sec_radius|shymkent_school|nc16|np25|br0.5|random_1_100|ms3|r100|s6,sec_radius,shymkent_school,16,25,0.5,random_1_100,3,100,6,1355,sha256:3ca72973fcfd03777288fce221dcdba52a885d63a9a4621eebfdf066ee3029a3,191,65536,1,0,12,2,c06 c10 c15,c06 c10 c15,c00 c06 c10
sec_radius|shymkent_school|nc16|np25|br0.5|random_1_100|ms3|r300|s6,sec_radius,shymkent_school,16,25,0.5,random_1_100,3,300,6,1355,sha256:d972ee2b796396bc92f5f3f5019b578824aa0b4a0861dae56fdef7da8d4fa1de,191,65536,1,0,12,1,c06 c10 c15,c06 c10 c15,c06 c10 c15
sec_radius|shymkent_school|nc16|np25|br0.5|random_1_100|ms3|r800|s6,sec_radius,shymkent_school,16,25,0.5,random_1_100,3,800,6,1355,sha256:ddf8f5ccfcad5ca04878aa273bee2427f5cad98449a71bb9e6b901918da675b7,191,65536,1,0,12,1,c06 c10 c15,c06 c10 c15,c06 c10 c15
sec_max_selected|shymkent_school|nc16|np25|br0.5|random_1_100|ms1|r300|s7,sec_max_selected,shymkent_school,16,25,0.5,random_1_100,1,300,7,1408,sha256:a931ac25772ad63a8ddc1f1eabe5bfb20fef0690921a91d1861a3c48916ff197,17,65536,0,0,4,2,c08,c09,c08
sec_max_selected|shymkent_school|nc16|np25|br0.5|random_1_100|ms2|r300|s7,sec_max_selected,shymkent_school,16,25,0.5,random_1_100,2,300,7,1408,sha256:40071cd5c3c57379d40bcddb6a24646095254f1a5f57c83252f256d569e937f9,108,65536,1,0,13,3,c03 c08,c05 c09,c05 c08
sec_max_selected|shymkent_school|nc16|np25|br0.5|random_1_100|ms5|r300|s7,sec_max_selected,shymkent_school,16,25,0.5,random_1_100,5,300,7,1408,sha256:efe66f43eb93a0ea00f3fdb3661e01a2fe088973ca81afc07d2090918c4b957f,445,65536,1,0,16,3,c03 c07 c08,c03 c05 c09 c13,c05 c07 c08
sec_radius|shymkent_school|nc16|np25|br0.5|random_1_100|ms3|r100|s7,sec_radius,shymkent_school,16,25,0.5,random_1_100,3,100,7,1408,sha256:8966e797a8197aa9c97f592d11b6b52702f6be54201fa4489a6048a24cf6c21b,291,65536,1,0,16,2,c03 c07 c08,c03 c09 c13,c03 c07 c08
sec_radius|shymkent_school|nc16|np25|br0.5|random_1_100|ms3|r300|s7,sec_radius,shymkent_school,16,25,0.5,random_1_100,3,300,7,1408,sha256:e14573448177577e2e27603d1fb0309dea388b7dfe70b25f84634c2e5cda3211,291,65536,1,0,16,3,c03 c07 c08,c03 c09 c13,c05 c07 c08
sec_radius|shymkent_school|nc16|np25|br0.5|random_1_100|ms3|r800|s7,sec_radius,shymkent_school,16,25,0.5,random_1_100,3,800,7,1408,sha256:78009c878b5381020e16d1cd261727d04e8f4f488eedea080b2a5984f21ee726,291,65536,1,0,16,3,c03 c07 c08,c03 c09 c13,c06 c08
sec_max_selected|shymkent_school|nc16|np25|br0.5|random_1_100|ms1|r300|s8,sec_max_selected,shymkent_school,16,25,0.5,random_1_100,1,300,8,1436,sha256:a367e1256ebfbfbe681d74b6e08525c0bef44e1d1a9c608d1a31f95dd223e032,17,65536,0,0,4,2,c10,c02,c10
sec_max_selected|shymkent_school|nc16|np25|br0.5|random_1_100|ms2|r300|s8,sec_max_selected,shymkent_school,16,25,0.5,random_1_100,2,300,8,1436,sha256:6b88bdcca4574a5d9fba06ac2a3ae7c5937a3a840cc368ad54f3214930453d85,99,65536,1,0,9,2,c10 c14,c10 c14,c06 c11
sec_max_selected|shymkent_school|nc16|np25|br0.5|random_1_100|ms5|r300|s8,sec_max_selected,shymkent_school,16,25,0.5,random_1_100,5,300,8,1436,sha256:9f0edf13468f54584a921a51115affef2bed58b13c5d307640df0e18acf97c3f,225,65536,1,0,13,2,c00 c10 c14,c06 c11 c14,c06 c11 c14
sec_radius|shymkent_school|nc16|np25|br0.5|random_1_100|ms3|r100|s8,sec_radius,shymkent_school,16,25,0.5,random_1_100,3,100,8,1436,sha256:d084aebf618c82a3d2d8fad4e96fa206dabce993f529ddf004a55042af37cbc5,195,65536,1,0,12,2,c00 c10 c14,c06 c11 c14,c00 c10 c14
sec_radius|shymkent_school|nc16|np25|br0.5|random_1_100|ms3|r300|s8,sec_radius,shymkent_school,16,25,0.5,random_1_100,3,300,8,1436,sha256:9f5b9a3530d11d46febe2dd6465c9ec432438f68d0861a8de74c1db9829684f6,195,65536,1,0,12,2,c00 c10 c14,c06 c11 c14,c06 c11 c14
sec_radius|shymkent_school|nc16|np25|br0.5|random_1_100|ms3|r800|s8,sec_radius,shymkent_school,16,25,0.5,random_1_100,3,800,8,1436,sha256:a47ade5a048001593180e394efc0feee2a1083cc49d32c8d3b25c4c93f44510e,195,65536,1,0,12,2,c00 c10 c14,c06 c11 c14,c00 c10 c14
sec_max_selected|shymkent_school|nc16|np25|br0.5|random_1_100|ms1|r300|s9,sec_max_selected,shymkent_school,16,25,0.5,random_1_100,1,300,9,1252,sha256:8625a96a50d74fa2f338b39ee42d8a11c4d417c7aba3881b1fb129053b19e629,17,65536,0,0,5,2,c08,c12,c08
sec_max_selected|shymkent_school|nc16|np25|br0.5|random_1_100|ms2|r300|s9,sec_max_selected,shymkent_school,16,25,0.5,random_1_100,2,300,9,1252,sha256:babd213234543ee773c527b1d134d99b7aee41d9fb53b073d8e72e3ec16c0004,120,65536,1,0,8,2,c08 c13,c08 c13,c03 c08
sec_max_selected|shymkent_school|nc16|np25|br0.5|random_1_100|ms5|r300|s9,sec_max_selected,shymkent_school,16,25,0.5,random_1_100,5,300,9,1252,sha256:09882af7f921641028e7d8d2c4bf7d39b352353b830c60d49686970070fd627b,917,65536,1,0,9,1,c03 c08 c13,c03 c08 c13,c03 c08 c13
sec_radius|shymkent_school|nc16|np25|br0.5|random_1_100|ms3|r100|s9,sec_radius,shymkent_school,16,25,0.5,random_1_100,3,100,9,1252,sha256:ef8706c889439deada52b47b28c41fab2b002b6ffa372a89d45c18dec4ddf9fe,403,65536,1,0,9,1,c03 c08 c13,c03 c08 c13,c03 c08 c13
sec_radius|shymkent_school|nc16|np25|br0.5|random_1_100|ms3|r300|s9,sec_radius,shymkent_school,16,25,0.5,random_1_100,3,300,9,1252,sha256:7c3b4fecd168fadb994e8e3e66dfc8fddfe085db98d3d36d728be273555f7eb7,403,65536,1,0,9,1,c03 c08 c13,c03 c08 c13,c03 c08 c13
sec_radius|shymkent_school|nc16|np25|br0.5|random_1_100|ms3|r800|s9,sec_radius,shymkent_school,16,25,0.5,random_1_100,3,800,9,1252,sha256:0de1b30c4ae11f02aae5ba1ca6df1b9119036d36f748d4135377ea9970a5fa49,403,65536,1,0,9,1,c03 c08 c13,c03 c08 c13,c03 c08 c13
sec_max_selected|astana_clinic|nc16|np25|br0.5|random_1_100|ms1|r300|s0,sec_max_selected,astana_clinic,16,25,0.5,random_1_100,1,300,0,1090,sha256:cd72bec31808271dff23b197ae5f5102a4742b8e5aaa9e4acb405333d635704a,17,65536,0,0,4,1,c09,c09,c09
sec_max_selected|astana_clinic|nc16|np25|br0.5|random_1_100|ms2|r300|s0,sec_max_selected,astana_clinic,16,25,0.5,random_1_100,2,300,0,1090,sha256:331fc9320b8ce3a9b362e7d4c8d6634c63520683c0210dd87767cf9816637e6c,123,65536,1,0,7,2,c05 c09,c01 c08,c05 c09
sec_max_selected|astana_clinic|nc16|np25|br0.5|random_1_100|ms5|r300|s0,sec_max_selected,astana_clinic,16,25,0.5,random_1_100,5,300,0,1090,sha256:ebe281f8157489c1aa6ae3c268bb4b667007042c293f4c2a546eaf7bfabe264c,1682,65536,1,0,15,2,c05 c09 c10 c13 c15,c05 c09 c10 c12 c13,c05 c09 c10 c13 c15
sec_radius|astana_clinic|nc16|np25|br0.5|random_1_100|ms3|r100|s0,sec_radius,astana_clinic,16,25,0.5,random_1_100,3,100,0,1090,sha256:2fd9327de6699dc98e0cfc7eb7253a2b93fefd72de6b722a1b69a92037188795,484,65536,1,0,10,3,c05 c09 c10,c05 c09 c13,c09 c10 c15
sec_radius|astana_clinic|nc16|np25|br0.5|random_1_100|ms3|r300|s0,sec_radius,astana_clinic,16,25,0.5,random_1_100,3,300,0,1090,sha256:1ae08535456617c8a00a0b4aeb4a78f9a195985b4605ca0247c53b2740f99c04,484,65536,1,0,10,2,c05 c09 c10,c05 c09 c13,c05 c09 c10
sec_radius|astana_clinic|nc16|np25|br0.5|random_1_100|ms3|r800|s0,sec_radius,astana_clinic,16,25,0.5,random_1_100,3,800,0,1090,sha256:349ddfe7fc562a8aabe497fe409c5a7efdf422db76c352be07f1b3f873e46b73,484,65536,1,0,10,2,c05 c09 c10,c05 c09 c13,c05 c09 c10
sec_max_selected|astana_clinic|nc16|np25|br0.5|random_1_100|ms1|r300|s1,sec_max_selected,astana_clinic,16,25,0.5,random_1_100,1,300,1,1362,sha256:44a34a8f7256ee83c279cfec717bcf7594c99d27de240d73acfc5f2f77b34bc9,17,65536,0,0,3,2,c07,c07,c01
sec_max_selected|astana_clinic|nc16|np25|br0.5|random_1_100|ms2|r300|s1,sec_max_selected,astana_clinic,16,25,0.5,random_1_100,2,300,1,1362,sha256:3fec1c08f8c7821cbcc8f5a24b2621529c8910841c65c64be7ad994215e867b4,100,65536,1,0,5,2,c07 c10,c07 c10,c01 c02
sec_max_selected|astana_clinic|nc16|np25|br0.5|random_1_100|ms5|r300|s1,sec_max_selected,astana_clinic,16,25,0.5,random_1_100,5,300,1,1362,sha256:bf24a28ea512e2099a260bfda2ea625b99b8b673e067dddd9af8e99e8716c62c,134,65536,1,0,7,2,c02 c07 c10,c02 c07 c10,c01 c02 c07
sec_radius|astana_clinic|nc16|np25|br0.5|random_1_100|ms3|r100|s1,sec_radius,astana_clinic,16,25,0.5,random_1_100,3,100,1,1362,sha256:e3f3f713515318ca7e924b0cccd439d544f24128d0d3b0a4ceda830771e1db90,134,65536,1,0,7,1,c02 c07 c10,c02 c07 c10,c02 c07 c10
sec_radius|astana_clinic|nc16|np25|br0.5|random_1_100|ms3|r300|s1,sec_radius,astana_clinic,16,25,0.5,random_1_100,3,300,1,1362,sha256:4493bf4b16389cb37d26c749c0ecb862fd56c023d377fe9c7f09a6f09cee1b9e,134,65536,1,0,7,2,c02 c07 c10,c02 c07 c10,c01 c02 c07
sec_radius|astana_clinic|nc16|np25|br0.5|random_1_100|ms3|r800|s1,sec_radius,astana_clinic,16,25,0.5,random_1_100,3,800,1,1362,sha256:c27c0067f9797f4e754dab36d22d707bc6a1db97e8d0c510ec525a261ea9001c,134,65536,1,0,7,1,c02 c07 c10,c02 c07 c10,c02 c07 c10
sec_max_selected|astana_clinic|nc16|np25|br0.5|random_1_100|ms1|r300|s2,sec_max_selected,astana_clinic,16,25,0.5,random_1_100,1,300,2,1421,sha256:643a321269d1836abaf83d265fd32938f6304af07bcfbd359fdef7126cb3a3e9,17,65536,0,0,4,2,c11,c11,c09
sec_max_selected|astana_clinic|nc16|np25|br0.5|random_1_100|ms2|r300|s2,sec_max_selected,astana_clinic,16,25,0.5,random_1_100,2,300,2,1421,sha256:835071c1ddc09fc7fe51f1189081188d2a88a5ed2ae1d534f6921b2d140e362b,105,65536,1,0,6,1,c09 c11,c09 c11,c09 c11
sec_max_selected|astana_clinic|nc16|np25|br0.5|random_1_100|ms5|r300|s2,sec_max_selected,astana_clinic,16,25,0.5,random_1_100,5,300,2,1421,sha256:6e455e6a4fa6d4bfae2bcc9b62be04dd90a5e5bd2d06b0764ec094ea6ccf457d,270,65536,1,0,7,3,c05 c08 c09,c07 c08 c09,c01 c05 c09
sec_radius|astana_clinic|nc16|np25|br0.5|random_1_100|ms3|r100|s2,sec_radius,astana_clinic,16,25,0.5,random_1_100,3,100,2,1421,sha256:61b7f98420502eff7770f0c1501edbc81a21cf1b0a9a3783e92138c51c5182b2,224,65536,1,0,7,3,c05 c08 c09,c07 c08 c09,c05 c09 c12
sec_radius|astana_clinic|nc16|np25|br0.5|random_1_100|ms3|r300|s2,sec_radius,astana_clinic,16,25,0.5,random_1_100,3,300,2,1421,sha256:29fabc1d69f65b7a76c578cd41ea593a48ee6e85e90b931ca71b46960c381ca7,224,65536,1,0,7,3,c05 c08 c09,c07 c08 c09,c01 c05 c09
sec_radius|astana_clinic|nc16|np25|br0.5|random_1_100|ms3|r800|s2,sec_radius,astana_clinic,16,25,0.5,random_1_100,3,800,2,1421,sha256:bfb4bba4bc596d1c5047c24d32f8470bd44340607d3545762e129105792f588b,224,65536,1,0,7,2,c05 c08 c09,c07 c08 c09,c05 c08 c09
sec_max_selected|astana_clinic|nc16|np25|br0.5|random_1_100|ms1|r300|s3,sec_max_selected,astana_clinic,16,25,0.5,random_1_100,1,300,3,1166,sha256:5d9b4b2fbb4d0f8e1020ec6a3f3f9c05a2d36419e0a677462aae46452e1a456f,17,65536,0,0,4,2,c09,c14,c09
sec_max_selected|astana_clinic|nc16|np25|br0.5|random_1_100|ms2|r300|s3,sec_max_selected,astana_clinic,16,25,0.5,random_1_100,2,300,3,1166,sha256:d1b1279e72226fbfa734e0b6a4be6f78935142a63ee5283d620107638e1deb57,117,65536,1,0,9,1,c09 c14,c09 c14,c09 c14
sec_max_selected|astana_clinic|nc16|np25|br0.5|random_1_100|ms5|r300|s3,sec_max_selected,astana_clinic,16,25,0.5,random_1_100,5,300,3,1166,sha256:18a91b2fd9248b6f7a971bd3321310a33ed90de42c082eb30b950e2425c2fa7c,370,65536,1,0,11,3,c04 c09 c12 c13,c08 c11 c14,c09 c14
sec_radius|astana_clinic|nc16|np25|br0.5|random_1_100|ms3|r100|s3,sec_radius,astana_clinic,16,25,0.5,random_1_100,3,100,3,1166,sha256:5bcdbbcab187f37e2bc3ddc22792d265fd722b528821b2c4509909f6f4dae9bd,296,65536,1,0,10,3,c08 c09 c12,c08 c11 c14,c09 c12 c13
sec_radius|astana_clinic|nc16|np25|br0.5|random_1_100|ms3|r300|s3,sec_radius,astana_clinic,16,25,0.5,random_1_100,3,300,3,1166,sha256:a66d53a60b9e4d7033dc1ca8797be7b0fec3ee7a0a83ac8e19f8d710c48819e2,296,65536,1,0,10,3,c08 c09 c12,c08 c11 c14,c09 c14
sec_radius|astana_clinic|nc16|np25|br0.5|random_1_100|ms3|r800|s3,sec_radius,astana_clinic,16,25,0.5,random_1_100,3,800,3,1166,sha256:7b8f2398aa32b140e626ffe88c29392cbad2f43deeb21426cc81a0a3471047fe,296,65536,1,0,10,2,c08 c09 c12,c08 c11 c14,c08 c09 c12
sec_max_selected|astana_clinic|nc16|np25|br0.5|random_1_100|ms1|r300|s4,sec_max_selected,astana_clinic,16,25,0.5,random_1_100,1,300,4,1365,sha256:0bef9b40d786b75092954c49938dfba8dcd8495a6edbbc053720b073b9cdde50,17,65536,0,0,4,1,c15,c15,c15
sec_max_selected|astana_clinic|nc16|np25|br0.5|random_1_100|ms2|r300|s4,sec_max_selected,astana_clinic,16,25,0.5,random_1_100,2,300,4,1365,sha256:41b4bfa88d1313df70bf78ba85cf701b7f2dc6da154e0a8a7734aab0168c075c,121,65536,1,0,7,2,c06 c15,c02 c15,c06 c15
sec_max_selected|astana_clinic|nc16|np25|br0.5|random_1_100|ms5|r300|s4,sec_max_selected,astana_clinic,16,25,0.5,random_1_100,5,300,4,1365,sha256:82bbfb17fa2132334ea22a34abefc92dcb994f93ea0335749554cdaa124bbf5d,578,65536,1,0,10,2,c03 c06 c15,c03 c06 c15,c06 c07 c15
sec_radius|astana_clinic|nc16|np25|br0.5|random_1_100|ms3|r100|s4,sec_radius,astana_clinic,16,25,0.5,random_1_100,3,100,4,1365,sha256:0258bee55874ab779ed756ae387638f7375f08c8234fc78c8a4d8488b1079b49,356,65536,1,0,10,2,c03 c06 c15,c03 c06 c15,c01 c06 c13
sec_radius|astana_clinic|nc16|np25|br0.5|random_1_100|ms3|r300|s4,sec_radius,astana_clinic,16,25,0.5,random_1_100,3,300,4,1365,sha256:e8f060beeb7c15975cf3d5e2524e169d871b79160116a7281e2e5bb5ade76d63,356,65536,1,0,10,2,c03 c06 c15,c03 c06 c15,c06 c07 c15
sec_radius|astana_clinic|nc16|np25|br0.5|random_1_100|ms3|r800|s4,sec_radius,astana_clinic,16,25,0.5,random_1_100,3,800,4,1365,sha256:446d333ce7c5dc93c540f764c333b0e26eab1c15bbffb740803060ba2d43249f,356,65536,1,0,10,1,c03 c06 c15,c03 c06 c15,c03 c06 c15
sec_max_selected|astana_clinic|nc16|np25|br0.5|random_1_100|ms1|r300|s5,sec_max_selected,astana_clinic,16,25,0.5,random_1_100,1,300,5,1344,sha256:5688c323ddb6984d9f69293933b962d428aa1f360be3dcdb60f82e6710b2af22,17,65536,0,0,2,2,c14,c14,c07
sec_max_selected|astana_clinic|nc16|np25|br0.5|random_1_100|ms2|r300|s5,sec_max_selected,astana_clinic,16,25,0.5,random_1_100,2,300,5,1344,sha256:8cbe59346992268f1e916fab7ffdb3943f0348b7dd6ae3e24f84ae435b7b6833,92,65536,1,0,4,2,c07 c14,c07 c13,c07 c14
sec_max_selected|astana_clinic|nc16|np25|br0.5|random_1_100|ms5|r300|s5,sec_max_selected,astana_clinic,16,25,0.5,random_1_100,5,300,5,1344,sha256:967c161c31db9930a88d000ed07f13549d85a008afb58d0e4f1b018dd12d0d83,243,65536,1,0,7,3,c07 c12 c14,c07 c13,c11 c14 c15
sec_radius|astana_clinic|nc16|np25|br0.5|random_1_100|ms3|r100|s5,sec_radius,astana_clinic,16,25,0.5,random_1_100,3,100,5,1344,sha256:a54420020a109239cbb86b5dbab3acd26786365767d29bf981de336a92c8d492,197,65536,1,0,7,2,c07 c12 c14,c07 c13,c07 c12 c14
sec_radius|astana_clinic|nc16|np25|br0.5|random_1_100|ms3|r300|s5,sec_radius,astana_clinic,16,25,0.5,random_1_100,3,300,5,1344,sha256:7d7ff1fbc85ffd0afd2d1ea4ae7838c00d5b90ce2cc342207b89443210f39024,197,65536,1,0,7,3,c07 c12 c14,c07 c13,c11 c14 c15
sec_radius|astana_clinic|nc16|np25|br0.5|random_1_100|ms3|r800|s5,sec_radius,astana_clinic,16,25,0.5,random_1_100,3,800,5,1344,sha256:401734020839fe72c69b5bcd9483d36649f31be5eb137ea0f65a783fb1b8b2b9,197,65536,1,0,7,2,c07 c12 c14,c07 c13,c07 c12 c14
sec_max_selected|astana_clinic|nc16|np25|br0.5|random_1_100|ms1|r300|s6,sec_max_selected,astana_clinic,16,25,0.5,random_1_100,1,300,6,1316,sha256:7edb7375b5dc93bfa9714bb989bf6f8eb89ccd98cf8d09a739ba381aae49d3e6,17,65536,0,0,5,2,c03,c03,c13
sec_max_selected|astana_clinic|nc16|np25|br0.5|random_1_100|ms2|r300|s6,sec_max_selected,astana_clinic,16,25,0.5,random_1_100,2,300,6,1316,sha256:b1237dfb01bc1f2e41f99cd488d5bc04dbeb38b95849c45472e9000b1c378251,115,65536,1,0,9,2,c03 c05,c03 c05,c05 c13
sec_max_selected|astana_clinic|nc16|np25|br0.5|random_1_100|ms5|r300|s6,sec_max_selected,astana_clinic,16,25,0.5,random_1_100,5,300,6,1316,sha256:42f906e748be0e12db9f4bab20cae25555a3729775dd0e2343f10f5c5d84b00d,554,65536,1,0,15,1,c00 c05 c09 c14,c00 c05 c09 c14,c00 c05 c09 c14
sec_radius|astana_clinic|nc16|np25|br0.5|random_1_100|ms3|r100|s6,sec_radius,astana_clinic,16,25,0.5,random_1_100,3,100,6,1316,sha256:b5117cce5a71e26381e0bb3931172c9e765deafc92fee9660931a7d0249aa90a,324,65536,1,0,11,1,c03 c05 c10,c03 c05 c10,c03 c05 c10
sec_radius|astana_clinic|nc16|np25|br0.5|random_1_100|ms3|r300|s6,sec_radius,astana_clinic,16,25,0.5,random_1_100,3,300,6,1316,sha256:f7e87d96e8929f20611185b3225a73c0fd72aa92081ca21b64cfecc3a23c039a,324,65536,1,0,11,2,c03 c05 c10,c03 c05 c10,c05 c09 c13
sec_radius|astana_clinic|nc16|np25|br0.5|random_1_100|ms3|r800|s6,sec_radius,astana_clinic,16,25,0.5,random_1_100,3,800,6,1316,sha256:0449cf564f8b5c0658dd0a40fd6da8c8a740c556dc2526c96d43b65318d64c12,324,65536,1,0,11,1,c03 c05 c10,c03 c05 c10,c03 c05 c10
sec_max_selected|astana_clinic|nc16|np25|br0.5|random_1_100|ms1|r300|s7,sec_max_selected,astana_clinic,16,25,0.5,random_1_100,1,300,7,1429,sha256:f3070dfbaa4b18a470ca167efab00c28e00c5f84ac160dbf3a257532e0ad88a9,17,65536,0,0,5,2,c15,c09,c15
sec_max_selected|astana_clinic|nc16|np25|br0.5|random_1_100|ms2|r300|s7,sec_max_selected,astana_clinic,16,25,0.5,random_1_100,2,300,7,1429,sha256:bcb65564d77df359cdc2f551f1d04f72557542bd1ca5f3df4cdd61429c30238b,114,65536,1,0,12,2,c10 c15,c06 c09,c10 c15
sec_max_selected|astana_clinic|nc16|np25|br0.5|random_1_100|ms5|r300|s7,sec_max_selected,astana_clinic,16,25,0.5,random_1_100,5,300,7,1429,sha256:692103a8155a7c2198bb2f1be28ae758e6f5c388e856af99c2e011e4cf2789de,456,65536,1,0,16,2,c01 c04 c10 c15,c01 c04 c06 c15,c01 c04 c10 c15
sec_radius|astana_clinic|nc16|np25|br0.5|random_1_100|ms3|r100|s7,sec_radius,astana_clinic,16,25,0.5,random_1_100,3,100,7,1429,sha256:e08fa0b3b868e03f5c905781343ee1cb431fdb349250665affc9dc31c2b7c77b,318,65536,1,0,17,2,c06 c10 c15,c04 c06 c15,c06 c10 c15
sec_radius|astana_clinic|nc16|np25|br0.5|random_1_100|ms3|r300|s7,sec_radius,astana_clinic,16,25,0.5,random_1_100,3,300,7,1429,sha256:11aa658232f67ccc61ca6e88328f3251bedf963cc3a95fa9da27af66800a7d71,318,65536,1,0,17,2,c06 c10 c15,c04 c06 c15,c06 c10 c15
sec_radius|astana_clinic|nc16|np25|br0.5|random_1_100|ms3|r800|s7,sec_radius,astana_clinic,16,25,0.5,random_1_100,3,800,7,1429,sha256:4c982bddc6076001dab4e3142a2999c3f3a93af97162348ab00404fc24c40df7,318,65536,1,0,17,2,c06 c10 c15,c04 c06 c15,c06 c10 c15
sec_max_selected|astana_clinic|nc16|np25|br0.5|random_1_100|ms1|r300|s8,sec_max_selected,astana_clinic,16,25,0.5,random_1_100,1,300,8,1408,sha256:13488f785e6de5bb552b79e0505f786d88f468889262f70d98bd25a1042e2226,17,65536,0,0,3,2,c11,c11,c09
sec_max_selected|astana_clinic|nc16|np25|br0.5|random_1_100|ms2|r300|s8,sec_max_selected,astana_clinic,16,25,0.5,random_1_100,2,300,8,1408,sha256:ed96280260b0ff8f97de4ffb57fb2468a36c8df35a0691d9cd43ed63fe21bac8,118,65536,1,0,4,2,c00 c11,c00 c11,c00 c09
sec_max_selected|astana_clinic|nc16|np25|br0.5|random_1_100|ms5|r300|s8,sec_max_selected,astana_clinic,16,25,0.5,random_1_100,5,300,8,1408,sha256:7f700e5b34173e01ba82cdd19e0df8578d4342c37dcc7c0443c4cc45eefd1f26,539,65536,1,0,6,2,c00 c11,c00 c11,c00 c09 c13
sec_radius|astana_clinic|nc16|np25|br0.5|random_1_100|ms3|r100|s8,sec_radius,astana_clinic,16,25,0.5,random_1_100,3,100,8,1408,sha256:ed044ba0c08908f3ab5fd4a43906c868269eeebc7fcdbfc4c2c06e746342f1f7,345,65536,1,0,6,1,c00 c11,c00 c11,c00 c11
sec_radius|astana_clinic|nc16|np25|br0.5|random_1_100|ms3|r300|s8,sec_radius,astana_clinic,16,25,0.5,random_1_100,3,300,8,1408,sha256:14e7e04a93e204090142b233e0aab3f652f49704cd17c684d269b29e7f3c933d,345,65536,1,0,6,2,c00 c11,c00 c11,c00 c09 c13
sec_radius|astana_clinic|nc16|np25|br0.5|random_1_100|ms3|r800|s8,sec_radius,astana_clinic,16,25,0.5,random_1_100,3,800,8,1408,sha256:672385dfe0053a7ec5c88f43c4695135fc76218bbdfc75d0a79e1f8a4b9c09aa,345,65536,1,0,6,1,c00 c11,c00 c11,c00 c11
sec_max_selected|astana_clinic|nc16|np25|br0.5|random_1_100|ms1|r300|s9,sec_max_selected,astana_clinic,16,25,0.5,random_1_100,1,300,9,1226,sha256:55e4c2dff8ef657cec6f160ed73440150d8c7a4353b374cbe123ed1bffcbd346,17,65536,0,0,4,1,c01,c01,c01
sec_max_selected|astana_clinic|nc16|np25|br0.5|random_1_100|ms2|r300|s9,sec_max_selected,astana_clinic,16,25,0.5,random_1_100,2,300,9,1226,sha256:3350cca69c986935e56ab4d7c4bf5d0418585411759397545092d5da55f09088,97,65536,1,0,6,1,c01 c11,c01 c11,c01 c11
sec_max_selected|astana_clinic|nc16|np25|br0.5|random_1_100|ms5|r300|s9,sec_max_selected,astana_clinic,16,25,0.5,random_1_100,5,300,9,1226,sha256:ebdfd99e35c6521b2bf891e3f3ff8a849f523ba7d2ae1055baa45231da8ee9be,188,65536,1,0,6,1,c01 c11,c01 c11,c01 c11
sec_radius|astana_clinic|nc16|np25|br0.5|random_1_100|ms3|r100|s9,sec_radius,astana_clinic,16,25,0.5,random_1_100,3,100,9,1226,sha256:a8b1dc9bfba8b29976cfb74c22e8527d8e017ede5bec9c30771132fdd25951c5,175,65536,1,0,6,2,c01 c11,c01 c11,c01 c05
sec_radius|astana_clinic|nc16|np25|br0.5|random_1_100|ms3|r300|s9,sec_radius,astana_clinic,16,25,0.5,random_1_100,3,300,9,1226,sha256:965b26c9e67d074d7cbdc2dd096ad467c2d6a9bc4d32f91f6cdfd6f60d8ad8a3,175,65536,1,0,6,1,c01 c11,c01 c11,c01 c11
sec_radius|astana_clinic|nc16|np25|br0.5|random_1_100|ms3|r800|s9,sec_radius,astana_clinic,16,25,0.5,random_1_100,3,800,9,1226,sha256:a75dbee413044aa4e0c4a1945f4b1fb92c2e5b5db43df7af49a5106f3203893d,175,65536,1,0,6,1,c01 c11,c01 c11,c01 c11
sec_max_selected|astana_clinic_nobase|nc16|np25|br0.5|random_1_100|ms1|r300|s0,sec_max_selected,astana_clinic_nobase,16,25,0.5,random_1_100,1,300,0,1090,sha256:b61c986a74c68d7cc1abfa40b795d265fbbe2fc29a5f1634533a11da3b2baec6,17,65536,0,25,4,3,c13,c01,c15
sec_max_selected|astana_clinic_nobase|nc16|np25|br0.5|random_1_100|ms2|r300|s0,sec_max_selected,astana_clinic_nobase,16,25,0.5,random_1_100,2,300,0,1090,sha256:2bfefe66f26fae53f6441901a8a44f9ac947ca14ddcbb73d66f92bc38e8bdc7f,123,65536,1,25,5,2,c05 c10,c05 c10,c09 c15
sec_max_selected|astana_clinic_nobase|nc16|np25|br0.5|random_1_100|ms5|r300|s0,sec_max_selected,astana_clinic_nobase,16,25,0.5,random_1_100,5,300,0,1090,sha256:7e62efb2ed32e806b63b0dc35d862c23894297b26fa033868b6ae73820917b67,1682,65536,1,25,13,3,c07 c09 c10 c14 c15,c03 c08 c10 c14 c15,c02 c07 c09 c10 c15
sec_radius|astana_clinic_nobase|nc16|np25|br0.5|random_1_100|ms3|r100|s0,sec_radius,astana_clinic_nobase,16,25,0.5,random_1_100,3,100,0,1090,sha256:e4a5464d936d381352030a7f3e288eedeaf9cbd70fb5d564dc7f2e805949a14d,484,65536,1,25,5,2,c09 c10 c15,c06 c09 c10,c09 c10 c15
sec_radius|astana_clinic_nobase|nc16|np25|br0.5|random_1_100|ms3|r300|s0,sec_radius,astana_clinic_nobase,16,25,0.5,random_1_100,3,300,0,1090,sha256:b6d0cfc06413a14fb09244e86518490d593a16f26d5b2478f099bed9e0549294,484,65536,1,25,5,2,c09 c10 c15,c06 c09 c10,c09 c10 c15
sec_radius|astana_clinic_nobase|nc16|np25|br0.5|random_1_100|ms3|r800|s0,sec_radius,astana_clinic_nobase,16,25,0.5,random_1_100,3,800,0,1090,sha256:9588e5386b7f7384863aded9d844767540e912c40cd7e81e58c98b6b325fc088,484,65536,1,25,5,3,c09 c10 c15,c06 c09 c10,c03 c05 c12
sec_max_selected|astana_clinic_nobase|nc16|np25|br0.5|random_1_100|ms1|r300|s1,sec_max_selected,astana_clinic_nobase,16,25,0.5,random_1_100,1,300,1,1362,sha256:23299f5c1abfded7c525d464ee79e0507d20bf4f2bb3599cafdc4152ecb1c9df,17,65536,0,25,3,1,c00,c00,c00
sec_max_selected|astana_clinic_nobase|nc16|np25|br0.5|random_1_100|ms2|r300|s1,sec_max_selected,astana_clinic_nobase,16,25,0.5,random_1_100,2,300,1,1362,sha256:6386794b1f3a4ca65d75446295806236f55fe20588a79c1dd9c6adeebfb86d86,100,65536,1,25,7,2,c00 c01,c03 c07,c00 c01
sec_max_selected|astana_clinic_nobase|nc16|np25|br0.5|random_1_100|ms5|r300|s1,sec_max_selected,astana_clinic_nobase,16,25,0.5,random_1_100,5,300,1,1362,sha256:ba267f6807cc129e7c959c915f91fa6cdb16973cafe7b90ad4e68b0a984091e7,134,65536,1,25,8,3,c00 c02 c07,c02 c07 c10,c00 c01 c02
sec_radius|astana_clinic_nobase|nc16|np25|br0.5|random_1_100|ms3|r100|s1,sec_radius,astana_clinic_nobase,16,25,0.5,random_1_100,3,100,1,1362,sha256:17b5777edadf059dfa7631292c02317feb108514ca149a1c98a3330f176cb592,134,65536,1,25,8,2,c00 c02 c07,c02 c07 c10,c02 c07 c10
sec_radius|astana_clinic_nobase|nc16|np25|br0.5|random_1_100|ms3|r300|s1,sec_radius,astana_clinic_nobase,16,25,0.5,random_1_100,3,300,1,1362,sha256:316ee41e6c31a1697d52da4a928fb4c14722914b211265f4f7ecde0cbfc49acb,134,65536,1,25,8,3,c00 c02 c07,c02 c07 c10,c00 c01 c02
sec_radius|astana_clinic_nobase|nc16|np25|br0.5|random_1_100|ms3|r800|s1,sec_radius,astana_clinic_nobase,16,25,0.5,random_1_100,3,800,1,1362,sha256:e5dc7df74e61ad7750d9fae903b7785f53ed600fe97a3ec6f22a1410c5364f59,134,65536,1,25,8,3,c00 c02 c07,c02 c07 c10,c02 c05 c07
sec_max_selected|astana_clinic_nobase|nc16|np25|br0.5|random_1_100|ms1|r300|s2,sec_max_selected,astana_clinic_nobase,16,25,0.5,random_1_100,1,300,2,1421,sha256:87a12170a4de04d7b1f5433350aa7575abde13bcc82ba4c5a1999e1f164a8922,17,65536,0,25,4,2,c09,c09,c08
sec_max_selected|astana_clinic_nobase|nc16|np25|br0.5|random_1_100|ms2|r300|s2,sec_max_selected,astana_clinic_nobase,16,25,0.5,random_1_100,2,300,2,1421,sha256:361e4c3ec64f374b46c2a1264f0f8d41ce249a74f13c380431caab8d318bd453,105,65536,1,25,7,3,c08 c09,c07 c15,c03 c08
sec_max_selected|astana_clinic_nobase|nc16|np25|br0.5|random_1_100|ms5|r300|s2,sec_max_selected,astana_clinic_nobase,16,25,0.5,random_1_100,5,300,2,1421,sha256:a8d53560b96c71e15bf904fa3a3c67473507b0010795672a1b4e4bf582291e7c,270,65536,1,25,14,1,c01 c08 c09 c13 c14,c01 c08 c09 c13 c14,c01 c08 c09 c13 c14
sec_radius|astana_clinic_nobase|nc16|np25|br0.5|random_1_100|ms3|r100|s2,sec_radius,astana_clinic_nobase,16,25,0.5,random_1_100,3,100,2,1421,sha256:09d76f71835cfd0e56e50344050b2c1b32295e25ddae51d64d3e185e80d610f5,224,65536,1,25,10,2,c01 c08 c14,c01 c08 c14,c05 c12 c13
sec_radius|astana_clinic_nobase|nc16|np25|br0.5|random_1_100|ms3|r300|s2,sec_radius,astana_clinic_nobase,16,25,0.5,random_1_100,3,300,2,1421,sha256:930b8682011729323d14a24a74f464f5aa718bcd38b810e26daef5dc23fce106,224,65536,1,25,10,2,c01 c08 c14,c01 c08 c14,c01 c08 c12
sec_radius|astana_clinic_nobase|nc16|np25|br0.5|random_1_100|ms3|r800|s2,sec_radius,astana_clinic_nobase,16,25,0.5,random_1_100,3,800,2,1421,sha256:29c97eebcb9b7e7b73df2eff0a54c6d85ae12f0df9bc48e8bc58605e79ec2e6f,224,65536,1,25,10,1,c01 c08 c14,c01 c08 c14,c01 c08 c14
sec_max_selected|astana_clinic_nobase|nc16|np25|br0.5|random_1_100|ms1|r300|s3,sec_max_selected,astana_clinic_nobase,16,25,0.5,random_1_100,1,300,3,1166,sha256:137c859fc11d451106d4faab854fbf28193b08bc66ecfcca6b6988ae348b1f54,17,65536,0,25,4,1,c09,c09,c09
sec_max_selected|astana_clinic_nobase|nc16|np25|br0.5|random_1_100|ms2|r300|s3,sec_max_selected,astana_clinic_nobase,16,25,0.5,random_1_100,2,300,3,1166,sha256:c7e6e4d6a42780d649962ac8ece591102e16c3737634752f6d09d6e1050878a6,117,65536,1,25,8,3,c10 c15,c04 c06,c05 c09
sec_max_selected|astana_clinic_nobase|nc16|np25|br0.5|random_1_100|ms5|r300|s3,sec_max_selected,astana_clinic_nobase,16,25,0.5,random_1_100,5,300,3,1166,sha256:9753e54f8b5d945398f825f54914879a8f08ab7ed357a97f110dc2171072da76,370,65536,1,25,10,2,c04 c09 c13 c15,c04 c09 c13 c15,c05 c09 c15
sec_radius|astana_clinic_nobase|nc16|np25|br0.5|random_1_100|ms3|r100|s3,sec_radius,astana_clinic_nobase,16,25,0.5,random_1_100,3,100,3,1166,sha256:c9e2677c9be61e8b5187ca5f19d35f9494f3a3e7d0f5c5c8b768af58f4aa95b1,296,65536,1,25,8,3,c04 c09 c15,c04 c08 c15,c09 c12 c13
sec_radius|astana_clinic_nobase|nc16|np25|br0.5|random_1_100|ms3|r300|s3,sec_radius,astana_clinic_nobase,16,25,0.5,random_1_100,3,300,3,1166,sha256:5072bc5aabd70cb685f70b5a5fa5f9720c19383474d7b2c9846d09ad6df0711d,296,65536,1,25,8,3,c04 c09 c15,c04 c08 c15,c05 c09 c15
sec_radius|astana_clinic_nobase|nc16|np25|br0.5|random_1_100|ms3|r800|s3,sec_radius,astana_clinic_nobase,16,25,0.5,random_1_100,3,800,3,1166,sha256:9b5a58cf5ad6b2b7100071c6e284f0ba8bfef25f739e2af36113a982715e0c8a,296,65536,1,25,8,2,c04 c09 c15,c04 c08 c15,c04 c08 c15
sec_max_selected|astana_clinic_nobase|nc16|np25|br0.5|random_1_100|ms1|r300|s4,sec_max_selected,astana_clinic_nobase,16,25,0.5,random_1_100,1,300,4,1365,sha256:ff572b5bd69170207aa5e74ae4737b537e7e2996ea8a7287d75c575d258ff5a4,17,65536,0,25,5,2,c02,c02,c15
sec_max_selected|astana_clinic_nobase|nc16|np25|br0.5|random_1_100|ms2|r300|s4,sec_max_selected,astana_clinic_nobase,16,25,0.5,random_1_100,2,300,4,1365,sha256:cd8da2fd6900aa84bd9fc7320dbddf46d77340cd7b715c446c10088b517b32ad,121,65536,1,25,11,3,c00 c08,c00 c12,c06 c15
sec_max_selected|astana_clinic_nobase|nc16|np25|br0.5|random_1_100|ms5|r300|s4,sec_max_selected,astana_clinic_nobase,16,25,0.5,random_1_100,5,300,4,1365,sha256:efb7a1062e9ecfe386e23bd046ae2b5071adcee3f79e7844fa04bc1eb02e9a84,578,65536,1,25,13,3,c00 c03 c10 c13,c02 c06 c07 c10 c13,c06 c07 c15
sec_radius|astana_clinic_nobase|nc16|np25|br0.5|random_1_100|ms3|r100|s4,sec_radius,astana_clinic_nobase,16,25,0.5,random_1_100,3,100,4,1365,sha256:e75cdf1484bb6045198f4da73e195e99581f671dc604901595a837beb0967b71,356,65536,1,25,11,3,c00 c08 c13,c02 c06 c13,c00 c01 c06
sec_radius|astana_clinic_nobase|nc16|np25|br0.5|random_1_100|ms3|r300|s4,sec_radius,astana_clinic_nobase,16,25,0.5,random_1_100,3,300,4,1365,sha256:269a167fd71e35129798bea2c9da3584b5a691f9085d0de1186749de0941591b,356,65536,1,25,11,3,c00 c08 c13,c02 c06 c13,c06 c07 c15
sec_radius|astana_clinic_nobase|nc16|np25|br0.5|random_1_100|ms3|r800|s4,sec_radius,astana_clinic_nobase,16,25,0.5,random_1_100,3,800,4,1365,sha256:6c2bff664857ae89bed795c23cc9c8b2574edf26dabdcd265f15531579288b8d,356,65536,1,25,11,3,c00 c08 c13,c02 c06 c13,c02 c07 c13
sec_max_selected|astana_clinic_nobase|nc16|np25|br0.5|random_1_100|ms1|r300|s5,sec_max_selected,astana_clinic_nobase,16,25,0.5,random_1_100,1,300,5,1344,sha256:e3f655e8707117b3438ed067428c929ac55f5f373f3ec76b63ce52058285d7f7,17,65536,0,25,1,2,c14,c14,c07
sec_max_selected|astana_clinic_nobase|nc16|np25|br0.5|random_1_100|ms2|r300|s5,sec_max_selected,astana_clinic_nobase,16,25,0.5,random_1_100,2,300,5,1344,sha256:8f169f26d9ae7b860c76cf4cb0385a628093be58e53f10e0954ddf8b0fc8c3c6,92,65536,1,25,4,2,c07 c14,c03 c08,c07 c14
sec_max_selected|astana_clinic_nobase|nc16|np25|br0.5|random_1_100|ms5|r300|s5,sec_max_selected,astana_clinic_nobase,16,25,0.5,random_1_100,5,300,5,1344,sha256:03e357c0d6ab1d864c9668589ed046ba9cacc610547311e06e490b6a5d7417cf,243,65536,1,25,11,2,c01 c04 c12 c14,c01 c04 c12 c14,c05 c07 c12 c14
sec_radius|astana_clinic_nobase|nc16|np25|br0.5|random_1_100|ms3|r100|s5,sec_radius,astana_clinic_nobase,16,25,0.5,random_1_100,3,100,5,1344,sha256:63353966b71625597af8f20012b24aaa7fef126a05c8bc2c11b7ad0dd3a036ba,197,65536,1,25,6,2,c07 c12 c14,c01 c02 c14,c07 c12 c14
sec_radius|astana_clinic_nobase|nc16|np25|br0.5|random_1_100|ms3|r300|s5,sec_radius,astana_clinic_nobase,16,25,0.5,random_1_100,3,300,5,1344,sha256:9ff6eddf979e6147ec0acbd73aa05b9a8d3ba746d7024cc7f70a922d54766aff,197,65536,1,25,6,2,c07 c12 c14,c01 c02 c14,c07 c12 c14
sec_radius|astana_clinic_nobase|nc16|np25|br0.5|random_1_100|ms3|r800|s5,sec_radius,astana_clinic_nobase,16,25,0.5,random_1_100,3,800,5,1344,sha256:4c4a0e58af6648f21393dda769414afaa3f6c8b887f262c4da87256bed8d3be3,197,65536,1,25,6,2,c07 c12 c14,c01 c02 c14,c07 c12 c14
sec_max_selected|astana_clinic_nobase|nc16|np25|br0.5|random_1_100|ms1|r300|s6,sec_max_selected,astana_clinic_nobase,16,25,0.5,random_1_100,1,300,6,1316,sha256:26271e05b5f7ceed538def0b904d20b8ce2393667744d49592d23dfbf5759d47,17,65536,0,25,3,3,c04,c10,c05
sec_max_selected|astana_clinic_nobase|nc16|np25|br0.5|random_1_100|ms2|r300|s6,sec_max_selected,astana_clinic_nobase,16,25,0.5,random_1_100,2,300,6,1316,sha256:afc73f9a535ef2a2fcb14f53fc41d17e390b5c27e60a7ca749b3586deb5a7bc5,115,65536,1,25,8,3,c00 c05,c04 c10,c05 c09
sec_max_selected|astana_clinic_nobase|nc16|np25|br0.5|random_1_100|ms5|r300|s6,sec_max_selected,astana_clinic_nobase,16,25,0.5,random_1_100,5,300,6,1316,sha256:b2a94ef43ff9684412ae85843d31b4c9bc9be5c2345133ba9aecaa6a4a548511,554,65536,1,25,23,3,c00 c05 c07 c09 c10,c04 c05 c07 c09 c10,c00 c05 c09 c14
sec_radius|astana_clinic_nobase|nc16|np25|br0.5|random_1_100|ms3|r100|s6,sec_radius,astana_clinic_nobase,16,25,0.5,random_1_100,3,100,6,1316,sha256:bb220c731c894e6ffb470c2b9af5d1e90e9500b67387c75e0eb23330ffbe9582,324,65536,1,25,12,3,c00 c05 c10,c04 c05 c10,c03 c09 c10
sec_radius|astana_clinic_nobase|nc16|np25|br0.5|random_1_100|ms3|r300|s6,sec_radius,astana_clinic_nobase,16,25,0.5,random_1_100,3,300,6,1316,sha256:f3dde509697a74e783f9346ea334727724e24ed2207a11e764094ab7884a309a,324,65536,1,25,12,3,c00 c05 c10,c04 c05 c10,c00 c05 c09
sec_radius|astana_clinic_nobase|nc16|np25|br0.5|random_1_100|ms3|r800|s6,sec_radius,astana_clinic_nobase,16,25,0.5,random_1_100,3,800,6,1316,sha256:a55b741c7d74e47ecb71aa6bdc5e5a2458b06a5c3cae7f3687ec7dd93e288fc9,324,65536,1,25,12,3,c00 c05 c10,c04 c05 c10,c06 c14 c15
sec_max_selected|astana_clinic_nobase|nc16|np25|br0.5|random_1_100|ms1|r300|s7,sec_max_selected,astana_clinic_nobase,16,25,0.5,random_1_100,1,300,7,1429,sha256:8671a88e55a4b463b2b672168c09d7f0e0f4529d2d5e2b2906d1aef71b74bcdf,17,65536,0,25,3,2,c11,c01,c11
sec_max_selected|astana_clinic_nobase|nc16|np25|br0.5|random_1_100|ms2|r300|s7,sec_max_selected,astana_clinic_nobase,16,25,0.5,random_1_100,2,300,7,1429,sha256:7c465deedc0193e57cc07135c10dc5f7f8d8a5b1d9f4d25d219346582524ae4d,114,65536,1,25,9,2,c06 c11,c03 c14,c06 c11
sec_max_selected|astana_clinic_nobase|nc16|np25|br0.5|random_1_100|ms5|r300|s7,sec_max_selected,astana_clinic_nobase,16,25,0.5,random_1_100,5,300,7,1429,sha256:a365ebc04d760cf3c148b7429c66743f95a4377bfa05f2a796b62ebba95ed4ee,456,65536,1,25,18,3,c00 c04 c06 c12 c15,c00 c01 c04 c06 c07,c00 c04 c06 c14
sec_radius|astana_clinic_nobase|nc16|np25|br0.5|random_1_100|ms3|r100|s7,sec_radius,astana_clinic_nobase,16,25,0.5,random_1_100,3,100,7,1429,sha256:d0deee4192a4ade7a2c0be3d795c9fdd639e760a3cad27b394808e80202d6aa8,318,65536,1,25,13,2,c00 c06 c15,c00 c03 c04,c00 c06 c15
sec_radius|astana_clinic_nobase|nc16|np25|br0.5|random_1_100|ms3|r300|s7,sec_radius,astana_clinic_nobase,16,25,0.5,random_1_100,3,300,7,1429,sha256:58e854504f66bdd06920504309563b23c4411c4e60ae1ea7ab578f86d4fce2ab,318,65536,1,25,13,3,c00 c06 c15,c00 c03 c04,c00 c06 c08
sec_radius|astana_clinic_nobase|nc16|np25|br0.5|random_1_100|ms3|r800|s7,sec_radius,astana_clinic_nobase,16,25,0.5,random_1_100,3,800,7,1429,sha256:ad7e17c354dc493edcaaa4cf393de2de6db3aca930125821e63b75defbb0383f,318,65536,1,25,13,3,c00 c06 c15,c00 c03 c04,c05 c06 c15
sec_max_selected|astana_clinic_nobase|nc16|np25|br0.5|random_1_100|ms1|r300|s8,sec_max_selected,astana_clinic_nobase,16,25,0.5,random_1_100,1,300,8,1408,sha256:0013485fc69b0f85bd5a63d0dabaa2bda98ac5f3526f2798cd0e6bc7b0c30fae,17,65536,0,25,4,2,c13,c09,c13
sec_max_selected|astana_clinic_nobase|nc16|np25|br0.5|random_1_100|ms2|r300|s8,sec_max_selected,astana_clinic_nobase,16,25,0.5,random_1_100,2,300,8,1408,sha256:577f782e297136b108fae3a6f476bf17c27c4cd9a140322a1ddddb2d5f9de98c,118,65536,1,25,9,3,c00 c11,c00 c13,c09 c13
sec_max_selected|astana_clinic_nobase|nc16|np25|br0.5|random_1_100|ms5|r300|s8,sec_max_selected,astana_clinic_nobase,16,25,0.5,random_1_100,5,300,8,1408,sha256:2df65d5934175e348fe3e9e035e3531f377312f64e6a3154249257405f96e177,539,65536,1,25,12,3,c00 c04 c11,c00 c04 c06 c13,c00 c04 c09 c13
sec_radius|astana_clinic_nobase|nc16|np25|br0.5|random_1_100|ms3|r100|s8,sec_radius,astana_clinic_nobase,16,25,0.5,random_1_100,3,100,8,1408,sha256:803513967fb8f4035ba8abbea74e8fe01353ad288d643b01cbebd29a40b5e92b,345,65536,1,25,11,2,c00 c04 c11,c00 c04 c13,c00 c04 c11
sec_radius|astana_clinic_nobase|nc16|np25|br0.5|random_1_100|ms3|r300|s8,sec_radius,astana_clinic_nobase,16,25,0.5,random_1_100,3,300,8,1408,sha256:d7a73b52e98ede5dc5a48cc9011dacb11c6ccdb3b665b4624c609d7715e5cafe,345,65536,1,25,11,3,c00 c04 c11,c00 c04 c13,c04 c09 c13
sec_radius|astana_clinic_nobase|nc16|np25|br0.5|random_1_100|ms3|r800|s8,sec_radius,astana_clinic_nobase,16,25,0.5,random_1_100,3,800,8,1408,sha256:aa0677baff590a3e13986f3caef06ea088d3af84e4d17bc4c81f63edd911cbf4,345,65536,1,25,11,3,c00 c04 c11,c00 c04 c13,c00 c06 c13
sec_max_selected|astana_clinic_nobase|nc16|np25|br0.5|random_1_100|ms1|r300|s9,sec_max_selected,astana_clinic_nobase,16,25,0.5,random_1_100,1,300,9,1226,sha256:94e96c7049ceece874e76229ba20704a4d408828fcf181a9264ca05308a52cea,17,65536,0,25,3,1,c11,c11,c11
sec_max_selected|astana_clinic_nobase|nc16|np25|br0.5|random_1_100|ms2|r300|s9,sec_max_selected,astana_clinic_nobase,16,25,0.5,random_1_100,2,300,9,1226,sha256:d302f19e902b76bfe69441b80cfca6a4398b0f3dc9ba9831df8e91b802082be8,97,65536,1,25,6,3,c00 c11,c02 c11,c09 c11
sec_max_selected|astana_clinic_nobase|nc16|np25|br0.5|random_1_100|ms5|r300|s9,sec_max_selected,astana_clinic_nobase,16,25,0.5,random_1_100,5,300,9,1226,sha256:ebd985e4de4cf496eb169fd67d339d13e48803d7a543b123fbed9b0bcf00d6f4,188,65536,1,25,10,3,c00 c11 c15,c01 c04 c15,c09 c11
sec_radius|astana_clinic_nobase|nc16|np25|br0.5|random_1_100|ms3|r100|s9,sec_radius,astana_clinic_nobase,16,25,0.5,random_1_100,3,100,9,1226,sha256:1d14f3f5ce2a9b20e60b73362a034cb0e907b0c310ff31146a7ee3fc7c38b744,175,65536,1,25,10,3,c00 c11 c15,c01 c04 c15,c04 c05 c11
sec_radius|astana_clinic_nobase|nc16|np25|br0.5|random_1_100|ms3|r300|s9,sec_radius,astana_clinic_nobase,16,25,0.5,random_1_100,3,300,9,1226,sha256:437c5313a29987e8a441b54be13b05e658e575f5d547bb31df015815626dd17c,175,65536,1,25,10,3,c00 c11 c15,c01 c04 c15,c09 c11
sec_radius|astana_clinic_nobase|nc16|np25|br0.5|random_1_100|ms3|r800|s9,sec_radius,astana_clinic_nobase,16,25,0.5,random_1_100,3,800,9,1226,sha256:5d3adb2d14da1ce4b8104a5c6541e7f13175319fe309209a6226894c862d817c,175,65536,1,25,10,3,c00 c11 c15,c01 c04 c15,c00 c03 c14
