scenario_key,t_precompute_s,t_exact_all3_s,t_exact_full_output_s,t_G1_mean_s,t_G2_mean_s,t_G2id_mean_s,t_G1_minimax_s,t_G2_minimax_s,t_G2id_minimax_s,t_G1_coverage_s,t_G2_coverage_s,t_G2id_coverage_s
main|shymkent_school|nc6|np5|br0.25|uniform|ms3|r300|s0,0.000071069,0.000029892,0.000090065,0.000034600,0.000031926,0.000030088,0.000018098,0.000024667,0.000023364,0.000019016,0.000024619,0.000021752
main|shymkent_school|nc6|np5|br0.25|uniform|ms3|r300|s1,0.000070977,0.000030055,0.000099170,0.000019534,0.000029336,0.000030880,0.000019459,0.000030195,0.000027180,0.000019212,0.000022230,0.000023429
main|shymkent_school|nc6|np5|br0.25|uniform|ms3|r300|s2,0.000062533,0.000031572,0.000097295,0.000018520,0.000036124,0.000036827,0.000017710,0.000033472,0.000036075,0.000019614,0.000021731,0.000024498
main|shymkent_school|nc6|np5|br0.25|uniform|ms3|r300|s3,0.000067791,0.000037722,0.000100032,0.000025231,0.000041609,0.000040928,0.000024682,0.000040545,0.000042217,0.000025590,0.000043322,0.000043824
main|shymkent_school|nc6|np5|br0.25|uniform|ms3|r300|s4,0.000072067,0.000022244,0.000073724,0.000025127,0.000036620,0.000038401,0.000020413,0.000037688,0.000035085,0.000022302,0.000034793,0.000032449
main|shymkent_school|nc6|np5|br0.25|uniform|ms3|r300|s5,0.000116387,0.000028169,0.000095791,0.000021262,0.000038052,0.000034894,0.000021851,0.000037696,0.000038781,0.000019324,0.000030140,0.000030477
main|shymkent_school|nc6|np5|br0.25|uniform|ms3|r300|s6,0.000077521,0.000024989,0.000082560,0.000013175,0.000018719,0.000023379,0.000013959,0.000020070,0.000020224,0.000011855,0.000019408,0.000023270
main|shymkent_school|nc6|np5|br0.25|uniform|ms3|r300|s7,0.000113345,0.000049114,0.000160567,0.000034206,0.000052348,0.000055470,0.000033656,0.000041401,0.000037407,0.000033263,0.000039643,0.000038469
main|shymkent_school|nc6|np5|br0.25|uniform|ms3|r300|s8,0.000089113,0.000024890,0.000088043,0.000024548,0.000034438,0.000032085,0.000021376,0.000033724,0.000032863,0.000020105,0.000032275,0.000031208
main|shymkent_school|nc6|np5|br0.25|uniform|ms3|r300|s9,0.000077138,0.000042601,0.000123298,0.000026962,0.000040534,0.000040000,0.000026084,0.000041909,0.000039202,0.000024844,0.000032014,0.000029790
main|shymkent_school|nc6|np5|br0.25|random_1_100|ms3|r300|s0,0.000075258,0.000028958,0.000090283,0.000020513,0.000032178,0.000039449,0.000018350,0.000027795,0.000027587,0.000020629,0.000024940,0.000030520
main|shymkent_school|nc6|np5|br0.25|random_1_100|ms3|r300|s1,0.000075722,0.000031429,0.000114794,0.000025621,0.000039276,0.000032855,0.000023003,0.000034517,0.000035971,0.000023669,0.000025772,0.000027344
main|shymkent_school|nc6|np5|br0.25|random_1_100|ms3|r300|s2,0.000080971,0.000033623,0.000112503,0.000027145,0.000036179,0.000038443,0.000023370,0.000039493,0.000047947,0.000023997,0.000027349,0.000026219
main|shymkent_school|nc6|np5|br0.25|random_1_100|ms3|r300|s3,0.000077152,0.000038092,0.000114749,0.000028443,0.000049888,0.000047355,0.000027906,0.000052742,0.000046890,0.000028401,0.000047370,0.000064297
main|shymkent_school|nc6|np5|br0.25|random_1_100|ms3|r300|s4,0.000074534,0.000021787,0.000080578,0.000017490,0.000027124,0.000026927,0.000016060,0.000027582,0.000028153,0.000015277,0.000027980,0.000024817
main|shymkent_school|nc6|np5|br0.25|random_1_100|ms3|r300|s5,0.000077242,0.000020688,0.000078000,0.000017447,0.000030330,0.000029564,0.000017679,0.000028432,0.000034052,0.000016462,0.000027124,0.000026698
main|shymkent_school|nc6|np5|br0.25|random_1_100|ms3|r300|s6,0.000074664,0.000024439,0.000078082,0.000013807,0.000020477,0.000019264,0.000012620,0.000019299,0.000018655,0.000012309,0.000021131,0.000019001
main|shymkent_school|nc6|np5|br0.25|random_1_100|ms3|r300|s7,0.000075694,0.000036979,0.000114595,0.000025368,0.000046260,0.000044419,0.000027687,0.000037757,0.000032166,0.000024093,0.000031440,0.000031158
main|shymkent_school|nc6|np5|br0.25|random_1_100|ms3|r300|s8,0.000077681,0.000026704,0.000084196,0.000019740,0.000031069,0.000031643,0.000017648,0.000032403,0.000030253,0.000020929,0.000031364,0.000031580
main|shymkent_school|nc6|np5|br0.25|random_1_100|ms3|r300|s9,0.000072484,0.000039199,0.000133439,0.000026435,0.000041479,0.000039931,0.000034199,0.000056736,0.000069868,0.000035940,0.000043983,0.000041738
main|shymkent_school|nc6|np5|br0.25|one_heavy|ms3|r300|s0,0.000112928,0.000035098,0.000121845,0.000027559,0.000041823,0.000044500,0.000025392,0.000036103,0.000035478,0.000025924,0.000033332,0.000031615
main|shymkent_school|nc6|np5|br0.25|one_heavy|ms3|r300|s1,0.000075498,0.000034027,0.000109900,0.000025508,0.000035161,0.000038248,0.000023075,0.000034831,0.000034469,0.000022765,0.000029614,0.000031979
main|shymkent_school|nc6|np5|br0.25|one_heavy|ms3|r300|s2,0.000076832,0.000049813,0.000167771,0.000021999,0.000038733,0.000037201,0.000026611,0.000043855,0.000050398,0.000021912,0.000028420,0.000025149
main|shymkent_school|nc6|np5|br0.25|one_heavy|ms3|r300|s3,0.000077299,0.000046577,0.000132838,0.000021029,0.000049016,0.000052977,0.000029908,0.000055889,0.000050514,0.000028381,0.000050022,0.000046567
main|shymkent_school|nc6|np5|br0.25|one_heavy|ms3|r300|s4,0.000081547,0.000023604,0.000083410,0.000021168,0.000035492,0.000028605,0.000015616,0.000026748,0.000027280,0.000016187,0.000026516,0.000034251
main|shymkent_school|nc6|np5|br0.25|one_heavy|ms3|r300|s5,0.000087162,0.000021779,0.000073136,0.000016759,0.000029366,0.000031941,0.000014668,0.000031423,0.000031027,0.000015052,0.000025535,0.000024462
main|shymkent_school|nc6|np5|br0.25|one_heavy|ms3|r300|s6,0.000072741,0.000023537,0.000084591,0.000013115,0.000020954,0.000021140,0.000013166,0.000020039,0.000019763,0.000012618,0.000020021,0.000019918
main|shymkent_school|nc6|np5|br0.25|one_heavy|ms3|r300|s7,0.000079601,0.000035497,0.000114628,0.000026078,0.000040883,0.000046072,0.000026881,0.000030712,0.000031638,0.000023800,0.000036183,0.000030981
main|shymkent_school|nc6|np5|br0.25|one_heavy|ms3|r300|s8,0.000078008,0.000028018,0.000088540,0.000018844,0.000031788,0.000031416,0.000019215,0.000033486,0.000028650,0.000019361,0.000029759,0.000030992
main|shymkent_school|nc6|np5|br0.25|one_heavy|ms3|r300|s9,0.000075692,0.000041748,0.000128047,0.000033856,0.000047407,0.000053271,0.000026362,0.000045132,0.000039077,0.000025039,0.000035312,0.000032840
main|shymkent_school|nc6|np5|br0.5|uniform|ms3|r300|s0,0.000078332,0.000060137,0.000307365,0.000037095,0.000062530,0.000066022,0.000036080,0.000064696,0.000062291,0.000036467,0.000069596,0.000067430
main|shymkent_school|nc6|np5|br0.5|uniform|ms3|r300|s1,0.000118921,0.000112606,0.000308400,0.000051808,0.000082671,0.000079445,0.000052212,0.000083889,0.000080435,0.000052427,0.000060281,0.000059361
main|shymkent_school|nc6|np5|br0.5|uniform|ms3|r300|s2,0.000115945,0.000122385,0.000351815,0.000068533,0.000100792,0.000100626,0.000061270,0.000097952,0.000102430,0.000052717,0.000069158,0.000066109
main|shymkent_school|nc6|np5|br0.5|uniform|ms3|r300|s3,0.000133442,0.000127570,0.000313130,0.000063328,0.000096519,0.000093272,0.000063182,0.000099341,0.000095565,0.000068272,0.000078653,0.000079885
main|shymkent_school|nc6|np5|br0.5|uniform|ms3|r300|s4,0.000123911,0.000095263,0.000261013,0.000060088,0.000096179,0.000095957,0.000058368,0.000091760,0.000088460,0.000060068,0.000067977,0.000067850
main|shymkent_school|nc6|np5|br0.5|uniform|ms3|r300|s5,0.000129039,0.000066719,0.000195513,0.000037743,0.000071953,0.000073424,0.000050576,0.000095550,0.000094668,0.000038067,0.000069469,0.000067140
main|shymkent_school|nc6|np5|br0.5|uniform|ms3|r300|s6,0.000140776,0.000088948,0.000245775,0.000046987,0.000082229,0.000080942,0.000049139,0.000067544,0.000069188,0.000047102,0.000069630,0.000067264
main|shymkent_school|nc6|np5|br0.5|uniform|ms3|r300|s7,0.000127614,0.000111608,0.000316646,0.000072172,0.000111622,0.000104777,0.000071851,0.000065836,0.000068578,0.000068115,0.000066150,0.000066940
main|shymkent_school|nc6|np5|br0.5|uniform|ms3|r300|s8,0.000129880,0.000096327,0.000256109,0.000065296,0.000100056,0.000104521,0.000050609,0.000086840,0.000082793,0.000060627,0.000101037,0.000096100
main|shymkent_school|nc6|np5|br0.5|uniform|ms3|r300|s9,0.000129187,0.000115747,0.000360510,0.000068938,0.000100777,0.000103948,0.000060143,0.000095171,0.000095646,0.000071493,0.000072896,0.000066134
main|shymkent_school|nc6|np5|br0.5|random_1_100|ms3|r300|s0,0.000158954,0.000104846,0.000319420,0.000055542,0.000093888,0.000090945,0.000060931,0.000099991,0.000148376,0.000097765,0.000236370,0.000233186
main|shymkent_school|nc6|np5|br0.5|random_1_100|ms3|r300|s1,0.000319032,0.000367435,0.000758910,0.000095775,0.000153576,0.000128118,0.000097581,0.000089648,0.000088656,0.000062475,0.000066667,0.000067662
main|shymkent_school|nc6|np5|br0.5|random_1_100|ms3|r300|s2,0.000126133,0.000136493,0.000393600,0.000062274,0.000119024,0.000133656,0.000080233,0.000100844,0.000096250,0.000062767,0.000067388,0.000066569
main|shymkent_school|nc6|np5|br0.5|random_1_100|ms3|r300|s3,0.000129920,0.000132202,0.000364122,0.000068104,0.000098142,0.000094468,0.000069095,0.000096278,0.000100665,0.000070156,0.000087958,0.000078869
main|shymkent_school|nc6|np5|br0.5|random_1_100|ms3|r300|s4,0.000128419,0.000091239,0.000305805,0.000060120,0.000095970,0.000097420,0.000056255,0.000093568,0.000094323,0.000061776,0.000066893,0.000068581
main|shymkent_school|nc6|np5|br0.5|random_1_100|ms3|r300|s5,0.000126450,0.000070859,0.000208118,0.000039069,0.000076289,0.000078978,0.000050458,0.000096791,0.000119431,0.000037635,0.000067198,0.000076377
main|shymkent_school|nc6|np5|br0.5|random_1_100|ms3|r300|s6,0.000136589,0.000089974,0.000260478,0.000055331,0.000080583,0.000102530,0.000049721,0.000069367,0.000067268,0.000051749,0.000067566,0.000065910
main|shymkent_school|nc6|np5|br0.5|random_1_100|ms3|r300|s7,0.000142830,0.000119080,0.000351325,0.000087356,0.000109761,0.000108663,0.000072722,0.000067210,0.000067881,0.000071890,0.000080589,0.000077177
main|shymkent_school|nc6|np5|br0.5|random_1_100|ms3|r300|s8,0.000146513,0.000122462,0.000315573,0.000061892,0.000122524,0.000120789,0.000060472,0.000090449,0.000105927,0.000059819,0.000110784,0.000099681
main|shymkent_school|nc6|np5|br0.5|random_1_100|ms3|r300|s9,0.000135819,0.000130560,0.000329032,0.000062913,0.000091141,0.000077154,0.000045521,0.000075323,0.000089268,0.000058919,0.000057138,0.000056886
main|shymkent_school|nc6|np5|br0.5|one_heavy|ms3|r300|s0,0.000135476,0.000081004,0.000248011,0.000043054,0.000076132,0.000076001,0.000044052,0.000073596,0.000075563,0.000043504,0.000070955,0.000072676
main|shymkent_school|nc6|np5|br0.5|one_heavy|ms3|r300|s1,0.000121575,0.000131309,0.000324248,0.000060250,0.000113866,0.000091793,0.000061195,0.000094852,0.000084910,0.000066142,0.000059091,0.000073065
main|shymkent_school|nc6|np5|br0.5|one_heavy|ms3|r300|s2,0.000151701,0.000163492,0.000386080,0.000072194,0.000104582,0.000125735,0.000076836,0.000102675,0.000102340,0.000059676,0.000065802,0.000074016
main|shymkent_school|nc6|np5|br0.5|one_heavy|ms3|r300|s3,0.000143102,0.000162984,0.000400656,0.000083999,0.000133719,0.000120409,0.000091160,0.000123513,0.000121251,0.000065500,0.000080274,0.000102504
main|shymkent_school|nc6|np5|br0.5|one_heavy|ms3|r300|s4,0.000130041,0.000094554,0.000289757,0.000055520,0.000107991,0.000092964,0.000059395,0.000095094,0.000089355,0.000055553,0.000066861,0.000068233
main|shymkent_school|nc6|np5|br0.5|one_heavy|ms3|r300|s5,0.000130114,0.000070565,0.000222367,0.000038304,0.000095159,0.000082825,0.000053147,0.000105646,0.000096067,0.000037119,0.000068895,0.000067432
main|shymkent_school|nc6|np5|br0.5|one_heavy|ms3|r300|s6,0.000125342,0.000091632,0.000323797,0.000049913,0.000099215,0.000098830,0.000065091,0.000084696,0.000065265,0.000053158,0.000069809,0.000067678
main|shymkent_school|nc6|np5|br0.5|one_heavy|ms3|r300|s7,0.000149415,0.000132474,0.000385738,0.000084824,0.000124710,0.000110228,0.000069885,0.000066622,0.000081118,0.000067549,0.000064611,0.000066896
main|shymkent_school|nc6|np5|br0.5|one_heavy|ms3|r300|s8,0.000150217,0.000093067,0.000276391,0.000052446,0.000105975,0.000089683,0.000049971,0.000105112,0.000084436,0.000048640,0.000088593,0.000089859
main|shymkent_school|nc6|np5|br0.5|one_heavy|ms3|r300|s9,0.000127961,0.000156938,0.000379677,0.000123594,0.000209940,0.000246986,0.000111184,0.000179968,0.000193519,0.000120420,0.000133143,0.000123810
main|shymkent_school|nc6|np5|br0.75|uniform|ms3|r300|s0,0.000208706,0.000339533,0.000489603,0.000076389,0.000129049,0.000100850,0.000069135,0.000096114,0.000099596,0.000068495,0.000096295,0.000094831
main|shymkent_school|nc6|np5|br0.75|uniform|ms3|r300|s1,0.000147748,0.000195096,0.000530368,0.000080083,0.000119109,0.000106709,0.000063002,0.000109735,0.000095883,0.000065135,0.000072061,0.000081826
main|shymkent_school|nc6|np5|br0.75|uniform|ms3|r300|s2,0.000129001,0.000205872,0.000592762,0.000079789,0.000109058,0.000111867,0.000062528,0.000102156,0.000105420,0.000063910,0.000068127,0.000066460
main|shymkent_school|nc6|np5|br0.75|uniform|ms3|r300|s3,0.000150795,0.000212912,0.000596806,0.000091059,0.000148719,0.000124763,0.000077980,0.000150380,0.000129642,0.000091727,0.000096183,0.000099936
main|shymkent_school|nc6|np5|br0.75|uniform|ms3|r300|s4,0.000146687,0.000169718,0.000492808,0.000091062,0.000154084,0.000150224,0.000081154,0.000109354,0.000132804,0.000076031,0.000068779,0.000070715
main|shymkent_school|nc6|np5|br0.75|uniform|ms3|r300|s5,0.000138195,0.000153920,0.000390959,0.000065536,0.000115069,0.000100598,0.000062284,0.000110355,0.000111088,0.000080972,0.000066976,0.000084393
main|shymkent_school|nc6|np5|br0.75|uniform|ms3|r300|s6,0.000143036,0.000184918,0.000474680,0.000065443,0.000095330,0.000076325,0.000048398,0.000053542,0.000051907,0.000049190,0.000053744,0.000053083
main|shymkent_school|nc6|np5|br0.75|uniform|ms3|r300|s7,0.000116794,0.000163684,0.000457699,0.000083597,0.000125131,0.000132298,0.000091311,0.000061801,0.000064073,0.000088593,0.000074368,0.000062907
main|shymkent_school|nc6|np5|br0.75|uniform|ms3|r300|s8,0.000112340,0.000153770,0.000406202,0.000067817,0.000101042,0.000120404,0.000065904,0.000108936,0.000095924,0.000067897,0.000101428,0.000095365
main|shymkent_school|nc6|np5|br0.75|uniform|ms3|r300|s9,0.000122214,0.000145473,0.000547976,0.000068980,0.000074621,0.000107425,0.000073824,0.000111567,0.000101573,0.000066968,0.000056017,0.000067531
main|shymkent_school|nc6|np5|br0.75|random_1_100|ms3|r300|s0,0.000099365,0.000165331,0.000502206,0.000057843,0.000111614,0.000088845,0.000057839,0.000093789,0.000088352,0.000061513,0.000100798,0.000083643
main|shymkent_school|nc6|np5|br0.75|random_1_100|ms3|r300|s1,0.000094578,0.000154455,0.000493616,0.000061201,0.000091426,0.000090826,0.000049543,0.000087486,0.000093117,0.000069991,0.000060078,0.000066685
main|shymkent_school|nc6|np5|br0.75|random_1_100|ms3|r300|s2,0.000143679,0.000161982,0.000508725,0.000061539,0.000108311,0.000084941,0.000051782,0.000096040,0.000097032,0.000050133,0.000060432,0.000078754
main|shymkent_school|nc6|np5|br0.75|random_1_100|ms3|r300|s3,0.000140025,0.000176824,0.000426785,0.000072416,0.000088143,0.000094705,0.000080161,0.000123647,0.000115611,0.000053502,0.000067484,0.000105963
main|shymkent_school|nc6|np5|br0.75|random_1_100|ms3|r300|s4,0.000154613,0.000159402,0.000401669,0.000065673,0.000099084,0.000074661,0.000051514,0.000078020,0.000062512,0.000070473,0.000058410,0.000055658
main|shymkent_school|nc6|np5|br0.75|random_1_100|ms3|r300|s5,0.000124387,0.000132129,0.000376049,0.000054866,0.000114400,0.000100564,0.000057337,0.000106337,0.000121880,0.000067299,0.000072229,0.000064706
main|shymkent_school|nc6|np5|br0.75|random_1_100|ms3|r300|s6,0.000112465,0.000152846,0.000396288,0.000056180,0.000081486,0.000069504,0.000046209,0.000071321,0.000047780,0.000045456,0.000045913,0.000051936
main|shymkent_school|nc6|np5|br0.75|random_1_100|ms3|r300|s7,0.000078168,0.000164346,0.000452585,0.000077288,0.000090813,0.000149464,0.000077748,0.000084261,0.000068632,0.000077557,0.000050963,0.000051486
main|shymkent_school|nc6|np5|br0.75|random_1_100|ms3|r300|s8,0.000139666,0.000157148,0.000342018,0.000085072,0.000136061,0.000114867,0.000053952,0.000100694,0.000066647,0.000062880,0.000107518,0.000110258
main|shymkent_school|nc6|np5|br0.75|random_1_100|ms3|r300|s9,0.000121493,0.000198186,0.000439668,0.000070691,0.000089800,0.000082160,0.000069807,0.000085957,0.000083408,0.000058779,0.000062458,0.000058750
main|shymkent_school|nc6|np5|br0.75|one_heavy|ms3|r300|s0,0.000104873,0.000150042,0.000441728,0.000047584,0.000099267,0.000079744,0.000060004,0.000084661,0.000092471,0.000058364,0.000093266,0.000100204
main|shymkent_school|nc6|np5|br0.75|one_heavy|ms3|r300|s1,0.000139746,0.000193149,0.000491342,0.000055238,0.000070822,0.000058856,0.000041648,0.000086785,0.000092636,0.000040601,0.000068524,0.000045348
main|shymkent_school|nc6|np5|br0.75|one_heavy|ms3|r300|s2,0.000144589,0.000173453,0.000435468,0.000053851,0.000063703,0.000074643,0.000044820,0.000066397,0.000086160,0.000070658,0.000059254,0.000054644
main|shymkent_school|nc6|np5|br0.75|one_heavy|ms3|r300|s3,0.000136173,0.000181409,0.000467608,0.000092676,0.000153949,0.000125855,0.000098513,0.000096793,0.000102566,0.000098092,0.000120315,0.000083451
main|shymkent_school|nc6|np5|br0.75|one_heavy|ms3|r300|s4,0.000077694,0.000144990,0.000384070,0.000061850,0.000074151,0.000088946,0.000054145,0.000083828,0.000069263,0.000058787,0.000063287,0.000047713
main|shymkent_school|nc6|np5|br0.75|one_heavy|ms3|r300|s5,0.000097173,0.000137746,0.000316200,0.000057533,0.000109576,0.000081989,0.000040710,0.000084598,0.000079700,0.000042165,0.000045692,0.000051495
main|shymkent_school|nc6|np5|br0.75|one_heavy|ms3|r300|s6,0.000100466,0.000142824,0.000394865,0.000050752,0.000067496,0.000077145,0.000052840,0.000051325,0.000047973,0.000042055,0.000048539,0.000047087
main|shymkent_school|nc6|np5|br0.75|one_heavy|ms3|r300|s7,0.000076925,0.000127416,0.000338357,0.000055378,0.000084428,0.000085732,0.000053715,0.000050436,0.000051198,0.000054921,0.000050396,0.000045135
main|shymkent_school|nc6|np5|br0.75|one_heavy|ms3|r300|s8,0.000083672,0.000144561,0.000304941,0.000061454,0.000083398,0.000081455,0.000048402,0.000070163,0.000065122,0.000053607,0.000080403,0.000077502
main|shymkent_school|nc6|np5|br0.75|one_heavy|ms3|r300|s9,0.000077113,0.000134853,0.000382959,0.000041998,0.000063451,0.000060675,0.000042416,0.000065438,0.000064385,0.000042145,0.000045229,0.000044447
main|shymkent_school|nc6|np5|br1.0|uniform|ms3|r300|s0,0.000088699,0.000139889,0.000385952,0.000049995,0.000083205,0.000066655,0.000043612,0.000066028,0.000065745,0.000045027,0.000067845,0.000077166
main|shymkent_school|nc6|np5|br1.0|uniform|ms3|r300|s1,0.000092322,0.000146533,0.000472468,0.000041748,0.000074858,0.000071618,0.000043246,0.000078800,0.000068585,0.000051398,0.000044995,0.000047501
main|shymkent_school|nc6|np5|br1.0|uniform|ms3|r300|s2,0.000078466,0.000138171,0.000402393,0.000042355,0.000073869,0.000069093,0.000042971,0.000071610,0.000066732,0.000044010,0.000045900,0.000043168
main|shymkent_school|nc6|np5|br1.0|uniform|ms3|r300|s3,0.000076589,0.000178595,0.000412894,0.000056540,0.000086311,0.000087159,0.000059547,0.000081352,0.000081401,0.000057142,0.000065126,0.000071344
main|shymkent_school|nc6|np5|br1.0|uniform|ms3|r300|s4,0.000090624,0.000145296,0.000424273,0.000054768,0.000081403,0.000084220,0.000058232,0.000069232,0.000061340,0.000054654,0.000043130,0.000045906
main|shymkent_school|nc6|np5|br1.0|uniform|ms3|r300|s5,0.000092159,0.000162708,0.000363624,0.000058641,0.000111700,0.000115064,0.000080020,0.000090015,0.000080746,0.000055672,0.000044324,0.000042407
main|shymkent_school|nc6|np5|br1.0|uniform|ms3|r300|s6,0.000076920,0.000143346,0.000375397,0.000042993,0.000064034,0.000071092,0.000048472,0.000048637,0.000046550,0.000045498,0.000047106,0.000044281
main|shymkent_school|nc6|np5|br1.0|uniform|ms3|r300|s7,0.000083219,0.000146079,0.000429714,0.000059499,0.000082586,0.000076798,0.000055092,0.000046591,0.000042345,0.000057264,0.000049640,0.000046295
main|shymkent_school|nc6|np5|br1.0|uniform|ms3|r300|s8,0.000080504,0.000164837,0.000476337,0.000060018,0.000128664,0.000129204,0.000071866,0.000087638,0.000092492,0.000073498,0.000079229,0.000085293
main|shymkent_school|nc6|np5|br1.0|uniform|ms3|r300|s9,0.000080985,0.000187999,0.000444405,0.000045326,0.000083582,0.000063375,0.000046794,0.000066145,0.000074279,0.000045407,0.000046190,0.000044966
main|shymkent_school|nc6|np5|br1.0|random_1_100|ms3|r300|s0,0.000078055,0.000155552,0.000399135,0.000045895,0.000077699,0.000062504,0.000039596,0.000065304,0.000061258,0.000042698,0.000064549,0.000062473
main|shymkent_school|nc6|np5|br1.0|random_1_100|ms3|r300|s1,0.000078505,0.000154420,0.000402356,0.000039369,0.000066766,0.000061990,0.000041666,0.000065881,0.000083182,0.000043074,0.000043876,0.000044337
main|shymkent_school|nc6|np5|br1.0|random_1_100|ms3|r300|s2,0.000089123,0.000165697,0.000443850,0.000041522,0.000077243,0.000066277,0.000042935,0.000083545,0.000068057,0.000044019,0.000045171,0.000043550
main|shymkent_school|nc6|np5|br1.0|random_1_100|ms3|r300|s3,0.000080640,0.000144804,0.000404310,0.000055152,0.000085697,0.000085988,0.000055499,0.000083985,0.000081540,0.000057986,0.000061247,0.000063469
main|shymkent_school|nc6|np5|br1.0|random_1_100|ms3|r300|s4,0.000078607,0.000165680,0.000439711,0.000055950,0.000085501,0.000078666,0.000056909,0.000063553,0.000060250,0.000060350,0.000047709,0.000044159
main|shymkent_school|nc6|np5|br1.0|random_1_100|ms3|r300|s5,0.000078713,0.000139545,0.000353679,0.000055848,0.000085000,0.000086935,0.000054772,0.000085965,0.000082909,0.000054161,0.000043623,0.000043282
main|shymkent_school|nc6|np5|br1.0|random_1_100|ms3|r300|s6,0.000085097,0.000158221,0.000421330,0.000044668,0.000063966,0.000059922,0.000046062,0.000055659,0.000046318,0.000039944,0.000046282,0.000042589
main|shymkent_school|nc6|np5|br1.0|random_1_100|ms3|r300|s7,0.000076118,0.000140273,0.000382648,0.000054886,0.000082760,0.000080711,0.000059028,0.000046549,0.000043807,0.000055177,0.000043201,0.000042772
main|shymkent_school|nc6|np5|br1.0|random_1_100|ms3|r300|s8,0.000077535,0.000150336,0.000416644,0.000058025,0.000102129,0.000105754,0.000059171,0.000068448,0.000068053,0.000057290,0.000096542,0.000080487
main|shymkent_school|nc6|np5|br1.0|random_1_100|ms3|r300|s9,0.000084508,0.000175781,0.000400969,0.000041249,0.000066009,0.000063888,0.000039660,0.000062826,0.000061103,0.000040134,0.000043049,0.000042190
main|shymkent_school|nc6|np5|br1.0|one_heavy|ms3|r300|s0,0.000080195,0.000144489,0.000377866,0.000040811,0.000065309,0.000062936,0.000044960,0.000061841,0.000064345,0.000040789,0.000063129,0.000062398
main|shymkent_school|nc6|np5|br1.0|one_heavy|ms3|r300|s1,0.000078360,0.000137378,0.000487086,0.000051267,0.000065994,0.000064352,0.000045581,0.000068405,0.000060661,0.000042265,0.000044049,0.000042887
main|shymkent_school|nc6|np5|br1.0|one_heavy|ms3|r300|s2,0.000076814,0.000140506,0.000445809,0.000045152,0.000067200,0.000069902,0.000042972,0.000069795,0.000073123,0.000045038,0.000044433,0.000043537
main|shymkent_school|nc6|np5|br1.0|one_heavy|ms3|r300|s3,0.000078718,0.000148927,0.000511266,0.000065534,0.000104155,0.000106507,0.000064075,0.000099792,0.000080873,0.000054796,0.000061279,0.000070980
main|shymkent_school|nc6|np5|br1.0|one_heavy|ms3|r300|s4,0.000086242,0.000164259,0.000447964,0.000056752,0.000099041,0.000090177,0.000055397,0.000084118,0.000060753,0.000055351,0.000045124,0.000048835
main|shymkent_school|nc6|np5|br1.0|one_heavy|ms3|r300|s5,0.000077748,0.000153298,0.000388548,0.000052867,0.000091808,0.000093172,0.000057693,0.000090640,0.000086611,0.000067906,0.000052050,0.000043832
main|shymkent_school|nc6|np5|br1.0|one_heavy|ms3|r300|s6,0.000085903,0.000168116,0.000462059,0.000050414,0.000076312,0.000057753,0.000047429,0.000051382,0.000048365,0.000048437,0.000046356,0.000043802
main|shymkent_school|nc6|np5|br1.0|one_heavy|ms3|r300|s7,0.000087522,0.000157023,0.000410224,0.000059522,0.000107899,0.000086690,0.000054126,0.000046670,0.000052292,0.000056804,0.000048579,0.000068200
main|shymkent_school|nc6|np5|br1.0|one_heavy|ms3|r300|s8,0.000104605,0.000138728,0.000412211,0.000056439,0.000095416,0.000096191,0.000056200,0.000076664,0.000068904,0.000055504,0.000076393,0.000093471
main|shymkent_school|nc6|np5|br1.0|one_heavy|ms3|r300|s9,0.000079273,0.000155601,0.000398746,0.000043922,0.000064474,0.000059890,0.000038729,0.000061356,0.000063701,0.000051345,0.000047739,0.000044291
main|shymkent_school|nc6|np15|br0.25|uniform|ms3|r300|s0,0.000237150,0.000037830,0.000130375,0.000025561,0.000045848,0.000044640,0.000025816,0.000034242,0.000036748,0.000025598,0.000044633,0.000045233
main|shymkent_school|nc6|np15|br0.25|uniform|ms3|r300|s1,0.000232242,0.000045267,0.000134682,0.000033173,0.000056215,0.000050677,0.000033088,0.000048354,0.000046661,0.000032917,0.000049251,0.000049917
main|shymkent_school|nc6|np15|br0.25|uniform|ms3|r300|s2,0.000231078,0.000047097,0.000138054,0.000037542,0.000060326,0.000058729,0.000036828,0.000058079,0.000058853,0.000037828,0.000046338,0.000046571
main|shymkent_school|nc6|np15|br0.25|uniform|ms3|r300|s3,0.000234328,0.000050188,0.000140503,0.000041351,0.000085162,0.000071442,0.000041429,0.000067811,0.000075324,0.000043523,0.000086267,0.000103613
main|shymkent_school|nc6|np15|br0.25|uniform|ms3|r300|s4,0.000227425,0.000027182,0.000093802,0.000022299,0.000038674,0.000036694,0.000023456,0.000036797,0.000037905,0.000021539,0.000034088,0.000035027
main|shymkent_school|nc6|np15|br0.25|uniform|ms3|r300|s5,0.000241916,0.000026391,0.000100948,0.000021480,0.000041833,0.000042342,0.000020989,0.000040795,0.000041004,0.000023627,0.000037359,0.000035712
main|shymkent_school|nc6|np15|br0.25|uniform|ms3|r300|s6,0.000217397,0.000027673,0.000095815,0.000017071,0.000026884,0.000025665,0.000014815,0.000027709,0.000026210,0.000018451,0.000028085,0.000027047
main|shymkent_school|nc6|np15|br0.25|uniform|ms3|r300|s7,0.000224969,0.000042887,0.000136565,0.000043447,0.000068288,0.000055868,0.000036207,0.000046313,0.000045856,0.000038666,0.000062619,0.000057514
main|shymkent_school|nc6|np15|br0.25|uniform|ms3|r300|s8,0.000226956,0.000032965,0.000109113,0.000028585,0.000045940,0.000048443,0.000027113,0.000043811,0.000044417,0.000026630,0.000041051,0.000043913
main|shymkent_school|nc6|np15|br0.25|uniform|ms3|r300|s9,0.000229920,0.000057942,0.000152008,0.000034541,0.000056566,0.000054641,0.000035529,0.000056485,0.000057744,0.000035246,0.000043302,0.000044731
main|shymkent_school|nc6|np15|br0.25|random_1_100|ms3|r300|s0,0.000232344,0.000033199,0.000102233,0.000022247,0.000040134,0.000041959,0.000022478,0.000035836,0.000034292,0.000024725,0.000046549,0.000044544
main|shymkent_school|nc6|np15|br0.25|random_1_100|ms3|r300|s1,0.000227565,0.000039103,0.000127383,0.000033261,0.000052838,0.000052571,0.000032638,0.000051282,0.000048180,0.000035982,0.000049194,0.000048193
main|shymkent_school|nc6|np15|br0.25|random_1_100|ms3|r300|s2,0.000323830,0.000044082,0.000144302,0.000037831,0.000060150,0.000058934,0.000036701,0.000054561,0.000052409,0.000037301,0.000049551,0.000047702
main|shymkent_school|nc6|np15|br0.25|random_1_100|ms3|r300|s3,0.000220326,0.000048892,0.000142049,0.000040222,0.000078391,0.000077509,0.000039146,0.000071251,0.000075368,0.000041549,0.000076190,0.000068913
main|shymkent_school|nc6|np15|br0.25|random_1_100|ms3|r300|s4,0.000224557,0.000027728,0.000095598,0.000022233,0.000037552,0.000038513,0.000021277,0.000039739,0.000040754,0.000022009,0.000037731,0.000037823
main|shymkent_school|nc6|np15|br0.25|random_1_100|ms3|r300|s5,0.000232571,0.000027465,0.000087158,0.000022317,0.000040940,0.000041142,0.000022141,0.000042492,0.000041577,0.000021930,0.000035984,0.000036359
main|shymkent_school|nc6|np15|br0.25|random_1_100|ms3|r300|s6,0.000219666,0.000030415,0.000090803,0.000016010,0.000027484,0.000026596,0.000015904,0.000026245,0.000025308,0.000018435,0.000027822,0.000026556
main|shymkent_school|nc6|np15|br0.25|random_1_100|ms3|r300|s7,0.000219372,0.000048077,0.000139778,0.000033291,0.000057595,0.000058654,0.000034969,0.000045741,0.000046762,0.000035251,0.000058460,0.000056509
main|shymkent_school|nc6|np15|br0.25|random_1_100|ms3|r300|s8,0.000221032,0.000039732,0.000102248,0.000028379,0.000050179,0.000047653,0.000026377,0.000044183,0.000041338,0.000029144,0.000044096,0.000042528
main|shymkent_school|nc6|np15|br0.25|random_1_100|ms3|r300|s9,0.000224623,0.000053371,0.000157653,0.000033300,0.000057179,0.000056916,0.000035348,0.000056494,0.000054311,0.000034929,0.000044780,0.000044217
main|shymkent_school|nc6|np15|br0.25|one_heavy|ms3|r300|s0,0.000227718,0.000032775,0.000101475,0.000025326,0.000047102,0.000046643,0.000027433,0.000036518,0.000034453,0.000028758,0.000040884,0.000043144
main|shymkent_school|nc6|np15|br0.25|one_heavy|ms3|r300|s1,0.000218731,0.000044434,0.000128440,0.000031514,0.000053005,0.000051212,0.000032095,0.000049074,0.000050666,0.000033763,0.000051063,0.000045801
main|shymkent_school|nc6|np15|br0.25|one_heavy|ms3|r300|s2,0.000228529,0.000044706,0.000145510,0.000040388,0.000063391,0.000061207,0.000036577,0.000053662,0.000055798,0.000036357,0.000050831,0.000048373
main|shymkent_school|nc6|np15|br0.25|one_heavy|ms3|r300|s3,0.000219520,0.000052734,0.000149495,0.000029296,0.000071516,0.000071412,0.000039885,0.000074742,0.000065167,0.000041380,0.000076359,0.000080956
main|shymkent_school|nc6|np15|br0.25|one_heavy|ms3|r300|s4,0.000262618,0.000030717,0.000095550,0.000022862,0.000038790,0.000045362,0.000027382,0.000054913,0.000039199,0.000022281,0.000034293,0.000037894
main|shymkent_school|nc6|np15|br0.25|one_heavy|ms3|r300|s5,0.000222070,0.000028925,0.000090414,0.000024190,0.000051976,0.000043257,0.000021478,0.000041192,0.000040999,0.000021766,0.000039044,0.000035535
main|shymkent_school|nc6|np15|br0.25|one_heavy|ms3|r300|s6,0.000224828,0.000029949,0.000094473,0.000016777,0.000025894,0.000029106,0.000017766,0.000026882,0.000027288,0.000016228,0.000027685,0.000028187
main|shymkent_school|nc6|np15|br0.25|one_heavy|ms3|r300|s7,0.000233988,0.000044904,0.000141235,0.000034111,0.000062185,0.000058057,0.000035906,0.000042723,0.000046552,0.000035960,0.000058652,0.000057040
main|shymkent_school|nc6|np15|br0.25|one_heavy|ms3|r300|s8,0.000229464,0.000031963,0.000100813,0.000030272,0.000045060,0.000054790,0.000029033,0.000044880,0.000044233,0.000027774,0.000044667,0.000043646
main|shymkent_school|nc6|np15|br0.25|one_heavy|ms3|r300|s9,0.000217456,0.000051025,0.000144836,0.000036055,0.000057323,0.000055781,0.000035559,0.000057617,0.000056613,0.000038262,0.000046759,0.000046164
main|shymkent_school|nc6|np15|br0.5|uniform|ms3|r300|s0,0.000234355,0.000092846,0.000216002,0.000045408,0.000089924,0.000079996,0.000043940,0.000077128,0.000074395,0.000044783,0.000080161,0.000079285
main|shymkent_school|nc6|np15|br0.5|uniform|ms3|r300|s1,0.000226411,0.000105504,0.000299058,0.000062775,0.000100099,0.000098659,0.000064692,0.000094269,0.000085493,0.000066426,0.000085517,0.000081256
main|shymkent_school|nc6|np15|br0.5|uniform|ms3|r300|s2,0.000225696,0.000117242,0.000305282,0.000065628,0.000120122,0.000122425,0.000073053,0.000102778,0.000112555,0.000066707,0.000086939,0.000087862
main|shymkent_school|nc6|np15|br0.5|uniform|ms3|r300|s3,0.000226548,0.000111298,0.000294679,0.000065961,0.000097920,0.000101757,0.000065903,0.000111192,0.000111315,0.000068240,0.000097688,0.000095300
main|shymkent_school|nc6|np15|br0.5|uniform|ms3|r300|s4,0.000222469,0.000082890,0.000207545,0.000052700,0.000089183,0.000083546,0.000060485,0.000103996,0.000106935,0.000083252,0.000098065,0.000097865
main|shymkent_school|nc6|np15|br0.5|uniform|ms3|r300|s5,0.000226719,0.000069194,0.000168024,0.000042692,0.000081794,0.000077395,0.000048628,0.000085180,0.000081818,0.000043284,0.000079018,0.000068865
main|shymkent_school|nc6|np15|br0.5|uniform|ms3|r300|s6,0.000235832,0.000075670,0.000237079,0.000065949,0.000095861,0.000075953,0.000043160,0.000060807,0.000061876,0.000042186,0.000058656,0.000063040
main|shymkent_school|nc6|np15|br0.5|uniform|ms3|r300|s7,0.000226644,0.000095453,0.000266645,0.000063722,0.000104378,0.000104154,0.000062656,0.000060908,0.000060529,0.000063309,0.000087115,0.000082445
main|shymkent_school|nc6|np15|br0.5|uniform|ms3|r300|s8,0.000219311,0.000081002,0.000222917,0.000054844,0.000100142,0.000095636,0.000045521,0.000078714,0.000074241,0.000051637,0.000096752,0.000086089
main|shymkent_school|nc6|np15|br0.5|uniform|ms3|r300|s9,0.000223699,0.000104798,0.000282531,0.000052678,0.000083365,0.000079801,0.000054036,0.000084118,0.000087295,0.000052501,0.000067918,0.000062357
main|shymkent_school|nc6|np15|br0.5|random_1_100|ms3|r300|s0,0.000227591,0.000079000,0.000214451,0.000047402,0.000082260,0.000078846,0.000044828,0.000074497,0.000072620,0.000044973,0.000079598,0.000080041
main|shymkent_school|nc6|np15|br0.5|random_1_100|ms3|r300|s1,0.000227335,0.000111415,0.000283766,0.000074195,0.000113376,0.000104694,0.000065898,0.000090637,0.000090412,0.000062285,0.000081518,0.000081146
main|shymkent_school|nc6|np15|br0.5|random_1_100|ms3|r300|s2,0.000229218,0.000115681,0.000313735,0.000063945,0.000122805,0.000115990,0.000071531,0.000109797,0.000107015,0.000061678,0.000100548,0.000088700
main|shymkent_school|nc6|np15|br0.5|random_1_100|ms3|r300|s3,0.000231786,0.000108653,0.000317888,0.000058901,0.000105515,0.000099978,0.000059492,0.000106666,0.000091376,0.000059433,0.000095439,0.000092355
main|shymkent_school|nc6|np15|br0.5|random_1_100|ms3|r300|s4,0.000246963,0.000080693,0.000209281,0.000052990,0.000084627,0.000083842,0.000052044,0.000084744,0.000078428,0.000056337,0.000061342,0.000061502
main|shymkent_school|nc6|np15|br0.5|random_1_100|ms3|r300|s5,0.000226637,0.000059267,0.000179563,0.000050795,0.000079805,0.000076565,0.000046255,0.000083958,0.000083133,0.000042998,0.000070258,0.000070298
main|shymkent_school|nc6|np15|br0.5|random_1_100|ms3|r300|s6,0.000222767,0.000072369,0.000205897,0.000043411,0.000083146,0.000078231,0.000054762,0.000062475,0.000062573,0.000045218,0.000060053,0.000058068
main|shymkent_school|nc6|np15|br0.5|random_1_100|ms3|r300|s7,0.000221977,0.000098243,0.000271097,0.000069152,0.000101573,0.000104983,0.000062819,0.000061383,0.000061616,0.000062868,0.000082421,0.000084907
main|shymkent_school|nc6|np15|br0.5|random_1_100|ms3|r300|s8,0.000229711,0.000080717,0.000208643,0.000055287,0.000106759,0.000100889,0.000057771,0.000081223,0.000086417,0.000060068,0.000091567,0.000087938
main|shymkent_school|nc6|np15|br0.5|random_1_100|ms3|r300|s9,0.000304115,0.000100058,0.000276014,0.000057242,0.000083796,0.000085840,0.000053218,0.000083939,0.000079864,0.000053868,0.000060081,0.000065687
main|shymkent_school|nc6|np15|br0.5|one_heavy|ms3|r300|s0,0.000227543,0.000080024,0.000215527,0.000050170,0.000080846,0.000080098,0.000044125,0.000073771,0.000076360,0.000044879,0.000079115,0.000082202
main|shymkent_school|nc6|np15|br0.5|one_heavy|ms3|r300|s1,0.000218424,0.000109143,0.000284055,0.000063186,0.000105258,0.000098445,0.000062444,0.000085195,0.000088331,0.000063338,0.000086522,0.000083197
main|shymkent_school|nc6|np15|br0.5|one_heavy|ms3|r300|s2,0.000230772,0.000118963,0.000317002,0.000062043,0.000119467,0.000120227,0.000072124,0.000107562,0.000103639,0.000064973,0.000089464,0.000085159
main|shymkent_school|nc6|np15|br0.5|one_heavy|ms3|r300|s3,0.000230515,0.000111197,0.000340769,0.000058182,0.000106747,0.000099492,0.000067062,0.000096278,0.000094211,0.000064439,0.000096777,0.000095731
main|shymkent_school|nc6|np15|br0.5|one_heavy|ms3|r300|s4,0.000233530,0.000082082,0.000211254,0.000049708,0.000091933,0.000093770,0.000055416,0.000081701,0.000081226,0.000060545,0.000064437,0.000061715
main|shymkent_school|nc6|np15|br0.5|one_heavy|ms3|r300|s5,0.000238396,0.000061765,0.000170340,0.000050307,0.000077575,0.000076091,0.000044775,0.000082556,0.000085576,0.000040275,0.000069358,0.000070302
main|shymkent_school|nc6|np15|br0.5|one_heavy|ms3|r300|s6,0.000235275,0.000089208,0.000215876,0.000050275,0.000101485,0.000090030,0.000053955,0.000077168,0.000062603,0.000043031,0.000062658,0.000060004
main|shymkent_school|nc6|np15|br0.5|one_heavy|ms3|r300|s7,0.000226128,0.000096560,0.000267616,0.000061426,0.000101584,0.000100484,0.000064586,0.000061518,0.000059172,0.000064432,0.000082881,0.000081224
main|shymkent_school|nc6|np15|br0.5|one_heavy|ms3|r300|s8,0.000232438,0.000079109,0.000236226,0.000046060,0.000085117,0.000079654,0.000043944,0.000076098,0.000072469,0.000045418,0.000084175,0.000080090
main|shymkent_school|nc6|np15|br0.5|one_heavy|ms3|r300|s9,0.000249160,0.000092963,0.000268654,0.000051413,0.000081962,0.000082058,0.000052999,0.000081713,0.000085431,0.000051537,0.000064103,0.000061154
main|shymkent_school|nc6|np15|br0.75|uniform|ms3|r300|s0,0.000226191,0.000143206,0.000365261,0.000072213,0.000112413,0.000111580,0.000073974,0.000083941,0.000082514,0.000074345,0.000106133,0.000102108
main|shymkent_school|nc6|np15|br0.75|uniform|ms3|r300|s1,0.000220573,0.000160249,0.000405130,0.000074649,0.000114277,0.000129333,0.000076072,0.000097784,0.000106625,0.000076057,0.000085052,0.000100196
main|shymkent_school|nc6|np15|br0.75|uniform|ms3|r300|s2,0.000221600,0.000174146,0.000441412,0.000075958,0.000127082,0.000124874,0.000076390,0.000108641,0.000105515,0.000071513,0.000089219,0.000097861
main|shymkent_school|nc6|np15|br0.75|uniform|ms3|r300|s3,0.000269995,0.000153266,0.000418034,0.000084660,0.000123686,0.000123268,0.000081958,0.000109706,0.000125463,0.000080665,0.000121044,0.000118612
main|shymkent_school|nc6|np15|br0.75|uniform|ms3|r300|s4,0.000218872,0.000144501,0.000397530,0.000069104,0.000100915,0.000107409,0.000068207,0.000085940,0.000082911,0.000069133,0.000062663,0.000058534
main|shymkent_school|nc6|np15|br0.75|uniform|ms3|r300|s5,0.000239454,0.000115687,0.000309755,0.000057128,0.000104545,0.000096781,0.000065353,0.000101094,0.000109105,0.000057424,0.000084900,0.000095938
main|shymkent_school|nc6|np15|br0.75|uniform|ms3|r300|s6,0.000239214,0.000142001,0.000385738,0.000059277,0.000096368,0.000106425,0.000058237,0.000062417,0.000060734,0.000060125,0.000061456,0.000059320
main|shymkent_school|nc6|np15|br0.75|uniform|ms3|r300|s7,0.000226598,0.000167127,0.000446817,0.000072857,0.000117669,0.000114434,0.000073070,0.000062119,0.000060989,0.000072617,0.000085579,0.000083647
main|shymkent_school|nc6|np15|br0.75|uniform|ms3|r300|s8,0.000223134,0.000155872,0.000388360,0.000079913,0.000130037,0.000115312,0.000071441,0.000107899,0.000101029,0.000070889,0.000108092,0.000104327
main|shymkent_school|nc6|np15|br0.75|uniform|ms3|r300|s9,0.000236018,0.000168529,0.000495738,0.000056870,0.000107499,0.000104879,0.000069158,0.000104355,0.000109731,0.000057198,0.000062506,0.000062053
main|shymkent_school|nc6|np15|br0.75|random_1_100|ms3|r300|s0,0.000247092,0.000175157,0.000402697,0.000064652,0.000106457,0.000100545,0.000064676,0.000084736,0.000085378,0.000070065,0.000115085,0.000104498
main|shymkent_school|nc6|np15|br0.75|random_1_100|ms3|r300|s1,0.000247888,0.000152956,0.000393897,0.000073469,0.000114192,0.000109351,0.000072531,0.000091646,0.000088708,0.000077942,0.000085626,0.000084875
main|shymkent_school|nc6|np15|br0.75|random_1_100|ms3|r300|s2,0.000216421,0.000166277,0.000419771,0.000079814,0.000133818,0.000122178,0.000075444,0.000114088,0.000106397,0.000068118,0.000084893,0.000085485
main|shymkent_school|nc6|np15|br0.75|random_1_100|ms3|r300|s3,0.000229321,0.000163652,0.000400726,0.000067816,0.000137921,0.000132002,0.000080543,0.000117945,0.000106785,0.000071359,0.000114002,0.000114469
main|shymkent_school|nc6|np15|br0.75|random_1_100|ms3|r300|s4,0.000238699,0.000158292,0.000362982,0.000073647,0.000129899,0.000119683,0.000075121,0.000092255,0.000084214,0.000064727,0.000061499,0.000059171
main|shymkent_school|nc6|np15|br0.75|random_1_100|ms3|r300|s5,0.000234407,0.000128914,0.000386754,0.000064695,0.000120418,0.000139379,0.000082541,0.000146142,0.000098696,0.000077494,0.000086869,0.000086919
main|shymkent_school|nc6|np15|br0.75|random_1_100|ms3|r300|s6,0.000275926,0.000158563,0.000381188,0.000074236,0.000111387,0.000109540,0.000061638,0.000074916,0.000062267,0.000063739,0.000063082,0.000058692
main|shymkent_school|nc6|np15|br0.75|random_1_100|ms3|r300|s7,0.000261207,0.000181974,0.000483383,0.000070567,0.000142184,0.000115213,0.000076980,0.000062584,0.000058424,0.000072814,0.000086541,0.000085121
main|shymkent_school|nc6|np15|br0.75|random_1_100|ms3|r300|s8,0.000231294,0.000171761,0.000379060,0.000072312,0.000135191,0.000117602,0.000071501,0.000086723,0.000084887,0.000088682,0.000110314,0.000102855
main|shymkent_school|nc6|np15|br0.75|random_1_100|ms3|r300|s9,0.000220843,0.000151506,0.000423329,0.000059996,0.000081682,0.000082663,0.000055173,0.000102138,0.000082930,0.000066073,0.000059915,0.000062098
main|shymkent_school|nc6|np15|br0.75|one_heavy|ms3|r300|s0,0.000226098,0.000150574,0.000394173,0.000074490,0.000108752,0.000122782,0.000072935,0.000085705,0.000085468,0.000076099,0.000111676,0.000101997
main|shymkent_school|nc6|np15|br0.75|one_heavy|ms3|r300|s1,0.000221158,0.000158683,0.000403121,0.000084205,0.000112246,0.000111097,0.000089057,0.000107864,0.000092339,0.000074418,0.000088199,0.000086698
main|shymkent_school|nc6|np15|br0.75|one_heavy|ms3|r300|s2,0.000232001,0.000165513,0.000417134,0.000072090,0.000130850,0.000126960,0.000073011,0.000106812,0.000109813,0.000070819,0.000084955,0.000081845
main|shymkent_school|nc6|np15|br0.75|one_heavy|ms3|r300|s3,0.000218619,0.000149325,0.000426515,0.000083237,0.000138526,0.000114531,0.000093712,0.000116738,0.000116263,0.000079959,0.000113032,0.000114110
main|shymkent_school|nc6|np15|br0.75|one_heavy|ms3|r300|s4,0.000222703,0.000154188,0.000356495,0.000067957,0.000097287,0.000098800,0.000069603,0.000089430,0.000089769,0.000066388,0.000062713,0.000061708
main|shymkent_school|nc6|np15|br0.75|one_heavy|ms3|r300|s5,0.000220243,0.000120561,0.000327795,0.000057699,0.000096824,0.000092498,0.000065758,0.000098675,0.000100203,0.000064647,0.000102485,0.000083961
main|shymkent_school|nc6|np15|br0.75|one_heavy|ms3|r300|s6,0.000215084,0.000147313,0.000381942,0.000074659,0.000095640,0.000090651,0.000062721,0.000060134,0.000058199,0.000061806,0.000061148,0.000058687
main|shymkent_school|nc6|np15|br0.75|one_heavy|ms3|r300|s7,0.000211535,0.000173297,0.000459937,0.000071362,0.000126279,0.000109795,0.000068788,0.000059521,0.000065248,0.000072618,0.000085521,0.000085027
main|shymkent_school|nc6|np15|br0.75|one_heavy|ms3|r300|s8,0.000245471,0.000175649,0.000446159,0.000077428,0.000116860,0.000117077,0.000072783,0.000091149,0.000098306,0.000081234,0.000127799,0.000102312
main|shymkent_school|nc6|np15|br0.75|one_heavy|ms3|r300|s9,0.000211231,0.000178627,0.000417474,0.000052568,0.000113176,0.000101421,0.000053704,0.000087118,0.000084617,0.000056980,0.000067496,0.000056942
main|shymkent_school|nc6|np15|br1.0|uniform|ms3|r300|s0,0.000223746,0.000203077,0.000516924,0.000072911,0.000111162,0.000108678,0.000073200,0.000088060,0.000084208,0.000075566,0.000110429,0.000108789
main|shymkent_school|nc6|np15|br1.0|uniform|ms3|r300|s1,0.000231955,0.000188553,0.000500305,0.000073131,0.000116012,0.000118253,0.000072466,0.000089898,0.000099765,0.000083419,0.000085423,0.000086542
main|shymkent_school|nc6|np15|br1.0|uniform|ms3|r300|s2,0.000233709,0.000195057,0.000512387,0.000074741,0.000124649,0.000158928,0.000077788,0.000110091,0.000109651,0.000083324,0.000085976,0.000098414
main|shymkent_school|nc6|np15|br1.0|uniform|ms3|r300|s3,0.000234743,0.000187047,0.000562386,0.000087518,0.000140809,0.000126995,0.000091369,0.000111688,0.000130376,0.000099102,0.000119371,0.000142222
main|shymkent_school|nc6|np15|br1.0|uniform|ms3|r300|s4,0.000252027,0.000199858,0.000540698,0.000071762,0.000134715,0.000112578,0.000079765,0.000086225,0.000099245,0.000102587,0.000067371,0.000058730
main|shymkent_school|nc6|np15|br1.0|uniform|ms3|r300|s5,0.000252858,0.000231461,0.000494477,0.000078254,0.000120420,0.000118361,0.000090032,0.000108345,0.000107922,0.000080543,0.000083603,0.000091062
main|shymkent_school|nc6|np15|br1.0|uniform|ms3|r300|s6,0.000223404,0.000211206,0.000485874,0.000072122,0.000104700,0.000105944,0.000077068,0.000059698,0.000061214,0.000093212,0.000060807,0.000062931
main|shymkent_school|nc6|np15|br1.0|uniform|ms3|r300|s7,0.000296720,0.000230464,0.000689453,0.000075283,0.000119467,0.000123630,0.000087049,0.000060333,0.000060590,0.000082393,0.000085607,0.000083258
main|shymkent_school|nc6|np15|br1.0|uniform|ms3|r300|s8,0.000233340,0.000189188,0.000453546,0.000075225,0.000150232,0.000133101,0.000075370,0.000101862,0.000102217,0.000079371,0.000110021,0.000108546
main|shymkent_school|nc6|np15|br1.0|uniform|ms3|r300|s9,0.000218202,0.000244450,0.000519495,0.000056197,0.000093763,0.000086485,0.000070816,0.000095305,0.000087875,0.000059363,0.000060453,0.000058599
main|shymkent_school|nc6|np15|br1.0|random_1_100|ms3|r300|s0,0.000224372,0.000175926,0.000503161,0.000076386,0.000114791,0.000109568,0.000084976,0.000107190,0.000099066,0.000089062,0.000130321,0.000153647
main|shymkent_school|nc6|np15|br1.0|random_1_100|ms3|r300|s1,0.000249105,0.000183075,0.000504911,0.000075846,0.000116917,0.000112072,0.000075702,0.000097566,0.000117188,0.000075846,0.000085332,0.000090522
main|shymkent_school|nc6|np15|br1.0|random_1_100|ms3|r300|s2,0.000241922,0.000184509,0.000550098,0.000076916,0.000124271,0.000122955,0.000075082,0.000109070,0.000112969,0.000091486,0.000088096,0.000084757
main|shymkent_school|nc6|np15|br1.0|random_1_100|ms3|r300|s3,0.000223593,0.000185519,0.000529633,0.000080251,0.000135011,0.000136425,0.000073557,0.000125564,0.000119334,0.000076006,0.000112252,0.000107537
main|shymkent_school|nc6|np15|br1.0|random_1_100|ms3|r300|s4,0.000211614,0.000174316,0.000480335,0.000072995,0.000102827,0.000104098,0.000075052,0.000086034,0.000087273,0.000074589,0.000062990,0.000067261
main|shymkent_school|nc6|np15|br1.0|random_1_100|ms3|r300|s5,0.000230362,0.000190839,0.000480967,0.000079255,0.000110096,0.000112398,0.000077157,0.000112767,0.000128522,0.000090352,0.000101974,0.000099905
main|shymkent_school|nc6|np15|br1.0|random_1_100|ms3|r300|s6,0.000241421,0.000265596,0.000519100,0.000072399,0.000113633,0.000108664,0.000074311,0.000058995,0.000062747,0.000078624,0.000062361,0.000060754
main|shymkent_school|nc6|np15|br1.0|random_1_100|ms3|r300|s7,0.000216103,0.000168967,0.000581550,0.000074184,0.000119392,0.000126496,0.000072378,0.000066451,0.000070169,0.000074056,0.000090329,0.000118668
main|shymkent_school|nc6|np15|br1.0|random_1_100|ms3|r300|s8,0.000243571,0.000208700,0.000510424,0.000080664,0.000137541,0.000147705,0.000089822,0.000086153,0.000089820,0.000087800,0.000126111,0.000108384
main|shymkent_school|nc6|np15|br1.0|random_1_100|ms3|r300|s9,0.000213337,0.000177750,0.000537441,0.000054509,0.000083878,0.000081568,0.000054039,0.000078734,0.000083917,0.000053790,0.000059310,0.000062475
main|shymkent_school|nc6|np15|br1.0|one_heavy|ms3|r300|s0,0.000213123,0.000182766,0.000526722,0.000075626,0.000150655,0.000141884,0.000083959,0.000098668,0.000095698,0.000088157,0.000131510,0.000136971
main|shymkent_school|nc6|np15|br1.0|one_heavy|ms3|r300|s1,0.000240345,0.000188062,0.000568384,0.000082607,0.000115980,0.000116178,0.000077575,0.000105409,0.000093189,0.000076705,0.000091310,0.000086475
main|shymkent_school|nc6|np15|br1.0|one_heavy|ms3|r300|s2,0.000242539,0.000212677,0.000599790,0.000090549,0.000151048,0.000146370,0.000088907,0.000111114,0.000145035,0.000076196,0.000089902,0.000098365
main|shymkent_school|nc6|np15|br1.0|one_heavy|ms3|r300|s3,0.000236405,0.000186132,0.000522244,0.000078503,0.000125275,0.000121278,0.000096553,0.000120832,0.000128040,0.000090235,0.000130860,0.000125805
main|shymkent_school|nc6|np15|br1.0|one_heavy|ms3|r300|s4,0.000243274,0.000216385,0.000604221,0.000076027,0.000132360,0.000118998,0.000082402,0.000093936,0.000090372,0.000080620,0.000076861,0.000062241
main|shymkent_school|nc6|np15|br1.0|one_heavy|ms3|r300|s5,0.000275476,0.000218150,0.000517764,0.000082953,0.000137001,0.000127548,0.000102039,0.000138111,0.000142270,0.000088858,0.000087615,0.000088425
main|shymkent_school|nc6|np15|br1.0|one_heavy|ms3|r300|s6,0.000240748,0.000215451,0.000516195,0.000083728,0.000125442,0.000125231,0.000076512,0.000079754,0.000069886,0.000092515,0.000075817,0.000078616
main|shymkent_school|nc6|np15|br1.0|one_heavy|ms3|r300|s7,0.000277558,0.000199016,0.000591309,0.000091698,0.000146165,0.000149519,0.000091210,0.000059724,0.000075260,0.000091750,0.000085704,0.000094636
main|shymkent_school|nc6|np15|br1.0|one_heavy|ms3|r300|s8,0.000256247,0.000210752,0.000518632,0.000082033,0.000116854,0.000122263,0.000082948,0.000091897,0.000111649,0.000098850,0.000130688,0.000124388
main|shymkent_school|nc6|np15|br1.0|one_heavy|ms3|r300|s9,0.000245043,0.000231878,0.000585134,0.000058865,0.000085969,0.000086417,0.000061422,0.000085963,0.000084956,0.000064206,0.000067840,0.000062549
main|shymkent_school|nc6|np25|br0.25|uniform|ms3|r300|s0,0.000404632,0.000055422,0.000120100,0.000033348,0.000071071,0.000093079,0.000044196,0.000051290,0.000046421,0.000032027,0.000055491,0.000058205
main|shymkent_school|nc6|np25|br0.25|uniform|ms3|r300|s1,0.000397681,0.000055778,0.000158836,0.000049764,0.000065124,0.000062440,0.000039670,0.000059123,0.000065983,0.000040371,0.000059357,0.000057433
main|shymkent_school|nc6|np25|br0.25|uniform|ms3|r300|s2,0.000397790,0.000055594,0.000176999,0.000046371,0.000074429,0.000079878,0.000042051,0.000068973,0.000070562,0.000045096,0.000071683,0.000090934
main|shymkent_school|nc6|np25|br0.25|uniform|ms3|r300|s3,0.000374824,0.000067436,0.000163586,0.000058760,0.000096620,0.000107814,0.000051924,0.000097974,0.000105182,0.000051434,0.000092962,0.000110897
main|shymkent_school|nc6|np25|br0.25|uniform|ms3|r300|s4,0.000395088,0.000030735,0.000107647,0.000026926,0.000050905,0.000051349,0.000025403,0.000046107,0.000054806,0.000026675,0.000046113,0.000052986
main|shymkent_school|nc6|np25|br0.25|uniform|ms3|r300|s5,0.000373967,0.000035947,0.000105080,0.000026230,0.000049785,0.000053422,0.000026061,0.000049246,0.000049850,0.000028277,0.000049414,0.000047939
main|shymkent_school|nc6|np25|br0.25|uniform|ms3|r300|s6,0.000388421,0.000031066,0.000106244,0.000028279,0.000052988,0.000046933,0.000026481,0.000036792,0.000032794,0.000030985,0.000038706,0.000038014
main|shymkent_school|nc6|np25|br0.25|uniform|ms3|r300|s7,0.000440853,0.000054412,0.000173507,0.000042983,0.000070291,0.000089503,0.000044951,0.000056659,0.000065828,0.000050806,0.000082740,0.000089992
main|shymkent_school|nc6|np25|br0.25|uniform|ms3|r300|s8,0.000427864,0.000059286,0.000142234,0.000035608,0.000073770,0.000087630,0.000031589,0.000051793,0.000061475,0.000038282,0.000050781,0.000056890
main|shymkent_school|nc6|np25|br0.25|uniform|ms3|r300|s9,0.000377538,0.000065171,0.000196510,0.000061306,0.000082182,0.000101537,0.000053220,0.000072050,0.000072649,0.000064647,0.000071338,0.000082797
main|shymkent_school|nc6|np25|br0.25|random_1_100|ms3|r300|s0,0.000430528,0.000039819,0.000137581,0.000033500,0.000057830,0.000059714,0.000033870,0.000043616,0.000046359,0.000032263,0.000052447,0.000054978
main|shymkent_school|nc6|np25|br0.25|random_1_100|ms3|r300|s1,0.000417184,0.000051913,0.000165887,0.000039273,0.000075703,0.000081345,0.000053744,0.000073119,0.000075129,0.000040667,0.000083917,0.000077016
main|shymkent_school|nc6|np25|br0.25|random_1_100|ms3|r300|s2,0.000401213,0.000054416,0.000158852,0.000044867,0.000089416,0.000072440,0.000044010,0.000074806,0.000067195,0.000045853,0.000080647,0.000070846
main|shymkent_school|nc6|np25|br0.25|random_1_100|ms3|r300|s3,0.000423885,0.000063799,0.000196688,0.000049973,0.000131435,0.000102093,0.000050710,0.000100089,0.000097250,0.000048482,0.000108082,0.000095432
main|shymkent_school|nc6|np25|br0.25|random_1_100|ms3|r300|s4,0.000400893,0.000033265,0.000111283,0.000050690,0.000079963,0.000065697,0.000029075,0.000056681,0.000054789,0.000030971,0.000048766,0.000045352
main|shymkent_school|nc6|np25|br0.25|random_1_100|ms3|r300|s5,0.000396814,0.000032778,0.000118436,0.000029619,0.000052282,0.000051907,0.000036104,0.000051910,0.000066048,0.000039345,0.000063617,0.000057507
main|shymkent_school|nc6|np25|br0.25|random_1_100|ms3|r300|s6,0.000423843,0.000031391,0.000126077,0.000027888,0.000044872,0.000041349,0.000026547,0.000034286,0.000034880,0.000027718,0.000035380,0.000033934
main|shymkent_school|nc6|np25|br0.25|random_1_100|ms3|r300|s7,0.000408120,0.000067103,0.000201008,0.000053953,0.000083802,0.000074020,0.000043604,0.000055973,0.000057386,0.000043584,0.000075957,0.000071107
main|shymkent_school|nc6|np25|br0.25|random_1_100|ms3|r300|s8,0.000401767,0.000035741,0.000124479,0.000034497,0.000060349,0.000063213,0.000036141,0.000054939,0.000053603,0.000033851,0.000052623,0.000053127
main|shymkent_school|nc6|np25|br0.25|random_1_100|ms3|r300|s9,0.000385612,0.000083150,0.000179210,0.000050833,0.000092123,0.000092684,0.000057208,0.000078083,0.000086742,0.000050260,0.000078053,0.000068433
main|shymkent_school|nc6|np25|br0.25|one_heavy|ms3|r300|s0,0.000388459,0.000038160,0.000126367,0.000035627,0.000066789,0.000057452,0.000032702,0.000045920,0.000055707,0.000032570,0.000054261,0.000057642
main|shymkent_school|nc6|np25|br0.25|one_heavy|ms3|r300|s1,0.000392471,0.000073677,0.000149875,0.000039960,0.000075620,0.000071713,0.000048240,0.000058710,0.000057438,0.000039442,0.000059785,0.000064577
main|shymkent_school|nc6|np25|br0.25|one_heavy|ms3|r300|s2,0.000376936,0.000055829,0.000167521,0.000055286,0.000073025,0.000070689,0.000044026,0.000070787,0.000069925,0.000046019,0.000071603,0.000078951
main|shymkent_school|nc6|np25|br0.25|one_heavy|ms3|r300|s3,0.000440468,0.000062335,0.000205110,0.000036363,0.000094861,0.000089785,0.000051139,0.000082175,0.000086072,0.000048364,0.000092039,0.000102915
main|shymkent_school|nc6|np25|br0.25|one_heavy|ms3|r300|s4,0.000406893,0.000034590,0.000108065,0.000026262,0.000055426,0.000050288,0.000025177,0.000047622,0.000045416,0.000026682,0.000043133,0.000042922
main|shymkent_school|nc6|np25|br0.25|one_heavy|ms3|r300|s5,0.000390531,0.000033628,0.000118551,0.000027231,0.000055226,0.000052761,0.000033724,0.000049759,0.000048218,0.000025048,0.000057941,0.000051595
main|shymkent_school|nc6|np25|br0.25|one_heavy|ms3|r300|s6,0.000384539,0.000030851,0.000135136,0.000026264,0.000045391,0.000042752,0.000028100,0.000045508,0.000032725,0.000033837,0.000033959,0.000033196
main|shymkent_school|nc6|np25|br0.25|one_heavy|ms3|r300|s7,0.000406046,0.000053986,0.000173731,0.000046002,0.000069746,0.000070313,0.000043572,0.000063482,0.000057561,0.000046643,0.000069202,0.000073051
main|shymkent_school|nc6|np25|br0.25|one_heavy|ms3|r300|s8,0.000365535,0.000036921,0.000112479,0.000037061,0.000056761,0.000054645,0.000032139,0.000054523,0.000053179,0.000033709,0.000052862,0.000050244
main|shymkent_school|nc6|np25|br0.25|one_heavy|ms3|r300|s9,0.000398248,0.000076695,0.000194056,0.000055711,0.000085546,0.000088149,0.000060834,0.000085434,0.000077498,0.000048817,0.000066563,0.000085363
main|shymkent_school|nc6|np25|br0.5|uniform|ms3|r300|s0,0.000430198,0.000133221,0.000302341,0.000053094,0.000136518,0.000138477,0.000054181,0.000097280,0.000105847,0.000053744,0.000115582,0.000134398
main|shymkent_school|nc6|np25|br0.5|uniform|ms3|r300|s1,0.000420205,0.000159766,0.000355999,0.000078195,0.000128763,0.000124830,0.000077253,0.000103758,0.000107787,0.000075980,0.000101129,0.000106101
main|shymkent_school|nc6|np25|br0.5|uniform|ms3|r300|s2,0.000390572,0.000148275,0.000363828,0.000102679,0.000185664,0.000176129,0.000100043,0.000145148,0.000135778,0.000100921,0.000124719,0.000131526
main|shymkent_school|nc6|np25|br0.5|uniform|ms3|r300|s3,0.000416332,0.000137436,0.000400570,0.000083549,0.000129462,0.000145869,0.000074833,0.000122697,0.000115113,0.000072884,0.000121152,0.000118967
main|shymkent_school|nc6|np25|br0.5|uniform|ms3|r300|s4,0.000401272,0.000092810,0.000259491,0.000075579,0.000124925,0.000119467,0.000070118,0.000125009,0.000099698,0.000070441,0.000078427,0.000077278
main|shymkent_school|nc6|np25|br0.5|uniform|ms3|r300|s5,0.000375626,0.000069306,0.000201004,0.000051191,0.000099104,0.000094187,0.000053904,0.000102178,0.000101362,0.000052970,0.000096906,0.000095329
main|shymkent_school|nc6|np25|br0.5|uniform|ms3|r300|s6,0.000437830,0.000106350,0.000251125,0.000064563,0.000104888,0.000104971,0.000051097,0.000078190,0.000095758,0.000069076,0.000099166,0.000089683
main|shymkent_school|nc6|np25|br0.5|uniform|ms3|r300|s7,0.000377467,0.000137540,0.000433652,0.000086252,0.000182992,0.000171349,0.000109684,0.000114508,0.000110839,0.000113256,0.000140012,0.000144793
main|shymkent_school|nc6|np25|br0.5|uniform|ms3|r300|s8,0.000595750,0.000132153,0.000377786,0.000095500,0.000147921,0.000146107,0.000080145,0.000120290,0.000121264,0.000072326,0.000145945,0.000150989
main|shymkent_school|nc6|np25|br0.5|uniform|ms3|r300|s9,0.000585943,0.000164642,0.000449568,0.000091134,0.000174671,0.000170145,0.000091933,0.000160622,0.000151661,0.000105926,0.000143027,0.000134413
main|shymkent_school|nc6|np25|br0.5|random_1_100|ms3|r300|s0,0.000655235,0.000157068,0.000411061,0.000089542,0.000152395,0.000151447,0.000081138,0.000136007,0.000146384,0.000077402,0.000146114,0.000164718
main|shymkent_school|nc6|np25|br0.5|random_1_100|ms3|r300|s1,0.000617058,0.000191142,0.000488805,0.000109337,0.000180405,0.000172894,0.000113726,0.000151375,0.000153743,0.000112079,0.000148275,0.000160975
main|shymkent_school|nc6|np25|br0.5|random_1_100|ms3|r300|s2,0.000515359,0.000174726,0.000453004,0.000094671,0.000193467,0.000177438,0.000108313,0.000168755,0.000159086,0.000117338,0.000162972,0.000172110
main|shymkent_school|nc6|np25|br0.5|random_1_100|ms3|r300|s3,0.000628738,0.000202514,0.000501161,0.000100171,0.000167965,0.000169994,0.000092707,0.000138929,0.000146171,0.000104840,0.000150649,0.000142008
main|shymkent_school|nc6|np25|br0.5|random_1_100|ms3|r300|s4,0.000581469,0.000130796,0.000344068,0.000094374,0.000161020,0.000161096,0.000092483,0.000140606,0.000127338,0.000098844,0.000109323,0.000104572
main|shymkent_school|nc6|np25|br0.5|random_1_100|ms3|r300|s5,0.000597297,0.000096808,0.000265032,0.000080360,0.000142256,0.000148630,0.000080273,0.000156521,0.000152203,0.000079336,0.000138180,0.000134348
main|shymkent_school|nc6|np25|br0.5|random_1_100|ms3|r300|s6,0.000608037,0.000133775,0.000349385,0.000079597,0.000157485,0.000162966,0.000079960,0.000110448,0.000111469,0.000083647,0.000141141,0.000136222
main|shymkent_school|nc6|np25|br0.5|random_1_100|ms3|r300|s7,0.000605428,0.000173300,0.000487903,0.000106990,0.000172009,0.000182211,0.000112160,0.000113053,0.000115232,0.000113535,0.000155262,0.000147351
main|shymkent_school|nc6|np25|br0.5|random_1_100|ms3|r300|s8,0.000555742,0.000132457,0.000357704,0.000071478,0.000142965,0.000151471,0.000071533,0.000122016,0.000120927,0.000084661,0.000141174,0.000147029
main|shymkent_school|nc6|np25|br0.5|random_1_100|ms3|r300|s9,0.000556356,0.000170949,0.000448188,0.000098914,0.000154511,0.000175278,0.000113149,0.000153966,0.000146284,0.000112630,0.000144137,0.000146289
main|shymkent_school|nc6|np25|br0.5|one_heavy|ms3|r300|s0,0.000601379,0.000131880,0.000345480,0.000086274,0.000140181,0.000146289,0.000077575,0.000129376,0.000131251,0.000078096,0.000137385,0.000140976
main|shymkent_school|nc6|np25|br0.5|one_heavy|ms3|r300|s1,0.000553025,0.000173776,0.000486298,0.000112992,0.000169476,0.000170531,0.000106591,0.000149968,0.000150308,0.000115416,0.000149402,0.000128212
main|shymkent_school|nc6|np25|br0.5|one_heavy|ms3|r300|s2,0.000551759,0.000167165,0.000445364,0.000102807,0.000166758,0.000165771,0.000098318,0.000166928,0.000149901,0.000114650,0.000188940,0.000159895
main|shymkent_school|nc6|np25|br0.5|one_heavy|ms3|r300|s3,0.000482431,0.000166439,0.000450500,0.000100222,0.000151981,0.000145246,0.000095106,0.000158837,0.000162394,0.000107653,0.000167659,0.000153267
main|shymkent_school|nc6|np25|br0.5|one_heavy|ms3|r300|s4,0.000562660,0.000141725,0.000347634,0.000078395,0.000152164,0.000156771,0.000088128,0.000141544,0.000136603,0.000085455,0.000110592,0.000108963
main|shymkent_school|nc6|np25|br0.5|one_heavy|ms3|r300|s5,0.000584358,0.000094530,0.000278662,0.000070760,0.000121111,0.000127026,0.000070730,0.000139233,0.000141504,0.000067179,0.000130899,0.000128737
main|shymkent_school|nc6|np25|br0.5|one_heavy|ms3|r300|s6,0.000557802,0.000119114,0.000293446,0.000073082,0.000126548,0.000129495,0.000065100,0.000090748,0.000089064,0.000068480,0.000113261,0.000117445
main|shymkent_school|nc6|np25|br0.5|one_heavy|ms3|r300|s7,0.000545916,0.000150696,0.000385098,0.000106826,0.000169220,0.000168336,0.000109046,0.000106240,0.000096722,0.000104286,0.000138640,0.000135676
main|shymkent_school|nc6|np25|br0.5|one_heavy|ms3|r300|s8,0.000602946,0.000129355,0.000340041,0.000074789,0.000136091,0.000133814,0.000076626,0.000148705,0.000130895,0.000074684,0.000132414,0.000133532
main|shymkent_school|nc6|np25|br0.5|one_heavy|ms3|r300|s9,0.000555790,0.000160031,0.000439127,0.000096405,0.000175898,0.000167796,0.000088572,0.000142935,0.000142917,0.000136377,0.000149375,0.000166812
main|shymkent_school|nc6|np25|br0.75|uniform|ms3|r300|s0,0.000588453,0.000241054,0.000596199,0.000112602,0.000200973,0.000189894,0.000120563,0.000144038,0.000157599,0.000106371,0.000169126,0.000165200
main|shymkent_school|nc6|np25|br0.75|uniform|ms3|r300|s1,0.000524026,0.000241985,0.000638298,0.000127053,0.000178623,0.000168028,0.000108223,0.000150751,0.000125764,0.000106106,0.000121712,0.000122143
main|shymkent_school|nc6|np25|br0.75|uniform|ms3|r300|s2,0.000446691,0.000224308,0.000613578,0.000127836,0.000193005,0.000186298,0.000115481,0.000166337,0.000169990,0.000116038,0.000174906,0.000171600
main|shymkent_school|nc6|np25|br0.75|uniform|ms3|r300|s3,0.000545145,0.000241466,0.000607572,0.000127970,0.000195859,0.000206256,0.000118578,0.000174759,0.000182466,0.000125923,0.000206789,0.000169067
main|shymkent_school|nc6|np25|br0.75|uniform|ms3|r300|s4,0.000507723,0.000238352,0.000641885,0.000104587,0.000177683,0.000184064,0.000119937,0.000141375,0.000137835,0.000114082,0.000095765,0.000093549
main|shymkent_school|nc6|np25|br0.75|uniform|ms3|r300|s5,0.000557626,0.000186005,0.000488259,0.000091957,0.000175378,0.000178514,0.000118347,0.000151992,0.000167653,0.000111354,0.000178378,0.000152197
main|shymkent_school|nc6|np25|br0.75|uniform|ms3|r300|s6,0.000578546,0.000224816,0.000557691,0.000094969,0.000153045,0.000167031,0.000096267,0.000096681,0.000106561,0.000096173,0.000145939,0.000141763
main|shymkent_school|nc6|np25|br0.75|uniform|ms3|r300|s7,0.000590611,0.000272619,0.000691520,0.000113536,0.000188110,0.000173265,0.000111357,0.000104550,0.000108510,0.000108132,0.000120366,0.000121511
main|shymkent_school|nc6|np25|br0.75|uniform|ms3|r300|s8,0.000476723,0.000228065,0.000521373,0.000105963,0.000167164,0.000174207,0.000111647,0.000158578,0.000135650,0.000134591,0.000198379,0.000172653
main|shymkent_school|nc6|np25|br0.75|uniform|ms3|r300|s9,0.000557323,0.000268866,0.000653793,0.000129392,0.000203324,0.000135207,0.000084824,0.000103032,0.000102790,0.000088225,0.000098100,0.000100690
main|shymkent_school|nc6|np25|br0.75|random_1_100|ms3|r300|s0,0.000343762,0.000185000,0.000423192,0.000081242,0.000136393,0.000137228,0.000092163,0.000104465,0.000098808,0.000079248,0.000118268,0.000121615
main|shymkent_school|nc6|np25|br0.75|random_1_100|ms3|r300|s1,0.000368594,0.000169324,0.000480124,0.000174946,0.000173435,0.000130189,0.000086157,0.000106661,0.000101356,0.000098143,0.000102653,0.000112302
main|shymkent_school|nc6|np25|br0.75|random_1_100|ms3|r300|s2,0.000364037,0.000450773,0.000619805,0.000090423,0.000146158,0.000155721,0.000084761,0.000129892,0.000135761,0.000089311,0.000127031,0.000128546
main|shymkent_school|nc6|np25|br0.75|random_1_100|ms3|r300|s3,0.000360875,0.000170633,0.000469032,0.000086046,0.000147430,0.000151254,0.000084587,0.000135065,0.000126859,0.000082759,0.000127423,0.000130404
main|shymkent_school|nc6|np25|br0.75|random_1_100|ms3|r300|s4,0.000346440,0.000162279,0.000424344,0.000082155,0.000132059,0.000130299,0.000084419,0.000107431,0.000100337,0.000091560,0.000073837,0.000070214
main|shymkent_school|nc6|np25|br0.75|random_1_100|ms3|r300|s5,0.000389434,0.000149611,0.000349447,0.000076992,0.000147989,0.000128404,0.000075868,0.000119933,0.000121501,0.000077690,0.000122371,0.000117530
main|shymkent_school|nc6|np25|br0.75|random_1_100|ms3|r300|s6,0.000354347,0.000175215,0.000413860,0.000072991,0.000122248,0.000122378,0.000074230,0.000072261,0.000071665,0.000077164,0.000097077,0.000102230
main|shymkent_school|nc6|np25|br0.75|random_1_100|ms3|r300|s7,0.000348920,0.000182644,0.000471686,0.000083272,0.000141728,0.000132548,0.000084211,0.000069944,0.000069614,0.000080403,0.000098735,0.000097737
main|shymkent_school|nc6|np25|br0.75|random_1_100|ms3|r300|s8,0.000345325,0.000162687,0.000452749,0.000088308,0.000152312,0.000135989,0.000087929,0.000105100,0.000114333,0.000089422,0.000141998,0.000139221
main|shymkent_school|nc6|np25|br0.75|random_1_100|ms3|r300|s9,0.000385547,0.000209199,0.000499590,0.000091630,0.000167893,0.000141505,0.000092729,0.000108016,0.000107573,0.000103281,0.000141725,0.000102301
main|shymkent_school|nc6|np25|br0.75|one_heavy|ms3|r300|s0,0.000378451,0.000175492,0.000473509,0.000095961,0.000144007,0.000146265,0.000089728,0.000107364,0.000106886,0.000091187,0.000146915,0.000133679
main|shymkent_school|nc6|np25|br0.75|one_heavy|ms3|r300|s1,0.000399148,0.000176750,0.000485968,0.000098691,0.000147073,0.000155162,0.000097261,0.000120334,0.000115707,0.000111096,0.000111989,0.000103471
main|shymkent_school|nc6|np25|br0.75|one_heavy|ms3|r300|s2,0.000395071,0.000193132,0.000521230,0.000097262,0.000147176,0.000143591,0.000176940,0.000207350,0.000132186,0.000095248,0.000129866,0.000128358
main|shymkent_school|nc6|np25|br0.75|one_heavy|ms3|r300|s3,0.000368737,0.000178599,0.000475565,0.000084778,0.000145650,0.000151295,0.000094263,0.000140080,0.000139131,0.000090371,0.000141783,0.000139762
main|shymkent_school|nc6|np25|br0.75|one_heavy|ms3|r300|s4,0.000369348,0.000175947,0.000428461,0.000081053,0.000132618,0.000132946,0.000084353,0.000106704,0.000103447,0.000080308,0.000074900,0.000077277
main|shymkent_school|nc6|np25|br0.75|one_heavy|ms3|r300|s5,0.000375540,0.000143844,0.000368564,0.000069987,0.000134583,0.000139796,0.000086902,0.000122380,0.000122668,0.000086322,0.000125052,0.000124830
main|shymkent_school|nc6|np25|br0.75|one_heavy|ms3|r300|s6,0.000381291,0.000186630,0.000450545,0.000077282,0.000132690,0.000119859,0.000074931,0.000078562,0.000075147,0.000083463,0.000113052,0.000106911
main|shymkent_school|nc6|np25|br0.75|one_heavy|ms3|r300|s7,0.000350578,0.000199732,0.000506787,0.000087324,0.000143219,0.000141731,0.000084645,0.000075424,0.000076562,0.000087045,0.000105682,0.000104119
main|shymkent_school|nc6|np25|br0.75|one_heavy|ms3|r300|s8,0.000369941,0.000166015,0.000444869,0.000082041,0.000133457,0.000131989,0.000076168,0.000115105,0.000106430,0.000078921,0.000130414,0.000130843
main|shymkent_school|nc6|np25|br0.75|one_heavy|ms3|r300|s9,0.000362011,0.000185764,0.000479051,0.000092038,0.000134673,0.000133764,0.000085192,0.000103611,0.000105017,0.000089897,0.000103011,0.000104262
main|shymkent_school|nc6|np25|br1.0|uniform|ms3|r300|s0,0.000360844,0.000215976,0.000550150,0.000092071,0.000158662,0.000146037,0.000089574,0.000103030,0.000103076,0.000092797,0.000136185,0.000137017
main|shymkent_school|nc6|np25|br1.0|uniform|ms3|r300|s1,0.000358849,0.000219654,0.000581015,0.000094768,0.000136374,0.000137317,0.000098323,0.000107157,0.000106354,0.000089302,0.000105894,0.000112994
main|shymkent_school|nc6|np25|br1.0|uniform|ms3|r300|s2,0.000370951,0.000226352,0.000622521,0.000087790,0.000144693,0.000158330,0.000105742,0.000126291,0.000131208,0.000091868,0.000128405,0.000128330
main|shymkent_school|nc6|np25|br1.0|uniform|ms3|r300|s3,0.000407953,0.000230994,0.000592030,0.000085614,0.000160117,0.000154807,0.000096445,0.000135442,0.000130470,0.000089041,0.000134378,0.000145041
main|shymkent_school|nc6|np25|br1.0|uniform|ms3|r300|s4,0.000381920,0.000239697,0.000565919,0.000091087,0.000133290,0.000156270,0.000087028,0.000106326,0.000117067,0.000087749,0.000075344,0.000084619
main|shymkent_school|nc6|np25|br1.0|uniform|ms3|r300|s5,0.000436950,0.000214540,0.000672311,0.000111747,0.000147179,0.000148352,0.000091447,0.000136015,0.000132692,0.000093068,0.000148349,0.000134421
main|shymkent_school|nc6|np25|br1.0|uniform|ms3|r300|s6,0.000374314,0.000223527,0.000533070,0.000089888,0.000148395,0.000137089,0.000087023,0.000074923,0.000072906,0.000088967,0.000114382,0.000104208
main|shymkent_school|nc6|np25|br1.0|uniform|ms3|r300|s7,0.000395360,0.000240393,0.000632505,0.000091102,0.000137086,0.000163577,0.000088761,0.000071755,0.000083843,0.000091043,0.000107733,0.000118167
main|shymkent_school|nc6|np25|br1.0|uniform|ms3|r300|s8,0.000377561,0.000225647,0.000590549,0.000188258,0.000280845,0.000154186,0.000091556,0.000110524,0.000108695,0.000126446,0.000132640,0.000135473
main|shymkent_school|nc6|np25|br1.0|uniform|ms3|r300|s9,0.000365693,0.000214522,0.000587641,0.000091542,0.000132687,0.000133760,0.000086089,0.000101173,0.000124379,0.000086606,0.000103982,0.000099626
main|shymkent_school|nc6|np25|br1.0|random_1_100|ms3|r300|s0,0.000358475,0.000228748,0.000556179,0.000090444,0.000153392,0.000144318,0.000085547,0.000102449,0.000102676,0.000088306,0.000132391,0.000133149
main|shymkent_school|nc6|np25|br1.0|random_1_100|ms3|r300|s1,0.000377567,0.000222147,0.000604883,0.000091515,0.000147008,0.000172225,0.000090772,0.000115812,0.000121415,0.000101492,0.000102440,0.000131107
main|shymkent_school|nc6|np25|br1.0|random_1_100|ms3|r300|s2,0.000387661,0.000241462,0.000631643,0.000085180,0.000167948,0.000172567,0.000092502,0.000141912,0.000150493,0.000095965,0.000137965,0.000172008
main|shymkent_school|nc6|np25|br1.0|random_1_100|ms3|r300|s3,0.000369964,0.000216744,0.000630452,0.000093007,0.000168922,0.000155049,0.000092868,0.000130648,0.000136535,0.000098879,0.000134679,0.000134455
main|shymkent_school|nc6|np25|br1.0|random_1_100|ms3|r300|s4,0.000355213,0.000233140,0.000566843,0.000094479,0.000140036,0.000149673,0.000087646,0.000109567,0.000102840,0.000087221,0.000072507,0.000072466
main|shymkent_school|nc6|np25|br1.0|random_1_100|ms3|r300|s5,0.000373187,0.000225987,0.000557757,0.000102726,0.000168943,0.000156805,0.000108481,0.000157151,0.000166690,0.000100084,0.000144601,0.000138530
main|shymkent_school|nc6|np25|br1.0|random_1_100|ms3|r300|s6,0.000429750,0.000240051,0.000599450,0.000098749,0.000160710,0.000148595,0.000085505,0.000070851,0.000074875,0.000089852,0.000111404,0.000114553
main|shymkent_school|nc6|np25|br1.0|random_1_100|ms3|r300|s7,0.000366784,0.000222590,0.000595194,0.000085117,0.000135163,0.000131403,0.000087017,0.000080680,0.000072090,0.000102983,0.000096801,0.000097790
main|shymkent_school|nc6|np25|br1.0|random_1_100|ms3|r300|s8,0.000347380,0.000204984,0.000546809,0.000093502,0.000136910,0.000164134,0.000081860,0.000106121,0.000112657,0.000083140,0.000132911,0.000129447
main|shymkent_school|nc6|np25|br1.0|random_1_100|ms3|r300|s9,0.000332639,0.000202670,0.000556645,0.000083915,0.000133820,0.000132966,0.000085908,0.000096148,0.000100994,0.000087029,0.000099401,0.000099972
main|shymkent_school|nc6|np25|br1.0|one_heavy|ms3|r300|s0,0.000345071,0.000209527,0.000534336,0.000091435,0.000155769,0.000155386,0.000091589,0.000100714,0.000101371,0.000096590,0.000162024,0.000134561
main|shymkent_school|nc6|np25|br1.0|one_heavy|ms3|r300|s1,0.000356475,0.000211636,0.000597787,0.000102359,0.000133598,0.000136468,0.000085772,0.000100789,0.000104703,0.000084777,0.000100111,0.000104386
main|shymkent_school|nc6|np25|br1.0|one_heavy|ms3|r300|s2,0.000362657,0.000240202,0.000661424,0.000088391,0.000137388,0.000138075,0.000085745,0.000143486,0.000123777,0.000087862,0.000129023,0.000130355
main|shymkent_school|nc6|np25|br1.0|one_heavy|ms3|r300|s3,0.000389879,0.000222541,0.000627345,0.000093739,0.000153723,0.000171392,0.000089226,0.000127915,0.000138569,0.000094101,0.000134288,0.000140476
main|shymkent_school|nc6|np25|br1.0|one_heavy|ms3|r300|s4,0.000372577,0.000246687,0.000610043,0.000102233,0.000132013,0.000135040,0.000097911,0.000111003,0.000109699,0.000087684,0.000086726,0.000076070
main|shymkent_school|nc6|np25|br1.0|one_heavy|ms3|r300|s5,0.000353739,0.000210214,0.000496009,0.000083111,0.000170312,0.000139978,0.000086005,0.000122754,0.000128842,0.000094168,0.000133087,0.000124095
main|shymkent_school|nc6|np25|br1.0|one_heavy|ms3|r300|s6,0.000369661,0.000209456,0.000567576,0.000090789,0.000129923,0.000131853,0.000084061,0.000069483,0.000069118,0.000081825,0.000094380,0.000099849
main|shymkent_school|nc6|np25|br1.0|one_heavy|ms3|r300|s7,0.000353305,0.000217614,0.000555775,0.000090380,0.000152674,0.000131401,0.000083388,0.000071323,0.000070347,0.000086106,0.000128233,0.000101071
main|shymkent_school|nc6|np25|br1.0|one_heavy|ms3|r300|s8,0.000382627,0.000207326,0.000544894,0.000094523,0.000155877,0.000146725,0.000085305,0.000108511,0.000103772,0.000097969,0.000133042,0.000132529
main|shymkent_school|nc6|np25|br1.0|one_heavy|ms3|r300|s9,0.000374840,0.000207184,0.000576877,0.000089100,0.000133599,0.000128206,0.000090947,0.000101066,0.000104151,0.000088643,0.000102253,0.000099223
main|shymkent_school|nc10|np5|br0.25|uniform|ms3|r300|s0,0.000088443,0.000117914,0.000402330,0.000030505,0.000054274,0.000054192,0.000035708,0.000059106,0.000046102,0.000041058,0.000052449,0.000035964
main|shymkent_school|nc10|np5|br0.25|uniform|ms3|r300|s1,0.000099997,0.000117356,0.000437001,0.000036909,0.000062680,0.000057072,0.000036687,0.000072321,0.000056949,0.000037242,0.000044335,0.000041976
main|shymkent_school|nc10|np5|br0.25|uniform|ms3|r300|s2,0.000089484,0.000174772,0.000528150,0.000039741,0.000067391,0.000065833,0.000039714,0.000065371,0.000065460,0.000037125,0.000050907,0.000048817
main|shymkent_school|nc10|np5|br0.25|uniform|ms3|r300|s3,0.000084376,0.000145657,0.000468429,0.000039293,0.000062964,0.000073169,0.000037105,0.000065018,0.000062937,0.000036318,0.000063775,0.000063253
main|shymkent_school|nc10|np5|br0.25|uniform|ms3|r300|s4,0.000085530,0.000120685,0.000434753,0.000025252,0.000049826,0.000057760,0.000031601,0.000052032,0.000055200,0.000025676,0.000045394,0.000044636
main|shymkent_school|nc10|np5|br0.25|uniform|ms3|r300|s5,0.000085815,0.000105149,0.000353068,0.000025730,0.000057916,0.000053010,0.000022334,0.000059240,0.000050116,0.000025000,0.000045236,0.000043156
main|shymkent_school|nc10|np5|br0.25|uniform|ms3|r300|s6,0.000087539,0.000141090,0.000429349,0.000032371,0.000038339,0.000047136,0.000019555,0.000039458,0.000039704,0.000019812,0.000039043,0.000045297
main|shymkent_school|nc10|np5|br0.25|uniform|ms3|r300|s7,0.000087849,0.000161432,0.000544907,0.000045051,0.000081500,0.000069639,0.000041285,0.000062628,0.000062066,0.000043064,0.000044708,0.000044382
main|shymkent_school|nc10|np5|br0.25|uniform|ms3|r300|s8,0.000092212,0.000103004,0.000394836,0.000028398,0.000053592,0.000059709,0.000026080,0.000049508,0.000049592,0.000028141,0.000050011,0.000048085
main|shymkent_school|nc10|np5|br0.25|uniform|ms3|r300|s9,0.000083569,0.000140600,0.000463710,0.000040735,0.000063553,0.000075196,0.000044811,0.000062703,0.000057497,0.000036737,0.000055039,0.000044021
main|shymkent_school|nc10|np5|br0.25|random_1_100|ms3|r300|s0,0.000088425,0.000112786,0.000421497,0.000029378,0.000048853,0.000043550,0.000028964,0.000039899,0.000035365,0.000030767,0.000036116,0.000037257
main|shymkent_school|nc10|np5|br0.25|random_1_100|ms3|r300|s1,0.000082974,0.000111658,0.000419832,0.000032212,0.000063536,0.000055308,0.000035960,0.000054783,0.000054493,0.000037064,0.000041937,0.000039853
main|shymkent_school|nc10|np5|br0.25|random_1_100|ms3|r300|s2,0.000084895,0.000168666,0.000556183,0.000046853,0.000079583,0.000068038,0.000040047,0.000077003,0.000078156,0.000051063,0.000051525,0.000051662
main|shymkent_school|nc10|np5|br0.25|random_1_100|ms3|r300|s3,0.000097480,0.000122030,0.000459155,0.000038328,0.000068579,0.000065144,0.000037932,0.000063608,0.000061447,0.000038097,0.000093763,0.000060833
main|shymkent_school|nc10|np5|br0.25|random_1_100|ms3|r300|s4,0.000085435,0.000115855,0.000403672,0.000023140,0.000050172,0.000048751,0.000031813,0.000056257,0.000056806,0.000023049,0.000046931,0.000045027
main|shymkent_school|nc10|np5|br0.25|random_1_100|ms3|r300|s5,0.000084349,0.000104017,0.000410432,0.000026062,0.000056680,0.000050475,0.000026156,0.000053752,0.000051631,0.000023422,0.000045082,0.000042515
main|shymkent_school|nc10|np5|br0.25|random_1_100|ms3|r300|s6,0.000089742,0.000116463,0.000405322,0.000021461,0.000035588,0.000037639,0.000021358,0.000037266,0.000035379,0.000019795,0.000036102,0.000040001
main|shymkent_school|nc10|np5|br0.25|random_1_100|ms3|r300|s7,0.000088670,0.000147513,0.000510047,0.000041772,0.000078034,0.000069502,0.000042223,0.000059562,0.000059850,0.000044873,0.000047004,0.000043113
main|shymkent_school|nc10|np5|br0.25|random_1_100|ms3|r300|s8,0.000083544,0.000105334,0.000390604,0.000029624,0.000054314,0.000050895,0.000024905,0.000047947,0.000051898,0.000028579,0.000050517,0.000051371
main|shymkent_school|nc10|np5|br0.25|random_1_100|ms3|r300|s9,0.000095877,0.000144658,0.000493507,0.000037551,0.000065436,0.000057683,0.000037837,0.000060261,0.000060644,0.000036748,0.000043643,0.000044754
main|shymkent_school|nc10|np5|br0.25|one_heavy|ms3|r300|s0,0.000095542,0.000111158,0.000383226,0.000027301,0.000042229,0.000043818,0.000028265,0.000036503,0.000036530,0.000027389,0.000036887,0.000034532
main|shymkent_school|nc10|np5|br0.25|one_heavy|ms3|r300|s1,0.000091701,0.000121125,0.000410591,0.000043711,0.000056141,0.000058043,0.000037748,0.000057562,0.000057911,0.000034774,0.000043573,0.000044627
main|shymkent_school|nc10|np5|br0.25|one_heavy|ms3|r300|s2,0.000094119,0.000171131,0.000610522,0.000044722,0.000077649,0.000075034,0.000038197,0.000079864,0.000072929,0.000052052,0.000047595,0.000053337
main|shymkent_school|nc10|np5|br0.25|one_heavy|ms3|r300|s3,0.000097942,0.000127031,0.000429062,0.000029191,0.000069225,0.000069044,0.000036446,0.000059854,0.000059280,0.000034637,0.000059533,0.000060429
main|shymkent_school|nc10|np5|br0.25|one_heavy|ms3|r300|s4,0.000083956,0.000123316,0.000445873,0.000023898,0.000050247,0.000059150,0.000029779,0.000059840,0.000060254,0.000026667,0.000044951,0.000047280
main|shymkent_school|nc10|np5|br0.25|one_heavy|ms3|r300|s5,0.000084539,0.000093926,0.000348990,0.000024580,0.000053310,0.000048825,0.000023043,0.000048539,0.000047176,0.000024437,0.000042690,0.000040339
main|shymkent_school|nc10|np5|br0.25|one_heavy|ms3|r300|s6,0.000087534,0.000117844,0.000408094,0.000020678,0.000035990,0.000043904,0.000024105,0.000034947,0.000035123,0.000018769,0.000032818,0.000033633
main|shymkent_school|nc10|np5|br0.25|one_heavy|ms3|r300|s7,0.000097374,0.000172433,0.000498547,0.000051288,0.000073132,0.000063307,0.000035022,0.000056566,0.000056575,0.000038759,0.000046954,0.000042660
main|shymkent_school|nc10|np5|br0.25|one_heavy|ms3|r300|s8,0.000089251,0.000108585,0.000389263,0.000023815,0.000054783,0.000048807,0.000022894,0.000046277,0.000045142,0.000025041,0.000047007,0.000048992
main|shymkent_school|nc10|np5|br0.25|one_heavy|ms3|r300|s9,0.000089827,0.000144659,0.000434205,0.000034440,0.000062684,0.000060209,0.000036903,0.000063380,0.000060722,0.000035631,0.000040422,0.000043077
main|shymkent_school|nc10|np5|br0.5|uniform|ms3|r300|s0,0.000082538,0.000278333,0.000762403,0.000048760,0.000084028,0.000092765,0.000050579,0.000080623,0.000077500,0.000055634,0.000081234,0.000078387
main|shymkent_school|nc10|np5|br0.5|uniform|ms3|r300|s1,0.000084059,0.000300750,0.000801682,0.000058488,0.000088775,0.000088451,0.000061004,0.000092980,0.000093844,0.000061185,0.000062175,0.000058070
main|shymkent_school|nc10|np5|br0.5|uniform|ms3|r300|s2,0.000087727,0.000395976,0.001085876,0.000063211,0.000108845,0.000105113,0.000066797,0.000093526,0.000092660,0.000057580,0.000080606,0.000076478
main|shymkent_school|nc10|np5|br0.5|uniform|ms3|r300|s3,0.000083471,0.000326041,0.000936322,0.000052597,0.000115189,0.000110620,0.000054930,0.000107078,0.000106136,0.000053589,0.000112260,0.000117512
main|shymkent_school|nc10|np5|br0.5|uniform|ms3|r300|s4,0.000104920,0.000306402,0.000836319,0.000059283,0.000109930,0.000102911,0.000065370,0.000085647,0.000095243,0.000061627,0.000078913,0.000078863
main|shymkent_school|nc10|np5|br0.5|uniform|ms3|r300|s5,0.000089732,0.000208575,0.000605251,0.000040050,0.000080064,0.000071993,0.000050270,0.000095906,0.000091992,0.000040731,0.000058424,0.000058288
main|shymkent_school|nc10|np5|br0.5|uniform|ms3|r300|s6,0.000084001,0.000290345,0.000806221,0.000045651,0.000074821,0.000073169,0.000046413,0.000061757,0.000063683,0.000045791,0.000064833,0.000062039
main|shymkent_school|nc10|np5|br0.5|uniform|ms3|r300|s7,0.000085059,0.000393844,0.001063501,0.000051427,0.000126020,0.000120834,0.000067182,0.000111356,0.000109968,0.000050619,0.000083649,0.000079853
main|shymkent_school|nc10|np5|br0.5|uniform|ms3|r300|s8,0.000082788,0.000262632,0.000668587,0.000062148,0.000106424,0.000097348,0.000056220,0.000084621,0.000078455,0.000065338,0.000093566,0.000095246
main|shymkent_school|nc10|np5|br0.5|uniform|ms3|r300|s9,0.000081077,0.000369839,0.000958444,0.000055849,0.000103014,0.000101369,0.000068343,0.000104609,0.000100501,0.000058928,0.000079800,0.000077925
main|shymkent_school|nc10|np5|br0.5|random_1_100|ms3|r300|s0,0.000092458,0.000254472,0.000751901,0.000049443,0.000101790,0.000084919,0.000051467,0.000082364,0.000085737,0.000048908,0.000081828,0.000077926
main|shymkent_school|nc10|np5|br0.5|random_1_100|ms3|r300|s1,0.000082742,0.000289714,0.000797039,0.000069233,0.000093058,0.000092036,0.000054832,0.000088201,0.000094557,0.000058149,0.000064137,0.000061055
main|shymkent_school|nc10|np5|br0.5|random_1_100|ms3|r300|s2,0.000084638,0.000395000,0.001067880,0.000062518,0.000112931,0.000109805,0.000069596,0.000096556,0.000092684,0.000063895,0.000087626,0.000082722
main|shymkent_school|nc10|np5|br0.5|random_1_100|ms3|r300|s3,0.000084835,0.000335038,0.000928205,0.000072377,0.000124335,0.000120802,0.000050249,0.000105903,0.000106084,0.000056930,0.000102531,0.000099339
main|shymkent_school|nc10|np5|br0.5|random_1_100|ms3|r300|s4,0.000083189,0.000305117,0.000816296,0.000069061,0.000132965,0.000113157,0.000086771,0.000116304,0.000101639,0.000068075,0.000087320,0.000078822
main|shymkent_school|nc10|np5|br0.5|random_1_100|ms3|r300|s5,0.000084526,0.000216567,0.000637393,0.000066027,0.000103175,0.000076041,0.000064950,0.000115970,0.000090491,0.000040864,0.000066529,0.000061357
main|shymkent_school|nc10|np5|br0.5|random_1_100|ms3|r300|s6,0.000080514,0.000291141,0.000818755,0.000048645,0.000081131,0.000077145,0.000046408,0.000065080,0.000063357,0.000050855,0.000065625,0.000070025
main|shymkent_school|nc10|np5|br0.5|random_1_100|ms3|r300|s7,0.000092380,0.000437326,0.001143258,0.000052886,0.000112753,0.000111683,0.000070538,0.000121591,0.000127545,0.000054179,0.000082451,0.000084135
main|shymkent_school|nc10|np5|br0.5|random_1_100|ms3|r300|s8,0.000089718,0.000246805,0.000691690,0.000077302,0.000108540,0.000108795,0.000059335,0.000094754,0.000085828,0.000078957,0.000114915,0.000097908
main|shymkent_school|nc10|np5|br0.5|random_1_100|ms3|r300|s9,0.000087817,0.000397771,0.001040220,0.000059573,0.000135361,0.000103351,0.000069318,0.000114564,0.000114120,0.000059647,0.000076393,0.000082871
main|shymkent_school|nc10|np5|br0.5|one_heavy|ms3|r300|s0,0.000088412,0.000288083,0.000797220,0.000050037,0.000085722,0.000086584,0.000050265,0.000086066,0.000083635,0.000052093,0.000082670,0.000082877
main|shymkent_school|nc10|np5|br0.5|one_heavy|ms3|r300|s1,0.000088094,0.000326665,0.000826352,0.000063301,0.000098465,0.000094022,0.000062384,0.000101476,0.000096406,0.000065902,0.000066051,0.000063854
main|shymkent_school|nc10|np5|br0.5|one_heavy|ms3|r300|s2,0.000087330,0.000427522,0.001160321,0.000073087,0.000106886,0.000105141,0.000074711,0.000101323,0.000104522,0.000062843,0.000088123,0.000084253
main|shymkent_school|nc10|np5|br0.5|one_heavy|ms3|r300|s3,0.000086598,0.000372621,0.000931914,0.000058489,0.000124183,0.000114223,0.000061754,0.000108877,0.000108304,0.000057178,0.000084958,0.000086551
main|shymkent_school|nc10|np5|br0.5|one_heavy|ms3|r300|s4,0.000088357,0.000308621,0.000863781,0.000058027,0.000101919,0.000101462,0.000064918,0.000101453,0.000093848,0.000058208,0.000088108,0.000085654
main|shymkent_school|nc10|np5|br0.5|one_heavy|ms3|r300|s5,0.000084315,0.000219849,0.000621736,0.000044411,0.000091897,0.000081657,0.000051214,0.000102528,0.000093939,0.000039395,0.000065162,0.000066980
main|shymkent_school|nc10|np5|br0.5|one_heavy|ms3|r300|s6,0.000082884,0.000314649,0.000814799,0.000047503,0.000076456,0.000075602,0.000044827,0.000059645,0.000059272,0.000046393,0.000062649,0.000061878
main|shymkent_school|nc10|np5|br0.5|one_heavy|ms3|r300|s7,0.000088128,0.000386455,0.001074215,0.000051285,0.000121522,0.000122463,0.000069899,0.000114181,0.000112641,0.000055351,0.000078829,0.000078609
main|shymkent_school|nc10|np5|br0.5|one_heavy|ms3|r300|s8,0.000087756,0.000242794,0.000666547,0.000057972,0.000094596,0.000098825,0.000055889,0.000090766,0.000084372,0.000055968,0.000091517,0.000091195
main|shymkent_school|nc10|np5|br0.5|one_heavy|ms3|r300|s9,0.000087337,0.000372508,0.001030625,0.000072171,0.000112678,0.000110235,0.000078708,0.000111099,0.000105467,0.000061415,0.000091404,0.000085286
main|shymkent_school|nc10|np5|br0.75|uniform|ms3|r300|s0,0.000087765,0.000558427,0.001407781,0.000065019,0.000099079,0.000097870,0.000064327,0.000099658,0.000096034,0.000067486,0.000100354,0.000093024
main|shymkent_school|nc10|np5|br0.75|uniform|ms3|r300|s1,0.000088376,0.000563477,0.001468736,0.000063171,0.000100561,0.000103248,0.000063149,0.000099213,0.000096217,0.000069395,0.000066764,0.000065195
main|shymkent_school|nc10|np5|br0.75|uniform|ms3|r300|s2,0.000087065,0.000614434,0.001680415,0.000085725,0.000130774,0.000131040,0.000086949,0.000102464,0.000100889,0.000085432,0.000094101,0.000090998
main|shymkent_school|nc10|np5|br0.75|uniform|ms3|r300|s3,0.000090322,0.000594946,0.001611569,0.000085662,0.000151974,0.000147586,0.000097155,0.000144876,0.000141976,0.000090132,0.000135231,0.000158218
main|shymkent_school|nc10|np5|br0.75|uniform|ms3|r300|s4,0.000108026,0.000610457,0.001501892,0.000088716,0.000148626,0.000137283,0.000093468,0.000100043,0.000096106,0.000093622,0.000102604,0.000095821
main|shymkent_school|nc10|np5|br0.75|uniform|ms3|r300|s5,0.000093376,0.000548057,0.001363081,0.000082113,0.000126608,0.000123385,0.000089695,0.000124738,0.000118723,0.000085154,0.000065179,0.000066260
main|shymkent_school|nc10|np5|br0.75|uniform|ms3|r300|s6,0.000094924,0.000570782,0.001455423,0.000062910,0.000092177,0.000101811,0.000063779,0.000068297,0.000062064,0.000066816,0.000061613,0.000063460
main|shymkent_school|nc10|np5|br0.75|uniform|ms3|r300|s7,0.000087488,0.000726484,0.001825623,0.000083039,0.000134955,0.000138976,0.000077072,0.000133225,0.000128125,0.000079102,0.000100144,0.000095388
main|shymkent_school|nc10|np5|br0.75|uniform|ms3|r300|s8,0.000089812,0.000545789,0.001359872,0.000087554,0.000128331,0.000130421,0.000093532,0.000094564,0.000094247,0.000090509,0.000125853,0.000120596
main|shymkent_school|nc10|np5|br0.75|uniform|ms3|r300|s9,0.000093278,0.000611512,0.001603374,0.000090423,0.000136985,0.000124910,0.000088916,0.000128098,0.000127055,0.000090645,0.000101295,0.000095570
main|shymkent_school|nc10|np5|br0.75|random_1_100|ms3|r300|s0,0.000088726,0.000550315,0.001420277,0.000062883,0.000099534,0.000097624,0.000060604,0.000103407,0.000089922,0.000064076,0.000092207,0.000092257
main|shymkent_school|nc10|np5|br0.75|random_1_100|ms3|r300|s1,0.000093281,0.000584168,0.001459781,0.000062022,0.000099433,0.000095866,0.000063028,0.000107350,0.000095798,0.000063106,0.000065151,0.000063132
main|shymkent_school|nc10|np5|br0.75|random_1_100|ms3|r300|s2,0.000086046,0.000632963,0.001701127,0.000083228,0.000128722,0.000126160,0.000082826,0.000104971,0.000101623,0.000091644,0.000103081,0.000097000
main|shymkent_school|nc10|np5|br0.75|random_1_100|ms3|r300|s3,0.000099799,0.000680166,0.001663474,0.000092810,0.000157080,0.000151841,0.000092475,0.000138959,0.000142567,0.000085013,0.000134249,0.000128920
main|shymkent_school|nc10|np5|br0.75|random_1_100|ms3|r300|s4,0.000091059,0.000624704,0.001587878,0.000101245,0.000142054,0.000141902,0.000096624,0.000103677,0.000101600,0.000099504,0.000100674,0.000099578
main|shymkent_school|nc10|np5|br0.75|random_1_100|ms3|r300|s5,0.000091567,0.000596151,0.001398991,0.000084496,0.000131998,0.000133892,0.000086267,0.000130793,0.000130580,0.000088493,0.000066445,0.000064943
main|shymkent_school|nc10|np5|br0.75|random_1_100|ms3|r300|s6,0.000091606,0.000613025,0.001506907,0.000069796,0.000107532,0.000096402,0.000058191,0.000067007,0.000068281,0.000062773,0.000066124,0.000066472
main|shymkent_school|nc10|np5|br0.75|random_1_100|ms3|r300|s7,0.000103310,0.000626669,0.001749772,0.000083594,0.000144783,0.000139031,0.000078927,0.000128401,0.000128399,0.000086825,0.000097099,0.000095046
main|shymkent_school|nc10|np5|br0.75|random_1_100|ms3|r300|s8,0.000093025,0.000561906,0.001372231,0.000097645,0.000133417,0.000128579,0.000090243,0.000095771,0.000094755,0.000094735,0.000128950,0.000125397
main|shymkent_school|nc10|np5|br0.75|random_1_100|ms3|r300|s9,0.000089605,0.000621464,0.001658265,0.000087470,0.000136161,0.000125322,0.000090362,0.000137638,0.000127141,0.000093940,0.000102229,0.000097085
main|shymkent_school|nc10|np5|br0.75|one_heavy|ms3|r300|s0,0.000091296,0.000549244,0.001400700,0.000062952,0.000096509,0.000103398,0.000064970,0.000094460,0.000093386,0.000058775,0.000100224,0.000092932
main|shymkent_school|nc10|np5|br0.75|one_heavy|ms3|r300|s1,0.000089542,0.000584629,0.001459059,0.000065615,0.000111163,0.000097178,0.000069575,0.000104136,0.000113920,0.000067545,0.000064925,0.000065299
main|shymkent_school|nc10|np5|br0.75|one_heavy|ms3|r300|s2,0.000086081,0.000632401,0.001686109,0.000082583,0.000130620,0.000128177,0.000083295,0.000100130,0.000095230,0.000085095,0.000096318,0.000093595
main|shymkent_school|nc10|np5|br0.75|one_heavy|ms3|r300|s3,0.000091932,0.000605895,0.001531157,0.000089232,0.000157007,0.000140601,0.000084832,0.000126369,0.000127390,0.000081713,0.000102652,0.000098540
main|shymkent_school|nc10|np5|br0.75|one_heavy|ms3|r300|s4,0.000088982,0.000630378,0.001523091,0.000083142,0.000131319,0.000127559,0.000079285,0.000104090,0.000095828,0.000082410,0.000097128,0.000096325
main|shymkent_school|nc10|np5|br0.75|one_heavy|ms3|r300|s5,0.000087409,0.000577902,0.001352176,0.000077879,0.000124381,0.000126187,0.000083715,0.000127923,0.000120840,0.000081525,0.000070453,0.000065334
main|shymkent_school|nc10|np5|br0.75|one_heavy|ms3|r300|s6,0.000084730,0.000558182,0.001461061,0.000063139,0.000097443,0.000092492,0.000065392,0.000066795,0.000067960,0.000064833,0.000065729,0.000067602
main|shymkent_school|nc10|np5|br0.75|one_heavy|ms3|r300|s7,0.000085926,0.000662755,0.001732653,0.000074176,0.000143872,0.000138414,0.000077288,0.000134523,0.000137949,0.000078308,0.000094991,0.000096112
main|shymkent_school|nc10|np5|br0.75|one_heavy|ms3|r300|s8,0.000094610,0.000551503,0.001340901,0.000086936,0.000130847,0.000125449,0.000075156,0.000095998,0.000095189,0.000085535,0.000126973,0.000122952
main|shymkent_school|nc10|np5|br0.75|one_heavy|ms3|r300|s9,0.000093612,0.000614700,0.001576989,0.000081796,0.000124947,0.000125647,0.000084655,0.000125415,0.000121900,0.000087356,0.000096301,0.000092515
main|shymkent_school|nc10|np5|br1.0|uniform|ms3|r300|s0,0.000093202,0.000653602,0.001754641,0.000061994,0.000099372,0.000095109,0.000068898,0.000105656,0.000102910,0.000062450,0.000093602,0.000094504
main|shymkent_school|nc10|np5|br1.0|uniform|ms3|r300|s1,0.000087388,0.000680556,0.001835974,0.000065290,0.000103261,0.000098957,0.000065873,0.000100522,0.000094118,0.000064338,0.000075984,0.000069858
main|shymkent_school|nc10|np5|br1.0|uniform|ms3|r300|s2,0.000092251,0.000679412,0.001966518,0.000094074,0.000147405,0.000127731,0.000090322,0.000103272,0.000103162,0.000094665,0.000096337,0.000092298
main|shymkent_school|nc10|np5|br1.0|uniform|ms3|r300|s3,0.000088372,0.000673926,0.001867054,0.000090361,0.000143765,0.000158711,0.000097782,0.000138032,0.000127661,0.000093614,0.000128881,0.000128289
main|shymkent_school|nc10|np5|br1.0|uniform|ms3|r300|s4,0.000093746,0.000706454,0.001812936,0.000098462,0.000141058,0.000136833,0.000094268,0.000101000,0.000098245,0.000089984,0.000093353,0.000094210
main|shymkent_school|nc10|np5|br1.0|uniform|ms3|r300|s5,0.000086429,0.000691469,0.001730531,0.000089364,0.000127446,0.000124869,0.000092733,0.000127378,0.000124631,0.000088379,0.000066712,0.000068423
main|shymkent_school|nc10|np5|br1.0|uniform|ms3|r300|s6,0.000086145,0.000676699,0.001748113,0.000061579,0.000103613,0.000091811,0.000060857,0.000065453,0.000065429,0.000062090,0.000066442,0.000069228
main|shymkent_school|nc10|np5|br1.0|uniform|ms3|r300|s7,0.000085488,0.000699065,0.001906421,0.000086106,0.000141092,0.000137844,0.000092567,0.000128607,0.000130143,0.000095009,0.000098480,0.000094964
main|shymkent_school|nc10|np5|br1.0|uniform|ms3|r300|s8,0.000091235,0.000681897,0.001737002,0.000087008,0.000131244,0.000126497,0.000087450,0.000095918,0.000099521,0.000087535,0.000124502,0.000123270
main|shymkent_school|nc10|np5|br1.0|uniform|ms3|r300|s9,0.000086783,0.000684091,0.001887554,0.000095477,0.000128879,0.000129259,0.000092741,0.000131055,0.000129124,0.000085463,0.000096752,0.000096285
main|shymkent_school|nc10|np5|br1.0|random_1_100|ms3|r300|s0,0.000084060,0.000667242,0.001796434,0.000064793,0.000103011,0.000098370,0.000061949,0.000102015,0.000096181,0.000065456,0.000098621,0.000094874
main|shymkent_school|nc10|np5|br1.0|random_1_100|ms3|r300|s1,0.000086124,0.000697446,0.001819774,0.000063019,0.000102914,0.000103567,0.000063680,0.000102438,0.000098900,0.000065590,0.000066597,0.000065619
main|shymkent_school|nc10|np5|br1.0|random_1_100|ms3|r300|s2,0.000089341,0.000698823,0.001910720,0.000096113,0.000133893,0.000131023,0.000091309,0.000109041,0.000101818,0.000097346,0.000105281,0.000098027
main|shymkent_school|nc10|np5|br1.0|random_1_100|ms3|r300|s3,0.000089691,0.000691972,0.001906358,0.000087826,0.000148299,0.000147180,0.000093163,0.000134914,0.000127693,0.000091651,0.000128448,0.000122069
main|shymkent_school|nc10|np5|br1.0|random_1_100|ms3|r300|s4,0.000090943,0.000685381,0.001804462,0.000089644,0.000154280,0.000141515,0.000090680,0.000100987,0.000103936,0.000096220,0.000100732,0.000097965
main|shymkent_school|nc10|np5|br1.0|random_1_100|ms3|r300|s5,0.000084866,0.000667948,0.001743293,0.000088161,0.000133564,0.000132403,0.000090142,0.000138563,0.000129515,0.000089694,0.000068836,0.000066804
main|shymkent_school|nc10|np5|br1.0|random_1_100|ms3|r300|s6,0.000088508,0.000663580,0.001776761,0.000061313,0.000097981,0.000093327,0.000065690,0.000068440,0.000065906,0.000068907,0.000065572,0.000063809
main|shymkent_school|nc10|np5|br1.0|random_1_100|ms3|r300|s7,0.000091467,0.000682958,0.001915844,0.000093896,0.000142673,0.000145757,0.000089286,0.000126874,0.000127079,0.000093270,0.000094931,0.000094767
main|shymkent_school|nc10|np5|br1.0|random_1_100|ms3|r300|s8,0.000086814,0.000655316,0.001771525,0.000085805,0.000128744,0.000127246,0.000087066,0.000095788,0.000093854,0.000088345,0.000126012,0.000126455
main|shymkent_school|nc10|np5|br1.0|random_1_100|ms3|r300|s9,0.000088386,0.000661444,0.001839328,0.000090319,0.000129804,0.000133873,0.000087059,0.000130154,0.000130671,0.000093490,0.000098851,0.000095981
main|shymkent_school|nc10|np5|br1.0|one_heavy|ms3|r300|s0,0.000086230,0.000667219,0.001733763,0.000063576,0.000099491,0.000101270,0.000062496,0.000098220,0.000097018,0.000064989,0.000095764,0.000092997
main|shymkent_school|nc10|np5|br1.0|one_heavy|ms3|r300|s1,0.000086902,0.000671277,0.001796793,0.000062477,0.000099328,0.000095653,0.000062371,0.000099119,0.000093706,0.000061907,0.000064490,0.000063399
main|shymkent_school|nc10|np5|br1.0|one_heavy|ms3|r300|s2,0.000096073,0.000666523,0.001881659,0.000089658,0.000136475,0.000125457,0.000085161,0.000099454,0.000099734,0.000088261,0.000096922,0.000097943
main|shymkent_school|nc10|np5|br1.0|one_heavy|ms3|r300|s3,0.000089032,0.000652647,0.001862926,0.000088466,0.000152515,0.000142848,0.000092094,0.000141005,0.000130906,0.000090680,0.000097596,0.000099984
main|shymkent_school|nc10|np5|br1.0|one_heavy|ms3|r300|s4,0.000090991,0.000672647,0.001806885,0.000085161,0.000137468,0.000146620,0.000088719,0.000096742,0.000097082,0.000086518,0.000094044,0.000095664
main|shymkent_school|nc10|np5|br1.0|one_heavy|ms3|r300|s5,0.000095142,0.000674998,0.001686757,0.000088773,0.000123446,0.000120760,0.000087527,0.000130472,0.000118259,0.000088759,0.000067683,0.000065135
main|shymkent_school|nc10|np5|br1.0|one_heavy|ms3|r300|s6,0.000088709,0.000658050,0.001761801,0.000063043,0.000096136,0.000090959,0.000062712,0.000065758,0.000073039,0.000066642,0.000066457,0.000063611
main|shymkent_school|nc10|np5|br1.0|one_heavy|ms3|r300|s7,0.000087370,0.000686330,0.001937188,0.000089107,0.000136074,0.000133517,0.000086174,0.000141327,0.000133325,0.000086792,0.000092639,0.000093826
main|shymkent_school|nc10|np5|br1.0|one_heavy|ms3|r300|s8,0.000092382,0.000680622,0.001750008,0.000095220,0.000126350,0.000127233,0.000091357,0.000096100,0.000097529,0.000089186,0.000119140,0.000129031
main|shymkent_school|nc10|np5|br1.0|one_heavy|ms3|r300|s9,0.000093248,0.000710896,0.001895378,0.000089787,0.000129252,0.000147566,0.000084058,0.000137040,0.000127422,0.000094039,0.000090958,0.000091581
main|shymkent_school|nc10|np15|br0.25|uniform|ms3|r300|s0,0.000252719,0.000136573,0.000426760,0.000038022,0.000068642,0.000066478,0.000037615,0.000050462,0.000051440,0.000037696,0.000072982,0.000063694
main|shymkent_school|nc10|np15|br0.25|uniform|ms3|r300|s1,0.000245715,0.000136706,0.000418839,0.000046485,0.000081377,0.000078340,0.000045362,0.000075746,0.000077297,0.000047323,0.000075142,0.000075459
main|shymkent_school|nc10|np15|br0.25|uniform|ms3|r300|s2,0.000248122,0.000194230,0.000598203,0.000068244,0.000110126,0.000111795,0.000066456,0.000109815,0.000103269,0.000070684,0.000088363,0.000086640
main|shymkent_school|nc10|np15|br0.25|uniform|ms3|r300|s3,0.000243037,0.000143967,0.000453620,0.000057449,0.000107847,0.000093157,0.000055740,0.000096555,0.000090071,0.000055080,0.000097047,0.000095641
main|shymkent_school|nc10|np15|br0.25|uniform|ms3|r300|s4,0.000246235,0.000139671,0.000425404,0.000036588,0.000067806,0.000063156,0.000040977,0.000072385,0.000069929,0.000035600,0.000063296,0.000063545
main|shymkent_school|nc10|np15|br0.25|uniform|ms3|r300|s5,0.000252244,0.000103983,0.000368577,0.000033435,0.000068024,0.000065659,0.000033542,0.000068151,0.000070103,0.000033339,0.000059965,0.000061405
main|shymkent_school|nc10|np15|br0.25|uniform|ms3|r300|s6,0.000262465,0.000135141,0.000447074,0.000046305,0.000076929,0.000086174,0.000052696,0.000053200,0.000048991,0.000047698,0.000066601,0.000065754
main|shymkent_school|nc10|np15|br0.25|uniform|ms3|r300|s7,0.000243088,0.000176311,0.000534953,0.000057240,0.000093196,0.000090197,0.000054008,0.000082972,0.000081614,0.000058903,0.000087294,0.000080702
main|shymkent_school|nc10|np15|br0.25|uniform|ms3|r300|s8,0.000250752,0.000119197,0.000399273,0.000041248,0.000078970,0.000077009,0.000033384,0.000065250,0.000063368,0.000040294,0.000083025,0.000069415
main|shymkent_school|nc10|np15|br0.25|uniform|ms3|r300|s9,0.000249649,0.000160575,0.000538604,0.000052691,0.000087068,0.000085570,0.000051622,0.000080997,0.000082535,0.000055164,0.000063103,0.000065105
main|shymkent_school|nc10|np15|br0.25|random_1_100|ms3|r300|s0,0.000266205,0.000123385,0.000439263,0.000035868,0.000060160,0.000059370,0.000032314,0.000051777,0.000049945,0.000037731,0.000063139,0.000063482
main|shymkent_school|nc10|np15|br0.25|random_1_100|ms3|r300|s1,0.000257117,0.000134799,0.000437800,0.000034428,0.000088104,0.000082178,0.000046984,0.000073145,0.000074792,0.000048600,0.000076099,0.000076893
main|shymkent_school|nc10|np15|br0.25|random_1_100|ms3|r300|s2,0.000267220,0.000208894,0.000639237,0.000085213,0.000119140,0.000124007,0.000072844,0.000110432,0.000112046,0.000072994,0.000093369,0.000094176
main|shymkent_school|nc10|np15|br0.25|random_1_100|ms3|r300|s3,0.000248749,0.000155589,0.000464241,0.000053534,0.000100178,0.000102641,0.000053078,0.000096242,0.000095631,0.000051635,0.000096128,0.000094914
main|shymkent_school|nc10|np15|br0.25|random_1_100|ms3|r300|s4,0.000253524,0.000133619,0.000454565,0.000034693,0.000067559,0.000065960,0.000041194,0.000076063,0.000076594,0.000034132,0.000064103,0.000061288
main|shymkent_school|nc10|np15|br0.25|random_1_100|ms3|r300|s5,0.000255653,0.000116951,0.000379238,0.000034221,0.000073546,0.000067330,0.000035653,0.000073012,0.000070191,0.000033167,0.000066023,0.000065393
main|shymkent_school|nc10|np15|br0.25|random_1_100|ms3|r300|s6,0.000256311,0.000131232,0.000457140,0.000029767,0.000060000,0.000059318,0.000030447,0.000051858,0.000052793,0.000048412,0.000067980,0.000066078
main|shymkent_school|nc10|np15|br0.25|random_1_100|ms3|r300|s7,0.000253197,0.000190441,0.000583958,0.000058251,0.000095820,0.000094689,0.000049622,0.000084495,0.000083093,0.000062250,0.000088031,0.000084387
main|shymkent_school|nc10|np15|br0.25|random_1_100|ms3|r300|s8,0.000257918,0.000121069,0.000408438,0.000038745,0.000072773,0.000076587,0.000038866,0.000067500,0.000065411,0.000040211,0.000066924,0.000069064
main|shymkent_school|nc10|np15|br0.25|random_1_100|ms3|r300|s9,0.000261916,0.000162765,0.000542713,0.000048775,0.000084985,0.000081403,0.000052092,0.000087549,0.000086860,0.000052703,0.000066094,0.000060372
main|shymkent_school|nc10|np15|br0.25|one_heavy|ms3|r300|s0,0.000265145,0.000119921,0.000429783,0.000037456,0.000062714,0.000064105,0.000036067,0.000050685,0.000049520,0.000039855,0.000061690,0.000062976
main|shymkent_school|nc10|np15|br0.25|one_heavy|ms3|r300|s1,0.000254350,0.000128368,0.000439184,0.000048561,0.000084519,0.000080916,0.000046696,0.000078102,0.000076011,0.000053001,0.000074845,0.000072870
main|shymkent_school|nc10|np15|br0.25|one_heavy|ms3|r300|s2,0.000253795,0.000210587,0.000590372,0.000067755,0.000113587,0.000110561,0.000069289,0.000109476,0.000106941,0.000068969,0.000090986,0.000088641
main|shymkent_school|nc10|np15|br0.25|one_heavy|ms3|r300|s3,0.000255029,0.000144683,0.000460129,0.000043321,0.000102182,0.000097126,0.000058619,0.000095523,0.000093020,0.000055742,0.000098818,0.000098009
main|shymkent_school|nc10|np15|br0.25|one_heavy|ms3|r300|s4,0.000258758,0.000131482,0.000427028,0.000039833,0.000065131,0.000067577,0.000043098,0.000071648,0.000073016,0.000033901,0.000061124,0.000062160
main|shymkent_school|nc10|np15|br0.25|one_heavy|ms3|r300|s5,0.000247145,0.000106188,0.000386649,0.000035526,0.000068074,0.000064358,0.000032800,0.000068854,0.000070045,0.000036078,0.000063340,0.000064775
main|shymkent_school|nc10|np15|br0.25|one_heavy|ms3|r300|s6,0.000248020,0.000139863,0.000446812,0.000047521,0.000076711,0.000079207,0.000048341,0.000050193,0.000049546,0.000047567,0.000070033,0.000064268
main|shymkent_school|nc10|np15|br0.25|one_heavy|ms3|r300|s7,0.000244805,0.000187920,0.000562112,0.000054989,0.000094866,0.000092165,0.000050243,0.000078576,0.000080920,0.000061558,0.000085023,0.000081016
main|shymkent_school|nc10|np15|br0.25|one_heavy|ms3|r300|s8,0.000240863,0.000125982,0.000406131,0.000033050,0.000077324,0.000072770,0.000033269,0.000062732,0.000063450,0.000033005,0.000069754,0.000062910
main|shymkent_school|nc10|np15|br0.25|one_heavy|ms3|r300|s9,0.000253491,0.000159324,0.000507677,0.000051327,0.000081547,0.000080428,0.000052848,0.000086488,0.000078791,0.000051700,0.000061893,0.000058808
main|shymkent_school|nc10|np15|br0.5|uniform|ms3|r300|s0,0.000245094,0.000326370,0.000862561,0.000089725,0.000146651,0.000156370,0.000078698,0.000126030,0.000116586,0.000080217,0.000140157,0.000127218
main|shymkent_school|nc10|np15|br0.5|uniform|ms3|r300|s1,0.000261211,0.000369167,0.000972728,0.000105964,0.000170884,0.000168472,0.000102802,0.000162972,0.000149465,0.000102839,0.000141104,0.000135385
main|shymkent_school|nc10|np15|br0.5|uniform|ms3|r300|s2,0.000261048,0.000517908,0.001369696,0.000093296,0.000206082,0.000192575,0.000123410,0.000171987,0.000176170,0.000078070,0.000144908,0.000145364
main|shymkent_school|nc10|np15|br0.5|uniform|ms3|r300|s3,0.000274055,0.000447213,0.001090828,0.000116273,0.000205400,0.000212885,0.000113579,0.000183897,0.000171203,0.000119781,0.000181981,0.000175440
main|shymkent_school|nc10|np15|br0.5|uniform|ms3|r300|s4,0.000242253,0.000379826,0.000984032,0.000087859,0.000147043,0.000142412,0.000097261,0.000133106,0.000126303,0.000088960,0.000122375,0.000112714
main|shymkent_school|nc10|np15|br0.5|uniform|ms3|r300|s5,0.000248518,0.000260741,0.000740334,0.000075616,0.000130080,0.000130192,0.000074126,0.000135557,0.000131352,0.000073720,0.000116983,0.000116461
main|shymkent_school|nc10|np15|br0.5|uniform|ms3|r300|s6,0.000254306,0.000353249,0.000958300,0.000101579,0.000165370,0.000151713,0.000091134,0.000090346,0.000087423,0.000094718,0.000134026,0.000128251
main|shymkent_school|nc10|np15|br0.5|uniform|ms3|r300|s7,0.000247972,0.000503020,0.001311196,0.000070758,0.000152213,0.000166026,0.000094033,0.000152845,0.000156017,0.000070874,0.000140880,0.000132672
main|shymkent_school|nc10|np15|br0.5|uniform|ms3|r300|s8,0.000250981,0.000294876,0.000821113,0.000072148,0.000180291,0.000169007,0.000077886,0.000117162,0.000114006,0.000072291,0.000148425,0.000151858
main|shymkent_school|nc10|np15|br0.5|uniform|ms3|r300|s9,0.000255850,0.000489464,0.001214291,0.000082672,0.000129618,0.000131312,0.000095004,0.000157844,0.000147796,0.000086922,0.000115942,0.000150964
main|shymkent_school|nc10|np15|br0.5|random_1_100|ms3|r300|s0,0.000243116,0.000317388,0.000889090,0.000077736,0.000142722,0.000132228,0.000076856,0.000124960,0.000118285,0.000086556,0.000137940,0.000136932
main|shymkent_school|nc10|np15|br0.5|random_1_100|ms3|r300|s1,0.000250744,0.000395063,0.001009491,0.000088803,0.000189632,0.000180033,0.000108358,0.000158260,0.000161946,0.000102519,0.000134522,0.000132586
main|shymkent_school|nc10|np15|br0.5|random_1_100|ms3|r300|s2,0.000254114,0.000493926,0.001357528,0.000097492,0.000207247,0.000189327,0.000121620,0.000179734,0.000172367,0.000077280,0.000155724,0.000145498
main|shymkent_school|nc10|np15|br0.5|random_1_100|ms3|r300|s3,0.000260112,0.000434876,0.001113665,0.000120162,0.000207229,0.000200407,0.000117985,0.000178859,0.000185580,0.000114860,0.000179985,0.000178870
main|shymkent_school|nc10|np15|br0.5|random_1_100|ms3|r300|s4,0.000246195,0.000365660,0.001009517,0.000094736,0.000156734,0.000151872,0.000101709,0.000143321,0.000130777,0.000092184,0.000120694,0.000120147
main|shymkent_school|nc10|np15|br0.5|random_1_100|ms3|r300|s5,0.000248696,0.000268375,0.000740251,0.000076250,0.000132687,0.000131433,0.000073362,0.000133414,0.000140371,0.000073158,0.000118515,0.000116884
main|shymkent_school|nc10|np15|br0.5|random_1_100|ms3|r300|s6,0.000248659,0.000358733,0.000959081,0.000081121,0.000136250,0.000136281,0.000076734,0.000097473,0.000090274,0.000109495,0.000142844,0.000128739
main|shymkent_school|nc10|np15|br0.5|random_1_100|ms3|r300|s7,0.000246660,0.000490270,0.001263134,0.000078485,0.000156795,0.000158255,0.000097151,0.000162934,0.000150042,0.000068988,0.000144826,0.000134803
main|shymkent_school|nc10|np15|br0.5|random_1_100|ms3|r300|s8,0.000256307,0.000301292,0.000786466,0.000090555,0.000177416,0.000175402,0.000078405,0.000119572,0.000115878,0.000089712,0.000145960,0.000150609
main|shymkent_school|nc10|np15|br0.5|random_1_100|ms3|r300|s9,0.000252841,0.000454368,0.001156924,0.000094570,0.000135213,0.000131159,0.000102100,0.000150678,0.000147705,0.000080285,0.000114193,0.000120136
main|shymkent_school|nc10|np15|br0.5|one_heavy|ms3|r300|s0,0.000240211,0.000308671,0.000842449,0.000091326,0.000140718,0.000138802,0.000087114,0.000122371,0.000119870,0.000081818,0.000129072,0.000125785
main|shymkent_school|nc10|np15|br0.5|one_heavy|ms3|r300|s1,0.000237140,0.000349820,0.000937501,0.000109023,0.000176810,0.000175892,0.000099080,0.000158686,0.000150644,0.000115232,0.000128941,0.000126880
main|shymkent_school|nc10|np15|br0.5|one_heavy|ms3|r300|s2,0.000237308,0.000467416,0.001270351,0.000075123,0.000143394,0.000129027,0.000112548,0.000168489,0.000160798,0.000073932,0.000124222,0.000119527
main|shymkent_school|nc10|np15|br0.5|one_heavy|ms3|r300|s3,0.000235739,0.000429339,0.001042424,0.000071139,0.000157284,0.000151444,0.000071309,0.000170491,0.000160267,0.000070807,0.000126379,0.000127024
main|shymkent_school|nc10|np15|br0.5|one_heavy|ms3|r300|s4,0.000243379,0.000359797,0.000960668,0.000078007,0.000130957,0.000127658,0.000093078,0.000124512,0.000122897,0.000073978,0.000117768,0.000125138
main|shymkent_school|nc10|np15|br0.5|one_heavy|ms3|r300|s5,0.000246890,0.000258902,0.000746164,0.000070460,0.000121985,0.000125606,0.000070159,0.000130443,0.000131523,0.000074517,0.000117249,0.000118690
main|shymkent_school|nc10|np15|br0.5|one_heavy|ms3|r300|s6,0.000239746,0.000362366,0.000953908,0.000074146,0.000132727,0.000128569,0.000072602,0.000095301,0.000094632,0.000096602,0.000129584,0.000128280
main|shymkent_school|nc10|np15|br0.5|one_heavy|ms3|r300|s7,0.000249485,0.000469107,0.001230635,0.000069863,0.000152092,0.000148114,0.000098691,0.000163343,0.000150777,0.000069367,0.000131200,0.000131564
main|shymkent_school|nc10|np15|br0.5|one_heavy|ms3|r300|s8,0.000243276,0.000277361,0.000785370,0.000072804,0.000131511,0.000127356,0.000067249,0.000112709,0.000114198,0.000075466,0.000143233,0.000121141
main|shymkent_school|nc10|np15|br0.5|one_heavy|ms3|r300|s9,0.000235818,0.000442618,0.001111915,0.000074464,0.000125427,0.000127334,0.000093797,0.000156463,0.000137187,0.000074408,0.000121700,0.000112595
main|shymkent_school|nc10|np15|br0.75|uniform|ms3|r300|s0,0.000247432,0.000680635,0.001612968,0.000120088,0.000171477,0.000170530,0.000112957,0.000130279,0.000134557,0.000122454,0.000165269,0.000157133
main|shymkent_school|nc10|np15|br0.75|uniform|ms3|r300|s1,0.000243364,0.000708026,0.001857030,0.000137344,0.000192129,0.000188241,0.000125494,0.000186256,0.000181557,0.000127848,0.000139291,0.000135832
main|shymkent_school|nc10|np15|br0.75|uniform|ms3|r300|s2,0.000265334,0.000873586,0.002207764,0.000124999,0.000225988,0.000224375,0.000131117,0.000183802,0.000186935,0.000126337,0.000185199,0.000199037
main|shymkent_school|nc10|np15|br0.75|uniform|ms3|r300|s3,0.000291975,0.000797037,0.002034542,0.000137748,0.000224975,0.000207153,0.000127814,0.000201867,0.000198795,0.000127864,0.000202291,0.000205703
main|shymkent_school|nc10|np15|br0.75|uniform|ms3|r300|s4,0.000276991,0.000786343,0.001938368,0.000146708,0.000187919,0.000190639,0.000127044,0.000145103,0.000138875,0.000133420,0.000147563,0.000138612
main|shymkent_school|nc10|np15|br0.75|uniform|ms3|r300|s5,0.000276638,0.000704659,0.001704224,0.000120933,0.000203977,0.000182588,0.000125328,0.000189550,0.000187314,0.000122980,0.000142809,0.000142684
main|shymkent_school|nc10|np15|br0.75|uniform|ms3|r300|s6,0.000277559,0.000753377,0.001844804,0.000130801,0.000205385,0.000194720,0.000135315,0.000100171,0.000092522,0.000125732,0.000138290,0.000145566
main|shymkent_school|nc10|np15|br0.75|uniform|ms3|r300|s7,0.000269301,0.000813451,0.002157893,0.000125519,0.000204623,0.000211293,0.000109934,0.000198895,0.000181559,0.000114090,0.000178638,0.000185306
main|shymkent_school|nc10|np15|br0.75|uniform|ms3|r300|s8,0.000273344,0.000693845,0.001684987,0.000116900,0.000197503,0.000194392,0.000112322,0.000143669,0.000136951,0.000115545,0.000185055,0.000172620
main|shymkent_school|nc10|np15|br0.75|uniform|ms3|r300|s9,0.000256596,0.000775902,0.001933404,0.000129481,0.000176185,0.000184796,0.000124010,0.000181256,0.000182528,0.000128120,0.000139046,0.000148073
main|shymkent_school|nc10|np15|br0.75|random_1_100|ms3|r300|s0,0.000266429,0.000714163,0.001845462,0.000107953,0.000170727,0.000167029,0.000116375,0.000154026,0.000140335,0.000125140,0.000184546,0.000174105
main|shymkent_school|nc10|np15|br0.75|random_1_100|ms3|r300|s1,0.000262853,0.000730915,0.001825623,0.000139477,0.000193651,0.000188624,0.000126785,0.000187909,0.000181558,0.000128866,0.000136179,0.000134964
main|shymkent_school|nc10|np15|br0.75|random_1_100|ms3|r300|s2,0.000284353,0.000795963,0.002136977,0.000129059,0.000211438,0.000216587,0.000129219,0.000192506,0.000177110,0.000132125,0.000175985,0.000176473
main|shymkent_school|nc10|np15|br0.75|random_1_100|ms3|r300|s3,0.000271398,0.000770298,0.001991580,0.000126585,0.000213221,0.000213142,0.000136783,0.000187915,0.000184224,0.000126551,0.000203196,0.000203121
main|shymkent_school|nc10|np15|br0.75|random_1_100|ms3|r300|s4,0.000270707,0.000774996,0.001930751,0.000124900,0.000190219,0.000188218,0.000122150,0.000138554,0.000137866,0.000128533,0.000135905,0.000135298
main|shymkent_school|nc10|np15|br0.75|random_1_100|ms3|r300|s5,0.000263527,0.000694609,0.001698446,0.000126297,0.000205957,0.000180945,0.000124785,0.000184205,0.000191286,0.000123309,0.000141999,0.000140552
main|shymkent_school|nc10|np15|br0.75|random_1_100|ms3|r300|s6,0.000274058,0.000711691,0.001805798,0.000109752,0.000189824,0.000190973,0.000106824,0.000095207,0.000094585,0.000130248,0.000136021,0.000135976
main|shymkent_school|nc10|np15|br0.75|random_1_100|ms3|r300|s7,0.000262977,0.000807059,0.002064182,0.000107776,0.000206809,0.000193485,0.000111400,0.000185520,0.000177530,0.000106071,0.000176265,0.000173612
main|shymkent_school|nc10|np15|br0.75|random_1_100|ms3|r300|s8,0.000269084,0.000671004,0.001673625,0.000114562,0.000200403,0.000202589,0.000129972,0.000143118,0.000139837,0.000112553,0.000175316,0.000166579
main|shymkent_school|nc10|np15|br0.75|random_1_100|ms3|r300|s9,0.000263984,0.000759524,0.002011332,0.000126121,0.000181344,0.000175671,0.000122136,0.000173513,0.000176698,0.000127124,0.000144305,0.000131852
main|shymkent_school|nc10|np15|br0.75|one_heavy|ms3|r300|s0,0.000269942,0.000727173,0.001736635,0.000127156,0.000187647,0.000188304,0.000138826,0.000145978,0.000139604,0.000127563,0.000190795,0.000183750
main|shymkent_school|nc10|np15|br0.75|one_heavy|ms3|r300|s1,0.000267276,0.000728624,0.001834023,0.000142740,0.000197248,0.000198075,0.000130173,0.000191574,0.000181244,0.000129054,0.000145479,0.000140914
main|shymkent_school|nc10|np15|br0.75|one_heavy|ms3|r300|s2,0.000256286,0.000790910,0.002129791,0.000127678,0.000209906,0.000220804,0.000128780,0.000198238,0.000190589,0.000133678,0.000177735,0.000194063
main|shymkent_school|nc10|np15|br0.75|one_heavy|ms3|r300|s3,0.000259144,0.000753821,0.001995237,0.000131339,0.000206512,0.000209660,0.000118388,0.000193695,0.000193756,0.000122081,0.000192414,0.000189484
main|shymkent_school|nc10|np15|br0.75|one_heavy|ms3|r300|s4,0.000259936,0.000762829,0.001861201,0.000116811,0.000185412,0.000177747,0.000131390,0.000141697,0.000139275,0.000118444,0.000135154,0.000135565
main|shymkent_school|nc10|np15|br0.75|one_heavy|ms3|r300|s5,0.000276841,0.000704620,0.001676578,0.000121529,0.000179578,0.000175967,0.000121291,0.000180071,0.000182042,0.000113013,0.000139567,0.000141766
main|shymkent_school|nc10|np15|br0.75|one_heavy|ms3|r300|s6,0.000260506,0.000725384,0.001811144,0.000129476,0.000201206,0.000201094,0.000126748,0.000099221,0.000093123,0.000126500,0.000143023,0.000138398
main|shymkent_school|nc10|np15|br0.75|one_heavy|ms3|r300|s7,0.000257186,0.000809949,0.002044298,0.000108069,0.000205415,0.000202403,0.000108930,0.000182273,0.000182935,0.000115748,0.000173543,0.000178693
main|shymkent_school|nc10|np15|br0.75|one_heavy|ms3|r300|s8,0.000267374,0.000692617,0.001705335,0.000110236,0.000199661,0.000191235,0.000111106,0.000140480,0.000142082,0.000108870,0.000186757,0.000184722
main|shymkent_school|nc10|np15|br0.75|one_heavy|ms3|r300|s9,0.000262529,0.000773888,0.002012583,0.000124832,0.000181836,0.000183731,0.000124067,0.000180066,0.000185191,0.000124585,0.000140829,0.000137386
main|shymkent_school|nc10|np15|br1.0|uniform|ms3|r300|s0,0.000265259,0.000899128,0.002257456,0.000127440,0.000187303,0.000183444,0.000129662,0.000138775,0.000142409,0.000126171,0.000177168,0.000178030
main|shymkent_school|nc10|np15|br1.0|uniform|ms3|r300|s1,0.000259298,0.000877619,0.002251515,0.000126958,0.000190524,0.000182177,0.000127688,0.000181757,0.000171989,0.000122476,0.000137243,0.000134640
main|shymkent_school|nc10|np15|br1.0|uniform|ms3|r300|s2,0.000258006,0.000866903,0.002446466,0.000132462,0.000199056,0.000198345,0.000124220,0.000182263,0.000173240,0.000127086,0.000178167,0.000180666
main|shymkent_school|nc10|np15|br1.0|uniform|ms3|r300|s3,0.000264779,0.000880959,0.002372643,0.000127181,0.000252655,0.000208552,0.000128961,0.000183914,0.000185690,0.000129055,0.000200720,0.000197786
main|shymkent_school|nc10|np15|br1.0|uniform|ms3|r300|s4,0.000274147,0.000879912,0.002289855,0.000127423,0.000193675,0.000184610,0.000127956,0.000136180,0.000137623,0.000124972,0.000139949,0.000154478
main|shymkent_school|nc10|np15|br1.0|uniform|ms3|r300|s5,0.000260471,0.000861432,0.002158207,0.000135666,0.000192147,0.000192579,0.000128602,0.000190780,0.000180665,0.000130620,0.000136100,0.000145095
main|shymkent_school|nc10|np15|br1.0|uniform|ms3|r300|s6,0.000278872,0.000889252,0.002283001,0.000123194,0.000189977,0.000190440,0.000124891,0.000095392,0.000092192,0.000135045,0.000140707,0.000131392
main|shymkent_school|nc10|np15|br1.0|uniform|ms3|r300|s7,0.000270224,0.000874656,0.002424824,0.000128245,0.000210881,0.000199532,0.000130601,0.000182370,0.000179053,0.000130034,0.000174539,0.000174858
main|shymkent_school|nc10|np15|br1.0|uniform|ms3|r300|s8,0.000256026,0.000887315,0.002191161,0.000130201,0.000191090,0.000193633,0.000124717,0.000144738,0.000137220,0.000129077,0.000180612,0.000192863
main|shymkent_school|nc10|np15|br1.0|uniform|ms3|r300|s9,0.000255117,0.000888381,0.002379340,0.000130397,0.000186118,0.000209604,0.000135400,0.000185670,0.000188562,0.000135436,0.000155991,0.000139489
main|shymkent_school|nc10|np15|br1.0|random_1_100|ms3|r300|s0,0.000276551,0.000863461,0.002272047,0.000131320,0.000190904,0.000190733,0.000125224,0.000150686,0.000144310,0.000126237,0.000187215,0.000194231
main|shymkent_school|nc10|np15|br1.0|random_1_100|ms3|r300|s1,0.000275135,0.000881572,0.002316772,0.000125103,0.000192239,0.000194080,0.000129474,0.000184333,0.000183045,0.000123589,0.000135617,0.000136762
main|shymkent_school|nc10|np15|br1.0|random_1_100|ms3|r300|s2,0.000264339,0.000898507,0.002464310,0.000142973,0.000204749,0.000195955,0.000125318,0.000179388,0.000181050,0.000131278,0.000179357,0.000178432
main|shymkent_school|nc10|np15|br1.0|random_1_100|ms3|r300|s3,0.000282564,0.000885063,0.002403092,0.000126848,0.000215640,0.000205553,0.000125006,0.000178863,0.000177959,0.000123951,0.000194902,0.000191908
main|shymkent_school|nc10|np15|br1.0|random_1_100|ms3|r300|s4,0.000275868,0.000863227,0.002274439,0.000124732,0.000194267,0.000197522,0.000126316,0.000145662,0.000150566,0.000128349,0.000147001,0.000140979
main|shymkent_school|nc10|np15|br1.0|random_1_100|ms3|r300|s5,0.000264664,0.000886617,0.002210226,0.000133362,0.000196328,0.000191382,0.000125552,0.000186255,0.000184270,0.000125780,0.000148333,0.000143901
main|shymkent_school|nc10|np15|br1.0|random_1_100|ms3|r300|s6,0.000262367,0.000894915,0.002295285,0.000137380,0.000190729,0.000191609,0.000121206,0.000096771,0.000103884,0.000125699,0.000138268,0.000135279
main|shymkent_school|nc10|np15|br1.0|random_1_100|ms3|r300|s7,0.000275740,0.000864480,0.002423694,0.000127010,0.000206993,0.000210113,0.000123533,0.000185990,0.000176552,0.000126440,0.000172590,0.000181261
main|shymkent_school|nc10|np15|br1.0|random_1_100|ms3|r300|s8,0.000277668,0.000880829,0.002179274,0.000126823,0.000194558,0.000210543,0.000129775,0.000137938,0.000137270,0.000129866,0.000183354,0.000182369
main|shymkent_school|nc10|np15|br1.0|random_1_100|ms3|r300|s9,0.000268597,0.000880838,0.002358323,0.000123143,0.000188119,0.000183549,0.000127952,0.000183491,0.000178020,0.000129209,0.000134742,0.000135232
main|shymkent_school|nc10|np15|br1.0|one_heavy|ms3|r300|s0,0.000259005,0.000881914,0.002224173,0.000132842,0.000189828,0.000189114,0.000129795,0.000139559,0.000144914,0.000129865,0.000182320,0.000177495
main|shymkent_school|nc10|np15|br1.0|one_heavy|ms3|r300|s1,0.000260577,0.000867886,0.002254047,0.000132399,0.000197121,0.000195472,0.000124881,0.000191506,0.000183426,0.000134271,0.000144035,0.000138345
main|shymkent_school|nc10|np15|br1.0|one_heavy|ms3|r300|s2,0.000259789,0.000860122,0.002455714,0.000140422,0.000206325,0.000205479,0.000129716,0.000187972,0.000174759,0.000126848,0.000186881,0.000184114
main|shymkent_school|nc10|np15|br1.0|one_heavy|ms3|r300|s3,0.000268204,0.000859515,0.002380211,0.000137148,0.000226108,0.000206063,0.000125946,0.000185625,0.000183818,0.000124687,0.000201567,0.000207647
main|shymkent_school|nc10|np15|br1.0|one_heavy|ms3|r300|s4,0.000265882,0.000898531,0.002285839,0.000128809,0.000198538,0.000193477,0.000127271,0.000140387,0.000144791,0.000126966,0.000134717,0.000139750
main|shymkent_school|nc10|np15|br1.0|one_heavy|ms3|r300|s5,0.000267931,0.000858978,0.002162438,0.000130185,0.000192149,0.000195225,0.000138695,0.000184779,0.000176694,0.000127223,0.000138571,0.000138193
main|shymkent_school|nc10|np15|br1.0|one_heavy|ms3|r300|s6,0.000265023,0.000843672,0.002256583,0.000134794,0.000194397,0.000210574,0.000125063,0.000097295,0.000099041,0.000127912,0.000139598,0.000137154
main|shymkent_school|nc10|np15|br1.0|one_heavy|ms3|r300|s7,0.000261050,0.000886488,0.002398543,0.000139071,0.000203490,0.000199416,0.000128024,0.000184845,0.000179925,0.000126959,0.000183724,0.000176222
main|shymkent_school|nc10|np15|br1.0|one_heavy|ms3|r300|s8,0.000268138,0.000896214,0.002205765,0.000140139,0.000215215,0.000195150,0.000134047,0.000151027,0.000140231,0.000130749,0.000192852,0.000193541
main|shymkent_school|nc10|np15|br1.0|one_heavy|ms3|r300|s9,0.000272000,0.000896904,0.002413133,0.000142435,0.000185458,0.000190028,0.000126239,0.000191275,0.000180036,0.000131489,0.000137488,0.000138574
main|shymkent_school|nc10|np25|br0.25|uniform|ms3|r300|s0,0.000442421,0.000138537,0.000488293,0.000059701,0.000109126,0.000108794,0.000059256,0.000066929,0.000065688,0.000056194,0.000107112,0.000100833
main|shymkent_school|nc10|np25|br0.25|uniform|ms3|r300|s1,0.000442991,0.000148348,0.000475419,0.000064416,0.000105083,0.000103336,0.000061130,0.000097339,0.000095857,0.000061540,0.000097581,0.000094006
main|shymkent_school|nc10|np25|br0.25|uniform|ms3|r300|s2,0.000427077,0.000239152,0.000680248,0.000097786,0.000153869,0.000149108,0.000086987,0.000142669,0.000141703,0.000087566,0.000149259,0.000140433
main|shymkent_school|nc10|np25|br0.25|uniform|ms3|r300|s3,0.000423249,0.000162621,0.000528420,0.000072457,0.000135427,0.000130064,0.000069900,0.000130623,0.000124043,0.000071983,0.000128391,0.000125536
main|shymkent_school|nc10|np25|br0.25|uniform|ms3|r300|s4,0.000436135,0.000154863,0.000505127,0.000043973,0.000085359,0.000088695,0.000059091,0.000095301,0.000095268,0.000043332,0.000091816,0.000079045
main|shymkent_school|nc10|np25|br0.25|uniform|ms3|r300|s5,0.000451697,0.000122200,0.000444354,0.000043285,0.000093611,0.000085312,0.000043065,0.000096270,0.000090944,0.000044503,0.000083684,0.000083948
main|shymkent_school|nc10|np25|br0.25|uniform|ms3|r300|s6,0.000441966,0.000154673,0.000495837,0.000056362,0.000097432,0.000098621,0.000059565,0.000073068,0.000066813,0.000057499,0.000087578,0.000087576
main|shymkent_school|nc10|np25|br0.25|uniform|ms3|r300|s7,0.000437290,0.000224946,0.000656736,0.000071120,0.000124667,0.000120443,0.000063345,0.000110905,0.000109350,0.000071516,0.000112273,0.000110243
main|shymkent_school|nc10|np25|br0.25|uniform|ms3|r300|s8,0.000439132,0.000134880,0.000442978,0.000044705,0.000092897,0.000087450,0.000041553,0.000083075,0.000085347,0.000044438,0.000093227,0.000088734
main|shymkent_school|nc10|np25|br0.25|uniform|ms3|r300|s9,0.000440305,0.000189351,0.000584166,0.000071894,0.000111478,0.000112190,0.000073682,0.000103908,0.000104362,0.000078207,0.000106271,0.000105025
main|shymkent_school|nc10|np25|br0.25|random_1_100|ms3|r300|s0,0.000437341,0.000148620,0.000515384,0.000056068,0.000097938,0.000101865,0.000056157,0.000067178,0.000066846,0.000036678,0.000103431,0.000098643
main|shymkent_school|nc10|np25|br0.25|random_1_100|ms3|r300|s1,0.000459039,0.000147153,0.000498635,0.000043326,0.000084310,0.000082795,0.000063613,0.000094212,0.000094772,0.000058902,0.000103690,0.000092929
main|shymkent_school|nc10|np25|br0.25|random_1_100|ms3|r300|s2,0.000418507,0.000225265,0.000685445,0.000094131,0.000149719,0.000148767,0.000088949,0.000141263,0.000141800,0.000090640,0.000142261,0.000143981
main|shymkent_school|nc10|np25|br0.25|random_1_100|ms3|r300|s3,0.000448078,0.000168515,0.000547738,0.000066151,0.000135136,0.000130262,0.000065095,0.000116233,0.000121419,0.000066318,0.000119795,0.000119934
main|shymkent_school|nc10|np25|br0.25|random_1_100|ms3|r300|s4,0.000428053,0.000149053,0.000486536,0.000046343,0.000086769,0.000088659,0.000053052,0.000104637,0.000096336,0.000041908,0.000079781,0.000086941
main|shymkent_school|nc10|np25|br0.25|random_1_100|ms3|r300|s5,0.000423418,0.000128323,0.000432055,0.000043894,0.000089862,0.000094575,0.000041717,0.000085923,0.000094213,0.000042689,0.000082543,0.000085723
main|shymkent_school|nc10|np25|br0.25|random_1_100|ms3|r300|s6,0.000463560,0.000146752,0.000502046,0.000037889,0.000094352,0.000093890,0.000035938,0.000064748,0.000065473,0.000055267,0.000088964,0.000085619
main|shymkent_school|nc10|np25|br0.25|random_1_100|ms3|r300|s7,0.000424729,0.000206633,0.000653466,0.000069529,0.000120595,0.000117899,0.000063990,0.000102947,0.000101795,0.000069286,0.000106267,0.000107796
main|shymkent_school|nc10|np25|br0.25|random_1_100|ms3|r300|s8,0.000431906,0.000130045,0.000459027,0.000052981,0.000093950,0.000097464,0.000041949,0.000089519,0.000082522,0.000047972,0.000087462,0.000099380
main|shymkent_school|nc10|np25|br0.25|random_1_100|ms3|r300|s9,0.000422151,0.000199460,0.000616593,0.000071223,0.000114427,0.000122528,0.000074579,0.000107600,0.000105023,0.000077340,0.000109418,0.000111500
main|shymkent_school|nc10|np25|br0.25|one_heavy|ms3|r300|s0,0.000430059,0.000145508,0.000482112,0.000055143,0.000115159,0.000109675,0.000056942,0.000065609,0.000070473,0.000055766,0.000102681,0.000099535
main|shymkent_school|nc10|np25|br0.25|one_heavy|ms3|r300|s1,0.000430089,0.000146207,0.000503413,0.000061839,0.000112919,0.000105271,0.000059634,0.000102892,0.000097367,0.000063120,0.000097427,0.000094788
main|shymkent_school|nc10|np25|br0.25|one_heavy|ms3|r300|s2,0.000425810,0.000236213,0.000713582,0.000088448,0.000156993,0.000152607,0.000089019,0.000149320,0.000145490,0.000091006,0.000141668,0.000145653
main|shymkent_school|nc10|np25|br0.25|one_heavy|ms3|r300|s3,0.000430629,0.000165357,0.000549171,0.000055564,0.000129847,0.000147117,0.000071915,0.000123385,0.000131253,0.000071329,0.000128065,0.000137125
main|shymkent_school|nc10|np25|br0.25|one_heavy|ms3|r300|s4,0.000425618,0.000154725,0.000504525,0.000044792,0.000086769,0.000085032,0.000056769,0.000095996,0.000093822,0.000043273,0.000079776,0.000083854
main|shymkent_school|nc10|np25|br0.25|one_heavy|ms3|r300|s5,0.000422924,0.000127628,0.000424207,0.000046280,0.000103314,0.000086657,0.000045112,0.000096679,0.000089343,0.000047820,0.000093554,0.000082637
main|shymkent_school|nc10|np25|br0.25|one_heavy|ms3|r300|s6,0.000466122,0.000156967,0.000492201,0.000055779,0.000094646,0.000096844,0.000054303,0.000065657,0.000063165,0.000062833,0.000087081,0.000084934
main|shymkent_school|nc10|np25|br0.25|one_heavy|ms3|r300|s7,0.000427663,0.000213336,0.000632053,0.000075887,0.000117599,0.000115207,0.000064663,0.000101738,0.000105092,0.000073244,0.000108731,0.000108430
main|shymkent_school|nc10|np25|br0.25|one_heavy|ms3|r300|s8,0.000436079,0.000135287,0.000462490,0.000042945,0.000085230,0.000100505,0.000044849,0.000084887,0.000089457,0.000041409,0.000085236,0.000096205
main|shymkent_school|nc10|np25|br0.25|one_heavy|ms3|r300|s9,0.000432696,0.000187885,0.000598380,0.000075548,0.000122525,0.000118722,0.000071382,0.000103979,0.000111270,0.000075367,0.000112584,0.000110514
main|shymkent_school|nc10|np25|br0.5|uniform|ms3|r300|s0,0.000422232,0.000383130,0.001034798,0.000105875,0.000217724,0.000206491,0.000122962,0.000173455,0.000154011,0.000118248,0.000213089,0.000199453
main|shymkent_school|nc10|np25|br0.5|uniform|ms3|r300|s1,0.000436458,0.000442059,0.001151833,0.000128083,0.000229192,0.000228917,0.000133309,0.000204215,0.000197429,0.000131447,0.000177644,0.000170372
main|shymkent_school|nc10|np25|br0.5|uniform|ms3|r300|s2,0.000454927,0.000635034,0.001574906,0.000125945,0.000271556,0.000271677,0.000150724,0.000221698,0.000243166,0.000117547,0.000258444,0.000262105
main|shymkent_school|nc10|np25|br0.5|uniform|ms3|r300|s3,0.000446576,0.000514294,0.001330165,0.000123586,0.000266869,0.000275554,0.000153905,0.000222417,0.000237526,0.000094375,0.000237290,0.000237355
main|shymkent_school|nc10|np25|br0.5|uniform|ms3|r300|s4,0.000434250,0.000468524,0.001214056,0.000112833,0.000195395,0.000199283,0.000128563,0.000170444,0.000167133,0.000111337,0.000157672,0.000153342
main|shymkent_school|nc10|np25|br0.5|uniform|ms3|r300|s5,0.000459710,0.000332627,0.000882908,0.000099990,0.000191060,0.000172201,0.000096004,0.000176352,0.000174793,0.000101111,0.000157485,0.000164307
main|shymkent_school|nc10|np25|br0.5|uniform|ms3|r300|s6,0.000435136,0.000431012,0.001156864,0.000124475,0.000215563,0.000213891,0.000126694,0.000121014,0.000125287,0.000126192,0.000199454,0.000193640
main|shymkent_school|nc10|np25|br0.5|uniform|ms3|r300|s7,0.000452081,0.000629956,0.001601339,0.000096294,0.000239720,0.000254876,0.000127432,0.000205390,0.000219248,0.000090821,0.000177161,0.000194264
main|shymkent_school|nc10|np25|br0.5|uniform|ms3|r300|s8,0.000437845,0.000353873,0.000976585,0.000105836,0.000184922,0.000180483,0.000101417,0.000160509,0.000160732,0.000097960,0.000160940,0.000171609
main|shymkent_school|nc10|np25|br0.5|uniform|ms3|r300|s9,0.000435488,0.000569863,0.001434172,0.000104157,0.000181620,0.000174266,0.000121032,0.000184596,0.000187747,0.000103741,0.000189283,0.000188892
main|shymkent_school|nc10|np25|br0.5|random_1_100|ms3|r300|s0,0.000443437,0.000396193,0.001051162,0.000115856,0.000186718,0.000208196,0.000103131,0.000159034,0.000163354,0.000093952,0.000186367,0.000202282
main|shymkent_school|nc10|np25|br0.5|random_1_100|ms3|r300|s1,0.000437864,0.000461374,0.001171130,0.000111659,0.000187575,0.000195592,0.000126408,0.000200877,0.000204341,0.000129446,0.000171937,0.000169633
main|shymkent_school|nc10|np25|br0.5|random_1_100|ms3|r300|s2,0.000449414,0.000634923,0.001637759,0.000116702,0.000247815,0.000299484,0.000151061,0.000226739,0.000246716,0.000115245,0.000226561,0.000279827
main|shymkent_school|nc10|np25|br0.5|random_1_100|ms3|r300|s3,0.000423272,0.000544775,0.001357501,0.000130138,0.000270355,0.000258739,0.000148166,0.000225264,0.000228890,0.000095473,0.000194954,0.000198720
main|shymkent_school|nc10|np25|br0.5|random_1_100|ms3|r300|s4,0.000418593,0.000497869,0.001180290,0.000109236,0.000190605,0.000201833,0.000128344,0.000168806,0.000184317,0.000112902,0.000156213,0.000169514
main|shymkent_school|nc10|np25|br0.5|random_1_100|ms3|r300|s5,0.000425100,0.000320082,0.000858688,0.000097228,0.000166721,0.000166077,0.000101933,0.000178274,0.000178572,0.000099625,0.000161755,0.000160560
main|shymkent_school|nc10|np25|br0.5|random_1_100|ms3|r300|s6,0.000428985,0.000454683,0.001131978,0.000104297,0.000217725,0.000219105,0.000103286,0.000125864,0.000117660,0.000126315,0.000193126,0.000187333
main|shymkent_school|nc10|np25|br0.5|random_1_100|ms3|r300|s7,0.000430028,0.000629023,0.001571391,0.000094133,0.000200073,0.000197637,0.000123336,0.000196285,0.000197629,0.000091892,0.000175329,0.000172943
main|shymkent_school|nc10|np25|br0.5|random_1_100|ms3|r300|s8,0.000439388,0.000357898,0.000974539,0.000114323,0.000214089,0.000208238,0.000106725,0.000151815,0.000149292,0.000096367,0.000194972,0.000190024
main|shymkent_school|nc10|np25|br0.5|random_1_100|ms3|r300|s9,0.000432057,0.000565972,0.001422488,0.000104405,0.000174573,0.000171121,0.000121653,0.000184683,0.000188091,0.000108527,0.000191255,0.000183550
main|shymkent_school|nc10|np25|br0.5|one_heavy|ms3|r300|s0,0.000429471,0.000404035,0.001025146,0.000102642,0.000192878,0.000205864,0.000101296,0.000147707,0.000151444,0.000103635,0.000181425,0.000180409
main|shymkent_school|nc10|np25|br0.5|one_heavy|ms3|r300|s1,0.000446390,0.000427708,0.001121333,0.000147289,0.000226243,0.000230617,0.000132114,0.000196223,0.000192281,0.000145832,0.000174946,0.000169009
main|shymkent_school|nc10|np25|br0.5|one_heavy|ms3|r300|s2,0.000452048,0.000633003,0.001598778,0.000099163,0.000186989,0.000175990,0.000155565,0.000222517,0.000221501,0.000096833,0.000176850,0.000174508
main|shymkent_school|nc10|np25|br0.5|one_heavy|ms3|r300|s3,0.000419535,0.000501599,0.001316907,0.000096223,0.000210389,0.000205080,0.000149031,0.000222458,0.000225879,0.000106471,0.000177538,0.000168394
main|shymkent_school|nc10|np25|br0.5|one_heavy|ms3|r300|s4,0.000423957,0.000467386,0.001185193,0.000100848,0.000176715,0.000171289,0.000124662,0.000172190,0.000167440,0.000097862,0.000157330,0.000154947
main|shymkent_school|nc10|np25|br0.5|one_heavy|ms3|r300|s5,0.000438684,0.000321516,0.000854328,0.000099593,0.000177467,0.000173499,0.000103871,0.000190454,0.000176501,0.000097682,0.000165765,0.000166192
main|shymkent_school|nc10|np25|br0.5|one_heavy|ms3|r300|s6,0.000433507,0.000433929,0.001142103,0.000107904,0.000182034,0.000179060,0.000098409,0.000122633,0.000117188,0.000125194,0.000194120,0.000191191
main|shymkent_school|nc10|np25|br0.5|one_heavy|ms3|r300|s7,0.000454420,0.000583533,0.001559266,0.000097362,0.000237062,0.000230454,0.000125805,0.000206217,0.000199322,0.000098468,0.000178193,0.000178460
main|shymkent_school|nc10|np25|br0.5|one_heavy|ms3|r300|s8,0.000424045,0.000354862,0.000941323,0.000100184,0.000170914,0.000183563,0.000090436,0.000159305,0.000164899,0.000092065,0.000164521,0.000174803
main|shymkent_school|nc10|np25|br0.5|one_heavy|ms3|r300|s9,0.000443286,0.000550802,0.001444102,0.000105080,0.000173812,0.000179702,0.000125147,0.000194694,0.000190077,0.000103214,0.000188594,0.000183626
main|shymkent_school|nc10|np25|br0.75|uniform|ms3|r300|s0,0.000444333,0.000841597,0.002037847,0.000130328,0.000246697,0.000272801,0.000128021,0.000175480,0.000191280,0.000130092,0.000232785,0.000250439
main|shymkent_school|nc10|np25|br0.75|uniform|ms3|r300|s1,0.000428627,0.000849938,0.002082639,0.000167903,0.000238954,0.000249952,0.000157605,0.000223019,0.000226349,0.000150433,0.000167340,0.000167714
main|shymkent_school|nc10|np25|br0.75|uniform|ms3|r300|s2,0.000408119,0.000941460,0.002293529,0.000150726,0.000265946,0.000240186,0.000152628,0.000206348,0.000207000,0.000142224,0.000225839,0.000240442
main|shymkent_school|nc10|np25|br0.75|uniform|ms3|r300|s3,0.000436726,0.000861784,0.002203884,0.000212759,0.000394825,0.000339710,0.000203468,0.000281318,0.000297550,0.000200057,0.000312538,0.000318021
main|shymkent_school|nc10|np25|br0.75|uniform|ms3|r300|s4,0.000645011,0.001162025,0.002890554,0.000203756,0.000317172,0.000296742,0.000192255,0.000220692,0.000223598,0.000206185,0.000213712,0.000221991
main|shymkent_school|nc10|np25|br0.75|uniform|ms3|r300|s5,0.000595057,0.001091862,0.001973012,0.000135854,0.000241186,0.000254121,0.000145078,0.000218803,0.000251650,0.000145006,0.000211283,0.000222884
main|shymkent_school|nc10|np25|br0.75|uniform|ms3|r300|s6,0.000473687,0.000812759,0.002182903,0.000146053,0.000244914,0.000238799,0.000170550,0.000114735,0.000115668,0.000146401,0.000237337,0.000224672
main|shymkent_school|nc10|np25|br0.75|uniform|ms3|r300|s7,0.000410426,0.000901018,0.003560790,0.000182622,0.000358832,0.000263129,0.000165806,0.000237270,0.000225580,0.000157743,0.000220818,0.000208577
main|shymkent_school|nc10|np25|br0.75|uniform|ms3|r300|s8,0.000484018,0.000830449,0.001982218,0.000139783,0.000225430,0.000228834,0.000134963,0.000225291,0.000286331,0.000189069,0.000217973,0.000213690
main|shymkent_school|nc10|np25|br0.75|uniform|ms3|r300|s9,0.000481034,0.001192699,0.002788436,0.000150745,0.000247136,0.000280447,0.000149206,0.000228390,0.000233124,0.000152937,0.000232095,0.000222859
main|shymkent_school|nc10|np25|br0.75|random_1_100|ms3|r300|s0,0.000455898,0.000926712,0.002248117,0.000138878,0.000232564,0.000208951,0.000131999,0.000168280,0.000163175,0.000122417,0.000231156,0.000228162
main|shymkent_school|nc10|np25|br0.75|random_1_100|ms3|r300|s1,0.000462918,0.000931767,0.002357121,0.000161760,0.000244905,0.000239540,0.000152297,0.000225216,0.000220469,0.000156420,0.000168183,0.000168104
main|shymkent_school|nc10|np25|br0.75|random_1_100|ms3|r300|s2,0.000422391,0.000981197,0.002955316,0.000202177,0.000323662,0.000322585,0.000214999,0.000301279,0.000282014,0.000170472,0.000281596,0.000297214
main|shymkent_school|nc10|np25|br0.75|random_1_100|ms3|r300|s3,0.000526110,0.001156173,0.003102697,0.000175915,0.000310310,0.000286641,0.000166751,0.000255719,0.000229408,0.000149032,0.000263854,0.000257735
main|shymkent_school|nc10|np25|br0.75|random_1_100|ms3|r300|s4,0.000447773,0.000907262,0.002299420,0.000171110,0.000260333,0.000307116,0.000167938,0.000180754,0.000202589,0.000182543,0.000202343,0.000217980
main|shymkent_school|nc10|np25|br0.75|random_1_100|ms3|r300|s5,0.000481468,0.000900570,0.002036480,0.000169057,0.000248941,0.000235232,0.000168288,0.000233884,0.000268003,0.000170296,0.000237766,0.000238978
main|shymkent_school|nc10|np25|br0.75|random_1_100|ms3|r300|s6,0.000459977,0.000900815,0.002313559,0.000152427,0.000284897,0.000275488,0.000176759,0.000143559,0.000118537,0.000168287,0.000234240,0.000249591
main|shymkent_school|nc10|np25|br0.75|random_1_100|ms3|r300|s7,0.000484476,0.001057501,0.002623440,0.000139686,0.000234067,0.000246318,0.000167955,0.000265102,0.000285159,0.000181138,0.000264709,0.000252427
main|shymkent_school|nc10|np25|br0.75|random_1_100|ms3|r300|s8,0.000497766,0.000987336,0.002224780,0.000138444,0.000256214,0.000249959,0.000130082,0.000213056,0.000197625,0.000138257,0.000214188,0.000211757
main|shymkent_school|nc10|np25|br0.75|random_1_100|ms3|r300|s9,0.000505838,0.001027716,0.002386271,0.000150899,0.000237585,0.000231233,0.000154060,0.000214533,0.000221146,0.000151685,0.000223151,0.000219007
main|shymkent_school|nc10|np25|br0.75|one_heavy|ms3|r300|s0,0.000461717,0.000863280,0.002175683,0.000143584,0.000273451,0.000272686,0.000137002,0.000184560,0.000184346,0.000141776,0.000252664,0.000269671
main|shymkent_school|nc10|np25|br0.75|one_heavy|ms3|r300|s1,0.000491821,0.000898320,0.002419260,0.000198501,0.000247084,0.000275705,0.000157903,0.000276021,0.000238113,0.000172309,0.000187994,0.000185178
main|shymkent_school|nc10|np25|br0.75|one_heavy|ms3|r300|s2,0.000429557,0.001095950,0.004095268,0.000289193,0.000409498,0.000359148,0.000257712,0.000383906,0.000354271,0.000245128,0.000342235,0.000391707
main|shymkent_school|nc10|np25|br0.75|one_heavy|ms3|r300|s3,0.000761471,0.001582726,0.003521229,0.000248388,0.000386004,0.000387231,0.000248695,0.000358525,0.000390526,0.000150967,0.000296974,0.000455487
main|shymkent_school|nc10|np25|br0.75|one_heavy|ms3|r300|s4,0.000689381,0.001146245,0.003165247,0.000188023,0.000332539,0.000305392,0.000202363,0.000235959,0.000234638,0.000188380,0.000269180,0.000233808
main|shymkent_school|nc10|np25|br0.75|one_heavy|ms3|r300|s5,0.000464842,0.001119197,0.002385011,0.000170248,0.000255879,0.000322276,0.000201916,0.000295118,0.000313356,0.000300420,0.000432715,0.000322633
main|shymkent_school|nc10|np25|br0.75|one_heavy|ms3|r300|s6,0.000626403,0.001160456,0.002822438,0.000206607,0.000324256,0.000352473,0.000159523,0.000120421,0.000162958,0.000207300,0.000306642,0.000291317
main|shymkent_school|nc10|np25|br0.75|one_heavy|ms3|r300|s7,0.000507339,0.001174549,0.002971138,0.000183580,0.000353119,0.000323182,0.000200923,0.000288961,0.000288854,0.000161367,0.000224350,0.000221815
main|shymkent_school|nc10|np25|br0.75|one_heavy|ms3|r300|s8,0.000465231,0.000820944,0.001997080,0.000143087,0.000217366,0.000223177,0.000133188,0.000206064,0.000201494,0.000140438,0.000209924,0.000207166
main|shymkent_school|nc10|np25|br0.75|one_heavy|ms3|r300|s9,0.000433287,0.000920393,0.002372646,0.000175551,0.000246363,0.000237207,0.000154102,0.000218429,0.000228710,0.000152274,0.000220777,0.000215767
main|shymkent_school|nc10|np25|br1.0|uniform|ms3|r300|s0,0.000441371,0.001057672,0.002654409,0.000160655,0.000265043,0.000277042,0.000158855,0.000180764,0.000187293,0.000162054,0.000233728,0.000258076
main|shymkent_school|nc10|np25|br1.0|uniform|ms3|r300|s1,0.000444043,0.001014417,0.002656766,0.000156184,0.000237677,0.000241040,0.000156482,0.000225115,0.000224756,0.000155256,0.000178571,0.000175550
main|shymkent_school|nc10|np25|br1.0|uniform|ms3|r300|s2,0.000462099,0.001065641,0.002873455,0.000156713,0.000275213,0.000249095,0.000156679,0.000232422,0.000222535,0.000154085,0.000228475,0.000232913
main|shymkent_school|nc10|np25|br1.0|uniform|ms3|r300|s3,0.000453097,0.001072531,0.002844919,0.000205529,0.000268007,0.000267997,0.000161295,0.000228045,0.000234298,0.000159455,0.000241145,0.000235492
main|shymkent_school|nc10|np25|br1.0|uniform|ms3|r300|s4,0.000460691,0.001072109,0.002686001,0.000161159,0.000252354,0.000248061,0.000157976,0.000171860,0.000167850,0.000168941,0.000175453,0.000176541
main|shymkent_school|nc10|np25|br1.0|uniform|ms3|r300|s5,0.000432668,0.001029646,0.002484202,0.000163182,0.000240114,0.000269684,0.000152939,0.000228809,0.000225370,0.000156979,0.000214233,0.000228184
main|shymkent_school|nc10|np25|br1.0|uniform|ms3|r300|s6,0.000434218,0.001054729,0.002674851,0.000155605,0.000347216,0.000379671,0.000155164,0.000115833,0.000113410,0.000148531,0.000226774,0.000211753
main|shymkent_school|nc10|np25|br1.0|uniform|ms3|r300|s7,0.000446821,0.001032926,0.002616235,0.000163359,0.000219000,0.000223065,0.000137205,0.000205333,0.000212318,0.000151945,0.000211995,0.000202479
main|shymkent_school|nc10|np25|br1.0|uniform|ms3|r300|s8,0.000409264,0.000925301,0.002340094,0.000151497,0.000224930,0.000223744,0.000148274,0.000210012,0.000215831,0.000150370,0.000217142,0.000212605
main|shymkent_school|nc10|np25|br1.0|uniform|ms3|r300|s9,0.000394585,0.000965066,0.002499852,0.000144346,0.000225255,0.000221815,0.000142903,0.000209703,0.000207999,0.000156356,0.000204209,0.000200622
main|shymkent_school|nc10|np25|br1.0|random_1_100|ms3|r300|s0,0.000390466,0.000955167,0.002431206,0.000141741,0.000244535,0.000226131,0.000143595,0.000171412,0.000157333,0.000147100,0.000221349,0.000217533
main|shymkent_school|nc10|np25|br1.0|random_1_100|ms3|r300|s1,0.000404571,0.000956680,0.002524678,0.000184673,0.000327738,0.000219566,0.000140574,0.000209465,0.000202567,0.000142933,0.000159161,0.000154577
main|shymkent_school|nc10|np25|br1.0|random_1_100|ms3|r300|s2,0.000410117,0.001052461,0.002907447,0.000174169,0.000265238,0.000296070,0.000157309,0.000228623,0.000248320,0.000153627,0.000244801,0.000275621
main|shymkent_school|nc10|np25|br1.0|random_1_100|ms3|r300|s3,0.000438490,0.001111677,0.002783966,0.000171933,0.000271486,0.000301752,0.000201787,0.000307380,0.000320825,0.000237986,0.000329593,0.000332518
main|shymkent_school|nc10|np25|br1.0|random_1_100|ms3|r300|s4,0.000579244,0.001051360,0.002768095,0.000156310,0.000243517,0.000248677,0.000152911,0.000184834,0.000190207,0.000157678,0.000190748,0.000185133
main|shymkent_school|nc10|np25|br1.0|random_1_100|ms3|r300|s5,0.000437846,0.001075860,0.002629481,0.000177755,0.000257620,0.000276106,0.000161841,0.000239657,0.000223242,0.000163158,0.000221843,0.000236794
main|shymkent_school|nc10|np25|br1.0|random_1_100|ms3|r300|s6,0.000447833,0.001047751,0.002733218,0.000158191,0.000279657,0.000269961,0.000156638,0.000123437,0.000142295,0.000158079,0.000222577,0.000244520
main|shymkent_school|nc10|np25|br1.0|random_1_100|ms3|r300|s7,0.000434273,0.001062692,0.003081588,0.000160843,0.000291254,0.000287139,0.000161582,0.000263762,0.000235306,0.000160438,0.000246573,0.000233999
main|shymkent_school|nc10|np25|br1.0|random_1_100|ms3|r300|s8,0.000461726,0.001018768,0.002718492,0.000163017,0.000246842,0.000259597,0.000153352,0.000239559,0.000214123,0.000155277,0.000246922,0.000225491
main|shymkent_school|nc10|np25|br1.0|random_1_100|ms3|r300|s9,0.000428910,0.000992445,0.002739337,0.000158403,0.000243686,0.000246688,0.000157129,0.000225785,0.000219415,0.000156768,0.000224397,0.000217019
main|shymkent_school|nc10|np25|br1.0|one_heavy|ms3|r300|s0,0.000450930,0.001024371,0.002595949,0.000164325,0.000250899,0.000246479,0.000151966,0.000169664,0.000198241,0.000161831,0.000241265,0.000227055
main|shymkent_school|nc10|np25|br1.0|one_heavy|ms3|r300|s1,0.000435498,0.000994277,0.002592957,0.000161046,0.000246799,0.000231208,0.000160538,0.000221433,0.000216903,0.000156188,0.000167690,0.000200803
main|shymkent_school|nc10|np25|br1.0|one_heavy|ms3|r300|s2,0.000422718,0.001017360,0.002758444,0.000152078,0.000257138,0.000273757,0.000156152,0.000213003,0.000219279,0.000154863,0.000229689,0.000244728
main|shymkent_school|nc10|np25|br1.0|one_heavy|ms3|r300|s3,0.000473763,0.000985004,0.002687146,0.000159375,0.000258739,0.000265495,0.000163771,0.000234456,0.000215593,0.000151711,0.000230480,0.000238621
main|shymkent_school|nc10|np25|br1.0|one_heavy|ms3|r300|s4,0.000423306,0.001030866,0.002570548,0.000158401,0.000235008,0.000233080,0.000157244,0.000170826,0.000176060,0.000158402,0.000165494,0.000170189
main|shymkent_school|nc10|np25|br1.0|one_heavy|ms3|r300|s5,0.000422314,0.001028862,0.002419969,0.000153927,0.000236451,0.000234949,0.000148294,0.000222520,0.000219592,0.000164396,0.000220894,0.000211792
main|shymkent_school|nc10|np25|br1.0|one_heavy|ms3|r300|s6,0.000441321,0.000994647,0.002514728,0.000158500,0.000281644,0.000264542,0.000158170,0.000117294,0.000116546,0.000153610,0.000223135,0.000232943
main|shymkent_school|nc10|np25|br1.0|one_heavy|ms3|r300|s7,0.000442316,0.000995831,0.002713436,0.000170697,0.000251364,0.000252195,0.000154063,0.000217380,0.000216993,0.000163389,0.000245324,0.000215330
main|shymkent_school|nc10|np25|br1.0|one_heavy|ms3|r300|s8,0.000426183,0.001042356,0.002490456,0.000147402,0.000237857,0.000239649,0.000150252,0.000217620,0.000219602,0.000151288,0.000235793,0.000236254
main|shymkent_school|nc10|np25|br1.0|one_heavy|ms3|r300|s9,0.000410711,0.000986292,0.002685385,0.000162420,0.000232365,0.000223567,0.000155249,0.000209465,0.000213674,0.000150213,0.000215283,0.000205155
main|shymkent_school|nc16|np5|br0.25|uniform|ms3|r300|s0,0.000106026,0.004407746,0.018307544,0.000054559,0.000107694,0.000092552,0.000052420,0.000086799,0.000085703,0.000050362,0.000085633,0.000085073
main|shymkent_school|nc16|np5|br0.25|uniform|ms3|r300|s1,0.000116736,0.004412325,0.018019742,0.000050252,0.000093548,0.000086214,0.000050078,0.000087563,0.000084059,0.000051552,0.000065864,0.000063444
main|shymkent_school|nc16|np5|br0.25|uniform|ms3|r300|s2,0.000122987,0.004587363,0.018416054,0.000040674,0.000089997,0.000089092,0.000041328,0.000113484,0.000106776,0.000042596,0.000080818,0.000081148
main|shymkent_school|nc16|np5|br0.25|uniform|ms3|r300|s3,0.000115430,0.004620716,0.018481134,0.000075891,0.000129893,0.000124752,0.000076451,0.000130997,0.000131942,0.000078620,0.000118136,0.000111326
main|shymkent_school|nc16|np5|br0.25|uniform|ms3|r300|s4,0.000123493,0.004813390,0.018831822,0.000041045,0.000091884,0.000082405,0.000048777,0.000085913,0.000085161,0.000042787,0.000083019,0.000074071
main|shymkent_school|nc16|np5|br0.25|uniform|ms3|r300|s5,0.000116019,0.004873858,0.018607234,0.000058925,0.000129849,0.000126661,0.000057640,0.000122725,0.000123568,0.000057299,0.000105973,0.000108859
main|shymkent_school|nc16|np5|br0.25|uniform|ms3|r300|s6,0.000167473,0.005153173,0.022744088,0.000029232,0.000053115,0.000052171,0.000027313,0.000052645,0.000051049,0.000028819,0.000054513,0.000050660
main|shymkent_school|nc16|np5|br0.25|uniform|ms3|r300|s7,0.000134027,0.005332021,0.021128685,0.000071185,0.000138035,0.000135380,0.000081860,0.000125102,0.000123274,0.000083721,0.000073631,0.000069424
main|shymkent_school|nc16|np5|br0.25|uniform|ms3|r300|s8,0.000114724,0.005315411,0.018445344,0.000059025,0.000109232,0.000109756,0.000059056,0.000102826,0.000112145,0.000080143,0.000129842,0.000140396
main|shymkent_school|nc16|np5|br0.25|uniform|ms3|r300|s9,0.000169817,0.006662155,0.025655182,0.000093665,0.000150072,0.000149271,0.000091990,0.000154578,0.000146520,0.000091044,0.000099726,0.000097435
main|shymkent_school|nc16|np5|br0.25|random_1_100|ms3|r300|s0,0.000162350,0.006251992,0.018778216,0.000053119,0.000096912,0.000090182,0.000051359,0.000085996,0.000082625,0.000051548,0.000090897,0.000086647
main|shymkent_school|nc16|np5|br0.25|random_1_100|ms3|r300|s1,0.000116417,0.004392640,0.017903737,0.000051928,0.000084286,0.000084668,0.000051264,0.000092030,0.000081041,0.000049849,0.000071120,0.000067012
main|shymkent_school|nc16|np5|br0.25|random_1_100|ms3|r300|s2,0.000112598,0.004703808,0.019773927,0.000045242,0.000096253,0.000088916,0.000046466,0.000118093,0.000115331,0.000051903,0.000083885,0.000094563
main|shymkent_school|nc16|np5|br0.25|random_1_100|ms3|r300|s3,0.000124055,0.005054774,0.019134370,0.000077536,0.000159126,0.000128157,0.000070646,0.000122504,0.000121568,0.000073920,0.000109395,0.000107714
main|shymkent_school|nc16|np5|br0.25|random_1_100|ms3|r300|s4,0.000116230,0.004914373,0.019401223,0.000040159,0.000084812,0.000082022,0.000046096,0.000085019,0.000080733,0.000040237,0.000073957,0.000070843
main|shymkent_school|nc16|np5|br0.25|random_1_100|ms3|r300|s5,0.000110312,0.004706216,0.017364017,0.000045102,0.000091595,0.000091274,0.000039236,0.000099836,0.000087789,0.000041867,0.000076580,0.000073102
main|shymkent_school|nc16|np5|br0.25|random_1_100|ms3|r300|s6,0.000101516,0.004093104,0.016208190,0.000029847,0.000053629,0.000047604,0.000025836,0.000050935,0.000046644,0.000026956,0.000048884,0.000050910
main|shymkent_school|nc16|np5|br0.25|random_1_100|ms3|r300|s7,0.000102167,0.004072783,0.017690217,0.000065010,0.000117472,0.000118267,0.000066394,0.000104778,0.000100512,0.000064559,0.000071449,0.000075674
main|shymkent_school|nc16|np5|br0.25|random_1_100|ms3|r300|s8,0.000122931,0.004645245,0.018597931,0.000056774,0.000107017,0.000100606,0.000057974,0.000107203,0.000104562,0.000056062,0.000107233,0.000095027
main|shymkent_school|nc16|np5|br0.25|random_1_100|ms3|r300|s9,0.000115742,0.004894469,0.019207115,0.000078790,0.000128134,0.000123840,0.000074984,0.000126774,0.000122697,0.000073099,0.000081076,0.000075256
main|shymkent_school|nc16|np5|br0.25|one_heavy|ms3|r300|s0,0.000112760,0.004660803,0.018927063,0.000052595,0.000096074,0.000093929,0.000057266,0.000084195,0.000083319,0.000052320,0.000095965,0.000089101
main|shymkent_school|nc16|np5|br0.25|one_heavy|ms3|r300|s1,0.000117286,0.004430366,0.018010555,0.000047336,0.000084210,0.000084360,0.000050446,0.000085352,0.000080300,0.000049284,0.000068001,0.000062657
main|shymkent_school|nc16|np5|br0.25|one_heavy|ms3|r300|s2,0.000111767,0.004680351,0.018486387,0.000063730,0.000136266,0.000123484,0.000061387,0.000157313,0.000158637,0.000067540,0.000118733,0.000118314
main|shymkent_school|nc16|np5|br0.25|one_heavy|ms3|r300|s3,0.000192297,0.007582029,0.027957190,0.000077308,0.000174612,0.000171455,0.000101723,0.000201858,0.000170085,0.000114157,0.000164433,0.000171015
main|shymkent_school|nc16|np5|br0.25|one_heavy|ms3|r300|s4,0.000204231,0.005597995,0.018803366,0.000036425,0.000091460,0.000078167,0.000047094,0.000090951,0.000086492,0.000042643,0.000075100,0.000072881
main|shymkent_school|nc16|np5|br0.25|one_heavy|ms3|r300|s5,0.000113034,0.004871811,0.018990100,0.000052358,0.000110931,0.000090503,0.000046064,0.000102607,0.000097331,0.000046369,0.000084647,0.000080114
main|shymkent_school|nc16|np5|br0.25|one_heavy|ms3|r300|s6,0.000114243,0.004533157,0.018345431,0.000031172,0.000055130,0.000055055,0.000028680,0.000052813,0.000050803,0.000027945,0.000054703,0.000049800
main|shymkent_school|nc16|np5|br0.25|one_heavy|ms3|r300|s7,0.000115274,0.004734927,0.018808148,0.000063594,0.000110278,0.000108712,0.000065090,0.000099043,0.000105905,0.000064769,0.000072320,0.000070824
main|shymkent_school|nc16|np5|br0.25|one_heavy|ms3|r300|s8,0.000113262,0.004648362,0.018733939,0.000041234,0.000108288,0.000086631,0.000058712,0.000106023,0.000099795,0.000041159,0.000089466,0.000084063
main|shymkent_school|nc16|np5|br0.25|one_heavy|ms3|r300|s9,0.000115930,0.005055060,0.018609878,0.000101834,0.000169061,0.000175757,0.000098996,0.000193232,0.000156247,0.000098963,0.000104006,0.000110277
main|shymkent_school|nc16|np5|br0.5|uniform|ms3|r300|s0,0.000222031,0.006245344,0.021795314,0.000098736,0.000182870,0.000162006,0.000100190,0.000168007,0.000153089,0.000097209,0.000174503,0.000174686
main|shymkent_school|nc16|np5|br0.5|uniform|ms3|r300|s1,0.000121569,0.005403026,0.020152770,0.000110146,0.000158672,0.000153852,0.000102373,0.000156130,0.000161008,0.000103084,0.000114730,0.000104161
main|shymkent_school|nc16|np5|br0.5|uniform|ms3|r300|s2,0.000127560,0.006338691,0.022109552,0.000099015,0.000182780,0.000149890,0.000093635,0.000183967,0.000197656,0.000097317,0.000159345,0.000152188
main|shymkent_school|nc16|np5|br0.5|uniform|ms3|r300|s3,0.000118163,0.006436555,0.021864933,0.000112498,0.000213840,0.000197949,0.000129542,0.000184754,0.000209530,0.000114360,0.000199507,0.000175711
main|shymkent_school|nc16|np5|br0.5|uniform|ms3|r300|s4,0.000110547,0.005619373,0.020881790,0.000133958,0.000187332,0.000182703,0.000079361,0.000177280,0.000165211,0.000106760,0.000149501,0.000148759
main|shymkent_school|nc16|np5|br0.5|uniform|ms3|r300|s5,0.000112164,0.005356150,0.020238840,0.000088756,0.000160329,0.000155098,0.000095731,0.000174987,0.000172969,0.000094410,0.000105911,0.000103487
main|shymkent_school|nc16|np5|br0.5|uniform|ms3|r300|s6,0.000111110,0.005305491,0.019844641,0.000077656,0.000140980,0.000135592,0.000068303,0.000130429,0.000124903,0.000076099,0.000136936,0.000135509
main|shymkent_school|nc16|np5|br0.5|uniform|ms3|r300|s7,0.000114005,0.005864760,0.021752887,0.000103853,0.000218059,0.000210423,0.000151368,0.000203724,0.000200362,0.000105030,0.000160402,0.000142238
main|shymkent_school|nc16|np5|br0.5|uniform|ms3|r300|s8,0.000117360,0.005577127,0.020744116,0.000125950,0.000238856,0.000242490,0.000120119,0.000230059,0.000210617,0.000129062,0.000207652,0.000197700
main|shymkent_school|nc16|np5|br0.5|uniform|ms3|r300|s9,0.000135506,0.006186970,0.022626823,0.000115454,0.000210793,0.000196751,0.000092052,0.000213757,0.000205207,0.000113553,0.000142509,0.000144832
main|shymkent_school|nc16|np5|br0.5|random_1_100|ms3|r300|s0,0.000111400,0.005786316,0.031864144,0.000104368,0.000226860,0.000239388,0.000142495,0.000236015,0.000233716,0.000146548,0.000246895,0.000232429
main|shymkent_school|nc16|np5|br0.5|random_1_100|ms3|r300|s1,0.000177596,0.006583241,0.024037387,0.000104362,0.000166020,0.000153189,0.000121759,0.000203418,0.000204629,0.000133667,0.000133816,0.000139845
main|shymkent_school|nc16|np5|br0.5|random_1_100|ms3|r300|s2,0.000161337,0.006033771,0.021734042,0.000110386,0.000158210,0.000156182,0.000090173,0.000194821,0.000186189,0.000101277,0.000147505,0.000138365
main|shymkent_school|nc16|np5|br0.5|random_1_100|ms3|r300|s3,0.000114739,0.006158274,0.021812533,0.000141243,0.000252513,0.000238656,0.000123322,0.000223345,0.000209930,0.000119025,0.000196241,0.000186424
main|shymkent_school|nc16|np5|br0.5|random_1_100|ms3|r300|s4,0.000116577,0.005710544,0.021010647,0.000114052,0.000184633,0.000187680,0.000082515,0.000168975,0.000171085,0.000115336,0.000150156,0.000145795
main|shymkent_school|nc16|np5|br0.5|random_1_100|ms3|r300|s5,0.000115989,0.005561096,0.021140370,0.000085692,0.000156239,0.000143153,0.000087233,0.000168215,0.000168751,0.000080772,0.000093542,0.000095059
main|shymkent_school|nc16|np5|br0.5|random_1_100|ms3|r300|s6,0.000100284,0.004802517,0.018038692,0.000061973,0.000118013,0.000117912,0.000065857,0.000121852,0.000116280,0.000067731,0.000127261,0.000118712
main|shymkent_school|nc16|np5|br0.5|random_1_100|ms3|r300|s7,0.000102671,0.005415949,0.019622972,0.000090429,0.000190069,0.000179187,0.000127769,0.000172434,0.000171179,0.000086060,0.000124238,0.000119549
main|shymkent_school|nc16|np5|br0.5|random_1_100|ms3|r300|s8,0.000104987,0.004909953,0.018424070,0.000128333,0.000199731,0.000197872,0.000115291,0.000206346,0.000197893,0.000130658,0.000189194,0.000193619
main|shymkent_school|nc16|np5|br0.5|random_1_100|ms3|r300|s9,0.000106709,0.005953110,0.021242120,0.000146985,0.000313525,0.000258008,0.000117473,0.000306088,0.000289843,0.000174340,0.000194800,0.000185815
main|shymkent_school|nc16|np5|br0.5|one_heavy|ms3|r300|s0,0.000167897,0.009549574,0.019307021,0.000095739,0.000164768,0.000151807,0.000090931,0.000150017,0.000138050,0.000091809,0.000155674,0.000158193
main|shymkent_school|nc16|np5|br0.5|one_heavy|ms3|r300|s1,0.000104812,0.004913028,0.018732237,0.000097379,0.000145245,0.000151244,0.000091792,0.000149470,0.000147971,0.000096326,0.000098709,0.000095353
main|shymkent_school|nc16|np5|br0.5|one_heavy|ms3|r300|s2,0.000108442,0.005696652,0.020189617,0.000085544,0.000166764,0.000146061,0.000081148,0.000170227,0.000165819,0.000082704,0.000124978,0.000119554
main|shymkent_school|nc16|np5|br0.5|one_heavy|ms3|r300|s3,0.000105701,0.005869143,0.020241622,0.000116063,0.000205522,0.000184402,0.000115206,0.000188039,0.000178239,0.000113508,0.000143129,0.000136070
main|shymkent_school|nc16|np5|br0.5|one_heavy|ms3|r300|s4,0.000107449,0.005102894,0.022071969,0.000119706,0.000196802,0.000192092,0.000107907,0.000195781,0.000165792,0.000100044,0.000153199,0.000143616
main|shymkent_school|nc16|np5|br0.5|one_heavy|ms3|r300|s5,0.000112146,0.005704228,0.020746847,0.000102229,0.000165673,0.000161922,0.000103247,0.000180682,0.000181217,0.000101313,0.000105954,0.000106872
main|shymkent_school|nc16|np5|br0.5|one_heavy|ms3|r300|s6,0.000112626,0.005399898,0.020162870,0.000076948,0.000132160,0.000132377,0.000066627,0.000122179,0.000126054,0.000067778,0.000129799,0.000132879
main|shymkent_school|nc16|np5|br0.5|one_heavy|ms3|r300|s7,0.000110730,0.005917689,0.020427148,0.000109312,0.000181785,0.000172670,0.000118843,0.000197402,0.000174419,0.000092889,0.000124045,0.000120203
main|shymkent_school|nc16|np5|br0.5|one_heavy|ms3|r300|s8,0.000112317,0.005005821,0.019144720,0.000094913,0.000197646,0.000168303,0.000112981,0.000209290,0.000206062,0.000096613,0.000175330,0.000172885
main|shymkent_school|nc16|np5|br0.5|one_heavy|ms3|r300|s9,0.000109093,0.005963417,0.020953902,0.000107133,0.000199557,0.000202421,0.000088080,0.000195364,0.000198855,0.000121931,0.000146872,0.000135802
main|shymkent_school|nc16|np5|br0.75|uniform|ms3|r300|s0,0.000155921,0.007154711,0.023878189,0.000152525,0.000218287,0.000204878,0.000139626,0.000204350,0.000205143,0.000144459,0.000219912,0.000213106
main|shymkent_school|nc16|np5|br0.75|uniform|ms3|r300|s1,0.000110717,0.006806679,0.024723071,0.000100818,0.000171447,0.000156159,0.000106199,0.000164835,0.000155486,0.000104219,0.000107645,0.000104844
main|shymkent_school|nc16|np5|br0.75|uniform|ms3|r300|s2,0.000114989,0.007701255,0.024930069,0.000133739,0.000193620,0.000186384,0.000132678,0.000206635,0.000200566,0.000122255,0.000211094,0.000170303
main|shymkent_school|nc16|np5|br0.75|uniform|ms3|r300|s3,0.000114918,0.007033857,0.024753449,0.000138744,0.000221079,0.000212789,0.000140050,0.000216467,0.000209796,0.000142682,0.000203878,0.000198574
main|shymkent_school|nc16|np5|br0.75|uniform|ms3|r300|s4,0.000109507,0.007955173,0.026418123,0.000132818,0.000227623,0.000220360,0.000128169,0.000217100,0.000206657,0.000126537,0.000152591,0.000151146
main|shymkent_school|nc16|np5|br0.75|uniform|ms3|r300|s5,0.000111764,0.008272048,0.028473501,0.000171539,0.000237387,0.000238943,0.000167197,0.000253416,0.000239907,0.000179276,0.000114968,0.000111327
main|shymkent_school|nc16|np5|br0.75|uniform|ms3|r300|s6,0.000105490,0.008082492,0.024795885,0.000134261,0.000184789,0.000178010,0.000118527,0.000160257,0.000166784,0.000124827,0.000189400,0.000181220
main|shymkent_school|nc16|np5|br0.75|uniform|ms3|r300|s7,0.000118911,0.008195272,0.024563047,0.000139435,0.000249059,0.000223380,0.000155782,0.000219674,0.000217566,0.000127785,0.000158678,0.000159214
main|shymkent_school|nc16|np5|br0.75|uniform|ms3|r300|s8,0.000115643,0.007104151,0.023677990,0.000167651,0.000243197,0.000246531,0.000159928,0.000231980,0.000214810,0.000163756,0.000227266,0.000218086
main|shymkent_school|nc16|np5|br0.75|uniform|ms3|r300|s9,0.000122456,0.007398547,0.025036595,0.000146059,0.000230517,0.000228291,0.000139126,0.000235891,0.000226144,0.000141087,0.000167935,0.000155001
main|shymkent_school|nc16|np5|br0.75|random_1_100|ms3|r300|s0,0.000119270,0.007307487,0.024676183,0.000144770,0.000212918,0.000203734,0.000144889,0.000207366,0.000205948,0.000146417,0.000208272,0.000201097
main|shymkent_school|nc16|np5|br0.75|random_1_100|ms3|r300|s1,0.000119907,0.006869163,0.023344300,0.000114349,0.000174233,0.000156519,0.000104088,0.000172189,0.000160812,0.000104990,0.000103966,0.000106862
main|shymkent_school|nc16|np5|br0.75|random_1_100|ms3|r300|s2,0.000116590,0.007268325,0.026549265,0.000128300,0.000206861,0.000201532,0.000136311,0.000214646,0.000208335,0.000129039,0.000191917,0.000179933
main|shymkent_school|nc16|np5|br0.75|random_1_100|ms3|r300|s3,0.000113329,0.007446664,0.024649218,0.000138971,0.000229216,0.000218459,0.000145385,0.000213940,0.000215386,0.000137895,0.000207345,0.000198927
main|shymkent_school|nc16|np5|br0.75|random_1_100|ms3|r300|s4,0.000120956,0.007093147,0.026205506,0.000138615,0.000235741,0.000229399,0.000133730,0.000212737,0.000206618,0.000134443,0.000163955,0.000150890
main|shymkent_school|nc16|np5|br0.75|random_1_100|ms3|r300|s5,0.000111125,0.007006924,0.023631460,0.000139113,0.000204633,0.000205633,0.000154004,0.000212513,0.000196279,0.000139214,0.000106335,0.000100040
main|shymkent_school|nc16|np5|br0.75|random_1_100|ms3|r300|s6,0.000118400,0.006895487,0.024018241,0.000119269,0.000178971,0.000175420,0.000112997,0.000163325,0.000154323,0.000119601,0.000181450,0.000175271
main|shymkent_school|nc16|np5|br0.75|random_1_100|ms3|r300|s7,0.000110344,0.006998759,0.025505193,0.000126496,0.000240602,0.000229211,0.000153333,0.000211740,0.000212289,0.000130015,0.000167821,0.000152862
main|shymkent_school|nc16|np5|br0.75|random_1_100|ms3|r300|s8,0.000114340,0.006813724,0.024183062,0.000154952,0.000246606,0.000220692,0.000152238,0.000212748,0.000228537,0.000148752,0.000253648,0.000206692
main|shymkent_school|nc16|np5|br0.75|random_1_100|ms3|r300|s9,0.000116018,0.007727785,0.026420461,0.000131258,0.000243068,0.000218672,0.000129219,0.000217675,0.000215676,0.000136613,0.000164083,0.000152144
main|shymkent_school|nc16|np5|br0.75|one_heavy|ms3|r300|s0,0.000127927,0.007408106,0.024507951,0.000167780,0.000240144,0.000215846,0.000141802,0.000203889,0.000199406,0.000146736,0.000211932,0.000209309
main|shymkent_school|nc16|np5|br0.75|one_heavy|ms3|r300|s1,0.000114757,0.006855682,0.024794025,0.000100872,0.000170675,0.000152291,0.000111365,0.000168866,0.000151534,0.000117344,0.000159414,0.000102897
main|shymkent_school|nc16|np5|br0.75|one_heavy|ms3|r300|s2,0.000215774,0.007962724,0.026140690,0.000127573,0.000207801,0.000201099,0.000135629,0.000220415,0.000210308,0.000130781,0.000188811,0.000186050
main|shymkent_school|nc16|np5|br0.75|one_heavy|ms3|r300|s3,0.000114054,0.007414398,0.025289134,0.000140971,0.000227425,0.000228767,0.000151146,0.000225623,0.000225094,0.000155407,0.000164933,0.000159530
main|shymkent_school|nc16|np5|br0.75|one_heavy|ms3|r300|s4,0.000123873,0.007281089,0.024372527,0.000139211,0.000242066,0.000230814,0.000132596,0.000214209,0.000222359,0.000149996,0.000161831,0.000157418
main|shymkent_school|nc16|np5|br0.75|one_heavy|ms3|r300|s5,0.000116350,0.007344183,0.025891301,0.000142543,0.000186528,0.000185011,0.000129153,0.000193389,0.000181967,0.000123439,0.000100737,0.000100362
main|shymkent_school|nc16|np5|br0.75|one_heavy|ms3|r300|s6,0.000102942,0.006275823,0.022238782,0.000107455,0.000171501,0.000163389,0.000118187,0.000156955,0.000153907,0.000106788,0.000173220,0.000156891
main|shymkent_school|nc16|np5|br0.75|one_heavy|ms3|r300|s7,0.000102461,0.006609489,0.021976138,0.000099240,0.000199437,0.000193647,0.000126517,0.000176235,0.000174377,0.000114723,0.000136845,0.000134739
main|shymkent_school|nc16|np5|br0.75|one_heavy|ms3|r300|s8,0.000102804,0.006053588,0.024239166,0.000131179,0.000225451,0.000238597,0.000135681,0.000221089,0.000193090,0.000136561,0.000186221,0.000221055
main|shymkent_school|nc16|np5|br0.75|one_heavy|ms3|r300|s9,0.000108878,0.006538697,0.025556746,0.000136793,0.000227754,0.000221999,0.000132502,0.000218813,0.000224333,0.000136717,0.000154683,0.000153207
main|shymkent_school|nc16|np5|br1.0|uniform|ms3|r300|s0,0.000116341,0.007826047,0.026481709,0.000154302,0.000232030,0.000224995,0.000154274,0.000224891,0.000211448,0.000164187,0.000229455,0.000209190
main|shymkent_school|nc16|np5|br1.0|uniform|ms3|r300|s1,0.000145499,0.007423087,0.022486751,0.000095147,0.000151244,0.000148031,0.000094479,0.000145707,0.000134598,0.000090641,0.000097618,0.000095588
main|shymkent_school|nc16|np5|br1.0|uniform|ms3|r300|s2,0.000103314,0.007339365,0.026836818,0.000166284,0.000263229,0.000217139,0.000155305,0.000224411,0.000214584,0.000160141,0.000222181,0.000212969
main|shymkent_school|nc16|np5|br1.0|uniform|ms3|r300|s3,0.000116558,0.007570529,0.026393069,0.000170031,0.000243752,0.000239087,0.000155851,0.000215756,0.000216189,0.000159155,0.000205869,0.000202588
main|shymkent_school|nc16|np5|br1.0|uniform|ms3|r300|s4,0.000114473,0.007896716,0.026761697,0.000160679,0.000240008,0.000232439,0.000155634,0.000262137,0.000219351,0.000165404,0.000164293,0.000158969
main|shymkent_school|nc16|np5|br1.0|uniform|ms3|r300|s5,0.000118850,0.007690585,0.025760231,0.000145456,0.000227512,0.000210514,0.000150433,0.000216790,0.000203011,0.000152607,0.000106205,0.000100325
main|shymkent_school|nc16|np5|br1.0|uniform|ms3|r300|s6,0.000115583,0.007540225,0.025562665,0.000164477,0.000217956,0.000210827,0.000153104,0.000159745,0.000153420,0.000155945,0.000221615,0.000210531
main|shymkent_school|nc16|np5|br1.0|uniform|ms3|r300|s7,0.000118227,0.007636318,0.026484029,0.000160178,0.000235056,0.000231169,0.000162742,0.000235986,0.000214181,0.000158842,0.000154937,0.000156899
main|shymkent_school|nc16|np5|br1.0|uniform|ms3|r300|s8,0.000161141,0.007586649,0.025234582,0.000164801,0.000245990,0.000238463,0.000152023,0.000234290,0.000221228,0.000158996,0.000223587,0.000215689
main|shymkent_school|nc16|np5|br1.0|uniform|ms3|r300|s9,0.000113178,0.007579858,0.026103384,0.000154039,0.000230240,0.000227929,0.000154297,0.000229190,0.000218514,0.000158580,0.000165181,0.000152190
main|shymkent_school|nc16|np5|br1.0|random_1_100|ms3|r300|s0,0.000121458,0.007441472,0.025406125,0.000137093,0.000199220,0.000197797,0.000142867,0.000195375,0.000193525,0.000139481,0.000200018,0.000186151
main|shymkent_school|nc16|np5|br1.0|random_1_100|ms3|r300|s1,0.000105071,0.006678514,0.022248527,0.000087516,0.000138904,0.000134206,0.000088810,0.000137286,0.000139061,0.000093192,0.000091300,0.000091522
main|shymkent_school|nc16|np5|br1.0|random_1_100|ms3|r300|s2,0.000104766,0.006618750,0.022153034,0.000122924,0.000179289,0.000180093,0.000129962,0.000188156,0.000168052,0.000128902,0.000169711,0.000181942
main|shymkent_school|nc16|np5|br1.0|random_1_100|ms3|r300|s3,0.000101734,0.006443968,0.022627708,0.000148753,0.000221352,0.000217592,0.000133131,0.000211600,0.000219470,0.000155796,0.000204237,0.000197541
main|shymkent_school|nc16|np5|br1.0|random_1_100|ms3|r300|s4,0.000113075,0.010788146,0.024205331,0.000150505,0.000216898,0.000217995,0.000142978,0.000219196,0.000210743,0.000149360,0.000152567,0.000146711
main|shymkent_school|nc16|np5|br1.0|random_1_100|ms3|r300|s5,0.000107997,0.007080385,0.024961824,0.000146864,0.000197219,0.000191988,0.000129552,0.000186707,0.000185499,0.000136739,0.000097648,0.000098690
main|shymkent_school|nc16|np5|br1.0|random_1_100|ms3|r300|s6,0.000101988,0.006638286,0.021482252,0.000140418,0.000196912,0.000196207,0.000138309,0.000149588,0.000146953,0.000121683,0.000172177,0.000190561
main|shymkent_school|nc16|np5|br1.0|random_1_100|ms3|r300|s7,0.000114198,0.007065823,0.024493759,0.000143474,0.000235175,0.000205609,0.000142203,0.000209891,0.000232518,0.000143641,0.000154702,0.000146394
main|shymkent_school|nc16|np5|br1.0|random_1_100|ms3|r300|s8,0.000127600,0.007095796,0.024516815,0.000148364,0.000241749,0.000219461,0.000138820,0.000275144,0.000212769,0.000155728,0.000227531,0.000203028
main|shymkent_school|nc16|np5|br1.0|random_1_100|ms3|r300|s9,0.000112613,0.007144483,0.023577507,0.000153114,0.000210160,0.000196364,0.000137914,0.000209080,0.000202350,0.000133507,0.000141455,0.000134508
main|shymkent_school|nc16|np5|br1.0|one_heavy|ms3|r300|s0,0.000107317,0.006744655,0.022188456,0.000139053,0.000204919,0.000206192,0.000134734,0.000198281,0.000192565,0.000137810,0.000196862,0.000188146
main|shymkent_school|nc16|np5|br1.0|one_heavy|ms3|r300|s1,0.000099696,0.006627349,0.025071351,0.000101740,0.000161005,0.000155326,0.000104296,0.000163830,0.000157120,0.000102029,0.000105124,0.000107778
main|shymkent_school|nc16|np5|br1.0|one_heavy|ms3|r300|s2,0.000118397,0.007526192,0.025823104,0.000149397,0.000235047,0.000235659,0.000159811,0.000220753,0.000186604,0.000123179,0.000168328,0.000166617
main|shymkent_school|nc16|np5|br1.0|one_heavy|ms3|r300|s3,0.000094750,0.006304769,0.021587470,0.000136300,0.000211727,0.000204089,0.000135512,0.000200176,0.000186606,0.000132179,0.000146634,0.000140918
main|shymkent_school|nc16|np5|br1.0|one_heavy|ms3|r300|s4,0.000105660,0.006655075,0.022934689,0.000210858,0.000335400,0.000319755,0.000230653,0.000315071,0.000357275,0.000218069,0.000226792,0.000229958
main|shymkent_school|nc16|np5|br1.0|one_heavy|ms3|r300|s5,0.000178976,0.007989657,0.030289679,0.000222636,0.000324422,0.000318279,0.000223627,0.000311679,0.000309478,0.000263176,0.000167430,0.000158899
main|shymkent_school|nc16|np5|br1.0|one_heavy|ms3|r300|s6,0.000175317,0.011934860,0.025468011,0.000161491,0.000214425,0.000203323,0.000142425,0.000161840,0.000148412,0.000147445,0.000200555,0.000194208
main|shymkent_school|nc16|np5|br1.0|one_heavy|ms3|r300|s7,0.000118312,0.007706780,0.029080236,0.000181584,0.000309483,0.000278531,0.000193894,0.000232976,0.000227858,0.000198590,0.000174477,0.000168322
main|shymkent_school|nc16|np5|br1.0|one_heavy|ms3|r300|s8,0.000131543,0.007679540,0.025485430,0.000163718,0.000231296,0.000227508,0.000152968,0.000223138,0.000215811,0.000157792,0.000230654,0.000218375
main|shymkent_school|nc16|np5|br1.0|one_heavy|ms3|r300|s9,0.000122420,0.007570556,0.025288155,0.000148484,0.000227810,0.000217742,0.000145328,0.000217612,0.000198681,0.000143308,0.000151453,0.000147349
main|shymkent_school|nc16|np15|br0.25|uniform|ms3|r300|s0,0.000324785,0.004424431,0.017920540,0.000065159,0.000141577,0.000137731,0.000067354,0.000107490,0.000105255,0.000064778,0.000115844,0.000112394
main|shymkent_school|nc16|np15|br0.25|uniform|ms3|r300|s1,0.000325593,0.004204200,0.017185759,0.000069166,0.000120684,0.000116609,0.000068597,0.000104641,0.000105816,0.000074924,0.000140547,0.000112083
main|shymkent_school|nc16|np15|br0.25|uniform|ms3|r300|s2,0.000350878,0.004535296,0.017625074,0.000053082,0.000163200,0.000160876,0.000052886,0.000114965,0.000120773,0.000054652,0.000138140,0.000131325
main|shymkent_school|nc16|np15|br0.25|uniform|ms3|r300|s3,0.000317821,0.004597536,0.018300864,0.000147113,0.000255549,0.000204147,0.000114355,0.000256873,0.000199136,0.000111031,0.000204637,0.000207602
main|shymkent_school|nc16|np15|br0.25|uniform|ms3|r300|s4,0.000339298,0.005590970,0.018224636,0.000049314,0.000107194,0.000105962,0.000062838,0.000107495,0.000119450,0.000054874,0.000105249,0.000099704
main|shymkent_school|nc16|np15|br0.25|uniform|ms3|r300|s5,0.000303253,0.004552966,0.017616405,0.000062190,0.000125838,0.000127098,0.000060090,0.000135008,0.000132277,0.000059903,0.000115097,0.000110553
main|shymkent_school|nc16|np15|br0.25|uniform|ms3|r300|s6,0.000310764,0.004403717,0.019321550,0.000073758,0.000125790,0.000118404,0.000071133,0.000073878,0.000072350,0.000070506,0.000101182,0.000096977
main|shymkent_school|nc16|np15|br0.25|uniform|ms3|r300|s7,0.000337168,0.004689781,0.018987800,0.000080269,0.000149230,0.000142435,0.000054029,0.000138301,0.000131863,0.000085598,0.000130598,0.000129753
main|shymkent_school|nc16|np15|br0.25|uniform|ms3|r300|s8,0.000324535,0.004929129,0.018787902,0.000058205,0.000162629,0.000169764,0.000079196,0.000132825,0.000142343,0.000052408,0.000148256,0.000154920
main|shymkent_school|nc16|np15|br0.25|uniform|ms3|r300|s9,0.000337596,0.004936754,0.019815852,0.000094863,0.000178734,0.000160367,0.000102310,0.000161490,0.000190439,0.000095307,0.000102182,0.000116667
main|shymkent_school|nc16|np15|br0.25|random_1_100|ms3|r300|s0,0.000342720,0.004508533,0.018215021,0.000064896,0.000146889,0.000144439,0.000066625,0.000110477,0.000109506,0.000069484,0.000116095,0.000115231
main|shymkent_school|nc16|np15|br0.25|random_1_100|ms3|r300|s1,0.000327812,0.004238649,0.018745588,0.000047568,0.000125963,0.000124492,0.000075114,0.000107807,0.000107549,0.000073019,0.000110291,0.000115957
main|shymkent_school|nc16|np15|br0.25|random_1_100|ms3|r300|s2,0.000395434,0.004896110,0.018135157,0.000060136,0.000175723,0.000184392,0.000059317,0.000146118,0.000112662,0.000055104,0.000145010,0.000143573
main|shymkent_school|nc16|np15|br0.25|random_1_100|ms3|r300|s3,0.000333892,0.004580051,0.018034960,0.000103939,0.000192989,0.000188375,0.000097814,0.000175703,0.000176601,0.000124475,0.000191359,0.000177577
main|shymkent_school|nc16|np15|br0.25|random_1_100|ms3|r300|s4,0.000310552,0.004811200,0.018505765,0.000075074,0.000151184,0.000153679,0.000075815,0.000135629,0.000140131,0.000078419,0.000177013,0.000187881
main|shymkent_school|nc16|np15|br0.25|random_1_100|ms3|r300|s5,0.000567938,0.007550629,0.031220630,0.000096235,0.000218084,0.000196056,0.000091075,0.000214507,0.000213762,0.000102701,0.000178860,0.000190596
main|shymkent_school|nc16|np15|br0.25|random_1_100|ms3|r300|s6,0.000549014,0.008011295,0.023585420,0.000071076,0.000119045,0.000110776,0.000066400,0.000070576,0.000070367,0.000065440,0.000095101,0.000100377
main|shymkent_school|nc16|np15|br0.25|random_1_100|ms3|r300|s7,0.000326146,0.004559079,0.018088962,0.000080645,0.000140405,0.000150928,0.000054812,0.000135604,0.000136971,0.000081985,0.000125489,0.000125384
main|shymkent_school|nc16|np15|br0.25|random_1_100|ms3|r300|s8,0.000320423,0.004655357,0.018618320,0.000076254,0.000159621,0.000139257,0.000079456,0.000140584,0.000131893,0.000071914,0.000133242,0.000130905
main|shymkent_school|nc16|np15|br0.25|random_1_100|ms3|r300|s9,0.000326543,0.005115169,0.019581315,0.000099702,0.000170030,0.000154704,0.000098919,0.000172252,0.000169742,0.000101684,0.000108329,0.000106752
main|shymkent_school|nc16|np15|br0.25|one_heavy|ms3|r300|s0,0.000326053,0.004719381,0.019097729,0.000090784,0.000128654,0.000150957,0.000067007,0.000115083,0.000119399,0.000074143,0.000125132,0.000129535
main|shymkent_school|nc16|np15|br0.25|one_heavy|ms3|r300|s1,0.000350241,0.004474339,0.018337747,0.000074732,0.000125706,0.000119417,0.000075772,0.000118583,0.000106617,0.000073598,0.000112667,0.000111162
main|shymkent_school|nc16|np15|br0.25|one_heavy|ms3|r300|s2,0.000318425,0.004614148,0.018754928,0.000061914,0.000183936,0.000175286,0.000057216,0.000116704,0.000113943,0.000059231,0.000140116,0.000141600
main|shymkent_school|nc16|np15|br0.25|one_heavy|ms3|r300|s3,0.000327407,0.004706152,0.020361557,0.000090608,0.000185457,0.000182754,0.000119862,0.000184568,0.000208187,0.000126519,0.000243176,0.000204660
main|shymkent_school|nc16|np15|br0.25|one_heavy|ms3|r300|s4,0.000556808,0.006015594,0.018762878,0.000052059,0.000107850,0.000106386,0.000066950,0.000111232,0.000113804,0.000061905,0.000102724,0.000100797
main|shymkent_school|nc16|np15|br0.25|one_heavy|ms3|r300|s5,0.000315020,0.004662947,0.019232607,0.000070582,0.000142973,0.000134113,0.000066195,0.000151234,0.000147958,0.000071258,0.000130732,0.000129250
main|shymkent_school|nc16|np15|br0.25|one_heavy|ms3|r300|s6,0.000424385,0.005189270,0.017796381,0.000071140,0.000113574,0.000115993,0.000066117,0.000068200,0.000067520,0.000068811,0.000096475,0.000093949
main|shymkent_school|nc16|np15|br0.25|one_heavy|ms3|r300|s7,0.000362215,0.004439980,0.018352388,0.000080340,0.000144271,0.000151671,0.000052371,0.000138909,0.000138006,0.000089238,0.000130932,0.000128471
main|shymkent_school|nc16|np15|br0.25|one_heavy|ms3|r300|s8,0.000312239,0.004511016,0.018500328,0.000054154,0.000109270,0.000110863,0.000079856,0.000143483,0.000138681,0.000054790,0.000107689,0.000102809
main|shymkent_school|nc16|np15|br0.25|one_heavy|ms3|r300|s9,0.000340593,0.004958767,0.018841644,0.000095652,0.000156920,0.000153268,0.000090506,0.000152714,0.000143637,0.000093078,0.000099910,0.000094819
main|shymkent_school|nc16|np15|br0.5|uniform|ms3|r300|s0,0.000319756,0.005988973,0.020460747,0.000136315,0.000281630,0.000269747,0.000134130,0.000210250,0.000206798,0.000159045,0.000248405,0.000214600
main|shymkent_school|nc16|np15|br0.5|uniform|ms3|r300|s1,0.000301764,0.005145612,0.019194340,0.000260762,0.000365742,0.000355017,0.000229189,0.000340372,0.000346861,0.000227424,0.000301876,0.000299653
main|shymkent_school|nc16|np15|br0.5|uniform|ms3|r300|s2,0.000511079,0.009660475,0.034317995,0.000228979,0.000450202,0.000418839,0.000244708,0.000374091,0.000342857,0.000185454,0.000375880,0.000372182
main|shymkent_school|nc16|np15|br0.5|uniform|ms3|r300|s3,0.000513527,0.006177160,0.023037591,0.000206859,0.000353056,0.000395580,0.000258655,0.000336763,0.000310065,0.000204335,0.000315330,0.000312501
main|shymkent_school|nc16|np15|br0.5|uniform|ms3|r300|s4,0.000348669,0.005816840,0.020885532,0.000132309,0.000240363,0.000230708,0.000107654,0.000222626,0.000228965,0.000135084,0.000230853,0.000241127
main|shymkent_school|nc16|np15|br0.5|uniform|ms3|r300|s5,0.000314966,0.005648650,0.020887670,0.000138131,0.000258223,0.000229931,0.000144907,0.000295488,0.000277974,0.000140024,0.000212484,0.000202515
main|shymkent_school|nc16|np15|br0.5|uniform|ms3|r300|s6,0.000340580,0.005831709,0.020537821,0.000108767,0.000278616,0.000258667,0.000108438,0.000173703,0.000169439,0.000116398,0.000248837,0.000244645
main|shymkent_school|nc16|np15|br0.5|uniform|ms3|r300|s7,0.000323800,0.006177226,0.021594387,0.000113514,0.000298983,0.000306249,0.000158635,0.000271299,0.000280560,0.000119399,0.000250003,0.000248651
main|shymkent_school|nc16|np15|br0.5|uniform|ms3|r300|s8,0.000323991,0.005355165,0.023740669,0.000125909,0.000333707,0.000339459,0.000165642,0.000296594,0.000291859,0.000122906,0.000282228,0.000278124
main|shymkent_school|nc16|np15|br0.5|uniform|ms3|r300|s9,0.000323904,0.006509246,0.023035706,0.000157189,0.000261655,0.000271348,0.000121190,0.000268647,0.000264896,0.000165904,0.000243326,0.000208117
main|shymkent_school|nc16|np15|br0.5|random_1_100|ms3|r300|s0,0.000371516,0.006366094,0.022000251,0.000136299,0.000328711,0.000286079,0.000140400,0.000217568,0.000220340,0.000145961,0.000225505,0.000221894
main|shymkent_school|nc16|np15|br0.5|random_1_100|ms3|r300|s1,0.000327715,0.005801733,0.021018715,0.000134050,0.000294996,0.000298586,0.000165786,0.000243029,0.000236022,0.000155019,0.000200261,0.000201202
main|shymkent_school|nc16|np15|br0.5|random_1_100|ms3|r300|s2,0.000314472,0.006043258,0.021475620,0.000186359,0.000280835,0.000279239,0.000163531,0.000248592,0.000239948,0.000128386,0.000256813,0.000251961
main|shymkent_school|nc16|np15|br0.5|random_1_100|ms3|r300|s3,0.000314184,0.005979435,0.020981040,0.000218807,0.000315819,0.000319466,0.000182666,0.000291162,0.000284203,0.000185418,0.000286623,0.000290849
main|shymkent_school|nc16|np15|br0.5|random_1_100|ms3|r300|s4,0.000312272,0.005282675,0.019894045,0.000128601,0.000281952,0.000259732,0.000103291,0.000219430,0.000214957,0.000162425,0.000236107,0.000237341
main|shymkent_school|nc16|np15|br0.5|random_1_100|ms3|r300|s5,0.000318832,0.005361683,0.019914856,0.000093179,0.000281167,0.000249933,0.000139513,0.000269507,0.000276246,0.000136352,0.000193840,0.000195822
main|shymkent_school|nc16|np15|br0.5|random_1_100|ms3|r300|s6,0.000312508,0.005873903,0.020495936,0.000099768,0.000249206,0.000256187,0.000099559,0.000172592,0.000160999,0.000103321,0.000232522,0.000223589
main|shymkent_school|nc16|np15|br0.5|random_1_100|ms3|r300|s7,0.000351912,0.005899508,0.020838206,0.000202765,0.000474855,0.000276682,0.000158620,0.000277229,0.000266550,0.000110010,0.000238523,0.000232795
main|shymkent_school|nc16|np15|br0.5|random_1_100|ms3|r300|s8,0.000312520,0.005127231,0.019644960,0.000219345,0.000275614,0.000276643,0.000157812,0.000290353,0.000280185,0.000137739,0.000259073,0.000255592
main|shymkent_school|nc16|np15|br0.5|random_1_100|ms3|r300|s9,0.000323224,0.006271864,0.022236709,0.000146785,0.000269855,0.000272819,0.000127086,0.000257030,0.000247407,0.000201010,0.000206913,0.000202758
main|shymkent_school|nc16|np15|br0.5|one_heavy|ms3|r300|s0,0.000378204,0.006115954,0.019519126,0.000118729,0.000238725,0.000224486,0.000114006,0.000192465,0.000179784,0.000116194,0.000188067,0.000196969
main|shymkent_school|nc16|np15|br0.5|one_heavy|ms3|r300|s1,0.000274432,0.004423438,0.017011420,0.000173831,0.000269839,0.000266030,0.000144283,0.000222637,0.000214771,0.000175044,0.000197688,0.000193051
main|shymkent_school|nc16|np15|br0.5|one_heavy|ms3|r300|s2,0.000286398,0.005649571,0.019565943,0.000122736,0.000202226,0.000208038,0.000145292,0.000230206,0.000232366,0.000118333,0.000177202,0.000166920
main|shymkent_school|nc16|np15|br0.5|one_heavy|ms3|r300|s3,0.000295657,0.005719899,0.019458317,0.000164712,0.000276610,0.000272253,0.000140396,0.000275619,0.000274312,0.000144731,0.000229595,0.000276916
main|shymkent_school|nc16|np15|br0.5|one_heavy|ms3|r300|s4,0.000316357,0.005053564,0.019203793,0.000122975,0.000228946,0.000202245,0.000100837,0.000207214,0.000212177,0.000118795,0.000216237,0.000214756
main|shymkent_school|nc16|np15|br0.5|one_heavy|ms3|r300|s5,0.000290846,0.005545393,0.019221667,0.000142714,0.000222122,0.000209606,0.000132256,0.000260298,0.000248362,0.000132853,0.000190771,0.000189374
main|shymkent_school|nc16|np15|br0.5|one_heavy|ms3|r300|s6,0.000301175,0.005091410,0.017538082,0.000110402,0.000202023,0.000195480,0.000096485,0.000156353,0.000157068,0.000096352,0.000222222,0.000219718
main|shymkent_school|nc16|np15|br0.5|one_heavy|ms3|r300|s7,0.000284884,0.005355041,0.018168213,0.000124369,0.000212729,0.000214888,0.000128865,0.000239836,0.000239605,0.000095041,0.000213436,0.000200510
main|shymkent_school|nc16|np15|br0.5|one_heavy|ms3|r300|s8,0.000271319,0.004434350,0.016629555,0.000106517,0.000217465,0.000221709,0.000138612,0.000246697,0.000235522,0.000107085,0.000196255,0.000192151
main|shymkent_school|nc16|np15|br0.5|one_heavy|ms3|r300|s9,0.000266797,0.005574140,0.019353865,0.000143526,0.000254674,0.000232053,0.000103556,0.000225684,0.000218277,0.000132238,0.000168099,0.000181264
main|shymkent_school|nc16|np15|br0.75|uniform|ms3|r300|s0,0.000302704,0.006752430,0.021530261,0.000175780,0.000304457,0.000279272,0.000176644,0.000300685,0.000247662,0.000194092,0.000294453,0.000265103
main|shymkent_school|nc16|np15|br0.75|uniform|ms3|r300|s1,0.000305826,0.006214930,0.020220870,0.000175664,0.000258734,0.000249623,0.000175859,0.000249873,0.000298673,0.000171623,0.000181065,0.000178325
main|shymkent_school|nc16|np15|br0.75|uniform|ms3|r300|s2,0.000276210,0.006431345,0.021961504,0.000178999,0.000362542,0.000338105,0.000176205,0.000303016,0.000304723,0.000177799,0.000304546,0.000293999
main|shymkent_school|nc16|np15|br0.75|uniform|ms3|r300|s3,0.000325276,0.008316844,0.026923850,0.000205688,0.000343126,0.000378849,0.000205139,0.000302611,0.000298538,0.000203474,0.000322570,0.000321539
main|shymkent_school|nc16|np15|br0.75|uniform|ms3|r300|s4,0.000320994,0.007797956,0.026439653,0.000228117,0.000323290,0.000334744,0.000192866,0.000308313,0.000286655,0.000215497,0.000285503,0.000311393
main|shymkent_school|nc16|np15|br0.75|uniform|ms3|r300|s5,0.000408940,0.008181914,0.027608626,0.000213544,0.000284305,0.000278152,0.000198730,0.000315109,0.000300496,0.000181243,0.000211424,0.000203501
main|shymkent_school|nc16|np15|br0.75|uniform|ms3|r300|s6,0.000311288,0.007542883,0.027143553,0.000285603,0.000465555,0.000463438,0.000303665,0.000321580,0.000317803,0.000301979,0.000426430,0.000423211
main|shymkent_school|nc16|np15|br0.75|uniform|ms3|r300|s7,0.000559827,0.011885218,0.023227015,0.000154707,0.000296243,0.000299219,0.000156778,0.000259806,0.000265689,0.000163931,0.000256159,0.000254982
main|shymkent_school|nc16|np15|br0.75|uniform|ms3|r300|s8,0.000301679,0.007332257,0.025027334,0.000167292,0.000316868,0.000319677,0.000202840,0.000281653,0.000283433,0.000176422,0.000299357,0.000291034
main|shymkent_school|nc16|np15|br0.75|uniform|ms3|r300|s9,0.000319066,0.007660023,0.025251729,0.000177194,0.000310001,0.000286977,0.000173809,0.000285008,0.000285225,0.000176108,0.000201890,0.000199060
main|shymkent_school|nc16|np15|br0.75|random_1_100|ms3|r300|s0,0.000306654,0.007387415,0.023994415,0.000192569,0.000296386,0.000291330,0.000180887,0.000271262,0.000259076,0.000186850,0.000283304,0.000260415
main|shymkent_school|nc16|np15|br0.75|random_1_100|ms3|r300|s1,0.000340830,0.006737747,0.022487590,0.000189651,0.000299101,0.000301182,0.000191107,0.000260678,0.000258353,0.000188034,0.000190760,0.000200956
main|shymkent_school|nc16|np15|br0.75|random_1_100|ms3|r300|s2,0.000302625,0.007131954,0.024088896,0.000164663,0.000316506,0.000313498,0.000163988,0.000282771,0.000273115,0.000161736,0.000276981,0.000279402
main|shymkent_school|nc16|np15|br0.75|random_1_100|ms3|r300|s3,0.000325732,0.007527914,0.024807628,0.000207639,0.000332529,0.000321685,0.000192207,0.000288421,0.000281939,0.000209859,0.000302155,0.000294740
main|shymkent_school|nc16|np15|br0.75|random_1_100|ms3|r300|s4,0.000306352,0.007134576,0.023579265,0.000185785,0.000297290,0.000296334,0.000165335,0.000266599,0.000264064,0.000184770,0.000271435,0.000270964
main|shymkent_school|nc16|np15|br0.75|random_1_100|ms3|r300|s5,0.000294088,0.007047488,0.023469238,0.000185421,0.000337409,0.000312540,0.000209979,0.000299260,0.000293015,0.000179926,0.000220369,0.000217535
main|shymkent_school|nc16|np15|br0.75|random_1_100|ms3|r300|s6,0.000346527,0.007416562,0.024636979,0.000219301,0.000326863,0.000333019,0.000212862,0.000231180,0.000212258,0.000220423,0.000301871,0.000289312
main|shymkent_school|nc16|np15|br0.75|random_1_100|ms3|r300|s7,0.000364145,0.007920642,0.025728541,0.000174351,0.000339147,0.000348206,0.000173015,0.000287786,0.000288200,0.000172531,0.000278315,0.000283970
main|shymkent_school|nc16|np15|br0.75|random_1_100|ms3|r300|s8,0.000325313,0.007277247,0.025074770,0.000211962,0.000347738,0.000325514,0.000204398,0.000308993,0.000296511,0.000185196,0.000296752,0.000310925
main|shymkent_school|nc16|np15|br0.75|random_1_100|ms3|r300|s9,0.000325252,0.008028610,0.026558572,0.000243164,0.000328573,0.000349162,0.000244095,0.000388907,0.000374993,0.000235102,0.000242628,0.000219044
main|shymkent_school|nc16|np15|br0.75|one_heavy|ms3|r300|s0,0.000323533,0.007523772,0.024354473,0.000182143,0.000291398,0.000291046,0.000187274,0.000266582,0.000295954,0.000189680,0.000277789,0.000275901
main|shymkent_school|nc16|np15|br0.75|one_heavy|ms3|r300|s1,0.000327558,0.006730711,0.022135374,0.000200978,0.000325081,0.000293775,0.000198536,0.000274682,0.000271483,0.000197204,0.000211940,0.000209821
main|shymkent_school|nc16|np15|br0.75|one_heavy|ms3|r300|s2,0.000315993,0.009497528,0.027714643,0.000195677,0.000351459,0.000320837,0.000180919,0.000301056,0.000303307,0.000171597,0.000258936,0.000247954
main|shymkent_school|nc16|np15|br0.75|one_heavy|ms3|r300|s3,0.000324793,0.008273374,0.026503011,0.000217046,0.000355643,0.000344167,0.000208477,0.000301638,0.000310433,0.000217148,0.000318820,0.000407727
main|shymkent_school|nc16|np15|br0.75|one_heavy|ms3|r300|s4,0.000328785,0.007830349,0.026062781,0.000203252,0.000324937,0.000307069,0.000175810,0.000281944,0.000281833,0.000210749,0.000288542,0.000286156
main|shymkent_school|nc16|np15|br0.75|one_heavy|ms3|r300|s5,0.000320065,0.007706283,0.026384356,0.000205424,0.000341822,0.000344586,0.000211405,0.000324077,0.000309078,0.000198408,0.000228756,0.000225411
main|shymkent_school|nc16|np15|br0.75|one_heavy|ms3|r300|s6,0.000330299,0.007568898,0.025782286,0.000154091,0.000305551,0.000299793,0.000156362,0.000216735,0.000201515,0.000195777,0.000281428,0.000281047
main|shymkent_school|nc16|np15|br0.75|one_heavy|ms3|r300|s7,0.000304567,0.007590604,0.024401882,0.000159566,0.000310522,0.000301149,0.000166857,0.000267539,0.000276930,0.000175774,0.000268397,0.000259281
main|shymkent_school|nc16|np15|br0.75|one_heavy|ms3|r300|s8,0.000311981,0.006700772,0.023357584,0.000180709,0.000353746,0.000353616,0.000218944,0.000303981,0.000301542,0.000189616,0.000314322,0.000308054
main|shymkent_school|nc16|np15|br0.75|one_heavy|ms3|r300|s9,0.000328629,0.008107966,0.027675878,0.000179892,0.000316009,0.000307332,0.000184898,0.000309121,0.000294608,0.000189610,0.000244474,0.000217252
main|shymkent_school|nc16|np15|br1.0|uniform|ms3|r300|s0,0.000347309,0.008383818,0.031112506,0.000237479,0.000327625,0.000341602,0.000209301,0.000312725,0.000316336,0.000221440,0.000305436,0.000318641
main|shymkent_school|nc16|np15|br1.0|uniform|ms3|r300|s1,0.000344348,0.008248123,0.027102412,0.000202335,0.000338480,0.000303289,0.000205063,0.000291648,0.000283291,0.000197869,0.000212286,0.000214160
main|shymkent_school|nc16|np15|br1.0|uniform|ms3|r300|s2,0.000331565,0.008381074,0.029283144,0.000249139,0.000409063,0.000342955,0.000212949,0.000306611,0.000308668,0.000217957,0.000337022,0.000305726
main|shymkent_school|nc16|np15|br1.0|uniform|ms3|r300|s3,0.000331753,0.008497601,0.028336270,0.000228292,0.000368936,0.000330135,0.000209806,0.000337493,0.000295495,0.000207062,0.000322968,0.000338024
main|shymkent_school|nc16|np15|br1.0|uniform|ms3|r300|s4,0.000314883,0.008668785,0.028200279,0.000199993,0.000338413,0.000312761,0.000202915,0.000302209,0.000293916,0.000211626,0.000290569,0.000298925
main|shymkent_school|nc16|np15|br1.0|uniform|ms3|r300|s5,0.000331942,0.008554549,0.030073756,0.000219928,0.000454569,0.000364758,0.000217869,0.000316418,0.000286274,0.000212761,0.000227958,0.000241223
main|shymkent_school|nc16|np15|br1.0|uniform|ms3|r300|s6,0.000368184,0.008753211,0.029991871,0.000224443,0.000392170,0.000363777,0.000209857,0.000251878,0.000211573,0.000217813,0.000299701,0.000328091
main|shymkent_school|nc16|np15|br1.0|uniform|ms3|r300|s7,0.000379447,0.009290772,0.029781145,0.000263878,0.000406084,0.000331547,0.000205220,0.000290772,0.000305302,0.000218803,0.000312436,0.000295995
main|shymkent_school|nc16|np15|br1.0|uniform|ms3|r300|s8,0.000341112,0.008759045,0.028287505,0.000213660,0.000341582,0.000323686,0.000210155,0.000340726,0.000312011,0.000212853,0.000291155,0.000297138
main|shymkent_school|nc16|np15|br1.0|uniform|ms3|r300|s9,0.000318223,0.008324893,0.028276356,0.000205858,0.000329469,0.000316766,0.000199128,0.000298508,0.000298988,0.000204495,0.000215255,0.000214232
main|shymkent_school|nc16|np15|br1.0|random_1_100|ms3|r300|s0,0.000330750,0.008022301,0.027232455,0.000210139,0.000320407,0.000316161,0.000215320,0.000297934,0.000291157,0.000218345,0.000307181,0.000316946
main|shymkent_school|nc16|np15|br1.0|random_1_100|ms3|r300|s1,0.000337258,0.008165939,0.027169773,0.000211907,0.000311975,0.000316844,0.000200433,0.000299075,0.000279720,0.000208381,0.000213133,0.000209598
main|shymkent_school|nc16|np15|br1.0|random_1_100|ms3|r300|s2,0.000353561,0.008254680,0.029079684,0.000223249,0.000353464,0.000331869,0.000211322,0.000319908,0.000306713,0.000223373,0.000301613,0.000303561
main|shymkent_school|nc16|np15|br1.0|random_1_100|ms3|r300|s3,0.000329509,0.008316555,0.029392070,0.000209825,0.000383187,0.000340572,0.000212229,0.000350514,0.000318326,0.000204655,0.000316253,0.000314622
main|shymkent_school|nc16|np15|br1.0|random_1_100|ms3|r300|s4,0.000366057,0.008492366,0.028004177,0.000218696,0.000316682,0.000357267,0.000214741,0.000309350,0.000310847,0.000230726,0.000324350,0.000289135
main|shymkent_school|nc16|np15|br1.0|random_1_100|ms3|r300|s5,0.000337460,0.008706335,0.040887688,0.000231182,0.000337713,0.000343056,0.000204377,0.000329586,0.000312783,0.000210607,0.000230146,0.000240534
main|shymkent_school|nc16|np15|br1.0|random_1_100|ms3|r300|s6,0.000401768,0.008775051,0.028053797,0.000207371,0.000332593,0.000332657,0.000201895,0.000216749,0.000207158,0.000210897,0.000309247,0.000298419
main|shymkent_school|nc16|np15|br1.0|random_1_100|ms3|r300|s7,0.000325670,0.008605947,0.028183933,0.000339367,0.000511849,0.000400264,0.000212255,0.000298723,0.000359503,0.000209908,0.000284237,0.000306133
main|shymkent_school|nc16|np15|br1.0|random_1_100|ms3|r300|s8,0.000337558,0.008647905,0.028059355,0.000198133,0.000309344,0.000332461,0.000201567,0.000299008,0.000283747,0.000264674,0.000315764,0.000289179
main|shymkent_school|nc16|np15|br1.0|random_1_100|ms3|r300|s9,0.000345940,0.008466367,0.028234621,0.000289066,0.000479911,0.000432402,0.000299633,0.000440985,0.000423472,0.000317248,0.000308386,0.000317789
main|shymkent_school|nc16|np15|br1.0|one_heavy|ms3|r300|s0,0.000529513,0.012957367,0.031774732,0.000232079,0.000318541,0.000315501,0.000209113,0.000287712,0.000286233,0.000221790,0.000301248,0.000292005
main|shymkent_school|nc16|np15|br1.0|one_heavy|ms3|r300|s1,0.000513117,0.008406097,0.028007062,0.000229479,0.000315763,0.000339156,0.000216346,0.000314924,0.000284371,0.000233841,0.000248102,0.000235381
main|shymkent_school|nc16|np15|br1.0|one_heavy|ms3|r300|s2,0.000342800,0.008775348,0.029681434,0.000198864,0.000314060,0.000328667,0.000229308,0.000336631,0.000317106,0.000222359,0.000305431,0.000295862
main|shymkent_school|nc16|np15|br1.0|one_heavy|ms3|r300|s3,0.000305322,0.008364577,0.028269007,0.000258513,0.000335382,0.000381284,0.000205276,0.000293425,0.000297705,0.000238747,0.000323730,0.000370509
main|shymkent_school|nc16|np15|br1.0|one_heavy|ms3|r300|s4,0.000336994,0.008296177,0.027066277,0.000205609,0.000353578,0.000313680,0.000218508,0.000330890,0.000344994,0.000208626,0.000329141,0.000302693
main|shymkent_school|nc16|np15|br1.0|one_heavy|ms3|r300|s5,0.000360466,0.008010729,0.033322989,0.000306615,0.000461163,0.000489132,0.000332317,0.000462582,0.000346016,0.000324055,0.000316863,0.000301128
main|shymkent_school|nc16|np15|br1.0|one_heavy|ms3|r300|s6,0.000519798,0.013649269,0.045060320,0.000346993,0.000538591,0.000488182,0.000300398,0.000278966,0.000260903,0.000224250,0.000327990,0.000299333
main|shymkent_school|nc16|np15|br1.0|one_heavy|ms3|r300|s7,0.000332962,0.008582535,0.029132753,0.000289272,0.000374980,0.000381041,0.000205238,0.000323133,0.000297818,0.000220050,0.000298956,0.000316960
main|shymkent_school|nc16|np15|br1.0|one_heavy|ms3|r300|s8,0.000540334,0.007727952,0.024594781,0.000195779,0.000313891,0.000302840,0.000186715,0.000285848,0.000274854,0.000199249,0.000284464,0.000284065
main|shymkent_school|nc16|np15|br1.0|one_heavy|ms3|r300|s9,0.000302105,0.008421422,0.026938919,0.000202235,0.000292777,0.000301546,0.000195076,0.000298407,0.000279697,0.000197872,0.000212663,0.000203789
main|shymkent_school|nc16|np25|br0.25|uniform|ms3|r300|s0,0.000544789,0.004465647,0.016878608,0.000075715,0.000173053,0.000170625,0.000073595,0.000126088,0.000131912,0.000074358,0.000169607,0.000166494
main|shymkent_school|nc16|np25|br0.25|uniform|ms3|r300|s1,0.000499828,0.004025322,0.019235502,0.000084411,0.000164610,0.000146755,0.000088416,0.000139440,0.000132148,0.000062281,0.000141544,0.000132440
main|shymkent_school|nc16|np25|br0.25|uniform|ms3|r300|s2,0.000526777,0.004686867,0.018642288,0.000122058,0.000238258,0.000215510,0.000068191,0.000206880,0.000197598,0.000123405,0.000208444,0.000206465
main|shymkent_school|nc16|np25|br0.25|uniform|ms3|r300|s3,0.000548934,0.004741518,0.019807370,0.000137470,0.000256152,0.000268717,0.000143974,0.000241632,0.000233017,0.000138089,0.000233354,0.000254169
main|shymkent_school|nc16|np25|br0.25|uniform|ms3|r300|s4,0.000574295,0.005197078,0.026225483,0.000097906,0.000199138,0.000192393,0.000111557,0.000204043,0.000194170,0.000093768,0.000192776,0.000188538
main|shymkent_school|nc16|np25|br0.25|uniform|ms3|r300|s5,0.000868985,0.005160701,0.018072000,0.000070843,0.000162512,0.000139841,0.000069465,0.000158082,0.000155515,0.000080028,0.000142408,0.000139033
main|shymkent_school|nc16|np25|br0.25|uniform|ms3|r300|s6,0.000489969,0.004078046,0.017257670,0.000077137,0.000131653,0.000131980,0.000078697,0.000088975,0.000079419,0.000076430,0.000109689,0.000111783
main|shymkent_school|nc16|np25|br0.25|uniform|ms3|r300|s7,0.000495751,0.004235203,0.017031254,0.000099946,0.000175056,0.000161872,0.000060904,0.000146160,0.000147494,0.000107538,0.000165367,0.000162348
main|shymkent_school|nc16|np25|br0.25|uniform|ms3|r300|s8,0.000529409,0.004376735,0.016731345,0.000064505,0.000169328,0.000163968,0.000058379,0.000153963,0.000159045,0.000060466,0.000166804,0.000170921
main|shymkent_school|nc16|np25|br0.25|uniform|ms3|r300|s9,0.000505850,0.004850833,0.018132540,0.000214985,0.000242611,0.000235352,0.000149959,0.000192946,0.000196512,0.000164829,0.000183724,0.000193968
main|shymkent_school|nc16|np25|br0.25|random_1_100|ms3|r300|s0,0.000545953,0.005139190,0.019649340,0.000092365,0.000210036,0.000223758,0.000082475,0.000146218,0.000144881,0.000083953,0.000151860,0.000152685
main|shymkent_school|nc16|np25|br0.25|random_1_100|ms3|r300|s1,0.000562037,0.004728477,0.018909716,0.000059903,0.000124984,0.000128070,0.000091246,0.000140345,0.000138540,0.000060241,0.000114994,0.000116763
main|shymkent_school|nc16|np25|br0.25|random_1_100|ms3|r300|s2,0.000543573,0.004878947,0.019223380,0.000127793,0.000234426,0.000218156,0.000067490,0.000196941,0.000203062,0.000124949,0.000209451,0.000214532
main|shymkent_school|nc16|np25|br0.25|random_1_100|ms3|r300|s3,0.000536646,0.004776951,0.019302290,0.000203894,0.000339926,0.000338946,0.000185913,0.000378828,0.000348753,0.000203119,0.000320744,0.000379310
main|shymkent_school|nc16|np25|br0.25|random_1_100|ms3|r300|s4,0.000836618,0.004879543,0.019189584,0.000066081,0.000136478,0.000134293,0.000074656,0.000138558,0.000138609,0.000063232,0.000138888,0.000124000
main|shymkent_school|nc16|np25|br0.25|random_1_100|ms3|r300|s5,0.000531477,0.005025093,0.021004174,0.000084284,0.000183281,0.000161316,0.000143070,0.000179039,0.000174409,0.000079122,0.000167933,0.000176236
main|shymkent_school|nc16|np25|br0.25|random_1_100|ms3|r300|s6,0.000591968,0.006461953,0.017645884,0.000069164,0.000143834,0.000134542,0.000068473,0.000083741,0.000084798,0.000067863,0.000111416,0.000109369
main|shymkent_school|nc16|np25|br0.25|random_1_100|ms3|r300|s7,0.000511920,0.004442444,0.018622544,0.000103536,0.000175522,0.000171226,0.000066655,0.000160089,0.000158495,0.000112772,0.000172052,0.000168870
main|shymkent_school|nc16|np25|br0.25|random_1_100|ms3|r300|s8,0.000551311,0.004811695,0.018633034,0.000065341,0.000178625,0.000180052,0.000064042,0.000172892,0.000169455,0.000065905,0.000180735,0.000180547
main|shymkent_school|nc16|np25|br0.25|random_1_100|ms3|r300|s9,0.000553612,0.005125981,0.019711268,0.000160202,0.000236905,0.000253684,0.000150977,0.000194884,0.000189977,0.000155774,0.000174495,0.000190499
main|shymkent_school|nc16|np25|br0.25|one_heavy|ms3|r300|s0,0.000569309,0.004779776,0.019153151,0.000090549,0.000179881,0.000174324,0.000092496,0.000138884,0.000145440,0.000090501,0.000229635,0.000183708
main|shymkent_school|nc16|np25|br0.25|one_heavy|ms3|r300|s1,0.000549198,0.004507948,0.019036667,0.000092219,0.000158390,0.000160158,0.000089739,0.000136779,0.000139467,0.000063641,0.000144930,0.000138981
main|shymkent_school|nc16|np25|br0.25|one_heavy|ms3|r300|s2,0.000571200,0.004911840,0.020828098,0.000125840,0.000250506,0.000259148,0.000071873,0.000221210,0.000256292,0.000130540,0.000220061,0.000234608
main|shymkent_school|nc16|np25|br0.25|one_heavy|ms3|r300|s3,0.000571195,0.005094429,0.021657981,0.000161468,0.000317134,0.000300525,0.000204855,0.000318629,0.000331012,0.000209691,0.000330721,0.000343425
main|shymkent_school|nc16|np25|br0.25|one_heavy|ms3|r300|s4,0.000684174,0.006327298,0.021265158,0.000069973,0.000184131,0.000166878,0.000077214,0.000151948,0.000148952,0.000075032,0.000136702,0.000132549
main|shymkent_school|nc16|np25|br0.25|one_heavy|ms3|r300|s5,0.000664297,0.005203556,0.022735796,0.000104471,0.000249332,0.000223319,0.000130594,0.000280195,0.000256465,0.000121957,0.000222256,0.000231967
main|shymkent_school|nc16|np25|br0.25|one_heavy|ms3|r300|s6,0.001020613,0.004895629,0.018926069,0.000107629,0.000168384,0.000155028,0.000096352,0.000092563,0.000084713,0.000089644,0.000145201,0.000140200
main|shymkent_school|nc16|np25|br0.25|one_heavy|ms3|r300|s7,0.000555091,0.004930065,0.018074908,0.000094395,0.000200005,0.000186363,0.000063171,0.000170638,0.000167096,0.000111422,0.000189520,0.000174639
main|shymkent_school|nc16|np25|br0.25|one_heavy|ms3|r300|s8,0.000526175,0.004580888,0.018931867,0.000064489,0.000140205,0.000145415,0.000067694,0.000180684,0.000177341,0.000066698,0.000129903,0.000141186
main|shymkent_school|nc16|np25|br0.25|one_heavy|ms3|r300|s9,0.000556096,0.005161275,0.019978686,0.000155468,0.000246936,0.000250505,0.000160790,0.000201371,0.000206956,0.000160515,0.000192901,0.000183690
main|shymkent_school|nc16|np25|br0.5|uniform|ms3|r300|s0,0.000559773,0.006236070,0.022468169,0.000182659,0.000364595,0.000398412,0.000182512,0.000293696,0.000269170,0.000171087,0.000348513,0.000343285
main|shymkent_school|nc16|np25|br0.5|uniform|ms3|r300|s1,0.000538681,0.005716688,0.021028670,0.000171905,0.000376661,0.000368361,0.000221077,0.000320003,0.000333757,0.000171967,0.000322912,0.000315028
main|shymkent_school|nc16|np25|br0.5|uniform|ms3|r300|s2,0.000584366,0.006704832,0.023217561,0.000226149,0.000415509,0.000430308,0.000205958,0.000377392,0.000379504,0.000167509,0.000412500,0.000383660
main|shymkent_school|nc16|np25|br0.5|uniform|ms3|r300|s3,0.000546867,0.006804452,0.022831161,0.000202025,0.000419051,0.000402818,0.000205368,0.000361077,0.000368743,0.000186525,0.000389958,0.000421217
main|shymkent_school|nc16|np25|br0.5|uniform|ms3|r300|s4,0.000592443,0.005686747,0.020860736,0.000156874,0.000302157,0.000300721,0.000128262,0.000268237,0.000280312,0.000155772,0.000288291,0.000275646
main|shymkent_school|nc16|np25|br0.5|uniform|ms3|r300|s5,0.000498887,0.005983150,0.021249998,0.000167845,0.000345075,0.000288263,0.000182045,0.000329594,0.000342766,0.000176617,0.000270873,0.000257717
main|shymkent_school|nc16|np25|br0.5|uniform|ms3|r300|s6,0.000549781,0.005831889,0.020755921,0.000126098,0.000321330,0.000309670,0.000115294,0.000192916,0.000191268,0.000177035,0.000276909,0.000299405
main|shymkent_school|nc16|np25|br0.5|uniform|ms3|r300|s7,0.000513864,0.005845445,0.022554149,0.000143844,0.000371051,0.000368697,0.000190450,0.000329059,0.000366554,0.000154467,0.000366027,0.000411897
main|shymkent_school|nc16|np25|br0.5|uniform|ms3|r300|s8,0.000550114,0.005520564,0.020991246,0.000148203,0.000450600,0.000416029,0.000154920,0.000373043,0.000382782,0.000147265,0.000314275,0.000304830
main|shymkent_school|nc16|np25|br0.5|uniform|ms3|r300|s9,0.000588935,0.006935490,0.024561804,0.000204323,0.000320858,0.000330611,0.000197088,0.000342270,0.000330729,0.000189839,0.000331770,0.000314032
main|shymkent_school|nc16|np25|br0.5|random_1_100|ms3|r300|s0,0.000549179,0.006557928,0.023939570,0.000161356,0.000401932,0.000386359,0.000161347,0.000266694,0.000265181,0.000161589,0.000291461,0.000370069
main|shymkent_school|nc16|np25|br0.5|random_1_100|ms3|r300|s1,0.000768219,0.005513207,0.020901123,0.000133605,0.000312450,0.000280208,0.000184858,0.000283828,0.000290835,0.000155394,0.000251877,0.000249826
main|shymkent_school|nc16|np25|br0.5|random_1_100|ms3|r300|s2,0.000489737,0.006038580,0.021927606,0.000222165,0.000441160,0.000392435,0.000194075,0.000348738,0.000355312,0.000156311,0.000361516,0.000378239
main|shymkent_school|nc16|np25|br0.5|random_1_100|ms3|r300|s3,0.000508603,0.006487173,0.021988450,0.000199513,0.000420569,0.000403918,0.000236200,0.000352954,0.000364141,0.000194717,0.000360370,0.000381303
main|shymkent_school|nc16|np25|br0.5|random_1_100|ms3|r300|s4,0.000509773,0.005925804,0.021737600,0.000186689,0.000327368,0.000345552,0.000145349,0.000280162,0.000273472,0.000163790,0.000311490,0.000295357
main|shymkent_school|nc16|np25|br0.5|random_1_100|ms3|r300|s5,0.000559252,0.006084106,0.021808930,0.000123781,0.000360087,0.000362219,0.000181093,0.000365028,0.000378344,0.000189753,0.000295207,0.000287134
main|shymkent_school|nc16|np25|br0.5|random_1_100|ms3|r300|s6,0.000586258,0.005984260,0.021599813,0.000218778,0.000500187,0.000518903,0.000203237,0.000332382,0.000331533,0.000208795,0.000502879,0.000476287
main|shymkent_school|nc16|np25|br0.5|random_1_100|ms3|r300|s7,0.000900447,0.006591657,0.022692746,0.000152034,0.000364157,0.000339016,0.000195477,0.000343486,0.000335869,0.000162356,0.000304110,0.000301493
main|shymkent_school|nc16|np25|br0.5|random_1_100|ms3|r300|s8,0.000553626,0.005664498,0.021302486,0.000179835,0.000409516,0.000406040,0.000144005,0.000365614,0.000360708,0.000160949,0.000337601,0.000339583
main|shymkent_school|nc16|np25|br0.5|random_1_100|ms3|r300|s9,0.000536959,0.006781178,0.023390350,0.000222668,0.000356779,0.000351689,0.000190376,0.000316064,0.000332493,0.000195942,0.000332641,0.000307943
main|shymkent_school|nc16|np25|br0.5|one_heavy|ms3|r300|s0,0.000523853,0.006255539,0.021651665,0.000167926,0.000372353,0.000364442,0.000188180,0.000304528,0.000265459,0.000178718,0.000320743,0.000316225
main|shymkent_school|nc16|np25|br0.5|one_heavy|ms3|r300|s1,0.000556928,0.005511745,0.020185988,0.000202329,0.000384471,0.000376219,0.000196103,0.000298822,0.000318443,0.000161241,0.000302406,0.000293276
main|shymkent_school|nc16|np25|br0.5|one_heavy|ms3|r300|s2,0.000540199,0.006593008,0.022206793,0.000149195,0.000284902,0.000286078,0.000200821,0.000369681,0.000356915,0.000166979,0.000306405,0.000285253
main|shymkent_school|nc16|np25|br0.5|one_heavy|ms3|r300|s3,0.000540013,0.006780695,0.023433245,0.000192679,0.000395279,0.000353932,0.000195922,0.000368978,0.000368059,0.000188751,0.000309664,0.000309733
main|shymkent_school|nc16|np25|br0.5|one_heavy|ms3|r300|s4,0.000523687,0.005812202,0.020793925,0.000156351,0.000282055,0.000284254,0.000130766,0.000265832,0.000260114,0.000156368,0.000278567,0.000282968
main|shymkent_school|nc16|np25|br0.5|one_heavy|ms3|r300|s5,0.000500576,0.005606029,0.020722284,0.000174022,0.000278911,0.000312127,0.000175496,0.000339530,0.000331907,0.000173019,0.000262178,0.000260725
main|shymkent_school|nc16|np25|br0.5|one_heavy|ms3|r300|s6,0.000528337,0.005596086,0.020194241,0.000145629,0.000283896,0.000285636,0.000125244,0.000201113,0.000212993,0.000186025,0.000292173,0.000310333
main|shymkent_school|nc16|np25|br0.5|one_heavy|ms3|r300|s7,0.000504098,0.006134305,0.021267595,0.000176721,0.000341496,0.000332920,0.000188511,0.000327501,0.000315513,0.000151235,0.000358074,0.000348082
main|shymkent_school|nc16|np25|br0.5|one_heavy|ms3|r300|s8,0.000521393,0.005428119,0.019856981,0.000150646,0.000366186,0.000318403,0.000147297,0.000369814,0.000374407,0.000153414,0.000298632,0.000292830
main|shymkent_school|nc16|np25|br0.5|one_heavy|ms3|r300|s9,0.000580546,0.007097372,0.029897402,0.000194700,0.000340175,0.000323718,0.000202971,0.000338835,0.000321863,0.000197064,0.000314579,0.000362454
main|shymkent_school|nc16|np25|br0.75|uniform|ms3|r300|s0,0.000550634,0.008743175,0.032454298,0.000401570,0.000589173,0.000587733,0.000369126,0.000520127,0.000510610,0.000372394,0.000546398,0.000532060
main|shymkent_school|nc16|np25|br0.75|uniform|ms3|r300|s1,0.000528157,0.007507373,0.024606803,0.000258491,0.000410272,0.000373551,0.000246180,0.000364253,0.000368788,0.000251625,0.000354550,0.000339971
main|shymkent_school|nc16|np25|br0.75|uniform|ms3|r300|s2,0.000530359,0.008218707,0.026701561,0.000276993,0.000451383,0.000449823,0.000205045,0.000349680,0.000354075,0.000204207,0.000395912,0.000362619
main|shymkent_school|nc16|np25|br0.75|uniform|ms3|r300|s3,0.000538907,0.008582559,0.028813009,0.000253816,0.000540799,0.000550940,0.000308305,0.000394866,0.000367219,0.000248650,0.000435189,0.000403800
main|shymkent_school|nc16|np25|br0.75|uniform|ms3|r300|s4,0.000537990,0.007936333,0.028282467,0.000239562,0.000376589,0.000357771,0.000228015,0.000383967,0.000382880,0.000271390,0.000381383,0.000373090
main|shymkent_school|nc16|np25|br0.75|uniform|ms3|r300|s5,0.000527759,0.009163657,0.028640130,0.000264380,0.000419383,0.000423520,0.000256042,0.000406161,0.000358687,0.000274694,0.000371400,0.000378247
main|shymkent_school|nc16|np25|br0.75|uniform|ms3|r300|s6,0.000523724,0.008227213,0.026309170,0.000271492,0.000431202,0.000435977,0.000249209,0.000267852,0.000346713,0.000248786,0.000368192,0.000413480
main|shymkent_school|nc16|np25|br0.75|uniform|ms3|r300|s7,0.000540753,0.008303747,0.026945705,0.000219731,0.000459973,0.000396529,0.000249153,0.000353891,0.000354448,0.000250257,0.000341434,0.000340369
main|shymkent_school|nc16|np25|br0.75|uniform|ms3|r300|s8,0.000532769,0.007335886,0.025617392,0.000222633,0.000451081,0.000404128,0.000222635,0.000372862,0.000351013,0.000217735,0.000379766,0.000370532
main|shymkent_school|nc16|np25|br0.75|uniform|ms3|r300|s9,0.000559735,0.008459914,0.027466004,0.000256836,0.000461545,0.000554799,0.000357363,0.000609974,0.000464898,0.000322311,0.000478745,0.000442433
main|shymkent_school|nc16|np25|br0.75|random_1_100|ms3|r300|s0,0.000500808,0.007842265,0.026033389,0.000364238,0.000397189,0.000431155,0.000255823,0.000384807,0.000391991,0.000238491,0.000381756,0.000367189
main|shymkent_school|nc16|np25|br0.75|random_1_100|ms3|r300|s1,0.000570701,0.007418491,0.029659177,0.000226293,0.000443913,0.000374992,0.000262693,0.000399081,0.000366997,0.000256991,0.000342886,0.000352166
main|shymkent_school|nc16|np25|br0.75|random_1_100|ms3|r300|s2,0.000551559,0.007972953,0.026838452,0.000253931,0.000443512,0.000380358,0.000220284,0.000359536,0.000385280,0.000214539,0.000410456,0.000403576
main|shymkent_school|nc16|np25|br0.75|random_1_100|ms3|r300|s3,0.000540943,0.008475571,0.030144956,0.000278382,0.000493617,0.000453541,0.000272218,0.000405706,0.000416195,0.000253785,0.000442594,0.000485763
main|shymkent_school|nc16|np25|br0.75|random_1_100|ms3|r300|s4,0.000606838,0.008841301,0.029258678,0.000398557,0.000627323,0.000439754,0.000218264,0.000369732,0.000354279,0.000256573,0.000388918,0.000432673
main|shymkent_school|nc16|np25|br0.75|random_1_100|ms3|r300|s5,0.000588189,0.008306800,0.028071505,0.000227814,0.000405019,0.000400016,0.000253595,0.000382541,0.000364057,0.000258522,0.000353525,0.000348173
main|shymkent_school|nc16|np25|br0.75|random_1_100|ms3|r300|s6,0.000543019,0.007757854,0.026421667,0.000255709,0.000421677,0.000407325,0.000257099,0.000259308,0.000266600,0.000252093,0.000382621,0.000378022
main|shymkent_school|nc16|np25|br0.75|random_1_100|ms3|r300|s7,0.000520363,0.008277059,0.027980379,0.000242601,0.000465844,0.000409287,0.000270198,0.000365574,0.000353498,0.000258385,0.000386517,0.000359075
main|shymkent_school|nc16|np25|br0.75|random_1_100|ms3|r300|s8,0.000536510,0.007991257,0.027248421,0.000233179,0.000445206,0.000439815,0.000236214,0.000403062,0.000396763,0.000252696,0.000406883,0.000405250
main|shymkent_school|nc16|np25|br0.75|random_1_100|ms3|r300|s9,0.000582744,0.008514129,0.028639767,0.000236234,0.000393254,0.000418600,0.000226610,0.000371143,0.000389924,0.000269995,0.000359308,0.000356411
main|shymkent_school|nc16|np25|br0.75|one_heavy|ms3|r300|s0,0.000588036,0.008515999,0.027900290,0.000256939,0.000460433,0.000434394,0.000242494,0.000399543,0.000387924,0.000266873,0.000445571,0.000431224
main|shymkent_school|nc16|np25|br0.75|one_heavy|ms3|r300|s1,0.000563767,0.007933096,0.025577394,0.000293617,0.000497443,0.000390049,0.000252507,0.000371286,0.000369903,0.000257168,0.000356134,0.000370340
main|shymkent_school|nc16|np25|br0.75|one_heavy|ms3|r300|s2,0.000556397,0.008630812,0.029455026,0.000257032,0.000437539,0.000412562,0.000215766,0.000370430,0.000362779,0.000216317,0.000396107,0.000399775
main|shymkent_school|nc16|np25|br0.75|one_heavy|ms3|r300|s3,0.000526383,0.008747427,0.028070528,0.000264346,0.000458486,0.000442003,0.000244626,0.000393505,0.000392789,0.000254840,0.000397021,0.000388124
main|shymkent_school|nc16|np25|br0.75|one_heavy|ms3|r300|s4,0.000537497,0.007989637,0.026721375,0.000354536,0.000526320,0.000524266,0.000318102,0.000524223,0.000465082,0.000370721,0.000584465,0.000540484
main|shymkent_school|nc16|np25|br0.75|one_heavy|ms3|r300|s5,0.000960247,0.013289356,0.024726117,0.000250765,0.000372290,0.000370443,0.000241585,0.000323658,0.000330495,0.000248586,0.000348805,0.000341579
main|shymkent_school|nc16|np25|br0.75|one_heavy|ms3|r300|s6,0.000558271,0.007140918,0.023727495,0.000188803,0.000418126,0.000406910,0.000188635,0.000266718,0.000259110,0.000241963,0.000369318,0.000357494
main|shymkent_school|nc16|np25|br0.75|one_heavy|ms3|r300|s7,0.000522101,0.007837991,0.025421284,0.000198896,0.000382709,0.000378334,0.000235698,0.000332877,0.000324415,0.000238034,0.000336384,0.000333549
main|shymkent_school|nc16|np25|br0.75|one_heavy|ms3|r300|s8,0.000500941,0.007095894,0.023696060,0.000202904,0.000374139,0.000406315,0.000207235,0.000362490,0.000326776,0.000212717,0.000359708,0.000361714
main|shymkent_school|nc16|np25|br0.75|one_heavy|ms3|r300|s9,0.000509452,0.008179002,0.025217806,0.000263131,0.000433408,0.000406685,0.000235637,0.000400192,0.000388348,0.000264445,0.000356936,0.000341774
main|shymkent_school|nc16|np25|br1.0|uniform|ms3|r300|s0,0.000640959,0.009726465,0.028412833,0.000252239,0.000443166,0.000441302,0.000263721,0.000425234,0.000369050,0.000257692,0.000391212,0.000374839
main|shymkent_school|nc16|np25|br1.0|uniform|ms3|r300|s1,0.000521259,0.008425801,0.027413617,0.000267306,0.000414650,0.000389357,0.000256176,0.000354233,0.000351145,0.000273283,0.000361260,0.000343162
main|shymkent_school|nc16|np25|br1.0|uniform|ms3|r300|s2,0.000527378,0.011509783,0.027747102,0.000288702,0.000422538,0.000370248,0.000282531,0.000373842,0.000374220,0.000243518,0.000377661,0.000494901
main|shymkent_school|nc16|np25|br1.0|uniform|ms3|r300|s3,0.000506605,0.008377167,0.027798611,0.000260790,0.000475638,0.000442967,0.000256541,0.000386241,0.000379870,0.000273236,0.000401016,0.000650084
main|shymkent_school|nc16|np25|br1.0|uniform|ms3|r300|s4,0.000988522,0.010586271,0.031934974,0.000256365,0.000397410,0.000382339,0.000257743,0.000359136,0.000362643,0.000290559,0.000395937,0.000505332
main|shymkent_school|nc16|np25|br1.0|uniform|ms3|r300|s5,0.000855894,0.012508953,0.025646372,0.000248684,0.000365684,0.000343052,0.000219415,0.000317646,0.000308766,0.000216545,0.000551738,0.000500506
main|shymkent_school|nc16|np25|br1.0|uniform|ms3|r300|s6,0.000926848,0.013701444,0.039615332,0.000249824,0.000424458,0.000398020,0.000247518,0.000263186,0.000256839,0.000258229,0.000377052,0.000370656
main|shymkent_school|nc16|np25|br1.0|uniform|ms3|r300|s7,0.000533905,0.009054661,0.029270194,0.000255697,0.000465729,0.000414690,0.000254281,0.000356066,0.000392706,0.000255923,0.000364908,0.000369873
main|shymkent_school|nc16|np25|br1.0|uniform|ms3|r300|s8,0.000529409,0.008866116,0.028453022,0.000249905,0.000431535,0.000386074,0.000253432,0.000360900,0.000363510,0.000249722,0.000403292,0.000384570
main|shymkent_school|nc16|np25|br1.0|uniform|ms3|r300|s9,0.000544163,0.008744193,0.027755007,0.000238946,0.000392798,0.000377216,0.000233865,0.000352024,0.000376291,0.000251294,0.000339919,0.000335042
main|shymkent_school|nc16|np25|br1.0|random_1_100|ms3|r300|s0,0.000488294,0.008530422,0.027859658,0.000242378,0.000392101,0.000403815,0.000237266,0.000347574,0.000329565,0.000255881,0.000368020,0.000363195
main|shymkent_school|nc16|np25|br1.0|random_1_100|ms3|r300|s1,0.000549334,0.008306153,0.027884343,0.000250068,0.000397055,0.000394927,0.000241207,0.000363044,0.000344395,0.000239794,0.000326761,0.000334797
main|shymkent_school|nc16|np25|br1.0|random_1_100|ms3|r300|s2,0.000503181,0.009064440,0.031325272,0.000307384,0.000412142,0.000419043,0.000263365,0.000371352,0.000400982,0.000260115,0.000442389,0.000410923
main|shymkent_school|nc16|np25|br1.0|random_1_100|ms3|r300|s3,0.000538010,0.009131388,0.030121133,0.000332496,0.000431107,0.000424378,0.000274424,0.000427417,0.000374528,0.000260025,0.000398555,0.000393468
main|shymkent_school|nc16|np25|br1.0|random_1_100|ms3|r300|s4,0.000552921,0.008999926,0.029754506,0.000362387,0.000400870,0.000444478,0.000291286,0.000360973,0.000365119,0.000259803,0.000374544,0.000370303
main|shymkent_school|nc16|np25|br1.0|random_1_100|ms3|r300|s5,0.000556196,0.009288578,0.029917763,0.000282179,0.000423591,0.000363933,0.000272348,0.000353252,0.000359701,0.000249110,0.000480940,0.000350564
main|shymkent_school|nc16|np25|br1.0|random_1_100|ms3|r300|s6,0.000555617,0.010807604,0.028831862,0.000258059,0.000434482,0.000454968,0.000256767,0.000269868,0.000302764,0.000467993,0.000652598,0.000478790
main|shymkent_school|nc16|np25|br1.0|random_1_100|ms3|r300|s7,0.000597796,0.011724626,0.031061686,0.000251232,0.000446696,0.000421252,0.000259453,0.000372167,0.000356708,0.000275798,0.000358960,0.000391900
main|shymkent_school|nc16|np25|br1.0|random_1_100|ms3|r300|s8,0.000561434,0.009199501,0.030677814,0.000277539,0.000452668,0.000444208,0.000291081,0.000375675,0.000362343,0.000258139,0.000375396,0.000373233
main|shymkent_school|nc16|np25|br1.0|random_1_100|ms3|r300|s9,0.000534893,0.008899356,0.030196682,0.000248916,0.000419554,0.000374600,0.000258242,0.000360648,0.000362363,0.000245506,0.000340647,0.000334664
main|shymkent_school|nc16|np25|br1.0|one_heavy|ms3|r300|s0,0.000529505,0.008566346,0.027999833,0.000283954,0.000437115,0.000431033,0.000269889,0.000414632,0.000385195,0.000274214,0.000394561,0.000395348
main|shymkent_school|nc16|np25|br1.0|one_heavy|ms3|r300|s1,0.000579524,0.010082009,0.028861048,0.000254298,0.000400680,0.000428538,0.000257812,0.000360554,0.000366864,0.000258201,0.000349736,0.000353324
main|shymkent_school|nc16|np25|br1.0|one_heavy|ms3|r300|s2,0.000571030,0.008970479,0.029699581,0.000257568,0.000464844,0.000422722,0.000265385,0.000383001,0.000384388,0.000256924,0.000396285,0.000416052
main|shymkent_school|nc16|np25|br1.0|one_heavy|ms3|r300|s3,0.000526974,0.008874579,0.031225619,0.000356613,0.000595678,0.000531220,0.000273544,0.000373032,0.000366508,0.000258136,0.000404724,0.000383455
main|shymkent_school|nc16|np25|br1.0|one_heavy|ms3|r300|s4,0.000531658,0.009058808,0.029637601,0.000260835,0.000404568,0.000419948,0.000291326,0.000367534,0.000360221,0.000259809,0.000377713,0.000381030
main|shymkent_school|nc16|np25|br1.0|one_heavy|ms3|r300|s5,0.000565874,0.009409399,0.028916261,0.000256232,0.000433851,0.000400354,0.000264401,0.000369318,0.000352951,0.000284009,0.000359731,0.000381942
main|shymkent_school|nc16|np25|br1.0|one_heavy|ms3|r300|s6,0.000565927,0.009014721,0.029247460,0.000290989,0.000446175,0.000437653,0.000298282,0.000294739,0.000278847,0.000269638,0.000399975,0.000399041
main|shymkent_school|nc16|np25|br1.0|one_heavy|ms3|r300|s7,0.000531694,0.009022130,0.028935818,0.000247183,0.000422130,0.000420412,0.000260244,0.000365612,0.000364605,0.000260833,0.000373430,0.000368267
main|shymkent_school|nc16|np25|br1.0|one_heavy|ms3|r300|s8,0.000572157,0.008822521,0.031387298,0.000260962,0.000400010,0.000415345,0.000253917,0.000403917,0.000352103,0.000252382,0.000361579,0.000379320
main|shymkent_school|nc16|np25|br1.0|one_heavy|ms3|r300|s9,0.000525671,0.008785161,0.029223986,0.000264547,0.000424859,0.000395655,0.000260253,0.000376951,0.000383372,0.000279372,0.000382672,0.000360106
main|astana_clinic|nc6|np5|br0.25|uniform|ms3|r300|s0,0.000086564,0.000024337,0.000081384,0.000016635,0.000026594,0.000025765,0.000014824,0.000026996,0.000029946,0.000019973,0.000027387,0.000025572
main|astana_clinic|nc6|np5|br0.25|uniform|ms3|r300|s1,0.000085627,0.000019664,0.000073119,0.000016606,0.000027331,0.000026383,0.000013807,0.000027341,0.000027106,0.000013890,0.000023018,0.000023489
main|astana_clinic|nc6|np5|br0.25|uniform|ms3|r300|s2,0.000081838,0.000024130,0.000077927,0.000016917,0.000026767,0.000026942,0.000015048,0.000027630,0.000025240,0.000016022,0.000028136,0.000027400
main|astana_clinic|nc6|np5|br0.25|uniform|ms3|r300|s3,0.000087798,0.000021172,0.000072396,0.000012984,0.000020213,0.000021214,0.000013230,0.000020118,0.000019214,0.000013460,0.000021856,0.000019679
main|astana_clinic|nc6|np5|br0.25|uniform|ms3|r300|s4,0.000082048,0.000030722,0.000081489,0.000016064,0.000027499,0.000029578,0.000016051,0.000026455,0.000026424,0.000015515,0.000027785,0.000025365
main|astana_clinic|nc6|np5|br0.25|uniform|ms3|r300|s5,0.000087865,0.000033956,0.000104102,0.000016474,0.000027160,0.000025596,0.000015021,0.000027895,0.000027165,0.000017845,0.000028576,0.000027795
main|astana_clinic|nc6|np5|br0.25|uniform|ms3|r300|s6,0.000085949,0.000024211,0.000077351,0.000017404,0.000031095,0.000028226,0.000017021,0.000027180,0.000027591,0.000016713,0.000025700,0.000026218
main|astana_clinic|nc6|np5|br0.25|uniform|ms3|r300|s7,0.000088275,0.000032851,0.000110520,0.000023775,0.000038479,0.000043305,0.000023818,0.000027781,0.000026542,0.000025422,0.000026942,0.000026727
main|astana_clinic|nc6|np5|br0.25|uniform|ms3|r300|s8,0.000085874,0.000028656,0.000087847,0.000021225,0.000032657,0.000032196,0.000019170,0.000036619,0.000032191,0.000018151,0.000033677,0.000031380
main|astana_clinic|nc6|np5|br0.25|uniform|ms3|r300|s9,0.000085635,0.000026165,0.000091499,0.000013760,0.000020104,0.000021677,0.000012083,0.000021010,0.000021074,0.000012128,0.000020528,0.000019638
main|astana_clinic|nc6|np5|br0.25|random_1_100|ms3|r300|s0,0.000085978,0.000026096,0.000083464,0.000016395,0.000025434,0.000027867,0.000015626,0.000027074,0.000028904,0.000016053,0.000028724,0.000028269
main|astana_clinic|nc6|np5|br0.25|random_1_100|ms3|r300|s1,0.000082479,0.000019624,0.000068725,0.000014368,0.000025172,0.000029262,0.000013246,0.000025907,0.000027349,0.000013830,0.000022751,0.000024807
main|astana_clinic|nc6|np5|br0.25|random_1_100|ms3|r300|s2,0.000088001,0.000024514,0.000078087,0.000016655,0.000026766,0.000026562,0.000014566,0.000028542,0.000025715,0.000016021,0.000025862,0.000025047
main|astana_clinic|nc6|np5|br0.25|random_1_100|ms3|r300|s3,0.000083706,0.000021548,0.000077842,0.000013594,0.000020228,0.000021536,0.000013564,0.000021031,0.000021479,0.000012800,0.000021432,0.000021487
main|astana_clinic|nc6|np5|br0.25|random_1_100|ms3|r300|s4,0.000081253,0.000033261,0.000089915,0.000018794,0.000030031,0.000026558,0.000016707,0.000027994,0.000027449,0.000016526,0.000028569,0.000028404
main|astana_clinic|nc6|np5|br0.25|random_1_100|ms3|r300|s5,0.000086390,0.000030916,0.000098334,0.000017031,0.000029384,0.000025283,0.000015050,0.000026296,0.000026085,0.000015516,0.000026937,0.000025465
main|astana_clinic|nc6|np5|br0.25|random_1_100|ms3|r300|s6,0.000087050,0.000025501,0.000079308,0.000019238,0.000029342,0.000029907,0.000015875,0.000027143,0.000029727,0.000016751,0.000029504,0.000026814
main|astana_clinic|nc6|np5|br0.25|random_1_100|ms3|r300|s7,0.000087485,0.000033821,0.000112845,0.000026736,0.000037155,0.000036367,0.000023267,0.000027972,0.000025580,0.000022761,0.000026501,0.000032934
main|astana_clinic|nc6|np5|br0.25|random_1_100|ms3|r300|s8,0.000093167,0.000034093,0.000086630,0.000018847,0.000032287,0.000033860,0.000018678,0.000035085,0.000031389,0.000019292,0.000035029,0.000032955
main|astana_clinic|nc6|np5|br0.25|random_1_100|ms3|r300|s9,0.000100512,0.000047548,0.000088187,0.000013740,0.000020559,0.000020615,0.000012639,0.000020960,0.000019401,0.000012949,0.000022763,0.000021077
main|astana_clinic|nc6|np5|br0.25|one_heavy|ms3|r300|s0,0.000083775,0.000024230,0.000078119,0.000015124,0.000029788,0.000027404,0.000015035,0.000025346,0.000028156,0.000015504,0.000027190,0.000027829
main|astana_clinic|nc6|np5|br0.25|one_heavy|ms3|r300|s1,0.000088590,0.000020087,0.000072033,0.000015778,0.000033202,0.000026905,0.000014442,0.000027255,0.000026591,0.000013610,0.000026330,0.000024233
main|astana_clinic|nc6|np5|br0.25|one_heavy|ms3|r300|s2,0.000083126,0.000023915,0.000079774,0.000023111,0.000026925,0.000026156,0.000014438,0.000026239,0.000024711,0.000015286,0.000026277,0.000024999
main|astana_clinic|nc6|np5|br0.25|one_heavy|ms3|r300|s3,0.000086777,0.000022858,0.000075681,0.000014267,0.000020818,0.000020568,0.000012248,0.000019958,0.000020667,0.000012647,0.000020219,0.000020198
main|astana_clinic|nc6|np5|br0.25|one_heavy|ms3|r300|s4,0.000083136,0.000022740,0.000084222,0.000016883,0.000026945,0.000027082,0.000015458,0.000027096,0.000025747,0.000016564,0.000027272,0.000026876
main|astana_clinic|nc6|np5|br0.25|one_heavy|ms3|r300|s5,0.000085564,0.000034887,0.000098634,0.000021684,0.000033107,0.000033577,0.000019790,0.000027635,0.000027564,0.000018137,0.000030215,0.000029526
main|astana_clinic|nc6|np5|br0.25|one_heavy|ms3|r300|s6,0.000083937,0.000025437,0.000080618,0.000017190,0.000032318,0.000029377,0.000017291,0.000026687,0.000025864,0.000016323,0.000026755,0.000026191
main|astana_clinic|nc6|np5|br0.25|one_heavy|ms3|r300|s7,0.000080789,0.000040450,0.000109341,0.000024854,0.000038716,0.000038375,0.000022378,0.000026421,0.000026328,0.000023693,0.000024975,0.000024608
main|astana_clinic|nc6|np5|br0.25|one_heavy|ms3|r300|s8,0.000092505,0.000028400,0.000087121,0.000018754,0.000032750,0.000030464,0.000017800,0.000035076,0.000032270,0.000018293,0.000032217,0.000031837
main|astana_clinic|nc6|np5|br0.25|one_heavy|ms3|r300|s9,0.000082218,0.000025223,0.000092372,0.000013477,0.000021817,0.000020418,0.000011723,0.000020509,0.000019748,0.000012998,0.000019995,0.000019729
main|astana_clinic|nc6|np5|br0.5|uniform|ms3|r300|s0,0.000082404,0.000058912,0.000170754,0.000033254,0.000058600,0.000043048,0.000027337,0.000045030,0.000043650,0.000023543,0.000049323,0.000042843
main|astana_clinic|nc6|np5|br0.5|uniform|ms3|r300|s1,0.000083915,0.000047959,0.000143826,0.000040366,0.000063374,0.000063275,0.000042063,0.000064069,0.000066601,0.000040006,0.000061108,0.000069616
main|astana_clinic|nc6|np5|br0.5|uniform|ms3|r300|s2,0.000080897,0.000056496,0.000157522,0.000023830,0.000043854,0.000046072,0.000024960,0.000046598,0.000044924,0.000024514,0.000044164,0.000042919
main|astana_clinic|nc6|np5|br0.5|uniform|ms3|r300|s3,0.000087206,0.000080668,0.000174742,0.000033716,0.000055834,0.000055923,0.000033626,0.000052361,0.000053605,0.000033094,0.000055602,0.000058311
main|astana_clinic|nc6|np5|br0.5|uniform|ms3|r300|s4,0.000086115,0.000056646,0.000160362,0.000027811,0.000046081,0.000043440,0.000023367,0.000044881,0.000049408,0.000024344,0.000044542,0.000044483
main|astana_clinic|nc6|np5|br0.5|uniform|ms3|r300|s5,0.000082286,0.000085506,0.000216459,0.000042664,0.000056938,0.000054629,0.000036367,0.000057588,0.000059056,0.000034762,0.000044658,0.000045221
main|astana_clinic|nc6|np5|br0.5|uniform|ms3|r300|s6,0.000081151,0.000068604,0.000185085,0.000043525,0.000077517,0.000069946,0.000043252,0.000045593,0.000048796,0.000042239,0.000045701,0.000042445
main|astana_clinic|nc6|np5|br0.5|uniform|ms3|r300|s7,0.000082942,0.000078903,0.000205880,0.000038709,0.000063438,0.000061664,0.000040076,0.000045827,0.000046600,0.000039723,0.000048121,0.000048964
main|astana_clinic|nc6|np5|br0.5|uniform|ms3|r300|s8,0.000083267,0.000062072,0.000169367,0.000021148,0.000037697,0.000036852,0.000021701,0.000038642,0.000038824,0.000021390,0.000038520,0.000037550
main|astana_clinic|nc6|np5|br0.5|uniform|ms3|r300|s9,0.000082247,0.000071586,0.000182793,0.000025811,0.000044360,0.000045035,0.000023978,0.000046180,0.000045892,0.000032242,0.000044297,0.000045951
main|astana_clinic|nc6|np5|br0.5|random_1_100|ms3|r300|s0,0.000081882,0.000061783,0.000171420,0.000025230,0.000043789,0.000044577,0.000026088,0.000045569,0.000044112,0.000027056,0.000042514,0.000041809
main|astana_clinic|nc6|np5|br0.5|random_1_100|ms3|r300|s1,0.000085879,0.000049340,0.000133787,0.000038777,0.000064659,0.000072660,0.000039808,0.000064126,0.000065583,0.000038947,0.000066509,0.000060912
main|astana_clinic|nc6|np5|br0.5|random_1_100|ms3|r300|s2,0.000080862,0.000057017,0.000161839,0.000027108,0.000046664,0.000046014,0.000025239,0.000046918,0.000048130,0.000030652,0.000048316,0.000045391
main|astana_clinic|nc6|np5|br0.5|random_1_100|ms3|r300|s3,0.000084130,0.000064302,0.000172031,0.000035025,0.000052697,0.000053676,0.000031641,0.000054340,0.000054396,0.000034201,0.000056529,0.000052138
main|astana_clinic|nc6|np5|br0.5|random_1_100|ms3|r300|s4,0.000084892,0.000055473,0.000156837,0.000028773,0.000043630,0.000044701,0.000026445,0.000044540,0.000043578,0.000023871,0.000046827,0.000043371
main|astana_clinic|nc6|np5|br0.5|random_1_100|ms3|r300|s5,0.000083277,0.000073381,0.000193427,0.000034525,0.000052268,0.000051309,0.000033964,0.000055721,0.000053808,0.000032476,0.000046371,0.000045138
main|astana_clinic|nc6|np5|br0.5|random_1_100|ms3|r300|s6,0.000080144,0.000075535,0.000180088,0.000050758,0.000069688,0.000066993,0.000040755,0.000042522,0.000042282,0.000044580,0.000045575,0.000044256
main|astana_clinic|nc6|np5|br0.5|random_1_100|ms3|r300|s7,0.000082603,0.000080789,0.000202620,0.000039248,0.000065232,0.000057965,0.000036735,0.000046260,0.000042940,0.000038263,0.000048933,0.000044607
main|astana_clinic|nc6|np5|br0.5|random_1_100|ms3|r300|s8,0.000081938,0.000061751,0.000172302,0.000022721,0.000037137,0.000037199,0.000021835,0.000040406,0.000042260,0.000021779,0.000038714,0.000039719
main|astana_clinic|nc6|np5|br0.5|random_1_100|ms3|r300|s9,0.000081877,0.000072662,0.000195440,0.000025554,0.000045897,0.000045537,0.000025793,0.000044951,0.000046784,0.000031658,0.000044439,0.000044587
main|astana_clinic|nc6|np5|br0.5|one_heavy|ms3|r300|s0,0.000081899,0.000063251,0.000177499,0.000026898,0.000042596,0.000042414,0.000025013,0.000046677,0.000046568,0.000023193,0.000045917,0.000043744
main|astana_clinic|nc6|np5|br0.5|one_heavy|ms3|r300|s1,0.000084469,0.000049541,0.000150425,0.000042097,0.000062143,0.000061271,0.000037798,0.000059634,0.000060817,0.000038759,0.000059470,0.000063510
main|astana_clinic|nc6|np5|br0.5|one_heavy|ms3|r300|s2,0.000083314,0.000056005,0.000161055,0.000025453,0.000042423,0.000044630,0.000024159,0.000047662,0.000048789,0.000023978,0.000043221,0.000042203
main|astana_clinic|nc6|np5|br0.5|one_heavy|ms3|r300|s3,0.000084785,0.000066097,0.000176580,0.000033494,0.000057177,0.000054178,0.000033173,0.000054683,0.000054386,0.000032099,0.000059469,0.000053446
main|astana_clinic|nc6|np5|br0.5|one_heavy|ms3|r300|s4,0.000090708,0.000056201,0.000174860,0.000025299,0.000045810,0.000046754,0.000026883,0.000047063,0.000044080,0.000026039,0.000048022,0.000043615
main|astana_clinic|nc6|np5|br0.5|one_heavy|ms3|r300|s5,0.000087821,0.000097477,0.000200155,0.000035085,0.000056551,0.000058671,0.000034749,0.000056031,0.000059571,0.000034989,0.000046023,0.000045748
main|astana_clinic|nc6|np5|br0.5|one_heavy|ms3|r300|s6,0.000081327,0.000071548,0.000184032,0.000045097,0.000066312,0.000067718,0.000044038,0.000046519,0.000044488,0.000046907,0.000046380,0.000047826
main|astana_clinic|nc6|np5|br0.5|one_heavy|ms3|r300|s7,0.000081707,0.000076121,0.000207925,0.000038140,0.000066406,0.000061571,0.000039209,0.000047255,0.000044818,0.000038985,0.000048092,0.000046292
main|astana_clinic|nc6|np5|br0.5|one_heavy|ms3|r300|s8,0.000085191,0.000062653,0.000174440,0.000022350,0.000040256,0.000039630,0.000021482,0.000038946,0.000039715,0.000021084,0.000038157,0.000037632
main|astana_clinic|nc6|np5|br0.5|one_heavy|ms3|r300|s9,0.000081341,0.000070780,0.000189727,0.000026013,0.000046545,0.000043409,0.000025737,0.000043880,0.000042186,0.000024000,0.000044428,0.000043417
main|astana_clinic|nc6|np5|br0.75|uniform|ms3|r300|s0,0.000084914,0.000115421,0.000295352,0.000026401,0.000048397,0.000046786,0.000026338,0.000047309,0.000042370,0.000025314,0.000047060,0.000044753
main|astana_clinic|nc6|np5|br0.75|uniform|ms3|r300|s1,0.000082054,0.000094960,0.000246687,0.000053209,0.000068523,0.000068008,0.000043542,0.000069857,0.000067156,0.000045462,0.000067436,0.000079038
main|astana_clinic|nc6|np5|br0.75|uniform|ms3|r300|s2,0.000086838,0.000119957,0.000294271,0.000024980,0.000046603,0.000045478,0.000025110,0.000047264,0.000044242,0.000026290,0.000046854,0.000042855
main|astana_clinic|nc6|np5|br0.75|uniform|ms3|r300|s3,0.000081086,0.000106448,0.000293313,0.000052050,0.000066217,0.000084984,0.000045195,0.000065175,0.000063135,0.000046071,0.000066318,0.000065329
main|astana_clinic|nc6|np5|br0.75|uniform|ms3|r300|s4,0.000081528,0.000112687,0.000292513,0.000024229,0.000046725,0.000047540,0.000025031,0.000045568,0.000042092,0.000024067,0.000044349,0.000048147
main|astana_clinic|nc6|np5|br0.75|uniform|ms3|r300|s5,0.000087651,0.000124304,0.000319491,0.000046951,0.000065293,0.000063897,0.000041860,0.000064282,0.000066837,0.000052441,0.000046690,0.000044086
main|astana_clinic|nc6|np5|br0.75|uniform|ms3|r300|s6,0.000085486,0.000113599,0.000331325,0.000050557,0.000074599,0.000081989,0.000049143,0.000045688,0.000044346,0.000050327,0.000044863,0.000045268
main|astana_clinic|nc6|np5|br0.75|uniform|ms3|r300|s7,0.000082457,0.000121867,0.000327613,0.000047061,0.000063209,0.000063701,0.000041791,0.000047840,0.000045612,0.000045978,0.000042552,0.000045561
main|astana_clinic|nc6|np5|br0.75|uniform|ms3|r300|s8,0.000083357,0.000122063,0.000289237,0.000025695,0.000046917,0.000044252,0.000022832,0.000041593,0.000043293,0.000023091,0.000045074,0.000042503
main|astana_clinic|nc6|np5|br0.75|uniform|ms3|r300|s9,0.000081645,0.000118215,0.000289969,0.000025393,0.000044871,0.000042810,0.000024489,0.000045093,0.000047355,0.000026210,0.000047234,0.000041941
main|astana_clinic|nc6|np5|br0.75|random_1_100|ms3|r300|s0,0.000082566,0.000121234,0.000283255,0.000023372,0.000044218,0.000042534,0.000023746,0.000041779,0.000042331,0.000025973,0.000043287,0.000044585
main|astana_clinic|nc6|np5|br0.75|random_1_100|ms3|r300|s1,0.000082007,0.000096812,0.000233505,0.000043792,0.000067116,0.000062805,0.000039616,0.000066980,0.000065952,0.000042701,0.000066716,0.000060508
main|astana_clinic|nc6|np5|br0.75|random_1_100|ms3|r300|s2,0.000088785,0.000125871,0.000273425,0.000023941,0.000047534,0.000044318,0.000025086,0.000044239,0.000042081,0.000024601,0.000043009,0.000043019
main|astana_clinic|nc6|np5|br0.75|random_1_100|ms3|r300|s3,0.000097025,0.000110060,0.000278955,0.000056959,0.000083460,0.000091001,0.000053054,0.000083132,0.000062956,0.000045806,0.000062732,0.000058698
main|astana_clinic|nc6|np5|br0.75|random_1_100|ms3|r300|s4,0.000083005,0.000115713,0.000304727,0.000025411,0.000043507,0.000045186,0.000030382,0.000043483,0.000044320,0.000025525,0.000044270,0.000043928
main|astana_clinic|nc6|np5|br0.75|random_1_100|ms3|r300|s5,0.000085266,0.000127012,0.000328001,0.000042156,0.000064832,0.000060715,0.000040720,0.000062321,0.000061960,0.000041020,0.000045436,0.000044667
main|astana_clinic|nc6|np5|br0.75|random_1_100|ms3|r300|s6,0.000082003,0.000109053,0.000300525,0.000051906,0.000076154,0.000069429,0.000045218,0.000044794,0.000041955,0.000053940,0.000041431,0.000041753
main|astana_clinic|nc6|np5|br0.75|random_1_100|ms3|r300|s7,0.000081848,0.000131514,0.000344686,0.000042937,0.000061751,0.000061179,0.000045809,0.000050927,0.000046562,0.000042207,0.000044887,0.000044644
main|astana_clinic|nc6|np5|br0.75|random_1_100|ms3|r300|s8,0.000090332,0.000137397,0.000317095,0.000024354,0.000046265,0.000047581,0.000023560,0.000044187,0.000045057,0.000025001,0.000047521,0.000042716
main|astana_clinic|nc6|np5|br0.75|random_1_100|ms3|r300|s9,0.000081551,0.000113052,0.000310498,0.000025891,0.000046376,0.000043275,0.000024676,0.000045563,0.000045292,0.000025631,0.000044067,0.000042157
main|astana_clinic|nc6|np5|br0.75|one_heavy|ms3|r300|s0,0.000082897,0.000113174,0.000289578,0.000024408,0.000042637,0.000044108,0.000024200,0.000043415,0.000042449,0.000023812,0.000042895,0.000042838
main|astana_clinic|nc6|np5|br0.75|one_heavy|ms3|r300|s1,0.000085495,0.000090382,0.000246706,0.000042657,0.000070664,0.000069298,0.000045481,0.000067352,0.000063697,0.000040489,0.000061496,0.000079250
main|astana_clinic|nc6|np5|br0.75|one_heavy|ms3|r300|s2,0.000082751,0.000124125,0.000309962,0.000024485,0.000052675,0.000046286,0.000033014,0.000046187,0.000044736,0.000024441,0.000046883,0.000042268
main|astana_clinic|nc6|np5|br0.75|one_heavy|ms3|r300|s3,0.000090554,0.000116143,0.000281505,0.000043929,0.000066370,0.000069069,0.000041487,0.000064925,0.000063790,0.000041917,0.000069605,0.000062567
main|astana_clinic|nc6|np5|br0.75|one_heavy|ms3|r300|s4,0.000082323,0.000121478,0.000283766,0.000023648,0.000048034,0.000044516,0.000025905,0.000045884,0.000044047,0.000025466,0.000048197,0.000046175
main|astana_clinic|nc6|np5|br0.75|one_heavy|ms3|r300|s5,0.000081206,0.000124547,0.000339817,0.000044043,0.000066772,0.000062210,0.000041790,0.000067975,0.000064412,0.000043155,0.000050738,0.000043149
main|astana_clinic|nc6|np5|br0.75|one_heavy|ms3|r300|s6,0.000084002,0.000107824,0.000308595,0.000048483,0.000083217,0.000073852,0.000045329,0.000044543,0.000041060,0.000052489,0.000049187,0.000044195
main|astana_clinic|nc6|np5|br0.75|one_heavy|ms3|r300|s7,0.000127603,0.000122814,0.000352728,0.000042002,0.000064360,0.000061350,0.000042799,0.000053473,0.000045315,0.000043542,0.000049446,0.000042562
main|astana_clinic|nc6|np5|br0.75|one_heavy|ms3|r300|s8,0.000117671,0.000154257,0.000290033,0.000024227,0.000048942,0.000044610,0.000023274,0.000043761,0.000047409,0.000023722,0.000045774,0.000047619
main|astana_clinic|nc6|np5|br0.75|one_heavy|ms3|r300|s9,0.000117136,0.000108511,0.000292015,0.000024717,0.000046568,0.000052424,0.000024521,0.000049014,0.000044903,0.000026614,0.000043822,0.000052567
main|astana_clinic|nc6|np5|br1.0|uniform|ms3|r300|s0,0.000141062,0.000226483,0.000586006,0.000025880,0.000045365,0.000044474,0.000024276,0.000043226,0.000042776,0.000025498,0.000047056,0.000043768
main|astana_clinic|nc6|np5|br1.0|uniform|ms3|r300|s1,0.000084526,0.000148350,0.000397925,0.000042226,0.000068001,0.000065086,0.000042320,0.000064616,0.000063953,0.000042336,0.000065311,0.000060646
main|astana_clinic|nc6|np5|br1.0|uniform|ms3|r300|s2,0.000077780,0.000146080,0.000374864,0.000024025,0.000036693,0.000036434,0.000018889,0.000036330,0.000037578,0.000021107,0.000039106,0.000036434
main|astana_clinic|nc6|np5|br1.0|uniform|ms3|r300|s3,0.000069019,0.000117873,0.000324783,0.000035451,0.000054910,0.000054192,0.000033532,0.000056797,0.000052613,0.000035958,0.000054294,0.000052509
main|astana_clinic|nc6|np5|br1.0|uniform|ms3|r300|s4,0.000069777,0.000113136,0.000308633,0.000021597,0.000036515,0.000035607,0.000020103,0.000036183,0.000036110,0.000019958,0.000037090,0.000041146
main|astana_clinic|nc6|np5|br1.0|uniform|ms3|r300|s5,0.000069975,0.000127926,0.000332054,0.000034719,0.000056651,0.000060682,0.000035066,0.000055551,0.000053548,0.000036855,0.000039645,0.000038762
main|astana_clinic|nc6|np5|br1.0|uniform|ms3|r300|s6,0.000068341,0.000115833,0.000319441,0.000045830,0.000066263,0.000066549,0.000046556,0.000037952,0.000038246,0.000057429,0.000035886,0.000035263
main|astana_clinic|nc6|np5|br1.0|uniform|ms3|r300|s7,0.000067029,0.000126595,0.000330287,0.000034795,0.000054405,0.000049356,0.000034579,0.000043939,0.000038866,0.000034880,0.000037537,0.000037634
main|astana_clinic|nc6|np5|br1.0|uniform|ms3|r300|s8,0.000068182,0.000127525,0.000323873,0.000023533,0.000045672,0.000038658,0.000027586,0.000048696,0.000035486,0.000020554,0.000043547,0.000043265
main|astana_clinic|nc6|np5|br1.0|uniform|ms3|r300|s9,0.000068151,0.000126673,0.000341946,0.000021273,0.000042202,0.000039362,0.000022160,0.000044549,0.000039880,0.000022348,0.000048248,0.000041503
main|astana_clinic|nc6|np5|br1.0|random_1_100|ms3|r300|s0,0.000077087,0.000141541,0.000364022,0.000023830,0.000060727,0.000042481,0.000023434,0.000042057,0.000041597,0.000022705,0.000042804,0.000048377
main|astana_clinic|nc6|np5|br1.0|random_1_100|ms3|r300|s1,0.000084280,0.000138877,0.000346107,0.000040109,0.000064780,0.000063171,0.000046212,0.000068341,0.000063386,0.000040154,0.000060170,0.000059828
main|astana_clinic|nc6|np5|br1.0|random_1_100|ms3|r300|s2,0.000080065,0.000147308,0.000384525,0.000027797,0.000043287,0.000041549,0.000024011,0.000043419,0.000040918,0.000023074,0.000045400,0.000047951
main|astana_clinic|nc6|np5|br1.0|random_1_100|ms3|r300|s3,0.000076827,0.000141902,0.000412875,0.000037600,0.000062308,0.000057003,0.000043628,0.000063932,0.000059012,0.000039700,0.000063387,0.000061961
main|astana_clinic|nc6|np5|br1.0|random_1_100|ms3|r300|s4,0.000078431,0.000135239,0.000382811,0.000023327,0.000044220,0.000039889,0.000024399,0.000045657,0.000045712,0.000023628,0.000045018,0.000042536
main|astana_clinic|nc6|np5|br1.0|random_1_100|ms3|r300|s5,0.000080331,0.000162276,0.000375795,0.000040034,0.000063714,0.000059728,0.000040405,0.000065886,0.000063689,0.000040694,0.000043945,0.000044660
main|astana_clinic|nc6|np5|br1.0|random_1_100|ms3|r300|s6,0.000075296,0.000152262,0.000586372,0.000051850,0.000079560,0.000072104,0.000051334,0.000041142,0.000043089,0.000054671,0.000040503,0.000042320
main|astana_clinic|nc6|np5|br1.0|random_1_100|ms3|r300|s7,0.000122745,0.000150765,0.000446360,0.000041089,0.000068145,0.000067825,0.000044681,0.000049691,0.000045325,0.000041701,0.000044838,0.000043634
main|astana_clinic|nc6|np5|br1.0|random_1_100|ms3|r300|s8,0.000082555,0.000156504,0.000405572,0.000025346,0.000044173,0.000043196,0.000024681,0.000043428,0.000042963,0.000024869,0.000045853,0.000043348
main|astana_clinic|nc6|np5|br1.0|random_1_100|ms3|r300|s9,0.000081138,0.000146111,0.000394020,0.000041010,0.000061722,0.000060505,0.000034985,0.000061259,0.000061400,0.000034315,0.000062026,0.000062197
main|astana_clinic|nc6|np5|br1.0|one_heavy|ms3|r300|s0,0.000129147,0.000204286,0.000561158,0.000034122,0.000060903,0.000064844,0.000035727,0.000062178,0.000061598,0.000033629,0.000062137,0.000067206
main|astana_clinic|nc6|np5|br1.0|one_heavy|ms3|r300|s1,0.000126704,0.000199911,0.000524538,0.000056975,0.000087238,0.000089065,0.000061713,0.000089363,0.000089378,0.000059762,0.000090280,0.000088090
main|astana_clinic|nc6|np5|br1.0|one_heavy|ms3|r300|s2,0.000154221,0.000198176,0.000510686,0.000035633,0.000060631,0.000065276,0.000032705,0.000061378,0.000061602,0.000032830,0.000063287,0.000064692
main|astana_clinic|nc6|np5|br1.0|one_heavy|ms3|r300|s3,0.000129094,0.000196531,0.000540523,0.000058938,0.000087692,0.000093174,0.000057792,0.000087981,0.000090692,0.000062957,0.000090111,0.000088666
main|astana_clinic|nc6|np5|br1.0|one_heavy|ms3|r300|s4,0.000129712,0.000190178,0.000532453,0.000034022,0.000061666,0.000062619,0.000034045,0.000060748,0.000060561,0.000033280,0.000063695,0.000061103
main|astana_clinic|nc6|np5|br1.0|one_heavy|ms3|r300|s5,0.000131101,0.000215379,0.000537623,0.000058150,0.000088030,0.000091556,0.000057031,0.000085843,0.000085238,0.000065520,0.000061391,0.000061642
main|astana_clinic|nc6|np5|br1.0|one_heavy|ms3|r300|s6,0.000140181,0.000191320,0.000520323,0.000074477,0.000108340,0.000111096,0.000073737,0.000066220,0.000060416,0.000075232,0.000060095,0.000060269
main|astana_clinic|nc6|np5|br1.0|one_heavy|ms3|r300|s7,0.000077984,0.000140821,0.000355683,0.000041529,0.000062654,0.000058352,0.000042042,0.000040929,0.000042760,0.000038599,0.000041845,0.000041657
main|astana_clinic|nc6|np5|br1.0|one_heavy|ms3|r300|s8,0.000078226,0.000131402,0.000346628,0.000023675,0.000042980,0.000041385,0.000022672,0.000042654,0.000041110,0.000022159,0.000045234,0.000041049
main|astana_clinic|nc6|np5|br1.0|one_heavy|ms3|r300|s9,0.000079502,0.000128325,0.000363917,0.000023635,0.000042725,0.000041997,0.000022669,0.000043858,0.000043500,0.000024063,0.000043107,0.000042685
main|astana_clinic|nc6|np15|br0.25|uniform|ms3|r300|s0,0.000256888,0.000026617,0.000089123,0.000020725,0.000036639,0.000037761,0.000020683,0.000036827,0.000032326,0.000020985,0.000044511,0.000033317
main|astana_clinic|nc6|np15|br0.25|uniform|ms3|r300|s1,0.000232067,0.000024565,0.000073015,0.000015773,0.000029435,0.000033273,0.000016632,0.000026326,0.000025613,0.000018350,0.000037430,0.000038017
main|astana_clinic|nc6|np15|br0.25|uniform|ms3|r300|s2,0.000261939,0.000026450,0.000086405,0.000020940,0.000041153,0.000039017,0.000019713,0.000034541,0.000034032,0.000020660,0.000038206,0.000037317
main|astana_clinic|nc6|np15|br0.25|uniform|ms3|r300|s3,0.000233677,0.000021477,0.000079526,0.000015064,0.000026150,0.000027003,0.000015265,0.000025956,0.000025724,0.000015797,0.000025962,0.000025802
main|astana_clinic|nc6|np15|br0.25|uniform|ms3|r300|s4,0.000237400,0.000028930,0.000095575,0.000021950,0.000050200,0.000040181,0.000023069,0.000034896,0.000031875,0.000020563,0.000036356,0.000034660
main|astana_clinic|nc6|np15|br0.25|uniform|ms3|r300|s5,0.000227367,0.000034082,0.000117727,0.000025385,0.000042370,0.000044784,0.000024128,0.000032917,0.000031650,0.000024883,0.000039134,0.000041475
main|astana_clinic|nc6|np15|br0.25|uniform|ms3|r300|s6,0.000218989,0.000026127,0.000079685,0.000019997,0.000040865,0.000037823,0.000021495,0.000036234,0.000036381,0.000020632,0.000038777,0.000038527
main|astana_clinic|nc6|np15|br0.25|uniform|ms3|r300|s7,0.000224302,0.000037453,0.000119593,0.000028250,0.000048261,0.000045734,0.000030806,0.000032118,0.000032075,0.000031155,0.000033761,0.000031591
main|astana_clinic|nc6|np15|br0.25|uniform|ms3|r300|s8,0.000211531,0.000030229,0.000101030,0.000025952,0.000041599,0.000042360,0.000022730,0.000044998,0.000044070,0.000026644,0.000041572,0.000041089
main|astana_clinic|nc6|np15|br0.25|uniform|ms3|r300|s9,0.000216121,0.000026042,0.000091174,0.000018477,0.000025876,0.000025307,0.000016580,0.000025323,0.000026479,0.000015745,0.000025217,0.000025254
main|astana_clinic|nc6|np15|br0.25|random_1_100|ms3|r300|s0,0.000223187,0.000029125,0.000086264,0.000022209,0.000046400,0.000037178,0.000020623,0.000033123,0.000032656,0.000020559,0.000033374,0.000033403
main|astana_clinic|nc6|np15|br0.25|random_1_100|ms3|r300|s1,0.000218336,0.000021945,0.000073692,0.000017692,0.000030023,0.000029450,0.000015208,0.000025173,0.000023916,0.000016601,0.000027489,0.000028562
main|astana_clinic|nc6|np15|br0.25|random_1_100|ms3|r300|s2,0.000224750,0.000027284,0.000083638,0.000021261,0.000037241,0.000038239,0.000019904,0.000033280,0.000032660,0.000020965,0.000036392,0.000039590
main|astana_clinic|nc6|np15|br0.25|random_1_100|ms3|r300|s3,0.000210330,0.000020470,0.000077666,0.000015539,0.000025025,0.000024979,0.000014592,0.000024790,0.000025070,0.000015285,0.000023730,0.000025337
main|astana_clinic|nc6|np15|br0.25|random_1_100|ms3|r300|s4,0.000226582,0.000026494,0.000086053,0.000020287,0.000040523,0.000039980,0.000019081,0.000032641,0.000032409,0.000020425,0.000035150,0.000035421
main|astana_clinic|nc6|np15|br0.25|random_1_100|ms3|r300|s5,0.000209851,0.000033706,0.000116637,0.000025017,0.000042186,0.000040409,0.000025120,0.000034014,0.000032809,0.000025767,0.000043612,0.000040145
main|astana_clinic|nc6|np15|br0.25|random_1_100|ms3|r300|s6,0.000215669,0.000027274,0.000079208,0.000019704,0.000040663,0.000038862,0.000020502,0.000034502,0.000032512,0.000019673,0.000037391,0.000039717
main|astana_clinic|nc6|np15|br0.25|random_1_100|ms3|r300|s7,0.000221428,0.000037322,0.000114746,0.000030953,0.000049010,0.000047727,0.000029517,0.000032142,0.000033451,0.000029353,0.000032626,0.000032302
main|astana_clinic|nc6|np15|br0.25|random_1_100|ms3|r300|s8,0.000214575,0.000031481,0.000093905,0.000026857,0.000061091,0.000050992,0.000024847,0.000045474,0.000046192,0.000027122,0.000044412,0.000041605
main|astana_clinic|nc6|np15|br0.25|random_1_100|ms3|r300|s9,0.000254745,0.000024876,0.000091277,0.000015545,0.000028106,0.000025730,0.000015084,0.000026003,0.000025326,0.000015050,0.000024295,0.000023008
main|astana_clinic|nc6|np15|br0.25|one_heavy|ms3|r300|s0,0.000214782,0.000026241,0.000081934,0.000021627,0.000037620,0.000035766,0.000018747,0.000031055,0.000030998,0.000020126,0.000032199,0.000030444
main|astana_clinic|nc6|np15|br0.25|one_heavy|ms3|r300|s1,0.000215675,0.000021434,0.000066759,0.000015957,0.000029178,0.000029726,0.000015859,0.000024454,0.000024300,0.000017039,0.000035093,0.000028644
main|astana_clinic|nc6|np15|br0.25|one_heavy|ms3|r300|s2,0.000214662,0.000025387,0.000077931,0.000021447,0.000037696,0.000035899,0.000019492,0.000032369,0.000030266,0.000019626,0.000035392,0.000034399
main|astana_clinic|nc6|np15|br0.25|one_heavy|ms3|r300|s3,0.000247610,0.000024531,0.000084067,0.000015047,0.000027723,0.000031631,0.000018862,0.000023363,0.000027465,0.000014859,0.000022751,0.000026155
main|astana_clinic|nc6|np15|br0.25|one_heavy|ms3|r300|s4,0.000209533,0.000032426,0.000087548,0.000019066,0.000037311,0.000037027,0.000019875,0.000031977,0.000032297,0.000022210,0.000041434,0.000035013
main|astana_clinic|nc6|np15|br0.25|one_heavy|ms3|r300|s5,0.000214462,0.000036352,0.000105879,0.000024185,0.000043000,0.000045842,0.000023900,0.000032356,0.000034301,0.000031430,0.000039616,0.000041577
main|astana_clinic|nc6|np15|br0.25|one_heavy|ms3|r300|s6,0.000209286,0.000026065,0.000079501,0.000020035,0.000036386,0.000038613,0.000019271,0.000031846,0.000029874,0.000017764,0.000038766,0.000039839
main|astana_clinic|nc6|np15|br0.25|one_heavy|ms3|r300|s7,0.000206271,0.000037551,0.000116687,0.000029391,0.000048383,0.000046594,0.000026709,0.000032461,0.000033548,0.000029223,0.000031275,0.000032459
main|astana_clinic|nc6|np15|br0.25|one_heavy|ms3|r300|s8,0.000211029,0.000027789,0.000093485,0.000022375,0.000041962,0.000044510,0.000022961,0.000043238,0.000041929,0.000022234,0.000040923,0.000046424
main|astana_clinic|nc6|np15|br0.25|one_heavy|ms3|r300|s9,0.000208428,0.000024355,0.000099596,0.000015093,0.000024897,0.000024151,0.000014388,0.000025711,0.000024975,0.000015388,0.000024966,0.000023732
main|astana_clinic|nc6|np15|br0.5|uniform|ms3|r300|s0,0.000215824,0.000069424,0.000171336,0.000031480,0.000067415,0.000071957,0.000028544,0.000055321,0.000055906,0.000037416,0.000057876,0.000057757
main|astana_clinic|nc6|np15|br0.5|uniform|ms3|r300|s1,0.000209979,0.000054587,0.000141485,0.000047022,0.000083283,0.000077503,0.000048084,0.000054471,0.000054300,0.000051807,0.000081137,0.000078757
main|astana_clinic|nc6|np15|br0.5|uniform|ms3|r300|s2,0.000216141,0.000063474,0.000176340,0.000049170,0.000079290,0.000078507,0.000044185,0.000053043,0.000051713,0.000042180,0.000072670,0.000074273
main|astana_clinic|nc6|np15|br0.5|uniform|ms3|r300|s3,0.000214506,0.000067232,0.000181178,0.000040228,0.000074495,0.000072933,0.000040670,0.000069852,0.000069072,0.000042002,0.000065230,0.000066979
main|astana_clinic|nc6|np15|br0.5|uniform|ms3|r300|s4,0.000212746,0.000065654,0.000170378,0.000045309,0.000084289,0.000081777,0.000046982,0.000058940,0.000057766,0.000047350,0.000070664,0.000070089
main|astana_clinic|nc6|np15|br0.5|uniform|ms3|r300|s5,0.000220616,0.000082702,0.000233016,0.000046164,0.000072581,0.000071329,0.000045626,0.000055891,0.000058627,0.000040028,0.000067667,0.000070866
main|astana_clinic|nc6|np15|br0.5|uniform|ms3|r300|s6,0.000210730,0.000080279,0.000199816,0.000043471,0.000090501,0.000087776,0.000038179,0.000055386,0.000056361,0.000044720,0.000090213,0.000088309
main|astana_clinic|nc6|np15|br0.5|uniform|ms3|r300|s7,0.000215951,0.000086742,0.000231455,0.000057306,0.000091102,0.000087765,0.000057055,0.000056400,0.000056226,0.000056452,0.000056666,0.000055430
main|astana_clinic|nc6|np15|br0.5|uniform|ms3|r300|s8,0.000219252,0.000069328,0.000198001,0.000045451,0.000069171,0.000066301,0.000045161,0.000066174,0.000068320,0.000044444,0.000048966,0.000047566
main|astana_clinic|nc6|np15|br0.5|uniform|ms3|r300|s9,0.000220910,0.000095786,0.000202757,0.000044414,0.000070657,0.000067598,0.000038199,0.000068602,0.000066512,0.000041808,0.000066440,0.000065895
main|astana_clinic|nc6|np15|br0.5|random_1_100|ms3|r300|s0,0.000217976,0.000074268,0.000192496,0.000031523,0.000064237,0.000062612,0.000033648,0.000058434,0.000055067,0.000031431,0.000054144,0.000055724
main|astana_clinic|nc6|np15|br0.5|random_1_100|ms3|r300|s1,0.000223356,0.000054544,0.000150858,0.000052234,0.000078810,0.000078812,0.000048660,0.000055956,0.000056211,0.000035790,0.000083364,0.000081238
main|astana_clinic|nc6|np15|br0.5|random_1_100|ms3|r300|s2,0.000235260,0.000066364,0.000173195,0.000044231,0.000081027,0.000079526,0.000042275,0.000057492,0.000052711,0.000041879,0.000071485,0.000071889
main|astana_clinic|nc6|np15|br0.5|random_1_100|ms3|r300|s3,0.000206243,0.000068308,0.000177049,0.000038961,0.000066508,0.000068778,0.000039557,0.000070143,0.000068121,0.000038748,0.000065678,0.000066483
main|astana_clinic|nc6|np15|br0.5|random_1_100|ms3|r300|s4,0.000208225,0.000059885,0.000170482,0.000043601,0.000081495,0.000080994,0.000040992,0.000053587,0.000054629,0.000047162,0.000069662,0.000065389
main|astana_clinic|nc6|np15|br0.5|random_1_100|ms3|r300|s5,0.000213421,0.000091552,0.000236357,0.000044620,0.000074662,0.000074945,0.000044687,0.000054910,0.000053181,0.000040533,0.000065190,0.000067778
main|astana_clinic|nc6|np15|br0.5|random_1_100|ms3|r300|s6,0.000211644,0.000074287,0.000190384,0.000038605,0.000085776,0.000082262,0.000041743,0.000052382,0.000053024,0.000054182,0.000087727,0.000084441
main|astana_clinic|nc6|np15|br0.5|random_1_100|ms3|r300|s7,0.000211018,0.000086920,0.000235341,0.000056221,0.000086636,0.000084670,0.000056211,0.000057116,0.000053351,0.000055180,0.000052339,0.000052669
main|astana_clinic|nc6|np15|br0.5|random_1_100|ms3|r300|s8,0.000213927,0.000068896,0.000185292,0.000042751,0.000062485,0.000064507,0.000041278,0.000064737,0.000063421,0.000040771,0.000046943,0.000050702
main|astana_clinic|nc6|np15|br0.5|random_1_100|ms3|r300|s9,0.000206251,0.000080148,0.000208444,0.000039584,0.000070572,0.000066575,0.000038776,0.000067158,0.000068028,0.000041129,0.000068359,0.000065873
main|astana_clinic|nc6|np15|br0.5|one_heavy|ms3|r300|s0,0.000218378,0.000066588,0.000175046,0.000030000,0.000069544,0.000088009,0.000029402,0.000053937,0.000054407,0.000030938,0.000054621,0.000054379
main|astana_clinic|nc6|np15|br0.5|one_heavy|ms3|r300|s1,0.000221118,0.000058463,0.000140189,0.000047209,0.000081965,0.000078018,0.000050473,0.000053684,0.000053481,0.000048633,0.000079371,0.000092823
main|astana_clinic|nc6|np15|br0.5|one_heavy|ms3|r300|s2,0.000217888,0.000063310,0.000181315,0.000042786,0.000081046,0.000081293,0.000043857,0.000054662,0.000056376,0.000042358,0.000074288,0.000074587
main|astana_clinic|nc6|np15|br0.5|one_heavy|ms3|r300|s3,0.000222788,0.000070824,0.000178218,0.000040608,0.000069421,0.000066022,0.000038046,0.000066025,0.000069148,0.000037926,0.000066599,0.000066907
main|astana_clinic|nc6|np15|br0.5|one_heavy|ms3|r300|s4,0.000234508,0.000062770,0.000171222,0.000043470,0.000081173,0.000082189,0.000043105,0.000055976,0.000052787,0.000041907,0.000068661,0.000069734
main|astana_clinic|nc6|np15|br0.5|one_heavy|ms3|r300|s5,0.000209443,0.000082092,0.000229875,0.000044732,0.000070767,0.000068731,0.000042763,0.000055231,0.000053657,0.000039988,0.000065527,0.000066391
main|astana_clinic|nc6|np15|br0.5|one_heavy|ms3|r300|s6,0.000218059,0.000074301,0.000202032,0.000040135,0.000090775,0.000089481,0.000039352,0.000053690,0.000054501,0.000043522,0.000093176,0.000087038
main|astana_clinic|nc6|np15|br0.5|one_heavy|ms3|r300|s7,0.000210830,0.000086265,0.000230512,0.000057364,0.000086842,0.000084030,0.000057039,0.000056076,0.000058343,0.000067909,0.000056176,0.000054772
main|astana_clinic|nc6|np15|br0.5|one_heavy|ms3|r300|s8,0.000211122,0.000070890,0.000192254,0.000050706,0.000062410,0.000062147,0.000041822,0.000064357,0.000064099,0.000041190,0.000047340,0.000046714
main|astana_clinic|nc6|np15|br0.5|one_heavy|ms3|r300|s9,0.000211760,0.000077940,0.000196158,0.000040781,0.000068313,0.000070354,0.000038113,0.000062680,0.000065071,0.000037531,0.000069675,0.000065111
main|astana_clinic|nc6|np15|br0.75|uniform|ms3|r300|s0,0.000210353,0.000125870,0.000322127,0.000049661,0.000083833,0.000083884,0.000049966,0.000054118,0.000053151,0.000051773,0.000055254,0.000052229
main|astana_clinic|nc6|np15|br0.75|uniform|ms3|r300|s1,0.000219543,0.000107052,0.000267188,0.000064251,0.000093612,0.000092740,0.000062252,0.000066026,0.000053207,0.000064796,0.000094690,0.000090525
main|astana_clinic|nc6|np15|br0.75|uniform|ms3|r300|s2,0.000213183,0.000126313,0.000363804,0.000068549,0.000106308,0.000109594,0.000065570,0.000052027,0.000053559,0.000069204,0.000101263,0.000098886
main|astana_clinic|nc6|np15|br0.75|uniform|ms3|r300|s3,0.000207868,0.000122831,0.000300530,0.000049939,0.000077769,0.000075632,0.000050271,0.000100738,0.000077271,0.000051521,0.000078072,0.000078557
main|astana_clinic|nc6|np15|br0.75|uniform|ms3|r300|s4,0.000208716,0.000135274,0.000335263,0.000064659,0.000108553,0.000112873,0.000062098,0.000056885,0.000055851,0.000066338,0.000078853,0.000080625
main|astana_clinic|nc6|np15|br0.75|uniform|ms3|r300|s5,0.000210804,0.000140709,0.000371434,0.000063868,0.000092962,0.000094149,0.000065171,0.000059439,0.000056102,0.000061351,0.000079533,0.000075829
main|astana_clinic|nc6|np15|br0.75|uniform|ms3|r300|s6,0.000216999,0.000129952,0.000327285,0.000059920,0.000102015,0.000106021,0.000056754,0.000052966,0.000052621,0.000066689,0.000098856,0.000097639
main|astana_clinic|nc6|np15|br0.75|uniform|ms3|r300|s7,0.000211414,0.000137410,0.000385253,0.000068576,0.000096591,0.000095781,0.000067347,0.000055082,0.000055957,0.000068600,0.000057128,0.000056434
main|astana_clinic|nc6|np15|br0.75|uniform|ms3|r300|s8,0.000204418,0.000128363,0.000327971,0.000053130,0.000076519,0.000080388,0.000050952,0.000075314,0.000075306,0.000052670,0.000055706,0.000055875
main|astana_clinic|nc6|np15|br0.75|uniform|ms3|r300|s9,0.000211430,0.000136460,0.000337118,0.000062170,0.000085418,0.000090021,0.000057354,0.000078509,0.000079082,0.000065774,0.000076596,0.000077026
main|astana_clinic|nc6|np15|br0.75|random_1_100|ms3|r300|s0,0.000226335,0.000124060,0.000347058,0.000049530,0.000083830,0.000082926,0.000052518,0.000053349,0.000051790,0.000051705,0.000054827,0.000058948
main|astana_clinic|nc6|np15|br0.75|random_1_100|ms3|r300|s1,0.000221513,0.000127631,0.000285928,0.000063678,0.000091067,0.000094494,0.000062467,0.000052982,0.000052251,0.000060393,0.000096385,0.000092632
main|astana_clinic|nc6|np15|br0.75|random_1_100|ms3|r300|s2,0.000221621,0.000132791,0.000337220,0.000079653,0.000108204,0.000105088,0.000067242,0.000054457,0.000052495,0.000060728,0.000093455,0.000106875
main|astana_clinic|nc6|np15|br0.75|random_1_100|ms3|r300|s3,0.000214505,0.000126654,0.000309332,0.000052896,0.000090768,0.000081671,0.000051150,0.000080523,0.000081226,0.000053099,0.000076277,0.000076203
main|astana_clinic|nc6|np15|br0.75|random_1_100|ms3|r300|s4,0.000204976,0.000126522,0.000358321,0.000069867,0.000108252,0.000108244,0.000066263,0.000058140,0.000057086,0.000068676,0.000085417,0.000081825
main|astana_clinic|nc6|np15|br0.75|random_1_100|ms3|r300|s5,0.000215126,0.000134422,0.000376156,0.000064139,0.000092180,0.000090983,0.000056436,0.000054244,0.000055250,0.000059542,0.000076664,0.000077376
main|astana_clinic|nc6|np15|br0.75|random_1_100|ms3|r300|s6,0.000212496,0.000123005,0.000338642,0.000059622,0.000103486,0.000100641,0.000057567,0.000055272,0.000051523,0.000069607,0.000102473,0.000096013
main|astana_clinic|nc6|np15|br0.75|random_1_100|ms3|r300|s7,0.000211132,0.000132800,0.000348188,0.000070385,0.000097524,0.000098895,0.000074175,0.000057302,0.000055698,0.000068211,0.000056970,0.000055694
main|astana_clinic|nc6|np15|br0.75|random_1_100|ms3|r300|s8,0.000204796,0.000124406,0.000319386,0.000045913,0.000078702,0.000078187,0.000049543,0.000074656,0.000072245,0.000045626,0.000055270,0.000055421
main|astana_clinic|nc6|np15|br0.75|random_1_100|ms3|r300|s9,0.000204218,0.000131717,0.000337658,0.000062223,0.000090725,0.000096718,0.000060256,0.000079138,0.000081791,0.000061747,0.000081848,0.000081347
main|astana_clinic|nc6|np15|br0.75|one_heavy|ms3|r300|s0,0.000212058,0.000128268,0.000341527,0.000051620,0.000081638,0.000082600,0.000049414,0.000054433,0.000055878,0.000052172,0.000056232,0.000053112
main|astana_clinic|nc6|np15|br0.75|one_heavy|ms3|r300|s1,0.000211357,0.000102786,0.000273878,0.000066722,0.000097679,0.000093867,0.000065431,0.000056670,0.000055474,0.000067118,0.000095037,0.000101894
main|astana_clinic|nc6|np15|br0.75|one_heavy|ms3|r300|s2,0.000208531,0.000129666,0.000328718,0.000062891,0.000103033,0.000111573,0.000068091,0.000054353,0.000056049,0.000067507,0.000105554,0.000097204
main|astana_clinic|nc6|np15|br0.75|one_heavy|ms3|r300|s3,0.000207378,0.000119795,0.000308969,0.000052269,0.000078800,0.000077837,0.000050488,0.000082823,0.000076116,0.000050117,0.000089170,0.000076194
main|astana_clinic|nc6|np15|br0.75|one_heavy|ms3|r300|s4,0.000210190,0.000126374,0.000324592,0.000090134,0.000105040,0.000107777,0.000066355,0.000055360,0.000054380,0.000062092,0.000075927,0.000079336
main|astana_clinic|nc6|np15|br0.75|one_heavy|ms3|r300|s5,0.000206731,0.000149505,0.000397754,0.000067789,0.000096787,0.000093589,0.000061178,0.000059152,0.000057904,0.000062206,0.000086646,0.000102475
main|astana_clinic|nc6|np15|br0.75|one_heavy|ms3|r300|s6,0.000221918,0.000132521,0.000349252,0.000060095,0.000109721,0.000102856,0.000058947,0.000053368,0.000054986,0.000067903,0.000099276,0.000099700
main|astana_clinic|nc6|np15|br0.75|one_heavy|ms3|r300|s7,0.000417179,0.000212571,0.000551652,0.000110082,0.000141236,0.000159617,0.000112571,0.000089859,0.000092941,0.000113960,0.000103274,0.000092734
main|astana_clinic|nc6|np15|br0.75|one_heavy|ms3|r300|s8,0.000380843,0.000199467,0.000521535,0.000080462,0.000124058,0.000130154,0.000082551,0.000122137,0.000125952,0.000085103,0.000088554,0.000088032
main|astana_clinic|nc6|np15|br0.75|one_heavy|ms3|r300|s9,0.000383039,0.000197599,0.000492490,0.000078863,0.000118584,0.000119324,0.000078124,0.000100780,0.000102567,0.000090356,0.000102842,0.000102203
main|astana_clinic|nc6|np15|br1.0|uniform|ms3|r300|s0,0.000293399,0.000218499,0.000565058,0.000096022,0.000134693,0.000138705,0.000100454,0.000083559,0.000075302,0.000100413,0.000076022,0.000077286
main|astana_clinic|nc6|np15|br1.0|uniform|ms3|r300|s1,0.000341004,0.000229945,0.000575781,0.000101346,0.000132367,0.000137845,0.000105154,0.000083098,0.000081011,0.000101560,0.000138026,0.000144033
main|astana_clinic|nc6|np15|br1.0|uniform|ms3|r300|s2,0.000376396,0.000245980,0.000638684,0.000091349,0.000150439,0.000156659,0.000093251,0.000080912,0.000078456,0.000101963,0.000145608,0.000151151
main|astana_clinic|nc6|np15|br1.0|uniform|ms3|r300|s3,0.000342344,0.000256981,0.000642025,0.000080576,0.000115910,0.000119505,0.000077929,0.000115948,0.000118269,0.000077539,0.000119283,0.000118617
main|astana_clinic|nc6|np15|br1.0|uniform|ms3|r300|s4,0.000337084,0.000236519,0.000657918,0.000094977,0.000154075,0.000150541,0.000105495,0.000076639,0.000079284,0.000097706,0.000113598,0.000111084
main|astana_clinic|nc6|np15|br1.0|uniform|ms3|r300|s5,0.000344108,0.000257237,0.000722537,0.000105191,0.000147386,0.000145927,0.000109038,0.000081639,0.000091087,0.000098417,0.000122005,0.000114680
main|astana_clinic|nc6|np15|br1.0|uniform|ms3|r300|s6,0.000357256,0.000242988,0.000645504,0.000096613,0.000145900,0.000152941,0.000102522,0.000077893,0.000081688,0.000097715,0.000149186,0.000156996
main|astana_clinic|nc6|np15|br1.0|uniform|ms3|r300|s7,0.000342946,0.000253711,0.000704183,0.000097221,0.000150239,0.000146540,0.000102545,0.000080853,0.000082517,0.000097945,0.000079091,0.000080141
main|astana_clinic|nc6|np15|br1.0|uniform|ms3|r300|s8,0.000373736,0.000223945,0.000537893,0.000089160,0.000126800,0.000125063,0.000089067,0.000100538,0.000100430,0.000086613,0.000071732,0.000073725
main|astana_clinic|nc6|np15|br1.0|uniform|ms3|r300|s9,0.000297771,0.000212271,0.000570921,0.000094260,0.000141587,0.000142577,0.000101022,0.000108521,0.000110913,0.000091722,0.000114797,0.000120385
main|astana_clinic|nc6|np15|br1.0|random_1_100|ms3|r300|s0,0.000331723,0.000234314,0.000702527,0.000101384,0.000142082,0.000158034,0.000099649,0.000083028,0.000081118,0.000099747,0.000082153,0.000085212
main|astana_clinic|nc6|np15|br1.0|random_1_100|ms3|r300|s1,0.000348046,0.000258646,0.000524788,0.000083005,0.000115775,0.000111601,0.000076629,0.000063819,0.000061964,0.000077821,0.000108864,0.000111671
main|astana_clinic|nc6|np15|br1.0|random_1_100|ms3|r300|s2,0.000234304,0.000188363,0.000479730,0.000082474,0.000124217,0.000124126,0.000076966,0.000061321,0.000062158,0.000078181,0.000114281,0.000111663
main|astana_clinic|nc6|np15|br1.0|random_1_100|ms3|r300|s3,0.000232632,0.000180864,0.000477315,0.000057797,0.000093465,0.000086478,0.000057569,0.000085515,0.000092210,0.000056284,0.000086128,0.000090064
main|astana_clinic|nc6|np15|br1.0|random_1_100|ms3|r300|s4,0.000239177,0.000190701,0.000471702,0.000077095,0.000118463,0.000125792,0.000075403,0.000059862,0.000070011,0.000073615,0.000089643,0.000083452
main|astana_clinic|nc6|np15|br1.0|random_1_100|ms3|r300|s5,0.000232896,0.000194597,0.000491498,0.000075390,0.000119318,0.000110545,0.000074496,0.000064362,0.000062606,0.000075834,0.000085588,0.000084838
main|astana_clinic|nc6|np15|br1.0|random_1_100|ms3|r300|s6,0.000238541,0.000211109,0.000532898,0.000082864,0.000120180,0.000119184,0.000077411,0.000062670,0.000061847,0.000078840,0.000111539,0.000109758
main|astana_clinic|nc6|np15|br1.0|random_1_100|ms3|r300|s7,0.000248752,0.000213411,0.000498808,0.000076240,0.000110720,0.000110462,0.000076264,0.000070935,0.000061459,0.000077170,0.000061744,0.000061783
main|astana_clinic|nc6|np15|br1.0|random_1_100|ms3|r300|s8,0.000241933,0.000195357,0.000524992,0.000079083,0.000155318,0.000113757,0.000075440,0.000088813,0.000090087,0.000075474,0.000083110,0.000060530
main|astana_clinic|nc6|np15|br1.0|random_1_100|ms3|r300|s9,0.000329396,0.000188606,0.000588767,0.000076810,0.000112277,0.000108699,0.000078493,0.000087426,0.000084913,0.000082566,0.000085492,0.000089942
main|astana_clinic|nc6|np15|br1.0|one_heavy|ms3|r300|s0,0.000234051,0.000202005,0.000467124,0.000078106,0.000111776,0.000113172,0.000102170,0.000079091,0.000062201,0.000074412,0.000063569,0.000060156
main|astana_clinic|nc6|np15|br1.0|one_heavy|ms3|r300|s1,0.000236164,0.000173492,0.000493235,0.000080693,0.000107721,0.000102749,0.000072064,0.000063583,0.000060667,0.000074726,0.000113158,0.000111893
main|astana_clinic|nc6|np15|br1.0|one_heavy|ms3|r300|s2,0.000242722,0.000176204,0.000464824,0.000078749,0.000126752,0.000121041,0.000074440,0.000061015,0.000061708,0.000073109,0.000112786,0.000115195
main|astana_clinic|nc6|np15|br1.0|one_heavy|ms3|r300|s3,0.000231631,0.000177288,0.000497227,0.000056779,0.000090582,0.000086300,0.000057445,0.000088689,0.000083549,0.000057166,0.000086220,0.000084505
main|astana_clinic|nc6|np15|br1.0|one_heavy|ms3|r300|s4,0.000241178,0.000182698,0.000455045,0.000075826,0.000122484,0.000118294,0.000074810,0.000066844,0.000059043,0.000080396,0.000092681,0.000088688
main|astana_clinic|nc6|np15|br1.0|one_heavy|ms3|r300|s5,0.000253936,0.000177724,0.000479426,0.000075980,0.000123670,0.000110733,0.000075372,0.000066910,0.000063578,0.000079188,0.000085065,0.000087745
main|astana_clinic|nc6|np15|br1.0|one_heavy|ms3|r300|s6,0.000232447,0.000179973,0.000489549,0.000075914,0.000117873,0.000117496,0.000073865,0.000062178,0.000060797,0.000081839,0.000114066,0.000112754
main|astana_clinic|nc6|np15|br1.0|one_heavy|ms3|r300|s7,0.000265164,0.000177078,0.000486216,0.000080916,0.000113082,0.000109675,0.000073602,0.000062260,0.000074195,0.000076236,0.000062248,0.000060199
main|astana_clinic|nc6|np15|br1.0|one_heavy|ms3|r300|s8,0.000231527,0.000179622,0.000461939,0.000077048,0.000108138,0.000107521,0.000079131,0.000085591,0.000085580,0.000078018,0.000063242,0.000060028
main|astana_clinic|nc6|np15|br1.0|one_heavy|ms3|r300|s9,0.000240191,0.000182175,0.000475303,0.000075763,0.000115402,0.000106848,0.000078034,0.000089758,0.000087052,0.000074920,0.000086038,0.000087327
main|astana_clinic|nc6|np25|br0.25|uniform|ms3|r300|s0,0.000405698,0.000031596,0.000106379,0.000027968,0.000051476,0.000048326,0.000026413,0.000041775,0.000043049,0.000027021,0.000049594,0.000048440
main|astana_clinic|nc6|np25|br0.25|uniform|ms3|r300|s1,0.000380180,0.000024473,0.000088462,0.000020258,0.000038965,0.000041067,0.000020945,0.000032429,0.000032512,0.000020809,0.000039946,0.000037595
main|astana_clinic|nc6|np25|br0.25|uniform|ms3|r300|s2,0.000384807,0.000030330,0.000099824,0.000026088,0.000049954,0.000048237,0.000026124,0.000044206,0.000043361,0.000028550,0.000050912,0.000049939
main|astana_clinic|nc6|np25|br0.25|uniform|ms3|r300|s3,0.000390106,0.000026403,0.000100942,0.000021495,0.000036486,0.000035989,0.000020547,0.000035061,0.000035987,0.000021215,0.000036275,0.000034399
main|astana_clinic|nc6|np25|br0.25|uniform|ms3|r300|s4,0.000385183,0.000031164,0.000103925,0.000027027,0.000049958,0.000049983,0.000026233,0.000044793,0.000044451,0.000028206,0.000061541,0.000048118
main|astana_clinic|nc6|np25|br0.25|uniform|ms3|r300|s5,0.000389382,0.000044377,0.000135520,0.000037744,0.000055420,0.000106880,0.000033962,0.000049076,0.000069182,0.000032907,0.000062581,0.000053473
main|astana_clinic|nc6|np25|br0.25|uniform|ms3|r300|s6,0.000392640,0.000034282,0.000100392,0.000026290,0.000053414,0.000052935,0.000025244,0.000043058,0.000045013,0.000026475,0.000049919,0.000052330
main|astana_clinic|nc6|np25|br0.25|uniform|ms3|r300|s7,0.000387786,0.000046862,0.000146022,0.000039690,0.000063485,0.000063465,0.000039499,0.000044552,0.000045109,0.000039681,0.000044696,0.000042894
main|astana_clinic|nc6|np25|br0.25|uniform|ms3|r300|s8,0.000409901,0.000037959,0.000113095,0.000032734,0.000057496,0.000057798,0.000033983,0.000057523,0.000052295,0.000032285,0.000059584,0.000059023
main|astana_clinic|nc6|np25|br0.25|uniform|ms3|r300|s9,0.000399244,0.000043333,0.000112277,0.000025299,0.000034310,0.000042036,0.000026934,0.000033866,0.000033298,0.000019752,0.000032527,0.000032476
main|astana_clinic|nc6|np25|br0.25|random_1_100|ms3|r300|s0,0.000383613,0.000034839,0.000112654,0.000027750,0.000048183,0.000048002,0.000026046,0.000042814,0.000041964,0.000024442,0.000049358,0.000046756
main|astana_clinic|nc6|np25|br0.25|random_1_100|ms3|r300|s1,0.000421643,0.000034465,0.000109919,0.000037030,0.000050669,0.000046402,0.000029754,0.000049153,0.000042522,0.000025987,0.000044049,0.000040302
main|astana_clinic|nc6|np25|br0.25|random_1_100|ms3|r300|s2,0.000437274,0.000033390,0.000102034,0.000025209,0.000052128,0.000053714,0.000027928,0.000047092,0.000046053,0.000025541,0.000052980,0.000050442
main|astana_clinic|nc6|np25|br0.25|random_1_100|ms3|r300|s3,0.000401056,0.000026303,0.000096619,0.000022453,0.000038135,0.000037150,0.000019761,0.000035930,0.000035647,0.000019500,0.000033487,0.000033159
main|astana_clinic|nc6|np25|br0.25|random_1_100|ms3|r300|s4,0.000386044,0.000031779,0.000104155,0.000027739,0.000050845,0.000053071,0.000026503,0.000041960,0.000042885,0.000025182,0.000051366,0.000048398
main|astana_clinic|nc6|np25|br0.25|random_1_100|ms3|r300|s5,0.000386109,0.000043701,0.000134890,0.000034431,0.000055397,0.000053617,0.000031314,0.000044351,0.000048401,0.000033668,0.000053304,0.000051696
main|astana_clinic|nc6|np25|br0.25|random_1_100|ms3|r300|s6,0.000419314,0.000031739,0.000097589,0.000025642,0.000049195,0.000053096,0.000026424,0.000044615,0.000043240,0.000026413,0.000049514,0.000053034
main|astana_clinic|nc6|np25|br0.25|random_1_100|ms3|r300|s7,0.000397823,0.000046422,0.000157767,0.000038621,0.000065537,0.000065976,0.000038843,0.000045304,0.000045157,0.000037909,0.000043706,0.000044887
main|astana_clinic|nc6|np25|br0.25|random_1_100|ms3|r300|s8,0.000394423,0.000036424,0.000118737,0.000033202,0.000057667,0.000058923,0.000032723,0.000057932,0.000053602,0.000033862,0.000062327,0.000057986
main|astana_clinic|nc6|np25|br0.25|random_1_100|ms3|r300|s9,0.000402234,0.000032882,0.000107210,0.000021330,0.000033323,0.000033858,0.000020389,0.000035864,0.000032112,0.000020230,0.000032143,0.000031720
main|astana_clinic|nc6|np25|br0.25|one_heavy|ms3|r300|s0,0.000391586,0.000032054,0.000122493,0.000026151,0.000049582,0.000048652,0.000027980,0.000043026,0.000046991,0.000025485,0.000047284,0.000046678
main|astana_clinic|nc6|np25|br0.25|one_heavy|ms3|r300|s1,0.000433235,0.000027729,0.000088311,0.000020751,0.000037294,0.000039422,0.000025995,0.000036091,0.000033069,0.000021617,0.000037233,0.000037232
main|astana_clinic|nc6|np25|br0.25|one_heavy|ms3|r300|s2,0.000385514,0.000033059,0.000101699,0.000027386,0.000047878,0.000050558,0.000025997,0.000044126,0.000042348,0.000026000,0.000051756,0.000051087
main|astana_clinic|nc6|np25|br0.25|one_heavy|ms3|r300|s3,0.000412153,0.000028496,0.000097756,0.000021470,0.000036673,0.000038924,0.000022303,0.000035620,0.000033810,0.000022284,0.000033578,0.000033837
main|astana_clinic|nc6|np25|br0.25|one_heavy|ms3|r300|s4,0.000389723,0.000033919,0.000112300,0.000027223,0.000051132,0.000048553,0.000025802,0.000042765,0.000042286,0.000026903,0.000048666,0.000049804
main|astana_clinic|nc6|np25|br0.25|one_heavy|ms3|r300|s5,0.000397597,0.000040972,0.000132362,0.000032828,0.000057734,0.000054566,0.000032704,0.000049877,0.000044142,0.000032136,0.000054065,0.000055024
main|astana_clinic|nc6|np25|br0.25|one_heavy|ms3|r300|s6,0.000409596,0.000033560,0.000100093,0.000026914,0.000049791,0.000053793,0.000026028,0.000043895,0.000043932,0.000025804,0.000050650,0.000049630
main|astana_clinic|nc6|np25|br0.25|one_heavy|ms3|r300|s7,0.000387586,0.000051085,0.000226236,0.000041965,0.000066730,0.000066381,0.000042701,0.000047789,0.000043830,0.000038878,0.000045284,0.000043645
main|astana_clinic|nc6|np25|br0.25|one_heavy|ms3|r300|s8,0.000423952,0.000039351,0.000121551,0.000032837,0.000062048,0.000055489,0.000027757,0.000050090,0.000047277,0.000029498,0.000052858,0.000051055
main|astana_clinic|nc6|np25|br0.25|one_heavy|ms3|r300|s9,0.000364089,0.000030334,0.000101679,0.000017738,0.000030198,0.000029943,0.000018955,0.000035125,0.000030781,0.000018486,0.000030909,0.000029432
main|astana_clinic|nc6|np25|br0.5|uniform|ms3|r300|s0,0.000353756,0.000088166,0.000211396,0.000060840,0.000098924,0.000103674,0.000063780,0.000068860,0.000070260,0.000061389,0.000093823,0.000091187
main|astana_clinic|nc6|np25|br0.5|uniform|ms3|r300|s1,0.000346420,0.000066967,0.000170082,0.000058395,0.000094660,0.000091758,0.000062296,0.000065542,0.000069198,0.000059495,0.000094315,0.000095696
main|astana_clinic|nc6|np25|br0.5|uniform|ms3|r300|s2,0.000334870,0.000070277,0.000202301,0.000061544,0.000096591,0.000090035,0.000053783,0.000061519,0.000061412,0.000048544,0.000097592,0.000097265
main|astana_clinic|nc6|np25|br0.5|uniform|ms3|r300|s3,0.000346046,0.000076197,0.000198377,0.000044474,0.000102075,0.000102516,0.000058416,0.000094904,0.000091955,0.000045113,0.000078822,0.000078538
main|astana_clinic|nc6|np25|br0.5|uniform|ms3|r300|s4,0.000352591,0.000073781,0.000189544,0.000049589,0.000093598,0.000099908,0.000051566,0.000065880,0.000061765,0.000051678,0.000084269,0.000080347
main|astana_clinic|nc6|np25|br0.5|uniform|ms3|r300|s5,0.000324166,0.000093990,0.000240650,0.000055383,0.000080401,0.000078304,0.000051929,0.000063479,0.000065277,0.000045298,0.000077497,0.000077523
main|astana_clinic|nc6|np25|br0.5|uniform|ms3|r300|s6,0.000315040,0.000081650,0.000203555,0.000046511,0.000107505,0.000110091,0.000047622,0.000065411,0.000061301,0.000051190,0.000104343,0.000096054
main|astana_clinic|nc6|np25|br0.5|uniform|ms3|r300|s7,0.000320444,0.000095206,0.000259110,0.000062179,0.000095375,0.000095888,0.000061071,0.000061904,0.000061815,0.000062244,0.000064344,0.000062663
main|astana_clinic|nc6|np25|br0.5|uniform|ms3|r300|s8,0.000330155,0.000077642,0.000197282,0.000048733,0.000074188,0.000076014,0.000050249,0.000054854,0.000059885,0.000052632,0.000075572,0.000074437
main|astana_clinic|nc6|np25|br0.5|uniform|ms3|r300|s9,0.000332821,0.000109275,0.000213094,0.000048018,0.000077190,0.000081894,0.000042669,0.000075476,0.000074244,0.000043177,0.000074952,0.000075631
main|astana_clinic|nc6|np25|br0.5|random_1_100|ms3|r300|s0,0.000330775,0.000070065,0.000186159,0.000053265,0.000093751,0.000096920,0.000056172,0.000061912,0.000062354,0.000053021,0.000083213,0.000087552
main|astana_clinic|nc6|np25|br0.5|random_1_100|ms3|r300|s1,0.000329962,0.000059624,0.000163919,0.000062381,0.000088848,0.000090209,0.000053050,0.000064107,0.000063428,0.000039693,0.000094550,0.000091893
main|astana_clinic|nc6|np25|br0.5|random_1_100|ms3|r300|s2,0.000313310,0.000071815,0.000182950,0.000049219,0.000098416,0.000090109,0.000048764,0.000064497,0.000062501,0.000059595,0.000100393,0.000104987
main|astana_clinic|nc6|np25|br0.5|random_1_100|ms3|r300|s3,0.000326735,0.000077728,0.000198921,0.000045824,0.000085376,0.000080927,0.000058714,0.000088727,0.000087527,0.000044439,0.000079500,0.000078664
main|astana_clinic|nc6|np25|br0.5|random_1_100|ms3|r300|s4,0.000331879,0.000077084,0.000184086,0.000049752,0.000094903,0.000090347,0.000046814,0.000060308,0.000062353,0.000063208,0.000079801,0.000080193
main|astana_clinic|nc6|np25|br0.5|random_1_100|ms3|r300|s5,0.000365703,0.000087293,0.000244481,0.000052089,0.000097673,0.000083424,0.000048610,0.000063508,0.000062076,0.000044375,0.000073668,0.000075401
main|astana_clinic|nc6|np25|br0.5|random_1_100|ms3|r300|s6,0.000328564,0.000082352,0.000207257,0.000045206,0.000096966,0.000096898,0.000042668,0.000060513,0.000060480,0.000059977,0.000098080,0.000096757
main|astana_clinic|nc6|np25|br0.5|random_1_100|ms3|r300|s7,0.000319547,0.000089656,0.000243999,0.000062466,0.000095625,0.000096432,0.000062366,0.000060259,0.000061954,0.000060674,0.000065603,0.000064809
main|astana_clinic|nc6|np25|br0.5|random_1_100|ms3|r300|s8,0.000322034,0.000071366,0.000214256,0.000049329,0.000079714,0.000073162,0.000050571,0.000054658,0.000053276,0.000048912,0.000075558,0.000073116
main|astana_clinic|nc6|np25|br0.5|random_1_100|ms3|r300|s9,0.000319419,0.000081117,0.000225166,0.000043047,0.000078254,0.000077695,0.000043282,0.000081388,0.000078940,0.000044937,0.000075206,0.000073634
main|astana_clinic|nc6|np25|br0.5|one_heavy|ms3|r300|s0,0.000311736,0.000073436,0.000203720,0.000057798,0.000102789,0.000099060,0.000056865,0.000062563,0.000063951,0.000054678,0.000085863,0.000081356
main|astana_clinic|nc6|np25|br0.5|one_heavy|ms3|r300|s1,0.000321204,0.000062859,0.000157668,0.000053211,0.000100215,0.000088269,0.000057213,0.000070960,0.000071102,0.000054982,0.000089823,0.000090267
main|astana_clinic|nc6|np25|br0.5|one_heavy|ms3|r300|s2,0.000325749,0.000074223,0.000202854,0.000058569,0.000117993,0.000101155,0.000050988,0.000068148,0.000067831,0.000054194,0.000107263,0.000104471
main|astana_clinic|nc6|np25|br0.5|one_heavy|ms3|r300|s3,0.000343810,0.000088332,0.000224891,0.000051890,0.000103936,0.000103217,0.000064469,0.000099506,0.000094423,0.000048933,0.000084850,0.000083894
main|astana_clinic|nc6|np25|br0.5|one_heavy|ms3|r300|s4,0.000349630,0.000079479,0.000203529,0.000053666,0.000104341,0.000107104,0.000052149,0.000067308,0.000067251,0.000053855,0.000088529,0.000087887
main|astana_clinic|nc6|np25|br0.5|one_heavy|ms3|r300|s5,0.000363115,0.000097169,0.000255598,0.000053685,0.000086737,0.000083954,0.000053037,0.000067179,0.000069080,0.000048412,0.000081960,0.000081143
main|astana_clinic|nc6|np25|br0.5|one_heavy|ms3|r300|s6,0.000342688,0.000089936,0.000216389,0.000055449,0.000106794,0.000109627,0.000048671,0.000069043,0.000065412,0.000054063,0.000107579,0.000109413
main|astana_clinic|nc6|np25|br0.5|one_heavy|ms3|r300|s7,0.000350200,0.000099242,0.000274985,0.000068966,0.000100945,0.000097223,0.000062174,0.000062884,0.000064199,0.000061618,0.000061624,0.000061932
main|astana_clinic|nc6|np25|br0.5|one_heavy|ms3|r300|s8,0.000334764,0.000085828,0.000215605,0.000054146,0.000081102,0.000082347,0.000059233,0.000068208,0.000065832,0.000058321,0.000091291,0.000098155
main|astana_clinic|nc6|np25|br0.5|one_heavy|ms3|r300|s9,0.000435055,0.000103705,0.000262365,0.000054395,0.000092571,0.000093767,0.000053618,0.000094816,0.000087358,0.000059416,0.000084081,0.000084689
main|astana_clinic|nc6|np25|br0.75|uniform|ms3|r300|s0,0.000352035,0.000171466,0.000398406,0.000080145,0.000128236,0.000124655,0.000078624,0.000069397,0.000071737,0.000078939,0.000096712,0.000097276
main|astana_clinic|nc6|np25|br0.75|uniform|ms3|r300|s1,0.000361479,0.000122628,0.000317402,0.000078446,0.000116504,0.000118128,0.000081526,0.000068496,0.000068178,0.000077756,0.000118770,0.000117722
main|astana_clinic|nc6|np25|br0.75|uniform|ms3|r300|s2,0.000347920,0.000163589,0.000402231,0.000084186,0.000131650,0.000129450,0.000085621,0.000066760,0.000065875,0.000080470,0.000136191,0.000126329
main|astana_clinic|nc6|np25|br0.75|uniform|ms3|r300|s3,0.000348157,0.000144667,0.000369999,0.000069264,0.000130202,0.000124092,0.000069844,0.000159728,0.000136422,0.000085072,0.000112236,0.000136517
main|astana_clinic|nc6|np25|br0.75|uniform|ms3|r300|s4,0.000351584,0.000157856,0.000385860,0.000078319,0.000132173,0.000133800,0.000076648,0.000070665,0.000069521,0.000082045,0.000102267,0.000097815
main|astana_clinic|nc6|np25|br0.75|uniform|ms3|r300|s5,0.000362634,0.000200993,0.000452347,0.000075932,0.000113297,0.000116868,0.000075679,0.000070012,0.000067484,0.000079699,0.000112503,0.000107671
main|astana_clinic|nc6|np25|br0.75|uniform|ms3|r300|s6,0.000472884,0.000162736,0.000411039,0.000075201,0.000132179,0.000135528,0.000075236,0.000066093,0.000068890,0.000082474,0.000123182,0.000123990
main|astana_clinic|nc6|np25|br0.75|uniform|ms3|r300|s7,0.000366692,0.000181471,0.000452143,0.000089065,0.000128344,0.000121541,0.000085276,0.000074749,0.000070099,0.000089287,0.000070828,0.000084549
main|astana_clinic|nc6|np25|br0.75|uniform|ms3|r300|s8,0.000368607,0.000154850,0.000440436,0.000064398,0.000102556,0.000102558,0.000066516,0.000070383,0.000071888,0.000065832,0.000096934,0.000103647
main|astana_clinic|nc6|np25|br0.75|uniform|ms3|r300|s9,0.000372265,0.000157623,0.000421472,0.000078301,0.000117955,0.000114341,0.000078488,0.000101025,0.000101435,0.000083248,0.000102086,0.000105365
main|astana_clinic|nc6|np25|br0.75|random_1_100|ms3|r300|s0,0.000373439,0.000161994,0.000392429,0.000073326,0.000134047,0.000128078,0.000069409,0.000077395,0.000072064,0.000068255,0.000099951,0.000097625
main|astana_clinic|nc6|np25|br0.75|random_1_100|ms3|r300|s1,0.000364134,0.000132277,0.000330042,0.000081351,0.000120166,0.000119496,0.000082235,0.000071237,0.000074768,0.000079657,0.000117461,0.000119971
main|astana_clinic|nc6|np25|br0.75|random_1_100|ms3|r300|s2,0.000368322,0.000160125,0.000419092,0.000083212,0.000138759,0.000145245,0.000075472,0.000069612,0.000070133,0.000086109,0.000131775,0.000140005
main|astana_clinic|nc6|np25|br0.75|random_1_100|ms3|r300|s3,0.000388189,0.000162353,0.000388411,0.000078901,0.000119462,0.000124139,0.000081365,0.000108059,0.000106859,0.000078469,0.000118595,0.000119504
main|astana_clinic|nc6|np25|br0.75|random_1_100|ms3|r300|s4,0.000695108,0.000262875,0.000661745,0.000123171,0.000212215,0.000207600,0.000125845,0.000104948,0.000123346,0.000127566,0.000167555,0.000165055
main|astana_clinic|nc6|np25|br0.75|random_1_100|ms3|r300|s5,0.000630376,0.000274166,0.000753562,0.000126687,0.000182216,0.000150332,0.000080545,0.000081758,0.000086720,0.000081160,0.000106721,0.000111434
main|astana_clinic|nc6|np25|br0.75|random_1_100|ms3|r300|s6,0.000409323,0.000176310,0.000440871,0.000083575,0.000133941,0.000133125,0.000082758,0.000075821,0.000074255,0.000095638,0.000133294,0.000135882
main|astana_clinic|nc6|np25|br0.75|random_1_100|ms3|r300|s7,0.000403572,0.000186822,0.000509054,0.000105668,0.000135988,0.000135975,0.000092697,0.000075480,0.000074737,0.000096144,0.000076822,0.000075192
main|astana_clinic|nc6|np25|br0.75|random_1_100|ms3|r300|s8,0.000419528,0.000190041,0.000441657,0.000071777,0.000120958,0.000109443,0.000074578,0.000094987,0.000089040,0.000080460,0.000122146,0.000121562
main|astana_clinic|nc6|np25|br0.75|random_1_100|ms3|r300|s9,0.000492774,0.000197528,0.000500237,0.000094671,0.000140529,0.000137461,0.000097326,0.000127588,0.000121607,0.000095786,0.000120982,0.000122411
main|astana_clinic|nc6|np25|br0.75|one_heavy|ms3|r300|s0,0.000497299,0.000201263,0.000516530,0.000101102,0.000134645,0.000140178,0.000094573,0.000084389,0.000079914,0.000089905,0.000152435,0.000131363
main|astana_clinic|nc6|np25|br0.75|one_heavy|ms3|r300|s1,0.000498801,0.000137846,0.000365104,0.000089062,0.000154551,0.000134397,0.000088825,0.000086057,0.000076508,0.000092485,0.000142279,0.000128298
main|astana_clinic|nc6|np25|br0.75|one_heavy|ms3|r300|s2,0.000430386,0.000182314,0.000614694,0.000096559,0.000171603,0.000143251,0.000085807,0.000091700,0.000072945,0.000092158,0.000191805,0.000198146
main|astana_clinic|nc6|np25|br0.75|one_heavy|ms3|r300|s3,0.000393407,0.000191185,0.000595143,0.000124020,0.000246242,0.000205242,0.000137825,0.000135956,0.000167215,0.000125564,0.000167794,0.000174148
main|astana_clinic|nc6|np25|br0.75|one_heavy|ms3|r300|s4,0.000679000,0.000220452,0.000632402,0.000122897,0.000205077,0.000262269,0.000117904,0.000109005,0.000082597,0.000090364,0.000132858,0.000118505
main|astana_clinic|nc6|np25|br0.75|one_heavy|ms3|r300|s5,0.000429960,0.000210019,0.000488930,0.000086438,0.000126111,0.000124768,0.000081582,0.000077177,0.000078485,0.000087366,0.000108559,0.000107997
main|astana_clinic|nc6|np25|br0.75|one_heavy|ms3|r300|s6,0.000405002,0.000167605,0.000448963,0.000080651,0.000148511,0.000135754,0.000079345,0.000075984,0.000074589,0.000091232,0.000138937,0.000139322
main|astana_clinic|nc6|np25|br0.75|one_heavy|ms3|r300|s7,0.000390651,0.000185134,0.000474706,0.000091511,0.000136443,0.000127923,0.000089417,0.000074062,0.000076175,0.000090009,0.000076512,0.000077317
main|astana_clinic|nc6|np25|br0.75|one_heavy|ms3|r300|s8,0.000400967,0.000165572,0.000414112,0.000068864,0.000119956,0.000108990,0.000071246,0.000076098,0.000077378,0.000068770,0.000106279,0.000110136
main|astana_clinic|nc6|np25|br0.75|one_heavy|ms3|r300|s9,0.000390410,0.000165728,0.000441824,0.000081807,0.000126087,0.000121165,0.000082099,0.000109583,0.000106467,0.000085071,0.000107196,0.000109928
main|astana_clinic|nc6|np25|br1.0|uniform|ms3|r300|s0,0.000394005,0.000221343,0.000559917,0.000090508,0.000147227,0.000148612,0.000092582,0.000082763,0.000079049,0.000092286,0.000110872,0.000106364
main|astana_clinic|nc6|np25|br1.0|uniform|ms3|r300|s1,0.000394661,0.000226267,0.000529248,0.000095292,0.000139319,0.000130923,0.000090598,0.000075002,0.000076026,0.000098286,0.000136111,0.000134855
main|astana_clinic|nc6|np25|br1.0|uniform|ms3|r300|s2,0.000384058,0.000219203,0.000605202,0.000094705,0.000148943,0.000159625,0.000099190,0.000072932,0.000073919,0.000090345,0.000143900,0.000143579
main|astana_clinic|nc6|np25|br1.0|uniform|ms3|r300|s3,0.000388767,0.000230060,0.000591132,0.000091142,0.000139210,0.000145860,0.000090534,0.000108337,0.000109065,0.000095729,0.000138019,0.000131198
main|astana_clinic|nc6|np25|br1.0|uniform|ms3|r300|s4,0.000385522,0.000216186,0.000600692,0.000097155,0.000152827,0.000149210,0.000094694,0.000079551,0.000075399,0.000091566,0.000113253,0.000108991
main|astana_clinic|nc6|np25|br1.0|uniform|ms3|r300|s5,0.000405795,0.000221107,0.000588080,0.000097279,0.000146660,0.000141282,0.000094460,0.000077482,0.000078109,0.000092708,0.000109949,0.000107817
main|astana_clinic|nc6|np25|br1.0|uniform|ms3|r300|s6,0.000394571,0.000223414,0.000585112,0.000095988,0.000148575,0.000141260,0.000099645,0.000076218,0.000079118,0.000099545,0.000152558,0.000141461
main|astana_clinic|nc6|np25|br1.0|uniform|ms3|r300|s7,0.000390625,0.000227497,0.000596915,0.000091976,0.000133280,0.000136278,0.000093283,0.000077208,0.000080513,0.000094254,0.000075753,0.000075393
main|astana_clinic|nc6|np25|br1.0|uniform|ms3|r300|s8,0.000385568,0.000222503,0.000588301,0.000094223,0.000135286,0.000136112,0.000094518,0.000086934,0.000075661,0.000096177,0.000109133,0.000106564
main|astana_clinic|nc6|np25|br1.0|uniform|ms3|r300|s9,0.000414537,0.000219864,0.000629923,0.000099981,0.000133508,0.000133956,0.000097256,0.000111520,0.000105287,0.000099147,0.000109488,0.000110950
main|astana_clinic|nc6|np25|br1.0|random_1_100|ms3|r300|s0,0.000390755,0.000222292,0.000574483,0.000090539,0.000150672,0.000148042,0.000093071,0.000078121,0.000079730,0.000088965,0.000105750,0.000104159
main|astana_clinic|nc6|np25|br1.0|random_1_100|ms3|r300|s1,0.000389740,0.000223314,0.000533380,0.000090461,0.000132226,0.000131329,0.000092061,0.000077209,0.000075330,0.000095101,0.000128938,0.000138793
main|astana_clinic|nc6|np25|br1.0|random_1_100|ms3|r300|s2,0.000394867,0.000222905,0.000577702,0.000091337,0.000149546,0.000149753,0.000089756,0.000076971,0.000081781,0.000092528,0.000142445,0.000143741
main|astana_clinic|nc6|np25|br1.0|random_1_100|ms3|r300|s3,0.000383529,0.000233070,0.000679239,0.000117243,0.000178742,0.000183630,0.000133071,0.000105527,0.000102814,0.000085734,0.000126509,0.000129511
main|astana_clinic|nc6|np25|br1.0|random_1_100|ms3|r300|s4,0.000411072,0.000240694,0.000541658,0.000104281,0.000149624,0.000142841,0.000095863,0.000072956,0.000072589,0.000089352,0.000105041,0.000109065
main|astana_clinic|nc6|np25|br1.0|random_1_100|ms3|r300|s5,0.000390025,0.000219405,0.000598795,0.000091137,0.000139703,0.000138005,0.000096381,0.000079999,0.000078515,0.000091244,0.000123627,0.000106040
main|astana_clinic|nc6|np25|br1.0|random_1_100|ms3|r300|s6,0.000371950,0.000233992,0.000556464,0.000086169,0.000147337,0.000139051,0.000091344,0.000072423,0.000075156,0.000090388,0.000138007,0.000133446
main|astana_clinic|nc6|np25|br1.0|random_1_100|ms3|r300|s7,0.000417363,0.000218487,0.000599171,0.000105089,0.000132924,0.000127055,0.000090308,0.000080896,0.000075864,0.000096232,0.000073491,0.000073488
main|astana_clinic|nc6|np25|br1.0|random_1_100|ms3|r300|s8,0.000382596,0.000206874,0.000518577,0.000085927,0.000125819,0.000122288,0.000086687,0.000073224,0.000072044,0.000086134,0.000101811,0.000099004
main|astana_clinic|nc6|np25|br1.0|random_1_100|ms3|r300|s9,0.000360066,0.000221218,0.000567892,0.000087084,0.000126969,0.000125301,0.000085734,0.000103055,0.000105530,0.000088862,0.000102657,0.000111327
main|astana_clinic|nc6|np25|br1.0|one_heavy|ms3|r300|s0,0.000364931,0.000228664,0.000535088,0.000087744,0.000137054,0.000138715,0.000087402,0.000074910,0.000072313,0.000088803,0.000098232,0.000102966
main|astana_clinic|nc6|np25|br1.0|one_heavy|ms3|r300|s1,0.000381448,0.000205792,0.000525228,0.000086105,0.000122462,0.000129680,0.000087326,0.000070632,0.000071554,0.000090346,0.000125802,0.000125874
main|astana_clinic|nc6|np25|br1.0|one_heavy|ms3|r300|s2,0.000391363,0.000213201,0.000521497,0.000088370,0.000158126,0.000135441,0.000084343,0.000071142,0.000070743,0.000087859,0.000135067,0.000135553
main|astana_clinic|nc6|np25|br1.0|one_heavy|ms3|r300|s3,0.000363348,0.000198169,0.000550514,0.000087250,0.000131622,0.000133010,0.000083562,0.000099721,0.000104444,0.000087874,0.000150361,0.000136637
main|astana_clinic|nc6|np25|br1.0|one_heavy|ms3|r300|s4,0.000372363,0.000205474,0.000529495,0.000098837,0.000156029,0.000140209,0.000094260,0.000074189,0.000069200,0.000095665,0.000111681,0.000099914
main|astana_clinic|nc6|np25|br1.0|one_heavy|ms3|r300|s5,0.000381099,0.000201909,0.000539695,0.000088564,0.000134218,0.000130740,0.000088958,0.000075238,0.000073582,0.000091124,0.000100158,0.000102124
main|astana_clinic|nc6|np25|br1.0|one_heavy|ms3|r300|s6,0.000367235,0.000202356,0.000559027,0.000085500,0.000132670,0.000133728,0.000087042,0.000072557,0.000069480,0.000088531,0.000132365,0.000125908
main|astana_clinic|nc6|np25|br1.0|one_heavy|ms3|r300|s7,0.000374559,0.000198664,0.000557189,0.000086815,0.000135122,0.000130756,0.000089554,0.000072504,0.000073251,0.000085779,0.000073906,0.000070769
main|astana_clinic|nc6|np25|br1.0|one_heavy|ms3|r300|s8,0.000365202,0.000220646,0.000547416,0.000087931,0.000134352,0.000127968,0.000092637,0.000079086,0.000082732,0.000094911,0.000109336,0.000109833
main|astana_clinic|nc6|np25|br1.0|one_heavy|ms3|r300|s9,0.000419636,0.000218261,0.000663610,0.000115655,0.000188018,0.000181567,0.000084739,0.000105677,0.000147966,0.000090085,0.000103763,0.000111723
main|astana_clinic|nc10|np5|br0.25|uniform|ms3|r300|s0,0.000095439,0.000164454,0.000513059,0.000046047,0.000075916,0.000073325,0.000041618,0.000075377,0.000072740,0.000045939,0.000072589,0.000069770
main|astana_clinic|nc10|np5|br0.25|uniform|ms3|r300|s1,0.000098473,0.000088849,0.000365545,0.000019917,0.000037984,0.000035268,0.000018964,0.000035678,0.000034148,0.000018655,0.000033391,0.000042022
main|astana_clinic|nc10|np5|br0.25|uniform|ms3|r300|s2,0.000125785,0.000110126,0.000449709,0.000027562,0.000064068,0.000095570,0.000028622,0.000055449,0.000054133,0.000029667,0.000049545,0.000046240
main|astana_clinic|nc10|np5|br0.25|uniform|ms3|r300|s3,0.000112784,0.000105666,0.000382866,0.000032652,0.000048499,0.000049825,0.000028788,0.000050231,0.000048918,0.000028297,0.000050758,0.000045945
main|astana_clinic|nc10|np5|br0.25|uniform|ms3|r300|s4,0.000090833,0.000132310,0.000435095,0.000029849,0.000051199,0.000050368,0.000026264,0.000046034,0.000045757,0.000025414,0.000049481,0.000048415
main|astana_clinic|nc10|np5|br0.25|uniform|ms3|r300|s5,0.000091864,0.000094322,0.000344445,0.000016379,0.000026128,0.000025075,0.000015565,0.000025998,0.000027704,0.000014880,0.000026511,0.000026640
main|astana_clinic|nc10|np5|br0.25|uniform|ms3|r300|s6,0.000095735,0.000115284,0.000406591,0.000027775,0.000044038,0.000042553,0.000025960,0.000039488,0.000036821,0.000026014,0.000036518,0.000036268
main|astana_clinic|nc10|np5|br0.25|uniform|ms3|r300|s7,0.000092167,0.000126193,0.000418775,0.000042143,0.000076602,0.000067512,0.000043367,0.000049986,0.000049901,0.000042856,0.000050984,0.000045324
main|astana_clinic|nc10|np5|br0.25|uniform|ms3|r300|s8,0.000089676,0.000164507,0.000492637,0.000054583,0.000068692,0.000062794,0.000040459,0.000047960,0.000047028,0.000045799,0.000068183,0.000064414
main|astana_clinic|nc10|np5|br0.25|uniform|ms3|r300|s9,0.000090442,0.000101493,0.000363620,0.000024815,0.000042348,0.000043663,0.000027269,0.000047156,0.000042652,0.000024297,0.000042233,0.000042043
main|astana_clinic|nc10|np5|br0.25|random_1_100|ms3|r300|s0,0.000097469,0.000153174,0.000532626,0.000041790,0.000075774,0.000074968,0.000046504,0.000079224,0.000070821,0.000044533,0.000071563,0.000070901
main|astana_clinic|nc10|np5|br0.25|random_1_100|ms3|r300|s1,0.000093053,0.000088887,0.000354231,0.000020532,0.000039247,0.000037357,0.000020785,0.000036528,0.000037679,0.000018731,0.000036798,0.000036213
main|astana_clinic|nc10|np5|br0.25|random_1_100|ms3|r300|s2,0.000093135,0.000110794,0.000397357,0.000026946,0.000054988,0.000052632,0.000026542,0.000054323,0.000054461,0.000027628,0.000047739,0.000045995
main|astana_clinic|nc10|np5|br0.25|random_1_100|ms3|r300|s3,0.000089926,0.000108469,0.000375152,0.000030481,0.000048589,0.000049581,0.000029637,0.000050686,0.000047358,0.000028720,0.000048491,0.000046933
main|astana_clinic|nc10|np5|br0.25|random_1_100|ms3|r300|s4,0.000095512,0.000128037,0.000426418,0.000030019,0.000048735,0.000047607,0.000025956,0.000047966,0.000047425,0.000025687,0.000049026,0.000048517
main|astana_clinic|nc10|np5|br0.25|random_1_100|ms3|r300|s5,0.000095487,0.000095411,0.000338610,0.000015715,0.000025598,0.000028501,0.000014763,0.000027225,0.000027893,0.000015108,0.000027471,0.000024964
main|astana_clinic|nc10|np5|br0.25|random_1_100|ms3|r300|s6,0.000090677,0.000117221,0.000396335,0.000027173,0.000043488,0.000044998,0.000027948,0.000037735,0.000037133,0.000027009,0.000036310,0.000036730
main|astana_clinic|nc10|np5|br0.25|random_1_100|ms3|r300|s7,0.000091136,0.000126652,0.000415252,0.000042582,0.000068740,0.000069372,0.000041587,0.000047772,0.000047505,0.000043011,0.000048386,0.000047248
main|astana_clinic|nc10|np5|br0.25|random_1_100|ms3|r300|s8,0.000091329,0.000165080,0.000498635,0.000045234,0.000066376,0.000063958,0.000041367,0.000047831,0.000049426,0.000044840,0.000065725,0.000066993
main|astana_clinic|nc10|np5|br0.25|random_1_100|ms3|r300|s9,0.000092320,0.000100551,0.000356039,0.000024603,0.000044097,0.000044641,0.000021674,0.000042354,0.000041297,0.000023057,0.000044047,0.000041999
main|astana_clinic|nc10|np5|br0.25|one_heavy|ms3|r300|s0,0.000091201,0.000156841,0.000534299,0.000048584,0.000079305,0.000072929,0.000047282,0.000076153,0.000074120,0.000046516,0.000072666,0.000068521
main|astana_clinic|nc10|np5|br0.25|one_heavy|ms3|r300|s1,0.000091121,0.000087250,0.000385583,0.000020364,0.000038907,0.000045982,0.000018698,0.000038073,0.000036474,0.000019196,0.000051136,0.000070063
main|astana_clinic|nc10|np5|br0.25|one_heavy|ms3|r300|s2,0.000178140,0.000156653,0.000386521,0.000028358,0.000053669,0.000054113,0.000027739,0.000053246,0.000049270,0.000028689,0.000046272,0.000046275
main|astana_clinic|nc10|np5|br0.25|one_heavy|ms3|r300|s3,0.000093775,0.000110668,0.000428991,0.000034130,0.000166571,0.000049937,0.000031304,0.000047759,0.000048303,0.000028659,0.000046456,0.000049558
main|astana_clinic|nc10|np5|br0.25|one_heavy|ms3|r300|s4,0.000091522,0.000143364,0.000482723,0.000027689,0.000049823,0.000051241,0.000026644,0.000054469,0.000051846,0.000028810,0.000050260,0.000053726
main|astana_clinic|nc10|np5|br0.25|one_heavy|ms3|r300|s5,0.000099269,0.000095317,0.000365185,0.000035058,0.000034078,0.000028025,0.000018717,0.000028207,0.000027731,0.000016018,0.000027348,0.000026778
main|astana_clinic|nc10|np5|br0.25|one_heavy|ms3|r300|s6,0.000163955,0.000177851,0.000419224,0.000027727,0.000046208,0.000044855,0.000027545,0.000041687,0.000039361,0.000032658,0.000036441,0.000037679
main|astana_clinic|nc10|np5|br0.25|one_heavy|ms3|r300|s7,0.000098259,0.000136344,0.000448811,0.000047402,0.000076483,0.000070379,0.000042472,0.000053753,0.000050867,0.000045820,0.000053842,0.000098316
main|astana_clinic|nc10|np5|br0.25|one_heavy|ms3|r300|s8,0.000098376,0.000175131,0.000592420,0.000044911,0.000069042,0.000070791,0.000048514,0.000049815,0.000047370,0.000043717,0.000070627,0.000075863
main|astana_clinic|nc10|np5|br0.25|one_heavy|ms3|r300|s9,0.000107868,0.000105558,0.000441186,0.000027118,0.000046578,0.000045129,0.000024995,0.000047243,0.000045346,0.000025681,0.000046688,0.000044301
main|astana_clinic|nc10|np5|br0.5|uniform|ms3|r300|s0,0.000100942,0.000448306,0.001288896,0.000165858,0.000205015,0.000127075,0.000088129,0.000129246,0.000128391,0.000087761,0.000102067,0.000102731
main|astana_clinic|nc10|np5|br0.5|uniform|ms3|r300|s1,0.000096121,0.000210591,0.000712173,0.000067007,0.000110779,0.000100596,0.000082219,0.000099890,0.000112302,0.000066927,0.000101281,0.000104362
main|astana_clinic|nc10|np5|br0.5|uniform|ms3|r300|s2,0.000097458,0.000321558,0.000949437,0.000081868,0.000120345,0.000121965,0.000083641,0.000100010,0.000097659,0.000087328,0.000069495,0.000067320
main|astana_clinic|nc10|np5|br0.5|uniform|ms3|r300|s3,0.000098959,0.000270988,0.000805410,0.000072999,0.000109577,0.000101498,0.000065197,0.000106425,0.000139043,0.000084710,0.000142449,0.000137851
main|astana_clinic|nc10|np5|br0.5|uniform|ms3|r300|s4,0.000132946,0.000531445,0.001391499,0.000049356,0.000092464,0.000100941,0.000048125,0.000092696,0.000097093,0.000048758,0.000097678,0.000095683
main|astana_clinic|nc10|np5|br0.5|uniform|ms3|r300|s5,0.000144601,0.000229800,0.000686389,0.000062160,0.000098186,0.000079678,0.000047047,0.000080099,0.000077786,0.000046966,0.000074595,0.000071664
main|astana_clinic|nc10|np5|br0.5|uniform|ms3|r300|s6,0.000096458,0.000341901,0.000890246,0.000072452,0.000110408,0.000109115,0.000069980,0.000068080,0.000067248,0.000071866,0.000066360,0.000067675
main|astana_clinic|nc10|np5|br0.5|uniform|ms3|r300|s7,0.000097875,0.000367340,0.000997829,0.000087816,0.000127233,0.000121150,0.000091944,0.000067907,0.000073421,0.000090195,0.000072079,0.000069437
main|astana_clinic|nc10|np5|br0.5|uniform|ms3|r300|s8,0.000095429,0.000434827,0.001218021,0.000062437,0.000093541,0.000097155,0.000067143,0.000071615,0.000071870,0.000062336,0.000094866,0.000114341
main|astana_clinic|nc10|np5|br0.5|uniform|ms3|r300|s9,0.000100436,0.000242601,0.000701674,0.000038450,0.000071470,0.000065839,0.000037543,0.000068971,0.000068170,0.000036253,0.000066677,0.000070000
main|astana_clinic|nc10|np5|br0.5|random_1_100|ms3|r300|s0,0.000096783,0.000457063,0.001139854,0.000085547,0.000127551,0.000130507,0.000086890,0.000124543,0.000116520,0.000085878,0.000102737,0.000105842
main|astana_clinic|nc10|np5|br0.5|random_1_100|ms3|r300|s1,0.000097215,0.000213628,0.000592822,0.000065512,0.000102406,0.000097752,0.000064630,0.000098748,0.000095356,0.000063706,0.000097694,0.000095045
main|astana_clinic|nc10|np5|br0.5|random_1_100|ms3|r300|s2,0.000097854,0.000345727,0.000916604,0.000082269,0.000115772,0.000122885,0.000078743,0.000103647,0.000095200,0.000081254,0.000066225,0.000065335
main|astana_clinic|nc10|np5|br0.5|random_1_100|ms3|r300|s3,0.000101777,0.000273564,0.000741665,0.000064765,0.000108829,0.000108174,0.000062040,0.000110575,0.000105072,0.000064826,0.000105860,0.000103531
main|astana_clinic|nc10|np5|br0.5|random_1_100|ms3|r300|s4,0.000097592,0.000376064,0.000994936,0.000040061,0.000071609,0.000067326,0.000040421,0.000069077,0.000066347,0.000039460,0.000069926,0.000071690
main|astana_clinic|nc10|np5|br0.5|random_1_100|ms3|r300|s5,0.000097242,0.000234954,0.000619156,0.000046519,0.000083491,0.000077263,0.000043620,0.000079990,0.000076643,0.000044652,0.000072466,0.000069519
main|astana_clinic|nc10|np5|br0.5|random_1_100|ms3|r300|s6,0.000101794,0.000325789,0.000870781,0.000072362,0.000104926,0.000107169,0.000072841,0.000068295,0.000067398,0.000070912,0.000067695,0.000068506
main|astana_clinic|nc10|np5|br0.5|random_1_100|ms3|r300|s7,0.000097161,0.000360904,0.000995552,0.000092101,0.000124508,0.000119689,0.000084747,0.000070004,0.000069386,0.000090218,0.000066726,0.000066418
main|astana_clinic|nc10|np5|br0.5|random_1_100|ms3|r300|s8,0.000098967,0.000436846,0.001185748,0.000063060,0.000092843,0.000095244,0.000061594,0.000076520,0.000069084,0.000064408,0.000103054,0.000095126
main|astana_clinic|nc10|np5|br0.5|random_1_100|ms3|r300|s9,0.000094951,0.000241563,0.000760173,0.000035276,0.000075406,0.000064288,0.000036592,0.000072097,0.000072642,0.000039695,0.000069683,0.000069914
main|astana_clinic|nc10|np5|br0.5|one_heavy|ms3|r300|s0,0.000096514,0.000441019,0.001175083,0.000083777,0.000126485,0.000120537,0.000085529,0.000123144,0.000121899,0.000089770,0.000103920,0.000099380
main|astana_clinic|nc10|np5|br0.5|one_heavy|ms3|r300|s1,0.000104495,0.000201240,0.000609437,0.000063968,0.000102446,0.000096470,0.000061773,0.000106152,0.000107132,0.000067862,0.000102633,0.000097611
main|astana_clinic|nc10|np5|br0.5|one_heavy|ms3|r300|s2,0.000095804,0.000318606,0.000892504,0.000081033,0.000120310,0.000139612,0.000082536,0.000099014,0.000097504,0.000088555,0.000066752,0.000072018
main|astana_clinic|nc10|np5|br0.5|one_heavy|ms3|r300|s3,0.000106657,0.000265741,0.000774557,0.000063930,0.000107816,0.000100814,0.000061940,0.000107478,0.000103765,0.000068526,0.000098307,0.000117232
main|astana_clinic|nc10|np5|br0.5|one_heavy|ms3|r300|s4,0.000097188,0.000379930,0.001007872,0.000036073,0.000069662,0.000068786,0.000037317,0.000072168,0.000066081,0.000036824,0.000068491,0.000070168
main|astana_clinic|nc10|np5|br0.5|one_heavy|ms3|r300|s5,0.000097205,0.000228486,0.000677138,0.000043940,0.000080235,0.000078616,0.000047435,0.000081136,0.000082959,0.000044872,0.000073972,0.000070597
main|astana_clinic|nc10|np5|br0.5|one_heavy|ms3|r300|s6,0.000097291,0.000328944,0.000905928,0.000070697,0.000106876,0.000109291,0.000073528,0.000072684,0.000068167,0.000072357,0.000076709,0.000070696
main|astana_clinic|nc10|np5|br0.5|one_heavy|ms3|r300|s7,0.000100673,0.000397469,0.001040762,0.000089101,0.000132912,0.000134827,0.000092529,0.000072081,0.000071024,0.000089187,0.000068918,0.000065890
main|astana_clinic|nc10|np5|br0.5|one_heavy|ms3|r300|s8,0.000095885,0.000440455,0.001188888,0.000077654,0.000117023,0.000096575,0.000063704,0.000068252,0.000072255,0.000061418,0.000099072,0.000100686
main|astana_clinic|nc10|np5|br0.5|one_heavy|ms3|r300|s9,0.000095051,0.000256885,0.000700687,0.000035069,0.000063827,0.000072757,0.000033428,0.000067077,0.000068007,0.000037579,0.000070673,0.000080157
main|astana_clinic|nc10|np5|br0.75|uniform|ms3|r300|s0,0.000095990,0.000643262,0.001754909,0.000093237,0.000145529,0.000126486,0.000093357,0.000135238,0.000132025,0.000100525,0.000097866,0.000101388
main|astana_clinic|nc10|np5|br0.75|uniform|ms3|r300|s1,0.000106313,0.000544875,0.001317065,0.000065923,0.000103346,0.000100753,0.000073741,0.000102543,0.000103412,0.000067687,0.000105652,0.000098286
main|astana_clinic|nc10|np5|br0.75|uniform|ms3|r300|s2,0.000101888,0.000676772,0.001628819,0.000093346,0.000136651,0.000135065,0.000093229,0.000103019,0.000101814,0.000096840,0.000068183,0.000071100
main|astana_clinic|nc10|np5|br0.75|uniform|ms3|r300|s3,0.000099204,0.000585035,0.001343722,0.000060180,0.000097019,0.000093451,0.000058421,0.000097200,0.000097960,0.000063064,0.000095729,0.000092954
main|astana_clinic|nc10|np5|br0.75|uniform|ms3|r300|s4,0.000089338,0.000553117,0.001501173,0.000034600,0.000063811,0.000063850,0.000032356,0.000063072,0.000060869,0.000034486,0.000061068,0.000068344
main|astana_clinic|nc10|np5|br0.75|uniform|ms3|r300|s5,0.000087836,0.000433977,0.001156107,0.000058988,0.000094136,0.000094757,0.000058719,0.000099311,0.000092774,0.000060375,0.000066242,0.000064588
main|astana_clinic|nc10|np5|br0.75|uniform|ms3|r300|s6,0.000090698,0.000520785,0.001365030,0.000077371,0.000114028,0.000113743,0.000076271,0.000065994,0.000062705,0.000084202,0.000065928,0.000063378
main|astana_clinic|nc10|np5|br0.75|uniform|ms3|r300|s7,0.000087728,0.000588127,0.001513397,0.000090943,0.000124112,0.000120944,0.000086659,0.000067747,0.000063655,0.000099719,0.000070375,0.000064295
main|astana_clinic|nc10|np5|br0.75|uniform|ms3|r300|s8,0.000088602,0.000594129,0.001581374,0.000067392,0.000090159,0.000090113,0.000056110,0.000062309,0.000059027,0.000059659,0.000091231,0.000087128
main|astana_clinic|nc10|np5|br0.75|uniform|ms3|r300|s9,0.000085939,0.000469957,0.001204915,0.000034803,0.000065681,0.000066560,0.000034494,0.000065539,0.000065249,0.000034284,0.000063454,0.000062535
main|astana_clinic|nc10|np5|br0.75|random_1_100|ms3|r300|s0,0.000089497,0.000596365,0.001759829,0.000084995,0.000131004,0.000130454,0.000087084,0.000120965,0.000124655,0.000093597,0.000101774,0.000103073
main|astana_clinic|nc10|np5|br0.75|random_1_100|ms3|r300|s1,0.000093373,0.000480434,0.001316153,0.000072186,0.000098533,0.000098357,0.000064372,0.000111235,0.000099163,0.000065701,0.000101116,0.000103892
main|astana_clinic|nc10|np5|br0.75|random_1_100|ms3|r300|s2,0.000097440,0.000594547,0.001520309,0.000089997,0.000126423,0.000124829,0.000092173,0.000093516,0.000089219,0.000086375,0.000069489,0.000066998
main|astana_clinic|nc10|np5|br0.75|random_1_100|ms3|r300|s3,0.000093005,0.000605653,0.001394598,0.000066711,0.000107201,0.000104438,0.000068912,0.000114477,0.000102517,0.000069834,0.000103984,0.000100610
main|astana_clinic|nc10|np5|br0.75|random_1_100|ms3|r300|s4,0.000093353,0.000618908,0.001584183,0.000036341,0.000066960,0.000064161,0.000035521,0.000070159,0.000065354,0.000034155,0.000070020,0.000066352
main|astana_clinic|nc10|np5|br0.75|random_1_100|ms3|r300|s5,0.000131097,0.000640142,0.001602169,0.000066023,0.000094798,0.000089033,0.000062898,0.000095456,0.000094029,0.000073346,0.000066805,0.000067447
main|astana_clinic|nc10|np5|br0.75|random_1_100|ms3|r300|s6,0.000095020,0.000561426,0.001410791,0.000088273,0.000120377,0.000112079,0.000083610,0.000068605,0.000064357,0.000082415,0.000065599,0.000065630
main|astana_clinic|nc10|np5|br0.75|random_1_100|ms3|r300|s7,0.000091373,0.000582316,0.001547499,0.000085920,0.000132847,0.000126490,0.000087145,0.000065065,0.000068870,0.000092795,0.000065265,0.000064434
main|astana_clinic|nc10|np5|br0.75|random_1_100|ms3|r300|s8,0.000094992,0.000639751,0.001689261,0.000061369,0.000093680,0.000094294,0.000059350,0.000064032,0.000062196,0.000066553,0.000095019,0.000092986
main|astana_clinic|nc10|np5|br0.75|random_1_100|ms3|r300|s9,0.000096205,0.000532529,0.001334304,0.000037778,0.000068131,0.000065457,0.000035662,0.000065966,0.000065027,0.000034764,0.000065586,0.000064060
main|astana_clinic|nc10|np5|br0.75|one_heavy|ms3|r300|s0,0.000091934,0.000597390,0.001659524,0.000084358,0.000134171,0.000131780,0.000092904,0.000127141,0.000122642,0.000088582,0.000101228,0.000098200
main|astana_clinic|nc10|np5|br0.75|one_heavy|ms3|r300|s1,0.000098581,0.000521503,0.001257853,0.000064859,0.000101757,0.000098779,0.000066851,0.000100594,0.000097697,0.000064830,0.000101326,0.000096688
main|astana_clinic|nc10|np5|br0.75|one_heavy|ms3|r300|s2,0.000091345,0.000640136,0.001520841,0.000100229,0.000136102,0.000126112,0.000083517,0.000103131,0.000091350,0.000092180,0.000071602,0.000064917
main|astana_clinic|nc10|np5|br0.75|one_heavy|ms3|r300|s3,0.000089814,0.000519471,0.001337658,0.000063059,0.000103124,0.000099881,0.000065526,0.000109488,0.000099284,0.000063650,0.000098523,0.000096485
main|astana_clinic|nc10|np5|br0.75|one_heavy|ms3|r300|s4,0.000093716,0.000649295,0.001523413,0.000036019,0.000065641,0.000063111,0.000037443,0.000065228,0.000066488,0.000035474,0.000071123,0.000065505
main|astana_clinic|nc10|np5|br0.75|one_heavy|ms3|r300|s5,0.000091089,0.000446033,0.001247263,0.000067535,0.000095078,0.000095332,0.000061991,0.000101767,0.000094422,0.000063444,0.000067713,0.000065462
main|astana_clinic|nc10|np5|br0.75|one_heavy|ms3|r300|s6,0.000091711,0.000571804,0.001385863,0.000083362,0.000116788,0.000116243,0.000080221,0.000063284,0.000063603,0.000083995,0.000062873,0.000065705
main|astana_clinic|nc10|np5|br0.75|one_heavy|ms3|r300|s7,0.000096201,0.000619786,0.001571947,0.000093849,0.000130131,0.000125887,0.000091408,0.000063448,0.000064032,0.000088420,0.000067517,0.000066392
main|astana_clinic|nc10|np5|br0.75|one_heavy|ms3|r300|s8,0.000091801,0.000593739,0.001632693,0.000065888,0.000092358,0.000089610,0.000059996,0.000062330,0.000062811,0.000063046,0.000092282,0.000090413
main|astana_clinic|nc10|np5|br0.75|one_heavy|ms3|r300|s9,0.000096231,0.000497370,0.001297428,0.000035823,0.000065599,0.000065300,0.000038373,0.000065795,0.000067798,0.000035503,0.000066648,0.000063910
main|astana_clinic|nc10|np5|br1.0|uniform|ms3|r300|s0,0.000092283,0.000644783,0.001899769,0.000100855,0.000139682,0.000124424,0.000088251,0.000134573,0.000126310,0.000093553,0.000098432,0.000096377
main|astana_clinic|nc10|np5|br1.0|uniform|ms3|r300|s1,0.000092014,0.000716132,0.001666083,0.000078241,0.000103230,0.000095843,0.000065170,0.000102065,0.000100869,0.000065689,0.000095211,0.000096692
main|astana_clinic|nc10|np5|br1.0|uniform|ms3|r300|s2,0.000090503,0.000681245,0.002161078,0.000099233,0.000177047,0.000131650,0.000094016,0.000116650,0.000131590,0.000088989,0.000065478,0.000073024
main|astana_clinic|nc10|np5|br1.0|uniform|ms3|r300|s3,0.000142567,0.000763585,0.002009571,0.000095431,0.000107304,0.000106020,0.000074319,0.000137779,0.000105333,0.000071397,0.000109100,0.000096258
main|astana_clinic|nc10|np5|br1.0|uniform|ms3|r300|s4,0.000101767,0.000712480,0.002137460,0.000049709,0.000064100,0.000063566,0.000036098,0.000066568,0.000092839,0.000042586,0.000077597,0.000065208
main|astana_clinic|nc10|np5|br1.0|uniform|ms3|r300|s5,0.000137157,0.000793239,0.002092910,0.000073918,0.000104750,0.000094965,0.000082192,0.000133238,0.000096146,0.000069137,0.000077438,0.000074191
main|astana_clinic|nc10|np5|br1.0|uniform|ms3|r300|s6,0.000099434,0.000754051,0.002338244,0.000124953,0.000141311,0.000133452,0.000125448,0.000097590,0.000079763,0.000115521,0.000079911,0.000098186
main|astana_clinic|nc10|np5|br1.0|uniform|ms3|r300|s7,0.000127967,0.000929726,0.001900440,0.000117891,0.000134461,0.000124457,0.000088677,0.000069780,0.000066093,0.000088095,0.000065526,0.000064049
main|astana_clinic|nc10|np5|br1.0|uniform|ms3|r300|s8,0.000098767,0.000706206,0.001889673,0.000061228,0.000096413,0.000098081,0.000064472,0.000067275,0.000065726,0.000064432,0.000097195,0.000092230
main|astana_clinic|nc10|np5|br1.0|uniform|ms3|r300|s9,0.000095559,0.000652187,0.001704923,0.000051005,0.000090327,0.000080644,0.000033834,0.000069359,0.000061901,0.000053294,0.000078803,0.000091228
main|astana_clinic|nc10|np5|br1.0|random_1_100|ms3|r300|s0,0.000095081,0.000761145,0.002266486,0.000092289,0.000126995,0.000137814,0.000091065,0.000131062,0.000124169,0.000092231,0.000103295,0.000105145
main|astana_clinic|nc10|np5|br1.0|random_1_100|ms3|r300|s1,0.000092277,0.000727631,0.001762081,0.000064898,0.000109305,0.000100176,0.000062769,0.000110469,0.000105029,0.000064596,0.000107266,0.000093119
main|astana_clinic|nc10|np5|br1.0|random_1_100|ms3|r300|s2,0.000093695,0.000732260,0.001943338,0.000084904,0.000123040,0.000135918,0.000092584,0.000095167,0.000098853,0.000091645,0.000064279,0.000064031
main|astana_clinic|nc10|np5|br1.0|random_1_100|ms3|r300|s3,0.000094162,0.000693819,0.001820183,0.000064582,0.000100959,0.000116782,0.000077352,0.000118694,0.000113001,0.000064190,0.000094766,0.000102507
main|astana_clinic|nc10|np5|br1.0|random_1_100|ms3|r300|s4,0.000092455,0.000758326,0.002121033,0.000040816,0.000083595,0.000067392,0.000037164,0.000068764,0.000067124,0.000048532,0.000073492,0.000063491
main|astana_clinic|nc10|np5|br1.0|random_1_100|ms3|r300|s5,0.000103322,0.000709637,0.001764243,0.000063889,0.000099286,0.000098039,0.000066367,0.000107507,0.000092936,0.000068747,0.000066103,0.000066715
main|astana_clinic|nc10|np5|br1.0|random_1_100|ms3|r300|s6,0.000091976,0.000774619,0.001831119,0.000108700,0.000120098,0.000115456,0.000087131,0.000068941,0.000068186,0.000091905,0.000067565,0.000065190
main|astana_clinic|nc10|np5|br1.0|random_1_100|ms3|r300|s7,0.000099083,0.000670418,0.001929227,0.000088662,0.000137893,0.000141366,0.000087841,0.000071057,0.000065458,0.000095359,0.000068157,0.000069187
main|astana_clinic|nc10|np5|br1.0|random_1_100|ms3|r300|s8,0.000106239,0.000797497,0.002180058,0.000066092,0.000102857,0.000092269,0.000072733,0.000075951,0.000068239,0.000066196,0.000104374,0.000091780
main|astana_clinic|nc10|np5|br1.0|random_1_100|ms3|r300|s9,0.000100167,0.000688152,0.001705299,0.000032881,0.000068287,0.000062928,0.000032208,0.000064574,0.000061599,0.000037259,0.000065094,0.000064694
main|astana_clinic|nc10|np5|br1.0|one_heavy|ms3|r300|s0,0.000098288,0.000731406,0.002624770,0.000092117,0.000127815,0.000125038,0.000100224,0.000137621,0.000130129,0.000096619,0.000105193,0.000104473
main|astana_clinic|nc10|np5|br1.0|one_heavy|ms3|r300|s1,0.000092901,0.000648425,0.001640954,0.000064937,0.000100074,0.000092208,0.000065737,0.000102301,0.000099229,0.000064614,0.000096743,0.000092316
main|astana_clinic|nc10|np5|br1.0|one_heavy|ms3|r300|s2,0.000091859,0.000692743,0.001852704,0.000091691,0.000124225,0.000124075,0.000091588,0.000097155,0.000092432,0.000091719,0.000066866,0.000066434
main|astana_clinic|nc10|np5|br1.0|one_heavy|ms3|r300|s3,0.000094461,0.000689413,0.001727486,0.000061508,0.000102211,0.000101587,0.000062006,0.000098553,0.000103829,0.000065951,0.000101141,0.000096975
main|astana_clinic|nc10|np5|br1.0|one_heavy|ms3|r300|s4,0.000092363,0.000663745,0.001796967,0.000037265,0.000064611,0.000060670,0.000033750,0.000061733,0.000060527,0.000037368,0.000067126,0.000066323
main|astana_clinic|nc10|np5|br1.0|one_heavy|ms3|r300|s5,0.000096100,0.000638798,0.001698099,0.000067597,0.000097010,0.000096139,0.000061036,0.000098743,0.000095715,0.000066159,0.000069168,0.000069789
main|astana_clinic|nc10|np5|br1.0|one_heavy|ms3|r300|s6,0.000091602,0.000670877,0.001772008,0.000089642,0.000127033,0.000126841,0.000087303,0.000063023,0.000060739,0.000087641,0.000067364,0.000061878
main|astana_clinic|nc10|np5|br1.0|one_heavy|ms3|r300|s7,0.000094649,0.000651743,0.001869290,0.000094099,0.000125078,0.000118673,0.000090356,0.000073130,0.000066894,0.000099819,0.000070373,0.000065376
main|astana_clinic|nc10|np5|br1.0|one_heavy|ms3|r300|s8,0.000091221,0.000673123,0.001910102,0.000067939,0.000091752,0.000097897,0.000063314,0.000066460,0.000060129,0.000060711,0.000096436,0.000090425
main|astana_clinic|nc10|np5|br1.0|one_heavy|ms3|r300|s9,0.000108974,0.000682599,0.001734843,0.000037054,0.000068387,0.000066272,0.000034962,0.000070074,0.000065024,0.000036606,0.000067672,0.000065392
main|astana_clinic|nc10|np15|br0.25|uniform|ms3|r300|s0,0.000285913,0.000170179,0.000567252,0.000063476,0.000106621,0.000099526,0.000062502,0.000100659,0.000093005,0.000073785,0.000110155,0.000095539
main|astana_clinic|nc10|np15|br0.25|uniform|ms3|r300|s1,0.000264231,0.000092672,0.000375901,0.000030285,0.000050766,0.000051005,0.000026195,0.000046397,0.000043635,0.000025492,0.000048686,0.000049550
main|astana_clinic|nc10|np15|br0.25|uniform|ms3|r300|s2,0.000266195,0.000115480,0.000413050,0.000038269,0.000085451,0.000081685,0.000037496,0.000070080,0.000068949,0.000039503,0.000076384,0.000074402
main|astana_clinic|nc10|np15|br0.25|uniform|ms3|r300|s3,0.000259008,0.000117459,0.000393242,0.000035818,0.000065882,0.000062506,0.000029614,0.000062012,0.000064663,0.000030339,0.000056080,0.000058118
main|astana_clinic|nc10|np15|br0.25|uniform|ms3|r300|s4,0.000258077,0.000148364,0.000461779,0.000045727,0.000093120,0.000094318,0.000046700,0.000069429,0.000065369,0.000045310,0.000077646,0.000081880
main|astana_clinic|nc10|np15|br0.25|uniform|ms3|r300|s5,0.000261240,0.000099240,0.000386043,0.000025480,0.000048697,0.000044150,0.000026121,0.000034162,0.000034521,0.000025884,0.000042191,0.000041562
main|astana_clinic|nc10|np15|br0.25|uniform|ms3|r300|s6,0.000260918,0.000129266,0.000405080,0.000033007,0.000063755,0.000062445,0.000035633,0.000051613,0.000048159,0.000036380,0.000064991,0.000061008
main|astana_clinic|nc10|np15|br0.25|uniform|ms3|r300|s7,0.000264136,0.000134575,0.000453185,0.000060116,0.000100535,0.000096946,0.000060716,0.000072376,0.000074339,0.000078948,0.000096814,0.000073401
main|astana_clinic|nc10|np15|br0.25|uniform|ms3|r300|s8,0.000256124,0.000190290,0.000596093,0.000064840,0.000097705,0.000095705,0.000065465,0.000101437,0.000094762,0.000065039,0.000101389,0.000088903
main|astana_clinic|nc10|np15|br0.25|uniform|ms3|r300|s9,0.000261123,0.000114795,0.000382596,0.000034852,0.000063937,0.000063462,0.000032719,0.000060913,0.000068114,0.000036156,0.000067663,0.000062642
main|astana_clinic|nc10|np15|br0.25|random_1_100|ms3|r300|s0,0.000270679,0.000179421,0.000550577,0.000058305,0.000103699,0.000097874,0.000062559,0.000095229,0.000093731,0.000062218,0.000096079,0.000091619
main|astana_clinic|nc10|np15|br0.25|random_1_100|ms3|r300|s1,0.000264380,0.000089962,0.000344959,0.000026553,0.000046948,0.000046960,0.000024076,0.000046803,0.000046334,0.000025228,0.000051410,0.000047861
main|astana_clinic|nc10|np15|br0.25|random_1_100|ms3|r300|s2,0.000319777,0.000150652,0.000516924,0.000047265,0.000099955,0.000084828,0.000036507,0.000073062,0.000070398,0.000041434,0.000074589,0.000072140
main|astana_clinic|nc10|np15|br0.25|random_1_100|ms3|r300|s3,0.000255299,0.000140640,0.000383358,0.000028754,0.000054206,0.000051905,0.000026312,0.000064603,0.000063227,0.000028201,0.000054283,0.000054355
main|astana_clinic|nc10|np15|br0.25|random_1_100|ms3|r300|s4,0.000251200,0.000134032,0.000426902,0.000041978,0.000091006,0.000097248,0.000042628,0.000061078,0.000063627,0.000047680,0.000077834,0.000073747
main|astana_clinic|nc10|np15|br0.25|random_1_100|ms3|r300|s5,0.000241268,0.000090742,0.000337045,0.000034576,0.000044016,0.000044703,0.000024599,0.000033981,0.000033410,0.000024284,0.000041154,0.000040746
main|astana_clinic|nc10|np15|br0.25|random_1_100|ms3|r300|s6,0.000263852,0.000128556,0.000375961,0.000042673,0.000060946,0.000060947,0.000031716,0.000046952,0.000045710,0.000032018,0.000062110,0.000059570
main|astana_clinic|nc10|np15|br0.25|random_1_100|ms3|r300|s7,0.000246015,0.000128435,0.000423470,0.000049988,0.000091687,0.000086731,0.000054075,0.000059504,0.000055664,0.000048350,0.000058957,0.000061173
main|astana_clinic|nc10|np15|br0.25|random_1_100|ms3|r300|s8,0.000223415,0.000180611,0.000570061,0.000057233,0.000100514,0.000091759,0.000059734,0.000088952,0.000083828,0.000056915,0.000086495,0.000082917
main|astana_clinic|nc10|np15|br0.25|random_1_100|ms3|r300|s9,0.000242547,0.000101865,0.000365151,0.000036085,0.000064729,0.000074162,0.000032844,0.000059429,0.000059698,0.000030714,0.000066582,0.000062262
main|astana_clinic|nc10|np15|br0.25|one_heavy|ms3|r300|s0,0.000242070,0.000192038,0.000502768,0.000056579,0.000096132,0.000094360,0.000056452,0.000090925,0.000085936,0.000058234,0.000090564,0.000086453
main|astana_clinic|nc10|np15|br0.25|one_heavy|ms3|r300|s1,0.000228765,0.000080597,0.000289112,0.000022124,0.000047168,0.000042676,0.000025676,0.000039720,0.000041286,0.000021836,0.000043402,0.000042691
main|astana_clinic|nc10|np15|br0.25|one_heavy|ms3|r300|s2,0.000229253,0.000104231,0.000356156,0.000032874,0.000080226,0.000080239,0.000037096,0.000064493,0.000065484,0.000038079,0.000069685,0.000068679
main|astana_clinic|nc10|np15|br0.25|one_heavy|ms3|r300|s3,0.000232960,0.000102009,0.000343530,0.000026725,0.000058966,0.000054776,0.000025382,0.000060555,0.000056532,0.000026206,0.000049620,0.000051401
main|astana_clinic|nc10|np15|br0.25|one_heavy|ms3|r300|s4,0.000221713,0.000122065,0.000402376,0.000041847,0.000081309,0.000080456,0.000040538,0.000064355,0.000058279,0.000039424,0.000070563,0.000072926
main|astana_clinic|nc10|np15|br0.25|one_heavy|ms3|r300|s5,0.000243495,0.000090827,0.000336399,0.000025671,0.000044198,0.000041378,0.000023739,0.000033036,0.000032837,0.000027088,0.000050527,0.000039285
main|astana_clinic|nc10|np15|br0.25|one_heavy|ms3|r300|s6,0.000246511,0.000113452,0.000416019,0.000033019,0.000063358,0.000061385,0.000030683,0.000049831,0.000048910,0.000033433,0.000064965,0.000059468
main|astana_clinic|nc10|np15|br0.25|one_heavy|ms3|r300|s7,0.000257850,0.000128040,0.000467947,0.000054846,0.000096607,0.000094442,0.000058036,0.000065950,0.000066023,0.000062265,0.000066228,0.000068185
main|astana_clinic|nc10|np15|br0.25|one_heavy|ms3|r300|s8,0.000248807,0.000180223,0.000536309,0.000057695,0.000090493,0.000085083,0.000055887,0.000088895,0.000081746,0.000053286,0.000079266,0.000078191
main|astana_clinic|nc10|np15|br0.25|one_heavy|ms3|r300|s9,0.000248231,0.000105229,0.000352441,0.000032053,0.000063252,0.000060994,0.000033725,0.000061673,0.000058367,0.000032729,0.000061439,0.000061005
main|astana_clinic|nc10|np15|br0.5|uniform|ms3|r300|s0,0.000239049,0.000455097,0.001228324,0.000081634,0.000157710,0.000156980,0.000097545,0.000140501,0.000141593,0.000087819,0.000131772,0.000135141
main|astana_clinic|nc10|np15|br0.5|uniform|ms3|r300|s1,0.000244577,0.000211001,0.000600812,0.000089379,0.000144771,0.000142578,0.000088809,0.000122464,0.000118470,0.000093248,0.000143197,0.000141896
main|astana_clinic|nc10|np15|br0.5|uniform|ms3|r300|s2,0.000243521,0.000366030,0.000877462,0.000087439,0.000166678,0.000162334,0.000089517,0.000128289,0.000126818,0.000082887,0.000146149,0.000154342
main|astana_clinic|nc10|np15|br0.5|uniform|ms3|r300|s3,0.000238392,0.000260098,0.000743548,0.000077837,0.000147158,0.000131496,0.000073642,0.000123329,0.000114790,0.000076422,0.000130506,0.000119435
main|astana_clinic|nc10|np15|br0.5|uniform|ms3|r300|s4,0.000272042,0.000367979,0.000982373,0.000094511,0.000147163,0.000145896,0.000087414,0.000084806,0.000082819,0.000094323,0.000115416,0.000115737
main|astana_clinic|nc10|np15|br0.5|uniform|ms3|r300|s5,0.000243291,0.000229141,0.000703879,0.000062846,0.000117056,0.000110911,0.000063419,0.000111226,0.000104757,0.000070918,0.000121684,0.000117140
main|astana_clinic|nc10|np15|br0.5|uniform|ms3|r300|s6,0.000259309,0.000365199,0.000945892,0.000068849,0.000158987,0.000158058,0.000069586,0.000087688,0.000087801,0.000092881,0.000154751,0.000334430
main|astana_clinic|nc10|np15|br0.5|uniform|ms3|r300|s7,0.000339634,0.000446374,0.001298300,0.000078835,0.000190524,0.000186715,0.000077769,0.000126086,0.000122142,0.000074534,0.000140725,0.000117798
main|astana_clinic|nc10|np15|br0.5|uniform|ms3|r300|s8,0.000280062,0.000563259,0.001399079,0.000117788,0.000172052,0.000177513,0.000115188,0.000132367,0.000135645,0.000124633,0.000134528,0.000132809
main|astana_clinic|nc10|np15|br0.5|uniform|ms3|r300|s9,0.000291972,0.000279270,0.000816058,0.000078875,0.000136675,0.000128555,0.000080420,0.000124351,0.000126057,0.000081503,0.000126406,0.000129986
main|astana_clinic|nc10|np15|br0.5|random_1_100|ms3|r300|s0,0.000297072,0.000541874,0.001373597,0.000094900,0.000184037,0.000176245,0.000112756,0.000156020,0.000162297,0.000097981,0.000150257,0.000141314
main|astana_clinic|nc10|np15|br0.5|random_1_100|ms3|r300|s1,0.000280337,0.000242546,0.000684019,0.000091792,0.000153987,0.000151180,0.000100186,0.000133559,0.000128505,0.000088751,0.000152452,0.000151502
main|astana_clinic|nc10|np15|br0.5|random_1_100|ms3|r300|s2,0.000273345,0.000393995,0.001031585,0.000116271,0.000177370,0.000179083,0.000098859,0.000166872,0.000148774,0.000105951,0.000163772,0.000162495
main|astana_clinic|nc10|np15|br0.5|random_1_100|ms3|r300|s3,0.000265283,0.000317381,0.000870894,0.000088428,0.000155167,0.000256310,0.000089532,0.000147858,0.000142823,0.000089139,0.000151162,0.000145486
main|astana_clinic|nc10|np15|br0.5|random_1_100|ms3|r300|s4,0.000269818,0.000453971,0.001151877,0.000102103,0.000171032,0.000179860,0.000103094,0.000096525,0.000092838,0.000101474,0.000135564,0.000130498
main|astana_clinic|nc10|np15|br0.5|random_1_100|ms3|r300|s5,0.000275484,0.000261285,0.000712736,0.000069580,0.000123066,0.000126820,0.000068150,0.000122224,0.000118506,0.000069191,0.000130985,0.000137865
main|astana_clinic|nc10|np15|br0.5|random_1_100|ms3|r300|s6,0.000277591,0.000442605,0.001067197,0.000080901,0.000157730,0.000158225,0.000078966,0.000093559,0.000092550,0.000100376,0.000179590,0.000168034
main|astana_clinic|nc10|np15|br0.5|random_1_100|ms3|r300|s7,0.000279532,0.000447506,0.001152261,0.000078714,0.000133625,0.000133366,0.000074416,0.000124739,0.000115980,0.000071581,0.000120227,0.000116607
main|astana_clinic|nc10|np15|br0.5|random_1_100|ms3|r300|s8,0.000290956,0.000568506,0.001374796,0.000103061,0.000163383,0.000156728,0.000119119,0.000140739,0.000134204,0.000107998,0.000134949,0.000130531
main|astana_clinic|nc10|np15|br0.5|random_1_100|ms3|r300|s9,0.000291099,0.000313249,0.000795736,0.000075045,0.000133417,0.000126302,0.000075949,0.000128146,0.000126046,0.000077507,0.000128762,0.000125556
main|astana_clinic|nc10|np15|br0.5|one_heavy|ms3|r300|s0,0.000278565,0.000497451,0.001335879,0.000094632,0.000181099,0.000178218,0.000108052,0.000163468,0.000154613,0.000090217,0.000147068,0.000138304
main|astana_clinic|nc10|np15|br0.5|one_heavy|ms3|r300|s1,0.000278223,0.000271379,0.000686176,0.000110886,0.000160522,0.000153294,0.000102059,0.000145703,0.000136395,0.000103810,0.000167518,0.000157458
main|astana_clinic|nc10|np15|br0.5|one_heavy|ms3|r300|s2,0.000275090,0.000415567,0.000998018,0.000102018,0.000185483,0.000176127,0.000104365,0.000158935,0.000148565,0.000104807,0.000166786,0.000164358
main|astana_clinic|nc10|np15|br0.5|one_heavy|ms3|r300|s3,0.000290610,0.000334724,0.000854008,0.000087805,0.000153846,0.000163598,0.000088373,0.000153595,0.000138144,0.000092022,0.000141346,0.000147176
main|astana_clinic|nc10|np15|br0.5|one_heavy|ms3|r300|s4,0.000276915,0.000447396,0.001194502,0.000100448,0.000186337,0.000170564,0.000103618,0.000097977,0.000093098,0.000109346,0.000131457,0.000125216
main|astana_clinic|nc10|np15|br0.5|one_heavy|ms3|r300|s5,0.000271285,0.000258531,0.000695631,0.000070707,0.000126267,0.000123469,0.000066135,0.000119831,0.000118719,0.000066544,0.000131166,0.000135020
main|astana_clinic|nc10|np15|br0.5|one_heavy|ms3|r300|s6,0.000282422,0.000404226,0.001027504,0.000071679,0.000174384,0.000168590,0.000076847,0.000098213,0.000092263,0.000105311,0.000173554,0.000170244
main|astana_clinic|nc10|np15|br0.5|one_heavy|ms3|r300|s7,0.000282593,0.000445800,0.001175031,0.000095103,0.000201468,0.000188872,0.000071485,0.000123920,0.000116520,0.000074589,0.000126058,0.000119692
main|astana_clinic|nc10|np15|br0.5|one_heavy|ms3|r300|s8,0.000274965,0.000545168,0.001375777,0.000114821,0.000168980,0.000173503,0.000117818,0.000138189,0.000135806,0.000118799,0.000134062,0.000136744
main|astana_clinic|nc10|np15|br0.5|one_heavy|ms3|r300|s9,0.000285622,0.000278687,0.000793150,0.000085310,0.000141697,0.000134473,0.000081035,0.000138748,0.000127889,0.000081144,0.000134362,0.000128323
main|astana_clinic|nc10|np15|br0.75|uniform|ms3|r300|s0,0.000281423,0.000808240,0.002077550,0.000131882,0.000197375,0.000192345,0.000123947,0.000179306,0.000175617,0.000124212,0.000155913,0.000140011
main|astana_clinic|nc10|np15|br0.75|uniform|ms3|r300|s1,0.000272448,0.000641228,0.001578860,0.000143494,0.000197237,0.000191690,0.000131404,0.000147916,0.000138925,0.000135121,0.000189243,0.000205796
main|astana_clinic|nc10|np15|br0.75|uniform|ms3|r300|s2,0.000271395,0.000769016,0.001945423,0.000127166,0.000208326,0.000197679,0.000134386,0.000176785,0.000184184,0.000131857,0.000191532,0.000185069
main|astana_clinic|nc10|np15|br0.75|uniform|ms3|r300|s3,0.000286302,0.000713740,0.001730611,0.000132854,0.000182585,0.000183682,0.000123004,0.000170059,0.000148543,0.000127981,0.000183327,0.000182782
main|astana_clinic|nc10|np15|br0.75|uniform|ms3|r300|s4,0.000318640,0.000913869,0.001990494,0.000131923,0.000195755,0.000198066,0.000125942,0.000098059,0.000095627,0.000134029,0.000150602,0.000136325
main|astana_clinic|nc10|np15|br0.75|uniform|ms3|r300|s5,0.000271735,0.000639851,0.001535755,0.000115946,0.000166462,0.000171747,0.000104863,0.000172225,0.000154644,0.000108631,0.000159059,0.000157174
main|astana_clinic|nc10|np15|br0.75|uniform|ms3|r300|s6,0.000283693,0.000712135,0.001775153,0.000116291,0.000188228,0.000191980,0.000108435,0.000098659,0.000093630,0.000125663,0.000196352,0.000197033
main|astana_clinic|nc10|np15|br0.75|uniform|ms3|r300|s7,0.000287237,0.000798117,0.002040261,0.000124575,0.000200376,0.000190456,0.000130006,0.000163268,0.000162206,0.000127065,0.000148415,0.000137022
main|astana_clinic|nc10|np15|br0.75|uniform|ms3|r300|s8,0.000269674,0.000834858,0.002158697,0.000133376,0.000200169,0.000182748,0.000128353,0.000144915,0.000137074,0.000135980,0.000136468,0.000139511
main|astana_clinic|nc10|np15|br0.75|uniform|ms3|r300|s9,0.000281103,0.000674995,0.001670694,0.000119624,0.000179104,0.000167405,0.000114480,0.000140592,0.000137907,0.000114741,0.000163161,0.000166327
main|astana_clinic|nc10|np15|br0.75|random_1_100|ms3|r300|s0,0.000284954,0.000825701,0.002076794,0.000118339,0.000199099,0.000194767,0.000128056,0.000190587,0.000173435,0.000129095,0.000145337,0.000139622
main|astana_clinic|nc10|np15|br0.75|random_1_100|ms3|r300|s1,0.000281254,0.000646536,0.001499190,0.000135555,0.000190029,0.000200126,0.000122658,0.000141997,0.000134308,0.000133642,0.000186857,0.000188723
main|astana_clinic|nc10|np15|br0.75|random_1_100|ms3|r300|s2,0.000277519,0.000774234,0.001941792,0.000122934,0.000209428,0.000201045,0.000128063,0.000176977,0.000171081,0.000126782,0.000190519,0.000180903
main|astana_clinic|nc10|np15|br0.75|random_1_100|ms3|r300|s3,0.000276952,0.000756391,0.001681838,0.000121555,0.000190033,0.000182555,0.000118353,0.000147408,0.000140270,0.000121176,0.000173892,0.000174336
main|astana_clinic|nc10|np15|br0.75|random_1_100|ms3|r300|s4,0.000277366,0.000750455,0.001991918,0.000133875,0.000183569,0.000179313,0.000116847,0.000089246,0.000084339,0.000116867,0.000129524,0.000136871
main|astana_clinic|nc10|np15|br0.75|random_1_100|ms3|r300|s5,0.000254925,0.000573465,0.001440556,0.000101030,0.000155307,0.000149085,0.000096848,0.000144438,0.000139847,0.000100636,0.000149356,0.000150895
main|astana_clinic|nc10|np15|br0.75|random_1_100|ms3|r300|s6,0.000266979,0.000724806,0.001693577,0.000112382,0.000194287,0.000173937,0.000110278,0.000089204,0.000085923,0.000114529,0.000181167,0.000196140
main|astana_clinic|nc10|np15|br0.75|random_1_100|ms3|r300|s7,0.000273176,0.000740795,0.002183808,0.000122379,0.000190904,0.000182966,0.000121964,0.000167909,0.000172714,0.000123867,0.000142013,0.000145776
main|astana_clinic|nc10|np15|br0.75|random_1_100|ms3|r300|s8,0.000272035,0.000836130,0.002194811,0.000121977,0.000188132,0.000174526,0.000127466,0.000134176,0.000131502,0.000121079,0.000139553,0.000137036
main|astana_clinic|nc10|np15|br0.75|random_1_100|ms3|r300|s9,0.000273858,0.000682587,0.001608658,0.000112010,0.000171199,0.000165004,0.000111670,0.000143060,0.000142656,0.000111545,0.000167754,0.000162516
main|astana_clinic|nc10|np15|br0.75|one_heavy|ms3|r300|s0,0.000274435,0.000832539,0.002171119,0.000125675,0.000207803,0.000191490,0.000129095,0.000178222,0.000180977,0.000120151,0.000147052,0.000138219
main|astana_clinic|nc10|np15|br0.75|one_heavy|ms3|r300|s1,0.000270419,0.000642790,0.001510729,0.000129964,0.000189263,0.000183819,0.000129809,0.000147659,0.000132711,0.000134337,0.000186154,0.000189337
main|astana_clinic|nc10|np15|br0.75|one_heavy|ms3|r300|s2,0.000286995,0.000804903,0.001966598,0.000126646,0.000220405,0.000205713,0.000128402,0.000191624,0.000175869,0.000125360,0.000186796,0.000190227
main|astana_clinic|nc10|np15|br0.75|one_heavy|ms3|r300|s3,0.000283502,0.000694946,0.001655600,0.000131237,0.000187469,0.000181444,0.000124715,0.000151360,0.000147359,0.000130043,0.000187995,0.000183477
main|astana_clinic|nc10|np15|br0.75|one_heavy|ms3|r300|s4,0.000295112,0.000807530,0.001946852,0.000126523,0.000193040,0.000188132,0.000128578,0.000099074,0.000099025,0.000125629,0.000140069,0.000138711
main|astana_clinic|nc10|np15|br0.75|one_heavy|ms3|r300|s5,0.000274543,0.000607755,0.001556106,0.000105089,0.000165360,0.000169506,0.000104457,0.000156377,0.000156946,0.000115628,0.000164973,0.000155478
main|astana_clinic|nc10|np15|br0.75|one_heavy|ms3|r300|s6,0.000282098,0.000722623,0.001789456,0.000112473,0.000200763,0.000193324,0.000115602,0.000097844,0.000094635,0.000128491,0.000199144,0.000195535
main|astana_clinic|nc10|np15|br0.75|one_heavy|ms3|r300|s7,0.000299587,0.000790438,0.002052216,0.000122193,0.000215966,0.000199330,0.000130204,0.000173072,0.000188805,0.000124668,0.000154138,0.000142895
main|astana_clinic|nc10|np15|br0.75|one_heavy|ms3|r300|s8,0.000273125,0.000871823,0.002291755,0.000128074,0.000197697,0.000188951,0.000134997,0.000141035,0.000151011,0.000131998,0.000146202,0.000138044
main|astana_clinic|nc10|np15|br0.75|one_heavy|ms3|r300|s9,0.000282007,0.000720882,0.001722718,0.000120522,0.000190958,0.000184143,0.000120035,0.000148796,0.000152728,0.000117875,0.000172815,0.000168943
main|astana_clinic|nc10|np15|br1.0|uniform|ms3|r300|s0,0.000282418,0.000880914,0.002466465,0.000141095,0.000205990,0.000206292,0.000131986,0.000185432,0.000179198,0.000128238,0.000139847,0.000140072
main|astana_clinic|nc10|np15|br1.0|uniform|ms3|r300|s1,0.000274221,0.000883243,0.002141965,0.000145948,0.000196530,0.000191469,0.000133843,0.000141247,0.000139541,0.000131238,0.000195489,0.000186025
main|astana_clinic|nc10|np15|br1.0|uniform|ms3|r300|s2,0.000271243,0.000911938,0.002326148,0.000126932,0.000218999,0.000204462,0.000128171,0.000200782,0.000215483,0.000130064,0.000192103,0.000188749
main|astana_clinic|nc10|np15|br1.0|uniform|ms3|r300|s3,0.000277665,0.000911257,0.002269164,0.000133784,0.000196738,0.000193754,0.000134507,0.000157803,0.000151715,0.000138619,0.000188983,0.000181279
main|astana_clinic|nc10|np15|br1.0|uniform|ms3|r300|s4,0.000313675,0.000895633,0.002431449,0.000126975,0.000193061,0.000189386,0.000127378,0.000095313,0.000093428,0.000130967,0.000143535,0.000136142
main|astana_clinic|nc10|np15|br1.0|uniform|ms3|r300|s5,0.000272727,0.000881643,0.002234473,0.000140167,0.000197761,0.000192197,0.000131803,0.000188250,0.000268170,0.000130200,0.000192088,0.000186275
main|astana_clinic|nc10|np15|br1.0|uniform|ms3|r300|s6,0.000287487,0.000897178,0.002303523,0.000127802,0.000214931,0.000201775,0.000132081,0.000093252,0.000092520,0.000133015,0.000195782,0.000193599
main|astana_clinic|nc10|np15|br1.0|uniform|ms3|r300|s7,0.000280268,0.000923960,0.002569247,0.000166290,0.000247302,0.000245121,0.000171738,0.000231748,0.000237153,0.000165561,0.000139819,0.000142668
main|astana_clinic|nc10|np15|br1.0|uniform|ms3|r300|s8,0.000293630,0.000930291,0.002593527,0.000180684,0.000196483,0.000181509,0.000131165,0.000137631,0.000141603,0.000132278,0.000141627,0.000139668
main|astana_clinic|nc10|np15|br1.0|uniform|ms3|r300|s9,0.000274934,0.000894434,0.002223931,0.000138869,0.000189298,0.000179118,0.000134381,0.000145140,0.000144209,0.000133453,0.000178342,0.000187035
main|astana_clinic|nc10|np15|br1.0|random_1_100|ms3|r300|s0,0.000275865,0.000891212,0.002702703,0.000131645,0.000198280,0.000199587,0.000159825,0.000187617,0.000173627,0.000132190,0.000152921,0.000141478
main|astana_clinic|nc10|np15|br1.0|random_1_100|ms3|r300|s1,0.000283496,0.000901593,0.002354959,0.000127098,0.000200711,0.000191095,0.000124321,0.000139311,0.000148049,0.000132064,0.000189000,0.000191865
main|astana_clinic|nc10|np15|br1.0|random_1_100|ms3|r300|s2,0.000278277,0.000907181,0.002287360,0.000132154,0.000207877,0.000211062,0.000127317,0.000179997,0.000190502,0.000132514,0.000190838,0.000194051
main|astana_clinic|nc10|np15|br1.0|random_1_100|ms3|r300|s3,0.000273170,0.000911357,0.002229440,0.000127657,0.000213186,0.000193834,0.000119247,0.000139244,0.000138224,0.000118860,0.000179389,0.000184550
main|astana_clinic|nc10|np15|br1.0|random_1_100|ms3|r300|s4,0.000248965,0.000922975,0.002311015,0.000132148,0.000189550,0.000200245,0.000131482,0.000104702,0.000097536,0.000125139,0.000134263,0.000159144
main|astana_clinic|nc10|np15|br1.0|random_1_100|ms3|r300|s5,0.000301778,0.001035640,0.002422559,0.000129768,0.000190242,0.000192794,0.000133452,0.000178090,0.000183235,0.000131179,0.000179194,0.000175987
main|astana_clinic|nc10|np15|br1.0|random_1_100|ms3|r300|s6,0.000273632,0.000845756,0.002374817,0.000119821,0.000222135,0.000204519,0.000130059,0.000097340,0.000092862,0.000128411,0.000193203,0.000191420
main|astana_clinic|nc10|np15|br1.0|random_1_100|ms3|r300|s7,0.000272289,0.000897328,0.002556262,0.000129811,0.000196998,0.000205921,0.000127310,0.000186450,0.000181552,0.000130231,0.000145493,0.000137541
main|astana_clinic|nc10|np15|br1.0|random_1_100|ms3|r300|s8,0.000377363,0.000917629,0.002505281,0.000127936,0.000181561,0.000180785,0.000123987,0.000137403,0.000136299,0.000124987,0.000138656,0.000139194
main|astana_clinic|nc10|np15|br1.0|random_1_100|ms3|r300|s9,0.000269486,0.000877001,0.002208064,0.000130606,0.000187871,0.000188631,0.000129663,0.000140045,0.000131330,0.000127911,0.000178218,0.000176663
main|astana_clinic|nc10|np15|br1.0|one_heavy|ms3|r300|s0,0.000294969,0.000877012,0.002428007,0.000133835,0.000195726,0.000190650,0.000130211,0.000185400,0.000183073,0.000136031,0.000147263,0.000141814
main|astana_clinic|nc10|np15|br1.0|one_heavy|ms3|r300|s1,0.000286827,0.000886864,0.002162616,0.000128057,0.000190073,0.000188113,0.000130504,0.000140075,0.000137833,0.000125036,0.000192649,0.000188358
main|astana_clinic|nc10|np15|br1.0|one_heavy|ms3|r300|s2,0.000284488,0.000902182,0.002300249,0.000132775,0.000230597,0.000212254,0.000146393,0.000181156,0.000181476,0.000131577,0.000199883,0.000196341
main|astana_clinic|nc10|np15|br1.0|one_heavy|ms3|r300|s3,0.000371792,0.000909000,0.002292470,0.000131005,0.000193302,0.000186446,0.000153607,0.000151021,0.000159444,0.000133574,0.000200521,0.000185288
main|astana_clinic|nc10|np15|br1.0|one_heavy|ms3|r300|s4,0.000275344,0.000875089,0.002375728,0.000130200,0.000199402,0.000185540,0.000130727,0.000095716,0.000096116,0.000126529,0.000141552,0.000141319
main|astana_clinic|nc10|np15|br1.0|one_heavy|ms3|r300|s5,0.000295667,0.000937500,0.002464343,0.000125356,0.000196353,0.000189543,0.000130218,0.000185834,0.000184645,0.000134154,0.000179734,0.000187002
main|astana_clinic|nc10|np15|br1.0|one_heavy|ms3|r300|s6,0.000283090,0.000907299,0.002320563,0.000130626,0.000196194,0.000196659,0.000125168,0.000099137,0.000090403,0.000130453,0.000195763,0.000196128
main|astana_clinic|nc10|np15|br1.0|one_heavy|ms3|r300|s7,0.000275720,0.000943754,0.003354115,0.000167845,0.000257947,0.000258776,0.000180455,0.000242173,0.000242035,0.000177756,0.000183886,0.000192328
main|astana_clinic|nc10|np15|br1.0|one_heavy|ms3|r300|s8,0.000425957,0.001271580,0.003536502,0.000176433,0.000250304,0.000248452,0.000189856,0.000188800,0.000191809,0.000179477,0.000184260,0.000184724
main|astana_clinic|nc10|np15|br1.0|one_heavy|ms3|r300|s9,0.000430348,0.001408676,0.002237570,0.000130762,0.000206900,0.000185252,0.000134695,0.000152328,0.000139721,0.000133860,0.000183191,0.000178789
main|astana_clinic|nc10|np25|br0.25|uniform|ms3|r300|s0,0.000472462,0.000208984,0.000661922,0.000078733,0.000138334,0.000138687,0.000082512,0.000122088,0.000128610,0.000081110,0.000143708,0.000150048
main|astana_clinic|nc10|np25|br0.25|uniform|ms3|r300|s1,0.000487927,0.000104700,0.000373478,0.000034260,0.000061962,0.000064673,0.000031188,0.000059135,0.000058497,0.000031864,0.000062755,0.000061531
main|astana_clinic|nc10|np25|br0.25|uniform|ms3|r300|s2,0.000455674,0.000148433,0.000444502,0.000062249,0.000116481,0.000117272,0.000047647,0.000094790,0.000089238,0.000059347,0.000110242,0.000114613
main|astana_clinic|nc10|np25|br0.25|uniform|ms3|r300|s3,0.000447804,0.000130859,0.000471633,0.000045152,0.000091344,0.000090150,0.000048214,0.000084898,0.000088247,0.000037929,0.000071859,0.000072674
main|astana_clinic|nc10|np25|br0.25|uniform|ms3|r300|s4,0.000461931,0.000170755,0.000517838,0.000064494,0.000133608,0.000130059,0.000060450,0.000087927,0.000087899,0.000063695,0.000136145,0.000138393
main|astana_clinic|nc10|np25|br0.25|uniform|ms3|r300|s5,0.000462429,0.000108238,0.000402295,0.000034249,0.000057426,0.000057479,0.000032729,0.000047668,0.000044130,0.000034134,0.000054265,0.000056721
main|astana_clinic|nc10|np25|br0.25|uniform|ms3|r300|s6,0.000487678,0.000140265,0.000483023,0.000042548,0.000090894,0.000081281,0.000041631,0.000065288,0.000066521,0.000043747,0.000082648,0.000081851
main|astana_clinic|nc10|np25|br0.25|uniform|ms3|r300|s7,0.000471033,0.000159107,0.000534121,0.000074387,0.000126743,0.000128290,0.000071473,0.000095160,0.000090238,0.000074608,0.000094100,0.000086019
main|astana_clinic|nc10|np25|br0.25|uniform|ms3|r300|s8,0.000456466,0.000238991,0.000681037,0.000085921,0.000138933,0.000130634,0.000083093,0.000090574,0.000093511,0.000083423,0.000135398,0.000127311
main|astana_clinic|nc10|np25|br0.25|uniform|ms3|r300|s9,0.000467588,0.000134421,0.000453496,0.000044357,0.000086005,0.000089655,0.000044052,0.000084965,0.000081451,0.000044047,0.000083359,0.000086810
main|astana_clinic|nc10|np25|br0.25|random_1_100|ms3|r300|s0,0.000466481,0.000216742,0.000644260,0.000081433,0.000133195,0.000135926,0.000081087,0.000123596,0.000124087,0.000083087,0.000128842,0.000129847
main|astana_clinic|nc10|np25|br0.25|random_1_100|ms3|r300|s1,0.000454420,0.000117935,0.000382487,0.000036667,0.000064857,0.000061566,0.000031840,0.000058988,0.000057515,0.000034356,0.000068379,0.000064180
main|astana_clinic|nc10|np25|br0.25|random_1_100|ms3|r300|s2,0.000454504,0.000143007,0.000451858,0.000055082,0.000118390,0.000111059,0.000047076,0.000088057,0.000088998,0.000053839,0.000105991,0.000107858
main|astana_clinic|nc10|np25|br0.25|random_1_100|ms3|r300|s3,0.000473893,0.000158659,0.000444043,0.000037714,0.000073885,0.000074971,0.000050226,0.000086048,0.000091121,0.000041480,0.000096022,0.000103842
main|astana_clinic|nc10|np25|br0.25|random_1_100|ms3|r300|s4,0.000706375,0.000250690,0.000609326,0.000077045,0.000144618,0.000134885,0.000075147,0.000089342,0.000087863,0.000078883,0.000136338,0.000135744
main|astana_clinic|nc10|np25|br0.25|random_1_100|ms3|r300|s5,0.000480281,0.000109301,0.000418211,0.000032434,0.000058812,0.000055324,0.000033041,0.000044266,0.000046604,0.000034885,0.000055169,0.000058596
main|astana_clinic|nc10|np25|br0.25|random_1_100|ms3|r300|s6,0.000485734,0.000150371,0.000452176,0.000045896,0.000087767,0.000090016,0.000042919,0.000066010,0.000066380,0.000043580,0.000093284,0.000080594
main|astana_clinic|nc10|np25|br0.25|random_1_100|ms3|r300|s7,0.000458989,0.000173569,0.000538128,0.000073233,0.000120828,0.000121904,0.000073562,0.000092939,0.000091279,0.000072587,0.000088260,0.000095921
main|astana_clinic|nc10|np25|br0.25|random_1_100|ms3|r300|s8,0.000473443,0.000230960,0.000650596,0.000083317,0.000135535,0.000129340,0.000081776,0.000089234,0.000088079,0.000077731,0.000126341,0.000126276
main|astana_clinic|nc10|np25|br0.25|random_1_100|ms3|r300|s9,0.000463961,0.000124276,0.000424092,0.000042226,0.000084771,0.000084117,0.000044111,0.000080521,0.000078325,0.000042930,0.000086130,0.000084057
main|astana_clinic|nc10|np25|br0.25|one_heavy|ms3|r300|s0,0.000475630,0.000209465,0.000642565,0.000075600,0.000137261,0.000136989,0.000076792,0.000121822,0.000122664,0.000080070,0.000124995,0.000126856
main|astana_clinic|nc10|np25|br0.25|one_heavy|ms3|r300|s1,0.000473426,0.000104974,0.000382077,0.000033098,0.000062594,0.000060866,0.000033540,0.000058102,0.000059822,0.000032470,0.000066438,0.000066467
main|astana_clinic|nc10|np25|br0.25|one_heavy|ms3|r300|s2,0.000466093,0.000133347,0.000451974,0.000061658,0.000114467,0.000115639,0.000047237,0.000091877,0.000090828,0.000061368,0.000117129,0.000114738
main|astana_clinic|nc10|np25|br0.25|one_heavy|ms3|r300|s3,0.000458927,0.000140675,0.000449237,0.000040092,0.000091645,0.000089042,0.000054258,0.000082576,0.000080023,0.000038685,0.000076900,0.000075815
main|astana_clinic|nc10|np25|br0.25|one_heavy|ms3|r300|s4,0.000472157,0.000158453,0.000521100,0.000063366,0.000145367,0.000136073,0.000060905,0.000091566,0.000086005,0.000063264,0.000138295,0.000134950
main|astana_clinic|nc10|np25|br0.25|one_heavy|ms3|r300|s5,0.000451524,0.000111941,0.000402112,0.000036634,0.000054096,0.000056902,0.000035139,0.000045591,0.000050182,0.000034406,0.000055202,0.000054385
main|astana_clinic|nc10|np25|br0.25|one_heavy|ms3|r300|s6,0.000471734,0.000139703,0.000466428,0.000043660,0.000094764,0.000099948,0.000045882,0.000066661,0.000066468,0.000044292,0.000081309,0.000082043
main|astana_clinic|nc10|np25|br0.25|one_heavy|ms3|r300|s7,0.000466670,0.000159210,0.000521983,0.000076885,0.000133437,0.000128797,0.000074461,0.000090822,0.000093112,0.000075722,0.000093959,0.000089810
main|astana_clinic|nc10|np25|br0.25|one_heavy|ms3|r300|s8,0.000452436,0.000240746,0.000683264,0.000086794,0.000137050,0.000131106,0.000083427,0.000091254,0.000091236,0.000085752,0.000144938,0.000137407
main|astana_clinic|nc10|np25|br0.25|one_heavy|ms3|r300|s9,0.000496047,0.000124477,0.000438236,0.000044988,0.000095139,0.000086452,0.000044548,0.000081724,0.000082258,0.000043548,0.000087444,0.000083871
main|astana_clinic|nc10|np25|br0.5|uniform|ms3|r300|s0,0.000454545,0.000625040,0.001596709,0.000150804,0.000260504,0.000242930,0.000132040,0.000205077,0.000198773,0.000151860,0.000227070,0.000217992
main|astana_clinic|nc10|np25|br0.5|uniform|ms3|r300|s1,0.000467352,0.000290683,0.000781341,0.000142084,0.000196750,0.000198006,0.000127003,0.000172123,0.000168785,0.000120604,0.000199922,0.000194728
main|astana_clinic|nc10|np25|br0.5|uniform|ms3|r300|s2,0.000477254,0.000499122,0.001170018,0.000150828,0.000231039,0.000232273,0.000127706,0.000184530,0.000188459,0.000141953,0.000228067,0.000218965
main|astana_clinic|nc10|np25|br0.5|uniform|ms3|r300|s3,0.000459763,0.000380088,0.000976747,0.000115732,0.000215887,0.000211369,0.000128840,0.000179692,0.000174066,0.000110235,0.000190340,0.000185239
main|astana_clinic|nc10|np25|br0.5|uniform|ms3|r300|s4,0.000456993,0.000522593,0.001330139,0.000139331,0.000247788,0.000245776,0.000137212,0.000119856,0.000116167,0.000137242,0.000227371,0.000228568
main|astana_clinic|nc10|np25|br0.5|uniform|ms3|r300|s5,0.000480734,0.000298698,0.000812761,0.000084003,0.000155486,0.000156197,0.000085023,0.000123165,0.000120931,0.000084666,0.000176500,0.000169823
main|astana_clinic|nc10|np25|br0.5|uniform|ms3|r300|s6,0.000475661,0.000453625,0.001168702,0.000093567,0.000211493,0.000211837,0.000090697,0.000121449,0.000118493,0.000109386,0.000213719,0.000210134
main|astana_clinic|nc10|np25|br0.5|uniform|ms3|r300|s7,0.000462537,0.000554791,0.001309631,0.000087969,0.000237496,0.000232734,0.000084590,0.000148225,0.000147956,0.000088522,0.000146013,0.000147962
main|astana_clinic|nc10|np25|br0.5|uniform|ms3|r300|s8,0.000455219,0.000650043,0.001581242,0.000151261,0.000216837,0.000211822,0.000146341,0.000126767,0.000116306,0.000146812,0.000213265,0.000208264
main|astana_clinic|nc10|np25|br0.5|uniform|ms3|r300|s9,0.000460646,0.000333077,0.000861839,0.000099024,0.000168071,0.000156227,0.000090341,0.000159683,0.000148709,0.000095788,0.000156310,0.000155082
main|astana_clinic|nc10|np25|br0.5|random_1_100|ms3|r300|s0,0.000472240,0.000602284,0.001549047,0.000149526,0.000234248,0.000229842,0.000131531,0.000203780,0.000199086,0.000153134,0.000218489,0.000217964
main|astana_clinic|nc10|np25|br0.5|random_1_100|ms3|r300|s1,0.000455521,0.000284394,0.000756885,0.000122638,0.000194037,0.000191681,0.000121679,0.000174370,0.000165401,0.000109929,0.000186119,0.000188200
main|astana_clinic|nc10|np25|br0.5|random_1_100|ms3|r300|s2,0.000465653,0.000454483,0.001143094,0.000147444,0.000231841,0.000231493,0.000128682,0.000189302,0.000195192,0.000147683,0.000235011,0.000232148
main|astana_clinic|nc10|np25|br0.5|random_1_100|ms3|r300|s3,0.000458562,0.000365328,0.000984004,0.000097210,0.000191952,0.000192122,0.000122723,0.000175241,0.000194286,0.000095148,0.000168862,0.000172197
main|astana_clinic|nc10|np25|br0.5|random_1_100|ms3|r300|s4,0.000464660,0.000510827,0.001346097,0.000142980,0.000243616,0.000251395,0.000137516,0.000122432,0.000114335,0.000145000,0.000229766,0.000229257
main|astana_clinic|nc10|np25|br0.5|random_1_100|ms3|r300|s5,0.000479477,0.000315516,0.000812843,0.000078522,0.000154549,0.000158438,0.000083028,0.000123164,0.000119848,0.000082192,0.000176833,0.000171491
main|astana_clinic|nc10|np25|br0.5|random_1_100|ms3|r300|s6,0.000461312,0.000476142,0.001210626,0.000096458,0.000201827,0.000196285,0.000097671,0.000121031,0.000120020,0.000130076,0.000210734,0.000204353
main|astana_clinic|nc10|np25|br0.5|random_1_100|ms3|r300|s7,0.000480836,0.000529334,0.001340986,0.000092900,0.000174177,0.000164214,0.000094013,0.000165632,0.000156249,0.000089272,0.000153465,0.000162005
main|astana_clinic|nc10|np25|br0.5|random_1_100|ms3|r300|s8,0.000517850,0.000630793,0.001587064,0.000146501,0.000215685,0.000213639,0.000145876,0.000123738,0.000117974,0.000139952,0.000234519,0.000218605
main|astana_clinic|nc10|np25|br0.5|random_1_100|ms3|r300|s9,0.000613906,0.000423995,0.001128621,0.000118759,0.000210322,0.000209355,0.000098035,0.000153596,0.000153342,0.000125103,0.000198438,0.000204873
main|astana_clinic|nc10|np25|br0.5|one_heavy|ms3|r300|s0,0.000491152,0.000681200,0.001516030,0.000144558,0.000236054,0.000232563,0.000128028,0.000196309,0.000190365,0.000155861,0.000218081,0.000210077
main|astana_clinic|nc10|np25|br0.5|one_heavy|ms3|r300|s1,0.000452353,0.000277221,0.000747444,0.000118913,0.000196242,0.000193619,0.000120153,0.000174694,0.000165352,0.000119074,0.000198750,0.000196564
main|astana_clinic|nc10|np25|br0.5|one_heavy|ms3|r300|s2,0.000454842,0.000430807,0.001127107,0.000149337,0.000244290,0.000233603,0.000141267,0.000196274,0.000188593,0.000151110,0.000228335,0.000236929
main|astana_clinic|nc10|np25|br0.5|one_heavy|ms3|r300|s3,0.000489953,0.000381778,0.000996398,0.000111573,0.000201760,0.000213717,0.000121675,0.000179357,0.000173245,0.000115937,0.000185399,0.000183249
main|astana_clinic|nc10|np25|br0.5|one_heavy|ms3|r300|s4,0.000465626,0.000508444,0.001387536,0.000145407,0.000251699,0.000243996,0.000142823,0.000126380,0.000125837,0.000162666,0.000268369,0.000238926
main|astana_clinic|nc10|np25|br0.5|one_heavy|ms3|r300|s5,0.000508855,0.000311821,0.000809094,0.000089569,0.000165046,0.000170402,0.000086268,0.000131312,0.000128788,0.000089018,0.000211242,0.000193197
main|astana_clinic|nc10|np25|br0.5|one_heavy|ms3|r300|s6,0.000455836,0.000450960,0.001178760,0.000094739,0.000215050,0.000213239,0.000089424,0.000131364,0.000117523,0.000106280,0.000205645,0.000204290
main|astana_clinic|nc10|np25|br0.5|one_heavy|ms3|r300|s7,0.000452790,0.000518249,0.001326127,0.000123610,0.000238767,0.000229946,0.000088337,0.000145405,0.000154902,0.000089828,0.000149658,0.000174116
main|astana_clinic|nc10|np25|br0.5|one_heavy|ms3|r300|s8,0.000448540,0.000642170,0.001656938,0.000166398,0.000230957,0.000239508,0.000157842,0.000129061,0.000128790,0.000158314,0.000225587,0.000222289
main|astana_clinic|nc10|np25|br0.5|one_heavy|ms3|r300|s9,0.000455767,0.000335890,0.000839964,0.000103306,0.000164680,0.000165483,0.000093747,0.000152238,0.000153284,0.000094474,0.000163370,0.000156903
main|astana_clinic|nc10|np25|br0.75|uniform|ms3|r300|s0,0.000469916,0.000947944,0.002510399,0.000188081,0.000265222,0.000266756,0.000158008,0.000238862,0.000239328,0.000163800,0.000229524,0.000230414
main|astana_clinic|nc10|np25|br0.75|uniform|ms3|r300|s1,0.000452065,0.000758030,0.001754662,0.000168382,0.000257040,0.000238005,0.000161120,0.000176152,0.000169160,0.000156610,0.000235973,0.000236226
main|astana_clinic|nc10|np25|br0.75|uniform|ms3|r300|s2,0.000456226,0.000914892,0.002273053,0.000156282,0.000265406,0.000370793,0.000252019,0.000349918,0.000327917,0.000262516,0.000374353,0.000371122
main|astana_clinic|nc10|np25|br0.75|uniform|ms3|r300|s3,0.000798494,0.001187754,0.002587802,0.000197941,0.000353522,0.000349063,0.000254399,0.000280029,0.000270210,0.000241777,0.000388805,0.000361255
main|astana_clinic|nc10|np25|br0.75|uniform|ms3|r300|s4,0.000646406,0.001515021,0.002451593,0.000150622,0.000293058,0.000265640,0.000160571,0.000112982,0.000113829,0.000192749,0.000262651,0.000228965
main|astana_clinic|nc10|np25|br0.75|uniform|ms3|r300|s5,0.000458641,0.000700309,0.001779262,0.000129630,0.000218271,0.000203202,0.000125647,0.000121970,0.000121040,0.000131868,0.000201368,0.000191849
main|astana_clinic|nc10|np25|br0.75|uniform|ms3|r300|s6,0.000440032,0.000859391,0.002176552,0.000159415,0.000273756,0.000306767,0.000142455,0.000123747,0.000125544,0.000150397,0.000293253,0.000253776
main|astana_clinic|nc10|np25|br0.75|uniform|ms3|r300|s7,0.000476731,0.001070442,0.002463740,0.000161034,0.000245780,0.000252797,0.000154973,0.000213809,0.000212693,0.000160963,0.000173125,0.000171982
main|astana_clinic|nc10|np25|br0.75|uniform|ms3|r300|s8,0.000544462,0.001034050,0.002499922,0.000152827,0.000236015,0.000229737,0.000156711,0.000121521,0.000136139,0.000158920,0.000228727,0.000226432
main|astana_clinic|nc10|np25|br0.75|uniform|ms3|r300|s9,0.000530537,0.000805015,0.001847526,0.000139224,0.000203582,0.000201598,0.000131905,0.000172543,0.000168650,0.000136883,0.000198317,0.000211300
main|astana_clinic|nc10|np25|br0.75|random_1_100|ms3|r300|s0,0.000462538,0.000938252,0.002421075,0.000168365,0.000262881,0.000242168,0.000152397,0.000233260,0.000222455,0.000156567,0.000224185,0.000218395
main|astana_clinic|nc10|np25|br0.75|random_1_100|ms3|r300|s1,0.000490833,0.000792669,0.001812914,0.000160167,0.000244982,0.000243885,0.000164943,0.000178779,0.000259838,0.000177372,0.000253497,0.000270377
main|astana_clinic|nc10|np25|br0.75|random_1_100|ms3|r300|s2,0.000456683,0.001340445,0.003235802,0.000158654,0.000263192,0.000268489,0.000155041,0.000229571,0.000226828,0.000163252,0.000249486,0.000234725
main|astana_clinic|nc10|np25|br0.75|random_1_100|ms3|r300|s3,0.000454415,0.000817087,0.002032170,0.000169854,0.000274276,0.000252680,0.000163647,0.000179948,0.000181989,0.000158120,0.000240613,0.000248572
main|astana_clinic|nc10|np25|br0.75|random_1_100|ms3|r300|s4,0.000571084,0.000898434,0.002238835,0.000174550,0.000265612,0.000251678,0.000161597,0.000124610,0.000121099,0.000164896,0.000243799,0.000241728
main|astana_clinic|nc10|np25|br0.75|random_1_100|ms3|r300|s5,0.000480283,0.000728335,0.001711793,0.000131224,0.000210718,0.000211644,0.000132838,0.000121848,0.000126186,0.000137148,0.000215451,0.000239568
main|astana_clinic|nc10|np25|br0.75|random_1_100|ms3|r300|s6,0.000466618,0.000828624,0.002044904,0.000151807,0.000237333,0.000238807,0.000168708,0.000138101,0.000138092,0.000182153,0.000261691,0.000237641
main|astana_clinic|nc10|np25|br0.75|random_1_100|ms3|r300|s7,0.000474444,0.000924130,0.002388803,0.000149723,0.000221177,0.000231082,0.000144408,0.000208879,0.000208222,0.000148140,0.000176713,0.000167038
main|astana_clinic|nc10|np25|br0.75|random_1_100|ms3|r300|s8,0.000452100,0.000977628,0.002722553,0.000158118,0.000268031,0.000231958,0.000158688,0.000121665,0.000119401,0.000162082,0.000221536,0.000219200
main|astana_clinic|nc10|np25|br0.75|random_1_100|ms3|r300|s9,0.000573687,0.000843222,0.002072528,0.000137545,0.000209308,0.000202230,0.000133783,0.000166990,0.000169202,0.000137012,0.000209811,0.000198482
main|astana_clinic|nc10|np25|br0.75|one_heavy|ms3|r300|s0,0.000464437,0.000934477,0.002424345,0.000168110,0.000246726,0.000252965,0.000168098,0.000220119,0.000222891,0.000164698,0.000226705,0.000224739
main|astana_clinic|nc10|np25|br0.75|one_heavy|ms3|r300|s1,0.000459116,0.000710639,0.001918451,0.000152807,0.000233373,0.000230516,0.000155921,0.000170159,0.000171538,0.000160259,0.000237558,0.000233661
main|astana_clinic|nc10|np25|br0.75|one_heavy|ms3|r300|s2,0.000481611,0.000908013,0.002206241,0.000157677,0.000255913,0.000256106,0.000156339,0.000225619,0.000227882,0.000159304,0.000243165,0.000255206
main|astana_clinic|nc10|np25|br0.75|one_heavy|ms3|r300|s3,0.000452397,0.000799285,0.002054317,0.000153285,0.000242300,0.000235802,0.000160803,0.000179672,0.000173193,0.000162706,0.000233273,0.000228209
main|astana_clinic|nc10|np25|br0.75|one_heavy|ms3|r300|s4,0.000498495,0.001369296,0.003369127,0.000243792,0.000368533,0.000347646,0.000228706,0.000160241,0.000204817,0.000208480,0.000327806,0.000325132
main|astana_clinic|nc10|np25|br0.75|one_heavy|ms3|r300|s5,0.000693020,0.001025632,0.002620973,0.000169790,0.000288599,0.000360655,0.000173297,0.000161888,0.000168192,0.000178354,0.000271112,0.000278153
main|astana_clinic|nc10|np25|br0.75|one_heavy|ms3|r300|s6,0.000725442,0.001022883,0.002543216,0.000193977,0.000326526,0.000319074,0.000169685,0.000160410,0.000155463,0.000176772,0.000355218,0.000315686
main|astana_clinic|nc10|np25|br0.75|one_heavy|ms3|r300|s7,0.000699428,0.001370798,0.003427638,0.000206927,0.000342461,0.000338098,0.000198893,0.000286123,0.000275067,0.000197616,0.000238570,0.000253254
main|astana_clinic|nc10|np25|br0.75|one_heavy|ms3|r300|s8,0.000772527,0.001568877,0.003673707,0.000236507,0.000343159,0.000342900,0.000191644,0.000147462,0.000143328,0.000192676,0.000297243,0.000273472
main|astana_clinic|nc10|np25|br0.75|one_heavy|ms3|r300|s9,0.000609182,0.000963449,0.002567015,0.000180688,0.000288130,0.000276753,0.000181457,0.000226464,0.000228239,0.000187833,0.000282541,0.000300132
main|astana_clinic|nc10|np25|br1.0|uniform|ms3|r300|s0,0.000507034,0.001060442,0.002948634,0.000179693,0.000259162,0.000268443,0.000156805,0.000247492,0.000241008,0.000165312,0.000231633,0.000227377
main|astana_clinic|nc10|np25|br1.0|uniform|ms3|r300|s1,0.000498802,0.001055951,0.002673197,0.000203605,0.000246232,0.000244415,0.000156818,0.000176316,0.000175470,0.000169873,0.000246542,0.000249018
main|astana_clinic|nc10|np25|br1.0|uniform|ms3|r300|s2,0.000464137,0.001147765,0.002857609,0.000157758,0.000258819,0.000254980,0.000157060,0.000240104,0.000219897,0.000160084,0.000247685,0.000288038
main|astana_clinic|nc10|np25|br1.0|uniform|ms3|r300|s3,0.000453124,0.001076228,0.002650858,0.000164264,0.000261314,0.000249307,0.000159292,0.000179776,0.000178635,0.000169034,0.000240623,0.000235488
main|astana_clinic|nc10|np25|br1.0|uniform|ms3|r300|s4,0.000541185,0.001201111,0.002805638,0.000169493,0.000264057,0.000255971,0.000167154,0.000127993,0.000125557,0.000186941,0.000275235,0.000273863
main|astana_clinic|nc10|np25|br1.0|uniform|ms3|r300|s5,0.000460602,0.001089295,0.002568453,0.000169093,0.000279006,0.000267956,0.000186294,0.000130053,0.000149257,0.000166265,0.000258771,0.000284859
main|astana_clinic|nc10|np25|br1.0|uniform|ms3|r300|s6,0.000514541,0.001072188,0.002874172,0.000155346,0.000283262,0.000249093,0.000214641,0.000147266,0.000126981,0.000163620,0.000263154,0.000295572
main|astana_clinic|nc10|np25|br1.0|uniform|ms3|r300|s7,0.000520400,0.001107253,0.002981572,0.000177152,0.000268163,0.000300536,0.000157811,0.000235080,0.000256585,0.000173931,0.000173615,0.000193410
main|astana_clinic|nc10|np25|br1.0|uniform|ms3|r300|s8,0.000474507,0.001130653,0.003114863,0.000166017,0.000234696,0.000227868,0.000159140,0.000123252,0.000129789,0.000185661,0.000236699,0.000220908
main|astana_clinic|nc10|np25|br1.0|uniform|ms3|r300|s9,0.000472815,0.001105983,0.002971903,0.000165050,0.000264181,0.000250659,0.000189092,0.000204675,0.000183201,0.000181051,0.000219892,0.000253640
main|astana_clinic|nc10|np25|br1.0|random_1_100|ms3|r300|s0,0.000485249,0.001076376,0.002921598,0.000158103,0.000266493,0.000252712,0.000158594,0.000230207,0.000242312,0.000158067,0.000250574,0.000228575
main|astana_clinic|nc10|np25|br1.0|random_1_100|ms3|r300|s1,0.000529772,0.001145273,0.002587010,0.000160746,0.000241913,0.000234651,0.000153330,0.000174233,0.000174861,0.000161846,0.000248436,0.000238025
main|astana_clinic|nc10|np25|br1.0|random_1_100|ms3|r300|s2,0.000485661,0.001191293,0.002728926,0.000163011,0.000235222,0.000253972,0.000146619,0.000215426,0.000214139,0.000153871,0.000236928,0.000236300
main|astana_clinic|nc10|np25|br1.0|random_1_100|ms3|r300|s3,0.000463298,0.001010989,0.002677186,0.000192526,0.000276686,0.000270288,0.000184889,0.000190872,0.000201093,0.000157763,0.000236604,0.000254714
main|astana_clinic|nc10|np25|br1.0|random_1_100|ms3|r300|s4,0.000459094,0.001066954,0.002893472,0.000176895,0.000256906,0.000247252,0.000157063,0.000121504,0.000124142,0.000161593,0.000268454,0.000231070
main|astana_clinic|nc10|np25|br1.0|random_1_100|ms3|r300|s5,0.000465232,0.001044307,0.002614776,0.000163265,0.000248792,0.000240181,0.000149635,0.000121436,0.000117992,0.000170926,0.000236575,0.000233125
main|astana_clinic|nc10|np25|br1.0|random_1_100|ms3|r300|s6,0.000457088,0.001064949,0.002717766,0.000171463,0.000246150,0.000248434,0.000179415,0.000129660,0.000123192,0.000148044,0.000253921,0.000225345
main|astana_clinic|nc10|np25|br1.0|random_1_100|ms3|r300|s7,0.000466566,0.001135242,0.002767508,0.000181143,0.000284206,0.000252651,0.000157058,0.000228284,0.000214129,0.000158832,0.000169627,0.000165828
main|astana_clinic|nc10|np25|br1.0|random_1_100|ms3|r300|s8,0.000448360,0.001086020,0.002896732,0.000157292,0.000243510,0.000218540,0.000167204,0.000117551,0.000121108,0.000155050,0.000218845,0.000225477
main|astana_clinic|nc10|np25|br1.0|random_1_100|ms3|r300|s9,0.000464500,0.001034750,0.002579987,0.000165657,0.000289498,0.000288011,0.000198381,0.000170018,0.000168677,0.000156976,0.000221451,0.000215986
main|astana_clinic|nc10|np25|br1.0|one_heavy|ms3|r300|s0,0.000455084,0.001022517,0.002823177,0.000167416,0.000273365,0.000266144,0.000160282,0.000217630,0.000226268,0.000168949,0.000229134,0.000217332
main|astana_clinic|nc10|np25|br1.0|one_heavy|ms3|r300|s1,0.000445267,0.001006591,0.002454293,0.000151673,0.000231488,0.000227855,0.000158017,0.000173729,0.000169225,0.000154159,0.000245520,0.000231945
main|astana_clinic|nc10|np25|br1.0|one_heavy|ms3|r300|s2,0.000443186,0.001083106,0.002746895,0.000162777,0.000268062,0.000256135,0.000158906,0.000228159,0.000225614,0.000160326,0.000253793,0.000260163
main|astana_clinic|nc10|np25|br1.0|one_heavy|ms3|r300|s3,0.000461474,0.001106170,0.002564885,0.000171825,0.000235202,0.000240000,0.000162651,0.000174089,0.000197365,0.000173151,0.000242118,0.000241202
main|astana_clinic|nc10|np25|br1.0|one_heavy|ms3|r300|s4,0.000466143,0.000989264,0.002734932,0.000154631,0.000256967,0.000247371,0.000156806,0.000127144,0.000121292,0.000151435,0.000236512,0.000239998
main|astana_clinic|nc10|np25|br1.0|one_heavy|ms3|r300|s5,0.000472980,0.001100045,0.002693870,0.000195756,0.000252841,0.000262747,0.000168951,0.000124604,0.000124793,0.000166013,0.000238752,0.000258867
main|astana_clinic|nc10|np25|br1.0|one_heavy|ms3|r300|s6,0.000507435,0.001094616,0.002775730,0.000156808,0.000257348,0.000297419,0.000180087,0.000132462,0.000114449,0.000168004,0.000250295,0.000234802
main|astana_clinic|nc10|np25|br1.0|one_heavy|ms3|r300|s7,0.000496259,0.001084436,0.002757789,0.000157815,0.000248958,0.000231269,0.000157354,0.000224440,0.000215696,0.000173856,0.000197932,0.000167676
main|astana_clinic|nc10|np25|br1.0|one_heavy|ms3|r300|s8,0.000447551,0.001030914,0.003068849,0.000158217,0.000238450,0.000228739,0.000158969,0.000137408,0.000122088,0.000175291,0.000243084,0.000224249
main|astana_clinic|nc10|np25|br1.0|one_heavy|ms3|r300|s9,0.000501892,0.001107353,0.002638106,0.000162513,0.000253173,0.000245000,0.000161731,0.000184010,0.000172296,0.000179847,0.000221759,0.000218225
main|astana_clinic|nc16|np5|br0.25|uniform|ms3|r300|s0,0.000123583,0.005540181,0.019229836,0.000081833,0.000163270,0.000169202,0.000082630,0.000135348,0.000120149,0.000081160,0.000126602,0.000123043
main|astana_clinic|nc16|np5|br0.25|uniform|ms3|r300|s1,0.000113023,0.004347579,0.017187685,0.000042112,0.000076560,0.000075248,0.000043663,0.000079053,0.000078907,0.000043188,0.000078703,0.000079932
main|astana_clinic|nc16|np5|br0.25|uniform|ms3|r300|s2,0.000117911,0.004325410,0.018512626,0.000048693,0.000077917,0.000078243,0.000045274,0.000078771,0.000077358,0.000047865,0.000067648,0.000067931
main|astana_clinic|nc16|np5|br0.25|uniform|ms3|r300|s3,0.000117009,0.004478339,0.018053673,0.000069817,0.000110064,0.000106245,0.000066589,0.000108352,0.000107569,0.000068394,0.000109683,0.000098508
main|astana_clinic|nc16|np5|br0.25|uniform|ms3|r300|s4,0.000114785,0.004214041,0.019969150,0.000063225,0.000114554,0.000101680,0.000063051,0.000108487,0.000107639,0.000065206,0.000085707,0.000084539
main|astana_clinic|nc16|np5|br0.25|uniform|ms3|r300|s5,0.000116514,0.004659024,0.018620199,0.000054022,0.000084460,0.000081906,0.000054491,0.000084413,0.000080402,0.000051816,0.000059794,0.000058352
main|astana_clinic|nc16|np5|br0.25|uniform|ms3|r300|s6,0.000116195,0.004974853,0.019923788,0.000075069,0.000117496,0.000115540,0.000078517,0.000071386,0.000071203,0.000081212,0.000102702,0.000107098
main|astana_clinic|nc16|np5|br0.25|uniform|ms3|r300|s7,0.000119699,0.005217991,0.019242906,0.000081305,0.000126649,0.000127302,0.000087033,0.000087261,0.000080938,0.000078648,0.000093937,0.000082650
main|astana_clinic|nc16|np5|br0.25|uniform|ms3|r300|s8,0.000118976,0.004697709,0.018860424,0.000064607,0.000123417,0.000105933,0.000066820,0.000085205,0.000081885,0.000064450,0.000108225,0.000116671
main|astana_clinic|nc16|np5|br0.25|uniform|ms3|r300|s9,0.000121167,0.004850743,0.018853292,0.000037699,0.000070316,0.000068604,0.000038126,0.000072159,0.000074319,0.000038792,0.000071656,0.000071620
main|astana_clinic|nc16|np5|br0.25|random_1_100|ms3|r300|s0,0.000126853,0.005346333,0.021851606,0.000120890,0.000224082,0.000218044,0.000118845,0.000193842,0.000171623,0.000119584,0.000187575,0.000182559
main|astana_clinic|nc16|np5|br0.25|random_1_100|ms3|r300|s1,0.000183712,0.006408411,0.018794172,0.000049567,0.000088073,0.000093262,0.000052403,0.000089789,0.000097478,0.000070035,0.000089310,0.000084137
main|astana_clinic|nc16|np5|br0.25|random_1_100|ms3|r300|s2,0.000121372,0.004821492,0.019039913,0.000048304,0.000089028,0.000082108,0.000049794,0.000076904,0.000079403,0.000044793,0.000067870,0.000070878
main|astana_clinic|nc16|np5|br0.25|random_1_100|ms3|r300|s3,0.000125769,0.004772326,0.018786057,0.000067111,0.000117055,0.000107186,0.000062060,0.000104809,0.000102580,0.000063509,0.000101614,0.000102462
main|astana_clinic|nc16|np5|br0.25|random_1_100|ms3|r300|s4,0.000111744,0.004494802,0.019257827,0.000060817,0.000102824,0.000100430,0.000059266,0.000107516,0.000100666,0.000063063,0.000084754,0.000082708
main|astana_clinic|nc16|np5|br0.25|random_1_100|ms3|r300|s5,0.000123745,0.004754016,0.019559140,0.000068662,0.000084665,0.000083365,0.000051806,0.000085606,0.000080284,0.000054085,0.000059915,0.000063414
main|astana_clinic|nc16|np5|br0.25|random_1_100|ms3|r300|s6,0.000120393,0.004965660,0.019699811,0.000074185,0.000116168,0.000112339,0.000073455,0.000072051,0.000073633,0.000090701,0.000104626,0.000100763
main|astana_clinic|nc16|np5|br0.25|random_1_100|ms3|r300|s7,0.000120562,0.005065310,0.019746314,0.000093900,0.000181249,0.000226386,0.000099679,0.000087272,0.000088003,0.000080973,0.000084852,0.000104279
main|astana_clinic|nc16|np5|br0.25|random_1_100|ms3|r300|s8,0.000122719,0.004839685,0.019276645,0.000082399,0.000112771,0.000123853,0.000080018,0.000098263,0.000091716,0.000075704,0.000115107,0.000105094
main|astana_clinic|nc16|np5|br0.25|random_1_100|ms3|r300|s9,0.000124322,0.004985990,0.019297333,0.000036971,0.000077181,0.000069224,0.000035613,0.000077741,0.000075262,0.000045395,0.000076907,0.000070927
main|astana_clinic|nc16|np5|br0.25|one_heavy|ms3|r300|s0,0.000118343,0.005545122,0.020923799,0.000083968,0.000159231,0.000157787,0.000091420,0.000130283,0.000131865,0.000087856,0.000131299,0.000126500
main|astana_clinic|nc16|np5|br0.25|one_heavy|ms3|r300|s1,0.000114481,0.004480109,0.017836703,0.000043790,0.000084631,0.000081542,0.000048538,0.000078933,0.000083153,0.000045706,0.000082048,0.000079807
main|astana_clinic|nc16|np5|br0.25|one_heavy|ms3|r300|s2,0.000128450,0.004663450,0.017822444,0.000043526,0.000078903,0.000078916,0.000046179,0.000082089,0.000076881,0.000044687,0.000065045,0.000063925
main|astana_clinic|nc16|np5|br0.25|one_heavy|ms3|r300|s3,0.000110991,0.004583743,0.017730669,0.000060164,0.000121746,0.000110264,0.000064899,0.000116537,0.000113769,0.000064544,0.000105216,0.000105091
main|astana_clinic|nc16|np5|br0.25|one_heavy|ms3|r300|s4,0.000114772,0.004261873,0.018351728,0.000119747,0.000126891,0.000137876,0.000117420,0.000115536,0.000102183,0.000081593,0.000109866,0.000112738
main|astana_clinic|nc16|np5|br0.25|one_heavy|ms3|r300|s5,0.000114361,0.005113163,0.020778822,0.000069749,0.000086017,0.000099594,0.000056605,0.000096747,0.000086433,0.000057258,0.000069679,0.000062789
main|astana_clinic|nc16|np5|br0.25|one_heavy|ms3|r300|s6,0.000133994,0.005147649,0.020656174,0.000083077,0.000119312,0.000129208,0.000076266,0.000070353,0.000069325,0.000074629,0.000101857,0.000103040
main|astana_clinic|nc16|np5|br0.25|one_heavy|ms3|r300|s7,0.000118144,0.005127282,0.020560680,0.000084545,0.000133771,0.000164506,0.000100774,0.000100686,0.000090212,0.000084923,0.000092604,0.000085438
main|astana_clinic|nc16|np5|br0.25|one_heavy|ms3|r300|s8,0.000132537,0.004872435,0.018694892,0.000061943,0.000103576,0.000097667,0.000061764,0.000082244,0.000078162,0.000061743,0.000104913,0.000101647
main|astana_clinic|nc16|np5|br0.25|one_heavy|ms3|r300|s9,0.000136894,0.004686445,0.018545926,0.000036227,0.000066912,0.000066272,0.000033799,0.000090727,0.000070897,0.000036439,0.000070355,0.000067079
main|astana_clinic|nc16|np5|br0.5|uniform|ms3|r300|s0,0.000115646,0.006555206,0.023001890,0.000150418,0.000203881,0.000202547,0.000154762,0.000197348,0.000189388,0.000149652,0.000156355,0.000154013
main|astana_clinic|nc16|np5|br0.5|uniform|ms3|r300|s1,0.000113674,0.004814464,0.019932468,0.000133863,0.000212087,0.000224439,0.000132897,0.000217548,0.000205052,0.000135940,0.000208109,0.000207779
main|astana_clinic|nc16|np5|br0.5|uniform|ms3|r300|s2,0.000168670,0.008332574,0.031662252,0.000119338,0.000265273,0.000284202,0.000120180,0.000214828,0.000216429,0.000126880,0.000186203,0.000184108
main|astana_clinic|nc16|np5|br0.5|uniform|ms3|r300|s3,0.000176812,0.008641916,0.020261794,0.000094901,0.000162494,0.000154891,0.000097820,0.000153167,0.000154916,0.000100593,0.000150337,0.000152552
main|astana_clinic|nc16|np5|br0.5|uniform|ms3|r300|s4,0.000109563,0.005730517,0.020441032,0.000087150,0.000168023,0.000158235,0.000086678,0.000174360,0.000162702,0.000082934,0.000135171,0.000137590
main|astana_clinic|nc16|np5|br0.5|uniform|ms3|r300|s5,0.000115278,0.005025889,0.018530886,0.000066327,0.000169260,0.000162142,0.000067336,0.000158544,0.000153344,0.000065295,0.000099984,0.000100137
main|astana_clinic|nc16|np5|br0.5|uniform|ms3|r300|s6,0.000115502,0.005516585,0.019650650,0.000124804,0.000188789,0.000172248,0.000123943,0.000094761,0.000095123,0.000125504,0.000149713,0.000141418
main|astana_clinic|nc16|np5|br0.5|uniform|ms3|r300|s7,0.000107658,0.005398897,0.019624537,0.000081970,0.000176838,0.000162577,0.000081570,0.000094927,0.000094480,0.000085650,0.000112894,0.000095914
main|astana_clinic|nc16|np5|br0.5|uniform|ms3|r300|s8,0.000101141,0.005134162,0.017137523,0.000070822,0.000120837,0.000119624,0.000069868,0.000114328,0.000115185,0.000086185,0.000124994,0.000132201
main|astana_clinic|nc16|np5|br0.5|uniform|ms3|r300|s9,0.000098289,0.005437933,0.020616850,0.000066992,0.000105233,0.000104242,0.000055444,0.000107062,0.000106468,0.000055880,0.000119462,0.000105057
main|astana_clinic|nc16|np5|br0.5|random_1_100|ms3|r300|s0,0.000117238,0.006772231,0.024163088,0.000167145,0.000225449,0.000215786,0.000145659,0.000195664,0.000198525,0.000148875,0.000164375,0.000168164
main|astana_clinic|nc16|np5|br0.5|random_1_100|ms3|r300|s1,0.000118100,0.005345453,0.020242049,0.000103828,0.000173530,0.000156350,0.000102153,0.000158478,0.000163936,0.000103932,0.000154273,0.000159067
main|astana_clinic|nc16|np5|br0.5|random_1_100|ms3|r300|s2,0.000122069,0.005693035,0.021601881,0.000105391,0.000200935,0.000193089,0.000090802,0.000160863,0.000155034,0.000092889,0.000135114,0.000134790
main|astana_clinic|nc16|np5|br0.5|random_1_100|ms3|r300|s3,0.000117728,0.005993021,0.022571184,0.000102202,0.000162733,0.000167416,0.000112595,0.000194487,0.000176273,0.000103105,0.000171889,0.000157184
main|astana_clinic|nc16|np5|br0.5|random_1_100|ms3|r300|s4,0.000129778,0.006280169,0.022021290,0.000092393,0.000204743,0.000207494,0.000108888,0.000176037,0.000175878,0.000094881,0.000142701,0.000141934
main|astana_clinic|nc16|np5|br0.5|random_1_100|ms3|r300|s5,0.000117409,0.005638342,0.021114468,0.000083825,0.000189380,0.000242449,0.000087656,0.000172317,0.000173085,0.000068694,0.000118140,0.000111113
main|astana_clinic|nc16|np5|br0.5|random_1_100|ms3|r300|s6,0.000133753,0.006564319,0.022617614,0.000142492,0.000211314,0.000204385,0.000140397,0.000123810,0.000104794,0.000159565,0.000164344,0.000155860
main|astana_clinic|nc16|np5|br0.5|random_1_100|ms3|r300|s7,0.000119079,0.006210441,0.022201471,0.000085892,0.000227152,0.000233938,0.000084542,0.000108910,0.000109268,0.000083112,0.000104975,0.000103475
main|astana_clinic|nc16|np5|br0.5|random_1_100|ms3|r300|s8,0.000146546,0.006189480,0.021579983,0.000096983,0.000148634,0.000141747,0.000086393,0.000141435,0.000144025,0.000111450,0.000157747,0.000155145
main|astana_clinic|nc16|np5|br0.5|random_1_100|ms3|r300|s9,0.000118154,0.005537990,0.021299987,0.000061504,0.000108646,0.000104278,0.000075740,0.000128417,0.000130688,0.000072739,0.000104460,0.000104876
main|astana_clinic|nc16|np5|br0.5|one_heavy|ms3|r300|s0,0.000118348,0.006892843,0.024687178,0.000142753,0.000212365,0.000212689,0.000148432,0.000215908,0.000230267,0.000148113,0.000171549,0.000157613
main|astana_clinic|nc16|np5|br0.5|one_heavy|ms3|r300|s1,0.000136172,0.005541523,0.017926539,0.000089957,0.000149424,0.000141513,0.000096348,0.000144711,0.000150301,0.000094403,0.000142335,0.000144235
main|astana_clinic|nc16|np5|br0.5|one_heavy|ms3|r300|s2,0.000105767,0.005116631,0.018972289,0.000083817,0.000170452,0.000165572,0.000085135,0.000138992,0.000137333,0.000083989,0.000119997,0.000115532
main|astana_clinic|nc16|np5|br0.5|one_heavy|ms3|r300|s3,0.000108642,0.005286930,0.023818718,0.000152893,0.000245186,0.000231467,0.000139531,0.000238813,0.000245061,0.000155202,0.000238150,0.000244247
main|astana_clinic|nc16|np5|br0.5|one_heavy|ms3|r300|s4,0.000184141,0.009382732,0.022250208,0.000089156,0.000171921,0.000177677,0.000090398,0.000175982,0.000169769,0.000091114,0.000140280,0.000136488
main|astana_clinic|nc16|np5|br0.5|one_heavy|ms3|r300|s5,0.000125476,0.005523059,0.022066891,0.000072842,0.000173090,0.000176438,0.000073196,0.000170919,0.000158065,0.000074139,0.000105473,0.000107190
main|astana_clinic|nc16|np5|br0.5|one_heavy|ms3|r300|s6,0.000118284,0.006282003,0.023274857,0.000217535,0.000294126,0.000294894,0.000209672,0.000157667,0.000151049,0.000185261,0.000233257,0.000234058
main|astana_clinic|nc16|np5|br0.5|one_heavy|ms3|r300|s7,0.000189738,0.007206831,0.028357262,0.000152733,0.000304365,0.000296490,0.000159396,0.000157272,0.000149099,0.000150871,0.000149425,0.000149246
main|astana_clinic|nc16|np5|br0.5|one_heavy|ms3|r300|s8,0.000188837,0.008649495,0.023147312,0.000123614,0.000213534,0.000202275,0.000117304,0.000185743,0.000189539,0.000143397,0.000219507,0.000229631
main|astana_clinic|nc16|np5|br0.5|one_heavy|ms3|r300|s9,0.000187449,0.007856529,0.020527835,0.000060985,0.000114334,0.000104415,0.000054725,0.000116166,0.000127525,0.000066796,0.000114547,0.000111574
main|astana_clinic|nc16|np5|br0.75|uniform|ms3|r300|s0,0.000135063,0.007830315,0.027141063,0.000154366,0.000217932,0.000283497,0.000153179,0.000218176,0.000215422,0.000155331,0.000187056,0.000158965
main|astana_clinic|nc16|np5|br0.75|uniform|ms3|r300|s1,0.000118839,0.006731607,0.023949857,0.000120385,0.000166476,0.000156668,0.000107104,0.000165256,0.000157110,0.000108235,0.000188038,0.000178933
main|astana_clinic|nc16|np5|br0.75|uniform|ms3|r300|s2,0.000116519,0.007257023,0.024279264,0.000140162,0.000214431,0.000263397,0.000164464,0.000164748,0.000157201,0.000156316,0.000155138,0.000157596
main|astana_clinic|nc16|np5|br0.75|uniform|ms3|r300|s3,0.000120898,0.007658667,0.025481839,0.000117609,0.000193245,0.000169544,0.000119891,0.000182563,0.000168724,0.000123072,0.000182953,0.000157470
main|astana_clinic|nc16|np5|br0.75|uniform|ms3|r300|s4,0.000121019,0.007530963,0.025122090,0.000104376,0.000207482,0.000214557,0.000105925,0.000217863,0.000201429,0.000107850,0.000162848,0.000160721
main|astana_clinic|nc16|np5|br0.75|uniform|ms3|r300|s5,0.000122320,0.006949752,0.023986142,0.000111703,0.000220736,0.000212346,0.000103814,0.000174336,0.000167273,0.000109453,0.000121804,0.000113163
main|astana_clinic|nc16|np5|br0.75|uniform|ms3|r300|s6,0.000139471,0.007655802,0.025817510,0.000148864,0.000219538,0.000207897,0.000176724,0.000107724,0.000108100,0.000152189,0.000167324,0.000157505
main|astana_clinic|nc16|np5|br0.75|uniform|ms3|r300|s7,0.000117834,0.007375852,0.025007796,0.000163756,0.000233354,0.000206620,0.000153707,0.000109450,0.000105110,0.000155296,0.000117920,0.000131033
main|astana_clinic|nc16|np5|br0.75|uniform|ms3|r300|s8,0.000127467,0.007342403,0.025087753,0.000142141,0.000202883,0.000196887,0.000143394,0.000157850,0.000169800,0.000138751,0.000159577,0.000151214
main|astana_clinic|nc16|np5|br0.75|uniform|ms3|r300|s9,0.000132500,0.007135162,0.024078337,0.000056357,0.000112434,0.000101495,0.000061315,0.000107987,0.000106065,0.000056031,0.000108410,0.000106458
main|astana_clinic|nc16|np5|br0.75|random_1_100|ms3|r300|s0,0.000117233,0.007617817,0.026869455,0.000151599,0.000252094,0.000219516,0.000156591,0.000216561,0.000256035,0.000157089,0.000158975,0.000155188
main|astana_clinic|nc16|np5|br0.75|random_1_100|ms3|r300|s1,0.000121016,0.006912284,0.023577153,0.000104588,0.000173699,0.000153661,0.000103575,0.000155675,0.000156019,0.000105541,0.000168046,0.000155043
main|astana_clinic|nc16|np5|br0.75|random_1_100|ms3|r300|s2,0.000122567,0.007175963,0.024544176,0.000151388,0.000215390,0.000224130,0.000162348,0.000162856,0.000162760,0.000154558,0.000165658,0.000157762
main|astana_clinic|nc16|np5|br0.75|random_1_100|ms3|r300|s3,0.000120884,0.007388724,0.022398505,0.000092372,0.000153715,0.000139490,0.000090431,0.000148074,0.000146621,0.000098829,0.000140846,0.000140827
main|astana_clinic|nc16|np5|br0.75|random_1_100|ms3|r300|s4,0.000103832,0.006572288,0.021999230,0.000095628,0.000189534,0.000176510,0.000099295,0.000193860,0.000187536,0.000095222,0.000146916,0.000147183
main|astana_clinic|nc16|np5|br0.75|random_1_100|ms3|r300|s5,0.000113948,0.006305344,0.021462337,0.000095542,0.000188492,0.000170025,0.000096411,0.000142234,0.000141519,0.000090108,0.000105712,0.000108371
main|astana_clinic|nc16|np5|br0.75|random_1_100|ms3|r300|s6,0.000121812,0.006449598,0.023137809,0.000134215,0.000188364,0.000196242,0.000137322,0.000099804,0.000117056,0.000163222,0.000145328,0.000141431
main|astana_clinic|nc16|np5|br0.75|random_1_100|ms3|r300|s7,0.000106059,0.006861065,0.024224965,0.000140645,0.000208979,0.000209838,0.000144374,0.000107357,0.000110029,0.000158874,0.000111577,0.000103801
main|astana_clinic|nc16|np5|br0.75|random_1_100|ms3|r300|s8,0.000113568,0.007595478,0.024237459,0.000140546,0.000187453,0.000192838,0.000139462,0.000152250,0.000152334,0.000145501,0.000153567,0.000156491
main|astana_clinic|nc16|np5|br0.75|random_1_100|ms3|r300|s9,0.000154945,0.006750031,0.023669164,0.000057696,0.000103320,0.000101056,0.000054203,0.000103917,0.000101441,0.000056379,0.000104626,0.000106688
main|astana_clinic|nc16|np5|br0.75|one_heavy|ms3|r300|s0,0.000118281,0.007109028,0.024513373,0.000136339,0.000214591,0.000207523,0.000147369,0.000192631,0.000215003,0.000151634,0.000177276,0.000163354
main|astana_clinic|nc16|np5|br0.75|one_heavy|ms3|r300|s1,0.000113568,0.006210114,0.019327142,0.000092778,0.000143240,0.000138206,0.000094225,0.000145834,0.000141089,0.000092995,0.000142400,0.000142451
main|astana_clinic|nc16|np5|br0.75|one_heavy|ms3|r300|s2,0.000105519,0.006395079,0.019979656,0.000133494,0.000210751,0.000192607,0.000134815,0.000145563,0.000142777,0.000129936,0.000142155,0.000140288
main|astana_clinic|nc16|np5|br0.75|one_heavy|ms3|r300|s3,0.000109447,0.006582484,0.020696070,0.000095576,0.000142590,0.000142675,0.000094330,0.000154022,0.000146842,0.000099050,0.000146496,0.000144500
main|astana_clinic|nc16|np5|br0.75|one_heavy|ms3|r300|s4,0.000107198,0.006545326,0.021177924,0.000085981,0.000174226,0.000163972,0.000092291,0.000194174,0.000166903,0.000088233,0.000131987,0.000127553
main|astana_clinic|nc16|np5|br0.75|one_heavy|ms3|r300|s5,0.000099792,0.006007660,0.021672778,0.000107794,0.000226775,0.000210383,0.000102192,0.000171791,0.000162228,0.000109418,0.000110190,0.000105732
main|astana_clinic|nc16|np5|br0.75|one_heavy|ms3|r300|s6,0.000123799,0.007333766,0.026481998,0.000249397,0.000227180,0.000211219,0.000165783,0.000098349,0.000095228,0.000151554,0.000149978,0.000138245
main|astana_clinic|nc16|np5|br0.75|one_heavy|ms3|r300|s7,0.000122636,0.006542170,0.025416249,0.000169203,0.000204153,0.000258724,0.000188694,0.000134258,0.000130617,0.000176156,0.000128107,0.000128069
main|astana_clinic|nc16|np5|br0.75|one_heavy|ms3|r300|s8,0.000164123,0.010530272,0.022355074,0.000129922,0.000176115,0.000178942,0.000124174,0.000140645,0.000137748,0.000127971,0.000136720,0.000137553
main|astana_clinic|nc16|np5|br0.75|one_heavy|ms3|r300|s9,0.000104396,0.006848196,0.023815154,0.000052684,0.000105685,0.000105568,0.000056538,0.000111634,0.000102121,0.000056398,0.000109741,0.000102365
main|astana_clinic|nc16|np5|br1.0|uniform|ms3|r300|s0,0.000119718,0.007495672,0.025187149,0.000147759,0.000214636,0.000200330,0.000143370,0.000208812,0.000194068,0.000150568,0.000158736,0.000147391
main|astana_clinic|nc16|np5|br1.0|uniform|ms3|r300|s1,0.000114240,0.007113676,0.023199686,0.000099700,0.000145629,0.000154872,0.000100514,0.000157903,0.000150023,0.000102493,0.000177590,0.000149070
main|astana_clinic|nc16|np5|br1.0|uniform|ms3|r300|s2,0.000115328,0.007050218,0.026340827,0.000201276,0.000285477,0.000309414,0.000206271,0.000233839,0.000211133,0.000211064,0.000211230,0.000204970
main|astana_clinic|nc16|np5|br1.0|uniform|ms3|r300|s3,0.000110457,0.009763661,0.025974360,0.000130025,0.000200269,0.000188091,0.000114648,0.000169035,0.000198986,0.000101160,0.000215061,0.000184271
main|astana_clinic|nc16|np5|br1.0|uniform|ms3|r300|s4,0.000139063,0.009979529,0.025756324,0.000100562,0.000202537,0.000193414,0.000101469,0.000196101,0.000193724,0.000104514,0.000158061,0.000153440
main|astana_clinic|nc16|np5|br1.0|uniform|ms3|r300|s5,0.000121839,0.007151798,0.027163845,0.000097895,0.000194442,0.000192774,0.000096217,0.000150147,0.000142769,0.000099686,0.000104988,0.000096897
main|astana_clinic|nc16|np5|br1.0|uniform|ms3|r300|s6,0.000111542,0.006957164,0.024569673,0.000140810,0.000203824,0.000194850,0.000133233,0.000098054,0.000107108,0.000145259,0.000147029,0.000146703
main|astana_clinic|nc16|np5|br1.0|uniform|ms3|r300|s7,0.000107684,0.007034397,0.024099482,0.000148898,0.000208054,0.000193890,0.000148032,0.000111597,0.000099333,0.000149322,0.000109061,0.000105287
main|astana_clinic|nc16|np5|br1.0|uniform|ms3|r300|s8,0.000110971,0.007027773,0.024500166,0.000161126,0.000222884,0.000210816,0.000160271,0.000158358,0.000165407,0.000156495,0.000170748,0.000156814
main|astana_clinic|nc16|np5|br1.0|uniform|ms3|r300|s9,0.000126016,0.007679616,0.025364460,0.000069955,0.000097329,0.000099186,0.000055169,0.000106611,0.000100680,0.000054120,0.000103717,0.000099389
main|astana_clinic|nc16|np5|br1.0|random_1_100|ms3|r300|s0,0.000112362,0.007325424,0.026149285,0.000143339,0.000215968,0.000223131,0.000147371,0.000212946,0.000256594,0.000154490,0.000161917,0.000154531
main|astana_clinic|nc16|np5|br1.0|random_1_100|ms3|r300|s1,0.000116555,0.007067629,0.023914189,0.000096106,0.000148886,0.000147146,0.000099254,0.000148393,0.000149466,0.000098558,0.000145373,0.000144740
main|astana_clinic|nc16|np5|br1.0|random_1_100|ms3|r300|s2,0.000115857,0.007174793,0.026502012,0.000159848,0.000216164,0.000212623,0.000148256,0.000170984,0.000161947,0.000160230,0.000166749,0.000168138
main|astana_clinic|nc16|np5|br1.0|random_1_100|ms3|r300|s3,0.000120264,0.007506920,0.026484148,0.000106193,0.000173981,0.000167636,0.000111727,0.000169654,0.000167366,0.000108358,0.000167486,0.000159433
main|astana_clinic|nc16|np5|br1.0|random_1_100|ms3|r300|s4,0.000114770,0.007630166,0.026278977,0.000108489,0.000209596,0.000218705,0.000103303,0.000213927,0.000219201,0.000106500,0.000157997,0.000156404
main|astana_clinic|nc16|np5|br1.0|random_1_100|ms3|r300|s5,0.000118169,0.007860572,0.026391308,0.000108358,0.000219942,0.000197365,0.000106212,0.000163574,0.000159276,0.000105571,0.000102943,0.000103538
main|astana_clinic|nc16|np5|br1.0|random_1_100|ms3|r300|s6,0.000118900,0.007702423,0.026251267,0.000151388,0.000222175,0.000209446,0.000145953,0.000112298,0.000108608,0.000152644,0.000167173,0.000156819
main|astana_clinic|nc16|np5|br1.0|random_1_100|ms3|r300|s7,0.000122479,0.007655073,0.026335862,0.000148859,0.000215177,0.000214851,0.000150530,0.000116349,0.000109349,0.000155649,0.000106531,0.000105954
main|astana_clinic|nc16|np5|br1.0|random_1_100|ms3|r300|s8,0.000119083,0.007702835,0.026328513,0.000149006,0.000220508,0.000209633,0.000156220,0.000172953,0.000159100,0.000156677,0.000160896,0.000158290
main|astana_clinic|nc16|np5|br1.0|random_1_100|ms3|r300|s9,0.000128071,0.007611347,0.025899334,0.000056544,0.000104084,0.000106226,0.000054852,0.000110628,0.000104139,0.000058760,0.000111959,0.000103794
main|astana_clinic|nc16|np5|br1.0|one_heavy|ms3|r300|s0,0.000120497,0.007564026,0.026094034,0.000145827,0.000216040,0.000208309,0.000149254,0.000213846,0.000206241,0.000156666,0.000169385,0.000166564
main|astana_clinic|nc16|np5|br1.0|one_heavy|ms3|r300|s1,0.000124168,0.007281542,0.024656709,0.000100388,0.000167410,0.000156954,0.000103796,0.000164074,0.000164134,0.000104136,0.000162060,0.000147789
main|astana_clinic|nc16|np5|br1.0|one_heavy|ms3|r300|s2,0.000120509,0.007431322,0.024894197,0.000149847,0.000212545,0.000197868,0.000162133,0.000155769,0.000157766,0.000157371,0.000154664,0.000152664
main|astana_clinic|nc16|np5|br1.0|one_heavy|ms3|r300|s3,0.000112639,0.007100640,0.024930679,0.000099440,0.000159862,0.000150834,0.000099410,0.000158780,0.000153652,0.000100974,0.000153478,0.000148179
main|astana_clinic|nc16|np5|br1.0|one_heavy|ms3|r300|s4,0.000113509,0.007204144,0.025043893,0.000116816,0.000195133,0.000207749,0.000117097,0.000199891,0.000213305,0.000111743,0.000165134,0.000160417
main|astana_clinic|nc16|np5|br1.0|one_heavy|ms3|r300|s5,0.000118375,0.007681681,0.025896947,0.000150089,0.000306684,0.000316869,0.000160294,0.000252228,0.000245154,0.000142226,0.000165362,0.000156625
main|astana_clinic|nc16|np5|br1.0|one_heavy|ms3|r300|s6,0.000215235,0.011732190,0.025675286,0.000139974,0.000202292,0.000190492,0.000139470,0.000100888,0.000102554,0.000143896,0.000149333,0.000145982
main|astana_clinic|nc16|np5|br1.0|one_heavy|ms3|r300|s7,0.000116114,0.007208736,0.025137942,0.000142861,0.000204628,0.000203445,0.000140580,0.000104513,0.000098282,0.000177479,0.000126386,0.000117137
main|astana_clinic|nc16|np5|br1.0|one_heavy|ms3|r300|s8,0.000116878,0.007874638,0.026691571,0.000150253,0.000210971,0.000213083,0.000151107,0.000157679,0.000157797,0.000152878,0.000174089,0.000154160
main|astana_clinic|nc16|np5|br1.0|one_heavy|ms3|r300|s9,0.000120701,0.007802829,0.026230484,0.000055210,0.000110872,0.000103408,0.000054421,0.000105710,0.000105545,0.000056813,0.000107867,0.000105663
main|astana_clinic|nc16|np15|br0.25|uniform|ms3|r300|s0,0.000338674,0.005474507,0.025284054,0.000206741,0.000306349,0.000306894,0.000145511,0.000230727,0.000231140,0.000205051,0.000237555,0.000230975
main|astana_clinic|nc16|np15|br0.25|uniform|ms3|r300|s1,0.000499898,0.004502533,0.017585723,0.000063390,0.000127593,0.000119993,0.000057649,0.000107230,0.000110127,0.000067084,0.000121501,0.000120416
main|astana_clinic|nc16|np15|br0.25|uniform|ms3|r300|s2,0.000345661,0.004582996,0.018019874,0.000056836,0.000130458,0.000126143,0.000062285,0.000105514,0.000103685,0.000057575,0.000123178,0.000116586
main|astana_clinic|nc16|np15|br0.25|uniform|ms3|r300|s3,0.000316582,0.004601025,0.017663185,0.000068859,0.000176982,0.000155401,0.000061146,0.000152699,0.000159151,0.000067654,0.000141560,0.000121317
main|astana_clinic|nc16|np15|br0.25|uniform|ms3|r300|s4,0.000327667,0.004498600,0.017717960,0.000089354,0.000155904,0.000167507,0.000086755,0.000151112,0.000146152,0.000084183,0.000140262,0.000140034
main|astana_clinic|nc16|np15|br0.25|uniform|ms3|r300|s5,0.000333429,0.004669056,0.018625455,0.000085266,0.000132865,0.000137881,0.000086820,0.000078594,0.000084618,0.000084624,0.000118434,0.000119381
main|astana_clinic|nc16|np15|br0.25|uniform|ms3|r300|s6,0.000340628,0.005429628,0.028785610,0.000079366,0.000244879,0.000229679,0.000085712,0.000147179,0.000137334,0.000083946,0.000224690,0.000211426
main|astana_clinic|nc16|np15|br0.25|uniform|ms3|r300|s7,0.000554176,0.006907044,0.018537761,0.000077144,0.000171737,0.000162599,0.000077629,0.000143726,0.000128055,0.000075119,0.000136478,0.000128939
main|astana_clinic|nc16|np15|br0.25|uniform|ms3|r300|s8,0.000322924,0.004381088,0.017891669,0.000106553,0.000167456,0.000165607,0.000105588,0.000150075,0.000147813,0.000093077,0.000143575,0.000137815
main|astana_clinic|nc16|np15|br0.25|uniform|ms3|r300|s9,0.000323181,0.004533279,0.017663031,0.000053100,0.000105338,0.000104829,0.000051746,0.000098825,0.000098740,0.000055036,0.000104903,0.000101489
main|astana_clinic|nc16|np15|br0.25|random_1_100|ms3|r300|s0,0.000323601,0.004927315,0.018892037,0.000142983,0.000241741,0.000254865,0.000117671,0.000184615,0.000168228,0.000153808,0.000177523,0.000176497
main|astana_clinic|nc16|np15|br0.25|random_1_100|ms3|r300|s1,0.000313628,0.004300904,0.016716712,0.000097040,0.000167009,0.000169307,0.000088040,0.000161895,0.000158268,0.000075014,0.000177079,0.000177703
main|astana_clinic|nc16|np15|br0.25|random_1_100|ms3|r300|s2,0.000564531,0.006577759,0.026479187,0.000077058,0.000146709,0.000142665,0.000066317,0.000120151,0.000103113,0.000075500,0.000133751,0.000123758
main|astana_clinic|nc16|np15|br0.25|random_1_100|ms3|r300|s3,0.000326504,0.004705703,0.019020185,0.000067022,0.000128940,0.000125237,0.000063129,0.000167658,0.000153330,0.000062354,0.000127146,0.000127303
main|astana_clinic|nc16|np15|br0.25|random_1_100|ms3|r300|s4,0.000338111,0.004545298,0.019455039,0.000084427,0.000159036,0.000148464,0.000083363,0.000135260,0.000140928,0.000081726,0.000144358,0.000140272
main|astana_clinic|nc16|np15|br0.25|random_1_100|ms3|r300|s5,0.000328871,0.004453049,0.019991978,0.000099812,0.000171438,0.000149941,0.000098202,0.000088843,0.000086375,0.000097700,0.000127462,0.000136782
main|astana_clinic|nc16|np15|br0.25|random_1_100|ms3|r300|s6,0.000352612,0.005137288,0.020718590,0.000085718,0.000171820,0.000184180,0.000096701,0.000099947,0.000102641,0.000057172,0.000169309,0.000184087
main|astana_clinic|nc16|np15|br0.25|random_1_100|ms3|r300|s7,0.000331803,0.005288595,0.020152521,0.000084418,0.000226238,0.000159624,0.000084475,0.000154409,0.000150908,0.000091485,0.000144703,0.000137224
main|astana_clinic|nc16|np15|br0.25|random_1_100|ms3|r300|s8,0.000384349,0.004996623,0.019863338,0.000106267,0.000182899,0.000162407,0.000108895,0.000154019,0.000165457,0.000104180,0.000147404,0.000144139
main|astana_clinic|nc16|np15|br0.25|random_1_100|ms3|r300|s9,0.000330634,0.005054096,0.017850139,0.000047972,0.000110450,0.000106782,0.000050795,0.000095605,0.000091121,0.000057163,0.000106263,0.000107538
main|astana_clinic|nc16|np15|br0.25|one_heavy|ms3|r300|s0,0.000305669,0.004855342,0.018726523,0.000153137,0.000209910,0.000207520,0.000117904,0.000165178,0.000161884,0.000145297,0.000177009,0.000173114
main|astana_clinic|nc16|np15|br0.25|one_heavy|ms3|r300|s1,0.000328275,0.004412194,0.018628312,0.000069847,0.000134486,0.000119834,0.000063120,0.000118207,0.000107590,0.000075213,0.000135324,0.000122260
main|astana_clinic|nc16|np15|br0.25|one_heavy|ms3|r300|s2,0.000327449,0.004779169,0.020373849,0.000063209,0.000138812,0.000138823,0.000065044,0.000111113,0.000113941,0.000065441,0.000134898,0.000130373
main|astana_clinic|nc16|np15|br0.25|one_heavy|ms3|r300|s3,0.000521253,0.005219839,0.019088882,0.000064166,0.000171128,0.000154844,0.000060932,0.000159456,0.000159673,0.000067051,0.000131387,0.000130514
main|astana_clinic|nc16|np15|br0.25|one_heavy|ms3|r300|s4,0.000347165,0.004552808,0.018688573,0.000091706,0.000160126,0.000161566,0.000088289,0.000145304,0.000150109,0.000088391,0.000149735,0.000142633
main|astana_clinic|nc16|np15|br0.25|one_heavy|ms3|r300|s5,0.000357739,0.004818925,0.019043789,0.000089994,0.000138065,0.000135564,0.000083777,0.000080764,0.000081186,0.000088738,0.000125003,0.000124359
main|astana_clinic|nc16|np15|br0.25|one_heavy|ms3|r300|s6,0.000337982,0.005139474,0.020268324,0.000075330,0.000171116,0.000173239,0.000057620,0.000099778,0.000096594,0.000056653,0.000166825,0.000199475
main|astana_clinic|nc16|np15|br0.25|one_heavy|ms3|r300|s7,0.000344459,0.005177495,0.020379003,0.000103977,0.000167573,0.000168968,0.000076537,0.000134667,0.000137412,0.000079912,0.000135791,0.000135532
main|astana_clinic|nc16|np15|br0.25|one_heavy|ms3|r300|s8,0.000333330,0.004676329,0.019545990,0.000102137,0.000184815,0.000166493,0.000108122,0.000159134,0.000156267,0.000111251,0.000151175,0.000143766
main|astana_clinic|nc16|np15|br0.25|one_heavy|ms3|r300|s9,0.000339444,0.004779205,0.019104134,0.000056267,0.000124233,0.000117031,0.000053546,0.000106187,0.000107233,0.000057468,0.000107191,0.000110734
main|astana_clinic|nc16|np15|br0.5|uniform|ms3|r300|s0,0.000387519,0.008127934,0.027067607,0.000320999,0.000452068,0.000445373,0.000353498,0.000486276,0.000445159,0.000339574,0.000353930,0.000370446
main|astana_clinic|nc16|np15|br0.5|uniform|ms3|r300|s1,0.000633680,0.007658316,0.028522105,0.000240622,0.000399677,0.000348969,0.000242207,0.000295724,0.000217507,0.000169123,0.000347445,0.000263363
main|astana_clinic|nc16|np15|br0.5|uniform|ms3|r300|s2,0.000480177,0.008481752,0.022678590,0.000116663,0.000310352,0.000286557,0.000119003,0.000260458,0.000254998,0.000113975,0.000273340,0.000281072
main|astana_clinic|nc16|np15|br0.5|uniform|ms3|r300|s3,0.000337736,0.006184522,0.021768267,0.000170981,0.000299427,0.000294527,0.000162922,0.000292217,0.000287818,0.000171428,0.000262378,0.000258901
main|astana_clinic|nc16|np15|br0.5|uniform|ms3|r300|s4,0.000335251,0.005811959,0.031975526,0.000170617,0.000409950,0.000450108,0.000176959,0.000391069,0.000367801,0.000179019,0.000345308,0.000327720
main|astana_clinic|nc16|np15|br0.5|uniform|ms3|r300|s5,0.000521331,0.008062813,0.020474127,0.000151581,0.000346099,0.000329549,0.000126338,0.000200519,0.000201708,0.000165736,0.000243548,0.000249696
main|astana_clinic|nc16|np15|br0.5|uniform|ms3|r300|s6,0.000320688,0.006135164,0.022153051,0.000112676,0.000304549,0.000288427,0.000110759,0.000132616,0.000135532,0.000146845,0.000271936,0.000271911
main|astana_clinic|nc16|np15|br0.5|uniform|ms3|r300|s7,0.000345398,0.006237109,0.022580684,0.000207092,0.000340862,0.000331852,0.000214681,0.000258700,0.000278178,0.000163206,0.000251170,0.000245167
main|astana_clinic|nc16|np15|br0.5|uniform|ms3|r300|s8,0.000389397,0.006579737,0.023703363,0.000131222,0.000311027,0.000305236,0.000161974,0.000210755,0.000225620,0.000143179,0.000212344,0.000222492
main|astana_clinic|nc16|np15|br0.5|uniform|ms3|r300|s9,0.000332073,0.005569893,0.020549923,0.000171855,0.000269050,0.000265382,0.000163524,0.000265665,0.000286947,0.000168158,0.000259908,0.000262615
main|astana_clinic|nc16|np15|br0.5|random_1_100|ms3|r300|s0,0.000514490,0.009231148,0.026679124,0.000196116,0.000369676,0.000389250,0.000252649,0.000326752,0.000302108,0.000211679,0.000251808,0.000207864
main|astana_clinic|nc16|np15|br0.5|random_1_100|ms3|r300|s1,0.000311348,0.005018369,0.019997534,0.000194969,0.000256914,0.000303960,0.000210038,0.000228073,0.000230734,0.000153239,0.000268493,0.000262603
main|astana_clinic|nc16|np15|br0.5|random_1_100|ms3|r300|s2,0.000336658,0.005592312,0.021229523,0.000153102,0.000355014,0.000344421,0.000109641,0.000292148,0.000304561,0.000174605,0.000268980,0.000269499
main|astana_clinic|nc16|np15|br0.5|random_1_100|ms3|r300|s3,0.000391818,0.005665992,0.020578143,0.000165031,0.000290674,0.000233251,0.000151592,0.000290165,0.000278975,0.000174966,0.000231757,0.000237343
main|astana_clinic|nc16|np15|br0.5|random_1_100|ms3|r300|s4,0.000297762,0.005675482,0.019826939,0.000114709,0.000242355,0.000231416,0.000107424,0.000259609,0.000258916,0.000112659,0.000201987,0.000195425
main|astana_clinic|nc16|np15|br0.5|random_1_100|ms3|r300|s5,0.000295644,0.004633117,0.017688446,0.000166011,0.000395493,0.000395624,0.000152914,0.000285503,0.000249157,0.000166608,0.000317653,0.000320073
main|astana_clinic|nc16|np15|br0.5|random_1_100|ms3|r300|s6,0.000493646,0.008545983,0.031433777,0.000165277,0.000375108,0.000359318,0.000178008,0.000190643,0.000177082,0.000205020,0.000375114,0.000429505
main|astana_clinic|nc16|np15|br0.5|random_1_100|ms3|r300|s7,0.000335894,0.006315044,0.022730084,0.000168502,0.000279642,0.000274214,0.000184162,0.000251479,0.000297184,0.000156682,0.000239556,0.000229536
main|astana_clinic|nc16|np15|br0.5|random_1_100|ms3|r300|s8,0.000327562,0.006221884,0.022191727,0.000107601,0.000230351,0.000228357,0.000185662,0.000290174,0.000282412,0.000165706,0.000263528,0.000243030
main|astana_clinic|nc16|np15|br0.5|random_1_100|ms3|r300|s9,0.000362111,0.007972840,0.028821163,0.000170747,0.000337624,0.000361001,0.000187776,0.000307445,0.000265737,0.000181868,0.000331957,0.000312035
main|astana_clinic|nc16|np15|br0.5|one_heavy|ms3|r300|s0,0.000510369,0.010241124,0.023338520,0.000207039,0.000316506,0.000315157,0.000206553,0.000277629,0.000269468,0.000193267,0.000220466,0.000199576
main|astana_clinic|nc16|np15|br0.5|one_heavy|ms3|r300|s1,0.000314447,0.004993529,0.020607608,0.000215391,0.000301268,0.000293098,0.000182483,0.000230281,0.000235751,0.000199538,0.000288259,0.000332652
main|astana_clinic|nc16|np15|br0.5|one_heavy|ms3|r300|s2,0.000347693,0.006124555,0.022071298,0.000120719,0.000297880,0.000287675,0.000131131,0.000335813,0.000273925,0.000120235,0.000296209,0.000267856
main|astana_clinic|nc16|np15|br0.5|one_heavy|ms3|r300|s3,0.000339707,0.006354183,0.021863179,0.000199851,0.000307096,0.000316191,0.000160627,0.000303500,0.000296139,0.000170804,0.000256893,0.000254728
main|astana_clinic|nc16|np15|br0.5|one_heavy|ms3|r300|s4,0.000354602,0.006441885,0.021774396,0.000120342,0.000343817,0.000298114,0.000122843,0.000288591,0.000282922,0.000128400,0.000241768,0.000237328
main|astana_clinic|nc16|np15|br0.5|one_heavy|ms3|r300|s5,0.000506456,0.005539216,0.020588453,0.000161776,0.000316879,0.000308915,0.000126436,0.000208738,0.000202389,0.000162053,0.000269865,0.000257865
main|astana_clinic|nc16|np15|br0.5|one_heavy|ms3|r300|s6,0.000338976,0.006418048,0.022603535,0.000117445,0.000312512,0.000311315,0.000120747,0.000151562,0.000144332,0.000164240,0.000293905,0.000311360
main|astana_clinic|nc16|np15|br0.5|one_heavy|ms3|r300|s7,0.000358676,0.006423857,0.022820725,0.000194309,0.000319611,0.000317900,0.000183882,0.000256103,0.000262177,0.000177139,0.000299387,0.000238019
main|astana_clinic|nc16|np15|br0.5|one_heavy|ms3|r300|s8,0.000361499,0.006225609,0.022187694,0.000115536,0.000300294,0.000293018,0.000163515,0.000228090,0.000217929,0.000143172,0.000216810,0.000216475
main|astana_clinic|nc16|np15|br0.5|one_heavy|ms3|r300|s9,0.000331709,0.005541558,0.020494932,0.000142630,0.000221228,0.000223938,0.000132747,0.000217032,0.000205396,0.000133857,0.000228399,0.000214530
main|astana_clinic|nc16|np15|br0.75|uniform|ms3|r300|s0,0.000332975,0.008162841,0.028028520,0.000228689,0.000319663,0.000322782,0.000204714,0.000278568,0.000289504,0.000208271,0.000222090,0.000214962
main|astana_clinic|nc16|np15|br0.75|uniform|ms3|r300|s1,0.000355724,0.007345854,0.024238541,0.000231946,0.000316621,0.000305738,0.000199402,0.000211544,0.000208385,0.000198982,0.000333428,0.000291333
main|astana_clinic|nc16|np15|br0.75|uniform|ms3|r300|s2,0.000334909,0.007805799,0.023330618,0.000170484,0.000306709,0.000299817,0.000173318,0.000264979,0.000257438,0.000167311,0.000297396,0.000284921
main|astana_clinic|nc16|np15|br0.75|uniform|ms3|r300|s3,0.000310465,0.007277168,0.023689727,0.000190825,0.000290506,0.000287384,0.000197224,0.000272948,0.000268302,0.000184735,0.000261683,0.000264001
main|astana_clinic|nc16|np15|br0.75|uniform|ms3|r300|s4,0.000311980,0.007255188,0.023310231,0.000194042,0.000291980,0.000277212,0.000174453,0.000271151,0.000269109,0.000178108,0.000253477,0.000251722
main|astana_clinic|nc16|np15|br0.75|uniform|ms3|r300|s5,0.000309474,0.006557379,0.024823563,0.000193595,0.000292301,0.000344299,0.000149236,0.000244294,0.000287666,0.000194749,0.000285904,0.000277314
main|astana_clinic|nc16|np15|br0.75|uniform|ms3|r300|s6,0.000304727,0.007269873,0.024612665,0.000281604,0.000484222,0.000498581,0.000295524,0.000231726,0.000224311,0.000321504,0.000494035,0.000487394
main|astana_clinic|nc16|np15|br0.75|uniform|ms3|r300|s7,0.000573794,0.008088768,0.028518768,0.000199793,0.000368093,0.000346168,0.000215484,0.000301457,0.000339844,0.000252819,0.000434099,0.000295153
main|astana_clinic|nc16|np15|br0.75|uniform|ms3|r300|s8,0.000350042,0.009352855,0.026927933,0.000204080,0.000588833,0.000487669,0.000233123,0.000226439,0.000244266,0.000215182,0.000263451,0.000243300
main|astana_clinic|nc16|np15|br0.75|uniform|ms3|r300|s9,0.000432574,0.007944682,0.026519744,0.000206656,0.000312318,0.000314536,0.000214630,0.000288349,0.000292702,0.000231200,0.000319186,0.000317542
main|astana_clinic|nc16|np15|br0.75|random_1_100|ms3|r300|s0,0.000365898,0.008710337,0.030344865,0.000205671,0.000344616,0.000326487,0.000224989,0.000288873,0.000282463,0.000211926,0.000218475,0.000201178
main|astana_clinic|nc16|np15|br0.75|random_1_100|ms3|r300|s1,0.000303071,0.007551614,0.026868250,0.000198775,0.000319221,0.000306247,0.000212597,0.000227984,0.000218025,0.000214626,0.000314889,0.000353837
main|astana_clinic|nc16|np15|br0.75|random_1_100|ms3|r300|s2,0.000331204,0.007787978,0.026403996,0.000212287,0.000322216,0.000316946,0.000188537,0.000321702,0.000273678,0.000191246,0.000293800,0.000295893
main|astana_clinic|nc16|np15|br0.75|random_1_100|ms3|r300|s3,0.000326533,0.008298819,0.026549867,0.000205917,0.000333960,0.000297479,0.000205087,0.000299997,0.000299391,0.000220473,0.000345113,0.000301187
main|astana_clinic|nc16|np15|br0.75|random_1_100|ms3|r300|s4,0.000339718,0.008058576,0.026646265,0.000198817,0.000323041,0.000328556,0.000200475,0.000299614,0.000308228,0.000219676,0.000288093,0.000274688
main|astana_clinic|nc16|np15|br0.75|random_1_100|ms3|r300|s5,0.000366305,0.007123015,0.025528170,0.000303001,0.000435246,0.000455518,0.000248553,0.000378178,0.000385893,0.000307039,0.000428329,0.000435201
main|astana_clinic|nc16|np15|br0.75|random_1_100|ms3|r300|s6,0.000559861,0.012513532,0.040579465,0.000324438,0.000466596,0.000418966,0.000263443,0.000208770,0.000212215,0.000282150,0.000432009,0.000414022
main|astana_clinic|nc16|np15|br0.75|random_1_100|ms3|r300|s7,0.000537960,0.012009113,0.041118320,0.000276519,0.000458018,0.000473631,0.000323840,0.000407324,0.000456545,0.000330431,0.000437879,0.000443438
main|astana_clinic|nc16|np15|br0.75|random_1_100|ms3|r300|s8,0.000579448,0.013201398,0.028511037,0.000234100,0.000310170,0.000341821,0.000206519,0.000268961,0.000232388,0.000210355,0.000229758,0.000270427
main|astana_clinic|nc16|np15|br0.75|random_1_100|ms3|r300|s9,0.000572597,0.008263467,0.030051885,0.000279077,0.000440118,0.000432312,0.000300811,0.000423911,0.000384851,0.000297091,0.000464128,0.000381185
main|astana_clinic|nc16|np15|br0.75|one_heavy|ms3|r300|s0,0.000403893,0.008755154,0.033845229,0.000267883,0.000375605,0.000357348,0.000212023,0.000334255,0.000375843,0.000226104,0.000335818,0.000237484
main|astana_clinic|nc16|np15|br0.75|one_heavy|ms3|r300|s1,0.000379938,0.007301064,0.023596130,0.000196030,0.000305434,0.000294410,0.000193900,0.000214744,0.000209762,0.000199959,0.000301995,0.000287076
main|astana_clinic|nc16|np15|br0.75|one_heavy|ms3|r300|s2,0.000309247,0.007619546,0.025237632,0.000170778,0.000305467,0.000376635,0.000268378,0.000339211,0.000359868,0.000193786,0.000324622,0.000309968
main|astana_clinic|nc16|np15|br0.75|one_heavy|ms3|r300|s3,0.000339836,0.008012413,0.027490861,0.000264107,0.000339576,0.000355741,0.000238495,0.000368276,0.000346750,0.000249176,0.000344569,0.000333215
main|astana_clinic|nc16|np15|br0.75|one_heavy|ms3|r300|s4,0.000417260,0.008445673,0.030868873,0.000199504,0.000341634,0.000317333,0.000217859,0.000319556,0.000355461,0.000223735,0.000339569,0.000302494
main|astana_clinic|nc16|np15|br0.75|one_heavy|ms3|r300|s5,0.000373611,0.007737862,0.025792495,0.000228771,0.000352784,0.000322170,0.000172828,0.000272980,0.000274060,0.000228257,0.000316953,0.000354985
main|astana_clinic|nc16|np15|br0.75|one_heavy|ms3|r300|s6,0.000348248,0.008216680,0.028021363,0.000191103,0.000368880,0.000319247,0.000188173,0.000146945,0.000153707,0.000208662,0.000344409,0.000327052
main|astana_clinic|nc16|np15|br0.75|one_heavy|ms3|r300|s7,0.000344048,0.008004183,0.026235033,0.000201430,0.000359829,0.000321012,0.000211738,0.000296237,0.000314108,0.000214049,0.000319054,0.000294162
main|astana_clinic|nc16|np15|br0.75|one_heavy|ms3|r300|s8,0.000330634,0.007801777,0.026285050,0.000191660,0.000299599,0.000311782,0.000203437,0.000214313,0.000197571,0.000190091,0.000216685,0.000213010
main|astana_clinic|nc16|np15|br0.75|one_heavy|ms3|r300|s9,0.000320104,0.006949778,0.025592299,0.000216415,0.000315476,0.000305514,0.000206999,0.000282998,0.000287943,0.000212074,0.000302895,0.000292803
main|astana_clinic|nc16|np15|br1.0|uniform|ms3|r300|s0,0.000345788,0.008387556,0.029619019,0.000213881,0.000364169,0.000309945,0.000206951,0.000309903,0.000287887,0.000218065,0.000254771,0.000281417
main|astana_clinic|nc16|np15|br1.0|uniform|ms3|r300|s1,0.000394593,0.009570457,0.039513106,0.000205853,0.000301304,0.000282020,0.000199281,0.000209530,0.000195814,0.000198586,0.000292579,0.000286465
main|astana_clinic|nc16|np15|br1.0|uniform|ms3|r300|s2,0.000372731,0.007788248,0.028634569,0.000241934,0.000471818,0.000431137,0.000266548,0.000392297,0.000336299,0.000257699,0.000320607,0.000316290
main|astana_clinic|nc16|np15|br1.0|uniform|ms3|r300|s3,0.000358758,0.009409279,0.029401975,0.000283751,0.000401029,0.000309925,0.000216332,0.000305509,0.000304403,0.000211358,0.000310792,0.000299658
main|astana_clinic|nc16|np15|br1.0|uniform|ms3|r300|s4,0.000343460,0.008250637,0.030838322,0.000191017,0.000327244,0.000286370,0.000199076,0.000295714,0.000273921,0.000206466,0.000275972,0.000274345
main|astana_clinic|nc16|np15|br1.0|uniform|ms3|r300|s5,0.000327297,0.007632334,0.024544285,0.000199870,0.000289091,0.000274068,0.000182166,0.000275964,0.000268111,0.000188314,0.000264742,0.000263380
main|astana_clinic|nc16|np15|br1.0|uniform|ms3|r300|s6,0.000307097,0.006766393,0.023808774,0.000200776,0.000318587,0.000328422,0.000208598,0.000149828,0.000145325,0.000218842,0.000335311,0.000320247
main|astana_clinic|nc16|np15|br1.0|uniform|ms3|r300|s7,0.000337812,0.009743537,0.031066177,0.000244131,0.000366442,0.000322767,0.000212966,0.000290181,0.000319829,0.000209171,0.000319949,0.000305438
main|astana_clinic|nc16|np15|br1.0|uniform|ms3|r300|s8,0.000338956,0.008360978,0.028679848,0.000289617,0.000412646,0.000444055,0.000267646,0.000303980,0.000313664,0.000310050,0.000331657,0.000285810
main|astana_clinic|nc16|np15|br1.0|uniform|ms3|r300|s9,0.000373313,0.011351306,0.030280082,0.000212043,0.000302494,0.000299815,0.000214027,0.000297997,0.000290028,0.000217521,0.000294126,0.000297717
main|astana_clinic|nc16|np15|br1.0|random_1_100|ms3|r300|s0,0.000336123,0.008604888,0.029115880,0.000213767,0.000345476,0.000333495,0.000204585,0.000295919,0.000302250,0.000234073,0.000250177,0.000236580
main|astana_clinic|nc16|np15|br1.0|random_1_100|ms3|r300|s1,0.000349265,0.007877524,0.025534494,0.000205366,0.000313120,0.000301191,0.000190751,0.000201299,0.000214376,0.000199493,0.000306557,0.000286740
main|astana_clinic|nc16|np15|br1.0|random_1_100|ms3|r300|s2,0.000341902,0.007997522,0.027546622,0.000248458,0.000442901,0.000404297,0.000263084,0.000342320,0.000261765,0.000198393,0.000328484,0.000283672
main|astana_clinic|nc16|np15|br1.0|random_1_100|ms3|r300|s3,0.000339782,0.008609515,0.032669304,0.000295685,0.000406984,0.000413593,0.000281123,0.000435278,0.000398924,0.000284729,0.000399430,0.000402332
main|astana_clinic|nc16|np15|br1.0|random_1_100|ms3|r300|s4,0.000484776,0.008181605,0.028128900,0.000249633,0.000413433,0.000411648,0.000238647,0.000332644,0.000363836,0.000261117,0.000358361,0.000296217
main|astana_clinic|nc16|np15|br1.0|random_1_100|ms3|r300|s5,0.000349607,0.008629447,0.036746036,0.000231159,0.000320830,0.000319359,0.000230544,0.000317675,0.000295863,0.000205949,0.000301579,0.000308138
main|astana_clinic|nc16|np15|br1.0|random_1_100|ms3|r300|s6,0.000355213,0.009189697,0.035102407,0.000201174,0.000321723,0.000318153,0.000198329,0.000144727,0.000142113,0.000210563,0.000331287,0.000308955
main|astana_clinic|nc16|np15|br1.0|random_1_100|ms3|r300|s7,0.000373932,0.008274574,0.029585848,0.000237260,0.000329493,0.000342030,0.000215808,0.000304160,0.000292644,0.000213381,0.000322655,0.000368146
main|astana_clinic|nc16|np15|br1.0|random_1_100|ms3|r300|s8,0.000371067,0.009290632,0.029731571,0.000215910,0.000320979,0.000360664,0.000229478,0.000223592,0.000223236,0.000214184,0.000228644,0.000217677
main|astana_clinic|nc16|np15|br1.0|random_1_100|ms3|r300|s9,0.000339150,0.008717298,0.029612085,0.000226279,0.000336157,0.000339846,0.000253519,0.000285095,0.000279268,0.000221047,0.000276878,0.000303185
main|astana_clinic|nc16|np15|br1.0|one_heavy|ms3|r300|s0,0.000338406,0.008686093,0.030463638,0.000291941,0.000520225,0.000500219,0.000290776,0.000394455,0.000368655,0.000279870,0.000294829,0.000296434
main|astana_clinic|nc16|np15|br1.0|one_heavy|ms3|r300|s1,0.000526217,0.011672206,0.036809887,0.000270704,0.000379555,0.000435588,0.000279245,0.000269757,0.000294366,0.000277519,0.000413607,0.000418809
main|astana_clinic|nc16|np15|br1.0|one_heavy|ms3|r300|s2,0.000541301,0.011225885,0.036675356,0.000265005,0.000321007,0.000426634,0.000282839,0.000362123,0.000364006,0.000274176,0.000393120,0.000361022
main|astana_clinic|nc16|np15|br1.0|one_heavy|ms3|r300|s3,0.000362759,0.008858920,0.030011858,0.000209800,0.000323274,0.000298948,0.000204303,0.000306904,0.000415737,0.000201439,0.000306519,0.000293378
main|astana_clinic|nc16|np15|br1.0|one_heavy|ms3|r300|s4,0.000322185,0.008051281,0.027154374,0.000238492,0.000377788,0.000338672,0.000212539,0.000301324,0.000294138,0.000223994,0.000348956,0.000315679
main|astana_clinic|nc16|np15|br1.0|one_heavy|ms3|r300|s5,0.000340122,0.008848482,0.041926821,0.000214050,0.000337045,0.000336297,0.000215851,0.000321745,0.000303330,0.000224652,0.000327773,0.000312012
main|astana_clinic|nc16|np15|br1.0|one_heavy|ms3|r300|s6,0.000570355,0.008556832,0.029800890,0.000207856,0.000324809,0.000319541,0.000207171,0.000169838,0.000149270,0.000207774,0.000315463,0.000329068
main|astana_clinic|nc16|np15|br1.0|one_heavy|ms3|r300|s7,0.000351724,0.008260463,0.029825888,0.000214576,0.000370818,0.000332164,0.000204723,0.000287384,0.000283242,0.000218095,0.000294698,0.000288317
main|astana_clinic|nc16|np15|br1.0|one_heavy|ms3|r300|s8,0.000354731,0.008631410,0.028938831,0.000192692,0.000296566,0.000298496,0.000190827,0.000191339,0.000197637,0.000195795,0.000212770,0.000198511
main|astana_clinic|nc16|np15|br1.0|one_heavy|ms3|r300|s9,0.000338188,0.008955449,0.027669958,0.000205989,0.000288440,0.000300465,0.000206339,0.000285777,0.000263657,0.000206452,0.000286173,0.000272703
main|astana_clinic|nc16|np25|br0.25|uniform|ms3|r300|s0,0.000565319,0.005247242,0.019927426,0.000143864,0.000314320,0.000331495,0.000143097,0.000228933,0.000237055,0.000143424,0.000230223,0.000248045
main|astana_clinic|nc16|np25|br0.25|uniform|ms3|r300|s1,0.000548428,0.004343653,0.017780730,0.000083312,0.000171901,0.000154912,0.000074039,0.000172138,0.000127437,0.000077482,0.000150092,0.000159294
main|astana_clinic|nc16|np25|br0.25|uniform|ms3|r300|s2,0.000574770,0.004810839,0.020444895,0.000116533,0.000182547,0.000170183,0.000076418,0.000137501,0.000134515,0.000091403,0.000163504,0.000161259
main|astana_clinic|nc16|np25|br0.25|uniform|ms3|r300|s3,0.000563903,0.004865404,0.019168251,0.000076940,0.000219516,0.000205200,0.000074288,0.000179344,0.000180527,0.000076287,0.000157248,0.000157212
main|astana_clinic|nc16|np25|br0.25|uniform|ms3|r300|s4,0.000576983,0.004535962,0.019007018,0.000114927,0.000209950,0.000205165,0.000103149,0.000184105,0.000205294,0.000117302,0.000227277,0.000230367
main|astana_clinic|nc16|np25|br0.25|uniform|ms3|r300|s5,0.000610062,0.004997292,0.018615601,0.000101193,0.000172542,0.000171048,0.000104906,0.000142034,0.000145202,0.000090960,0.000151105,0.000155859
main|astana_clinic|nc16|np25|br0.25|uniform|ms3|r300|s6,0.000560465,0.005018775,0.019228785,0.000070920,0.000218610,0.000199101,0.000071520,0.000126657,0.000120585,0.000071240,0.000209325,0.000202945
main|astana_clinic|nc16|np25|br0.25|uniform|ms3|r300|s7,0.000561752,0.004937213,0.019066473,0.000095877,0.000204169,0.000201600,0.000095941,0.000170132,0.000163164,0.000095526,0.000178164,0.000165920
main|astana_clinic|nc16|np25|br0.25|uniform|ms3|r300|s8,0.000576667,0.004867522,0.019057718,0.000139615,0.000216182,0.000215459,0.000132981,0.000153744,0.000144706,0.000118847,0.000210160,0.000205121
main|astana_clinic|nc16|np25|br0.25|uniform|ms3|r300|s9,0.000595304,0.004699669,0.018514933,0.000065862,0.000142963,0.000133003,0.000066313,0.000131817,0.000127136,0.000065517,0.000140358,0.000127914
main|astana_clinic|nc16|np25|br0.25|random_1_100|ms3|r300|s0,0.000576073,0.005430002,0.020698676,0.000154511,0.000301051,0.000297794,0.000142338,0.000232366,0.000225645,0.000149320,0.000223674,0.000222354
main|astana_clinic|nc16|np25|br0.25|random_1_100|ms3|r300|s1,0.000560332,0.004562883,0.018421409,0.000072189,0.000156478,0.000141859,0.000072288,0.000141044,0.000131676,0.000067453,0.000164112,0.000153176
main|astana_clinic|nc16|np25|br0.25|random_1_100|ms3|r300|s2,0.000562874,0.004618961,0.018627970,0.000092128,0.000165177,0.000164790,0.000072922,0.000143930,0.000131458,0.000089452,0.000162961,0.000159135
main|astana_clinic|nc16|np25|br0.25|random_1_100|ms3|r300|s3,0.000558363,0.004724488,0.021074738,0.000116499,0.000206746,0.000220736,0.000097554,0.000252524,0.000259345,0.000109145,0.000206112,0.000221891
main|astana_clinic|nc16|np25|br0.25|random_1_100|ms3|r300|s4,0.000896152,0.006421552,0.025710166,0.000137573,0.000280254,0.000264083,0.000120421,0.000203885,0.000192291,0.000153690,0.000299111,0.000298678
main|astana_clinic|nc16|np25|br0.25|random_1_100|ms3|r300|s5,0.000824876,0.004554859,0.018435839,0.000106543,0.000197989,0.000176813,0.000107958,0.000141702,0.000140172,0.000092698,0.000151164,0.000180685
main|astana_clinic|nc16|np25|br0.25|random_1_100|ms3|r300|s6,0.000591061,0.005118788,0.019669489,0.000096653,0.000201793,0.000194474,0.000098478,0.000119568,0.000119969,0.000065758,0.000209236,0.000192119
main|astana_clinic|nc16|np25|br0.25|random_1_100|ms3|r300|s7,0.000580206,0.004860247,0.025444225,0.000155518,0.000245091,0.000242669,0.000126778,0.000239097,0.000245439,0.000132784,0.000209379,0.000233773
main|astana_clinic|nc16|np25|br0.25|random_1_100|ms3|r300|s8,0.000826505,0.006405975,0.027349406,0.000183744,0.000309241,0.000281110,0.000186837,0.000187582,0.000193570,0.000155328,0.000288274,0.000286894
main|astana_clinic|nc16|np25|br0.25|random_1_100|ms3|r300|s9,0.000927256,0.004916001,0.019255885,0.000065005,0.000137982,0.000136928,0.000068775,0.000127741,0.000122920,0.000066019,0.000149620,0.000147350
main|astana_clinic|nc16|np25|br0.25|one_heavy|ms3|r300|s0,0.000565726,0.005603569,0.022341687,0.000145844,0.000313944,0.000301512,0.000147879,0.000233031,0.000227525,0.000148687,0.000231025,0.000232594
main|astana_clinic|nc16|np25|br0.25|one_heavy|ms3|r300|s1,0.000564268,0.004551107,0.017420771,0.000102184,0.000202102,0.000199121,0.000092900,0.000166158,0.000171973,0.000101316,0.000180294,0.000195477
main|astana_clinic|nc16|np25|br0.25|one_heavy|ms3|r300|s2,0.000799365,0.005093717,0.020407275,0.000093070,0.000172949,0.000165351,0.000088457,0.000186307,0.000180298,0.000099393,0.000177016,0.000164364
main|astana_clinic|nc16|np25|br0.25|one_heavy|ms3|r300|s3,0.000558936,0.005249035,0.019354073,0.000098860,0.000260814,0.000273731,0.000108269,0.000236851,0.000250469,0.000084933,0.000195108,0.000200501
main|astana_clinic|nc16|np25|br0.25|one_heavy|ms3|r300|s4,0.000802948,0.006210285,0.024746759,0.000137827,0.000223684,0.000263975,0.000117806,0.000247341,0.000215432,0.000142856,0.000259847,0.000297244
main|astana_clinic|nc16|np25|br0.25|one_heavy|ms3|r300|s5,0.000773935,0.006142160,0.023763211,0.000124374,0.000225211,0.000215809,0.000136851,0.000161546,0.000198393,0.000129013,0.000210328,0.000183352
main|astana_clinic|nc16|np25|br0.25|one_heavy|ms3|r300|s6,0.000820285,0.006226335,0.024471291,0.000097719,0.000279429,0.000261477,0.000099828,0.000173665,0.000176503,0.000102560,0.000245668,0.000269002
main|astana_clinic|nc16|np25|br0.25|one_heavy|ms3|r300|s7,0.000869708,0.006327164,0.017805595,0.000117880,0.000190329,0.000195620,0.000088378,0.000161358,0.000161777,0.000090981,0.000157111,0.000161787
main|astana_clinic|nc16|np25|br0.25|one_heavy|ms3|r300|s8,0.000532182,0.004601310,0.017655288,0.000131266,0.000218393,0.000206312,0.000135815,0.000142130,0.000140941,0.000119597,0.000205557,0.000199118
main|astana_clinic|nc16|np25|br0.25|one_heavy|ms3|r300|s9,0.000552335,0.004517249,0.018188911,0.000100627,0.000197187,0.000201429,0.000096636,0.000188998,0.000198469,0.000084736,0.000177299,0.000193854
main|astana_clinic|nc16|np25|br0.5|uniform|ms3|r300|s0,0.000885163,0.011309301,0.028461303,0.000282050,0.000419849,0.000456313,0.000232005,0.000385636,0.000413096,0.000251708,0.000361377,0.000365495
main|astana_clinic|nc16|np25|br0.5|uniform|ms3|r300|s1,0.000707597,0.005484790,0.019463538,0.000220900,0.000353221,0.000341038,0.000214750,0.000267959,0.000262888,0.000170887,0.000330395,0.000327511
main|astana_clinic|nc16|np25|br0.5|uniform|ms3|r300|s2,0.000523453,0.005697833,0.020649669,0.000285421,0.000498915,0.000487937,0.000214015,0.000460511,0.000471419,0.000273135,0.000500350,0.000482743
main|astana_clinic|nc16|np25|br0.5|uniform|ms3|r300|s3,0.000936792,0.010296971,0.022231342,0.000168136,0.000380999,0.000372099,0.000221806,0.000300039,0.000301019,0.000239212,0.000370347,0.000354428
main|astana_clinic|nc16|np25|br0.5|uniform|ms3|r300|s4,0.000644935,0.008208025,0.033844555,0.000218839,0.000535002,0.000617246,0.000232718,0.000538006,0.000493720,0.000226743,0.000485361,0.000495369
main|astana_clinic|nc16|np25|br0.5|uniform|ms3|r300|s5,0.000903028,0.008462783,0.032067308,0.000270441,0.000609339,0.000550499,0.000280626,0.000445736,0.000429998,0.000279162,0.000474721,0.000513175
main|astana_clinic|nc16|np25|br0.5|uniform|ms3|r300|s6,0.000944068,0.009897926,0.033900726,0.000200060,0.000548350,0.000514212,0.000184622,0.000262685,0.000253516,0.000270750,0.000493375,0.000492066
main|astana_clinic|nc16|np25|br0.5|uniform|ms3|r300|s7,0.000866073,0.009581665,0.027438918,0.000137328,0.000347798,0.000344635,0.000128692,0.000312111,0.000311297,0.000133608,0.000279957,0.000276708
main|astana_clinic|nc16|np25|br0.5|uniform|ms3|r300|s8,0.000527445,0.006170072,0.021408926,0.000154078,0.000355285,0.000348765,0.000148597,0.000181611,0.000173970,0.000239423,0.000369114,0.000344771
main|astana_clinic|nc16|np25|br0.5|uniform|ms3|r300|s9,0.000535641,0.005337962,0.019717197,0.000149881,0.000256059,0.000256419,0.000153162,0.000239834,0.000234838,0.000148093,0.000246016,0.000250175
main|astana_clinic|nc16|np25|br0.5|random_1_100|ms3|r300|s0,0.000512224,0.007096797,0.023978515,0.000252807,0.000399738,0.000398029,0.000225260,0.000339820,0.000347196,0.000240741,0.000365580,0.000341699
main|astana_clinic|nc16|np25|br0.5|random_1_100|ms3|r300|s1,0.000540003,0.005240089,0.019420160,0.000178508,0.000341933,0.000335979,0.000177302,0.000263812,0.000261223,0.000193031,0.000309909,0.000320387
main|astana_clinic|nc16|np25|br0.5|random_1_100|ms3|r300|s2,0.000574762,0.005810358,0.020807646,0.000176206,0.000388157,0.000369277,0.000149611,0.000304846,0.000326620,0.000188598,0.000335819,0.000335585
main|astana_clinic|nc16|np25|br0.5|random_1_100|ms3|r300|s3,0.000580080,0.006385950,0.030048915,0.000199562,0.000379472,0.000388858,0.000193719,0.000359877,0.000364736,0.000201512,0.000353071,0.000328760
main|astana_clinic|nc16|np25|br0.5|random_1_100|ms3|r300|s4,0.000736604,0.006677959,0.023913256,0.000201139,0.000429826,0.000389021,0.000181415,0.000370759,0.000364302,0.000203156,0.000385318,0.000394600
main|astana_clinic|nc16|np25|br0.5|random_1_100|ms3|r300|s5,0.000557584,0.006257772,0.026961821,0.000239607,0.000589768,0.000521467,0.000267907,0.000380398,0.000354177,0.000209843,0.000400108,0.000396932
main|astana_clinic|nc16|np25|br0.5|random_1_100|ms3|r300|s6,0.000804579,0.008845622,0.028899148,0.000191974,0.000455962,0.000472498,0.000197778,0.000258103,0.000232149,0.000260275,0.000457332,0.000429545
main|astana_clinic|nc16|np25|br0.5|random_1_100|ms3|r300|s7,0.000777784,0.007577240,0.028021730,0.000199006,0.000422298,0.000358723,0.000141364,0.000339348,0.000326597,0.000197590,0.000305949,0.000300052
main|astana_clinic|nc16|np25|br0.5|random_1_100|ms3|r300|s8,0.000564069,0.006811263,0.023901364,0.000175865,0.000391224,0.000453730,0.000177209,0.000215139,0.000206413,0.000291315,0.000396426,0.000356583
main|astana_clinic|nc16|np25|br0.5|random_1_100|ms3|r300|s9,0.000624680,0.007860016,0.022649045,0.000181887,0.000293551,0.000316690,0.000167940,0.000280502,0.000250146,0.000162533,0.000356787,0.000292259
main|astana_clinic|nc16|np25|br0.5|one_heavy|ms3|r300|s0,0.000584842,0.007904106,0.027767201,0.000332707,0.000481364,0.000427346,0.000245280,0.000467756,0.000367771,0.000279078,0.000376753,0.000372912
main|astana_clinic|nc16|np25|br0.5|one_heavy|ms3|r300|s1,0.000563413,0.005518131,0.020545913,0.000233771,0.000386604,0.000371753,0.000228931,0.000282947,0.000268730,0.000185975,0.000354925,0.000343450
main|astana_clinic|nc16|np25|br0.5|one_heavy|ms3|r300|s2,0.000616397,0.006159351,0.021776091,0.000194541,0.000360006,0.000358336,0.000152011,0.000320368,0.000319771,0.000196017,0.000341210,0.000356284
main|astana_clinic|nc16|np25|br0.5|one_heavy|ms3|r300|s3,0.000596578,0.006631380,0.025135966,0.000201381,0.000419844,0.000427788,0.000208940,0.000370340,0.000341594,0.000174276,0.000326947,0.000344688
main|astana_clinic|nc16|np25|br0.5|one_heavy|ms3|r300|s4,0.000567688,0.007731346,0.025145550,0.000178050,0.000435883,0.000462591,0.000178382,0.000405348,0.000400906,0.000222536,0.000385970,0.000428520
main|astana_clinic|nc16|np25|br0.5|one_heavy|ms3|r300|s5,0.000631933,0.005991046,0.023850761,0.000262221,0.000407107,0.000400474,0.000200038,0.000293999,0.000302241,0.000199507,0.000336974,0.000359711
main|astana_clinic|nc16|np25|br0.5|one_heavy|ms3|r300|s6,0.000575034,0.006717307,0.026058034,0.000150859,0.000419935,0.000397254,0.000200997,0.000313618,0.000193355,0.000259845,0.000460095,0.000408293
main|astana_clinic|nc16|np25|br0.5|one_heavy|ms3|r300|s7,0.000743255,0.007166018,0.031995755,0.000268214,0.000492869,0.000519015,0.000186344,0.000406884,0.000442006,0.000204091,0.000391439,0.000386456
main|astana_clinic|nc16|np25|br0.5|one_heavy|ms3|r300|s8,0.000835386,0.009480673,0.032883321,0.000244563,0.000483331,0.000517104,0.000236524,0.000257412,0.000228635,0.000394990,0.000584349,0.000571785
main|astana_clinic|nc16|np25|br0.5|one_heavy|ms3|r300|s9,0.000865217,0.008531703,0.031918878,0.000239607,0.000427158,0.000416853,0.000248010,0.000497274,0.000426977,0.000230645,0.000413006,0.000376069
main|astana_clinic|nc16|np25|br0.75|uniform|ms3|r300|s0,0.000869849,0.012095463,0.041163679,0.000380279,0.000634484,0.000627036,0.000339942,0.000460986,0.000461819,0.000378407,0.000504535,0.000507850
main|astana_clinic|nc16|np25|br0.75|uniform|ms3|r300|s1,0.000925725,0.011153790,0.030026727,0.000249569,0.000402220,0.000374637,0.000250647,0.000275791,0.000272383,0.000257205,0.000366734,0.000361200
main|astana_clinic|nc16|np25|br0.75|uniform|ms3|r300|s2,0.000597171,0.008513491,0.026274318,0.000247770,0.000391074,0.000388303,0.000243861,0.000348462,0.000343797,0.000230534,0.000378836,0.000369862
main|astana_clinic|nc16|np25|br0.75|uniform|ms3|r300|s3,0.000606976,0.008755609,0.028209827,0.000248004,0.000405737,0.000392628,0.000249243,0.000370072,0.000360912,0.000248381,0.000399270,0.000420201
main|astana_clinic|nc16|np25|br0.75|uniform|ms3|r300|s4,0.000567020,0.008146944,0.028384510,0.000245158,0.000409489,0.000388961,0.000237976,0.000344759,0.000344203,0.000236982,0.000418122,0.000386673
main|astana_clinic|nc16|np25|br0.75|uniform|ms3|r300|s5,0.000523301,0.007590931,0.027370331,0.000262889,0.000413283,0.000434636,0.000515491,0.000681214,0.000404660,0.000267396,0.000415884,0.000387960
main|astana_clinic|nc16|np25|br0.75|uniform|ms3|r300|s6,0.000588326,0.009571511,0.029518454,0.000241225,0.000465771,0.000422141,0.000251895,0.000201481,0.000190633,0.000240789,0.000400292,0.000365916
main|astana_clinic|nc16|np25|br0.75|uniform|ms3|r300|s7,0.000604123,0.009202130,0.028723579,0.000197382,0.000401405,0.000454298,0.000273996,0.000394111,0.000399229,0.000234042,0.000404545,0.000390284
main|astana_clinic|nc16|np25|br0.75|uniform|ms3|r300|s8,0.000601029,0.008945220,0.031384681,0.000251021,0.000435918,0.000410904,0.000263383,0.000199064,0.000198187,0.000293617,0.000627536,0.000765275
main|astana_clinic|nc16|np25|br0.75|uniform|ms3|r300|s9,0.000773229,0.008604841,0.030100602,0.000344014,0.000644207,0.000401502,0.000255572,0.000362874,0.000346166,0.000260390,0.000359350,0.000355356
main|astana_clinic|nc16|np25|br0.75|random_1_100|ms3|r300|s0,0.000595941,0.008803892,0.029230498,0.000263670,0.000422053,0.000432032,0.000252579,0.000355892,0.000360723,0.000295525,0.000339933,0.000352025
main|astana_clinic|nc16|np25|br0.75|random_1_100|ms3|r300|s1,0.000594095,0.008124918,0.025938799,0.000312895,0.000416369,0.000422244,0.000255853,0.000265778,0.000309583,0.000252045,0.000430654,0.000431064
main|astana_clinic|nc16|np25|br0.75|random_1_100|ms3|r300|s2,0.000573587,0.009262373,0.028001995,0.000249979,0.000424120,0.000396909,0.000244249,0.000366765,0.000358883,0.000237615,0.000383089,0.000390929
main|astana_clinic|nc16|np25|br0.75|random_1_100|ms3|r300|s3,0.000562808,0.008262664,0.026821436,0.000221300,0.000372986,0.000385756,0.000230515,0.000349600,0.000383191,0.000227109,0.000344806,0.000342480
main|astana_clinic|nc16|np25|br0.75|random_1_100|ms3|r300|s4,0.000542250,0.008123081,0.028676401,0.000266078,0.000449892,0.000538407,0.000341502,0.000495241,0.000579490,0.000344484,0.000514218,0.000385502
main|astana_clinic|nc16|np25|br0.75|random_1_100|ms3|r300|s5,0.000590895,0.007984460,0.023990191,0.000233782,0.000412416,0.000382695,0.000251810,0.000344203,0.000353052,0.000243492,0.000352554,0.000351470
main|astana_clinic|nc16|np25|br0.75|random_1_100|ms3|r300|s6,0.000504361,0.007740448,0.025823002,0.000236552,0.000492785,0.000377687,0.000236384,0.000173646,0.000176001,0.000246913,0.000365444,0.000345496
main|astana_clinic|nc16|np25|br0.75|random_1_100|ms3|r300|s7,0.000531884,0.008491697,0.027490488,0.000229898,0.000374855,0.000360905,0.000231970,0.000343467,0.000352524,0.000283275,0.000342493,0.000322816
main|astana_clinic|nc16|np25|br0.75|random_1_100|ms3|r300|s8,0.000560534,0.007874628,0.025951721,0.000263286,0.000386223,0.000351316,0.000241367,0.000167130,0.000170147,0.000239551,0.000331232,0.000336430
main|astana_clinic|nc16|np25|br0.75|random_1_100|ms3|r300|s9,0.000552833,0.007380701,0.024427354,0.000334012,0.000397036,0.000341350,0.000240173,0.000340576,0.000316991,0.000228209,0.000330330,0.000332374
main|astana_clinic|nc16|np25|br0.75|one_heavy|ms3|r300|s0,0.000533387,0.008265415,0.039308516,0.000369062,0.000593521,0.000552111,0.000357126,0.000546831,0.000514992,0.000367165,0.000517110,0.000517302
main|astana_clinic|nc16|np25|br0.75|one_heavy|ms3|r300|s1,0.000825453,0.011484975,0.028841867,0.000266242,0.000403956,0.000420389,0.000262902,0.000284206,0.000282447,0.000270940,0.000386872,0.000384715
main|astana_clinic|nc16|np25|br0.75|one_heavy|ms3|r300|s2,0.000600171,0.008270430,0.026017557,0.000241839,0.000413676,0.000432166,0.000236842,0.000349826,0.000411809,0.000244531,0.000377005,0.000423787
main|astana_clinic|nc16|np25|br0.75|one_heavy|ms3|r300|s3,0.000540582,0.008341813,0.026904372,0.000228837,0.000379543,0.000366043,0.000224917,0.000327400,0.000329038,0.000230507,0.000351685,0.000348729
main|astana_clinic|nc16|np25|br0.75|one_heavy|ms3|r300|s4,0.000926862,0.013749704,0.044558724,0.000405201,0.000585522,0.000607291,0.000381457,0.000574506,0.000587663,0.000383555,0.000593335,0.000574565
main|astana_clinic|nc16|np25|br0.75|one_heavy|ms3|r300|s5,0.000856268,0.012224192,0.025121815,0.000267437,0.000397069,0.000396224,0.000257586,0.000358830,0.000348431,0.000267697,0.000373114,0.000415393
main|astana_clinic|nc16|np25|br0.75|one_heavy|ms3|r300|s6,0.000584276,0.008158045,0.026386200,0.000220253,0.000367393,0.000373434,0.000221238,0.000172005,0.000173880,0.000217873,0.000353194,0.000350347
main|astana_clinic|nc16|np25|br0.75|one_heavy|ms3|r300|s7,0.000557612,0.007884251,0.025392525,0.000270967,0.000389395,0.000359048,0.000236840,0.000334218,0.000317653,0.000215185,0.000335513,0.000310629
main|astana_clinic|nc16|np25|br0.75|one_heavy|ms3|r300|s8,0.000506744,0.007591013,0.025038681,0.000243436,0.000359375,0.000347885,0.000231204,0.000170313,0.000166606,0.000233267,0.000318575,0.000317774
main|astana_clinic|nc16|np25|br0.75|one_heavy|ms3|r300|s9,0.000503858,0.006877616,0.022745913,0.000234517,0.000345818,0.000332990,0.000227896,0.000321614,0.000324064,0.000232796,0.000328320,0.000323054
main|astana_clinic|nc16|np25|br1.0|uniform|ms3|r300|s0,0.000558578,0.007861502,0.029899966,0.000282462,0.000404906,0.000411452,0.000256642,0.000368004,0.000359327,0.000268119,0.000377727,0.000363606
main|astana_clinic|nc16|np25|br1.0|uniform|ms3|r300|s1,0.000562987,0.008834879,0.028408302,0.000250998,0.000396239,0.000398241,0.000268413,0.000266268,0.000270006,0.000263764,0.000403663,0.000390314
main|astana_clinic|nc16|np25|br1.0|uniform|ms3|r300|s2,0.000565781,0.008665262,0.029009486,0.000258235,0.000397182,0.000391383,0.000260230,0.000359233,0.000400954,0.000293503,0.000426680,0.000443780
main|astana_clinic|nc16|np25|br1.0|uniform|ms3|r300|s3,0.000562091,0.009186657,0.031020168,0.000260257,0.000433389,0.000402576,0.000249658,0.000367388,0.000362578,0.000257934,0.000415249,0.000376750
main|astana_clinic|nc16|np25|br1.0|uniform|ms3|r300|s4,0.000558343,0.009154885,0.030092330,0.000373936,0.000343020,0.000361319,0.000214762,0.000303741,0.000329038,0.000234341,0.000345461,0.000415090
main|astana_clinic|nc16|np25|br1.0|uniform|ms3|r300|s5,0.000475885,0.008426606,0.039457316,0.000445582,0.000413452,0.000436462,0.000257728,0.000351977,0.000357781,0.000272894,0.000444190,0.000375626
main|astana_clinic|nc16|np25|br1.0|uniform|ms3|r300|s6,0.000581289,0.008808802,0.030005835,0.000245670,0.000415827,0.000388441,0.000245102,0.000181165,0.000184361,0.000271771,0.000367479,0.000389141
main|astana_clinic|nc16|np25|br1.0|uniform|ms3|r300|s7,0.000574554,0.008631697,0.028885263,0.000273377,0.000371128,0.000363929,0.000249510,0.000364666,0.000359674,0.000246018,0.000343024,0.000359447
main|astana_clinic|nc16|np25|br1.0|uniform|ms3|r300|s8,0.000546993,0.008719909,0.029350659,0.000279537,0.000405213,0.000394462,0.000263806,0.000191452,0.000186877,0.000255726,0.000358357,0.000368729
main|astana_clinic|nc16|np25|br1.0|uniform|ms3|r300|s9,0.000571188,0.008931078,0.029182529,0.000515874,0.000444748,0.000369380,0.000270990,0.000356516,0.000362171,0.000262661,0.000395089,0.000371078
main|astana_clinic|nc16|np25|br1.0|random_1_100|ms3|r300|s0,0.000562482,0.009152016,0.030595761,0.000266940,0.000402347,0.000430804,0.000238845,0.000338467,0.000370082,0.000246109,0.000353367,0.000372719
main|astana_clinic|nc16|np25|br1.0|random_1_100|ms3|r300|s1,0.000528647,0.008464463,0.027960827,0.000245410,0.000380570,0.000384745,0.000247722,0.000252848,0.000258000,0.000250585,0.000354150,0.000377202
main|astana_clinic|nc16|np25|br1.0|random_1_100|ms3|r300|s2,0.000530141,0.008693420,0.029323218,0.000289673,0.000471291,0.000449030,0.000290893,0.000429097,0.000392653,0.000249007,0.000388470,0.000454373
main|astana_clinic|nc16|np25|br1.0|random_1_100|ms3|r300|s3,0.000557885,0.008945512,0.029598582,0.000254993,0.000410097,0.000452218,0.000252985,0.000362353,0.000404399,0.000264756,0.000380843,0.000379286
main|astana_clinic|nc16|np25|br1.0|random_1_100|ms3|r300|s4,0.000553877,0.009046761,0.029886206,0.000252802,0.000421985,0.000402320,0.000249248,0.000362772,0.000353921,0.000259606,0.000402507,0.000428987
main|astana_clinic|nc16|np25|br1.0|random_1_100|ms3|r300|s5,0.000568990,0.008770393,0.029319781,0.000264486,0.000403292,0.000410749,0.000261636,0.000391189,0.000364166,0.000269651,0.000394298,0.000379214
main|astana_clinic|nc16|np25|br1.0|random_1_100|ms3|r300|s6,0.000581328,0.009040328,0.029941220,0.000263426,0.000416463,0.000410556,0.000258626,0.000188834,0.000175545,0.000266582,0.000384153,0.000401481
main|astana_clinic|nc16|np25|br1.0|random_1_100|ms3|r300|s7,0.000579688,0.008959444,0.029568745,0.000266067,0.000382923,0.000381363,0.000269678,0.000367107,0.000359102,0.000267271,0.000394822,0.000365648
main|astana_clinic|nc16|np25|br1.0|random_1_100|ms3|r300|s8,0.000569202,0.008961072,0.030017763,0.000258366,0.000387464,0.000415289,0.000253704,0.000190662,0.000184960,0.000257768,0.000354633,0.000359871
main|astana_clinic|nc16|np25|br1.0|random_1_100|ms3|r300|s9,0.000548007,0.008824422,0.037487155,0.000285825,0.000527104,0.000501533,0.000358821,0.000502284,0.000479306,0.000361489,0.000498154,0.000489377
main|astana_clinic|nc16|np25|br1.0|one_heavy|ms3|r300|s0,0.000851510,0.009043147,0.030430441,0.000274033,0.000414816,0.000419642,0.000268684,0.000376950,0.000400564,0.000264028,0.000372429,0.000359499
main|astana_clinic|nc16|np25|br1.0|one_heavy|ms3|r300|s1,0.000595803,0.008766992,0.028501411,0.000263190,0.000399103,0.000402024,0.000251319,0.000273093,0.000270183,0.000276790,0.000380678,0.000389002
main|astana_clinic|nc16|np25|br1.0|one_heavy|ms3|r300|s2,0.000584315,0.009179714,0.028868125,0.000257849,0.000426981,0.000408133,0.000267087,0.000353496,0.000362674,0.000261781,0.000390193,0.000388483
main|astana_clinic|nc16|np25|br1.0|one_heavy|ms3|r300|s3,0.000591057,0.008942147,0.028979621,0.000263741,0.000407344,0.000410562,0.000261577,0.000371701,0.000375326,0.000254824,0.000416636,0.000394067
main|astana_clinic|nc16|np25|br1.0|one_heavy|ms3|r300|s4,0.000557318,0.008705042,0.030062153,0.000264739,0.000411412,0.000409051,0.000252719,0.000361697,0.000378191,0.000270263,0.000414650,0.000399237
main|astana_clinic|nc16|np25|br1.0|one_heavy|ms3|r300|s5,0.000624268,0.009004110,0.028571346,0.000271729,0.000446338,0.000406938,0.000266404,0.000368158,0.000367375,0.000260774,0.000386325,0.000388835
main|astana_clinic|nc16|np25|br1.0|one_heavy|ms3|r300|s6,0.000547354,0.008891450,0.029249711,0.000284073,0.000435211,0.000399439,0.000251683,0.000176339,0.000179359,0.000256820,0.000395408,0.000395357
main|astana_clinic|nc16|np25|br1.0|one_heavy|ms3|r300|s7,0.000572230,0.008840904,0.040697206,0.000385390,0.000549598,0.000560262,0.000367647,0.000548665,0.000497522,0.000406090,0.000378706,0.000348452
main|astana_clinic|nc16|np25|br1.0|one_heavy|ms3|r300|s8,0.000608681,0.008743749,0.030249279,0.000267884,0.000390198,0.000397485,0.000255220,0.000191727,0.000187795,0.000259665,0.000368774,0.000351126
main|astana_clinic|nc16|np25|br1.0|one_heavy|ms3|r300|s9,0.000556174,0.008771295,0.028538632,0.000254554,0.000391830,0.000367282,0.000248853,0.000345186,0.000340321,0.000254875,0.000368069,0.000360495
main|astana_clinic_nobase|nc6|np5|br0.25|uniform|ms3|r300|s0,0.000026723,0.000026252,0.000097582,0.000016972,0.000026868,0.000026668,0.000016564,0.000027041,0.000026541,0.000018282,0.000029437,0.000026668
main|astana_clinic_nobase|nc6|np5|br0.25|uniform|ms3|r300|s1,0.000027796,0.000020192,0.000067950,0.000013633,0.000020460,0.000019781,0.000013992,0.000021393,0.000019545,0.000013738,0.000021004,0.000020976
main|astana_clinic_nobase|nc6|np5|br0.25|uniform|ms3|r300|s2,0.000026365,0.000024681,0.000077404,0.000015956,0.000026889,0.000027967,0.000015836,0.000026034,0.000026123,0.000017373,0.000029411,0.000027303
main|astana_clinic_nobase|nc6|np5|br0.25|uniform|ms3|r300|s3,0.000025398,0.000019613,0.000069311,0.000013172,0.000021381,0.000020913,0.000013391,0.000021545,0.000020297,0.000014998,0.000022044,0.000021796
main|astana_clinic_nobase|nc6|np5|br0.25|uniform|ms3|r300|s4,0.000025864,0.000023188,0.000080647,0.000017159,0.000028463,0.000028481,0.000016010,0.000027012,0.000026145,0.000015494,0.000027858,0.000025816
main|astana_clinic_nobase|nc6|np5|br0.25|uniform|ms3|r300|s5,0.000025833,0.000031576,0.000102560,0.000022877,0.000039980,0.000038712,0.000021892,0.000036522,0.000035486,0.000022544,0.000035906,0.000033501
main|astana_clinic_nobase|nc6|np5|br0.25|uniform|ms3|r300|s6,0.000026151,0.000024129,0.000078478,0.000015935,0.000028226,0.000028337,0.000016889,0.000025710,0.000025809,0.000016014,0.000030037,0.000028213
main|astana_clinic_nobase|nc6|np5|br0.25|uniform|ms3|r300|s7,0.000027006,0.000031963,0.000114334,0.000028300,0.000041537,0.000040973,0.000023855,0.000039835,0.000041627,0.000027536,0.000040122,0.000036959
main|astana_clinic_nobase|nc6|np5|br0.25|uniform|ms3|r300|s8,0.000026086,0.000029758,0.000095339,0.000021353,0.000033424,0.000031254,0.000019289,0.000034660,0.000031215,0.000021445,0.000033129,0.000033807
main|astana_clinic_nobase|nc6|np5|br0.25|uniform|ms3|r300|s9,0.000026450,0.000024601,0.000084903,0.000019193,0.000029480,0.000025732,0.000016905,0.000027874,0.000027993,0.000021553,0.000025506,0.000023434
main|astana_clinic_nobase|nc6|np5|br0.25|random_1_100|ms3|r300|s0,0.000026838,0.000026898,0.000083706,0.000017531,0.000031688,0.000027778,0.000015721,0.000027284,0.000027237,0.000015854,0.000026271,0.000026703
main|astana_clinic_nobase|nc6|np5|br0.25|random_1_100|ms3|r300|s1,0.000025380,0.000019606,0.000069102,0.000013261,0.000021221,0.000019911,0.000012968,0.000020956,0.000019610,0.000013989,0.000019585,0.000021209
main|astana_clinic_nobase|nc6|np5|br0.25|random_1_100|ms3|r300|s2,0.000026020,0.000024331,0.000076146,0.000016903,0.000025631,0.000025175,0.000017154,0.000030416,0.000027774,0.000016457,0.000026383,0.000027664
main|astana_clinic_nobase|nc6|np5|br0.25|random_1_100|ms3|r300|s3,0.000025309,0.000019448,0.000070034,0.000014017,0.000020570,0.000019969,0.000014322,0.000026491,0.000026854,0.000012837,0.000019889,0.000020566
main|astana_clinic_nobase|nc6|np5|br0.25|random_1_100|ms3|r300|s4,0.000025799,0.000022344,0.000079815,0.000016864,0.000025777,0.000031531,0.000016729,0.000027650,0.000026694,0.000016157,0.000028584,0.000027138
main|astana_clinic_nobase|nc6|np5|br0.25|random_1_100|ms3|r300|s5,0.000026093,0.000031960,0.000103978,0.000022184,0.000039557,0.000040453,0.000020293,0.000037563,0.000038886,0.000021912,0.000033206,0.000034762
main|astana_clinic_nobase|nc6|np5|br0.25|random_1_100|ms3|r300|s6,0.000025002,0.000024328,0.000079670,0.000018413,0.000027584,0.000027559,0.000015840,0.000027215,0.000025814,0.000016724,0.000027866,0.000028666
main|astana_clinic_nobase|nc6|np5|br0.25|random_1_100|ms3|r300|s7,0.000025779,0.000033807,0.000110162,0.000022779,0.000036523,0.000038319,0.000024665,0.000037490,0.000039123,0.000030587,0.000036571,0.000036772
main|astana_clinic_nobase|nc6|np5|br0.25|random_1_100|ms3|r300|s8,0.000025251,0.000030314,0.000089030,0.000027627,0.000031186,0.000033045,0.000018556,0.000033162,0.000031391,0.000019110,0.000034667,0.000032721
main|astana_clinic_nobase|nc6|np5|br0.25|random_1_100|ms3|r300|s9,0.000027903,0.000027525,0.000087493,0.000018782,0.000027604,0.000028279,0.000019598,0.000028593,0.000028363,0.000018148,0.000023916,0.000023842
main|astana_clinic_nobase|nc6|np5|br0.25|one_heavy|ms3|r300|s0,0.000025902,0.000022760,0.000083778,0.000018091,0.000026661,0.000026267,0.000015396,0.000025189,0.000025343,0.000016043,0.000027819,0.000028512
main|astana_clinic_nobase|nc6|np5|br0.25|one_heavy|ms3|r300|s1,0.000026574,0.000020588,0.000067576,0.000014297,0.000020161,0.000020734,0.000012655,0.000020547,0.000019322,0.000013139,0.000021437,0.000022468
main|astana_clinic_nobase|nc6|np5|br0.25|one_heavy|ms3|r300|s2,0.000024908,0.000023775,0.000075742,0.000017468,0.000027929,0.000025574,0.000015189,0.000027825,0.000025343,0.000014902,0.000027322,0.000025084
main|astana_clinic_nobase|nc6|np5|br0.25|one_heavy|ms3|r300|s3,0.000025887,0.000021218,0.000072671,0.000012830,0.000022618,0.000022383,0.000013054,0.000020556,0.000021839,0.000013246,0.000020952,0.000020119
main|astana_clinic_nobase|nc6|np5|br0.25|one_heavy|ms3|r300|s4,0.000030314,0.000029557,0.000080453,0.000017100,0.000027526,0.000026509,0.000015460,0.000028262,0.000025649,0.000015570,0.000026470,0.000025454
main|astana_clinic_nobase|nc6|np5|br0.25|one_heavy|ms3|r300|s5,0.000024521,0.000033961,0.000103987,0.000027740,0.000040508,0.000039698,0.000020324,0.000041611,0.000039266,0.000024349,0.000034749,0.000033782
main|astana_clinic_nobase|nc6|np5|br0.25|one_heavy|ms3|r300|s6,0.000028143,0.000024152,0.000079250,0.000017924,0.000028613,0.000026168,0.000014633,0.000024244,0.000027503,0.000016591,0.000027765,0.000026441
main|astana_clinic_nobase|nc6|np5|br0.25|one_heavy|ms3|r300|s7,0.000030403,0.000032076,0.000109201,0.000023535,0.000037020,0.000038360,0.000024946,0.000036268,0.000036409,0.000023537,0.000038363,0.000035811
main|astana_clinic_nobase|nc6|np5|br0.25|one_heavy|ms3|r300|s8,0.000025963,0.000025545,0.000089230,0.000020378,0.000035227,0.000036430,0.000018095,0.000031671,0.000032463,0.000020610,0.000032040,0.000031320
main|astana_clinic_nobase|nc6|np5|br0.25|one_heavy|ms3|r300|s9,0.000025287,0.000025565,0.000085551,0.000018562,0.000028147,0.000026421,0.000017083,0.000026954,0.000028138,0.000017206,0.000025310,0.000024722
main|astana_clinic_nobase|nc6|np5|br0.5|uniform|ms3|r300|s0,0.000027494,0.000062911,0.000182050,0.000032934,0.000065124,0.000044966,0.000035940,0.000059400,0.000044691,0.000032320,0.000057997,0.000042859
main|astana_clinic_nobase|nc6|np5|br0.5|uniform|ms3|r300|s1,0.000026337,0.000046539,0.000140462,0.000029872,0.000067638,0.000052660,0.000029022,0.000068834,0.000051818,0.000029816,0.000068165,0.000053084
main|astana_clinic_nobase|nc6|np5|br0.5|uniform|ms3|r300|s2,0.000035405,0.000073267,0.000174311,0.000044977,0.000071116,0.000048311,0.000033489,0.000075468,0.000052295,0.000031387,0.000071808,0.000050245
main|astana_clinic_nobase|nc6|np5|br0.5|uniform|ms3|r300|s3,0.000026440,0.000067206,0.000176973,0.000031414,0.000070859,0.000050992,0.000031646,0.000074330,0.000052166,0.000034140,0.000067037,0.000052098
main|astana_clinic_nobase|nc6|np5|br0.5|uniform|ms3|r300|s4,0.000025615,0.000056771,0.000160525,0.000035937,0.000065069,0.000055208,0.000033008,0.000061597,0.000058423,0.000039712,0.000053991,0.000048086
main|astana_clinic_nobase|nc6|np5|br0.5|uniform|ms3|r300|s5,0.000025559,0.000074668,0.000198434,0.000038141,0.000081643,0.000061548,0.000031718,0.000073765,0.000055182,0.000036175,0.000067216,0.000048257
main|astana_clinic_nobase|nc6|np5|br0.5|uniform|ms3|r300|s6,0.000024840,0.000063988,0.000178177,0.000034072,0.000074169,0.000061792,0.000046497,0.000072226,0.000057205,0.000042329,0.000058861,0.000059682
main|astana_clinic_nobase|nc6|np5|br0.5|uniform|ms3|r300|s7,0.000025104,0.000075263,0.000242081,0.000046069,0.000074345,0.000077366,0.000035791,0.000072568,0.000074978,0.000044093,0.000063094,0.000067110
main|astana_clinic_nobase|nc6|np5|br0.5|uniform|ms3|r300|s8,0.000024503,0.000056923,0.000162943,0.000034544,0.000059065,0.000055800,0.000043031,0.000057567,0.000066402,0.000037188,0.000049043,0.000048360
main|astana_clinic_nobase|nc6|np5|br0.5|uniform|ms3|r300|s9,0.000024314,0.000066374,0.000184821,0.000036387,0.000083579,0.000052206,0.000034534,0.000081744,0.000054959,0.000036507,0.000068773,0.000051277
main|astana_clinic_nobase|nc6|np5|br0.5|random_1_100|ms3|r300|s0,0.000024662,0.000064278,0.000178221,0.000029876,0.000066123,0.000049866,0.000031597,0.000059764,0.000042496,0.000037233,0.000052839,0.000041090
main|astana_clinic_nobase|nc6|np5|br0.5|random_1_100|ms3|r300|s1,0.000024152,0.000048220,0.000128504,0.000029638,0.000064924,0.000064734,0.000028852,0.000060174,0.000051372,0.000027809,0.000061592,0.000055089
main|astana_clinic_nobase|nc6|np5|br0.5|random_1_100|ms3|r300|s2,0.000024091,0.000055586,0.000170621,0.000031144,0.000071339,0.000046857,0.000030284,0.000068872,0.000047446,0.000034477,0.000065774,0.000044751
main|astana_clinic_nobase|nc6|np5|br0.5|random_1_100|ms3|r300|s3,0.000030536,0.000067574,0.000169717,0.000034394,0.000073279,0.000053369,0.000032425,0.000067588,0.000052398,0.000032777,0.000065870,0.000048398
main|astana_clinic_nobase|nc6|np5|br0.5|random_1_100|ms3|r300|s4,0.000024438,0.000055881,0.000159837,0.000038521,0.000067011,0.000057653,0.000036836,0.000083004,0.000056071,0.000037369,0.000057656,0.000052531
main|astana_clinic_nobase|nc6|np5|br0.5|random_1_100|ms3|r300|s5,0.000024716,0.000072596,0.000207605,0.000035227,0.000073376,0.000061227,0.000034558,0.000071487,0.000055064,0.000037863,0.000060634,0.000049556
main|astana_clinic_nobase|nc6|np5|br0.5|random_1_100|ms3|r300|s6,0.000026526,0.000065692,0.000185543,0.000032333,0.000077045,0.000057763,0.000044291,0.000070239,0.000057190,0.000032323,0.000061339,0.000053290
main|astana_clinic_nobase|nc6|np5|br0.5|random_1_100|ms3|r300|s7,0.000024040,0.000076723,0.000210458,0.000047903,0.000082078,0.000070905,0.000037321,0.000077348,0.000078425,0.000045861,0.000067025,0.000068549
main|astana_clinic_nobase|nc6|np5|br0.5|random_1_100|ms3|r300|s8,0.000024561,0.000058583,0.000165670,0.000035395,0.000057308,0.000055652,0.000034225,0.000057131,0.000056868,0.000033419,0.000050435,0.000049552
main|astana_clinic_nobase|nc6|np5|br0.5|random_1_100|ms3|r300|s9,0.000025123,0.000068461,0.000198424,0.000035377,0.000077188,0.000058878,0.000034024,0.000091656,0.000054279,0.000034837,0.000062581,0.000048045
main|astana_clinic_nobase|nc6|np5|br0.5|one_heavy|ms3|r300|s0,0.000025464,0.000064717,0.000173628,0.000033091,0.000067282,0.000041941,0.000034891,0.000061868,0.000044426,0.000036581,0.000068475,0.000043108
main|astana_clinic_nobase|nc6|np5|br0.5|one_heavy|ms3|r300|s1,0.000023468,0.000055825,0.000139527,0.000031561,0.000075714,0.000057058,0.000031476,0.000068899,0.000053769,0.000044012,0.000088436,0.000058089
main|astana_clinic_nobase|nc6|np5|br0.5|one_heavy|ms3|r300|s2,0.000031600,0.000062493,0.000165897,0.000032016,0.000075188,0.000049604,0.000032613,0.000069788,0.000049853,0.000032368,0.000069953,0.000048226
main|astana_clinic_nobase|nc6|np5|br0.5|one_heavy|ms3|r300|s3,0.000037621,0.000065980,0.000179943,0.000040463,0.000071440,0.000055084,0.000030433,0.000082893,0.000053481,0.000032598,0.000065964,0.000045100
main|astana_clinic_nobase|nc6|np5|br0.5|one_heavy|ms3|r300|s4,0.000024859,0.000055947,0.000151988,0.000037341,0.000077505,0.000055123,0.000033389,0.000058690,0.000057529,0.000042154,0.000059487,0.000049269
main|astana_clinic_nobase|nc6|np5|br0.5|one_heavy|ms3|r300|s5,0.000024872,0.000078624,0.000197684,0.000042907,0.000073616,0.000058464,0.000033200,0.000067129,0.000053804,0.000040652,0.000076495,0.000059652
main|astana_clinic_nobase|nc6|np5|br0.5|one_heavy|ms3|r300|s6,0.000041385,0.000066654,0.000182120,0.000030568,0.000072483,0.000057976,0.000042531,0.000079850,0.000062863,0.000042488,0.000077464,0.000055291
main|astana_clinic_nobase|nc6|np5|br0.5|one_heavy|ms3|r300|s7,0.000024582,0.000083719,0.000208772,0.000037480,0.000061830,0.000069169,0.000038591,0.000071259,0.000074496,0.000044646,0.000065636,0.000060306
main|astana_clinic_nobase|nc6|np5|br0.5|one_heavy|ms3|r300|s8,0.000031727,0.000080295,0.000185511,0.000039330,0.000061073,0.000064988,0.000036444,0.000061329,0.000058165,0.000035798,0.000050670,0.000051137
main|astana_clinic_nobase|nc6|np5|br0.5|one_heavy|ms3|r300|s9,0.000026816,0.000073384,0.000205502,0.000037175,0.000079469,0.000060702,0.000038624,0.000085220,0.000061583,0.000037557,0.000070799,0.000055755
main|astana_clinic_nobase|nc6|np5|br0.75|uniform|ms3|r300|s0,0.000025962,0.000146237,0.000352122,0.000050678,0.000095154,0.000080333,0.000043395,0.000082482,0.000077555,0.000049373,0.000062094,0.000060478
main|astana_clinic_nobase|nc6|np5|br0.75|uniform|ms3|r300|s1,0.000026066,0.000094837,0.000249536,0.000046896,0.000084628,0.000079253,0.000045679,0.000072344,0.000072245,0.000052410,0.000072253,0.000071588
main|astana_clinic_nobase|nc6|np5|br0.75|uniform|ms3|r300|s2,0.000025838,0.000113336,0.000325992,0.000052743,0.000091751,0.000077863,0.000058401,0.000086650,0.000083173,0.000048369,0.000082349,0.000071215
main|astana_clinic_nobase|nc6|np5|br0.75|uniform|ms3|r300|s3,0.000034109,0.000110802,0.000352047,0.000053722,0.000092528,0.000078896,0.000054515,0.000091561,0.000077550,0.000049437,0.000079834,0.000063337
main|astana_clinic_nobase|nc6|np5|br0.75|uniform|ms3|r300|s4,0.000026751,0.000111339,0.000290910,0.000054258,0.000080184,0.000078670,0.000047894,0.000081493,0.000078486,0.000050779,0.000064558,0.000063553
main|astana_clinic_nobase|nc6|np5|br0.75|uniform|ms3|r300|s5,0.000026492,0.000121759,0.000343163,0.000047691,0.000092701,0.000093844,0.000049324,0.000097346,0.000077658,0.000048068,0.000080931,0.000065976
main|astana_clinic_nobase|nc6|np5|br0.75|uniform|ms3|r300|s6,0.000026222,0.000129884,0.000307350,0.000044128,0.000098713,0.000115842,0.000074565,0.000110509,0.000109855,0.000064886,0.000092681,0.000104872
main|astana_clinic_nobase|nc6|np5|br0.75|uniform|ms3|r300|s7,0.000036111,0.000163817,0.000439906,0.000072389,0.000110951,0.000113308,0.000068642,0.000116837,0.000111728,0.000072836,0.000099811,0.000076812
main|astana_clinic_nobase|nc6|np5|br0.75|uniform|ms3|r300|s8,0.000027035,0.000133249,0.000332168,0.000053349,0.000100399,0.000101200,0.000046629,0.000099507,0.000099233,0.000055874,0.000078841,0.000083802
main|astana_clinic_nobase|nc6|np5|br0.75|uniform|ms3|r300|s9,0.000037252,0.000151498,0.000403031,0.000065266,0.000119434,0.000103382,0.000063779,0.000112725,0.000101504,0.000063835,0.000097066,0.000080455
main|astana_clinic_nobase|nc6|np5|br0.75|random_1_100|ms3|r300|s0,0.000035251,0.000150830,0.000409618,0.000065873,0.000086541,0.000076882,0.000042933,0.000084670,0.000073952,0.000049939,0.000058757,0.000057204
main|astana_clinic_nobase|nc6|np5|br0.75|random_1_100|ms3|r300|s1,0.000024492,0.000095764,0.000259198,0.000050490,0.000087324,0.000080175,0.000045754,0.000078936,0.000090780,0.000051365,0.000067994,0.000067930
main|astana_clinic_nobase|nc6|np5|br0.75|random_1_100|ms3|r300|s2,0.000026222,0.000124885,0.000315409,0.000049327,0.000093747,0.000081526,0.000057898,0.000088207,0.000076780,0.000047441,0.000082950,0.000073204
main|astana_clinic_nobase|nc6|np5|br0.75|random_1_100|ms3|r300|s3,0.000026223,0.000121757,0.000308806,0.000047416,0.000092710,0.000079483,0.000049845,0.000094650,0.000080656,0.000050806,0.000078998,0.000062921
main|astana_clinic_nobase|nc6|np5|br0.75|random_1_100|ms3|r300|s4,0.000026260,0.000113407,0.000293561,0.000056072,0.000082779,0.000076912,0.000057649,0.000084925,0.000079427,0.000055427,0.000080926,0.000061812
main|astana_clinic_nobase|nc6|np5|br0.75|random_1_100|ms3|r300|s5,0.000026611,0.000137621,0.000329386,0.000048373,0.000087630,0.000088401,0.000045230,0.000089815,0.000077679,0.000050735,0.000077486,0.000068346
main|astana_clinic_nobase|nc6|np5|br0.75|random_1_100|ms3|r300|s6,0.000032544,0.000114341,0.000304945,0.000042651,0.000106595,0.000082473,0.000053806,0.000085812,0.000083062,0.000048984,0.000069240,0.000074564
main|astana_clinic_nobase|nc6|np5|br0.75|random_1_100|ms3|r300|s7,0.000032939,0.000148116,0.000329972,0.000057510,0.000082761,0.000088964,0.000050958,0.000091009,0.000085854,0.000058423,0.000079229,0.000080010
main|astana_clinic_nobase|nc6|np5|br0.75|random_1_100|ms3|r300|s8,0.000026277,0.000107048,0.000296841,0.000042591,0.000089189,0.000076825,0.000039872,0.000083386,0.000078549,0.000043935,0.000058851,0.000061778
main|astana_clinic_nobase|nc6|np5|br0.75|random_1_100|ms3|r300|s9,0.000025461,0.000125520,0.000318112,0.000050108,0.000094156,0.000099101,0.000053033,0.000084662,0.000075755,0.000048958,0.000071358,0.000057053
main|astana_clinic_nobase|nc6|np5|br0.75|one_heavy|ms3|r300|s0,0.000026828,0.000112021,0.000318125,0.000044449,0.000084702,0.000068952,0.000040725,0.000082603,0.000073771,0.000041119,0.000060711,0.000059286
main|astana_clinic_nobase|nc6|np5|br0.75|one_heavy|ms3|r300|s1,0.000035888,0.000114750,0.000246715,0.000042460,0.000074975,0.000077633,0.000044957,0.000075855,0.000070697,0.000044783,0.000068167,0.000064786
main|astana_clinic_nobase|nc6|np5|br0.75|one_heavy|ms3|r300|s2,0.000025408,0.000115502,0.000309530,0.000051582,0.000085147,0.000073715,0.000054989,0.000082703,0.000074123,0.000048179,0.000082295,0.000062534
main|astana_clinic_nobase|nc6|np5|br0.75|one_heavy|ms3|r300|s3,0.000025709,0.000108827,0.000287927,0.000046360,0.000089930,0.000070488,0.000051634,0.000088309,0.000074876,0.000051429,0.000072201,0.000062865
main|astana_clinic_nobase|nc6|np5|br0.75|one_heavy|ms3|r300|s4,0.000026028,0.000120604,0.000293350,0.000055969,0.000081792,0.000081665,0.000049234,0.000076822,0.000073794,0.000050104,0.000062284,0.000060289
main|astana_clinic_nobase|nc6|np5|br0.75|one_heavy|ms3|r300|s5,0.000027864,0.000120763,0.000334620,0.000057220,0.000088433,0.000088382,0.000049449,0.000085894,0.000077324,0.000056258,0.000075062,0.000064809
main|astana_clinic_nobase|nc6|np5|br0.75|one_heavy|ms3|r300|s6,0.000026310,0.000111660,0.000302867,0.000045221,0.000076887,0.000083904,0.000048004,0.000089371,0.000084471,0.000049577,0.000071826,0.000077667
main|astana_clinic_nobase|nc6|np5|br0.75|one_heavy|ms3|r300|s7,0.000028580,0.000128893,0.000330105,0.000055656,0.000086887,0.000092237,0.000052662,0.000093203,0.000085935,0.000054742,0.000082282,0.000078370
main|astana_clinic_nobase|nc6|np5|br0.75|one_heavy|ms3|r300|s8,0.000026384,0.000108807,0.000292974,0.000046901,0.000081127,0.000080385,0.000037683,0.000084437,0.000077283,0.000046078,0.000060311,0.000059391
main|astana_clinic_nobase|nc6|np5|br0.75|one_heavy|ms3|r300|s9,0.000026561,0.000111161,0.000301415,0.000051709,0.000086392,0.000079195,0.000048852,0.000093736,0.000075577,0.000049595,0.000073530,0.000060430
main|astana_clinic_nobase|nc6|np5|br1.0|uniform|ms3|r300|s0,0.000024805,0.000142414,0.000408577,0.000055267,0.000094771,0.000086615,0.000055338,0.000085554,0.000085491,0.000056974,0.000066166,0.000060949
main|astana_clinic_nobase|nc6|np5|br1.0|uniform|ms3|r300|s1,0.000025765,0.000141721,0.000379446,0.000055623,0.000093859,0.000088832,0.000058310,0.000086362,0.000084711,0.000055822,0.000082941,0.000080929
main|astana_clinic_nobase|nc6|np5|br1.0|uniform|ms3|r300|s2,0.000025091,0.000157964,0.000378027,0.000056334,0.000089329,0.000089697,0.000054807,0.000089017,0.000088860,0.000056168,0.000082112,0.000080633
main|astana_clinic_nobase|nc6|np5|br1.0|uniform|ms3|r300|s3,0.000026928,0.000142866,0.000391638,0.000058469,0.000092653,0.000090095,0.000056654,0.000096505,0.000082973,0.000057740,0.000074189,0.000076448
main|astana_clinic_nobase|nc6|np5|br1.0|uniform|ms3|r300|s4,0.000026193,0.000144952,0.000370539,0.000056528,0.000091644,0.000085991,0.000054132,0.000084510,0.000081750,0.000057207,0.000063643,0.000062614
main|astana_clinic_nobase|nc6|np5|br1.0|uniform|ms3|r300|s5,0.000026648,0.000145145,0.000407801,0.000059269,0.000092926,0.000090719,0.000056545,0.000089297,0.000086715,0.000054262,0.000079582,0.000075353
main|astana_clinic_nobase|nc6|np5|br1.0|uniform|ms3|r300|s6,0.000026369,0.000144641,0.000392636,0.000055914,0.000092026,0.000082036,0.000053792,0.000081360,0.000085150,0.000055391,0.000077011,0.000078555
main|astana_clinic_nobase|nc6|np5|br1.0|uniform|ms3|r300|s7,0.000025284,0.000143872,0.000404939,0.000063916,0.000087726,0.000086491,0.000054055,0.000089185,0.000084533,0.000059519,0.000082366,0.000081281
main|astana_clinic_nobase|nc6|np5|br1.0|uniform|ms3|r300|s8,0.000025590,0.000148902,0.000392439,0.000054063,0.000086226,0.000085247,0.000054383,0.000088710,0.000082635,0.000053961,0.000060688,0.000060517
main|astana_clinic_nobase|nc6|np5|br1.0|uniform|ms3|r300|s9,0.000026201,0.000141892,0.000390219,0.000054427,0.000094494,0.000084652,0.000054253,0.000087080,0.000079005,0.000058640,0.000079735,0.000059255
main|astana_clinic_nobase|nc6|np5|br1.0|random_1_100|ms3|r300|s0,0.000028103,0.000162741,0.000423059,0.000052666,0.000095120,0.000088275,0.000055919,0.000083258,0.000087303,0.000055371,0.000063464,0.000061643
main|astana_clinic_nobase|nc6|np5|br1.0|random_1_100|ms3|r300|s1,0.000029094,0.000163478,0.000366280,0.000055436,0.000090631,0.000090048,0.000055299,0.000090006,0.000087420,0.000057464,0.000079884,0.000079057
main|astana_clinic_nobase|nc6|np5|br1.0|random_1_100|ms3|r300|s2,0.000024719,0.000144915,0.000391818,0.000054077,0.000098338,0.000090042,0.000058269,0.000097069,0.000088797,0.000058867,0.000082111,0.000087396
main|astana_clinic_nobase|nc6|np5|br1.0|random_1_100|ms3|r300|s3,0.000027736,0.000153215,0.000389738,0.000059335,0.000094154,0.000081912,0.000057874,0.000090478,0.000082267,0.000057342,0.000080047,0.000076299
main|astana_clinic_nobase|nc6|np5|br1.0|random_1_100|ms3|r300|s4,0.000025627,0.000142877,0.000403937,0.000055400,0.000083506,0.000082641,0.000054858,0.000080833,0.000083280,0.000059508,0.000058909,0.000062927
main|astana_clinic_nobase|nc6|np5|br1.0|random_1_100|ms3|r300|s5,0.000024848,0.000148576,0.000411860,0.000055781,0.000106592,0.000091275,0.000054883,0.000085439,0.000085102,0.000055793,0.000078606,0.000088322
main|astana_clinic_nobase|nc6|np5|br1.0|random_1_100|ms3|r300|s6,0.000034185,0.000151646,0.000407061,0.000067998,0.000095855,0.000090424,0.000059150,0.000089612,0.000085432,0.000055251,0.000086505,0.000083745
main|astana_clinic_nobase|nc6|np5|br1.0|random_1_100|ms3|r300|s7,0.000025280,0.000147998,0.000395492,0.000055571,0.000087048,0.000085779,0.000056281,0.000091664,0.000087026,0.000057253,0.000077689,0.000082240
main|astana_clinic_nobase|nc6|np5|br1.0|random_1_100|ms3|r300|s8,0.000024931,0.000140907,0.000369953,0.000055533,0.000089493,0.000081930,0.000056004,0.000085500,0.000086875,0.000057639,0.000061975,0.000062550
main|astana_clinic_nobase|nc6|np5|br1.0|random_1_100|ms3|r300|s9,0.000026379,0.000142721,0.000385600,0.000053911,0.000090695,0.000080749,0.000057547,0.000093104,0.000080004,0.000051802,0.000073061,0.000058846
main|astana_clinic_nobase|nc6|np5|br1.0|one_heavy|ms3|r300|s0,0.000025788,0.000144249,0.000389087,0.000053980,0.000095769,0.000088824,0.000059428,0.000085299,0.000085840,0.000053912,0.000059338,0.000058790
main|astana_clinic_nobase|nc6|np5|br1.0|one_heavy|ms3|r300|s1,0.000027923,0.000139214,0.000372955,0.000056608,0.000097503,0.000087641,0.000055857,0.000087942,0.000083083,0.000058651,0.000082456,0.000076136
main|astana_clinic_nobase|nc6|np5|br1.0|one_heavy|ms3|r300|s2,0.000025801,0.000151591,0.000388550,0.000065492,0.000092616,0.000103227,0.000054186,0.000087660,0.000086694,0.000057706,0.000082732,0.000080249
main|astana_clinic_nobase|nc6|np5|br1.0|one_heavy|ms3|r300|s3,0.000026120,0.000141862,0.000386494,0.000055324,0.000092666,0.000084012,0.000057171,0.000087520,0.000082536,0.000052248,0.000078623,0.000075293
main|astana_clinic_nobase|nc6|np5|br1.0|one_heavy|ms3|r300|s4,0.000027509,0.000150465,0.000379946,0.000054926,0.000083367,0.000078835,0.000057627,0.000087746,0.000081243,0.000058679,0.000062204,0.000060600
main|astana_clinic_nobase|nc6|np5|br1.0|one_heavy|ms3|r300|s5,0.000030386,0.000156821,0.000415006,0.000055107,0.000094156,0.000092955,0.000058929,0.000087291,0.000088916,0.000057344,0.000078726,0.000077134
main|astana_clinic_nobase|nc6|np5|br1.0|one_heavy|ms3|r300|s6,0.000025195,0.000152659,0.000411832,0.000061605,0.000094275,0.000087178,0.000055218,0.000089209,0.000083996,0.000053964,0.000076767,0.000083308
main|astana_clinic_nobase|nc6|np5|br1.0|one_heavy|ms3|r300|s7,0.000026017,0.000138571,0.000418284,0.000060181,0.000085536,0.000089113,0.000057395,0.000089535,0.000086017,0.000057403,0.000077595,0.000076801
main|astana_clinic_nobase|nc6|np5|br1.0|one_heavy|ms3|r300|s8,0.000025526,0.000141777,0.000402714,0.000052353,0.000088345,0.000083431,0.000054718,0.000082561,0.000085170,0.000055835,0.000062051,0.000061745
main|astana_clinic_nobase|nc6|np5|br1.0|one_heavy|ms3|r300|s9,0.000025957,0.000136765,0.000404714,0.000053799,0.000095678,0.000083101,0.000057107,0.000088894,0.000079806,0.000059227,0.000112333,0.000073360
main|astana_clinic_nobase|nc6|np15|br0.25|uniform|ms3|r300|s0,0.000065984,0.000029495,0.000087659,0.000019759,0.000043686,0.000036606,0.000021408,0.000033387,0.000036275,0.000019357,0.000033742,0.000034519
main|astana_clinic_nobase|nc6|np15|br0.25|uniform|ms3|r300|s1,0.000064487,0.000022168,0.000076564,0.000016341,0.000026132,0.000025396,0.000016058,0.000024673,0.000027157,0.000017089,0.000026655,0.000025572
main|astana_clinic_nobase|nc6|np15|br0.25|uniform|ms3|r300|s2,0.000066718,0.000027271,0.000086186,0.000020961,0.000035329,0.000032392,0.000019675,0.000034220,0.000035758,0.000023453,0.000036506,0.000033855
main|astana_clinic_nobase|nc6|np15|br0.25|uniform|ms3|r300|s3,0.000066407,0.000022342,0.000084795,0.000016698,0.000026509,0.000026286,0.000016760,0.000026250,0.000027230,0.000016156,0.000027468,0.000025602
main|astana_clinic_nobase|nc6|np15|br0.25|uniform|ms3|r300|s4,0.000065707,0.000027903,0.000090198,0.000020914,0.000035058,0.000035184,0.000019203,0.000034368,0.000035166,0.000021189,0.000035495,0.000035265
main|astana_clinic_nobase|nc6|np15|br0.25|uniform|ms3|r300|s5,0.000063249,0.000039817,0.000117114,0.000027522,0.000048477,0.000048441,0.000029214,0.000051027,0.000047098,0.000025875,0.000050357,0.000050923
main|astana_clinic_nobase|nc6|np15|br0.25|uniform|ms3|r300|s6,0.000068415,0.000028484,0.000084901,0.000020967,0.000036061,0.000033490,0.000020132,0.000038931,0.000036634,0.000019843,0.000034397,0.000034555
main|astana_clinic_nobase|nc6|np15|br0.25|uniform|ms3|r300|s7,0.000062968,0.000038074,0.000123646,0.000032135,0.000053465,0.000048815,0.000029031,0.000047411,0.000048028,0.000031702,0.000048970,0.000049711
main|astana_clinic_nobase|nc6|np15|br0.25|uniform|ms3|r300|s8,0.000064938,0.000032978,0.000100673,0.000023975,0.000044295,0.000042653,0.000024444,0.000043780,0.000040787,0.000025223,0.000043245,0.000042488
main|astana_clinic_nobase|nc6|np15|br0.25|uniform|ms3|r300|s9,0.000079086,0.000037671,0.000095787,0.000025239,0.000034074,0.000033600,0.000022101,0.000033739,0.000034479,0.000021493,0.000031224,0.000030021
main|astana_clinic_nobase|nc6|np15|br0.25|random_1_100|ms3|r300|s0,0.000064400,0.000025857,0.000091682,0.000020319,0.000035636,0.000033993,0.000021021,0.000036630,0.000034140,0.000022093,0.000038434,0.000035783
main|astana_clinic_nobase|nc6|np15|br0.25|random_1_100|ms3|r300|s1,0.000062916,0.000020972,0.000074797,0.000015989,0.000027663,0.000030594,0.000019228,0.000027578,0.000026851,0.000015972,0.000027098,0.000027906
main|astana_clinic_nobase|nc6|np15|br0.25|random_1_100|ms3|r300|s2,0.000064075,0.000029028,0.000086355,0.000021469,0.000036906,0.000034510,0.000018359,0.000034291,0.000037342,0.000020497,0.000036048,0.000034538
main|astana_clinic_nobase|nc6|np15|br0.25|random_1_100|ms3|r300|s3,0.000079777,0.000027597,0.000083279,0.000016777,0.000027413,0.000026618,0.000016090,0.000026860,0.000027114,0.000015980,0.000026571,0.000028922
main|astana_clinic_nobase|nc6|np15|br0.25|random_1_100|ms3|r300|s4,0.000067237,0.000027156,0.000092259,0.000021282,0.000035858,0.000034589,0.000021668,0.000036737,0.000035883,0.000021086,0.000036492,0.000034224
main|astana_clinic_nobase|nc6|np15|br0.25|random_1_100|ms3|r300|s5,0.000063797,0.000037505,0.000118445,0.000033309,0.000051898,0.000050924,0.000027654,0.000050625,0.000050654,0.000026294,0.000051312,0.000051728
main|astana_clinic_nobase|nc6|np15|br0.25|random_1_100|ms3|r300|s6,0.000063990,0.000030842,0.000093537,0.000022133,0.000034956,0.000034157,0.000021694,0.000036960,0.000034911,0.000020320,0.000035255,0.000035950
main|astana_clinic_nobase|nc6|np15|br0.25|random_1_100|ms3|r300|s7,0.000066915,0.000040362,0.000128498,0.000031749,0.000051902,0.000050519,0.000031002,0.000046943,0.000050157,0.000032006,0.000049311,0.000053608
main|astana_clinic_nobase|nc6|np15|br0.25|random_1_100|ms3|r300|s8,0.000063610,0.000033254,0.000095172,0.000026776,0.000050213,0.000040313,0.000023002,0.000042117,0.000041436,0.000024989,0.000045034,0.000042633
main|astana_clinic_nobase|nc6|np15|br0.25|random_1_100|ms3|r300|s9,0.000066498,0.000028152,0.000093658,0.000023129,0.000038891,0.000035010,0.000021437,0.000031061,0.000032145,0.000020094,0.000031781,0.000032076
main|astana_clinic_nobase|nc6|np15|br0.25|one_heavy|ms3|r300|s0,0.000066499,0.000026186,0.000091116,0.000025327,0.000034326,0.000033895,0.000020430,0.000033643,0.000036517,0.000020022,0.000035723,0.000035029
main|astana_clinic_nobase|nc6|np15|br0.25|one_heavy|ms3|r300|s1,0.000065320,0.000021643,0.000076347,0.000017300,0.000026175,0.000026810,0.000016504,0.000027073,0.000026965,0.000016256,0.000025442,0.000025621
main|astana_clinic_nobase|nc6|np15|br0.25|one_heavy|ms3|r300|s2,0.000062741,0.000028199,0.000088302,0.000021659,0.000035297,0.000033130,0.000019930,0.000037544,0.000033291,0.000020551,0.000034220,0.000034814
main|astana_clinic_nobase|nc6|np15|br0.25|one_heavy|ms3|r300|s3,0.000063259,0.000022486,0.000080534,0.000016202,0.000026149,0.000026359,0.000015432,0.000026570,0.000026637,0.000015937,0.000026104,0.000024636
main|astana_clinic_nobase|nc6|np15|br0.25|one_heavy|ms3|r300|s4,0.000063426,0.000025260,0.000085627,0.000020576,0.000034372,0.000036105,0.000021088,0.000035731,0.000034611,0.000021093,0.000034491,0.000038084
main|astana_clinic_nobase|nc6|np15|br0.25|one_heavy|ms3|r300|s5,0.000066700,0.000040316,0.000113933,0.000032305,0.000048295,0.000049581,0.000027034,0.000050481,0.000049141,0.000025414,0.000051330,0.000047010
main|astana_clinic_nobase|nc6|np15|br0.25|one_heavy|ms3|r300|s6,0.000063244,0.000027975,0.000086524,0.000021460,0.000034305,0.000033202,0.000020471,0.000033941,0.000034587,0.000019904,0.000034593,0.000034604
main|astana_clinic_nobase|nc6|np15|br0.25|one_heavy|ms3|r300|s7,0.000064453,0.000041135,0.000121576,0.000031030,0.000052084,0.000050970,0.000031651,0.000049004,0.000047661,0.000031454,0.000049378,0.000049038
main|astana_clinic_nobase|nc6|np15|br0.25|one_heavy|ms3|r300|s8,0.000064080,0.000032070,0.000096280,0.000026127,0.000042609,0.000042864,0.000024039,0.000045065,0.000041177,0.000025530,0.000041073,0.000043032
main|astana_clinic_nobase|nc6|np15|br0.25|one_heavy|ms3|r300|s9,0.000063022,0.000031659,0.000095112,0.000023382,0.000039925,0.000033858,0.000020542,0.000030928,0.000032551,0.000027211,0.000029914,0.000030443
main|astana_clinic_nobase|nc6|np15|br0.5|uniform|ms3|r300|s0,0.000065887,0.000075854,0.000249669,0.000067657,0.000123203,0.000095352,0.000064820,0.000094778,0.000075477,0.000051480,0.000086796,0.000057477
main|astana_clinic_nobase|nc6|np15|br0.5|uniform|ms3|r300|s1,0.000062793,0.000061696,0.000155405,0.000037112,0.000084322,0.000065895,0.000040249,0.000087999,0.000065922,0.000040714,0.000084874,0.000063975
main|astana_clinic_nobase|nc6|np15|br0.5|uniform|ms3|r300|s2,0.000064259,0.000081098,0.000190361,0.000050630,0.000097439,0.000064106,0.000042820,0.000093487,0.000067055,0.000044637,0.000090284,0.000065368
main|astana_clinic_nobase|nc6|np15|br0.5|uniform|ms3|r300|s3,0.000064050,0.000077579,0.000202723,0.000042310,0.000092585,0.000069989,0.000045673,0.000092417,0.000073179,0.000043369,0.000088733,0.000068389
main|astana_clinic_nobase|nc6|np15|br0.5|uniform|ms3|r300|s4,0.000063631,0.000067354,0.000195535,0.000047526,0.000084508,0.000075729,0.000045802,0.000083998,0.000073623,0.000050051,0.000084099,0.000078371
main|astana_clinic_nobase|nc6|np15|br0.5|uniform|ms3|r300|s5,0.000066147,0.000092553,0.000247126,0.000046618,0.000110045,0.000077182,0.000049691,0.000094578,0.000076671,0.000047602,0.000098561,0.000075362
main|astana_clinic_nobase|nc6|np15|br0.5|uniform|ms3|r300|s6,0.000068066,0.000082492,0.000215990,0.000041208,0.000102506,0.000078739,0.000063079,0.000094643,0.000079427,0.000059091,0.000093516,0.000071817
main|astana_clinic_nobase|nc6|np15|br0.5|uniform|ms3|r300|s7,0.000064674,0.000093237,0.000263370,0.000060088,0.000098681,0.000102560,0.000066440,0.000089135,0.000099709,0.000061367,0.000097378,0.000095398
main|astana_clinic_nobase|nc6|np15|br0.5|uniform|ms3|r300|s8,0.000062574,0.000074685,0.000215021,0.000046223,0.000080703,0.000080214,0.000051651,0.000077798,0.000076228,0.000046730,0.000076681,0.000073921
main|astana_clinic_nobase|nc6|np15|br0.5|uniform|ms3|r300|s9,0.000065309,0.000088456,0.000225662,0.000046433,0.000111179,0.000075978,0.000046622,0.000092520,0.000078386,0.000046195,0.000108446,0.000068626
main|astana_clinic_nobase|nc6|np15|br0.5|random_1_100|ms3|r300|s0,0.000069051,0.000075131,0.000199996,0.000041256,0.000095105,0.000059102,0.000050489,0.000081775,0.000056426,0.000036121,0.000079372,0.000059330
main|astana_clinic_nobase|nc6|np15|br0.5|random_1_100|ms3|r300|s1,0.000064824,0.000058391,0.000158566,0.000037447,0.000089507,0.000066597,0.000041426,0.000091918,0.000066257,0.000040717,0.000087407,0.000064184
main|astana_clinic_nobase|nc6|np15|br0.5|random_1_100|ms3|r300|s2,0.000064633,0.000072572,0.000204607,0.000043673,0.000091722,0.000067758,0.000044565,0.000088850,0.000066926,0.000041244,0.000090126,0.000064727
main|astana_clinic_nobase|nc6|np15|br0.5|random_1_100|ms3|r300|s3,0.000066465,0.000080319,0.000209549,0.000042315,0.000095340,0.000073245,0.000045987,0.000093778,0.000069296,0.000043535,0.000092309,0.000068649
main|astana_clinic_nobase|nc6|np15|br0.5|random_1_100|ms3|r300|s4,0.000065260,0.000070873,0.000192567,0.000053400,0.000086340,0.000081391,0.000045529,0.000092671,0.000074541,0.000050457,0.000081498,0.000075583
main|astana_clinic_nobase|nc6|np15|br0.5|random_1_100|ms3|r300|s5,0.000064553,0.000094901,0.000250031,0.000060810,0.000102191,0.000078185,0.000050679,0.000103354,0.000078936,0.000049506,0.000093260,0.000073633
main|astana_clinic_nobase|nc6|np15|br0.5|random_1_100|ms3|r300|s6,0.000067987,0.000092078,0.000214640,0.000044572,0.000099010,0.000077884,0.000057030,0.000095276,0.000079586,0.000059534,0.000093073,0.000079313
main|astana_clinic_nobase|nc6|np15|br0.5|random_1_100|ms3|r300|s7,0.000065855,0.000098836,0.000253214,0.000062101,0.000098338,0.000097382,0.000060684,0.000091029,0.000091035,0.000064012,0.000102065,0.000094807
main|astana_clinic_nobase|nc6|np15|br0.5|random_1_100|ms3|r300|s8,0.000066627,0.000076291,0.000207126,0.000046771,0.000083069,0.000074518,0.000045404,0.000076017,0.000074030,0.000045973,0.000074166,0.000075982
main|astana_clinic_nobase|nc6|np15|br0.5|random_1_100|ms3|r300|s9,0.000070729,0.000087730,0.000217399,0.000049156,0.000100131,0.000081953,0.000055897,0.000120181,0.000087629,0.000047850,0.000097212,0.000064893
main|astana_clinic_nobase|nc6|np15|br0.5|one_heavy|ms3|r300|s0,0.000064880,0.000087869,0.000196671,0.000049823,0.000093797,0.000059123,0.000054982,0.000080902,0.000064591,0.000052569,0.000078398,0.000057586
main|astana_clinic_nobase|nc6|np15|br0.5|one_heavy|ms3|r300|s1,0.000067010,0.000062172,0.000157362,0.000043517,0.000092521,0.000068909,0.000037547,0.000092546,0.000067180,0.000040126,0.000088228,0.000068942
main|astana_clinic_nobase|nc6|np15|br0.5|one_heavy|ms3|r300|s2,0.000063673,0.000069412,0.000186124,0.000046182,0.000105566,0.000067505,0.000047129,0.000095500,0.000069252,0.000046091,0.000093048,0.000065046
main|astana_clinic_nobase|nc6|np15|br0.5|one_heavy|ms3|r300|s3,0.000063586,0.000078596,0.000206462,0.000058056,0.000094917,0.000073563,0.000043364,0.000096826,0.000071389,0.000044334,0.000087040,0.000067840
main|astana_clinic_nobase|nc6|np15|br0.5|one_heavy|ms3|r300|s4,0.000064659,0.000067957,0.000180833,0.000047466,0.000086953,0.000077852,0.000046669,0.000082778,0.000077227,0.000046687,0.000090520,0.000079333
main|astana_clinic_nobase|nc6|np15|br0.5|one_heavy|ms3|r300|s5,0.000064133,0.000089143,0.000258977,0.000062541,0.000118417,0.000080475,0.000050820,0.000098447,0.000081643,0.000049627,0.000093909,0.000075557
main|astana_clinic_nobase|nc6|np15|br0.5|one_heavy|ms3|r300|s6,0.000068792,0.000085596,0.000222690,0.000044699,0.000109508,0.000080109,0.000060215,0.000098102,0.000079387,0.000065484,0.000098509,0.000076222
main|astana_clinic_nobase|nc6|np15|br0.5|one_heavy|ms3|r300|s7,0.000064478,0.000099580,0.000259027,0.000053682,0.000089735,0.000101969,0.000059813,0.000090519,0.000085779,0.000057819,0.000088803,0.000092407
main|astana_clinic_nobase|nc6|np15|br0.5|one_heavy|ms3|r300|s8,0.000063227,0.000073869,0.000209134,0.000048151,0.000077137,0.000072667,0.000045930,0.000076495,0.000072037,0.000045292,0.000073372,0.000076877
main|astana_clinic_nobase|nc6|np15|br0.5|one_heavy|ms3|r300|s9,0.000061827,0.000086690,0.000216895,0.000044258,0.000097334,0.000074463,0.000046302,0.000091230,0.000073632,0.000058195,0.000092402,0.000064442
main|astana_clinic_nobase|nc6|np15|br0.75|uniform|ms3|r300|s0,0.000061585,0.000144040,0.000378503,0.000061480,0.000109994,0.000088492,0.000072667,0.000110313,0.000092021,0.000056734,0.000105864,0.000087304
main|astana_clinic_nobase|nc6|np15|br0.75|uniform|ms3|r300|s1,0.000060363,0.000113355,0.000303703,0.000059470,0.000099781,0.000092619,0.000061035,0.000103439,0.000086453,0.000060614,0.000091087,0.000092989
main|astana_clinic_nobase|nc6|np15|br0.75|uniform|ms3|r300|s2,0.000062145,0.000138740,0.000342630,0.000061206,0.000114477,0.000096372,0.000060356,0.000113134,0.000096801,0.000062908,0.000113215,0.000102619
main|astana_clinic_nobase|nc6|np15|br0.75|uniform|ms3|r300|s3,0.000061778,0.000130160,0.000332703,0.000061602,0.000113268,0.000098002,0.000058052,0.000097773,0.000095513,0.000055919,0.000104793,0.000090952
main|astana_clinic_nobase|nc6|np15|br0.75|uniform|ms3|r300|s4,0.000060246,0.000137945,0.000332932,0.000059509,0.000104879,0.000103618,0.000062311,0.000098462,0.000094388,0.000058459,0.000113661,0.000094017
main|astana_clinic_nobase|nc6|np15|br0.75|uniform|ms3|r300|s5,0.000066902,0.000151594,0.000375865,0.000069835,0.000106992,0.000105164,0.000061472,0.000114829,0.000109938,0.000059281,0.000110471,0.000091328
main|astana_clinic_nobase|nc6|np15|br0.75|uniform|ms3|r300|s6,0.000060428,0.000130512,0.000352165,0.000060639,0.000107156,0.000116824,0.000075645,0.000113250,0.000115780,0.000070590,0.000112498,0.000121955
main|astana_clinic_nobase|nc6|np15|br0.75|uniform|ms3|r300|s7,0.000082003,0.000167423,0.000383191,0.000070572,0.000109514,0.000106555,0.000068257,0.000099718,0.000103448,0.000071702,0.000099976,0.000098521
main|astana_clinic_nobase|nc6|np15|br0.75|uniform|ms3|r300|s8,0.000061548,0.000131077,0.000331847,0.000048373,0.000111905,0.000102897,0.000052954,0.000096484,0.000098685,0.000048040,0.000092720,0.000093775
main|astana_clinic_nobase|nc6|np15|br0.75|uniform|ms3|r300|s9,0.000060103,0.000129591,0.000354500,0.000067808,0.000106244,0.000102280,0.000059982,0.000099359,0.000097226,0.000058792,0.000102249,0.000088726
main|astana_clinic_nobase|nc6|np15|br0.75|random_1_100|ms3|r300|s0,0.000062160,0.000140008,0.000355978,0.000069853,0.000103455,0.000089695,0.000066718,0.000102487,0.000094801,0.000057208,0.000097621,0.000088941
main|astana_clinic_nobase|nc6|np15|br0.75|random_1_100|ms3|r300|s1,0.000062079,0.000107619,0.000294679,0.000059701,0.000102908,0.000107442,0.000058058,0.000105301,0.000085031,0.000053519,0.000093043,0.000091645
main|astana_clinic_nobase|nc6|np15|br0.75|random_1_100|ms3|r300|s2,0.000060650,0.000132693,0.000375041,0.000062635,0.000105371,0.000096736,0.000061159,0.000103842,0.000096676,0.000064338,0.000103669,0.000096243
main|astana_clinic_nobase|nc6|np15|br0.75|random_1_100|ms3|r300|s3,0.000067873,0.000132363,0.000312734,0.000064191,0.000112737,0.000096393,0.000053888,0.000098757,0.000104882,0.000063022,0.000113726,0.000102423
main|astana_clinic_nobase|nc6|np15|br0.75|random_1_100|ms3|r300|s4,0.000076302,0.000151633,0.000376453,0.000072515,0.000120417,0.000110927,0.000066055,0.000107476,0.000106718,0.000068152,0.000116462,0.000102629
main|astana_clinic_nobase|nc6|np15|br0.75|random_1_100|ms3|r300|s5,0.000075659,0.000167116,0.000424030,0.000078661,0.000119833,0.000116051,0.000080469,0.000108675,0.000107316,0.000062194,0.000099099,0.000091976
main|astana_clinic_nobase|nc6|np15|br0.75|random_1_100|ms3|r300|s6,0.000074757,0.000136952,0.000362763,0.000061789,0.000110579,0.000104650,0.000068332,0.000108184,0.000111626,0.000074374,0.000115422,0.000117942
main|astana_clinic_nobase|nc6|np15|br0.75|random_1_100|ms3|r300|s7,0.000084224,0.000156227,0.000431859,0.000069353,0.000111765,0.000113098,0.000066324,0.000101773,0.000108138,0.000071851,0.000104032,0.000102675
main|astana_clinic_nobase|nc6|np15|br0.75|random_1_100|ms3|r300|s8,0.000060538,0.000135569,0.000336741,0.000049267,0.000100955,0.000100111,0.000053040,0.000097214,0.000098240,0.000051493,0.000088436,0.000085656
main|astana_clinic_nobase|nc6|np15|br0.75|random_1_100|ms3|r300|s9,0.000061268,0.000136051,0.000354966,0.000061179,0.000121290,0.000119710,0.000060904,0.000099707,0.000098926,0.000060364,0.000098993,0.000098903
main|astana_clinic_nobase|nc6|np15|br0.75|one_heavy|ms3|r300|s0,0.000061449,0.000135444,0.000344691,0.000068279,0.000107732,0.000095251,0.000063733,0.000099970,0.000090954,0.000061692,0.000099620,0.000085522
main|astana_clinic_nobase|nc6|np15|br0.75|one_heavy|ms3|r300|s1,0.000063300,0.000111892,0.000279824,0.000052987,0.000092655,0.000097616,0.000055520,0.000092906,0.000090806,0.000056785,0.000090517,0.000084625
main|astana_clinic_nobase|nc6|np15|br0.75|one_heavy|ms3|r300|s2,0.000061033,0.000135954,0.000345028,0.000062237,0.000105852,0.000091054,0.000060452,0.000113961,0.000097530,0.000060527,0.000098371,0.000089211
main|astana_clinic_nobase|nc6|np15|br0.75|one_heavy|ms3|r300|s3,0.000061163,0.000131696,0.000402805,0.000075572,0.000135504,0.000116593,0.000071147,0.000118565,0.000127874,0.000075193,0.000127972,0.000112151
main|astana_clinic_nobase|nc6|np15|br0.75|one_heavy|ms3|r300|s4,0.000083484,0.000189507,0.000386037,0.000067925,0.000114006,0.000102801,0.000063225,0.000103231,0.000096729,0.000061521,0.000104328,0.000094292
main|astana_clinic_nobase|nc6|np15|br0.75|one_heavy|ms3|r300|s5,0.000060711,0.000152009,0.000369214,0.000068877,0.000117144,0.000107794,0.000059707,0.000105270,0.000107200,0.000063135,0.000104191,0.000091447
main|astana_clinic_nobase|nc6|np15|br0.75|one_heavy|ms3|r300|s6,0.000060712,0.000132448,0.000365892,0.000060200,0.000107904,0.000106684,0.000062207,0.000103051,0.000096101,0.000069952,0.000100898,0.000096184
main|astana_clinic_nobase|nc6|np15|br0.75|one_heavy|ms3|r300|s7,0.000062675,0.000145493,0.000369886,0.000068560,0.000105825,0.000106006,0.000070961,0.000100284,0.000099876,0.000067830,0.000105280,0.000126489
main|astana_clinic_nobase|nc6|np15|br0.75|one_heavy|ms3|r300|s8,0.000084584,0.000153726,0.000333914,0.000058169,0.000102217,0.000095648,0.000052075,0.000099488,0.000097243,0.000051747,0.000095014,0.000097074
main|astana_clinic_nobase|nc6|np15|br0.75|one_heavy|ms3|r300|s9,0.000061897,0.000143915,0.000336255,0.000062226,0.000103609,0.000103880,0.000059623,0.000101451,0.000102238,0.000068900,0.000122102,0.000120202
main|astana_clinic_nobase|nc6|np15|br1.0|uniform|ms3|r300|s0,0.000062122,0.000175002,0.000445055,0.000073779,0.000114278,0.000105886,0.000068773,0.000107023,0.000105377,0.000072162,0.000098471,0.000095841
main|astana_clinic_nobase|nc6|np15|br1.0|uniform|ms3|r300|s1,0.000061005,0.000176113,0.000422476,0.000072908,0.000113346,0.000106624,0.000089308,0.000118282,0.000106389,0.000090720,0.000132798,0.000137502
main|astana_clinic_nobase|nc6|np15|br1.0|uniform|ms3|r300|s2,0.000082847,0.000192740,0.000519884,0.000074372,0.000112354,0.000119324,0.000071157,0.000116039,0.000112873,0.000074799,0.000110785,0.000117060
main|astana_clinic_nobase|nc6|np15|br1.0|uniform|ms3|r300|s3,0.000071167,0.000195569,0.000545222,0.000156402,0.000209989,0.000210080,0.000101301,0.000186744,0.000109473,0.000074935,0.000110200,0.000103530
main|astana_clinic_nobase|nc6|np15|br1.0|uniform|ms3|r300|s4,0.000065498,0.000185484,0.000456004,0.000074692,0.000114595,0.000119384,0.000072344,0.000109932,0.000103029,0.000073811,0.000111329,0.000108354
main|astana_clinic_nobase|nc6|np15|br1.0|uniform|ms3|r300|s5,0.000064930,0.000199367,0.000538886,0.000078084,0.000115140,0.000117158,0.000074656,0.000117256,0.000122558,0.000076301,0.000107725,0.000108446
main|astana_clinic_nobase|nc6|np15|br1.0|uniform|ms3|r300|s6,0.000070068,0.000194093,0.000486687,0.000069926,0.000125263,0.000112388,0.000072728,0.000116403,0.000109185,0.000070820,0.000113275,0.000129519
main|astana_clinic_nobase|nc6|np15|br1.0|uniform|ms3|r300|s7,0.000063859,0.000183522,0.000521808,0.000082321,0.000118951,0.000131853,0.000073512,0.000105694,0.000105900,0.000072355,0.000104511,0.000105462
main|astana_clinic_nobase|nc6|np15|br1.0|uniform|ms3|r300|s8,0.000069728,0.000215645,0.000487040,0.000077085,0.000128909,0.000144150,0.000077730,0.000115384,0.000108816,0.000072436,0.000105079,0.000108372
main|astana_clinic_nobase|nc6|np15|br1.0|uniform|ms3|r300|s9,0.000069642,0.000187616,0.000496982,0.000075578,0.000119475,0.000113659,0.000071809,0.000109644,0.000110629,0.000073580,0.000110412,0.000102596
main|astana_clinic_nobase|nc6|np15|br1.0|random_1_100|ms3|r300|s0,0.000063509,0.000186036,0.000479310,0.000085312,0.000127514,0.000115230,0.000073625,0.000116500,0.000115709,0.000073574,0.000111349,0.000105678
main|astana_clinic_nobase|nc6|np15|br1.0|random_1_100|ms3|r300|s1,0.000067259,0.000228155,0.000469757,0.000072981,0.000141876,0.000120841,0.000073825,0.000111295,0.000110759,0.000080579,0.000114992,0.000116203
main|astana_clinic_nobase|nc6|np15|br1.0|random_1_100|ms3|r300|s2,0.000066547,0.000205979,0.000464021,0.000074658,0.000126689,0.000110749,0.000070836,0.000115194,0.000114760,0.000075064,0.000109692,0.000110808
main|astana_clinic_nobase|nc6|np15|br1.0|random_1_100|ms3|r300|s3,0.000060337,0.000171698,0.000467843,0.000069888,0.000108089,0.000110514,0.000069215,0.000105415,0.000106977,0.000070960,0.000102437,0.000108187
main|astana_clinic_nobase|nc6|np15|br1.0|random_1_100|ms3|r300|s4,0.000060469,0.000182600,0.000441462,0.000069468,0.000115184,0.000110969,0.000069381,0.000102855,0.000103599,0.000070547,0.000111248,0.000101145
main|astana_clinic_nobase|nc6|np15|br1.0|random_1_100|ms3|r300|s5,0.000063681,0.000181328,0.000505362,0.000076976,0.000109638,0.000112308,0.000073336,0.000112076,0.000117256,0.000071468,0.000103639,0.000103988
main|astana_clinic_nobase|nc6|np15|br1.0|random_1_100|ms3|r300|s6,0.000060689,0.000188641,0.000475331,0.000070241,0.000110340,0.000106668,0.000071106,0.000179145,0.000108146,0.000073503,0.000121626,0.000097418
main|astana_clinic_nobase|nc6|np15|br1.0|random_1_100|ms3|r300|s7,0.000059362,0.000201854,0.000471534,0.000067967,0.000108696,0.000108865,0.000067013,0.000097319,0.000101625,0.000067286,0.000098059,0.000105559
main|astana_clinic_nobase|nc6|np15|br1.0|random_1_100|ms3|r300|s8,0.000063506,0.000164209,0.000489937,0.000072284,0.000111053,0.000104399,0.000066853,0.000101079,0.000107707,0.000065204,0.000102073,0.000103209
main|astana_clinic_nobase|nc6|np15|br1.0|random_1_100|ms3|r300|s9,0.000064023,0.000203373,0.000466216,0.000085324,0.000112058,0.000104714,0.000067313,0.000104516,0.000098981,0.000073887,0.000119891,0.000099823
main|astana_clinic_nobase|nc6|np15|br1.0|one_heavy|ms3|r300|s0,0.000058006,0.000182912,0.000432676,0.000067486,0.000102830,0.000112563,0.000067054,0.000100755,0.000110674,0.000081975,0.000097323,0.000095211
main|astana_clinic_nobase|nc6|np15|br1.0|one_heavy|ms3|r300|s1,0.000061080,0.000164881,0.000412533,0.000066575,0.000104627,0.000104762,0.000065641,0.000099337,0.000094194,0.000066021,0.000101244,0.000097558
main|astana_clinic_nobase|nc6|np15|br1.0|one_heavy|ms3|r300|s2,0.000057824,0.000163105,0.000424230,0.000067744,0.000101201,0.000100344,0.000066710,0.000102399,0.000103110,0.000064383,0.000101619,0.000102395
main|astana_clinic_nobase|nc6|np15|br1.0|one_heavy|ms3|r300|s3,0.000058868,0.000162578,0.000428545,0.000068219,0.000104033,0.000101947,0.000066123,0.000102035,0.000097484,0.000064124,0.000095958,0.000093148
main|astana_clinic_nobase|nc6|np15|br1.0|one_heavy|ms3|r300|s4,0.000060316,0.000175995,0.000435023,0.000067840,0.000101780,0.000102887,0.000067523,0.000098976,0.000098085,0.000066958,0.000100862,0.000099185
main|astana_clinic_nobase|nc6|np15|br1.0|one_heavy|ms3|r300|s5,0.000057555,0.000163323,0.000450718,0.000069669,0.000103942,0.000102895,0.000064457,0.000107492,0.000104980,0.000068923,0.000100345,0.000099921
main|astana_clinic_nobase|nc6|np15|br1.0|one_heavy|ms3|r300|s6,0.000058944,0.000159778,0.000420977,0.000070890,0.000098990,0.000100812,0.000063673,0.000096649,0.000098290,0.000068748,0.000103404,0.000096669
main|astana_clinic_nobase|nc6|np15|br1.0|one_heavy|ms3|r300|s7,0.000059776,0.000165993,0.000439982,0.000070897,0.000106114,0.000103059,0.000070977,0.000097728,0.000099752,0.000067949,0.000094746,0.000093885
main|astana_clinic_nobase|nc6|np15|br1.0|one_heavy|ms3|r300|s8,0.000057910,0.000166652,0.000450763,0.000067221,0.000102717,0.000100093,0.000065591,0.000095567,0.000096386,0.000065678,0.000097133,0.000096711
main|astana_clinic_nobase|nc6|np15|br1.0|one_heavy|ms3|r300|s9,0.000083179,0.000167508,0.000428108,0.000066466,0.000104404,0.000104618,0.000065105,0.000096578,0.000093358,0.000066761,0.000101118,0.000093244
main|astana_clinic_nobase|nc6|np25|br0.25|uniform|ms3|r300|s0,0.000091043,0.000025858,0.000095314,0.000025566,0.000035995,0.000037612,0.000020687,0.000037381,0.000038132,0.000021158,0.000039119,0.000035682
main|astana_clinic_nobase|nc6|np25|br0.25|uniform|ms3|r300|s1,0.000092662,0.000020943,0.000074508,0.000018367,0.000027646,0.000026833,0.000016668,0.000028058,0.000026649,0.000016904,0.000027227,0.000026725
main|astana_clinic_nobase|nc6|np25|br0.25|uniform|ms3|r300|s2,0.000093141,0.000027693,0.000085386,0.000020820,0.000038000,0.000036513,0.000020905,0.000036865,0.000036532,0.000022380,0.000036807,0.000036091
main|astana_clinic_nobase|nc6|np25|br0.25|uniform|ms3|r300|s3,0.000091078,0.000020619,0.000074100,0.000022549,0.000028514,0.000027486,0.000016596,0.000030281,0.000027752,0.000016880,0.000026847,0.000026739
main|astana_clinic_nobase|nc6|np25|br0.25|uniform|ms3|r300|s4,0.000092249,0.000026451,0.000085606,0.000021087,0.000035235,0.000037722,0.000021553,0.000036740,0.000036503,0.000022866,0.000036175,0.000038059
main|astana_clinic_nobase|nc6|np25|br0.25|uniform|ms3|r300|s5,0.000090951,0.000037754,0.000114905,0.000028700,0.000051243,0.000051457,0.000026424,0.000051039,0.000054443,0.000027993,0.000050706,0.000050854
main|astana_clinic_nobase|nc6|np25|br0.25|uniform|ms3|r300|s6,0.000092674,0.000027610,0.000080825,0.000020890,0.000038433,0.000038950,0.000021143,0.000036577,0.000039973,0.000022113,0.000038532,0.000038337
main|astana_clinic_nobase|nc6|np25|br0.25|uniform|ms3|r300|s7,0.000094738,0.000040979,0.000121882,0.000032961,0.000050372,0.000054281,0.000032117,0.000051835,0.000051275,0.000031351,0.000051257,0.000053564
main|astana_clinic_nobase|nc6|np25|br0.25|uniform|ms3|r300|s8,0.000095140,0.000030150,0.000093433,0.000027055,0.000045012,0.000045606,0.000032677,0.000046853,0.000045230,0.000025940,0.000044878,0.000044789
main|astana_clinic_nobase|nc6|np25|br0.25|uniform|ms3|r300|s9,0.000093888,0.000034856,0.000092264,0.000022377,0.000035816,0.000034592,0.000022115,0.000032402,0.000038225,0.000022198,0.000031170,0.000031014
main|astana_clinic_nobase|nc6|np25|br0.25|random_1_100|ms3|r300|s0,0.000091903,0.000036509,0.000089090,0.000021976,0.000039018,0.000038244,0.000021487,0.000038614,0.000044472,0.000021985,0.000037677,0.000036735
main|astana_clinic_nobase|nc6|np25|br0.25|random_1_100|ms3|r300|s1,0.000092076,0.000022374,0.000073817,0.000018377,0.000028595,0.000028197,0.000017465,0.000029410,0.000027614,0.000016119,0.000027776,0.000026666
main|astana_clinic_nobase|nc6|np25|br0.25|random_1_100|ms3|r300|s2,0.000092076,0.000027502,0.000080686,0.000022209,0.000037673,0.000037466,0.000020397,0.000035967,0.000035480,0.000021828,0.000039362,0.000038127
main|astana_clinic_nobase|nc6|np25|br0.25|random_1_100|ms3|r300|s3,0.000095533,0.000020396,0.000076594,0.000017194,0.000029031,0.000030709,0.000016246,0.000028291,0.000028513,0.000016294,0.000029010,0.000035333
main|astana_clinic_nobase|nc6|np25|br0.25|random_1_100|ms3|r300|s4,0.000092739,0.000026175,0.000088373,0.000022820,0.000036445,0.000037740,0.000022340,0.000036385,0.000036756,0.000020863,0.000036191,0.000039244
main|astana_clinic_nobase|nc6|np25|br0.25|random_1_100|ms3|r300|s5,0.000095982,0.000038291,0.000130290,0.000027398,0.000065641,0.000053887,0.000029555,0.000054370,0.000062281,0.000028591,0.000051376,0.000052051
main|astana_clinic_nobase|nc6|np25|br0.25|random_1_100|ms3|r300|s6,0.000102127,0.000026500,0.000085868,0.000023814,0.000039375,0.000037256,0.000021662,0.000040241,0.000036793,0.000022126,0.000037748,0.000037961
main|astana_clinic_nobase|nc6|np25|br0.25|random_1_100|ms3|r300|s7,0.000096191,0.000039111,0.000131517,0.000033136,0.000051404,0.000052733,0.000034449,0.000049410,0.000049699,0.000032953,0.000053680,0.000051927
main|astana_clinic_nobase|nc6|np25|br0.25|random_1_100|ms3|r300|s8,0.000091352,0.000036816,0.000098568,0.000026240,0.000047910,0.000046525,0.000026561,0.000049518,0.000047105,0.000031394,0.000052701,0.000045363
main|astana_clinic_nobase|nc6|np25|br0.25|random_1_100|ms3|r300|s9,0.000091936,0.000027033,0.000100791,0.000022634,0.000034193,0.000037823,0.000021550,0.000033392,0.000034882,0.000022558,0.000035775,0.000032813
main|astana_clinic_nobase|nc6|np25|br0.25|one_heavy|ms3|r300|s0,0.000092795,0.000027096,0.000089613,0.000022304,0.000037207,0.000036864,0.000020711,0.000038412,0.000037830,0.000022551,0.000037807,0.000039025
main|astana_clinic_nobase|nc6|np25|br0.25|one_heavy|ms3|r300|s1,0.000090797,0.000020943,0.000070611,0.000017538,0.000028813,0.000029788,0.000016300,0.000032432,0.000027682,0.000016551,0.000027695,0.000028159
main|astana_clinic_nobase|nc6|np25|br0.25|one_heavy|ms3|r300|s2,0.000091155,0.000028306,0.000082769,0.000022272,0.000036868,0.000036685,0.000021212,0.000036102,0.000036989,0.000021760,0.000037594,0.000037356
main|astana_clinic_nobase|nc6|np25|br0.25|one_heavy|ms3|r300|s3,0.000093542,0.000022087,0.000082275,0.000018137,0.000027114,0.000028441,0.000016132,0.000026275,0.000025897,0.000016567,0.000027959,0.000028546
main|astana_clinic_nobase|nc6|np25|br0.25|one_heavy|ms3|r300|s4,0.000093525,0.000027366,0.000084102,0.000022001,0.000036746,0.000036655,0.000027089,0.000038622,0.000037376,0.000020947,0.000037969,0.000037320
main|astana_clinic_nobase|nc6|np25|br0.25|one_heavy|ms3|r300|s5,0.000098126,0.000038847,0.000110432,0.000033091,0.000051231,0.000052994,0.000027206,0.000049680,0.000049098,0.000026702,0.000052733,0.000051911
main|astana_clinic_nobase|nc6|np25|br0.25|one_heavy|ms3|r300|s6,0.000093509,0.000032201,0.000081980,0.000022464,0.000040188,0.000037165,0.000020936,0.000036353,0.000036992,0.000021222,0.000037449,0.000036411
main|astana_clinic_nobase|nc6|np25|br0.25|one_heavy|ms3|r300|s7,0.000092098,0.000042151,0.000129322,0.000032922,0.000053016,0.000050265,0.000031436,0.000048839,0.000050454,0.000033138,0.000051961,0.000052484
main|astana_clinic_nobase|nc6|np25|br0.25|one_heavy|ms3|r300|s8,0.000093072,0.000029936,0.000094538,0.000026083,0.000046836,0.000045732,0.000025083,0.000044737,0.000045520,0.000025991,0.000046853,0.000045651
main|astana_clinic_nobase|nc6|np25|br0.25|one_heavy|ms3|r300|s9,0.000091172,0.000026463,0.000091874,0.000022620,0.000035629,0.000033959,0.000022126,0.000032589,0.000033901,0.000023091,0.000033286,0.000032690
main|astana_clinic_nobase|nc6|np25|br0.5|uniform|ms3|r300|s0,0.000095284,0.000075334,0.000208099,0.000055765,0.000094505,0.000062484,0.000044442,0.000087950,0.000065513,0.000056849,0.000088516,0.000062693
main|astana_clinic_nobase|nc6|np25|br0.5|uniform|ms3|r300|s1,0.000092635,0.000061187,0.000155881,0.000040075,0.000083005,0.000068149,0.000038913,0.000089552,0.000071066,0.000040972,0.000091622,0.000072278
main|astana_clinic_nobase|nc6|np25|br0.5|uniform|ms3|r300|s2,0.000090671,0.000071891,0.000188932,0.000046594,0.000097705,0.000071394,0.000046204,0.000097385,0.000069332,0.000046569,0.000098414,0.000070334
main|astana_clinic_nobase|nc6|np25|br0.5|uniform|ms3|r300|s3,0.000094832,0.000081280,0.000203987,0.000045809,0.000095499,0.000080718,0.000043179,0.000094426,0.000073699,0.000044105,0.000095486,0.000071545
main|astana_clinic_nobase|nc6|np25|br0.5|uniform|ms3|r300|s4,0.000094388,0.000073496,0.000184534,0.000047016,0.000085341,0.000076862,0.000046160,0.000084152,0.000080018,0.000048584,0.000083473,0.000078337
main|astana_clinic_nobase|nc6|np25|br0.5|uniform|ms3|r300|s5,0.000096344,0.000089660,0.000242978,0.000052293,0.000117878,0.000083977,0.000049431,0.000100629,0.000084439,0.000056593,0.000099005,0.000080803
main|astana_clinic_nobase|nc6|np25|br0.5|uniform|ms3|r300|s6,0.000092290,0.000085197,0.000224363,0.000065913,0.000110488,0.000088630,0.000044420,0.000101942,0.000084589,0.000053408,0.000098351,0.000079907
main|astana_clinic_nobase|nc6|np25|br0.5|uniform|ms3|r300|s7,0.000095044,0.000100522,0.000265883,0.000053212,0.000104330,0.000107928,0.000052820,0.000096441,0.000110856,0.000067820,0.000102074,0.000099709
main|astana_clinic_nobase|nc6|np25|br0.5|uniform|ms3|r300|s8,0.000090390,0.000075600,0.000218105,0.000050044,0.000087894,0.000084961,0.000049323,0.000080240,0.000077721,0.000049715,0.000081930,0.000076084
main|astana_clinic_nobase|nc6|np25|br0.5|uniform|ms3|r300|s9,0.000095736,0.000101667,0.000230082,0.000054201,0.000115908,0.000086055,0.000049730,0.000107968,0.000084146,0.000049650,0.000099110,0.000078148
main|astana_clinic_nobase|nc6|np25|br0.5|random_1_100|ms3|r300|s0,0.000092821,0.000079582,0.000205894,0.000046988,0.000101536,0.000082816,0.000048216,0.000090833,0.000066444,0.000054809,0.000089100,0.000062880
main|astana_clinic_nobase|nc6|np25|br0.5|random_1_100|ms3|r300|s1,0.000095492,0.000057751,0.000163204,0.000040860,0.000091680,0.000070357,0.000039201,0.000095505,0.000072275,0.000043805,0.000091784,0.000075766
main|astana_clinic_nobase|nc6|np25|br0.5|random_1_100|ms3|r300|s2,0.000095428,0.000074172,0.000192592,0.000048403,0.000099741,0.000070809,0.000046430,0.000102353,0.000071844,0.000044456,0.000096477,0.000072522
main|astana_clinic_nobase|nc6|np25|br0.5|random_1_100|ms3|r300|s3,0.000091007,0.000081039,0.000209983,0.000047841,0.000099279,0.000082225,0.000050021,0.000097640,0.000077674,0.000046542,0.000095554,0.000074978
main|astana_clinic_nobase|nc6|np25|br0.5|random_1_100|ms3|r300|s4,0.000093900,0.000071097,0.000197743,0.000049916,0.000098269,0.000083359,0.000049103,0.000092776,0.000084360,0.000049527,0.000092092,0.000086942
main|astana_clinic_nobase|nc6|np25|br0.5|random_1_100|ms3|r300|s5,0.000095773,0.000097352,0.000260463,0.000051508,0.000126735,0.000085133,0.000062306,0.000108466,0.000086402,0.000053621,0.000103331,0.000087802
main|astana_clinic_nobase|nc6|np25|br0.5|random_1_100|ms3|r300|s6,0.000094902,0.000086268,0.000226076,0.000074664,0.000104204,0.000085603,0.000045917,0.000106887,0.000082696,0.000065345,0.000098227,0.000086570
main|astana_clinic_nobase|nc6|np25|br0.5|random_1_100|ms3|r300|s7,0.000097071,0.000109367,0.000261561,0.000070052,0.000117247,0.000117019,0.000064489,0.000114283,0.000107070,0.000069555,0.000100076,0.000105480
main|astana_clinic_nobase|nc6|np25|br0.5|random_1_100|ms3|r300|s8,0.000090501,0.000081218,0.000215354,0.000049130,0.000080654,0.000089284,0.000051303,0.000084715,0.000084773,0.000049506,0.000079325,0.000082748
main|astana_clinic_nobase|nc6|np25|br0.5|random_1_100|ms3|r300|s9,0.000094517,0.000101725,0.000239356,0.000051559,0.000108585,0.000086926,0.000051198,0.000104487,0.000084009,0.000053893,0.000101112,0.000073527
main|astana_clinic_nobase|nc6|np25|br0.5|one_heavy|ms3|r300|s0,0.000093538,0.000083635,0.000197221,0.000051266,0.000093092,0.000063100,0.000044421,0.000096008,0.000065149,0.000053436,0.000087392,0.000064092
main|astana_clinic_nobase|nc6|np25|br0.5|one_heavy|ms3|r300|s1,0.000095002,0.000058362,0.000156567,0.000040874,0.000090578,0.000069840,0.000043380,0.000093717,0.000070555,0.000042202,0.000097747,0.000075436
main|astana_clinic_nobase|nc6|np25|br0.5|one_heavy|ms3|r300|s2,0.000093180,0.000080314,0.000192622,0.000054221,0.000104756,0.000080221,0.000044624,0.000097805,0.000076509,0.000049423,0.000099681,0.000069999
main|astana_clinic_nobase|nc6|np25|br0.5|one_heavy|ms3|r300|s3,0.000092984,0.000085520,0.000208539,0.000060961,0.000095888,0.000079092,0.000045081,0.000098178,0.000075018,0.000044716,0.000091538,0.000076446
main|astana_clinic_nobase|nc6|np25|br0.5|one_heavy|ms3|r300|s4,0.000092621,0.000069162,0.000194374,0.000050435,0.000094336,0.000085505,0.000050006,0.000097484,0.000082818,0.000049691,0.000089206,0.000083725
main|astana_clinic_nobase|nc6|np25|br0.5|one_heavy|ms3|r300|s5,0.000093847,0.000093975,0.000253801,0.000066234,0.000116230,0.000086145,0.000049273,0.000104095,0.000084030,0.000050206,0.000104712,0.000085364
main|astana_clinic_nobase|nc6|np25|br0.5|one_heavy|ms3|r300|s6,0.000104600,0.000083667,0.000220977,0.000046529,0.000106742,0.000086586,0.000046678,0.000105752,0.000086658,0.000066476,0.000099001,0.000080229
main|astana_clinic_nobase|nc6|np25|br0.5|one_heavy|ms3|r300|s7,0.000099838,0.000103107,0.000267745,0.000050624,0.000093014,0.000105380,0.000055028,0.000107790,0.000116113,0.000064248,0.000101058,0.000100510
main|astana_clinic_nobase|nc6|np25|br0.5|one_heavy|ms3|r300|s8,0.000091936,0.000081728,0.000211453,0.000051812,0.000084098,0.000087895,0.000052987,0.000089808,0.000087000,0.000053118,0.000085112,0.000078574
main|astana_clinic_nobase|nc6|np25|br0.5|one_heavy|ms3|r300|s9,0.000094202,0.000093832,0.000233210,0.000054148,0.000111978,0.000086452,0.000049176,0.000102859,0.000083638,0.000054152,0.000102135,0.000074541
main|astana_clinic_nobase|nc6|np25|br0.75|uniform|ms3|r300|s0,0.000096210,0.000154666,0.000394622,0.000075493,0.000115818,0.000104467,0.000076092,0.000111599,0.000103121,0.000067701,0.000119961,0.000103764
main|astana_clinic_nobase|nc6|np25|br0.75|uniform|ms3|r300|s1,0.000100603,0.000122574,0.000317110,0.000068038,0.000105648,0.000105279,0.000063833,0.000119411,0.000099420,0.000063765,0.000107888,0.000099505
main|astana_clinic_nobase|nc6|np25|br0.75|uniform|ms3|r300|s2,0.000090096,0.000152022,0.000380204,0.000069622,0.000126110,0.000107879,0.000066416,0.000127998,0.000107188,0.000072376,0.000110968,0.000110158
main|astana_clinic_nobase|nc6|np25|br0.75|uniform|ms3|r300|s3,0.000098470,0.000136641,0.000363928,0.000073503,0.000125393,0.000113500,0.000066929,0.000108315,0.000109130,0.000067910,0.000113162,0.000099674
main|astana_clinic_nobase|nc6|np25|br0.75|uniform|ms3|r300|s4,0.000098852,0.000153094,0.000377894,0.000083543,0.000114198,0.000115797,0.000070736,0.000116264,0.000109244,0.000069427,0.000116295,0.000106010
main|astana_clinic_nobase|nc6|np25|br0.75|uniform|ms3|r300|s5,0.000094637,0.000162117,0.000441189,0.000069175,0.000121749,0.000122594,0.000079531,0.000120853,0.000136980,0.000069280,0.000114911,0.000104834
main|astana_clinic_nobase|nc6|np25|br0.75|uniform|ms3|r300|s6,0.000097453,0.000148023,0.000389914,0.000080152,0.000123063,0.000122680,0.000068673,0.000118368,0.000112269,0.000082321,0.000118874,0.000115584
main|astana_clinic_nobase|nc6|np25|br0.75|uniform|ms3|r300|s7,0.000093177,0.000164435,0.000428478,0.000080088,0.000120829,0.000123622,0.000074681,0.000118890,0.000119532,0.000081105,0.000114216,0.000113963
main|astana_clinic_nobase|nc6|np25|br0.75|uniform|ms3|r300|s8,0.000095695,0.000144982,0.000382079,0.000053376,0.000111403,0.000112092,0.000062718,0.000114209,0.000112036,0.000060545,0.000112091,0.000123638
main|astana_clinic_nobase|nc6|np25|br0.75|uniform|ms3|r300|s9,0.000092749,0.000153554,0.000413872,0.000071322,0.000122345,0.000118873,0.000070947,0.000110258,0.000115609,0.000071862,0.000110104,0.000115259
main|astana_clinic_nobase|nc6|np25|br0.75|random_1_100|ms3|r300|s0,0.000098349,0.000161887,0.000394149,0.000083041,0.000123534,0.000105136,0.000076648,0.000121359,0.000103301,0.000065785,0.000123286,0.000103077
main|astana_clinic_nobase|nc6|np25|br0.75|random_1_100|ms3|r300|s1,0.000093036,0.000117235,0.000300864,0.000067469,0.000106421,0.000103815,0.000063279,0.000109398,0.000122331,0.000064320,0.000104931,0.000107267
main|astana_clinic_nobase|nc6|np25|br0.75|random_1_100|ms3|r300|s2,0.000090617,0.000154076,0.000400429,0.000070477,0.000130119,0.000109025,0.000071039,0.000123532,0.000113603,0.000072220,0.000114659,0.000114191
main|astana_clinic_nobase|nc6|np25|br0.75|random_1_100|ms3|r300|s3,0.000095848,0.000145841,0.000369032,0.000067529,0.000127506,0.000120109,0.000066736,0.000113816,0.000108351,0.000065032,0.000118620,0.000101232
main|astana_clinic_nobase|nc6|np25|br0.75|random_1_100|ms3|r300|s4,0.000092218,0.000148746,0.000371421,0.000079150,0.000118916,0.000121089,0.000070596,0.000112247,0.000112820,0.000071714,0.000113624,0.000107897
main|astana_clinic_nobase|nc6|np25|br0.75|random_1_100|ms3|r300|s5,0.000096530,0.000172628,0.000453658,0.000081222,0.000132760,0.000126592,0.000079836,0.000125243,0.000122821,0.000068737,0.000118303,0.000105963
main|astana_clinic_nobase|nc6|np25|br0.75|random_1_100|ms3|r300|s6,0.000094366,0.000164536,0.000384743,0.000083863,0.000128816,0.000121722,0.000070717,0.000120179,0.000118655,0.000079699,0.000119614,0.000118243
main|astana_clinic_nobase|nc6|np25|br0.75|random_1_100|ms3|r300|s7,0.000093902,0.000164668,0.000432203,0.000078741,0.000129535,0.000130195,0.000073770,0.000122864,0.000121973,0.000080812,0.000116384,0.000117086
main|astana_clinic_nobase|nc6|np25|br0.75|random_1_100|ms3|r300|s8,0.000098912,0.000153812,0.000383125,0.000056449,0.000117440,0.000131788,0.000059339,0.000124023,0.000128261,0.000079789,0.000110720,0.000124314
main|astana_clinic_nobase|nc6|np25|br0.75|random_1_100|ms3|r300|s9,0.000095424,0.000151511,0.000397399,0.000068610,0.000114995,0.000107704,0.000070634,0.000115623,0.000119746,0.000073219,0.000117399,0.000101205
main|astana_clinic_nobase|nc6|np25|br0.75|one_heavy|ms3|r300|s0,0.000110541,0.000156046,0.000375679,0.000073048,0.000126784,0.000104816,0.000075154,0.000115540,0.000102957,0.000065363,0.000116435,0.000100394
main|astana_clinic_nobase|nc6|np25|br0.75|one_heavy|ms3|r300|s1,0.000091985,0.000121576,0.000318242,0.000063255,0.000107075,0.000103163,0.000062152,0.000103655,0.000097101,0.000060882,0.000107831,0.000095038
main|astana_clinic_nobase|nc6|np25|br0.75|one_heavy|ms3|r300|s2,0.000094710,0.000155819,0.000374047,0.000068921,0.000114112,0.000096057,0.000068746,0.000126356,0.000111823,0.000070118,0.000113391,0.000098381
main|astana_clinic_nobase|nc6|np25|br0.75|one_heavy|ms3|r300|s3,0.000092261,0.000162982,0.000365141,0.000068927,0.000121904,0.000106655,0.000062948,0.000110743,0.000105591,0.000079368,0.000130895,0.000099280
main|astana_clinic_nobase|nc6|np25|br0.75|one_heavy|ms3|r300|s4,0.000094169,0.000145958,0.000377970,0.000072337,0.000115866,0.000118114,0.000095882,0.000231111,0.000108358,0.000067794,0.000125654,0.000106184
main|astana_clinic_nobase|nc6|np25|br0.75|one_heavy|ms3|r300|s5,0.000090999,0.000175914,0.000452729,0.000082811,0.000118913,0.000122316,0.000075747,0.000120287,0.000124368,0.000074735,0.000118085,0.000104115
main|astana_clinic_nobase|nc6|np25|br0.75|one_heavy|ms3|r300|s6,0.000095845,0.000151111,0.000528661,0.000072469,0.000122743,0.000122538,0.000069950,0.000120923,0.000113438,0.000091888,0.000115035,0.000113485
main|astana_clinic_nobase|nc6|np25|br0.75|one_heavy|ms3|r300|s7,0.000104144,0.000174113,0.000440219,0.000075146,0.000117604,0.000123090,0.000072081,0.000120876,0.000115540,0.000079100,0.000115089,0.000115582
main|astana_clinic_nobase|nc6|np25|br0.75|one_heavy|ms3|r300|s8,0.000092376,0.000142304,0.000373471,0.000061381,0.000119373,0.000113270,0.000061072,0.000110252,0.000113859,0.000060012,0.000112224,0.000105681
main|astana_clinic_nobase|nc6|np25|br0.75|one_heavy|ms3|r300|s9,0.000098516,0.000154343,0.000400500,0.000082975,0.000117968,0.000109381,0.000072339,0.000109136,0.000113435,0.000070169,0.000110725,0.000103575
main|astana_clinic_nobase|nc6|np25|br1.0|uniform|ms3|r300|s0,0.000095609,0.000208638,0.000510711,0.000081411,0.000130775,0.000121352,0.000080495,0.000122976,0.000120639,0.000080389,0.000118836,0.000115556
main|astana_clinic_nobase|nc6|np25|br1.0|uniform|ms3|r300|s1,0.000094023,0.000214597,0.000488821,0.000090109,0.000132389,0.000119802,0.000076953,0.000123855,0.000110169,0.000079824,0.000174809,0.000121953
main|astana_clinic_nobase|nc6|np25|br1.0|uniform|ms3|r300|s2,0.000093755,0.000214909,0.000521339,0.000079517,0.000125081,0.000122703,0.000080273,0.000123821,0.000126760,0.000081958,0.000124388,0.000118323
main|astana_clinic_nobase|nc6|np25|br1.0|uniform|ms3|r300|s3,0.000094747,0.000205610,0.000521676,0.000078033,0.000146218,0.000121068,0.000078944,0.000117680,0.000122767,0.000082158,0.000114343,0.000112900
main|astana_clinic_nobase|nc6|np25|br1.0|uniform|ms3|r300|s4,0.000100769,0.000204576,0.000479525,0.000081759,0.000121926,0.000124026,0.000082001,0.000126496,0.000119830,0.000081240,0.000121384,0.000123794
main|astana_clinic_nobase|nc6|np25|br1.0|uniform|ms3|r300|s5,0.000091698,0.000204738,0.000533267,0.000081182,0.000123661,0.000122229,0.000077759,0.000122765,0.000125815,0.000079770,0.000114799,0.000121043
main|astana_clinic_nobase|nc6|np25|br1.0|uniform|ms3|r300|s6,0.000091751,0.000205744,0.000493879,0.000084852,0.000125868,0.000119343,0.000085452,0.000114864,0.000116002,0.000084270,0.000114194,0.000118527
main|astana_clinic_nobase|nc6|np25|br1.0|uniform|ms3|r300|s7,0.000091403,0.000199651,0.000543845,0.000082661,0.000126598,0.000134985,0.000076933,0.000124486,0.000154012,0.000100867,0.000203445,0.000192038
main|astana_clinic_nobase|nc6|np25|br1.0|uniform|ms3|r300|s8,0.000155796,0.000358016,0.000820306,0.000110552,0.000176188,0.000192565,0.000085599,0.000123486,0.000109872,0.000143745,0.000191534,0.000109797
main|astana_clinic_nobase|nc6|np25|br1.0|uniform|ms3|r300|s9,0.000088506,0.000188148,0.000520081,0.000081670,0.000125070,0.000117632,0.000078849,0.000118953,0.000120271,0.000080701,0.000122187,0.000110280
main|astana_clinic_nobase|nc6|np25|br1.0|random_1_100|ms3|r300|s0,0.000094047,0.000195075,0.000509226,0.000077931,0.000131920,0.000121463,0.000079624,0.000125278,0.000120207,0.000084691,0.000123234,0.000116117
main|astana_clinic_nobase|nc6|np25|br1.0|random_1_100|ms3|r300|s1,0.000092156,0.000192911,0.000514162,0.000097476,0.000129128,0.000123380,0.000077996,0.000118736,0.000103646,0.000072396,0.000111254,0.000109117
main|astana_clinic_nobase|nc6|np25|br1.0|random_1_100|ms3|r300|s2,0.000086659,0.000184369,0.000458972,0.000074122,0.000115280,0.000112115,0.000072672,0.000114650,0.000111964,0.000074764,0.000113984,0.000112350
main|astana_clinic_nobase|nc6|np25|br1.0|random_1_100|ms3|r300|s3,0.000088485,0.000186044,0.000475567,0.000079010,0.000124861,0.000110316,0.000075686,0.000110750,0.000107380,0.000071953,0.000106651,0.000108166
main|astana_clinic_nobase|nc6|np25|br1.0|random_1_100|ms3|r300|s4,0.000085435,0.000180414,0.000459982,0.000071901,0.000115027,0.000111375,0.000070540,0.000111845,0.000108810,0.000075414,0.000113352,0.000109379
main|astana_clinic_nobase|nc6|np25|br1.0|random_1_100|ms3|r300|s5,0.000086122,0.000180668,0.000508997,0.000072510,0.000114226,0.000117583,0.000076567,0.000114295,0.000116640,0.000074176,0.000116507,0.000106646
main|astana_clinic_nobase|nc6|np25|br1.0|random_1_100|ms3|r300|s6,0.000085103,0.000186070,0.000475714,0.000075453,0.000116307,0.000112870,0.000086518,0.000120075,0.000109258,0.000079304,0.000113602,0.000108181
main|astana_clinic_nobase|nc6|np25|br1.0|random_1_100|ms3|r300|s7,0.000085306,0.000187826,0.000502706,0.000073857,0.000121685,0.000113015,0.000074153,0.000112988,0.000110925,0.000079953,0.000106781,0.000105307
main|astana_clinic_nobase|nc6|np25|br1.0|random_1_100|ms3|r300|s8,0.000084703,0.000191849,0.000470891,0.000074688,0.000111148,0.000108765,0.000071194,0.000106663,0.000109714,0.000076897,0.000105811,0.000106014
main|astana_clinic_nobase|nc6|np25|br1.0|random_1_100|ms3|r300|s9,0.000084860,0.000186783,0.000464143,0.000076019,0.000115286,0.000116288,0.000075045,0.000109571,0.000109661,0.000074815,0.000108217,0.000105347
main|astana_clinic_nobase|nc6|np25|br1.0|one_heavy|ms3|r300|s0,0.000091934,0.000183592,0.000495663,0.000072425,0.000115770,0.000113707,0.000074619,0.000114652,0.000109704,0.000077482,0.000111802,0.000107498
main|astana_clinic_nobase|nc6|np25|br1.0|one_heavy|ms3|r300|s1,0.000086658,0.000188651,0.000436272,0.000073573,0.000116259,0.000119970,0.000071087,0.000114702,0.000104716,0.000075789,0.000115710,0.000110176
main|astana_clinic_nobase|nc6|np25|br1.0|one_heavy|ms3|r300|s2,0.000087850,0.000187775,0.000469578,0.000076455,0.000112971,0.000118254,0.000076382,0.000112662,0.000112526,0.000077907,0.000117396,0.000115713
main|astana_clinic_nobase|nc6|np25|br1.0|one_heavy|ms3|r300|s3,0.000085276,0.000192591,0.000474243,0.000074315,0.000115050,0.000113631,0.000074585,0.000113928,0.000109705,0.000075195,0.000105657,0.000104840
main|astana_clinic_nobase|nc6|np25|br1.0|one_heavy|ms3|r300|s4,0.000086152,0.000187802,0.000457243,0.000073371,0.000116508,0.000111891,0.000073989,0.000111285,0.000104757,0.000075730,0.000115328,0.000113693
main|astana_clinic_nobase|nc6|np25|br1.0|one_heavy|ms3|r300|s5,0.000086716,0.000180630,0.000492251,0.000071208,0.000119829,0.000117280,0.000076816,0.000112716,0.000109526,0.000073777,0.000107340,0.000109593
main|astana_clinic_nobase|nc6|np25|br1.0|one_heavy|ms3|r300|s6,0.000087081,0.000177828,0.000480487,0.000074994,0.000114709,0.000109023,0.000071688,0.000111299,0.000107122,0.000073572,0.000109119,0.000104415
main|astana_clinic_nobase|nc6|np25|br1.0|one_heavy|ms3|r300|s7,0.000086575,0.000179893,0.000488882,0.000074150,0.000118190,0.000117989,0.000075157,0.000114660,0.000118283,0.000079261,0.000107078,0.000107244
main|astana_clinic_nobase|nc6|np25|br1.0|one_heavy|ms3|r300|s8,0.000092205,0.000176634,0.000452807,0.000070947,0.000116445,0.000110970,0.000072619,0.000108663,0.000107390,0.000074262,0.000103659,0.000105081
main|astana_clinic_nobase|nc6|np25|br1.0|one_heavy|ms3|r300|s9,0.000085112,0.000180625,0.000501209,0.000075615,0.000125120,0.000111255,0.000075857,0.000106324,0.000113605,0.000072319,0.000112884,0.000104712
main|astana_clinic_nobase|nc10|np5|br0.25|uniform|ms3|r300|s0,0.000033437,0.000141507,0.000459703,0.000044783,0.000069194,0.000064067,0.000041725,0.000073474,0.000062143,0.000041096,0.000061252,0.000063806
main|astana_clinic_nobase|nc10|np5|br0.25|uniform|ms3|r300|s1,0.000041377,0.000078629,0.000296315,0.000016760,0.000027354,0.000028953,0.000016158,0.000028344,0.000028958,0.000017382,0.000028349,0.000027042
main|astana_clinic_nobase|nc10|np5|br0.25|uniform|ms3|r300|s2,0.000033385,0.000105970,0.000350408,0.000024144,0.000058012,0.000049738,0.000027842,0.000054055,0.000048748,0.000026076,0.000048602,0.000047642
main|astana_clinic_nobase|nc10|np5|br0.25|uniform|ms3|r300|s3,0.000034872,0.000099608,0.000340428,0.000018939,0.000046662,0.000041605,0.000018676,0.000042448,0.000042563,0.000025427,0.000046120,0.000042053
main|astana_clinic_nobase|nc10|np5|br0.25|uniform|ms3|r300|s4,0.000033124,0.000118716,0.000395576,0.000055752,0.000111984,0.000075693,0.000057235,0.000107196,0.000076542,0.000053768,0.000107893,0.000077188
main|astana_clinic_nobase|nc10|np5|br0.25|uniform|ms3|r300|s5,0.000066475,0.000130705,0.000598270,0.000031058,0.000055695,0.000064322,0.000031272,0.000057586,0.000056115,0.000031774,0.000052614,0.000050227
main|astana_clinic_nobase|nc10|np5|br0.25|uniform|ms3|r300|s6,0.000067445,0.000170193,0.000644434,0.000038669,0.000087451,0.000068042,0.000040872,0.000087349,0.000070897,0.000038899,0.000084076,0.000063361
main|astana_clinic_nobase|nc10|np5|br0.25|uniform|ms3|r300|s7,0.000053841,0.000189950,0.000707879,0.000062273,0.000105298,0.000097520,0.000057496,0.000095876,0.000097600,0.000064361,0.000095174,0.000095816
main|astana_clinic_nobase|nc10|np5|br0.25|uniform|ms3|r300|s8,0.000065240,0.000266658,0.000847057,0.000069812,0.000120007,0.000124497,0.000069181,0.000121484,0.000119826,0.000068551,0.000103385,0.000105627
main|astana_clinic_nobase|nc10|np5|br0.25|uniform|ms3|r300|s9,0.000065651,0.000159203,0.000619469,0.000037345,0.000078400,0.000061247,0.000037098,0.000067850,0.000058695,0.000037871,0.000065126,0.000066438
main|astana_clinic_nobase|nc10|np5|br0.25|random_1_100|ms3|r300|s0,0.000065620,0.000243140,0.000810422,0.000076147,0.000111474,0.000110311,0.000068835,0.000109164,0.000109657,0.000068630,0.000103873,0.000107546
main|astana_clinic_nobase|nc10|np5|br0.25|random_1_100|ms3|r300|s1,0.000064822,0.000156582,0.000538811,0.000031580,0.000051017,0.000049348,0.000028876,0.000049799,0.000049626,0.000028554,0.000050274,0.000051197
main|astana_clinic_nobase|nc10|np5|br0.25|random_1_100|ms3|r300|s2,0.000063912,0.000189931,0.000643529,0.000050394,0.000090927,0.000091054,0.000048286,0.000093482,0.000081477,0.000054419,0.000074135,0.000081293
main|astana_clinic_nobase|nc10|np5|br0.25|random_1_100|ms3|r300|s3,0.000067167,0.000173105,0.000629552,0.000033535,0.000079528,0.000073595,0.000033188,0.000072343,0.000076943,0.000045815,0.000071436,0.000071927
main|astana_clinic_nobase|nc10|np5|br0.25|random_1_100|ms3|r300|s4,0.000071622,0.000208194,0.000693092,0.000053744,0.000111245,0.000074707,0.000051064,0.000109263,0.000075394,0.000052622,0.000107316,0.000074077
main|astana_clinic_nobase|nc10|np5|br0.25|random_1_100|ms3|r300|s5,0.000074136,0.000132925,0.000579833,0.000030442,0.000058369,0.000056616,0.000030685,0.000060707,0.000055195,0.000030446,0.000049076,0.000049375
main|astana_clinic_nobase|nc10|np5|br0.25|random_1_100|ms3|r300|s6,0.000074542,0.000190836,0.000640286,0.000039394,0.000087341,0.000066292,0.000041079,0.000085988,0.000066332,0.000033348,0.000080621,0.000063219
main|astana_clinic_nobase|nc10|np5|br0.25|random_1_100|ms3|r300|s7,0.000065520,0.000201289,0.000719481,0.000062939,0.000103615,0.000099194,0.000057744,0.000093576,0.000098456,0.000058737,0.000101979,0.000099347
main|astana_clinic_nobase|nc10|np5|br0.25|random_1_100|ms3|r300|s8,0.000065456,0.000260855,0.000837086,0.000068070,0.000126398,0.000122712,0.000067611,0.000112217,0.000124739,0.000068753,0.000107915,0.000108570
main|astana_clinic_nobase|nc10|np5|br0.25|random_1_100|ms3|r300|s9,0.000063611,0.000164150,0.000631865,0.000039759,0.000089425,0.000068582,0.000037952,0.000080211,0.000069270,0.000037759,0.000072984,0.000067771
main|astana_clinic_nobase|nc10|np5|br0.25|one_heavy|ms3|r300|s0,0.000066954,0.000262583,0.000829384,0.000075113,0.000126528,0.000113785,0.000072645,0.000111772,0.000112926,0.000072039,0.000103774,0.000110578
main|astana_clinic_nobase|nc10|np5|br0.25|one_heavy|ms3|r300|s1,0.000067296,0.000146347,0.000576537,0.000030528,0.000059098,0.000070039,0.000028557,0.000050898,0.000049281,0.000029127,0.000050238,0.000050347
main|astana_clinic_nobase|nc10|np5|br0.25|one_heavy|ms3|r300|s2,0.000054558,0.000202701,0.000651611,0.000048591,0.000095234,0.000083732,0.000049908,0.000094354,0.000096347,0.000042013,0.000087285,0.000086723
main|astana_clinic_nobase|nc10|np5|br0.25|one_heavy|ms3|r300|s3,0.000065679,0.000170250,0.000644128,0.000043459,0.000073271,0.000080040,0.000033411,0.000079142,0.000073143,0.000048983,0.000073080,0.000072627
main|astana_clinic_nobase|nc10|np5|br0.25|one_heavy|ms3|r300|s4,0.000065437,0.000198466,0.000693985,0.000054244,0.000113105,0.000076503,0.000052785,0.000117122,0.000071272,0.000054658,0.000104908,0.000074849
main|astana_clinic_nobase|nc10|np5|br0.25|one_heavy|ms3|r300|s5,0.000065340,0.000165201,0.000609701,0.000035563,0.000052422,0.000056099,0.000029663,0.000055420,0.000056505,0.000036751,0.000050404,0.000050697
main|astana_clinic_nobase|nc10|np5|br0.25|one_heavy|ms3|r300|s6,0.000073387,0.000179184,0.000628943,0.000038721,0.000087700,0.000065056,0.000051572,0.000087489,0.000066910,0.000037071,0.000077980,0.000063411
main|astana_clinic_nobase|nc10|np5|br0.25|one_heavy|ms3|r300|s7,0.000061761,0.000198857,0.000705785,0.000064142,0.000102663,0.000098057,0.000055440,0.000095366,0.000098182,0.000065131,0.000102491,0.000096392
main|astana_clinic_nobase|nc10|np5|br0.25|one_heavy|ms3|r300|s8,0.000065055,0.000259610,0.000835667,0.000068236,0.000130209,0.000126936,0.000066194,0.000123440,0.000121386,0.000066585,0.000109012,0.000106963
main|astana_clinic_nobase|nc10|np5|br0.25|one_heavy|ms3|r300|s9,0.000067110,0.000160324,0.000617883,0.000040022,0.000075689,0.000069608,0.000035450,0.000065741,0.000068416,0.000036918,0.000075595,0.000069689
main|astana_clinic_nobase|nc10|np5|br0.5|uniform|ms3|r300|s0,0.000067645,0.000638530,0.001678505,0.000118549,0.000190795,0.000095744,0.000075820,0.000175234,0.000107857,0.000116718,0.000161456,0.000111601
main|astana_clinic_nobase|nc10|np5|br0.5|uniform|ms3|r300|s1,0.000066361,0.000304924,0.000921443,0.000089729,0.000164843,0.000153472,0.000090131,0.000164933,0.000145821,0.000079637,0.000140900,0.000143575
main|astana_clinic_nobase|nc10|np5|br0.5|uniform|ms3|r300|s2,0.000066889,0.000498187,0.001297611,0.000090703,0.000189527,0.000131621,0.000116154,0.000188734,0.000130429,0.000091533,0.000175330,0.000127246
main|astana_clinic_nobase|nc10|np5|br0.5|uniform|ms3|r300|s3,0.000066085,0.000397037,0.001122959,0.000096711,0.000192620,0.000146211,0.000075876,0.000200040,0.000146486,0.000077052,0.000167613,0.000137308
main|astana_clinic_nobase|nc10|np5|br0.5|uniform|ms3|r300|s4,0.000077866,0.000563195,0.001472033,0.000106658,0.000201503,0.000164446,0.000091773,0.000196735,0.000144081,0.000118715,0.000172535,0.000140728
main|astana_clinic_nobase|nc10|np5|br0.5|uniform|ms3|r300|s5,0.000064387,0.000334910,0.000972732,0.000075725,0.000178343,0.000130620,0.000070608,0.000165420,0.000118234,0.000068558,0.000154303,0.000119635
main|astana_clinic_nobase|nc10|np5|br0.5|uniform|ms3|r300|s6,0.000061811,0.000480573,0.001339120,0.000084625,0.000206902,0.000180213,0.000114961,0.000199893,0.000166933,0.000104811,0.000185000,0.000152307
main|astana_clinic_nobase|nc10|np5|br0.5|uniform|ms3|r300|s7,0.000066482,0.000537935,0.001498184,0.000126366,0.000198010,0.000197256,0.000116671,0.000196555,0.000180375,0.000130557,0.000181672,0.000181360
main|astana_clinic_nobase|nc10|np5|br0.5|uniform|ms3|r300|s8,0.000065409,0.000625952,0.001723788,0.000123421,0.000204290,0.000195590,0.000116148,0.000194032,0.000192353,0.000122323,0.000178922,0.000180626
main|astana_clinic_nobase|nc10|np5|br0.5|uniform|ms3|r300|s9,0.000064949,0.000350988,0.001040018,0.000080313,0.000209002,0.000138661,0.000072612,0.000210327,0.000142427,0.000086072,0.000159736,0.000126490
main|astana_clinic_nobase|nc10|np5|br0.5|random_1_100|ms3|r300|s0,0.000065759,0.000629644,0.001698199,0.000102619,0.000185508,0.000109907,0.000088573,0.000186149,0.000111439,0.000125920,0.000173416,0.000112604
main|astana_clinic_nobase|nc10|np5|br0.5|random_1_100|ms3|r300|s1,0.000065367,0.000314103,0.000659915,0.000070577,0.000133041,0.000103382,0.000059128,0.000126300,0.000104903,0.000065667,0.000111616,0.000096985
main|astana_clinic_nobase|nc10|np5|br0.5|random_1_100|ms3|r300|s2,0.000039222,0.000356569,0.000907049,0.000087968,0.000140348,0.000094421,0.000080196,0.000141505,0.000091428,0.000085260,0.000116332,0.000085732
main|astana_clinic_nobase|nc10|np5|br0.5|random_1_100|ms3|r300|s3,0.000039094,0.000284043,0.000814543,0.000124895,0.000224083,0.000100455,0.000056600,0.000139878,0.000102524,0.000055746,0.000148238,0.000097552
main|astana_clinic_nobase|nc10|np5|br0.5|random_1_100|ms3|r300|s4,0.000040844,0.000424587,0.001043268,0.000081124,0.000150771,0.000118711,0.000066863,0.000140349,0.000109450,0.000088506,0.000121406,0.000096721
main|astana_clinic_nobase|nc10|np5|br0.5|random_1_100|ms3|r300|s5,0.000039587,0.000229820,0.000700229,0.000051293,0.000120248,0.000095406,0.000052745,0.000122104,0.000086630,0.000049897,0.000109394,0.000078667
main|astana_clinic_nobase|nc10|np5|br0.5|random_1_100|ms3|r300|s6,0.000043006,0.000368205,0.000978463,0.000059799,0.000144404,0.000136412,0.000099614,0.000144105,0.000117578,0.000058336,0.000122682,0.000105772
main|astana_clinic_nobase|nc10|np5|br0.5|random_1_100|ms3|r300|s7,0.000041055,0.000425475,0.000998477,0.000096333,0.000141395,0.000179108,0.000141642,0.000239834,0.000147432,0.000180704,0.000249860,0.000253812
main|astana_clinic_nobase|nc10|np5|br0.5|random_1_100|ms3|r300|s8,0.000068280,0.000480166,0.001205214,0.000083443,0.000144365,0.000143344,0.000143827,0.000135276,0.000135990,0.000086579,0.000121148,0.000116652
main|astana_clinic_nobase|nc10|np5|br0.5|random_1_100|ms3|r300|s9,0.000054803,0.000248843,0.000712035,0.000056999,0.000123673,0.000099898,0.000052034,0.000157123,0.000096335,0.000052823,0.000133722,0.000087108
main|astana_clinic_nobase|nc10|np5|br0.5|one_heavy|ms3|r300|s0,0.000040709,0.000461913,0.001178603,0.000065320,0.000136030,0.000077865,0.000060442,0.000132685,0.000075346,0.000085455,0.000118932,0.000074281
main|astana_clinic_nobase|nc10|np5|br0.5|one_heavy|ms3|r300|s1,0.000042855,0.000209928,0.000854518,0.000098478,0.000202182,0.000130520,0.000072700,0.000120645,0.000105599,0.000053605,0.000105562,0.000099941
main|astana_clinic_nobase|nc10|np5|br0.5|one_heavy|ms3|r300|s2,0.000038995,0.000346635,0.001478821,0.000067572,0.000141519,0.000099570,0.000087689,0.000170148,0.000118422,0.000070031,0.000139775,0.000087566
main|astana_clinic_nobase|nc10|np5|br0.5|one_heavy|ms3|r300|s3,0.000052233,0.000335924,0.000876515,0.000101890,0.000156014,0.000097707,0.000056572,0.000149220,0.000107388,0.000080129,0.000146960,0.000094945
main|astana_clinic_nobase|nc10|np5|br0.5|one_heavy|ms3|r300|s4,0.000040322,0.000383281,0.001068495,0.000048069,0.000159965,0.000133774,0.000060041,0.000141355,0.000210874,0.000125881,0.000236753,0.000192924
main|astana_clinic_nobase|nc10|np5|br0.5|one_heavy|ms3|r300|s5,0.000051796,0.000255031,0.000673695,0.000051212,0.000161097,0.000090251,0.000050325,0.000119632,0.000090720,0.000051233,0.000107567,0.000083086
main|astana_clinic_nobase|nc10|np5|br0.5|one_heavy|ms3|r300|s6,0.000040527,0.000362375,0.000993088,0.000057254,0.000149079,0.000122222,0.000067557,0.000140303,0.000110440,0.000073407,0.000146798,0.000106428
main|astana_clinic_nobase|nc10|np5|br0.5|one_heavy|ms3|r300|s7,0.000041326,0.000376166,0.001108299,0.000088763,0.000143254,0.000136750,0.000083364,0.000137909,0.000162796,0.000088394,0.000143077,0.000132860
main|astana_clinic_nobase|nc10|np5|br0.5|one_heavy|ms3|r300|s8,0.000040276,0.000457180,0.001198932,0.000052391,0.000153580,0.000142890,0.000082988,0.000140477,0.000129980,0.000086800,0.000124179,0.000121572
main|astana_clinic_nobase|nc10|np5|br0.5|one_heavy|ms3|r300|s9,0.000041575,0.000255620,0.000713546,0.000057134,0.000125533,0.000096263,0.000051345,0.000150374,0.000098937,0.000057196,0.000110040,0.000085887
main|astana_clinic_nobase|nc10|np5|br0.75|uniform|ms3|r300|s0,0.000041561,0.000653606,0.001790493,0.000093017,0.000150057,0.000135872,0.000086883,0.000147329,0.000141548,0.000098864,0.000129193,0.000124128
main|astana_clinic_nobase|nc10|np5|br0.75|uniform|ms3|r300|s1,0.000044523,0.000544556,0.001362322,0.000090462,0.000165184,0.000167663,0.000094975,0.000156517,0.000132423,0.000100006,0.000137855,0.000139397
main|astana_clinic_nobase|nc10|np5|br0.75|uniform|ms3|r300|s2,0.000041365,0.000654552,0.001828678,0.000096814,0.000157684,0.000144008,0.000093575,0.000161421,0.000142687,0.000091777,0.000127750,0.000128322
main|astana_clinic_nobase|nc10|np5|br0.75|uniform|ms3|r300|s3,0.000039862,0.000597034,0.001491022,0.000098136,0.000139674,0.000145096,0.000088828,0.000147870,0.000132347,0.000105551,0.000128875,0.000119731
main|astana_clinic_nobase|nc10|np5|br0.75|uniform|ms3|r300|s4,0.000044480,0.000658995,0.001895276,0.000093861,0.000151157,0.000136173,0.000082394,0.000143585,0.000131832,0.000089861,0.000198134,0.000123428
main|astana_clinic_nobase|nc10|np5|br0.75|uniform|ms3|r300|s5,0.000062605,0.000568397,0.001355929,0.000068786,0.000155195,0.000137396,0.000068273,0.000145291,0.000121887,0.000072246,0.000131042,0.000102820
main|astana_clinic_nobase|nc10|np5|br0.75|uniform|ms3|r300|s6,0.000038409,0.000575690,0.001483808,0.000094184,0.000150238,0.000146280,0.000093676,0.000133244,0.000134486,0.000087777,0.000132094,0.000121468
main|astana_clinic_nobase|nc10|np5|br0.75|uniform|ms3|r300|s7,0.000042068,0.000651849,0.001691095,0.000094005,0.000140575,0.000141142,0.000105773,0.000145979,0.000138113,0.000092929,0.000133118,0.000124947
main|astana_clinic_nobase|nc10|np5|br0.75|uniform|ms3|r300|s8,0.000043109,0.000701483,0.001762885,0.000091263,0.000147335,0.000143861,0.000091597,0.000147196,0.000137058,0.000087744,0.000117103,0.000124091
main|astana_clinic_nobase|nc10|np5|br0.75|uniform|ms3|r300|s9,0.000038812,0.000503907,0.001353918,0.000072185,0.000150270,0.000138532,0.000072353,0.000147214,0.000136662,0.000080111,0.000133250,0.000100566
main|astana_clinic_nobase|nc10|np5|br0.75|random_1_100|ms3|r300|s0,0.000040005,0.000682983,0.001774817,0.000090925,0.000162493,0.000136037,0.000090007,0.000153620,0.000133986,0.000096948,0.000131510,0.000118794
main|astana_clinic_nobase|nc10|np5|br0.75|random_1_100|ms3|r300|s1,0.000038144,0.000516991,0.001565542,0.000095087,0.000180708,0.000144411,0.000090058,0.000186592,0.000195187,0.000095592,0.000122363,0.000133224
main|astana_clinic_nobase|nc10|np5|br0.75|random_1_100|ms3|r300|s2,0.000042716,0.000690335,0.001670578,0.000090846,0.000144895,0.000155790,0.000091282,0.000167837,0.000152452,0.000103475,0.000133958,0.000129519
main|astana_clinic_nobase|nc10|np5|br0.75|random_1_100|ms3|r300|s3,0.000039260,0.000550165,0.001403090,0.000091891,0.000148254,0.000147314,0.000084804,0.000145508,0.000139853,0.000091204,0.000124287,0.000124369
main|astana_clinic_nobase|nc10|np5|br0.75|random_1_100|ms3|r300|s4,0.000037814,0.000625538,0.001634778,0.000081419,0.000155387,0.000139234,0.000082972,0.000141630,0.000132029,0.000095901,0.000127478,0.000127524
main|astana_clinic_nobase|nc10|np5|br0.75|random_1_100|ms3|r300|s5,0.000040269,0.000517213,0.001315768,0.000068161,0.000179673,0.000147140,0.000070247,0.000147028,0.000131161,0.000076714,0.000150896,0.000133277
main|astana_clinic_nobase|nc10|np5|br0.75|random_1_100|ms3|r300|s6,0.000050813,0.000536430,0.001427460,0.000070952,0.000152357,0.000135098,0.000085561,0.000133826,0.000128713,0.000086304,0.000124669,0.000114909
main|astana_clinic_nobase|nc10|np5|br0.75|random_1_100|ms3|r300|s7,0.000038142,0.000615189,0.001579494,0.000084810,0.000137772,0.000135381,0.000087078,0.000134267,0.000129472,0.000084797,0.000126347,0.000120367
main|astana_clinic_nobase|nc10|np5|br0.75|random_1_100|ms3|r300|s8,0.000036120,0.000603551,0.001619040,0.000085069,0.000136512,0.000134237,0.000084964,0.000134169,0.000131896,0.000082771,0.000109100,0.000119615
main|astana_clinic_nobase|nc10|np5|br0.75|random_1_100|ms3|r300|s9,0.000037157,0.000481975,0.001269292,0.000067089,0.000142605,0.000134968,0.000069347,0.000138567,0.000125600,0.000072223,0.000125374,0.000099393
main|astana_clinic_nobase|nc10|np5|br0.75|one_heavy|ms3|r300|s0,0.000037818,0.000612974,0.001656457,0.000082197,0.000129316,0.000119370,0.000079279,0.000130887,0.000121479,0.000084847,0.000114257,0.000112322
main|astana_clinic_nobase|nc10|np5|br0.75|one_heavy|ms3|r300|s1,0.000038327,0.000454412,0.001255396,0.000084085,0.000143781,0.000125824,0.000077060,0.000136006,0.000123213,0.000076792,0.000114205,0.000104044
main|astana_clinic_nobase|nc10|np5|br0.75|one_heavy|ms3|r300|s2,0.000035527,0.000623325,0.001495321,0.000072321,0.000133581,0.000130853,0.000086197,0.000139501,0.000126255,0.000080922,0.000114768,0.000100239
main|astana_clinic_nobase|nc10|np5|br0.75|one_heavy|ms3|r300|s3,0.000036501,0.000490449,0.001249282,0.000080170,0.000132454,0.000124059,0.000082469,0.000126105,0.000117597,0.000080543,0.000123381,0.000128769
main|astana_clinic_nobase|nc10|np5|br0.75|one_heavy|ms3|r300|s4,0.000040677,0.000733486,0.001813279,0.000070055,0.000150992,0.000139622,0.000082327,0.000128874,0.000132906,0.000082475,0.000123035,0.000114592
main|astana_clinic_nobase|nc10|np5|br0.75|one_heavy|ms3|r300|s5,0.000037357,0.000516147,0.001261947,0.000066009,0.000158117,0.000139178,0.000065387,0.000143491,0.000121775,0.000069276,0.000160212,0.000102829
main|astana_clinic_nobase|nc10|np5|br0.75|one_heavy|ms3|r300|s6,0.000038611,0.000589852,0.001413272,0.000097610,0.000151303,0.000135846,0.000081075,0.000139446,0.000130023,0.000081410,0.000123548,0.000124820
main|astana_clinic_nobase|nc10|np5|br0.75|one_heavy|ms3|r300|s7,0.000040182,0.000673204,0.001644081,0.000089676,0.000146954,0.000140850,0.000088160,0.000140608,0.000134062,0.000090930,0.000135665,0.000129773
main|astana_clinic_nobase|nc10|np5|br0.75|one_heavy|ms3|r300|s8,0.000040332,0.000642473,0.001703587,0.000084157,0.000151541,0.000140445,0.000093493,0.000143355,0.000134257,0.000095545,0.000116820,0.000120900
main|astana_clinic_nobase|nc10|np5|br0.75|one_heavy|ms3|r300|s9,0.000040301,0.000513300,0.001349697,0.000069428,0.000157608,0.000129131,0.000069118,0.000149349,0.000132455,0.000073999,0.000126127,0.000104386
main|astana_clinic_nobase|nc10|np5|br1.0|uniform|ms3|r300|s0,0.000037605,0.000699945,0.001986115,0.000092963,0.000164053,0.000142085,0.000093290,0.000146383,0.000140076,0.000090925,0.000127168,0.000132902
main|astana_clinic_nobase|nc10|np5|br1.0|uniform|ms3|r300|s1,0.000038037,0.000691602,0.001775890,0.000092669,0.000139407,0.000133737,0.000087553,0.000143126,0.000127715,0.000087878,0.000128205,0.000121967
main|astana_clinic_nobase|nc10|np5|br1.0|uniform|ms3|r300|s2,0.000039406,0.000685500,0.001889002,0.000088649,0.000145544,0.000144256,0.000085249,0.000149647,0.000146998,0.000087997,0.000131077,0.000129182
main|astana_clinic_nobase|nc10|np5|br1.0|uniform|ms3|r300|s3,0.000040503,0.000702330,0.001773050,0.000104370,0.000144325,0.000145354,0.000089562,0.000138400,0.000136761,0.000110365,0.000137632,0.000126635
main|astana_clinic_nobase|nc10|np5|br1.0|uniform|ms3|r300|s4,0.000039424,0.000700017,0.001916303,0.000091490,0.000139308,0.000141933,0.000087026,0.000141612,0.000130614,0.000091820,0.000134833,0.000117660
main|astana_clinic_nobase|nc10|np5|br1.0|uniform|ms3|r300|s5,0.000039896,0.000698736,0.001814781,0.000101416,0.000145965,0.000152606,0.000084345,0.000138072,0.000135982,0.000090234,0.000130898,0.000117424
main|astana_clinic_nobase|nc10|np5|br1.0|uniform|ms3|r300|s6,0.000038536,0.000675109,0.001899585,0.000088630,0.000150118,0.000135860,0.000090514,0.000144120,0.000132819,0.000089959,0.000131707,0.000140151
main|astana_clinic_nobase|nc10|np5|br1.0|uniform|ms3|r300|s7,0.000039002,0.000663809,0.002090893,0.000088190,0.000148496,0.000157970,0.000100486,0.000175155,0.000177176,0.000092809,0.000135342,0.000131546
main|astana_clinic_nobase|nc10|np5|br1.0|uniform|ms3|r300|s8,0.000037514,0.000673493,0.001923361,0.000092824,0.000151304,0.000135181,0.000087268,0.000137239,0.000128716,0.000088608,0.000119057,0.000110560
main|astana_clinic_nobase|nc10|np5|br1.0|uniform|ms3|r300|s9,0.000038560,0.000670798,0.001743364,0.000090626,0.000144860,0.000137736,0.000090883,0.000145413,0.000130666,0.000090168,0.000119431,0.000122465
main|astana_clinic_nobase|nc10|np5|br1.0|random_1_100|ms3|r300|s0,0.000050404,0.000686489,0.001927225,0.000092422,0.000157786,0.000143758,0.000092290,0.000155718,0.000150922,0.000106473,0.000125665,0.000139213
main|astana_clinic_nobase|nc10|np5|br1.0|random_1_100|ms3|r300|s1,0.000042560,0.000809700,0.001851905,0.000099960,0.000179940,0.000176647,0.000119808,0.000155714,0.000137838,0.000094978,0.000130730,0.000128485
main|astana_clinic_nobase|nc10|np5|br1.0|random_1_100|ms3|r300|s2,0.000040876,0.000761845,0.002152566,0.000100241,0.000155169,0.000149884,0.000097404,0.000153375,0.000150991,0.000097803,0.000127928,0.000138369
main|astana_clinic_nobase|nc10|np5|br1.0|random_1_100|ms3|r300|s3,0.000052728,0.000702273,0.001928689,0.000090886,0.000136832,0.000142670,0.000099623,0.000142644,0.000133206,0.000102589,0.000145643,0.000128828
main|astana_clinic_nobase|nc10|np5|br1.0|random_1_100|ms3|r300|s4,0.000042976,0.000731027,0.002025325,0.000093391,0.000154927,0.000145056,0.000093695,0.000144161,0.000134991,0.000093380,0.000127384,0.000131874
main|astana_clinic_nobase|nc10|np5|br1.0|random_1_100|ms3|r300|s5,0.000039955,0.000709139,0.001840826,0.000100740,0.000151921,0.000154911,0.000107180,0.000155984,0.000139894,0.000102624,0.000135810,0.000124173
main|astana_clinic_nobase|nc10|np5|br1.0|random_1_100|ms3|r300|s6,0.000040550,0.000755732,0.001927980,0.000093818,0.000150293,0.000146747,0.000092660,0.000152210,0.000140965,0.000090956,0.000132777,0.000128488
main|astana_clinic_nobase|nc10|np5|br1.0|random_1_100|ms3|r300|s7,0.000040530,0.000764424,0.002028185,0.000107828,0.000149527,0.000149140,0.000089586,0.000176463,0.000162090,0.000093820,0.000140860,0.000136447
main|astana_clinic_nobase|nc10|np5|br1.0|random_1_100|ms3|r300|s8,0.000042594,0.000762640,0.002120887,0.000123359,0.000206994,0.000199642,0.000149384,0.000226188,0.000222481,0.000146669,0.000212502,0.000195287
main|astana_clinic_nobase|nc10|np5|br1.0|random_1_100|ms3|r300|s9,0.000069400,0.000807297,0.001904700,0.000087359,0.000160989,0.000142609,0.000106089,0.000157081,0.000144702,0.000090868,0.000128587,0.000123999
main|astana_clinic_nobase|nc10|np5|br1.0|one_heavy|ms3|r300|s0,0.000041026,0.000728700,0.002038746,0.000094222,0.000153001,0.000146040,0.000093622,0.000151137,0.000146116,0.000099278,0.000129489,0.000132647
main|astana_clinic_nobase|nc10|np5|br1.0|one_heavy|ms3|r300|s1,0.000040576,0.000687871,0.001802419,0.000096971,0.000157411,0.000137075,0.000094814,0.000148615,0.000138513,0.000096665,0.000132483,0.000129180
main|astana_clinic_nobase|nc10|np5|br1.0|one_heavy|ms3|r300|s2,0.000039344,0.000668708,0.001934794,0.000090480,0.000149058,0.000147019,0.000090479,0.000149195,0.000174353,0.000098118,0.000132866,0.000132672
main|astana_clinic_nobase|nc10|np5|br1.0|one_heavy|ms3|r300|s3,0.000041670,0.000752929,0.001884136,0.000090755,0.000144458,0.000151427,0.000095437,0.000146689,0.000134455,0.000096356,0.000130537,0.000123600
main|astana_clinic_nobase|nc10|np5|br1.0|one_heavy|ms3|r300|s4,0.000055062,0.000721531,0.001966492,0.000089650,0.000153902,0.000147635,0.000091059,0.000148526,0.000134511,0.000094392,0.000133017,0.000125663
main|astana_clinic_nobase|nc10|np5|br1.0|one_heavy|ms3|r300|s5,0.000043947,0.000745850,0.001845224,0.000092739,0.000169578,0.000152392,0.000091420,0.000155609,0.000136455,0.000094000,0.000134474,0.000125856
main|astana_clinic_nobase|nc10|np5|br1.0|one_heavy|ms3|r300|s6,0.000040271,0.000723134,0.001903087,0.000104045,0.000148782,0.000141160,0.000093800,0.000149388,0.000140934,0.000091479,0.000130969,0.000126690
main|astana_clinic_nobase|nc10|np5|br1.0|one_heavy|ms3|r300|s7,0.000040170,0.000721892,0.001951626,0.000097743,0.000147796,0.000145945,0.000090277,0.000148691,0.000140845,0.000099239,0.000144647,0.000131679
main|astana_clinic_nobase|nc10|np5|br1.0|one_heavy|ms3|r300|s8,0.000040702,0.000721958,0.002026565,0.000098040,0.000152200,0.000149452,0.000095941,0.000148037,0.000150114,0.000091266,0.000133336,0.000121627
main|astana_clinic_nobase|nc10|np5|br1.0|one_heavy|ms3|r300|s9,0.000041668,0.000728418,0.001781021,0.000102633,0.000154074,0.000150633,0.000091492,0.000150289,0.000137738,0.000094667,0.000140745,0.000125270
main|astana_clinic_nobase|nc10|np15|br0.25|uniform|ms3|r300|s0,0.000116090,0.000193884,0.000629173,0.000061733,0.000120122,0.000099573,0.000063158,0.000113275,0.000098796,0.000069764,0.000112245,0.000104543
main|astana_clinic_nobase|nc10|np15|br0.25|uniform|ms3|r300|s1,0.000106594,0.000106610,0.000381849,0.000025917,0.000046912,0.000045448,0.000025571,0.000048959,0.000042192,0.000022760,0.000041777,0.000041936
main|astana_clinic_nobase|nc10|np15|br0.25|uniform|ms3|r300|s2,0.000115094,0.000128911,0.000439273,0.000047983,0.000087944,0.000074843,0.000045300,0.000084322,0.000074914,0.000036352,0.000081130,0.000073816
main|astana_clinic_nobase|nc10|np15|br0.25|uniform|ms3|r300|s3,0.000103852,0.000119575,0.000446501,0.000030384,0.000065840,0.000067831,0.000031226,0.000067831,0.000072375,0.000030610,0.000066202,0.000061867
main|astana_clinic_nobase|nc10|np15|br0.25|uniform|ms3|r300|s4,0.000113621,0.000143959,0.000506389,0.000050982,0.000105999,0.000072061,0.000048182,0.000103334,0.000068887,0.000048875,0.000101102,0.000074462
main|astana_clinic_nobase|nc10|np15|br0.25|uniform|ms3|r300|s5,0.000113289,0.000104171,0.000383448,0.000028189,0.000051319,0.000051677,0.000028484,0.000049933,0.000050500,0.000027835,0.000052677,0.000048647
main|astana_clinic_nobase|nc10|np15|br0.25|uniform|ms3|r300|s6,0.000110870,0.000130262,0.000461694,0.000037254,0.000081290,0.000058571,0.000034693,0.000081035,0.000062172,0.000037463,0.000081459,0.000062295
main|astana_clinic_nobase|nc10|np15|br0.25|uniform|ms3|r300|s7,0.000114417,0.000161283,0.000526538,0.000054610,0.000095051,0.000096579,0.000053534,0.000090593,0.000089227,0.000057103,0.000101212,0.000091032
main|astana_clinic_nobase|nc10|np15|br0.25|uniform|ms3|r300|s8,0.000107769,0.000198298,0.000606142,0.000075487,0.000117470,0.000114647,0.000070172,0.000105883,0.000105663,0.000067753,0.000105005,0.000102945
main|astana_clinic_nobase|nc10|np15|br0.25|uniform|ms3|r300|s9,0.000112993,0.000109059,0.000399760,0.000037533,0.000069434,0.000060988,0.000033905,0.000067639,0.000061315,0.000034333,0.000068699,0.000059658
main|astana_clinic_nobase|nc10|np15|br0.25|random_1_100|ms3|r300|s0,0.000107202,0.000204301,0.000591120,0.000061631,0.000119233,0.000102727,0.000065006,0.000145496,0.000100823,0.000074660,0.000119075,0.000101945
main|astana_clinic_nobase|nc10|np15|br0.25|random_1_100|ms3|r300|s1,0.000105170,0.000095286,0.000357366,0.000028385,0.000045360,0.000045543,0.000023786,0.000045419,0.000043427,0.000030913,0.000049185,0.000043689
main|astana_clinic_nobase|nc10|np15|br0.25|random_1_100|ms3|r300|s2,0.000104117,0.000132946,0.000425157,0.000045432,0.000086905,0.000077673,0.000050935,0.000086732,0.000074360,0.000039056,0.000090305,0.000077940
main|astana_clinic_nobase|nc10|np15|br0.25|random_1_100|ms3|r300|s3,0.000109857,0.000133341,0.000420446,0.000031963,0.000069403,0.000069465,0.000028758,0.000068942,0.000072269,0.000030849,0.000068195,0.000063713
main|astana_clinic_nobase|nc10|np15|br0.25|random_1_100|ms3|r300|s4,0.000105909,0.000161165,0.000486915,0.000059656,0.000102963,0.000069675,0.000047291,0.000103111,0.000069763,0.000045353,0.000098397,0.000073844
main|astana_clinic_nobase|nc10|np15|br0.25|random_1_100|ms3|r300|s5,0.000103257,0.000103195,0.000380713,0.000031140,0.000052960,0.000049344,0.000027672,0.000051831,0.000050791,0.000027895,0.000051586,0.000050724
main|astana_clinic_nobase|nc10|np15|br0.25|random_1_100|ms3|r300|s6,0.000104417,0.000131069,0.000437453,0.000036336,0.000083368,0.000059120,0.000035982,0.000080516,0.000062233,0.000037717,0.000084223,0.000069375
main|astana_clinic_nobase|nc10|np15|br0.25|random_1_100|ms3|r300|s7,0.000107487,0.000144960,0.000494778,0.000053707,0.000099152,0.000090549,0.000057335,0.000089093,0.000091145,0.000053937,0.000093867,0.000087612
main|astana_clinic_nobase|nc10|np15|br0.25|random_1_100|ms3|r300|s8,0.000108702,0.000202430,0.000599403,0.000061489,0.000115009,0.000112226,0.000061027,0.000108296,0.000105099,0.000060654,0.000108179,0.000100354
main|astana_clinic_nobase|nc10|np15|br0.25|random_1_100|ms3|r300|s9,0.000103689,0.000112711,0.000412736,0.000035895,0.000071281,0.000060710,0.000035703,0.000070081,0.000064573,0.000034946,0.000067868,0.000060679
main|astana_clinic_nobase|nc10|np15|br0.25|one_heavy|ms3|r300|s0,0.000110874,0.000191779,0.000602180,0.000073797,0.000129172,0.000106193,0.000068449,0.000121612,0.000100340,0.000076630,0.000126668,0.000102221
main|astana_clinic_nobase|nc10|np15|br0.25|one_heavy|ms3|r300|s1,0.000106707,0.000096298,0.000362266,0.000029102,0.000049668,0.000045307,0.000026684,0.000043805,0.000045403,0.000029978,0.000048040,0.000045764
main|astana_clinic_nobase|nc10|np15|br0.25|one_heavy|ms3|r300|s2,0.000104225,0.000125385,0.000422956,0.000044082,0.000085442,0.000076872,0.000042201,0.000084142,0.000077622,0.000038694,0.000085167,0.000077564
main|astana_clinic_nobase|nc10|np15|br0.25|one_heavy|ms3|r300|s3,0.000104121,0.000126555,0.000417602,0.000040577,0.000069481,0.000069381,0.000030432,0.000065065,0.000069279,0.000030924,0.000063058,0.000069111
main|astana_clinic_nobase|nc10|np15|br0.25|one_heavy|ms3|r300|s4,0.000103563,0.000152177,0.000490887,0.000048902,0.000104634,0.000066663,0.000048065,0.000130549,0.000098670,0.000060680,0.000104735,0.000071022
main|astana_clinic_nobase|nc10|np15|br0.25|one_heavy|ms3|r300|s5,0.000103931,0.000101243,0.000402021,0.000033780,0.000052062,0.000052052,0.000026638,0.000051287,0.000051041,0.000028563,0.000053143,0.000048696
main|astana_clinic_nobase|nc10|np15|br0.25|one_heavy|ms3|r300|s6,0.000104515,0.000129066,0.000423179,0.000036746,0.000082658,0.000058761,0.000038525,0.000086862,0.000057556,0.000034798,0.000075443,0.000058963
main|astana_clinic_nobase|nc10|np15|br0.25|one_heavy|ms3|r300|s7,0.000105629,0.000143400,0.000474626,0.000057974,0.000097113,0.000091139,0.000054837,0.000106668,0.000091881,0.000053663,0.000098794,0.000090772
main|astana_clinic_nobase|nc10|np15|br0.25|one_heavy|ms3|r300|s8,0.000102950,0.000206268,0.000588525,0.000064389,0.000113465,0.000111221,0.000064473,0.000107570,0.000103381,0.000062418,0.000105773,0.000103718
main|astana_clinic_nobase|nc10|np15|br0.25|one_heavy|ms3|r300|s9,0.000110887,0.000111954,0.000392410,0.000035441,0.000075336,0.000061225,0.000032058,0.000065138,0.000058847,0.000034060,0.000064908,0.000060093
main|astana_clinic_nobase|nc10|np15|br0.5|uniform|ms3|r300|s0,0.000103281,0.000515933,0.001356729,0.000120904,0.000191227,0.000098849,0.000117117,0.000188569,0.000098896,0.000089254,0.000178601,0.000097497
main|astana_clinic_nobase|nc10|np15|br0.5|uniform|ms3|r300|s1,0.000105413,0.000232884,0.000672996,0.000079640,0.000158517,0.000142585,0.000074253,0.000171421,0.000128455,0.000089466,0.000153326,0.000135958
main|astana_clinic_nobase|nc10|np15|br0.5|uniform|ms3|r300|s2,0.000102336,0.000406976,0.001012056,0.000124098,0.000184308,0.000118782,0.000103528,0.000177955,0.000119788,0.000098688,0.000178430,0.000115061
main|astana_clinic_nobase|nc10|np15|br0.5|uniform|ms3|r300|s3,0.000104971,0.000314030,0.000854571,0.000076303,0.000184022,0.000134279,0.000079317,0.000174128,0.000130153,0.000093282,0.000150227,0.000123172
main|astana_clinic_nobase|nc10|np15|br0.5|uniform|ms3|r300|s4,0.000106485,0.000444733,0.001239463,0.000096075,0.000189518,0.000154917,0.000087155,0.000182127,0.000143057,0.000091202,0.000177170,0.000156248
main|astana_clinic_nobase|nc10|np15|br0.5|uniform|ms3|r300|s5,0.000102079,0.000291752,0.000833149,0.000088275,0.000210509,0.000131144,0.000085963,0.000169943,0.000129551,0.000087212,0.000164590,0.000136515
main|astana_clinic_nobase|nc10|np15|br0.5|uniform|ms3|r300|s6,0.000106512,0.000392032,0.001077415,0.000076989,0.000200259,0.000168337,0.000110064,0.000181607,0.000151907,0.000105687,0.000190720,0.000163139
main|astana_clinic_nobase|nc10|np15|br0.5|uniform|ms3|r300|s7,0.000105719,0.000467522,0.001186403,0.000107142,0.000195086,0.000180471,0.000101818,0.000164652,0.000167823,0.000115051,0.000184831,0.000175005
main|astana_clinic_nobase|nc10|np15|br0.5|uniform|ms3|r300|s8,0.000103753,0.000522347,0.001426586,0.000102290,0.000192779,0.000201844,0.000104864,0.000188903,0.000175889,0.000101327,0.000173620,0.000174045
main|astana_clinic_nobase|nc10|np15|br0.5|uniform|ms3|r300|s9,0.000110181,0.000279830,0.000803063,0.000074814,0.000197150,0.000128057,0.000072766,0.000149790,0.000125683,0.000078908,0.000154113,0.000118904
main|astana_clinic_nobase|nc10|np15|br0.5|random_1_100|ms3|r300|s0,0.000105040,0.000523906,0.001400635,0.000095391,0.000221093,0.000105088,0.000122246,0.000199267,0.000105658,0.000101458,0.000191818,0.000098860
main|astana_clinic_nobase|nc10|np15|br0.5|random_1_100|ms3|r300|s1,0.000102251,0.000268437,0.000683850,0.000077946,0.000166967,0.000138860,0.000080370,0.000153666,0.000136322,0.000081922,0.000151360,0.000137244
main|astana_clinic_nobase|nc10|np15|br0.5|random_1_100|ms3|r300|s2,0.000102369,0.000442697,0.001028751,0.000117058,0.000196947,0.000126337,0.000102567,0.000186529,0.000117233,0.000090184,0.000171824,0.000118666
main|astana_clinic_nobase|nc10|np15|br0.5|random_1_100|ms3|r300|s3,0.000106202,0.000349636,0.000860686,0.000091568,0.000193914,0.000140990,0.000080052,0.000181366,0.000127379,0.000078476,0.000151457,0.000123074
main|astana_clinic_nobase|nc10|np15|br0.5|random_1_100|ms3|r300|s4,0.000107958,0.000456337,0.001202610,0.000107635,0.000194122,0.000158040,0.000086627,0.000181015,0.000147138,0.000090264,0.000178806,0.000128935
main|astana_clinic_nobase|nc10|np15|br0.5|random_1_100|ms3|r300|s5,0.000115596,0.000252039,0.000741757,0.000100070,0.000162717,0.000119060,0.000075791,0.000156013,0.000122430,0.000066582,0.000159706,0.000114924
main|astana_clinic_nobase|nc10|np15|br0.5|random_1_100|ms3|r300|s6,0.000104323,0.000404373,0.001056760,0.000082096,0.000205682,0.000171722,0.000102960,0.000198500,0.000159407,0.000114882,0.000189898,0.000173717
main|astana_clinic_nobase|nc10|np15|br0.5|random_1_100|ms3|r300|s7,0.000104922,0.000475589,0.001169626,0.000105102,0.000198770,0.000182710,0.000118867,0.000171699,0.000173672,0.000107788,0.000188125,0.000183606
main|astana_clinic_nobase|nc10|np15|br0.5|random_1_100|ms3|r300|s8,0.000102863,0.000546153,0.001452915,0.000115265,0.000206479,0.000233606,0.000099018,0.000212298,0.000185406,0.000103593,0.000181245,0.000180436
main|astana_clinic_nobase|nc10|np15|br0.5|random_1_100|ms3|r300|s9,0.000103137,0.000280339,0.000791446,0.000077299,0.000175222,0.000131066,0.000073981,0.000155328,0.000131270,0.000075428,0.000167492,0.000136971
main|astana_clinic_nobase|nc10|np15|br0.5|one_heavy|ms3|r300|s0,0.000107375,0.000648883,0.001528476,0.000100636,0.000194570,0.000099047,0.000113851,0.000195591,0.000104301,0.000136348,0.000188302,0.000100702
main|astana_clinic_nobase|nc10|np15|br0.5|one_heavy|ms3|r300|s1,0.000105794,0.000269218,0.000805185,0.000071053,0.000197717,0.000142111,0.000080409,0.000156145,0.000142026,0.000081678,0.000144329,0.000143779
main|astana_clinic_nobase|nc10|np15|br0.5|one_heavy|ms3|r300|s2,0.000102876,0.000459462,0.001139672,0.000091816,0.000234609,0.000131613,0.000101763,0.000188129,0.000117501,0.000076950,0.000149916,0.000120274
main|astana_clinic_nobase|nc10|np15|br0.5|one_heavy|ms3|r300|s3,0.000106456,0.000330478,0.000907324,0.000096625,0.000198255,0.000140505,0.000080288,0.000180750,0.000136740,0.000081797,0.000155929,0.000123582
main|astana_clinic_nobase|nc10|np15|br0.5|one_heavy|ms3|r300|s4,0.000103007,0.000461924,0.001192570,0.000064835,0.000191276,0.000168432,0.000086746,0.000180351,0.000141320,0.000096850,0.000177785,0.000171514
main|astana_clinic_nobase|nc10|np15|br0.5|one_heavy|ms3|r300|s5,0.000162084,0.000386120,0.001038599,0.000089881,0.000209686,0.000163055,0.000105192,0.000217254,0.000163844,0.000091024,0.000202867,0.000153356
main|astana_clinic_nobase|nc10|np15|br0.5|one_heavy|ms3|r300|s6,0.000163629,0.000564677,0.001422580,0.000109667,0.000258240,0.000211497,0.000129238,0.000256898,0.000212086,0.000141796,0.000261395,0.000229510
main|astana_clinic_nobase|nc10|np15|br0.5|one_heavy|ms3|r300|s7,0.000156162,0.000595035,0.001595413,0.000159400,0.000259797,0.000252531,0.000141787,0.000234880,0.000236731,0.000159647,0.000242465,0.000243034
main|astana_clinic_nobase|nc10|np15|br0.5|one_heavy|ms3|r300|s8,0.000158549,0.000631555,0.001844938,0.000070939,0.000233090,0.000198990,0.000106252,0.000183450,0.000242537,0.000133567,0.000236064,0.000250008
main|astana_clinic_nobase|nc10|np15|br0.5|one_heavy|ms3|r300|s9,0.000162881,0.000396300,0.001047884,0.000110034,0.000206918,0.000168626,0.000098976,0.000197650,0.000177543,0.000101573,0.000225070,0.000185256
main|astana_clinic_nobase|nc10|np15|br0.75|uniform|ms3|r300|s0,0.000178857,0.001195347,0.002818552,0.000153625,0.000264940,0.000247435,0.000167963,0.000254531,0.000245117,0.000161237,0.000251731,0.000236532
main|astana_clinic_nobase|nc10|np15|br0.75|uniform|ms3|r300|s1,0.000154175,0.000849933,0.002080276,0.000162234,0.000261513,0.000253974,0.000159801,0.000251236,0.000216231,0.000168017,0.000259238,0.000248542
main|astana_clinic_nobase|nc10|np15|br0.75|uniform|ms3|r300|s2,0.000155507,0.001044442,0.002606932,0.000192510,0.000274159,0.000248980,0.000169324,0.000250606,0.000240580,0.000169833,0.000243588,0.000242280
main|astana_clinic_nobase|nc10|np15|br0.75|uniform|ms3|r300|s3,0.000158544,0.000872306,0.002143439,0.000124175,0.000239303,0.000239825,0.000123478,0.000231831,0.000220666,0.000148944,0.000225760,0.000205019
main|astana_clinic_nobase|nc10|np15|br0.75|uniform|ms3|r300|s4,0.000144365,0.000757962,0.001840454,0.000106284,0.000189033,0.000177233,0.000109959,0.000168425,0.000170235,0.000109216,0.000182895,0.000165984
main|astana_clinic_nobase|nc10|np15|br0.75|uniform|ms3|r300|s5,0.000092857,0.000552120,0.001372211,0.000097923,0.000177916,0.000195411,0.000096226,0.000179550,0.000177226,0.000101574,0.000178067,0.000136223
main|astana_clinic_nobase|nc10|np15|br0.75|uniform|ms3|r300|s6,0.000099349,0.000644069,0.001625676,0.000105758,0.000187189,0.000174997,0.000112822,0.000170958,0.000164011,0.000114516,0.000174790,0.000171539
main|astana_clinic_nobase|nc10|np15|br0.75|uniform|ms3|r300|s7,0.000098445,0.000743178,0.001835435,0.000115566,0.000181828,0.000181886,0.000113424,0.000172744,0.000167436,0.000116037,0.000172418,0.000181827
main|astana_clinic_nobase|nc10|np15|br0.75|uniform|ms3|r300|s8,0.000095124,0.000761256,0.002022460,0.000139283,0.000188919,0.000184307,0.000111681,0.000178222,0.000170772,0.000109879,0.000173860,0.000164260
main|astana_clinic_nobase|nc10|np15|br0.75|uniform|ms3|r300|s9,0.000093686,0.000597270,0.001540941,0.000101807,0.000183434,0.000179032,0.000096453,0.000165232,0.000172155,0.000108855,0.000175901,0.000151201
main|astana_clinic_nobase|nc10|np15|br0.75|random_1_100|ms3|r300|s0,0.000098833,0.000768858,0.002013230,0.000127160,0.000190186,0.000176955,0.000120437,0.000190476,0.000170628,0.000112713,0.000181113,0.000162985
main|astana_clinic_nobase|nc10|np15|br0.75|random_1_100|ms3|r300|s1,0.000095976,0.000588019,0.001464462,0.000117871,0.000200609,0.000179199,0.000111876,0.000178157,0.000166136,0.000104006,0.000171064,0.000174151
main|astana_clinic_nobase|nc10|np15|br0.75|random_1_100|ms3|r300|s2,0.000099078,0.000757948,0.001770686,0.000118266,0.000182846,0.000172536,0.000113800,0.000185902,0.000166462,0.000125340,0.000183582,0.000174152
main|astana_clinic_nobase|nc10|np15|br0.75|random_1_100|ms3|r300|s3,0.000097664,0.000636119,0.001554813,0.000088422,0.000188429,0.000183332,0.000086553,0.000183181,0.000165723,0.000114169,0.000174906,0.000163257
main|astana_clinic_nobase|nc10|np15|br0.75|random_1_100|ms3|r300|s4,0.000096259,0.000716403,0.001877732,0.000116096,0.000184094,0.000184459,0.000108862,0.000173586,0.000163891,0.000114296,0.000176381,0.000159095
main|astana_clinic_nobase|nc10|np15|br0.75|random_1_100|ms3|r300|s5,0.000101131,0.000565364,0.001442405,0.000122983,0.000180317,0.000182064,0.000099335,0.000187969,0.000176582,0.000100707,0.000182901,0.000150343
main|astana_clinic_nobase|nc10|np15|br0.75|random_1_100|ms3|r300|s6,0.000101152,0.000694289,0.001704100,0.000109652,0.000195740,0.000184244,0.000129458,0.000173415,0.000168886,0.000118107,0.000185651,0.000177899
main|astana_clinic_nobase|nc10|np15|br0.75|random_1_100|ms3|r300|s7,0.000097799,0.000738085,0.002035302,0.000119921,0.000191323,0.000192698,0.000119079,0.000175936,0.000168043,0.000114831,0.000185055,0.000177058
main|astana_clinic_nobase|nc10|np15|br0.75|random_1_100|ms3|r300|s8,0.000101464,0.000870453,0.002088000,0.000131145,0.000188919,0.000191052,0.000116011,0.000190235,0.000182628,0.000122122,0.000179020,0.000174613
main|astana_clinic_nobase|nc10|np15|br0.75|random_1_100|ms3|r300|s9,0.000101801,0.000702293,0.001542619,0.000093703,0.000184230,0.000169543,0.000099314,0.000171724,0.000169884,0.000091736,0.000172102,0.000141560
main|astana_clinic_nobase|nc10|np15|br0.75|one_heavy|ms3|r300|s0,0.000095093,0.000756906,0.002058873,0.000113453,0.000186703,0.000170982,0.000112782,0.000185105,0.000165709,0.000112631,0.000182354,0.000159654
main|astana_clinic_nobase|nc10|np15|br0.75|one_heavy|ms3|r300|s1,0.000094127,0.000593095,0.001392218,0.000103126,0.000182701,0.000177236,0.000123823,0.000177171,0.000162687,0.000108143,0.000170764,0.000164355
main|astana_clinic_nobase|nc10|np15|br0.75|one_heavy|ms3|r300|s2,0.000095324,0.000742243,0.004179360,0.000122298,0.000200048,0.000189273,0.000122725,0.000186514,0.000177340,0.000115602,0.000187336,0.000148640
main|astana_clinic_nobase|nc10|np15|br0.75|one_heavy|ms3|r300|s3,0.000110176,0.000733794,0.001836441,0.000145637,0.000201917,0.000221784,0.000120375,0.000208325,0.000188346,0.000121265,0.000202012,0.000169961
main|astana_clinic_nobase|nc10|np15|br0.75|one_heavy|ms3|r300|s4,0.000626461,0.000975998,0.002040706,0.000103392,0.000220445,0.000196164,0.000116187,0.000184165,0.000182093,0.000118367,0.000197958,0.000240311
main|astana_clinic_nobase|nc10|np15|br0.75|one_heavy|ms3|r300|s5,0.000114197,0.000598778,0.001513396,0.000095285,0.000192955,0.000181175,0.000097362,0.000181814,0.000181397,0.000094042,0.000175169,0.000140709
main|astana_clinic_nobase|nc10|np15|br0.75|one_heavy|ms3|r300|s6,0.000097891,0.000730748,0.001673204,0.000092752,0.000190205,0.000188074,0.000130785,0.000200949,0.000177190,0.000117353,0.000186540,0.000177789
main|astana_clinic_nobase|nc10|np15|br0.75|one_heavy|ms3|r300|s7,0.000102314,0.000744397,0.001969850,0.000129169,0.000185871,0.000184379,0.000118512,0.000167756,0.000169534,0.000128261,0.000186915,0.000174695
main|astana_clinic_nobase|nc10|np15|br0.75|one_heavy|ms3|r300|s8,0.000104433,0.000769053,0.002065997,0.000113442,0.000190327,0.000187571,0.000115585,0.000180322,0.000178492,0.000111665,0.000179725,0.000175274
main|astana_clinic_nobase|nc10|np15|br0.75|one_heavy|ms3|r300|s9,0.000100090,0.000613165,0.001543269,0.000105460,0.000187497,0.000165912,0.000100405,0.000174792,0.000178774,0.000106069,0.000182382,0.000151270
main|astana_clinic_nobase|nc10|np15|br1.0|uniform|ms3|r300|s0,0.000098307,0.000842510,0.002364184,0.000123094,0.000190130,0.000182081,0.000120510,0.000189623,0.000178159,0.000122056,0.000179696,0.000175479
main|astana_clinic_nobase|nc10|np15|br1.0|uniform|ms3|r300|s1,0.000101862,0.000870357,0.002090052,0.000124804,0.000199978,0.000181440,0.000121423,0.000177660,0.000180409,0.000120645,0.000187714,0.000173496
main|astana_clinic_nobase|nc10|np15|br1.0|uniform|ms3|r300|s2,0.000109432,0.000846219,0.002239291,0.000121501,0.000190166,0.000195904,0.000122470,0.000180554,0.000178540,0.000126108,0.000187715,0.000185236
main|astana_clinic_nobase|nc10|np15|br1.0|uniform|ms3|r300|s3,0.000104189,0.000868880,0.002187389,0.000123902,0.000214452,0.000196956,0.000115604,0.000185996,0.000185328,0.000115028,0.000181805,0.000184935
main|astana_clinic_nobase|nc10|np15|br1.0|uniform|ms3|r300|s4,0.000100662,0.000920987,0.002604953,0.000179911,0.000268406,0.000277537,0.000156034,0.000248735,0.000252603,0.000146604,0.000253038,0.000237845
main|astana_clinic_nobase|nc10|np15|br1.0|uniform|ms3|r300|s5,0.000139065,0.000925390,0.002055671,0.000119197,0.000184885,0.000194192,0.000120657,0.000205768,0.000178461,0.000125275,0.000175023,0.000170275
main|astana_clinic_nobase|nc10|np15|br1.0|uniform|ms3|r300|s6,0.000098259,0.000901006,0.002647016,0.000129918,0.000200725,0.000230524,0.000122834,0.000189801,0.000196149,0.000121581,0.000212564,0.000181304
main|astana_clinic_nobase|nc10|np15|br1.0|uniform|ms3|r300|s7,0.000109836,0.000917405,0.002549145,0.000134144,0.000216468,0.000208520,0.000126942,0.000197318,0.000176793,0.000145772,0.000186250,0.000194333
main|astana_clinic_nobase|nc10|np15|br1.0|uniform|ms3|r300|s8,0.000103240,0.000872463,0.002474541,0.000131527,0.000201822,0.000196084,0.000148851,0.000206747,0.000188764,0.000126721,0.000184406,0.000189048
main|astana_clinic_nobase|nc10|np15|br1.0|uniform|ms3|r300|s9,0.000101998,0.000973632,0.002171202,0.000139887,0.000200915,0.000193176,0.000127005,0.000176837,0.000184844,0.000169282,0.000363003,0.000177889
main|astana_clinic_nobase|nc10|np15|br1.0|random_1_100|ms3|r300|s0,0.000121788,0.000877975,0.002541427,0.000124899,0.000214853,0.000197388,0.000124265,0.000192489,0.000195925,0.000128427,0.000188885,0.000183612
main|astana_clinic_nobase|nc10|np15|br1.0|random_1_100|ms3|r300|s1,0.000135474,0.000868070,0.002231599,0.000141022,0.000203631,0.000194427,0.000122352,0.000196913,0.000178824,0.000121096,0.000191633,0.000187892
main|astana_clinic_nobase|nc10|np15|br1.0|random_1_100|ms3|r300|s2,0.000106620,0.000886818,0.002311403,0.000145307,0.000206680,0.000193747,0.000237390,0.000188309,0.000199793,0.000119114,0.000203350,0.000295988
main|astana_clinic_nobase|nc10|np15|br1.0|random_1_100|ms3|r300|s3,0.000101381,0.000991333,0.002484621,0.000138202,0.000225087,0.000207319,0.000140589,0.000215333,0.000201235,0.000144467,0.000200149,0.000196483
main|astana_clinic_nobase|nc10|np15|br1.0|random_1_100|ms3|r300|s4,0.000129752,0.000955573,0.002427948,0.000132297,0.000208597,0.000198161,0.000123439,0.000195949,0.000177199,0.000128721,0.000182577,0.000190666
main|astana_clinic_nobase|nc10|np15|br1.0|random_1_100|ms3|r300|s5,0.000106662,0.000925162,0.002164130,0.000121515,0.000206222,0.000193369,0.000131186,0.000198758,0.000186628,0.000126659,0.000184253,0.000174838
main|astana_clinic_nobase|nc10|np15|br1.0|random_1_100|ms3|r300|s6,0.000100058,0.000863913,0.002286567,0.000126696,0.000202888,0.000184846,0.000121056,0.000187492,0.000182837,0.000121016,0.000182119,0.000180990
main|astana_clinic_nobase|nc10|np15|br1.0|random_1_100|ms3|r300|s7,0.000098758,0.000884835,0.002296195,0.000123368,0.000196808,0.000188917,0.000121899,0.000191729,0.000167859,0.000125614,0.000183998,0.000184183
main|astana_clinic_nobase|nc10|np15|br1.0|random_1_100|ms3|r300|s8,0.000098322,0.000885518,0.002406661,0.000123672,0.000193280,0.000187922,0.000124016,0.000188913,0.000179676,0.000138057,0.000174795,0.000177132
main|astana_clinic_nobase|nc10|np15|br1.0|random_1_100|ms3|r300|s9,0.000099742,0.000849907,0.002106877,0.000118491,0.000197484,0.000186034,0.000128713,0.000189040,0.000174703,0.000118987,0.000180691,0.000177844
main|astana_clinic_nobase|nc10|np15|br1.0|one_heavy|ms3|r300|s0,0.000096850,0.000857891,0.002386033,0.000130274,0.000194307,0.000192385,0.000131426,0.000195429,0.000179612,0.000123799,0.000183374,0.000178865
main|astana_clinic_nobase|nc10|np15|br1.0|one_heavy|ms3|r300|s1,0.000104888,0.000895944,0.002169391,0.000118044,0.000214882,0.000204808,0.000118082,0.000187001,0.000182282,0.000124407,0.000192290,0.000188303
main|astana_clinic_nobase|nc10|np15|br1.0|one_heavy|ms3|r300|s2,0.000105884,0.000922567,0.002347499,0.000118664,0.000212883,0.000179968,0.000123906,0.000183468,0.000182231,0.000124179,0.000185223,0.000188048
main|astana_clinic_nobase|nc10|np15|br1.0|one_heavy|ms3|r300|s3,0.000099243,0.000909310,0.002244260,0.000132590,0.000200943,0.000188734,0.000119985,0.000195548,0.000174920,0.000128557,0.000183509,0.000172586
main|astana_clinic_nobase|nc10|np15|br1.0|one_heavy|ms3|r300|s4,0.000098217,0.000892288,0.002297533,0.000121046,0.000199316,0.000199397,0.000121674,0.000184611,0.000172125,0.000121622,0.000192945,0.000181111
main|astana_clinic_nobase|nc10|np15|br1.0|one_heavy|ms3|r300|s5,0.000103507,0.000890309,0.002182804,0.000133514,0.000191073,0.000191787,0.000121379,0.000212659,0.000179157,0.000124717,0.000179083,0.000188572
main|astana_clinic_nobase|nc10|np15|br1.0|one_heavy|ms3|r300|s6,0.000106985,0.000862024,0.002341394,0.000120479,0.000203573,0.000185186,0.000121936,0.000182523,0.000186389,0.000125817,0.000188901,0.000175865
main|astana_clinic_nobase|nc10|np15|br1.0|one_heavy|ms3|r300|s7,0.000097648,0.000927064,0.002879851,0.000148914,0.000230057,0.000201443,0.000130460,0.000253777,0.000240960,0.000160191,0.000333052,0.000199152
main|astana_clinic_nobase|nc10|np15|br1.0|one_heavy|ms3|r300|s8,0.000105884,0.000933630,0.002537418,0.000133197,0.000197051,0.000193819,0.000128255,0.000191349,0.000194654,0.000138520,0.000188118,0.000188169
main|astana_clinic_nobase|nc10|np15|br1.0|one_heavy|ms3|r300|s9,0.000102986,0.000900720,0.002240994,0.000128698,0.000202915,0.000200072,0.000127038,0.000187423,0.000212729,0.000129902,0.000195309,0.000184587
main|astana_clinic_nobase|nc10|np25|br0.25|uniform|ms3|r300|s0,0.000180107,0.000208849,0.000702955,0.000076191,0.000142573,0.000122466,0.000073289,0.000134907,0.000117121,0.000066511,0.000136360,0.000120969
main|astana_clinic_nobase|nc10|np25|br0.25|uniform|ms3|r300|s1,0.000167652,0.000099872,0.000365489,0.000031234,0.000055242,0.000054076,0.000032300,0.000059810,0.000051177,0.000030305,0.000056697,0.000053514
main|astana_clinic_nobase|nc10|np25|br0.25|uniform|ms3|r300|s2,0.000185837,0.000142651,0.000447521,0.000051859,0.000111639,0.000090343,0.000052284,0.000109184,0.000092355,0.000060428,0.000102479,0.000091645
main|astana_clinic_nobase|nc10|np25|br0.25|uniform|ms3|r300|s3,0.000173031,0.000137103,0.000467618,0.000036206,0.000080837,0.000079947,0.000036286,0.000082426,0.000079818,0.000037567,0.000075773,0.000084023
main|astana_clinic_nobase|nc10|np25|br0.25|uniform|ms3|r300|s4,0.000167497,0.000166909,0.000550542,0.000044263,0.000117576,0.000085728,0.000056628,0.000123686,0.000083230,0.000050072,0.000121581,0.000079955
main|astana_clinic_nobase|nc10|np25|br0.25|uniform|ms3|r300|s5,0.000191189,0.000118376,0.000390026,0.000031978,0.000061747,0.000057928,0.000033988,0.000062489,0.000057774,0.000032844,0.000058966,0.000059049
main|astana_clinic_nobase|nc10|np25|br0.25|uniform|ms3|r300|s6,0.000176558,0.000164382,0.000456697,0.000045434,0.000096871,0.000071663,0.000043745,0.000101200,0.000066183,0.000062147,0.000098453,0.000073088
main|astana_clinic_nobase|nc10|np25|br0.25|uniform|ms3|r300|s7,0.000166881,0.000158176,0.000524340,0.000070333,0.000116266,0.000110577,0.000061687,0.000104881,0.000109097,0.000061004,0.000110227,0.000105844
main|astana_clinic_nobase|nc10|np25|br0.25|uniform|ms3|r300|s8,0.000175048,0.000233262,0.000653765,0.000078842,0.000136122,0.000131932,0.000077858,0.000133333,0.000150107,0.000073644,0.000126928,0.000125146
main|astana_clinic_nobase|nc10|np25|br0.25|uniform|ms3|r300|s9,0.000167240,0.000142444,0.000424910,0.000040840,0.000087105,0.000070866,0.000040110,0.000083207,0.000072701,0.000042624,0.000079190,0.000071619
main|astana_clinic_nobase|nc10|np25|br0.25|random_1_100|ms3|r300|s0,0.000176097,0.000221213,0.000670682,0.000046829,0.000141661,0.000122899,0.000077937,0.000142891,0.000116920,0.000062882,0.000138110,0.000138355
main|astana_clinic_nobase|nc10|np25|br0.25|random_1_100|ms3|r300|s1,0.000173470,0.000109810,0.000367565,0.000032036,0.000059129,0.000053519,0.000029498,0.000054692,0.000053587,0.000031479,0.000054772,0.000054036
main|astana_clinic_nobase|nc10|np25|br0.25|random_1_100|ms3|r300|s2,0.000166013,0.000135562,0.000448238,0.000057012,0.000156487,0.000137438,0.000065076,0.000129382,0.000120662,0.000074972,0.000135775,0.000125112
main|astana_clinic_nobase|nc10|np25|br0.25|random_1_100|ms3|r300|s3,0.000169995,0.000131131,0.000435531,0.000036376,0.000080237,0.000078783,0.000034785,0.000085450,0.000080723,0.000036908,0.000081063,0.000079813
main|astana_clinic_nobase|nc10|np25|br0.25|random_1_100|ms3|r300|s4,0.000165363,0.000158463,0.000518983,0.000061736,0.000122323,0.000084382,0.000056625,0.000124402,0.000084893,0.000048002,0.000127148,0.000082001
main|astana_clinic_nobase|nc10|np25|br0.25|random_1_100|ms3|r300|s5,0.000166480,0.000106566,0.000396031,0.000032770,0.000065096,0.000061153,0.000034312,0.000058957,0.000058421,0.000032568,0.000064448,0.000060678
main|astana_clinic_nobase|nc10|np25|br0.25|random_1_100|ms3|r300|s6,0.000173317,0.000136273,0.000478950,0.000042693,0.000110178,0.000078026,0.000041485,0.000092354,0.000072376,0.000046993,0.000095797,0.000071035
main|astana_clinic_nobase|nc10|np25|br0.25|random_1_100|ms3|r300|s7,0.000165124,0.000163295,0.000519477,0.000075694,0.000123672,0.000108672,0.000064854,0.000105978,0.000108109,0.000062780,0.000110957,0.000111211
main|astana_clinic_nobase|nc10|np25|br0.25|random_1_100|ms3|r300|s8,0.000167595,0.000230323,0.000693480,0.000077303,0.000146544,0.000137517,0.000080776,0.000140497,0.000151287,0.000081605,0.000142189,0.000127648
main|astana_clinic_nobase|nc10|np25|br0.25|random_1_100|ms3|r300|s9,0.000171501,0.000133386,0.000430313,0.000051181,0.000098332,0.000073675,0.000044671,0.000079900,0.000074987,0.000040333,0.000083951,0.000076252
main|astana_clinic_nobase|nc10|np25|br0.25|one_heavy|ms3|r300|s0,0.000167719,0.000218143,0.000654955,0.000091262,0.000144401,0.000120385,0.000083131,0.000143315,0.000118767,0.000063677,0.000153996,0.000121116
main|astana_clinic_nobase|nc10|np25|br0.25|one_heavy|ms3|r300|s1,0.000167853,0.000101290,0.000365024,0.000032742,0.000056712,0.000052634,0.000031288,0.000055932,0.000050573,0.000032333,0.000054302,0.000053953
main|astana_clinic_nobase|nc10|np25|br0.25|one_heavy|ms3|r300|s2,0.000178443,0.000136898,0.000527265,0.000061154,0.000105138,0.000089084,0.000053427,0.000106964,0.000094875,0.000063673,0.000106691,0.000093495
main|astana_clinic_nobase|nc10|np25|br0.25|one_heavy|ms3|r300|s3,0.000165789,0.000141904,0.000441793,0.000050465,0.000087940,0.000081353,0.000034840,0.000082382,0.000079322,0.000036494,0.000092086,0.000077749
main|astana_clinic_nobase|nc10|np25|br0.25|one_heavy|ms3|r300|s4,0.000167165,0.000162209,0.000540227,0.000058649,0.000120264,0.000084807,0.000058650,0.000122085,0.000085121,0.000044883,0.000125566,0.000083554
main|astana_clinic_nobase|nc10|np25|br0.25|one_heavy|ms3|r300|s5,0.000172346,0.000108065,0.000394280,0.000042361,0.000063036,0.000058657,0.000031270,0.000061670,0.000060703,0.000032400,0.000061039,0.000059990
main|astana_clinic_nobase|nc10|np25|br0.25|one_heavy|ms3|r300|s6,0.000168201,0.000140718,0.000458423,0.000043971,0.000098549,0.000071735,0.000043886,0.000099941,0.000069872,0.000049243,0.000099596,0.000076457
main|astana_clinic_nobase|nc10|np25|br0.25|one_heavy|ms3|r300|s7,0.000168053,0.000160817,0.000535745,0.000079919,0.000121810,0.000112328,0.000065547,0.000105391,0.000107534,0.000064352,0.000117069,0.000107421
main|astana_clinic_nobase|nc10|np25|br0.25|one_heavy|ms3|r300|s8,0.000176711,0.000226712,0.000684892,0.000071655,0.000136230,0.000131733,0.000070995,0.000135466,0.000134817,0.000091717,0.000164860,0.000130778
main|astana_clinic_nobase|nc10|np25|br0.25|one_heavy|ms3|r300|s9,0.000170422,0.000117191,0.000416639,0.000040921,0.000091222,0.000072168,0.000046912,0.000078422,0.000073545,0.000040926,0.000083273,0.000071399
main|astana_clinic_nobase|nc10|np25|br0.5|uniform|ms3|r300|s0,0.000167573,0.000620169,0.001574666,0.000129263,0.000236701,0.000123774,0.000095060,0.000233841,0.000122125,0.000147826,0.000231515,0.000119227
main|astana_clinic_nobase|nc10|np25|br0.5|uniform|ms3|r300|s1,0.000169439,0.000276289,0.000750048,0.000095723,0.000194638,0.000158346,0.000093788,0.000182084,0.000163126,0.000093774,0.000176902,0.000161040
main|astana_clinic_nobase|nc10|np25|br0.5|uniform|ms3|r300|s2,0.000192221,0.000604371,0.001380657,0.000143502,0.000225826,0.000141650,0.000126294,0.000226226,0.000140543,0.000118428,0.000217962,0.000143843
main|astana_clinic_nobase|nc10|np25|br0.5|uniform|ms3|r300|s3,0.000168234,0.000396291,0.000972593,0.000106613,0.000233179,0.000165313,0.000107421,0.000219020,0.000159537,0.000093264,0.000190610,0.000149471
main|astana_clinic_nobase|nc10|np25|br0.5|uniform|ms3|r300|s4,0.000167382,0.000560573,0.001354849,0.000115038,0.000228082,0.000191453,0.000103815,0.000221314,0.000172564,0.000108217,0.000227703,0.000191449
main|astana_clinic_nobase|nc10|np25|br0.5|uniform|ms3|r300|s5,0.000204439,0.000306281,0.000806107,0.000095164,0.000227639,0.000139007,0.000077243,0.000187458,0.000139085,0.000093397,0.000187974,0.000163023
main|astana_clinic_nobase|nc10|np25|br0.5|uniform|ms3|r300|s6,0.000169504,0.000468435,0.001235270,0.000128555,0.000232529,0.000212430,0.000087290,0.000235840,0.000184729,0.000133668,0.000230519,0.000217606
main|astana_clinic_nobase|nc10|np25|br0.5|uniform|ms3|r300|s7,0.000170996,0.000562120,0.001372343,0.000136632,0.000240797,0.000223305,0.000129560,0.000223048,0.000215809,0.000145333,0.000232081,0.000220659
main|astana_clinic_nobase|nc10|np25|br0.5|uniform|ms3|r300|s8,0.000179251,0.000638995,0.001673814,0.000150869,0.000249839,0.000223532,0.000142963,0.000247741,0.000248226,0.000143642,0.000230692,0.000218559
main|astana_clinic_nobase|nc10|np25|br0.5|uniform|ms3|r300|s9,0.000169809,0.000348994,0.000878373,0.000093784,0.000251753,0.000158776,0.000092008,0.000180684,0.000156251,0.000093401,0.000194532,0.000145512
main|astana_clinic_nobase|nc10|np25|br0.5|random_1_100|ms3|r300|s0,0.000173192,0.000644018,0.001674583,0.000097079,0.000245357,0.000126210,0.000103674,0.000235508,0.000124610,0.000140833,0.000225275,0.000126125
main|astana_clinic_nobase|nc10|np25|br0.5|random_1_100|ms3|r300|s1,0.000166810,0.000282117,0.000770786,0.000101710,0.000191360,0.000205975,0.000098468,0.000181592,0.000161077,0.000100162,0.000184833,0.000161712
main|astana_clinic_nobase|nc10|np25|br0.5|random_1_100|ms3|r300|s2,0.000175207,0.000474152,0.001185899,0.000142789,0.000230453,0.000152250,0.000117901,0.000214848,0.000145747,0.000112199,0.000212926,0.000145329
main|astana_clinic_nobase|nc10|np25|br0.5|random_1_100|ms3|r300|s3,0.000170546,0.000388153,0.000987881,0.000110937,0.000231927,0.000168654,0.000110983,0.000217608,0.000189541,0.000098972,0.000186239,0.000150276
main|astana_clinic_nobase|nc10|np25|br0.5|random_1_100|ms3|r300|s4,0.000171751,0.000547851,0.001401790,0.000114112,0.000235327,0.000196248,0.000104304,0.000217304,0.000185591,0.000137507,0.000218410,0.000195715
main|astana_clinic_nobase|nc10|np25|br0.5|random_1_100|ms3|r300|s5,0.000167734,0.000301642,0.000856182,0.000095227,0.000226517,0.000142490,0.000078251,0.000200367,0.000148796,0.000081459,0.000186583,0.000134543
main|astana_clinic_nobase|nc10|np25|br0.5|random_1_100|ms3|r300|s6,0.000166159,0.000484479,0.001200798,0.000131540,0.000250625,0.000201839,0.000092364,0.000230885,0.000184319,0.000127632,0.000228418,0.000205379
main|astana_clinic_nobase|nc10|np25|br0.5|random_1_100|ms3|r300|s7,0.000170944,0.000535402,0.001340659,0.000146881,0.000232211,0.000226484,0.000138349,0.000220419,0.000217840,0.000150985,0.000219268,0.000224477
main|astana_clinic_nobase|nc10|np25|br0.5|random_1_100|ms3|r300|s8,0.000183182,0.000655438,0.001671708,0.000148978,0.000238449,0.000261788,0.000145104,0.000234296,0.000226316,0.000144879,0.000248164,0.000228140
main|astana_clinic_nobase|nc10|np25|br0.5|random_1_100|ms3|r300|s9,0.000178514,0.000333751,0.000863101,0.000090416,0.000215790,0.000155281,0.000091835,0.000190966,0.000177368,0.000084102,0.000191314,0.000150712
main|astana_clinic_nobase|nc10|np25|br0.5|one_heavy|ms3|r300|s0,0.000171104,0.000723047,0.001733782,0.000097635,0.000262142,0.000152744,0.000100667,0.000241520,0.000146118,0.000147248,0.000234914,0.000128193
main|astana_clinic_nobase|nc10|np25|br0.5|one_heavy|ms3|r300|s1,0.000184049,0.000303365,0.000810969,0.000088919,0.000225685,0.000194609,0.000099482,0.000212766,0.000188519,0.000114978,0.000182186,0.000171406
main|astana_clinic_nobase|nc10|np25|br0.5|one_heavy|ms3|r300|s2,0.000182753,0.000456718,0.001174631,0.000093292,0.000236231,0.000151533,0.000124337,0.000264036,0.000153025,0.000088673,0.000191740,0.000149471
main|astana_clinic_nobase|nc10|np25|br0.5|one_heavy|ms3|r300|s3,0.000172801,0.000500542,0.001161115,0.000128003,0.000248402,0.000172136,0.000120344,0.000212905,0.000173186,0.000099818,0.000192736,0.000151996
main|astana_clinic_nobase|nc10|np25|br0.5|one_heavy|ms3|r300|s4,0.000206164,0.000604023,0.001413512,0.000086717,0.000243115,0.000189490,0.000105753,0.000226852,0.000174893,0.000107171,0.000229965,0.000228131
main|astana_clinic_nobase|nc10|np25|br0.5|one_heavy|ms3|r300|s5,0.000176003,0.000335420,0.000808402,0.000089734,0.000188710,0.000148830,0.000081461,0.000188495,0.000153957,0.000079573,0.000193890,0.000138567
main|astana_clinic_nobase|nc10|np25|br0.5|one_heavy|ms3|r300|s6,0.000182353,0.000465182,0.001217412,0.000092998,0.000231974,0.000212170,0.000089126,0.000238336,0.000192975,0.000133239,0.000230402,0.000206756
main|astana_clinic_nobase|nc10|np25|br0.5|one_heavy|ms3|r300|s7,0.000178281,0.000539433,0.001352544,0.000155587,0.000234118,0.000230458,0.000138621,0.000244010,0.000223832,0.000157160,0.000226673,0.000227220
main|astana_clinic_nobase|nc10|np25|br0.5|one_heavy|ms3|r300|s8,0.000191552,0.000658867,0.001644330,0.000078113,0.000235052,0.000243158,0.000143102,0.000239904,0.000233272,0.000147228,0.000219626,0.000216343
main|astana_clinic_nobase|nc10|np25|br0.5|one_heavy|ms3|r300|s9,0.000168309,0.000315817,0.000863441,0.000085777,0.000193086,0.000150462,0.000093797,0.000185103,0.000168119,0.000087892,0.000200781,0.000147932
main|astana_clinic_nobase|nc10|np25|br0.75|uniform|ms3|r300|s0,0.000178302,0.000997573,0.002634710,0.000169798,0.000244600,0.000223776,0.000148077,0.000259819,0.000228746,0.000165448,0.000240857,0.000218229
main|astana_clinic_nobase|nc10|np25|br0.75|uniform|ms3|r300|s1,0.000171963,0.000782942,0.001796106,0.000151252,0.000258690,0.000241449,0.000154421,0.000235508,0.000222909,0.000151627,0.000245440,0.000235535
main|astana_clinic_nobase|nc10|np25|br0.75|uniform|ms3|r300|s2,0.000177762,0.000951533,0.002283537,0.000159315,0.000241557,0.000231479,0.000158608,0.000226213,0.000225988,0.000150810,0.000233846,0.000222946
main|astana_clinic_nobase|nc10|np25|br0.75|uniform|ms3|r300|s3,0.000173055,0.000835274,0.001966930,0.000122512,0.000234405,0.000239490,0.000161053,0.000243494,0.000229465,0.000122788,0.000248119,0.000211547
main|astana_clinic_nobase|nc10|np25|br0.75|uniform|ms3|r300|s4,0.000174997,0.000942277,0.002387983,0.000158589,0.000261490,0.000239060,0.000149241,0.000263437,0.000221213,0.000147972,0.000245691,0.000232637
main|astana_clinic_nobase|nc10|np25|br0.75|uniform|ms3|r300|s5,0.000170804,0.000791302,0.002751454,0.000197012,0.000331007,0.000300665,0.000156917,0.000237356,0.000231267,0.000134003,0.000260608,0.000189061
main|astana_clinic_nobase|nc10|np25|br0.75|uniform|ms3|r300|s6,0.000172713,0.000892604,0.002056232,0.000162848,0.000251428,0.000236206,0.000133755,0.000236552,0.000225205,0.000155381,0.000227194,0.000223941
main|astana_clinic_nobase|nc10|np25|br0.75|uniform|ms3|r300|s7,0.000174193,0.000966250,0.002481964,0.000157335,0.000239275,0.000244355,0.000154167,0.000233717,0.000228782,0.000160442,0.000234123,0.000257099
main|astana_clinic_nobase|nc10|np25|br0.75|uniform|ms3|r300|s8,0.000165208,0.001009734,0.002589064,0.000202122,0.000251709,0.000236983,0.000138596,0.000249827,0.000243535,0.000154344,0.000235796,0.000218930
main|astana_clinic_nobase|nc10|np25|br0.75|uniform|ms3|r300|s9,0.000181649,0.000815522,0.001948582,0.000138874,0.000240687,0.000234824,0.000137102,0.000225525,0.000232854,0.000134917,0.000234510,0.000198165
main|astana_clinic_nobase|nc10|np25|br0.75|random_1_100|ms3|r300|s0,0.000169994,0.000971460,0.002536303,0.000149193,0.000251029,0.000224036,0.000152286,0.000242900,0.000224827,0.000182715,0.000232586,0.000224349
main|astana_clinic_nobase|nc10|np25|br0.75|random_1_100|ms3|r300|s1,0.000171146,0.000776983,0.001820796,0.000151706,0.000237015,0.000235507,0.000146642,0.000239791,0.000230008,0.000150656,0.000245367,0.000221356
main|astana_clinic_nobase|nc10|np25|br0.75|random_1_100|ms3|r300|s2,0.000172952,0.000937240,0.002493310,0.000159009,0.000262378,0.000236510,0.000161242,0.000242699,0.000223715,0.000161139,0.000257578,0.000232889
main|astana_clinic_nobase|nc10|np25|br0.75|random_1_100|ms3|r300|s3,0.000173477,0.000839818,0.001973641,0.000172002,0.000267469,0.000238083,0.000165720,0.000258402,0.000250887,0.000169505,0.000252684,0.000239853
main|astana_clinic_nobase|nc10|np25|br0.75|random_1_100|ms3|r300|s4,0.000174263,0.001003718,0.002532491,0.000145021,0.000246552,0.000243449,0.000144839,0.000248042,0.000220041,0.000170165,0.000243095,0.000224031
main|astana_clinic_nobase|nc10|np25|br0.75|random_1_100|ms3|r300|s5,0.000167237,0.000730107,0.001781231,0.000123294,0.000260435,0.000248560,0.000168496,0.000246392,0.000230633,0.000132403,0.000227232,0.000188693
main|astana_clinic_nobase|nc10|np25|br0.75|random_1_100|ms3|r300|s6,0.000175295,0.000848433,0.002081989,0.000166138,0.000254658,0.000235045,0.000133975,0.000234903,0.000209468,0.000157090,0.000239527,0.000225289
main|astana_clinic_nobase|nc10|np25|br0.75|random_1_100|ms3|r300|s7,0.000161960,0.000954995,0.002392191,0.000153330,0.000238701,0.000234811,0.000150062,0.000234524,0.000235285,0.000149400,0.000235609,0.000243423
main|astana_clinic_nobase|nc10|np25|br0.75|random_1_100|ms3|r300|s8,0.000180527,0.000948340,0.002530696,0.000161977,0.000243532,0.000264017,0.000140423,0.000242178,0.000232727,0.000156247,0.000227642,0.000224260
main|astana_clinic_nobase|nc10|np25|br0.75|random_1_100|ms3|r300|s9,0.000164193,0.000785875,0.001913823,0.000133263,0.000235858,0.000203247,0.000128648,0.000238117,0.000223925,0.000137001,0.000243712,0.000199539
main|astana_clinic_nobase|nc10|np25|br0.75|one_heavy|ms3|r300|s0,0.000175201,0.000954572,0.002513602,0.000143795,0.000254708,0.000225016,0.000152518,0.000241728,0.000219471,0.000164485,0.000237992,0.000223817
main|astana_clinic_nobase|nc10|np25|br0.75|one_heavy|ms3|r300|s1,0.000173847,0.000741682,0.001863460,0.000133400,0.000233547,0.000236669,0.000160567,0.000220981,0.000222802,0.000138364,0.000220122,0.000209995
main|astana_clinic_nobase|nc10|np25|br0.75|one_heavy|ms3|r300|s2,0.000176125,0.000892099,0.002202134,0.000140965,0.000245561,0.000222543,0.000160438,0.000238047,0.000213452,0.000148581,0.000232532,0.000184586
main|astana_clinic_nobase|nc10|np25|br0.75|one_heavy|ms3|r300|s3,0.000167753,0.000775947,0.001904137,0.000158906,0.000245730,0.000219069,0.000158045,0.000232717,0.000217857,0.000156802,0.000233185,0.000210951
main|astana_clinic_nobase|nc10|np25|br0.75|one_heavy|ms3|r300|s4,0.000166096,0.000904899,0.002235251,0.000131618,0.000252920,0.000225797,0.000137625,0.000233634,0.000218913,0.000144693,0.000229431,0.000223517
main|astana_clinic_nobase|nc10|np25|br0.75|one_heavy|ms3|r300|s5,0.000162319,0.000732235,0.001823378,0.000122153,0.000229882,0.000237121,0.000157782,0.000236485,0.000229619,0.000128194,0.000236858,0.000189154
main|astana_clinic_nobase|nc10|np25|br0.75|one_heavy|ms3|r300|s6,0.000172416,0.000826591,0.002003619,0.000112509,0.000245701,0.000238796,0.000131190,0.000232737,0.000215968,0.000163443,0.000235440,0.000223463
main|astana_clinic_nobase|nc10|np25|br0.75|one_heavy|ms3|r300|s7,0.000181320,0.000944611,0.002289291,0.000165805,0.000240723,0.000233695,0.000152963,0.000227416,0.000220051,0.000158576,0.000229144,0.000222061
main|astana_clinic_nobase|nc10|np25|br0.75|one_heavy|ms3|r300|s8,0.000167484,0.000935076,0.002585037,0.000154060,0.000335129,0.000283713,0.000191669,0.000250480,0.000232859,0.000168456,0.000240911,0.000253882
main|astana_clinic_nobase|nc10|np25|br0.75|one_heavy|ms3|r300|s9,0.000163193,0.000754158,0.001894717,0.000139371,0.000228375,0.000204843,0.000130003,0.000214674,0.000232212,0.000127734,0.000225837,0.000201514
main|astana_clinic_nobase|nc10|np25|br1.0|uniform|ms3|r300|s0,0.000173181,0.001038630,0.002774951,0.000150874,0.000256502,0.000233947,0.000150031,0.000244329,0.000223147,0.000172897,0.000237723,0.000238553
main|astana_clinic_nobase|nc10|np25|br1.0|uniform|ms3|r300|s1,0.000169149,0.001056700,0.002441067,0.000152127,0.000225224,0.000222374,0.000150731,0.000230792,0.000225140,0.000155000,0.000239339,0.000240271
main|astana_clinic_nobase|nc10|np25|br1.0|uniform|ms3|r300|s2,0.000175280,0.001080040,0.002724427,0.000152288,0.000247989,0.000246009,0.000146988,0.000222910,0.000242904,0.000158303,0.000233207,0.000226192
main|astana_clinic_nobase|nc10|np25|br1.0|uniform|ms3|r300|s3,0.000167663,0.001035203,0.002600975,0.000164960,0.000227615,0.000229371,0.000177907,0.000226539,0.000224783,0.000157893,0.000221937,0.000226359
main|astana_clinic_nobase|nc10|np25|br1.0|uniform|ms3|r300|s4,0.000185643,0.000996283,0.002662980,0.000153381,0.000229747,0.000225767,0.000151550,0.000215282,0.000217748,0.000151920,0.000228859,0.000226231
main|astana_clinic_nobase|nc10|np25|br1.0|uniform|ms3|r300|s5,0.000178295,0.001021677,0.002427237,0.000160588,0.000234170,0.000226622,0.000156004,0.000243140,0.000221813,0.000163856,0.000228219,0.000226138
main|astana_clinic_nobase|nc10|np25|br1.0|uniform|ms3|r300|s6,0.000167742,0.001025369,0.002708401,0.000151736,0.000263869,0.000223221,0.000148379,0.000225554,0.000209677,0.000158732,0.000228730,0.000221368
main|astana_clinic_nobase|nc10|np25|br1.0|uniform|ms3|r300|s7,0.000166192,0.001035265,0.002774632,0.000164841,0.000253351,0.000240750,0.000158743,0.000234043,0.000222838,0.000169078,0.000240579,0.000230761
main|astana_clinic_nobase|nc10|np25|br1.0|uniform|ms3|r300|s8,0.000176374,0.001086505,0.002910016,0.000153129,0.000253176,0.000238037,0.000150557,0.000235230,0.000229210,0.000154111,0.000224779,0.000225430
main|astana_clinic_nobase|nc10|np25|br1.0|uniform|ms3|r300|s9,0.000169978,0.001031790,0.002558304,0.000156192,0.000231994,0.000239047,0.000148265,0.000217520,0.000225460,0.000155169,0.000236197,0.000212312
main|astana_clinic_nobase|nc10|np25|br1.0|random_1_100|ms3|r300|s0,0.000167086,0.001107604,0.003035801,0.000229832,0.000316657,0.000309965,0.000213130,0.000342104,0.000335989,0.000159944,0.000243671,0.000229370
main|astana_clinic_nobase|nc10|np25|br1.0|random_1_100|ms3|r300|s1,0.000169788,0.001056693,0.002558908,0.000160891,0.000249741,0.000237671,0.000159855,0.000245939,0.000226082,0.000154526,0.000243623,0.000227154
main|astana_clinic_nobase|nc10|np25|br1.0|random_1_100|ms3|r300|s2,0.000168473,0.001068247,0.002837013,0.000175687,0.000269754,0.000269264,0.000176732,0.000259684,0.000252467,0.000178199,0.000262643,0.000257839
main|astana_clinic_nobase|nc10|np25|br1.0|random_1_100|ms3|r300|s3,0.000169061,0.001133554,0.002668729,0.000155899,0.000243549,0.000236585,0.000151193,0.000239962,0.000245236,0.000155942,0.000239268,0.000245037
main|astana_clinic_nobase|nc10|np25|br1.0|random_1_100|ms3|r300|s4,0.000166311,0.001097084,0.002765133,0.000162075,0.000244901,0.000269003,0.000155327,0.000232684,0.000227455,0.000157765,0.000243880,0.000231753
main|astana_clinic_nobase|nc10|np25|br1.0|random_1_100|ms3|r300|s5,0.000167055,0.001076304,0.002646505,0.000153599,0.000243727,0.000237704,0.000160158,0.000247490,0.000234316,0.000158655,0.000236329,0.000234458
main|astana_clinic_nobase|nc10|np25|br1.0|random_1_100|ms3|r300|s6,0.000173286,0.001126446,0.002822707,0.000171882,0.000254844,0.000242436,0.000153090,0.000226040,0.000223768,0.000155978,0.000245425,0.000235662
main|astana_clinic_nobase|nc10|np25|br1.0|random_1_100|ms3|r300|s7,0.000176790,0.001060103,0.002881881,0.000159594,0.000240509,0.000239869,0.000154578,0.000228607,0.000230132,0.000161254,0.000237498,0.000244487
main|astana_clinic_nobase|nc10|np25|br1.0|random_1_100|ms3|r300|s8,0.000184186,0.001083316,0.002979836,0.000159424,0.000251673,0.000237946,0.000161981,0.000253400,0.000240361,0.000157335,0.000231205,0.000229743
main|astana_clinic_nobase|nc10|np25|br1.0|random_1_100|ms3|r300|s9,0.000166664,0.001039331,0.002590268,0.000184103,0.000320510,0.000248122,0.000153788,0.000236487,0.000237808,0.000166526,0.000240440,0.000226343
main|astana_clinic_nobase|nc10|np25|br1.0|one_heavy|ms3|r300|s0,0.000183273,0.001064784,0.002989015,0.000173906,0.000253903,0.000244809,0.000159479,0.000247220,0.000247814,0.000164967,0.000237992,0.000243391
main|astana_clinic_nobase|nc10|np25|br1.0|one_heavy|ms3|r300|s1,0.000173522,0.001086607,0.002573835,0.000163101,0.000240671,0.000243437,0.000161441,0.000237030,0.000220039,0.000155598,0.000243238,0.000236876
main|astana_clinic_nobase|nc10|np25|br1.0|one_heavy|ms3|r300|s2,0.000171380,0.001062884,0.002729165,0.000152442,0.000243203,0.000241218,0.000152676,0.000235649,0.000237372,0.000168281,0.000241417,0.000228040
main|astana_clinic_nobase|nc10|np25|br1.0|one_heavy|ms3|r300|s3,0.000173221,0.001060996,0.002680869,0.000156211,0.000251354,0.000238427,0.000154064,0.000235655,0.000237405,0.000162136,0.000234245,0.000230543
main|astana_clinic_nobase|nc10|np25|br1.0|one_heavy|ms3|r300|s4,0.000198550,0.001039555,0.002818432,0.000154691,0.000239669,0.000241666,0.000161220,0.000233074,0.000223322,0.000154928,0.000232606,0.000234377
main|astana_clinic_nobase|nc10|np25|br1.0|one_heavy|ms3|r300|s5,0.000169820,0.001082807,0.002581722,0.000162836,0.000230684,0.000244871,0.000158272,0.000241904,0.000231226,0.000156807,0.000231348,0.000230514
main|astana_clinic_nobase|nc10|np25|br1.0|one_heavy|ms3|r300|s6,0.000171589,0.001048879,0.002673104,0.000159264,0.000239620,0.000230899,0.000153046,0.000235556,0.000218648,0.000158321,0.000239166,0.000229528
main|astana_clinic_nobase|nc10|np25|br1.0|one_heavy|ms3|r300|s7,0.000171349,0.001051696,0.002831529,0.000158052,0.000236275,0.000241913,0.000157487,0.000235613,0.000228344,0.000155734,0.000237250,0.000242790
main|astana_clinic_nobase|nc10|np25|br1.0|one_heavy|ms3|r300|s8,0.000174451,0.001057933,0.002912012,0.000166732,0.000240918,0.000248004,0.000162833,0.000241987,0.000238170,0.000155057,0.000230808,0.000228459
main|astana_clinic_nobase|nc10|np25|br1.0|one_heavy|ms3|r300|s9,0.000214822,0.001065366,0.002584248,0.000188405,0.000251297,0.000247624,0.000160562,0.000231998,0.000234034,0.000173018,0.000230584,0.000220432
main|astana_clinic_nobase|nc16|np5|br0.25|uniform|ms3|r300|s0,0.000061428,0.005372492,0.020311389,0.000109085,0.000186669,0.000201872,0.000096105,0.000184172,0.000151888,0.000114450,0.000180630,0.000154020
main|astana_clinic_nobase|nc16|np5|br0.25|uniform|ms3|r300|s1,0.000064455,0.004633570,0.018274938,0.000041466,0.000095130,0.000070491,0.000038279,0.000083050,0.000077328,0.000038125,0.000085920,0.000071466
main|astana_clinic_nobase|nc16|np5|br0.25|uniform|ms3|r300|s2,0.000062920,0.004736946,0.018879052,0.000060306,0.000138362,0.000096712,0.000074975,0.000111187,0.000093212,0.000038491,0.000105617,0.000091375
main|astana_clinic_nobase|nc16|np5|br0.25|uniform|ms3|r300|s3,0.000099957,0.005402409,0.020073323,0.000046862,0.000157859,0.000104657,0.000045421,0.000117681,0.000080979,0.000067370,0.000109822,0.000088921
main|astana_clinic_nobase|nc16|np5|br0.25|uniform|ms3|r300|s4,0.000062333,0.004861280,0.019097614,0.000054630,0.000145990,0.000086400,0.000061316,0.000194282,0.000084179,0.000070740,0.000123316,0.000081671
main|astana_clinic_nobase|nc16|np5|br0.25|uniform|ms3|r300|s5,0.000064426,0.004807481,0.018775251,0.000053891,0.000100346,0.000101547,0.000057121,0.000094151,0.000101569,0.000058201,0.000096029,0.000093995
main|astana_clinic_nobase|nc16|np5|br0.25|uniform|ms3|r300|s6,0.000064757,0.004885185,0.019513686,0.000090520,0.000216611,0.000145608,0.000107125,0.000201841,0.000140121,0.000075460,0.000172854,0.000107533
main|astana_clinic_nobase|nc16|np5|br0.25|uniform|ms3|r300|s7,0.000091298,0.006803993,0.020028697,0.000090715,0.000132739,0.000136221,0.000080385,0.000147524,0.000123438,0.000079596,0.000136701,0.000116767
main|astana_clinic_nobase|nc16|np5|br0.25|uniform|ms3|r300|s8,0.000066593,0.004849159,0.019359480,0.000046447,0.000154344,0.000140442,0.000046167,0.000148308,0.000138016,0.000046164,0.000119448,0.000118264
main|astana_clinic_nobase|nc16|np5|br0.25|uniform|ms3|r300|s9,0.000067773,0.004785047,0.018631756,0.000050761,0.000099757,0.000070811,0.000046605,0.000097982,0.000066631,0.000039797,0.000086372,0.000069040
main|astana_clinic_nobase|nc16|np5|br0.25|random_1_100|ms3|r300|s0,0.000061449,0.005127948,0.017928535,0.000065405,0.000173443,0.000153792,0.000094451,0.000169168,0.000135334,0.000079121,0.000157029,0.000129858
main|astana_clinic_nobase|nc16|np5|br0.25|random_1_100|ms3|r300|s1,0.000062829,0.004217413,0.016803727,0.000050880,0.000096552,0.000069838,0.000034678,0.000090889,0.000070828,0.000045680,0.000074498,0.000064071
main|astana_clinic_nobase|nc16|np5|br0.25|random_1_100|ms3|r300|s2,0.000054899,0.004217570,0.016209138,0.000049868,0.000107187,0.000089173,0.000051174,0.000103200,0.000085355,0.000050323,0.000093906,0.000075878
main|astana_clinic_nobase|nc16|np5|br0.25|random_1_100|ms3|r300|s3,0.000054308,0.004121862,0.020028153,0.000060827,0.000154014,0.000093190,0.000068206,0.000147154,0.000081724,0.000071116,0.000132001,0.000103972
main|astana_clinic_nobase|nc16|np5|br0.25|random_1_100|ms3|r300|s4,0.000060349,0.004477423,0.020139679,0.000063804,0.000175397,0.000085915,0.000067463,0.000145748,0.000084588,0.000076572,0.000160221,0.000099718
main|astana_clinic_nobase|nc16|np5|br0.25|random_1_100|ms3|r300|s5,0.000064108,0.004761826,0.018895596,0.000057355,0.000102443,0.000104713,0.000056834,0.000094072,0.000100264,0.000054522,0.000129671,0.000086867
main|astana_clinic_nobase|nc16|np5|br0.25|random_1_100|ms3|r300|s6,0.000079987,0.005002172,0.019341165,0.000078217,0.000155145,0.000098011,0.000079430,0.000149391,0.000098397,0.000075809,0.000134841,0.000090631
main|astana_clinic_nobase|nc16|np5|br0.25|random_1_100|ms3|r300|s7,0.000061754,0.005016793,0.020238682,0.000092216,0.000135415,0.000117512,0.000070118,0.000131814,0.000117794,0.000073044,0.000145250,0.000117188
main|astana_clinic_nobase|nc16|np5|br0.25|random_1_100|ms3|r300|s8,0.000066650,0.004872991,0.018600319,0.000057317,0.000149449,0.000143219,0.000045875,0.000146482,0.000138594,0.000045483,0.000120357,0.000121665
main|astana_clinic_nobase|nc16|np5|br0.25|random_1_100|ms3|r300|s9,0.000061339,0.004748901,0.018556481,0.000052767,0.000099384,0.000078123,0.000048936,0.000096909,0.000072635,0.000041604,0.000082563,0.000072631
main|astana_clinic_nobase|nc16|np5|br0.25|one_heavy|ms3|r300|s0,0.000065421,0.005124836,0.019843669,0.000105698,0.000190849,0.000152963,0.000089075,0.000168810,0.000147026,0.000114355,0.000166778,0.000148118
main|astana_clinic_nobase|nc16|np5|br0.25|one_heavy|ms3|r300|s1,0.000061178,0.004569173,0.017955995,0.000045084,0.000090005,0.000076522,0.000039824,0.000083349,0.000078157,0.000046412,0.000104378,0.000068922
main|astana_clinic_nobase|nc16|np5|br0.25|one_heavy|ms3|r300|s2,0.000062870,0.004584165,0.018377419,0.000082630,0.000191003,0.000134145,0.000074192,0.000184993,0.000142006,0.000052325,0.000156749,0.000126008
main|astana_clinic_nobase|nc16|np5|br0.25|one_heavy|ms3|r300|s3,0.000101790,0.007219403,0.027853088,0.000100359,0.000187223,0.000125600,0.000066453,0.000174747,0.000127289,0.000096802,0.000164408,0.000126929
main|astana_clinic_nobase|nc16|np5|br0.25|one_heavy|ms3|r300|s4,0.000119488,0.006666442,0.018100375,0.000057621,0.000155282,0.000080046,0.000062140,0.000142594,0.000081866,0.000071863,0.000127328,0.000085209
main|astana_clinic_nobase|nc16|np5|br0.25|one_heavy|ms3|r300|s5,0.000065102,0.004641141,0.018609438,0.000047391,0.000095736,0.000090283,0.000052314,0.000100343,0.000099704,0.000053417,0.000090914,0.000091397
main|astana_clinic_nobase|nc16|np5|br0.25|one_heavy|ms3|r300|s6,0.000063079,0.004960334,0.019106823,0.000079453,0.000149317,0.000099183,0.000070766,0.000157623,0.000102492,0.000067686,0.000131088,0.000086967
main|astana_clinic_nobase|nc16|np5|br0.25|one_heavy|ms3|r300|s7,0.000060339,0.005030339,0.018986752,0.000071998,0.000140557,0.000125026,0.000072463,0.000136307,0.000116819,0.000092491,0.000135553,0.000111375
main|astana_clinic_nobase|nc16|np5|br0.25|one_heavy|ms3|r300|s8,0.000065869,0.004671701,0.018812263,0.000046743,0.000150870,0.000149360,0.000048805,0.000155177,0.000148800,0.000045619,0.000128274,0.000126419
main|astana_clinic_nobase|nc16|np5|br0.25|one_heavy|ms3|r300|s9,0.000061820,0.004692910,0.018568028,0.000049532,0.000114289,0.000071643,0.000050058,0.000102209,0.000072041,0.000040026,0.000088842,0.000069186
main|astana_clinic_nobase|nc16|np5|br0.5|uniform|ms3|r300|s0,0.000067852,0.006432713,0.020362446,0.000150001,0.000258070,0.000124832,0.000137282,0.000244592,0.000126870,0.000156772,0.000226374,0.000126704
main|astana_clinic_nobase|nc16|np5|br0.5|uniform|ms3|r300|s1,0.000077540,0.007497755,0.020580244,0.000106114,0.000196285,0.000186871,0.000086605,0.000217589,0.000180513,0.000115020,0.000195421,0.000169448
main|astana_clinic_nobase|nc16|np5|br0.5|uniform|ms3|r300|s2,0.000063502,0.005774115,0.018073238,0.000145049,0.000277982,0.000148413,0.000124093,0.000245996,0.000138290,0.000122623,0.000227281,0.000151974
main|astana_clinic_nobase|nc16|np5|br0.5|uniform|ms3|r300|s3,0.000065049,0.004859068,0.017435253,0.000057897,0.000189113,0.000153912,0.000094359,0.000171550,0.000147386,0.000091710,0.000156930,0.000131883
main|astana_clinic_nobase|nc16|np5|br0.5|uniform|ms3|r300|s4,0.000049151,0.004885492,0.016943990,0.000120087,0.000208640,0.000164343,0.000117833,0.000196999,0.000161772,0.000093896,0.000166933,0.000140226
main|astana_clinic_nobase|nc16|np5|br0.5|uniform|ms3|r300|s5,0.000050481,0.004356164,0.019811124,0.000083521,0.000248884,0.000152801,0.000081427,0.000226018,0.000147977,0.000081568,0.000209009,0.000140835
main|astana_clinic_nobase|nc16|np5|br0.5|uniform|ms3|r300|s6,0.000059981,0.005958110,0.021805799,0.000116589,0.000239508,0.000210985,0.000124582,0.000235684,0.000245051,0.000119880,0.000226255,0.000190751
main|astana_clinic_nobase|nc16|np5|br0.5|uniform|ms3|r300|s7,0.000062409,0.006825104,0.032698512,0.000288860,0.000397135,0.000398076,0.000234529,0.000365232,0.000259640,0.000093686,0.000240278,0.000248149
main|astana_clinic_nobase|nc16|np5|br0.5|uniform|ms3|r300|s8,0.000062338,0.005967021,0.021739789,0.000125669,0.000240620,0.000256128,0.000129872,0.000254969,0.000251058,0.000129498,0.000204113,0.000203297
main|astana_clinic_nobase|nc16|np5|br0.5|uniform|ms3|r300|s9,0.000068373,0.005471060,0.019991418,0.000114968,0.000226390,0.000215635,0.000112328,0.000215196,0.000172000,0.000091860,0.000182518,0.000135767
main|astana_clinic_nobase|nc16|np5|br0.5|random_1_100|ms3|r300|s0,0.000065509,0.006779885,0.023391935,0.000114043,0.000251477,0.000133571,0.000138653,0.000235036,0.000126350,0.000150628,0.000213069,0.000126038
main|astana_clinic_nobase|nc16|np5|br0.5|random_1_100|ms3|r300|s1,0.000062383,0.005489141,0.019442911,0.000085814,0.000221535,0.000175571,0.000082859,0.000219053,0.000176118,0.000120407,0.000179605,0.000172884
main|astana_clinic_nobase|nc16|np5|br0.5|random_1_100|ms3|r300|s2,0.000059671,0.005564556,0.020802490,0.000111893,0.000254871,0.000148688,0.000108607,0.000228841,0.000148501,0.000121332,0.000223350,0.000141852
main|astana_clinic_nobase|nc16|np5|br0.5|random_1_100|ms3|r300|s3,0.000061220,0.005925905,0.022299229,0.000079095,0.000238512,0.000192091,0.000111755,0.000221120,0.000185608,0.000118067,0.000204830,0.000221840
main|astana_clinic_nobase|nc16|np5|br0.5|random_1_100|ms3|r300|s4,0.000060307,0.006316340,0.023454103,0.000107527,0.000246600,0.000192480,0.000156812,0.000318594,0.000194652,0.000102724,0.000193150,0.000187492
main|astana_clinic_nobase|nc16|np5|br0.5|random_1_100|ms3|r300|s5,0.000062584,0.005422565,0.020632149,0.000091764,0.000249917,0.000188021,0.000079367,0.000222245,0.000147892,0.000090910,0.000210344,0.000147794
main|astana_clinic_nobase|nc16|np5|br0.5|random_1_100|ms3|r300|s6,0.000061433,0.006282364,0.022055581,0.000108811,0.000261234,0.000222096,0.000124214,0.000236672,0.000211647,0.000100742,0.000219195,0.000181860
main|astana_clinic_nobase|nc16|np5|br0.5|random_1_100|ms3|r300|s7,0.000068679,0.006016839,0.021725393,0.000146999,0.000265608,0.000240289,0.000136753,0.000219293,0.000223893,0.000083169,0.000226975,0.000214300
main|astana_clinic_nobase|nc16|np5|br0.5|random_1_100|ms3|r300|s8,0.000061865,0.005924163,0.021442323,0.000125060,0.000258427,0.000245607,0.000122197,0.000241803,0.000241700,0.000123183,0.000202147,0.000195689
main|astana_clinic_nobase|nc16|np5|br0.5|random_1_100|ms3|r300|s9,0.000064762,0.005386794,0.020118051,0.000125646,0.000326686,0.000227758,0.000149950,0.000282175,0.000222293,0.000108840,0.000231138,0.000188048
main|astana_clinic_nobase|nc16|np5|br0.5|one_heavy|ms3|r300|s0,0.000069186,0.006768132,0.023511013,0.000139480,0.000260365,0.000134265,0.000137647,0.000243755,0.000127438,0.000155848,0.000219678,0.000130918
main|astana_clinic_nobase|nc16|np5|br0.5|one_heavy|ms3|r300|s1,0.000065862,0.005130877,0.019490415,0.000124489,0.000237703,0.000185702,0.000085072,0.000210970,0.000188448,0.000126185,0.000206189,0.000349327
main|astana_clinic_nobase|nc16|np5|br0.5|one_heavy|ms3|r300|s2,0.000062575,0.005666425,0.020310174,0.000097085,0.000249198,0.000151908,0.000121726,0.000228175,0.000154383,0.000101628,0.000184465,0.000139056
main|astana_clinic_nobase|nc16|np5|br0.5|one_heavy|ms3|r300|s3,0.000065487,0.005856370,0.021597230,0.000104686,0.000226779,0.000211022,0.000115698,0.000238888,0.000194678,0.000121214,0.000208320,0.000169766
main|astana_clinic_nobase|nc16|np5|br0.5|one_heavy|ms3|r300|s4,0.000061843,0.006227298,0.021294539,0.000092900,0.000263435,0.000209610,0.000145684,0.000247613,0.000204764,0.000100114,0.000197370,0.000169473
main|astana_clinic_nobase|nc16|np5|br0.5|one_heavy|ms3|r300|s5,0.000062415,0.005377296,0.020648167,0.000086593,0.000233582,0.000174770,0.000081141,0.000233736,0.000152141,0.000092580,0.000181332,0.000150141
main|astana_clinic_nobase|nc16|np5|br0.5|one_heavy|ms3|r300|s6,0.000060529,0.006108454,0.022446901,0.000148003,0.000240208,0.000199556,0.000125608,0.000237696,0.000189802,0.000116994,0.000203479,0.000176106
main|astana_clinic_nobase|nc16|np5|br0.5|one_heavy|ms3|r300|s7,0.000061951,0.005802765,0.020810168,0.000142388,0.000271268,0.000292497,0.000155013,0.000271140,0.000303097,0.000117981,0.000218468,0.000200795
main|astana_clinic_nobase|nc16|np5|br0.5|one_heavy|ms3|r300|s8,0.000057195,0.005582539,0.020157003,0.000124429,0.000243316,0.000235149,0.000152163,0.000300099,0.000275855,0.000149383,0.000183671,0.000191995
main|astana_clinic_nobase|nc16|np5|br0.5|one_heavy|ms3|r300|s9,0.000060901,0.005095502,0.019549288,0.000112820,0.000233073,0.000193884,0.000105084,0.000215795,0.000165788,0.000101121,0.000217008,0.000128371
main|astana_clinic_nobase|nc16|np5|br0.75|uniform|ms3|r300|s0,0.000093729,0.007386534,0.026084225,0.000146394,0.000226044,0.000215377,0.000143728,0.000222945,0.000209936,0.000149777,0.000207382,0.000188573
main|astana_clinic_nobase|nc16|np5|br0.75|uniform|ms3|r300|s1,0.000059027,0.006426264,0.022308382,0.000171456,0.000238659,0.000220109,0.000144748,0.000239383,0.000221384,0.000155631,0.000215816,0.000216331
main|astana_clinic_nobase|nc16|np5|br0.75|uniform|ms3|r300|s2,0.000061333,0.007179335,0.032791690,0.000180315,0.000304962,0.000307624,0.000193955,0.000274009,0.000280253,0.000175586,0.000253819,0.000262834
main|astana_clinic_nobase|nc16|np5|br0.75|uniform|ms3|r300|s3,0.000088351,0.007474756,0.023639368,0.000099068,0.000221347,0.000216513,0.000137902,0.000209221,0.000196611,0.000140549,0.000189784,0.000179150
main|astana_clinic_nobase|nc16|np5|br0.75|uniform|ms3|r300|s4,0.000056087,0.006696013,0.023225897,0.000151707,0.000244215,0.000252625,0.000161141,0.000239065,0.000226454,0.000170796,0.000211656,0.000203840
main|astana_clinic_nobase|nc16|np5|br0.75|uniform|ms3|r300|s5,0.000067759,0.006764372,0.023875493,0.000119820,0.000236787,0.000248041,0.000118663,0.000235740,0.000239078,0.000123068,0.000213972,0.000212154
main|astana_clinic_nobase|nc16|np5|br0.75|uniform|ms3|r300|s6,0.000062887,0.007401922,0.027467113,0.000124447,0.000316603,0.000221229,0.000132396,0.000209619,0.000205286,0.000144314,0.000195171,0.000216982
main|astana_clinic_nobase|nc16|np5|br0.75|uniform|ms3|r300|s7,0.000060968,0.008214039,0.027068014,0.000132223,0.000212872,0.000203314,0.000144548,0.000196792,0.000203135,0.000136891,0.000200138,0.000184944
main|astana_clinic_nobase|nc16|np5|br0.75|uniform|ms3|r300|s8,0.000057352,0.007656928,0.025689306,0.000134603,0.000249886,0.000237653,0.000148986,0.000237316,0.000225297,0.000149867,0.000212241,0.000199918
main|astana_clinic_nobase|nc16|np5|br0.75|uniform|ms3|r300|s9,0.000061636,0.007077354,0.023516464,0.000144801,0.000254773,0.000240443,0.000149905,0.000236893,0.000233725,0.000132862,0.000202836,0.000186502
main|astana_clinic_nobase|nc16|np5|br0.75|random_1_100|ms3|r300|s0,0.000060852,0.007654007,0.027063556,0.000144412,0.000248894,0.000232574,0.000150065,0.000240324,0.000217777,0.000161176,0.000219410,0.000200467
main|astana_clinic_nobase|nc16|np5|br0.75|random_1_100|ms3|r300|s1,0.000069817,0.007358081,0.034157846,0.000223774,0.000372436,0.000348421,0.000230322,0.000347874,0.000349752,0.000241087,0.000343560,0.000316931
main|astana_clinic_nobase|nc16|np5|br0.75|random_1_100|ms3|r300|s2,0.000101976,0.008482702,0.023385162,0.000146643,0.000242346,0.000225440,0.000141925,0.000223155,0.000225014,0.000143658,0.000220084,0.000208907
main|astana_clinic_nobase|nc16|np5|br0.75|random_1_100|ms3|r300|s3,0.000061141,0.007126066,0.024209927,0.000123929,0.000243245,0.000237547,0.000157665,0.000219268,0.000221339,0.000152866,0.000207545,0.000207219
main|astana_clinic_nobase|nc16|np5|br0.75|random_1_100|ms3|r300|s4,0.000058860,0.007220787,0.024314575,0.000143340,0.000251132,0.000232547,0.000151806,0.000247677,0.000220619,0.000145048,0.000212991,0.000198652
main|astana_clinic_nobase|nc16|np5|br0.75|random_1_100|ms3|r300|s5,0.000061363,0.006646444,0.023223514,0.000104084,0.000217954,0.000222657,0.000101489,0.000213586,0.000198099,0.000110272,0.000196019,0.000181555
main|astana_clinic_nobase|nc16|np5|br0.75|random_1_100|ms3|r300|s6,0.000057728,0.007044750,0.022950037,0.000117186,0.000236391,0.000279329,0.000186324,0.000262456,0.000297905,0.000137555,0.000207689,0.000252367
main|astana_clinic_nobase|nc16|np5|br0.75|random_1_100|ms3|r300|s7,0.000085370,0.008214716,0.022502958,0.000136888,0.000207154,0.000216906,0.000135930,0.000204002,0.000202854,0.000135552,0.000195686,0.000190613
main|astana_clinic_nobase|nc16|np5|br0.75|random_1_100|ms3|r300|s8,0.000054581,0.006542920,0.025972107,0.000148278,0.000261621,0.000252753,0.000165877,0.000247285,0.000261279,0.000154589,0.000214662,0.000200208
main|astana_clinic_nobase|nc16|np5|br0.75|random_1_100|ms3|r300|s9,0.000061285,0.006984203,0.023654812,0.000159141,0.000246566,0.000231649,0.000153930,0.000250107,0.000231023,0.000128133,0.000209653,0.000182187
main|astana_clinic_nobase|nc16|np5|br0.75|one_heavy|ms3|r300|s0,0.000062462,0.007613169,0.027338328,0.000152355,0.000255579,0.000232747,0.000146650,0.000241176,0.000226136,0.000157158,0.000223477,0.000208893
main|astana_clinic_nobase|nc16|np5|br0.75|one_heavy|ms3|r300|s1,0.000064785,0.006826143,0.023692890,0.000149071,0.000252860,0.000244430,0.000142605,0.000252100,0.000231680,0.000157802,0.000211315,0.000230394
main|astana_clinic_nobase|nc16|np5|br0.75|one_heavy|ms3|r300|s2,0.000060925,0.007163404,0.024614310,0.000128769,0.000291867,0.000246116,0.000147567,0.000230624,0.000233134,0.000139231,0.000223749,0.000175162
main|astana_clinic_nobase|nc16|np5|br0.75|one_heavy|ms3|r300|s3,0.000064066,0.006665049,0.022145178,0.000134494,0.000227652,0.000224275,0.000128330,0.000198110,0.000198430,0.000135493,0.000190890,0.000189001
main|astana_clinic_nobase|nc16|np5|br0.75|one_heavy|ms3|r300|s4,0.000056410,0.006715184,0.024308356,0.000133218,0.000248134,0.000235957,0.000151777,0.000235113,0.000221551,0.000148692,0.000210261,0.000191773
main|astana_clinic_nobase|nc16|np5|br0.75|one_heavy|ms3|r300|s5,0.000059991,0.007007059,0.023761795,0.000128047,0.000240283,0.000247737,0.000114748,0.000213546,0.000215498,0.000150447,0.000218525,0.000175562
main|astana_clinic_nobase|nc16|np5|br0.75|one_heavy|ms3|r300|s6,0.000065082,0.007364873,0.024412877,0.000133258,0.000217445,0.000212945,0.000132448,0.000209037,0.000217790,0.000134971,0.000192841,0.000185443
main|astana_clinic_nobase|nc16|np5|br0.75|one_heavy|ms3|r300|s7,0.000055517,0.006747419,0.022574937,0.000140310,0.000213987,0.000211511,0.000137365,0.000201051,0.000202351,0.000136098,0.000201129,0.000235188
main|astana_clinic_nobase|nc16|np5|br0.75|one_heavy|ms3|r300|s8,0.000065982,0.007644809,0.025597323,0.000135477,0.000249091,0.000243159,0.000147875,0.000259184,0.000269198,0.000143219,0.000208573,0.000202117
main|astana_clinic_nobase|nc16|np5|br0.75|one_heavy|ms3|r300|s9,0.000062644,0.006896643,0.023787450,0.000157844,0.000248047,0.000237781,0.000153638,0.000237249,0.000247129,0.000137228,0.000211360,0.000179095
main|astana_clinic_nobase|nc16|np5|br1.0|uniform|ms3|r300|s0,0.000064090,0.007667446,0.027506152,0.000167351,0.000239172,0.000235811,0.000154783,0.000234168,0.000231252,0.000160047,0.000211989,0.000231658
main|astana_clinic_nobase|nc16|np5|br1.0|uniform|ms3|r300|s1,0.000065756,0.007705748,0.026112246,0.000154807,0.000248358,0.000237090,0.000164952,0.000228432,0.000226710,0.000150511,0.000216106,0.000206405
main|astana_clinic_nobase|nc16|np5|br1.0|uniform|ms3|r300|s2,0.000064771,0.007846065,0.026682455,0.000145847,0.000238344,0.000246131,0.000149075,0.000233430,0.000238031,0.000152570,0.000211565,0.000215750
main|astana_clinic_nobase|nc16|np5|br1.0|uniform|ms3|r300|s3,0.000063968,0.007850922,0.026705434,0.000155671,0.000240666,0.000239464,0.000147017,0.000218223,0.000208887,0.000154723,0.000199631,0.000200966
main|astana_clinic_nobase|nc16|np5|br1.0|uniform|ms3|r300|s4,0.000062747,0.007609266,0.026402927,0.000152009,0.000248776,0.000241716,0.000151559,0.000242087,0.000231005,0.000150960,0.000212729,0.000216171
main|astana_clinic_nobase|nc16|np5|br1.0|uniform|ms3|r300|s5,0.000061358,0.007823822,0.026841387,0.000153996,0.000249363,0.000248992,0.000148462,0.000218089,0.000220289,0.000150165,0.000208851,0.000202416
main|astana_clinic_nobase|nc16|np5|br1.0|uniform|ms3|r300|s6,0.000064060,0.007525958,0.026748825,0.000154663,0.000249584,0.000255249,0.000149042,0.000244557,0.000226539,0.000200907,0.000228887,0.000217186
main|astana_clinic_nobase|nc16|np5|br1.0|uniform|ms3|r300|s7,0.000064955,0.007543752,0.026410731,0.000145648,0.000234982,0.000219620,0.000147732,0.000212961,0.000216572,0.000157479,0.000225842,0.000212256
main|astana_clinic_nobase|nc16|np5|br1.0|uniform|ms3|r300|s8,0.000063683,0.007742105,0.026577284,0.000150537,0.000267534,0.000241231,0.000154829,0.000249039,0.000236098,0.000164556,0.000224157,0.000197430
main|astana_clinic_nobase|nc16|np5|br1.0|uniform|ms3|r300|s9,0.000063374,0.007573739,0.026448877,0.000138767,0.000252111,0.000246542,0.000140851,0.000241646,0.000228808,0.000151050,0.000205069,0.000202110
main|astana_clinic_nobase|nc16|np5|br1.0|random_1_100|ms3|r300|s0,0.000061257,0.007562391,0.026787507,0.000153995,0.000251873,0.000238193,0.000146451,0.000225129,0.000219185,0.000148295,0.000214526,0.000198258
main|astana_clinic_nobase|nc16|np5|br1.0|random_1_100|ms3|r300|s1,0.000062099,0.007521534,0.025120207,0.000149221,0.000248589,0.000227128,0.000142837,0.000226901,0.000225379,0.000142358,0.000224935,0.000208988
main|astana_clinic_nobase|nc16|np5|br1.0|random_1_100|ms3|r300|s2,0.000063437,0.007569937,0.025791120,0.000151816,0.000249608,0.000247987,0.000149523,0.000236223,0.000246399,0.000154741,0.000223883,0.000220055
main|astana_clinic_nobase|nc16|np5|br1.0|random_1_100|ms3|r300|s3,0.000062565,0.007650215,0.026182532,0.000153036,0.000249176,0.000243755,0.000148595,0.000230301,0.000226173,0.000160612,0.000211372,0.000210276
main|astana_clinic_nobase|nc16|np5|br1.0|random_1_100|ms3|r300|s4,0.000063647,0.007553259,0.027099414,0.000202328,0.000351784,0.000290488,0.000158621,0.000245339,0.000245084,0.000153801,0.000220001,0.000216061
main|astana_clinic_nobase|nc16|np5|br1.0|random_1_100|ms3|r300|s5,0.000063586,0.007708546,0.027528525,0.000183291,0.000346449,0.000273185,0.000167681,0.000211089,0.000218165,0.000154567,0.000210324,0.000209208
main|astana_clinic_nobase|nc16|np5|br1.0|random_1_100|ms3|r300|s6,0.000062826,0.007596442,0.026353772,0.000147254,0.000247357,0.000238086,0.000146518,0.000232811,0.000231428,0.000158487,0.000216978,0.000216906
main|astana_clinic_nobase|nc16|np5|br1.0|random_1_100|ms3|r300|s7,0.000060320,0.007866699,0.027767745,0.000151707,0.000243400,0.000230858,0.000146729,0.000230159,0.000227333,0.000150430,0.000232593,0.000216503
main|astana_clinic_nobase|nc16|np5|br1.0|random_1_100|ms3|r300|s8,0.000061490,0.008049461,0.026464033,0.000147491,0.000252493,0.000244498,0.000154852,0.000247050,0.000257198,0.000159111,0.000207751,0.000229834
main|astana_clinic_nobase|nc16|np5|br1.0|random_1_100|ms3|r300|s9,0.000082468,0.007771876,0.026127356,0.000141878,0.000262865,0.000234954,0.000150774,0.000224738,0.000233106,0.000153322,0.000204668,0.000187104
main|astana_clinic_nobase|nc16|np5|br1.0|one_heavy|ms3|r300|s0,0.000059363,0.007834612,0.027245286,0.000152911,0.000281079,0.000297021,0.000153332,0.000246322,0.000239302,0.000147509,0.000213959,0.000210786
main|astana_clinic_nobase|nc16|np5|br1.0|one_heavy|ms3|r300|s1,0.000061067,0.007805118,0.025684316,0.000154059,0.000253173,0.000226966,0.000157650,0.000232350,0.000230467,0.000153458,0.000218336,0.000207872
main|astana_clinic_nobase|nc16|np5|br1.0|one_heavy|ms3|r300|s2,0.000061646,0.007652982,0.027077245,0.000149536,0.000253001,0.000245397,0.000145791,0.000226577,0.000228677,0.000158028,0.000216836,0.000214881
main|astana_clinic_nobase|nc16|np5|br1.0|one_heavy|ms3|r300|s3,0.000062740,0.008144132,0.026833371,0.000148124,0.000237295,0.000239849,0.000146665,0.000232113,0.000219381,0.000153304,0.000209169,0.000191314
main|astana_clinic_nobase|nc16|np5|br1.0|one_heavy|ms3|r300|s4,0.000061884,0.007866068,0.035946017,0.000157671,0.000262126,0.000230520,0.000151540,0.000241901,0.000229296,0.000161713,0.000204354,0.000199938
main|astana_clinic_nobase|nc16|np5|br1.0|one_heavy|ms3|r300|s5,0.000064221,0.007801016,0.025969464,0.000150267,0.000250179,0.000255417,0.000153415,0.000231198,0.000229519,0.000163032,0.000224612,0.000214633
main|astana_clinic_nobase|nc16|np5|br1.0|one_heavy|ms3|r300|s6,0.000061442,0.010249938,0.026054805,0.000141092,0.000244593,0.000228674,0.000147869,0.000223302,0.000212313,0.000145291,0.000206342,0.000198399
main|astana_clinic_nobase|nc16|np5|br1.0|one_heavy|ms3|r300|s7,0.000062240,0.007344538,0.025326419,0.000137529,0.000220785,0.000225365,0.000144481,0.000217921,0.000226052,0.000144573,0.000209667,0.000203957
main|astana_clinic_nobase|nc16|np5|br1.0|one_heavy|ms3|r300|s8,0.000057337,0.007263542,0.025286667,0.000141291,0.000248601,0.000233564,0.000140631,0.000230233,0.000228593,0.000147099,0.000207705,0.000200716
main|astana_clinic_nobase|nc16|np5|br1.0|one_heavy|ms3|r300|s9,0.000066146,0.007247200,0.024242790,0.000150040,0.000234677,0.000218528,0.000139629,0.000218788,0.000211249,0.000135712,0.000199330,0.000185300
main|astana_clinic_nobase|nc16|np15|br0.25|uniform|ms3|r300|s0,0.000170040,0.005048983,0.019044328,0.000119580,0.000237931,0.000202766,0.000120709,0.000220368,0.000192762,0.000145186,0.000200980,0.000182953
main|astana_clinic_nobase|nc16|np15|br0.25|uniform|ms3|r300|s1,0.000156516,0.004276861,0.017005819,0.000053515,0.000105808,0.000088935,0.000046949,0.000114461,0.000086529,0.000047472,0.000109071,0.000090385
main|astana_clinic_nobase|nc16|np15|br0.25|uniform|ms3|r300|s2,0.000176108,0.004357376,0.017905150,0.000095056,0.000207521,0.000189159,0.000100161,0.000175115,0.000146567,0.000063747,0.000198446,0.000168695
main|astana_clinic_nobase|nc16|np15|br0.25|uniform|ms3|r300|s3,0.000268457,0.006586714,0.017455684,0.000053921,0.000155014,0.000111095,0.000055749,0.000162290,0.000112770,0.000081196,0.000149747,0.000102942
main|astana_clinic_nobase|nc16|np15|br0.25|uniform|ms3|r300|s4,0.000152798,0.004239552,0.018820518,0.000074511,0.000190974,0.000111141,0.000071696,0.000182404,0.000110049,0.000088645,0.000171672,0.000109785
main|astana_clinic_nobase|nc16|np15|br0.25|uniform|ms3|r300|s5,0.000166766,0.004690958,0.019704476,0.000120078,0.000180699,0.000184294,0.000113616,0.000134667,0.000123827,0.000057059,0.000126834,0.000126137
main|astana_clinic_nobase|nc16|np15|br0.25|uniform|ms3|r300|s6,0.000167175,0.005160917,0.019698266,0.000105358,0.000200640,0.000132129,0.000073780,0.000193796,0.000127398,0.000089664,0.000168725,0.000128500
main|astana_clinic_nobase|nc16|np15|br0.25|uniform|ms3|r300|s7,0.000162899,0.005112493,0.020348534,0.000109539,0.000181499,0.000160767,0.000112049,0.000199497,0.000147702,0.000128277,0.000180984,0.000154931
main|astana_clinic_nobase|nc16|np15|br0.25|uniform|ms3|r300|s8,0.000167673,0.004808657,0.019508321,0.000063434,0.000209408,0.000192740,0.000095282,0.000180108,0.000176221,0.000098854,0.000173894,0.000170207
main|astana_clinic_nobase|nc16|np15|br0.25|uniform|ms3|r300|s9,0.000176359,0.004913660,0.018866472,0.000063211,0.000125454,0.000094874,0.000069715,0.000125862,0.000095501,0.000067408,0.000118330,0.000095942
main|astana_clinic_nobase|nc16|np15|br0.25|random_1_100|ms3|r300|s0,0.000164871,0.005279406,0.020100303,0.000092880,0.000231172,0.000212722,0.000127731,0.000234377,0.000202885,0.000222002,0.000331965,0.000294900
main|astana_clinic_nobase|nc16|np15|br0.25|random_1_100|ms3|r300|s1,0.000261250,0.007769481,0.030799641,0.000086220,0.000169856,0.000154971,0.000075968,0.000208690,0.000145520,0.000076899,0.000185348,0.000158745
main|astana_clinic_nobase|nc16|np15|br0.25|random_1_100|ms3|r300|s2,0.000280947,0.007894025,0.031594364,0.000105420,0.000226155,0.000172280,0.000103989,0.000211431,0.000174978,0.000091120,0.000226988,0.000152111
main|astana_clinic_nobase|nc16|np15|br0.25|random_1_100|ms3|r300|s3,0.000290781,0.004876236,0.020857883,0.000062195,0.000160824,0.000108297,0.000059465,0.000160733,0.000108740,0.000060758,0.000151798,0.000112799
main|astana_clinic_nobase|nc16|np15|br0.25|random_1_100|ms3|r300|s4,0.000183697,0.004760071,0.019487339,0.000105439,0.000189660,0.000107783,0.000073976,0.000189608,0.000109577,0.000091492,0.000174582,0.000136221
main|astana_clinic_nobase|nc16|np15|br0.25|random_1_100|ms3|r300|s5,0.000158274,0.004921568,0.019389581,0.000092816,0.000194820,0.000182304,0.000120849,0.000174832,0.000182874,0.000082604,0.000174512,0.000182371
main|astana_clinic_nobase|nc16|np15|br0.25|random_1_100|ms3|r300|s6,0.000252883,0.008241266,0.021096037,0.000102703,0.000212964,0.000135807,0.000060513,0.000195453,0.000123626,0.000081553,0.000173130,0.000125485
main|astana_clinic_nobase|nc16|np15|br0.25|random_1_100|ms3|r300|s7,0.000167829,0.005221984,0.018731423,0.000088673,0.000175951,0.000152273,0.000101654,0.000160973,0.000140512,0.000087237,0.000173811,0.000147543
main|astana_clinic_nobase|nc16|np15|br0.25|random_1_100|ms3|r300|s8,0.000178961,0.004600404,0.018324294,0.000059197,0.000186143,0.000185086,0.000103351,0.000169671,0.000169427,0.000088475,0.000170957,0.000159418
main|astana_clinic_nobase|nc16|np15|br0.25|random_1_100|ms3|r300|s9,0.000151635,0.004568646,0.020165210,0.000073131,0.000128250,0.000095367,0.000062535,0.000126568,0.000093238,0.000059270,0.000109277,0.000095155
main|astana_clinic_nobase|nc16|np15|br0.25|one_heavy|ms3|r300|s0,0.000157369,0.005209426,0.019818368,0.000138691,0.000228715,0.000202834,0.000125851,0.000221662,0.000256592,0.000178752,0.000268585,0.000281436
main|astana_clinic_nobase|nc16|np15|br0.25|one_heavy|ms3|r300|s1,0.000276435,0.004560297,0.017779856,0.000061646,0.000110387,0.000092830,0.000050405,0.000110142,0.000096717,0.000060117,0.000112327,0.000093042
main|astana_clinic_nobase|nc16|np15|br0.25|one_heavy|ms3|r300|s2,0.000179628,0.004574150,0.018926185,0.000072883,0.000146286,0.000128715,0.000072025,0.000143780,0.000129964,0.000053232,0.000151583,0.000121926
main|astana_clinic_nobase|nc16|np15|br0.25|one_heavy|ms3|r300|s3,0.000277802,0.004834807,0.019009658,0.000094002,0.000172937,0.000108296,0.000056849,0.000163736,0.000115447,0.000091112,0.000151221,0.000110017
main|astana_clinic_nobase|nc16|np15|br0.25|one_heavy|ms3|r300|s4,0.000161190,0.004581406,0.018368785,0.000077389,0.000190206,0.000108299,0.000071188,0.000188484,0.000106920,0.000081057,0.000165880,0.000106475
main|astana_clinic_nobase|nc16|np15|br0.25|one_heavy|ms3|r300|s5,0.000157653,0.004497338,0.018043126,0.000059421,0.000131253,0.000122521,0.000080031,0.000125385,0.000127349,0.000059680,0.000122906,0.000131577
main|astana_clinic_nobase|nc16|np15|br0.25|one_heavy|ms3|r300|s6,0.000170420,0.005257361,0.019498177,0.000098447,0.000184099,0.000124313,0.000058490,0.000186595,0.000117423,0.000078148,0.000176812,0.000117951
main|astana_clinic_nobase|nc16|np15|br0.25|one_heavy|ms3|r300|s7,0.000167495,0.004872637,0.019060976,0.000096352,0.000180281,0.000155909,0.000104788,0.000172594,0.000158143,0.000093549,0.000182026,0.000151365
main|astana_clinic_nobase|nc16|np15|br0.25|one_heavy|ms3|r300|s8,0.000193220,0.004956172,0.019013680,0.000061266,0.000192430,0.000196474,0.000095885,0.000174145,0.000170370,0.000060850,0.000177998,0.000164367
main|astana_clinic_nobase|nc16|np15|br0.25|one_heavy|ms3|r300|s9,0.000159494,0.004916061,0.019523474,0.000063156,0.000125535,0.000093006,0.000067956,0.000130982,0.000091341,0.000065796,0.000120617,0.000094075
main|astana_clinic_nobase|nc16|np15|br0.5|uniform|ms3|r300|s0,0.000167628,0.007427750,0.026076473,0.000217525,0.000318879,0.000165424,0.000195429,0.000312627,0.000159872,0.000196246,0.000287709,0.000176277
main|astana_clinic_nobase|nc16|np15|br0.5|uniform|ms3|r300|s1,0.000170331,0.005308174,0.020853354,0.000132990,0.000300591,0.000250496,0.000129623,0.000267269,0.000234054,0.000156888,0.000260592,0.000237547
main|astana_clinic_nobase|nc16|np15|br0.5|uniform|ms3|r300|s2,0.000202950,0.005976185,0.021966289,0.000183692,0.000320180,0.000194362,0.000168316,0.000301423,0.000221316,0.000153201,0.000317903,0.000181696
main|astana_clinic_nobase|nc16|np15|br0.5|uniform|ms3|r300|s3,0.000191150,0.006528877,0.022855856,0.000165352,0.000296641,0.000251502,0.000173162,0.000321515,0.000251312,0.000168285,0.000297710,0.000246006
main|astana_clinic_nobase|nc16|np15|br0.5|uniform|ms3|r300|s4,0.000169917,0.006576420,0.022698610,0.000142349,0.000319412,0.000273909,0.000176478,0.000308239,0.000268974,0.000124762,0.000290510,0.000251238
main|astana_clinic_nobase|nc16|np15|br0.5|uniform|ms3|r300|s5,0.000163916,0.005712745,0.021067522,0.000169757,0.000327954,0.000203013,0.000151934,0.000307894,0.000207329,0.000133093,0.000317748,0.000204670
main|astana_clinic_nobase|nc16|np15|br0.5|uniform|ms3|r300|s6,0.000272027,0.006813424,0.038176007,0.000143878,0.000395406,0.000395553,0.000220209,0.000456306,0.000325243,0.000219932,0.000380596,0.000380809
main|astana_clinic_nobase|nc16|np15|br0.5|uniform|ms3|r300|s7,0.000279793,0.009324653,0.035110289,0.000161260,0.000462793,0.000454122,0.000172912,0.000435193,0.000409259,0.000164759,0.000397790,0.000426072
main|astana_clinic_nobase|nc16|np15|br0.5|uniform|ms3|r300|s8,0.000274765,0.010233922,0.036647816,0.000216812,0.000505322,0.000490380,0.000265844,0.000440826,0.000434349,0.000206478,0.000461256,0.000333378
main|astana_clinic_nobase|nc16|np15|br0.5|uniform|ms3|r300|s9,0.000161224,0.005678737,0.021035171,0.000151435,0.000299606,0.000271350,0.000185563,0.000375385,0.000301296,0.000212568,0.000454666,0.000307238
main|astana_clinic_nobase|nc16|np15|br0.5|random_1_100|ms3|r300|s0,0.000273571,0.011130087,0.025883856,0.000185699,0.000332874,0.000164386,0.000201016,0.000314231,0.000171670,0.000203034,0.000283755,0.000169974
main|astana_clinic_nobase|nc16|np15|br0.5|random_1_100|ms3|r300|s1,0.000183771,0.005359803,0.020837630,0.000154262,0.000310679,0.000269324,0.000151775,0.000357610,0.000259957,0.000151437,0.000286850,0.000273557
main|astana_clinic_nobase|nc16|np15|br0.5|random_1_100|ms3|r300|s2,0.000168749,0.006103490,0.021234378,0.000202479,0.000344069,0.000205873,0.000173040,0.000357533,0.000246829,0.000191618,0.000398291,0.000270126
main|astana_clinic_nobase|nc16|np15|br0.5|random_1_100|ms3|r300|s3,0.000231070,0.007122879,0.022881442,0.000170056,0.000371558,0.000336502,0.000221797,0.000385822,0.000247630,0.000161433,0.000305633,0.000240220
main|astana_clinic_nobase|nc16|np15|br0.5|random_1_100|ms3|r300|s4,0.000164965,0.006381547,0.022459299,0.000159773,0.000310062,0.000271806,0.000173673,0.000304082,0.000253419,0.000113702,0.000293502,0.000232476
main|astana_clinic_nobase|nc16|np15|br0.5|random_1_100|ms3|r300|s5,0.000166121,0.005436924,0.020754044,0.000124733,0.000322021,0.000213796,0.000147607,0.000296274,0.000199479,0.000104798,0.000296047,0.000198735
main|astana_clinic_nobase|nc16|np15|br0.5|random_1_100|ms3|r300|s6,0.000178141,0.006371684,0.022704025,0.000126251,0.000326282,0.000307561,0.000149904,0.000313189,0.000258245,0.000191080,0.000299852,0.000281812
main|astana_clinic_nobase|nc16|np15|br0.5|random_1_100|ms3|r300|s7,0.000155359,0.006302675,0.022588916,0.000119694,0.000315689,0.000307504,0.000115628,0.000332735,0.000278384,0.000109187,0.000333149,0.000287771
main|astana_clinic_nobase|nc16|np15|br0.5|random_1_100|ms3|r300|s8,0.000163404,0.006558465,0.023334516,0.000156017,0.000424079,0.000427529,0.000224638,0.000396360,0.000387512,0.000152765,0.000396923,0.000383664
main|astana_clinic_nobase|nc16|np15|br0.5|random_1_100|ms3|r300|s9,0.000240062,0.008584303,0.019740382,0.000163378,0.000278814,0.000213268,0.000138462,0.000276353,0.000209464,0.000138003,0.000272159,0.000321827
main|astana_clinic_nobase|nc16|np15|br0.5|one_heavy|ms3|r300|s0,0.000210467,0.007634354,0.025395266,0.000176950,0.000322475,0.000160180,0.000176490,0.000336618,0.000266972,0.000268946,0.000407240,0.000187707
main|astana_clinic_nobase|nc16|np15|br0.5|one_heavy|ms3|r300|s1,0.000176686,0.005550470,0.020031456,0.000160817,0.000304311,0.000238153,0.000135091,0.000285698,0.000316936,0.000153838,0.000289233,0.000248749
main|astana_clinic_nobase|nc16|np15|br0.5|one_heavy|ms3|r300|s2,0.000165900,0.006105948,0.020356759,0.000127472,0.000324245,0.000193624,0.000171321,0.000309732,0.000192930,0.000132630,0.000253774,0.000188769
main|astana_clinic_nobase|nc16|np15|br0.5|one_heavy|ms3|r300|s3,0.000166301,0.006283165,0.022374149,0.000189807,0.000343551,0.000260151,0.000166576,0.000319035,0.000247399,0.000161500,0.000297909,0.000243163
main|astana_clinic_nobase|nc16|np15|br0.5|one_heavy|ms3|r300|s4,0.000161959,0.006365345,0.022633586,0.000120376,0.000398534,0.000314543,0.000183247,0.000296398,0.000262634,0.000122020,0.000289400,0.000226685
main|astana_clinic_nobase|nc16|np15|br0.5|one_heavy|ms3|r300|s5,0.000154233,0.005442343,0.020430338,0.000107700,0.000308263,0.000203632,0.000204277,0.000299890,0.000199736,0.000108701,0.000241151,0.000198068
main|astana_clinic_nobase|nc16|np15|br0.5|one_heavy|ms3|r300|s6,0.000163656,0.006554363,0.022616388,0.000198025,0.000305697,0.000280985,0.000154449,0.000302130,0.000256095,0.000173764,0.000326699,0.000269095
main|astana_clinic_nobase|nc16|np15|br0.5|one_heavy|ms3|r300|s7,0.000152524,0.006170637,0.022356374,0.000160307,0.000311352,0.000308138,0.000113520,0.000292601,0.000274599,0.000148394,0.000297434,0.000276239
main|astana_clinic_nobase|nc16|np15|br0.5|one_heavy|ms3|r300|s8,0.000151236,0.006022126,0.021581462,0.000153090,0.000310947,0.000320097,0.000174694,0.000330132,0.000292122,0.000165477,0.000289541,0.000299275
main|astana_clinic_nobase|nc16|np15|br0.5|one_heavy|ms3|r300|s9,0.000160533,0.005679431,0.021490982,0.000233843,0.000437273,0.000326095,0.000235001,0.000366653,0.000298306,0.000228536,0.000383899,0.000281597
main|astana_clinic_nobase|nc16|np15|br0.75|uniform|ms3|r300|s0,0.000242569,0.008740770,0.028024172,0.000207245,0.000332735,0.000307323,0.000202456,0.000361269,0.000340833,0.000207672,0.000314004,0.000348538
main|astana_clinic_nobase|nc16|np15|br0.75|uniform|ms3|r300|s1,0.000190010,0.007484955,0.023571815,0.000201430,0.000313110,0.000296370,0.000153995,0.000297965,0.000283146,0.000199798,0.000303342,0.000278851
main|astana_clinic_nobase|nc16|np15|br0.75|uniform|ms3|r300|s2,0.000159176,0.007238065,0.023848830,0.000195783,0.000314598,0.000299302,0.000187459,0.000295374,0.000270591,0.000194996,0.000286093,0.000273559
main|astana_clinic_nobase|nc16|np15|br0.75|uniform|ms3|r300|s3,0.000158183,0.007502580,0.024311638,0.000190198,0.000294769,0.000284768,0.000191732,0.000296382,0.000282576,0.000184317,0.000278228,0.000276505
main|astana_clinic_nobase|nc16|np15|br0.75|uniform|ms3|r300|s4,0.000155772,0.007627167,0.024924275,0.000187222,0.000306784,0.000301728,0.000184476,0.000293012,0.000280563,0.000186864,0.000279331,0.000269796
main|astana_clinic_nobase|nc16|np15|br0.75|uniform|ms3|r300|s5,0.000153948,0.007005316,0.024218038,0.000199601,0.000354283,0.000336201,0.000204737,0.000323998,0.000301688,0.000175640,0.000291551,0.000300200
main|astana_clinic_nobase|nc16|np15|br0.75|uniform|ms3|r300|s6,0.000160485,0.007886037,0.025701121,0.000188069,0.000362987,0.000348962,0.000188331,0.000312356,0.000284203,0.000199085,0.000287833,0.000288811
main|astana_clinic_nobase|nc16|np15|br0.75|uniform|ms3|r300|s7,0.000169011,0.007650043,0.024906733,0.000201133,0.000303218,0.000291517,0.000178301,0.000277923,0.000265708,0.000185386,0.000280427,0.000279305
main|astana_clinic_nobase|nc16|np15|br0.75|uniform|ms3|r300|s8,0.000146713,0.007510308,0.025833509,0.000182660,0.000301183,0.000301889,0.000188087,0.000295892,0.000273231,0.000186146,0.000287303,0.000298914
main|astana_clinic_nobase|nc16|np15|br0.75|uniform|ms3|r300|s9,0.000150476,0.006726943,0.023433095,0.000194423,0.000307546,0.000302967,0.000186578,0.000286975,0.000285645,0.000197391,0.000286231,0.000280312
main|astana_clinic_nobase|nc16|np15|br0.75|random_1_100|ms3|r300|s0,0.000151237,0.007757571,0.025694155,0.000187206,0.000296855,0.000295139,0.000176601,0.000283047,0.000288823,0.000190924,0.000265838,0.000277472
main|astana_clinic_nobase|nc16|np15|br0.75|random_1_100|ms3|r300|s1,0.000144031,0.006521216,0.023324159,0.000208401,0.000332784,0.000326432,0.000162770,0.000311499,0.000285550,0.000213627,0.000306470,0.000298894
main|astana_clinic_nobase|nc16|np15|br0.75|random_1_100|ms3|r300|s2,0.000169083,0.007567768,0.025448555,0.000217417,0.000334481,0.000316100,0.000202650,0.000326325,0.000293437,0.000208908,0.000308531,0.000297829
main|astana_clinic_nobase|nc16|np15|br0.75|random_1_100|ms3|r300|s3,0.000161582,0.007929838,0.026263324,0.000199938,0.000323568,0.000303338,0.000208178,0.000301053,0.000304233,0.000204556,0.000294045,0.000288194
main|astana_clinic_nobase|nc16|np15|br0.75|random_1_100|ms3|r300|s4,0.000157782,0.008263765,0.029067728,0.000217160,0.000348819,0.000319611,0.000196409,0.000299602,0.000300402,0.000195573,0.000288516,0.000285125
main|astana_clinic_nobase|nc16|np15|br0.75|random_1_100|ms3|r300|s5,0.000180302,0.007810388,0.026615250,0.000215870,0.000323158,0.000312417,0.000191740,0.000308101,0.000349215,0.000219792,0.000413658,0.000307992
main|astana_clinic_nobase|nc16|np15|br0.75|random_1_100|ms3|r300|s6,0.000160052,0.007727746,0.026579140,0.000197506,0.000318213,0.000329467,0.000196913,0.000305018,0.000293685,0.000207847,0.000321377,0.000300201
main|astana_clinic_nobase|nc16|np15|br0.75|random_1_100|ms3|r300|s7,0.000173518,0.008097373,0.028078542,0.000209968,0.000367400,0.000352209,0.000200764,0.000336977,0.000284216,0.000161746,0.000322619,0.000338863
main|astana_clinic_nobase|nc16|np15|br0.75|random_1_100|ms3|r300|s8,0.000156899,0.007819602,0.026330025,0.000191096,0.000326681,0.000338839,0.000207036,0.000322438,0.000320294,0.000204285,0.000323783,0.000318549
main|astana_clinic_nobase|nc16|np15|br0.75|random_1_100|ms3|r300|s9,0.000164119,0.007371003,0.024922519,0.000290168,0.000419679,0.000435730,0.000279380,0.000403781,0.000458520,0.000271630,0.000405955,0.000411952
main|astana_clinic_nobase|nc16|np15|br0.75|one_heavy|ms3|r300|s0,0.000276923,0.011988635,0.041164375,0.000246679,0.000401160,0.000368036,0.000242469,0.000366677,0.000359380,0.000245757,0.000360939,0.000379139
main|astana_clinic_nobase|nc16|np15|br0.75|one_heavy|ms3|r300|s1,0.000224899,0.007786292,0.023616929,0.000188186,0.000309101,0.000294729,0.000161153,0.000294592,0.000272139,0.000189306,0.000289986,0.000284727
main|astana_clinic_nobase|nc16|np15|br0.75|one_heavy|ms3|r300|s2,0.000162846,0.007136519,0.024572423,0.000194342,0.000320418,0.000289180,0.000193266,0.000292317,0.000275428,0.000178898,0.000293306,0.000226939
main|astana_clinic_nobase|nc16|np15|br0.75|one_heavy|ms3|r300|s3,0.000155949,0.007219198,0.026498048,0.000204513,0.000352657,0.000322689,0.000202783,0.000340361,0.000304340,0.000205297,0.000316600,0.000298917
main|astana_clinic_nobase|nc16|np15|br0.75|one_heavy|ms3|r300|s4,0.000161199,0.008213147,0.027400802,0.000178174,0.000326024,0.000320459,0.000205725,0.000336034,0.000326825,0.000215266,0.000349096,0.000324888
main|astana_clinic_nobase|nc16|np15|br0.75|one_heavy|ms3|r300|s5,0.000182347,0.007630185,0.025896444,0.000191901,0.000344476,0.000380817,0.000214849,0.000316513,0.000318548,0.000194956,0.000325956,0.000296476
main|astana_clinic_nobase|nc16|np15|br0.75|one_heavy|ms3|r300|s6,0.000178952,0.008490419,0.026971242,0.000202487,0.000349999,0.000346466,0.000195839,0.000313096,0.000293979,0.000195905,0.000385413,0.000309048
main|astana_clinic_nobase|nc16|np15|br0.75|one_heavy|ms3|r300|s7,0.000166940,0.007866748,0.025726774,0.000221432,0.000330018,0.000318117,0.000195706,0.000289819,0.000303878,0.000200092,0.000303072,0.000297066
main|astana_clinic_nobase|nc16|np15|br0.75|one_heavy|ms3|r300|s8,0.000174362,0.007832084,0.026298457,0.000194772,0.000309004,0.000331317,0.000193787,0.000303997,0.000299257,0.000188349,0.000321935,0.000307634
main|astana_clinic_nobase|nc16|np15|br0.75|one_heavy|ms3|r300|s9,0.000170008,0.006904746,0.023624493,0.000201673,0.000304224,0.000299875,0.000190239,0.000293148,0.000296428,0.000197868,0.000297729,0.000286603
main|astana_clinic_nobase|nc16|np15|br1.0|uniform|ms3|r300|s0,0.000159932,0.007863242,0.028483316,0.000194573,0.000338316,0.000301650,0.000189686,0.000287527,0.000302465,0.000216337,0.000277893,0.000287779
main|astana_clinic_nobase|nc16|np15|br1.0|uniform|ms3|r300|s1,0.000152386,0.007750130,0.025743121,0.000213272,0.000291964,0.000292908,0.000194593,0.000299736,0.000266215,0.000215169,0.000290085,0.000286861
main|astana_clinic_nobase|nc16|np15|br1.0|uniform|ms3|r300|s2,0.000157272,0.007779606,0.025980270,0.000197895,0.000284865,0.000300758,0.000193040,0.000287527,0.000294066,0.000189527,0.000293738,0.000278431
main|astana_clinic_nobase|nc16|np15|br1.0|uniform|ms3|r300|s3,0.000163887,0.007717929,0.025903095,0.000199512,0.000315565,0.000314432,0.000190198,0.000303025,0.000288033,0.000197014,0.000297765,0.000290837
main|astana_clinic_nobase|nc16|np15|br1.0|uniform|ms3|r300|s4,0.000155266,0.007676602,0.026259506,0.000204274,0.000317720,0.000308610,0.000202133,0.000298505,0.000279021,0.000187068,0.000301503,0.000279112
main|astana_clinic_nobase|nc16|np15|br1.0|uniform|ms3|r300|s5,0.000159443,0.007806672,0.025276345,0.000190482,0.000305256,0.000309714,0.000201019,0.000287419,0.000283533,0.000201441,0.000288606,0.000295369
main|astana_clinic_nobase|nc16|np15|br1.0|uniform|ms3|r300|s6,0.000157960,0.007728284,0.026403027,0.000195109,0.000309757,0.000300220,0.000192313,0.000299015,0.000275973,0.000196096,0.000294886,0.000295104
main|astana_clinic_nobase|nc16|np15|br1.0|uniform|ms3|r300|s7,0.000160194,0.007702363,0.025850098,0.000194439,0.000310908,0.000314084,0.000195036,0.000306448,0.000277499,0.000198869,0.000298027,0.000294062
main|astana_clinic_nobase|nc16|np15|br1.0|uniform|ms3|r300|s8,0.000154604,0.007687769,0.026279182,0.000194969,0.000301633,0.000290864,0.000199334,0.000296113,0.000297922,0.000196786,0.000289847,0.000290009
main|astana_clinic_nobase|nc16|np15|br1.0|uniform|ms3|r300|s9,0.000157988,0.007702344,0.030545659,0.000274700,0.000507641,0.000486781,0.000275135,0.000384039,0.000388417,0.000270761,0.000385976,0.000401341
main|astana_clinic_nobase|nc16|np15|br1.0|random_1_100|ms3|r300|s0,0.000236395,0.012459169,0.035884848,0.000207452,0.000330374,0.000320799,0.000200096,0.000324914,0.000320154,0.000203536,0.000288609,0.000300827
main|astana_clinic_nobase|nc16|np15|br1.0|random_1_100|ms3|r300|s1,0.000164810,0.009114433,0.029545634,0.000202915,0.000362934,0.000324399,0.000204986,0.000314130,0.000296677,0.000204205,0.000347080,0.000325386
main|astana_clinic_nobase|nc16|np15|br1.0|random_1_100|ms3|r300|s2,0.000171490,0.008225328,0.026784349,0.000203318,0.000297931,0.000330033,0.000189141,0.000300729,0.000296631,0.000190817,0.000321768,0.000293109
main|astana_clinic_nobase|nc16|np15|br1.0|random_1_100|ms3|r300|s3,0.000156939,0.007991290,0.029696637,0.000223030,0.000416015,0.000349404,0.000224045,0.000372560,0.000341606,0.000206277,0.000296826,0.000330957
main|astana_clinic_nobase|nc16|np15|br1.0|random_1_100|ms3|r300|s4,0.000178313,0.009145789,0.029056817,0.000212827,0.000329660,0.000318578,0.000198390,0.000312705,0.000331724,0.000214118,0.000299064,0.000291884
main|astana_clinic_nobase|nc16|np15|br1.0|random_1_100|ms3|r300|s5,0.000167095,0.008792373,0.027474675,0.000203985,0.000322915,0.000322397,0.000202661,0.000300906,0.000321433,0.000205544,0.000314315,0.000304093
main|astana_clinic_nobase|nc16|np15|br1.0|random_1_100|ms3|r300|s6,0.000163779,0.007686915,0.025808531,0.000198983,0.000305034,0.000297374,0.000195133,0.000302105,0.000279779,0.000181678,0.000275785,0.000283888
main|astana_clinic_nobase|nc16|np15|br1.0|random_1_100|ms3|r300|s7,0.000168224,0.011654976,0.026953325,0.000203837,0.000316412,0.000310138,0.000190904,0.000317060,0.000276010,0.000199654,0.000306320,0.000301269
main|astana_clinic_nobase|nc16|np15|br1.0|random_1_100|ms3|r300|s8,0.000158284,0.007751211,0.026790785,0.000301734,0.000485893,0.000450610,0.000304058,0.000523305,0.000492321,0.000347693,0.000445579,0.000424270
main|astana_clinic_nobase|nc16|np15|br1.0|random_1_100|ms3|r300|s9,0.000288892,0.013604971,0.026994952,0.000215802,0.000330650,0.000322259,0.000199101,0.000309182,0.000305286,0.000199278,0.000302172,0.000299273
main|astana_clinic_nobase|nc16|np15|br1.0|one_heavy|ms3|r300|s0,0.000174773,0.008175549,0.029190497,0.000216040,0.000334009,0.000369850,0.000242393,0.000396772,0.000393647,0.000220764,0.000291511,0.000297776
main|astana_clinic_nobase|nc16|np15|br1.0|one_heavy|ms3|r300|s1,0.000165667,0.007977817,0.027701330,0.000201029,0.000328649,0.000325226,0.000199166,0.000299424,0.000292978,0.000207528,0.000314764,0.000308578
main|astana_clinic_nobase|nc16|np15|br1.0|one_heavy|ms3|r300|s2,0.000163385,0.008205488,0.027317240,0.000204043,0.000322731,0.000319214,0.000205573,0.000314407,0.000308069,0.000198595,0.000292838,0.000292914
main|astana_clinic_nobase|nc16|np15|br1.0|one_heavy|ms3|r300|s3,0.000159142,0.007811928,0.026663014,0.000194712,0.000297790,0.000302897,0.000188692,0.000280713,0.000285607,0.000200220,0.000293834,0.000276795
main|astana_clinic_nobase|nc16|np15|br1.0|one_heavy|ms3|r300|s4,0.000159561,0.007940544,0.026631660,0.000201724,0.000379594,0.000313100,0.000193421,0.000302851,0.000302832,0.000202932,0.000290664,0.000281797
main|astana_clinic_nobase|nc16|np15|br1.0|one_heavy|ms3|r300|s5,0.000179414,0.007944628,0.026225820,0.000214290,0.000327322,0.000325023,0.000213069,0.000291537,0.000320868,0.000203979,0.000293491,0.000290307
main|astana_clinic_nobase|nc16|np15|br1.0|one_heavy|ms3|r300|s6,0.000162872,0.008032425,0.027124990,0.000218049,0.000348465,0.000361055,0.000201669,0.000303840,0.000286015,0.000194794,0.000299252,0.000294213
main|astana_clinic_nobase|nc16|np15|br1.0|one_heavy|ms3|r300|s7,0.000163417,0.008077960,0.026362423,0.000203003,0.000331116,0.000320600,0.000197162,0.000335531,0.000301650,0.000196434,0.000280805,0.000286936
main|astana_clinic_nobase|nc16|np15|br1.0|one_heavy|ms3|r300|s8,0.000152533,0.007611198,0.028209648,0.000288289,0.000470083,0.000410410,0.000277764,0.000409885,0.000434459,0.000274993,0.000414226,0.000399784
main|astana_clinic_nobase|nc16|np15|br1.0|one_heavy|ms3|r300|s9,0.000258295,0.008100609,0.024553811,0.000211067,0.000313612,0.000383759,0.000242656,0.000328381,0.000308257,0.000209834,0.000308525,0.000340456
main|astana_clinic_nobase|nc16|np25|br0.25|uniform|ms3|r300|s0,0.000287677,0.005690769,0.021078687,0.000158312,0.000285921,0.000244456,0.000136855,0.000268241,0.000233493,0.000183685,0.000260558,0.000252146
main|astana_clinic_nobase|nc16|np25|br0.25|uniform|ms3|r300|s1,0.000289825,0.004581088,0.018357541,0.000061438,0.000144680,0.000116985,0.000067808,0.000152840,0.000109394,0.000062075,0.000143268,0.000115035
main|astana_clinic_nobase|nc16|np25|br0.25|uniform|ms3|r300|s2,0.000267193,0.004710590,0.018126939,0.000086550,0.000179552,0.000169291,0.000079891,0.000167260,0.000144870,0.000081281,0.000172569,0.000138876
main|astana_clinic_nobase|nc16|np25|br0.25|uniform|ms3|r300|s3,0.000283338,0.004814884,0.018617551,0.000071957,0.000185389,0.000133373,0.000075072,0.000194155,0.000129965,0.000072014,0.000200599,0.000136520
main|astana_clinic_nobase|nc16|np25|br0.25|uniform|ms3|r300|s4,0.000263607,0.004507445,0.018847267,0.000071276,0.000240464,0.000131412,0.000092677,0.000218470,0.000133748,0.000075314,0.000215607,0.000131519
main|astana_clinic_nobase|nc16|np25|br0.25|uniform|ms3|r300|s5,0.000265378,0.004755356,0.018887438,0.000097812,0.000161652,0.000164680,0.000102505,0.000151148,0.000154966,0.000096313,0.000148696,0.000164609
main|astana_clinic_nobase|nc16|np25|br0.25|uniform|ms3|r300|s6,0.000289985,0.004969901,0.019144132,0.000126431,0.000287391,0.000196117,0.000132292,0.000325835,0.000225968,0.000093588,0.000274858,0.000207336
main|astana_clinic_nobase|nc16|np25|br0.25|uniform|ms3|r300|s7,0.000433695,0.007091189,0.031219675,0.000154918,0.000336180,0.000254709,0.000189869,0.000310088,0.000260031,0.000173395,0.000305169,0.000303269
main|astana_clinic_nobase|nc16|np25|br0.25|uniform|ms3|r300|s8,0.000441846,0.004974724,0.019110772,0.000072534,0.000220465,0.000211109,0.000113391,0.000221344,0.000218785,0.000065548,0.000203183,0.000188274
main|astana_clinic_nobase|nc16|np25|br0.25|uniform|ms3|r300|s9,0.000290606,0.004362926,0.017763353,0.000078034,0.000173486,0.000120178,0.000075448,0.000156854,0.000113630,0.000061734,0.000150991,0.000116409
main|astana_clinic_nobase|nc16|np25|br0.25|random_1_100|ms3|r300|s0,0.000298869,0.005780228,0.022997888,0.000155832,0.000407872,0.000332408,0.000196275,0.000374459,0.000324432,0.000253335,0.000362640,0.000321882
main|astana_clinic_nobase|nc16|np25|br0.25|random_1_100|ms3|r300|s1,0.000436086,0.006202767,0.023366953,0.000080451,0.000168993,0.000149717,0.000079656,0.000177105,0.000149663,0.000080622,0.000182082,0.000154718
main|astana_clinic_nobase|nc16|np25|br0.25|random_1_100|ms3|r300|s2,0.000388688,0.004713883,0.019387042,0.000082705,0.000168425,0.000140750,0.000078042,0.000158569,0.000148168,0.000084337,0.000164333,0.000135001
main|astana_clinic_nobase|nc16|np25|br0.25|random_1_100|ms3|r300|s3,0.000275291,0.004492442,0.018163879,0.000075270,0.000243734,0.000134563,0.000071998,0.000192760,0.000135868,0.000073810,0.000192170,0.000137660
main|astana_clinic_nobase|nc16|np25|br0.25|random_1_100|ms3|r300|s4,0.000263567,0.004596162,0.018521778,0.000088517,0.000245940,0.000133770,0.000089954,0.000232621,0.000139173,0.000079917,0.000225491,0.000133274
main|astana_clinic_nobase|nc16|np25|br0.25|random_1_100|ms3|r300|s5,0.000262703,0.004878439,0.019158493,0.000099426,0.000156000,0.000152482,0.000108913,0.000149939,0.000155358,0.000097103,0.000160633,0.000153843
main|astana_clinic_nobase|nc16|np25|br0.25|random_1_100|ms3|r300|s6,0.000267206,0.005044306,0.020138538,0.000099563,0.000283703,0.000164645,0.000158558,0.000281533,0.000163503,0.000100554,0.000205359,0.000156190
main|astana_clinic_nobase|nc16|np25|br0.25|random_1_100|ms3|r300|s7,0.000273358,0.005061085,0.019640784,0.000142393,0.000227937,0.000187944,0.000132254,0.000217813,0.000183750,0.000117712,0.000221448,0.000188758
main|astana_clinic_nobase|nc16|np25|br0.25|random_1_100|ms3|r300|s8,0.000281654,0.004877616,0.019747391,0.000092350,0.000283604,0.000233835,0.000118484,0.000292052,0.000244457,0.000076800,0.000217637,0.000215468
main|astana_clinic_nobase|nc16|np25|br0.25|random_1_100|ms3|r300|s9,0.000263496,0.005106486,0.021165936,0.000117919,0.000219839,0.000168938,0.000109616,0.000211156,0.000167642,0.000117658,0.000223069,0.000171776
main|astana_clinic_nobase|nc16|np25|br0.25|one_heavy|ms3|r300|s0,0.000416875,0.008958438,0.033442663,0.000249231,0.000450220,0.000352192,0.000198468,0.000402248,0.000370089,0.000259365,0.000383644,0.000352356
main|astana_clinic_nobase|nc16|np25|br0.25|one_heavy|ms3|r300|s1,0.000425546,0.007503745,0.017871828,0.000065790,0.000125796,0.000105465,0.000057523,0.000125851,0.000104384,0.000068503,0.000126141,0.000106697
main|astana_clinic_nobase|nc16|np25|br0.25|one_heavy|ms3|r300|s2,0.000253000,0.004398720,0.017834597,0.000084738,0.000206015,0.000147137,0.000085616,0.000175306,0.000148432,0.000089215,0.000175852,0.000149368
main|astana_clinic_nobase|nc16|np25|br0.25|one_heavy|ms3|r300|s3,0.000267411,0.004939763,0.018933214,0.000105189,0.000181732,0.000130413,0.000067280,0.000181577,0.000124863,0.000066738,0.000181602,0.000129850
main|astana_clinic_nobase|nc16|np25|br0.25|one_heavy|ms3|r300|s4,0.000259628,0.004360289,0.018918961,0.000093820,0.000233358,0.000141307,0.000092669,0.000224825,0.000137619,0.000074197,0.000217665,0.000132181
main|astana_clinic_nobase|nc16|np25|br0.25|one_heavy|ms3|r300|s5,0.000269678,0.004906290,0.018888930,0.000072233,0.000162014,0.000144326,0.000106424,0.000162524,0.000154288,0.000086819,0.000156113,0.000155400
main|astana_clinic_nobase|nc16|np25|br0.25|one_heavy|ms3|r300|s6,0.000276425,0.005079788,0.019957333,0.000118458,0.000236664,0.000166579,0.000119677,0.000248786,0.000148234,0.000099210,0.000205663,0.000156287
main|astana_clinic_nobase|nc16|np25|br0.25|one_heavy|ms3|r300|s7,0.000290978,0.005020255,0.019748599,0.000117118,0.000228014,0.000198320,0.000131019,0.000221171,0.000186373,0.000110772,0.000239625,0.000185848
main|astana_clinic_nobase|nc16|np25|br0.25|one_heavy|ms3|r300|s8,0.000267417,0.004716133,0.018685220,0.000070996,0.000242438,0.000231328,0.000117054,0.000240229,0.000230107,0.000070154,0.000213256,0.000215475
main|astana_clinic_nobase|nc16|np25|br0.25|one_heavy|ms3|r300|s9,0.000271998,0.004758038,0.018504207,0.000077352,0.000159071,0.000113686,0.000077508,0.000158637,0.000112686,0.000061317,0.000141052,0.000113495
main|astana_clinic_nobase|nc16|np25|br0.5|uniform|ms3|r300|s0,0.000274633,0.007772306,0.026051932,0.000234210,0.000388034,0.000203213,0.000163574,0.000371304,0.000198427,0.000254153,0.000366505,0.000195555
main|astana_clinic_nobase|nc16|np25|br0.5|uniform|ms3|r300|s1,0.000262265,0.005455544,0.021022110,0.000178304,0.000357234,0.000310201,0.000168711,0.000311101,0.000285149,0.000173199,0.000309006,0.000303746
main|astana_clinic_nobase|nc16|np25|br0.5|uniform|ms3|r300|s2,0.000270302,0.006027692,0.022082886,0.000325375,0.000471722,0.000332445,0.000290030,0.000501358,0.000325517,0.000249200,0.000514661,0.000294433
main|astana_clinic_nobase|nc16|np25|br0.5|uniform|ms3|r300|s3,0.000424584,0.007722540,0.020399243,0.000184188,0.000358813,0.000273206,0.000175694,0.000336179,0.000281823,0.000181113,0.000336104,0.000272173
main|astana_clinic_nobase|nc16|np25|br0.5|uniform|ms3|r300|s4,0.000247921,0.006146837,0.021327635,0.000193467,0.000376483,0.000315726,0.000218743,0.000369197,0.000303043,0.000141394,0.000344107,0.000317866
main|astana_clinic_nobase|nc16|np25|br0.5|uniform|ms3|r300|s5,0.000266854,0.005546623,0.022669037,0.000189579,0.000395216,0.000265143,0.000247327,0.000519484,0.000345521,0.000253909,0.000495017,0.000337290
main|astana_clinic_nobase|nc16|np25|br0.5|uniform|ms3|r300|s6,0.000422681,0.006777434,0.023663744,0.000221729,0.000397249,0.000335910,0.000245972,0.000370249,0.000340339,0.000230404,0.000432386,0.000394969
main|astana_clinic_nobase|nc16|np25|br0.5|uniform|ms3|r300|s7,0.000290056,0.006788634,0.023818370,0.000248260,0.000392867,0.000377034,0.000252425,0.000381228,0.000357360,0.000136964,0.000398470,0.000371838
main|astana_clinic_nobase|nc16|np25|br0.5|uniform|ms3|r300|s8,0.000264667,0.006882815,0.022079255,0.000206076,0.000382575,0.000406662,0.000167236,0.000369880,0.000379723,0.000200117,0.000352914,0.000354143
main|astana_clinic_nobase|nc16|np25|br0.5|uniform|ms3|r300|s9,0.000257051,0.005723901,0.020836126,0.000191374,0.000381792,0.000282195,0.000193681,0.000367133,0.000276042,0.000141679,0.000300736,0.000261814
main|astana_clinic_nobase|nc16|np25|br0.5|random_1_100|ms3|r300|s0,0.000281576,0.007877564,0.024703206,0.000314822,0.000496567,0.000276476,0.000222753,0.000528889,0.000254573,0.000338305,0.000492048,0.000264597
main|astana_clinic_nobase|nc16|np25|br0.5|random_1_100|ms3|r300|s1,0.000404465,0.005354877,0.018875443,0.000174259,0.000344419,0.000301721,0.000156383,0.000345643,0.000280118,0.000168543,0.000307881,0.000287300
main|astana_clinic_nobase|nc16|np25|br0.5|random_1_100|ms3|r300|s2,0.000269860,0.006065773,0.022475254,0.000314248,0.000524530,0.000336843,0.000270079,0.000439436,0.000302862,0.000254278,0.000517276,0.000301681
main|astana_clinic_nobase|nc16|np25|br0.5|random_1_100|ms3|r300|s3,0.000433715,0.006793706,0.022644885,0.000208410,0.000408282,0.000331365,0.000206112,0.000383057,0.000328878,0.000196021,0.000371349,0.000305494
main|astana_clinic_nobase|nc16|np25|br0.5|random_1_100|ms3|r300|s4,0.000289956,0.007029574,0.024739552,0.000238585,0.000409863,0.000320757,0.000198043,0.000379726,0.000325327,0.000183014,0.000353081,0.000345978
main|astana_clinic_nobase|nc16|np25|br0.5|random_1_100|ms3|r300|s5,0.000279292,0.005761846,0.022150934,0.000189279,0.000389085,0.000251065,0.000192078,0.000381113,0.000253788,0.000160736,0.000365978,0.000245986
main|astana_clinic_nobase|nc16|np25|br0.5|random_1_100|ms3|r300|s6,0.000274442,0.006795559,0.023882878,0.000227127,0.000388453,0.000349915,0.000242366,0.000374631,0.000317060,0.000233328,0.000369025,0.000343999
main|astana_clinic_nobase|nc16|np25|br0.5|random_1_100|ms3|r300|s7,0.000274904,0.006312696,0.024295837,0.000183729,0.000462592,0.000433102,0.000295335,0.000442526,0.000426743,0.000174206,0.000465533,0.000440009
main|astana_clinic_nobase|nc16|np25|br0.5|random_1_100|ms3|r300|s8,0.000261324,0.006393599,0.022126982,0.000220885,0.000376748,0.000385860,0.000162092,0.000523233,0.000495417,0.000276138,0.000414062,0.000370442
main|astana_clinic_nobase|nc16|np25|br0.5|random_1_100|ms3|r300|s9,0.000252539,0.005382461,0.019936359,0.000195840,0.000376571,0.000284823,0.000165710,0.000333649,0.000257984,0.000169530,0.000320737,0.000226709
main|astana_clinic_nobase|nc16|np25|br0.5|one_heavy|ms3|r300|s0,0.000242385,0.007032773,0.024320579,0.000213808,0.000438833,0.000210712,0.000162707,0.000392993,0.000242032,0.000305191,0.000436294,0.000204448
main|astana_clinic_nobase|nc16|np25|br0.5|one_heavy|ms3|r300|s1,0.000283194,0.007108679,0.020211979,0.000189139,0.000358796,0.000281948,0.000170654,0.000320175,0.000272800,0.000196483,0.000323239,0.000274189
main|astana_clinic_nobase|nc16|np25|br0.5|one_heavy|ms3|r300|s2,0.000257952,0.006093295,0.020704606,0.000143009,0.000385059,0.000227699,0.000216632,0.000354857,0.000234047,0.000146132,0.000299049,0.000238952
main|astana_clinic_nobase|nc16|np25|br0.5|one_heavy|ms3|r300|s3,0.000255523,0.006195349,0.022067659,0.000254844,0.000395874,0.000313069,0.000195123,0.000367172,0.000312116,0.000202851,0.000407967,0.000312856
main|astana_clinic_nobase|nc16|np25|br0.5|one_heavy|ms3|r300|s4,0.000315264,0.007181831,0.021516878,0.000131189,0.000342505,0.000303382,0.000218100,0.000348199,0.000293614,0.000141624,0.000325899,0.000306797
main|astana_clinic_nobase|nc16|np25|br0.5|one_heavy|ms3|r300|s5,0.000250715,0.008578521,0.022489873,0.000132629,0.000433868,0.000252624,0.000243776,0.000368415,0.000261096,0.000143016,0.000316543,0.000283618
main|astana_clinic_nobase|nc16|np25|br0.5|one_heavy|ms3|r300|s6,0.000259018,0.006977401,0.026515065,0.000246339,0.000412283,0.000375107,0.000258619,0.000390166,0.000379136,0.000222677,0.000388213,0.000365026
main|astana_clinic_nobase|nc16|np25|br0.5|one_heavy|ms3|r300|s7,0.000297444,0.007164526,0.022889061,0.000181064,0.000423268,0.000384497,0.000240757,0.000357465,0.000369825,0.000184955,0.000390820,0.000335754
main|astana_clinic_nobase|nc16|np25|br0.5|one_heavy|ms3|r300|s8,0.000281051,0.006501926,0.021645128,0.000196177,0.000413930,0.000352896,0.000199411,0.000354954,0.000361757,0.000184255,0.000344452,0.000364021
main|astana_clinic_nobase|nc16|np25|br0.5|one_heavy|ms3|r300|s9,0.000257537,0.005377115,0.019570618,0.000179866,0.000364322,0.000254950,0.000188386,0.000333296,0.000268180,0.000144700,0.000294434,0.000253434
main|astana_clinic_nobase|nc16|np25|br0.75|uniform|ms3|r300|s0,0.000264831,0.008416498,0.027047791,0.000242125,0.000381862,0.000339520,0.000223554,0.000382044,0.000347519,0.000243461,0.000336100,0.000322362
main|astana_clinic_nobase|nc16|np25|br0.75|uniform|ms3|r300|s1,0.000291958,0.008077992,0.025756970,0.000250967,0.000426089,0.000419586,0.000198785,0.000370120,0.000355372,0.000257084,0.000378781,0.000372631
main|astana_clinic_nobase|nc16|np25|br0.75|uniform|ms3|r300|s2,0.000290445,0.008467749,0.025783694,0.000237640,0.000362620,0.000376070,0.000242233,0.000353563,0.000353132,0.000242449,0.000361583,0.000332126
main|astana_clinic_nobase|nc16|np25|br0.75|uniform|ms3|r300|s3,0.000262996,0.008335866,0.025821418,0.000254474,0.000378945,0.000405635,0.000231809,0.000373498,0.000356902,0.000281383,0.000362523,0.000356997
main|astana_clinic_nobase|nc16|np25|br0.75|uniform|ms3|r300|s4,0.000271728,0.008294405,0.026886090,0.000249398,0.000421780,0.000371401,0.000249573,0.000363108,0.000351527,0.000231193,0.000366399,0.000371148
main|astana_clinic_nobase|nc16|np25|br0.75|uniform|ms3|r300|s5,0.000259953,0.007642176,0.025949334,0.000253610,0.000394065,0.000370742,0.000242593,0.000363963,0.000377118,0.000249160,0.000364069,0.000371438
main|astana_clinic_nobase|nc16|np25|br0.75|uniform|ms3|r300|s6,0.000276001,0.008567082,0.028676303,0.000254620,0.000418853,0.000391270,0.000251931,0.000380353,0.000369960,0.000269619,0.000385723,0.000375171
main|astana_clinic_nobase|nc16|np25|br0.75|uniform|ms3|r300|s7,0.000286167,0.008344373,0.023780448,0.000293509,0.000441817,0.000382409,0.000252748,0.000361045,0.000357283,0.000247247,0.000395956,0.000361178
main|astana_clinic_nobase|nc16|np25|br0.75|uniform|ms3|r300|s8,0.000264357,0.009023486,0.028732823,0.000252096,0.000425152,0.000386836,0.000229152,0.000375824,0.000364643,0.000271931,0.000372549,0.000380798
main|astana_clinic_nobase|nc16|np25|br0.75|uniform|ms3|r300|s9,0.000265980,0.007831499,0.026097089,0.000294227,0.000432925,0.000379863,0.000253685,0.000396392,0.000373260,0.000244884,0.000380289,0.000377367
main|astana_clinic_nobase|nc16|np25|br0.75|random_1_100|ms3|r300|s0,0.000271674,0.008864333,0.030488083,0.000293864,0.000382809,0.000361109,0.000274211,0.000411952,0.000364262,0.000269370,0.000362479,0.000349968
main|astana_clinic_nobase|nc16|np25|br0.75|random_1_100|ms3|r300|s1,0.000263652,0.007884973,0.026373998,0.000277293,0.000393825,0.000392933,0.000209410,0.000382345,0.000360310,0.000266551,0.000402657,0.000384636
main|astana_clinic_nobase|nc16|np25|br0.75|random_1_100|ms3|r300|s2,0.000270067,0.009091270,0.027714570,0.000257759,0.000387037,0.000375176,0.000256972,0.000372758,0.000357585,0.000254565,0.000408409,0.000359053
main|astana_clinic_nobase|nc16|np25|br0.75|random_1_100|ms3|r300|s3,0.000278765,0.008939809,0.028594502,0.000249635,0.000418912,0.000381338,0.000254231,0.000398702,0.000379158,0.000245162,0.000374772,0.000375532
main|astana_clinic_nobase|nc16|np25|br0.75|random_1_100|ms3|r300|s4,0.000260629,0.008895078,0.028458254,0.000243405,0.000433404,0.000381068,0.000251850,0.000378750,0.000367734,0.000231768,0.000400985,0.000366253
main|astana_clinic_nobase|nc16|np25|br0.75|random_1_100|ms3|r300|s5,0.000271274,0.008316854,0.027202330,0.000284956,0.000394545,0.000408966,0.000252040,0.000375391,0.000401644,0.000259559,0.000416055,0.000374916
main|astana_clinic_nobase|nc16|np25|br0.75|random_1_100|ms3|r300|s6,0.000275376,0.008708400,0.028557218,0.000255981,0.000390922,0.000383529,0.000261254,0.000372973,0.000356011,0.000245007,0.000420403,0.000384308
main|astana_clinic_nobase|nc16|np25|br0.75|random_1_100|ms3|r300|s7,0.000280442,0.008729570,0.036540906,0.000264220,0.000432286,0.000414358,0.000247823,0.000372523,0.000358452,0.000253522,0.000376848,0.000369170
main|astana_clinic_nobase|nc16|np25|br0.75|random_1_100|ms3|r300|s8,0.000262889,0.008791955,0.029643089,0.000288642,0.000456361,0.000406429,0.000251272,0.000444456,0.000396677,0.000228972,0.000455933,0.000389933
main|astana_clinic_nobase|nc16|np25|br0.75|random_1_100|ms3|r300|s9,0.000279540,0.008545874,0.026971892,0.000250632,0.000373771,0.000403132,0.000221688,0.000359936,0.000365372,0.000222495,0.000359929,0.000390317
main|astana_clinic_nobase|nc16|np25|br0.75|one_heavy|ms3|r300|s0,0.000265642,0.009044525,0.028782617,0.000226980,0.000379438,0.000364992,0.000236626,0.000370917,0.000347745,0.000249386,0.000373424,0.000505415
main|astana_clinic_nobase|nc16|np25|br0.75|one_heavy|ms3|r300|s1,0.000432505,0.008308647,0.026230625,0.000302336,0.000405867,0.000391675,0.000304714,0.000518773,0.000495583,0.000371540,0.000547354,0.000528084
main|astana_clinic_nobase|nc16|np25|br0.75|one_heavy|ms3|r300|s2,0.000423012,0.012742251,0.034030384,0.000208910,0.000389350,0.000408754,0.000239815,0.000373010,0.000360024,0.000250027,0.000367921,0.000290312
main|astana_clinic_nobase|nc16|np25|br0.75|one_heavy|ms3|r300|s3,0.000275140,0.008793930,0.029319498,0.000251699,0.000423769,0.000400048,0.000245571,0.000345578,0.000365031,0.000236315,0.000367554,0.000358109
main|astana_clinic_nobase|nc16|np25|br0.75|one_heavy|ms3|r300|s4,0.000261389,0.011938003,0.034592644,0.000218119,0.000385667,0.000412155,0.000251256,0.000381310,0.000349699,0.000243803,0.000380609,0.000365008
main|astana_clinic_nobase|nc16|np25|br0.75|one_heavy|ms3|r300|s5,0.000280331,0.007837564,0.026170549,0.000213668,0.000389648,0.000398776,0.000242703,0.000373236,0.000368537,0.000219932,0.000362087,0.000317476
main|astana_clinic_nobase|nc16|np25|br0.75|one_heavy|ms3|r300|s6,0.000261935,0.008384419,0.027780151,0.000270997,0.000428196,0.000378968,0.000226032,0.000345432,0.000321852,0.000241052,0.000347649,0.000350524
main|astana_clinic_nobase|nc16|np25|br0.75|one_heavy|ms3|r300|s7,0.000261783,0.008275256,0.025475195,0.000231862,0.000359824,0.000360771,0.000223888,0.000335272,0.000342313,0.000295132,0.000350715,0.000381139
main|astana_clinic_nobase|nc16|np25|br0.75|one_heavy|ms3|r300|s8,0.000265602,0.007994064,0.028431696,0.000265303,0.000438606,0.000384378,0.000265002,0.000480657,0.000348983,0.000249318,0.000377694,0.000345533
main|astana_clinic_nobase|nc16|np25|br0.75|one_heavy|ms3|r300|s9,0.000246519,0.007288194,0.024012394,0.000262997,0.000415604,0.000397650,0.000252883,0.000376313,0.000375367,0.000231567,0.000378349,0.000361036
main|astana_clinic_nobase|nc16|np25|br1.0|uniform|ms3|r300|s0,0.000286801,0.009131119,0.030576477,0.000258578,0.000412195,0.000380003,0.000255909,0.000378940,0.000391570,0.000253339,0.000368091,0.000380732
main|astana_clinic_nobase|nc16|np25|br1.0|uniform|ms3|r300|s1,0.000282514,0.008933452,0.028855155,0.000248726,0.000411312,0.000383740,0.000253502,0.000364800,0.000356434,0.000258418,0.000370459,0.000396349
main|astana_clinic_nobase|nc16|np25|br1.0|uniform|ms3|r300|s2,0.000270319,0.009862648,0.030838214,0.000243131,0.000376855,0.000372491,0.000245974,0.000367190,0.000386904,0.000246449,0.000400948,0.000491803
main|astana_clinic_nobase|nc16|np25|br1.0|uniform|ms3|r300|s3,0.000460361,0.009044855,0.028827084,0.000251373,0.000391925,0.000348756,0.000232912,0.000348872,0.000351205,0.000250143,0.000363852,0.000358675
main|astana_clinic_nobase|nc16|np25|br1.0|uniform|ms3|r300|s4,0.000286579,0.008508189,0.030092223,0.000247643,0.000421216,0.000386915,0.000234492,0.000369078,0.000351763,0.000249009,0.000359827,0.000366704
main|astana_clinic_nobase|nc16|np25|br1.0|uniform|ms3|r300|s5,0.000293088,0.008747795,0.028914424,0.000261684,0.000387724,0.000396733,0.000250206,0.000360670,0.000377302,0.000247186,0.000363921,0.000374557
main|astana_clinic_nobase|nc16|np25|br1.0|uniform|ms3|r300|s6,0.000269529,0.008617670,0.029616908,0.000261838,0.000394640,0.000395493,0.000255879,0.000378008,0.000354866,0.000248726,0.000362127,0.000370227
main|astana_clinic_nobase|nc16|np25|br1.0|uniform|ms3|r300|s7,0.000269991,0.009132744,0.029051359,0.000266274,0.000432721,0.000388166,0.000238753,0.000366400,0.000409292,0.000403865,0.000489205,0.000408038
main|astana_clinic_nobase|nc16|np25|br1.0|uniform|ms3|r300|s8,0.000279634,0.009088908,0.031345126,0.000251534,0.000394608,0.000378899,0.000245033,0.000379479,0.000381156,0.000250789,0.000392369,0.000378363
main|astana_clinic_nobase|nc16|np25|br1.0|uniform|ms3|r300|s9,0.000279604,0.009051454,0.035544995,0.000247676,0.000355868,0.000357623,0.000238576,0.000348053,0.000355655,0.000243209,0.000345528,0.000335458
main|astana_clinic_nobase|nc16|np25|br1.0|random_1_100|ms3|r300|s0,0.000267248,0.008662579,0.030398945,0.000251361,0.000394383,0.000408769,0.000251012,0.000386800,0.000378777,0.000251526,0.000381741,0.000356985
main|astana_clinic_nobase|nc16|np25|br1.0|random_1_100|ms3|r300|s1,0.000256070,0.008719073,0.029414856,0.000260952,0.000418876,0.000380353,0.000260762,0.000405218,0.000412508,0.000279902,0.000380304,0.000415161
main|astana_clinic_nobase|nc16|np25|br1.0|random_1_100|ms3|r300|s2,0.000284080,0.009075884,0.029443069,0.000248043,0.000445695,0.000397293,0.000259832,0.000382245,0.000401577,0.000255683,0.000378677,0.000380915
main|astana_clinic_nobase|nc16|np25|br1.0|random_1_100|ms3|r300|s3,0.000272925,0.009278173,0.031014916,0.000260620,0.000385444,0.000387420,0.000262011,0.000442494,0.000373446,0.000259848,0.000425424,0.000375540
main|astana_clinic_nobase|nc16|np25|br1.0|random_1_100|ms3|r300|s4,0.000262980,0.009451996,0.030291703,0.000239987,0.000374351,0.000419477,0.000294338,0.000394259,0.000356018,0.000268089,0.000346357,0.000350970
main|astana_clinic_nobase|nc16|np25|br1.0|random_1_100|ms3|r300|s5,0.000266020,0.008462056,0.034603941,0.000369865,0.000626614,0.000643577,0.000406278,0.000651424,0.000567349,0.000357678,0.000658553,0.000632492
main|astana_clinic_nobase|nc16|np25|br1.0|random_1_100|ms3|r300|s6,0.000441827,0.009938630,0.029146510,0.000239319,0.000368986,0.000370944,0.000259931,0.000380906,0.000373107,0.000271324,0.000350593,0.000374271
main|astana_clinic_nobase|nc16|np25|br1.0|random_1_100|ms3|r300|s7,0.000250585,0.008654610,0.029819071,0.000259404,0.000400982,0.000375472,0.000245268,0.000364657,0.000360380,0.000250312,0.000384575,0.000380128
main|astana_clinic_nobase|nc16|np25|br1.0|random_1_100|ms3|r300|s8,0.000284139,0.008884003,0.030770041,0.000247939,0.000390732,0.000390820,0.000264866,0.000463500,0.000396276,0.000261331,0.000371856,0.000371124
main|astana_clinic_nobase|nc16|np25|br1.0|random_1_100|ms3|r300|s9,0.000269558,0.008921882,0.028246912,0.000247352,0.000365066,0.000350789,0.000227001,0.000335179,0.000366609,0.000227449,0.000329706,0.000334135
main|astana_clinic_nobase|nc16|np25|br1.0|one_heavy|ms3|r300|s0,0.000247847,0.008390241,0.029072103,0.000231812,0.000390346,0.000369932,0.000233591,0.000362862,0.000360364,0.000243643,0.000359907,0.000348094
main|astana_clinic_nobase|nc16|np25|br1.0|one_heavy|ms3|r300|s1,0.000250954,0.008393482,0.027666366,0.000236621,0.000357443,0.000361813,0.000247895,0.000347642,0.000330583,0.000241192,0.000366940,0.000356185
main|astana_clinic_nobase|nc16|np25|br1.0|one_heavy|ms3|r300|s2,0.000254980,0.008314581,0.027664499,0.000245803,0.000403524,0.000413803,0.000246701,0.000388888,0.000347299,0.000248306,0.000365351,0.000362880
main|astana_clinic_nobase|nc16|np25|br1.0|one_heavy|ms3|r300|s3,0.000271585,0.008804361,0.029001790,0.000383188,0.000539698,0.000508745,0.000342264,0.000534799,0.000506629,0.000368421,0.000575524,0.000501730
main|astana_clinic_nobase|nc16|np25|br1.0|one_heavy|ms3|r300|s4,0.000439680,0.012547268,0.030965548,0.000246859,0.000421618,0.000380736,0.000253226,0.000377405,0.000394356,0.000252930,0.000386445,0.000366437
main|astana_clinic_nobase|nc16|np25|br1.0|one_heavy|ms3|r300|s5,0.000272734,0.008983999,0.027491779,0.000245262,0.000381309,0.000366855,0.000231169,0.000358868,0.000362918,0.000233658,0.000352197,0.000368897
main|astana_clinic_nobase|nc16|np25|br1.0|one_heavy|ms3|r300|s6,0.000257484,0.008206665,0.028600027,0.000254550,0.000383995,0.000404127,0.000245592,0.000390958,0.000359990,0.000254109,0.000390322,0.000416304
main|astana_clinic_nobase|nc16|np25|br1.0|one_heavy|ms3|r300|s7,0.000280604,0.008572117,0.030547480,0.000256470,0.000387370,0.000390636,0.000248356,0.000368578,0.000377458,0.000253146,0.000383115,0.000370178
main|astana_clinic_nobase|nc16|np25|br1.0|one_heavy|ms3|r300|s8,0.000271343,0.009081748,0.029763888,0.000266343,0.000418585,0.000382137,0.000251192,0.000391491,0.000391206,0.000254309,0.000376698,0.000375722
main|astana_clinic_nobase|nc16|np25|br1.0|one_heavy|ms3|r300|s9,0.000267074,0.009049239,0.026779984,0.000257267,0.000476532,0.000414675,0.000267745,0.000424204,0.000412482,0.000257382,0.000371324,0.000419377
sec_max_selected|shymkent_school|nc16|np25|br0.5|random_1_100|ms1|r300|s0,0.000531763,0.005099565,0.020212621,0.000097200,0.000215878,0.000205866,0.000096838,0.000204514,0.000186069,0.000097290,0.000206843,0.000194413
sec_max_selected|shymkent_school|nc16|np25|br0.5|random_1_100|ms2|r300|s0,0.000572276,0.005642781,0.022138042,0.000152926,0.000357167,0.000315012,0.000154536,0.000265498,0.000241611,0.000161835,0.000278279,0.000265997
sec_max_selected|shymkent_school|nc16|np25|br0.5|random_1_100|ms5|r300|s0,0.000559908,0.007058797,0.024898963,0.000190810,0.000409698,0.000380587,0.000178544,0.000280790,0.000266073,0.000177713,0.000304533,0.000286099
sec_radius|shymkent_school|nc16|np25|br0.5|random_1_100|ms3|r100|s0,0.000496495,0.005738619,0.020462063,0.000170312,0.000385039,0.000369733,0.000189702,0.000242495,0.000260037,0.000183136,0.000283195,0.000274177
sec_radius|shymkent_school|nc16|np25|br0.5|random_1_100|ms3|r300|s0,0.000512483,0.005888548,0.022026695,0.000170282,0.000377877,0.000369441,0.000166414,0.000270143,0.000282928,0.000173320,0.000277778,0.000282469
sec_radius|shymkent_school|nc16|np25|br0.5|random_1_100|ms3|r800|s0,0.000556916,0.006320408,0.024402927,0.000254313,0.000529884,0.000485566,0.000234681,0.000370287,0.000375543,0.000237395,0.000261287,0.000254526
sec_max_selected|shymkent_school|nc16|np25|br0.5|random_1_100|ms1|r300|s1,0.000797707,0.004807826,0.018710647,0.000096987,0.000202490,0.000204941,0.000098236,0.000195868,0.000201399,0.000094783,0.000194663,0.000190288
sec_max_selected|shymkent_school|nc16|np25|br0.5|random_1_100|ms2|r300|s1,0.000558935,0.005194486,0.019845639,0.000148893,0.000278666,0.000257355,0.000174882,0.000279365,0.000273716,0.000136048,0.000246229,0.000235069
sec_max_selected|shymkent_school|nc16|np25|br0.5|random_1_100|ms5|r300|s1,0.000817326,0.005613274,0.022761294,0.000163347,0.000346246,0.000406020,0.000333746,0.000436069,0.000402721,0.000171298,0.000335668,0.000254730
sec_radius|shymkent_school|nc16|np25|br0.5|random_1_100|ms3|r100|s1,0.000844046,0.007609741,0.025086383,0.000144000,0.000252497,0.000253167,0.000187667,0.000295268,0.000285983,0.000140228,0.000178501,0.000174000
sec_radius|shymkent_school|nc16|np25|br0.5|random_1_100|ms3|r300|s1,0.000574798,0.005639451,0.020878912,0.000135238,0.000259497,0.000256417,0.000202497,0.000319244,0.000299930,0.000166253,0.000260353,0.000260205
sec_radius|shymkent_school|nc16|np25|br0.5|random_1_100|ms3|r800|s1,0.000548136,0.005581353,0.020461931,0.000148106,0.000271402,0.000283000,0.000216972,0.000311045,0.000305474,0.000140871,0.000185841,0.000182350
sec_max_selected|shymkent_school|nc16|np25|br0.5|random_1_100|ms1|r300|s2,0.000527278,0.004751125,0.018838587,0.000098106,0.000211833,0.000212994,0.000095359,0.000198516,0.000189848,0.000097196,0.000203511,0.000197680
sec_max_selected|shymkent_school|nc16|np25|br0.5|random_1_100|ms2|r300|s2,0.000537390,0.005005474,0.018930902,0.000171730,0.000307188,0.000328475,0.000151255,0.000282254,0.000271685,0.000127667,0.000295454,0.000284590
sec_max_selected|shymkent_school|nc16|np25|br0.5|random_1_100|ms5|r300|s2,0.000551126,0.007580296,0.024834980,0.000289789,0.000547777,0.000542461,0.000228880,0.000394334,0.000389252,0.000181746,0.000502384,0.000490896
sec_radius|shymkent_school|nc16|np25|br0.5|random_1_100|ms3|r100|s2,0.000551683,0.006580764,0.022919853,0.000220686,0.000431685,0.000398207,0.000195353,0.000362605,0.000346720,0.000181544,0.000367696,0.000364382
sec_radius|shymkent_school|nc16|np25|br0.5|random_1_100|ms3|r300|s2,0.000533042,0.006696110,0.021336931,0.000218361,0.000383299,0.000388402,0.000194771,0.000360703,0.000334358,0.000156889,0.000365528,0.000371535
sec_radius|shymkent_school|nc16|np25|br0.5|random_1_100|ms3|r800|s2,0.000502541,0.006180808,0.021577949,0.000207557,0.000412807,0.000396260,0.000199628,0.000356813,0.000339393,0.000212048,0.000170321,0.000169815
sec_max_selected|shymkent_school|nc16|np25|br0.5|random_1_100|ms1|r300|s3,0.000497196,0.004317595,0.016778341,0.000087245,0.000195927,0.000184142,0.000086001,0.000182721,0.000177326,0.000090129,0.000189313,0.000187729
sec_max_selected|shymkent_school|nc16|np25|br0.5|random_1_100|ms2|r300|s3,0.000498002,0.004990262,0.019250677,0.000183109,0.000294900,0.000301707,0.000163994,0.000269483,0.000278317,0.000143150,0.000281308,0.000277836
sec_max_selected|shymkent_school|nc16|np25|br0.5|random_1_100|ms5|r300|s3,0.000534375,0.007567103,0.023951754,0.000246078,0.000552741,0.000516708,0.000285875,0.000435755,0.000454659,0.000194976,0.000455437,0.000450342
sec_radius|shymkent_school|nc16|np25|br0.5|random_1_100|ms3|r100|s3,0.000525715,0.006492353,0.023909737,0.000231735,0.000403661,0.000411292,0.000232235,0.000381012,0.000384558,0.000214342,0.000351199,0.000340621
sec_radius|shymkent_school|nc16|np25|br0.5|random_1_100|ms3|r300|s3,0.000595584,0.007135893,0.025202578,0.000230789,0.000404576,0.000399368,0.000238927,0.000369092,0.000375575,0.000188539,0.000412679,0.000396927
sec_radius|shymkent_school|nc16|np25|br0.5|random_1_100|ms3|r800|s3,0.000552296,0.006808241,0.024347581,0.000220098,0.000430073,0.000424248,0.000247797,0.000399913,0.000383441,0.000222863,0.000291673,0.000281023
sec_max_selected|shymkent_school|nc16|np25|br0.5|random_1_100|ms1|r300|s4,0.000542999,0.004726426,0.018805378,0.000097916,0.000206377,0.000210176,0.000099405,0.000208068,0.000191755,0.000092271,0.000202531,0.000195424
sec_max_selected|shymkent_school|nc16|np25|br0.5|random_1_100|ms2|r300|s4,0.000528752,0.005305614,0.020199751,0.000161411,0.000301647,0.000282151,0.000137588,0.000277701,0.000269947,0.000159105,0.000289526,0.000263682
sec_max_selected|shymkent_school|nc16|np25|br0.5|random_1_100|ms5|r300|s4,0.000561433,0.006096475,0.022275691,0.000192193,0.000350015,0.000349929,0.000132932,0.000281228,0.000271621,0.000164655,0.000306051,0.000311071
sec_radius|shymkent_school|nc16|np25|br0.5|random_1_100|ms3|r100|s4,0.000533161,0.005953865,0.021480190,0.000189864,0.000320882,0.000316511,0.000135534,0.000271450,0.000270608,0.000155609,0.000259605,0.000267539
sec_radius|shymkent_school|nc16|np25|br0.5|random_1_100|ms3|r300|s4,0.000532368,0.005969181,0.021884057,0.000195012,0.000331519,0.000331154,0.000136018,0.000272969,0.000270826,0.000166659,0.000299241,0.000296032
sec_radius|shymkent_school|nc16|np25|br0.5|random_1_100|ms3|r800|s4,0.000564050,0.005922980,0.022606555,0.000193660,0.000334069,0.000423913,0.000153684,0.000331683,0.000289569,0.000138082,0.000282299,0.000297573
sec_max_selected|shymkent_school|nc16|np25|br0.5|random_1_100|ms1|r300|s5,0.000567410,0.004971345,0.020201760,0.000099105,0.000214770,0.000256543,0.000103308,0.000224273,0.000188751,0.000097404,0.000195396,0.000189618
sec_max_selected|shymkent_school|nc16|np25|br0.5|random_1_100|ms2|r300|s5,0.000589829,0.005263570,0.020844168,0.000121785,0.000291156,0.000338916,0.000164002,0.000287288,0.000313158,0.000176261,0.000274422,0.000258715
sec_max_selected|shymkent_school|nc16|np25|br0.5|random_1_100|ms5|r300|s5,0.000584330,0.006219679,0.022280840,0.000126649,0.000391586,0.000396460,0.000244521,0.000379310,0.000386063,0.000195372,0.000310286,0.000289478
sec_radius|shymkent_school|nc16|np25|br0.5|random_1_100|ms3|r100|s5,0.000677628,0.006919811,0.022561816,0.000127050,0.000338176,0.000318472,0.000178323,0.000355517,0.000382655,0.000127198,0.000277684,0.000243216
sec_radius|shymkent_school|nc16|np25|br0.5|random_1_100|ms3|r300|s5,0.000544967,0.006086877,0.022639289,0.000123422,0.000385583,0.000364288,0.000186956,0.000387840,0.000344989,0.000206675,0.000280964,0.000266371
sec_radius|shymkent_school|nc16|np25|br0.5|random_1_100|ms3|r800|s5,0.000522199,0.005818309,0.021076733,0.000133272,0.000346404,0.000323410,0.000193292,0.000374266,0.000344570,0.000181485,0.000323829,0.000337315
sec_max_selected|shymkent_school|nc16|np25|br0.5|random_1_100|ms1|r300|s6,0.000519274,0.004801982,0.018035404,0.000092491,0.000218403,0.000199387,0.000087685,0.000183574,0.000175290,0.000088591,0.000195663,0.000191715
sec_max_selected|shymkent_school|nc16|np25|br0.5|random_1_100|ms2|r300|s6,0.000514065,0.005248087,0.019983108,0.000124720,0.000337976,0.000327222,0.000116164,0.000212377,0.000199572,0.000116949,0.000298541,0.000279862
sec_max_selected|shymkent_school|nc16|np25|br0.5|random_1_100|ms5|r300|s6,0.000532733,0.006188324,0.021179734,0.000129738,0.000329508,0.000322287,0.000134500,0.000205485,0.000213505,0.000132104,0.000303049,0.000296192
sec_radius|shymkent_school|nc16|np25|br0.5|random_1_100|ms3|r100|s6,0.000568744,0.005881701,0.020954028,0.000123380,0.000327549,0.000314770,0.000130987,0.000212209,0.000205795,0.000141325,0.000206229,0.000208582
sec_radius|shymkent_school|nc16|np25|br0.5|random_1_100|ms3|r300|s6,0.000540729,0.005823398,0.020757301,0.000194533,0.000364727,0.000392781,0.000139681,0.000235898,0.000234189,0.000133951,0.000292268,0.000303598
sec_radius|shymkent_school|nc16|np25|br0.5|random_1_100|ms3|r800|s6,0.000525705,0.005830935,0.021003064,0.000137807,0.000334352,0.000323773,0.000133534,0.000207427,0.000211239,0.000127349,0.000203931,0.000207404
sec_max_selected|shymkent_school|nc16|np25|br0.5|random_1_100|ms1|r300|s7,0.000534862,0.004783393,0.018218874,0.000088645,0.000221761,0.000204160,0.000092557,0.000174225,0.000182461,0.000095284,0.000185722,0.000183057
sec_max_selected|shymkent_school|nc16|np25|br0.5|random_1_100|ms2|r300|s7,0.000550896,0.005153400,0.020675586,0.000147321,0.000315155,0.000306725,0.000156821,0.000292604,0.000285046,0.000136305,0.000286014,0.000269938
sec_max_selected|shymkent_school|nc16|np25|br0.5|random_1_100|ms5|r300|s7,0.000594282,0.007710405,0.026464232,0.000156407,0.000375391,0.000369110,0.000223613,0.000362585,0.000354760,0.000163238,0.000305043,0.000311946
sec_radius|shymkent_school|nc16|np25|br0.5|random_1_100|ms3|r100|s7,0.000568239,0.006432405,0.022838523,0.000138438,0.000343877,0.000335721,0.000193664,0.000345500,0.000332632,0.000159530,0.000272704,0.000256957
sec_radius|shymkent_school|nc16|np25|br0.5|random_1_100|ms3|r300|s7,0.000542780,0.006026308,0.021997842,0.000146374,0.000370771,0.000353114,0.000232805,0.000401999,0.000342965,0.000169329,0.000308353,0.000327491
sec_radius|shymkent_school|nc16|np25|br0.5|random_1_100|ms3|r800|s7,0.000545749,0.006641404,0.022837738,0.000142903,0.000376348,0.000350112,0.000193629,0.000348466,0.000346090,0.000294016,0.000281012,0.000278769
sec_max_selected|shymkent_school|nc16|np25|br0.5|random_1_100|ms1|r300|s8,0.000549302,0.004625627,0.017593241,0.000086304,0.000204492,0.000191645,0.000087583,0.000181389,0.000183048,0.000086342,0.000174793,0.000177665
sec_max_selected|shymkent_school|nc16|np25|br0.5|random_1_100|ms2|r300|s8,0.000505491,0.004746296,0.018685322,0.000145027,0.000306610,0.000315563,0.000139293,0.000284807,0.000303975,0.000148651,0.000299441,0.000291827
sec_max_selected|shymkent_school|nc16|np25|br0.5|random_1_100|ms5|r300|s8,0.000555860,0.006079266,0.022142599,0.000176640,0.000475600,0.000462234,0.000146178,0.000370718,0.000367667,0.000174345,0.000363273,0.000356347
sec_radius|shymkent_school|nc16|np25|br0.5|random_1_100|ms3|r100|s8,0.000546615,0.005764000,0.021698410,0.000224374,0.000469477,0.000424801,0.000146535,0.000361491,0.000402839,0.000174497,0.000353147,0.000301980
sec_radius|shymkent_school|nc16|np25|br0.5|random_1_100|ms3|r300|s8,0.000559224,0.005795788,0.021281985,0.000172062,0.000444673,0.000421520,0.000149110,0.000358296,0.000365229,0.000160756,0.000363194,0.000330926
sec_radius|shymkent_school|nc16|np25|br0.5|random_1_100|ms3|r800|s8,0.000530133,0.005775064,0.021506890,0.000174383,0.000455347,0.000458692,0.000150911,0.000372050,0.000396316,0.000205372,0.000287931,0.000287830
sec_max_selected|shymkent_school|nc16|np25|br0.5|random_1_100|ms1|r300|s9,0.000587274,0.004802127,0.023582211,0.000138577,0.000274000,0.000293663,0.000131659,0.000317311,0.000371379,0.000130903,0.000261851,0.000293478
sec_max_selected|shymkent_school|nc16|np25|br0.5|random_1_100|ms2|r300|s9,0.000878787,0.007404453,0.025357935,0.000156911,0.000296843,0.000300315,0.000143427,0.000278218,0.000288907,0.000151628,0.000324997,0.000279833
sec_max_selected|shymkent_school|nc16|np25|br0.5|random_1_100|ms5|r300|s9,0.000579606,0.009937807,0.027681382,0.000216544,0.000320951,0.000330301,0.000179149,0.000303664,0.000291752,0.000190027,0.000294401,0.000297409
sec_radius|shymkent_school|nc16|np25|br0.5|random_1_100|ms3|r100|s9,0.000524231,0.006300148,0.021770331,0.000189564,0.000309518,0.000314507,0.000170211,0.000294108,0.000311764,0.000182568,0.000216829,0.000230052
sec_radius|shymkent_school|nc16|np25|br0.5|random_1_100|ms3|r300|s9,0.000499456,0.006273807,0.024178369,0.000172445,0.000333970,0.000307664,0.000173805,0.000295735,0.000297328,0.000181523,0.000292467,0.000279164
sec_radius|shymkent_school|nc16|np25|br0.5|random_1_100|ms3|r800|s9,0.000503876,0.006542067,0.040365692,0.000311984,0.000523997,0.000569450,0.000304580,0.000512226,0.000522622,0.000307293,0.000556268,0.000560784
sec_max_selected|astana_clinic|nc16|np25|br0.5|random_1_100|ms1|r300|s0,0.000997133,0.006483742,0.018875909,0.000095412,0.000208599,0.000199128,0.000096004,0.000187429,0.000191065,0.000094594,0.000201524,0.000201847
sec_max_selected|astana_clinic|nc16|np25|br0.5|random_1_100|ms2|r300|s0,0.000567650,0.005444864,0.020852132,0.000184225,0.000327693,0.000357328,0.000196310,0.000293291,0.000299251,0.000186564,0.000277653,0.000297945
sec_max_selected|astana_clinic|nc16|np25|br0.5|random_1_100|ms5|r300|s0,0.000596375,0.015657913,0.042855590,0.000448325,0.000728889,0.000747542,0.000350145,0.000647306,0.000583516,0.000418192,0.000504914,0.000493537
sec_radius|astana_clinic|nc16|np25|br0.5|random_1_100|ms3|r100|s0,0.000862863,0.011092187,0.030420999,0.000258826,0.000403168,0.000385213,0.000227918,0.000365628,0.000351745,0.000260803,0.000352038,0.000360658
sec_radius|astana_clinic|nc16|np25|br0.5|random_1_100|ms3|r300|s0,0.000577465,0.008700370,0.042121195,0.000282239,0.000441286,0.000408418,0.000239008,0.000352000,0.000345312,0.000256885,0.000365836,0.000341821
sec_radius|astana_clinic|nc16|np25|br0.5|random_1_100|ms3|r800|s0,0.000564585,0.007777282,0.027716729,0.000249001,0.000421329,0.000393312,0.000274406,0.000492544,0.000542043,0.000266709,0.000196980,0.000191905
sec_max_selected|astana_clinic|nc16|np25|br0.5|random_1_100|ms1|r300|s1,0.000748533,0.005124900,0.019624739,0.000096717,0.000270682,0.000249532,0.000089892,0.000192767,0.000185692,0.000105660,0.000196116,0.000214523
sec_max_selected|astana_clinic|nc16|np25|br0.5|random_1_100|ms2|r300|s1,0.000561961,0.005136707,0.020483482,0.000180047,0.000294566,0.000292323,0.000173107,0.000258086,0.000268387,0.000170489,0.000307322,0.000292115
sec_max_selected|astana_clinic|nc16|np25|br0.5|random_1_100|ms5|r300|s1,0.000629198,0.005468910,0.020871325,0.000190592,0.000375497,0.000389754,0.000193617,0.000274721,0.000258607,0.000198646,0.000358377,0.000333207
sec_radius|astana_clinic|nc16|np25|br0.5|random_1_100|ms3|r100|s1,0.000608132,0.005636692,0.020893393,0.000191474,0.000356308,0.000361430,0.000184693,0.000292098,0.000258557,0.000157225,0.000258836,0.000271032
sec_radius|astana_clinic|nc16|np25|br0.5|random_1_100|ms3|r300|s1,0.000550138,0.005477690,0.020550590,0.000181532,0.000390482,0.000368172,0.000185088,0.000267140,0.000260265,0.000198545,0.000342135,0.000315517
sec_radius|astana_clinic|nc16|np25|br0.5|random_1_100|ms3|r800|s1,0.000557369,0.005780039,0.020721744,0.000182959,0.000394701,0.000355691,0.000192238,0.000265573,0.000266031,0.000184543,0.000186394,0.000183639
sec_max_selected|astana_clinic|nc16|np25|br0.5|random_1_100|ms1|r300|s2,0.000589325,0.004817361,0.019111945,0.000096508,0.000226501,0.000210365,0.000092690,0.000193466,0.000192713,0.000125524,0.000195168,0.000211885
sec_max_selected|astana_clinic|nc16|np25|br0.5|random_1_100|ms2|r300|s2,0.000552708,0.005379172,0.020165695,0.000145818,0.000306645,0.000304649,0.000142733,0.000276313,0.000268041,0.000170603,0.000299728,0.000323459
sec_max_selected|astana_clinic|nc16|np25|br0.5|random_1_100|ms5|r300|s2,0.000558017,0.006540388,0.022447957,0.000146790,0.000398329,0.000367364,0.000138755,0.000312730,0.000308317,0.000182030,0.000375429,0.000359027
sec_radius|astana_clinic|nc16|np25|br0.5|random_1_100|ms3|r100|s2,0.000624194,0.006052849,0.020065152,0.000131222,0.000342513,0.000318473,0.000135474,0.000287480,0.000277367,0.000184836,0.000261095,0.000261039
sec_radius|astana_clinic|nc16|np25|br0.5|random_1_100|ms3|r300|s2,0.000491620,0.005647791,0.019606128,0.000132551,0.000320025,0.000323341,0.000131259,0.000283167,0.000307835,0.000165067,0.000303341,0.000350710
sec_radius|astana_clinic|nc16|np25|br0.5|random_1_100|ms3|r800|s2,0.000504050,0.006120696,0.022829407,0.000150827,0.000357123,0.000361278,0.000150594,0.000327482,0.000324623,0.000148813,0.000187909,0.000209212
sec_max_selected|astana_clinic|nc16|np25|br0.5|random_1_100|ms1|r300|s3,0.000563413,0.004827017,0.019037969,0.000093903,0.000217243,0.000210778,0.000095171,0.000191443,0.000187735,0.000099431,0.000242847,0.000214638
sec_max_selected|astana_clinic|nc16|np25|br0.5|random_1_100|ms2|r300|s3,0.000572501,0.005385689,0.020869457,0.000166210,0.000315683,0.000296761,0.000168776,0.000284922,0.000275377,0.000170838,0.000291822,0.000287820
sec_max_selected|astana_clinic|nc16|np25|br0.5|random_1_100|ms5|r300|s3,0.000541224,0.007447602,0.024629133,0.000186650,0.000356797,0.000388626,0.000182503,0.000334052,0.000322489,0.000169892,0.000359180,0.000284061
sec_radius|astana_clinic|nc16|np25|br0.5|random_1_100|ms3|r100|s3,0.000575056,0.006887558,0.023870322,0.000169003,0.000384554,0.000329447,0.000164142,0.000317807,0.000376552,0.000240352,0.000345066,0.000349997
sec_radius|astana_clinic|nc16|np25|br0.5|random_1_100|ms3|r300|s3,0.000633883,0.006838639,0.024008761,0.000173827,0.000345250,0.000349272,0.000175253,0.000325425,0.000319952,0.000171850,0.000283379,0.000296640
sec_radius|astana_clinic|nc16|np25|br0.5|random_1_100|ms3|r800|s3,0.000547960,0.006616794,0.023476367,0.000283237,0.000574360,0.000360506,0.000175042,0.000315282,0.000326224,0.000168920,0.000196622,0.000183129
sec_max_selected|astana_clinic|nc16|np25|br0.5|random_1_100|ms1|r300|s4,0.000578800,0.004832958,0.018857910,0.000098040,0.000208816,0.000207904,0.000094151,0.000198426,0.000188113,0.000103059,0.000211268,0.000203625
sec_max_selected|astana_clinic|nc16|np25|br0.5|random_1_100|ms2|r300|s4,0.000567275,0.005445927,0.020689879,0.000173234,0.000351424,0.000342664,0.000158238,0.000314376,0.000278318,0.000152908,0.000320502,0.000304350
sec_max_selected|astana_clinic|nc16|np25|br0.5|random_1_100|ms5|r300|s4,0.000565140,0.008356939,0.025991305,0.000227125,0.000433076,0.000432387,0.000176385,0.000396054,0.000390675,0.000225775,0.000421361,0.000425443
sec_radius|astana_clinic|nc16|np25|br0.5|random_1_100|ms3|r100|s4,0.000618470,0.006649453,0.023187994,0.000180645,0.000398536,0.000367881,0.000144155,0.000327898,0.000329310,0.000229336,0.000336394,0.000332189
sec_radius|astana_clinic|nc16|np25|br0.5|random_1_100|ms3|r300|s4,0.000568592,0.006694810,0.024103533,0.000196411,0.000408609,0.000391708,0.000154366,0.000356373,0.000336514,0.000185799,0.000367018,0.000394560
sec_radius|astana_clinic|nc16|np25|br0.5|random_1_100|ms3|r800|s4,0.000580966,0.006692075,0.023640491,0.000205660,0.000430278,0.000400044,0.000164077,0.000402401,0.000365287,0.000202231,0.000182324,0.000186422
sec_max_selected|astana_clinic|nc16|np25|br0.5|random_1_100|ms1|r300|s5,0.000591635,0.004768709,0.019129070,0.000094040,0.000211824,0.000210079,0.000097082,0.000201681,0.000195859,0.000096656,0.000203597,0.000212103
sec_max_selected|astana_clinic|nc16|np25|br0.5|random_1_100|ms2|r300|s5,0.000565738,0.005298847,0.022378382,0.000245019,0.000369434,0.000319839,0.000183918,0.000276834,0.000302402,0.000240927,0.000464846,0.000468010
sec_max_selected|astana_clinic|nc16|np25|br0.5|random_1_100|ms5|r300|s5,0.001010426,0.010186359,0.021843270,0.000197019,0.000419544,0.000399644,0.000222816,0.000307186,0.000278101,0.000180261,0.000324667,0.000305399
sec_radius|astana_clinic|nc16|np25|br0.5|random_1_100|ms3|r100|s5,0.000606319,0.006048808,0.020150858,0.000187434,0.000388502,0.000389013,0.000180853,0.000285825,0.000275628,0.000147965,0.000355051,0.000357811
sec_radius|astana_clinic|nc16|np25|br0.5|random_1_100|ms3|r300|s5,0.000569960,0.005882344,0.021396494,0.000202285,0.000416197,0.000412359,0.000193692,0.000301921,0.000294908,0.000158709,0.000326576,0.000308511
sec_radius|astana_clinic|nc16|np25|br0.5|random_1_100|ms3|r800|s5,0.000538489,0.005907295,0.020026494,0.000183266,0.000365015,0.000379333,0.000183096,0.000276037,0.000274648,0.000182718,0.000175297,0.000172579
sec_max_selected|astana_clinic|nc16|np25|br0.5|random_1_100|ms1|r300|s6,0.000557347,0.004440110,0.016904887,0.000078453,0.000172263,0.000165432,0.000077703,0.000159159,0.000146320,0.000081200,0.000169278,0.000189453
sec_max_selected|astana_clinic|nc16|np25|br0.5|random_1_100|ms2|r300|s6,0.000469315,0.004731305,0.019163816,0.000152576,0.000311478,0.000281995,0.000146178,0.000194874,0.000163627,0.000158317,0.000303528,0.000260022
sec_max_selected|astana_clinic|nc16|np25|br0.5|random_1_100|ms5|r300|s6,0.000497824,0.007553565,0.025708956,0.000159703,0.000425308,0.000397694,0.000153345,0.000175628,0.000168781,0.000186823,0.000388020,0.000419446
sec_radius|astana_clinic|nc16|np25|br0.5|random_1_100|ms3|r100|s6,0.000526410,0.006283257,0.022089813,0.000144683,0.000331467,0.000328644,0.000144056,0.000167413,0.000168228,0.000142285,0.000213280,0.000211413
sec_radius|astana_clinic|nc16|np25|br0.5|random_1_100|ms3|r300|s6,0.000529027,0.010147428,0.024083924,0.000156813,0.000379783,0.000374925,0.000151009,0.000181481,0.000174869,0.000197655,0.000363078,0.000369107
sec_radius|astana_clinic|nc16|np25|br0.5|random_1_100|ms3|r800|s6,0.000599977,0.006819529,0.024360740,0.000178265,0.000495596,0.000442747,0.000209136,0.000218484,0.000203987,0.000208187,0.000265279,0.000240865
sec_max_selected|astana_clinic|nc16|np25|br0.5|random_1_100|ms1|r300|s7,0.000575229,0.004794303,0.019126165,0.000098651,0.000214454,0.000198456,0.000100914,0.000199735,0.000200207,0.000134194,0.000220238,0.000253558
sec_max_selected|astana_clinic|nc16|np25|br0.5|random_1_100|ms2|r300|s7,0.000910775,0.005611385,0.020262146,0.000173438,0.000317859,0.000277215,0.000125775,0.000270225,0.000263776,0.000172554,0.000261986,0.000269900
sec_max_selected|astana_clinic|nc16|np25|br0.5|random_1_100|ms5|r300|s7,0.000676231,0.007584336,0.024862363,0.000230249,0.000405356,0.000396481,0.000141122,0.000365916,0.000354638,0.000201216,0.000286760,0.000297768
sec_radius|astana_clinic|nc16|np25|br0.5|random_1_100|ms3|r100|s7,0.000609733,0.006589486,0.023500142,0.000213307,0.000342825,0.000340060,0.000134140,0.000333521,0.000321944,0.000192656,0.000261553,0.000248320
sec_radius|astana_clinic|nc16|np25|br0.5|random_1_100|ms3|r300|s7,0.000577170,0.006575161,0.023763150,0.000198821,0.000352920,0.000345654,0.000141640,0.000325462,0.000320457,0.000203948,0.000299082,0.000293069
sec_radius|astana_clinic|nc16|np25|br0.5|random_1_100|ms3|r800|s7,0.000597043,0.006610710,0.023742144,0.000201951,0.000355434,0.000347660,0.000175100,0.000340123,0.000339350,0.000199999,0.000190467,0.000183039
sec_max_selected|astana_clinic|nc16|np25|br0.5|random_1_100|ms1|r300|s8,0.000574256,0.004761078,0.019193248,0.000104070,0.000206048,0.000199668,0.000100195,0.000183193,0.000179617,0.000095675,0.000192686,0.000220581
sec_max_selected|astana_clinic|nc16|np25|br0.5|random_1_100|ms2|r300|s8,0.000553998,0.005223441,0.020434689,0.000140178,0.000292918,0.000297701,0.000143255,0.000187165,0.000185239,0.000178515,0.000279102,0.000276558
sec_max_selected|astana_clinic|nc16|np25|br0.5|random_1_100|ms5|r300|s8,0.000550261,0.007801209,0.025642679,0.000164418,0.000402537,0.000408059,0.000158097,0.000193654,0.000185420,0.000277902,0.000337326,0.000356237
sec_radius|astana_clinic|nc16|np25|br0.5|random_1_100|ms3|r100|s8,0.000594868,0.006832609,0.023317582,0.000173849,0.000397934,0.000362134,0.000156091,0.000179336,0.000179552,0.000151329,0.000305218,0.000301162
sec_radius|astana_clinic|nc16|np25|br0.5|random_1_100|ms3|r300|s8,0.000552983,0.006988587,0.023012158,0.000160974,0.000391519,0.000376324,0.000159966,0.000184300,0.000184494,0.000215465,0.000294154,0.000276714
sec_radius|astana_clinic|nc16|np25|br0.5|random_1_100|ms3|r800|s8,0.000511907,0.006576202,0.023717886,0.000220937,0.000529016,0.000503299,0.000221345,0.000260576,0.000256999,0.000229372,0.000257615,0.000259872
sec_max_selected|astana_clinic|nc16|np25|br0.5|random_1_100|ms1|r300|s9,0.000867825,0.006603620,0.018799657,0.000089890,0.000187903,0.000191815,0.000092219,0.000182955,0.000178862,0.000091930,0.000191415,0.000186288
sec_max_selected|astana_clinic|nc16|np25|br0.5|random_1_100|ms2|r300|s9,0.000908507,0.004844059,0.019529046,0.000160880,0.000263870,0.000240711,0.000146605,0.000266709,0.000225189,0.000152631,0.000286595,0.000262515
sec_max_selected|astana_clinic|nc16|np25|br0.5|random_1_100|ms5|r300|s9,0.000537253,0.005634882,0.025692206,0.000145399,0.000253297,0.000254909,0.000152181,0.000228986,0.000233259,0.000146171,0.000274013,0.000281678
sec_radius|astana_clinic|nc16|np25|br0.5|random_1_100|ms3|r100|s9,0.000505742,0.005040361,0.018588998,0.000151797,0.000223858,0.000229756,0.000139497,0.000228535,0.000225128,0.000131178,0.000207597,0.000206761
sec_radius|astana_clinic|nc16|np25|br0.5|random_1_100|ms3|r300|s9,0.000493342,0.005052595,0.018881106,0.000138503,0.000249407,0.000240681,0.000139136,0.000229349,0.000224432,0.000146360,0.000269977,0.000257321
sec_radius|astana_clinic|nc16|np25|br0.5|random_1_100|ms3|r800|s9,0.000480166,0.004760625,0.017703971,0.000130052,0.000230979,0.000224531,0.000130282,0.000218880,0.000213968,0.000141048,0.000158165,0.000151430
sec_max_selected|astana_clinic_nobase|nc16|np25|br0.5|random_1_100|ms1|r300|s0,0.000227912,0.004268170,0.015800640,0.000083596,0.000163089,0.000156203,0.000083237,0.000159245,0.000152097,0.000085911,0.000153851,0.000152034
sec_max_selected|astana_clinic_nobase|nc16|np25|br0.5|random_1_100|ms2|r300|s0,0.000257940,0.004644661,0.017068158,0.000136497,0.000249714,0.000163901,0.000128439,0.000240177,0.000163738,0.000147689,0.000227692,0.000168947
sec_max_selected|astana_clinic_nobase|nc16|np25|br0.5|random_1_100|ms5|r300|s0,0.000223092,0.013210688,0.053854720,0.000319907,0.000566483,0.000207201,0.000165572,0.000561615,0.000206033,0.000386195,0.000496467,0.000202140
sec_radius|astana_clinic_nobase|nc16|np25|br0.5|random_1_100|ms3|r100|s0,0.000264703,0.007617075,0.026530608,0.000264021,0.000431526,0.000210009,0.000163324,0.000369362,0.000201482,0.000251345,0.000355298,0.000206022
sec_radius|astana_clinic_nobase|nc16|np25|br0.5|random_1_100|ms3|r300|s0,0.000266650,0.007686128,0.025525862,0.000219807,0.000384531,0.000194948,0.000160952,0.000374751,0.000203669,0.000242227,0.000389653,0.000197951
sec_radius|astana_clinic_nobase|nc16|np25|br0.5|random_1_100|ms3|r800|s0,0.000270789,0.007755197,0.026840781,0.000229829,0.000397659,0.000199447,0.000162879,0.000395081,0.000204766,0.000223453,0.000391200,0.000211101
sec_max_selected|astana_clinic_nobase|nc16|np25|br0.5|random_1_100|ms1|r300|s1,0.000461196,0.004760742,0.018583542,0.000091878,0.000178090,0.000170492,0.000090615,0.000184664,0.000173881,0.000087365,0.000172223,0.000169791
sec_max_selected|astana_clinic_nobase|nc16|np25|br0.5|random_1_100|ms2|r300|s1,0.000265163,0.005205941,0.019757406,0.000201491,0.000344703,0.000363148,0.000192704,0.000342880,0.000326753,0.000202985,0.000337095,0.000310541
sec_max_selected|astana_clinic_nobase|nc16|np25|br0.5|random_1_100|ms5|r300|s1,0.000341136,0.006595407,0.025052310,0.000211299,0.000427817,0.000364028,0.000199876,0.000392137,0.000354016,0.000210517,0.000386151,0.000324223
sec_radius|astana_clinic_nobase|nc16|np25|br0.5|random_1_100|ms3|r100|s1,0.000358111,0.006715570,0.020328130,0.000167744,0.000340887,0.000302409,0.000155269,0.000368342,0.000285620,0.000154841,0.000300045,0.000257480
sec_radius|astana_clinic_nobase|nc16|np25|br0.5|random_1_100|ms3|r300|s1,0.000267355,0.005303700,0.021982437,0.000217912,0.000438707,0.000359812,0.000218516,0.000378283,0.000341069,0.000195624,0.000380654,0.000331285
sec_radius|astana_clinic_nobase|nc16|np25|br0.5|random_1_100|ms3|r800|s1,0.000380475,0.006927317,0.018272461,0.000152233,0.000352233,0.000277887,0.000148423,0.000286860,0.000259891,0.000137314,0.000317719,0.000264357
sec_max_selected|astana_clinic_nobase|nc16|np25|br0.5|random_1_100|ms1|r300|s2,0.000252771,0.004149649,0.016411979,0.000080384,0.000162080,0.000159215,0.000080572,0.000162334,0.000155268,0.000081496,0.000161508,0.000161456
sec_max_selected|astana_clinic_nobase|nc16|np25|br0.5|random_1_100|ms2|r300|s2,0.000242067,0.004606100,0.017702546,0.000164049,0.000254360,0.000210151,0.000166835,0.000261507,0.000206139,0.000170145,0.000265769,0.000205877
sec_max_selected|astana_clinic_nobase|nc16|np25|br0.5|random_1_100|ms5|r300|s2,0.000239711,0.006403991,0.019840616,0.000228865,0.000418642,0.000210285,0.000184157,0.000358506,0.000206789,0.000166876,0.000397356,0.000203309
sec_radius|astana_clinic_nobase|nc16|np25|br0.5|random_1_100|ms3|r100|s2,0.000234011,0.005311078,0.018876287,0.000194652,0.000357298,0.000218114,0.000182356,0.000326519,0.000206556,0.000180976,0.000279689,0.000196307
sec_radius|astana_clinic_nobase|nc16|np25|br0.5|random_1_100|ms3|r300|s2,0.000240105,0.005379422,0.018796234,0.000208104,0.000378747,0.000206564,0.000183486,0.000344782,0.000233031,0.000196341,0.000385782,0.000245985
sec_radius|astana_clinic_nobase|nc16|np25|br0.5|random_1_100|ms3|r800|s2,0.000268123,0.006176645,0.022676578,0.000236769,0.000405717,0.000270941,0.000223991,0.000375014,0.000240716,0.000232198,0.000433450,0.000238671
sec_max_selected|astana_clinic_nobase|nc16|np25|br0.5|random_1_100|ms1|r300|s3,0.000269290,0.004677772,0.019412346,0.000091288,0.000182914,0.000172543,0.000094020,0.000181110,0.000178607,0.000096222,0.000175837,0.000176884
sec_max_selected|astana_clinic_nobase|nc16|np25|br0.5|random_1_100|ms2|r300|s3,0.000269215,0.005378091,0.020214124,0.000168487,0.000326312,0.000272584,0.000177143,0.000300436,0.000267713,0.000165345,0.000297954,0.000257940
sec_max_selected|astana_clinic_nobase|nc16|np25|br0.5|random_1_100|ms5|r300|s3,0.000267182,0.006900931,0.023737522,0.000230731,0.000464789,0.000366126,0.000204826,0.000433408,0.000346250,0.000197328,0.000407274,0.000303129
sec_radius|astana_clinic_nobase|nc16|np25|br0.5|random_1_100|ms3|r100|s3,0.000275529,0.006650605,0.022984232,0.000218947,0.000364057,0.000332929,0.000196390,0.000369030,0.000313791,0.000273565,0.000330588,0.000283606
sec_radius|astana_clinic_nobase|nc16|np25|br0.5|random_1_100|ms3|r300|s3,0.000267732,0.006644022,0.023056592,0.000200906,0.000359211,0.000347822,0.000188720,0.000351324,0.000302883,0.000168642,0.000356178,0.000272731
sec_radius|astana_clinic_nobase|nc16|np25|br0.5|random_1_100|ms3|r800|s3,0.000241670,0.006086468,0.024340092,0.000212972,0.000438017,0.000348333,0.000209056,0.000393583,0.000341440,0.000220309,0.000413294,0.000326108
sec_max_selected|astana_clinic_nobase|nc16|np25|br0.5|random_1_100|ms1|r300|s4,0.000262588,0.004687069,0.019034678,0.000095279,0.000173387,0.000174555,0.000088272,0.000171746,0.000165584,0.000087708,0.000178925,0.000172046
sec_max_selected|astana_clinic_nobase|nc16|np25|br0.5|random_1_100|ms2|r300|s4,0.000270729,0.005441746,0.019594650,0.000177467,0.000303805,0.000268429,0.000169395,0.000291541,0.000266083,0.000155445,0.000294990,0.000262555
sec_max_selected|astana_clinic_nobase|nc16|np25|br0.5|random_1_100|ms5|r300|s4,0.000274412,0.008301935,0.025830335,0.000265543,0.000569607,0.000391032,0.000240048,0.000467185,0.000339759,0.000191404,0.000406145,0.000344843
sec_radius|astana_clinic_nobase|nc16|np25|br0.5|random_1_100|ms3|r100|s4,0.000284617,0.006850590,0.023536803,0.000235030,0.000407250,0.000333877,0.000209467,0.000381244,0.000314060,0.000235608,0.000376935,0.000310861
sec_radius|astana_clinic_nobase|nc16|np25|br0.5|random_1_100|ms3|r300|s4,0.000272140,0.006900173,0.022952337,0.000235267,0.000395137,0.000353785,0.000203049,0.000382575,0.000327312,0.000187731,0.000377823,0.000323772
sec_radius|astana_clinic_nobase|nc16|np25|br0.5|random_1_100|ms3|r800|s4,0.000275679,0.006752202,0.023111238,0.000216710,0.000424368,0.000343660,0.000208374,0.000382395,0.000326906,0.000210740,0.000412817,0.000310025
sec_max_selected|astana_clinic_nobase|nc16|np25|br0.5|random_1_100|ms1|r300|s5,0.000267356,0.004563241,0.017621075,0.000088301,0.000166663,0.000169205,0.000086293,0.000171849,0.000164445,0.000098487,0.000169310,0.000229703
sec_max_selected|astana_clinic_nobase|nc16|np25|br0.5|random_1_100|ms2|r300|s5,0.000384203,0.005219315,0.017425362,0.000148529,0.000247535,0.000198533,0.000148030,0.000231877,0.000185093,0.000106244,0.000239894,0.000190265
sec_max_selected|astana_clinic_nobase|nc16|np25|br0.5|random_1_100|ms5|r300|s5,0.000227965,0.005008973,0.018271553,0.000170858,0.000424269,0.000234157,0.000167680,0.000368533,0.000208929,0.000147596,0.000329405,0.000236865
sec_radius|astana_clinic_nobase|nc16|np25|br0.5|random_1_100|ms3|r100|s5,0.000240919,0.005248622,0.018909301,0.000175837,0.000370802,0.000231891,0.000173257,0.000327825,0.000229737,0.000175435,0.000317365,0.000217788
sec_radius|astana_clinic_nobase|nc16|np25|br0.5|random_1_100|ms3|r300|s5,0.000237264,0.005097385,0.017552311,0.000184333,0.000337711,0.000218299,0.000164077,0.000318834,0.000211861,0.000136481,0.000319283,0.000201868
sec_radius|astana_clinic_nobase|nc16|np25|br0.5|random_1_100|ms3|r800|s5,0.000264957,0.004810890,0.017878247,0.000169740,0.000341090,0.000225096,0.000170686,0.000340539,0.000212624,0.000175509,0.000330919,0.000234840
sec_max_selected|astana_clinic_nobase|nc16|np25|br0.5|random_1_100|ms1|r300|s6,0.000225211,0.003883701,0.015990137,0.000092457,0.000179151,0.000175730,0.000089576,0.000178846,0.000180812,0.000089218,0.000183729,0.000177557
sec_max_selected|astana_clinic_nobase|nc16|np25|br0.5|random_1_100|ms2|r300|s6,0.000281734,0.005331292,0.020447847,0.000185668,0.000305402,0.000285896,0.000179369,0.000302246,0.000274729,0.000168892,0.000281985,0.000273406
sec_max_selected|astana_clinic_nobase|nc16|np25|br0.5|random_1_100|ms5|r300|s6,0.000274286,0.008326617,0.026936579,0.000273250,0.000589933,0.000439709,0.000302824,0.000542572,0.000359382,0.000253261,0.000452625,0.000440718
sec_radius|astana_clinic_nobase|nc16|np25|br0.5|random_1_100|ms3|r100|s6,0.000271390,0.006793172,0.023914038,0.000226133,0.000410107,0.000350129,0.000241269,0.000388814,0.000334967,0.000148248,0.000307125,0.000257416
sec_radius|astana_clinic_nobase|nc16|np25|br0.5|random_1_100|ms3|r300|s6,0.000271555,0.006859273,0.023825046,0.000222652,0.000397489,0.000358585,0.000243230,0.000392671,0.000332270,0.000235685,0.000377392,0.000352562
sec_radius|astana_clinic_nobase|nc16|np25|br0.5|random_1_100|ms3|r800|s6,0.000268458,0.006896304,0.023538517,0.000334391,0.000644471,0.000514821,0.000370038,0.000582252,0.000471256,0.000370718,0.000560440,0.000552283
sec_max_selected|astana_clinic_nobase|nc16|np25|br0.5|random_1_100|ms1|r300|s7,0.000428013,0.007615835,0.030087223,0.000164287,0.000259963,0.000259634,0.000133217,0.000268554,0.000254091,0.000132409,0.000267204,0.000260523
sec_max_selected|astana_clinic_nobase|nc16|np25|br0.5|random_1_100|ms2|r300|s7,0.000474998,0.005681900,0.020457363,0.000120876,0.000295767,0.000297615,0.000169525,0.000286892,0.000277001,0.000129682,0.000294233,0.000283425
sec_max_selected|astana_clinic_nobase|nc16|np25|br0.5|random_1_100|ms5|r300|s7,0.000271459,0.007357275,0.024763279,0.000136496,0.000520861,0.000496771,0.000307496,0.000486551,0.000480613,0.000144107,0.000520708,0.000439703
sec_radius|astana_clinic_nobase|nc16|np25|br0.5|random_1_100|ms3|r100|s7,0.000282702,0.006660675,0.023222191,0.000132006,0.000388165,0.000366143,0.000243509,0.000369706,0.000375803,0.000218593,0.000346874,0.000321321
sec_radius|astana_clinic_nobase|nc16|np25|br0.5|random_1_100|ms3|r300|s7,0.000266550,0.006650343,0.023086227,0.000148985,0.000426848,0.000370257,0.000255807,0.000376952,0.000362045,0.000134678,0.000386365,0.000364214
sec_radius|astana_clinic_nobase|nc16|np25|br0.5|random_1_100|ms3|r800|s7,0.000289720,0.007093948,0.023740371,0.000143102,0.000400325,0.000402447,0.000252299,0.000378983,0.000374610,0.000210749,0.000411662,0.000381687
sec_max_selected|astana_clinic_nobase|nc16|np25|br0.5|random_1_100|ms1|r300|s8,0.000283236,0.004795625,0.018144510,0.000089177,0.000173652,0.000162770,0.000083506,0.000164303,0.000159797,0.000087996,0.000159594,0.000162379
sec_max_selected|astana_clinic_nobase|nc16|np25|br0.5|random_1_100|ms2|r300|s8,0.000267148,0.005079690,0.019485117,0.000148591,0.000318251,0.000275041,0.000160052,0.000273222,0.000273527,0.000157064,0.000273939,0.000264369
sec_max_selected|astana_clinic_nobase|nc16|np25|br0.5|random_1_100|ms5|r300|s8,0.000252564,0.007461121,0.024099069,0.000237871,0.000445347,0.000432941,0.000164863,0.000395194,0.000394085,0.000212111,0.000466395,0.000495457
sec_radius|astana_clinic_nobase|nc16|np25|br0.5|random_1_100|ms3|r100|s8,0.000272101,0.006233133,0.021812337,0.000221245,0.000419815,0.000373138,0.000174457,0.000364573,0.000362263,0.000150359,0.000275773,0.000250071
sec_radius|astana_clinic_nobase|nc16|np25|br0.5|random_1_100|ms3|r300|s8,0.000254271,0.006380853,0.021768251,0.000221532,0.000383840,0.000370808,0.000171691,0.000377531,0.000374831,0.000196522,0.000371049,0.000353467
sec_radius|astana_clinic_nobase|nc16|np25|br0.5|random_1_100|ms3|r800|s8,0.000418783,0.006366040,0.022230233,0.000217347,0.000379823,0.000427989,0.000174659,0.000383512,0.000379830,0.000216227,0.000402456,0.000388541
sec_max_selected|astana_clinic_nobase|nc16|np25|br0.5|random_1_100|ms1|r300|s9,0.000266357,0.004517707,0.017727880,0.000083122,0.000166491,0.000162633,0.000085764,0.000170188,0.000156913,0.000086149,0.000168101,0.000163344
sec_max_selected|astana_clinic_nobase|nc16|np25|br0.5|random_1_100|ms2|r300|s9,0.000267916,0.004928889,0.018961706,0.000165112,0.000273842,0.000232414,0.000180156,0.000300371,0.000247483,0.000170587,0.000275490,0.000239811
sec_max_selected|astana_clinic_nobase|nc16|np25|br0.5|random_1_100|ms5|r300|s9,0.000266539,0.005496854,0.019951454,0.000186723,0.000354820,0.000261357,0.000165408,0.000389400,0.000275781,0.000164197,0.000324678,0.000242780
sec_radius|astana_clinic_nobase|nc16|np25|br0.5|random_1_100|ms3|r100|s9,0.000290087,0.005783413,0.020043951,0.000188427,0.000361407,0.000263045,0.000166958,0.000341138,0.000275509,0.000174510,0.000303023,0.000231920
sec_radius|astana_clinic_nobase|nc16|np25|br0.5|random_1_100|ms3|r300|s9,0.000269347,0.005712498,0.021707648,0.000200543,0.000373532,0.000266583,0.000176441,0.000343992,0.000277679,0.000184593,0.000340933,0.000266086
sec_radius|astana_clinic_nobase|nc16|np25|br0.5|random_1_100|ms3|r800|s9,0.000296108,0.005839905,0.021175969,0.000206393,0.000453792,0.000456560,0.000179488,0.000356337,0.000378035,0.000230500,0.000452239,0.000290603
