building_id,city_id,country,object_type,period_start,period_end,electricity_kwh,unit,value_status,reading_type,coverage_share,floor_area_m2,area_source,kind,source_id,source_locator,measurement_terms,note
bdg1:PrimClass_Jolie,gb.unknown,GB,school,2014-12-01,2014-12-31,892.6516,kWh,reported,actual,0.9355,2927.0,dataset_metadata,derived,BDG1@521a6c0f,data/raw/temp_open_utc.csv:PrimClass_Jolie + meta_open.csv,unknown: repository LICENSE is MIT (software); terms of the original measurement sources are not listed,"GB school Dec2014-Nov2015; sum of observed hours, gaps not filled; unit kWh assumed (not stated by source)"
bdg1:PrimClass_Jolie,gb.unknown,GB,school,2015-01-01,2015-01-31,1021.4,kWh,reported,actual,0.9422,2927.0,dataset_metadata,derived,BDG1@521a6c0f,data/raw/temp_open_utc.csv:PrimClass_Jolie + meta_open.csv,unknown: repository LICENSE is MIT (software); terms of the original measurement sources are not listed,"GB school Dec2014-Nov2015; sum of observed hours, gaps not filled; unit kWh assumed (not stated by source)"
bdg1:PrimClass_Jolie,gb.unknown,GB,school,2015-02-01,2015-02-28,792.8,kWh,reported,actual,0.9464,2927.0,dataset_metadata,derived,BDG1@521a6c0f,data/raw/temp_open_utc.csv:PrimClass_Jolie + meta_open.csv,unknown: repository LICENSE is MIT (software); terms of the original measurement sources are not listed,"GB school Dec2014-Nov2015; sum of observed hours, gaps not filled; unit kWh assumed (not stated by source)"
bdg1:PrimClass_Jolie,gb.unknown,GB,school,2015-03-01,2015-03-31,1050.7,kWh,reported,actual,0.9435,2927.0,dataset_metadata,derived,BDG1@521a6c0f,data/raw/temp_open_utc.csv:PrimClass_Jolie + meta_open.csv,unknown: repository LICENSE is MIT (software); terms of the original measurement sources are not listed,"GB school Dec2014-Nov2015; sum of observed hours, gaps not filled; unit kWh assumed (not stated by source)"
bdg1:PrimClass_Jolie,gb.unknown,GB,school,2015-04-01,2015-04-30,848.6,kWh,reported,actual,1.0000,2927.0,dataset_metadata,derived,BDG1@521a6c0f,data/raw/temp_open_utc.csv:PrimClass_Jolie + meta_open.csv,unknown: repository LICENSE is MIT (software); terms of the original measurement sources are not listed,"GB school Dec2014-Nov2015; sum of observed hours, gaps not filled; unit kWh assumed (not stated by source)"
bdg1:PrimClass_Jolie,gb.unknown,GB,school,2015-05-01,2015-05-31,836.9,kWh,reported,actual,0.9973,2927.0,dataset_metadata,derived,BDG1@521a6c0f,data/raw/temp_open_utc.csv:PrimClass_Jolie + meta_open.csv,unknown: repository LICENSE is MIT (software); terms of the original measurement sources are not listed,"GB school Dec2014-Nov2015; sum of observed hours, gaps not filled; unit kWh assumed (not stated by source)"
bdg1:PrimClass_Jolie,gb.unknown,GB,school,2015-06-01,2015-06-30,736.8,kWh,reported,actual,0.7014,2927.0,dataset_metadata,derived,BDG1@521a6c0f,data/raw/temp_open_utc.csv:PrimClass_Jolie + meta_open.csv,unknown: repository LICENSE is MIT (software); terms of the original measurement sources are not listed,"GB school Dec2014-Nov2015; sum of observed hours, gaps not filled; unit kWh assumed (not stated by source)"
bdg1:PrimClass_Jolie,gb.unknown,GB,school,2015-07-01,2015-07-31,755.2,kWh,reported,actual,1.0000,2927.0,dataset_metadata,derived,BDG1@521a6c0f,data/raw/temp_open_utc.csv:PrimClass_Jolie + meta_open.csv,unknown: repository LICENSE is MIT (software); terms of the original measurement sources are not listed,"GB school Dec2014-Nov2015; sum of observed hours, gaps not filled; unit kWh assumed (not stated by source)"
bdg1:PrimClass_Jolie,gb.unknown,GB,school,2015-08-01,2015-08-31,328.7,kWh,reported,actual,1.0000,2927.0,dataset_metadata,derived,BDG1@521a6c0f,data/raw/temp_open_utc.csv:PrimClass_Jolie + meta_open.csv,unknown: repository LICENSE is MIT (software); terms of the original measurement sources are not listed,"GB school Dec2014-Nov2015; sum of observed hours, gaps not filled; unit kWh assumed (not stated by source)"
bdg1:PrimClass_Jolie,gb.unknown,GB,school,2015-09-01,2015-09-30,1065.5,kWh,reported,actual,0.9958,2927.0,dataset_metadata,derived,BDG1@521a6c0f,data/raw/temp_open_utc.csv:PrimClass_Jolie + meta_open.csv,unknown: repository LICENSE is MIT (software); terms of the original measurement sources are not listed,"GB school Dec2014-Nov2015; sum of observed hours, gaps not filled; unit kWh assumed (not stated by source)"
bdg1:PrimClass_Jolie,gb.unknown,GB,school,2015-10-01,2015-10-31,909.7,kWh,reported,actual,0.9973,2927.0,dataset_metadata,derived,BDG1@521a6c0f,data/raw/temp_open_utc.csv:PrimClass_Jolie + meta_open.csv,unknown: repository LICENSE is MIT (software); terms of the original measurement sources are not listed,"GB school Dec2014-Nov2015; sum of observed hours, gaps not filled; unit kWh assumed (not stated by source)"
bdg1:PrimClass_Jolie,gb.unknown,GB,school,2015-11-01,2015-11-30,1076.5014,kWh,reported,actual,0.9250,2927.0,dataset_metadata,derived,BDG1@521a6c0f,data/raw/temp_open_utc.csv:PrimClass_Jolie + meta_open.csv,unknown: repository LICENSE is MIT (software); terms of the original measurement sources are not listed,"GB school Dec2014-Nov2015; sum of observed hours, gaps not filled; unit kWh assumed (not stated by source)"
bdg1:PrimClass_Jaylin,gb.unknown,GB,school,2014-12-01,2014-12-31,1439.8546,kWh,reported,actual,0.9207,4373.0,dataset_metadata,derived,BDG1@521a6c0f,data/raw/temp_open_utc.csv:PrimClass_Jaylin + meta_open.csv,unknown: repository LICENSE is MIT (software); terms of the original measurement sources are not listed,"GB school Dec2014-Nov2015; sum of observed hours, gaps not filled; unit kWh assumed (not stated by source)"
bdg1:PrimClass_Jaylin,gb.unknown,GB,school,2015-01-01,2015-01-31,1730.7,kWh,reported,actual,0.9368,4373.0,dataset_metadata,derived,BDG1@521a6c0f,data/raw/temp_open_utc.csv:PrimClass_Jaylin + meta_open.csv,unknown: repository LICENSE is MIT (software); terms of the original measurement sources are not listed,"GB school Dec2014-Nov2015; sum of observed hours, gaps not filled; unit kWh assumed (not stated by source)"
bdg1:PrimClass_Jaylin,gb.unknown,GB,school,2015-02-01,2015-02-28,1457.5,kWh,reported,actual,0.9509,4373.0,dataset_metadata,derived,BDG1@521a6c0f,data/raw/temp_open_utc.csv:PrimClass_Jaylin + meta_open.csv,unknown: repository LICENSE is MIT (software); terms of the original measurement sources are not listed,"GB school Dec2014-Nov2015; sum of observed hours, gaps not filled; unit kWh assumed (not stated by source)"
bdg1:PrimClass_Jaylin,gb.unknown,GB,school,2015-03-01,2015-03-31,1596.1,kWh,reported,actual,0.9152,4373.0,dataset_metadata,derived,BDG1@521a6c0f,data/raw/temp_open_utc.csv:PrimClass_Jaylin + meta_open.csv,unknown: repository LICENSE is MIT (software); terms of the original measurement sources are not listed,"GB school Dec2014-Nov2015; sum of observed hours, gaps not filled; unit kWh assumed (not stated by source)"
bdg1:PrimClass_Jaylin,gb.unknown,GB,school,2015-04-01,2015-04-30,1444.1,kWh,reported,actual,0.9806,4373.0,dataset_metadata,derived,BDG1@521a6c0f,data/raw/temp_open_utc.csv:PrimClass_Jaylin + meta_open.csv,unknown: repository LICENSE is MIT (software); terms of the original measurement sources are not listed,"GB school Dec2014-Nov2015; sum of observed hours, gaps not filled; unit kWh assumed (not stated by source)"
bdg1:PrimClass_Jaylin,gb.unknown,GB,school,2015-05-01,2015-05-31,1427.0,kWh,reported,actual,0.9704,4373.0,dataset_metadata,derived,BDG1@521a6c0f,data/raw/temp_open_utc.csv:PrimClass_Jaylin + meta_open.csv,unknown: repository LICENSE is MIT (software); terms of the original measurement sources are not listed,"GB school Dec2014-Nov2015; sum of observed hours, gaps not filled; unit kWh assumed (not stated by source)"
bdg1:PrimClass_Jaylin,gb.unknown,GB,school,2015-06-01,2015-06-30,1276.9,kWh,reported,actual,0.6778,4373.0,dataset_metadata,derived,BDG1@521a6c0f,data/raw/temp_open_utc.csv:PrimClass_Jaylin + meta_open.csv,unknown: repository LICENSE is MIT (software); terms of the original measurement sources are not listed,"GB school Dec2014-Nov2015; sum of observed hours, gaps not filled; unit kWh assumed (not stated by source)"
bdg1:PrimClass_Jaylin,gb.unknown,GB,school,2015-07-01,2015-07-31,1393.0,kWh,reported,actual,0.9731,4373.0,dataset_metadata,derived,BDG1@521a6c0f,data/raw/temp_open_utc.csv:PrimClass_Jaylin + meta_open.csv,unknown: repository LICENSE is MIT (software); terms of the original measurement sources are not listed,"GB school Dec2014-Nov2015; sum of observed hours, gaps not filled; unit kWh assumed (not stated by source)"
bdg1:PrimClass_Jaylin,gb.unknown,GB,school,2015-08-01,2015-08-31,696.1,kWh,reported,actual,1.0000,4373.0,dataset_metadata,derived,BDG1@521a6c0f,data/raw/temp_open_utc.csv:PrimClass_Jaylin + meta_open.csv,unknown: repository LICENSE is MIT (software); terms of the original measurement sources are not listed,"GB school Dec2014-Nov2015; sum of observed hours, gaps not filled; unit kWh assumed (not stated by source)"
bdg1:PrimClass_Jaylin,gb.unknown,GB,school,2015-09-01,2015-09-30,1800.8,kWh,reported,actual,0.9667,4373.0,dataset_metadata,derived,BDG1@521a6c0f,data/raw/temp_open_utc.csv:PrimClass_Jaylin + meta_open.csv,unknown: repository LICENSE is MIT (software); terms of the original measurement sources are not listed,"GB school Dec2014-Nov2015; sum of observed hours, gaps not filled; unit kWh assumed (not stated by source)"
bdg1:PrimClass_Jaylin,gb.unknown,GB,school,2015-10-01,2015-10-31,1488.8,kWh,reported,actual,0.9651,4373.0,dataset_metadata,derived,BDG1@521a6c0f,data/raw/temp_open_utc.csv:PrimClass_Jaylin + meta_open.csv,unknown: repository LICENSE is MIT (software); terms of the original measurement sources are not listed,"GB school Dec2014-Nov2015; sum of observed hours, gaps not filled; unit kWh assumed (not stated by source)"
bdg1:PrimClass_Jaylin,gb.unknown,GB,school,2015-11-01,2015-11-30,1529.469,kWh,reported,actual,0.8806,4373.0,dataset_metadata,derived,BDG1@521a6c0f,data/raw/temp_open_utc.csv:PrimClass_Jaylin + meta_open.csv,unknown: repository LICENSE is MIT (software); terms of the original measurement sources are not listed,"GB school Dec2014-Nov2015; sum of observed hours, gaps not filled; unit kWh assumed (not stated by source)"
bdg1:PrimClass_Jayla,gb.unknown,GB,school,2014-12-01,2014-12-31,2578.3041,kWh,reported,actual,0.9624,2132.0,dataset_metadata,derived,BDG1@521a6c0f,data/raw/temp_open_utc.csv:PrimClass_Jayla + meta_open.csv,unknown: repository LICENSE is MIT (software); terms of the original measurement sources are not listed,"GB school Dec2014-Nov2015; sum of observed hours, gaps not filled; unit kWh assumed (not stated by source)"
bdg1:PrimClass_Jayla,gb.unknown,GB,school,2015-01-01,2015-01-31,2915.8,kWh,reported,actual,0.9234,2132.0,dataset_metadata,derived,BDG1@521a6c0f,data/raw/temp_open_utc.csv:PrimClass_Jayla + meta_open.csv,unknown: repository LICENSE is MIT (software); terms of the original measurement sources are not listed,"GB school Dec2014-Nov2015; sum of observed hours, gaps not filled; unit kWh assumed (not stated by source)"
bdg1:PrimClass_Jayla,gb.unknown,GB,school,2015-02-01,2015-02-28,2382.0,kWh,reported,actual,0.9970,2132.0,dataset_metadata,derived,BDG1@521a6c0f,data/raw/temp_open_utc.csv:PrimClass_Jayla + meta_open.csv,unknown: repository LICENSE is MIT (software); terms of the original measurement sources are not listed,"GB school Dec2014-Nov2015; sum of observed hours, gaps not filled; unit kWh assumed (not stated by source)"
bdg1:PrimClass_Jayla,gb.unknown,GB,school,2015-03-01,2015-03-31,2613.9,kWh,reported,actual,0.9704,2132.0,dataset_metadata,derived,BDG1@521a6c0f,data/raw/temp_open_utc.csv:PrimClass_Jayla + meta_open.csv,unknown: repository LICENSE is MIT (software); terms of the original measurement sources are not listed,"GB school Dec2014-Nov2015; sum of observed hours, gaps not filled; unit kWh assumed (not stated by source)"
bdg1:PrimClass_Jayla,gb.unknown,GB,school,2015-04-01,2015-04-30,1936.0,kWh,reported,actual,1.0000,2132.0,dataset_metadata,derived,BDG1@521a6c0f,data/raw/temp_open_utc.csv:PrimClass_Jayla + meta_open.csv,unknown: repository LICENSE is MIT (software); terms of the original measurement sources are not listed,"GB school Dec2014-Nov2015; sum of observed hours, gaps not filled; unit kWh assumed (not stated by source)"
bdg1:PrimClass_Jayla,gb.unknown,GB,school,2015-05-01,2015-05-31,2377.0,kWh,reported,actual,0.9946,2132.0,dataset_metadata,derived,BDG1@521a6c0f,data/raw/temp_open_utc.csv:PrimClass_Jayla + meta_open.csv,unknown: repository LICENSE is MIT (software); terms of the original measurement sources are not listed,"GB school Dec2014-Nov2015; sum of observed hours, gaps not filled; unit kWh assumed (not stated by source)"
bdg1:PrimClass_Jayla,gb.unknown,GB,school,2015-06-01,2015-06-30,1966.6,kWh,reported,actual,0.7028,2132.0,dataset_metadata,derived,BDG1@521a6c0f,data/raw/temp_open_utc.csv:PrimClass_Jayla + meta_open.csv,unknown: repository LICENSE is MIT (software); terms of the original measurement sources are not listed,"GB school Dec2014-Nov2015; sum of observed hours, gaps not filled; unit kWh assumed (not stated by source)"
bdg1:PrimClass_Jayla,gb.unknown,GB,school,2015-07-01,2015-07-31,2283.7,kWh,reported,actual,1.0000,2132.0,dataset_metadata,derived,BDG1@521a6c0f,data/raw/temp_open_utc.csv:PrimClass_Jayla + meta_open.csv,unknown: repository LICENSE is MIT (software); terms of the original measurement sources are not listed,"GB school Dec2014-Nov2015; sum of observed hours, gaps not filled; unit kWh assumed (not stated by source)"
bdg1:PrimClass_Jayla,gb.unknown,GB,school,2015-08-01,2015-08-31,1491.6,kWh,reported,actual,1.0000,2132.0,dataset_metadata,derived,BDG1@521a6c0f,data/raw/temp_open_utc.csv:PrimClass_Jayla + meta_open.csv,unknown: repository LICENSE is MIT (software); terms of the original measurement sources are not listed,"GB school Dec2014-Nov2015; sum of observed hours, gaps not filled; unit kWh assumed (not stated by source)"
bdg1:PrimClass_Jayla,gb.unknown,GB,school,2015-09-01,2015-09-30,2855.9,kWh,reported,actual,0.9958,2132.0,dataset_metadata,derived,BDG1@521a6c0f,data/raw/temp_open_utc.csv:PrimClass_Jayla + meta_open.csv,unknown: repository LICENSE is MIT (software); terms of the original measurement sources are not listed,"GB school Dec2014-Nov2015; sum of observed hours, gaps not filled; unit kWh assumed (not stated by source)"
bdg1:PrimClass_Jayla,gb.unknown,GB,school,2015-10-01,2015-10-31,2292.6,kWh,reported,actual,0.9691,2132.0,dataset_metadata,derived,BDG1@521a6c0f,data/raw/temp_open_utc.csv:PrimClass_Jayla + meta_open.csv,unknown: repository LICENSE is MIT (software); terms of the original measurement sources are not listed,"GB school Dec2014-Nov2015; sum of observed hours, gaps not filled; unit kWh assumed (not stated by source)"
bdg1:PrimClass_Jayla,gb.unknown,GB,school,2015-11-01,2015-11-30,2850.3055,kWh,reported,actual,0.9069,2132.0,dataset_metadata,derived,BDG1@521a6c0f,data/raw/temp_open_utc.csv:PrimClass_Jayla + meta_open.csv,unknown: repository LICENSE is MIT (software); terms of the original measurement sources are not listed,"GB school Dec2014-Nov2015; sum of observed hours, gaps not filled; unit kWh assumed (not stated by source)"
bdg1:PrimClass_Janiya,gb.unknown,GB,school,2014-12-01,2014-12-31,3923.7041,kWh,reported,actual,0.9180,2937.0,dataset_metadata,derived,BDG1@521a6c0f,data/raw/temp_open_utc.csv:PrimClass_Janiya + meta_open.csv,unknown: repository LICENSE is MIT (software); terms of the original measurement sources are not listed,"GB school Dec2014-Nov2015; sum of observed hours, gaps not filled; unit kWh assumed (not stated by source)"
bdg1:PrimClass_Janiya,gb.unknown,GB,school,2015-01-01,2015-01-31,4890.9,kWh,reported,actual,0.9758,2937.0,dataset_metadata,derived,BDG1@521a6c0f,data/raw/temp_open_utc.csv:PrimClass_Janiya + meta_open.csv,unknown: repository LICENSE is MIT (software); terms of the original measurement sources are not listed,"GB school Dec2014-Nov2015; sum of observed hours, gaps not filled; unit kWh assumed (not stated by source)"
bdg1:PrimClass_Janiya,gb.unknown,GB,school,2015-02-01,2015-02-28,4060.4,kWh,reported,actual,0.9836,2937.0,dataset_metadata,derived,BDG1@521a6c0f,data/raw/temp_open_utc.csv:PrimClass_Janiya + meta_open.csv,unknown: repository LICENSE is MIT (software); terms of the original measurement sources are not listed,"GB school Dec2014-Nov2015; sum of observed hours, gaps not filled; unit kWh assumed (not stated by source)"
bdg1:PrimClass_Janiya,gb.unknown,GB,school,2015-03-01,2015-03-31,4412.3,kWh,reported,actual,0.9623,2937.0,dataset_metadata,derived,BDG1@521a6c0f,data/raw/temp_open_utc.csv:PrimClass_Janiya + meta_open.csv,unknown: repository LICENSE is MIT (software); terms of the original measurement sources are not listed,"GB school Dec2014-Nov2015; sum of observed hours, gaps not filled; unit kWh assumed (not stated by source)"
bdg1:PrimClass_Janiya,gb.unknown,GB,school,2015-04-01,2015-04-30,3025.8,kWh,reported,actual,1.0000,2937.0,dataset_metadata,derived,BDG1@521a6c0f,data/raw/temp_open_utc.csv:PrimClass_Janiya + meta_open.csv,unknown: repository LICENSE is MIT (software); terms of the original measurement sources are not listed,"GB school Dec2014-Nov2015; sum of observed hours, gaps not filled; unit kWh assumed (not stated by source)"
bdg1:PrimClass_Janiya,gb.unknown,GB,school,2015-05-01,2015-05-31,3150.6,kWh,reported,actual,0.9973,2937.0,dataset_metadata,derived,BDG1@521a6c0f,data/raw/temp_open_utc.csv:PrimClass_Janiya + meta_open.csv,unknown: repository LICENSE is MIT (software); terms of the original measurement sources are not listed,"GB school Dec2014-Nov2015; sum of observed hours, gaps not filled; unit kWh assumed (not stated by source)"
bdg1:PrimClass_Janiya,gb.unknown,GB,school,2015-06-01,2015-06-30,2647.1,kWh,reported,actual,0.7028,2937.0,dataset_metadata,derived,BDG1@521a6c0f,data/raw/temp_open_utc.csv:PrimClass_Janiya + meta_open.csv,unknown: repository LICENSE is MIT (software); terms of the original measurement sources are not listed,"GB school Dec2014-Nov2015; sum of observed hours, gaps not filled; unit kWh assumed (not stated by source)"
bdg1:PrimClass_Janiya,gb.unknown,GB,school,2015-07-01,2015-07-31,2900.1,kWh,reported,actual,1.0000,2937.0,dataset_metadata,derived,BDG1@521a6c0f,data/raw/temp_open_utc.csv:PrimClass_Janiya + meta_open.csv,unknown: repository LICENSE is MIT (software); terms of the original measurement sources are not listed,"GB school Dec2014-Nov2015; sum of observed hours, gaps not filled; unit kWh assumed (not stated by source)"
bdg1:PrimClass_Janiya,gb.unknown,GB,school,2015-08-01,2015-08-31,1425.2,kWh,reported,actual,1.0000,2937.0,dataset_metadata,derived,BDG1@521a6c0f,data/raw/temp_open_utc.csv:PrimClass_Janiya + meta_open.csv,unknown: repository LICENSE is MIT (software); terms of the original measurement sources are not listed,"GB school Dec2014-Nov2015; sum of observed hours, gaps not filled; unit kWh assumed (not stated by source)"
bdg1:PrimClass_Janiya,gb.unknown,GB,school,2015-09-01,2015-09-30,4354.6,kWh,reported,actual,0.9958,2937.0,dataset_metadata,derived,BDG1@521a6c0f,data/raw/temp_open_utc.csv:PrimClass_Janiya + meta_open.csv,unknown: repository LICENSE is MIT (software); terms of the original measurement sources are not listed,"GB school Dec2014-Nov2015; sum of observed hours, gaps not filled; unit kWh assumed (not stated by source)"
bdg1:PrimClass_Janiya,gb.unknown,GB,school,2015-10-01,2015-10-31,3777.2,kWh,reported,actual,0.9946,2937.0,dataset_metadata,derived,BDG1@521a6c0f,data/raw/temp_open_utc.csv:PrimClass_Janiya + meta_open.csv,unknown: repository LICENSE is MIT (software); terms of the original measurement sources are not listed,"GB school Dec2014-Nov2015; sum of observed hours, gaps not filled; unit kWh assumed (not stated by source)"
bdg1:PrimClass_Janiya,gb.unknown,GB,school,2015-11-01,2015-11-30,4215.2041,kWh,reported,actual,0.8542,2937.0,dataset_metadata,derived,BDG1@521a6c0f,data/raw/temp_open_utc.csv:PrimClass_Janiya + meta_open.csv,unknown: repository LICENSE is MIT (software); terms of the original measurement sources are not listed,"GB school Dec2014-Nov2015; sum of observed hours, gaps not filled; unit kWh assumed (not stated by source)"
bdg1:PrimClass_Janice,gb.unknown,GB,school,2014-12-01,2014-12-31,2965.4021,kWh,reported,actual,0.8844,2152.0,dataset_metadata,derived,BDG1@521a6c0f,data/raw/temp_open_utc.csv:PrimClass_Janice + meta_open.csv,unknown: repository LICENSE is MIT (software); terms of the original measurement sources are not listed,"GB school Dec2014-Nov2015; sum of observed hours, gaps not filled; unit kWh assumed (not stated by source)"
bdg1:PrimClass_Janice,gb.unknown,GB,school,2015-01-01,2015-01-31,4003.1,kWh,reported,actual,0.9355,2152.0,dataset_metadata,derived,BDG1@521a6c0f,data/raw/temp_open_utc.csv:PrimClass_Janice + meta_open.csv,unknown: repository LICENSE is MIT (software); terms of the original measurement sources are not listed,"GB school Dec2014-Nov2015; sum of observed hours, gaps not filled; unit kWh assumed (not stated by source)"
bdg1:PrimClass_Janice,gb.unknown,GB,school,2015-02-01,2015-02-28,3487.8,kWh,reported,actual,0.9390,2152.0,dataset_metadata,derived,BDG1@521a6c0f,data/raw/temp_open_utc.csv:PrimClass_Janice + meta_open.csv,unknown: repository LICENSE is MIT (software); terms of the original measurement sources are not listed,"GB school Dec2014-Nov2015; sum of observed hours, gaps not filled; unit kWh assumed (not stated by source)"
bdg1:PrimClass_Janice,gb.unknown,GB,school,2015-03-01,2015-03-31,3414.1,kWh,reported,actual,0.9677,2152.0,dataset_metadata,derived,BDG1@521a6c0f,data/raw/temp_open_utc.csv:PrimClass_Janice + meta_open.csv,unknown: repository LICENSE is MIT (software); terms of the original measurement sources are not listed,"GB school Dec2014-Nov2015; sum of observed hours, gaps not filled; unit kWh assumed (not stated by source)"
bdg1:PrimClass_Janice,gb.unknown,GB,school,2015-04-01,2015-04-30,2157.9,kWh,reported,actual,1.0000,2152.0,dataset_metadata,derived,BDG1@521a6c0f,data/raw/temp_open_utc.csv:PrimClass_Janice + meta_open.csv,unknown: repository LICENSE is MIT (software); terms of the original measurement sources are not listed,"GB school Dec2014-Nov2015; sum of observed hours, gaps not filled; unit kWh assumed (not stated by source)"
bdg1:PrimClass_Janice,gb.unknown,GB,school,2015-05-01,2015-05-31,2094.3896,kWh,reported,actual,0.9677,2152.0,dataset_metadata,derived,BDG1@521a6c0f,data/raw/temp_open_utc.csv:PrimClass_Janice + meta_open.csv,unknown: repository LICENSE is MIT (software); terms of the original measurement sources are not listed,"GB school Dec2014-Nov2015; sum of observed hours, gaps not filled; unit kWh assumed (not stated by source)"
bdg1:PrimClass_Janice,gb.unknown,GB,school,2015-06-01,2015-06-30,1238.2,kWh,reported,actual,0.7028,2152.0,dataset_metadata,derived,BDG1@521a6c0f,data/raw/temp_open_utc.csv:PrimClass_Janice + meta_open.csv,unknown: repository LICENSE is MIT (software); terms of the original measurement sources are not listed,"GB school Dec2014-Nov2015; sum of observed hours, gaps not filled; unit kWh assumed (not stated by source)"
bdg1:PrimClass_Janice,gb.unknown,GB,school,2015-07-01,2015-07-31,2102.3,kWh,reported,actual,1.0000,2152.0,dataset_metadata,derived,BDG1@521a6c0f,data/raw/temp_open_utc.csv:PrimClass_Janice + meta_open.csv,unknown: repository LICENSE is MIT (software); terms of the original measurement sources are not listed,"GB school Dec2014-Nov2015; sum of observed hours, gaps not filled; unit kWh assumed (not stated by source)"
bdg1:PrimClass_Janice,gb.unknown,GB,school,2015-08-01,2015-08-31,2529.6,kWh,reported,actual,1.0000,2152.0,dataset_metadata,derived,BDG1@521a6c0f,data/raw/temp_open_utc.csv:PrimClass_Janice + meta_open.csv,unknown: repository LICENSE is MIT (software); terms of the original measurement sources are not listed,"GB school Dec2014-Nov2015; sum of observed hours, gaps not filled; unit kWh assumed (not stated by source)"
bdg1:PrimClass_Janice,gb.unknown,GB,school,2015-09-01,2015-09-30,2396.7,kWh,reported,actual,0.9944,2152.0,dataset_metadata,derived,BDG1@521a6c0f,data/raw/temp_open_utc.csv:PrimClass_Janice + meta_open.csv,unknown: repository LICENSE is MIT (software); terms of the original measurement sources are not listed,"GB school Dec2014-Nov2015; sum of observed hours, gaps not filled; unit kWh assumed (not stated by source)"
bdg1:PrimClass_Janice,gb.unknown,GB,school,2015-10-01,2015-10-31,3297.4,kWh,reported,actual,0.9987,2152.0,dataset_metadata,derived,BDG1@521a6c0f,data/raw/temp_open_utc.csv:PrimClass_Janice + meta_open.csv,unknown: repository LICENSE is MIT (software); terms of the original measurement sources are not listed,"GB school Dec2014-Nov2015; sum of observed hours, gaps not filled; unit kWh assumed (not stated by source)"
bdg1:PrimClass_Janice,gb.unknown,GB,school,2015-11-01,2015-11-30,3696.9055,kWh,reported,actual,0.9194,2152.0,dataset_metadata,derived,BDG1@521a6c0f,data/raw/temp_open_utc.csv:PrimClass_Janice + meta_open.csv,unknown: repository LICENSE is MIT (software); terms of the original measurement sources are not listed,"GB school Dec2014-Nov2015; sum of observed hours, gaps not filled; unit kWh assumed (not stated by source)"
bdg1:PrimClass_Jaden,gb.unknown,GB,school,2014-12-01,2014-12-31,4585.6795,kWh,reported,actual,0.9651,2572.0,dataset_metadata,derived,BDG1@521a6c0f,data/raw/temp_open_utc.csv:PrimClass_Jaden + meta_open.csv,unknown: repository LICENSE is MIT (software); terms of the original measurement sources are not listed,"GB school Dec2014-Nov2015; sum of observed hours, gaps not filled; unit kWh assumed (not stated by source)"
bdg1:PrimClass_Jaden,gb.unknown,GB,school,2015-01-01,2015-01-31,5452.09,kWh,reported,actual,0.9610,2572.0,dataset_metadata,derived,BDG1@521a6c0f,data/raw/temp_open_utc.csv:PrimClass_Jaden + meta_open.csv,unknown: repository LICENSE is MIT (software); terms of the original measurement sources are not listed,"GB school Dec2014-Nov2015; sum of observed hours, gaps not filled; unit kWh assumed (not stated by source)"
bdg1:PrimClass_Jaden,gb.unknown,GB,school,2015-02-01,2015-02-28,4165.603,kWh,reported,actual,0.9658,2572.0,dataset_metadata,derived,BDG1@521a6c0f,data/raw/temp_open_utc.csv:PrimClass_Jaden + meta_open.csv,unknown: repository LICENSE is MIT (software); terms of the original measurement sources are not listed,"GB school Dec2014-Nov2015; sum of observed hours, gaps not filled; unit kWh assumed (not stated by source)"
bdg1:PrimClass_Jaden,gb.unknown,GB,school,2015-03-01,2015-03-31,5126.454,kWh,reported,actual,0.9812,2572.0,dataset_metadata,derived,BDG1@521a6c0f,data/raw/temp_open_utc.csv:PrimClass_Jaden + meta_open.csv,unknown: repository LICENSE is MIT (software); terms of the original measurement sources are not listed,"GB school Dec2014-Nov2015; sum of observed hours, gaps not filled; unit kWh assumed (not stated by source)"
bdg1:PrimClass_Jaden,gb.unknown,GB,school,2015-04-01,2015-04-30,3734.899,kWh,reported,actual,1.0000,2572.0,dataset_metadata,derived,BDG1@521a6c0f,data/raw/temp_open_utc.csv:PrimClass_Jaden + meta_open.csv,unknown: repository LICENSE is MIT (software); terms of the original measurement sources are not listed,"GB school Dec2014-Nov2015; sum of observed hours, gaps not filled; unit kWh assumed (not stated by source)"
bdg1:PrimClass_Jaden,gb.unknown,GB,school,2015-05-01,2015-05-31,3958.304,kWh,reported,actual,1.0000,2572.0,dataset_metadata,derived,BDG1@521a6c0f,data/raw/temp_open_utc.csv:PrimClass_Jaden + meta_open.csv,unknown: repository LICENSE is MIT (software); terms of the original measurement sources are not listed,"GB school Dec2014-Nov2015; sum of observed hours, gaps not filled; unit kWh assumed (not stated by source)"
bdg1:PrimClass_Jaden,gb.unknown,GB,school,2015-06-01,2015-06-30,3619.192,kWh,reported,actual,1.0000,2572.0,dataset_metadata,derived,BDG1@521a6c0f,data/raw/temp_open_utc.csv:PrimClass_Jaden + meta_open.csv,unknown: repository LICENSE is MIT (software); terms of the original measurement sources are not listed,"GB school Dec2014-Nov2015; sum of observed hours, gaps not filled; unit kWh assumed (not stated by source)"
bdg1:PrimClass_Jaden,gb.unknown,GB,school,2015-07-01,2015-07-31,3612.934,kWh,reported,actual,1.0000,2572.0,dataset_metadata,derived,BDG1@521a6c0f,data/raw/temp_open_utc.csv:PrimClass_Jaden + meta_open.csv,unknown: repository LICENSE is MIT (software); terms of the original measurement sources are not listed,"GB school Dec2014-Nov2015; sum of observed hours, gaps not filled; unit kWh assumed (not stated by source)"
bdg1:PrimClass_Jaden,gb.unknown,GB,school,2015-08-01,2015-08-31,1788.099,kWh,reported,actual,1.0000,2572.0,dataset_metadata,derived,BDG1@521a6c0f,data/raw/temp_open_utc.csv:PrimClass_Jaden + meta_open.csv,unknown: repository LICENSE is MIT (software); terms of the original measurement sources are not listed,"GB school Dec2014-Nov2015; sum of observed hours, gaps not filled; unit kWh assumed (not stated by source)"
bdg1:PrimClass_Jaden,gb.unknown,GB,school,2015-09-01,2015-09-30,4847.14,kWh,reported,actual,0.9986,2572.0,dataset_metadata,derived,BDG1@521a6c0f,data/raw/temp_open_utc.csv:PrimClass_Jaden + meta_open.csv,unknown: repository LICENSE is MIT (software); terms of the original measurement sources are not listed,"GB school Dec2014-Nov2015; sum of observed hours, gaps not filled; unit kWh assumed (not stated by source)"
bdg1:PrimClass_Jaden,gb.unknown,GB,school,2015-10-01,2015-10-31,4584.58,kWh,reported,actual,1.0000,2572.0,dataset_metadata,derived,BDG1@521a6c0f,data/raw/temp_open_utc.csv:PrimClass_Jaden + meta_open.csv,unknown: repository LICENSE is MIT (software); terms of the original measurement sources are not listed,"GB school Dec2014-Nov2015; sum of observed hours, gaps not filled; unit kWh assumed (not stated by source)"
bdg1:PrimClass_Jaden,gb.unknown,GB,school,2015-11-01,2015-11-30,5399.6667,kWh,reported,actual,0.9389,2572.0,dataset_metadata,derived,BDG1@521a6c0f,data/raw/temp_open_utc.csv:PrimClass_Jaden + meta_open.csv,unknown: repository LICENSE is MIT (software); terms of the original measurement sources are not listed,"GB school Dec2014-Nov2015; sum of observed hours, gaps not filled; unit kWh assumed (not stated by source)"
bdg1:PrimClass_Jermaine,gb.unknown,GB,school,2014-12-01,2014-12-31,3817.6041,kWh,reported,actual,0.9597,2154.0,dataset_metadata,derived,BDG1@521a6c0f,data/raw/temp_open_utc.csv:PrimClass_Jermaine + meta_open.csv,unknown: repository LICENSE is MIT (software); terms of the original measurement sources are not listed,"GB school Dec2014-Nov2015; sum of observed hours, gaps not filled; unit kWh assumed (not stated by source)"
bdg1:PrimClass_Jermaine,gb.unknown,GB,school,2015-01-01,2015-01-31,4796.6,kWh,reported,actual,0.9812,2154.0,dataset_metadata,derived,BDG1@521a6c0f,data/raw/temp_open_utc.csv:PrimClass_Jermaine + meta_open.csv,unknown: repository LICENSE is MIT (software); terms of the original measurement sources are not listed,"GB school Dec2014-Nov2015; sum of observed hours, gaps not filled; unit kWh assumed (not stated by source)"
bdg1:PrimClass_Jermaine,gb.unknown,GB,school,2015-02-01,2015-02-28,3488.4,kWh,reported,actual,0.9539,2154.0,dataset_metadata,derived,BDG1@521a6c0f,data/raw/temp_open_utc.csv:PrimClass_Jermaine + meta_open.csv,unknown: repository LICENSE is MIT (software); terms of the original measurement sources are not listed,"GB school Dec2014-Nov2015; sum of observed hours, gaps not filled; unit kWh assumed (not stated by source)"
bdg1:PrimClass_Jermaine,gb.unknown,GB,school,2015-03-01,2015-03-31,4334.5,kWh,reported,actual,0.9542,2154.0,dataset_metadata,derived,BDG1@521a6c0f,data/raw/temp_open_utc.csv:PrimClass_Jermaine + meta_open.csv,unknown: repository LICENSE is MIT (software); terms of the original measurement sources are not listed,"GB school Dec2014-Nov2015; sum of observed hours, gaps not filled; unit kWh assumed (not stated by source)"
bdg1:PrimClass_Jermaine,gb.unknown,GB,school,2015-04-01,2015-04-30,3223.1,kWh,reported,actual,1.0000,2154.0,dataset_metadata,derived,BDG1@521a6c0f,data/raw/temp_open_utc.csv:PrimClass_Jermaine + meta_open.csv,unknown: repository LICENSE is MIT (software); terms of the original measurement sources are not listed,"GB school Dec2014-Nov2015; sum of observed hours, gaps not filled; unit kWh assumed (not stated by source)"
bdg1:PrimClass_Jermaine,gb.unknown,GB,school,2015-05-01,2015-05-31,3515.0,kWh,reported,actual,0.9987,2154.0,dataset_metadata,derived,BDG1@521a6c0f,data/raw/temp_open_utc.csv:PrimClass_Jermaine + meta_open.csv,unknown: repository LICENSE is MIT (software); terms of the original measurement sources are not listed,"GB school Dec2014-Nov2015; sum of observed hours, gaps not filled; unit kWh assumed (not stated by source)"
bdg1:PrimClass_Jermaine,gb.unknown,GB,school,2015-06-01,2015-06-30,3012.0,kWh,reported,actual,0.7028,2154.0,dataset_metadata,derived,BDG1@521a6c0f,data/raw/temp_open_utc.csv:PrimClass_Jermaine + meta_open.csv,unknown: repository LICENSE is MIT (software); terms of the original measurement sources are not listed,"GB school Dec2014-Nov2015; sum of observed hours, gaps not filled; unit kWh assumed (not stated by source)"
bdg1:PrimClass_Jermaine,gb.unknown,GB,school,2015-07-01,2015-07-31,3189.3,kWh,reported,actual,1.0000,2154.0,dataset_metadata,derived,BDG1@521a6c0f,data/raw/temp_open_utc.csv:PrimClass_Jermaine + meta_open.csv,unknown: repository LICENSE is MIT (software); terms of the original measurement sources are not listed,"GB school Dec2014-Nov2015; sum of observed hours, gaps not filled; unit kWh assumed (not stated by source)"
bdg1:PrimClass_Jermaine,gb.unknown,GB,school,2015-08-01,2015-08-31,1346.8,kWh,reported,actual,1.0000,2154.0,dataset_metadata,derived,BDG1@521a6c0f,data/raw/temp_open_utc.csv:PrimClass_Jermaine + meta_open.csv,unknown: repository LICENSE is MIT (software); terms of the original measurement sources are not listed,"GB school Dec2014-Nov2015; sum of observed hours, gaps not filled; unit kWh assumed (not stated by source)"
bdg1:PrimClass_Jermaine,gb.unknown,GB,school,2015-09-01,2015-09-30,4494.1,kWh,reported,actual,1.0000,2154.0,dataset_metadata,derived,BDG1@521a6c0f,data/raw/temp_open_utc.csv:PrimClass_Jermaine + meta_open.csv,unknown: repository LICENSE is MIT (software); terms of the original measurement sources are not listed,"GB school Dec2014-Nov2015; sum of observed hours, gaps not filled; unit kWh assumed (not stated by source)"
bdg1:PrimClass_Jermaine,gb.unknown,GB,school,2015-10-01,2015-10-31,4169.1,kWh,reported,actual,0.9960,2154.0,dataset_metadata,derived,BDG1@521a6c0f,data/raw/temp_open_utc.csv:PrimClass_Jermaine + meta_open.csv,unknown: repository LICENSE is MIT (software); terms of the original measurement sources are not listed,"GB school Dec2014-Nov2015; sum of observed hours, gaps not filled; unit kWh assumed (not stated by source)"
bdg1:PrimClass_Jermaine,gb.unknown,GB,school,2015-11-01,2015-11-30,4421.5379,kWh,reported,actual,0.8944,2154.0,dataset_metadata,derived,BDG1@521a6c0f,data/raw/temp_open_utc.csv:PrimClass_Jermaine + meta_open.csv,unknown: repository LICENSE is MIT (software); terms of the original measurement sources are not listed,"GB school Dec2014-Nov2015; sum of observed hours, gaps not filled; unit kWh assumed (not stated by source)"
bdg1:PrimClass_Josephine,gb.unknown,GB,school,2014-12-01,2014-12-31,7559.6598,kWh,reported,actual,0.9624,3984.0,dataset_metadata,derived,BDG1@521a6c0f,data/raw/temp_open_utc.csv:PrimClass_Josephine + meta_open.csv,unknown: repository LICENSE is MIT (software); terms of the original measurement sources are not listed,"GB school Dec2014-Nov2015; sum of observed hours, gaps not filled; unit kWh assumed (not stated by source)"
bdg1:PrimClass_Josephine,gb.unknown,GB,school,2015-01-01,2015-01-31,8948.0,kWh,reported,actual,0.9825,3984.0,dataset_metadata,derived,BDG1@521a6c0f,data/raw/temp_open_utc.csv:PrimClass_Josephine + meta_open.csv,unknown: repository LICENSE is MIT (software); terms of the original measurement sources are not listed,"GB school Dec2014-Nov2015; sum of observed hours, gaps not filled; unit kWh assumed (not stated by source)"
bdg1:PrimClass_Josephine,gb.unknown,GB,school,2015-02-01,2015-02-28,6984.3,kWh,reported,actual,0.9583,3984.0,dataset_metadata,derived,BDG1@521a6c0f,data/raw/temp_open_utc.csv:PrimClass_Josephine + meta_open.csv,unknown: repository LICENSE is MIT (software); terms of the original measurement sources are not listed,"GB school Dec2014-Nov2015; sum of observed hours, gaps not filled; unit kWh assumed (not stated by source)"
bdg1:PrimClass_Josephine,gb.unknown,GB,school,2015-03-01,2015-03-31,8421.0,kWh,reported,actual,0.9610,3984.0,dataset_metadata,derived,BDG1@521a6c0f,data/raw/temp_open_utc.csv:PrimClass_Josephine + meta_open.csv,unknown: repository LICENSE is MIT (software); terms of the original measurement sources are not listed,"GB school Dec2014-Nov2015; sum of observed hours, gaps not filled; unit kWh assumed (not stated by source)"
bdg1:PrimClass_Josephine,gb.unknown,GB,school,2015-04-01,2015-04-30,6374.0,kWh,reported,actual,1.0000,3984.0,dataset_metadata,derived,BDG1@521a6c0f,data/raw/temp_open_utc.csv:PrimClass_Josephine + meta_open.csv,unknown: repository LICENSE is MIT (software); terms of the original measurement sources are not listed,"GB school Dec2014-Nov2015; sum of observed hours, gaps not filled; unit kWh assumed (not stated by source)"
bdg1:PrimClass_Josephine,gb.unknown,GB,school,2015-05-01,2015-05-31,6336.6,kWh,reported,actual,1.0000,3984.0,dataset_metadata,derived,BDG1@521a6c0f,data/raw/temp_open_utc.csv:PrimClass_Josephine + meta_open.csv,unknown: repository LICENSE is MIT (software); terms of the original measurement sources are not listed,"GB school Dec2014-Nov2015; sum of observed hours, gaps not filled; unit kWh assumed (not stated by source)"
bdg1:PrimClass_Josephine,gb.unknown,GB,school,2015-06-01,2015-06-30,5611.8,kWh,reported,actual,0.7014,3984.0,dataset_metadata,derived,BDG1@521a6c0f,data/raw/temp_open_utc.csv:PrimClass_Josephine + meta_open.csv,unknown: repository LICENSE is MIT (software); terms of the original measurement sources are not listed,"GB school Dec2014-Nov2015; sum of observed hours, gaps not filled; unit kWh assumed (not stated by source)"
bdg1:PrimClass_Josephine,gb.unknown,GB,school,2015-07-01,2015-07-31,6834.5,kWh,reported,actual,1.0000,3984.0,dataset_metadata,derived,BDG1@521a6c0f,data/raw/temp_open_utc.csv:PrimClass_Josephine + meta_open.csv,unknown: repository LICENSE is MIT (software); terms of the original measurement sources are not listed,"GB school Dec2014-Nov2015; sum of observed hours, gaps not filled; unit kWh assumed (not stated by source)"
bdg1:PrimClass_Josephine,gb.unknown,GB,school,2015-08-01,2015-08-31,2289.2,kWh,reported,actual,1.0000,3984.0,dataset_metadata,derived,BDG1@521a6c0f,data/raw/temp_open_utc.csv:PrimClass_Josephine + meta_open.csv,unknown: repository LICENSE is MIT (software); terms of the original measurement sources are not listed,"GB school Dec2014-Nov2015; sum of observed hours, gaps not filled; unit kWh assumed (not stated by source)"
bdg1:PrimClass_Josephine,gb.unknown,GB,school,2015-09-01,2015-09-30,7557.0,kWh,reported,actual,1.0000,3984.0,dataset_metadata,derived,BDG1@521a6c0f,data/raw/temp_open_utc.csv:PrimClass_Josephine + meta_open.csv,unknown: repository LICENSE is MIT (software); terms of the original measurement sources are not listed,"GB school Dec2014-Nov2015; sum of observed hours, gaps not filled; unit kWh assumed (not stated by source)"
bdg1:PrimClass_Josephine,gb.unknown,GB,school,2015-10-01,2015-10-31,6905.6,kWh,reported,actual,1.0000,3984.0,dataset_metadata,derived,BDG1@521a6c0f,data/raw/temp_open_utc.csv:PrimClass_Josephine + meta_open.csv,unknown: repository LICENSE is MIT (software); terms of the original measurement sources are not listed,"GB school Dec2014-Nov2015; sum of observed hours, gaps not filled; unit kWh assumed (not stated by source)"
bdg1:PrimClass_Josephine,gb.unknown,GB,school,2015-11-01,2015-11-30,8067.2096,kWh,reported,actual,0.9333,3984.0,dataset_metadata,derived,BDG1@521a6c0f,data/raw/temp_open_utc.csv:PrimClass_Josephine + meta_open.csv,unknown: repository LICENSE is MIT (software); terms of the original measurement sources are not listed,"GB school Dec2014-Nov2015; sum of observed hours, gaps not filled; unit kWh assumed (not stated by source)"
bdg1:PrimClass_Javier,gb.unknown,GB,school,2014-12-01,2014-12-31,3649.3567,kWh,reported,actual,0.9073,1877.0,dataset_metadata,derived,BDG1@521a6c0f,data/raw/temp_open_utc.csv:PrimClass_Javier + meta_open.csv,unknown: repository LICENSE is MIT (software); terms of the original measurement sources are not listed,"GB school Dec2014-Nov2015; sum of observed hours, gaps not filled; unit kWh assumed (not stated by source)"
bdg1:PrimClass_Javier,gb.unknown,GB,school,2015-01-01,2015-01-31,4476.9,kWh,reported,actual,0.9247,1877.0,dataset_metadata,derived,BDG1@521a6c0f,data/raw/temp_open_utc.csv:PrimClass_Javier + meta_open.csv,unknown: repository LICENSE is MIT (software); terms of the original measurement sources are not listed,"GB school Dec2014-Nov2015; sum of observed hours, gaps not filled; unit kWh assumed (not stated by source)"
bdg1:PrimClass_Javier,gb.unknown,GB,school,2015-02-01,2015-02-28,3850.9,kWh,reported,actual,0.9554,1877.0,dataset_metadata,derived,BDG1@521a6c0f,data/raw/temp_open_utc.csv:PrimClass_Javier + meta_open.csv,unknown: repository LICENSE is MIT (software); terms of the original measurement sources are not listed,"GB school Dec2014-Nov2015; sum of observed hours, gaps not filled; unit kWh assumed (not stated by source)"
bdg1:PrimClass_Javier,gb.unknown,GB,school,2015-03-01,2015-03-31,4495.4,kWh,reported,actual,0.9394,1877.0,dataset_metadata,derived,BDG1@521a6c0f,data/raw/temp_open_utc.csv:PrimClass_Javier + meta_open.csv,unknown: repository LICENSE is MIT (software); terms of the original measurement sources are not listed,"GB school Dec2014-Nov2015; sum of observed hours, gaps not filled; unit kWh assumed (not stated by source)"
bdg1:PrimClass_Javier,gb.unknown,GB,school,2015-04-01,2015-04-30,3080.8,kWh,reported,actual,0.9194,1877.0,dataset_metadata,derived,BDG1@521a6c0f,data/raw/temp_open_utc.csv:PrimClass_Javier + meta_open.csv,unknown: repository LICENSE is MIT (software); terms of the original measurement sources are not listed,"GB school Dec2014-Nov2015; sum of observed hours, gaps not filled; unit kWh assumed (not stated by source)"
bdg1:PrimClass_Javier,gb.unknown,GB,school,2015-05-01,2015-05-31,3269.9,kWh,reported,actual,0.9664,1877.0,dataset_metadata,derived,BDG1@521a6c0f,data/raw/temp_open_utc.csv:PrimClass_Javier + meta_open.csv,unknown: repository LICENSE is MIT (software); terms of the original measurement sources are not listed,"GB school Dec2014-Nov2015; sum of observed hours, gaps not filled; unit kWh assumed (not stated by source)"
bdg1:PrimClass_Javier,gb.unknown,GB,school,2015-06-01,2015-06-30,2797.5,kWh,reported,actual,0.6958,1877.0,dataset_metadata,derived,BDG1@521a6c0f,data/raw/temp_open_utc.csv:PrimClass_Javier + meta_open.csv,unknown: repository LICENSE is MIT (software); terms of the original measurement sources are not listed,"GB school Dec2014-Nov2015; sum of observed hours, gaps not filled; unit kWh assumed (not stated by source)"
bdg1:PrimClass_Javier,gb.unknown,GB,school,2015-07-01,2015-07-31,3173.4,kWh,reported,actual,0.9610,1877.0,dataset_metadata,derived,BDG1@521a6c0f,data/raw/temp_open_utc.csv:PrimClass_Javier + meta_open.csv,unknown: repository LICENSE is MIT (software); terms of the original measurement sources are not listed,"GB school Dec2014-Nov2015; sum of observed hours, gaps not filled; unit kWh assumed (not stated by source)"
bdg1:PrimClass_Javier,gb.unknown,GB,school,2015-08-01,2015-08-31,1650.0,kWh,reported,actual,0.9422,1877.0,dataset_metadata,derived,BDG1@521a6c0f,data/raw/temp_open_utc.csv:PrimClass_Javier + meta_open.csv,unknown: repository LICENSE is MIT (software); terms of the original measurement sources are not listed,"GB school Dec2014-Nov2015; sum of observed hours, gaps not filled; unit kWh assumed (not stated by source)"
bdg1:PrimClass_Javier,gb.unknown,GB,school,2015-09-01,2015-09-30,4267.3,kWh,reported,actual,0.9722,1877.0,dataset_metadata,derived,BDG1@521a6c0f,data/raw/temp_open_utc.csv:PrimClass_Javier + meta_open.csv,unknown: repository LICENSE is MIT (software); terms of the original measurement sources are not listed,"GB school Dec2014-Nov2015; sum of observed hours, gaps not filled; unit kWh assumed (not stated by source)"
bdg1:PrimClass_Javier,gb.unknown,GB,school,2015-10-01,2015-10-31,4129.7,kWh,reported,actual,0.9933,1877.0,dataset_metadata,derived,BDG1@521a6c0f,data/raw/temp_open_utc.csv:PrimClass_Javier + meta_open.csv,unknown: repository LICENSE is MIT (software); terms of the original measurement sources are not listed,"GB school Dec2014-Nov2015; sum of observed hours, gaps not filled; unit kWh assumed (not stated by source)"
bdg1:PrimClass_Javier,gb.unknown,GB,school,2015-11-01,2015-11-30,4625.5407,kWh,reported,actual,0.8986,1877.0,dataset_metadata,derived,BDG1@521a6c0f,data/raw/temp_open_utc.csv:PrimClass_Javier + meta_open.csv,unknown: repository LICENSE is MIT (software); terms of the original measurement sources are not listed,"GB school Dec2014-Nov2015; sum of observed hours, gaps not filled; unit kWh assumed (not stated by source)"
bdg1:PrimClass_Jeanette,gb.unknown,GB,school,2014-12-01,2014-12-31,6191.168,kWh,reported,actual,0.9301,2182.0,dataset_metadata,derived,BDG1@521a6c0f,data/raw/temp_open_utc.csv:PrimClass_Jeanette + meta_open.csv,unknown: repository LICENSE is MIT (software); terms of the original measurement sources are not listed,"GB school Dec2014-Nov2015; sum of observed hours, gaps not filled; unit kWh assumed (not stated by source)"
bdg1:PrimClass_Jeanette,gb.unknown,GB,school,2015-01-01,2015-01-31,6925.7,kWh,reported,actual,0.9476,2182.0,dataset_metadata,derived,BDG1@521a6c0f,data/raw/temp_open_utc.csv:PrimClass_Jeanette + meta_open.csv,unknown: repository LICENSE is MIT (software); terms of the original measurement sources are not listed,"GB school Dec2014-Nov2015; sum of observed hours, gaps not filled; unit kWh assumed (not stated by source)"
bdg1:PrimClass_Jeanette,gb.unknown,GB,school,2015-02-01,2015-02-28,6226.4,kWh,reported,actual,0.9658,2182.0,dataset_metadata,derived,BDG1@521a6c0f,data/raw/temp_open_utc.csv:PrimClass_Jeanette + meta_open.csv,unknown: repository LICENSE is MIT (software); terms of the original measurement sources are not listed,"GB school Dec2014-Nov2015; sum of observed hours, gaps not filled; unit kWh assumed (not stated by source)"
bdg1:PrimClass_Jeanette,gb.unknown,GB,school,2015-03-01,2015-03-31,6337.6,kWh,reported,actual,0.9623,2182.0,dataset_metadata,derived,BDG1@521a6c0f,data/raw/temp_open_utc.csv:PrimClass_Jeanette + meta_open.csv,unknown: repository LICENSE is MIT (software); terms of the original measurement sources are not listed,"GB school Dec2014-Nov2015; sum of observed hours, gaps not filled; unit kWh assumed (not stated by source)"
bdg1:PrimClass_Jeanette,gb.unknown,GB,school,2015-04-01,2015-04-30,4108.5,kWh,reported,actual,1.0000,2182.0,dataset_metadata,derived,BDG1@521a6c0f,data/raw/temp_open_utc.csv:PrimClass_Jeanette + meta_open.csv,unknown: repository LICENSE is MIT (software); terms of the original measurement sources are not listed,"GB school Dec2014-Nov2015; sum of observed hours, gaps not filled; unit kWh assumed (not stated by source)"
bdg1:PrimClass_Jeanette,gb.unknown,GB,school,2015-05-01,2015-05-31,3708.0,kWh,reported,actual,1.0000,2182.0,dataset_metadata,derived,BDG1@521a6c0f,data/raw/temp_open_utc.csv:PrimClass_Jeanette + meta_open.csv,unknown: repository LICENSE is MIT (software); terms of the original measurement sources are not listed,"GB school Dec2014-Nov2015; sum of observed hours, gaps not filled; unit kWh assumed (not stated by source)"
bdg1:PrimClass_Jeanette,gb.unknown,GB,school,2015-06-01,2015-06-30,2242.2,kWh,reported,actual,0.7028,2182.0,dataset_metadata,derived,BDG1@521a6c0f,data/raw/temp_open_utc.csv:PrimClass_Jeanette + meta_open.csv,unknown: repository LICENSE is MIT (software); terms of the original measurement sources are not listed,"GB school Dec2014-Nov2015; sum of observed hours, gaps not filled; unit kWh assumed (not stated by source)"
bdg1:PrimClass_Jeanette,gb.unknown,GB,school,2015-07-01,2015-07-31,2533.9,kWh,reported,actual,1.0000,2182.0,dataset_metadata,derived,BDG1@521a6c0f,data/raw/temp_open_utc.csv:PrimClass_Jeanette + meta_open.csv,unknown: repository LICENSE is MIT (software); terms of the original measurement sources are not listed,"GB school Dec2014-Nov2015; sum of observed hours, gaps not filled; unit kWh assumed (not stated by source)"
bdg1:PrimClass_Jeanette,gb.unknown,GB,school,2015-08-01,2015-08-31,1431.7,kWh,reported,actual,1.0000,2182.0,dataset_metadata,derived,BDG1@521a6c0f,data/raw/temp_open_utc.csv:PrimClass_Jeanette + meta_open.csv,unknown: repository LICENSE is MIT (software); terms of the original measurement sources are not listed,"GB school Dec2014-Nov2015; sum of observed hours, gaps not filled; unit kWh assumed (not stated by source)"
bdg1:PrimClass_Jeanette,gb.unknown,GB,school,2015-09-01,2015-09-30,3629.2,kWh,reported,actual,1.0000,2182.0,dataset_metadata,derived,BDG1@521a6c0f,data/raw/temp_open_utc.csv:PrimClass_Jeanette + meta_open.csv,unknown: repository LICENSE is MIT (software); terms of the original measurement sources are not listed,"GB school Dec2014-Nov2015; sum of observed hours, gaps not filled; unit kWh assumed (not stated by source)"
bdg1:PrimClass_Jeanette,gb.unknown,GB,school,2015-10-01,2015-10-31,3743.8,kWh,reported,actual,1.0000,2182.0,dataset_metadata,derived,BDG1@521a6c0f,data/raw/temp_open_utc.csv:PrimClass_Jeanette + meta_open.csv,unknown: repository LICENSE is MIT (software); terms of the original measurement sources are not listed,"GB school Dec2014-Nov2015; sum of observed hours, gaps not filled; unit kWh assumed (not stated by source)"
bdg1:PrimClass_Jeanette,gb.unknown,GB,school,2015-11-01,2015-11-30,5198.7421,kWh,reported,actual,0.9333,2182.0,dataset_metadata,derived,BDG1@521a6c0f,data/raw/temp_open_utc.csv:PrimClass_Jeanette + meta_open.csv,unknown: repository LICENSE is MIT (software); terms of the original measurement sources are not listed,"GB school Dec2014-Nov2015; sum of observed hours, gaps not filled; unit kWh assumed (not stated by source)"
bdg1:PrimClass_Julius,gb.unknown,GB,school,2014-12-01,2014-12-31,18309.0,kWh,reported,actual,1.0000,8866.0,dataset_metadata,derived,BDG1@521a6c0f,data/raw/temp_open_utc.csv:PrimClass_Julius + meta_open.csv,unknown: repository LICENSE is MIT (software); terms of the original measurement sources are not listed,"GB school Dec2014-Nov2015; sum of observed hours, gaps not filled; unit kWh assumed (not stated by source)"
bdg1:PrimClass_Julius,gb.unknown,GB,school,2015-01-01,2015-01-31,21810.5,kWh,reported,actual,1.0000,8866.0,dataset_metadata,derived,BDG1@521a6c0f,data/raw/temp_open_utc.csv:PrimClass_Julius + meta_open.csv,unknown: repository LICENSE is MIT (software); terms of the original measurement sources are not listed,"GB school Dec2014-Nov2015; sum of observed hours, gaps not filled; unit kWh assumed (not stated by source)"
bdg1:PrimClass_Julius,gb.unknown,GB,school,2015-02-01,2015-02-28,19180.5,kWh,reported,actual,1.0000,8866.0,dataset_metadata,derived,BDG1@521a6c0f,data/raw/temp_open_utc.csv:PrimClass_Julius + meta_open.csv,unknown: repository LICENSE is MIT (software); terms of the original measurement sources are not listed,"GB school Dec2014-Nov2015; sum of observed hours, gaps not filled; unit kWh assumed (not stated by source)"
bdg1:PrimClass_Julius,gb.unknown,GB,school,2015-03-01,2015-03-31,20612.8,kWh,reported,actual,1.0000,8866.0,dataset_metadata,derived,BDG1@521a6c0f,data/raw/temp_open_utc.csv:PrimClass_Julius + meta_open.csv,unknown: repository LICENSE is MIT (software); terms of the original measurement sources are not listed,"GB school Dec2014-Nov2015; sum of observed hours, gaps not filled; unit kWh assumed (not stated by source)"
bdg1:PrimClass_Julius,gb.unknown,GB,school,2015-04-01,2015-04-30,15705.8997,kWh,reported,actual,0.9667,8866.0,dataset_metadata,derived,BDG1@521a6c0f,data/raw/temp_open_utc.csv:PrimClass_Julius + meta_open.csv,unknown: repository LICENSE is MIT (software); terms of the original measurement sources are not listed,"GB school Dec2014-Nov2015; sum of observed hours, gaps not filled; unit kWh assumed (not stated by source)"
bdg1:PrimClass_Julius,gb.unknown,GB,school,2015-05-01,2015-05-31,2387.7085,kWh,reported,actual,0.2903,8866.0,dataset_metadata,derived,BDG1@521a6c0f,data/raw/temp_open_utc.csv:PrimClass_Julius + meta_open.csv,unknown: repository LICENSE is MIT (software); terms of the original measurement sources are not listed,"GB school Dec2014-Nov2015; sum of observed hours, gaps not filled; unit kWh assumed (not stated by source)"
bdg1:PrimClass_Julius,gb.unknown,GB,school,2015-06-01,2015-06-30,20359.6,kWh,reported,actual,1.0000,8866.0,dataset_metadata,derived,BDG1@521a6c0f,data/raw/temp_open_utc.csv:PrimClass_Julius + meta_open.csv,unknown: repository LICENSE is MIT (software); terms of the original measurement sources are not listed,"GB school Dec2014-Nov2015; sum of observed hours, gaps not filled; unit kWh assumed (not stated by source)"
bdg1:PrimClass_Julius,gb.unknown,GB,school,2015-07-01,2015-07-31,16962.0,kWh,reported,actual,1.0000,8866.0,dataset_metadata,derived,BDG1@521a6c0f,data/raw/temp_open_utc.csv:PrimClass_Julius + meta_open.csv,unknown: repository LICENSE is MIT (software); terms of the original measurement sources are not listed,"GB school Dec2014-Nov2015; sum of observed hours, gaps not filled; unit kWh assumed (not stated by source)"
bdg1:PrimClass_Julius,gb.unknown,GB,school,2015-08-01,2015-08-31,8964.3,kWh,reported,actual,1.0000,8866.0,dataset_metadata,derived,BDG1@521a6c0f,data/raw/temp_open_utc.csv:PrimClass_Julius + meta_open.csv,unknown: repository LICENSE is MIT (software); terms of the original measurement sources are not listed,"GB school Dec2014-Nov2015; sum of observed hours, gaps not filled; unit kWh assumed (not stated by source)"
bdg1:PrimClass_Julius,gb.unknown,GB,school,2015-09-01,2015-09-30,23792.5,kWh,reported,actual,1.0000,8866.0,dataset_metadata,derived,BDG1@521a6c0f,data/raw/temp_open_utc.csv:PrimClass_Julius + meta_open.csv,unknown: repository LICENSE is MIT (software); terms of the original measurement sources are not listed,"GB school Dec2014-Nov2015; sum of observed hours, gaps not filled; unit kWh assumed (not stated by source)"
bdg1:PrimClass_Julius,gb.unknown,GB,school,2015-10-01,2015-10-31,22562.9,kWh,reported,actual,1.0000,8866.0,dataset_metadata,derived,BDG1@521a6c0f,data/raw/temp_open_utc.csv:PrimClass_Julius + meta_open.csv,unknown: repository LICENSE is MIT (software); terms of the original measurement sources are not listed,"GB school Dec2014-Nov2015; sum of observed hours, gaps not filled; unit kWh assumed (not stated by source)"
bdg1:PrimClass_Julius,gb.unknown,GB,school,2015-11-01,2015-11-30,23804.1331,kWh,reported,actual,0.9236,8866.0,dataset_metadata,derived,BDG1@521a6c0f,data/raw/temp_open_utc.csv:PrimClass_Julius + meta_open.csv,unknown: repository LICENSE is MIT (software); terms of the original measurement sources are not listed,"GB school Dec2014-Nov2015; sum of observed hours, gaps not filled; unit kWh assumed (not stated by source)"
bdg1:PrimClass_Jaylinn,gb.unknown,GB,school,2014-12-01,2014-12-31,6589.8577,kWh,reported,actual,0.9503,2939.0,dataset_metadata,derived,BDG1@521a6c0f,data/raw/temp_open_utc.csv:PrimClass_Jaylinn + meta_open.csv,unknown: repository LICENSE is MIT (software); terms of the original measurement sources are not listed,"GB school Dec2014-Nov2015; sum of observed hours, gaps not filled; unit kWh assumed (not stated by source)"
bdg1:PrimClass_Jaylinn,gb.unknown,GB,school,2015-01-01,2015-01-31,7760.9,kWh,reported,actual,0.9570,2939.0,dataset_metadata,derived,BDG1@521a6c0f,data/raw/temp_open_utc.csv:PrimClass_Jaylinn + meta_open.csv,unknown: repository LICENSE is MIT (software); terms of the original measurement sources are not listed,"GB school Dec2014-Nov2015; sum of observed hours, gaps not filled; unit kWh assumed (not stated by source)"
bdg1:PrimClass_Jaylinn,gb.unknown,GB,school,2015-02-01,2015-02-28,6561.6,kWh,reported,actual,0.9762,2939.0,dataset_metadata,derived,BDG1@521a6c0f,data/raw/temp_open_utc.csv:PrimClass_Jaylinn + meta_open.csv,unknown: repository LICENSE is MIT (software); terms of the original measurement sources are not listed,"GB school Dec2014-Nov2015; sum of observed hours, gaps not filled; unit kWh assumed (not stated by source)"
bdg1:PrimClass_Jaylinn,gb.unknown,GB,school,2015-03-01,2015-03-31,7870.9,kWh,reported,actual,0.9650,2939.0,dataset_metadata,derived,BDG1@521a6c0f,data/raw/temp_open_utc.csv:PrimClass_Jaylinn + meta_open.csv,unknown: repository LICENSE is MIT (software); terms of the original measurement sources are not listed,"GB school Dec2014-Nov2015; sum of observed hours, gaps not filled; unit kWh assumed (not stated by source)"
bdg1:PrimClass_Jaylinn,gb.unknown,GB,school,2015-04-01,2015-04-30,5450.9,kWh,reported,actual,1.0000,2939.0,dataset_metadata,derived,BDG1@521a6c0f,data/raw/temp_open_utc.csv:PrimClass_Jaylinn + meta_open.csv,unknown: repository LICENSE is MIT (software); terms of the original measurement sources are not listed,"GB school Dec2014-Nov2015; sum of observed hours, gaps not filled; unit kWh assumed (not stated by source)"
bdg1:PrimClass_Jaylinn,gb.unknown,GB,school,2015-05-01,2015-05-31,6004.9,kWh,reported,actual,1.0000,2939.0,dataset_metadata,derived,BDG1@521a6c0f,data/raw/temp_open_utc.csv:PrimClass_Jaylinn + meta_open.csv,unknown: repository LICENSE is MIT (software); terms of the original measurement sources are not listed,"GB school Dec2014-Nov2015; sum of observed hours, gaps not filled; unit kWh assumed (not stated by source)"
bdg1:PrimClass_Jaylinn,gb.unknown,GB,school,2015-06-01,2015-06-30,4310.7,kWh,reported,actual,0.7028,2939.0,dataset_metadata,derived,BDG1@521a6c0f,data/raw/temp_open_utc.csv:PrimClass_Jaylinn + meta_open.csv,unknown: repository LICENSE is MIT (software); terms of the original measurement sources are not listed,"GB school Dec2014-Nov2015; sum of observed hours, gaps not filled; unit kWh assumed (not stated by source)"
bdg1:PrimClass_Jaylinn,gb.unknown,GB,school,2015-07-01,2015-07-31,4693.4,kWh,reported,actual,1.0000,2939.0,dataset_metadata,derived,BDG1@521a6c0f,data/raw/temp_open_utc.csv:PrimClass_Jaylinn + meta_open.csv,unknown: repository LICENSE is MIT (software); terms of the original measurement sources are not listed,"GB school Dec2014-Nov2015; sum of observed hours, gaps not filled; unit kWh assumed (not stated by source)"
bdg1:PrimClass_Jaylinn,gb.unknown,GB,school,2015-08-01,2015-08-31,2385.9,kWh,reported,actual,1.0000,2939.0,dataset_metadata,derived,BDG1@521a6c0f,data/raw/temp_open_utc.csv:PrimClass_Jaylinn + meta_open.csv,unknown: repository LICENSE is MIT (software); terms of the original measurement sources are not listed,"GB school Dec2014-Nov2015; sum of observed hours, gaps not filled; unit kWh assumed (not stated by source)"
bdg1:PrimClass_Jaylinn,gb.unknown,GB,school,2015-09-01,2015-09-30,6757.8,kWh,reported,actual,1.0000,2939.0,dataset_metadata,derived,BDG1@521a6c0f,data/raw/temp_open_utc.csv:PrimClass_Jaylinn + meta_open.csv,unknown: repository LICENSE is MIT (software); terms of the original measurement sources are not listed,"GB school Dec2014-Nov2015; sum of observed hours, gaps not filled; unit kWh assumed (not stated by source)"
bdg1:PrimClass_Jaylinn,gb.unknown,GB,school,2015-10-01,2015-10-31,6949.9,kWh,reported,actual,1.0000,2939.0,dataset_metadata,derived,BDG1@521a6c0f,data/raw/temp_open_utc.csv:PrimClass_Jaylinn + meta_open.csv,unknown: repository LICENSE is MIT (software); terms of the original measurement sources are not listed,"GB school Dec2014-Nov2015; sum of observed hours, gaps not filled; unit kWh assumed (not stated by source)"
bdg1:PrimClass_Jaylinn,gb.unknown,GB,school,2015-11-01,2015-11-30,7702.9407,kWh,reported,actual,0.9208,2939.0,dataset_metadata,derived,BDG1@521a6c0f,data/raw/temp_open_utc.csv:PrimClass_Jaylinn + meta_open.csv,unknown: repository LICENSE is MIT (software); terms of the original measurement sources are not listed,"GB school Dec2014-Nov2015; sum of observed hours, gaps not filled; unit kWh assumed (not stated by source)"
bdg1:PrimClass_Johanna,gb.unknown,GB,school,2014-12-01,2014-12-31,5629.4588,kWh,reported,actual,0.9274,2619.0,dataset_metadata,derived,BDG1@521a6c0f,data/raw/temp_open_utc.csv:PrimClass_Johanna + meta_open.csv,unknown: repository LICENSE is MIT (software); terms of the original measurement sources are not listed,"GB school Dec2014-Nov2015; sum of observed hours, gaps not filled; unit kWh assumed (not stated by source)"
bdg1:PrimClass_Johanna,gb.unknown,GB,school,2015-01-01,2015-01-31,6470.5,kWh,reported,actual,0.9261,2619.0,dataset_metadata,derived,BDG1@521a6c0f,data/raw/temp_open_utc.csv:PrimClass_Johanna + meta_open.csv,unknown: repository LICENSE is MIT (software); terms of the original measurement sources are not listed,"GB school Dec2014-Nov2015; sum of observed hours, gaps not filled; unit kWh assumed (not stated by source)"
bdg1:PrimClass_Johanna,gb.unknown,GB,school,2015-02-01,2015-02-28,5868.8,kWh,reported,actual,0.9524,2619.0,dataset_metadata,derived,BDG1@521a6c0f,data/raw/temp_open_utc.csv:PrimClass_Johanna + meta_open.csv,unknown: repository LICENSE is MIT (software); terms of the original measurement sources are not listed,"GB school Dec2014-Nov2015; sum of observed hours, gaps not filled; unit kWh assumed (not stated by source)"
bdg1:PrimClass_Johanna,gb.unknown,GB,school,2015-03-01,2015-03-31,6756.0,kWh,reported,actual,0.9435,2619.0,dataset_metadata,derived,BDG1@521a6c0f,data/raw/temp_open_utc.csv:PrimClass_Johanna + meta_open.csv,unknown: repository LICENSE is MIT (software); terms of the original measurement sources are not listed,"GB school Dec2014-Nov2015; sum of observed hours, gaps not filled; unit kWh assumed (not stated by source)"
bdg1:PrimClass_Johanna,gb.unknown,GB,school,2015-04-01,2015-04-30,5306.0,kWh,reported,actual,1.0000,2619.0,dataset_metadata,derived,BDG1@521a6c0f,data/raw/temp_open_utc.csv:PrimClass_Johanna + meta_open.csv,unknown: repository LICENSE is MIT (software); terms of the original measurement sources are not listed,"GB school Dec2014-Nov2015; sum of observed hours, gaps not filled; unit kWh assumed (not stated by source)"
bdg1:PrimClass_Johanna,gb.unknown,GB,school,2015-05-01,2015-05-31,5720.5,kWh,reported,actual,1.0000,2619.0,dataset_metadata,derived,BDG1@521a6c0f,data/raw/temp_open_utc.csv:PrimClass_Johanna + meta_open.csv,unknown: repository LICENSE is MIT (software); terms of the original measurement sources are not listed,"GB school Dec2014-Nov2015; sum of observed hours, gaps not filled; unit kWh assumed (not stated by source)"
bdg1:PrimClass_Johanna,gb.unknown,GB,school,2015-06-01,2015-06-30,4614.0,kWh,reported,actual,0.7028,2619.0,dataset_metadata,derived,BDG1@521a6c0f,data/raw/temp_open_utc.csv:PrimClass_Johanna + meta_open.csv,unknown: repository LICENSE is MIT (software); terms of the original measurement sources are not listed,"GB school Dec2014-Nov2015; sum of observed hours, gaps not filled; unit kWh assumed (not stated by source)"
bdg1:PrimClass_Johanna,gb.unknown,GB,school,2015-07-01,2015-07-31,4825.9,kWh,reported,actual,1.0000,2619.0,dataset_metadata,derived,BDG1@521a6c0f,data/raw/temp_open_utc.csv:PrimClass_Johanna + meta_open.csv,unknown: repository LICENSE is MIT (software); terms of the original measurement sources are not listed,"GB school Dec2014-Nov2015; sum of observed hours, gaps not filled; unit kWh assumed (not stated by source)"
bdg1:PrimClass_Johanna,gb.unknown,GB,school,2015-08-01,2015-08-31,2758.7,kWh,reported,actual,1.0000,2619.0,dataset_metadata,derived,BDG1@521a6c0f,data/raw/temp_open_utc.csv:PrimClass_Johanna + meta_open.csv,unknown: repository LICENSE is MIT (software); terms of the original measurement sources are not listed,"GB school Dec2014-Nov2015; sum of observed hours, gaps not filled; unit kWh assumed (not stated by source)"
bdg1:PrimClass_Johanna,gb.unknown,GB,school,2015-09-01,2015-09-30,6438.3,kWh,reported,actual,1.0000,2619.0,dataset_metadata,derived,BDG1@521a6c0f,data/raw/temp_open_utc.csv:PrimClass_Johanna + meta_open.csv,unknown: repository LICENSE is MIT (software); terms of the original measurement sources are not listed,"GB school Dec2014-Nov2015; sum of observed hours, gaps not filled; unit kWh assumed (not stated by source)"
bdg1:PrimClass_Johanna,gb.unknown,GB,school,2015-10-01,2015-10-31,6062.1,kWh,reported,actual,0.9987,2619.0,dataset_metadata,derived,BDG1@521a6c0f,data/raw/temp_open_utc.csv:PrimClass_Johanna + meta_open.csv,unknown: repository LICENSE is MIT (software); terms of the original measurement sources are not listed,"GB school Dec2014-Nov2015; sum of observed hours, gaps not filled; unit kWh assumed (not stated by source)"
bdg1:PrimClass_Johanna,gb.unknown,GB,school,2015-11-01,2015-11-30,7028.7759,kWh,reported,actual,0.9194,2619.0,dataset_metadata,derived,BDG1@521a6c0f,data/raw/temp_open_utc.csv:PrimClass_Johanna + meta_open.csv,unknown: repository LICENSE is MIT (software); terms of the original measurement sources are not listed,"GB school Dec2014-Nov2015; sum of observed hours, gaps not filled; unit kWh assumed (not stated by source)"
bdg1:PrimClass_Jodie,gb.unknown,GB,school,2014-12-01,2014-12-31,5842.7072,kWh,reported,actual,0.9637,2570.0,dataset_metadata,derived,BDG1@521a6c0f,data/raw/temp_open_utc.csv:PrimClass_Jodie + meta_open.csv,unknown: repository LICENSE is MIT (software); terms of the original measurement sources are not listed,"GB school Dec2014-Nov2015; sum of observed hours, gaps not filled; unit kWh assumed (not stated by source)"
bdg1:PrimClass_Jodie,gb.unknown,GB,school,2015-01-01,2015-01-31,6743.2,kWh,reported,actual,0.9718,2570.0,dataset_metadata,derived,BDG1@521a6c0f,data/raw/temp_open_utc.csv:PrimClass_Jodie + meta_open.csv,unknown: repository LICENSE is MIT (software); terms of the original measurement sources are not listed,"GB school Dec2014-Nov2015; sum of observed hours, gaps not filled; unit kWh assumed (not stated by source)"
bdg1:PrimClass_Jodie,gb.unknown,GB,school,2015-02-01,2015-02-28,4952.3,kWh,reported,actual,0.9449,2570.0,dataset_metadata,derived,BDG1@521a6c0f,data/raw/temp_open_utc.csv:PrimClass_Jodie + meta_open.csv,unknown: repository LICENSE is MIT (software); terms of the original measurement sources are not listed,"GB school Dec2014-Nov2015; sum of observed hours, gaps not filled; unit kWh assumed (not stated by source)"
bdg1:PrimClass_Jodie,gb.unknown,GB,school,2015-03-01,2015-03-31,6642.8,kWh,reported,actual,0.9569,2570.0,dataset_metadata,derived,BDG1@521a6c0f,data/raw/temp_open_utc.csv:PrimClass_Jodie + meta_open.csv,unknown: repository LICENSE is MIT (software); terms of the original measurement sources are not listed,"GB school Dec2014-Nov2015; sum of observed hours, gaps not filled; unit kWh assumed (not stated by source)"
bdg1:PrimClass_Jodie,gb.unknown,GB,school,2015-04-01,2015-04-30,5186.8,kWh,reported,actual,0.9986,2570.0,dataset_metadata,derived,BDG1@521a6c0f,data/raw/temp_open_utc.csv:PrimClass_Jodie + meta_open.csv,unknown: repository LICENSE is MIT (software); terms of the original measurement sources are not listed,"GB school Dec2014-Nov2015; sum of observed hours, gaps not filled; unit kWh assumed (not stated by source)"
bdg1:PrimClass_Jodie,gb.unknown,GB,school,2015-05-01,2015-05-31,5809.1,kWh,reported,actual,1.0000,2570.0,dataset_metadata,derived,BDG1@521a6c0f,data/raw/temp_open_utc.csv:PrimClass_Jodie + meta_open.csv,unknown: repository LICENSE is MIT (software); terms of the original measurement sources are not listed,"GB school Dec2014-Nov2015; sum of observed hours, gaps not filled; unit kWh assumed (not stated by source)"
bdg1:PrimClass_Jodie,gb.unknown,GB,school,2015-06-01,2015-06-30,4601.8,kWh,reported,actual,0.7028,2570.0,dataset_metadata,derived,BDG1@521a6c0f,data/raw/temp_open_utc.csv:PrimClass_Jodie + meta_open.csv,unknown: repository LICENSE is MIT (software); terms of the original measurement sources are not listed,"GB school Dec2014-Nov2015; sum of observed hours, gaps not filled; unit kWh assumed (not stated by source)"
bdg1:PrimClass_Jodie,gb.unknown,GB,school,2015-07-01,2015-07-31,5391.9,kWh,reported,actual,1.0000,2570.0,dataset_metadata,derived,BDG1@521a6c0f,data/raw/temp_open_utc.csv:PrimClass_Jodie + meta_open.csv,unknown: repository LICENSE is MIT (software); terms of the original measurement sources are not listed,"GB school Dec2014-Nov2015; sum of observed hours, gaps not filled; unit kWh assumed (not stated by source)"
bdg1:PrimClass_Jodie,gb.unknown,GB,school,2015-08-01,2015-08-31,3141.3,kWh,reported,actual,1.0000,2570.0,dataset_metadata,derived,BDG1@521a6c0f,data/raw/temp_open_utc.csv:PrimClass_Jodie + meta_open.csv,unknown: repository LICENSE is MIT (software); terms of the original measurement sources are not listed,"GB school Dec2014-Nov2015; sum of observed hours, gaps not filled; unit kWh assumed (not stated by source)"
bdg1:PrimClass_Jodie,gb.unknown,GB,school,2015-09-01,2015-09-30,6566.5,kWh,reported,actual,1.0000,2570.0,dataset_metadata,derived,BDG1@521a6c0f,data/raw/temp_open_utc.csv:PrimClass_Jodie + meta_open.csv,unknown: repository LICENSE is MIT (software); terms of the original measurement sources are not listed,"GB school Dec2014-Nov2015; sum of observed hours, gaps not filled; unit kWh assumed (not stated by source)"
bdg1:PrimClass_Jodie,gb.unknown,GB,school,2015-10-01,2015-10-31,6907.8,kWh,reported,actual,0.9987,2570.0,dataset_metadata,derived,BDG1@521a6c0f,data/raw/temp_open_utc.csv:PrimClass_Jodie + meta_open.csv,unknown: repository LICENSE is MIT (software); terms of the original measurement sources are not listed,"GB school Dec2014-Nov2015; sum of observed hours, gaps not filled; unit kWh assumed (not stated by source)"
bdg1:PrimClass_Jodie,gb.unknown,GB,school,2015-11-01,2015-11-30,7043.6435,kWh,reported,actual,0.9333,2570.0,dataset_metadata,derived,BDG1@521a6c0f,data/raw/temp_open_utc.csv:PrimClass_Jodie + meta_open.csv,unknown: repository LICENSE is MIT (software); terms of the original measurement sources are not listed,"GB school Dec2014-Nov2015; sum of observed hours, gaps not filled; unit kWh assumed (not stated by source)"
bdg1:PrimClass_Johnathan,gb.unknown,GB,school,2014-12-01,2014-12-31,6936.0124,kWh,reported,actual,0.9624,2815.0,dataset_metadata,derived,BDG1@521a6c0f,data/raw/temp_open_utc.csv:PrimClass_Johnathan + meta_open.csv,unknown: repository LICENSE is MIT (software); terms of the original measurement sources are not listed,"GB school Dec2014-Nov2015; sum of observed hours, gaps not filled; unit kWh assumed (not stated by source)"
bdg1:PrimClass_Johnathan,gb.unknown,GB,school,2015-01-01,2015-01-31,8495.9,kWh,reported,actual,0.9946,2815.0,dataset_metadata,derived,BDG1@521a6c0f,data/raw/temp_open_utc.csv:PrimClass_Johnathan + meta_open.csv,unknown: repository LICENSE is MIT (software); terms of the original measurement sources are not listed,"GB school Dec2014-Nov2015; sum of observed hours, gaps not filled; unit kWh assumed (not stated by source)"
bdg1:PrimClass_Johnathan,gb.unknown,GB,school,2015-02-01,2015-02-28,7079.3,kWh,reported,actual,0.9940,2815.0,dataset_metadata,derived,BDG1@521a6c0f,data/raw/temp_open_utc.csv:PrimClass_Johnathan + meta_open.csv,unknown: repository LICENSE is MIT (software); terms of the original measurement sources are not listed,"GB school Dec2014-Nov2015; sum of observed hours, gaps not filled; unit kWh assumed (not stated by source)"
bdg1:PrimClass_Johnathan,gb.unknown,GB,school,2015-03-01,2015-03-31,8349.1,kWh,reported,actual,0.9690,2815.0,dataset_metadata,derived,BDG1@521a6c0f,data/raw/temp_open_utc.csv:PrimClass_Johnathan + meta_open.csv,unknown: repository LICENSE is MIT (software); terms of the original measurement sources are not listed,"GB school Dec2014-Nov2015; sum of observed hours, gaps not filled; unit kWh assumed (not stated by source)"
bdg1:PrimClass_Johnathan,gb.unknown,GB,school,2015-04-01,2015-04-30,6632.8,kWh,reported,actual,1.0000,2815.0,dataset_metadata,derived,BDG1@521a6c0f,data/raw/temp_open_utc.csv:PrimClass_Johnathan + meta_open.csv,unknown: repository LICENSE is MIT (software); terms of the original measurement sources are not listed,"GB school Dec2014-Nov2015; sum of observed hours, gaps not filled; unit kWh assumed (not stated by source)"
bdg1:PrimClass_Johnathan,gb.unknown,GB,school,2015-05-01,2015-05-31,6532.5,kWh,reported,actual,0.9691,2815.0,dataset_metadata,derived,BDG1@521a6c0f,data/raw/temp_open_utc.csv:PrimClass_Johnathan + meta_open.csv,unknown: repository LICENSE is MIT (software); terms of the original measurement sources are not listed,"GB school Dec2014-Nov2015; sum of observed hours, gaps not filled; unit kWh assumed (not stated by source)"
bdg1:PrimClass_Johnathan,gb.unknown,GB,school,2015-06-01,2015-06-30,5742.7,kWh,reported,actual,0.7028,2815.0,dataset_metadata,derived,BDG1@521a6c0f,data/raw/temp_open_utc.csv:PrimClass_Johnathan + meta_open.csv,unknown: repository LICENSE is MIT (software); terms of the original measurement sources are not listed,"GB school Dec2014-Nov2015; sum of observed hours, gaps not filled; unit kWh assumed (not stated by source)"
bdg1:PrimClass_Johnathan,gb.unknown,GB,school,2015-07-01,2015-07-31,6440.6,kWh,reported,actual,1.0000,2815.0,dataset_metadata,derived,BDG1@521a6c0f,data/raw/temp_open_utc.csv:PrimClass_Johnathan + meta_open.csv,unknown: repository LICENSE is MIT (software); terms of the original measurement sources are not listed,"GB school Dec2014-Nov2015; sum of observed hours, gaps not filled; unit kWh assumed (not stated by source)"
bdg1:PrimClass_Johnathan,gb.unknown,GB,school,2015-08-01,2015-08-31,2404.5,kWh,reported,actual,1.0000,2815.0,dataset_metadata,derived,BDG1@521a6c0f,data/raw/temp_open_utc.csv:PrimClass_Johnathan + meta_open.csv,unknown: repository LICENSE is MIT (software); terms of the original measurement sources are not listed,"GB school Dec2014-Nov2015; sum of observed hours, gaps not filled; unit kWh assumed (not stated by source)"
bdg1:PrimClass_Johnathan,gb.unknown,GB,school,2015-09-01,2015-09-30,6043.7,kWh,reported,actual,1.0000,2815.0,dataset_metadata,derived,BDG1@521a6c0f,data/raw/temp_open_utc.csv:PrimClass_Johnathan + meta_open.csv,unknown: repository LICENSE is MIT (software); terms of the original measurement sources are not listed,"GB school Dec2014-Nov2015; sum of observed hours, gaps not filled; unit kWh assumed (not stated by source)"
bdg1:PrimClass_Johnathan,gb.unknown,GB,school,2015-10-01,2015-10-31,5510.3,kWh,reported,actual,1.0000,2815.0,dataset_metadata,derived,BDG1@521a6c0f,data/raw/temp_open_utc.csv:PrimClass_Johnathan + meta_open.csv,unknown: repository LICENSE is MIT (software); terms of the original measurement sources are not listed,"GB school Dec2014-Nov2015; sum of observed hours, gaps not filled; unit kWh assumed (not stated by source)"
bdg1:PrimClass_Johnathan,gb.unknown,GB,school,2015-11-01,2015-11-30,5645.8503,kWh,reported,actual,0.9333,2815.0,dataset_metadata,derived,BDG1@521a6c0f,data/raw/temp_open_utc.csv:PrimClass_Johnathan + meta_open.csv,unknown: repository LICENSE is MIT (software); terms of the original measurement sources are not listed,"GB school Dec2014-Nov2015; sum of observed hours, gaps not filled; unit kWh assumed (not stated by source)"
bdg1:PrimClass_Janis,gb.unknown,GB,school,2014-12-01,2014-12-31,1623.9031,kWh,reported,actual,0.9610,736.0,dataset_metadata,derived,BDG1@521a6c0f,data/raw/temp_open_utc.csv:PrimClass_Janis + meta_open.csv,unknown: repository LICENSE is MIT (software); terms of the original measurement sources are not listed,"GB school Dec2014-Nov2015; sum of observed hours, gaps not filled; unit kWh assumed (not stated by source)"
bdg1:PrimClass_Janis,gb.unknown,GB,school,2015-01-01,2015-01-31,2055.1,kWh,reported,actual,0.9825,736.0,dataset_metadata,derived,BDG1@521a6c0f,data/raw/temp_open_utc.csv:PrimClass_Janis + meta_open.csv,unknown: repository LICENSE is MIT (software); terms of the original measurement sources are not listed,"GB school Dec2014-Nov2015; sum of observed hours, gaps not filled; unit kWh assumed (not stated by source)"
bdg1:PrimClass_Janis,gb.unknown,GB,school,2015-02-01,2015-02-28,1694.9,kWh,reported,actual,0.9881,736.0,dataset_metadata,derived,BDG1@521a6c0f,data/raw/temp_open_utc.csv:PrimClass_Janis + meta_open.csv,unknown: repository LICENSE is MIT (software); terms of the original measurement sources are not listed,"GB school Dec2014-Nov2015; sum of observed hours, gaps not filled; unit kWh assumed (not stated by source)"
bdg1:PrimClass_Janis,gb.unknown,GB,school,2015-03-01,2015-03-31,1886.0,kWh,reported,actual,0.9664,736.0,dataset_metadata,derived,BDG1@521a6c0f,data/raw/temp_open_utc.csv:PrimClass_Janis + meta_open.csv,unknown: repository LICENSE is MIT (software); terms of the original measurement sources are not listed,"GB school Dec2014-Nov2015; sum of observed hours, gaps not filled; unit kWh assumed (not stated by source)"
bdg1:PrimClass_Janis,gb.unknown,GB,school,2015-04-01,2015-04-30,1563.5,kWh,reported,actual,1.0000,736.0,dataset_metadata,derived,BDG1@521a6c0f,data/raw/temp_open_utc.csv:PrimClass_Janis + meta_open.csv,unknown: repository LICENSE is MIT (software); terms of the original measurement sources are not listed,"GB school Dec2014-Nov2015; sum of observed hours, gaps not filled; unit kWh assumed (not stated by source)"
bdg1:PrimClass_Janis,gb.unknown,GB,school,2015-05-01,2015-05-31,1730.5,kWh,reported,actual,0.9987,736.0,dataset_metadata,derived,BDG1@521a6c0f,data/raw/temp_open_utc.csv:PrimClass_Janis + meta_open.csv,unknown: repository LICENSE is MIT (software); terms of the original measurement sources are not listed,"GB school Dec2014-Nov2015; sum of observed hours, gaps not filled; unit kWh assumed (not stated by source)"
bdg1:PrimClass_Janis,gb.unknown,GB,school,2015-06-01,2015-06-30,1370.5,kWh,reported,actual,0.7014,736.0,dataset_metadata,derived,BDG1@521a6c0f,data/raw/temp_open_utc.csv:PrimClass_Janis + meta_open.csv,unknown: repository LICENSE is MIT (software); terms of the original measurement sources are not listed,"GB school Dec2014-Nov2015; sum of observed hours, gaps not filled; unit kWh assumed (not stated by source)"
bdg1:PrimClass_Janis,gb.unknown,GB,school,2015-07-01,2015-07-31,1621.2,kWh,reported,actual,1.0000,736.0,dataset_metadata,derived,BDG1@521a6c0f,data/raw/temp_open_utc.csv:PrimClass_Janis + meta_open.csv,unknown: repository LICENSE is MIT (software); terms of the original measurement sources are not listed,"GB school Dec2014-Nov2015; sum of observed hours, gaps not filled; unit kWh assumed (not stated by source)"
bdg1:PrimClass_Janis,gb.unknown,GB,school,2015-08-01,2015-08-31,897.8,kWh,reported,actual,1.0000,736.0,dataset_metadata,derived,BDG1@521a6c0f,data/raw/temp_open_utc.csv:PrimClass_Janis + meta_open.csv,unknown: repository LICENSE is MIT (software); terms of the original measurement sources are not listed,"GB school Dec2014-Nov2015; sum of observed hours, gaps not filled; unit kWh assumed (not stated by source)"
bdg1:PrimClass_Janis,gb.unknown,GB,school,2015-09-01,2015-09-30,1944.5,kWh,reported,actual,0.9986,736.0,dataset_metadata,derived,BDG1@521a6c0f,data/raw/temp_open_utc.csv:PrimClass_Janis + meta_open.csv,unknown: repository LICENSE is MIT (software); terms of the original measurement sources are not listed,"GB school Dec2014-Nov2015; sum of observed hours, gaps not filled; unit kWh assumed (not stated by source)"
bdg1:PrimClass_Janis,gb.unknown,GB,school,2015-10-01,2015-10-31,1762.0,kWh,reported,actual,1.0000,736.0,dataset_metadata,derived,BDG1@521a6c0f,data/raw/temp_open_utc.csv:PrimClass_Janis + meta_open.csv,unknown: repository LICENSE is MIT (software); terms of the original measurement sources are not listed,"GB school Dec2014-Nov2015; sum of observed hours, gaps not filled; unit kWh assumed (not stated by source)"
bdg1:PrimClass_Janis,gb.unknown,GB,school,2015-11-01,2015-11-30,1787.3352,kWh,reported,actual,0.9250,736.0,dataset_metadata,derived,BDG1@521a6c0f,data/raw/temp_open_utc.csv:PrimClass_Janis + meta_open.csv,unknown: repository LICENSE is MIT (software); terms of the original measurement sources are not listed,"GB school Dec2014-Nov2015; sum of observed hours, gaps not filled; unit kWh assumed (not stated by source)"
bdg1:PrimClass_Jamal,gb.unknown,GB,school,2014-12-01,2014-12-31,6331.3062,kWh,reported,actual,0.9503,2335.0,dataset_metadata,derived,BDG1@521a6c0f,data/raw/temp_open_utc.csv:PrimClass_Jamal + meta_open.csv,unknown: repository LICENSE is MIT (software); terms of the original measurement sources are not listed,"GB school Dec2014-Nov2015; sum of observed hours, gaps not filled; unit kWh assumed (not stated by source)"
bdg1:PrimClass_Jamal,gb.unknown,GB,school,2015-01-01,2015-01-31,6764.1,kWh,reported,actual,0.9368,2335.0,dataset_metadata,derived,BDG1@521a6c0f,data/raw/temp_open_utc.csv:PrimClass_Jamal + meta_open.csv,unknown: repository LICENSE is MIT (software); terms of the original measurement sources are not listed,"GB school Dec2014-Nov2015; sum of observed hours, gaps not filled; unit kWh assumed (not stated by source)"
bdg1:PrimClass_Jamal,gb.unknown,GB,school,2015-02-01,2015-02-28,5198.1,kWh,reported,actual,0.9464,2335.0,dataset_metadata,derived,BDG1@521a6c0f,data/raw/temp_open_utc.csv:PrimClass_Jamal + meta_open.csv,unknown: repository LICENSE is MIT (software); terms of the original measurement sources are not listed,"GB school Dec2014-Nov2015; sum of observed hours, gaps not filled; unit kWh assumed (not stated by source)"
bdg1:PrimClass_Jamal,gb.unknown,GB,school,2015-03-01,2015-03-31,6538.2,kWh,reported,actual,0.9421,2335.0,dataset_metadata,derived,BDG1@521a6c0f,data/raw/temp_open_utc.csv:PrimClass_Jamal + meta_open.csv,unknown: repository LICENSE is MIT (software); terms of the original measurement sources are not listed,"GB school Dec2014-Nov2015; sum of observed hours, gaps not filled; unit kWh assumed (not stated by source)"
bdg1:PrimClass_Jamal,gb.unknown,GB,school,2015-04-01,2015-04-30,4592.6,kWh,reported,actual,1.0000,2335.0,dataset_metadata,derived,BDG1@521a6c0f,data/raw/temp_open_utc.csv:PrimClass_Jamal + meta_open.csv,unknown: repository LICENSE is MIT (software); terms of the original measurement sources are not listed,"GB school Dec2014-Nov2015; sum of observed hours, gaps not filled; unit kWh assumed (not stated by source)"
bdg1:PrimClass_Jamal,gb.unknown,GB,school,2015-05-01,2015-05-31,5096.0,kWh,reported,actual,1.0000,2335.0,dataset_metadata,derived,BDG1@521a6c0f,data/raw/temp_open_utc.csv:PrimClass_Jamal + meta_open.csv,unknown: repository LICENSE is MIT (software); terms of the original measurement sources are not listed,"GB school Dec2014-Nov2015; sum of observed hours, gaps not filled; unit kWh assumed (not stated by source)"
bdg1:PrimClass_Jamal,gb.unknown,GB,school,2015-06-01,2015-06-30,4466.5,kWh,reported,actual,0.7028,2335.0,dataset_metadata,derived,BDG1@521a6c0f,data/raw/temp_open_utc.csv:PrimClass_Jamal + meta_open.csv,unknown: repository LICENSE is MIT (software); terms of the original measurement sources are not listed,"GB school Dec2014-Nov2015; sum of observed hours, gaps not filled; unit kWh assumed (not stated by source)"
bdg1:PrimClass_Jamal,gb.unknown,GB,school,2015-07-01,2015-07-31,4294.7,kWh,reported,actual,1.0000,2335.0,dataset_metadata,derived,BDG1@521a6c0f,data/raw/temp_open_utc.csv:PrimClass_Jamal + meta_open.csv,unknown: repository LICENSE is MIT (software); terms of the original measurement sources are not listed,"GB school Dec2014-Nov2015; sum of observed hours, gaps not filled; unit kWh assumed (not stated by source)"
bdg1:PrimClass_Jamal,gb.unknown,GB,school,2015-08-01,2015-08-31,1819.4,kWh,reported,actual,1.0000,2335.0,dataset_metadata,derived,BDG1@521a6c0f,data/raw/temp_open_utc.csv:PrimClass_Jamal + meta_open.csv,unknown: repository LICENSE is MIT (software); terms of the original measurement sources are not listed,"GB school Dec2014-Nov2015; sum of observed hours, gaps not filled; unit kWh assumed (not stated by source)"
bdg1:PrimClass_Jamal,gb.unknown,GB,school,2015-09-01,2015-09-30,6489.0,kWh,reported,actual,1.0000,2335.0,dataset_metadata,derived,BDG1@521a6c0f,data/raw/temp_open_utc.csv:PrimClass_Jamal + meta_open.csv,unknown: repository LICENSE is MIT (software); terms of the original measurement sources are not listed,"GB school Dec2014-Nov2015; sum of observed hours, gaps not filled; unit kWh assumed (not stated by source)"
bdg1:PrimClass_Jamal,gb.unknown,GB,school,2015-10-01,2015-10-31,5879.8,kWh,reported,actual,1.0000,2335.0,dataset_metadata,derived,BDG1@521a6c0f,data/raw/temp_open_utc.csv:PrimClass_Jamal + meta_open.csv,unknown: repository LICENSE is MIT (software); terms of the original measurement sources are not listed,"GB school Dec2014-Nov2015; sum of observed hours, gaps not filled; unit kWh assumed (not stated by source)"
bdg1:PrimClass_Jamal,gb.unknown,GB,school,2015-11-01,2015-11-30,6821.5379,kWh,reported,actual,0.9292,2335.0,dataset_metadata,derived,BDG1@521a6c0f,data/raw/temp_open_utc.csv:PrimClass_Jamal + meta_open.csv,unknown: repository LICENSE is MIT (software); terms of the original measurement sources are not listed,"GB school Dec2014-Nov2015; sum of observed hours, gaps not filled; unit kWh assumed (not stated by source)"
bdg1:PrimClass_Jose,gb.unknown,GB,school,2014-12-01,2014-12-31,3173.3557,kWh,reported,actual,0.9301,1123.0,dataset_metadata,derived,BDG1@521a6c0f,data/raw/temp_open_utc.csv:PrimClass_Jose + meta_open.csv,unknown: repository LICENSE is MIT (software); terms of the original measurement sources are not listed,"GB school Dec2014-Nov2015; sum of observed hours, gaps not filled; unit kWh assumed (not stated by source)"
bdg1:PrimClass_Jose,gb.unknown,GB,school,2015-01-01,2015-01-31,3178.3,kWh,reported,actual,0.9637,1123.0,dataset_metadata,derived,BDG1@521a6c0f,data/raw/temp_open_utc.csv:PrimClass_Jose + meta_open.csv,unknown: repository LICENSE is MIT (software); terms of the original measurement sources are not listed,"GB school Dec2014-Nov2015; sum of observed hours, gaps not filled; unit kWh assumed (not stated by source)"
bdg1:PrimClass_Jose,gb.unknown,GB,school,2015-02-01,2015-02-28,2755.2,kWh,reported,actual,0.9554,1123.0,dataset_metadata,derived,BDG1@521a6c0f,data/raw/temp_open_utc.csv:PrimClass_Jose + meta_open.csv,unknown: repository LICENSE is MIT (software); terms of the original measurement sources are not listed,"GB school Dec2014-Nov2015; sum of observed hours, gaps not filled; unit kWh assumed (not stated by source)"
bdg1:PrimClass_Jose,gb.unknown,GB,school,2015-03-01,2015-03-31,2913.4,kWh,reported,actual,0.9502,1123.0,dataset_metadata,derived,BDG1@521a6c0f,data/raw/temp_open_utc.csv:PrimClass_Jose + meta_open.csv,unknown: repository LICENSE is MIT (software); terms of the original measurement sources are not listed,"GB school Dec2014-Nov2015; sum of observed hours, gaps not filled; unit kWh assumed (not stated by source)"
bdg1:PrimClass_Jose,gb.unknown,GB,school,2015-04-01,2015-04-30,2426.8,kWh,reported,actual,1.0000,1123.0,dataset_metadata,derived,BDG1@521a6c0f,data/raw/temp_open_utc.csv:PrimClass_Jose + meta_open.csv,unknown: repository LICENSE is MIT (software); terms of the original measurement sources are not listed,"GB school Dec2014-Nov2015; sum of observed hours, gaps not filled; unit kWh assumed (not stated by source)"
bdg1:PrimClass_Jose,gb.unknown,GB,school,2015-05-01,2015-05-31,2522.0,kWh,reported,actual,0.9973,1123.0,dataset_metadata,derived,BDG1@521a6c0f,data/raw/temp_open_utc.csv:PrimClass_Jose + meta_open.csv,unknown: repository LICENSE is MIT (software); terms of the original measurement sources are not listed,"GB school Dec2014-Nov2015; sum of observed hours, gaps not filled; unit kWh assumed (not stated by source)"
bdg1:PrimClass_Jose,gb.unknown,GB,school,2015-06-01,2015-06-30,2200.4,kWh,reported,actual,0.7028,1123.0,dataset_metadata,derived,BDG1@521a6c0f,data/raw/temp_open_utc.csv:PrimClass_Jose + meta_open.csv,unknown: repository LICENSE is MIT (software); terms of the original measurement sources are not listed,"GB school Dec2014-Nov2015; sum of observed hours, gaps not filled; unit kWh assumed (not stated by source)"
bdg1:PrimClass_Jose,gb.unknown,GB,school,2015-07-01,2015-07-31,2278.6,kWh,reported,actual,1.0000,1123.0,dataset_metadata,derived,BDG1@521a6c0f,data/raw/temp_open_utc.csv:PrimClass_Jose + meta_open.csv,unknown: repository LICENSE is MIT (software); terms of the original measurement sources are not listed,"GB school Dec2014-Nov2015; sum of observed hours, gaps not filled; unit kWh assumed (not stated by source)"
bdg1:PrimClass_Jose,gb.unknown,GB,school,2015-08-01,2015-08-31,1215.8,kWh,reported,actual,1.0000,1123.0,dataset_metadata,derived,BDG1@521a6c0f,data/raw/temp_open_utc.csv:PrimClass_Jose + meta_open.csv,unknown: repository LICENSE is MIT (software); terms of the original measurement sources are not listed,"GB school Dec2014-Nov2015; sum of observed hours, gaps not filled; unit kWh assumed (not stated by source)"
bdg1:PrimClass_Jose,gb.unknown,GB,school,2015-09-01,2015-09-30,2928.5,kWh,reported,actual,1.0000,1123.0,dataset_metadata,derived,BDG1@521a6c0f,data/raw/temp_open_utc.csv:PrimClass_Jose + meta_open.csv,unknown: repository LICENSE is MIT (software); terms of the original measurement sources are not listed,"GB school Dec2014-Nov2015; sum of observed hours, gaps not filled; unit kWh assumed (not stated by source)"
bdg1:PrimClass_Jose,gb.unknown,GB,school,2015-10-01,2015-10-31,2698.4,kWh,reported,actual,0.9812,1123.0,dataset_metadata,derived,BDG1@521a6c0f,data/raw/temp_open_utc.csv:PrimClass_Jose + meta_open.csv,unknown: repository LICENSE is MIT (software); terms of the original measurement sources are not listed,"GB school Dec2014-Nov2015; sum of observed hours, gaps not filled; unit kWh assumed (not stated by source)"
bdg1:PrimClass_Jose,gb.unknown,GB,school,2015-11-01,2015-11-30,2982.0366,kWh,reported,actual,0.9236,1123.0,dataset_metadata,derived,BDG1@521a6c0f,data/raw/temp_open_utc.csv:PrimClass_Jose + meta_open.csv,unknown: repository LICENSE is MIT (software); terms of the original measurement sources are not listed,"GB school Dec2014-Nov2015; sum of observed hours, gaps not filled; unit kWh assumed (not stated by source)"
bdg1:PrimClass_Julianna,gb.unknown,GB,school,2014-12-01,2014-12-31,8092.0598,kWh,reported,actual,0.9503,3211.0,dataset_metadata,derived,BDG1@521a6c0f,data/raw/temp_open_utc.csv:PrimClass_Julianna + meta_open.csv,unknown: repository LICENSE is MIT (software); terms of the original measurement sources are not listed,"GB school Dec2014-Nov2015; sum of observed hours, gaps not filled; unit kWh assumed (not stated by source)"
bdg1:PrimClass_Julianna,gb.unknown,GB,school,2015-01-01,2015-01-31,9229.0,kWh,reported,actual,0.9422,3211.0,dataset_metadata,derived,BDG1@521a6c0f,data/raw/temp_open_utc.csv:PrimClass_Julianna + meta_open.csv,unknown: repository LICENSE is MIT (software); terms of the original measurement sources are not listed,"GB school Dec2014-Nov2015; sum of observed hours, gaps not filled; unit kWh assumed (not stated by source)"
bdg1:PrimClass_Julianna,gb.unknown,GB,school,2015-02-01,2015-02-28,7905.8,kWh,reported,actual,0.9286,3211.0,dataset_metadata,derived,BDG1@521a6c0f,data/raw/temp_open_utc.csv:PrimClass_Julianna + meta_open.csv,unknown: repository LICENSE is MIT (software); terms of the original measurement sources are not listed,"GB school Dec2014-Nov2015; sum of observed hours, gaps not filled; unit kWh assumed (not stated by source)"
bdg1:PrimClass_Julianna,gb.unknown,GB,school,2015-03-01,2015-03-31,9672.9,kWh,reported,actual,0.9556,3211.0,dataset_metadata,derived,BDG1@521a6c0f,data/raw/temp_open_utc.csv:PrimClass_Julianna + meta_open.csv,unknown: repository LICENSE is MIT (software); terms of the original measurement sources are not listed,"GB school Dec2014-Nov2015; sum of observed hours, gaps not filled; unit kWh assumed (not stated by source)"
bdg1:PrimClass_Julianna,gb.unknown,GB,school,2015-04-01,2015-04-30,6998.7,kWh,reported,actual,1.0000,3211.0,dataset_metadata,derived,BDG1@521a6c0f,data/raw/temp_open_utc.csv:PrimClass_Julianna + meta_open.csv,unknown: repository LICENSE is MIT (software); terms of the original measurement sources are not listed,"GB school Dec2014-Nov2015; sum of observed hours, gaps not filled; unit kWh assumed (not stated by source)"
bdg1:PrimClass_Julianna,gb.unknown,GB,school,2015-05-01,2015-05-31,7166.5,kWh,reported,actual,1.0000,3211.0,dataset_metadata,derived,BDG1@521a6c0f,data/raw/temp_open_utc.csv:PrimClass_Julianna + meta_open.csv,unknown: repository LICENSE is MIT (software); terms of the original measurement sources are not listed,"GB school Dec2014-Nov2015; sum of observed hours, gaps not filled; unit kWh assumed (not stated by source)"
bdg1:PrimClass_Julianna,gb.unknown,GB,school,2015-06-01,2015-06-30,6044.2,kWh,reported,actual,0.7028,3211.0,dataset_metadata,derived,BDG1@521a6c0f,data/raw/temp_open_utc.csv:PrimClass_Julianna + meta_open.csv,unknown: repository LICENSE is MIT (software); terms of the original measurement sources are not listed,"GB school Dec2014-Nov2015; sum of observed hours, gaps not filled; unit kWh assumed (not stated by source)"
bdg1:PrimClass_Julianna,gb.unknown,GB,school,2015-07-01,2015-07-31,7102.5,kWh,reported,actual,1.0000,3211.0,dataset_metadata,derived,BDG1@521a6c0f,data/raw/temp_open_utc.csv:PrimClass_Julianna + meta_open.csv,unknown: repository LICENSE is MIT (software); terms of the original measurement sources are not listed,"GB school Dec2014-Nov2015; sum of observed hours, gaps not filled; unit kWh assumed (not stated by source)"
bdg1:PrimClass_Julianna,gb.unknown,GB,school,2015-08-01,2015-08-31,3007.8,kWh,reported,actual,1.0000,3211.0,dataset_metadata,derived,BDG1@521a6c0f,data/raw/temp_open_utc.csv:PrimClass_Julianna + meta_open.csv,unknown: repository LICENSE is MIT (software); terms of the original measurement sources are not listed,"GB school Dec2014-Nov2015; sum of observed hours, gaps not filled; unit kWh assumed (not stated by source)"
bdg1:PrimClass_Julianna,gb.unknown,GB,school,2015-09-01,2015-09-30,8733.4,kWh,reported,actual,1.0000,3211.0,dataset_metadata,derived,BDG1@521a6c0f,data/raw/temp_open_utc.csv:PrimClass_Julianna + meta_open.csv,unknown: repository LICENSE is MIT (software); terms of the original measurement sources are not listed,"GB school Dec2014-Nov2015; sum of observed hours, gaps not filled; unit kWh assumed (not stated by source)"
bdg1:PrimClass_Julianna,gb.unknown,GB,school,2015-10-01,2015-10-31,9095.8,kWh,reported,actual,1.0000,3211.0,dataset_metadata,derived,BDG1@521a6c0f,data/raw/temp_open_utc.csv:PrimClass_Julianna + meta_open.csv,unknown: repository LICENSE is MIT (software); terms of the original measurement sources are not listed,"GB school Dec2014-Nov2015; sum of observed hours, gaps not filled; unit kWh assumed (not stated by source)"
bdg1:PrimClass_Julianna,gb.unknown,GB,school,2015-11-01,2015-11-30,9727.1786,kWh,reported,actual,0.9236,3211.0,dataset_metadata,derived,BDG1@521a6c0f,data/raw/temp_open_utc.csv:PrimClass_Julianna + meta_open.csv,unknown: repository LICENSE is MIT (software); terms of the original measurement sources are not listed,"GB school Dec2014-Nov2015; sum of observed hours, gaps not filled; unit kWh assumed (not stated by source)"
bdg1:PrimClass_Jasmine,gb.unknown,GB,school,2014-12-01,2014-12-31,6493.1111,kWh,reported,actual,0.9355,2555.0,dataset_metadata,derived,BDG1@521a6c0f,data/raw/temp_open_utc.csv:PrimClass_Jasmine + meta_open.csv,unknown: repository LICENSE is MIT (software); terms of the original measurement sources are not listed,"GB school Dec2014-Nov2015; sum of observed hours, gaps not filled; unit kWh assumed (not stated by source)"
bdg1:PrimClass_Jasmine,gb.unknown,GB,school,2015-01-01,2015-01-31,8046.2,kWh,reported,actual,1.0000,2555.0,dataset_metadata,derived,BDG1@521a6c0f,data/raw/temp_open_utc.csv:PrimClass_Jasmine + meta_open.csv,unknown: repository LICENSE is MIT (software); terms of the original measurement sources are not listed,"GB school Dec2014-Nov2015; sum of observed hours, gaps not filled; unit kWh assumed (not stated by source)"
bdg1:PrimClass_Jasmine,gb.unknown,GB,school,2015-02-01,2015-02-28,6255.2,kWh,reported,actual,0.9985,2555.0,dataset_metadata,derived,BDG1@521a6c0f,data/raw/temp_open_utc.csv:PrimClass_Jasmine + meta_open.csv,unknown: repository LICENSE is MIT (software); terms of the original measurement sources are not listed,"GB school Dec2014-Nov2015; sum of observed hours, gaps not filled; unit kWh assumed (not stated by source)"
bdg1:PrimClass_Jasmine,gb.unknown,GB,school,2015-03-01,2015-03-31,7264.4,kWh,reported,actual,0.9704,2555.0,dataset_metadata,derived,BDG1@521a6c0f,data/raw/temp_open_utc.csv:PrimClass_Jasmine + meta_open.csv,unknown: repository LICENSE is MIT (software); terms of the original measurement sources are not listed,"GB school Dec2014-Nov2015; sum of observed hours, gaps not filled; unit kWh assumed (not stated by source)"
bdg1:PrimClass_Jasmine,gb.unknown,GB,school,2015-04-01,2015-04-30,5812.1,kWh,reported,actual,1.0000,2555.0,dataset_metadata,derived,BDG1@521a6c0f,data/raw/temp_open_utc.csv:PrimClass_Jasmine + meta_open.csv,unknown: repository LICENSE is MIT (software); terms of the original measurement sources are not listed,"GB school Dec2014-Nov2015; sum of observed hours, gaps not filled; unit kWh assumed (not stated by source)"
bdg1:PrimClass_Jasmine,gb.unknown,GB,school,2015-05-01,2015-05-31,6192.5,kWh,reported,actual,1.0000,2555.0,dataset_metadata,derived,BDG1@521a6c0f,data/raw/temp_open_utc.csv:PrimClass_Jasmine + meta_open.csv,unknown: repository LICENSE is MIT (software); terms of the original measurement sources are not listed,"GB school Dec2014-Nov2015; sum of observed hours, gaps not filled; unit kWh assumed (not stated by source)"
bdg1:PrimClass_Jasmine,gb.unknown,GB,school,2015-06-01,2015-06-30,4961.7,kWh,reported,actual,0.7028,2555.0,dataset_metadata,derived,BDG1@521a6c0f,data/raw/temp_open_utc.csv:PrimClass_Jasmine + meta_open.csv,unknown: repository LICENSE is MIT (software); terms of the original measurement sources are not listed,"GB school Dec2014-Nov2015; sum of observed hours, gaps not filled; unit kWh assumed (not stated by source)"
bdg1:PrimClass_Jasmine,gb.unknown,GB,school,2015-07-01,2015-07-31,5664.4,kWh,reported,actual,1.0000,2555.0,dataset_metadata,derived,BDG1@521a6c0f,data/raw/temp_open_utc.csv:PrimClass_Jasmine + meta_open.csv,unknown: repository LICENSE is MIT (software); terms of the original measurement sources are not listed,"GB school Dec2014-Nov2015; sum of observed hours, gaps not filled; unit kWh assumed (not stated by source)"
bdg1:PrimClass_Jasmine,gb.unknown,GB,school,2015-08-01,2015-08-31,2457.2,kWh,reported,actual,1.0000,2555.0,dataset_metadata,derived,BDG1@521a6c0f,data/raw/temp_open_utc.csv:PrimClass_Jasmine + meta_open.csv,unknown: repository LICENSE is MIT (software); terms of the original measurement sources are not listed,"GB school Dec2014-Nov2015; sum of observed hours, gaps not filled; unit kWh assumed (not stated by source)"
bdg1:PrimClass_Jasmine,gb.unknown,GB,school,2015-09-01,2015-09-30,7414.7,kWh,reported,actual,1.0000,2555.0,dataset_metadata,derived,BDG1@521a6c0f,data/raw/temp_open_utc.csv:PrimClass_Jasmine + meta_open.csv,unknown: repository LICENSE is MIT (software); terms of the original measurement sources are not listed,"GB school Dec2014-Nov2015; sum of observed hours, gaps not filled; unit kWh assumed (not stated by source)"
bdg1:PrimClass_Jasmine,gb.unknown,GB,school,2015-10-01,2015-10-31,7079.1,kWh,reported,actual,1.0000,2555.0,dataset_metadata,derived,BDG1@521a6c0f,data/raw/temp_open_utc.csv:PrimClass_Jasmine + meta_open.csv,unknown: repository LICENSE is MIT (software); terms of the original measurement sources are not listed,"GB school Dec2014-Nov2015; sum of observed hours, gaps not filled; unit kWh assumed (not stated by source)"
bdg1:PrimClass_Jasmine,gb.unknown,GB,school,2015-11-01,2015-11-30,7815.0773,kWh,reported,actual,0.9333,2555.0,dataset_metadata,derived,BDG1@521a6c0f,data/raw/temp_open_utc.csv:PrimClass_Jasmine + meta_open.csv,unknown: repository LICENSE is MIT (software); terms of the original measurement sources are not listed,"GB school Dec2014-Nov2015; sum of observed hours, gaps not filled; unit kWh assumed (not stated by source)"
bdg1:PrimClass_Jazmine,gb.unknown,GB,school,2014-12-01,2014-12-31,5408.9093,kWh,reported,actual,0.9530,2061.0,dataset_metadata,derived,BDG1@521a6c0f,data/raw/temp_open_utc.csv:PrimClass_Jazmine + meta_open.csv,unknown: repository LICENSE is MIT (software); terms of the original measurement sources are not listed,"GB school Dec2014-Nov2015; sum of observed hours, gaps not filled; unit kWh assumed (not stated by source)"
bdg1:PrimClass_Jazmine,gb.unknown,GB,school,2015-01-01,2015-01-31,6031.0,kWh,reported,actual,0.9543,2061.0,dataset_metadata,derived,BDG1@521a6c0f,data/raw/temp_open_utc.csv:PrimClass_Jazmine + meta_open.csv,unknown: repository LICENSE is MIT (software); terms of the original measurement sources are not listed,"GB school Dec2014-Nov2015; sum of observed hours, gaps not filled; unit kWh assumed (not stated by source)"
bdg1:PrimClass_Jazmine,gb.unknown,GB,school,2015-02-01,2015-02-28,4766.4,kWh,reported,actual,0.9509,2061.0,dataset_metadata,derived,BDG1@521a6c0f,data/raw/temp_open_utc.csv:PrimClass_Jazmine + meta_open.csv,unknown: repository LICENSE is MIT (software); terms of the original measurement sources are not listed,"GB school Dec2014-Nov2015; sum of observed hours, gaps not filled; unit kWh assumed (not stated by source)"
bdg1:PrimClass_Jazmine,gb.unknown,GB,school,2015-03-01,2015-03-31,6079.5,kWh,reported,actual,0.9690,2061.0,dataset_metadata,derived,BDG1@521a6c0f,data/raw/temp_open_utc.csv:PrimClass_Jazmine + meta_open.csv,unknown: repository LICENSE is MIT (software); terms of the original measurement sources are not listed,"GB school Dec2014-Nov2015; sum of observed hours, gaps not filled; unit kWh assumed (not stated by source)"
bdg1:PrimClass_Jazmine,gb.unknown,GB,school,2015-04-01,2015-04-30,4567.8,kWh,reported,actual,1.0000,2061.0,dataset_metadata,derived,BDG1@521a6c0f,data/raw/temp_open_utc.csv:PrimClass_Jazmine + meta_open.csv,unknown: repository LICENSE is MIT (software); terms of the original measurement sources are not listed,"GB school Dec2014-Nov2015; sum of observed hours, gaps not filled; unit kWh assumed (not stated by source)"
bdg1:PrimClass_Jazmine,gb.unknown,GB,school,2015-05-01,2015-05-31,5020.1,kWh,reported,actual,1.0000,2061.0,dataset_metadata,derived,BDG1@521a6c0f,data/raw/temp_open_utc.csv:PrimClass_Jazmine + meta_open.csv,unknown: repository LICENSE is MIT (software); terms of the original measurement sources are not listed,"GB school Dec2014-Nov2015; sum of observed hours, gaps not filled; unit kWh assumed (not stated by source)"
bdg1:PrimClass_Jazmine,gb.unknown,GB,school,2015-06-01,2015-06-30,4122.7,kWh,reported,actual,0.7028,2061.0,dataset_metadata,derived,BDG1@521a6c0f,data/raw/temp_open_utc.csv:PrimClass_Jazmine + meta_open.csv,unknown: repository LICENSE is MIT (software); terms of the original measurement sources are not listed,"GB school Dec2014-Nov2015; sum of observed hours, gaps not filled; unit kWh assumed (not stated by source)"
bdg1:PrimClass_Jazmine,gb.unknown,GB,school,2015-07-01,2015-07-31,4710.2,kWh,reported,actual,1.0000,2061.0,dataset_metadata,derived,BDG1@521a6c0f,data/raw/temp_open_utc.csv:PrimClass_Jazmine + meta_open.csv,unknown: repository LICENSE is MIT (software); terms of the original measurement sources are not listed,"GB school Dec2014-Nov2015; sum of observed hours, gaps not filled; unit kWh assumed (not stated by source)"
bdg1:PrimClass_Jazmine,gb.unknown,GB,school,2015-08-01,2015-08-31,2379.9,kWh,reported,actual,0.9677,2061.0,dataset_metadata,derived,BDG1@521a6c0f,data/raw/temp_open_utc.csv:PrimClass_Jazmine + meta_open.csv,unknown: repository LICENSE is MIT (software); terms of the original measurement sources are not listed,"GB school Dec2014-Nov2015; sum of observed hours, gaps not filled; unit kWh assumed (not stated by source)"
bdg1:PrimClass_Jazmine,gb.unknown,GB,school,2015-09-01,2015-09-30,6113.9,kWh,reported,actual,1.0000,2061.0,dataset_metadata,derived,BDG1@521a6c0f,data/raw/temp_open_utc.csv:PrimClass_Jazmine + meta_open.csv,unknown: repository LICENSE is MIT (software); terms of the original measurement sources are not listed,"GB school Dec2014-Nov2015; sum of observed hours, gaps not filled; unit kWh assumed (not stated by source)"
bdg1:PrimClass_Jazmine,gb.unknown,GB,school,2015-10-01,2015-10-31,5696.8,kWh,reported,actual,0.9946,2061.0,dataset_metadata,derived,BDG1@521a6c0f,data/raw/temp_open_utc.csv:PrimClass_Jazmine + meta_open.csv,unknown: repository LICENSE is MIT (software); terms of the original measurement sources are not listed,"GB school Dec2014-Nov2015; sum of observed hours, gaps not filled; unit kWh assumed (not stated by source)"
bdg1:PrimClass_Jazmine,gb.unknown,GB,school,2015-11-01,2015-11-30,6305.1421,kWh,reported,actual,0.9250,2061.0,dataset_metadata,derived,BDG1@521a6c0f,data/raw/temp_open_utc.csv:PrimClass_Jazmine + meta_open.csv,unknown: repository LICENSE is MIT (software); terms of the original measurement sources are not listed,"GB school Dec2014-Nov2015; sum of observed hours, gaps not filled; unit kWh assumed (not stated by source)"
bdg1:PrimClass_Justin,gb.unknown,GB,school,2014-12-01,2014-12-31,3368.7215,kWh,reported,actual,0.9677,1303.0,dataset_metadata,derived,BDG1@521a6c0f,data/raw/temp_open_utc.csv:PrimClass_Justin + meta_open.csv,unknown: repository LICENSE is MIT (software); terms of the original measurement sources are not listed,"GB school Dec2014-Nov2015; sum of observed hours, gaps not filled; unit kWh assumed (not stated by source)"
bdg1:PrimClass_Justin,gb.unknown,GB,school,2015-01-01,2015-01-31,3601.1,kWh,reported,actual,0.9476,1303.0,dataset_metadata,derived,BDG1@521a6c0f,data/raw/temp_open_utc.csv:PrimClass_Justin + meta_open.csv,unknown: repository LICENSE is MIT (software); terms of the original measurement sources are not listed,"GB school Dec2014-Nov2015; sum of observed hours, gaps not filled; unit kWh assumed (not stated by source)"
bdg1:PrimClass_Justin,gb.unknown,GB,school,2015-02-01,2015-02-28,2258.5,kWh,reported,actual,0.8601,1303.0,dataset_metadata,derived,BDG1@521a6c0f,data/raw/temp_open_utc.csv:PrimClass_Justin + meta_open.csv,unknown: repository LICENSE is MIT (software); terms of the original measurement sources are not listed,"GB school Dec2014-Nov2015; sum of observed hours, gaps not filled; unit kWh assumed (not stated by source)"
bdg1:PrimClass_Justin,gb.unknown,GB,school,2015-03-01,2015-03-31,3795.8,kWh,reported,actual,0.9462,1303.0,dataset_metadata,derived,BDG1@521a6c0f,data/raw/temp_open_utc.csv:PrimClass_Justin + meta_open.csv,unknown: repository LICENSE is MIT (software); terms of the original measurement sources are not listed,"GB school Dec2014-Nov2015; sum of observed hours, gaps not filled; unit kWh assumed (not stated by source)"
bdg1:PrimClass_Justin,gb.unknown,GB,school,2015-04-01,2015-04-30,3046.0,kWh,reported,actual,1.0000,1303.0,dataset_metadata,derived,BDG1@521a6c0f,data/raw/temp_open_utc.csv:PrimClass_Justin + meta_open.csv,unknown: repository LICENSE is MIT (software); terms of the original measurement sources are not listed,"GB school Dec2014-Nov2015; sum of observed hours, gaps not filled; unit kWh assumed (not stated by source)"
bdg1:PrimClass_Justin,gb.unknown,GB,school,2015-05-01,2015-05-31,3145.0,kWh,reported,actual,1.0000,1303.0,dataset_metadata,derived,BDG1@521a6c0f,data/raw/temp_open_utc.csv:PrimClass_Justin + meta_open.csv,unknown: repository LICENSE is MIT (software); terms of the original measurement sources are not listed,"GB school Dec2014-Nov2015; sum of observed hours, gaps not filled; unit kWh assumed (not stated by source)"
bdg1:PrimClass_Justin,gb.unknown,GB,school,2015-06-01,2015-06-30,2452.3,kWh,reported,actual,0.7028,1303.0,dataset_metadata,derived,BDG1@521a6c0f,data/raw/temp_open_utc.csv:PrimClass_Justin + meta_open.csv,unknown: repository LICENSE is MIT (software); terms of the original measurement sources are not listed,"GB school Dec2014-Nov2015; sum of observed hours, gaps not filled; unit kWh assumed (not stated by source)"
bdg1:PrimClass_Justin,gb.unknown,GB,school,2015-07-01,2015-07-31,3085.5,kWh,reported,actual,1.0000,1303.0,dataset_metadata,derived,BDG1@521a6c0f,data/raw/temp_open_utc.csv:PrimClass_Justin + meta_open.csv,unknown: repository LICENSE is MIT (software); terms of the original measurement sources are not listed,"GB school Dec2014-Nov2015; sum of observed hours, gaps not filled; unit kWh assumed (not stated by source)"
bdg1:PrimClass_Justin,gb.unknown,GB,school,2015-08-01,2015-08-31,1840.1,kWh,reported,actual,1.0000,1303.0,dataset_metadata,derived,BDG1@521a6c0f,data/raw/temp_open_utc.csv:PrimClass_Justin + meta_open.csv,unknown: repository LICENSE is MIT (software); terms of the original measurement sources are not listed,"GB school Dec2014-Nov2015; sum of observed hours, gaps not filled; unit kWh assumed (not stated by source)"
bdg1:PrimClass_Justin,gb.unknown,GB,school,2015-09-01,2015-09-30,3903.8,kWh,reported,actual,1.0000,1303.0,dataset_metadata,derived,BDG1@521a6c0f,data/raw/temp_open_utc.csv:PrimClass_Justin + meta_open.csv,unknown: repository LICENSE is MIT (software); terms of the original measurement sources are not listed,"GB school Dec2014-Nov2015; sum of observed hours, gaps not filled; unit kWh assumed (not stated by source)"
bdg1:PrimClass_Justin,gb.unknown,GB,school,2015-10-01,2015-10-31,3833.3,kWh,reported,actual,1.0000,1303.0,dataset_metadata,derived,BDG1@521a6c0f,data/raw/temp_open_utc.csv:PrimClass_Justin + meta_open.csv,unknown: repository LICENSE is MIT (software); terms of the original measurement sources are not listed,"GB school Dec2014-Nov2015; sum of observed hours, gaps not filled; unit kWh assumed (not stated by source)"
bdg1:PrimClass_Justin,gb.unknown,GB,school,2015-11-01,2015-11-30,4512.0055,kWh,reported,actual,0.9319,1303.0,dataset_metadata,derived,BDG1@521a6c0f,data/raw/temp_open_utc.csv:PrimClass_Justin + meta_open.csv,unknown: repository LICENSE is MIT (software); terms of the original measurement sources are not listed,"GB school Dec2014-Nov2015; sum of observed hours, gaps not filled; unit kWh assumed (not stated by source)"
bdg1:PrimClass_Jody,gb.unknown,GB,school,2014-12-01,2014-12-31,7091.3629,kWh,reported,actual,0.9530,2418.0,dataset_metadata,derived,BDG1@521a6c0f,data/raw/temp_open_utc.csv:PrimClass_Jody + meta_open.csv,unknown: repository LICENSE is MIT (software); terms of the original measurement sources are not listed,"GB school Dec2014-Nov2015; sum of observed hours, gaps not filled; unit kWh assumed (not stated by source)"
bdg1:PrimClass_Jody,gb.unknown,GB,school,2015-01-01,2015-01-31,8340.0,kWh,reported,actual,0.9772,2418.0,dataset_metadata,derived,BDG1@521a6c0f,data/raw/temp_open_utc.csv:PrimClass_Jody + meta_open.csv,unknown: repository LICENSE is MIT (software); terms of the original measurement sources are not listed,"GB school Dec2014-Nov2015; sum of observed hours, gaps not filled; unit kWh assumed (not stated by source)"
bdg1:PrimClass_Jody,gb.unknown,GB,school,2015-02-01,2015-02-28,6860.6,kWh,reported,actual,0.9881,2418.0,dataset_metadata,derived,BDG1@521a6c0f,data/raw/temp_open_utc.csv:PrimClass_Jody + meta_open.csv,unknown: repository LICENSE is MIT (software); terms of the original measurement sources are not listed,"GB school Dec2014-Nov2015; sum of observed hours, gaps not filled; unit kWh assumed (not stated by source)"
bdg1:PrimClass_Jody,gb.unknown,GB,school,2015-03-01,2015-03-31,7936.0,kWh,reported,actual,0.9664,2418.0,dataset_metadata,derived,BDG1@521a6c0f,data/raw/temp_open_utc.csv:PrimClass_Jody + meta_open.csv,unknown: repository LICENSE is MIT (software); terms of the original measurement sources are not listed,"GB school Dec2014-Nov2015; sum of observed hours, gaps not filled; unit kWh assumed (not stated by source)"
bdg1:PrimClass_Jody,gb.unknown,GB,school,2015-04-01,2015-04-30,5078.1,kWh,reported,actual,0.9986,2418.0,dataset_metadata,derived,BDG1@521a6c0f,data/raw/temp_open_utc.csv:PrimClass_Jody + meta_open.csv,unknown: repository LICENSE is MIT (software); terms of the original measurement sources are not listed,"GB school Dec2014-Nov2015; sum of observed hours, gaps not filled; unit kWh assumed (not stated by source)"
bdg1:PrimClass_Jody,gb.unknown,GB,school,2015-05-01,2015-05-31,5748.5,kWh,reported,actual,1.0000,2418.0,dataset_metadata,derived,BDG1@521a6c0f,data/raw/temp_open_utc.csv:PrimClass_Jody + meta_open.csv,unknown: repository LICENSE is MIT (software); terms of the original measurement sources are not listed,"GB school Dec2014-Nov2015; sum of observed hours, gaps not filled; unit kWh assumed (not stated by source)"
bdg1:PrimClass_Jody,gb.unknown,GB,school,2015-06-01,2015-06-30,4374.6,kWh,reported,actual,0.7028,2418.0,dataset_metadata,derived,BDG1@521a6c0f,data/raw/temp_open_utc.csv:PrimClass_Jody + meta_open.csv,unknown: repository LICENSE is MIT (software); terms of the original measurement sources are not listed,"GB school Dec2014-Nov2015; sum of observed hours, gaps not filled; unit kWh assumed (not stated by source)"
bdg1:PrimClass_Jody,gb.unknown,GB,school,2015-07-01,2015-07-31,4542.6,kWh,reported,actual,1.0000,2418.0,dataset_metadata,derived,BDG1@521a6c0f,data/raw/temp_open_utc.csv:PrimClass_Jody + meta_open.csv,unknown: repository LICENSE is MIT (software); terms of the original measurement sources are not listed,"GB school Dec2014-Nov2015; sum of observed hours, gaps not filled; unit kWh assumed (not stated by source)"
bdg1:PrimClass_Jody,gb.unknown,GB,school,2015-08-01,2015-08-31,1659.0,kWh,reported,actual,1.0000,2418.0,dataset_metadata,derived,BDG1@521a6c0f,data/raw/temp_open_utc.csv:PrimClass_Jody + meta_open.csv,unknown: repository LICENSE is MIT (software); terms of the original measurement sources are not listed,"GB school Dec2014-Nov2015; sum of observed hours, gaps not filled; unit kWh assumed (not stated by source)"
bdg1:PrimClass_Jody,gb.unknown,GB,school,2015-09-01,2015-09-30,6714.3,kWh,reported,actual,1.0000,2418.0,dataset_metadata,derived,BDG1@521a6c0f,data/raw/temp_open_utc.csv:PrimClass_Jody + meta_open.csv,unknown: repository LICENSE is MIT (software); terms of the original measurement sources are not listed,"GB school Dec2014-Nov2015; sum of observed hours, gaps not filled; unit kWh assumed (not stated by source)"
bdg1:PrimClass_Jody,gb.unknown,GB,school,2015-10-01,2015-10-31,6746.3,kWh,reported,actual,0.9973,2418.0,dataset_metadata,derived,BDG1@521a6c0f,data/raw/temp_open_utc.csv:PrimClass_Jody + meta_open.csv,unknown: repository LICENSE is MIT (software); terms of the original measurement sources are not listed,"GB school Dec2014-Nov2015; sum of observed hours, gaps not filled; unit kWh assumed (not stated by source)"
bdg1:PrimClass_Jody,gb.unknown,GB,school,2015-11-01,2015-11-30,7459.2393,kWh,reported,actual,0.9333,2418.0,dataset_metadata,derived,BDG1@521a6c0f,data/raw/temp_open_utc.csv:PrimClass_Jody + meta_open.csv,unknown: repository LICENSE is MIT (software); terms of the original measurement sources are not listed,"GB school Dec2014-Nov2015; sum of observed hours, gaps not filled; unit kWh assumed (not stated by source)"
bdg1:PrimClass_Julianne,gb.unknown,GB,school,2014-12-01,2014-12-31,6085.9567,kWh,reported,actual,0.9664,2403.0,dataset_metadata,derived,BDG1@521a6c0f,data/raw/temp_open_utc.csv:PrimClass_Julianne + meta_open.csv,unknown: repository LICENSE is MIT (software); terms of the original measurement sources are not listed,"GB school Dec2014-Nov2015; sum of observed hours, gaps not filled; unit kWh assumed (not stated by source)"
bdg1:PrimClass_Julianne,gb.unknown,GB,school,2015-01-01,2015-01-31,8028.9,kWh,reported,actual,0.9973,2403.0,dataset_metadata,derived,BDG1@521a6c0f,data/raw/temp_open_utc.csv:PrimClass_Julianne + meta_open.csv,unknown: repository LICENSE is MIT (software); terms of the original measurement sources are not listed,"GB school Dec2014-Nov2015; sum of observed hours, gaps not filled; unit kWh assumed (not stated by source)"
bdg1:PrimClass_Julianne,gb.unknown,GB,school,2015-02-01,2015-02-28,7126.6,kWh,reported,actual,0.9955,2403.0,dataset_metadata,derived,BDG1@521a6c0f,data/raw/temp_open_utc.csv:PrimClass_Julianne + meta_open.csv,unknown: repository LICENSE is MIT (software); terms of the original measurement sources are not listed,"GB school Dec2014-Nov2015; sum of observed hours, gaps not filled; unit kWh assumed (not stated by source)"
bdg1:PrimClass_Julianne,gb.unknown,GB,school,2015-03-01,2015-03-31,7019.3,kWh,reported,actual,0.9704,2403.0,dataset_metadata,derived,BDG1@521a6c0f,data/raw/temp_open_utc.csv:PrimClass_Julianne + meta_open.csv,unknown: repository LICENSE is MIT (software); terms of the original measurement sources are not listed,"GB school Dec2014-Nov2015; sum of observed hours, gaps not filled; unit kWh assumed (not stated by source)"
bdg1:PrimClass_Julianne,gb.unknown,GB,school,2015-04-01,2015-04-30,5075.4,kWh,reported,actual,1.0000,2403.0,dataset_metadata,derived,BDG1@521a6c0f,data/raw/temp_open_utc.csv:PrimClass_Julianne + meta_open.csv,unknown: repository LICENSE is MIT (software); terms of the original measurement sources are not listed,"GB school Dec2014-Nov2015; sum of observed hours, gaps not filled; unit kWh assumed (not stated by source)"
bdg1:PrimClass_Julianne,gb.unknown,GB,school,2015-05-01,2015-05-31,5741.1,kWh,reported,actual,1.0000,2403.0,dataset_metadata,derived,BDG1@521a6c0f,data/raw/temp_open_utc.csv:PrimClass_Julianne + meta_open.csv,unknown: repository LICENSE is MIT (software); terms of the original measurement sources are not listed,"GB school Dec2014-Nov2015; sum of observed hours, gaps not filled; unit kWh assumed (not stated by source)"
bdg1:PrimClass_Julianne,gb.unknown,GB,school,2015-06-01,2015-06-30,4823.1,kWh,reported,actual,0.7028,2403.0,dataset_metadata,derived,BDG1@521a6c0f,data/raw/temp_open_utc.csv:PrimClass_Julianne + meta_open.csv,unknown: repository LICENSE is MIT (software); terms of the original measurement sources are not listed,"GB school Dec2014-Nov2015; sum of observed hours, gaps not filled; unit kWh assumed (not stated by source)"
bdg1:PrimClass_Julianne,gb.unknown,GB,school,2015-07-01,2015-07-31,5278.6,kWh,reported,actual,1.0000,2403.0,dataset_metadata,derived,BDG1@521a6c0f,data/raw/temp_open_utc.csv:PrimClass_Julianne + meta_open.csv,unknown: repository LICENSE is MIT (software); terms of the original measurement sources are not listed,"GB school Dec2014-Nov2015; sum of observed hours, gaps not filled; unit kWh assumed (not stated by source)"
bdg1:PrimClass_Julianne,gb.unknown,GB,school,2015-08-01,2015-08-31,2603.1,kWh,reported,actual,1.0000,2403.0,dataset_metadata,derived,BDG1@521a6c0f,data/raw/temp_open_utc.csv:PrimClass_Julianne + meta_open.csv,unknown: repository LICENSE is MIT (software); terms of the original measurement sources are not listed,"GB school Dec2014-Nov2015; sum of observed hours, gaps not filled; unit kWh assumed (not stated by source)"
bdg1:PrimClass_Julianne,gb.unknown,GB,school,2015-09-01,2015-09-30,7421.2,kWh,reported,actual,1.0000,2403.0,dataset_metadata,derived,BDG1@521a6c0f,data/raw/temp_open_utc.csv:PrimClass_Julianne + meta_open.csv,unknown: repository LICENSE is MIT (software); terms of the original measurement sources are not listed,"GB school Dec2014-Nov2015; sum of observed hours, gaps not filled; unit kWh assumed (not stated by source)"
bdg1:PrimClass_Julianne,gb.unknown,GB,school,2015-10-01,2015-10-31,6753.1,kWh,reported,actual,1.0000,2403.0,dataset_metadata,derived,BDG1@521a6c0f,data/raw/temp_open_utc.csv:PrimClass_Julianne + meta_open.csv,unknown: repository LICENSE is MIT (software); terms of the original measurement sources are not listed,"GB school Dec2014-Nov2015; sum of observed hours, gaps not filled; unit kWh assumed (not stated by source)"
bdg1:PrimClass_Julianne,gb.unknown,GB,school,2015-11-01,2015-11-30,6623.9745,kWh,reported,actual,0.9319,2403.0,dataset_metadata,derived,BDG1@521a6c0f,data/raw/temp_open_utc.csv:PrimClass_Julianne + meta_open.csv,unknown: repository LICENSE is MIT (software); terms of the original measurement sources are not listed,"GB school Dec2014-Nov2015; sum of observed hours, gaps not filled; unit kWh assumed (not stated by source)"
bdg1:PrimClass_Justice,gb.unknown,GB,school,2014-12-01,2014-12-31,30977.7,kWh,reported,actual,0.9745,11710.0,dataset_metadata,derived,BDG1@521a6c0f,data/raw/temp_open_utc.csv:PrimClass_Justice + meta_open.csv,unknown: repository LICENSE is MIT (software); terms of the original measurement sources are not listed,"GB school Dec2014-Nov2015; sum of observed hours, gaps not filled; unit kWh assumed (not stated by source)"
bdg1:PrimClass_Justice,gb.unknown,GB,school,2015-01-01,2015-01-31,39685.2,kWh,reported,actual,0.9745,11710.0,dataset_metadata,derived,BDG1@521a6c0f,data/raw/temp_open_utc.csv:PrimClass_Justice + meta_open.csv,unknown: repository LICENSE is MIT (software); terms of the original measurement sources are not listed,"GB school Dec2014-Nov2015; sum of observed hours, gaps not filled; unit kWh assumed (not stated by source)"
bdg1:PrimClass_Justice,gb.unknown,GB,school,2015-02-01,2015-02-28,32706.7,kWh,reported,actual,0.9613,11710.0,dataset_metadata,derived,BDG1@521a6c0f,data/raw/temp_open_utc.csv:PrimClass_Justice + meta_open.csv,unknown: repository LICENSE is MIT (software); terms of the original measurement sources are not listed,"GB school Dec2014-Nov2015; sum of observed hours, gaps not filled; unit kWh assumed (not stated by source)"
bdg1:PrimClass_Justice,gb.unknown,GB,school,2015-03-01,2015-03-31,37735.5,kWh,reported,actual,0.9838,11710.0,dataset_metadata,derived,BDG1@521a6c0f,data/raw/temp_open_utc.csv:PrimClass_Justice + meta_open.csv,unknown: repository LICENSE is MIT (software); terms of the original measurement sources are not listed,"GB school Dec2014-Nov2015; sum of observed hours, gaps not filled; unit kWh assumed (not stated by source)"
bdg1:PrimClass_Justice,gb.unknown,GB,school,2015-04-01,2015-04-30,26941.975,kWh,reported,actual,0.9667,11710.0,dataset_metadata,derived,BDG1@521a6c0f,data/raw/temp_open_utc.csv:PrimClass_Justice + meta_open.csv,unknown: repository LICENSE is MIT (software); terms of the original measurement sources are not listed,"GB school Dec2014-Nov2015; sum of observed hours, gaps not filled; unit kWh assumed (not stated by source)"
bdg1:PrimClass_Justice,gb.unknown,GB,school,2015-05-01,2015-05-31,4485.116,kWh,reported,actual,0.2903,11710.0,dataset_metadata,derived,BDG1@521a6c0f,data/raw/temp_open_utc.csv:PrimClass_Justice + meta_open.csv,unknown: repository LICENSE is MIT (software); terms of the original measurement sources are not listed,"GB school Dec2014-Nov2015; sum of observed hours, gaps not filled; unit kWh assumed (not stated by source)"
bdg1:PrimClass_Justice,gb.unknown,GB,school,2015-06-01,2015-06-30,32994.6,kWh,reported,actual,1.0000,11710.0,dataset_metadata,derived,BDG1@521a6c0f,data/raw/temp_open_utc.csv:PrimClass_Justice + meta_open.csv,unknown: repository LICENSE is MIT (software); terms of the original measurement sources are not listed,"GB school Dec2014-Nov2015; sum of observed hours, gaps not filled; unit kWh assumed (not stated by source)"
bdg1:PrimClass_Justice,gb.unknown,GB,school,2015-07-01,2015-07-31,25224.3,kWh,reported,actual,1.0000,11710.0,dataset_metadata,derived,BDG1@521a6c0f,data/raw/temp_open_utc.csv:PrimClass_Justice + meta_open.csv,unknown: repository LICENSE is MIT (software); terms of the original measurement sources are not listed,"GB school Dec2014-Nov2015; sum of observed hours, gaps not filled; unit kWh assumed (not stated by source)"
bdg1:PrimClass_Justice,gb.unknown,GB,school,2015-08-01,2015-08-31,19011.9,kWh,reported,actual,1.0000,11710.0,dataset_metadata,derived,BDG1@521a6c0f,data/raw/temp_open_utc.csv:PrimClass_Justice + meta_open.csv,unknown: repository LICENSE is MIT (software); terms of the original measurement sources are not listed,"GB school Dec2014-Nov2015; sum of observed hours, gaps not filled; unit kWh assumed (not stated by source)"
bdg1:PrimClass_Justice,gb.unknown,GB,school,2015-09-01,2015-09-30,34541.0,kWh,reported,actual,1.0000,11710.0,dataset_metadata,derived,BDG1@521a6c0f,data/raw/temp_open_utc.csv:PrimClass_Justice + meta_open.csv,unknown: repository LICENSE is MIT (software); terms of the original measurement sources are not listed,"GB school Dec2014-Nov2015; sum of observed hours, gaps not filled; unit kWh assumed (not stated by source)"
bdg1:PrimClass_Justice,gb.unknown,GB,school,2015-10-01,2015-10-31,33641.8,kWh,reported,actual,1.0000,11710.0,dataset_metadata,derived,BDG1@521a6c0f,data/raw/temp_open_utc.csv:PrimClass_Justice + meta_open.csv,unknown: repository LICENSE is MIT (software); terms of the original measurement sources are not listed,"GB school Dec2014-Nov2015; sum of observed hours, gaps not filled; unit kWh assumed (not stated by source)"
bdg1:PrimClass_Justice,gb.unknown,GB,school,2015-11-01,2015-11-30,36243.3173,kWh,reported,actual,0.9264,11710.0,dataset_metadata,derived,BDG1@521a6c0f,data/raw/temp_open_utc.csv:PrimClass_Justice + meta_open.csv,unknown: repository LICENSE is MIT (software); terms of the original measurement sources are not listed,"GB school Dec2014-Nov2015; sum of observed hours, gaps not filled; unit kWh assumed (not stated by source)"
bdg1:PrimClass_Jean,gb.unknown,GB,school,2014-12-01,2014-12-31,7113.4588,kWh,reported,actual,0.9677,2678.0,dataset_metadata,derived,BDG1@521a6c0f,data/raw/temp_open_utc.csv:PrimClass_Jean + meta_open.csv,unknown: repository LICENSE is MIT (software); terms of the original measurement sources are not listed,"GB school Dec2014-Nov2015; sum of observed hours, gaps not filled; unit kWh assumed (not stated by source)"
bdg1:PrimClass_Jean,gb.unknown,GB,school,2015-01-01,2015-01-31,8934.9,kWh,reported,actual,1.0000,2678.0,dataset_metadata,derived,BDG1@521a6c0f,data/raw/temp_open_utc.csv:PrimClass_Jean + meta_open.csv,unknown: repository LICENSE is MIT (software); terms of the original measurement sources are not listed,"GB school Dec2014-Nov2015; sum of observed hours, gaps not filled; unit kWh assumed (not stated by source)"
bdg1:PrimClass_Jean,gb.unknown,GB,school,2015-02-01,2015-02-28,7326.7,kWh,reported,actual,1.0000,2678.0,dataset_metadata,derived,BDG1@521a6c0f,data/raw/temp_open_utc.csv:PrimClass_Jean + meta_open.csv,unknown: repository LICENSE is MIT (software); terms of the original measurement sources are not listed,"GB school Dec2014-Nov2015; sum of observed hours, gaps not filled; unit kWh assumed (not stated by source)"
bdg1:PrimClass_Jean,gb.unknown,GB,school,2015-03-01,2015-03-31,8418.7,kWh,reported,actual,0.9704,2678.0,dataset_metadata,derived,BDG1@521a6c0f,data/raw/temp_open_utc.csv:PrimClass_Jean + meta_open.csv,unknown: repository LICENSE is MIT (software); terms of the original measurement sources are not listed,"GB school Dec2014-Nov2015; sum of observed hours, gaps not filled; unit kWh assumed (not stated by source)"
bdg1:PrimClass_Jean,gb.unknown,GB,school,2015-04-01,2015-04-30,6601.0,kWh,reported,actual,1.0000,2678.0,dataset_metadata,derived,BDG1@521a6c0f,data/raw/temp_open_utc.csv:PrimClass_Jean + meta_open.csv,unknown: repository LICENSE is MIT (software); terms of the original measurement sources are not listed,"GB school Dec2014-Nov2015; sum of observed hours, gaps not filled; unit kWh assumed (not stated by source)"
bdg1:PrimClass_Jean,gb.unknown,GB,school,2015-05-01,2015-05-31,6787.3,kWh,reported,actual,1.0000,2678.0,dataset_metadata,derived,BDG1@521a6c0f,data/raw/temp_open_utc.csv:PrimClass_Jean + meta_open.csv,unknown: repository LICENSE is MIT (software); terms of the original measurement sources are not listed,"GB school Dec2014-Nov2015; sum of observed hours, gaps not filled; unit kWh assumed (not stated by source)"
bdg1:PrimClass_Jean,gb.unknown,GB,school,2015-06-01,2015-06-30,5473.3,kWh,reported,actual,0.7028,2678.0,dataset_metadata,derived,BDG1@521a6c0f,data/raw/temp_open_utc.csv:PrimClass_Jean + meta_open.csv,unknown: repository LICENSE is MIT (software); terms of the original measurement sources are not listed,"GB school Dec2014-Nov2015; sum of observed hours, gaps not filled; unit kWh assumed (not stated by source)"
bdg1:PrimClass_Jean,gb.unknown,GB,school,2015-07-01,2015-07-31,6199.8,kWh,reported,actual,1.0000,2678.0,dataset_metadata,derived,BDG1@521a6c0f,data/raw/temp_open_utc.csv:PrimClass_Jean + meta_open.csv,unknown: repository LICENSE is MIT (software); terms of the original measurement sources are not listed,"GB school Dec2014-Nov2015; sum of observed hours, gaps not filled; unit kWh assumed (not stated by source)"
bdg1:PrimClass_Jean,gb.unknown,GB,school,2015-08-01,2015-08-31,3459.0,kWh,reported,actual,1.0000,2678.0,dataset_metadata,derived,BDG1@521a6c0f,data/raw/temp_open_utc.csv:PrimClass_Jean + meta_open.csv,unknown: repository LICENSE is MIT (software); terms of the original measurement sources are not listed,"GB school Dec2014-Nov2015; sum of observed hours, gaps not filled; unit kWh assumed (not stated by source)"
bdg1:PrimClass_Jean,gb.unknown,GB,school,2015-09-01,2015-09-30,7903.8,kWh,reported,actual,1.0000,2678.0,dataset_metadata,derived,BDG1@521a6c0f,data/raw/temp_open_utc.csv:PrimClass_Jean + meta_open.csv,unknown: repository LICENSE is MIT (software); terms of the original measurement sources are not listed,"GB school Dec2014-Nov2015; sum of observed hours, gaps not filled; unit kWh assumed (not stated by source)"
bdg1:PrimClass_Jean,gb.unknown,GB,school,2015-10-01,2015-10-31,7696.8,kWh,reported,actual,1.0000,2678.0,dataset_metadata,derived,BDG1@521a6c0f,data/raw/temp_open_utc.csv:PrimClass_Jean + meta_open.csv,unknown: repository LICENSE is MIT (software); terms of the original measurement sources are not listed,"GB school Dec2014-Nov2015; sum of observed hours, gaps not filled; unit kWh assumed (not stated by source)"
bdg1:PrimClass_Jean,gb.unknown,GB,school,2015-11-01,2015-11-30,8466.4435,kWh,reported,actual,0.9333,2678.0,dataset_metadata,derived,BDG1@521a6c0f,data/raw/temp_open_utc.csv:PrimClass_Jean + meta_open.csv,unknown: repository LICENSE is MIT (software); terms of the original measurement sources are not listed,"GB school Dec2014-Nov2015; sum of observed hours, gaps not filled; unit kWh assumed (not stated by source)"
bdg1:PrimClass_Jenna,gb.unknown,GB,school,2014-12-01,2014-12-31,2451.4546,kWh,reported,actual,0.8051,1078.0,dataset_metadata,derived,BDG1@521a6c0f,data/raw/temp_open_utc.csv:PrimClass_Jenna + meta_open.csv,unknown: repository LICENSE is MIT (software); terms of the original measurement sources are not listed,"GB school Dec2014-Nov2015; sum of observed hours, gaps not filled; unit kWh assumed (not stated by source)"
bdg1:PrimClass_Jenna,gb.unknown,GB,school,2015-01-01,2015-01-31,3490.8,kWh,reported,actual,0.9328,1078.0,dataset_metadata,derived,BDG1@521a6c0f,data/raw/temp_open_utc.csv:PrimClass_Jenna + meta_open.csv,unknown: repository LICENSE is MIT (software); terms of the original measurement sources are not listed,"GB school Dec2014-Nov2015; sum of observed hours, gaps not filled; unit kWh assumed (not stated by source)"
bdg1:PrimClass_Jenna,gb.unknown,GB,school,2015-02-01,2015-02-28,2794.6,kWh,reported,actual,0.9866,1078.0,dataset_metadata,derived,BDG1@521a6c0f,data/raw/temp_open_utc.csv:PrimClass_Jenna + meta_open.csv,unknown: repository LICENSE is MIT (software); terms of the original measurement sources are not listed,"GB school Dec2014-Nov2015; sum of observed hours, gaps not filled; unit kWh assumed (not stated by source)"
bdg1:PrimClass_Jenna,gb.unknown,GB,school,2015-03-01,2015-03-31,3649.2,kWh,reported,actual,0.9583,1078.0,dataset_metadata,derived,BDG1@521a6c0f,data/raw/temp_open_utc.csv:PrimClass_Jenna + meta_open.csv,unknown: repository LICENSE is MIT (software); terms of the original measurement sources are not listed,"GB school Dec2014-Nov2015; sum of observed hours, gaps not filled; unit kWh assumed (not stated by source)"
bdg1:PrimClass_Jenna,gb.unknown,GB,school,2015-04-01,2015-04-30,3260.5,kWh,reported,actual,1.0000,1078.0,dataset_metadata,derived,BDG1@521a6c0f,data/raw/temp_open_utc.csv:PrimClass_Jenna + meta_open.csv,unknown: repository LICENSE is MIT (software); terms of the original measurement sources are not listed,"GB school Dec2014-Nov2015; sum of observed hours, gaps not filled; unit kWh assumed (not stated by source)"
bdg1:PrimClass_Jenna,gb.unknown,GB,school,2015-05-01,2015-05-31,3427.3,kWh,reported,actual,0.9946,1078.0,dataset_metadata,derived,BDG1@521a6c0f,data/raw/temp_open_utc.csv:PrimClass_Jenna + meta_open.csv,unknown: repository LICENSE is MIT (software); terms of the original measurement sources are not listed,"GB school Dec2014-Nov2015; sum of observed hours, gaps not filled; unit kWh assumed (not stated by source)"
bdg1:PrimClass_Jenna,gb.unknown,GB,school,2015-06-01,2015-06-30,1783.3,kWh,reported,actual,0.7028,1078.0,dataset_metadata,derived,BDG1@521a6c0f,data/raw/temp_open_utc.csv:PrimClass_Jenna + meta_open.csv,unknown: repository LICENSE is MIT (software); terms of the original measurement sources are not listed,"GB school Dec2014-Nov2015; sum of observed hours, gaps not filled; unit kWh assumed (not stated by source)"
bdg1:PrimClass_Jenna,gb.unknown,GB,school,2015-07-01,2015-07-31,2229.5,kWh,reported,actual,0.9691,1078.0,dataset_metadata,derived,BDG1@521a6c0f,data/raw/temp_open_utc.csv:PrimClass_Jenna + meta_open.csv,unknown: repository LICENSE is MIT (software); terms of the original measurement sources are not listed,"GB school Dec2014-Nov2015; sum of observed hours, gaps not filled; unit kWh assumed (not stated by source)"
bdg1:PrimClass_Jenna,gb.unknown,GB,school,2015-08-01,2015-08-31,1615.1,kWh,reported,actual,1.0000,1078.0,dataset_metadata,derived,BDG1@521a6c0f,data/raw/temp_open_utc.csv:PrimClass_Jenna + meta_open.csv,unknown: repository LICENSE is MIT (software); terms of the original measurement sources are not listed,"GB school Dec2014-Nov2015; sum of observed hours, gaps not filled; unit kWh assumed (not stated by source)"
bdg1:PrimClass_Jenna,gb.unknown,GB,school,2015-09-01,2015-09-30,3044.6,kWh,reported,actual,1.0000,1078.0,dataset_metadata,derived,BDG1@521a6c0f,data/raw/temp_open_utc.csv:PrimClass_Jenna + meta_open.csv,unknown: repository LICENSE is MIT (software); terms of the original measurement sources are not listed,"GB school Dec2014-Nov2015; sum of observed hours, gaps not filled; unit kWh assumed (not stated by source)"
bdg1:PrimClass_Jenna,gb.unknown,GB,school,2015-10-01,2015-10-31,2862.6,kWh,reported,actual,0.9342,1078.0,dataset_metadata,derived,BDG1@521a6c0f,data/raw/temp_open_utc.csv:PrimClass_Jenna + meta_open.csv,unknown: repository LICENSE is MIT (software); terms of the original measurement sources are not listed,"GB school Dec2014-Nov2015; sum of observed hours, gaps not filled; unit kWh assumed (not stated by source)"
bdg1:PrimClass_Jenna,gb.unknown,GB,school,2015-11-01,2015-11-30,3234.6041,kWh,reported,actual,0.9319,1078.0,dataset_metadata,derived,BDG1@521a6c0f,data/raw/temp_open_utc.csv:PrimClass_Jenna + meta_open.csv,unknown: repository LICENSE is MIT (software); terms of the original measurement sources are not listed,"GB school Dec2014-Nov2015; sum of observed hours, gaps not filled; unit kWh assumed (not stated by source)"
bdg1:PrimClass_Judith,gb.unknown,GB,school,2014-12-01,2014-12-31,3873.4072,kWh,reported,actual,0.9247,1205.0,dataset_metadata,derived,BDG1@521a6c0f,data/raw/temp_open_utc.csv:PrimClass_Judith + meta_open.csv,unknown: repository LICENSE is MIT (software); terms of the original measurement sources are not listed,"GB school Dec2014-Nov2015; sum of observed hours, gaps not filled; unit kWh assumed (not stated by source)"
bdg1:PrimClass_Judith,gb.unknown,GB,school,2015-01-01,2015-01-31,4316.5,kWh,reported,actual,0.9530,1205.0,dataset_metadata,derived,BDG1@521a6c0f,data/raw/temp_open_utc.csv:PrimClass_Judith + meta_open.csv,unknown: repository LICENSE is MIT (software); terms of the original measurement sources are not listed,"GB school Dec2014-Nov2015; sum of observed hours, gaps not filled; unit kWh assumed (not stated by source)"
bdg1:PrimClass_Judith,gb.unknown,GB,school,2015-02-01,2015-02-28,3711.3,kWh,reported,actual,0.9881,1205.0,dataset_metadata,derived,BDG1@521a6c0f,data/raw/temp_open_utc.csv:PrimClass_Judith + meta_open.csv,unknown: repository LICENSE is MIT (software); terms of the original measurement sources are not listed,"GB school Dec2014-Nov2015; sum of observed hours, gaps not filled; unit kWh assumed (not stated by source)"
bdg1:PrimClass_Judith,gb.unknown,GB,school,2015-03-01,2015-03-31,3877.4,kWh,reported,actual,0.9664,1205.0,dataset_metadata,derived,BDG1@521a6c0f,data/raw/temp_open_utc.csv:PrimClass_Judith + meta_open.csv,unknown: repository LICENSE is MIT (software); terms of the original measurement sources are not listed,"GB school Dec2014-Nov2015; sum of observed hours, gaps not filled; unit kWh assumed (not stated by source)"
bdg1:PrimClass_Judith,gb.unknown,GB,school,2015-04-01,2015-04-30,2798.1,kWh,reported,actual,1.0000,1205.0,dataset_metadata,derived,BDG1@521a6c0f,data/raw/temp_open_utc.csv:PrimClass_Judith + meta_open.csv,unknown: repository LICENSE is MIT (software); terms of the original measurement sources are not listed,"GB school Dec2014-Nov2015; sum of observed hours, gaps not filled; unit kWh assumed (not stated by source)"
bdg1:PrimClass_Judith,gb.unknown,GB,school,2015-05-01,2015-05-31,3006.1,kWh,reported,actual,1.0000,1205.0,dataset_metadata,derived,BDG1@521a6c0f,data/raw/temp_open_utc.csv:PrimClass_Judith + meta_open.csv,unknown: repository LICENSE is MIT (software); terms of the original measurement sources are not listed,"GB school Dec2014-Nov2015; sum of observed hours, gaps not filled; unit kWh assumed (not stated by source)"
bdg1:PrimClass_Judith,gb.unknown,GB,school,2015-06-01,2015-06-30,2233.3,kWh,reported,actual,0.7028,1205.0,dataset_metadata,derived,BDG1@521a6c0f,data/raw/temp_open_utc.csv:PrimClass_Judith + meta_open.csv,unknown: repository LICENSE is MIT (software); terms of the original measurement sources are not listed,"GB school Dec2014-Nov2015; sum of observed hours, gaps not filled; unit kWh assumed (not stated by source)"
bdg1:PrimClass_Judith,gb.unknown,GB,school,2015-07-01,2015-07-31,2594.3,kWh,reported,actual,1.0000,1205.0,dataset_metadata,derived,BDG1@521a6c0f,data/raw/temp_open_utc.csv:PrimClass_Judith + meta_open.csv,unknown: repository LICENSE is MIT (software); terms of the original measurement sources are not listed,"GB school Dec2014-Nov2015; sum of observed hours, gaps not filled; unit kWh assumed (not stated by source)"
bdg1:PrimClass_Judith,gb.unknown,GB,school,2015-08-01,2015-08-31,1271.6,kWh,reported,actual,1.0000,1205.0,dataset_metadata,derived,BDG1@521a6c0f,data/raw/temp_open_utc.csv:PrimClass_Judith + meta_open.csv,unknown: repository LICENSE is MIT (software); terms of the original measurement sources are not listed,"GB school Dec2014-Nov2015; sum of observed hours, gaps not filled; unit kWh assumed (not stated by source)"
bdg1:PrimClass_Judith,gb.unknown,GB,school,2015-09-01,2015-09-30,3437.5,kWh,reported,actual,1.0000,1205.0,dataset_metadata,derived,BDG1@521a6c0f,data/raw/temp_open_utc.csv:PrimClass_Judith + meta_open.csv,unknown: repository LICENSE is MIT (software); terms of the original measurement sources are not listed,"GB school Dec2014-Nov2015; sum of observed hours, gaps not filled; unit kWh assumed (not stated by source)"
bdg1:PrimClass_Judith,gb.unknown,GB,school,2015-10-01,2015-10-31,3345.8,kWh,reported,actual,1.0000,1205.0,dataset_metadata,derived,BDG1@521a6c0f,data/raw/temp_open_utc.csv:PrimClass_Judith + meta_open.csv,unknown: repository LICENSE is MIT (software); terms of the original measurement sources are not listed,"GB school Dec2014-Nov2015; sum of observed hours, gaps not filled; unit kWh assumed (not stated by source)"
bdg1:PrimClass_Judith,gb.unknown,GB,school,2015-11-01,2015-11-30,3861.3393,kWh,reported,actual,0.9278,1205.0,dataset_metadata,derived,BDG1@521a6c0f,data/raw/temp_open_utc.csv:PrimClass_Judith + meta_open.csv,unknown: repository LICENSE is MIT (software); terms of the original measurement sources are not listed,"GB school Dec2014-Nov2015; sum of observed hours, gaps not filled; unit kWh assumed (not stated by source)"
bdg1:PrimClass_Jessie,gb.unknown,GB,school,2014-12-01,2014-12-31,8725.5144,kWh,reported,actual,0.9677,3157.0,dataset_metadata,derived,BDG1@521a6c0f,data/raw/temp_open_utc.csv:PrimClass_Jessie + meta_open.csv,unknown: repository LICENSE is MIT (software); terms of the original measurement sources are not listed,"GB school Dec2014-Nov2015; sum of observed hours, gaps not filled; unit kWh assumed (not stated by source)"
bdg1:PrimClass_Jessie,gb.unknown,GB,school,2015-01-01,2015-01-31,10746.2,kWh,reported,actual,0.9906,3157.0,dataset_metadata,derived,BDG1@521a6c0f,data/raw/temp_open_utc.csv:PrimClass_Jessie + meta_open.csv,unknown: repository LICENSE is MIT (software); terms of the original measurement sources are not listed,"GB school Dec2014-Nov2015; sum of observed hours, gaps not filled; unit kWh assumed (not stated by source)"
bdg1:PrimClass_Jessie,gb.unknown,GB,school,2015-02-01,2015-02-28,9183.9,kWh,reported,actual,0.9970,3157.0,dataset_metadata,derived,BDG1@521a6c0f,data/raw/temp_open_utc.csv:PrimClass_Jessie + meta_open.csv,unknown: repository LICENSE is MIT (software); terms of the original measurement sources are not listed,"GB school Dec2014-Nov2015; sum of observed hours, gaps not filled; unit kWh assumed (not stated by source)"
bdg1:PrimClass_Jessie,gb.unknown,GB,school,2015-03-01,2015-03-31,10232.8,kWh,reported,actual,0.9677,3157.0,dataset_metadata,derived,BDG1@521a6c0f,data/raw/temp_open_utc.csv:PrimClass_Jessie + meta_open.csv,unknown: repository LICENSE is MIT (software); terms of the original measurement sources are not listed,"GB school Dec2014-Nov2015; sum of observed hours, gaps not filled; unit kWh assumed (not stated by source)"
bdg1:PrimClass_Jessie,gb.unknown,GB,school,2015-04-01,2015-04-30,7527.3,kWh,reported,actual,1.0000,3157.0,dataset_metadata,derived,BDG1@521a6c0f,data/raw/temp_open_utc.csv:PrimClass_Jessie + meta_open.csv,unknown: repository LICENSE is MIT (software); terms of the original measurement sources are not listed,"GB school Dec2014-Nov2015; sum of observed hours, gaps not filled; unit kWh assumed (not stated by source)"
bdg1:PrimClass_Jessie,gb.unknown,GB,school,2015-05-01,2015-05-31,7884.6,kWh,reported,actual,1.0000,3157.0,dataset_metadata,derived,BDG1@521a6c0f,data/raw/temp_open_utc.csv:PrimClass_Jessie + meta_open.csv,unknown: repository LICENSE is MIT (software); terms of the original measurement sources are not listed,"GB school Dec2014-Nov2015; sum of observed hours, gaps not filled; unit kWh assumed (not stated by source)"
bdg1:PrimClass_Jessie,gb.unknown,GB,school,2015-06-01,2015-06-30,6742.3,kWh,reported,actual,0.7028,3157.0,dataset_metadata,derived,BDG1@521a6c0f,data/raw/temp_open_utc.csv:PrimClass_Jessie + meta_open.csv,unknown: repository LICENSE is MIT (software); terms of the original measurement sources are not listed,"GB school Dec2014-Nov2015; sum of observed hours, gaps not filled; unit kWh assumed (not stated by source)"
bdg1:PrimClass_Jessie,gb.unknown,GB,school,2015-07-01,2015-07-31,7142.6,kWh,reported,actual,1.0000,3157.0,dataset_metadata,derived,BDG1@521a6c0f,data/raw/temp_open_utc.csv:PrimClass_Jessie + meta_open.csv,unknown: repository LICENSE is MIT (software); terms of the original measurement sources are not listed,"GB school Dec2014-Nov2015; sum of observed hours, gaps not filled; unit kWh assumed (not stated by source)"
bdg1:PrimClass_Jessie,gb.unknown,GB,school,2015-08-01,2015-08-31,3999.2,kWh,reported,actual,1.0000,3157.0,dataset_metadata,derived,BDG1@521a6c0f,data/raw/temp_open_utc.csv:PrimClass_Jessie + meta_open.csv,unknown: repository LICENSE is MIT (software); terms of the original measurement sources are not listed,"GB school Dec2014-Nov2015; sum of observed hours, gaps not filled; unit kWh assumed (not stated by source)"
bdg1:PrimClass_Jessie,gb.unknown,GB,school,2015-09-01,2015-09-30,9516.7,kWh,reported,actual,1.0000,3157.0,dataset_metadata,derived,BDG1@521a6c0f,data/raw/temp_open_utc.csv:PrimClass_Jessie + meta_open.csv,unknown: repository LICENSE is MIT (software); terms of the original measurement sources are not listed,"GB school Dec2014-Nov2015; sum of observed hours, gaps not filled; unit kWh assumed (not stated by source)"
bdg1:PrimClass_Jessie,gb.unknown,GB,school,2015-10-01,2015-10-31,9094.1,kWh,reported,actual,1.0000,3157.0,dataset_metadata,derived,BDG1@521a6c0f,data/raw/temp_open_utc.csv:PrimClass_Jessie + meta_open.csv,unknown: repository LICENSE is MIT (software); terms of the original measurement sources are not listed,"GB school Dec2014-Nov2015; sum of observed hours, gaps not filled; unit kWh assumed (not stated by source)"
bdg1:PrimClass_Jessie,gb.unknown,GB,school,2015-11-01,2015-11-30,10405.8786,kWh,reported,actual,0.9333,3157.0,dataset_metadata,derived,BDG1@521a6c0f,data/raw/temp_open_utc.csv:PrimClass_Jessie + meta_open.csv,unknown: repository LICENSE is MIT (software); terms of the original measurement sources are not listed,"GB school Dec2014-Nov2015; sum of observed hours, gaps not filled; unit kWh assumed (not stated by source)"
bdg1:PrimClass_Joselyn,gb.unknown,GB,school,2014-12-01,2014-12-31,6695.6124,kWh,reported,actual,0.8737,2961.0,dataset_metadata,derived,BDG1@521a6c0f,data/raw/temp_open_utc.csv:PrimClass_Joselyn + meta_open.csv,unknown: repository LICENSE is MIT (software); terms of the original measurement sources are not listed,"GB school Dec2014-Nov2015; sum of observed hours, gaps not filled; unit kWh assumed (not stated by source)"
bdg1:PrimClass_Joselyn,gb.unknown,GB,school,2015-01-01,2015-01-31,10956.9,kWh,reported,actual,0.9933,2961.0,dataset_metadata,derived,BDG1@521a6c0f,data/raw/temp_open_utc.csv:PrimClass_Joselyn + meta_open.csv,unknown: repository LICENSE is MIT (software); terms of the original measurement sources are not listed,"GB school Dec2014-Nov2015; sum of observed hours, gaps not filled; unit kWh assumed (not stated by source)"
bdg1:PrimClass_Joselyn,gb.unknown,GB,school,2015-02-01,2015-02-28,9121.8,kWh,reported,actual,0.9836,2961.0,dataset_metadata,derived,BDG1@521a6c0f,data/raw/temp_open_utc.csv:PrimClass_Joselyn + meta_open.csv,unknown: repository LICENSE is MIT (software); terms of the original measurement sources are not listed,"GB school Dec2014-Nov2015; sum of observed hours, gaps not filled; unit kWh assumed (not stated by source)"
bdg1:PrimClass_Joselyn,gb.unknown,GB,school,2015-03-01,2015-03-31,10232.2,kWh,reported,actual,0.9623,2961.0,dataset_metadata,derived,BDG1@521a6c0f,data/raw/temp_open_utc.csv:PrimClass_Joselyn + meta_open.csv,unknown: repository LICENSE is MIT (software); terms of the original measurement sources are not listed,"GB school Dec2014-Nov2015; sum of observed hours, gaps not filled; unit kWh assumed (not stated by source)"
bdg1:PrimClass_Joselyn,gb.unknown,GB,school,2015-04-01,2015-04-30,8258.7,kWh,reported,actual,1.0000,2961.0,dataset_metadata,derived,BDG1@521a6c0f,data/raw/temp_open_utc.csv:PrimClass_Joselyn + meta_open.csv,unknown: repository LICENSE is MIT (software); terms of the original measurement sources are not listed,"GB school Dec2014-Nov2015; sum of observed hours, gaps not filled; unit kWh assumed (not stated by source)"
bdg1:PrimClass_Joselyn,gb.unknown,GB,school,2015-05-01,2015-05-31,8442.2,kWh,reported,actual,1.0000,2961.0,dataset_metadata,derived,BDG1@521a6c0f,data/raw/temp_open_utc.csv:PrimClass_Joselyn + meta_open.csv,unknown: repository LICENSE is MIT (software); terms of the original measurement sources are not listed,"GB school Dec2014-Nov2015; sum of observed hours, gaps not filled; unit kWh assumed (not stated by source)"
bdg1:PrimClass_Joselyn,gb.unknown,GB,school,2015-06-01,2015-06-30,6629.6,kWh,reported,actual,0.7028,2961.0,dataset_metadata,derived,BDG1@521a6c0f,data/raw/temp_open_utc.csv:PrimClass_Joselyn + meta_open.csv,unknown: repository LICENSE is MIT (software); terms of the original measurement sources are not listed,"GB school Dec2014-Nov2015; sum of observed hours, gaps not filled; unit kWh assumed (not stated by source)"
bdg1:PrimClass_Joselyn,gb.unknown,GB,school,2015-07-01,2015-07-31,6644.5,kWh,reported,actual,1.0000,2961.0,dataset_metadata,derived,BDG1@521a6c0f,data/raw/temp_open_utc.csv:PrimClass_Joselyn + meta_open.csv,unknown: repository LICENSE is MIT (software); terms of the original measurement sources are not listed,"GB school Dec2014-Nov2015; sum of observed hours, gaps not filled; unit kWh assumed (not stated by source)"
bdg1:PrimClass_Joselyn,gb.unknown,GB,school,2015-08-01,2015-08-31,3475.5,kWh,reported,actual,1.0000,2961.0,dataset_metadata,derived,BDG1@521a6c0f,data/raw/temp_open_utc.csv:PrimClass_Joselyn + meta_open.csv,unknown: repository LICENSE is MIT (software); terms of the original measurement sources are not listed,"GB school Dec2014-Nov2015; sum of observed hours, gaps not filled; unit kWh assumed (not stated by source)"
bdg1:PrimClass_Joselyn,gb.unknown,GB,school,2015-09-01,2015-09-30,9528.6,kWh,reported,actual,1.0000,2961.0,dataset_metadata,derived,BDG1@521a6c0f,data/raw/temp_open_utc.csv:PrimClass_Joselyn + meta_open.csv,unknown: repository LICENSE is MIT (software); terms of the original measurement sources are not listed,"GB school Dec2014-Nov2015; sum of observed hours, gaps not filled; unit kWh assumed (not stated by source)"
bdg1:PrimClass_Joselyn,gb.unknown,GB,school,2015-10-01,2015-10-31,8849.8,kWh,reported,actual,0.9919,2961.0,dataset_metadata,derived,BDG1@521a6c0f,data/raw/temp_open_utc.csv:PrimClass_Joselyn + meta_open.csv,unknown: repository LICENSE is MIT (software); terms of the original measurement sources are not listed,"GB school Dec2014-Nov2015; sum of observed hours, gaps not filled; unit kWh assumed (not stated by source)"
bdg1:PrimClass_Joselyn,gb.unknown,GB,school,2015-11-01,2015-11-30,10273.4814,kWh,reported,actual,0.9278,2961.0,dataset_metadata,derived,BDG1@521a6c0f,data/raw/temp_open_utc.csv:PrimClass_Joselyn + meta_open.csv,unknown: repository LICENSE is MIT (software); terms of the original measurement sources are not listed,"GB school Dec2014-Nov2015; sum of observed hours, gaps not filled; unit kWh assumed (not stated by source)"
bdg1:PrimClass_Judy,gb.unknown,GB,school,2014-12-01,2014-12-31,3130.2031,kWh,reported,actual,0.9543,1065.0,dataset_metadata,derived,BDG1@521a6c0f,data/raw/temp_open_utc.csv:PrimClass_Judy + meta_open.csv,unknown: repository LICENSE is MIT (software); terms of the original measurement sources are not listed,"GB school Dec2014-Nov2015; sum of observed hours, gaps not filled; unit kWh assumed (not stated by source)"
bdg1:PrimClass_Judy,gb.unknown,GB,school,2015-01-01,2015-01-31,3820.3,kWh,reported,actual,0.9597,1065.0,dataset_metadata,derived,BDG1@521a6c0f,data/raw/temp_open_utc.csv:PrimClass_Judy + meta_open.csv,unknown: repository LICENSE is MIT (software); terms of the original measurement sources are not listed,"GB school Dec2014-Nov2015; sum of observed hours, gaps not filled; unit kWh assumed (not stated by source)"
bdg1:PrimClass_Judy,gb.unknown,GB,school,2015-02-01,2015-02-28,3258.3,kWh,reported,actual,0.9792,1065.0,dataset_metadata,derived,BDG1@521a6c0f,data/raw/temp_open_utc.csv:PrimClass_Judy + meta_open.csv,unknown: repository LICENSE is MIT (software); terms of the original measurement sources are not listed,"GB school Dec2014-Nov2015; sum of observed hours, gaps not filled; unit kWh assumed (not stated by source)"
bdg1:PrimClass_Judy,gb.unknown,GB,school,2015-03-01,2015-03-31,3716.7,kWh,reported,actual,0.9650,1065.0,dataset_metadata,derived,BDG1@521a6c0f,data/raw/temp_open_utc.csv:PrimClass_Judy + meta_open.csv,unknown: repository LICENSE is MIT (software); terms of the original measurement sources are not listed,"GB school Dec2014-Nov2015; sum of observed hours, gaps not filled; unit kWh assumed (not stated by source)"
bdg1:PrimClass_Judy,gb.unknown,GB,school,2015-04-01,2015-04-30,2670.5,kWh,reported,actual,1.0000,1065.0,dataset_metadata,derived,BDG1@521a6c0f,data/raw/temp_open_utc.csv:PrimClass_Judy + meta_open.csv,unknown: repository LICENSE is MIT (software); terms of the original measurement sources are not listed,"GB school Dec2014-Nov2015; sum of observed hours, gaps not filled; unit kWh assumed (not stated by source)"
bdg1:PrimClass_Judy,gb.unknown,GB,school,2015-05-01,2015-05-31,2694.7041,kWh,reported,actual,0.9677,1065.0,dataset_metadata,derived,BDG1@521a6c0f,data/raw/temp_open_utc.csv:PrimClass_Judy + meta_open.csv,unknown: repository LICENSE is MIT (software); terms of the original measurement sources are not listed,"GB school Dec2014-Nov2015; sum of observed hours, gaps not filled; unit kWh assumed (not stated by source)"
bdg1:PrimClass_Judy,gb.unknown,GB,school,2015-06-01,2015-06-30,2589.0,kWh,reported,actual,0.7028,1065.0,dataset_metadata,derived,BDG1@521a6c0f,data/raw/temp_open_utc.csv:PrimClass_Judy + meta_open.csv,unknown: repository LICENSE is MIT (software); terms of the original measurement sources are not listed,"GB school Dec2014-Nov2015; sum of observed hours, gaps not filled; unit kWh assumed (not stated by source)"
bdg1:PrimClass_Judy,gb.unknown,GB,school,2015-07-01,2015-07-31,2685.1,kWh,reported,actual,1.0000,1065.0,dataset_metadata,derived,BDG1@521a6c0f,data/raw/temp_open_utc.csv:PrimClass_Judy + meta_open.csv,unknown: repository LICENSE is MIT (software); terms of the original measurement sources are not listed,"GB school Dec2014-Nov2015; sum of observed hours, gaps not filled; unit kWh assumed (not stated by source)"
bdg1:PrimClass_Judy,gb.unknown,GB,school,2015-08-01,2015-08-31,996.9,kWh,reported,actual,1.0000,1065.0,dataset_metadata,derived,BDG1@521a6c0f,data/raw/temp_open_utc.csv:PrimClass_Judy + meta_open.csv,unknown: repository LICENSE is MIT (software); terms of the original measurement sources are not listed,"GB school Dec2014-Nov2015; sum of observed hours, gaps not filled; unit kWh assumed (not stated by source)"
bdg1:PrimClass_Judy,gb.unknown,GB,school,2015-09-01,2015-09-30,3623.9,kWh,reported,actual,1.0000,1065.0,dataset_metadata,derived,BDG1@521a6c0f,data/raw/temp_open_utc.csv:PrimClass_Judy + meta_open.csv,unknown: repository LICENSE is MIT (software); terms of the original measurement sources are not listed,"GB school Dec2014-Nov2015; sum of observed hours, gaps not filled; unit kWh assumed (not stated by source)"
bdg1:PrimClass_Judy,gb.unknown,GB,school,2015-10-01,2015-10-31,3223.2,kWh,reported,actual,0.9987,1065.0,dataset_metadata,derived,BDG1@521a6c0f,data/raw/temp_open_utc.csv:PrimClass_Judy + meta_open.csv,unknown: repository LICENSE is MIT (software); terms of the original measurement sources are not listed,"GB school Dec2014-Nov2015; sum of observed hours, gaps not filled; unit kWh assumed (not stated by source)"
bdg1:PrimClass_Judy,gb.unknown,GB,school,2015-11-01,2015-11-30,3624.0703,kWh,reported,actual,0.9319,1065.0,dataset_metadata,derived,BDG1@521a6c0f,data/raw/temp_open_utc.csv:PrimClass_Judy + meta_open.csv,unknown: repository LICENSE is MIT (software); terms of the original measurement sources are not listed,"GB school Dec2014-Nov2015; sum of observed hours, gaps not filled; unit kWh assumed (not stated by source)"
bdg1:PrimClass_Jarrett,gb.unknown,GB,school,2014-12-01,2014-12-31,7285.3134,kWh,reported,actual,0.9637,2708.0,dataset_metadata,derived,BDG1@521a6c0f,data/raw/temp_open_utc.csv:PrimClass_Jarrett + meta_open.csv,unknown: repository LICENSE is MIT (software); terms of the original measurement sources are not listed,"GB school Dec2014-Nov2015; sum of observed hours, gaps not filled; unit kWh assumed (not stated by source)"
bdg1:PrimClass_Jarrett,gb.unknown,GB,school,2015-01-01,2015-01-31,10425.9,kWh,reported,actual,0.9866,2708.0,dataset_metadata,derived,BDG1@521a6c0f,data/raw/temp_open_utc.csv:PrimClass_Jarrett + meta_open.csv,unknown: repository LICENSE is MIT (software); terms of the original measurement sources are not listed,"GB school Dec2014-Nov2015; sum of observed hours, gaps not filled; unit kWh assumed (not stated by source)"
bdg1:PrimClass_Jarrett,gb.unknown,GB,school,2015-02-01,2015-02-28,9493.4,kWh,reported,actual,0.9940,2708.0,dataset_metadata,derived,BDG1@521a6c0f,data/raw/temp_open_utc.csv:PrimClass_Jarrett + meta_open.csv,unknown: repository LICENSE is MIT (software); terms of the original measurement sources are not listed,"GB school Dec2014-Nov2015; sum of observed hours, gaps not filled; unit kWh assumed (not stated by source)"
bdg1:PrimClass_Jarrett,gb.unknown,GB,school,2015-03-01,2015-03-31,8635.2,kWh,reported,actual,0.9664,2708.0,dataset_metadata,derived,BDG1@521a6c0f,data/raw/temp_open_utc.csv:PrimClass_Jarrett + meta_open.csv,unknown: repository LICENSE is MIT (software); terms of the original measurement sources are not listed,"GB school Dec2014-Nov2015; sum of observed hours, gaps not filled; unit kWh assumed (not stated by source)"
bdg1:PrimClass_Jarrett,gb.unknown,GB,school,2015-04-01,2015-04-30,7731.9,kWh,reported,actual,1.0000,2708.0,dataset_metadata,derived,BDG1@521a6c0f,data/raw/temp_open_utc.csv:PrimClass_Jarrett + meta_open.csv,unknown: repository LICENSE is MIT (software); terms of the original measurement sources are not listed,"GB school Dec2014-Nov2015; sum of observed hours, gaps not filled; unit kWh assumed (not stated by source)"
bdg1:PrimClass_Jarrett,gb.unknown,GB,school,2015-05-01,2015-05-31,7406.0,kWh,reported,actual,0.9987,2708.0,dataset_metadata,derived,BDG1@521a6c0f,data/raw/temp_open_utc.csv:PrimClass_Jarrett + meta_open.csv,unknown: repository LICENSE is MIT (software); terms of the original measurement sources are not listed,"GB school Dec2014-Nov2015; sum of observed hours, gaps not filled; unit kWh assumed (not stated by source)"
bdg1:PrimClass_Jarrett,gb.unknown,GB,school,2015-06-01,2015-06-30,5816.0,kWh,reported,actual,0.7028,2708.0,dataset_metadata,derived,BDG1@521a6c0f,data/raw/temp_open_utc.csv:PrimClass_Jarrett + meta_open.csv,unknown: repository LICENSE is MIT (software); terms of the original measurement sources are not listed,"GB school Dec2014-Nov2015; sum of observed hours, gaps not filled; unit kWh assumed (not stated by source)"
bdg1:PrimClass_Jarrett,gb.unknown,GB,school,2015-07-01,2015-07-31,6223.3,kWh,reported,actual,1.0000,2708.0,dataset_metadata,derived,BDG1@521a6c0f,data/raw/temp_open_utc.csv:PrimClass_Jarrett + meta_open.csv,unknown: repository LICENSE is MIT (software); terms of the original measurement sources are not listed,"GB school Dec2014-Nov2015; sum of observed hours, gaps not filled; unit kWh assumed (not stated by source)"
bdg1:PrimClass_Jarrett,gb.unknown,GB,school,2015-08-01,2015-08-31,4246.7,kWh,reported,actual,1.0000,2708.0,dataset_metadata,derived,BDG1@521a6c0f,data/raw/temp_open_utc.csv:PrimClass_Jarrett + meta_open.csv,unknown: repository LICENSE is MIT (software); terms of the original measurement sources are not listed,"GB school Dec2014-Nov2015; sum of observed hours, gaps not filled; unit kWh assumed (not stated by source)"
bdg1:PrimClass_Jarrett,gb.unknown,GB,school,2015-09-01,2015-09-30,8411.3,kWh,reported,actual,1.0000,2708.0,dataset_metadata,derived,BDG1@521a6c0f,data/raw/temp_open_utc.csv:PrimClass_Jarrett + meta_open.csv,unknown: repository LICENSE is MIT (software); terms of the original measurement sources are not listed,"GB school Dec2014-Nov2015; sum of observed hours, gaps not filled; unit kWh assumed (not stated by source)"
bdg1:PrimClass_Jarrett,gb.unknown,GB,school,2015-10-01,2015-10-31,8082.7,kWh,reported,actual,1.0000,2708.0,dataset_metadata,derived,BDG1@521a6c0f,data/raw/temp_open_utc.csv:PrimClass_Jarrett + meta_open.csv,unknown: repository LICENSE is MIT (software); terms of the original measurement sources are not listed,"GB school Dec2014-Nov2015; sum of observed hours, gaps not filled; unit kWh assumed (not stated by source)"
bdg1:PrimClass_Jarrett,gb.unknown,GB,school,2015-11-01,2015-11-30,8442.0448,kWh,reported,actual,0.9306,2708.0,dataset_metadata,derived,BDG1@521a6c0f,data/raw/temp_open_utc.csv:PrimClass_Jarrett + meta_open.csv,unknown: repository LICENSE is MIT (software); terms of the original measurement sources are not listed,"GB school Dec2014-Nov2015; sum of observed hours, gaps not filled; unit kWh assumed (not stated by source)"
bdg1:PrimClass_Jeannine,gb.unknown,GB,school,2014-12-01,2014-12-31,45018.8,kWh,reported,actual,0.9852,12732.0,dataset_metadata,derived,BDG1@521a6c0f,data/raw/temp_open_utc.csv:PrimClass_Jeannine + meta_open.csv,unknown: repository LICENSE is MIT (software); terms of the original measurement sources are not listed,"GB school Dec2014-Nov2015; sum of observed hours, gaps not filled; unit kWh assumed (not stated by source)"
bdg1:PrimClass_Jeannine,gb.unknown,GB,school,2015-01-01,2015-01-31,49361.3,kWh,reported,actual,0.9677,12732.0,dataset_metadata,derived,BDG1@521a6c0f,data/raw/temp_open_utc.csv:PrimClass_Jeannine + meta_open.csv,unknown: repository LICENSE is MIT (software); terms of the original measurement sources are not listed,"GB school Dec2014-Nov2015; sum of observed hours, gaps not filled; unit kWh assumed (not stated by source)"
bdg1:PrimClass_Jeannine,gb.unknown,GB,school,2015-02-01,2015-02-28,39498.0,kWh,reported,actual,0.9598,12732.0,dataset_metadata,derived,BDG1@521a6c0f,data/raw/temp_open_utc.csv:PrimClass_Jeannine + meta_open.csv,unknown: repository LICENSE is MIT (software); terms of the original measurement sources are not listed,"GB school Dec2014-Nov2015; sum of observed hours, gaps not filled; unit kWh assumed (not stated by source)"
bdg1:PrimClass_Jeannine,gb.unknown,GB,school,2015-03-01,2015-03-31,47022.5,kWh,reported,actual,0.9879,12732.0,dataset_metadata,derived,BDG1@521a6c0f,data/raw/temp_open_utc.csv:PrimClass_Jeannine + meta_open.csv,unknown: repository LICENSE is MIT (software); terms of the original measurement sources are not listed,"GB school Dec2014-Nov2015; sum of observed hours, gaps not filled; unit kWh assumed (not stated by source)"
bdg1:PrimClass_Jeannine,gb.unknown,GB,school,2015-04-01,2015-04-30,33102.6948,kWh,reported,actual,0.9333,12732.0,dataset_metadata,derived,BDG1@521a6c0f,data/raw/temp_open_utc.csv:PrimClass_Jeannine + meta_open.csv,unknown: repository LICENSE is MIT (software); terms of the original measurement sources are not listed,"GB school Dec2014-Nov2015; sum of observed hours, gaps not filled; unit kWh assumed (not stated by source)"
bdg1:PrimClass_Jeannine,gb.unknown,GB,school,2015-05-01,2015-05-31,6912.3253,kWh,reported,actual,0.2903,12732.0,dataset_metadata,derived,BDG1@521a6c0f,data/raw/temp_open_utc.csv:PrimClass_Jeannine + meta_open.csv,unknown: repository LICENSE is MIT (software); terms of the original measurement sources are not listed,"GB school Dec2014-Nov2015; sum of observed hours, gaps not filled; unit kWh assumed (not stated by source)"
bdg1:PrimClass_Jeannine,gb.unknown,GB,school,2015-06-01,2015-06-30,44197.4999,kWh,reported,actual,1.0000,12732.0,dataset_metadata,derived,BDG1@521a6c0f,data/raw/temp_open_utc.csv:PrimClass_Jeannine + meta_open.csv,unknown: repository LICENSE is MIT (software); terms of the original measurement sources are not listed,"GB school Dec2014-Nov2015; sum of observed hours, gaps not filled; unit kWh assumed (not stated by source)"
bdg1:PrimClass_Jeannine,gb.unknown,GB,school,2015-07-01,2015-07-31,33281.0,kWh,reported,actual,1.0000,12732.0,dataset_metadata,derived,BDG1@521a6c0f,data/raw/temp_open_utc.csv:PrimClass_Jeannine + meta_open.csv,unknown: repository LICENSE is MIT (software); terms of the original measurement sources are not listed,"GB school Dec2014-Nov2015; sum of observed hours, gaps not filled; unit kWh assumed (not stated by source)"
bdg1:PrimClass_Jeannine,gb.unknown,GB,school,2015-08-01,2015-08-31,18369.5,kWh,reported,actual,1.0000,12732.0,dataset_metadata,derived,BDG1@521a6c0f,data/raw/temp_open_utc.csv:PrimClass_Jeannine + meta_open.csv,unknown: repository LICENSE is MIT (software); terms of the original measurement sources are not listed,"GB school Dec2014-Nov2015; sum of observed hours, gaps not filled; unit kWh assumed (not stated by source)"
bdg1:PrimClass_Jeannine,gb.unknown,GB,school,2015-09-01,2015-09-30,37974.1,kWh,reported,actual,1.0000,12732.0,dataset_metadata,derived,BDG1@521a6c0f,data/raw/temp_open_utc.csv:PrimClass_Jeannine + meta_open.csv,unknown: repository LICENSE is MIT (software); terms of the original measurement sources are not listed,"GB school Dec2014-Nov2015; sum of observed hours, gaps not filled; unit kWh assumed (not stated by source)"
bdg1:PrimClass_Jeannine,gb.unknown,GB,school,2015-10-01,2015-10-31,38384.1999,kWh,reported,actual,1.0000,12732.0,dataset_metadata,derived,BDG1@521a6c0f,data/raw/temp_open_utc.csv:PrimClass_Jeannine + meta_open.csv,unknown: repository LICENSE is MIT (software); terms of the original measurement sources are not listed,"GB school Dec2014-Nov2015; sum of observed hours, gaps not filled; unit kWh assumed (not stated by source)"
bdg1:PrimClass_Jeannine,gb.unknown,GB,school,2015-11-01,2015-11-30,40749.442,kWh,reported,actual,0.9333,12732.0,dataset_metadata,derived,BDG1@521a6c0f,data/raw/temp_open_utc.csv:PrimClass_Jeannine + meta_open.csv,unknown: repository LICENSE is MIT (software); terms of the original measurement sources are not listed,"GB school Dec2014-Nov2015; sum of observed hours, gaps not filled; unit kWh assumed (not stated by source)"
bdg1:PrimClass_Jeff,gb.unknown,GB,school,2014-12-01,2014-12-31,3008.2557,kWh,reported,actual,0.8884,1086.0,dataset_metadata,derived,BDG1@521a6c0f,data/raw/temp_open_utc.csv:PrimClass_Jeff + meta_open.csv,unknown: repository LICENSE is MIT (software); terms of the original measurement sources are not listed,"GB school Dec2014-Nov2015; sum of observed hours, gaps not filled; unit kWh assumed (not stated by source)"
bdg1:PrimClass_Jeff,gb.unknown,GB,school,2015-01-01,2015-01-31,3809.8,kWh,reported,actual,0.9073,1086.0,dataset_metadata,derived,BDG1@521a6c0f,data/raw/temp_open_utc.csv:PrimClass_Jeff + meta_open.csv,unknown: repository LICENSE is MIT (software); terms of the original measurement sources are not listed,"GB school Dec2014-Nov2015; sum of observed hours, gaps not filled; unit kWh assumed (not stated by source)"
bdg1:PrimClass_Jeff,gb.unknown,GB,school,2015-02-01,2015-02-28,3397.8,kWh,reported,actual,0.9435,1086.0,dataset_metadata,derived,BDG1@521a6c0f,data/raw/temp_open_utc.csv:PrimClass_Jeff + meta_open.csv,unknown: repository LICENSE is MIT (software); terms of the original measurement sources are not listed,"GB school Dec2014-Nov2015; sum of observed hours, gaps not filled; unit kWh assumed (not stated by source)"
bdg1:PrimClass_Jeff,gb.unknown,GB,school,2015-03-01,2015-03-31,4087.3,kWh,reported,actual,0.9556,1086.0,dataset_metadata,derived,BDG1@521a6c0f,data/raw/temp_open_utc.csv:PrimClass_Jeff + meta_open.csv,unknown: repository LICENSE is MIT (software); terms of the original measurement sources are not listed,"GB school Dec2014-Nov2015; sum of observed hours, gaps not filled; unit kWh assumed (not stated by source)"
bdg1:PrimClass_Jeff,gb.unknown,GB,school,2015-04-01,2015-04-30,2429.0,kWh,reported,actual,0.9972,1086.0,dataset_metadata,derived,BDG1@521a6c0f,data/raw/temp_open_utc.csv:PrimClass_Jeff + meta_open.csv,unknown: repository LICENSE is MIT (software); terms of the original measurement sources are not listed,"GB school Dec2014-Nov2015; sum of observed hours, gaps not filled; unit kWh assumed (not stated by source)"
bdg1:PrimClass_Jeff,gb.unknown,GB,school,2015-05-01,2015-05-31,2762.6567,kWh,reported,actual,0.9368,1086.0,dataset_metadata,derived,BDG1@521a6c0f,data/raw/temp_open_utc.csv:PrimClass_Jeff + meta_open.csv,unknown: repository LICENSE is MIT (software); terms of the original measurement sources are not listed,"GB school Dec2014-Nov2015; sum of observed hours, gaps not filled; unit kWh assumed (not stated by source)"
bdg1:PrimClass_Jeff,gb.unknown,GB,school,2015-06-01,2015-06-30,2392.6,kWh,reported,actual,0.7028,1086.0,dataset_metadata,derived,BDG1@521a6c0f,data/raw/temp_open_utc.csv:PrimClass_Jeff + meta_open.csv,unknown: repository LICENSE is MIT (software); terms of the original measurement sources are not listed,"GB school Dec2014-Nov2015; sum of observed hours, gaps not filled; unit kWh assumed (not stated by source)"
bdg1:PrimClass_Jeff,gb.unknown,GB,school,2015-07-01,2015-07-31,2845.0,kWh,reported,actual,1.0000,1086.0,dataset_metadata,derived,BDG1@521a6c0f,data/raw/temp_open_utc.csv:PrimClass_Jeff + meta_open.csv,unknown: repository LICENSE is MIT (software); terms of the original measurement sources are not listed,"GB school Dec2014-Nov2015; sum of observed hours, gaps not filled; unit kWh assumed (not stated by source)"
bdg1:PrimClass_Jeff,gb.unknown,GB,school,2015-08-01,2015-08-31,1456.9,kWh,reported,actual,1.0000,1086.0,dataset_metadata,derived,BDG1@521a6c0f,data/raw/temp_open_utc.csv:PrimClass_Jeff + meta_open.csv,unknown: repository LICENSE is MIT (software); terms of the original measurement sources are not listed,"GB school Dec2014-Nov2015; sum of observed hours, gaps not filled; unit kWh assumed (not stated by source)"
bdg1:PrimClass_Jeff,gb.unknown,GB,school,2015-09-01,2015-09-30,3514.6,kWh,reported,actual,1.0000,1086.0,dataset_metadata,derived,BDG1@521a6c0f,data/raw/temp_open_utc.csv:PrimClass_Jeff + meta_open.csv,unknown: repository LICENSE is MIT (software); terms of the original measurement sources are not listed,"GB school Dec2014-Nov2015; sum of observed hours, gaps not filled; unit kWh assumed (not stated by source)"
bdg1:PrimClass_Jeff,gb.unknown,GB,school,2015-10-01,2015-10-31,3886.0,kWh,reported,actual,1.0000,1086.0,dataset_metadata,derived,BDG1@521a6c0f,data/raw/temp_open_utc.csv:PrimClass_Jeff + meta_open.csv,unknown: repository LICENSE is MIT (software); terms of the original measurement sources are not listed,"GB school Dec2014-Nov2015; sum of observed hours, gaps not filled; unit kWh assumed (not stated by source)"
bdg1:PrimClass_Jeff,gb.unknown,GB,school,2015-11-01,2015-11-30,4186.6393,kWh,reported,actual,0.9083,1086.0,dataset_metadata,derived,BDG1@521a6c0f,data/raw/temp_open_utc.csv:PrimClass_Jeff + meta_open.csv,unknown: repository LICENSE is MIT (software); terms of the original measurement sources are not listed,"GB school Dec2014-Nov2015; sum of observed hours, gaps not filled; unit kWh assumed (not stated by source)"
bdg1:PrimClass_Julian,gb.unknown,GB,school,2014-12-01,2014-12-31,5108.7374,kWh,reported,actual,0.9355,1737.0,dataset_metadata,derived,BDG1@521a6c0f,data/raw/temp_open_utc.csv:PrimClass_Julian + meta_open.csv,unknown: repository LICENSE is MIT (software); terms of the original measurement sources are not listed,"GB school Dec2014-Nov2015; sum of observed hours, gaps not filled; unit kWh assumed (not stated by source)"
bdg1:PrimClass_Julian,gb.unknown,GB,school,2015-01-01,2015-01-31,5654.481,kWh,reported,actual,0.9382,1737.0,dataset_metadata,derived,BDG1@521a6c0f,data/raw/temp_open_utc.csv:PrimClass_Julian + meta_open.csv,unknown: repository LICENSE is MIT (software); terms of the original measurement sources are not listed,"GB school Dec2014-Nov2015; sum of observed hours, gaps not filled; unit kWh assumed (not stated by source)"
bdg1:PrimClass_Julian,gb.unknown,GB,school,2015-02-01,2015-02-28,4707.19,kWh,reported,actual,0.9464,1737.0,dataset_metadata,derived,BDG1@521a6c0f,data/raw/temp_open_utc.csv:PrimClass_Julian + meta_open.csv,unknown: repository LICENSE is MIT (software); terms of the original measurement sources are not listed,"GB school Dec2014-Nov2015; sum of observed hours, gaps not filled; unit kWh assumed (not stated by source)"
bdg1:PrimClass_Julian,gb.unknown,GB,school,2015-03-01,2015-03-31,5858.443,kWh,reported,actual,0.9717,1737.0,dataset_metadata,derived,BDG1@521a6c0f,data/raw/temp_open_utc.csv:PrimClass_Julian + meta_open.csv,unknown: repository LICENSE is MIT (software); terms of the original measurement sources are not listed,"GB school Dec2014-Nov2015; sum of observed hours, gaps not filled; unit kWh assumed (not stated by source)"
bdg1:PrimClass_Julian,gb.unknown,GB,school,2015-04-01,2015-04-30,4543.649,kWh,reported,actual,1.0000,1737.0,dataset_metadata,derived,BDG1@521a6c0f,data/raw/temp_open_utc.csv:PrimClass_Julian + meta_open.csv,unknown: repository LICENSE is MIT (software); terms of the original measurement sources are not listed,"GB school Dec2014-Nov2015; sum of observed hours, gaps not filled; unit kWh assumed (not stated by source)"
bdg1:PrimClass_Julian,gb.unknown,GB,school,2015-05-01,2015-05-31,5045.699,kWh,reported,actual,1.0000,1737.0,dataset_metadata,derived,BDG1@521a6c0f,data/raw/temp_open_utc.csv:PrimClass_Julian + meta_open.csv,unknown: repository LICENSE is MIT (software); terms of the original measurement sources are not listed,"GB school Dec2014-Nov2015; sum of observed hours, gaps not filled; unit kWh assumed (not stated by source)"
bdg1:PrimClass_Julian,gb.unknown,GB,school,2015-06-01,2015-06-30,4411.687,kWh,reported,actual,1.0000,1737.0,dataset_metadata,derived,BDG1@521a6c0f,data/raw/temp_open_utc.csv:PrimClass_Julian + meta_open.csv,unknown: repository LICENSE is MIT (software); terms of the original measurement sources are not listed,"GB school Dec2014-Nov2015; sum of observed hours, gaps not filled; unit kWh assumed (not stated by source)"
bdg1:PrimClass_Julian,gb.unknown,GB,school,2015-07-01,2015-07-31,4858.832,kWh,reported,actual,1.0000,1737.0,dataset_metadata,derived,BDG1@521a6c0f,data/raw/temp_open_utc.csv:PrimClass_Julian + meta_open.csv,unknown: repository LICENSE is MIT (software); terms of the original measurement sources are not listed,"GB school Dec2014-Nov2015; sum of observed hours, gaps not filled; unit kWh assumed (not stated by source)"
bdg1:PrimClass_Julian,gb.unknown,GB,school,2015-08-01,2015-08-31,2660.25,kWh,reported,actual,1.0000,1737.0,dataset_metadata,derived,BDG1@521a6c0f,data/raw/temp_open_utc.csv:PrimClass_Julian + meta_open.csv,unknown: repository LICENSE is MIT (software); terms of the original measurement sources are not listed,"GB school Dec2014-Nov2015; sum of observed hours, gaps not filled; unit kWh assumed (not stated by source)"
bdg1:PrimClass_Julian,gb.unknown,GB,school,2015-09-01,2015-09-30,5897.773,kWh,reported,actual,0.9986,1737.0,dataset_metadata,derived,BDG1@521a6c0f,data/raw/temp_open_utc.csv:PrimClass_Julian + meta_open.csv,unknown: repository LICENSE is MIT (software); terms of the original measurement sources are not listed,"GB school Dec2014-Nov2015; sum of observed hours, gaps not filled; unit kWh assumed (not stated by source)"
bdg1:PrimClass_Julian,gb.unknown,GB,school,2015-10-01,2015-10-31,5827.983,kWh,reported,actual,0.9973,1737.0,dataset_metadata,derived,BDG1@521a6c0f,data/raw/temp_open_utc.csv:PrimClass_Julian + meta_open.csv,unknown: repository LICENSE is MIT (software); terms of the original measurement sources are not listed,"GB school Dec2014-Nov2015; sum of observed hours, gaps not filled; unit kWh assumed (not stated by source)"
bdg1:PrimClass_Julian,gb.unknown,GB,school,2015-11-01,2015-11-30,6244.5893,kWh,reported,actual,0.9208,1737.0,dataset_metadata,derived,BDG1@521a6c0f,data/raw/temp_open_utc.csv:PrimClass_Julian + meta_open.csv,unknown: repository LICENSE is MIT (software); terms of the original measurement sources are not listed,"GB school Dec2014-Nov2015; sum of observed hours, gaps not filled; unit kWh assumed (not stated by source)"
bdg1:PrimClass_Jeanine,gb.unknown,GB,school,2014-12-01,2014-12-31,9053.9435,kWh,reported,actual,0.9073,2991.0,dataset_metadata,derived,BDG1@521a6c0f,data/raw/temp_open_utc.csv:PrimClass_Jeanine + meta_open.csv,unknown: repository LICENSE is MIT (software); terms of the original measurement sources are not listed,"GB school Dec2014-Nov2015; sum of observed hours, gaps not filled; unit kWh assumed (not stated by source)"
bdg1:PrimClass_Jeanine,gb.unknown,GB,school,2015-01-01,2015-01-31,10930.9,kWh,reported,actual,0.9530,2991.0,dataset_metadata,derived,BDG1@521a6c0f,data/raw/temp_open_utc.csv:PrimClass_Jeanine + meta_open.csv,unknown: repository LICENSE is MIT (software); terms of the original measurement sources are not listed,"GB school Dec2014-Nov2015; sum of observed hours, gaps not filled; unit kWh assumed (not stated by source)"
bdg1:PrimClass_Jeanine,gb.unknown,GB,school,2015-02-01,2015-02-28,9277.6,kWh,reported,actual,0.9747,2991.0,dataset_metadata,derived,BDG1@521a6c0f,data/raw/temp_open_utc.csv:PrimClass_Jeanine + meta_open.csv,unknown: repository LICENSE is MIT (software); terms of the original measurement sources are not listed,"GB school Dec2014-Nov2015; sum of observed hours, gaps not filled; unit kWh assumed (not stated by source)"
bdg1:PrimClass_Jeanine,gb.unknown,GB,school,2015-03-01,2015-03-31,10926.9,kWh,reported,actual,0.9569,2991.0,dataset_metadata,derived,BDG1@521a6c0f,data/raw/temp_open_utc.csv:PrimClass_Jeanine + meta_open.csv,unknown: repository LICENSE is MIT (software); terms of the original measurement sources are not listed,"GB school Dec2014-Nov2015; sum of observed hours, gaps not filled; unit kWh assumed (not stated by source)"
bdg1:PrimClass_Jeanine,gb.unknown,GB,school,2015-04-01,2015-04-30,8403.9,kWh,reported,actual,1.0000,2991.0,dataset_metadata,derived,BDG1@521a6c0f,data/raw/temp_open_utc.csv:PrimClass_Jeanine + meta_open.csv,unknown: repository LICENSE is MIT (software); terms of the original measurement sources are not listed,"GB school Dec2014-Nov2015; sum of observed hours, gaps not filled; unit kWh assumed (not stated by source)"
bdg1:PrimClass_Jeanine,gb.unknown,GB,school,2015-05-01,2015-05-31,8914.2,kWh,reported,actual,0.9946,2991.0,dataset_metadata,derived,BDG1@521a6c0f,data/raw/temp_open_utc.csv:PrimClass_Jeanine + meta_open.csv,unknown: repository LICENSE is MIT (software); terms of the original measurement sources are not listed,"GB school Dec2014-Nov2015; sum of observed hours, gaps not filled; unit kWh assumed (not stated by source)"
bdg1:PrimClass_Jeanine,gb.unknown,GB,school,2015-06-01,2015-06-30,7599.4,kWh,reported,actual,0.7028,2991.0,dataset_metadata,derived,BDG1@521a6c0f,data/raw/temp_open_utc.csv:PrimClass_Jeanine + meta_open.csv,unknown: repository LICENSE is MIT (software); terms of the original measurement sources are not listed,"GB school Dec2014-Nov2015; sum of observed hours, gaps not filled; unit kWh assumed (not stated by source)"
bdg1:PrimClass_Jeanine,gb.unknown,GB,school,2015-07-01,2015-07-31,8009.8,kWh,reported,actual,0.9973,2991.0,dataset_metadata,derived,BDG1@521a6c0f,data/raw/temp_open_utc.csv:PrimClass_Jeanine + meta_open.csv,unknown: repository LICENSE is MIT (software); terms of the original measurement sources are not listed,"GB school Dec2014-Nov2015; sum of observed hours, gaps not filled; unit kWh assumed (not stated by source)"
bdg1:PrimClass_Jeanine,gb.unknown,GB,school,2015-08-01,2015-08-31,2797.8,kWh,reported,actual,1.0000,2991.0,dataset_metadata,derived,BDG1@521a6c0f,data/raw/temp_open_utc.csv:PrimClass_Jeanine + meta_open.csv,unknown: repository LICENSE is MIT (software); terms of the original measurement sources are not listed,"GB school Dec2014-Nov2015; sum of observed hours, gaps not filled; unit kWh assumed (not stated by source)"
bdg1:PrimClass_Jeanine,gb.unknown,GB,school,2015-09-01,2015-09-30,11086.3,kWh,reported,actual,0.9972,2991.0,dataset_metadata,derived,BDG1@521a6c0f,data/raw/temp_open_utc.csv:PrimClass_Jeanine + meta_open.csv,unknown: repository LICENSE is MIT (software); terms of the original measurement sources are not listed,"GB school Dec2014-Nov2015; sum of observed hours, gaps not filled; unit kWh assumed (not stated by source)"
bdg1:PrimClass_Jeanine,gb.unknown,GB,school,2015-10-01,2015-10-31,10533.9,kWh,reported,actual,0.9946,2991.0,dataset_metadata,derived,BDG1@521a6c0f,data/raw/temp_open_utc.csv:PrimClass_Jeanine + meta_open.csv,unknown: repository LICENSE is MIT (software); terms of the original measurement sources are not listed,"GB school Dec2014-Nov2015; sum of observed hours, gaps not filled; unit kWh assumed (not stated by source)"
bdg1:PrimClass_Jeanine,gb.unknown,GB,school,2015-11-01,2015-11-30,8326.58,kWh,reported,actual,0.9333,2991.0,dataset_metadata,derived,BDG1@521a6c0f,data/raw/temp_open_utc.csv:PrimClass_Jeanine + meta_open.csv,unknown: repository LICENSE is MIT (software); terms of the original measurement sources are not listed,"GB school Dec2014-Nov2015; sum of observed hours, gaps not filled; unit kWh assumed (not stated by source)"
bdg1:PrimClass_Jerome,gb.unknown,GB,school,2014-12-01,2014-12-31,26513.8,kWh,reported,actual,0.9906,8255.0,dataset_metadata,derived,BDG1@521a6c0f,data/raw/temp_open_utc.csv:PrimClass_Jerome + meta_open.csv,unknown: repository LICENSE is MIT (software); terms of the original measurement sources are not listed,"GB school Dec2014-Nov2015; sum of observed hours, gaps not filled; unit kWh assumed (not stated by source)"
bdg1:PrimClass_Jerome,gb.unknown,GB,school,2015-01-01,2015-01-31,32035.9,kWh,reported,actual,0.9758,8255.0,dataset_metadata,derived,BDG1@521a6c0f,data/raw/temp_open_utc.csv:PrimClass_Jerome + meta_open.csv,unknown: repository LICENSE is MIT (software); terms of the original measurement sources are not listed,"GB school Dec2014-Nov2015; sum of observed hours, gaps not filled; unit kWh assumed (not stated by source)"
bdg1:PrimClass_Jerome,gb.unknown,GB,school,2015-02-01,2015-02-28,26744.0001,kWh,reported,actual,0.9732,8255.0,dataset_metadata,derived,BDG1@521a6c0f,data/raw/temp_open_utc.csv:PrimClass_Jerome + meta_open.csv,unknown: repository LICENSE is MIT (software); terms of the original measurement sources are not listed,"GB school Dec2014-Nov2015; sum of observed hours, gaps not filled; unit kWh assumed (not stated by source)"
bdg1:PrimClass_Jerome,gb.unknown,GB,school,2015-03-01,2015-03-31,35081.5,kWh,reported,actual,0.9960,8255.0,dataset_metadata,derived,BDG1@521a6c0f,data/raw/temp_open_utc.csv:PrimClass_Jerome + meta_open.csv,unknown: repository LICENSE is MIT (software); terms of the original measurement sources are not listed,"GB school Dec2014-Nov2015; sum of observed hours, gaps not filled; unit kWh assumed (not stated by source)"
bdg1:PrimClass_Jerome,gb.unknown,GB,school,2015-04-01,2015-04-30,21121.4302,kWh,reported,actual,0.9667,8255.0,dataset_metadata,derived,BDG1@521a6c0f,data/raw/temp_open_utc.csv:PrimClass_Jerome + meta_open.csv,unknown: repository LICENSE is MIT (software); terms of the original measurement sources are not listed,"GB school Dec2014-Nov2015; sum of observed hours, gaps not filled; unit kWh assumed (not stated by source)"
bdg1:PrimClass_Jerome,gb.unknown,GB,school,2015-05-01,2015-05-31,3998.6141,kWh,reported,actual,0.2903,8255.0,dataset_metadata,derived,BDG1@521a6c0f,data/raw/temp_open_utc.csv:PrimClass_Jerome + meta_open.csv,unknown: repository LICENSE is MIT (software); terms of the original measurement sources are not listed,"GB school Dec2014-Nov2015; sum of observed hours, gaps not filled; unit kWh assumed (not stated by source)"
bdg1:PrimClass_Jerome,gb.unknown,GB,school,2015-06-01,2015-06-30,28365.8,kWh,reported,actual,1.0000,8255.0,dataset_metadata,derived,BDG1@521a6c0f,data/raw/temp_open_utc.csv:PrimClass_Jerome + meta_open.csv,unknown: repository LICENSE is MIT (software); terms of the original measurement sources are not listed,"GB school Dec2014-Nov2015; sum of observed hours, gaps not filled; unit kWh assumed (not stated by source)"
bdg1:PrimClass_Jerome,gb.unknown,GB,school,2015-07-01,2015-07-31,21323.1,kWh,reported,actual,1.0000,8255.0,dataset_metadata,derived,BDG1@521a6c0f,data/raw/temp_open_utc.csv:PrimClass_Jerome + meta_open.csv,unknown: repository LICENSE is MIT (software); terms of the original measurement sources are not listed,"GB school Dec2014-Nov2015; sum of observed hours, gaps not filled; unit kWh assumed (not stated by source)"
bdg1:PrimClass_Jerome,gb.unknown,GB,school,2015-08-01,2015-08-31,13272.7,kWh,reported,actual,1.0000,8255.0,dataset_metadata,derived,BDG1@521a6c0f,data/raw/temp_open_utc.csv:PrimClass_Jerome + meta_open.csv,unknown: repository LICENSE is MIT (software); terms of the original measurement sources are not listed,"GB school Dec2014-Nov2015; sum of observed hours, gaps not filled; unit kWh assumed (not stated by source)"
bdg1:PrimClass_Jerome,gb.unknown,GB,school,2015-09-01,2015-09-30,29109.6,kWh,reported,actual,1.0000,8255.0,dataset_metadata,derived,BDG1@521a6c0f,data/raw/temp_open_utc.csv:PrimClass_Jerome + meta_open.csv,unknown: repository LICENSE is MIT (software); terms of the original measurement sources are not listed,"GB school Dec2014-Nov2015; sum of observed hours, gaps not filled; unit kWh assumed (not stated by source)"
bdg1:PrimClass_Jerome,gb.unknown,GB,school,2015-10-01,2015-10-31,29361.4,kWh,reported,actual,1.0000,8255.0,dataset_metadata,derived,BDG1@521a6c0f,data/raw/temp_open_utc.csv:PrimClass_Jerome + meta_open.csv,unknown: repository LICENSE is MIT (software); terms of the original measurement sources are not listed,"GB school Dec2014-Nov2015; sum of observed hours, gaps not filled; unit kWh assumed (not stated by source)"
bdg1:PrimClass_Jerome,gb.unknown,GB,school,2015-11-01,2015-11-30,31393.0048,kWh,reported,actual,0.9250,8255.0,dataset_metadata,derived,BDG1@521a6c0f,data/raw/temp_open_utc.csv:PrimClass_Jerome + meta_open.csv,unknown: repository LICENSE is MIT (software); terms of the original measurement sources are not listed,"GB school Dec2014-Nov2015; sum of observed hours, gaps not filled; unit kWh assumed (not stated by source)"
bdg1:PrimClass_Jacqueline,gb.unknown,GB,school,2014-12-01,2014-12-31,8888.7629,kWh,reported,actual,0.9637,2777.0,dataset_metadata,derived,BDG1@521a6c0f,data/raw/temp_open_utc.csv:PrimClass_Jacqueline + meta_open.csv,unknown: repository LICENSE is MIT (software); terms of the original measurement sources are not listed,"GB school Dec2014-Nov2015; sum of observed hours, gaps not filled; unit kWh assumed (not stated by source)"
bdg1:PrimClass_Jacqueline,gb.unknown,GB,school,2015-01-01,2015-01-31,10723.3,kWh,reported,actual,0.9879,2777.0,dataset_metadata,derived,BDG1@521a6c0f,data/raw/temp_open_utc.csv:PrimClass_Jacqueline + meta_open.csv,unknown: repository LICENSE is MIT (software); terms of the original measurement sources are not listed,"GB school Dec2014-Nov2015; sum of observed hours, gaps not filled; unit kWh assumed (not stated by source)"
bdg1:PrimClass_Jacqueline,gb.unknown,GB,school,2015-02-01,2015-02-28,8570.8,kWh,reported,actual,0.9911,2777.0,dataset_metadata,derived,BDG1@521a6c0f,data/raw/temp_open_utc.csv:PrimClass_Jacqueline + meta_open.csv,unknown: repository LICENSE is MIT (software); terms of the original measurement sources are not listed,"GB school Dec2014-Nov2015; sum of observed hours, gaps not filled; unit kWh assumed (not stated by source)"
bdg1:PrimClass_Jacqueline,gb.unknown,GB,school,2015-03-01,2015-03-31,10457.2,kWh,reported,actual,0.9704,2777.0,dataset_metadata,derived,BDG1@521a6c0f,data/raw/temp_open_utc.csv:PrimClass_Jacqueline + meta_open.csv,unknown: repository LICENSE is MIT (software); terms of the original measurement sources are not listed,"GB school Dec2014-Nov2015; sum of observed hours, gaps not filled; unit kWh assumed (not stated by source)"
bdg1:PrimClass_Jacqueline,gb.unknown,GB,school,2015-04-01,2015-04-30,7317.0,kWh,reported,actual,1.0000,2777.0,dataset_metadata,derived,BDG1@521a6c0f,data/raw/temp_open_utc.csv:PrimClass_Jacqueline + meta_open.csv,unknown: repository LICENSE is MIT (software); terms of the original measurement sources are not listed,"GB school Dec2014-Nov2015; sum of observed hours, gaps not filled; unit kWh assumed (not stated by source)"
bdg1:PrimClass_Jacqueline,gb.unknown,GB,school,2015-05-01,2015-05-31,7776.9,kWh,reported,actual,1.0000,2777.0,dataset_metadata,derived,BDG1@521a6c0f,data/raw/temp_open_utc.csv:PrimClass_Jacqueline + meta_open.csv,unknown: repository LICENSE is MIT (software); terms of the original measurement sources are not listed,"GB school Dec2014-Nov2015; sum of observed hours, gaps not filled; unit kWh assumed (not stated by source)"
bdg1:PrimClass_Jacqueline,gb.unknown,GB,school,2015-06-01,2015-06-30,6211.3,kWh,reported,actual,0.7028,2777.0,dataset_metadata,derived,BDG1@521a6c0f,data/raw/temp_open_utc.csv:PrimClass_Jacqueline + meta_open.csv,unknown: repository LICENSE is MIT (software); terms of the original measurement sources are not listed,"GB school Dec2014-Nov2015; sum of observed hours, gaps not filled; unit kWh assumed (not stated by source)"
bdg1:PrimClass_Jacqueline,gb.unknown,GB,school,2015-07-01,2015-07-31,7418.6,kWh,reported,actual,1.0000,2777.0,dataset_metadata,derived,BDG1@521a6c0f,data/raw/temp_open_utc.csv:PrimClass_Jacqueline + meta_open.csv,unknown: repository LICENSE is MIT (software); terms of the original measurement sources are not listed,"GB school Dec2014-Nov2015; sum of observed hours, gaps not filled; unit kWh assumed (not stated by source)"
bdg1:PrimClass_Jacqueline,gb.unknown,GB,school,2015-08-01,2015-08-31,3487.1,kWh,reported,actual,1.0000,2777.0,dataset_metadata,derived,BDG1@521a6c0f,data/raw/temp_open_utc.csv:PrimClass_Jacqueline + meta_open.csv,unknown: repository LICENSE is MIT (software); terms of the original measurement sources are not listed,"GB school Dec2014-Nov2015; sum of observed hours, gaps not filled; unit kWh assumed (not stated by source)"
bdg1:PrimClass_Jacqueline,gb.unknown,GB,school,2015-09-01,2015-09-30,9339.9,kWh,reported,actual,1.0000,2777.0,dataset_metadata,derived,BDG1@521a6c0f,data/raw/temp_open_utc.csv:PrimClass_Jacqueline + meta_open.csv,unknown: repository LICENSE is MIT (software); terms of the original measurement sources are not listed,"GB school Dec2014-Nov2015; sum of observed hours, gaps not filled; unit kWh assumed (not stated by source)"
bdg1:PrimClass_Jacqueline,gb.unknown,GB,school,2015-10-01,2015-10-31,8489.6,kWh,reported,actual,1.0000,2777.0,dataset_metadata,derived,BDG1@521a6c0f,data/raw/temp_open_utc.csv:PrimClass_Jacqueline + meta_open.csv,unknown: repository LICENSE is MIT (software); terms of the original measurement sources are not listed,"GB school Dec2014-Nov2015; sum of observed hours, gaps not filled; unit kWh assumed (not stated by source)"
bdg1:PrimClass_Jacqueline,gb.unknown,GB,school,2015-11-01,2015-11-30,11771.6572,kWh,reported,actual,0.9153,2777.0,dataset_metadata,derived,BDG1@521a6c0f,data/raw/temp_open_utc.csv:PrimClass_Jacqueline + meta_open.csv,unknown: repository LICENSE is MIT (software); terms of the original measurement sources are not listed,"GB school Dec2014-Nov2015; sum of observed hours, gaps not filled; unit kWh assumed (not stated by source)"
bdg1:PrimClass_Jill,gb.unknown,GB,school,2014-12-01,2014-12-31,6918.2103,kWh,reported,actual,0.9570,2238.0,dataset_metadata,derived,BDG1@521a6c0f,data/raw/temp_open_utc.csv:PrimClass_Jill + meta_open.csv,unknown: repository LICENSE is MIT (software); terms of the original measurement sources are not listed,"GB school Dec2014-Nov2015; sum of observed hours, gaps not filled; unit kWh assumed (not stated by source)"
bdg1:PrimClass_Jill,gb.unknown,GB,school,2015-01-01,2015-01-31,8767.4,kWh,reported,actual,0.9691,2238.0,dataset_metadata,derived,BDG1@521a6c0f,data/raw/temp_open_utc.csv:PrimClass_Jill + meta_open.csv,unknown: repository LICENSE is MIT (software); terms of the original measurement sources are not listed,"GB school Dec2014-Nov2015; sum of observed hours, gaps not filled; unit kWh assumed (not stated by source)"
bdg1:PrimClass_Jill,gb.unknown,GB,school,2015-02-01,2015-02-28,7386.2,kWh,reported,actual,0.9792,2238.0,dataset_metadata,derived,BDG1@521a6c0f,data/raw/temp_open_utc.csv:PrimClass_Jill + meta_open.csv,unknown: repository LICENSE is MIT (software); terms of the original measurement sources are not listed,"GB school Dec2014-Nov2015; sum of observed hours, gaps not filled; unit kWh assumed (not stated by source)"
bdg1:PrimClass_Jill,gb.unknown,GB,school,2015-03-01,2015-03-31,8424.8,kWh,reported,actual,0.9650,2238.0,dataset_metadata,derived,BDG1@521a6c0f,data/raw/temp_open_utc.csv:PrimClass_Jill + meta_open.csv,unknown: repository LICENSE is MIT (software); terms of the original measurement sources are not listed,"GB school Dec2014-Nov2015; sum of observed hours, gaps not filled; unit kWh assumed (not stated by source)"
bdg1:PrimClass_Jill,gb.unknown,GB,school,2015-04-01,2015-04-30,6198.0,kWh,reported,actual,1.0000,2238.0,dataset_metadata,derived,BDG1@521a6c0f,data/raw/temp_open_utc.csv:PrimClass_Jill + meta_open.csv,unknown: repository LICENSE is MIT (software); terms of the original measurement sources are not listed,"GB school Dec2014-Nov2015; sum of observed hours, gaps not filled; unit kWh assumed (not stated by source)"
bdg1:PrimClass_Jill,gb.unknown,GB,school,2015-05-01,2015-05-31,6060.7,kWh,reported,actual,1.0000,2238.0,dataset_metadata,derived,BDG1@521a6c0f,data/raw/temp_open_utc.csv:PrimClass_Jill + meta_open.csv,unknown: repository LICENSE is MIT (software); terms of the original measurement sources are not listed,"GB school Dec2014-Nov2015; sum of observed hours, gaps not filled; unit kWh assumed (not stated by source)"
bdg1:PrimClass_Jill,gb.unknown,GB,school,2015-06-01,2015-06-30,5094.6,kWh,reported,actual,0.7028,2238.0,dataset_metadata,derived,BDG1@521a6c0f,data/raw/temp_open_utc.csv:PrimClass_Jill + meta_open.csv,unknown: repository LICENSE is MIT (software); terms of the original measurement sources are not listed,"GB school Dec2014-Nov2015; sum of observed hours, gaps not filled; unit kWh assumed (not stated by source)"
bdg1:PrimClass_Jill,gb.unknown,GB,school,2015-07-01,2015-07-31,5669.2,kWh,reported,actual,1.0000,2238.0,dataset_metadata,derived,BDG1@521a6c0f,data/raw/temp_open_utc.csv:PrimClass_Jill + meta_open.csv,unknown: repository LICENSE is MIT (software); terms of the original measurement sources are not listed,"GB school Dec2014-Nov2015; sum of observed hours, gaps not filled; unit kWh assumed (not stated by source)"
bdg1:PrimClass_Jill,gb.unknown,GB,school,2015-08-01,2015-08-31,2992.0,kWh,reported,actual,1.0000,2238.0,dataset_metadata,derived,BDG1@521a6c0f,data/raw/temp_open_utc.csv:PrimClass_Jill + meta_open.csv,unknown: repository LICENSE is MIT (software); terms of the original measurement sources are not listed,"GB school Dec2014-Nov2015; sum of observed hours, gaps not filled; unit kWh assumed (not stated by source)"
bdg1:PrimClass_Jill,gb.unknown,GB,school,2015-09-01,2015-09-30,8148.9,kWh,reported,actual,1.0000,2238.0,dataset_metadata,derived,BDG1@521a6c0f,data/raw/temp_open_utc.csv:PrimClass_Jill + meta_open.csv,unknown: repository LICENSE is MIT (software); terms of the original measurement sources are not listed,"GB school Dec2014-Nov2015; sum of observed hours, gaps not filled; unit kWh assumed (not stated by source)"
bdg1:PrimClass_Jill,gb.unknown,GB,school,2015-10-01,2015-10-31,7846.1,kWh,reported,actual,0.9933,2238.0,dataset_metadata,derived,BDG1@521a6c0f,data/raw/temp_open_utc.csv:PrimClass_Jill + meta_open.csv,unknown: repository LICENSE is MIT (software); terms of the original measurement sources are not listed,"GB school Dec2014-Nov2015; sum of observed hours, gaps not filled; unit kWh assumed (not stated by source)"
bdg1:PrimClass_Jill,gb.unknown,GB,school,2015-11-01,2015-11-30,8225.4434,kWh,reported,actual,0.9222,2238.0,dataset_metadata,derived,BDG1@521a6c0f,data/raw/temp_open_utc.csv:PrimClass_Jill + meta_open.csv,unknown: repository LICENSE is MIT (software); terms of the original measurement sources are not listed,"GB school Dec2014-Nov2015; sum of observed hours, gaps not filled; unit kWh assumed (not stated by source)"
bdg1:PrimClass_Jim,gb.unknown,GB,school,2014-12-01,2014-12-31,3215.6062,kWh,reported,actual,0.9677,1014.0,dataset_metadata,derived,BDG1@521a6c0f,data/raw/temp_open_utc.csv:PrimClass_Jim + meta_open.csv,unknown: repository LICENSE is MIT (software); terms of the original measurement sources are not listed,"GB school Dec2014-Nov2015; sum of observed hours, gaps not filled; unit kWh assumed (not stated by source)"
bdg1:PrimClass_Jim,gb.unknown,GB,school,2015-01-01,2015-01-31,3989.1,kWh,reported,actual,0.9946,1014.0,dataset_metadata,derived,BDG1@521a6c0f,data/raw/temp_open_utc.csv:PrimClass_Jim + meta_open.csv,unknown: repository LICENSE is MIT (software); terms of the original measurement sources are not listed,"GB school Dec2014-Nov2015; sum of observed hours, gaps not filled; unit kWh assumed (not stated by source)"
bdg1:PrimClass_Jim,gb.unknown,GB,school,2015-02-01,2015-02-28,3252.6,kWh,reported,actual,0.9896,1014.0,dataset_metadata,derived,BDG1@521a6c0f,data/raw/temp_open_utc.csv:PrimClass_Jim + meta_open.csv,unknown: repository LICENSE is MIT (software); terms of the original measurement sources are not listed,"GB school Dec2014-Nov2015; sum of observed hours, gaps not filled; unit kWh assumed (not stated by source)"
bdg1:PrimClass_Jim,gb.unknown,GB,school,2015-03-01,2015-03-31,3704.6,kWh,reported,actual,0.9664,1014.0,dataset_metadata,derived,BDG1@521a6c0f,data/raw/temp_open_utc.csv:PrimClass_Jim + meta_open.csv,unknown: repository LICENSE is MIT (software); terms of the original measurement sources are not listed,"GB school Dec2014-Nov2015; sum of observed hours, gaps not filled; unit kWh assumed (not stated by source)"
bdg1:PrimClass_Jim,gb.unknown,GB,school,2015-04-01,2015-04-30,2905.9,kWh,reported,actual,1.0000,1014.0,dataset_metadata,derived,BDG1@521a6c0f,data/raw/temp_open_utc.csv:PrimClass_Jim + meta_open.csv,unknown: repository LICENSE is MIT (software); terms of the original measurement sources are not listed,"GB school Dec2014-Nov2015; sum of observed hours, gaps not filled; unit kWh assumed (not stated by source)"
bdg1:PrimClass_Jim,gb.unknown,GB,school,2015-05-01,2015-05-31,2894.1,kWh,reported,actual,1.0000,1014.0,dataset_metadata,derived,BDG1@521a6c0f,data/raw/temp_open_utc.csv:PrimClass_Jim + meta_open.csv,unknown: repository LICENSE is MIT (software); terms of the original measurement sources are not listed,"GB school Dec2014-Nov2015; sum of observed hours, gaps not filled; unit kWh assumed (not stated by source)"
bdg1:PrimClass_Jim,gb.unknown,GB,school,2015-06-01,2015-06-30,2696.8,kWh,reported,actual,0.7028,1014.0,dataset_metadata,derived,BDG1@521a6c0f,data/raw/temp_open_utc.csv:PrimClass_Jim + meta_open.csv,unknown: repository LICENSE is MIT (software); terms of the original measurement sources are not listed,"GB school Dec2014-Nov2015; sum of observed hours, gaps not filled; unit kWh assumed (not stated by source)"
bdg1:PrimClass_Jim,gb.unknown,GB,school,2015-07-01,2015-07-31,3021.2,kWh,reported,actual,1.0000,1014.0,dataset_metadata,derived,BDG1@521a6c0f,data/raw/temp_open_utc.csv:PrimClass_Jim + meta_open.csv,unknown: repository LICENSE is MIT (software); terms of the original measurement sources are not listed,"GB school Dec2014-Nov2015; sum of observed hours, gaps not filled; unit kWh assumed (not stated by source)"
bdg1:PrimClass_Jim,gb.unknown,GB,school,2015-08-01,2015-08-31,1468.3,kWh,reported,actual,1.0000,1014.0,dataset_metadata,derived,BDG1@521a6c0f,data/raw/temp_open_utc.csv:PrimClass_Jim + meta_open.csv,unknown: repository LICENSE is MIT (software); terms of the original measurement sources are not listed,"GB school Dec2014-Nov2015; sum of observed hours, gaps not filled; unit kWh assumed (not stated by source)"
bdg1:PrimClass_Jim,gb.unknown,GB,school,2015-09-01,2015-09-30,3620.2,kWh,reported,actual,1.0000,1014.0,dataset_metadata,derived,BDG1@521a6c0f,data/raw/temp_open_utc.csv:PrimClass_Jim + meta_open.csv,unknown: repository LICENSE is MIT (software); terms of the original measurement sources are not listed,"GB school Dec2014-Nov2015; sum of observed hours, gaps not filled; unit kWh assumed (not stated by source)"
bdg1:PrimClass_Jim,gb.unknown,GB,school,2015-10-01,2015-10-31,3342.5,kWh,reported,actual,1.0000,1014.0,dataset_metadata,derived,BDG1@521a6c0f,data/raw/temp_open_utc.csv:PrimClass_Jim + meta_open.csv,unknown: repository LICENSE is MIT (software); terms of the original measurement sources are not listed,"GB school Dec2014-Nov2015; sum of observed hours, gaps not filled; unit kWh assumed (not stated by source)"
bdg1:PrimClass_Jim,gb.unknown,GB,school,2015-11-01,2015-11-30,3712.4,kWh,reported,actual,0.9972,1014.0,dataset_metadata,derived,BDG1@521a6c0f,data/raw/temp_open_utc.csv:PrimClass_Jim + meta_open.csv,unknown: repository LICENSE is MIT (software); terms of the original measurement sources are not listed,"GB school Dec2014-Nov2015; sum of observed hours, gaps not filled; unit kWh assumed (not stated by source)"
bdg1:PrimClass_Janet,gb.unknown,GB,school,2014-12-01,2014-12-31,26405.3,kWh,reported,actual,0.9328,8711.0,dataset_metadata,derived,BDG1@521a6c0f,data/raw/temp_open_utc.csv:PrimClass_Janet + meta_open.csv,unknown: repository LICENSE is MIT (software); terms of the original measurement sources are not listed,"GB school Dec2014-Nov2015; sum of observed hours, gaps not filled; unit kWh assumed (not stated by source)"
bdg1:PrimClass_Janet,gb.unknown,GB,school,2015-01-01,2015-01-31,31954.4,kWh,reported,actual,0.8884,8711.0,dataset_metadata,derived,BDG1@521a6c0f,data/raw/temp_open_utc.csv:PrimClass_Janet + meta_open.csv,unknown: repository LICENSE is MIT (software); terms of the original measurement sources are not listed,"GB school Dec2014-Nov2015; sum of observed hours, gaps not filled; unit kWh assumed (not stated by source)"
bdg1:PrimClass_Janet,gb.unknown,GB,school,2015-02-01,2015-02-28,27660.0,kWh,reported,actual,0.9196,8711.0,dataset_metadata,derived,BDG1@521a6c0f,data/raw/temp_open_utc.csv:PrimClass_Janet + meta_open.csv,unknown: repository LICENSE is MIT (software); terms of the original measurement sources are not listed,"GB school Dec2014-Nov2015; sum of observed hours, gaps not filled; unit kWh assumed (not stated by source)"
bdg1:PrimClass_Janet,gb.unknown,GB,school,2015-03-01,2015-03-31,34981.6,kWh,reported,actual,0.9623,8711.0,dataset_metadata,derived,BDG1@521a6c0f,data/raw/temp_open_utc.csv:PrimClass_Janet + meta_open.csv,unknown: repository LICENSE is MIT (software); terms of the original measurement sources are not listed,"GB school Dec2014-Nov2015; sum of observed hours, gaps not filled; unit kWh assumed (not stated by source)"
bdg1:PrimClass_Janet,gb.unknown,GB,school,2015-04-01,2015-04-30,28007.6603,kWh,reported,actual,1.0000,8711.0,dataset_metadata,derived,BDG1@521a6c0f,data/raw/temp_open_utc.csv:PrimClass_Janet + meta_open.csv,unknown: repository LICENSE is MIT (software); terms of the original measurement sources are not listed,"GB school Dec2014-Nov2015; sum of observed hours, gaps not filled; unit kWh assumed (not stated by source)"
bdg1:PrimClass_Janet,gb.unknown,GB,school,2015-05-01,2015-05-31,13608.9397,kWh,reported,actual,1.0000,8711.0,dataset_metadata,derived,BDG1@521a6c0f,data/raw/temp_open_utc.csv:PrimClass_Janet + meta_open.csv,unknown: repository LICENSE is MIT (software); terms of the original measurement sources are not listed,"GB school Dec2014-Nov2015; sum of observed hours, gaps not filled; unit kWh assumed (not stated by source)"
bdg1:PrimClass_Janet,gb.unknown,GB,school,2015-06-01,2015-06-30,28113.7,kWh,reported,actual,1.0000,8711.0,dataset_metadata,derived,BDG1@521a6c0f,data/raw/temp_open_utc.csv:PrimClass_Janet + meta_open.csv,unknown: repository LICENSE is MIT (software); terms of the original measurement sources are not listed,"GB school Dec2014-Nov2015; sum of observed hours, gaps not filled; unit kWh assumed (not stated by source)"
bdg1:PrimClass_Janet,gb.unknown,GB,school,2015-07-01,2015-07-31,23312.3,kWh,reported,actual,1.0000,8711.0,dataset_metadata,derived,BDG1@521a6c0f,data/raw/temp_open_utc.csv:PrimClass_Janet + meta_open.csv,unknown: repository LICENSE is MIT (software); terms of the original measurement sources are not listed,"GB school Dec2014-Nov2015; sum of observed hours, gaps not filled; unit kWh assumed (not stated by source)"
bdg1:PrimClass_Janet,gb.unknown,GB,school,2015-08-01,2015-08-31,16010.8,kWh,reported,actual,1.0000,8711.0,dataset_metadata,derived,BDG1@521a6c0f,data/raw/temp_open_utc.csv:PrimClass_Janet + meta_open.csv,unknown: repository LICENSE is MIT (software); terms of the original measurement sources are not listed,"GB school Dec2014-Nov2015; sum of observed hours, gaps not filled; unit kWh assumed (not stated by source)"
bdg1:PrimClass_Janet,gb.unknown,GB,school,2015-09-01,2015-09-30,27485.1,kWh,reported,actual,1.0000,8711.0,dataset_metadata,derived,BDG1@521a6c0f,data/raw/temp_open_utc.csv:PrimClass_Janet + meta_open.csv,unknown: repository LICENSE is MIT (software); terms of the original measurement sources are not listed,"GB school Dec2014-Nov2015; sum of observed hours, gaps not filled; unit kWh assumed (not stated by source)"
bdg1:PrimClass_Janet,gb.unknown,GB,school,2015-10-01,2015-10-31,32795.6,kWh,reported,actual,1.0000,8711.0,dataset_metadata,derived,BDG1@521a6c0f,data/raw/temp_open_utc.csv:PrimClass_Janet + meta_open.csv,unknown: repository LICENSE is MIT (software); terms of the original measurement sources are not listed,"GB school Dec2014-Nov2015; sum of observed hours, gaps not filled; unit kWh assumed (not stated by source)"
bdg1:PrimClass_Janet,gb.unknown,GB,school,2015-11-01,2015-11-30,36220.9041,kWh,reported,actual,0.9194,8711.0,dataset_metadata,derived,BDG1@521a6c0f,data/raw/temp_open_utc.csv:PrimClass_Janet + meta_open.csv,unknown: repository LICENSE is MIT (software); terms of the original measurement sources are not listed,"GB school Dec2014-Nov2015; sum of observed hours, gaps not filled; unit kWh assumed (not stated by source)"
bdg1:PrimClass_Janie,gb.unknown,GB,school,2014-12-01,2014-12-31,5302.408,kWh,reported,actual,0.9516,1691.0,dataset_metadata,derived,BDG1@521a6c0f,data/raw/temp_open_utc.csv:PrimClass_Janie + meta_open.csv,unknown: repository LICENSE is MIT (software); terms of the original measurement sources are not listed,"GB school Dec2014-Nov2015; sum of observed hours, gaps not filled; unit kWh assumed (not stated by source)"
bdg1:PrimClass_Janie,gb.unknown,GB,school,2015-01-01,2015-01-31,6363.392,kWh,reported,actual,0.9651,1691.0,dataset_metadata,derived,BDG1@521a6c0f,data/raw/temp_open_utc.csv:PrimClass_Janie + meta_open.csv,unknown: repository LICENSE is MIT (software); terms of the original measurement sources are not listed,"GB school Dec2014-Nov2015; sum of observed hours, gaps not filled; unit kWh assumed (not stated by source)"
bdg1:PrimClass_Janie,gb.unknown,GB,school,2015-02-01,2015-02-28,5612.506,kWh,reported,actual,0.9955,1691.0,dataset_metadata,derived,BDG1@521a6c0f,data/raw/temp_open_utc.csv:PrimClass_Janie + meta_open.csv,unknown: repository LICENSE is MIT (software); terms of the original measurement sources are not listed,"GB school Dec2014-Nov2015; sum of observed hours, gaps not filled; unit kWh assumed (not stated by source)"
bdg1:PrimClass_Janie,gb.unknown,GB,school,2015-03-01,2015-03-31,6194.749,kWh,reported,actual,0.9812,1691.0,dataset_metadata,derived,BDG1@521a6c0f,data/raw/temp_open_utc.csv:PrimClass_Janie + meta_open.csv,unknown: repository LICENSE is MIT (software); terms of the original measurement sources are not listed,"GB school Dec2014-Nov2015; sum of observed hours, gaps not filled; unit kWh assumed (not stated by source)"
bdg1:PrimClass_Janie,gb.unknown,GB,school,2015-04-01,2015-04-30,4517.583,kWh,reported,actual,1.0000,1691.0,dataset_metadata,derived,BDG1@521a6c0f,data/raw/temp_open_utc.csv:PrimClass_Janie + meta_open.csv,unknown: repository LICENSE is MIT (software); terms of the original measurement sources are not listed,"GB school Dec2014-Nov2015; sum of observed hours, gaps not filled; unit kWh assumed (not stated by source)"
bdg1:PrimClass_Janie,gb.unknown,GB,school,2015-05-01,2015-05-31,4763.36,kWh,reported,actual,0.9677,1691.0,dataset_metadata,derived,BDG1@521a6c0f,data/raw/temp_open_utc.csv:PrimClass_Janie + meta_open.csv,unknown: repository LICENSE is MIT (software); terms of the original measurement sources are not listed,"GB school Dec2014-Nov2015; sum of observed hours, gaps not filled; unit kWh assumed (not stated by source)"
bdg1:PrimClass_Janie,gb.unknown,GB,school,2015-06-01,2015-06-30,5796.05,kWh,reported,actual,0.9986,1691.0,dataset_metadata,derived,BDG1@521a6c0f,data/raw/temp_open_utc.csv:PrimClass_Janie + meta_open.csv,unknown: repository LICENSE is MIT (software); terms of the original measurement sources are not listed,"GB school Dec2014-Nov2015; sum of observed hours, gaps not filled; unit kWh assumed (not stated by source)"
bdg1:PrimClass_Janie,gb.unknown,GB,school,2015-07-01,2015-07-31,4606.072,kWh,reported,actual,1.0000,1691.0,dataset_metadata,derived,BDG1@521a6c0f,data/raw/temp_open_utc.csv:PrimClass_Janie + meta_open.csv,unknown: repository LICENSE is MIT (software); terms of the original measurement sources are not listed,"GB school Dec2014-Nov2015; sum of observed hours, gaps not filled; unit kWh assumed (not stated by source)"
bdg1:PrimClass_Janie,gb.unknown,GB,school,2015-08-01,2015-08-31,2508.139,kWh,reported,actual,0.9691,1691.0,dataset_metadata,derived,BDG1@521a6c0f,data/raw/temp_open_utc.csv:PrimClass_Janie + meta_open.csv,unknown: repository LICENSE is MIT (software); terms of the original measurement sources are not listed,"GB school Dec2014-Nov2015; sum of observed hours, gaps not filled; unit kWh assumed (not stated by source)"
bdg1:PrimClass_Janie,gb.unknown,GB,school,2015-09-01,2015-09-30,5908.457,kWh,reported,actual,0.9986,1691.0,dataset_metadata,derived,BDG1@521a6c0f,data/raw/temp_open_utc.csv:PrimClass_Janie + meta_open.csv,unknown: repository LICENSE is MIT (software); terms of the original measurement sources are not listed,"GB school Dec2014-Nov2015; sum of observed hours, gaps not filled; unit kWh assumed (not stated by source)"
bdg1:PrimClass_Janie,gb.unknown,GB,school,2015-10-01,2015-10-31,5609.05,kWh,reported,actual,1.0000,1691.0,dataset_metadata,derived,BDG1@521a6c0f,data/raw/temp_open_utc.csv:PrimClass_Janie + meta_open.csv,unknown: repository LICENSE is MIT (software); terms of the original measurement sources are not listed,"GB school Dec2014-Nov2015; sum of observed hours, gaps not filled; unit kWh assumed (not stated by source)"
bdg1:PrimClass_Janie,gb.unknown,GB,school,2015-11-01,2015-11-30,6442.9103,kWh,reported,actual,0.9264,1691.0,dataset_metadata,derived,BDG1@521a6c0f,data/raw/temp_open_utc.csv:PrimClass_Janie + meta_open.csv,unknown: repository LICENSE is MIT (software); terms of the original measurement sources are not listed,"GB school Dec2014-Nov2015; sum of observed hours, gaps not filled; unit kWh assumed (not stated by source)"
bdg1:PrimClass_Jensen,gb.unknown,GB,school,2014-12-01,2014-12-31,10487.2144,kWh,reported,actual,0.9597,3323.0,dataset_metadata,derived,BDG1@521a6c0f,data/raw/temp_open_utc.csv:PrimClass_Jensen + meta_open.csv,unknown: repository LICENSE is MIT (software); terms of the original measurement sources are not listed,"GB school Dec2014-Nov2015; sum of observed hours, gaps not filled; unit kWh assumed (not stated by source)"
bdg1:PrimClass_Jensen,gb.unknown,GB,school,2015-01-01,2015-01-31,14603.4,kWh,reported,actual,0.9933,3323.0,dataset_metadata,derived,BDG1@521a6c0f,data/raw/temp_open_utc.csv:PrimClass_Jensen + meta_open.csv,unknown: repository LICENSE is MIT (software); terms of the original measurement sources are not listed,"GB school Dec2014-Nov2015; sum of observed hours, gaps not filled; unit kWh assumed (not stated by source)"
bdg1:PrimClass_Jensen,gb.unknown,GB,school,2015-02-01,2015-02-28,12025.8,kWh,reported,actual,0.9821,3323.0,dataset_metadata,derived,BDG1@521a6c0f,data/raw/temp_open_utc.csv:PrimClass_Jensen + meta_open.csv,unknown: repository LICENSE is MIT (software); terms of the original measurement sources are not listed,"GB school Dec2014-Nov2015; sum of observed hours, gaps not filled; unit kWh assumed (not stated by source)"
bdg1:PrimClass_Jensen,gb.unknown,GB,school,2015-03-01,2015-03-31,13251.1,kWh,reported,actual,0.9623,3323.0,dataset_metadata,derived,BDG1@521a6c0f,data/raw/temp_open_utc.csv:PrimClass_Jensen + meta_open.csv,unknown: repository LICENSE is MIT (software); terms of the original measurement sources are not listed,"GB school Dec2014-Nov2015; sum of observed hours, gaps not filled; unit kWh assumed (not stated by source)"
bdg1:PrimClass_Jensen,gb.unknown,GB,school,2015-04-01,2015-04-30,9749.0,kWh,reported,actual,1.0000,3323.0,dataset_metadata,derived,BDG1@521a6c0f,data/raw/temp_open_utc.csv:PrimClass_Jensen + meta_open.csv,unknown: repository LICENSE is MIT (software); terms of the original measurement sources are not listed,"GB school Dec2014-Nov2015; sum of observed hours, gaps not filled; unit kWh assumed (not stated by source)"
bdg1:PrimClass_Jensen,gb.unknown,GB,school,2015-05-01,2015-05-31,10324.8,kWh,reported,actual,1.0000,3323.0,dataset_metadata,derived,BDG1@521a6c0f,data/raw/temp_open_utc.csv:PrimClass_Jensen + meta_open.csv,unknown: repository LICENSE is MIT (software); terms of the original measurement sources are not listed,"GB school Dec2014-Nov2015; sum of observed hours, gaps not filled; unit kWh assumed (not stated by source)"
bdg1:PrimClass_Jensen,gb.unknown,GB,school,2015-06-01,2015-06-30,8019.4,kWh,reported,actual,0.7028,3323.0,dataset_metadata,derived,BDG1@521a6c0f,data/raw/temp_open_utc.csv:PrimClass_Jensen + meta_open.csv,unknown: repository LICENSE is MIT (software); terms of the original measurement sources are not listed,"GB school Dec2014-Nov2015; sum of observed hours, gaps not filled; unit kWh assumed (not stated by source)"
bdg1:PrimClass_Jensen,gb.unknown,GB,school,2015-07-01,2015-07-31,8041.8,kWh,reported,actual,1.0000,3323.0,dataset_metadata,derived,BDG1@521a6c0f,data/raw/temp_open_utc.csv:PrimClass_Jensen + meta_open.csv,unknown: repository LICENSE is MIT (software); terms of the original measurement sources are not listed,"GB school Dec2014-Nov2015; sum of observed hours, gaps not filled; unit kWh assumed (not stated by source)"
bdg1:PrimClass_Jensen,gb.unknown,GB,school,2015-08-01,2015-08-31,3585.0,kWh,reported,actual,1.0000,3323.0,dataset_metadata,derived,BDG1@521a6c0f,data/raw/temp_open_utc.csv:PrimClass_Jensen + meta_open.csv,unknown: repository LICENSE is MIT (software); terms of the original measurement sources are not listed,"GB school Dec2014-Nov2015; sum of observed hours, gaps not filled; unit kWh assumed (not stated by source)"
bdg1:PrimClass_Jensen,gb.unknown,GB,school,2015-09-01,2015-09-30,11515.8,kWh,reported,actual,1.0000,3323.0,dataset_metadata,derived,BDG1@521a6c0f,data/raw/temp_open_utc.csv:PrimClass_Jensen + meta_open.csv,unknown: repository LICENSE is MIT (software); terms of the original measurement sources are not listed,"GB school Dec2014-Nov2015; sum of observed hours, gaps not filled; unit kWh assumed (not stated by source)"
bdg1:PrimClass_Jensen,gb.unknown,GB,school,2015-10-01,2015-10-31,11125.6,kWh,reported,actual,1.0000,3323.0,dataset_metadata,derived,BDG1@521a6c0f,data/raw/temp_open_utc.csv:PrimClass_Jensen + meta_open.csv,unknown: repository LICENSE is MIT (software); terms of the original measurement sources are not listed,"GB school Dec2014-Nov2015; sum of observed hours, gaps not filled; unit kWh assumed (not stated by source)"
bdg1:PrimClass_Jensen,gb.unknown,GB,school,2015-11-01,2015-11-30,12689.7841,kWh,reported,actual,0.9333,3323.0,dataset_metadata,derived,BDG1@521a6c0f,data/raw/temp_open_utc.csv:PrimClass_Jensen + meta_open.csv,unknown: repository LICENSE is MIT (software); terms of the original measurement sources are not listed,"GB school Dec2014-Nov2015; sum of observed hours, gaps not filled; unit kWh assumed (not stated by source)"
bdg1:PrimClass_Jeffrey,gb.unknown,GB,school,2014-12-01,2014-12-31,5320.0577,kWh,reported,actual,0.9274,1281.0,dataset_metadata,derived,BDG1@521a6c0f,data/raw/temp_open_utc.csv:PrimClass_Jeffrey + meta_open.csv,unknown: repository LICENSE is MIT (software); terms of the original measurement sources are not listed,"GB school Dec2014-Nov2015; sum of observed hours, gaps not filled; unit kWh assumed (not stated by source)"
bdg1:PrimClass_Jeffrey,gb.unknown,GB,school,2015-01-01,2015-01-31,6762.2,kWh,reported,actual,0.9503,1281.0,dataset_metadata,derived,BDG1@521a6c0f,data/raw/temp_open_utc.csv:PrimClass_Jeffrey + meta_open.csv,unknown: repository LICENSE is MIT (software); terms of the original measurement sources are not listed,"GB school Dec2014-Nov2015; sum of observed hours, gaps not filled; unit kWh assumed (not stated by source)"
bdg1:PrimClass_Jeffrey,gb.unknown,GB,school,2015-02-01,2015-02-28,4988.8,kWh,reported,actual,0.9301,1281.0,dataset_metadata,derived,BDG1@521a6c0f,data/raw/temp_open_utc.csv:PrimClass_Jeffrey + meta_open.csv,unknown: repository LICENSE is MIT (software); terms of the original measurement sources are not listed,"GB school Dec2014-Nov2015; sum of observed hours, gaps not filled; unit kWh assumed (not stated by source)"
bdg1:PrimClass_Jeffrey,gb.unknown,GB,school,2015-03-01,2015-03-31,5441.4,kWh,reported,actual,0.9569,1281.0,dataset_metadata,derived,BDG1@521a6c0f,data/raw/temp_open_utc.csv:PrimClass_Jeffrey + meta_open.csv,unknown: repository LICENSE is MIT (software); terms of the original measurement sources are not listed,"GB school Dec2014-Nov2015; sum of observed hours, gaps not filled; unit kWh assumed (not stated by source)"
bdg1:PrimClass_Jeffrey,gb.unknown,GB,school,2015-04-01,2015-04-30,3926.2,kWh,reported,actual,1.0000,1281.0,dataset_metadata,derived,BDG1@521a6c0f,data/raw/temp_open_utc.csv:PrimClass_Jeffrey + meta_open.csv,unknown: repository LICENSE is MIT (software); terms of the original measurement sources are not listed,"GB school Dec2014-Nov2015; sum of observed hours, gaps not filled; unit kWh assumed (not stated by source)"
bdg1:PrimClass_Jeffrey,gb.unknown,GB,school,2015-05-01,2015-05-31,3885.6,kWh,reported,actual,1.0000,1281.0,dataset_metadata,derived,BDG1@521a6c0f,data/raw/temp_open_utc.csv:PrimClass_Jeffrey + meta_open.csv,unknown: repository LICENSE is MIT (software); terms of the original measurement sources are not listed,"GB school Dec2014-Nov2015; sum of observed hours, gaps not filled; unit kWh assumed (not stated by source)"
bdg1:PrimClass_Jeffrey,gb.unknown,GB,school,2015-06-01,2015-06-30,2583.4,kWh,reported,actual,0.7028,1281.0,dataset_metadata,derived,BDG1@521a6c0f,data/raw/temp_open_utc.csv:PrimClass_Jeffrey + meta_open.csv,unknown: repository LICENSE is MIT (software); terms of the original measurement sources are not listed,"GB school Dec2014-Nov2015; sum of observed hours, gaps not filled; unit kWh assumed (not stated by source)"
bdg1:PrimClass_Jeffrey,gb.unknown,GB,school,2015-07-01,2015-07-31,2558.6,kWh,reported,actual,1.0000,1281.0,dataset_metadata,derived,BDG1@521a6c0f,data/raw/temp_open_utc.csv:PrimClass_Jeffrey + meta_open.csv,unknown: repository LICENSE is MIT (software); terms of the original measurement sources are not listed,"GB school Dec2014-Nov2015; sum of observed hours, gaps not filled; unit kWh assumed (not stated by source)"
bdg1:PrimClass_Jeffrey,gb.unknown,GB,school,2015-08-01,2015-08-31,1458.1,kWh,reported,actual,1.0000,1281.0,dataset_metadata,derived,BDG1@521a6c0f,data/raw/temp_open_utc.csv:PrimClass_Jeffrey + meta_open.csv,unknown: repository LICENSE is MIT (software); terms of the original measurement sources are not listed,"GB school Dec2014-Nov2015; sum of observed hours, gaps not filled; unit kWh assumed (not stated by source)"
bdg1:PrimClass_Jeffrey,gb.unknown,GB,school,2015-09-01,2015-09-30,3510.2,kWh,reported,actual,1.0000,1281.0,dataset_metadata,derived,BDG1@521a6c0f,data/raw/temp_open_utc.csv:PrimClass_Jeffrey + meta_open.csv,unknown: repository LICENSE is MIT (software); terms of the original measurement sources are not listed,"GB school Dec2014-Nov2015; sum of observed hours, gaps not filled; unit kWh assumed (not stated by source)"
bdg1:PrimClass_Jeffrey,gb.unknown,GB,school,2015-10-01,2015-10-31,3640.2,kWh,reported,actual,1.0000,1281.0,dataset_metadata,derived,BDG1@521a6c0f,data/raw/temp_open_utc.csv:PrimClass_Jeffrey + meta_open.csv,unknown: repository LICENSE is MIT (software); terms of the original measurement sources are not listed,"GB school Dec2014-Nov2015; sum of observed hours, gaps not filled; unit kWh assumed (not stated by source)"
bdg1:PrimClass_Jeffrey,gb.unknown,GB,school,2015-11-01,2015-11-30,4851.3097,kWh,reported,actual,0.9278,1281.0,dataset_metadata,derived,BDG1@521a6c0f,data/raw/temp_open_utc.csv:PrimClass_Jeffrey + meta_open.csv,unknown: repository LICENSE is MIT (software); terms of the original measurement sources are not listed,"GB school Dec2014-Nov2015; sum of observed hours, gaps not filled; unit kWh assumed (not stated by source)"
bdg1:PrimClass_Jennifer,gb.unknown,GB,school,2014-12-01,2014-12-31,6800.9113,kWh,reported,actual,0.9677,2164.0,dataset_metadata,derived,BDG1@521a6c0f,data/raw/temp_open_utc.csv:PrimClass_Jennifer + meta_open.csv,unknown: repository LICENSE is MIT (software); terms of the original measurement sources are not listed,"GB school Dec2014-Nov2015; sum of observed hours, gaps not filled; unit kWh assumed (not stated by source)"
bdg1:PrimClass_Jennifer,gb.unknown,GB,school,2015-01-01,2015-01-31,8312.7,kWh,reported,actual,1.0000,2164.0,dataset_metadata,derived,BDG1@521a6c0f,data/raw/temp_open_utc.csv:PrimClass_Jennifer + meta_open.csv,unknown: repository LICENSE is MIT (software); terms of the original measurement sources are not listed,"GB school Dec2014-Nov2015; sum of observed hours, gaps not filled; unit kWh assumed (not stated by source)"
bdg1:PrimClass_Jennifer,gb.unknown,GB,school,2015-02-01,2015-02-28,6884.9,kWh,reported,actual,1.0000,2164.0,dataset_metadata,derived,BDG1@521a6c0f,data/raw/temp_open_utc.csv:PrimClass_Jennifer + meta_open.csv,unknown: repository LICENSE is MIT (software); terms of the original measurement sources are not listed,"GB school Dec2014-Nov2015; sum of observed hours, gaps not filled; unit kWh assumed (not stated by source)"
bdg1:PrimClass_Jennifer,gb.unknown,GB,school,2015-03-01,2015-03-31,8742.0,kWh,reported,actual,0.9704,2164.0,dataset_metadata,derived,BDG1@521a6c0f,data/raw/temp_open_utc.csv:PrimClass_Jennifer + meta_open.csv,unknown: repository LICENSE is MIT (software); terms of the original measurement sources are not listed,"GB school Dec2014-Nov2015; sum of observed hours, gaps not filled; unit kWh assumed (not stated by source)"
bdg1:PrimClass_Jennifer,gb.unknown,GB,school,2015-04-01,2015-04-30,7118.3,kWh,reported,actual,1.0000,2164.0,dataset_metadata,derived,BDG1@521a6c0f,data/raw/temp_open_utc.csv:PrimClass_Jennifer + meta_open.csv,unknown: repository LICENSE is MIT (software); terms of the original measurement sources are not listed,"GB school Dec2014-Nov2015; sum of observed hours, gaps not filled; unit kWh assumed (not stated by source)"
bdg1:PrimClass_Jennifer,gb.unknown,GB,school,2015-05-01,2015-05-31,7108.1,kWh,reported,actual,1.0000,2164.0,dataset_metadata,derived,BDG1@521a6c0f,data/raw/temp_open_utc.csv:PrimClass_Jennifer + meta_open.csv,unknown: repository LICENSE is MIT (software); terms of the original measurement sources are not listed,"GB school Dec2014-Nov2015; sum of observed hours, gaps not filled; unit kWh assumed (not stated by source)"
bdg1:PrimClass_Jennifer,gb.unknown,GB,school,2015-06-01,2015-06-30,5802.2,kWh,reported,actual,0.7028,2164.0,dataset_metadata,derived,BDG1@521a6c0f,data/raw/temp_open_utc.csv:PrimClass_Jennifer + meta_open.csv,unknown: repository LICENSE is MIT (software); terms of the original measurement sources are not listed,"GB school Dec2014-Nov2015; sum of observed hours, gaps not filled; unit kWh assumed (not stated by source)"
bdg1:PrimClass_Jennifer,gb.unknown,GB,school,2015-07-01,2015-07-31,6277.1,kWh,reported,actual,1.0000,2164.0,dataset_metadata,derived,BDG1@521a6c0f,data/raw/temp_open_utc.csv:PrimClass_Jennifer + meta_open.csv,unknown: repository LICENSE is MIT (software); terms of the original measurement sources are not listed,"GB school Dec2014-Nov2015; sum of observed hours, gaps not filled; unit kWh assumed (not stated by source)"
bdg1:PrimClass_Jennifer,gb.unknown,GB,school,2015-08-01,2015-08-31,3228.3,kWh,reported,actual,1.0000,2164.0,dataset_metadata,derived,BDG1@521a6c0f,data/raw/temp_open_utc.csv:PrimClass_Jennifer + meta_open.csv,unknown: repository LICENSE is MIT (software); terms of the original measurement sources are not listed,"GB school Dec2014-Nov2015; sum of observed hours, gaps not filled; unit kWh assumed (not stated by source)"
bdg1:PrimClass_Jennifer,gb.unknown,GB,school,2015-09-01,2015-09-30,7978.0,kWh,reported,actual,1.0000,2164.0,dataset_metadata,derived,BDG1@521a6c0f,data/raw/temp_open_utc.csv:PrimClass_Jennifer + meta_open.csv,unknown: repository LICENSE is MIT (software); terms of the original measurement sources are not listed,"GB school Dec2014-Nov2015; sum of observed hours, gaps not filled; unit kWh assumed (not stated by source)"
bdg1:PrimClass_Jennifer,gb.unknown,GB,school,2015-10-01,2015-10-31,7159.5,kWh,reported,actual,0.9987,2164.0,dataset_metadata,derived,BDG1@521a6c0f,data/raw/temp_open_utc.csv:PrimClass_Jennifer + meta_open.csv,unknown: repository LICENSE is MIT (software); terms of the original measurement sources are not listed,"GB school Dec2014-Nov2015; sum of observed hours, gaps not filled; unit kWh assumed (not stated by source)"
bdg1:PrimClass_Jennifer,gb.unknown,GB,school,2015-11-01,2015-11-30,8420.4759,kWh,reported,actual,0.9319,2164.0,dataset_metadata,derived,BDG1@521a6c0f,data/raw/temp_open_utc.csv:PrimClass_Jennifer + meta_open.csv,unknown: repository LICENSE is MIT (software); terms of the original measurement sources are not listed,"GB school Dec2014-Nov2015; sum of observed hours, gaps not filled; unit kWh assumed (not stated by source)"
bdg1:PrimClass_Jesse,gb.unknown,GB,school,2014-12-01,2014-12-31,3534.7393,kWh,reported,actual,0.9677,1468.0,dataset_metadata,derived,BDG1@521a6c0f,data/raw/temp_open_utc.csv:PrimClass_Jesse + meta_open.csv,unknown: repository LICENSE is MIT (software); terms of the original measurement sources are not listed,"GB school Dec2014-Nov2015; sum of observed hours, gaps not filled; unit kWh assumed (not stated by source)"
bdg1:PrimClass_Jesse,gb.unknown,GB,school,2015-01-01,2015-01-31,4240.815,kWh,reported,actual,1.0000,1468.0,dataset_metadata,derived,BDG1@521a6c0f,data/raw/temp_open_utc.csv:PrimClass_Jesse + meta_open.csv,unknown: repository LICENSE is MIT (software); terms of the original measurement sources are not listed,"GB school Dec2014-Nov2015; sum of observed hours, gaps not filled; unit kWh assumed (not stated by source)"
bdg1:PrimClass_Jesse,gb.unknown,GB,school,2015-02-01,2015-02-28,5038.153,kWh,reported,actual,0.9613,1468.0,dataset_metadata,derived,BDG1@521a6c0f,data/raw/temp_open_utc.csv:PrimClass_Jesse + meta_open.csv,unknown: repository LICENSE is MIT (software); terms of the original measurement sources are not listed,"GB school Dec2014-Nov2015; sum of observed hours, gaps not filled; unit kWh assumed (not stated by source)"
bdg1:PrimClass_Jesse,gb.unknown,GB,school,2015-03-01,2015-03-31,7556.43,kWh,reported,actual,0.9731,1468.0,dataset_metadata,derived,BDG1@521a6c0f,data/raw/temp_open_utc.csv:PrimClass_Jesse + meta_open.csv,unknown: repository LICENSE is MIT (software); terms of the original measurement sources are not listed,"GB school Dec2014-Nov2015; sum of observed hours, gaps not filled; unit kWh assumed (not stated by source)"
bdg1:PrimClass_Jesse,gb.unknown,GB,school,2015-04-01,2015-04-30,4466.331,kWh,reported,actual,1.0000,1468.0,dataset_metadata,derived,BDG1@521a6c0f,data/raw/temp_open_utc.csv:PrimClass_Jesse + meta_open.csv,unknown: repository LICENSE is MIT (software); terms of the original measurement sources are not listed,"GB school Dec2014-Nov2015; sum of observed hours, gaps not filled; unit kWh assumed (not stated by source)"
bdg1:PrimClass_Jesse,gb.unknown,GB,school,2015-05-01,2015-05-31,4781.829,kWh,reported,actual,0.9691,1468.0,dataset_metadata,derived,BDG1@521a6c0f,data/raw/temp_open_utc.csv:PrimClass_Jesse + meta_open.csv,unknown: repository LICENSE is MIT (software); terms of the original measurement sources are not listed,"GB school Dec2014-Nov2015; sum of observed hours, gaps not filled; unit kWh assumed (not stated by source)"
bdg1:PrimClass_Jesse,gb.unknown,GB,school,2015-06-01,2015-06-30,5411.531,kWh,reported,actual,1.0000,1468.0,dataset_metadata,derived,BDG1@521a6c0f,data/raw/temp_open_utc.csv:PrimClass_Jesse + meta_open.csv,unknown: repository LICENSE is MIT (software); terms of the original measurement sources are not listed,"GB school Dec2014-Nov2015; sum of observed hours, gaps not filled; unit kWh assumed (not stated by source)"
bdg1:PrimClass_Jesse,gb.unknown,GB,school,2015-07-01,2015-07-31,4205.184,kWh,reported,actual,1.0000,1468.0,dataset_metadata,derived,BDG1@521a6c0f,data/raw/temp_open_utc.csv:PrimClass_Jesse + meta_open.csv,unknown: repository LICENSE is MIT (software); terms of the original measurement sources are not listed,"GB school Dec2014-Nov2015; sum of observed hours, gaps not filled; unit kWh assumed (not stated by source)"
bdg1:PrimClass_Jesse,gb.unknown,GB,school,2015-08-01,2015-08-31,2051.542,kWh,reported,actual,0.9691,1468.0,dataset_metadata,derived,BDG1@521a6c0f,data/raw/temp_open_utc.csv:PrimClass_Jesse + meta_open.csv,unknown: repository LICENSE is MIT (software); terms of the original measurement sources are not listed,"GB school Dec2014-Nov2015; sum of observed hours, gaps not filled; unit kWh assumed (not stated by source)"
bdg1:PrimClass_Jesse,gb.unknown,GB,school,2015-09-01,2015-09-30,5443.896,kWh,reported,actual,1.0000,1468.0,dataset_metadata,derived,BDG1@521a6c0f,data/raw/temp_open_utc.csv:PrimClass_Jesse + meta_open.csv,unknown: repository LICENSE is MIT (software); terms of the original measurement sources are not listed,"GB school Dec2014-Nov2015; sum of observed hours, gaps not filled; unit kWh assumed (not stated by source)"
bdg1:PrimClass_Jesse,gb.unknown,GB,school,2015-10-01,2015-10-31,5480.097,kWh,reported,actual,0.9946,1468.0,dataset_metadata,derived,BDG1@521a6c0f,data/raw/temp_open_utc.csv:PrimClass_Jesse + meta_open.csv,unknown: repository LICENSE is MIT (software); terms of the original measurement sources are not listed,"GB school Dec2014-Nov2015; sum of observed hours, gaps not filled; unit kWh assumed (not stated by source)"
bdg1:PrimClass_Jesse,gb.unknown,GB,school,2015-11-01,2015-11-30,5452.7225,kWh,reported,actual,0.8750,1468.0,dataset_metadata,derived,BDG1@521a6c0f,data/raw/temp_open_utc.csv:PrimClass_Jesse + meta_open.csv,unknown: repository LICENSE is MIT (software); terms of the original measurement sources are not listed,"GB school Dec2014-Nov2015; sum of observed hours, gaps not filled; unit kWh assumed (not stated by source)"
bdg1:PrimClass_Jaxson,gb.unknown,GB,school,2014-12-01,2014-12-31,46777.4,kWh,reported,actual,0.9919,11955.0,dataset_metadata,derived,BDG1@521a6c0f,data/raw/temp_open_utc.csv:PrimClass_Jaxson + meta_open.csv,unknown: repository LICENSE is MIT (software); terms of the original measurement sources are not listed,"GB school Dec2014-Nov2015; sum of observed hours, gaps not filled; unit kWh assumed (not stated by source)"
bdg1:PrimClass_Jaxson,gb.unknown,GB,school,2015-01-01,2015-01-31,52813.0001,kWh,reported,actual,0.9691,11955.0,dataset_metadata,derived,BDG1@521a6c0f,data/raw/temp_open_utc.csv:PrimClass_Jaxson + meta_open.csv,unknown: repository LICENSE is MIT (software); terms of the original measurement sources are not listed,"GB school Dec2014-Nov2015; sum of observed hours, gaps not filled; unit kWh assumed (not stated by source)"
bdg1:PrimClass_Jaxson,gb.unknown,GB,school,2015-02-01,2015-02-28,40745.7,kWh,reported,actual,0.9524,11955.0,dataset_metadata,derived,BDG1@521a6c0f,data/raw/temp_open_utc.csv:PrimClass_Jaxson + meta_open.csv,unknown: repository LICENSE is MIT (software); terms of the original measurement sources are not listed,"GB school Dec2014-Nov2015; sum of observed hours, gaps not filled; unit kWh assumed (not stated by source)"
bdg1:PrimClass_Jaxson,gb.unknown,GB,school,2015-03-01,2015-03-31,50748.7,kWh,reported,actual,0.9825,11955.0,dataset_metadata,derived,BDG1@521a6c0f,data/raw/temp_open_utc.csv:PrimClass_Jaxson + meta_open.csv,unknown: repository LICENSE is MIT (software); terms of the original measurement sources are not listed,"GB school Dec2014-Nov2015; sum of observed hours, gaps not filled; unit kWh assumed (not stated by source)"
bdg1:PrimClass_Jaxson,gb.unknown,GB,school,2015-04-01,2015-04-30,37666.7136,kWh,reported,actual,0.9667,11955.0,dataset_metadata,derived,BDG1@521a6c0f,data/raw/temp_open_utc.csv:PrimClass_Jaxson + meta_open.csv,unknown: repository LICENSE is MIT (software); terms of the original measurement sources are not listed,"GB school Dec2014-Nov2015; sum of observed hours, gaps not filled; unit kWh assumed (not stated by source)"
bdg1:PrimClass_Jaxson,gb.unknown,GB,school,2015-05-01,2015-05-31,6384.6219,kWh,reported,actual,0.2903,11955.0,dataset_metadata,derived,BDG1@521a6c0f,data/raw/temp_open_utc.csv:PrimClass_Jaxson + meta_open.csv,unknown: repository LICENSE is MIT (software); terms of the original measurement sources are not listed,"GB school Dec2014-Nov2015; sum of observed hours, gaps not filled; unit kWh assumed (not stated by source)"
bdg1:PrimClass_Jaxson,gb.unknown,GB,school,2015-06-01,2015-06-30,44184.6001,kWh,reported,actual,1.0000,11955.0,dataset_metadata,derived,BDG1@521a6c0f,data/raw/temp_open_utc.csv:PrimClass_Jaxson + meta_open.csv,unknown: repository LICENSE is MIT (software); terms of the original measurement sources are not listed,"GB school Dec2014-Nov2015; sum of observed hours, gaps not filled; unit kWh assumed (not stated by source)"
bdg1:PrimClass_Jaxson,gb.unknown,GB,school,2015-07-01,2015-07-31,37470.8,kWh,reported,actual,1.0000,11955.0,dataset_metadata,derived,BDG1@521a6c0f,data/raw/temp_open_utc.csv:PrimClass_Jaxson + meta_open.csv,unknown: repository LICENSE is MIT (software); terms of the original measurement sources are not listed,"GB school Dec2014-Nov2015; sum of observed hours, gaps not filled; unit kWh assumed (not stated by source)"
bdg1:PrimClass_Jaxson,gb.unknown,GB,school,2015-08-01,2015-08-31,19986.0,kWh,reported,actual,1.0000,11955.0,dataset_metadata,derived,BDG1@521a6c0f,data/raw/temp_open_utc.csv:PrimClass_Jaxson + meta_open.csv,unknown: repository LICENSE is MIT (software); terms of the original measurement sources are not listed,"GB school Dec2014-Nov2015; sum of observed hours, gaps not filled; unit kWh assumed (not stated by source)"
bdg1:PrimClass_Jaxson,gb.unknown,GB,school,2015-09-01,2015-09-30,45913.8999,kWh,reported,actual,1.0000,11955.0,dataset_metadata,derived,BDG1@521a6c0f,data/raw/temp_open_utc.csv:PrimClass_Jaxson + meta_open.csv,unknown: repository LICENSE is MIT (software); terms of the original measurement sources are not listed,"GB school Dec2014-Nov2015; sum of observed hours, gaps not filled; unit kWh assumed (not stated by source)"
bdg1:PrimClass_Jaxson,gb.unknown,GB,school,2015-10-01,2015-10-31,45691.7,kWh,reported,actual,1.0000,11955.0,dataset_metadata,derived,BDG1@521a6c0f,data/raw/temp_open_utc.csv:PrimClass_Jaxson + meta_open.csv,unknown: repository LICENSE is MIT (software); terms of the original measurement sources are not listed,"GB school Dec2014-Nov2015; sum of observed hours, gaps not filled; unit kWh assumed (not stated by source)"
bdg1:PrimClass_Jaxson,gb.unknown,GB,school,2015-11-01,2015-11-30,42940.3917,kWh,reported,actual,0.9333,11955.0,dataset_metadata,derived,BDG1@521a6c0f,data/raw/temp_open_utc.csv:PrimClass_Jaxson + meta_open.csv,unknown: repository LICENSE is MIT (software); terms of the original measurement sources are not listed,"GB school Dec2014-Nov2015; sum of observed hours, gaps not filled; unit kWh assumed (not stated by source)"
bdg1:PrimClass_Jimmie,gb.unknown,GB,school,2014-12-01,2014-12-31,13109.266,kWh,reported,actual,0.9677,3462.0,dataset_metadata,derived,BDG1@521a6c0f,data/raw/temp_open_utc.csv:PrimClass_Jimmie + meta_open.csv,unknown: repository LICENSE is MIT (software); terms of the original measurement sources are not listed,"GB school Dec2014-Nov2015; sum of observed hours, gaps not filled; unit kWh assumed (not stated by source)"
bdg1:PrimClass_Jimmie,gb.unknown,GB,school,2015-01-01,2015-01-31,13912.6,kWh,reported,actual,0.8669,3462.0,dataset_metadata,derived,BDG1@521a6c0f,data/raw/temp_open_utc.csv:PrimClass_Jimmie + meta_open.csv,unknown: repository LICENSE is MIT (software); terms of the original measurement sources are not listed,"GB school Dec2014-Nov2015; sum of observed hours, gaps not filled; unit kWh assumed (not stated by source)"
bdg1:PrimClass_Jimmie,gb.unknown,GB,school,2015-02-01,2015-02-28,10713.6,kWh,reported,actual,0.8929,3462.0,dataset_metadata,derived,BDG1@521a6c0f,data/raw/temp_open_utc.csv:PrimClass_Jimmie + meta_open.csv,unknown: repository LICENSE is MIT (software); terms of the original measurement sources are not listed,"GB school Dec2014-Nov2015; sum of observed hours, gaps not filled; unit kWh assumed (not stated by source)"
bdg1:PrimClass_Jimmie,gb.unknown,GB,school,2015-03-01,2015-03-31,15539.4,kWh,reported,actual,0.9421,3462.0,dataset_metadata,derived,BDG1@521a6c0f,data/raw/temp_open_utc.csv:PrimClass_Jimmie + meta_open.csv,unknown: repository LICENSE is MIT (software); terms of the original measurement sources are not listed,"GB school Dec2014-Nov2015; sum of observed hours, gaps not filled; unit kWh assumed (not stated by source)"
bdg1:PrimClass_Jimmie,gb.unknown,GB,school,2015-04-01,2015-04-30,11100.2,kWh,reported,actual,1.0000,3462.0,dataset_metadata,derived,BDG1@521a6c0f,data/raw/temp_open_utc.csv:PrimClass_Jimmie + meta_open.csv,unknown: repository LICENSE is MIT (software); terms of the original measurement sources are not listed,"GB school Dec2014-Nov2015; sum of observed hours, gaps not filled; unit kWh assumed (not stated by source)"
bdg1:PrimClass_Jimmie,gb.unknown,GB,school,2015-05-01,2015-05-31,10499.4,kWh,reported,actual,1.0000,3462.0,dataset_metadata,derived,BDG1@521a6c0f,data/raw/temp_open_utc.csv:PrimClass_Jimmie + meta_open.csv,unknown: repository LICENSE is MIT (software); terms of the original measurement sources are not listed,"GB school Dec2014-Nov2015; sum of observed hours, gaps not filled; unit kWh assumed (not stated by source)"
bdg1:PrimClass_Jimmie,gb.unknown,GB,school,2015-06-01,2015-06-30,8176.4,kWh,reported,actual,0.7028,3462.0,dataset_metadata,derived,BDG1@521a6c0f,data/raw/temp_open_utc.csv:PrimClass_Jimmie + meta_open.csv,unknown: repository LICENSE is MIT (software); terms of the original measurement sources are not listed,"GB school Dec2014-Nov2015; sum of observed hours, gaps not filled; unit kWh assumed (not stated by source)"
bdg1:PrimClass_Jimmie,gb.unknown,GB,school,2015-07-01,2015-07-31,8987.2,kWh,reported,actual,1.0000,3462.0,dataset_metadata,derived,BDG1@521a6c0f,data/raw/temp_open_utc.csv:PrimClass_Jimmie + meta_open.csv,unknown: repository LICENSE is MIT (software); terms of the original measurement sources are not listed,"GB school Dec2014-Nov2015; sum of observed hours, gaps not filled; unit kWh assumed (not stated by source)"
bdg1:PrimClass_Jimmie,gb.unknown,GB,school,2015-08-01,2015-08-31,5672.4,kWh,reported,actual,1.0000,3462.0,dataset_metadata,derived,BDG1@521a6c0f,data/raw/temp_open_utc.csv:PrimClass_Jimmie + meta_open.csv,unknown: repository LICENSE is MIT (software); terms of the original measurement sources are not listed,"GB school Dec2014-Nov2015; sum of observed hours, gaps not filled; unit kWh assumed (not stated by source)"
bdg1:PrimClass_Jimmie,gb.unknown,GB,school,2015-09-01,2015-09-30,12284.2,kWh,reported,actual,1.0000,3462.0,dataset_metadata,derived,BDG1@521a6c0f,data/raw/temp_open_utc.csv:PrimClass_Jimmie + meta_open.csv,unknown: repository LICENSE is MIT (software); terms of the original measurement sources are not listed,"GB school Dec2014-Nov2015; sum of observed hours, gaps not filled; unit kWh assumed (not stated by source)"
bdg1:PrimClass_Jimmie,gb.unknown,GB,school,2015-10-01,2015-10-31,12100.1,kWh,reported,actual,1.0000,3462.0,dataset_metadata,derived,BDG1@521a6c0f,data/raw/temp_open_utc.csv:PrimClass_Jimmie + meta_open.csv,unknown: repository LICENSE is MIT (software); terms of the original measurement sources are not listed,"GB school Dec2014-Nov2015; sum of observed hours, gaps not filled; unit kWh assumed (not stated by source)"
bdg1:PrimClass_Jimmie,gb.unknown,GB,school,2015-11-01,2015-11-30,14551.9517,kWh,reported,actual,0.9264,3462.0,dataset_metadata,derived,BDG1@521a6c0f,data/raw/temp_open_utc.csv:PrimClass_Jimmie + meta_open.csv,unknown: repository LICENSE is MIT (software); terms of the original measurement sources are not listed,"GB school Dec2014-Nov2015; sum of observed hours, gaps not filled; unit kWh assumed (not stated by source)"
bdg1:PrimClass_Jayda,gb.unknown,GB,school,2014-12-01,2014-12-31,7842.8629,kWh,reported,actual,0.9449,2215.0,dataset_metadata,derived,BDG1@521a6c0f,data/raw/temp_open_utc.csv:PrimClass_Jayda + meta_open.csv,unknown: repository LICENSE is MIT (software); terms of the original measurement sources are not listed,"GB school Dec2014-Nov2015; sum of observed hours, gaps not filled; unit kWh assumed (not stated by source)"
bdg1:PrimClass_Jayda,gb.unknown,GB,school,2015-01-01,2015-01-31,10036.1,kWh,reported,actual,0.9691,2215.0,dataset_metadata,derived,BDG1@521a6c0f,data/raw/temp_open_utc.csv:PrimClass_Jayda + meta_open.csv,unknown: repository LICENSE is MIT (software); terms of the original measurement sources are not listed,"GB school Dec2014-Nov2015; sum of observed hours, gaps not filled; unit kWh assumed (not stated by source)"
bdg1:PrimClass_Jayda,gb.unknown,GB,school,2015-02-01,2015-02-28,7807.4,kWh,reported,actual,0.9226,2215.0,dataset_metadata,derived,BDG1@521a6c0f,data/raw/temp_open_utc.csv:PrimClass_Jayda + meta_open.csv,unknown: repository LICENSE is MIT (software); terms of the original measurement sources are not listed,"GB school Dec2014-Nov2015; sum of observed hours, gaps not filled; unit kWh assumed (not stated by source)"
bdg1:PrimClass_Jayda,gb.unknown,GB,school,2015-03-01,2015-03-31,9552.6,kWh,reported,actual,0.9367,2215.0,dataset_metadata,derived,BDG1@521a6c0f,data/raw/temp_open_utc.csv:PrimClass_Jayda + meta_open.csv,unknown: repository LICENSE is MIT (software); terms of the original measurement sources are not listed,"GB school Dec2014-Nov2015; sum of observed hours, gaps not filled; unit kWh assumed (not stated by source)"
bdg1:PrimClass_Jayda,gb.unknown,GB,school,2015-04-01,2015-04-30,6481.6,kWh,reported,actual,1.0000,2215.0,dataset_metadata,derived,BDG1@521a6c0f,data/raw/temp_open_utc.csv:PrimClass_Jayda + meta_open.csv,unknown: repository LICENSE is MIT (software); terms of the original measurement sources are not listed,"GB school Dec2014-Nov2015; sum of observed hours, gaps not filled; unit kWh assumed (not stated by source)"
bdg1:PrimClass_Jayda,gb.unknown,GB,school,2015-05-01,2015-05-31,6657.3,kWh,reported,actual,1.0000,2215.0,dataset_metadata,derived,BDG1@521a6c0f,data/raw/temp_open_utc.csv:PrimClass_Jayda + meta_open.csv,unknown: repository LICENSE is MIT (software); terms of the original measurement sources are not listed,"GB school Dec2014-Nov2015; sum of observed hours, gaps not filled; unit kWh assumed (not stated by source)"
bdg1:PrimClass_Jayda,gb.unknown,GB,school,2015-06-01,2015-06-30,5662.7,kWh,reported,actual,0.7028,2215.0,dataset_metadata,derived,BDG1@521a6c0f,data/raw/temp_open_utc.csv:PrimClass_Jayda + meta_open.csv,unknown: repository LICENSE is MIT (software); terms of the original measurement sources are not listed,"GB school Dec2014-Nov2015; sum of observed hours, gaps not filled; unit kWh assumed (not stated by source)"
bdg1:PrimClass_Jayda,gb.unknown,GB,school,2015-07-01,2015-07-31,5999.3,kWh,reported,actual,1.0000,2215.0,dataset_metadata,derived,BDG1@521a6c0f,data/raw/temp_open_utc.csv:PrimClass_Jayda + meta_open.csv,unknown: repository LICENSE is MIT (software); terms of the original measurement sources are not listed,"GB school Dec2014-Nov2015; sum of observed hours, gaps not filled; unit kWh assumed (not stated by source)"
bdg1:PrimClass_Jayda,gb.unknown,GB,school,2015-08-01,2015-08-31,2574.5,kWh,reported,actual,1.0000,2215.0,dataset_metadata,derived,BDG1@521a6c0f,data/raw/temp_open_utc.csv:PrimClass_Jayda + meta_open.csv,unknown: repository LICENSE is MIT (software); terms of the original measurement sources are not listed,"GB school Dec2014-Nov2015; sum of observed hours, gaps not filled; unit kWh assumed (not stated by source)"
bdg1:PrimClass_Jayda,gb.unknown,GB,school,2015-09-01,2015-09-30,8820.1,kWh,reported,actual,1.0000,2215.0,dataset_metadata,derived,BDG1@521a6c0f,data/raw/temp_open_utc.csv:PrimClass_Jayda + meta_open.csv,unknown: repository LICENSE is MIT (software); terms of the original measurement sources are not listed,"GB school Dec2014-Nov2015; sum of observed hours, gaps not filled; unit kWh assumed (not stated by source)"
bdg1:PrimClass_Jayda,gb.unknown,GB,school,2015-10-01,2015-10-31,8542.5,kWh,reported,actual,1.0000,2215.0,dataset_metadata,derived,BDG1@521a6c0f,data/raw/temp_open_utc.csv:PrimClass_Jayda + meta_open.csv,unknown: repository LICENSE is MIT (software); terms of the original measurement sources are not listed,"GB school Dec2014-Nov2015; sum of observed hours, gaps not filled; unit kWh assumed (not stated by source)"
bdg1:PrimClass_Jayda,gb.unknown,GB,school,2015-11-01,2015-11-30,8979.5069,kWh,reported,actual,0.9208,2215.0,dataset_metadata,derived,BDG1@521a6c0f,data/raw/temp_open_utc.csv:PrimClass_Jayda + meta_open.csv,unknown: repository LICENSE is MIT (software); terms of the original measurement sources are not listed,"GB school Dec2014-Nov2015; sum of observed hours, gaps not filled; unit kWh assumed (not stated by source)"
bdg1:PrimClass_Jocelyn,gb.unknown,GB,school,2014-12-01,2014-12-31,4597.9111,kWh,reported,actual,0.9489,1391.0,dataset_metadata,derived,BDG1@521a6c0f,data/raw/temp_open_utc.csv:PrimClass_Jocelyn + meta_open.csv,unknown: repository LICENSE is MIT (software); terms of the original measurement sources are not listed,"GB school Dec2014-Nov2015; sum of observed hours, gaps not filled; unit kWh assumed (not stated by source)"
bdg1:PrimClass_Jocelyn,gb.unknown,GB,school,2015-01-01,2015-01-31,5692.095,kWh,reported,actual,0.9933,1391.0,dataset_metadata,derived,BDG1@521a6c0f,data/raw/temp_open_utc.csv:PrimClass_Jocelyn + meta_open.csv,unknown: repository LICENSE is MIT (software); terms of the original measurement sources are not listed,"GB school Dec2014-Nov2015; sum of observed hours, gaps not filled; unit kWh assumed (not stated by source)"
bdg1:PrimClass_Jocelyn,gb.unknown,GB,school,2015-02-01,2015-02-28,4418.516,kWh,reported,actual,0.9598,1391.0,dataset_metadata,derived,BDG1@521a6c0f,data/raw/temp_open_utc.csv:PrimClass_Jocelyn + meta_open.csv,unknown: repository LICENSE is MIT (software); terms of the original measurement sources are not listed,"GB school Dec2014-Nov2015; sum of observed hours, gaps not filled; unit kWh assumed (not stated by source)"
bdg1:PrimClass_Jocelyn,gb.unknown,GB,school,2015-03-01,2015-03-31,5387.242,kWh,reported,actual,0.9704,1391.0,dataset_metadata,derived,BDG1@521a6c0f,data/raw/temp_open_utc.csv:PrimClass_Jocelyn + meta_open.csv,unknown: repository LICENSE is MIT (software); terms of the original measurement sources are not listed,"GB school Dec2014-Nov2015; sum of observed hours, gaps not filled; unit kWh assumed (not stated by source)"
bdg1:PrimClass_Jocelyn,gb.unknown,GB,school,2015-04-01,2015-04-30,4330.035,kWh,reported,actual,0.9889,1391.0,dataset_metadata,derived,BDG1@521a6c0f,data/raw/temp_open_utc.csv:PrimClass_Jocelyn + meta_open.csv,unknown: repository LICENSE is MIT (software); terms of the original measurement sources are not listed,"GB school Dec2014-Nov2015; sum of observed hours, gaps not filled; unit kWh assumed (not stated by source)"
bdg1:PrimClass_Jocelyn,gb.unknown,GB,school,2015-05-01,2015-05-31,4490.97,kWh,reported,actual,0.9677,1391.0,dataset_metadata,derived,BDG1@521a6c0f,data/raw/temp_open_utc.csv:PrimClass_Jocelyn + meta_open.csv,unknown: repository LICENSE is MIT (software); terms of the original measurement sources are not listed,"GB school Dec2014-Nov2015; sum of observed hours, gaps not filled; unit kWh assumed (not stated by source)"
bdg1:PrimClass_Jocelyn,gb.unknown,GB,school,2015-06-01,2015-06-30,5378.541,kWh,reported,actual,0.9986,1391.0,dataset_metadata,derived,BDG1@521a6c0f,data/raw/temp_open_utc.csv:PrimClass_Jocelyn + meta_open.csv,unknown: repository LICENSE is MIT (software); terms of the original measurement sources are not listed,"GB school Dec2014-Nov2015; sum of observed hours, gaps not filled; unit kWh assumed (not stated by source)"
bdg1:PrimClass_Jocelyn,gb.unknown,GB,school,2015-07-01,2015-07-31,4384.31,kWh,reported,actual,1.0000,1391.0,dataset_metadata,derived,BDG1@521a6c0f,data/raw/temp_open_utc.csv:PrimClass_Jocelyn + meta_open.csv,unknown: repository LICENSE is MIT (software); terms of the original measurement sources are not listed,"GB school Dec2014-Nov2015; sum of observed hours, gaps not filled; unit kWh assumed (not stated by source)"
bdg1:PrimClass_Jocelyn,gb.unknown,GB,school,2015-08-01,2015-08-31,2602.63,kWh,reported,actual,0.9691,1391.0,dataset_metadata,derived,BDG1@521a6c0f,data/raw/temp_open_utc.csv:PrimClass_Jocelyn + meta_open.csv,unknown: repository LICENSE is MIT (software); terms of the original measurement sources are not listed,"GB school Dec2014-Nov2015; sum of observed hours, gaps not filled; unit kWh assumed (not stated by source)"
bdg1:PrimClass_Jocelyn,gb.unknown,GB,school,2015-09-01,2015-09-30,5392.4,kWh,reported,actual,0.9972,1391.0,dataset_metadata,derived,BDG1@521a6c0f,data/raw/temp_open_utc.csv:PrimClass_Jocelyn + meta_open.csv,unknown: repository LICENSE is MIT (software); terms of the original measurement sources are not listed,"GB school Dec2014-Nov2015; sum of observed hours, gaps not filled; unit kWh assumed (not stated by source)"
bdg1:PrimClass_Jocelyn,gb.unknown,GB,school,2015-10-01,2015-10-31,5010.509,kWh,reported,actual,0.9987,1391.0,dataset_metadata,derived,BDG1@521a6c0f,data/raw/temp_open_utc.csv:PrimClass_Jocelyn + meta_open.csv,unknown: repository LICENSE is MIT (software); terms of the original measurement sources are not listed,"GB school Dec2014-Nov2015; sum of observed hours, gaps not filled; unit kWh assumed (not stated by source)"
bdg1:PrimClass_Jocelyn,gb.unknown,GB,school,2015-11-01,2015-11-30,5307.8087,kWh,reported,actual,0.9208,1391.0,dataset_metadata,derived,BDG1@521a6c0f,data/raw/temp_open_utc.csv:PrimClass_Jocelyn + meta_open.csv,unknown: repository LICENSE is MIT (software); terms of the original measurement sources are not listed,"GB school Dec2014-Nov2015; sum of observed hours, gaps not filled; unit kWh assumed (not stated by source)"
bdg1:PrimClass_Jeffery,gb.unknown,GB,school,2014-12-01,2014-12-31,43476.2999,kWh,reported,actual,0.9892,11201.0,dataset_metadata,derived,BDG1@521a6c0f,data/raw/temp_open_utc.csv:PrimClass_Jeffery + meta_open.csv,unknown: repository LICENSE is MIT (software); terms of the original measurement sources are not listed,"GB school Dec2014-Nov2015; sum of observed hours, gaps not filled; unit kWh assumed (not stated by source)"
bdg1:PrimClass_Jeffery,gb.unknown,GB,school,2015-01-01,2015-01-31,50472.0001,kWh,reported,actual,0.9556,11201.0,dataset_metadata,derived,BDG1@521a6c0f,data/raw/temp_open_utc.csv:PrimClass_Jeffery + meta_open.csv,unknown: repository LICENSE is MIT (software); terms of the original measurement sources are not listed,"GB school Dec2014-Nov2015; sum of observed hours, gaps not filled; unit kWh assumed (not stated by source)"
bdg1:PrimClass_Jeffery,gb.unknown,GB,school,2015-02-01,2015-02-28,43180.5001,kWh,reported,actual,0.9732,11201.0,dataset_metadata,derived,BDG1@521a6c0f,data/raw/temp_open_utc.csv:PrimClass_Jeffery + meta_open.csv,unknown: repository LICENSE is MIT (software); terms of the original measurement sources are not listed,"GB school Dec2014-Nov2015; sum of observed hours, gaps not filled; unit kWh assumed (not stated by source)"
bdg1:PrimClass_Jeffery,gb.unknown,GB,school,2015-03-01,2015-03-31,49936.7,kWh,reported,actual,0.9879,11201.0,dataset_metadata,derived,BDG1@521a6c0f,data/raw/temp_open_utc.csv:PrimClass_Jeffery + meta_open.csv,unknown: repository LICENSE is MIT (software); terms of the original measurement sources are not listed,"GB school Dec2014-Nov2015; sum of observed hours, gaps not filled; unit kWh assumed (not stated by source)"
bdg1:PrimClass_Jeffery,gb.unknown,GB,school,2015-04-01,2015-04-30,37378.5876,kWh,reported,actual,1.0000,11201.0,dataset_metadata,derived,BDG1@521a6c0f,data/raw/temp_open_utc.csv:PrimClass_Jeffery + meta_open.csv,unknown: repository LICENSE is MIT (software); terms of the original measurement sources are not listed,"GB school Dec2014-Nov2015; sum of observed hours, gaps not filled; unit kWh assumed (not stated by source)"
bdg1:PrimClass_Jeffery,gb.unknown,GB,school,2015-05-01,2015-05-31,9305.8124,kWh,reported,actual,1.0000,11201.0,dataset_metadata,derived,BDG1@521a6c0f,data/raw/temp_open_utc.csv:PrimClass_Jeffery + meta_open.csv,unknown: repository LICENSE is MIT (software); terms of the original measurement sources are not listed,"GB school Dec2014-Nov2015; sum of observed hours, gaps not filled; unit kWh assumed (not stated by source)"
bdg1:PrimClass_Jeffery,gb.unknown,GB,school,2015-06-01,2015-06-30,37803.1,kWh,reported,actual,1.0000,11201.0,dataset_metadata,derived,BDG1@521a6c0f,data/raw/temp_open_utc.csv:PrimClass_Jeffery + meta_open.csv,unknown: repository LICENSE is MIT (software); terms of the original measurement sources are not listed,"GB school Dec2014-Nov2015; sum of observed hours, gaps not filled; unit kWh assumed (not stated by source)"
bdg1:PrimClass_Jeffery,gb.unknown,GB,school,2015-07-01,2015-07-31,33206.4,kWh,reported,actual,1.0000,11201.0,dataset_metadata,derived,BDG1@521a6c0f,data/raw/temp_open_utc.csv:PrimClass_Jeffery + meta_open.csv,unknown: repository LICENSE is MIT (software); terms of the original measurement sources are not listed,"GB school Dec2014-Nov2015; sum of observed hours, gaps not filled; unit kWh assumed (not stated by source)"
bdg1:PrimClass_Jeffery,gb.unknown,GB,school,2015-08-01,2015-08-31,25534.4,kWh,reported,actual,1.0000,11201.0,dataset_metadata,derived,BDG1@521a6c0f,data/raw/temp_open_utc.csv:PrimClass_Jeffery + meta_open.csv,unknown: repository LICENSE is MIT (software); terms of the original measurement sources are not listed,"GB school Dec2014-Nov2015; sum of observed hours, gaps not filled; unit kWh assumed (not stated by source)"
bdg1:PrimClass_Jeffery,gb.unknown,GB,school,2015-09-01,2015-09-30,43955.3,kWh,reported,actual,1.0000,11201.0,dataset_metadata,derived,BDG1@521a6c0f,data/raw/temp_open_utc.csv:PrimClass_Jeffery + meta_open.csv,unknown: repository LICENSE is MIT (software); terms of the original measurement sources are not listed,"GB school Dec2014-Nov2015; sum of observed hours, gaps not filled; unit kWh assumed (not stated by source)"
bdg1:PrimClass_Jeffery,gb.unknown,GB,school,2015-10-01,2015-10-31,40686.5,kWh,reported,actual,1.0000,11201.0,dataset_metadata,derived,BDG1@521a6c0f,data/raw/temp_open_utc.csv:PrimClass_Jeffery + meta_open.csv,unknown: repository LICENSE is MIT (software); terms of the original measurement sources are not listed,"GB school Dec2014-Nov2015; sum of observed hours, gaps not filled; unit kWh assumed (not stated by source)"
bdg1:PrimClass_Jeffery,gb.unknown,GB,school,2015-11-01,2015-11-30,44175.5744,kWh,reported,actual,0.9333,11201.0,dataset_metadata,derived,BDG1@521a6c0f,data/raw/temp_open_utc.csv:PrimClass_Jeffery + meta_open.csv,unknown: repository LICENSE is MIT (software); terms of the original measurement sources are not listed,"GB school Dec2014-Nov2015; sum of observed hours, gaps not filled; unit kWh assumed (not stated by source)"
bdg1:PrimClass_Jayson,gb.unknown,GB,school,2014-12-01,2014-12-31,48462.7,kWh,reported,actual,0.9960,12924.0,dataset_metadata,derived,BDG1@521a6c0f,data/raw/temp_open_utc.csv:PrimClass_Jayson + meta_open.csv,unknown: repository LICENSE is MIT (software); terms of the original measurement sources are not listed,"GB school Dec2014-Nov2015; sum of observed hours, gaps not filled; unit kWh assumed (not stated by source)"
bdg1:PrimClass_Jayson,gb.unknown,GB,school,2015-01-01,2015-01-31,58872.8,kWh,reported,actual,0.9987,12924.0,dataset_metadata,derived,BDG1@521a6c0f,data/raw/temp_open_utc.csv:PrimClass_Jayson + meta_open.csv,unknown: repository LICENSE is MIT (software); terms of the original measurement sources are not listed,"GB school Dec2014-Nov2015; sum of observed hours, gaps not filled; unit kWh assumed (not stated by source)"
bdg1:PrimClass_Jayson,gb.unknown,GB,school,2015-02-01,2015-02-28,49923.8,kWh,reported,actual,1.0000,12924.0,dataset_metadata,derived,BDG1@521a6c0f,data/raw/temp_open_utc.csv:PrimClass_Jayson + meta_open.csv,unknown: repository LICENSE is MIT (software); terms of the original measurement sources are not listed,"GB school Dec2014-Nov2015; sum of observed hours, gaps not filled; unit kWh assumed (not stated by source)"
bdg1:PrimClass_Jayson,gb.unknown,GB,school,2015-03-01,2015-03-31,52459.1,kWh,reported,actual,0.9987,12924.0,dataset_metadata,derived,BDG1@521a6c0f,data/raw/temp_open_utc.csv:PrimClass_Jayson + meta_open.csv,unknown: repository LICENSE is MIT (software); terms of the original measurement sources are not listed,"GB school Dec2014-Nov2015; sum of observed hours, gaps not filled; unit kWh assumed (not stated by source)"
bdg1:PrimClass_Jayson,gb.unknown,GB,school,2015-04-01,2015-04-30,39223.0827,kWh,reported,actual,0.9667,12924.0,dataset_metadata,derived,BDG1@521a6c0f,data/raw/temp_open_utc.csv:PrimClass_Jayson + meta_open.csv,unknown: repository LICENSE is MIT (software); terms of the original measurement sources are not listed,"GB school Dec2014-Nov2015; sum of observed hours, gaps not filled; unit kWh assumed (not stated by source)"
bdg1:PrimClass_Jayson,gb.unknown,GB,school,2015-05-01,2015-05-31,7853.4333,kWh,reported,actual,0.2903,12924.0,dataset_metadata,derived,BDG1@521a6c0f,data/raw/temp_open_utc.csv:PrimClass_Jayson + meta_open.csv,unknown: repository LICENSE is MIT (software); terms of the original measurement sources are not listed,"GB school Dec2014-Nov2015; sum of observed hours, gaps not filled; unit kWh assumed (not stated by source)"
bdg1:PrimClass_Jayson,gb.unknown,GB,school,2015-06-01,2015-06-30,53195.4,kWh,reported,actual,1.0000,12924.0,dataset_metadata,derived,BDG1@521a6c0f,data/raw/temp_open_utc.csv:PrimClass_Jayson + meta_open.csv,unknown: repository LICENSE is MIT (software); terms of the original measurement sources are not listed,"GB school Dec2014-Nov2015; sum of observed hours, gaps not filled; unit kWh assumed (not stated by source)"
bdg1:PrimClass_Jayson,gb.unknown,GB,school,2015-07-01,2015-07-31,40665.2,kWh,reported,actual,1.0000,12924.0,dataset_metadata,derived,BDG1@521a6c0f,data/raw/temp_open_utc.csv:PrimClass_Jayson + meta_open.csv,unknown: repository LICENSE is MIT (software); terms of the original measurement sources are not listed,"GB school Dec2014-Nov2015; sum of observed hours, gaps not filled; unit kWh assumed (not stated by source)"
bdg1:PrimClass_Jayson,gb.unknown,GB,school,2015-08-01,2015-08-31,25716.7,kWh,reported,actual,1.0000,12924.0,dataset_metadata,derived,BDG1@521a6c0f,data/raw/temp_open_utc.csv:PrimClass_Jayson + meta_open.csv,unknown: repository LICENSE is MIT (software); terms of the original measurement sources are not listed,"GB school Dec2014-Nov2015; sum of observed hours, gaps not filled; unit kWh assumed (not stated by source)"
bdg1:PrimClass_Jayson,gb.unknown,GB,school,2015-09-01,2015-09-30,55293.5,kWh,reported,actual,1.0000,12924.0,dataset_metadata,derived,BDG1@521a6c0f,data/raw/temp_open_utc.csv:PrimClass_Jayson + meta_open.csv,unknown: repository LICENSE is MIT (software); terms of the original measurement sources are not listed,"GB school Dec2014-Nov2015; sum of observed hours, gaps not filled; unit kWh assumed (not stated by source)"
bdg1:PrimClass_Jayson,gb.unknown,GB,school,2015-10-01,2015-10-31,52696.2,kWh,reported,actual,0.9987,12924.0,dataset_metadata,derived,BDG1@521a6c0f,data/raw/temp_open_utc.csv:PrimClass_Jayson + meta_open.csv,unknown: repository LICENSE is MIT (software); terms of the original measurement sources are not listed,"GB school Dec2014-Nov2015; sum of observed hours, gaps not filled; unit kWh assumed (not stated by source)"
bdg1:PrimClass_Jayson,gb.unknown,GB,school,2015-11-01,2015-11-30,55580.3952,kWh,reported,actual,0.9264,12924.0,dataset_metadata,derived,BDG1@521a6c0f,data/raw/temp_open_utc.csv:PrimClass_Jayson + meta_open.csv,unknown: repository LICENSE is MIT (software); terms of the original measurement sources are not listed,"GB school Dec2014-Nov2015; sum of observed hours, gaps not filled; unit kWh assumed (not stated by source)"
bdg1:PrimClass_Jennie,gb.unknown,GB,school,2014-12-01,2014-12-31,8972.0431,kWh,reported,actual,0.9677,2692.0,dataset_metadata,derived,BDG1@521a6c0f,data/raw/temp_open_utc.csv:PrimClass_Jennie + meta_open.csv,unknown: repository LICENSE is MIT (software); terms of the original measurement sources are not listed,"GB school Dec2014-Nov2015; sum of observed hours, gaps not filled; unit kWh assumed (not stated by source)"
bdg1:PrimClass_Jennie,gb.unknown,GB,school,2015-01-01,2015-01-31,11256.18,kWh,reported,actual,0.9973,2692.0,dataset_metadata,derived,BDG1@521a6c0f,data/raw/temp_open_utc.csv:PrimClass_Jennie + meta_open.csv,unknown: repository LICENSE is MIT (software); terms of the original measurement sources are not listed,"GB school Dec2014-Nov2015; sum of observed hours, gaps not filled; unit kWh assumed (not stated by source)"
bdg1:PrimClass_Jennie,gb.unknown,GB,school,2015-02-01,2015-02-28,11145.62,kWh,reported,actual,0.9970,2692.0,dataset_metadata,derived,BDG1@521a6c0f,data/raw/temp_open_utc.csv:PrimClass_Jennie + meta_open.csv,unknown: repository LICENSE is MIT (software); terms of the original measurement sources are not listed,"GB school Dec2014-Nov2015; sum of observed hours, gaps not filled; unit kWh assumed (not stated by source)"
bdg1:PrimClass_Jennie,gb.unknown,GB,school,2015-03-01,2015-03-31,11789.07,kWh,reported,actual,0.9825,2692.0,dataset_metadata,derived,BDG1@521a6c0f,data/raw/temp_open_utc.csv:PrimClass_Jennie + meta_open.csv,unknown: repository LICENSE is MIT (software); terms of the original measurement sources are not listed,"GB school Dec2014-Nov2015; sum of observed hours, gaps not filled; unit kWh assumed (not stated by source)"
bdg1:PrimClass_Jennie,gb.unknown,GB,school,2015-04-01,2015-04-30,8688.02,kWh,reported,actual,0.9986,2692.0,dataset_metadata,derived,BDG1@521a6c0f,data/raw/temp_open_utc.csv:PrimClass_Jennie + meta_open.csv,unknown: repository LICENSE is MIT (software); terms of the original measurement sources are not listed,"GB school Dec2014-Nov2015; sum of observed hours, gaps not filled; unit kWh assumed (not stated by source)"
bdg1:PrimClass_Jennie,gb.unknown,GB,school,2015-05-01,2015-05-31,8472.53,kWh,reported,actual,0.9691,2692.0,dataset_metadata,derived,BDG1@521a6c0f,data/raw/temp_open_utc.csv:PrimClass_Jennie + meta_open.csv,unknown: repository LICENSE is MIT (software); terms of the original measurement sources are not listed,"GB school Dec2014-Nov2015; sum of observed hours, gaps not filled; unit kWh assumed (not stated by source)"
bdg1:PrimClass_Jennie,gb.unknown,GB,school,2015-06-01,2015-06-30,10791.07,kWh,reported,actual,1.0000,2692.0,dataset_metadata,derived,BDG1@521a6c0f,data/raw/temp_open_utc.csv:PrimClass_Jennie + meta_open.csv,unknown: repository LICENSE is MIT (software); terms of the original measurement sources are not listed,"GB school Dec2014-Nov2015; sum of observed hours, gaps not filled; unit kWh assumed (not stated by source)"
bdg1:PrimClass_Jennie,gb.unknown,GB,school,2015-07-01,2015-07-31,8365.38,kWh,reported,actual,1.0000,2692.0,dataset_metadata,derived,BDG1@521a6c0f,data/raw/temp_open_utc.csv:PrimClass_Jennie + meta_open.csv,unknown: repository LICENSE is MIT (software); terms of the original measurement sources are not listed,"GB school Dec2014-Nov2015; sum of observed hours, gaps not filled; unit kWh assumed (not stated by source)"
bdg1:PrimClass_Jennie,gb.unknown,GB,school,2015-08-01,2015-08-31,4167.44,kWh,reported,actual,0.9691,2692.0,dataset_metadata,derived,BDG1@521a6c0f,data/raw/temp_open_utc.csv:PrimClass_Jennie + meta_open.csv,unknown: repository LICENSE is MIT (software); terms of the original measurement sources are not listed,"GB school Dec2014-Nov2015; sum of observed hours, gaps not filled; unit kWh assumed (not stated by source)"
bdg1:PrimClass_Jennie,gb.unknown,GB,school,2015-09-01,2015-09-30,10224.5,kWh,reported,actual,1.0000,2692.0,dataset_metadata,derived,BDG1@521a6c0f,data/raw/temp_open_utc.csv:PrimClass_Jennie + meta_open.csv,unknown: repository LICENSE is MIT (software); terms of the original measurement sources are not listed,"GB school Dec2014-Nov2015; sum of observed hours, gaps not filled; unit kWh assumed (not stated by source)"
bdg1:PrimClass_Jennie,gb.unknown,GB,school,2015-10-01,2015-10-31,9746.43,kWh,reported,actual,1.0000,2692.0,dataset_metadata,derived,BDG1@521a6c0f,data/raw/temp_open_utc.csv:PrimClass_Jennie + meta_open.csv,unknown: repository LICENSE is MIT (software); terms of the original measurement sources are not listed,"GB school Dec2014-Nov2015; sum of observed hours, gaps not filled; unit kWh assumed (not stated by source)"
bdg1:PrimClass_Jennie,gb.unknown,GB,school,2015-11-01,2015-11-30,10492.9455,kWh,reported,actual,0.9319,2692.0,dataset_metadata,derived,BDG1@521a6c0f,data/raw/temp_open_utc.csv:PrimClass_Jennie + meta_open.csv,unknown: repository LICENSE is MIT (software); terms of the original measurement sources are not listed,"GB school Dec2014-Nov2015; sum of observed hours, gaps not filled; unit kWh assumed (not stated by source)"
bdg1:PrimClass_Jonathon,gb.unknown,GB,school,2014-12-01,2014-12-31,41362.2,kWh,reported,actual,0.9825,11285.0,dataset_metadata,derived,BDG1@521a6c0f,data/raw/temp_open_utc.csv:PrimClass_Jonathon + meta_open.csv,unknown: repository LICENSE is MIT (software); terms of the original measurement sources are not listed,"GB school Dec2014-Nov2015; sum of observed hours, gaps not filled; unit kWh assumed (not stated by source)"
bdg1:PrimClass_Jonathon,gb.unknown,GB,school,2015-01-01,2015-01-31,50084.1001,kWh,reported,actual,0.9624,11285.0,dataset_metadata,derived,BDG1@521a6c0f,data/raw/temp_open_utc.csv:PrimClass_Jonathon + meta_open.csv,unknown: repository LICENSE is MIT (software); terms of the original measurement sources are not listed,"GB school Dec2014-Nov2015; sum of observed hours, gaps not filled; unit kWh assumed (not stated by source)"
bdg1:PrimClass_Jonathon,gb.unknown,GB,school,2015-02-01,2015-02-28,44750.4,kWh,reported,actual,0.9211,11285.0,dataset_metadata,derived,BDG1@521a6c0f,data/raw/temp_open_utc.csv:PrimClass_Jonathon + meta_open.csv,unknown: repository LICENSE is MIT (software); terms of the original measurement sources are not listed,"GB school Dec2014-Nov2015; sum of observed hours, gaps not filled; unit kWh assumed (not stated by source)"
bdg1:PrimClass_Jonathon,gb.unknown,GB,school,2015-03-01,2015-03-31,53953.0,kWh,reported,actual,0.9933,11285.0,dataset_metadata,derived,BDG1@521a6c0f,data/raw/temp_open_utc.csv:PrimClass_Jonathon + meta_open.csv,unknown: repository LICENSE is MIT (software); terms of the original measurement sources are not listed,"GB school Dec2014-Nov2015; sum of observed hours, gaps not filled; unit kWh assumed (not stated by source)"
bdg1:PrimClass_Jonathon,gb.unknown,GB,school,2015-04-01,2015-04-30,36937.8767,kWh,reported,actual,0.9667,11285.0,dataset_metadata,derived,BDG1@521a6c0f,data/raw/temp_open_utc.csv:PrimClass_Jonathon + meta_open.csv,unknown: repository LICENSE is MIT (software); terms of the original measurement sources are not listed,"GB school Dec2014-Nov2015; sum of observed hours, gaps not filled; unit kWh assumed (not stated by source)"
bdg1:PrimClass_Jonathon,gb.unknown,GB,school,2015-05-01,2015-05-31,7649.6288,kWh,reported,actual,0.2903,11285.0,dataset_metadata,derived,BDG1@521a6c0f,data/raw/temp_open_utc.csv:PrimClass_Jonathon + meta_open.csv,unknown: repository LICENSE is MIT (software); terms of the original measurement sources are not listed,"GB school Dec2014-Nov2015; sum of observed hours, gaps not filled; unit kWh assumed (not stated by source)"
bdg1:PrimClass_Jonathon,gb.unknown,GB,school,2015-06-01,2015-06-30,45507.2,kWh,reported,actual,1.0000,11285.0,dataset_metadata,derived,BDG1@521a6c0f,data/raw/temp_open_utc.csv:PrimClass_Jonathon + meta_open.csv,unknown: repository LICENSE is MIT (software); terms of the original measurement sources are not listed,"GB school Dec2014-Nov2015; sum of observed hours, gaps not filled; unit kWh assumed (not stated by source)"
bdg1:PrimClass_Jonathon,gb.unknown,GB,school,2015-07-01,2015-07-31,33675.5,kWh,reported,actual,1.0000,11285.0,dataset_metadata,derived,BDG1@521a6c0f,data/raw/temp_open_utc.csv:PrimClass_Jonathon + meta_open.csv,unknown: repository LICENSE is MIT (software); terms of the original measurement sources are not listed,"GB school Dec2014-Nov2015; sum of observed hours, gaps not filled; unit kWh assumed (not stated by source)"
bdg1:PrimClass_Jonathon,gb.unknown,GB,school,2015-08-01,2015-08-31,27818.9,kWh,reported,actual,1.0000,11285.0,dataset_metadata,derived,BDG1@521a6c0f,data/raw/temp_open_utc.csv:PrimClass_Jonathon + meta_open.csv,unknown: repository LICENSE is MIT (software); terms of the original measurement sources are not listed,"GB school Dec2014-Nov2015; sum of observed hours, gaps not filled; unit kWh assumed (not stated by source)"
bdg1:PrimClass_Jonathon,gb.unknown,GB,school,2015-09-01,2015-09-30,44465.7,kWh,reported,actual,1.0000,11285.0,dataset_metadata,derived,BDG1@521a6c0f,data/raw/temp_open_utc.csv:PrimClass_Jonathon + meta_open.csv,unknown: repository LICENSE is MIT (software); terms of the original measurement sources are not listed,"GB school Dec2014-Nov2015; sum of observed hours, gaps not filled; unit kWh assumed (not stated by source)"
bdg1:PrimClass_Jonathon,gb.unknown,GB,school,2015-10-01,2015-10-31,44459.1,kWh,reported,actual,1.0000,11285.0,dataset_metadata,derived,BDG1@521a6c0f,data/raw/temp_open_utc.csv:PrimClass_Jonathon + meta_open.csv,unknown: repository LICENSE is MIT (software); terms of the original measurement sources are not listed,"GB school Dec2014-Nov2015; sum of observed hours, gaps not filled; unit kWh assumed (not stated by source)"
bdg1:PrimClass_Jonathon,gb.unknown,GB,school,2015-11-01,2015-11-30,49038.6221,kWh,reported,actual,0.9306,11285.0,dataset_metadata,derived,BDG1@521a6c0f,data/raw/temp_open_utc.csv:PrimClass_Jonathon + meta_open.csv,unknown: repository LICENSE is MIT (software); terms of the original measurement sources are not listed,"GB school Dec2014-Nov2015; sum of observed hours, gaps not filled; unit kWh assumed (not stated by source)"
bdg1:PrimClass_Jaqueline,gb.unknown,GB,school,2014-12-01,2014-12-31,7640.1145,kWh,reported,actual,0.9651,2193.0,dataset_metadata,derived,BDG1@521a6c0f,data/raw/temp_open_utc.csv:PrimClass_Jaqueline + meta_open.csv,unknown: repository LICENSE is MIT (software); terms of the original measurement sources are not listed,"GB school Dec2014-Nov2015; sum of observed hours, gaps not filled; unit kWh assumed (not stated by source)"
bdg1:PrimClass_Jaqueline,gb.unknown,GB,school,2015-01-01,2015-01-31,9176.7,kWh,reported,actual,1.0000,2193.0,dataset_metadata,derived,BDG1@521a6c0f,data/raw/temp_open_utc.csv:PrimClass_Jaqueline + meta_open.csv,unknown: repository LICENSE is MIT (software); terms of the original measurement sources are not listed,"GB school Dec2014-Nov2015; sum of observed hours, gaps not filled; unit kWh assumed (not stated by source)"
bdg1:PrimClass_Jaqueline,gb.unknown,GB,school,2015-02-01,2015-02-28,7331.6,kWh,reported,actual,1.0000,2193.0,dataset_metadata,derived,BDG1@521a6c0f,data/raw/temp_open_utc.csv:PrimClass_Jaqueline + meta_open.csv,unknown: repository LICENSE is MIT (software); terms of the original measurement sources are not listed,"GB school Dec2014-Nov2015; sum of observed hours, gaps not filled; unit kWh assumed (not stated by source)"
bdg1:PrimClass_Jaqueline,gb.unknown,GB,school,2015-03-01,2015-03-31,8594.0,kWh,reported,actual,0.9704,2193.0,dataset_metadata,derived,BDG1@521a6c0f,data/raw/temp_open_utc.csv:PrimClass_Jaqueline + meta_open.csv,unknown: repository LICENSE is MIT (software); terms of the original measurement sources are not listed,"GB school Dec2014-Nov2015; sum of observed hours, gaps not filled; unit kWh assumed (not stated by source)"
bdg1:PrimClass_Jaqueline,gb.unknown,GB,school,2015-04-01,2015-04-30,7099.6,kWh,reported,actual,1.0000,2193.0,dataset_metadata,derived,BDG1@521a6c0f,data/raw/temp_open_utc.csv:PrimClass_Jaqueline + meta_open.csv,unknown: repository LICENSE is MIT (software); terms of the original measurement sources are not listed,"GB school Dec2014-Nov2015; sum of observed hours, gaps not filled; unit kWh assumed (not stated by source)"
bdg1:PrimClass_Jaqueline,gb.unknown,GB,school,2015-05-01,2015-05-31,7378.8,kWh,reported,actual,1.0000,2193.0,dataset_metadata,derived,BDG1@521a6c0f,data/raw/temp_open_utc.csv:PrimClass_Jaqueline + meta_open.csv,unknown: repository LICENSE is MIT (software); terms of the original measurement sources are not listed,"GB school Dec2014-Nov2015; sum of observed hours, gaps not filled; unit kWh assumed (not stated by source)"
bdg1:PrimClass_Jaqueline,gb.unknown,GB,school,2015-06-01,2015-06-30,7291.2,kWh,reported,actual,0.8347,2193.0,dataset_metadata,derived,BDG1@521a6c0f,data/raw/temp_open_utc.csv:PrimClass_Jaqueline + meta_open.csv,unknown: repository LICENSE is MIT (software); terms of the original measurement sources are not listed,"GB school Dec2014-Nov2015; sum of observed hours, gaps not filled; unit kWh assumed (not stated by source)"
bdg1:PrimClass_Jaqueline,gb.unknown,GB,school,2015-07-01,2015-07-31,7122.0,kWh,reported,actual,1.0000,2193.0,dataset_metadata,derived,BDG1@521a6c0f,data/raw/temp_open_utc.csv:PrimClass_Jaqueline + meta_open.csv,unknown: repository LICENSE is MIT (software); terms of the original measurement sources are not listed,"GB school Dec2014-Nov2015; sum of observed hours, gaps not filled; unit kWh assumed (not stated by source)"
bdg1:PrimClass_Jaqueline,gb.unknown,GB,school,2015-08-01,2015-08-31,4343.8,kWh,reported,actual,1.0000,2193.0,dataset_metadata,derived,BDG1@521a6c0f,data/raw/temp_open_utc.csv:PrimClass_Jaqueline + meta_open.csv,unknown: repository LICENSE is MIT (software); terms of the original measurement sources are not listed,"GB school Dec2014-Nov2015; sum of observed hours, gaps not filled; unit kWh assumed (not stated by source)"
bdg1:PrimClass_Jaqueline,gb.unknown,GB,school,2015-09-01,2015-09-30,9568.3,kWh,reported,actual,1.0000,2193.0,dataset_metadata,derived,BDG1@521a6c0f,data/raw/temp_open_utc.csv:PrimClass_Jaqueline + meta_open.csv,unknown: repository LICENSE is MIT (software); terms of the original measurement sources are not listed,"GB school Dec2014-Nov2015; sum of observed hours, gaps not filled; unit kWh assumed (not stated by source)"
bdg1:PrimClass_Jaqueline,gb.unknown,GB,school,2015-10-01,2015-10-31,9311.1,kWh,reported,actual,1.0000,2193.0,dataset_metadata,derived,BDG1@521a6c0f,data/raw/temp_open_utc.csv:PrimClass_Jaqueline + meta_open.csv,unknown: repository LICENSE is MIT (software); terms of the original measurement sources are not listed,"GB school Dec2014-Nov2015; sum of observed hours, gaps not filled; unit kWh assumed (not stated by source)"
bdg1:PrimClass_Jaqueline,gb.unknown,GB,school,2015-11-01,2015-11-30,10555.8,kWh,reported,actual,0.9972,2193.0,dataset_metadata,derived,BDG1@521a6c0f,data/raw/temp_open_utc.csv:PrimClass_Jaqueline + meta_open.csv,unknown: repository LICENSE is MIT (software); terms of the original measurement sources are not listed,"GB school Dec2014-Nov2015; sum of observed hours, gaps not filled; unit kWh assumed (not stated by source)"
bdg1:PrimClass_Jeremy,gb.unknown,GB,school,2014-12-01,2014-12-31,8564.2639,kWh,reported,actual,0.9556,2151.0,dataset_metadata,derived,BDG1@521a6c0f,data/raw/temp_open_utc.csv:PrimClass_Jeremy + meta_open.csv,unknown: repository LICENSE is MIT (software); terms of the original measurement sources are not listed,"GB school Dec2014-Nov2015; sum of observed hours, gaps not filled; unit kWh assumed (not stated by source)"
bdg1:PrimClass_Jeremy,gb.unknown,GB,school,2015-01-01,2015-01-31,10461.0,kWh,reported,actual,0.9637,2151.0,dataset_metadata,derived,BDG1@521a6c0f,data/raw/temp_open_utc.csv:PrimClass_Jeremy + meta_open.csv,unknown: repository LICENSE is MIT (software); terms of the original measurement sources are not listed,"GB school Dec2014-Nov2015; sum of observed hours, gaps not filled; unit kWh assumed (not stated by source)"
bdg1:PrimClass_Jeremy,gb.unknown,GB,school,2015-02-01,2015-02-28,8060.6,kWh,reported,actual,0.9539,2151.0,dataset_metadata,derived,BDG1@521a6c0f,data/raw/temp_open_utc.csv:PrimClass_Jeremy + meta_open.csv,unknown: repository LICENSE is MIT (software); terms of the original measurement sources are not listed,"GB school Dec2014-Nov2015; sum of observed hours, gaps not filled; unit kWh assumed (not stated by source)"
bdg1:PrimClass_Jeremy,gb.unknown,GB,school,2015-03-01,2015-03-31,9952.2,kWh,reported,actual,0.9637,2151.0,dataset_metadata,derived,BDG1@521a6c0f,data/raw/temp_open_utc.csv:PrimClass_Jeremy + meta_open.csv,unknown: repository LICENSE is MIT (software); terms of the original measurement sources are not listed,"GB school Dec2014-Nov2015; sum of observed hours, gaps not filled; unit kWh assumed (not stated by source)"
bdg1:PrimClass_Jeremy,gb.unknown,GB,school,2015-04-01,2015-04-30,6800.4,kWh,reported,actual,1.0000,2151.0,dataset_metadata,derived,BDG1@521a6c0f,data/raw/temp_open_utc.csv:PrimClass_Jeremy + meta_open.csv,unknown: repository LICENSE is MIT (software); terms of the original measurement sources are not listed,"GB school Dec2014-Nov2015; sum of observed hours, gaps not filled; unit kWh assumed (not stated by source)"
bdg1:PrimClass_Jeremy,gb.unknown,GB,school,2015-05-01,2015-05-31,7648.1,kWh,reported,actual,1.0000,2151.0,dataset_metadata,derived,BDG1@521a6c0f,data/raw/temp_open_utc.csv:PrimClass_Jeremy + meta_open.csv,unknown: repository LICENSE is MIT (software); terms of the original measurement sources are not listed,"GB school Dec2014-Nov2015; sum of observed hours, gaps not filled; unit kWh assumed (not stated by source)"
bdg1:PrimClass_Jeremy,gb.unknown,GB,school,2015-06-01,2015-06-30,6130.0,kWh,reported,actual,0.7028,2151.0,dataset_metadata,derived,BDG1@521a6c0f,data/raw/temp_open_utc.csv:PrimClass_Jeremy + meta_open.csv,unknown: repository LICENSE is MIT (software); terms of the original measurement sources are not listed,"GB school Dec2014-Nov2015; sum of observed hours, gaps not filled; unit kWh assumed (not stated by source)"
bdg1:PrimClass_Jeremy,gb.unknown,GB,school,2015-07-01,2015-07-31,6659.4,kWh,reported,actual,1.0000,2151.0,dataset_metadata,derived,BDG1@521a6c0f,data/raw/temp_open_utc.csv:PrimClass_Jeremy + meta_open.csv,unknown: repository LICENSE is MIT (software); terms of the original measurement sources are not listed,"GB school Dec2014-Nov2015; sum of observed hours, gaps not filled; unit kWh assumed (not stated by source)"
bdg1:PrimClass_Jeremy,gb.unknown,GB,school,2015-08-01,2015-08-31,3331.5,kWh,reported,actual,1.0000,2151.0,dataset_metadata,derived,BDG1@521a6c0f,data/raw/temp_open_utc.csv:PrimClass_Jeremy + meta_open.csv,unknown: repository LICENSE is MIT (software); terms of the original measurement sources are not listed,"GB school Dec2014-Nov2015; sum of observed hours, gaps not filled; unit kWh assumed (not stated by source)"
bdg1:PrimClass_Jeremy,gb.unknown,GB,school,2015-09-01,2015-09-30,9214.6,kWh,reported,actual,0.9986,2151.0,dataset_metadata,derived,BDG1@521a6c0f,data/raw/temp_open_utc.csv:PrimClass_Jeremy + meta_open.csv,unknown: repository LICENSE is MIT (software); terms of the original measurement sources are not listed,"GB school Dec2014-Nov2015; sum of observed hours, gaps not filled; unit kWh assumed (not stated by source)"
bdg1:PrimClass_Jeremy,gb.unknown,GB,school,2015-10-01,2015-10-31,8722.3,kWh,reported,actual,1.0000,2151.0,dataset_metadata,derived,BDG1@521a6c0f,data/raw/temp_open_utc.csv:PrimClass_Jeremy + meta_open.csv,unknown: repository LICENSE is MIT (software); terms of the original measurement sources are not listed,"GB school Dec2014-Nov2015; sum of observed hours, gaps not filled; unit kWh assumed (not stated by source)"
bdg1:PrimClass_Jeremy,gb.unknown,GB,school,2015-11-01,2015-11-30,9971.3462,kWh,reported,actual,0.9236,2151.0,dataset_metadata,derived,BDG1@521a6c0f,data/raw/temp_open_utc.csv:PrimClass_Jeremy + meta_open.csv,unknown: repository LICENSE is MIT (software); terms of the original measurement sources are not listed,"GB school Dec2014-Nov2015; sum of observed hours, gaps not filled; unit kWh assumed (not stated by source)"
bdg1:PrimClass_Josue,gb.unknown,GB,school,2014-12-01,2014-12-31,6957.0598,kWh,reported,actual,0.9167,1584.0,dataset_metadata,derived,BDG1@521a6c0f,data/raw/temp_open_utc.csv:PrimClass_Josue + meta_open.csv,unknown: repository LICENSE is MIT (software); terms of the original measurement sources are not listed,"GB school Dec2014-Nov2015; sum of observed hours, gaps not filled; unit kWh assumed (not stated by source)"
bdg1:PrimClass_Josue,gb.unknown,GB,school,2015-01-01,2015-01-31,6493.8,kWh,reported,actual,0.8790,1584.0,dataset_metadata,derived,BDG1@521a6c0f,data/raw/temp_open_utc.csv:PrimClass_Josue + meta_open.csv,unknown: repository LICENSE is MIT (software); terms of the original measurement sources are not listed,"GB school Dec2014-Nov2015; sum of observed hours, gaps not filled; unit kWh assumed (not stated by source)"
bdg1:PrimClass_Josue,gb.unknown,GB,school,2015-02-01,2015-02-28,5425.1,kWh,reported,actual,0.8943,1584.0,dataset_metadata,derived,BDG1@521a6c0f,data/raw/temp_open_utc.csv:PrimClass_Josue + meta_open.csv,unknown: repository LICENSE is MIT (software); terms of the original measurement sources are not listed,"GB school Dec2014-Nov2015; sum of observed hours, gaps not filled; unit kWh assumed (not stated by source)"
bdg1:PrimClass_Josue,gb.unknown,GB,school,2015-03-01,2015-03-31,7067.3,kWh,reported,actual,0.9085,1584.0,dataset_metadata,derived,BDG1@521a6c0f,data/raw/temp_open_utc.csv:PrimClass_Josue + meta_open.csv,unknown: repository LICENSE is MIT (software); terms of the original measurement sources are not listed,"GB school Dec2014-Nov2015; sum of observed hours, gaps not filled; unit kWh assumed (not stated by source)"
bdg1:PrimClass_Josue,gb.unknown,GB,school,2015-04-01,2015-04-30,5989.4,kWh,reported,actual,0.9986,1584.0,dataset_metadata,derived,BDG1@521a6c0f,data/raw/temp_open_utc.csv:PrimClass_Josue + meta_open.csv,unknown: repository LICENSE is MIT (software); terms of the original measurement sources are not listed,"GB school Dec2014-Nov2015; sum of observed hours, gaps not filled; unit kWh assumed (not stated by source)"
bdg1:PrimClass_Josue,gb.unknown,GB,school,2015-05-01,2015-05-31,6178.0,kWh,reported,actual,0.9691,1584.0,dataset_metadata,derived,BDG1@521a6c0f,data/raw/temp_open_utc.csv:PrimClass_Josue + meta_open.csv,unknown: repository LICENSE is MIT (software); terms of the original measurement sources are not listed,"GB school Dec2014-Nov2015; sum of observed hours, gaps not filled; unit kWh assumed (not stated by source)"
bdg1:PrimClass_Josue,gb.unknown,GB,school,2015-06-01,2015-06-30,4262.2,kWh,reported,actual,0.7028,1584.0,dataset_metadata,derived,BDG1@521a6c0f,data/raw/temp_open_utc.csv:PrimClass_Josue + meta_open.csv,unknown: repository LICENSE is MIT (software); terms of the original measurement sources are not listed,"GB school Dec2014-Nov2015; sum of observed hours, gaps not filled; unit kWh assumed (not stated by source)"
bdg1:PrimClass_Josue,gb.unknown,GB,school,2015-07-01,2015-07-31,4784.7,kWh,reported,actual,1.0000,1584.0,dataset_metadata,derived,BDG1@521a6c0f,data/raw/temp_open_utc.csv:PrimClass_Josue + meta_open.csv,unknown: repository LICENSE is MIT (software); terms of the original measurement sources are not listed,"GB school Dec2014-Nov2015; sum of observed hours, gaps not filled; unit kWh assumed (not stated by source)"
bdg1:PrimClass_Josue,gb.unknown,GB,school,2015-08-01,2015-08-31,2726.1,kWh,reported,actual,1.0000,1584.0,dataset_metadata,derived,BDG1@521a6c0f,data/raw/temp_open_utc.csv:PrimClass_Josue + meta_open.csv,unknown: repository LICENSE is MIT (software); terms of the original measurement sources are not listed,"GB school Dec2014-Nov2015; sum of observed hours, gaps not filled; unit kWh assumed (not stated by source)"
bdg1:PrimClass_Josue,gb.unknown,GB,school,2015-09-01,2015-09-30,6813.9,kWh,reported,actual,1.0000,1584.0,dataset_metadata,derived,BDG1@521a6c0f,data/raw/temp_open_utc.csv:PrimClass_Josue + meta_open.csv,unknown: repository LICENSE is MIT (software); terms of the original measurement sources are not listed,"GB school Dec2014-Nov2015; sum of observed hours, gaps not filled; unit kWh assumed (not stated by source)"
bdg1:PrimClass_Josue,gb.unknown,GB,school,2015-10-01,2015-10-31,6754.7,kWh,reported,actual,1.0000,1584.0,dataset_metadata,derived,BDG1@521a6c0f,data/raw/temp_open_utc.csv:PrimClass_Josue + meta_open.csv,unknown: repository LICENSE is MIT (software); terms of the original measurement sources are not listed,"GB school Dec2014-Nov2015; sum of observed hours, gaps not filled; unit kWh assumed (not stated by source)"
bdg1:PrimClass_Josue,gb.unknown,GB,school,2015-11-01,2015-11-30,7491.7096,kWh,reported,actual,0.9194,1584.0,dataset_metadata,derived,BDG1@521a6c0f,data/raw/temp_open_utc.csv:PrimClass_Josue + meta_open.csv,unknown: repository LICENSE is MIT (software); terms of the original measurement sources are not listed,"GB school Dec2014-Nov2015; sum of observed hours, gaps not filled; unit kWh assumed (not stated by source)"
bdg1:PrimClass_Julio,gb.unknown,GB,school,2014-12-01,2014-12-31,40408.3,kWh,reported,actual,0.9462,8794.0,dataset_metadata,derived,BDG1@521a6c0f,data/raw/temp_open_utc.csv:PrimClass_Julio + meta_open.csv,unknown: repository LICENSE is MIT (software); terms of the original measurement sources are not listed,"GB school Dec2014-Nov2015; sum of observed hours, gaps not filled; unit kWh assumed (not stated by source)"
bdg1:PrimClass_Julio,gb.unknown,GB,school,2015-01-01,2015-01-31,45822.1999,kWh,reported,actual,0.9960,8794.0,dataset_metadata,derived,BDG1@521a6c0f,data/raw/temp_open_utc.csv:PrimClass_Julio + meta_open.csv,unknown: repository LICENSE is MIT (software); terms of the original measurement sources are not listed,"GB school Dec2014-Nov2015; sum of observed hours, gaps not filled; unit kWh assumed (not stated by source)"
bdg1:PrimClass_Julio,gb.unknown,GB,school,2015-02-01,2015-02-28,39330.4,kWh,reported,actual,0.9985,8794.0,dataset_metadata,derived,BDG1@521a6c0f,data/raw/temp_open_utc.csv:PrimClass_Julio + meta_open.csv,unknown: repository LICENSE is MIT (software); terms of the original measurement sources are not listed,"GB school Dec2014-Nov2015; sum of observed hours, gaps not filled; unit kWh assumed (not stated by source)"
bdg1:PrimClass_Julio,gb.unknown,GB,school,2015-03-01,2015-03-31,44051.9999,kWh,reported,actual,0.9973,8794.0,dataset_metadata,derived,BDG1@521a6c0f,data/raw/temp_open_utc.csv:PrimClass_Julio + meta_open.csv,unknown: repository LICENSE is MIT (software); terms of the original measurement sources are not listed,"GB school Dec2014-Nov2015; sum of observed hours, gaps not filled; unit kWh assumed (not stated by source)"
bdg1:PrimClass_Julio,gb.unknown,GB,school,2015-04-01,2015-04-30,30639.0014,kWh,reported,actual,0.9667,8794.0,dataset_metadata,derived,BDG1@521a6c0f,data/raw/temp_open_utc.csv:PrimClass_Julio + meta_open.csv,unknown: repository LICENSE is MIT (software); terms of the original measurement sources are not listed,"GB school Dec2014-Nov2015; sum of observed hours, gaps not filled; unit kWh assumed (not stated by source)"
bdg1:PrimClass_Julio,gb.unknown,GB,school,2015-05-01,2015-05-31,5562.0213,kWh,reported,actual,0.2903,8794.0,dataset_metadata,derived,BDG1@521a6c0f,data/raw/temp_open_utc.csv:PrimClass_Julio + meta_open.csv,unknown: repository LICENSE is MIT (software); terms of the original measurement sources are not listed,"GB school Dec2014-Nov2015; sum of observed hours, gaps not filled; unit kWh assumed (not stated by source)"
bdg1:PrimClass_Julio,gb.unknown,GB,school,2015-06-01,2015-06-30,35875.7,kWh,reported,actual,1.0000,8794.0,dataset_metadata,derived,BDG1@521a6c0f,data/raw/temp_open_utc.csv:PrimClass_Julio + meta_open.csv,unknown: repository LICENSE is MIT (software); terms of the original measurement sources are not listed,"GB school Dec2014-Nov2015; sum of observed hours, gaps not filled; unit kWh assumed (not stated by source)"
bdg1:PrimClass_Julio,gb.unknown,GB,school,2015-07-01,2015-07-31,28558.2,kWh,reported,actual,1.0000,8794.0,dataset_metadata,derived,BDG1@521a6c0f,data/raw/temp_open_utc.csv:PrimClass_Julio + meta_open.csv,unknown: repository LICENSE is MIT (software); terms of the original measurement sources are not listed,"GB school Dec2014-Nov2015; sum of observed hours, gaps not filled; unit kWh assumed (not stated by source)"
bdg1:PrimClass_Julio,gb.unknown,GB,school,2015-08-01,2015-08-31,19260.7,kWh,reported,actual,1.0000,8794.0,dataset_metadata,derived,BDG1@521a6c0f,data/raw/temp_open_utc.csv:PrimClass_Julio + meta_open.csv,unknown: repository LICENSE is MIT (software); terms of the original measurement sources are not listed,"GB school Dec2014-Nov2015; sum of observed hours, gaps not filled; unit kWh assumed (not stated by source)"
bdg1:PrimClass_Julio,gb.unknown,GB,school,2015-09-01,2015-09-30,35117.5,kWh,reported,actual,1.0000,8794.0,dataset_metadata,derived,BDG1@521a6c0f,data/raw/temp_open_utc.csv:PrimClass_Julio + meta_open.csv,unknown: repository LICENSE is MIT (software); terms of the original measurement sources are not listed,"GB school Dec2014-Nov2015; sum of observed hours, gaps not filled; unit kWh assumed (not stated by source)"
bdg1:PrimClass_Julio,gb.unknown,GB,school,2015-10-01,2015-10-31,35614.4,kWh,reported,actual,1.0000,8794.0,dataset_metadata,derived,BDG1@521a6c0f,data/raw/temp_open_utc.csv:PrimClass_Julio + meta_open.csv,unknown: repository LICENSE is MIT (software); terms of the original measurement sources are not listed,"GB school Dec2014-Nov2015; sum of observed hours, gaps not filled; unit kWh assumed (not stated by source)"
bdg1:PrimClass_Julio,gb.unknown,GB,school,2015-11-01,2015-11-30,39719.493,kWh,reported,actual,0.9222,8794.0,dataset_metadata,derived,BDG1@521a6c0f,data/raw/temp_open_utc.csv:PrimClass_Julio + meta_open.csv,unknown: repository LICENSE is MIT (software); terms of the original measurement sources are not listed,"GB school Dec2014-Nov2015; sum of observed hours, gaps not filled; unit kWh assumed (not stated by source)"
bdg1:PrimClass_Jacquelyn,gb.unknown,GB,school,2014-12-01,2014-12-31,6528.4082,kWh,reported,actual,0.9664,1597.0,dataset_metadata,derived,BDG1@521a6c0f,data/raw/temp_open_utc.csv:PrimClass_Jacquelyn + meta_open.csv,unknown: repository LICENSE is MIT (software); terms of the original measurement sources are not listed,"GB school Dec2014-Nov2015; sum of observed hours, gaps not filled; unit kWh assumed (not stated by source)"
bdg1:PrimClass_Jacquelyn,gb.unknown,GB,school,2015-01-01,2015-01-31,7762.2,kWh,reported,actual,0.9758,1597.0,dataset_metadata,derived,BDG1@521a6c0f,data/raw/temp_open_utc.csv:PrimClass_Jacquelyn + meta_open.csv,unknown: repository LICENSE is MIT (software); terms of the original measurement sources are not listed,"GB school Dec2014-Nov2015; sum of observed hours, gaps not filled; unit kWh assumed (not stated by source)"
bdg1:PrimClass_Jacquelyn,gb.unknown,GB,school,2015-02-01,2015-02-28,6367.1,kWh,reported,actual,0.9702,1597.0,dataset_metadata,derived,BDG1@521a6c0f,data/raw/temp_open_utc.csv:PrimClass_Jacquelyn + meta_open.csv,unknown: repository LICENSE is MIT (software); terms of the original measurement sources are not listed,"GB school Dec2014-Nov2015; sum of observed hours, gaps not filled; unit kWh assumed (not stated by source)"
bdg1:PrimClass_Jacquelyn,gb.unknown,GB,school,2015-03-01,2015-03-31,7535.4,kWh,reported,actual,0.9515,1597.0,dataset_metadata,derived,BDG1@521a6c0f,data/raw/temp_open_utc.csv:PrimClass_Jacquelyn + meta_open.csv,unknown: repository LICENSE is MIT (software); terms of the original measurement sources are not listed,"GB school Dec2014-Nov2015; sum of observed hours, gaps not filled; unit kWh assumed (not stated by source)"
bdg1:PrimClass_Jacquelyn,gb.unknown,GB,school,2015-04-01,2015-04-30,6091.8,kWh,reported,actual,1.0000,1597.0,dataset_metadata,derived,BDG1@521a6c0f,data/raw/temp_open_utc.csv:PrimClass_Jacquelyn + meta_open.csv,unknown: repository LICENSE is MIT (software); terms of the original measurement sources are not listed,"GB school Dec2014-Nov2015; sum of observed hours, gaps not filled; unit kWh assumed (not stated by source)"
bdg1:PrimClass_Jacquelyn,gb.unknown,GB,school,2015-05-01,2015-05-31,6182.9,kWh,reported,actual,1.0000,1597.0,dataset_metadata,derived,BDG1@521a6c0f,data/raw/temp_open_utc.csv:PrimClass_Jacquelyn + meta_open.csv,unknown: repository LICENSE is MIT (software); terms of the original measurement sources are not listed,"GB school Dec2014-Nov2015; sum of observed hours, gaps not filled; unit kWh assumed (not stated by source)"
bdg1:PrimClass_Jacquelyn,gb.unknown,GB,school,2015-06-01,2015-06-30,4918.6,kWh,reported,actual,0.7028,1597.0,dataset_metadata,derived,BDG1@521a6c0f,data/raw/temp_open_utc.csv:PrimClass_Jacquelyn + meta_open.csv,unknown: repository LICENSE is MIT (software); terms of the original measurement sources are not listed,"GB school Dec2014-Nov2015; sum of observed hours, gaps not filled; unit kWh assumed (not stated by source)"
bdg1:PrimClass_Jacquelyn,gb.unknown,GB,school,2015-07-01,2015-07-31,4940.0,kWh,reported,actual,1.0000,1597.0,dataset_metadata,derived,BDG1@521a6c0f,data/raw/temp_open_utc.csv:PrimClass_Jacquelyn + meta_open.csv,unknown: repository LICENSE is MIT (software); terms of the original measurement sources are not listed,"GB school Dec2014-Nov2015; sum of observed hours, gaps not filled; unit kWh assumed (not stated by source)"
bdg1:PrimClass_Jacquelyn,gb.unknown,GB,school,2015-08-01,2015-08-31,2729.0,kWh,reported,actual,1.0000,1597.0,dataset_metadata,derived,BDG1@521a6c0f,data/raw/temp_open_utc.csv:PrimClass_Jacquelyn + meta_open.csv,unknown: repository LICENSE is MIT (software); terms of the original measurement sources are not listed,"GB school Dec2014-Nov2015; sum of observed hours, gaps not filled; unit kWh assumed (not stated by source)"
bdg1:PrimClass_Jacquelyn,gb.unknown,GB,school,2015-09-01,2015-09-30,7351.5,kWh,reported,actual,1.0000,1597.0,dataset_metadata,derived,BDG1@521a6c0f,data/raw/temp_open_utc.csv:PrimClass_Jacquelyn + meta_open.csv,unknown: repository LICENSE is MIT (software); terms of the original measurement sources are not listed,"GB school Dec2014-Nov2015; sum of observed hours, gaps not filled; unit kWh assumed (not stated by source)"
bdg1:PrimClass_Jacquelyn,gb.unknown,GB,school,2015-10-01,2015-10-31,6556.2,kWh,reported,actual,1.0000,1597.0,dataset_metadata,derived,BDG1@521a6c0f,data/raw/temp_open_utc.csv:PrimClass_Jacquelyn + meta_open.csv,unknown: repository LICENSE is MIT (software); terms of the original measurement sources are not listed,"GB school Dec2014-Nov2015; sum of observed hours, gaps not filled; unit kWh assumed (not stated by source)"
bdg1:PrimClass_Jacquelyn,gb.unknown,GB,school,2015-11-01,2015-11-30,7232.0083,kWh,reported,actual,0.9319,1597.0,dataset_metadata,derived,BDG1@521a6c0f,data/raw/temp_open_utc.csv:PrimClass_Jacquelyn + meta_open.csv,unknown: repository LICENSE is MIT (software); terms of the original measurement sources are not listed,"GB school Dec2014-Nov2015; sum of observed hours, gaps not filled; unit kWh assumed (not stated by source)"
bdg1:PrimClass_Juanita,gb.unknown,GB,school,2014-12-01,2014-12-31,9357.4619,kWh,reported,actual,0.9677,2844.0,dataset_metadata,derived,BDG1@521a6c0f,data/raw/temp_open_utc.csv:PrimClass_Juanita + meta_open.csv,unknown: repository LICENSE is MIT (software); terms of the original measurement sources are not listed,"GB school Dec2014-Nov2015; sum of observed hours, gaps not filled; unit kWh assumed (not stated by source)"
bdg1:PrimClass_Juanita,gb.unknown,GB,school,2015-01-01,2015-01-31,15511.8,kWh,reported,actual,1.0000,2844.0,dataset_metadata,derived,BDG1@521a6c0f,data/raw/temp_open_utc.csv:PrimClass_Juanita + meta_open.csv,unknown: repository LICENSE is MIT (software); terms of the original measurement sources are not listed,"GB school Dec2014-Nov2015; sum of observed hours, gaps not filled; unit kWh assumed (not stated by source)"
bdg1:PrimClass_Juanita,gb.unknown,GB,school,2015-02-01,2015-02-28,14092.8,kWh,reported,actual,1.0000,2844.0,dataset_metadata,derived,BDG1@521a6c0f,data/raw/temp_open_utc.csv:PrimClass_Juanita + meta_open.csv,unknown: repository LICENSE is MIT (software); terms of the original measurement sources are not listed,"GB school Dec2014-Nov2015; sum of observed hours, gaps not filled; unit kWh assumed (not stated by source)"
bdg1:PrimClass_Juanita,gb.unknown,GB,school,2015-03-01,2015-03-31,12855.1,kWh,reported,actual,0.9704,2844.0,dataset_metadata,derived,BDG1@521a6c0f,data/raw/temp_open_utc.csv:PrimClass_Juanita + meta_open.csv,unknown: repository LICENSE is MIT (software); terms of the original measurement sources are not listed,"GB school Dec2014-Nov2015; sum of observed hours, gaps not filled; unit kWh assumed (not stated by source)"
bdg1:PrimClass_Juanita,gb.unknown,GB,school,2015-04-01,2015-04-30,11596.8,kWh,reported,actual,1.0000,2844.0,dataset_metadata,derived,BDG1@521a6c0f,data/raw/temp_open_utc.csv:PrimClass_Juanita + meta_open.csv,unknown: repository LICENSE is MIT (software); terms of the original measurement sources are not listed,"GB school Dec2014-Nov2015; sum of observed hours, gaps not filled; unit kWh assumed (not stated by source)"
bdg1:PrimClass_Juanita,gb.unknown,GB,school,2015-05-01,2015-05-31,11328.6,kWh,reported,actual,0.9946,2844.0,dataset_metadata,derived,BDG1@521a6c0f,data/raw/temp_open_utc.csv:PrimClass_Juanita + meta_open.csv,unknown: repository LICENSE is MIT (software); terms of the original measurement sources are not listed,"GB school Dec2014-Nov2015; sum of observed hours, gaps not filled; unit kWh assumed (not stated by source)"
bdg1:PrimClass_Juanita,gb.unknown,GB,school,2015-06-01,2015-06-30,7927.6,kWh,reported,actual,0.7028,2844.0,dataset_metadata,derived,BDG1@521a6c0f,data/raw/temp_open_utc.csv:PrimClass_Juanita + meta_open.csv,unknown: repository LICENSE is MIT (software); terms of the original measurement sources are not listed,"GB school Dec2014-Nov2015; sum of observed hours, gaps not filled; unit kWh assumed (not stated by source)"
bdg1:PrimClass_Juanita,gb.unknown,GB,school,2015-07-01,2015-07-31,8937.4,kWh,reported,actual,1.0000,2844.0,dataset_metadata,derived,BDG1@521a6c0f,data/raw/temp_open_utc.csv:PrimClass_Juanita + meta_open.csv,unknown: repository LICENSE is MIT (software); terms of the original measurement sources are not listed,"GB school Dec2014-Nov2015; sum of observed hours, gaps not filled; unit kWh assumed (not stated by source)"
bdg1:PrimClass_Juanita,gb.unknown,GB,school,2015-08-01,2015-08-31,7270.4,kWh,reported,actual,1.0000,2844.0,dataset_metadata,derived,BDG1@521a6c0f,data/raw/temp_open_utc.csv:PrimClass_Juanita + meta_open.csv,unknown: repository LICENSE is MIT (software); terms of the original measurement sources are not listed,"GB school Dec2014-Nov2015; sum of observed hours, gaps not filled; unit kWh assumed (not stated by source)"
bdg1:PrimClass_Juanita,gb.unknown,GB,school,2015-09-01,2015-09-30,10377.5,kWh,reported,actual,1.0000,2844.0,dataset_metadata,derived,BDG1@521a6c0f,data/raw/temp_open_utc.csv:PrimClass_Juanita + meta_open.csv,unknown: repository LICENSE is MIT (software); terms of the original measurement sources are not listed,"GB school Dec2014-Nov2015; sum of observed hours, gaps not filled; unit kWh assumed (not stated by source)"
bdg1:PrimClass_Juanita,gb.unknown,GB,school,2015-10-01,2015-10-31,11470.3,kWh,reported,actual,1.0000,2844.0,dataset_metadata,derived,BDG1@521a6c0f,data/raw/temp_open_utc.csv:PrimClass_Juanita + meta_open.csv,unknown: repository LICENSE is MIT (software); terms of the original measurement sources are not listed,"GB school Dec2014-Nov2015; sum of observed hours, gaps not filled; unit kWh assumed (not stated by source)"
bdg1:PrimClass_Juanita,gb.unknown,GB,school,2015-11-01,2015-11-30,12235.0773,kWh,reported,actual,0.9333,2844.0,dataset_metadata,derived,BDG1@521a6c0f,data/raw/temp_open_utc.csv:PrimClass_Juanita + meta_open.csv,unknown: repository LICENSE is MIT (software); terms of the original measurement sources are not listed,"GB school Dec2014-Nov2015; sum of observed hours, gaps not filled; unit kWh assumed (not stated by source)"
bdg1:PrimClass_Joel,gb.unknown,GB,school,2014-12-01,2014-12-31,5535.0608,kWh,reported,actual,0.9637,1295.0,dataset_metadata,derived,BDG1@521a6c0f,data/raw/temp_open_utc.csv:PrimClass_Joel + meta_open.csv,unknown: repository LICENSE is MIT (software); terms of the original measurement sources are not listed,"GB school Dec2014-Nov2015; sum of observed hours, gaps not filled; unit kWh assumed (not stated by source)"
bdg1:PrimClass_Joel,gb.unknown,GB,school,2015-01-01,2015-01-31,6717.9,kWh,reported,actual,0.9892,1295.0,dataset_metadata,derived,BDG1@521a6c0f,data/raw/temp_open_utc.csv:PrimClass_Joel + meta_open.csv,unknown: repository LICENSE is MIT (software); terms of the original measurement sources are not listed,"GB school Dec2014-Nov2015; sum of observed hours, gaps not filled; unit kWh assumed (not stated by source)"
bdg1:PrimClass_Joel,gb.unknown,GB,school,2015-02-01,2015-02-28,5349.2,kWh,reported,actual,0.9777,1295.0,dataset_metadata,derived,BDG1@521a6c0f,data/raw/temp_open_utc.csv:PrimClass_Joel + meta_open.csv,unknown: repository LICENSE is MIT (software); terms of the original measurement sources are not listed,"GB school Dec2014-Nov2015; sum of observed hours, gaps not filled; unit kWh assumed (not stated by source)"
bdg1:PrimClass_Joel,gb.unknown,GB,school,2015-03-01,2015-03-31,6160.7,kWh,reported,actual,0.9556,1295.0,dataset_metadata,derived,BDG1@521a6c0f,data/raw/temp_open_utc.csv:PrimClass_Joel + meta_open.csv,unknown: repository LICENSE is MIT (software); terms of the original measurement sources are not listed,"GB school Dec2014-Nov2015; sum of observed hours, gaps not filled; unit kWh assumed (not stated by source)"
bdg1:PrimClass_Joel,gb.unknown,GB,school,2015-04-01,2015-04-30,4884.6,kWh,reported,actual,0.9986,1295.0,dataset_metadata,derived,BDG1@521a6c0f,data/raw/temp_open_utc.csv:PrimClass_Joel + meta_open.csv,unknown: repository LICENSE is MIT (software); terms of the original measurement sources are not listed,"GB school Dec2014-Nov2015; sum of observed hours, gaps not filled; unit kWh assumed (not stated by source)"
bdg1:PrimClass_Joel,gb.unknown,GB,school,2015-05-01,2015-05-31,4897.9,kWh,reported,actual,1.0000,1295.0,dataset_metadata,derived,BDG1@521a6c0f,data/raw/temp_open_utc.csv:PrimClass_Joel + meta_open.csv,unknown: repository LICENSE is MIT (software); terms of the original measurement sources are not listed,"GB school Dec2014-Nov2015; sum of observed hours, gaps not filled; unit kWh assumed (not stated by source)"
bdg1:PrimClass_Joel,gb.unknown,GB,school,2015-06-01,2015-06-30,4254.1,kWh,reported,actual,0.7028,1295.0,dataset_metadata,derived,BDG1@521a6c0f,data/raw/temp_open_utc.csv:PrimClass_Joel + meta_open.csv,unknown: repository LICENSE is MIT (software); terms of the original measurement sources are not listed,"GB school Dec2014-Nov2015; sum of observed hours, gaps not filled; unit kWh assumed (not stated by source)"
bdg1:PrimClass_Joel,gb.unknown,GB,school,2015-07-01,2015-07-31,4955.4,kWh,reported,actual,1.0000,1295.0,dataset_metadata,derived,BDG1@521a6c0f,data/raw/temp_open_utc.csv:PrimClass_Joel + meta_open.csv,unknown: repository LICENSE is MIT (software); terms of the original measurement sources are not listed,"GB school Dec2014-Nov2015; sum of observed hours, gaps not filled; unit kWh assumed (not stated by source)"
bdg1:PrimClass_Joel,gb.unknown,GB,school,2015-08-01,2015-08-31,2107.2,kWh,reported,actual,1.0000,1295.0,dataset_metadata,derived,BDG1@521a6c0f,data/raw/temp_open_utc.csv:PrimClass_Joel + meta_open.csv,unknown: repository LICENSE is MIT (software); terms of the original measurement sources are not listed,"GB school Dec2014-Nov2015; sum of observed hours, gaps not filled; unit kWh assumed (not stated by source)"
bdg1:PrimClass_Joel,gb.unknown,GB,school,2015-09-01,2015-09-30,5873.1,kWh,reported,actual,1.0000,1295.0,dataset_metadata,derived,BDG1@521a6c0f,data/raw/temp_open_utc.csv:PrimClass_Joel + meta_open.csv,unknown: repository LICENSE is MIT (software); terms of the original measurement sources are not listed,"GB school Dec2014-Nov2015; sum of observed hours, gaps not filled; unit kWh assumed (not stated by source)"
bdg1:PrimClass_Joel,gb.unknown,GB,school,2015-10-01,2015-10-31,5079.2,kWh,reported,actual,0.9987,1295.0,dataset_metadata,derived,BDG1@521a6c0f,data/raw/temp_open_utc.csv:PrimClass_Joel + meta_open.csv,unknown: repository LICENSE is MIT (software); terms of the original measurement sources are not listed,"GB school Dec2014-Nov2015; sum of observed hours, gaps not filled; unit kWh assumed (not stated by source)"
bdg1:PrimClass_Joel,gb.unknown,GB,school,2015-11-01,2015-11-30,5836.0421,kWh,reported,actual,0.9264,1295.0,dataset_metadata,derived,BDG1@521a6c0f,data/raw/temp_open_utc.csv:PrimClass_Joel + meta_open.csv,unknown: repository LICENSE is MIT (software); terms of the original measurement sources are not listed,"GB school Dec2014-Nov2015; sum of observed hours, gaps not filled; unit kWh assumed (not stated by source)"
bdg1:PrimClass_Joey,gb.unknown,GB,school,2014-12-01,2014-12-31,67217.4865,kWh,reported,actual,0.9664,14475.0,dataset_metadata,derived,BDG1@521a6c0f,data/raw/temp_open_utc.csv:PrimClass_Joey + meta_open.csv,unknown: repository LICENSE is MIT (software); terms of the original measurement sources are not listed,"GB school Dec2014-Nov2015; sum of observed hours, gaps not filled; unit kWh assumed (not stated by source)"
bdg1:PrimClass_Joey,gb.unknown,GB,school,2015-01-01,2015-01-31,78332.9,kWh,reported,actual,1.0000,14475.0,dataset_metadata,derived,BDG1@521a6c0f,data/raw/temp_open_utc.csv:PrimClass_Joey + meta_open.csv,unknown: repository LICENSE is MIT (software); terms of the original measurement sources are not listed,"GB school Dec2014-Nov2015; sum of observed hours, gaps not filled; unit kWh assumed (not stated by source)"
bdg1:PrimClass_Joey,gb.unknown,GB,school,2015-02-01,2015-02-28,67432.6,kWh,reported,actual,1.0000,14475.0,dataset_metadata,derived,BDG1@521a6c0f,data/raw/temp_open_utc.csv:PrimClass_Joey + meta_open.csv,unknown: repository LICENSE is MIT (software); terms of the original measurement sources are not listed,"GB school Dec2014-Nov2015; sum of observed hours, gaps not filled; unit kWh assumed (not stated by source)"
bdg1:PrimClass_Joey,gb.unknown,GB,school,2015-03-01,2015-03-31,68901.0,kWh,reported,actual,0.9987,14475.0,dataset_metadata,derived,BDG1@521a6c0f,data/raw/temp_open_utc.csv:PrimClass_Joey + meta_open.csv,unknown: repository LICENSE is MIT (software); terms of the original measurement sources are not listed,"GB school Dec2014-Nov2015; sum of observed hours, gaps not filled; unit kWh assumed (not stated by source)"
bdg1:PrimClass_Joey,gb.unknown,GB,school,2015-04-01,2015-04-30,48837.2232,kWh,reported,actual,0.9667,14475.0,dataset_metadata,derived,BDG1@521a6c0f,data/raw/temp_open_utc.csv:PrimClass_Joey + meta_open.csv,unknown: repository LICENSE is MIT (software); terms of the original measurement sources are not listed,"GB school Dec2014-Nov2015; sum of observed hours, gaps not filled; unit kWh assumed (not stated by source)"
bdg1:PrimClass_Joey,gb.unknown,GB,school,2015-05-01,2015-05-31,10886.3435,kWh,reported,actual,0.2903,14475.0,dataset_metadata,derived,BDG1@521a6c0f,data/raw/temp_open_utc.csv:PrimClass_Joey + meta_open.csv,unknown: repository LICENSE is MIT (software); terms of the original measurement sources are not listed,"GB school Dec2014-Nov2015; sum of observed hours, gaps not filled; unit kWh assumed (not stated by source)"
bdg1:PrimClass_Joey,gb.unknown,GB,school,2015-06-01,2015-06-30,59440.7,kWh,reported,actual,1.0000,14475.0,dataset_metadata,derived,BDG1@521a6c0f,data/raw/temp_open_utc.csv:PrimClass_Joey + meta_open.csv,unknown: repository LICENSE is MIT (software); terms of the original measurement sources are not listed,"GB school Dec2014-Nov2015; sum of observed hours, gaps not filled; unit kWh assumed (not stated by source)"
bdg1:PrimClass_Joey,gb.unknown,GB,school,2015-07-01,2015-07-31,51444.0,kWh,reported,actual,1.0000,14475.0,dataset_metadata,derived,BDG1@521a6c0f,data/raw/temp_open_utc.csv:PrimClass_Joey + meta_open.csv,unknown: repository LICENSE is MIT (software); terms of the original measurement sources are not listed,"GB school Dec2014-Nov2015; sum of observed hours, gaps not filled; unit kWh assumed (not stated by source)"
bdg1:PrimClass_Joey,gb.unknown,GB,school,2015-08-01,2015-08-31,40796.6,kWh,reported,actual,1.0000,14475.0,dataset_metadata,derived,BDG1@521a6c0f,data/raw/temp_open_utc.csv:PrimClass_Joey + meta_open.csv,unknown: repository LICENSE is MIT (software); terms of the original measurement sources are not listed,"GB school Dec2014-Nov2015; sum of observed hours, gaps not filled; unit kWh assumed (not stated by source)"
bdg1:PrimClass_Joey,gb.unknown,GB,school,2015-09-01,2015-09-30,74044.0,kWh,reported,actual,1.0000,14475.0,dataset_metadata,derived,BDG1@521a6c0f,data/raw/temp_open_utc.csv:PrimClass_Joey + meta_open.csv,unknown: repository LICENSE is MIT (software); terms of the original measurement sources are not listed,"GB school Dec2014-Nov2015; sum of observed hours, gaps not filled; unit kWh assumed (not stated by source)"
bdg1:PrimClass_Joey,gb.unknown,GB,school,2015-10-01,2015-10-31,75303.0999,kWh,reported,actual,1.0000,14475.0,dataset_metadata,derived,BDG1@521a6c0f,data/raw/temp_open_utc.csv:PrimClass_Joey + meta_open.csv,unknown: repository LICENSE is MIT (software); terms of the original measurement sources are not listed,"GB school Dec2014-Nov2015; sum of observed hours, gaps not filled; unit kWh assumed (not stated by source)"
bdg1:PrimClass_Joey,gb.unknown,GB,school,2015-11-01,2015-11-30,76895.0545,kWh,reported,actual,0.9333,14475.0,dataset_metadata,derived,BDG1@521a6c0f,data/raw/temp_open_utc.csv:PrimClass_Joey + meta_open.csv,unknown: repository LICENSE is MIT (software); terms of the original measurement sources are not listed,"GB school Dec2014-Nov2015; sum of observed hours, gaps not filled; unit kWh assumed (not stated by source)"
bdg1:PrimClass_Joanna,gb.unknown,GB,school,2014-12-01,2014-12-31,48862.7,kWh,reported,actual,0.9960,9516.0,dataset_metadata,derived,BDG1@521a6c0f,data/raw/temp_open_utc.csv:PrimClass_Joanna + meta_open.csv,unknown: repository LICENSE is MIT (software); terms of the original measurement sources are not listed,"GB school Dec2014-Nov2015; sum of observed hours, gaps not filled; unit kWh assumed (not stated by source)"
bdg1:PrimClass_Joanna,gb.unknown,GB,school,2015-01-01,2015-01-31,58361.9,kWh,reported,actual,0.9852,9516.0,dataset_metadata,derived,BDG1@521a6c0f,data/raw/temp_open_utc.csv:PrimClass_Joanna + meta_open.csv,unknown: repository LICENSE is MIT (software); terms of the original measurement sources are not listed,"GB school Dec2014-Nov2015; sum of observed hours, gaps not filled; unit kWh assumed (not stated by source)"
bdg1:PrimClass_Joanna,gb.unknown,GB,school,2015-02-01,2015-02-28,50349.4,kWh,reported,actual,0.9732,9516.0,dataset_metadata,derived,BDG1@521a6c0f,data/raw/temp_open_utc.csv:PrimClass_Joanna + meta_open.csv,unknown: repository LICENSE is MIT (software); terms of the original measurement sources are not listed,"GB school Dec2014-Nov2015; sum of observed hours, gaps not filled; unit kWh assumed (not stated by source)"
bdg1:PrimClass_Joanna,gb.unknown,GB,school,2015-03-01,2015-03-31,55385.4,kWh,reported,actual,0.9973,9516.0,dataset_metadata,derived,BDG1@521a6c0f,data/raw/temp_open_utc.csv:PrimClass_Joanna + meta_open.csv,unknown: repository LICENSE is MIT (software); terms of the original measurement sources are not listed,"GB school Dec2014-Nov2015; sum of observed hours, gaps not filled; unit kWh assumed (not stated by source)"
bdg1:PrimClass_Joanna,gb.unknown,GB,school,2015-04-01,2015-04-30,35453.8602,kWh,reported,actual,0.9667,9516.0,dataset_metadata,derived,BDG1@521a6c0f,data/raw/temp_open_utc.csv:PrimClass_Joanna + meta_open.csv,unknown: repository LICENSE is MIT (software); terms of the original measurement sources are not listed,"GB school Dec2014-Nov2015; sum of observed hours, gaps not filled; unit kWh assumed (not stated by source)"
bdg1:PrimClass_Joanna,gb.unknown,GB,school,2015-05-01,2015-05-31,6775.4366,kWh,reported,actual,0.2903,9516.0,dataset_metadata,derived,BDG1@521a6c0f,data/raw/temp_open_utc.csv:PrimClass_Joanna + meta_open.csv,unknown: repository LICENSE is MIT (software); terms of the original measurement sources are not listed,"GB school Dec2014-Nov2015; sum of observed hours, gaps not filled; unit kWh assumed (not stated by source)"
bdg1:PrimClass_Joanna,gb.unknown,GB,school,2015-06-01,2015-06-30,37720.4999,kWh,reported,actual,1.0000,9516.0,dataset_metadata,derived,BDG1@521a6c0f,data/raw/temp_open_utc.csv:PrimClass_Joanna + meta_open.csv,unknown: repository LICENSE is MIT (software); terms of the original measurement sources are not listed,"GB school Dec2014-Nov2015; sum of observed hours, gaps not filled; unit kWh assumed (not stated by source)"
bdg1:PrimClass_Joanna,gb.unknown,GB,school,2015-07-01,2015-07-31,31027.2,kWh,reported,actual,1.0000,9516.0,dataset_metadata,derived,BDG1@521a6c0f,data/raw/temp_open_utc.csv:PrimClass_Joanna + meta_open.csv,unknown: repository LICENSE is MIT (software); terms of the original measurement sources are not listed,"GB school Dec2014-Nov2015; sum of observed hours, gaps not filled; unit kWh assumed (not stated by source)"
bdg1:PrimClass_Joanna,gb.unknown,GB,school,2015-08-01,2015-08-31,27013.7,kWh,reported,actual,1.0000,9516.0,dataset_metadata,derived,BDG1@521a6c0f,data/raw/temp_open_utc.csv:PrimClass_Joanna + meta_open.csv,unknown: repository LICENSE is MIT (software); terms of the original measurement sources are not listed,"GB school Dec2014-Nov2015; sum of observed hours, gaps not filled; unit kWh assumed (not stated by source)"
bdg1:PrimClass_Joanna,gb.unknown,GB,school,2015-09-01,2015-09-30,39850.2,kWh,reported,actual,1.0000,9516.0,dataset_metadata,derived,BDG1@521a6c0f,data/raw/temp_open_utc.csv:PrimClass_Joanna + meta_open.csv,unknown: repository LICENSE is MIT (software); terms of the original measurement sources are not listed,"GB school Dec2014-Nov2015; sum of observed hours, gaps not filled; unit kWh assumed (not stated by source)"
bdg1:PrimClass_Joanna,gb.unknown,GB,school,2015-10-01,2015-10-31,42403.7,kWh,reported,actual,1.0000,9516.0,dataset_metadata,derived,BDG1@521a6c0f,data/raw/temp_open_utc.csv:PrimClass_Joanna + meta_open.csv,unknown: repository LICENSE is MIT (software); terms of the original measurement sources are not listed,"GB school Dec2014-Nov2015; sum of observed hours, gaps not filled; unit kWh assumed (not stated by source)"
bdg1:PrimClass_Joanna,gb.unknown,GB,school,2015-11-01,2015-11-30,46354.4689,kWh,reported,actual,0.9292,9516.0,dataset_metadata,derived,BDG1@521a6c0f,data/raw/temp_open_utc.csv:PrimClass_Joanna + meta_open.csv,unknown: repository LICENSE is MIT (software); terms of the original measurement sources are not listed,"GB school Dec2014-Nov2015; sum of observed hours, gaps not filled; unit kWh assumed (not stated by source)"
bdg1:PrimClass_Jediah,gb.unknown,GB,school,2014-12-01,2014-12-31,25171.9096,kWh,reported,actual,0.9677,6382.0,dataset_metadata,derived,BDG1@521a6c0f,data/raw/temp_open_utc.csv:PrimClass_Jediah + meta_open.csv,unknown: repository LICENSE is MIT (software); terms of the original measurement sources are not listed,"GB school Dec2014-Nov2015; sum of observed hours, gaps not filled; unit kWh assumed (not stated by source)"
bdg1:PrimClass_Jediah,gb.unknown,GB,school,2015-01-01,2015-01-31,32497.379,kWh,reported,actual,1.0000,6382.0,dataset_metadata,derived,BDG1@521a6c0f,data/raw/temp_open_utc.csv:PrimClass_Jediah + meta_open.csv,unknown: repository LICENSE is MIT (software); terms of the original measurement sources are not listed,"GB school Dec2014-Nov2015; sum of observed hours, gaps not filled; unit kWh assumed (not stated by source)"
bdg1:PrimClass_Jediah,gb.unknown,GB,school,2015-02-01,2015-02-28,28102.996,kWh,reported,actual,0.9985,6382.0,dataset_metadata,derived,BDG1@521a6c0f,data/raw/temp_open_utc.csv:PrimClass_Jediah + meta_open.csv,unknown: repository LICENSE is MIT (software); terms of the original measurement sources are not listed,"GB school Dec2014-Nov2015; sum of observed hours, gaps not filled; unit kWh assumed (not stated by source)"
bdg1:PrimClass_Jediah,gb.unknown,GB,school,2015-03-01,2015-03-31,31721.652,kWh,reported,actual,0.9704,6382.0,dataset_metadata,derived,BDG1@521a6c0f,data/raw/temp_open_utc.csv:PrimClass_Jediah + meta_open.csv,unknown: repository LICENSE is MIT (software); terms of the original measurement sources are not listed,"GB school Dec2014-Nov2015; sum of observed hours, gaps not filled; unit kWh assumed (not stated by source)"
bdg1:PrimClass_Jediah,gb.unknown,GB,school,2015-04-01,2015-04-30,25974.5,kWh,reported,actual,1.0000,6382.0,dataset_metadata,derived,BDG1@521a6c0f,data/raw/temp_open_utc.csv:PrimClass_Jediah + meta_open.csv,unknown: repository LICENSE is MIT (software); terms of the original measurement sources are not listed,"GB school Dec2014-Nov2015; sum of observed hours, gaps not filled; unit kWh assumed (not stated by source)"
bdg1:PrimClass_Jediah,gb.unknown,GB,school,2015-05-01,2015-05-31,27473.597,kWh,reported,actual,1.0000,6382.0,dataset_metadata,derived,BDG1@521a6c0f,data/raw/temp_open_utc.csv:PrimClass_Jediah + meta_open.csv,unknown: repository LICENSE is MIT (software); terms of the original measurement sources are not listed,"GB school Dec2014-Nov2015; sum of observed hours, gaps not filled; unit kWh assumed (not stated by source)"
bdg1:PrimClass_Jediah,gb.unknown,GB,school,2015-06-01,2015-06-30,22824.849,kWh,reported,actual,0.7083,6382.0,dataset_metadata,derived,BDG1@521a6c0f,data/raw/temp_open_utc.csv:PrimClass_Jediah + meta_open.csv,unknown: repository LICENSE is MIT (software); terms of the original measurement sources are not listed,"GB school Dec2014-Nov2015; sum of observed hours, gaps not filled; unit kWh assumed (not stated by source)"
bdg1:PrimClass_Jediah,gb.unknown,GB,school,2015-07-01,2015-07-31,25402.9,kWh,reported,actual,1.0000,6382.0,dataset_metadata,derived,BDG1@521a6c0f,data/raw/temp_open_utc.csv:PrimClass_Jediah + meta_open.csv,unknown: repository LICENSE is MIT (software); terms of the original measurement sources are not listed,"GB school Dec2014-Nov2015; sum of observed hours, gaps not filled; unit kWh assumed (not stated by source)"
bdg1:PrimClass_Jediah,gb.unknown,GB,school,2015-08-01,2015-08-31,13867.1,kWh,reported,actual,1.0000,6382.0,dataset_metadata,derived,BDG1@521a6c0f,data/raw/temp_open_utc.csv:PrimClass_Jediah + meta_open.csv,unknown: repository LICENSE is MIT (software); terms of the original measurement sources are not listed,"GB school Dec2014-Nov2015; sum of observed hours, gaps not filled; unit kWh assumed (not stated by source)"
bdg1:PrimClass_Jediah,gb.unknown,GB,school,2015-09-01,2015-09-30,29801.845,kWh,reported,actual,1.0000,6382.0,dataset_metadata,derived,BDG1@521a6c0f,data/raw/temp_open_utc.csv:PrimClass_Jediah + meta_open.csv,unknown: repository LICENSE is MIT (software); terms of the original measurement sources are not listed,"GB school Dec2014-Nov2015; sum of observed hours, gaps not filled; unit kWh assumed (not stated by source)"
bdg1:PrimClass_Jediah,gb.unknown,GB,school,2015-10-01,2015-10-31,28936.251,kWh,reported,actual,1.0000,6382.0,dataset_metadata,derived,BDG1@521a6c0f,data/raw/temp_open_utc.csv:PrimClass_Jediah + meta_open.csv,unknown: repository LICENSE is MIT (software); terms of the original measurement sources are not listed,"GB school Dec2014-Nov2015; sum of observed hours, gaps not filled; unit kWh assumed (not stated by source)"
bdg1:PrimClass_Jediah,gb.unknown,GB,school,2015-11-01,2015-11-30,31857.283,kWh,reported,actual,0.9319,6382.0,dataset_metadata,derived,BDG1@521a6c0f,data/raw/temp_open_utc.csv:PrimClass_Jediah + meta_open.csv,unknown: repository LICENSE is MIT (software); terms of the original measurement sources are not listed,"GB school Dec2014-Nov2015; sum of observed hours, gaps not filled; unit kWh assumed (not stated by source)"
bdg1:PrimClass_Janelle,gb.unknown,GB,school,2014-12-01,2014-12-31,5062.3546,kWh,reported,actual,0.9355,1201.0,dataset_metadata,derived,BDG1@521a6c0f,data/raw/temp_open_utc.csv:PrimClass_Janelle + meta_open.csv,unknown: repository LICENSE is MIT (software); terms of the original measurement sources are not listed,"GB school Dec2014-Nov2015; sum of observed hours, gaps not filled; unit kWh assumed (not stated by source)"
bdg1:PrimClass_Janelle,gb.unknown,GB,school,2015-01-01,2015-01-31,6875.9,kWh,reported,actual,0.9032,1201.0,dataset_metadata,derived,BDG1@521a6c0f,data/raw/temp_open_utc.csv:PrimClass_Janelle + meta_open.csv,unknown: repository LICENSE is MIT (software); terms of the original measurement sources are not listed,"GB school Dec2014-Nov2015; sum of observed hours, gaps not filled; unit kWh assumed (not stated by source)"
bdg1:PrimClass_Janelle,gb.unknown,GB,school,2015-02-01,2015-02-28,5618.4,kWh,reported,actual,0.9643,1201.0,dataset_metadata,derived,BDG1@521a6c0f,data/raw/temp_open_utc.csv:PrimClass_Janelle + meta_open.csv,unknown: repository LICENSE is MIT (software); terms of the original measurement sources are not listed,"GB school Dec2014-Nov2015; sum of observed hours, gaps not filled; unit kWh assumed (not stated by source)"
bdg1:PrimClass_Janelle,gb.unknown,GB,school,2015-03-01,2015-03-31,6737.6,kWh,reported,actual,0.9704,1201.0,dataset_metadata,derived,BDG1@521a6c0f,data/raw/temp_open_utc.csv:PrimClass_Janelle + meta_open.csv,unknown: repository LICENSE is MIT (software); terms of the original measurement sources are not listed,"GB school Dec2014-Nov2015; sum of observed hours, gaps not filled; unit kWh assumed (not stated by source)"
bdg1:PrimClass_Janelle,gb.unknown,GB,school,2015-04-01,2015-04-30,3864.5,kWh,reported,actual,0.9000,1201.0,dataset_metadata,derived,BDG1@521a6c0f,data/raw/temp_open_utc.csv:PrimClass_Janelle + meta_open.csv,unknown: repository LICENSE is MIT (software); terms of the original measurement sources are not listed,"GB school Dec2014-Nov2015; sum of observed hours, gaps not filled; unit kWh assumed (not stated by source)"
bdg1:PrimClass_Janelle,gb.unknown,GB,school,2015-05-01,2015-05-31,5181.7,kWh,reported,actual,1.0000,1201.0,dataset_metadata,derived,BDG1@521a6c0f,data/raw/temp_open_utc.csv:PrimClass_Janelle + meta_open.csv,unknown: repository LICENSE is MIT (software); terms of the original measurement sources are not listed,"GB school Dec2014-Nov2015; sum of observed hours, gaps not filled; unit kWh assumed (not stated by source)"
bdg1:PrimClass_Janelle,gb.unknown,GB,school,2015-06-01,2015-06-30,4632.6,kWh,reported,actual,0.6694,1201.0,dataset_metadata,derived,BDG1@521a6c0f,data/raw/temp_open_utc.csv:PrimClass_Janelle + meta_open.csv,unknown: repository LICENSE is MIT (software); terms of the original measurement sources are not listed,"GB school Dec2014-Nov2015; sum of observed hours, gaps not filled; unit kWh assumed (not stated by source)"
bdg1:PrimClass_Janelle,gb.unknown,GB,school,2015-07-01,2015-07-31,5173.1,kWh,reported,actual,1.0000,1201.0,dataset_metadata,derived,BDG1@521a6c0f,data/raw/temp_open_utc.csv:PrimClass_Janelle + meta_open.csv,unknown: repository LICENSE is MIT (software); terms of the original measurement sources are not listed,"GB school Dec2014-Nov2015; sum of observed hours, gaps not filled; unit kWh assumed (not stated by source)"
bdg1:PrimClass_Janelle,gb.unknown,GB,school,2015-08-01,2015-08-31,1524.4,kWh,reported,actual,0.9355,1201.0,dataset_metadata,derived,BDG1@521a6c0f,data/raw/temp_open_utc.csv:PrimClass_Janelle + meta_open.csv,unknown: repository LICENSE is MIT (software); terms of the original measurement sources are not listed,"GB school Dec2014-Nov2015; sum of observed hours, gaps not filled; unit kWh assumed (not stated by source)"
bdg1:PrimClass_Janelle,gb.unknown,GB,school,2015-09-01,2015-09-30,6172.0,kWh,reported,actual,1.0000,1201.0,dataset_metadata,derived,BDG1@521a6c0f,data/raw/temp_open_utc.csv:PrimClass_Janelle + meta_open.csv,unknown: repository LICENSE is MIT (software); terms of the original measurement sources are not listed,"GB school Dec2014-Nov2015; sum of observed hours, gaps not filled; unit kWh assumed (not stated by source)"
bdg1:PrimClass_Janelle,gb.unknown,GB,school,2015-10-01,2015-10-31,4994.3,kWh,reported,actual,1.0000,1201.0,dataset_metadata,derived,BDG1@521a6c0f,data/raw/temp_open_utc.csv:PrimClass_Janelle + meta_open.csv,unknown: repository LICENSE is MIT (software); terms of the original measurement sources are not listed,"GB school Dec2014-Nov2015; sum of observed hours, gaps not filled; unit kWh assumed (not stated by source)"
bdg1:PrimClass_Janelle,gb.unknown,GB,school,2015-11-01,2015-11-30,5838.0379,kWh,reported,actual,0.9333,1201.0,dataset_metadata,derived,BDG1@521a6c0f,data/raw/temp_open_utc.csv:PrimClass_Janelle + meta_open.csv,unknown: repository LICENSE is MIT (software); terms of the original measurement sources are not listed,"GB school Dec2014-Nov2015; sum of observed hours, gaps not filled; unit kWh assumed (not stated by source)"
bdg1:PrimClass_Jane,gb.unknown,GB,school,2014-12-01,2014-12-31,59918.5,kWh,reported,actual,0.9839,11247.0,dataset_metadata,derived,BDG1@521a6c0f,data/raw/temp_open_utc.csv:PrimClass_Jane + meta_open.csv,unknown: repository LICENSE is MIT (software); terms of the original measurement sources are not listed,"GB school Dec2014-Nov2015; sum of observed hours, gaps not filled; unit kWh assumed (not stated by source)"
bdg1:PrimClass_Jane,gb.unknown,GB,school,2015-01-01,2015-01-31,66666.6999,kWh,reported,actual,0.9651,11247.0,dataset_metadata,derived,BDG1@521a6c0f,data/raw/temp_open_utc.csv:PrimClass_Jane + meta_open.csv,unknown: repository LICENSE is MIT (software); terms of the original measurement sources are not listed,"GB school Dec2014-Nov2015; sum of observed hours, gaps not filled; unit kWh assumed (not stated by source)"
bdg1:PrimClass_Jane,gb.unknown,GB,school,2015-02-01,2015-02-28,57080.0,kWh,reported,actual,0.9643,11247.0,dataset_metadata,derived,BDG1@521a6c0f,data/raw/temp_open_utc.csv:PrimClass_Jane + meta_open.csv,unknown: repository LICENSE is MIT (software); terms of the original measurement sources are not listed,"GB school Dec2014-Nov2015; sum of observed hours, gaps not filled; unit kWh assumed (not stated by source)"
bdg1:PrimClass_Jane,gb.unknown,GB,school,2015-03-01,2015-03-31,64708.6,kWh,reported,actual,0.9919,11247.0,dataset_metadata,derived,BDG1@521a6c0f,data/raw/temp_open_utc.csv:PrimClass_Jane + meta_open.csv,unknown: repository LICENSE is MIT (software); terms of the original measurement sources are not listed,"GB school Dec2014-Nov2015; sum of observed hours, gaps not filled; unit kWh assumed (not stated by source)"
bdg1:PrimClass_Jane,gb.unknown,GB,school,2015-04-01,2015-04-30,49587.4549,kWh,reported,actual,1.0000,11247.0,dataset_metadata,derived,BDG1@521a6c0f,data/raw/temp_open_utc.csv:PrimClass_Jane + meta_open.csv,unknown: repository LICENSE is MIT (software); terms of the original measurement sources are not listed,"GB school Dec2014-Nov2015; sum of observed hours, gaps not filled; unit kWh assumed (not stated by source)"
bdg1:PrimClass_Jane,gb.unknown,GB,school,2015-05-01,2015-05-31,14106.945,kWh,reported,actual,1.0000,11247.0,dataset_metadata,derived,BDG1@521a6c0f,data/raw/temp_open_utc.csv:PrimClass_Jane + meta_open.csv,unknown: repository LICENSE is MIT (software); terms of the original measurement sources are not listed,"GB school Dec2014-Nov2015; sum of observed hours, gaps not filled; unit kWh assumed (not stated by source)"
bdg1:PrimClass_Jane,gb.unknown,GB,school,2015-06-01,2015-06-30,55183.2,kWh,reported,actual,1.0000,11247.0,dataset_metadata,derived,BDG1@521a6c0f,data/raw/temp_open_utc.csv:PrimClass_Jane + meta_open.csv,unknown: repository LICENSE is MIT (software); terms of the original measurement sources are not listed,"GB school Dec2014-Nov2015; sum of observed hours, gaps not filled; unit kWh assumed (not stated by source)"
bdg1:PrimClass_Jane,gb.unknown,GB,school,2015-07-01,2015-07-31,47137.1,kWh,reported,actual,1.0000,11247.0,dataset_metadata,derived,BDG1@521a6c0f,data/raw/temp_open_utc.csv:PrimClass_Jane + meta_open.csv,unknown: repository LICENSE is MIT (software); terms of the original measurement sources are not listed,"GB school Dec2014-Nov2015; sum of observed hours, gaps not filled; unit kWh assumed (not stated by source)"
bdg1:PrimClass_Jane,gb.unknown,GB,school,2015-08-01,2015-08-31,34973.9,kWh,reported,actual,1.0000,11247.0,dataset_metadata,derived,BDG1@521a6c0f,data/raw/temp_open_utc.csv:PrimClass_Jane + meta_open.csv,unknown: repository LICENSE is MIT (software); terms of the original measurement sources are not listed,"GB school Dec2014-Nov2015; sum of observed hours, gaps not filled; unit kWh assumed (not stated by source)"
bdg1:PrimClass_Jane,gb.unknown,GB,school,2015-09-01,2015-09-30,52621.7001,kWh,reported,actual,1.0000,11247.0,dataset_metadata,derived,BDG1@521a6c0f,data/raw/temp_open_utc.csv:PrimClass_Jane + meta_open.csv,unknown: repository LICENSE is MIT (software); terms of the original measurement sources are not listed,"GB school Dec2014-Nov2015; sum of observed hours, gaps not filled; unit kWh assumed (not stated by source)"
bdg1:PrimClass_Jane,gb.unknown,GB,school,2015-10-01,2015-10-31,53114.4999,kWh,reported,actual,1.0000,11247.0,dataset_metadata,derived,BDG1@521a6c0f,data/raw/temp_open_utc.csv:PrimClass_Jane + meta_open.csv,unknown: repository LICENSE is MIT (software); terms of the original measurement sources are not listed,"GB school Dec2014-Nov2015; sum of observed hours, gaps not filled; unit kWh assumed (not stated by source)"
bdg1:PrimClass_Jane,gb.unknown,GB,school,2015-11-01,2015-11-30,56178.9,kWh,reported,actual,1.0000,11247.0,dataset_metadata,derived,BDG1@521a6c0f,data/raw/temp_open_utc.csv:PrimClass_Jane + meta_open.csv,unknown: repository LICENSE is MIT (software); terms of the original measurement sources are not listed,"GB school Dec2014-Nov2015; sum of observed hours, gaps not filled; unit kWh assumed (not stated by source)"
bdg1:PrimClass_Jon,gb.unknown,GB,school,2014-12-01,2014-12-31,8348.767,kWh,reported,actual,0.9247,1589.0,dataset_metadata,derived,BDG1@521a6c0f,data/raw/temp_open_utc.csv:PrimClass_Jon + meta_open.csv,unknown: repository LICENSE is MIT (software); terms of the original measurement sources are not listed,"GB school Dec2014-Nov2015; sum of observed hours, gaps not filled; unit kWh assumed (not stated by source)"
bdg1:PrimClass_Jon,gb.unknown,GB,school,2015-01-01,2015-01-31,10101.1,kWh,reported,actual,0.9167,1589.0,dataset_metadata,derived,BDG1@521a6c0f,data/raw/temp_open_utc.csv:PrimClass_Jon + meta_open.csv,unknown: repository LICENSE is MIT (software); terms of the original measurement sources are not listed,"GB school Dec2014-Nov2015; sum of observed hours, gaps not filled; unit kWh assumed (not stated by source)"
bdg1:PrimClass_Jon,gb.unknown,GB,school,2015-02-01,2015-02-28,9174.9,kWh,reported,actual,0.9405,1589.0,dataset_metadata,derived,BDG1@521a6c0f,data/raw/temp_open_utc.csv:PrimClass_Jon + meta_open.csv,unknown: repository LICENSE is MIT (software); terms of the original measurement sources are not listed,"GB school Dec2014-Nov2015; sum of observed hours, gaps not filled; unit kWh assumed (not stated by source)"
bdg1:PrimClass_Jon,gb.unknown,GB,school,2015-03-01,2015-03-31,9297.8,kWh,reported,actual,0.9381,1589.0,dataset_metadata,derived,BDG1@521a6c0f,data/raw/temp_open_utc.csv:PrimClass_Jon + meta_open.csv,unknown: repository LICENSE is MIT (software); terms of the original measurement sources are not listed,"GB school Dec2014-Nov2015; sum of observed hours, gaps not filled; unit kWh assumed (not stated by source)"
bdg1:PrimClass_Jon,gb.unknown,GB,school,2015-04-01,2015-04-30,6199.5,kWh,reported,actual,0.9958,1589.0,dataset_metadata,derived,BDG1@521a6c0f,data/raw/temp_open_utc.csv:PrimClass_Jon + meta_open.csv,unknown: repository LICENSE is MIT (software); terms of the original measurement sources are not listed,"GB school Dec2014-Nov2015; sum of observed hours, gaps not filled; unit kWh assumed (not stated by source)"
bdg1:PrimClass_Jon,gb.unknown,GB,school,2015-05-01,2015-05-31,6643.1,kWh,reported,actual,0.9933,1589.0,dataset_metadata,derived,BDG1@521a6c0f,data/raw/temp_open_utc.csv:PrimClass_Jon + meta_open.csv,unknown: repository LICENSE is MIT (software); terms of the original measurement sources are not listed,"GB school Dec2014-Nov2015; sum of observed hours, gaps not filled; unit kWh assumed (not stated by source)"
bdg1:PrimClass_Jon,gb.unknown,GB,school,2015-06-01,2015-06-30,4805.2,kWh,reported,actual,0.7028,1589.0,dataset_metadata,derived,BDG1@521a6c0f,data/raw/temp_open_utc.csv:PrimClass_Jon + meta_open.csv,unknown: repository LICENSE is MIT (software); terms of the original measurement sources are not listed,"GB school Dec2014-Nov2015; sum of observed hours, gaps not filled; unit kWh assumed (not stated by source)"
bdg1:PrimClass_Jon,gb.unknown,GB,school,2015-07-01,2015-07-31,5246.0,kWh,reported,actual,1.0000,1589.0,dataset_metadata,derived,BDG1@521a6c0f,data/raw/temp_open_utc.csv:PrimClass_Jon + meta_open.csv,unknown: repository LICENSE is MIT (software); terms of the original measurement sources are not listed,"GB school Dec2014-Nov2015; sum of observed hours, gaps not filled; unit kWh assumed (not stated by source)"
bdg1:PrimClass_Jon,gb.unknown,GB,school,2015-08-01,2015-08-31,3006.7,kWh,reported,actual,1.0000,1589.0,dataset_metadata,derived,BDG1@521a6c0f,data/raw/temp_open_utc.csv:PrimClass_Jon + meta_open.csv,unknown: repository LICENSE is MIT (software); terms of the original measurement sources are not listed,"GB school Dec2014-Nov2015; sum of observed hours, gaps not filled; unit kWh assumed (not stated by source)"
bdg1:PrimClass_Jon,gb.unknown,GB,school,2015-09-01,2015-09-30,7360.0,kWh,reported,actual,1.0000,1589.0,dataset_metadata,derived,BDG1@521a6c0f,data/raw/temp_open_utc.csv:PrimClass_Jon + meta_open.csv,unknown: repository LICENSE is MIT (software); terms of the original measurement sources are not listed,"GB school Dec2014-Nov2015; sum of observed hours, gaps not filled; unit kWh assumed (not stated by source)"
bdg1:PrimClass_Jon,gb.unknown,GB,school,2015-10-01,2015-10-31,8081.8,kWh,reported,actual,0.9879,1589.0,dataset_metadata,derived,BDG1@521a6c0f,data/raw/temp_open_utc.csv:PrimClass_Jon + meta_open.csv,unknown: repository LICENSE is MIT (software); terms of the original measurement sources are not listed,"GB school Dec2014-Nov2015; sum of observed hours, gaps not filled; unit kWh assumed (not stated by source)"
bdg1:PrimClass_Jon,gb.unknown,GB,school,2015-11-01,2015-11-30,8943.2179,kWh,reported,actual,0.8931,1589.0,dataset_metadata,derived,BDG1@521a6c0f,data/raw/temp_open_utc.csv:PrimClass_Jon + meta_open.csv,unknown: repository LICENSE is MIT (software); terms of the original measurement sources are not listed,"GB school Dec2014-Nov2015; sum of observed hours, gaps not filled; unit kWh assumed (not stated by source)"
bdg1:PrimClass_Jake,gb.unknown,GB,school,2014-12-01,2014-12-31,7271.1799,kWh,reported,actual,0.9288,1432.0,dataset_metadata,derived,BDG1@521a6c0f,data/raw/temp_open_utc.csv:PrimClass_Jake + meta_open.csv,unknown: repository LICENSE is MIT (software); terms of the original measurement sources are not listed,"GB school Dec2014-Nov2015; sum of observed hours, gaps not filled; unit kWh assumed (not stated by source)"
bdg1:PrimClass_Jake,gb.unknown,GB,school,2015-01-01,2015-01-31,8496.474,kWh,reported,actual,0.9462,1432.0,dataset_metadata,derived,BDG1@521a6c0f,data/raw/temp_open_utc.csv:PrimClass_Jake + meta_open.csv,unknown: repository LICENSE is MIT (software); terms of the original measurement sources are not listed,"GB school Dec2014-Nov2015; sum of observed hours, gaps not filled; unit kWh assumed (not stated by source)"
bdg1:PrimClass_Jake,gb.unknown,GB,school,2015-02-01,2015-02-28,7226.379,kWh,reported,actual,0.9390,1432.0,dataset_metadata,derived,BDG1@521a6c0f,data/raw/temp_open_utc.csv:PrimClass_Jake + meta_open.csv,unknown: repository LICENSE is MIT (software); terms of the original measurement sources are not listed,"GB school Dec2014-Nov2015; sum of observed hours, gaps not filled; unit kWh assumed (not stated by source)"
bdg1:PrimClass_Jake,gb.unknown,GB,school,2015-03-01,2015-03-31,8435.749,kWh,reported,actual,0.9677,1432.0,dataset_metadata,derived,BDG1@521a6c0f,data/raw/temp_open_utc.csv:PrimClass_Jake + meta_open.csv,unknown: repository LICENSE is MIT (software); terms of the original measurement sources are not listed,"GB school Dec2014-Nov2015; sum of observed hours, gaps not filled; unit kWh assumed (not stated by source)"
bdg1:PrimClass_Jake,gb.unknown,GB,school,2015-04-01,2015-04-30,6581.175,kWh,reported,actual,1.0000,1432.0,dataset_metadata,derived,BDG1@521a6c0f,data/raw/temp_open_utc.csv:PrimClass_Jake + meta_open.csv,unknown: repository LICENSE is MIT (software); terms of the original measurement sources are not listed,"GB school Dec2014-Nov2015; sum of observed hours, gaps not filled; unit kWh assumed (not stated by source)"
bdg1:PrimClass_Jake,gb.unknown,GB,school,2015-05-01,2015-05-31,6198.419,kWh,reported,actual,0.9677,1432.0,dataset_metadata,derived,BDG1@521a6c0f,data/raw/temp_open_utc.csv:PrimClass_Jake + meta_open.csv,unknown: repository LICENSE is MIT (software); terms of the original measurement sources are not listed,"GB school Dec2014-Nov2015; sum of observed hours, gaps not filled; unit kWh assumed (not stated by source)"
bdg1:PrimClass_Jake,gb.unknown,GB,school,2015-06-01,2015-06-30,7099.153,kWh,reported,actual,1.0000,1432.0,dataset_metadata,derived,BDG1@521a6c0f,data/raw/temp_open_utc.csv:PrimClass_Jake + meta_open.csv,unknown: repository LICENSE is MIT (software); terms of the original measurement sources are not listed,"GB school Dec2014-Nov2015; sum of observed hours, gaps not filled; unit kWh assumed (not stated by source)"
bdg1:PrimClass_Jake,gb.unknown,GB,school,2015-07-01,2015-07-31,5809.851,kWh,reported,actual,0.9987,1432.0,dataset_metadata,derived,BDG1@521a6c0f,data/raw/temp_open_utc.csv:PrimClass_Jake + meta_open.csv,unknown: repository LICENSE is MIT (software); terms of the original measurement sources are not listed,"GB school Dec2014-Nov2015; sum of observed hours, gaps not filled; unit kWh assumed (not stated by source)"
bdg1:PrimClass_Jake,gb.unknown,GB,school,2015-08-01,2015-08-31,3426.703,kWh,reported,actual,0.9691,1432.0,dataset_metadata,derived,BDG1@521a6c0f,data/raw/temp_open_utc.csv:PrimClass_Jake + meta_open.csv,unknown: repository LICENSE is MIT (software); terms of the original measurement sources are not listed,"GB school Dec2014-Nov2015; sum of observed hours, gaps not filled; unit kWh assumed (not stated by source)"
bdg1:PrimClass_Jake,gb.unknown,GB,school,2015-09-01,2015-09-30,6930.868,kWh,reported,actual,1.0000,1432.0,dataset_metadata,derived,BDG1@521a6c0f,data/raw/temp_open_utc.csv:PrimClass_Jake + meta_open.csv,unknown: repository LICENSE is MIT (software); terms of the original measurement sources are not listed,"GB school Dec2014-Nov2015; sum of observed hours, gaps not filled; unit kWh assumed (not stated by source)"
bdg1:PrimClass_Jake,gb.unknown,GB,school,2015-10-01,2015-10-31,6712.447,kWh,reported,actual,1.0000,1432.0,dataset_metadata,derived,BDG1@521a6c0f,data/raw/temp_open_utc.csv:PrimClass_Jake + meta_open.csv,unknown: repository LICENSE is MIT (software); terms of the original measurement sources are not listed,"GB school Dec2014-Nov2015; sum of observed hours, gaps not filled; unit kWh assumed (not stated by source)"
bdg1:PrimClass_Jake,gb.unknown,GB,school,2015-11-01,2015-11-30,7148.4932,kWh,reported,actual,0.9208,1432.0,dataset_metadata,derived,BDG1@521a6c0f,data/raw/temp_open_utc.csv:PrimClass_Jake + meta_open.csv,unknown: repository LICENSE is MIT (software); terms of the original measurement sources are not listed,"GB school Dec2014-Nov2015; sum of observed hours, gaps not filled; unit kWh assumed (not stated by source)"
bdg1:PrimClass_Johnnie,gb.unknown,GB,school,2014-12-01,2014-12-31,9714.8206,kWh,reported,actual,0.9126,1769.0,dataset_metadata,derived,BDG1@521a6c0f,data/raw/temp_open_utc.csv:PrimClass_Johnnie + meta_open.csv,unknown: repository LICENSE is MIT (software); terms of the original measurement sources are not listed,"GB school Dec2014-Nov2015; sum of observed hours, gaps not filled; unit kWh assumed (not stated by source)"
bdg1:PrimClass_Johnnie,gb.unknown,GB,school,2015-01-01,2015-01-31,11999.2,kWh,reported,actual,0.9328,1769.0,dataset_metadata,derived,BDG1@521a6c0f,data/raw/temp_open_utc.csv:PrimClass_Johnnie + meta_open.csv,unknown: repository LICENSE is MIT (software); terms of the original measurement sources are not listed,"GB school Dec2014-Nov2015; sum of observed hours, gaps not filled; unit kWh assumed (not stated by source)"
bdg1:PrimClass_Johnnie,gb.unknown,GB,school,2015-02-01,2015-02-28,10305.4,kWh,reported,actual,0.9271,1769.0,dataset_metadata,derived,BDG1@521a6c0f,data/raw/temp_open_utc.csv:PrimClass_Johnnie + meta_open.csv,unknown: repository LICENSE is MIT (software); terms of the original measurement sources are not listed,"GB school Dec2014-Nov2015; sum of observed hours, gaps not filled; unit kWh assumed (not stated by source)"
bdg1:PrimClass_Johnnie,gb.unknown,GB,school,2015-03-01,2015-03-31,11151.9,kWh,reported,actual,0.9300,1769.0,dataset_metadata,derived,BDG1@521a6c0f,data/raw/temp_open_utc.csv:PrimClass_Johnnie + meta_open.csv,unknown: repository LICENSE is MIT (software); terms of the original measurement sources are not listed,"GB school Dec2014-Nov2015; sum of observed hours, gaps not filled; unit kWh assumed (not stated by source)"
bdg1:PrimClass_Johnnie,gb.unknown,GB,school,2015-04-01,2015-04-30,9568.0,kWh,reported,actual,1.0000,1769.0,dataset_metadata,derived,BDG1@521a6c0f,data/raw/temp_open_utc.csv:PrimClass_Johnnie + meta_open.csv,unknown: repository LICENSE is MIT (software); terms of the original measurement sources are not listed,"GB school Dec2014-Nov2015; sum of observed hours, gaps not filled; unit kWh assumed (not stated by source)"
bdg1:PrimClass_Johnnie,gb.unknown,GB,school,2015-05-01,2015-05-31,9203.2,kWh,reported,actual,0.9987,1769.0,dataset_metadata,derived,BDG1@521a6c0f,data/raw/temp_open_utc.csv:PrimClass_Johnnie + meta_open.csv,unknown: repository LICENSE is MIT (software); terms of the original measurement sources are not listed,"GB school Dec2014-Nov2015; sum of observed hours, gaps not filled; unit kWh assumed (not stated by source)"
bdg1:PrimClass_Johnnie,gb.unknown,GB,school,2015-06-01,2015-06-30,5138.8,kWh,reported,actual,0.7028,1769.0,dataset_metadata,derived,BDG1@521a6c0f,data/raw/temp_open_utc.csv:PrimClass_Johnnie + meta_open.csv,unknown: repository LICENSE is MIT (software); terms of the original measurement sources are not listed,"GB school Dec2014-Nov2015; sum of observed hours, gaps not filled; unit kWh assumed (not stated by source)"
bdg1:PrimClass_Johnnie,gb.unknown,GB,school,2015-07-01,2015-07-31,6874.0,kWh,reported,actual,0.9987,1769.0,dataset_metadata,derived,BDG1@521a6c0f,data/raw/temp_open_utc.csv:PrimClass_Johnnie + meta_open.csv,unknown: repository LICENSE is MIT (software); terms of the original measurement sources are not listed,"GB school Dec2014-Nov2015; sum of observed hours, gaps not filled; unit kWh assumed (not stated by source)"
bdg1:PrimClass_Johnnie,gb.unknown,GB,school,2015-08-01,2015-08-31,4103.9,kWh,reported,actual,0.9919,1769.0,dataset_metadata,derived,BDG1@521a6c0f,data/raw/temp_open_utc.csv:PrimClass_Johnnie + meta_open.csv,unknown: repository LICENSE is MIT (software); terms of the original measurement sources are not listed,"GB school Dec2014-Nov2015; sum of observed hours, gaps not filled; unit kWh assumed (not stated by source)"
bdg1:PrimClass_Johnnie,gb.unknown,GB,school,2015-09-01,2015-09-30,8563.9,kWh,reported,actual,1.0000,1769.0,dataset_metadata,derived,BDG1@521a6c0f,data/raw/temp_open_utc.csv:PrimClass_Johnnie + meta_open.csv,unknown: repository LICENSE is MIT (software); terms of the original measurement sources are not listed,"GB school Dec2014-Nov2015; sum of observed hours, gaps not filled; unit kWh assumed (not stated by source)"
bdg1:PrimClass_Johnnie,gb.unknown,GB,school,2015-10-01,2015-10-31,8288.4,kWh,reported,actual,1.0000,1769.0,dataset_metadata,derived,BDG1@521a6c0f,data/raw/temp_open_utc.csv:PrimClass_Johnnie + meta_open.csv,unknown: repository LICENSE is MIT (software); terms of the original measurement sources are not listed,"GB school Dec2014-Nov2015; sum of observed hours, gaps not filled; unit kWh assumed (not stated by source)"
bdg1:PrimClass_Johnnie,gb.unknown,GB,school,2015-11-01,2015-11-30,9395.7814,kWh,reported,actual,0.9333,1769.0,dataset_metadata,derived,BDG1@521a6c0f,data/raw/temp_open_utc.csv:PrimClass_Johnnie + meta_open.csv,unknown: repository LICENSE is MIT (software); terms of the original measurement sources are not listed,"GB school Dec2014-Nov2015; sum of observed hours, gaps not filled; unit kWh assumed (not stated by source)"
bdg1:PrimClass_Johnathon,gb.unknown,GB,school,2014-12-01,2014-12-31,12867.6534,kWh,reported,actual,0.9435,2253.0,dataset_metadata,derived,BDG1@521a6c0f,data/raw/temp_open_utc.csv:PrimClass_Johnathon + meta_open.csv,unknown: repository LICENSE is MIT (software); terms of the original measurement sources are not listed,"GB school Dec2014-Nov2015; sum of observed hours, gaps not filled; unit kWh assumed (not stated by source)"
bdg1:PrimClass_Johnathon,gb.unknown,GB,school,2015-01-01,2015-01-31,13957.3,kWh,reported,actual,0.9099,2253.0,dataset_metadata,derived,BDG1@521a6c0f,data/raw/temp_open_utc.csv:PrimClass_Johnathon + meta_open.csv,unknown: repository LICENSE is MIT (software); terms of the original measurement sources are not listed,"GB school Dec2014-Nov2015; sum of observed hours, gaps not filled; unit kWh assumed (not stated by source)"
bdg1:PrimClass_Johnathon,gb.unknown,GB,school,2015-02-01,2015-02-28,12668.0,kWh,reported,actual,0.9509,2253.0,dataset_metadata,derived,BDG1@521a6c0f,data/raw/temp_open_utc.csv:PrimClass_Johnathon + meta_open.csv,unknown: repository LICENSE is MIT (software); terms of the original measurement sources are not listed,"GB school Dec2014-Nov2015; sum of observed hours, gaps not filled; unit kWh assumed (not stated by source)"
bdg1:PrimClass_Johnathon,gb.unknown,GB,school,2015-03-01,2015-03-31,14531.2,kWh,reported,actual,0.9664,2253.0,dataset_metadata,derived,BDG1@521a6c0f,data/raw/temp_open_utc.csv:PrimClass_Johnathon + meta_open.csv,unknown: repository LICENSE is MIT (software); terms of the original measurement sources are not listed,"GB school Dec2014-Nov2015; sum of observed hours, gaps not filled; unit kWh assumed (not stated by source)"
bdg1:PrimClass_Johnathon,gb.unknown,GB,school,2015-04-01,2015-04-30,10656.6,kWh,reported,actual,1.0000,2253.0,dataset_metadata,derived,BDG1@521a6c0f,data/raw/temp_open_utc.csv:PrimClass_Johnathon + meta_open.csv,unknown: repository LICENSE is MIT (software); terms of the original measurement sources are not listed,"GB school Dec2014-Nov2015; sum of observed hours, gaps not filled; unit kWh assumed (not stated by source)"
bdg1:PrimClass_Johnathon,gb.unknown,GB,school,2015-05-01,2015-05-31,10424.0,kWh,reported,actual,1.0000,2253.0,dataset_metadata,derived,BDG1@521a6c0f,data/raw/temp_open_utc.csv:PrimClass_Johnathon + meta_open.csv,unknown: repository LICENSE is MIT (software); terms of the original measurement sources are not listed,"GB school Dec2014-Nov2015; sum of observed hours, gaps not filled; unit kWh assumed (not stated by source)"
bdg1:PrimClass_Johnathon,gb.unknown,GB,school,2015-06-01,2015-06-30,8105.5,kWh,reported,actual,0.7028,2253.0,dataset_metadata,derived,BDG1@521a6c0f,data/raw/temp_open_utc.csv:PrimClass_Johnathon + meta_open.csv,unknown: repository LICENSE is MIT (software); terms of the original measurement sources are not listed,"GB school Dec2014-Nov2015; sum of observed hours, gaps not filled; unit kWh assumed (not stated by source)"
bdg1:PrimClass_Johnathon,gb.unknown,GB,school,2015-07-01,2015-07-31,9719.3,kWh,reported,actual,1.0000,2253.0,dataset_metadata,derived,BDG1@521a6c0f,data/raw/temp_open_utc.csv:PrimClass_Johnathon + meta_open.csv,unknown: repository LICENSE is MIT (software); terms of the original measurement sources are not listed,"GB school Dec2014-Nov2015; sum of observed hours, gaps not filled; unit kWh assumed (not stated by source)"
bdg1:PrimClass_Johnathon,gb.unknown,GB,school,2015-08-01,2015-08-31,5853.0,kWh,reported,actual,1.0000,2253.0,dataset_metadata,derived,BDG1@521a6c0f,data/raw/temp_open_utc.csv:PrimClass_Johnathon + meta_open.csv,unknown: repository LICENSE is MIT (software); terms of the original measurement sources are not listed,"GB school Dec2014-Nov2015; sum of observed hours, gaps not filled; unit kWh assumed (not stated by source)"
bdg1:PrimClass_Johnathon,gb.unknown,GB,school,2015-09-01,2015-09-30,12282.0,kWh,reported,actual,1.0000,2253.0,dataset_metadata,derived,BDG1@521a6c0f,data/raw/temp_open_utc.csv:PrimClass_Johnathon + meta_open.csv,unknown: repository LICENSE is MIT (software); terms of the original measurement sources are not listed,"GB school Dec2014-Nov2015; sum of observed hours, gaps not filled; unit kWh assumed (not stated by source)"
bdg1:PrimClass_Johnathon,gb.unknown,GB,school,2015-10-01,2015-10-31,11821.4,kWh,reported,actual,1.0000,2253.0,dataset_metadata,derived,BDG1@521a6c0f,data/raw/temp_open_utc.csv:PrimClass_Johnathon + meta_open.csv,unknown: repository LICENSE is MIT (software); terms of the original measurement sources are not listed,"GB school Dec2014-Nov2015; sum of observed hours, gaps not filled; unit kWh assumed (not stated by source)"
bdg1:PrimClass_Johnathon,gb.unknown,GB,school,2015-11-01,2015-11-30,14164.6207,kWh,reported,actual,0.9333,2253.0,dataset_metadata,derived,BDG1@521a6c0f,data/raw/temp_open_utc.csv:PrimClass_Johnathon + meta_open.csv,unknown: repository LICENSE is MIT (software); terms of the original measurement sources are not listed,"GB school Dec2014-Nov2015; sum of observed hours, gaps not filled; unit kWh assumed (not stated by source)"
bdg1:PrimClass_Jamie,gb.unknown,GB,school,2014-12-01,2014-12-31,96011.8,kWh,reported,actual,0.9906,14868.0,dataset_metadata,derived,BDG1@521a6c0f,data/raw/temp_open_utc.csv:PrimClass_Jamie + meta_open.csv,unknown: repository LICENSE is MIT (software); terms of the original measurement sources are not listed,"GB school Dec2014-Nov2015; sum of observed hours, gaps not filled; unit kWh assumed (not stated by source)"
bdg1:PrimClass_Jamie,gb.unknown,GB,school,2015-01-01,2015-01-31,98171.1001,kWh,reported,actual,0.9906,14868.0,dataset_metadata,derived,BDG1@521a6c0f,data/raw/temp_open_utc.csv:PrimClass_Jamie + meta_open.csv,unknown: repository LICENSE is MIT (software); terms of the original measurement sources are not listed,"GB school Dec2014-Nov2015; sum of observed hours, gaps not filled; unit kWh assumed (not stated by source)"
bdg1:PrimClass_Jamie,gb.unknown,GB,school,2015-02-01,2015-02-28,79864.6,kWh,reported,actual,0.9985,14868.0,dataset_metadata,derived,BDG1@521a6c0f,data/raw/temp_open_utc.csv:PrimClass_Jamie + meta_open.csv,unknown: repository LICENSE is MIT (software); terms of the original measurement sources are not listed,"GB school Dec2014-Nov2015; sum of observed hours, gaps not filled; unit kWh assumed (not stated by source)"
bdg1:PrimClass_Jamie,gb.unknown,GB,school,2015-03-01,2015-03-31,85847.6998,kWh,reported,actual,1.0000,14868.0,dataset_metadata,derived,BDG1@521a6c0f,data/raw/temp_open_utc.csv:PrimClass_Jamie + meta_open.csv,unknown: repository LICENSE is MIT (software); terms of the original measurement sources are not listed,"GB school Dec2014-Nov2015; sum of observed hours, gaps not filled; unit kWh assumed (not stated by source)"
bdg1:PrimClass_Jamie,gb.unknown,GB,school,2015-04-01,2015-04-30,67378.5489,kWh,reported,actual,0.9667,14868.0,dataset_metadata,derived,BDG1@521a6c0f,data/raw/temp_open_utc.csv:PrimClass_Jamie + meta_open.csv,unknown: repository LICENSE is MIT (software); terms of the original measurement sources are not listed,"GB school Dec2014-Nov2015; sum of observed hours, gaps not filled; unit kWh assumed (not stated by source)"
bdg1:PrimClass_Jamie,gb.unknown,GB,school,2015-05-01,2015-05-31,16168.7659,kWh,reported,actual,0.2903,14868.0,dataset_metadata,derived,BDG1@521a6c0f,data/raw/temp_open_utc.csv:PrimClass_Jamie + meta_open.csv,unknown: repository LICENSE is MIT (software); terms of the original measurement sources are not listed,"GB school Dec2014-Nov2015; sum of observed hours, gaps not filled; unit kWh assumed (not stated by source)"
bdg1:PrimClass_Jamie,gb.unknown,GB,school,2015-06-01,2015-06-30,80958.6,kWh,reported,actual,1.0000,14868.0,dataset_metadata,derived,BDG1@521a6c0f,data/raw/temp_open_utc.csv:PrimClass_Jamie + meta_open.csv,unknown: repository LICENSE is MIT (software); terms of the original measurement sources are not listed,"GB school Dec2014-Nov2015; sum of observed hours, gaps not filled; unit kWh assumed (not stated by source)"
bdg1:PrimClass_Jamie,gb.unknown,GB,school,2015-07-01,2015-07-31,68278.6,kWh,reported,actual,1.0000,14868.0,dataset_metadata,derived,BDG1@521a6c0f,data/raw/temp_open_utc.csv:PrimClass_Jamie + meta_open.csv,unknown: repository LICENSE is MIT (software); terms of the original measurement sources are not listed,"GB school Dec2014-Nov2015; sum of observed hours, gaps not filled; unit kWh assumed (not stated by source)"
bdg1:PrimClass_Jamie,gb.unknown,GB,school,2015-08-01,2015-08-31,52909.5,kWh,reported,actual,1.0000,14868.0,dataset_metadata,derived,BDG1@521a6c0f,data/raw/temp_open_utc.csv:PrimClass_Jamie + meta_open.csv,unknown: repository LICENSE is MIT (software); terms of the original measurement sources are not listed,"GB school Dec2014-Nov2015; sum of observed hours, gaps not filled; unit kWh assumed (not stated by source)"
bdg1:PrimClass_Jamie,gb.unknown,GB,school,2015-09-01,2015-09-30,85936.5,kWh,reported,actual,1.0000,14868.0,dataset_metadata,derived,BDG1@521a6c0f,data/raw/temp_open_utc.csv:PrimClass_Jamie + meta_open.csv,unknown: repository LICENSE is MIT (software); terms of the original measurement sources are not listed,"GB school Dec2014-Nov2015; sum of observed hours, gaps not filled; unit kWh assumed (not stated by source)"
bdg1:PrimClass_Jamie,gb.unknown,GB,school,2015-10-01,2015-10-31,86446.3001,kWh,reported,actual,1.0000,14868.0,dataset_metadata,derived,BDG1@521a6c0f,data/raw/temp_open_utc.csv:PrimClass_Jamie + meta_open.csv,unknown: repository LICENSE is MIT (software); terms of the original measurement sources are not listed,"GB school Dec2014-Nov2015; sum of observed hours, gaps not filled; unit kWh assumed (not stated by source)"
bdg1:PrimClass_Jamie,gb.unknown,GB,school,2015-11-01,2015-11-30,92081.1422,kWh,reported,actual,0.9333,14868.0,dataset_metadata,derived,BDG1@521a6c0f,data/raw/temp_open_utc.csv:PrimClass_Jamie + meta_open.csv,unknown: repository LICENSE is MIT (software); terms of the original measurement sources are not listed,"GB school Dec2014-Nov2015; sum of observed hours, gaps not filled; unit kWh assumed (not stated by source)"
bdg1:PrimClass_Jacob,gb.unknown,GB,school,2014-12-01,2014-12-31,31681.4268,kWh,reported,actual,0.9677,6149.0,dataset_metadata,derived,BDG1@521a6c0f,data/raw/temp_open_utc.csv:PrimClass_Jacob + meta_open.csv,unknown: repository LICENSE is MIT (software); terms of the original measurement sources are not listed,"GB school Dec2014-Nov2015; sum of observed hours, gaps not filled; unit kWh assumed (not stated by source)"
bdg1:PrimClass_Jacob,gb.unknown,GB,school,2015-01-01,2015-01-31,36774.9001,kWh,reported,actual,1.0000,6149.0,dataset_metadata,derived,BDG1@521a6c0f,data/raw/temp_open_utc.csv:PrimClass_Jacob + meta_open.csv,unknown: repository LICENSE is MIT (software); terms of the original measurement sources are not listed,"GB school Dec2014-Nov2015; sum of observed hours, gaps not filled; unit kWh assumed (not stated by source)"
bdg1:PrimClass_Jacob,gb.unknown,GB,school,2015-02-01,2015-02-28,31252.8,kWh,reported,actual,1.0000,6149.0,dataset_metadata,derived,BDG1@521a6c0f,data/raw/temp_open_utc.csv:PrimClass_Jacob + meta_open.csv,unknown: repository LICENSE is MIT (software); terms of the original measurement sources are not listed,"GB school Dec2014-Nov2015; sum of observed hours, gaps not filled; unit kWh assumed (not stated by source)"
bdg1:PrimClass_Jacob,gb.unknown,GB,school,2015-03-01,2015-03-31,46970.9,kWh,reported,actual,0.9973,6149.0,dataset_metadata,derived,BDG1@521a6c0f,data/raw/temp_open_utc.csv:PrimClass_Jacob + meta_open.csv,unknown: repository LICENSE is MIT (software); terms of the original measurement sources are not listed,"GB school Dec2014-Nov2015; sum of observed hours, gaps not filled; unit kWh assumed (not stated by source)"
bdg1:PrimClass_Jacob,gb.unknown,GB,school,2015-04-01,2015-04-30,40045.1359,kWh,reported,actual,0.9667,6149.0,dataset_metadata,derived,BDG1@521a6c0f,data/raw/temp_open_utc.csv:PrimClass_Jacob + meta_open.csv,unknown: repository LICENSE is MIT (software); terms of the original measurement sources are not listed,"GB school Dec2014-Nov2015; sum of observed hours, gaps not filled; unit kWh assumed (not stated by source)"
bdg1:PrimClass_Jacob,gb.unknown,GB,school,2015-05-01,2015-05-31,6114.1271,kWh,reported,actual,0.2903,6149.0,dataset_metadata,derived,BDG1@521a6c0f,data/raw/temp_open_utc.csv:PrimClass_Jacob + meta_open.csv,unknown: repository LICENSE is MIT (software); terms of the original measurement sources are not listed,"GB school Dec2014-Nov2015; sum of observed hours, gaps not filled; unit kWh assumed (not stated by source)"
bdg1:PrimClass_Jacob,gb.unknown,GB,school,2015-06-01,2015-06-30,35150.5,kWh,reported,actual,1.0000,6149.0,dataset_metadata,derived,BDG1@521a6c0f,data/raw/temp_open_utc.csv:PrimClass_Jacob + meta_open.csv,unknown: repository LICENSE is MIT (software); terms of the original measurement sources are not listed,"GB school Dec2014-Nov2015; sum of observed hours, gaps not filled; unit kWh assumed (not stated by source)"
bdg1:PrimClass_Jacob,gb.unknown,GB,school,2015-07-01,2015-07-31,31842.7,kWh,reported,actual,1.0000,6149.0,dataset_metadata,derived,BDG1@521a6c0f,data/raw/temp_open_utc.csv:PrimClass_Jacob + meta_open.csv,unknown: repository LICENSE is MIT (software); terms of the original measurement sources are not listed,"GB school Dec2014-Nov2015; sum of observed hours, gaps not filled; unit kWh assumed (not stated by source)"
bdg1:PrimClass_Jacob,gb.unknown,GB,school,2015-08-01,2015-08-31,20034.6,kWh,reported,actual,1.0000,6149.0,dataset_metadata,derived,BDG1@521a6c0f,data/raw/temp_open_utc.csv:PrimClass_Jacob + meta_open.csv,unknown: repository LICENSE is MIT (software); terms of the original measurement sources are not listed,"GB school Dec2014-Nov2015; sum of observed hours, gaps not filled; unit kWh assumed (not stated by source)"
bdg1:PrimClass_Jacob,gb.unknown,GB,school,2015-09-01,2015-09-30,34524.2,kWh,reported,actual,1.0000,6149.0,dataset_metadata,derived,BDG1@521a6c0f,data/raw/temp_open_utc.csv:PrimClass_Jacob + meta_open.csv,unknown: repository LICENSE is MIT (software); terms of the original measurement sources are not listed,"GB school Dec2014-Nov2015; sum of observed hours, gaps not filled; unit kWh assumed (not stated by source)"
bdg1:PrimClass_Jacob,gb.unknown,GB,school,2015-10-01,2015-10-31,32543.3999,kWh,reported,actual,1.0000,6149.0,dataset_metadata,derived,BDG1@521a6c0f,data/raw/temp_open_utc.csv:PrimClass_Jacob + meta_open.csv,unknown: repository LICENSE is MIT (software); terms of the original measurement sources are not listed,"GB school Dec2014-Nov2015; sum of observed hours, gaps not filled; unit kWh assumed (not stated by source)"
bdg1:PrimClass_Jacob,gb.unknown,GB,school,2015-11-01,2015-11-30,33793.9352,kWh,reported,actual,0.9333,6149.0,dataset_metadata,derived,BDG1@521a6c0f,data/raw/temp_open_utc.csv:PrimClass_Jacob + meta_open.csv,unknown: repository LICENSE is MIT (software); terms of the original measurement sources are not listed,"GB school Dec2014-Nov2015; sum of observed hours, gaps not filled; unit kWh assumed (not stated by source)"
bdg1:PrimClass_Jazmin,gb.unknown,GB,school,2014-12-01,2014-12-31,10688.8984,kWh,reported,actual,0.9341,1047.0,dataset_metadata,derived,BDG1@521a6c0f,data/raw/temp_open_utc.csv:PrimClass_Jazmin + meta_open.csv,unknown: repository LICENSE is MIT (software); terms of the original measurement sources are not listed,"GB school Dec2014-Nov2015; sum of observed hours, gaps not filled; unit kWh assumed (not stated by source)"
bdg1:PrimClass_Jazmin,gb.unknown,GB,school,2015-01-01,2015-01-31,12921.57,kWh,reported,actual,0.9704,1047.0,dataset_metadata,derived,BDG1@521a6c0f,data/raw/temp_open_utc.csv:PrimClass_Jazmin + meta_open.csv,unknown: repository LICENSE is MIT (software); terms of the original measurement sources are not listed,"GB school Dec2014-Nov2015; sum of observed hours, gaps not filled; unit kWh assumed (not stated by source)"
bdg1:PrimClass_Jazmin,gb.unknown,GB,school,2015-02-01,2015-02-28,11181.0,kWh,reported,actual,0.9598,1047.0,dataset_metadata,derived,BDG1@521a6c0f,data/raw/temp_open_utc.csv:PrimClass_Jazmin + meta_open.csv,unknown: repository LICENSE is MIT (software); terms of the original measurement sources are not listed,"GB school Dec2014-Nov2015; sum of observed hours, gaps not filled; unit kWh assumed (not stated by source)"
bdg1:PrimClass_Jazmin,gb.unknown,GB,school,2015-03-01,2015-03-31,11424.19,kWh,reported,actual,0.9717,1047.0,dataset_metadata,derived,BDG1@521a6c0f,data/raw/temp_open_utc.csv:PrimClass_Jazmin + meta_open.csv,unknown: repository LICENSE is MIT (software); terms of the original measurement sources are not listed,"GB school Dec2014-Nov2015; sum of observed hours, gaps not filled; unit kWh assumed (not stated by source)"
bdg1:PrimClass_Jazmin,gb.unknown,GB,school,2015-04-01,2015-04-30,7196.09,kWh,reported,actual,1.0000,1047.0,dataset_metadata,derived,BDG1@521a6c0f,data/raw/temp_open_utc.csv:PrimClass_Jazmin + meta_open.csv,unknown: repository LICENSE is MIT (software); terms of the original measurement sources are not listed,"GB school Dec2014-Nov2015; sum of observed hours, gaps not filled; unit kWh assumed (not stated by source)"
bdg1:PrimClass_Jazmin,gb.unknown,GB,school,2015-05-01,2015-05-31,6952.91,kWh,reported,actual,1.0000,1047.0,dataset_metadata,derived,BDG1@521a6c0f,data/raw/temp_open_utc.csv:PrimClass_Jazmin + meta_open.csv,unknown: repository LICENSE is MIT (software); terms of the original measurement sources are not listed,"GB school Dec2014-Nov2015; sum of observed hours, gaps not filled; unit kWh assumed (not stated by source)"
bdg1:PrimClass_Jazmin,gb.unknown,GB,school,2015-06-01,2015-06-30,4564.22,kWh,reported,actual,0.8014,1047.0,dataset_metadata,derived,BDG1@521a6c0f,data/raw/temp_open_utc.csv:PrimClass_Jazmin + meta_open.csv,unknown: repository LICENSE is MIT (software); terms of the original measurement sources are not listed,"GB school Dec2014-Nov2015; sum of observed hours, gaps not filled; unit kWh assumed (not stated by source)"
bdg1:PrimClass_Jazmin,gb.unknown,GB,school,2015-07-01,2015-07-31,5796.22,kWh,reported,actual,1.0000,1047.0,dataset_metadata,derived,BDG1@521a6c0f,data/raw/temp_open_utc.csv:PrimClass_Jazmin + meta_open.csv,unknown: repository LICENSE is MIT (software); terms of the original measurement sources are not listed,"GB school Dec2014-Nov2015; sum of observed hours, gaps not filled; unit kWh assumed (not stated by source)"
bdg1:PrimClass_Jazmin,gb.unknown,GB,school,2015-08-01,2015-08-31,3805.75,kWh,reported,actual,1.0000,1047.0,dataset_metadata,derived,BDG1@521a6c0f,data/raw/temp_open_utc.csv:PrimClass_Jazmin + meta_open.csv,unknown: repository LICENSE is MIT (software); terms of the original measurement sources are not listed,"GB school Dec2014-Nov2015; sum of observed hours, gaps not filled; unit kWh assumed (not stated by source)"
bdg1:PrimClass_Jazmin,gb.unknown,GB,school,2015-09-01,2015-09-30,5894.86,kWh,reported,actual,1.0000,1047.0,dataset_metadata,derived,BDG1@521a6c0f,data/raw/temp_open_utc.csv:PrimClass_Jazmin + meta_open.csv,unknown: repository LICENSE is MIT (software); terms of the original measurement sources are not listed,"GB school Dec2014-Nov2015; sum of observed hours, gaps not filled; unit kWh assumed (not stated by source)"
bdg1:PrimClass_Jazmin,gb.unknown,GB,school,2015-10-01,2015-10-31,5640.01,kWh,reported,actual,1.0000,1047.0,dataset_metadata,derived,BDG1@521a6c0f,data/raw/temp_open_utc.csv:PrimClass_Jazmin + meta_open.csv,unknown: repository LICENSE is MIT (software); terms of the original measurement sources are not listed,"GB school Dec2014-Nov2015; sum of observed hours, gaps not filled; unit kWh assumed (not stated by source)"
bdg1:PrimClass_Jazmin,gb.unknown,GB,school,2015-11-01,2015-11-30,9490.8174,kWh,reported,actual,0.9319,1047.0,dataset_metadata,derived,BDG1@521a6c0f,data/raw/temp_open_utc.csv:PrimClass_Jazmin + meta_open.csv,unknown: repository LICENSE is MIT (software); terms of the original measurement sources are not listed,"GB school Dec2014-Nov2015; sum of observed hours, gaps not filled; unit kWh assumed (not stated by source)"
bdg1:PrimClass_Jaiden,gb.unknown,GB,school,2014-12-01,2014-12-31,7350.6031,kWh,reported,actual,0.8804,811.0,dataset_metadata,derived,BDG1@521a6c0f,data/raw/temp_open_utc.csv:PrimClass_Jaiden + meta_open.csv,unknown: repository LICENSE is MIT (software); terms of the original measurement sources are not listed,"GB school Dec2014-Nov2015; sum of observed hours, gaps not filled; unit kWh assumed (not stated by source)"
bdg1:PrimClass_Jaiden,gb.unknown,GB,school,2015-01-01,2015-01-31,9985.8,kWh,reported,actual,0.8884,811.0,dataset_metadata,derived,BDG1@521a6c0f,data/raw/temp_open_utc.csv:PrimClass_Jaiden + meta_open.csv,unknown: repository LICENSE is MIT (software); terms of the original measurement sources are not listed,"GB school Dec2014-Nov2015; sum of observed hours, gaps not filled; unit kWh assumed (not stated by source)"
bdg1:PrimClass_Jaiden,gb.unknown,GB,school,2015-02-01,2015-02-28,8255.1,kWh,reported,actual,0.8914,811.0,dataset_metadata,derived,BDG1@521a6c0f,data/raw/temp_open_utc.csv:PrimClass_Jaiden + meta_open.csv,unknown: repository LICENSE is MIT (software); terms of the original measurement sources are not listed,"GB school Dec2014-Nov2015; sum of observed hours, gaps not filled; unit kWh assumed (not stated by source)"
bdg1:PrimClass_Jaiden,gb.unknown,GB,school,2015-03-01,2015-03-31,9565.5,kWh,reported,actual,0.9085,811.0,dataset_metadata,derived,BDG1@521a6c0f,data/raw/temp_open_utc.csv:PrimClass_Jaiden + meta_open.csv,unknown: repository LICENSE is MIT (software); terms of the original measurement sources are not listed,"GB school Dec2014-Nov2015; sum of observed hours, gaps not filled; unit kWh assumed (not stated by source)"
bdg1:PrimClass_Jaiden,gb.unknown,GB,school,2015-04-01,2015-04-30,5559.4,kWh,reported,actual,1.0000,811.0,dataset_metadata,derived,BDG1@521a6c0f,data/raw/temp_open_utc.csv:PrimClass_Jaiden + meta_open.csv,unknown: repository LICENSE is MIT (software); terms of the original measurement sources are not listed,"GB school Dec2014-Nov2015; sum of observed hours, gaps not filled; unit kWh assumed (not stated by source)"
bdg1:PrimClass_Jaiden,gb.unknown,GB,school,2015-05-01,2015-05-31,4476.0,kWh,reported,actual,1.0000,811.0,dataset_metadata,derived,BDG1@521a6c0f,data/raw/temp_open_utc.csv:PrimClass_Jaiden + meta_open.csv,unknown: repository LICENSE is MIT (software); terms of the original measurement sources are not listed,"GB school Dec2014-Nov2015; sum of observed hours, gaps not filled; unit kWh assumed (not stated by source)"
bdg1:PrimClass_Jaiden,gb.unknown,GB,school,2015-06-01,2015-06-30,3727.8,kWh,reported,actual,0.7028,811.0,dataset_metadata,derived,BDG1@521a6c0f,data/raw/temp_open_utc.csv:PrimClass_Jaiden + meta_open.csv,unknown: repository LICENSE is MIT (software); terms of the original measurement sources are not listed,"GB school Dec2014-Nov2015; sum of observed hours, gaps not filled; unit kWh assumed (not stated by source)"
bdg1:PrimClass_Jaiden,gb.unknown,GB,school,2015-07-01,2015-07-31,4021.7,kWh,reported,actual,1.0000,811.0,dataset_metadata,derived,BDG1@521a6c0f,data/raw/temp_open_utc.csv:PrimClass_Jaiden + meta_open.csv,unknown: repository LICENSE is MIT (software); terms of the original measurement sources are not listed,"GB school Dec2014-Nov2015; sum of observed hours, gaps not filled; unit kWh assumed (not stated by source)"
bdg1:PrimClass_Jaiden,gb.unknown,GB,school,2015-08-01,2015-08-31,1955.4,kWh,reported,actual,1.0000,811.0,dataset_metadata,derived,BDG1@521a6c0f,data/raw/temp_open_utc.csv:PrimClass_Jaiden + meta_open.csv,unknown: repository LICENSE is MIT (software); terms of the original measurement sources are not listed,"GB school Dec2014-Nov2015; sum of observed hours, gaps not filled; unit kWh assumed (not stated by source)"
bdg1:PrimClass_Jaiden,gb.unknown,GB,school,2015-09-01,2015-09-30,5877.7,kWh,reported,actual,1.0000,811.0,dataset_metadata,derived,BDG1@521a6c0f,data/raw/temp_open_utc.csv:PrimClass_Jaiden + meta_open.csv,unknown: repository LICENSE is MIT (software); terms of the original measurement sources are not listed,"GB school Dec2014-Nov2015; sum of observed hours, gaps not filled; unit kWh assumed (not stated by source)"
bdg1:PrimClass_Jaiden,gb.unknown,GB,school,2015-10-01,2015-10-31,4437.3,kWh,reported,actual,1.0000,811.0,dataset_metadata,derived,BDG1@521a6c0f,data/raw/temp_open_utc.csv:PrimClass_Jaiden + meta_open.csv,unknown: repository LICENSE is MIT (software); terms of the original measurement sources are not listed,"GB school Dec2014-Nov2015; sum of observed hours, gaps not filled; unit kWh assumed (not stated by source)"
bdg1:PrimClass_Jaiden,gb.unknown,GB,school,2015-11-01,2015-11-30,9791.0938,kWh,reported,actual,0.9125,811.0,dataset_metadata,derived,BDG1@521a6c0f,data/raw/temp_open_utc.csv:PrimClass_Jaiden + meta_open.csv,unknown: repository LICENSE is MIT (software); terms of the original measurement sources are not listed,"GB school Dec2014-Nov2015; sum of observed hours, gaps not filled; unit kWh assumed (not stated by source)"
