scenario_key,analysis,slice,n_candidates,n_points,budget_ratio,weights,max_selected,radius_m,seed,budget,problem_digest,feasible_count,subsets_total,budget_binding,baseline_unknown_points,pareto_size,distinct_exact_plans,exact_mean_ids,exact_minimax_ids,exact_coverage_ids
main|shymkent_school|nc6|np5|br0.25|uniform|ms3|r300|s0,main,shymkent_school,6,5,0.25,uniform,3,300,0,1062,sha256:f95eff6554cbdb89dcdcdaca1011a91417a7235221c3aa7b1ea163a7eab556f8,10,64,1,0,1,1,,,
main|shymkent_school|nc6|np5|br0.25|uniform|ms3|r300|s1,main,shymkent_school,6,5,0.25,uniform,3,300,1,769,sha256:6b79ec068f97b37868ef3bb5e6ede9124283b091eedc1ac229568933bde6f03e,8,64,1,0,2,1,c04,c04,c04
main|shymkent_school|nc6|np5|br0.25|uniform|ms3|r300|s2,main,shymkent_school,6,5,0.25,uniform,3,300,2,781,sha256:159be94dd6194da2d15a0cf58d324850a58caa77eba57c7d14e7718773640761,10,64,1,0,1,1,,,
main|shymkent_school|nc6|np5|br0.25|uniform|ms3|r300|s3,main,shymkent_school,6,5,0.25,uniform,3,300,3,967,sha256:a3cec8fafcc30378d2e84bbec8d5fe6469464a70028caf33bcdd5dace47bbb0f,9,64,1,0,4,1,c00 c04,c00 c04,c00 c04
main|shymkent_school|nc6|np5|br0.25|uniform|ms3|r300|s4,main,shymkent_school,6,5,0.25,uniform,3,300,4,759,sha256:432d196f1d084d7dd8d77f5d6d9125357fe193b9aa28b04172189ae6019857e9,9,64,1,0,2,1,c04,c04,c04
main|shymkent_school|nc6|np5|br0.25|uniform|ms3|r300|s5,main,shymkent_school,6,5,0.25,uniform,3,300,5,771,sha256:e128a0bdf7ff00a4f684fe60910cc1a28376608b3212c69fb1c3f10f7c406631,10,64,1,0,4,1,c00 c05,c00 c05,c00 c05
main|shymkent_school|nc6|np5|br0.25|uniform|ms3|r300|s6,main,shymkent_school,6,5,0.25,uniform,3,300,6,834,sha256:297bd273fc6898600ac53f8d78766ba2e8097ea6bede53be4d624ab91230ab78,10,64,1,0,2,1,c02,c02,c02
main|shymkent_school|nc6|np5|br0.25|uniform|ms3|r300|s7,main,shymkent_school,6,5,0.25,uniform,3,300,7,821,sha256:6c7d641ab72fd0c10bbfe26e622f5f14e63cf58c6a8541657b7e8453f42bfca7,10,64,1,0,2,1,c00,c00,c00
main|shymkent_school|nc6|np5|br0.25|uniform|ms3|r300|s8,main,shymkent_school,6,5,0.25,uniform,3,300,8,529,sha256:319b1519228dce120ff0b2fd713f30e7358794763bd88e8342ee1f40ac3a4d38,11,64,1,0,2,1,c00,c00,c00
main|shymkent_school|nc6|np5|br0.25|uniform|ms3|r300|s9,main,shymkent_school,6,5,0.25,uniform,3,300,9,802,sha256:9fd613c162420627abac21c81aad5768cb7441e5275a95d699fb1674a835a826,10,64,1,0,3,1,c04,c04,c04
main|shymkent_school|nc6|np5|br0.25|random_1_100|ms3|r300|s0,main,shymkent_school,6,5,0.25,random_1_100,3,300,0,735,sha256:e0d9c9a22a73111c24f6d7c9cdb365de828fd45c5dd0d0074ff36f17994db02d,7,64,1,0,2,1,c04,c04,c04
main|shymkent_school|nc6|np5|br0.25|random_1_100|ms3|r300|s1,main,shymkent_school,6,5,0.25,random_1_100,3,300,1,838,sha256:79287e29a994450ad6c480d677052c439226e90b64bdb34e61af50cb3ca8d653,8,64,1,0,2,1,c02,c02,c02
main|shymkent_school|nc6|np5|br0.25|random_1_100|ms3|r300|s2,main,shymkent_school,6,5,0.25,random_1_100,3,300,2,676,sha256:397fdef6f7d96e1ea746bd57d1e149b0a871f675f41f573bbfcc6e07719b3b81,10,64,1,0,4,1,c00 c05,c00 c05,c00 c05
main|shymkent_school|nc6|np5|br0.25|random_1_100|ms3|r300|s3,main,shymkent_school,6,5,0.25,random_1_100,3,300,3,988,sha256:ad7fc8a8804be99c2ab226b225ddfb5ac9b39f0094410950b42e557acc1b86c2,11,64,1,0,4,1,c00 c02,c00 c02,c00 c02
main|shymkent_school|nc6|np5|br0.25|random_1_100|ms3|r300|s4,main,shymkent_school,6,5,0.25,random_1_100,3,300,4,1179,sha256:4818c63785fcb7be8b5d9425e03c399e6f7d6b5af45aa09bb19833c33815a4be,7,64,1,0,2,1,c04,c04,c04
main|shymkent_school|nc6|np5|br0.25|random_1_100|ms3|r300|s5,main,shymkent_school,6,5,0.25,random_1_100,3,300,5,931,sha256:0af693827af89a806dd3e0557eb87508991faf54989885826eb05484ca033c4f,7,64,1,0,3,1,c04,c04,c04
main|shymkent_school|nc6|np5|br0.25|random_1_100|ms3|r300|s6,main,shymkent_school,6,5,0.25,random_1_100,3,300,6,931,sha256:8bafd350a2400962a1f6805277b5470cb5faaa0ed2496f784cfd329d6ea9d78b,10,64,1,0,2,2,c04,c03,c04
main|shymkent_school|nc6|np5|br0.25|random_1_100|ms3|r300|s7,main,shymkent_school,6,5,0.25,random_1_100,3,300,7,1181,sha256:a7c5111f57dc423ded7eb8c17f9b9ffbff8088076ded92d581e4d1a51014ba2c,7,64,1,0,3,2,c04,c04,c01
main|shymkent_school|nc6|np5|br0.25|random_1_100|ms3|r300|s8,main,shymkent_school,6,5,0.25,random_1_100,3,300,8,675,sha256:8f6fd4b6c28f6df21b37d8f064933d1277b3d6c9c7b895c3f4ad5b707ba25bc3,11,64,1,0,2,1,c03,c03,c03
main|shymkent_school|nc6|np5|br0.25|random_1_100|ms3|r300|s9,main,shymkent_school,6,5,0.25,random_1_100,3,300,9,678,sha256:a774115feb54894faa27b080f87f5c35e14357915d64a0a053ab893b696a548b,7,64,1,0,2,1,c03,c03,c03
main|shymkent_school|nc6|np5|br0.25|one_heavy|ms3|r300|s0,main,shymkent_school,6,5,0.25,one_heavy,3,300,0,914,sha256:7cfe039d35a7ef65c3888e01635f941b15480813ceec365146f4748ce2ad2b8e,9,64,1,0,2,1,c00,c00,c00
main|shymkent_school|nc6|np5|br0.25|one_heavy|ms3|r300|s1,main,shymkent_school,6,5,0.25,one_heavy,3,300,1,785,sha256:239cfccd2fcbcd8141dcffab62db85a5684e1766b555380971397c9f3d33f024,10,64,1,0,3,1,c02,c02,c02
main|shymkent_school|nc6|np5|br0.25|one_heavy|ms3|r300|s2,main,shymkent_school,6,5,0.25,one_heavy,3,300,2,1054,sha256:509588bd1fc37c4e7710d500d8d3b4dc8c1dea8b052fc0f0878ca74ea6f06f31,8,64,1,0,3,2,c03,c00,c03
main|shymkent_school|nc6|np5|br0.25|one_heavy|ms3|r300|s3,main,shymkent_school,6,5,0.25,one_heavy,3,300,3,1031,sha256:f7320ea5cba0fb3c5e86b06ea5304af7950b6707572ff3ba28011db6d58dd0aa,10,64,1,0,3,1,c03 c04,c03 c04,c03 c04
main|shymkent_school|nc6|np5|br0.25|one_heavy|ms3|r300|s4,main,shymkent_school,6,5,0.25,one_heavy,3,300,4,504,sha256:91404989c6492a0ff2c71b7ddad9435631dc2c0c4032d3242a5abc0edd91ee67,10,64,1,0,2,1,c00,c00,c00
main|shymkent_school|nc6|np5|br0.25|one_heavy|ms3|r300|s5,main,shymkent_school,6,5,0.25,one_heavy,3,300,5,669,sha256:07c2c3cdf47439414387e2412b7a59f36b2e52af4eda9a7b50197a541e424001,9,64,1,0,4,1,c03 c05,c03 c05,c03 c05
main|shymkent_school|nc6|np5|br0.25|one_heavy|ms3|r300|s6,main,shymkent_school,6,5,0.25,one_heavy,3,300,6,1146,sha256:9beb73bd9e464fded2886653ee7644f690ea17a60f99b03a926f8a0f2aecd092,9,64,1,0,4,1,c03 c04,c03 c04,c03 c04
main|shymkent_school|nc6|np5|br0.25|one_heavy|ms3|r300|s7,main,shymkent_school,6,5,0.25,one_heavy,3,300,7,732,sha256:215d7b5c5ec5fe5576bf8fa5d93f4b3fabb8d7db801a0e5f1115ed6c30dfc984,11,64,1,0,2,1,c03,c03,c03
main|shymkent_school|nc6|np5|br0.25|one_heavy|ms3|r300|s8,main,shymkent_school,6,5,0.25,one_heavy,3,300,8,811,sha256:8ad1cfdbd542f0727db15e02882591108ddc769abf3587cce429706d09877786,10,64,1,0,2,1,c02,c02,c02
main|shymkent_school|nc6|np5|br0.25|one_heavy|ms3|r300|s9,main,shymkent_school,6,5,0.25,one_heavy,3,300,9,683,sha256:26692fd71a07682bd77ff7bf95e29624ae5fee25cd1e2f7b87f6c3317c264d74,8,64,1,0,2,2,c01,c03,c03
main|shymkent_school|nc6|np5|br0.5|uniform|ms3|r300|s0,main,shymkent_school,6,5,0.5,uniform,3,300,0,2015,sha256:d8c7ccce8b03bb671a8d7c43674eba53632428760380b55e860623a78a6c02ba,32,64,1,0,2,1,c04,c04,c04
main|shymkent_school|nc6|np5|br0.5|uniform|ms3|r300|s1,main,shymkent_school,6,5,0.5,uniform,3,300,1,1364,sha256:e5669e745304f9f3499ebbf21766a6d6764112f09b07a5144c038efd6769d5b7,31,64,1,0,4,1,c00 c02,c00 c02,c00 c02
main|shymkent_school|nc6|np5|br0.5|uniform|ms3|r300|s2,main,shymkent_school,6,5,0.5,uniform,3,300,2,2170,sha256:751e25a9ed6764a9f467fa7624324f53b0fd4817649cc8cb66c730af753f37f4,32,64,1,0,4,1,c00 c05,c00 c05,c00 c05
main|shymkent_school|nc6|np5|br0.5|uniform|ms3|r300|s3,main,shymkent_school,6,5,0.5,uniform,3,300,3,1424,sha256:6004a363b9ef9b197f9c0520492fa5a83285b5e29f51df81230007791ab6dc0a,29,64,1,0,3,1,c02,c02,c02
main|shymkent_school|nc6|np5|br0.5|uniform|ms3|r300|s4,main,shymkent_school,6,5,0.5,uniform,3,300,4,1705,sha256:6a3c1178fae66c639236bb1ad24efe3067de11bab625e75563b514e996782b53,31,64,1,0,5,1,c03 c04,c03 c04,c03 c04
main|shymkent_school|nc6|np5|br0.5|uniform|ms3|r300|s5,main,shymkent_school,6,5,0.5,uniform,3,300,5,1559,sha256:af8cc76d5c8c7126274036f489a8e765502d6c467d4a8ea81b367f708f9bc454,31,64,1,0,4,1,c01 c04,c01 c04,c01 c04
main|shymkent_school|nc6|np5|br0.5|uniform|ms3|r300|s6,main,shymkent_school,6,5,0.5,uniform,3,300,6,1530,sha256:d3440ca37c5215c045c6cbeb81c60d0e19761831446c131c31f22a749b9d14be,31,64,1,0,3,1,c03 c05,c03 c05,c03 c05
main|shymkent_school|nc6|np5|br0.5|uniform|ms3|r300|s7,main,shymkent_school,6,5,0.5,uniform,3,300,7,1511,sha256:37d984c75d46c6409d1f0a390eebbf16948641d830b9c51e09850b4d91cc97a9,31,64,1,0,3,1,c02 c03,c02 c03,c02 c03
main|shymkent_school|nc6|np5|br0.5|uniform|ms3|r300|s8,main,shymkent_school,6,5,0.5,uniform,3,300,8,1787,sha256:03f6448b814bae2bcc808f6776bea72ecc5e796944e3b71127e4bc8d5602af15,32,64,1,0,3,1,c00,c00,c00
main|shymkent_school|nc6|np5|br0.5|uniform|ms3|r300|s9,main,shymkent_school,6,5,0.5,uniform,3,300,9,1958,sha256:3e6debfca749a3d7d8637e7dc1bbd565c593c8d5dbbe801ca15a32a10a5925a1,32,64,1,0,2,1,c03,c03,c03
main|shymkent_school|nc6|np5|br0.5|random_1_100|ms3|r300|s0,main,shymkent_school,6,5,0.5,random_1_100,3,300,0,1412,sha256:354fdb507bfdca22bde30c25e5e4260c2940d9341e0c16f4a817050cf8fd1354,32,64,1,0,2,1,c03,c03,c03
main|shymkent_school|nc6|np5|br0.5|random_1_100|ms3|r300|s1,main,shymkent_school,6,5,0.5,random_1_100,3,300,1,1967,sha256:126f6ef81624ec608ccf161d5ebcd58bb41f75f1b907ba2a6219bffacc50ad3e,32,64,1,0,4,1,c02,c02,c02
main|shymkent_school|nc6|np5|br0.5|random_1_100|ms3|r300|s2,main,shymkent_school,6,5,0.5,random_1_100,3,300,2,1593,sha256:8216efc3c20bdb09ba4ef5b334f9ca66afd7f214c6118469e590576a63582f2e,30,64,1,0,2,1,c00,c00,c00
main|shymkent_school|nc6|np5|br0.5|random_1_100|ms3|r300|s3,main,shymkent_school,6,5,0.5,random_1_100,3,300,3,1905,sha256:ae1b44557a598c646106385805b3d78e9cf6ea7b762dc579a2090576b58edb07,32,64,1,0,4,1,c01 c05,c01 c05,c01 c05
main|shymkent_school|nc6|np5|br0.5|random_1_100|ms3|r300|s4,main,shymkent_school,6,5,0.5,random_1_100,3,300,4,1645,sha256:b0be587c98856588d3fc85a8894e535adc8b981e63caa894ba7a09351387b436,31,64,1,0,4,1,c00 c03,c00 c03,c00 c03
main|shymkent_school|nc6|np5|br0.5|random_1_100|ms3|r300|s5,main,shymkent_school,6,5,0.5,random_1_100,3,300,5,1480,sha256:05dfbfa6f5f8378be9f28baff517653a524a16fb5b2298d2037e93f53bb61fd9,31,64,1,0,3,1,c02 c04,c02 c04,c02 c04
main|shymkent_school|nc6|np5|br0.5|random_1_100|ms3|r300|s6,main,shymkent_school,6,5,0.5,random_1_100,3,300,6,1421,sha256:2014d3fe3d258a3da75c239539050f3100634e555f43079b5e7ff3e0181b3920,32,64,1,0,2,1,c03,c03,c03
main|shymkent_school|nc6|np5|br0.5|random_1_100|ms3|r300|s7,main,shymkent_school,6,5,0.5,random_1_100,3,300,7,2042,sha256:cdc05587ddc3be73b4c25a98311310ca77bf00effc0c1f1086360a8edbe1106c,32,64,1,0,2,1,c03,c03,c03
main|shymkent_school|nc6|np5|br0.5|random_1_100|ms3|r300|s8,main,shymkent_school,6,5,0.5,random_1_100,3,300,8,1538,sha256:ad9ddecf3566999448cbceb6b66e714b95f65c6421d2126e5c43fa9ebf3f4253,31,64,1,0,1,1,,,
main|shymkent_school|nc6|np5|br0.5|random_1_100|ms3|r300|s9,main,shymkent_school,6,5,0.5,random_1_100,3,300,9,1352,sha256:7a78f0d0fbab123b1f824ad92bccd89d0e920b43d025897768a4d259c77240a1,32,64,1,0,2,1,c00,c00,c00
main|shymkent_school|nc6|np5|br0.5|one_heavy|ms3|r300|s0,main,shymkent_school,6,5,0.5,one_heavy,3,300,0,1765,sha256:1087d3502b5df66595dc268f586963ccce98996bfddebaccb389ed2dbd171072,32,64,1,0,6,1,c00 c03 c05,c00 c03 c05,c00 c03 c05
main|shymkent_school|nc6|np5|br0.5|one_heavy|ms3|r300|s1,main,shymkent_school,6,5,0.5,one_heavy,3,300,1,1659,sha256:4af7f6a1311d06836eaf01067d8e9a70d872d1d3f890e2d455a853c8a269f2ab,32,64,1,0,4,1,c02 c04,c02 c04,c02 c04
main|shymkent_school|nc6|np5|br0.5|one_heavy|ms3|r300|s2,main,shymkent_school,6,5,0.5,one_heavy,3,300,2,1678,sha256:3d12852ee1e51256aceeb60640abb40ea433aa7eca9b0b42232aba45ab03464e,32,64,1,0,4,1,c04 c05,c04 c05,c04 c05
main|shymkent_school|nc6|np5|br0.5|one_heavy|ms3|r300|s3,main,shymkent_school,6,5,0.5,one_heavy,3,300,3,1604,sha256:ec2e1cb3475c3e47d0ea885e41fa72ef126d028f0d859562241c6529785310b4,32,64,1,0,9,2,c01 c04,c01 c04,c00 c01 c03
main|shymkent_school|nc6|np5|br0.5|one_heavy|ms3|r300|s4,main,shymkent_school,6,5,0.5,one_heavy,3,300,4,1651,sha256:3f102ea272cede6b0c079560e3503f450cc9121e9ede378fb868073083160b11,31,64,1,0,3,1,c01 c03,c01 c03,c01 c03
main|shymkent_school|nc6|np5|br0.5|one_heavy|ms3|r300|s5,main,shymkent_school,6,5,0.5,one_heavy,3,300,5,1787,sha256:54fa2716d67308ecbfb734753512c6159aec4896cab5814ba04df8f038688e0f,32,64,1,0,2,1,c04,c04,c04
main|shymkent_school|nc6|np5|br0.5|one_heavy|ms3|r300|s6,main,shymkent_school,6,5,0.5,one_heavy,3,300,6,1935,sha256:9c8f0b8490e4d5bd3a1900a0c9a9391852ddc12dac98aaf4c0983db3ee4b3cd8,32,64,1,0,3,1,c00 c03,c00 c03,c00 c03
main|shymkent_school|nc6|np5|br0.5|one_heavy|ms3|r300|s7,main,shymkent_school,6,5,0.5,one_heavy,3,300,7,1660,sha256:50078b6337e1889a23f17632cd80e3e658db5fdcfd0a2eafbb07ff54da3dca67,31,64,1,0,5,1,c04 c05,c04 c05,c04 c05
main|shymkent_school|nc6|np5|br0.5|one_heavy|ms3|r300|s8,main,shymkent_school,6,5,0.5,one_heavy,3,300,8,1572,sha256:f33ae7a3e75c701fda69f1ec5b5eebdc2a39847a01dc72fcb91446c1146edc45,31,64,1,0,4,1,c01 c05,c01 c05,c01 c05
main|shymkent_school|nc6|np5|br0.5|one_heavy|ms3|r300|s9,main,shymkent_school,6,5,0.5,one_heavy,3,300,9,2005,sha256:7757943b4d88d27da412e4fd55c12f59630f566cd0ec9a99244ca3ea5956337e,32,64,1,0,4,1,c02 c05,c02 c05,c02 c05
main|shymkent_school|nc6|np5|br1.0|uniform|ms3|r300|s0,main,shymkent_school,6,5,1.0,uniform,3,300,0,3304,sha256:aac98387070ee23ebaf617aaf884e06a55554ac098ff6b44526ca50848eec94c,42,64,0,0,3,1,c00 c02,c00 c02,c00 c02
main|shymkent_school|nc6|np5|br1.0|uniform|ms3|r300|s1,main,shymkent_school,6,5,1.0,uniform,3,300,1,2709,sha256:0c55e96149b66a600526684d58bde20eb3a170face8115ef207b3f4ed2f908bf,42,64,0,0,5,1,c00 c03 c05,c00 c03 c05,c00 c03 c05
main|shymkent_school|nc6|np5|br1.0|uniform|ms3|r300|s2,main,shymkent_school,6,5,1.0,uniform,3,300,2,4339,sha256:46f79e66dd181bb33d26222e596d4d1905576127a4df25a98acb36f6c77c5f91,42,64,0,0,4,1,c01 c04,c01 c04,c01 c04
main|shymkent_school|nc6|np5|br1.0|uniform|ms3|r300|s3,main,shymkent_school,6,5,1.0,uniform,3,300,3,3279,sha256:63fb419e4f755149531df091dcff4b8595f4517fc796f42e89c2c4f6d3cd2407,42,64,0,0,2,1,c03,c03,c03
main|shymkent_school|nc6|np5|br1.0|uniform|ms3|r300|s4,main,shymkent_school,6,5,1.0,uniform,3,300,4,3129,sha256:5ad21cec01b3de635ecc16e59cde9e3035d3096e27d6f8b07a81ea5f3bf18d05,42,64,0,0,3,1,c02,c02,c02
main|shymkent_school|nc6|np5|br1.0|uniform|ms3|r300|s5,main,shymkent_school,6,5,1.0,uniform,3,300,5,3708,sha256:ebbc26d8e010c9fc0130a2805a37d6e8796a62206fcdfe48bef415d39ef1933b,42,64,0,0,2,1,c02,c02,c02
main|shymkent_school|nc6|np5|br1.0|uniform|ms3|r300|s6,main,shymkent_school,6,5,1.0,uniform,3,300,6,2293,sha256:52ada894f3d07ddbe3d29673d5acb6e4bff792b339ab4fa3e2364a702a3acd15,42,64,0,0,6,1,c00 c01 c04,c00 c01 c04,c00 c01 c04
main|shymkent_school|nc6|np5|br1.0|uniform|ms3|r300|s7,main,shymkent_school,6,5,1.0,uniform,3,300,7,4050,sha256:b501f96c499cf8a10179300ffb53b16fa3660c37b09ebcbf5f0f5949728b899e,42,64,0,0,5,1,c00 c04,c00 c04,c00 c04
main|shymkent_school|nc6|np5|br1.0|uniform|ms3|r300|s8,main,shymkent_school,6,5,1.0,uniform,3,300,8,2955,sha256:6b26db906861cc2d75ea333ce9b124ba07d1a7ca9188103ad8da04dc0e858dbf,42,64,0,0,4,1,c00 c05,c00 c05,c00 c05
main|shymkent_school|nc6|np5|br1.0|uniform|ms3|r300|s9,main,shymkent_school,6,5,1.0,uniform,3,300,9,3181,sha256:7a7d4f756e55afa3aeda4622718dc7b7601e1a2a5d569236967b6279860cb0d7,42,64,0,0,2,1,c01,c01,c01
main|shymkent_school|nc6|np5|br1.0|random_1_100|ms3|r300|s0,main,shymkent_school,6,5,1.0,random_1_100,3,300,0,2666,sha256:9f93bda7107a909af21d4fc1660827ad568fa82345adde20eeb7554b3d6ff57e,42,64,0,0,1,1,,,
main|shymkent_school|nc6|np5|br1.0|random_1_100|ms3|r300|s1,main,shymkent_school,6,5,1.0,random_1_100,3,300,1,3277,sha256:30799055acdd2601189fa3e01dfffe39d591eb85e4f9090817bef060df72dd98,42,64,0,0,3,1,c00 c02,c00 c02,c00 c02
main|shymkent_school|nc6|np5|br1.0|random_1_100|ms3|r300|s2,main,shymkent_school,6,5,1.0,random_1_100,3,300,2,2510,sha256:f883c37d701fe8d62f0ba96f7c9a54431dc3d0a4fec0410a03d8f99d5144c704,42,64,0,0,2,1,c00,c00,c00
main|shymkent_school|nc6|np5|br1.0|random_1_100|ms3|r300|s3,main,shymkent_school,6,5,1.0,random_1_100,3,300,3,3558,sha256:42e67de39c7a762fcf8d69702b5b41a678e29c6c74740a1723f4ee3ab1e859dd,42,64,0,0,3,1,c00 c05,c00 c05,c00 c05
main|shymkent_school|nc6|np5|br1.0|random_1_100|ms3|r300|s4,main,shymkent_school,6,5,1.0,random_1_100,3,300,4,3239,sha256:ad8317cffd4cf442a5fc2f02fa6d2a5acc41e0b7503ee8d0750ed1945d0cc58a,42,64,0,0,2,1,c02,c02,c02
main|shymkent_school|nc6|np5|br1.0|random_1_100|ms3|r300|s5,main,shymkent_school,6,5,1.0,random_1_100,3,300,5,3310,sha256:68f7bebda455ec9198bacae0342908460d02993fbba8ad3cb1472d4167de1767,42,64,0,0,4,1,c02 c04,c02 c04,c02 c04
main|shymkent_school|nc6|np5|br1.0|random_1_100|ms3|r300|s6,main,shymkent_school,6,5,1.0,random_1_100,3,300,6,3396,sha256:66fbc976606a309ca5ff2e0abdef11c76c1ba73ea547d0e81cca231f1115505b,42,64,0,0,1,1,,,
main|shymkent_school|nc6|np5|br1.0|random_1_100|ms3|r300|s7,main,shymkent_school,6,5,1.0,random_1_100,3,300,7,3994,sha256:084306e2b62ea2382cf66592f1b86f87ec551c3c8d4b164a9ae1c3ab522b23f7,42,64,0,0,2,1,c02,c02,c02
main|shymkent_school|nc6|np5|br1.0|random_1_100|ms3|r300|s8,main,shymkent_school,6,5,1.0,random_1_100,3,300,8,3610,sha256:ba08ab31472295d15cf53b3b4e42ea57cd466699e2fdb74550119eb7bd91bb6f,42,64,0,0,2,1,c00,c00,c00
main|shymkent_school|nc6|np5|br1.0|random_1_100|ms3|r300|s9,main,shymkent_school,6,5,1.0,random_1_100,3,300,9,3695,sha256:9dad580f31500bf66b821abe3dffa02c2259ade3315fe777be21271fca96821f,42,64,0,0,1,1,,,
main|shymkent_school|nc6|np5|br1.0|one_heavy|ms3|r300|s0,main,shymkent_school,6,5,1.0,one_heavy,3,300,0,2306,sha256:8299c4765f848b48eb233c3a2cea4fcefefa9b375ecc44bc211cfe185956659e,42,64,0,0,3,1,c00 c04,c00 c04,c00 c04
main|shymkent_school|nc6|np5|br1.0|one_heavy|ms3|r300|s1,main,shymkent_school,6,5,1.0,one_heavy,3,300,1,3957,sha256:aa4c7dc6b8c21e10c8c3117044c8ea5341faf99a6dd79d8732d1aa761d570eb0,42,64,0,0,2,1,c03,c03,c03
main|shymkent_school|nc6|np5|br1.0|one_heavy|ms3|r300|s2,main,shymkent_school,6,5,1.0,one_heavy,3,300,2,3706,sha256:c9998983ecddc2bf28ffcb97a9b663f68b52ce22812e7d2db50de3cd4d4cbceb,42,64,0,0,2,1,c04,c04,c04
main|shymkent_school|nc6|np5|br1.0|one_heavy|ms3|r300|s3,main,shymkent_school,6,5,1.0,one_heavy,3,300,3,2098,sha256:1f41d55ecede50e7d167937f9aba883aa0f66cd23892b0f331a339920db7f756,42,64,0,0,2,1,c02,c02,c02
main|shymkent_school|nc6|np5|br1.0|one_heavy|ms3|r300|s4,main,shymkent_school,6,5,1.0,one_heavy,3,300,4,3080,sha256:248b4ed15ae814f5a7bf80b01792129368755741f52d18f8fe24d429a5450ceb,42,64,0,0,4,1,c03,c03,c03
main|shymkent_school|nc6|np5|br1.0|one_heavy|ms3|r300|s5,main,shymkent_school,6,5,1.0,one_heavy,3,300,5,3219,sha256:7bad0ffdd956a7fb4a0d3596ce198d435ebb6c26cb4f23559ea0204e54996ea9,42,64,0,0,4,1,c01 c02 c03,c01 c02 c03,c01 c02 c03
main|shymkent_school|nc6|np5|br1.0|one_heavy|ms3|r300|s6,main,shymkent_school,6,5,1.0,one_heavy,3,300,6,2510,sha256:f243bf2b679ed9e6b537948c121f74608194ad0e4862fa95ebacef418be2054d,42,64,0,0,4,1,c03 c04 c05,c03 c04 c05,c03 c04 c05
main|shymkent_school|nc6|np5|br1.0|one_heavy|ms3|r300|s7,main,shymkent_school,6,5,1.0,one_heavy,3,300,7,3427,sha256:54eeabe67f6e143ac6bdcda2803c128774106257d95248c922e8032dec493111,42,64,0,0,2,1,c03,c03,c03
main|shymkent_school|nc6|np5|br1.0|one_heavy|ms3|r300|s8,main,shymkent_school,6,5,1.0,one_heavy,3,300,8,2679,sha256:6bd1ae99bbc813d615d72338aa56035e1da46ca95430e306a112ded9e578469f,42,64,0,0,5,1,c01 c02 c03,c01 c02 c03,c01 c02 c03
main|shymkent_school|nc6|np5|br1.0|one_heavy|ms3|r300|s9,main,shymkent_school,6,5,1.0,one_heavy,3,300,9,2135,sha256:861e69c334e42c7b39ae99d2cd43503a65c52beda5733373bb574aa39d88c5e4,42,64,0,0,2,1,c01,c01,c01
main|shymkent_school|nc6|np15|br0.25|uniform|ms3|r300|s0,main,shymkent_school,6,15,0.25,uniform,3,300,0,770,sha256:58beb3cc3cea6371a68f57196f0c52dc39f38f2b11844836a3fd681550441032,9,64,1,0,3,1,c00 c04,c00 c04,c00 c04
main|shymkent_school|nc6|np15|br0.25|uniform|ms3|r300|s1,main,shymkent_school,6,15,0.25,uniform,3,300,1,714,sha256:f84bc4243f94d56f63fbb06bc771ceb89ee4a67001cfff9f3cfebd6edd84ee86,9,64,1,0,5,1,c00,c00,c00
main|shymkent_school|nc6|np15|br0.25|uniform|ms3|r300|s2,main,shymkent_school,6,15,0.25,uniform,3,300,2,719,sha256:5ecd73b6e9c9e147ac398968e238555f34a4f626c94d69f405eeb4e700d9ad9c,10,64,1,0,2,1,c01,c01,c01
main|shymkent_school|nc6|np15|br0.25|uniform|ms3|r300|s3,main,shymkent_school,6,15,0.25,uniform,3,300,3,725,sha256:2e1f79b9caf294eb896250fe2532adbed87108a785f7f1bb5123c53f2a93da4f,10,64,1,0,4,1,c02 c03,c02 c03,c02 c03
main|shymkent_school|nc6|np15|br0.25|uniform|ms3|r300|s4,main,shymkent_school,6,15,0.25,uniform,3,300,4,874,sha256:5b5f5d7efca6eb51041bc24011ec7a69d0c023fb3f0decd4437a589ed6d04e0d,9,64,1,0,3,1,c03 c04,c03 c04,c03 c04
main|shymkent_school|nc6|np15|br0.25|uniform|ms3|r300|s5,main,shymkent_school,6,15,0.25,uniform,3,300,5,795,sha256:0216b11a1beef83e15fab034c0aa64b7eabcdafe9be36b398e0448afe5fe1ceb,9,64,1,0,2,2,c04,c04,c01
main|shymkent_school|nc6|np15|br0.25|uniform|ms3|r300|s6,main,shymkent_school,6,15,0.25,uniform,3,300,6,546,sha256:4b7c708014bcc63f8ca61347a2cb303cca172e6a0289ee150893b6f1586f1f47,9,64,1,0,5,1,c00 c05,c00 c05,c00 c05
main|shymkent_school|nc6|np15|br0.25|uniform|ms3|r300|s7,main,shymkent_school,6,15,0.25,uniform,3,300,7,781,sha256:d37e8b424940e5d2b31a768e12b6e86917d74685922e8564b4c8d92a4f621c5c,11,64,1,0,2,1,c04,c04,c04
main|shymkent_school|nc6|np15|br0.25|uniform|ms3|r300|s8,main,shymkent_school,6,15,0.25,uniform,3,300,8,705,sha256:57432738a465aa00137673e49df4f09c3ef66115b5b0250370562e19a3bdf663,10,64,1,0,4,1,c00 c05,c00 c05,c00 c05
main|shymkent_school|nc6|np15|br0.25|uniform|ms3|r300|s9,main,shymkent_school,6,15,0.25,uniform,3,300,9,1040,sha256:46e839dde6aabfba344387dd502e19536dc0ad55f0916b849c61b0d0cb9b8539,8,64,1,0,2,2,c05,c03,c05
main|shymkent_school|nc6|np15|br0.25|random_1_100|ms3|r300|s0,main,shymkent_school,6,15,0.25,random_1_100,3,300,0,1034,sha256:0b347158507af34b478cc11dc83b6b27e3d9fa56dfa2b92fb9e8df7874acac77,10,64,1,0,4,2,c01 c05,c04,c01 c05
main|shymkent_school|nc6|np15|br0.25|random_1_100|ms3|r300|s1,main,shymkent_school,6,15,0.25,random_1_100,3,300,1,923,sha256:ad6c41bfa83c5c5d49213bc86d62ecd33470f16c0d20c482681d0f07500be86f,8,64,1,0,3,1,c04,c04,c04
main|shymkent_school|nc6|np15|br0.25|random_1_100|ms3|r300|s2,main,shymkent_school,6,15,0.25,random_1_100,3,300,2,998,sha256:704d34e7855095c86e54fcb1e7c5c3487b313765eb57b1d9b331b81e3741736b,8,64,1,0,4,1,c01,c01,c01
main|shymkent_school|nc6|np15|br0.25|random_1_100|ms3|r300|s3,main,shymkent_school,6,15,0.25,random_1_100,3,300,3,984,sha256:b1501d819858afd179934fa4e672975834ed9b17e9ab3c26dbaf444aff27dd83,10,64,1,0,4,1,c03,c03,c03
main|shymkent_school|nc6|np15|br0.25|random_1_100|ms3|r300|s4,main,shymkent_school,6,15,0.25,random_1_100,3,300,4,835,sha256:bdb9d1732dfcb298903f905b8e845b502fae3c1097a9d14d387fbc5aca22ed5c,10,64,1,0,2,1,c01,c01,c01
main|shymkent_school|nc6|np15|br0.25|random_1_100|ms3|r300|s5,main,shymkent_school,6,15,0.25,random_1_100,3,300,5,1179,sha256:c0b6841beeb2b87d35c21063accbe8c55bcf96df540829bfb5ab87d9f47a0b6c,7,64,1,0,4,2,c03,c01,c03
main|shymkent_school|nc6|np15|br0.25|random_1_100|ms3|r300|s6,main,shymkent_school,6,15,0.25,random_1_100,3,300,6,599,sha256:d2d1e7f8f943accb7fedc706f5aa9f02ca13c6bc9a1f79f41e4a3405741b3196,13,64,1,0,3,1,c02 c05,c02 c05,c02 c05
main|shymkent_school|nc6|np15|br0.25|random_1_100|ms3|r300|s7,main,shymkent_school,6,15,0.25,random_1_100,3,300,7,756,sha256:aa54ee3f65e0a7828aa36d41b5b3535e36e43a096c3867027c9a9565951e6e42,9,64,1,0,2,1,c04,c04,c04
main|shymkent_school|nc6|np15|br0.25|random_1_100|ms3|r300|s8,main,shymkent_school,6,15,0.25,random_1_100,3,300,8,921,sha256:822ab941ec43af02cb689c1e6a40135038c77b66d261da4a05ccdc870a105349,9,64,1,0,3,1,c04,c04,c04
main|shymkent_school|nc6|np15|br0.25|random_1_100|ms3|r300|s9,main,shymkent_school,6,15,0.25,random_1_100,3,300,9,1063,sha256:9514a4db93369ad736705b84daee1dc257afb63d55f9c3763ef1a31d2ba1e5b7,7,64,1,0,3,1,c03,c03,c03
main|shymkent_school|nc6|np15|br0.25|one_heavy|ms3|r300|s0,main,shymkent_school,6,15,0.25,one_heavy,3,300,0,709,sha256:0eaad1fce492b07ec5645f72ecf45d509eaa488b951f8f8efab236907ede7aa0,9,64,1,0,5,2,c04 c05,c00 c05,c04 c05
main|shymkent_school|nc6|np15|br0.25|one_heavy|ms3|r300|s1,main,shymkent_school,6,15,0.25,one_heavy,3,300,1,684,sha256:8fda6822c9103ddfac5b0deedad15ad1fab769e33f838c5148479227fa95ef06,10,64,1,0,5,2,c00 c05,c00 c04,c00 c05
main|shymkent_school|nc6|np15|br0.25|one_heavy|ms3|r300|s2,main,shymkent_school,6,15,0.25,one_heavy,3,300,2,813,sha256:f5f109d1933ca62af4a65771e4d250c4d8ef4c449d619ddfad426ec380039e68,8,64,1,0,2,1,c05,c05,c05
main|shymkent_school|nc6|np15|br0.25|one_heavy|ms3|r300|s3,main,shymkent_school,6,15,0.25,one_heavy,3,300,3,928,sha256:0cbac59fca6f8b2a502b1739a086247bbce974f55b698bad3dd5b4c7d82ca199,9,64,1,0,2,1,c01,c01,c01
main|shymkent_school|nc6|np15|br0.25|one_heavy|ms3|r300|s4,main,shymkent_school,6,15,0.25,one_heavy,3,300,4,894,sha256:c24c8e850b9880a4257fd4fbf7531d53e9459b701af07ac1551251e8a13aa90b,9,64,1,0,2,1,c01,c01,c01
main|shymkent_school|nc6|np15|br0.25|one_heavy|ms3|r300|s5,main,shymkent_school,6,15,0.25,one_heavy,3,300,5,748,sha256:41d84e6c0b91d124d0e728229c8640770248628601038b000e9a17136c18cbb3,11,64,1,0,3,1,c04,c04,c04
main|shymkent_school|nc6|np15|br0.25|one_heavy|ms3|r300|s6,main,shymkent_school,6,15,0.25,one_heavy,3,300,6,928,sha256:0bc84e9a1df25b894bdf1aa019d02cd50260c4e168c6bc2754ae7b6ebe072aa0,9,64,1,0,6,2,c03 c05,c00,c03 c05
main|shymkent_school|nc6|np15|br0.25|one_heavy|ms3|r300|s7,main,shymkent_school,6,15,0.25,one_heavy,3,300,7,838,sha256:6af74e7fdc4914b7febb5769decc0dfec1cd27e46725398fe027dbe159dd03b1,9,64,1,0,5,2,c00,c01 c02,c00
main|shymkent_school|nc6|np15|br0.25|one_heavy|ms3|r300|s8,main,shymkent_school,6,15,0.25,one_heavy,3,300,8,759,sha256:268c17dbd0f4b21b97f1f6a22d623d10fb6216fc7e6b9841446ed137025e4464,9,64,1,0,4,1,c02,c02,c02
main|shymkent_school|nc6|np15|br0.25|one_heavy|ms3|r300|s9,main,shymkent_school,6,15,0.25,one_heavy,3,300,9,1185,sha256:5a4e67fe579a0f97fb193f73e872a1fd8c2e74c501cccd35647b86ff6a5dd6cd,8,64,1,0,2,2,c05,c05,c02
main|shymkent_school|nc6|np15|br0.5|uniform|ms3|r300|s0,main,shymkent_school,6,15,0.5,uniform,3,300,0,2032,sha256:21bdeac384531bf14371f7a49f1f73abf4dcade057b63bc4a0ada00baf6a4e49,32,64,1,0,8,1,c01 c03 c05,c01 c03 c05,c01 c03 c05
main|shymkent_school|nc6|np15|br0.5|uniform|ms3|r300|s1,main,shymkent_school,6,15,0.5,uniform,3,300,1,1610,sha256:527eb86f2670043cba445d6b328513de596d472cd0f8503010afe778ebef4b2f,32,64,1,0,6,1,c01 c02 c05,c01 c02 c05,c01 c02 c05
main|shymkent_school|nc6|np15|br0.5|uniform|ms3|r300|s2,main,shymkent_school,6,15,0.5,uniform,3,300,2,1961,sha256:ceceb49d010aafed938f2ac4b19c90990089167cc1ad192de2869bb02ac6bc39,32,64,1,0,4,1,c02 c05,c02 c05,c02 c05
main|shymkent_school|nc6|np15|br0.5|uniform|ms3|r300|s3,main,shymkent_school,6,15,0.5,uniform,3,300,3,1909,sha256:da3179fb9cb9da8fa51791a2370ee9524ec97c042d90db961ed8d1ec6ae16e1a,32,64,1,0,7,2,c03 c04 c05,c03 c04 c05,c00 c03 c04
main|shymkent_school|nc6|np15|br0.5|uniform|ms3|r300|s4,main,shymkent_school,6,15,0.5,uniform,3,300,4,976,sha256:5995aafa0412093e9968c9007f7309eae41aba53aff55b6dcf49972c26718b48,29,64,1,0,5,1,c03 c05,c03 c05,c03 c05
main|shymkent_school|nc6|np15|br0.5|uniform|ms3|r300|s5,main,shymkent_school,6,15,0.5,uniform,3,300,5,1116,sha256:38a9eb8a3c6da3647885d7816dc7635473329126c4b82d6abb5ca2ea912f1519,29,64,1,0,5,2,c00 c01 c05,c00 c01 c05,c00 c02
main|shymkent_school|nc6|np15|br0.5|uniform|ms3|r300|s6,main,shymkent_school,6,15,0.5,uniform,3,300,6,1361,sha256:08c3dc151011765dc54b7c8a415fda90b9b745b5aa263d9792e9955eb5cfa46f,32,64,1,0,4,1,c00 c02,c00 c02,c00 c02
main|shymkent_school|nc6|np15|br0.5|uniform|ms3|r300|s7,main,shymkent_school,6,15,0.5,uniform,3,300,7,1796,sha256:e6f5755079040494956d2f0abd89ca943ed9dc99b87a173417ade5bed97c51af,31,64,1,0,7,1,c00 c02 c05,c00 c02 c05,c00 c02 c05
main|shymkent_school|nc6|np15|br0.5|uniform|ms3|r300|s8,main,shymkent_school,6,15,0.5,uniform,3,300,8,1613,sha256:6bc4346ce627795975cdbbcd5464ff4c70055a6846088d62f814e4d944b88ba0,31,64,1,0,6,1,c00 c02 c04,c00 c02 c04,c00 c02 c04
main|shymkent_school|nc6|np15|br0.5|uniform|ms3|r300|s9,main,shymkent_school,6,15,0.5,uniform,3,300,9,1562,sha256:92649a4ab6ea771fafad8945c3228bef7fefdf2542fb44eeff2bf1066f2080d8,32,64,1,0,5,1,c00 c03 c05,c00 c03 c05,c00 c03 c05
main|shymkent_school|nc6|np15|br0.5|random_1_100|ms3|r300|s0,main,shymkent_school,6,15,0.5,random_1_100,3,300,0,1691,sha256:55779180e46ee43c5d8a688db9adfda4b4a616854673d39410fe9eb906600bc8,31,64,1,0,6,1,c02 c03 c05,c02 c03 c05,c02 c03 c05
main|shymkent_school|nc6|np15|br0.5|random_1_100|ms3|r300|s1,main,shymkent_school,6,15,0.5,random_1_100,3,300,1,1175,sha256:497d0d96fd316338b43d41d4a2357272e2f05831e63bb2e24983b7df76f27a0b,27,64,1,0,4,1,c01 c04,c01 c04,c01 c04
main|shymkent_school|nc6|np15|br0.5|random_1_100|ms3|r300|s2,main,shymkent_school,6,15,0.5,random_1_100,3,300,2,1765,sha256:017eab074bddcd300b62f06b918518ae0fc9db88266761c9ca31875168567861,32,64,1,0,7,1,c01 c03 c05,c01 c03 c05,c01 c03 c05
main|shymkent_school|nc6|np15|br0.5|random_1_100|ms3|r300|s3,main,shymkent_school,6,15,0.5,random_1_100,3,300,3,1265,sha256:9f5888d058bc0d2bf7d912dd499a7874aaaa5e83ed2ca43cf0c297361b688a90,30,64,1,0,6,2,c02 c03 c04,c02 c03 c04,c00 c04
main|shymkent_school|nc6|np15|br0.5|random_1_100|ms3|r300|s4,main,shymkent_school,6,15,0.5,random_1_100,3,300,4,1636,sha256:a6e6367d251b107d7b3f0ca4a2853edd2bd55fddb0bcf722898a5ca444a3506b,32,64,1,0,5,1,c02 c03 c05,c02 c03 c05,c02 c03 c05
main|shymkent_school|nc6|np15|br0.5|random_1_100|ms3|r300|s5,main,shymkent_school,6,15,0.5,random_1_100,3,300,5,1311,sha256:8d206a0c154342985efb12a8608752e5a44e3c4e7280fe8c9eb6e578439129a9,30,64,1,0,3,1,c00 c05,c00 c05,c00 c05
main|shymkent_school|nc6|np15|br0.5|random_1_100|ms3|r300|s6,main,shymkent_school,6,15,0.5,random_1_100,3,300,6,1177,sha256:b783e093481ab93c1b64ad1fe355299ba75df4378b32d9fc20df01f28c59793c,29,64,1,0,10,2,c02 c04 c05,c02 c04 c05,c01 c02 c05
main|shymkent_school|nc6|np15|br0.5|random_1_100|ms3|r300|s7,main,shymkent_school,6,15,0.5,random_1_100,3,300,7,1709,sha256:53c14c998b2e72d5dde4c0f4bb5c9cdc0c8c3bcec5b2aa02c1de746afe7bc035,30,64,1,0,6,1,c01 c03 c04,c01 c03 c04,c01 c03 c04
main|shymkent_school|nc6|np15|br0.5|random_1_100|ms3|r300|s8,main,shymkent_school,6,15,0.5,random_1_100,3,300,8,1575,sha256:8a2e446c202040a89e8bb68a2baafbcc748266b2490f0cbf5ac2c8138c9a53b8,31,64,1,0,11,2,c00 c01 c05,c00 c01 c05,c00 c02 c03
main|shymkent_school|nc6|np15|br0.5|random_1_100|ms3|r300|s9,main,shymkent_school,6,15,0.5,random_1_100,3,300,9,1133,sha256:f4debd53356229ea6b90456fe8d6283ea3ba76d46eeda1d51edb538363cb9b86,31,64,1,0,6,1,c02 c03 c04,c02 c03 c04,c02 c03 c04
main|shymkent_school|nc6|np15|br0.5|one_heavy|ms3|r300|s0,main,shymkent_school,6,15,0.5,one_heavy,3,300,0,1088,sha256:18c1b743ed5b955813afbcfa48fef73569677cb22514bc879525ce890ac0b5fb,30,64,1,0,7,1,c01 c02 c03,c01 c02 c03,c01 c02 c03
main|shymkent_school|nc6|np15|br0.5|one_heavy|ms3|r300|s1,main,shymkent_school,6,15,0.5,one_heavy,3,300,1,1472,sha256:61332bd0cdfed47acd9f57dd1e2ce3c84830392b2a5e997636945ca6fd6fa30a,32,64,1,0,7,1,c00 c04 c05,c00 c04 c05,c00 c04 c05
main|shymkent_school|nc6|np15|br0.5|one_heavy|ms3|r300|s2,main,shymkent_school,6,15,0.5,one_heavy,3,300,2,1729,sha256:5baf84411eb72ae570be5a6b66584ea047200014a074138c4a7657994511d44d,32,64,1,0,2,1,c03,c03,c03
main|shymkent_school|nc6|np15|br0.5|one_heavy|ms3|r300|s3,main,shymkent_school,6,15,0.5,one_heavy,3,300,3,1389,sha256:6ebae629edcb26fe81d4b719fa1ab715b702c1be5a1201f347e87de9155a6aea,31,64,1,0,4,1,c01 c03 c05,c01 c03 c05,c01 c03 c05
main|shymkent_school|nc6|np15|br0.5|one_heavy|ms3|r300|s4,main,shymkent_school,6,15,0.5,one_heavy,3,300,4,1908,sha256:42c2ae04f62ced6fe6dc23fb74d4f97875b1aedd6833683ff29960f748cdd55f,32,64,1,0,7,2,c02 c03 c04,c02 c03 c04,c00 c03 c04
main|shymkent_school|nc6|np15|br0.5|one_heavy|ms3|r300|s5,main,shymkent_school,6,15,0.5,one_heavy,3,300,5,1345,sha256:d9bd2f632497750f6eb8c19ffc3e189ebde2959bd4b8a6612c17a0cb5e08b7e4,31,64,1,0,3,1,c03 c04,c03 c04,c03 c04
main|shymkent_school|nc6|np15|br0.5|one_heavy|ms3|r300|s6,main,shymkent_school,6,15,0.5,one_heavy,3,300,6,1558,sha256:8dea9ca0f15042eafee418eab72395b3d6c39c88970faa10e313ab9ba3c0349f,31,64,1,0,2,1,c04,c04,c04
main|shymkent_school|nc6|np15|br0.5|one_heavy|ms3|r300|s7,main,shymkent_school,6,15,0.5,one_heavy,3,300,7,1512,sha256:badb52008004e7fa43722a626c6cb45e42500465fe54c88144f895710b4f273f,31,64,1,0,5,1,c00 c02 c04,c00 c02 c04,c00 c02 c04
main|shymkent_school|nc6|np15|br0.5|one_heavy|ms3|r300|s8,main,shymkent_school,6,15,0.5,one_heavy,3,300,8,1754,sha256:f42dfc5b0880cd88783f1c881394b1059bf09d1480b0843673fe5babb6996b88,31,64,1,0,4,1,c01 c02 c03,c01 c02 c03,c01 c02 c03
main|shymkent_school|nc6|np15|br0.5|one_heavy|ms3|r300|s9,main,shymkent_school,6,15,0.5,one_heavy,3,300,9,1956,sha256:fcea264c4f1589bf91fe3dc1935e99d737b2f74dd670576f8b37a0d6e77d7197,32,64,1,0,4,1,c01 c02 c03,c01 c02 c03,c01 c02 c03
main|shymkent_school|nc6|np15|br1.0|uniform|ms3|r300|s0,main,shymkent_school,6,15,1.0,uniform,3,300,0,2361,sha256:85b9a9bb7fea7ce13431f4ceb5e10cd14c6381a21b0a9e793a0ca53965db0566,42,64,0,0,8,1,c00 c02 c04,c00 c02 c04,c00 c02 c04
main|shymkent_school|nc6|np15|br1.0|uniform|ms3|r300|s1,main,shymkent_school,6,15,1.0,uniform,3,300,1,3128,sha256:c6c47b642e1709d3df87563ed12b4eb4c1754ae38ec6c04cf8bd32e0a2a3b2be,42,64,0,0,4,1,c00 c01 c05,c00 c01 c05,c00 c01 c05
main|shymkent_school|nc6|np15|br1.0|uniform|ms3|r300|s2,main,shymkent_school,6,15,1.0,uniform,3,300,2,2692,sha256:bb630ca4470d2f216971817f5408cdd1af803e533578c6765e7b24bf4817937b,42,64,0,0,6,2,c00 c03 c04,c00 c03 c04,c00 c01 c04
main|shymkent_school|nc6|np15|br1.0|uniform|ms3|r300|s3,main,shymkent_school,6,15,1.0,uniform,3,300,3,5285,sha256:67e43577b04edd26d28fe539a35e8f4abfa06c07246874cc8478c52b6504ab0a,42,64,0,0,6,1,c00 c01 c02,c00 c01 c02,c00 c01 c02
main|shymkent_school|nc6|np15|br1.0|uniform|ms3|r300|s4,main,shymkent_school,6,15,1.0,uniform,3,300,4,2945,sha256:6369c56ad0ae8e45dbbf1a565319810ab2d97c6fd118b0ca182729d4566f7b91,42,64,0,0,10,1,c00 c02 c05,c00 c02 c05,c00 c02 c05
main|shymkent_school|nc6|np15|br1.0|uniform|ms3|r300|s5,main,shymkent_school,6,15,1.0,uniform,3,300,5,3924,sha256:edaf702c4855920330a9c875270c60152cde1b6c0f91406eaa36e6f73ab46a29,42,64,0,0,6,1,c00 c03 c05,c00 c03 c05,c00 c03 c05
main|shymkent_school|nc6|np15|br1.0|uniform|ms3|r300|s6,main,shymkent_school,6,15,1.0,uniform,3,300,6,1877,sha256:f74fdaf8c91b7cb21ba9f9e72170b1a6c626d0c86bcad8fbd0dfe2fca2a0e771,42,64,0,0,5,1,c01 c03 c04,c01 c03 c04,c01 c03 c04
main|shymkent_school|nc6|np15|br1.0|uniform|ms3|r300|s7,main,shymkent_school,6,15,1.0,uniform,3,300,7,3902,sha256:ffed27d1953772955daa7aec2ec22b8e7f1024106fae2a5b35293e85855edfe7,42,64,0,0,6,1,c00 c02 c03,c00 c02 c03,c00 c02 c03
main|shymkent_school|nc6|np15|br1.0|uniform|ms3|r300|s8,main,shymkent_school,6,15,1.0,uniform,3,300,8,3113,sha256:e11d3224470a4a4f9320af91db2776abe22c1097d3a82389abc4ba0ed17490b1,42,64,0,0,6,1,c00 c04 c05,c00 c04 c05,c00 c04 c05
main|shymkent_school|nc6|np15|br1.0|uniform|ms3|r300|s9,main,shymkent_school,6,15,1.0,uniform,3,300,9,3792,sha256:59aa2adae64df786e288c8f072732826a7d1dcf65ce7d7d6daa58c7d83da81c6,42,64,0,0,5,1,c04 c05,c04 c05,c04 c05
main|shymkent_school|nc6|np15|br1.0|random_1_100|ms3|r300|s0,main,shymkent_school,6,15,1.0,random_1_100,3,300,0,5066,sha256:703583421943598de7bf2eebd9b8184d9ccbda4ba9372dd54722867a5709a2d0,42,64,0,0,3,1,c02 c04,c02 c04,c02 c04
main|shymkent_school|nc6|np15|br1.0|random_1_100|ms3|r300|s1,main,shymkent_school,6,15,1.0,random_1_100,3,300,1,3717,sha256:68387373f6406ba9ae69ec7c7b5850eeccdacb73d1982cc31553c56d036df4d0,42,64,0,0,9,1,c00 c02 c05,c00 c02 c05,c00 c02 c05
main|shymkent_school|nc6|np15|br1.0|random_1_100|ms3|r300|s2,main,shymkent_school,6,15,1.0,random_1_100,3,300,2,3328,sha256:4261d878b6a4ea6bd7eda2dfcbb4f70510268579acb42c10732e9a22d91a6303,42,64,0,0,5,1,c02 c03 c05,c02 c03 c05,c02 c03 c05
main|shymkent_school|nc6|np15|br1.0|random_1_100|ms3|r300|s3,main,shymkent_school,6,15,1.0,random_1_100,3,300,3,4449,sha256:6ddf62e82762b9110af8fe6f35b838174728be40474d52cb33491c4b6daef3a6,42,64,0,0,12,1,c01 c02 c03,c01 c02 c03,c01 c02 c03
main|shymkent_school|nc6|np15|br1.0|random_1_100|ms3|r300|s4,main,shymkent_school,6,15,1.0,random_1_100,3,300,4,4667,sha256:fe76e910261402f924270f447336734ea42aa276c4977fa1066796078f30ab1a,42,64,0,0,7,1,c00 c02 c05,c00 c02 c05,c00 c02 c05
main|shymkent_school|nc6|np15|br1.0|random_1_100|ms3|r300|s5,main,shymkent_school,6,15,1.0,random_1_100,3,300,5,4666,sha256:f9249b0061984b52241444648662dab029a0cd1c76482adc1919b6f65d68fae1,42,64,0,0,10,2,c00 c04 c05,c02 c04 c05,c00 c04 c05
main|shymkent_school|nc6|np15|br1.0|random_1_100|ms3|r300|s6,main,shymkent_school,6,15,1.0,random_1_100,3,300,6,3345,sha256:9e149498068e48c7e08cdc1d79386b072537d0aec0a0345ae59a587f9e61516a,42,64,0,0,5,1,c02 c03 c05,c02 c03 c05,c02 c03 c05
main|shymkent_school|nc6|np15|br1.0|random_1_100|ms3|r300|s7,main,shymkent_school,6,15,1.0,random_1_100,3,300,7,3213,sha256:e58cba9eea13940e5238a5611aa113596f96eaa31f385055d77e5e94bd575ef6,42,64,0,0,8,1,c02 c03 c04,c02 c03 c04,c02 c03 c04
main|shymkent_school|nc6|np15|br1.0|random_1_100|ms3|r300|s8,main,shymkent_school,6,15,1.0,random_1_100,3,300,8,3695,sha256:cc4779e970ec68f79da5491252f71aaf586f600a63de96fa4be28aefde207742,42,64,0,0,9,2,c01 c03 c04,c00 c03 c04,c01 c03 c04
main|shymkent_school|nc6|np15|br1.0|random_1_100|ms3|r300|s9,main,shymkent_school,6,15,1.0,random_1_100,3,300,9,3177,sha256:e710f62312aa50578a8ca2690928d9f6aa65042c5ba92651ef910bce3f285b1f,42,64,0,0,7,2,c01 c04 c05,c01 c04 c05,c01 c02 c05
main|shymkent_school|nc6|np15|br1.0|one_heavy|ms3|r300|s0,main,shymkent_school,6,15,1.0,one_heavy,3,300,0,3324,sha256:d4b95254a548d13267faf042ee99546aff0c6d562326588f55d41da0c04090b3,42,64,0,0,12,1,c00 c01 c03,c00 c01 c03,c00 c01 c03
main|shymkent_school|nc6|np15|br1.0|one_heavy|ms3|r300|s1,main,shymkent_school,6,15,1.0,one_heavy,3,300,1,3674,sha256:3a78cc5d847f7c0099b4ab5865f5ec5f40520b9623cc6d187f7f6b8e22583ec4,42,64,0,0,3,1,c01 c05,c01 c05,c01 c05
main|shymkent_school|nc6|np15|br1.0|one_heavy|ms3|r300|s2,main,shymkent_school,6,15,1.0,one_heavy,3,300,2,3225,sha256:1d859423d2498f0fc108922f203c23a3c61d2a25cb8455ec20e751feb3c715b0,42,64,0,0,6,1,c01 c02 c05,c01 c02 c05,c01 c02 c05
main|shymkent_school|nc6|np15|br1.0|one_heavy|ms3|r300|s3,main,shymkent_school,6,15,1.0,one_heavy,3,300,3,2470,sha256:7258da19a13f7d1a4b057e7e0894e0b4aeb1f297b00acf562cf5ff4dcd958ba4,42,64,0,0,6,1,c01 c02 c04,c01 c02 c04,c01 c02 c04
main|shymkent_school|nc6|np15|br1.0|one_heavy|ms3|r300|s4,main,shymkent_school,6,15,1.0,one_heavy,3,300,4,4151,sha256:877dd363417b01c93c98e9a69655af7bdd32203d23a05320e8e733964fab5dc5,42,64,0,0,8,1,c00 c01 c04,c00 c01 c04,c00 c01 c04
main|shymkent_school|nc6|np15|br1.0|one_heavy|ms3|r300|s5,main,shymkent_school,6,15,1.0,one_heavy,3,300,5,3554,sha256:3bb2236ca63b6db705f719ad71a110fed01e37e1816b29650d987253c847d06d,42,64,0,0,5,1,c01 c02 c03,c01 c02 c03,c01 c02 c03
main|shymkent_school|nc6|np15|br1.0|one_heavy|ms3|r300|s6,main,shymkent_school,6,15,1.0,one_heavy,3,300,6,2597,sha256:50924e0b18a328fc04d1e2f5b772998b55fd3b37756fbc8abd706a0d3199c757,42,64,0,0,7,1,c02 c03 c05,c02 c03 c05,c02 c03 c05
main|shymkent_school|nc6|np15|br1.0|one_heavy|ms3|r300|s7,main,shymkent_school,6,15,1.0,one_heavy,3,300,7,1834,sha256:3fc162162287865f8ac739ca2a55f8d462faf2bdbb5282d380c3c99ec787795b,42,64,0,0,3,1,c03 c04,c03 c04,c03 c04
main|shymkent_school|nc6|np15|br1.0|one_heavy|ms3|r300|s8,main,shymkent_school,6,15,1.0,one_heavy,3,300,8,4055,sha256:a30e4a4887081cd90b49827dae4b4c8d37373729e57a1cc6e3c13caf2e378767,42,64,0,0,6,1,c01 c04 c05,c01 c04 c05,c01 c04 c05
main|shymkent_school|nc6|np15|br1.0|one_heavy|ms3|r300|s9,main,shymkent_school,6,15,1.0,one_heavy,3,300,9,3812,sha256:7ed501756a6d1b35b0523e8760b2879744956372628068dff90eed9f5bd93724,42,64,0,0,13,1,c01 c02 c03,c01 c02 c03,c01 c02 c03
main|shymkent_school|nc6|np25|br0.25|uniform|ms3|r300|s0,main,shymkent_school,6,25,0.25,uniform,3,300,0,569,sha256:8c9dd996e47963825156979d19043e13a6d1972be4aacc1965b5b4d685ec2064,9,64,1,0,5,1,c02,c02,c02
main|shymkent_school|nc6|np25|br0.25|uniform|ms3|r300|s1,main,shymkent_school,6,25,0.25,uniform,3,300,1,1001,sha256:7856ab63e1c7207b73a84d119b270d5ee38d3d83fb8d2c189720f4ffb2ef83d1,10,64,1,0,4,2,c00 c04,c00 c04,c02 c04
main|shymkent_school|nc6|np25|br0.25|uniform|ms3|r300|s2,main,shymkent_school,6,25,0.25,uniform,3,300,2,874,sha256:040dbd5715a51f67135bf5af1f8fc32fd8b9048b2002b552b668a71570842a0a,8,64,1,0,4,1,c03 c05,c03 c05,c03 c05
main|shymkent_school|nc6|np25|br0.25|uniform|ms3|r300|s3,main,shymkent_school,6,25,0.25,uniform,3,300,3,1047,sha256:551c829c0f809f4a4ee2eeb7dff03c63676ab9d35ce5fe6ba6f1741eb88e8386,8,64,1,0,3,1,c03,c03,c03
main|shymkent_school|nc6|np25|br0.25|uniform|ms3|r300|s4,main,shymkent_school,6,25,0.25,uniform,3,300,4,1034,sha256:b427856dd85be915e8dbd6fbecca6da79ac167d9035c7d163ee0654e29757322,9,64,1,0,5,1,c03 c05,c03 c05,c03 c05
main|shymkent_school|nc6|np25|br0.25|uniform|ms3|r300|s5,main,shymkent_school,6,25,0.25,uniform,3,300,5,658,sha256:0f98867154ae744cfe1f96f71104df5f40e99673705684efd01abb7bdaa29809,10,64,1,0,5,1,c00 c04,c00 c04,c00 c04
main|shymkent_school|nc6|np25|br0.25|uniform|ms3|r300|s6,main,shymkent_school,6,25,0.25,uniform,3,300,6,959,sha256:c24218e45c4239ca299956ddb79df36f92f8a73bc9435af387b39cc9e3566dc0,8,64,1,0,4,1,c01 c03,c01 c03,c01 c03
main|shymkent_school|nc6|np25|br0.25|uniform|ms3|r300|s7,main,shymkent_school,6,25,0.25,uniform,3,300,7,986,sha256:01d4f66529da5033dd5a92f5abc6b0d96700dbc26b77ce6fd398058817cc96b3,8,64,1,0,3,1,c04,c04,c04
main|shymkent_school|nc6|np25|br0.25|uniform|ms3|r300|s8,main,shymkent_school,6,25,0.25,uniform,3,300,8,1081,sha256:02f2a8491114844726ae085666d5e381829ec9f25440ed357e1fbefcdce77a09,9,64,1,0,3,1,c03,c03,c03
main|shymkent_school|nc6|np25|br0.25|uniform|ms3|r300|s9,main,shymkent_school,6,25,0.25,uniform,3,300,9,573,sha256:fc77c7c6eb7d0a619391c1cf239f11c797cb8748966a25df73a793f2df425423,10,64,1,0,4,2,c00 c03,c00 c03,c02
main|shymkent_school|nc6|np25|br0.25|random_1_100|ms3|r300|s0,main,shymkent_school,6,25,0.25,random_1_100,3,300,0,903,sha256:be15997a63def1af1856dfc72f390c87b9bf3d7b69deeebc0daa8b148dc4c630,9,64,1,0,4,1,c03,c03,c03
main|shymkent_school|nc6|np25|br0.25|random_1_100|ms3|r300|s1,main,shymkent_school,6,25,0.25,random_1_100,3,300,1,704,sha256:b905fcc6d4e4cf23d07ec25c69e5d4a2a2d2556652f54f996938fd2782481071,9,64,1,0,5,1,c05,c05,c05
main|shymkent_school|nc6|np25|br0.25|random_1_100|ms3|r300|s2,main,shymkent_school,6,25,0.25,random_1_100,3,300,2,725,sha256:03474c961f45540b31e26405af26e982e232bd282f8070f766d6d539d484ec71,11,64,1,0,5,1,c02 c05,c02 c05,c02 c05
main|shymkent_school|nc6|np25|br0.25|random_1_100|ms3|r300|s3,main,shymkent_school,6,25,0.25,random_1_100,3,300,3,812,sha256:afb47b86f5d76ea3bef6df6dc7de28a1cc03b5caed1908a87a1a85b354cb9f6c,9,64,1,0,5,1,c03 c05,c03 c05,c03 c05
main|shymkent_school|nc6|np25|br0.25|random_1_100|ms3|r300|s4,main,shymkent_school,6,25,0.25,random_1_100,3,300,4,754,sha256:ebc1382db9440f3706cb463a8eb231b1317b077bcef8a6493dc8dd1fb687c15f,11,64,1,0,6,1,c01 c03,c01 c03,c01 c03
main|shymkent_school|nc6|np25|br0.25|random_1_100|ms3|r300|s5,main,shymkent_school,6,25,0.25,random_1_100,3,300,5,937,sha256:8bcdea8d7da4aeb08c1b4d7e1bee80ba2920ddb44796456a81d67de6609489d6,7,64,1,0,4,2,c05,c05,c03
main|shymkent_school|nc6|np25|br0.25|random_1_100|ms3|r300|s6,main,shymkent_school,6,25,0.25,random_1_100,3,300,6,805,sha256:0e71b65bff4fe9769e30dcfc401c0d81ca29459470f2bfe15664bca754deb775,9,64,1,0,4,1,c01 c03,c01 c03,c01 c03
main|shymkent_school|nc6|np25|br0.25|random_1_100|ms3|r300|s7,main,shymkent_school,6,25,0.25,random_1_100,3,300,7,1204,sha256:32f0a3b42a337cc06b04bcd000cfa7b48ca0a7bc02c0beb158e252b6d4ee8514,7,64,1,0,3,2,c03,c04,c04
main|shymkent_school|nc6|np25|br0.25|random_1_100|ms3|r300|s8,main,shymkent_school,6,25,0.25,random_1_100,3,300,8,804,sha256:75e167f818c61a264376f194d7cedadab8f1527832941b3c3fdda1d77aef5091,8,64,1,0,5,2,c03,c03,c02
main|shymkent_school|nc6|np25|br0.25|random_1_100|ms3|r300|s9,main,shymkent_school,6,25,0.25,random_1_100,3,300,9,908,sha256:a922b7dbfc4b1b8d8961ec9016cd19750ac5d78c2166968593384690d0e13f63,9,64,1,0,3,3,c00 c04,c01,c02
main|shymkent_school|nc6|np25|br0.25|one_heavy|ms3|r300|s0,main,shymkent_school,6,25,0.25,one_heavy,3,300,0,564,sha256:e915b6112990c4cff244fa61e99487519aec38b5447f0156f2bf7e48c98b243d,12,64,1,0,5,1,c01 c04 c05,c01 c04 c05,c01 c04 c05
main|shymkent_school|nc6|np25|br0.25|one_heavy|ms3|r300|s1,main,shymkent_school,6,25,0.25,one_heavy,3,300,1,1027,sha256:fb80235588d0d68168e825837797fd8fac58157b98e13e36893913d06a16fe1a,10,64,1,0,4,1,c00 c05,c00 c05,c00 c05
main|shymkent_school|nc6|np25|br0.25|one_heavy|ms3|r300|s2,main,shymkent_school,6,25,0.25,one_heavy,3,300,2,646,sha256:3c380a38a6f89ddc20c83202c14bc8329b2facb795b2e8b4622ddca0d35be4d7,10,64,1,0,4,2,c03,c03,c05
main|shymkent_school|nc6|np25|br0.25|one_heavy|ms3|r300|s3,main,shymkent_school,6,25,0.25,one_heavy,3,300,3,784,sha256:10d87757c395d34ab6258f9237f53703bb716e12758b7db1999a88ab45b7cb9c,9,64,1,0,5,2,c00 c04,c05,c00 c04
main|shymkent_school|nc6|np25|br0.25|one_heavy|ms3|r300|s4,main,shymkent_school,6,25,0.25,one_heavy,3,300,4,1000,sha256:f0b92f97f4891f8bb5811cde0f5d98330ac22f435dc1f0d550d0e41aa6f1cd5b,10,64,1,0,6,1,c02 c05,c02 c05,c02 c05
main|shymkent_school|nc6|np25|br0.25|one_heavy|ms3|r300|s5,main,shymkent_school,6,25,0.25,one_heavy,3,300,5,880,sha256:fedabbfcec4b57f6e1a9820af7d44fa9d0d846c31b7cc7ada10ed22054586d8e,9,64,1,0,5,2,c00 c02,c00 c02,c00 c01
main|shymkent_school|nc6|np25|br0.25|one_heavy|ms3|r300|s6,main,shymkent_school,6,25,0.25,one_heavy,3,300,6,534,sha256:1e496ce4779345ae9e328a742556dae2e07208df66fe87e6ebf0adbfeeef1b84,9,64,1,0,5,1,c02 c04,c02 c04,c02 c04
main|shymkent_school|nc6|np25|br0.25|one_heavy|ms3|r300|s7,main,shymkent_school,6,25,0.25,one_heavy,3,300,7,818,sha256:e02bc4eae8d9cc025393042f84c13ef26d77d6382681dd115993557d59b9b48b,10,64,1,0,4,1,c03,c03,c03
main|shymkent_school|nc6|np25|br0.25|one_heavy|ms3|r300|s8,main,shymkent_school,6,25,0.25,one_heavy,3,300,8,758,sha256:71c8bd8a427d5c4a8d541d0968a854507cc014d510c3d002ef3ed39ed01e659a,8,64,1,0,5,1,c02 c04,c02 c04,c02 c04
main|shymkent_school|nc6|np25|br0.25|one_heavy|ms3|r300|s9,main,shymkent_school,6,25,0.25,one_heavy,3,300,9,536,sha256:3bdd80c97e16c877c1d64daee885a49f6363bd8340dab296378423495950b0a9,13,64,1,0,4,2,c01 c04,c02 c04,c01 c04
main|shymkent_school|nc6|np25|br0.5|uniform|ms3|r300|s0,main,shymkent_school,6,25,0.5,uniform,3,300,0,1760,sha256:7b6b6de04fdcf94b5ddf748d5867efc406c1011e79d99e0cb15c550008682d4f,31,64,1,0,5,1,c00 c01 c02,c00 c01 c02,c00 c01 c02
main|shymkent_school|nc6|np25|br0.5|uniform|ms3|r300|s1,main,shymkent_school,6,25,0.5,uniform,3,300,1,1163,sha256:763d3f77c2dacfc4c41a0809a5fc887e41b4e756fe7df203804247eb3531ab94,31,64,1,0,6,1,c01 c02 c04,c01 c02 c04,c01 c02 c04
main|shymkent_school|nc6|np25|br0.5|uniform|ms3|r300|s2,main,shymkent_school,6,25,0.5,uniform,3,300,2,1667,sha256:46a2fd5db8f317e1cd59aadd0468b5e2bb51015ca37648c04ef599f438b0a0ae,32,64,1,0,8,1,c00 c02 c05,c00 c02 c05,c00 c02 c05
main|shymkent_school|nc6|np25|br0.5|uniform|ms3|r300|s3,main,shymkent_school,6,25,0.5,uniform,3,300,3,1864,sha256:f63136aa87b4fc6d41dfe765b1bfb45c431df3c3e59f564a3af8f7a250e4b021,32,64,1,0,7,1,c01 c02 c05,c01 c02 c05,c01 c02 c05
main|shymkent_school|nc6|np25|br0.5|uniform|ms3|r300|s4,main,shymkent_school,6,25,0.5,uniform,3,300,4,1732,sha256:554b5a4c0c16ba10c12c5777727cc9e28547f43ae0989d3e35f78b640eac120b,32,64,1,0,6,2,c00 c01,c01 c04 c05,c00 c01
main|shymkent_school|nc6|np25|br0.5|uniform|ms3|r300|s5,main,shymkent_school,6,25,0.5,uniform,3,300,5,1821,sha256:5c5854815802870c313f27db52f9804f65ac9283c492422e3f1534f7d03565f7,32,64,1,0,5,1,c00 c01 c02,c00 c01 c02,c00 c01 c02
main|shymkent_school|nc6|np25|br0.5|uniform|ms3|r300|s6,main,shymkent_school,6,25,0.5,uniform,3,300,6,1506,sha256:ee4b5e7539cd8d32099937e270ccfa6d84a6cd77d349923cb7e4436fd7a5a9f6,31,64,1,0,7,1,c00 c02 c03,c00 c02 c03,c00 c02 c03
main|shymkent_school|nc6|np25|br0.5|uniform|ms3|r300|s7,main,shymkent_school,6,25,0.5,uniform,3,300,7,1800,sha256:bc2c6113d780ecd6a4350025868f2aa6140b08eeed6bb58e2dab7657842e7204,32,64,1,0,6,1,c01 c04 c05,c01 c04 c05,c01 c04 c05
main|shymkent_school|nc6|np25|br0.5|uniform|ms3|r300|s8,main,shymkent_school,6,25,0.5,uniform,3,300,8,1437,sha256:23c41345ef279f4cd21df2fa55ee71e17679b071131b2e7cba686b81635d227f,31,64,1,0,11,2,c01 c02 c05,c01 c02 c05,c00 c05
main|shymkent_school|nc6|np25|br0.5|uniform|ms3|r300|s9,main,shymkent_school,6,25,0.5,uniform,3,300,9,1772,sha256:0aea05f2206b6e0e195391e34e310e5ac25a72cd067e6e05b3eb5af51f94128e,31,64,1,0,8,1,c01 c03 c05,c01 c03 c05,c01 c03 c05
main|shymkent_school|nc6|np25|br0.5|random_1_100|ms3|r300|s0,main,shymkent_school,6,25,0.5,random_1_100,3,300,0,1424,sha256:976666235b4994fa8d7daac552fa070770bcb2ab42ff1badc747b26556ae23fc,32,64,1,0,5,1,c00 c04 c05,c00 c04 c05,c00 c04 c05
main|shymkent_school|nc6|np25|br0.5|random_1_100|ms3|r300|s1,main,shymkent_school,6,25,0.5,random_1_100,3,300,1,1276,sha256:dc5c6f4c33988a1ce876ab5f41d4f834266cd5946f7d54edfbc219feb3a1436f,31,64,1,0,9,2,c01 c04 c05,c01 c04 c05,c01 c03 c05
main|shymkent_school|nc6|np25|br0.5|random_1_100|ms3|r300|s2,main,shymkent_school,6,25,0.5,random_1_100,3,300,2,1383,sha256:cd3a877f976e59b8ba49cebd81c2c6b9f9648208d66af5c09b49fb34cb9214ac,31,64,1,0,5,1,c01 c02,c01 c02,c01 c02
main|shymkent_school|nc6|np25|br0.5|random_1_100|ms3|r300|s3,main,shymkent_school,6,25,0.5,random_1_100,3,300,3,1679,sha256:75b164ce7ad8856c40902298077cfe3756e612fe5a6719db05801490463d5ea9,32,64,1,0,5,2,c03 c04 c05,c02 c04 c05,c03 c04 c05
main|shymkent_school|nc6|np25|br0.5|random_1_100|ms3|r300|s4,main,shymkent_school,6,25,0.5,random_1_100,3,300,4,1484,sha256:478eaeef9b8f25fac5bf230f56647f0d91ae0cfaff71e8bfbcb699e5b805840f,31,64,1,0,6,2,c01 c04 c05,c00 c01 c04,c01 c04 c05
main|shymkent_school|nc6|np25|br0.5|random_1_100|ms3|r300|s5,main,shymkent_school,6,25,0.5,random_1_100,3,300,5,1858,sha256:f1fcd5ee02164860523cd095eeeff82c69fdf660910da4032a1b57f0e5f8db4c,31,64,1,0,8,1,c02 c03 c05,c02 c03 c05,c02 c03 c05
main|shymkent_school|nc6|np25|br0.5|random_1_100|ms3|r300|s6,main,shymkent_school,6,25,0.5,random_1_100,3,300,6,1281,sha256:eee6f1989d333e9de58a81f57e01a99f625df30e257f035eb3d3879ec2b51911,31,64,1,0,10,1,c02 c03 c05,c02 c03 c05,c02 c03 c05
main|shymkent_school|nc6|np25|br0.5|random_1_100|ms3|r300|s7,main,shymkent_school,6,25,0.5,random_1_100,3,300,7,1846,sha256:f5e90191d1e6172cd84d7ae4c4fdd71e890dd5cfe1a538b8574a074be16fa138,32,64,1,0,6,1,c01 c02 c04,c01 c02 c04,c01 c02 c04
main|shymkent_school|nc6|np25|br0.5|random_1_100|ms3|r300|s8,main,shymkent_school,6,25,0.5,random_1_100,3,300,8,1680,sha256:0e50edb746bff3850cd18150561fa09446f169cae8ab06bd90bcc594b1e2244b,31,64,1,0,4,1,c02 c04 c05,c02 c04 c05,c02 c04 c05
main|shymkent_school|nc6|np25|br0.5|random_1_100|ms3|r300|s9,main,shymkent_school,6,25,0.5,random_1_100,3,300,9,1574,sha256:7fef3e80a4f39093440f0beb0eea7b301d09cbbc8a9114bfb4977977b6d7618a,32,64,1,0,7,1,c01 c04 c05,c01 c04 c05,c01 c04 c05
main|shymkent_school|nc6|np25|br0.5|one_heavy|ms3|r300|s0,main,shymkent_school,6,25,0.5,one_heavy,3,300,0,1414,sha256:7e8f5e97542d5c22fc3dbbae23f450e8bd9184bce3071b1fde657ad4988859fe,31,64,1,0,6,2,c01 c02 c05,c01 c02 c05,c02 c03 c05
main|shymkent_school|nc6|np25|br0.5|one_heavy|ms3|r300|s1,main,shymkent_school,6,25,0.5,one_heavy,3,300,1,1739,sha256:3634f2ac15314eed390ce9edf1fa7103004e79f9ad6594ac5ec5bd225c57defb,31,64,1,0,6,1,c00 c01 c03,c00 c01 c03,c00 c01 c03
main|shymkent_school|nc6|np25|br0.5|one_heavy|ms3|r300|s2,main,shymkent_school,6,25,0.5,one_heavy,3,300,2,1492,sha256:0c21b3e0e509ad594a3913da01edf97f1e5e75b01beef3403d5267172303e982,31,64,1,0,6,2,c01 c03 c05,c00 c01 c03,c01 c03 c05
main|shymkent_school|nc6|np25|br0.5|one_heavy|ms3|r300|s3,main,shymkent_school,6,25,0.5,one_heavy,3,300,3,1407,sha256:e3114b6368262efe763670865b429762ae87f9bcd02e0014d42576166fc6c3f1,31,64,1,0,7,1,c00 c02 c05,c00 c02 c05,c00 c02 c05
main|shymkent_school|nc6|np25|br0.5|one_heavy|ms3|r300|s4,main,shymkent_school,6,25,0.5,one_heavy,3,300,4,1943,sha256:61d4f1d22fb586ef6bbc7aa7c54e9636edf1feabcc24f0716cdb2daedc0e9537,32,64,1,0,4,1,c01 c02,c01 c02,c01 c02
main|shymkent_school|nc6|np25|br0.5|one_heavy|ms3|r300|s5,main,shymkent_school,6,25,0.5,one_heavy,3,300,5,1394,sha256:78639a5dbc44d23caabe8e2a02289d2f137dda35ae90f4734e56599d69642f98,32,64,1,0,6,2,c00 c02 c03,c00 c01 c02,c00 c01 c02
main|shymkent_school|nc6|np25|br0.5|one_heavy|ms3|r300|s6,main,shymkent_school,6,25,0.5,one_heavy,3,300,6,1871,sha256:74719f441e6d8428479207c2ff5f9d73a1e13adae2648f7ad94398e90668cca9,31,64,1,0,4,1,c03 c04,c03 c04,c03 c04
main|shymkent_school|nc6|np25|br0.5|one_heavy|ms3|r300|s7,main,shymkent_school,6,25,0.5,one_heavy,3,300,7,1783,sha256:e8cbd3c908df7184a806dfd1b553444c25d8a276f869e8d8e55cc4c72cd62dbb,32,64,1,0,8,2,c00 c01 c02,c00 c01 c02,c00 c02 c04
main|shymkent_school|nc6|np25|br0.5|one_heavy|ms3|r300|s8,main,shymkent_school,6,25,0.5,one_heavy,3,300,8,1370,sha256:fd33f98642ea0d322ddad8453acb022e38b124b8b7937764cf7b53789676bef4,29,64,1,0,3,1,c05,c05,c05
main|shymkent_school|nc6|np25|br0.5|one_heavy|ms3|r300|s9,main,shymkent_school,6,25,0.5,one_heavy,3,300,9,1638,sha256:1f60a65ee6b763701e2d12a96a4f825fddaa17eb3b8824363aa3cb968d4ed6a9,31,64,1,0,8,1,c02 c04,c02 c04,c02 c04
main|shymkent_school|nc6|np25|br1.0|uniform|ms3|r300|s0,main,shymkent_school,6,25,1.0,uniform,3,300,0,3809,sha256:b83b050ab83b80cd602f56b786a328c509e4f802476fb72dd710380c0cd54111,42,64,0,0,6,2,c00 c02 c04,c02 c03 c04,c00 c02 c04
main|shymkent_school|nc6|np25|br1.0|uniform|ms3|r300|s1,main,shymkent_school,6,25,1.0,uniform,3,300,1,4577,sha256:f072a4ce32a331afacb3674082370a0ef0d9a7edab1c3612815075cd5aa2ac52,42,64,0,0,13,1,c00 c01 c05,c00 c01 c05,c00 c01 c05
main|shymkent_school|nc6|np25|br1.0|uniform|ms3|r300|s2,main,shymkent_school,6,25,1.0,uniform,3,300,2,3877,sha256:02108d6c2676645c43b2101b95c062ef5ec2de000bf45e26d0c24c02acbc108a,42,64,0,0,10,2,c00 c03 c04,c03 c04 c05,c00 c03 c04
main|shymkent_school|nc6|np25|br1.0|uniform|ms3|r300|s3,main,shymkent_school,6,25,1.0,uniform,3,300,3,3311,sha256:9cb3ec4fac81b4d7946067a1ea94368c64e39439e8116934af29950cf6a361c8,42,64,0,0,4,1,c01 c03 c04,c01 c03 c04,c01 c03 c04
main|shymkent_school|nc6|np25|br1.0|uniform|ms3|r300|s4,main,shymkent_school,6,25,1.0,uniform,3,300,4,3654,sha256:fb478e5900801bc8c5a2394266c52e55e4fea430302bf9ae754616ca7d02b806,42,64,0,0,10,1,c00 c03 c05,c00 c03 c05,c00 c03 c05
main|shymkent_school|nc6|np25|br1.0|uniform|ms3|r300|s5,main,shymkent_school,6,25,1.0,uniform,3,300,5,3424,sha256:f598b83489621a117b9006850d3a0e1bd46c54792dd6974cd2545bfb95ca4cbf,42,64,0,0,8,1,c01 c03 c05,c01 c03 c05,c01 c03 c05
main|shymkent_school|nc6|np25|br1.0|uniform|ms3|r300|s6,main,shymkent_school,6,25,1.0,uniform,3,300,6,4150,sha256:866be25bdff12343dd3a48d15cb73d06741fb83f3fbd041953a805ec01a6f4d9,42,64,0,0,6,2,c01 c03 c05,c01 c03 c05,c01 c02 c05
main|shymkent_school|nc6|np25|br1.0|uniform|ms3|r300|s7,main,shymkent_school,6,25,1.0,uniform,3,300,7,2963,sha256:134a882c53ac91b27f107eea23337c4c1266e2c9ab2c30017a4ab49d064f34f9,42,64,0,0,10,1,c02 c04 c05,c02 c04 c05,c02 c04 c05
main|shymkent_school|nc6|np25|br1.0|uniform|ms3|r300|s8,main,shymkent_school,6,25,1.0,uniform,3,300,8,2859,sha256:364852e4d8aeeb3ca8f71f9d2a2b9979e7182ed198a941440f5ed18d1ad6ea41,42,64,0,0,6,1,c01 c02 c03,c01 c02 c03,c01 c02 c03
main|shymkent_school|nc6|np25|br1.0|uniform|ms3|r300|s9,main,shymkent_school,6,25,1.0,uniform,3,300,9,3629,sha256:20fcfa5a68f69419ccf0f5eb573df7a62b4a6877a2d3b5590acc5604238b6767,42,64,0,0,8,1,c01 c03 c04,c01 c03 c04,c01 c03 c04
main|shymkent_school|nc6|np25|br1.0|random_1_100|ms3|r300|s0,main,shymkent_school,6,25,1.0,random_1_100,3,300,0,2555,sha256:02dd422b6dc9afbe293d11656116e3b44e365c0c67beac8531814d3ae4d1b0e8,42,64,0,0,8,1,c01 c02 c04,c01 c02 c04,c01 c02 c04
main|shymkent_school|nc6|np25|br1.0|random_1_100|ms3|r300|s1,main,shymkent_school,6,25,1.0,random_1_100,3,300,1,3956,sha256:f5d4c65d4dd4fe35523267e29a6f6eb5db06feb98827ff18a1a455b57549c86e,42,64,0,0,7,1,c02 c03 c05,c02 c03 c05,c02 c03 c05
main|shymkent_school|nc6|np25|br1.0|random_1_100|ms3|r300|s2,main,shymkent_school,6,25,1.0,random_1_100,3,300,2,3426,sha256:97c714b69d2fd87d96d4f0d3f7a5c51a5ec970988a63323e3145fa5252995a3d,42,64,0,0,6,2,c00 c04 c05,c00 c04 c05,c00 c03 c05
main|shymkent_school|nc6|np25|br1.0|random_1_100|ms3|r300|s3,main,shymkent_school,6,25,1.0,random_1_100,3,300,3,2922,sha256:b6cad10a3d1a9aeecdbea5240eae01187292d97a994525ce5b6c30253c7f8320,42,64,0,0,8,2,c02 c03 c05,c02 c03 c05,c01 c02 c05
main|shymkent_school|nc6|np25|br1.0|random_1_100|ms3|r300|s4,main,shymkent_school,6,25,1.0,random_1_100,3,300,4,2378,sha256:d07532fbf19abbe4c997a74a93bc1e1b2cf1098cc88e32a3f5428bbf252892c2,42,64,0,0,9,1,c02 c03 c04,c02 c03 c04,c02 c03 c04
main|shymkent_school|nc6|np25|br1.0|random_1_100|ms3|r300|s5,main,shymkent_school,6,25,1.0,random_1_100,3,300,5,2918,sha256:41b31dc01c27b40beaa63d7f7844fecb2bea9c651981cd93715083143e8b5f64,42,64,0,0,7,2,c01 c03 c04,c01 c03 c04,c00 c01 c03
main|shymkent_school|nc6|np25|br1.0|random_1_100|ms3|r300|s6,main,shymkent_school,6,25,1.0,random_1_100,3,300,6,2324,sha256:e369bc0fa1aaf84e8cab6d2f86245fc7630c63098526a962f06b00a8051a696f,42,64,0,0,8,1,c00 c01 c02,c00 c01 c02,c00 c01 c02
main|shymkent_school|nc6|np25|br1.0|random_1_100|ms3|r300|s7,main,shymkent_school,6,25,1.0,random_1_100,3,300,7,4152,sha256:fb70dfb2bad360f98464dfd29e7aacd671ad39d951379fd74ad9b7554faba5ba,42,64,0,0,6,1,c01 c04 c05,c01 c04 c05,c01 c04 c05
main|shymkent_school|nc6|np25|br1.0|random_1_100|ms3|r300|s8,main,shymkent_school,6,25,1.0,random_1_100,3,300,8,2628,sha256:1370f33ef25de0c40add4c53dc8e4a909e84513990ed4e2e901c54c8a826626f,42,64,0,0,11,1,c03 c04 c05,c03 c04 c05,c03 c04 c05
main|shymkent_school|nc6|np25|br1.0|random_1_100|ms3|r300|s9,main,shymkent_school,6,25,1.0,random_1_100,3,300,9,3893,sha256:fa46d6e1ffb887d2b9d69632fd629476760fd4c1cfcc3954024b76bfd666b648,42,64,0,0,5,1,c01 c03 c05,c01 c03 c05,c01 c03 c05
main|shymkent_school|nc6|np25|br1.0|one_heavy|ms3|r300|s0,main,shymkent_school,6,25,1.0,one_heavy,3,300,0,3047,sha256:ecddf42b16c9cd0284d1cf482f8f18d6522fa8479c60627145b80d196b763532,42,64,0,0,8,1,c00 c04 c05,c00 c04 c05,c00 c04 c05
main|shymkent_school|nc6|np25|br1.0|one_heavy|ms3|r300|s1,main,shymkent_school,6,25,1.0,one_heavy,3,300,1,2850,sha256:82e826a4dc33bd6bc632981cd7bfd3fa9e67ef2335676e4a0706a718e4ea8ae4,42,64,0,0,9,2,c00 c02 c05,c00 c02 c05,c00 c04 c05
main|shymkent_school|nc6|np25|br1.0|one_heavy|ms3|r300|s2,main,shymkent_school,6,25,1.0,one_heavy,3,300,2,2924,sha256:3ef66f7ec9def176ccd95098a4ee840d6505538dc4a2e2c10a43c406d615736e,42,64,0,0,6,1,c00 c03 c05,c00 c03 c05,c00 c03 c05
main|shymkent_school|nc6|np25|br1.0|one_heavy|ms3|r300|s3,main,shymkent_school,6,25,1.0,one_heavy,3,300,3,3458,sha256:e9d0b5e6c25a0f7bc3338d5d943476348dd0126eae81b42dd7afc16aab3cdc2c,42,64,0,0,7,2,c00 c03 c04,c02 c03 c04,c00 c03 c04
main|shymkent_school|nc6|np25|br1.0|one_heavy|ms3|r300|s4,main,shymkent_school,6,25,1.0,one_heavy,3,300,4,2369,sha256:9aa5f0d66dd3789e667d215dc93948a2582fe9c1a4504ea530e89a3768a51b3c,42,64,0,0,7,1,c00 c04 c05,c00 c04 c05,c00 c04 c05
main|shymkent_school|nc6|np25|br1.0|one_heavy|ms3|r300|s5,main,shymkent_school,6,25,1.0,one_heavy,3,300,5,4228,sha256:eced400e7417e59a6c86bac3d8c0d2c8d513eedd496b90e7482d838f83172870,42,64,0,0,4,1,c03 c04,c03 c04,c03 c04
main|shymkent_school|nc6|np25|br1.0|one_heavy|ms3|r300|s6,main,shymkent_school,6,25,1.0,one_heavy,3,300,6,3110,sha256:8a8378ac199a977d21010066f3c625f7edd6b2a18a9b14fd3a84b4b121fe2ff4,42,64,0,0,8,1,c00 c02 c03,c00 c02 c03,c00 c02 c03
main|shymkent_school|nc6|np25|br1.0|one_heavy|ms3|r300|s7,main,shymkent_school,6,25,1.0,one_heavy,3,300,7,3433,sha256:1b42d8ee0e9aae1d34f176a99a469479de4ef8c7b46424fda0c89fd00ea3ca85,42,64,0,0,5,1,c00 c05,c00 c05,c00 c05
main|shymkent_school|nc6|np25|br1.0|one_heavy|ms3|r300|s8,main,shymkent_school,6,25,1.0,one_heavy,3,300,8,3384,sha256:dada3c218b17a981cadcfd69f94ed654f19c71c25a78b5290b58570b1c4f7b81,42,64,0,0,8,1,c01 c02 c04,c01 c02 c04,c01 c02 c04
main|shymkent_school|nc6|np25|br1.0|one_heavy|ms3|r300|s9,main,shymkent_school,6,25,1.0,one_heavy,3,300,9,3321,sha256:6b4c43188c8ce10049f34958b650ea1fb12e42b683981ba922a4bf0ef9acb5fc,42,64,0,0,6,1,c00 c01 c05,c00 c01 c05,c00 c01 c05
main|shymkent_school|nc10|np5|br0.25|uniform|ms3|r300|s0,main,shymkent_school,10,5,0.25,uniform,3,300,0,1197,sha256:105492a20f64d873311c3a4c72d1ed02e7a35f569d7002059bd002c43b668c19,83,1024,1,0,4,1,c03 c09,c03 c09,c03 c09
main|shymkent_school|nc10|np5|br0.25|uniform|ms3|r300|s1,main,shymkent_school,10,5,0.25,uniform,3,300,1,1270,sha256:9e3d13206ca22d20bb7ab61b0a456a8636c3291e210dd9e75fe14da915c51351,78,1024,1,0,4,1,c01 c04,c01 c04,c01 c04
main|shymkent_school|nc10|np5|br0.25|uniform|ms3|r300|s2,main,shymkent_school,10,5,0.25,uniform,3,300,2,1155,sha256:ba2623474324057a1240ea49bd593de40439485c5d068d8d4558526ccb97f59f,81,1024,1,0,5,1,c03 c09,c03 c09,c03 c09
main|shymkent_school|nc10|np5|br0.25|uniform|ms3|r300|s3,main,shymkent_school,10,5,0.25,uniform,3,300,3,1535,sha256:be12f797f173c413087ba965796b5dc44fed7ff3cc5ae6edcc8c199443a08be8,67,1024,1,0,7,1,c06 c07,c06 c07,c06 c07
main|shymkent_school|nc10|np5|br0.25|uniform|ms3|r300|s4,main,shymkent_school,10,5,0.25,uniform,3,300,4,1395,sha256:c98c19a2938cdc8bb5415cf020ad15035ddc2273b887add8543eb6e42ac99df7,81,1024,1,0,3,2,c00 c09,c00 c08,c00 c09
main|shymkent_school|nc10|np5|br0.25|uniform|ms3|r300|s5,main,shymkent_school,10,5,0.25,uniform,3,300,5,1663,sha256:cc7b07f1b6878bca9abf01229da8c4bfd303a8d65432830d2bbf71b597946c10,74,1024,1,0,4,1,c00 c08,c00 c08,c00 c08
main|shymkent_school|nc10|np5|br0.25|uniform|ms3|r300|s6,main,shymkent_school,10,5,0.25,uniform,3,300,6,1642,sha256:a7d023192df330415a90c04f42d60e9e6e0d37d3bfcbd187165b5d23dde8e46d,74,1024,1,0,7,1,c00 c05,c00 c05,c00 c05
main|shymkent_school|nc10|np5|br0.25|uniform|ms3|r300|s7,main,shymkent_school,10,5,0.25,uniform,3,300,7,1508,sha256:b52ae60152b7e3524b2d28088b9e9eb124915d476ce24f1df52eb719f93503b8,73,1024,1,0,4,2,c06 c08,c08 c09,c06 c08
main|shymkent_school|nc10|np5|br0.25|uniform|ms3|r300|s8,main,shymkent_school,10,5,0.25,uniform,3,300,8,1040,sha256:b1fd5474977dc537014802d59e6930b54d652ccfead9d448377b88e6b28b2723,83,1024,1,0,2,1,c06,c06,c06
main|shymkent_school|nc10|np5|br0.25|uniform|ms3|r300|s9,main,shymkent_school,10,5,0.25,uniform,3,300,9,1170,sha256:57ab9c65e992a30b98a8af00cd469c2bd5b48fc00f2fbb874adf9c27c5e5b889,84,1024,1,0,2,1,c02,c02,c02
main|shymkent_school|nc10|np5|br0.25|random_1_100|ms3|r300|s0,main,shymkent_school,10,5,0.25,random_1_100,3,300,0,1303,sha256:0b3a4f1a1e99f8091d702a89bee8f3d52919d11577c1720d9a67a49c75e75563,82,1024,1,0,3,1,c09,c09,c09
main|shymkent_school|nc10|np5|br0.25|random_1_100|ms3|r300|s1,main,shymkent_school,10,5,0.25,random_1_100,3,300,1,1308,sha256:6734992868c883607f844b6b4ce3b6f9e1dd52d49033f417576d9f844acadb89,79,1024,1,0,4,1,c00 c09,c00 c09,c00 c09
main|shymkent_school|nc10|np5|br0.25|random_1_100|ms3|r300|s2,main,shymkent_school,10,5,0.25,random_1_100,3,300,2,1551,sha256:250c209d23c892df24972bd27eb9a2f168e08294b3b4a169141234ba9f0394ca,74,1024,1,0,5,2,c01 c02,c03,c03
main|shymkent_school|nc10|np5|br0.25|random_1_100|ms3|r300|s3,main,shymkent_school,10,5,0.25,random_1_100,3,300,3,1257,sha256:8f06ed788dda4b676a95865ef6a52eb0cdd4f53b066e5d1d15e5bfddb4ba0737,74,1024,1,0,3,1,c04,c04,c04
main|shymkent_school|nc10|np5|br0.25|random_1_100|ms3|r300|s4,main,shymkent_school,10,5,0.25,random_1_100,3,300,4,1689,sha256:c93375d6384fe4b0cf58fc84957ab977bcfb115b0ba80222ff054ac9c9ccd82b,71,1024,1,0,5,1,c07 c09,c07 c09,c07 c09
main|shymkent_school|nc10|np5|br0.25|random_1_100|ms3|r300|s5,main,shymkent_school,10,5,0.25,random_1_100,3,300,5,1930,sha256:04a3516833931a6c1d0d0d08063d00781c10052e372da5596cc50642df5d5588,65,1024,1,0,4,1,c03 c09,c03 c09,c03 c09
main|shymkent_school|nc10|np5|br0.25|random_1_100|ms3|r300|s6,main,shymkent_school,10,5,0.25,random_1_100,3,300,6,958,sha256:5d3a3c62613494d0d70a346b138c5d5e06d22e6de9488755517ae1d4216740f0,78,1024,1,0,2,1,c02,c02,c02
main|shymkent_school|nc10|np5|br0.25|random_1_100|ms3|r300|s7,main,shymkent_school,10,5,0.25,random_1_100,3,300,7,1105,sha256:740cdb87d20d926c8e77a388843d47b47b202a8c16976e4f93e5cf6e02402aa9,81,1024,1,0,4,1,c02 c03,c02 c03,c02 c03
main|shymkent_school|nc10|np5|br0.25|random_1_100|ms3|r300|s8,main,shymkent_school,10,5,0.25,random_1_100,3,300,8,1526,sha256:06e30caa1108a25c7a6fbc25559b924f97e391c9ec93a15ca56a6a0056df212e,81,1024,1,0,6,1,c04 c06 c08,c04 c06 c08,c04 c06 c08
main|shymkent_school|nc10|np5|br0.25|random_1_100|ms3|r300|s9,main,shymkent_school,10,5,0.25,random_1_100,3,300,9,1321,sha256:bf30168c965d89d5ad1c5d32e30a225e50b6861d02702cdac24d1745cb81a16a,70,1024,1,0,2,1,c03,c03,c03
main|shymkent_school|nc10|np5|br0.25|one_heavy|ms3|r300|s0,main,shymkent_school,10,5,0.25,one_heavy,3,300,0,1532,sha256:f3a2ef5670165145b09de9c767d3e7faa2f16fec5fc8aaa6c28db74ce26439b3,79,1024,1,0,1,1,,,
main|shymkent_school|nc10|np5|br0.25|one_heavy|ms3|r300|s1,main,shymkent_school,10,5,0.25,one_heavy,3,300,1,1172,sha256:488ff1ed2c765106123bd64eb3316749ac60298665f104365acc9ba65a83f691,82,1024,1,0,3,1,c01 c08,c01 c08,c01 c08
main|shymkent_school|nc10|np5|br0.25|one_heavy|ms3|r300|s2,main,shymkent_school,10,5,0.25,one_heavy,3,300,2,1349,sha256:4bd31f768621eda41dfca15979c7f554c29b9bcf5ff572086c79b505a8ee5472,76,1024,1,0,3,1,c08,c08,c08
main|shymkent_school|nc10|np5|br0.25|one_heavy|ms3|r300|s3,main,shymkent_school,10,5,0.25,one_heavy,3,300,3,1217,sha256:e4d30375704c0729104804369cee3935bb360b451fc7e8ab950da65619e125e3,75,1024,1,0,5,1,c03 c07,c03 c07,c03 c07
main|shymkent_school|nc10|np5|br0.25|one_heavy|ms3|r300|s4,main,shymkent_school,10,5,0.25,one_heavy,3,300,4,998,sha256:c01f6062b9a7f414188f7f9c526f45eb270b149377355930c05491b6d3f6b42d,83,1024,1,0,3,1,c07,c07,c07
main|shymkent_school|nc10|np5|br0.25|one_heavy|ms3|r300|s5,main,shymkent_school,10,5,0.25,one_heavy,3,300,5,1717,sha256:a8c1b9b2b237e0df66c3f8d40bde6363ca08516d6e0f1445bc413ea52803ae56,71,1024,1,0,4,1,c06 c08,c06 c08,c06 c08
main|shymkent_school|nc10|np5|br0.25|one_heavy|ms3|r300|s6,main,shymkent_school,10,5,0.25,one_heavy,3,300,6,1089,sha256:ffca0c71368c1846e27d25323e963cff87cd70a49a92d391b79644e02bbad34d,75,1024,1,0,3,1,c06,c06,c06
main|shymkent_school|nc10|np5|br0.25|one_heavy|ms3|r300|s7,main,shymkent_school,10,5,0.25,one_heavy,3,300,7,1607,sha256:893e37d4a812dbe10a31af6e4b7b039fa9117e6ba3f30d0d145a10a7f81038ef,77,1024,1,0,2,1,c00,c00,c00
main|shymkent_school|nc10|np5|br0.25|one_heavy|ms3|r300|s8,main,shymkent_school,10,5,0.25,one_heavy,3,300,8,1459,sha256:7f295e09bb8b187fc4adfa00ec3b818e2959b3df3076e2727e014465956ecc29,77,1024,1,0,1,1,,,
main|shymkent_school|nc10|np5|br0.25|one_heavy|ms3|r300|s9,main,shymkent_school,10,5,0.25,one_heavy,3,300,9,1353,sha256:cd73020c520a8f760aed553d0bc47c450dd091173d56d61a85fede25ee6dfed6,78,1024,1,0,5,1,c03 c08,c03 c08,c03 c08
main|shymkent_school|nc10|np5|br0.5|uniform|ms3|r300|s0,main,shymkent_school,10,5,0.5,uniform,3,300,0,3217,sha256:67f1e80616bfc28860a051a584e87c50188b554ed3303ab668b1dfd3e2d6627b,176,1024,0,0,2,1,c09,c09,c09
main|shymkent_school|nc10|np5|br0.5|uniform|ms3|r300|s1,main,shymkent_school,10,5,0.5,uniform,3,300,1,2294,sha256:796ed7b20b2cc9298906db717cb8535aea85c92491c7931771b920a378a43823,175,1024,1,0,7,1,c03 c04 c06,c03 c04 c06,c03 c04 c06
main|shymkent_school|nc10|np5|br0.5|uniform|ms3|r300|s2,main,shymkent_school,10,5,0.5,uniform,3,300,2,2578,sha256:f7a2f0420b62c9f3ec1650ea89266a116eacd483f7864f0a809024350144b195,176,1024,0,0,6,1,c04 c05 c09,c04 c05 c09,c04 c05 c09
main|shymkent_school|nc10|np5|br0.5|uniform|ms3|r300|s3,main,shymkent_school,10,5,0.5,uniform,3,300,3,2653,sha256:7e60c2e1933def779b707559e26ad7af163d6b0597fe171101d7dc4098319dee,176,1024,0,0,7,1,c01 c05 c06,c01 c05 c06,c01 c05 c06
main|shymkent_school|nc10|np5|br0.5|uniform|ms3|r300|s4,main,shymkent_school,10,5,0.5,uniform,3,300,4,1867,sha256:ecc0a4d7d255d2f8f727f29f36b4480e7e4797476aaa934e4c99f9753b33db9a,173,1024,1,0,6,1,c00 c01 c05,c00 c01 c05,c00 c01 c05
main|shymkent_school|nc10|np5|br0.5|uniform|ms3|r300|s5,main,shymkent_school,10,5,0.5,uniform,3,300,5,2990,sha256:5fe899f111cbb80e71d00b6014261af21f275c760778e6194494169b29fde7b2,176,1024,0,0,3,1,c03 c08,c03 c08,c03 c08
main|shymkent_school|nc10|np5|br0.5|uniform|ms3|r300|s6,main,shymkent_school,10,5,0.5,uniform,3,300,6,3444,sha256:0beb56bd21d30951aa892aeb1552f54529391a1c2e2e4c1f5212556dff8608d9,176,1024,0,0,5,1,c00 c03 c08,c00 c03 c08,c00 c03 c08
main|shymkent_school|nc10|np5|br0.5|uniform|ms3|r300|s7,main,shymkent_school,10,5,0.5,uniform,3,300,7,3268,sha256:d751c939835372277b2dd0e193da7013e5938cf8fd05803c1e7fea8415797d73,176,1024,0,0,3,1,c04 c08,c04 c08,c04 c08
main|shymkent_school|nc10|np5|br0.5|uniform|ms3|r300|s8,main,shymkent_school,10,5,0.5,uniform,3,300,8,2570,sha256:52dfe7bd3d912b9a640e9b4b36ebecab6d33ec3b627e06cb6c23c973180189f6,174,1024,1,0,8,1,c01 c03 c05,c01 c03 c05,c01 c03 c05
main|shymkent_school|nc10|np5|br0.5|uniform|ms3|r300|s9,main,shymkent_school,10,5,0.5,uniform,3,300,9,2154,sha256:b9d2559e6980c322e43efde8e2bf6e01ad08dcbc5bc40a2034dbb3622bbbe479,174,1024,1,0,8,2,c02 c05 c09,c02 c07 c09,c02 c07 c09
main|shymkent_school|nc10|np5|br0.5|random_1_100|ms3|r300|s0,main,shymkent_school,10,5,0.5,random_1_100,3,300,0,3555,sha256:ba22657740ccdd71dcc524f4916ff4c38f47adc101672a9163bcd723edd813c1,176,1024,0,0,4,1,c00 c01 c03,c00 c01 c03,c00 c01 c03
main|shymkent_school|nc10|np5|br0.5|random_1_100|ms3|r300|s1,main,shymkent_school,10,5,0.5,random_1_100,3,300,1,2792,sha256:dd9bdf526d8a5f9e09a7dd7631ab288c970f114e6764336db47644a938ac6f00,176,1024,0,0,6,1,c00 c03 c08,c00 c03 c08,c00 c03 c08
main|shymkent_school|nc10|np5|br0.5|random_1_100|ms3|r300|s2,main,shymkent_school,10,5,0.5,random_1_100,3,300,2,2960,sha256:951b2b6f4d749fef2b6c53ebffbef9444bbd30f68e7ab3231dc1795822a0f8e5,176,1024,0,0,9,1,c03 c05 c07,c03 c05 c07,c03 c05 c07
main|shymkent_school|nc10|np5|br0.5|random_1_100|ms3|r300|s3,main,shymkent_school,10,5,0.5,random_1_100,3,300,3,2616,sha256:782804a1804f21f1a15ebfeaf1a95c60c5a5b3e71da1c0802261baa994535064,176,1024,0,0,5,1,c03 c05,c03 c05,c03 c05
main|shymkent_school|nc10|np5|br0.5|random_1_100|ms3|r300|s4,main,shymkent_school,10,5,0.5,random_1_100,3,300,4,2066,sha256:1c1ecbbb334af52521dd479fc663b7272c09db026388423e5c44a1ecfd75d1ec,175,1024,1,0,8,1,c00 c02 c06,c00 c02 c06,c00 c02 c06
main|shymkent_school|nc10|np5|br0.5|random_1_100|ms3|r300|s5,main,shymkent_school,10,5,0.5,random_1_100,3,300,5,3338,sha256:3edc9460f68c47458ab3df436e753877c09e94bb73c43c9eb78bf60fa2c840d7,176,1024,0,0,5,1,c01 c03 c05,c01 c03 c05,c01 c03 c05
main|shymkent_school|nc10|np5|br0.5|random_1_100|ms3|r300|s6,main,shymkent_school,10,5,0.5,random_1_100,3,300,6,1798,sha256:bf58d9fe0dd8eb63cbd27852d5eb38fc238d9b23f3cfb4099abcbfaf7511d97d,175,1024,1,0,11,1,c01 c05 c07,c01 c05 c07,c01 c05 c07
main|shymkent_school|nc10|np5|br0.5|random_1_100|ms3|r300|s7,main,shymkent_school,10,5,0.5,random_1_100,3,300,7,2907,sha256:18843467484074d80cf3c7a4e84b88f9473b2101477525d7560a2e8dc4d44fa9,176,1024,0,0,4,1,c05 c08,c05 c08,c05 c08
main|shymkent_school|nc10|np5|br0.5|random_1_100|ms3|r300|s8,main,shymkent_school,10,5,0.5,random_1_100,3,300,8,2613,sha256:e56f437a69bb24f88b104d5b0c16d7f8a838e7a2abb19360e7f7c408070f1aa8,175,1024,1,0,3,1,c03,c03,c03
main|shymkent_school|nc10|np5|br0.5|random_1_100|ms3|r300|s9,main,shymkent_school,10,5,0.5,random_1_100,3,300,9,3415,sha256:5a5034df31f49e62d9484098c9f32a6e276bbac7fe40de3b133163a3351d174a,176,1024,0,0,2,1,c05,c05,c05
main|shymkent_school|nc10|np5|br0.5|one_heavy|ms3|r300|s0,main,shymkent_school,10,5,0.5,one_heavy,3,300,0,2898,sha256:4fc6ba6abe193cb802ffa6cc39dfdb8234c17003c4280fb8e30e7608eeb23c1b,176,1024,0,0,3,1,c06 c07,c06 c07,c06 c07
main|shymkent_school|nc10|np5|br0.5|one_heavy|ms3|r300|s1,main,shymkent_school,10,5,0.5,one_heavy,3,300,1,2996,sha256:5039c45464174db42eae1d5f0cc04152d9dd5ce8b0ece697ad6fc5041da1470a,176,1024,0,0,1,1,,,
main|shymkent_school|nc10|np5|br0.5|one_heavy|ms3|r300|s2,main,shymkent_school,10,5,0.5,one_heavy,3,300,2,2605,sha256:2faae785eec1a891054e454ceffbce01334671d2579918b95c32c5fa2e2b6fa2,176,1024,0,0,5,1,c01 c07,c01 c07,c01 c07
main|shymkent_school|nc10|np5|br0.5|one_heavy|ms3|r300|s3,main,shymkent_school,10,5,0.5,one_heavy,3,300,3,2408,sha256:af773fe92168617b6d1362b54ca6be74bfead79c3cf8dffec56b745d1b3860dc,175,1024,1,0,3,1,c02 c06,c02 c06,c02 c06
main|shymkent_school|nc10|np5|br0.5|one_heavy|ms3|r300|s4,main,shymkent_school,10,5,0.5,one_heavy,3,300,4,2337,sha256:718f84a58f1a9ed7465fab30f2e1d0a5655e041298bb200a1fd434f776f9c139,175,1024,1,0,3,1,c06,c06,c06
main|shymkent_school|nc10|np5|br0.5|one_heavy|ms3|r300|s5,main,shymkent_school,10,5,0.5,one_heavy,3,300,5,2910,sha256:321656db0993ebdfebdc835ee4317a06adcfbcecf8436fe6b106e6b0d18a6c77,176,1024,0,0,9,1,c00 c04,c00 c04,c00 c04
main|shymkent_school|nc10|np5|br0.5|one_heavy|ms3|r300|s6,main,shymkent_school,10,5,0.5,one_heavy,3,300,6,2826,sha256:54b5156e2f87d8f2539e40d21e55e1877a83a533524ee885496a647ced33a750,176,1024,0,0,5,1,c04 c06,c04 c06,c04 c06
main|shymkent_school|nc10|np5|br0.5|one_heavy|ms3|r300|s7,main,shymkent_school,10,5,0.5,one_heavy,3,300,7,3005,sha256:8d98f0dfa18c088bc917ebfa0695f0c77ed4fa1b0dff5310ad1d7f50dc22a723,176,1024,0,0,5,1,c05,c05,c05
main|shymkent_school|nc10|np5|br0.5|one_heavy|ms3|r300|s8,main,shymkent_school,10,5,0.5,one_heavy,3,300,8,2373,sha256:67852a6338da7f95c533752347932e89d7afc202aaab11d326eda50d71b48151,175,1024,1,0,1,1,,,
main|shymkent_school|nc10|np5|br0.5|one_heavy|ms3|r300|s9,main,shymkent_school,10,5,0.5,one_heavy,3,300,9,2544,sha256:098be0dc622646045652a01765b101b1f22ecc56c6542cd4131a24491d9c328d,176,1024,0,0,2,1,c02,c02,c02
main|shymkent_school|nc10|np5|br1.0|uniform|ms3|r300|s0,main,shymkent_school,10,5,1.0,uniform,3,300,0,6045,sha256:a7273b85037c5695af5d7653458dac0699f78dfb3b22d5b25e8da976d0b3fdb9,176,1024,0,0,2,1,c09,c09,c09
main|shymkent_school|nc10|np5|br1.0|uniform|ms3|r300|s1,main,shymkent_school,10,5,1.0,uniform,3,300,1,5112,sha256:e58f07967b1040dd2ceefce95d968eb5fcee71ba98fefdb4f1ae2dc7c3eab556,176,1024,0,0,4,1,c03 c07,c03 c07,c03 c07
main|shymkent_school|nc10|np5|br1.0|uniform|ms3|r300|s2,main,shymkent_school,10,5,1.0,uniform,3,300,2,6083,sha256:8a492d491df4de408eb14348f6ef3030c5e2f691bfd4dfd7e1d4fb5963798938,176,1024,0,0,7,1,c02 c05,c02 c05,c02 c05
main|shymkent_school|nc10|np5|br1.0|uniform|ms3|r300|s3,main,shymkent_school,10,5,1.0,uniform,3,300,3,6509,sha256:f429319ecf906ec2b549ffd0bd2781ffe1d3f69a222353c36c587a98ecc9c2d8,176,1024,0,0,5,1,c06 c07,c06 c07,c06 c07
main|shymkent_school|nc10|np5|br1.0|uniform|ms3|r300|s4,main,shymkent_school,10,5,1.0,uniform,3,300,4,3928,sha256:c0452422aacc517baaeff28fa6b8b0b9286180706777fcbfd425bc321efe3d42,176,1024,0,0,2,1,c03,c03,c03
main|shymkent_school|nc10|np5|br1.0|uniform|ms3|r300|s5,main,shymkent_school,10,5,1.0,uniform,3,300,5,5904,sha256:a693fcc60c3098d9a1871ce6ccb16bc59d13127b52abee9af6eb431c50a35fa5,176,1024,0,0,5,1,c01 c02 c04,c01 c02 c04,c01 c02 c04
main|shymkent_school|nc10|np5|br1.0|uniform|ms3|r300|s6,main,shymkent_school,10,5,1.0,uniform,3,300,6,6424,sha256:5d41725be24212355bdd64db8b19d6a871a8b0d044f79643b8564af8c1b3d690,176,1024,0,0,5,1,c01 c04 c08,c01 c04 c08,c01 c04 c08
main|shymkent_school|nc10|np5|br1.0|uniform|ms3|r300|s7,main,shymkent_school,10,5,1.0,uniform,3,300,7,4525,sha256:d62aa2755ecface55358d545e782815bf2a5487eafbf522d0378282defe43cc3,176,1024,0,0,8,1,c00 c01 c03,c00 c01 c03,c00 c01 c03
main|shymkent_school|nc10|np5|br1.0|uniform|ms3|r300|s8,main,shymkent_school,10,5,1.0,uniform,3,300,8,7278,sha256:0f68c068dc65c0ba0cbf4bcb0007878b96c5e281ef89865a4b4506a8fa8af523,176,1024,0,0,10,1,c02 c03 c09,c02 c03 c09,c02 c03 c09
main|shymkent_school|nc10|np5|br1.0|uniform|ms3|r300|s9,main,shymkent_school,10,5,1.0,uniform,3,300,9,4474,sha256:1070a8598878a34dfead4ba6b416897d8f6710dd4c43611777895ccfb5e048c9,176,1024,0,0,5,1,c00 c06 c09,c00 c06 c09,c00 c06 c09
main|shymkent_school|nc10|np5|br1.0|random_1_100|ms3|r300|s0,main,shymkent_school,10,5,1.0,random_1_100,3,300,0,5448,sha256:e86ffab6bab2983884887e28d0e722bb72fe671c0cbaa3fe3edfdcdbea01340b,176,1024,0,0,2,1,c06,c06,c06
main|shymkent_school|nc10|np5|br1.0|random_1_100|ms3|r300|s1,main,shymkent_school,10,5,1.0,random_1_100,3,300,1,5004,sha256:d0ce7b4961f1bff073427246eed368852cdf529426e5d5e101b403c911e618f3,176,1024,0,0,7,1,c00 c02 c04,c00 c02 c04,c00 c02 c04
main|shymkent_school|nc10|np5|br1.0|random_1_100|ms3|r300|s2,main,shymkent_school,10,5,1.0,random_1_100,3,300,2,3923,sha256:698a187404bf8fe570d8d8acbc0ed93dedddfe04dd499ce2c753aae2c16c6a24,176,1024,0,0,6,1,c03 c04,c03 c04,c03 c04
main|shymkent_school|nc10|np5|br1.0|random_1_100|ms3|r300|s3,main,shymkent_school,10,5,1.0,random_1_100,3,300,3,5632,sha256:7def86fdf099d3bfb1d263b319d7c47dc00ad5c087bbd4af7922f9f7d9ea4d1d,176,1024,0,0,2,1,c02,c02,c02
main|shymkent_school|nc10|np5|br1.0|random_1_100|ms3|r300|s4,main,shymkent_school,10,5,1.0,random_1_100,3,300,4,5157,sha256:67a94cd533d952538812c1d62b18fecb296816c3f54ecfac1acf670128b8a6ff,176,1024,0,0,2,1,c05,c05,c05
main|shymkent_school|nc10|np5|br1.0|random_1_100|ms3|r300|s5,main,shymkent_school,10,5,1.0,random_1_100,3,300,5,4735,sha256:9ad6366559fcf07b828e4211f63daa9b2bef3594cb898befa3528849e533d346,176,1024,0,0,3,1,c01 c07,c01 c07,c01 c07
main|shymkent_school|nc10|np5|br1.0|random_1_100|ms3|r300|s6,main,shymkent_school,10,5,1.0,random_1_100,3,300,6,4485,sha256:4752b9b04b33e75fbe66192b1e5e0af0fd00fb030c30460c105a99d59649bce2,176,1024,0,0,4,1,c00 c07,c00 c07,c00 c07
main|shymkent_school|nc10|np5|br1.0|random_1_100|ms3|r300|s7,main,shymkent_school,10,5,1.0,random_1_100,3,300,7,5642,sha256:cb11ae87c1b991540c7ff546c40e48c1c869d0a574e1026c1b870600b17fb32d,176,1024,0,0,2,1,c04,c04,c04
main|shymkent_school|nc10|np5|br1.0|random_1_100|ms3|r300|s8,main,shymkent_school,10,5,1.0,random_1_100,3,300,8,5588,sha256:2d0be432075d5bbba29e4e204b572ddd33bbe554653694da158295bc6c390289,176,1024,0,0,1,1,,,
main|shymkent_school|nc10|np5|br1.0|random_1_100|ms3|r300|s9,main,shymkent_school,10,5,1.0,random_1_100,3,300,9,6636,sha256:804894054523fb6c71c9b1976a0e951b5eba7737cbc416fd5d1df43025a26f3f,176,1024,0,0,4,1,c04 c08,c04 c08,c04 c08
main|shymkent_school|nc10|np5|br1.0|one_heavy|ms3|r300|s0,main,shymkent_school,10,5,1.0,one_heavy,3,300,0,6321,sha256:82bbbffe03b59ddfd65d901518b5b40ad0a0a1f8a50037b620ee10f11153c63b,176,1024,0,0,2,1,c02,c02,c02
main|shymkent_school|nc10|np5|br1.0|one_heavy|ms3|r300|s1,main,shymkent_school,10,5,1.0,one_heavy,3,300,1,6941,sha256:bc0b944098da520a98e9f94f8e1d098171f038b5969ebab89b5cc6e674355ee3,176,1024,0,0,10,1,c02 c06 c09,c02 c06 c09,c02 c06 c09
main|shymkent_school|nc10|np5|br1.0|one_heavy|ms3|r300|s2,main,shymkent_school,10,5,1.0,one_heavy,3,300,2,6667,sha256:f74e69b653da7687dda9f9958168f597a6e7abbe31a81f15cf3b411b92859b2a,176,1024,0,0,2,1,c09,c09,c09
main|shymkent_school|nc10|np5|br1.0|one_heavy|ms3|r300|s3,main,shymkent_school,10,5,1.0,one_heavy,3,300,3,4798,sha256:e630e48ace847423186b8866b2d51c3b2d5305691c1d6e49b0e6f460a6ef418a,176,1024,0,0,2,1,c05,c05,c05
main|shymkent_school|nc10|np5|br1.0|one_heavy|ms3|r300|s4,main,shymkent_school,10,5,1.0,one_heavy,3,300,4,5610,sha256:99fc5b594cae3833b6ed3b3634ad60f8c8d4d0379ddb43857b425c2242b67731,176,1024,0,0,11,1,c00 c05 c09,c00 c05 c09,c00 c05 c09
main|shymkent_school|nc10|np5|br1.0|one_heavy|ms3|r300|s5,main,shymkent_school,10,5,1.0,one_heavy,3,300,5,7198,sha256:1394134698557cddd23247260173a0b1c184b7cfffabd02a2e57bb764d5fa761,176,1024,0,0,8,1,c00 c04 c06,c00 c04 c06,c00 c04 c06
main|shymkent_school|nc10|np5|br1.0|one_heavy|ms3|r300|s6,main,shymkent_school,10,5,1.0,one_heavy,3,300,6,6370,sha256:cfcb853f0ffe5e3d3c88bdf6da960602a91717e5d6c349d9e7bf57d9bce65feb,176,1024,0,0,2,1,c03,c03,c03
main|shymkent_school|nc10|np5|br1.0|one_heavy|ms3|r300|s7,main,shymkent_school,10,5,1.0,one_heavy,3,300,7,5780,sha256:27229d920efe59c9139388fedf5dc238638ec86cd9bd45194ea908402d9f58d5,176,1024,0,0,3,1,c02 c07,c02 c07,c02 c07
main|shymkent_school|nc10|np5|br1.0|one_heavy|ms3|r300|s8,main,shymkent_school,10,5,1.0,one_heavy,3,300,8,4352,sha256:3bf351dd408e67eff623bcc5eb65b6a9a8ede3b0b4c7d582c6d5faad78cee185,176,1024,0,0,9,1,c00 c06 c08,c00 c06 c08,c00 c06 c08
main|shymkent_school|nc10|np5|br1.0|one_heavy|ms3|r300|s9,main,shymkent_school,10,5,1.0,one_heavy,3,300,9,5380,sha256:999bc30e2921add99b5efb4fbc250ef139e5407e7a39a04634c201ad51902c7d,176,1024,0,0,8,1,c00 c03 c04,c00 c03 c04,c00 c03 c04
main|shymkent_school|nc10|np15|br0.25|uniform|ms3|r300|s0,main,shymkent_school,10,15,0.25,uniform,3,300,0,1138,sha256:511effda333f3ef79a1c5f32c0ebba8c2d4468859c8d221972e1f1bf861122d7,79,1024,1,0,7,2,c04 c07,c04 c07,c01 c08
main|shymkent_school|nc10|np15|br0.25|uniform|ms3|r300|s1,main,shymkent_school,10,15,0.25,uniform,3,300,1,1249,sha256:f794de06ba2570881c6411f5575f2bdeb86cddd2a228f63249c48af577ecab10,78,1024,1,0,8,1,c05 c06 c07,c05 c06 c07,c05 c06 c07
main|shymkent_school|nc10|np15|br0.25|uniform|ms3|r300|s2,main,shymkent_school,10,15,0.25,uniform,3,300,2,1514,sha256:eb3f80b05c55b21aeca8808df04eafbc347e1eaf7a3d3b4f75ff109e7245e50f,70,1024,1,0,7,2,c06 c08 c09,c01 c08 c09,c06 c08 c09
main|shymkent_school|nc10|np15|br0.25|uniform|ms3|r300|s3,main,shymkent_school,10,15,0.25,uniform,3,300,3,1130,sha256:dff8a823ca25e906fad0761dc661bca847bafbf58c21e32fbd58f1904785aad1,82,1024,1,0,10,1,c05 c07 c09,c05 c07 c09,c05 c07 c09
main|shymkent_school|nc10|np15|br0.25|uniform|ms3|r300|s4,main,shymkent_school,10,15,0.25,uniform,3,300,4,1450,sha256:008b1a196939032b934c8eb80cfe06948446613397620255de0f9de776a16556,79,1024,1,0,11,1,c02 c04 c08,c02 c04 c08,c02 c04 c08
main|shymkent_school|nc10|np15|br0.25|uniform|ms3|r300|s5,main,shymkent_school,10,15,0.25,uniform,3,300,5,1544,sha256:b4abacf2eb4215d22fac53298f4c9dbdacd83b887a3bf824d088b2f97323c6fd,77,1024,1,0,7,2,c07 c09,c05 c07,c07 c09
main|shymkent_school|nc10|np15|br0.25|uniform|ms3|r300|s6,main,shymkent_school,10,15,0.25,uniform,3,300,6,1287,sha256:1068598eeb2b7892e478818d1c32888e878fbd364b9bf8814af933717e4b932a,76,1024,1,0,8,2,c01 c07 c08,c00 c05 c08,c01 c07 c08
main|shymkent_school|nc10|np15|br0.25|uniform|ms3|r300|s7,main,shymkent_school,10,15,0.25,uniform,3,300,7,1264,sha256:22099160235b7825e00891c7d8bc70d551dd3a77b54b0d2d259c1ae49f8552d6,78,1024,1,0,3,1,c01,c01,c01
main|shymkent_school|nc10|np15|br0.25|uniform|ms3|r300|s8,main,shymkent_school,10,15,0.25,uniform,3,300,8,1325,sha256:c8d5b6825fc8706f5d7a81d2cb4a46a919b3b15405d5386243eb82fa44e4593b,76,1024,1,0,8,2,c03 c08,c03 c06 c09,c03 c08
main|shymkent_school|nc10|np15|br0.25|uniform|ms3|r300|s9,main,shymkent_school,10,15,0.25,uniform,3,300,9,1550,sha256:6acf18c1b3794187efef971853ed44e8b6353aadcdb9c4a22e3e03b4b76bc592,75,1024,1,0,11,1,c01 c04,c01 c04,c01 c04
main|shymkent_school|nc10|np15|br0.25|random_1_100|ms3|r300|s0,main,shymkent_school,10,15,0.25,random_1_100,3,300,0,1326,sha256:8b9661db12b6e65f4e969deb26501703304a7108950cfe052ad20123f2227672,74,1024,1,0,11,2,c02 c08 c09,c02 c08 c09,c02 c04 c08
main|shymkent_school|nc10|np15|br0.25|random_1_100|ms3|r300|s1,main,shymkent_school,10,15,0.25,random_1_100,3,300,1,1410,sha256:63cec3e160626399f555e310fc83e39c023a693d6a1003717a72a597ddff7464,78,1024,1,0,11,2,c00 c04 c05,c00 c04 c05,c04 c05 c07
main|shymkent_school|nc10|np15|br0.25|random_1_100|ms3|r300|s2,main,shymkent_school,10,15,0.25,random_1_100,3,300,2,1384,sha256:3c58802e5b819316c81e2e42dca9286065c32e2a89783115620cfbfae4d20bff,77,1024,1,0,7,2,c00 c03,c00 c03,c03 c04 c05
main|shymkent_school|nc10|np15|br0.25|random_1_100|ms3|r300|s3,main,shymkent_school,10,15,0.25,random_1_100,3,300,3,1481,sha256:c1c6ab9265121111f1e594a79cdb2940e3f4c31087ae40096afbffddf4a1da27,78,1024,1,0,9,2,c02 c05 c07,c02 c05 c07,c01 c03 c05
main|shymkent_school|nc10|np15|br0.25|random_1_100|ms3|r300|s4,main,shymkent_school,10,15,0.25,random_1_100,3,300,4,1548,sha256:82222a98986e615217c06d6e767432d8ae027b95d509e9a71f89820760d3e66d,72,1024,1,0,11,3,c00 c01 c05,c02 c06 c09,c00 c01 c06
main|shymkent_school|nc10|np15|br0.25|random_1_100|ms3|r300|s5,main,shymkent_school,10,15,0.25,random_1_100,3,300,5,1568,sha256:5ab14a32e2a55c7237364a798bf92b5c48b0d85a0c8ec862185b74dd45394c8b,67,1024,1,0,8,1,c02 c06 c07,c02 c06 c07,c02 c06 c07
main|shymkent_school|nc10|np15|br0.25|random_1_100|ms3|r300|s6,main,shymkent_school,10,15,0.25,random_1_100,3,300,6,1279,sha256:527d6d81c0100fe0d0764e61ddf49d1361191dfa3cdfca9d67d79b4fc1a6e9ac,77,1024,1,0,6,1,c00 c07,c00 c07,c00 c07
main|shymkent_school|nc10|np15|br0.25|random_1_100|ms3|r300|s7,main,shymkent_school,10,15,0.25,random_1_100,3,300,7,1411,sha256:5a367d34739db92ba6566c87f4744432fcfd647519a349797a9aadd62e28fba5,68,1024,1,0,4,1,c00 c03,c00 c03,c00 c03
main|shymkent_school|nc10|np15|br0.25|random_1_100|ms3|r300|s8,main,shymkent_school,10,15,0.25,random_1_100,3,300,8,1640,sha256:a38068787a085e3391d1e7678cbd1ccda625efab72bb612d5c83f8d197a7ca6e,73,1024,1,0,11,2,c02 c09,c02 c08,c02 c09
main|shymkent_school|nc10|np15|br0.25|random_1_100|ms3|r300|s9,main,shymkent_school,10,15,0.25,random_1_100,3,300,9,1507,sha256:94bcbf596fd2e3f7c3706db96d9a2ee792542150c10fb5f238f8c93fe7e1e1e8,74,1024,1,0,3,2,c04,c00 c07,c04
main|shymkent_school|nc10|np15|br0.25|one_heavy|ms3|r300|s0,main,shymkent_school,10,15,0.25,one_heavy,3,300,0,1179,sha256:9d55ba3aceb7bb49ca8a0631325f9d6a8170eedeb0c469dd68e898fdd7626bb0,82,1024,1,0,5,2,c02 c06 c08,c00 c02 c08,c02 c06 c08
main|shymkent_school|nc10|np15|br0.25|one_heavy|ms3|r300|s1,main,shymkent_school,10,15,0.25,one_heavy,3,300,1,893,sha256:b69debc9176166770b444579917f69b6f6d360f4892e9ce32ff3e22c71f8387a,91,1024,1,0,10,2,c01 c04,c01 c02 c03,c01 c04
main|shymkent_school|nc10|np15|br0.25|one_heavy|ms3|r300|s2,main,shymkent_school,10,15,0.25,one_heavy,3,300,2,1545,sha256:355ff71cdab8803fcfee0b7373f8289150f7de358f6668686cde9e2d466b4a90,73,1024,1,0,6,1,c01 c02 c06,c01 c02 c06,c01 c02 c06
main|shymkent_school|nc10|np15|br0.25|one_heavy|ms3|r300|s3,main,shymkent_school,10,15,0.25,one_heavy,3,300,3,1342,sha256:7dd6e7014529566bc99c475bc836a06b9c5bd62759639a10d565c3967568500a,77,1024,1,0,6,1,c02 c05 c06,c02 c05 c06,c02 c05 c06
main|shymkent_school|nc10|np15|br0.25|one_heavy|ms3|r300|s4,main,shymkent_school,10,15,0.25,one_heavy,3,300,4,1200,sha256:20a670ac9ab9851e47a3d3e4103d327f943710fa51e322077c68b9ad41be4904,79,1024,1,0,5,2,c00 c01 c06,c00 c08,c00 c01 c06
main|shymkent_school|nc10|np15|br0.25|one_heavy|ms3|r300|s5,main,shymkent_school,10,15,0.25,one_heavy,3,300,5,1371,sha256:871df6930c6360e5e3eaf096ad677b74e35ca0451ac7e4439202c6169e5d4218,77,1024,1,0,5,2,c00 c03 c09,c00 c05,c00 c03 c09
main|shymkent_school|nc10|np15|br0.25|one_heavy|ms3|r300|s6,main,shymkent_school,10,15,0.25,one_heavy,3,300,6,1776,sha256:80d019a7b26e8d33adb9d812872aceb76e6339e67a77d3b415caecbe4f98008d,76,1024,1,0,6,2,c05 c08,c05 c06,c05 c08
main|shymkent_school|nc10|np15|br0.25|one_heavy|ms3|r300|s7,main,shymkent_school,10,15,0.25,one_heavy,3,300,7,1288,sha256:b92ce9c572b0128bea38bdcde7985e9d5b644dee8655197c646923d0d07e1012,74,1024,1,0,9,1,c01 c06 c07,c01 c06 c07,c01 c06 c07
main|shymkent_school|nc10|np15|br0.25|one_heavy|ms3|r300|s8,main,shymkent_school,10,15,0.25,one_heavy,3,300,8,1311,sha256:c8b62f30528ab7edea1359f59c5f635da1bb3f05f1e1603f31a85e472ad87ee1,75,1024,1,0,13,2,c06 c08,c02 c04 c07,c02 c04 c07
main|shymkent_school|nc10|np15|br0.25|one_heavy|ms3|r300|s9,main,shymkent_school,10,15,0.25,one_heavy,3,300,9,1380,sha256:2220bba07a2d05a0ee41374ec39912b2d8ba86049b1cd8256d7dc0f7161223ea,82,1024,1,0,18,3,c01 c03 c05,c03 c07 c09,c03 c05 c09
main|shymkent_school|nc10|np15|br0.5|uniform|ms3|r300|s0,main,shymkent_school,10,15,0.5,uniform,3,300,0,2793,sha256:16ee44593700328759369b24c174a5a5c7a887ae9a9e744c81081628370b9252,176,1024,0,0,10,2,c03 c04 c07,c03 c04 c07,c00 c04 c07
main|shymkent_school|nc10|np15|br0.5|uniform|ms3|r300|s1,main,shymkent_school,10,15,0.5,uniform,3,300,1,2766,sha256:a9c0662579ab830eb7bc0c4468e3f50f5d7653ec445edf56fb526fc3253e1f21,176,1024,0,0,9,2,c00 c01 c09,c01 c07 c09,c01 c07 c09
main|shymkent_school|nc10|np15|br0.5|uniform|ms3|r300|s2,main,shymkent_school,10,15,0.5,uniform,3,300,2,2282,sha256:9c9e948726e1b2ab30be06eef15fd7324b618f844ff43b7c2cdced56d2ca829a,174,1024,1,0,7,2,c05 c06 c09,c00 c03 c09,c05 c06 c09
main|shymkent_school|nc10|np15|br0.5|uniform|ms3|r300|s3,main,shymkent_school,10,15,0.5,uniform,3,300,3,2537,sha256:94165fa5dfcb3f973433b9503a3c65d7e79cc75622009456cd2f18fdcf49ccd5,176,1024,0,0,4,1,c05 c07,c05 c07,c05 c07
main|shymkent_school|nc10|np15|br0.5|uniform|ms3|r300|s4,main,shymkent_school,10,15,0.5,uniform,3,300,4,3036,sha256:3dc016fe812edf43623fb387f3ce9aadcf05966ff35262f17eaf14c7d1038014,176,1024,0,0,6,1,c07 c08 c09,c07 c08 c09,c07 c08 c09
main|shymkent_school|nc10|np15|br0.5|uniform|ms3|r300|s5,main,shymkent_school,10,15,0.5,uniform,3,300,5,2622,sha256:3be8a376f4874484128db525e116524699d4ad040ff1b6f8934d3a86a39af939,176,1024,0,0,12,1,c00 c03 c05,c00 c03 c05,c00 c03 c05
main|shymkent_school|nc10|np15|br0.5|uniform|ms3|r300|s6,main,shymkent_school,10,15,0.5,uniform,3,300,6,2925,sha256:e82a445ec2508661b103d366c0743add0fc7a8ee3c19a37e2a3b395ba0bb9c77,176,1024,0,0,9,1,c00 c03 c08,c00 c03 c08,c00 c03 c08
main|shymkent_school|nc10|np15|br0.5|uniform|ms3|r300|s7,main,shymkent_school,10,15,0.5,uniform,3,300,7,2394,sha256:7346fa9e61be692808c318c29074612a893aea14b24d9beff69cf39f4687f73c,176,1024,0,0,10,1,c02 c04 c05,c02 c04 c05,c02 c04 c05
main|shymkent_school|nc10|np15|br0.5|uniform|ms3|r300|s8,main,shymkent_school,10,15,0.5,uniform,3,300,8,2881,sha256:a6588fe3f36683d3e6936092190e07ba9b9ec04d2605b84085b7f41151ca75a9,176,1024,0,0,11,1,c00 c08 c09,c00 c08 c09,c00 c08 c09
main|shymkent_school|nc10|np15|br0.5|uniform|ms3|r300|s9,main,shymkent_school,10,15,0.5,uniform,3,300,9,2222,sha256:b40d25d1a790a6de8d3df3d458d812e94f88756ea2417f03a282415990e64736,175,1024,1,0,6,3,c00 c01 c07,c01 c07 c09,c00 c01 c04
main|shymkent_school|nc10|np15|br0.5|random_1_100|ms3|r300|s0,main,shymkent_school,10,15,0.5,random_1_100,3,300,0,2179,sha256:f77cc668cae4c3fa4c0ce076cb298788d5d26955bbee936678d53fd255bd8b50,175,1024,1,0,8,1,c03 c08 c09,c03 c08 c09,c03 c08 c09
main|shymkent_school|nc10|np15|br0.5|random_1_100|ms3|r300|s1,main,shymkent_school,10,15,0.5,random_1_100,3,300,1,3561,sha256:13bfa00ae692185334ad58605a6fc36569222e76b7d18542903ada47c9d405bc,176,1024,0,0,6,2,c02 c04 c09,c00 c02 c04,c02 c04 c09
main|shymkent_school|nc10|np15|br0.5|random_1_100|ms3|r300|s2,main,shymkent_school,10,15,0.5,random_1_100,3,300,2,2600,sha256:6563590a5636cc3a5acb85b670ae7e8d86bb9be241d92ee3b430cd1922ac8239,176,1024,0,0,4,1,c08 c09,c08 c09,c08 c09
main|shymkent_school|nc10|np15|br0.5|random_1_100|ms3|r300|s3,main,shymkent_school,10,15,0.5,random_1_100,3,300,3,2306,sha256:4d814953deda92df16f6e100560492436db871a20f6e1212913824f9ae59ea8d,174,1024,1,0,11,2,c00 c01 c06,c00 c01 c02,c00 c01 c02
main|shymkent_school|nc10|np15|br0.5|random_1_100|ms3|r300|s4,main,shymkent_school,10,15,0.5,random_1_100,3,300,4,3083,sha256:a0eb224b1b9f2296f88af7b563fcc1a9a7b7dc674417c016efca04228e9c82fd,176,1024,0,0,10,2,c00 c03 c08,c00 c03 c09,c00 c03 c08
main|shymkent_school|nc10|np15|br0.5|random_1_100|ms3|r300|s5,main,shymkent_school,10,15,0.5,random_1_100,3,300,5,2968,sha256:e451c7cba896383c3862ce5fd44eac50206a04acd0447bd6854d7c9c18a30637,176,1024,0,0,9,1,c00 c06 c07,c00 c06 c07,c00 c06 c07
main|shymkent_school|nc10|np15|br0.5|random_1_100|ms3|r300|s6,main,shymkent_school,10,15,0.5,random_1_100,3,300,6,2759,sha256:049eb21e33561532851f83142ef4dd0870f39fc7dd1d78c26270bb7cd4f1d40b,175,1024,1,0,9,1,c01 c02 c09,c01 c02 c09,c01 c02 c09
main|shymkent_school|nc10|np15|br0.5|random_1_100|ms3|r300|s7,main,shymkent_school,10,15,0.5,random_1_100,3,300,7,2609,sha256:f3d2290ffc443a60856ec8891815024ad825ed1cf2c8f5eb147196cfba5a7133,176,1024,0,0,7,2,c06 c07 c08,c06 c07 c08,c03 c04 c07
main|shymkent_school|nc10|np15|br0.5|random_1_100|ms3|r300|s8,main,shymkent_school,10,15,0.5,random_1_100,3,300,8,2509,sha256:0967308ab8fc3e8248cbc6e84fd9f07b10910d45bf66ff3f8892bc1114e4cfe7,175,1024,1,0,6,1,c00 c01 c03,c00 c01 c03,c00 c01 c03
main|shymkent_school|nc10|np15|br0.5|random_1_100|ms3|r300|s9,main,shymkent_school,10,15,0.5,random_1_100,3,300,9,2477,sha256:195a088ea81822967501c86408a71b8c8ea43fea673c3c009fe6d510c7bc8a94,175,1024,1,0,6,1,c00 c05 c06,c00 c05 c06,c00 c05 c06
main|shymkent_school|nc10|np15|br0.5|one_heavy|ms3|r300|s0,main,shymkent_school,10,15,0.5,one_heavy,3,300,0,2721,sha256:083091f86c872460b0b9f8bb2fb90a6d0d4f5dfd14ec12d63571e29898645e04,176,1024,0,0,5,1,c04 c08 c09,c04 c08 c09,c04 c08 c09
main|shymkent_school|nc10|np15|br0.5|one_heavy|ms3|r300|s1,main,shymkent_school,10,15,0.5,one_heavy,3,300,1,3542,sha256:9b1b3c3051e5168320ad99bfe74e95bff45e0d6a1de1ae2f766ec4c67e5032d6,176,1024,0,0,4,1,c01 c04 c06,c01 c04 c06,c01 c04 c06
main|shymkent_school|nc10|np15|br0.5|one_heavy|ms3|r300|s2,main,shymkent_school,10,15,0.5,one_heavy,3,300,2,2608,sha256:cbe97ba3c57e00077357d7b51a021df17d259ddfb1062347af524610f5758db6,176,1024,0,0,11,1,c03 c05 c07,c03 c05 c07,c03 c05 c07
main|shymkent_school|nc10|np15|br0.5|one_heavy|ms3|r300|s3,main,shymkent_school,10,15,0.5,one_heavy,3,300,3,2864,sha256:51d34239652d295578e8d625b4111664e964be89abae8d8d6a191db474d920b7,176,1024,0,0,8,2,c00 c02 c07,c00 c02 c07,c02 c07 c08
main|shymkent_school|nc10|np15|br0.5|one_heavy|ms3|r300|s4,main,shymkent_school,10,15,0.5,one_heavy,3,300,4,2979,sha256:f9c3c60e86cda3a49aca7866e560212bcc981ff6e434c6ad926c2322316699b3,176,1024,0,0,12,1,c03 c04 c05,c03 c04 c05,c03 c04 c05
main|shymkent_school|nc10|np15|br0.5|one_heavy|ms3|r300|s5,main,shymkent_school,10,15,0.5,one_heavy,3,300,5,3229,sha256:8d1f07c6d913608f4509787fdd34900ec8a646b6234817531c3d4336a2d18b02,176,1024,0,0,11,2,c02 c04 c07,c02 c04 c05,c02 c04 c07
main|shymkent_school|nc10|np15|br0.5|one_heavy|ms3|r300|s6,main,shymkent_school,10,15,0.5,one_heavy,3,300,6,2160,sha256:76904cb42a73df5d68077719795b11942b2354f37165ba0efc7c9622757b7c1a,173,1024,1,0,13,1,c00 c02 c04,c00 c02 c04,c00 c02 c04
main|shymkent_school|nc10|np15|br0.5|one_heavy|ms3|r300|s7,main,shymkent_school,10,15,0.5,one_heavy,3,300,7,2449,sha256:62bd649f1f73ad020b478a93099ee8f8bc38918efab6354283a62385b777069d,176,1024,0,0,10,1,c01 c05 c06,c01 c05 c06,c01 c05 c06
main|shymkent_school|nc10|np15|br0.5|one_heavy|ms3|r300|s8,main,shymkent_school,10,15,0.5,one_heavy,3,300,8,2786,sha256:e3ebbfc54c2e783eb0b0144a8a203f7845bd6d75d0a316cfd8ec8e308bdacdac,176,1024,0,0,11,3,c01 c04 c09,c01 c02 c09,c01 c04 c07
main|shymkent_school|nc10|np15|br0.5|one_heavy|ms3|r300|s9,main,shymkent_school,10,15,0.5,one_heavy,3,300,9,2954,sha256:3e1947391c08a701f933e66c2e3bf1b596c2b2cf4bb51fa0467f085b3eea425e,176,1024,0,0,7,1,c01 c04 c05,c01 c04 c05,c01 c04 c05
main|shymkent_school|nc10|np15|br1.0|uniform|ms3|r300|s0,main,shymkent_school,10,15,1.0,uniform,3,300,0,5493,sha256:8ac006581ef65b7209db6f15e86ee7a79f94709b0e8e7129a92edab2ee42a032,176,1024,0,0,8,1,c01 c04 c07,c01 c04 c07,c01 c04 c07
main|shymkent_school|nc10|np15|br1.0|uniform|ms3|r300|s1,main,shymkent_school,10,15,1.0,uniform,3,300,1,4384,sha256:3cfe4e50fdcc9e1c9e09cedf60832cf2fd32c5cb0015d8404241abb1b6afb127,176,1024,0,0,6,1,c01 c02 c07,c01 c02 c07,c01 c02 c07
main|shymkent_school|nc10|np15|br1.0|uniform|ms3|r300|s2,main,shymkent_school,10,15,1.0,uniform,3,300,2,5162,sha256:d101c3d288037d5a370bf9eed399b66db61ea10493e00a6e279e46c7909336ad,176,1024,0,0,9,2,c04 c07 c09,c06 c07 c09,c04 c07 c09
main|shymkent_school|nc10|np15|br1.0|uniform|ms3|r300|s3,main,shymkent_school,10,15,1.0,uniform,3,300,3,5565,sha256:3d2230e7dd37cce949960f3c87ac132af33ce3bfb31f54701c27c1089663204f,176,1024,0,0,7,2,c01 c04 c07,c01 c04 c07,c01 c03 c07
main|shymkent_school|nc10|np15|br1.0|uniform|ms3|r300|s4,main,shymkent_school,10,15,1.0,uniform,3,300,4,5787,sha256:cad630f06d083ea074f590c7db7cd8768fa9b00b7e693d21d977b51c83065c9d,176,1024,0,0,6,1,c00 c02 c05,c00 c02 c05,c00 c02 c05
main|shymkent_school|nc10|np15|br1.0|uniform|ms3|r300|s5,main,shymkent_school,10,15,1.0,uniform,3,300,5,5174,sha256:a16c4d9a75a33bd854a1de8a697d6698aa4ee347a1b2bb5c2074cf844fa7235e,176,1024,0,0,4,1,c00 c03 c09,c00 c03 c09,c00 c03 c09
main|shymkent_school|nc10|np15|br1.0|uniform|ms3|r300|s6,main,shymkent_school,10,15,1.0,uniform,3,300,6,5639,sha256:b501dcd4911116aca0ab20f9adfdd73b81a3c02e12360cb52f2005c736b93658,176,1024,0,0,16,1,c03 c07 c09,c03 c07 c09,c03 c07 c09
main|shymkent_school|nc10|np15|br1.0|uniform|ms3|r300|s7,main,shymkent_school,10,15,1.0,uniform,3,300,7,7035,sha256:4b4e1305c3a2a0b906292c71e19722bf099b524abd055fbddafd75305742270f,176,1024,0,0,12,1,c04 c06 c07,c04 c06 c07,c04 c06 c07
main|shymkent_school|nc10|np15|br1.0|uniform|ms3|r300|s8,main,shymkent_school,10,15,1.0,uniform,3,300,8,5466,sha256:d6eb7866206a855282de042cc5eab2af3d3f5aaa250f960401a8cae75d761678,176,1024,0,0,5,1,c01 c02 c09,c01 c02 c09,c01 c02 c09
main|shymkent_school|nc10|np15|br1.0|uniform|ms3|r300|s9,main,shymkent_school,10,15,1.0,uniform,3,300,9,6623,sha256:442244023b897f964aea04432da0df9c71bc3b28288de13a2ed730d5d901e4ac,176,1024,0,0,10,2,c05 c08 c09,c05 c07 c08,c05 c08 c09
main|shymkent_school|nc10|np15|br1.0|random_1_100|ms3|r300|s0,main,shymkent_school,10,15,1.0,random_1_100,3,300,0,5277,sha256:9a27233cbfb643757081b5a0ba6f5cdd093cf9a32bbcc89c0e57403eb3c600ed,176,1024,0,0,9,2,c00 c02 c03,c00 c02 c03,c00 c03 c06
main|shymkent_school|nc10|np15|br1.0|random_1_100|ms3|r300|s1,main,shymkent_school,10,15,1.0,random_1_100,3,300,1,5680,sha256:5697f0e145d0a058fac1d767c80c23398753b877fbc29d118c7c6b374b9dc66a,176,1024,0,0,11,2,c01 c07 c08,c01 c07 c08,c01 c03 c08
main|shymkent_school|nc10|np15|br1.0|random_1_100|ms3|r300|s2,main,shymkent_school,10,15,1.0,random_1_100,3,300,2,5815,sha256:3092fe2354c4e31ad792fde86c3cec593642fa002c0bb716f4e8a95c46f68b16,176,1024,0,0,11,1,c03 c04 c08,c03 c04 c08,c03 c04 c08
main|shymkent_school|nc10|np15|br1.0|random_1_100|ms3|r300|s3,main,shymkent_school,10,15,1.0,random_1_100,3,300,3,5924,sha256:2360744970eee13672dcb03a7cea507cc62466724be7e0cf938f63b9b3ad375e,176,1024,0,0,11,2,c01 c07 c09,c01 c04 c07,c01 c07 c09
main|shymkent_school|nc10|np15|br1.0|random_1_100|ms3|r300|s4,main,shymkent_school,10,15,1.0,random_1_100,3,300,4,5935,sha256:a931c77862d03c6aa970f38d6de4915710b408b27b985b734f23544e928de023,176,1024,0,0,11,1,c00 c03 c09,c00 c03 c09,c00 c03 c09
main|shymkent_school|nc10|np15|br1.0|random_1_100|ms3|r300|s5,main,shymkent_school,10,15,1.0,random_1_100,3,300,5,4860,sha256:16df473c9ac0036ab675ceb0d3acdb3cca319b6c5050c757e19431fb84b3ad43,176,1024,0,0,9,2,c00 c01 c06,c00 c01 c03,c00 c01 c06
main|shymkent_school|nc10|np15|br1.0|random_1_100|ms3|r300|s6,main,shymkent_school,10,15,1.0,random_1_100,3,300,6,5881,sha256:9df152e109ddc7ece65e14c85ca2e7d1d7a91322a652b5315d73348a6e99b231,176,1024,0,0,6,2,c04 c05 c06,c03 c05 c06,c04 c05 c06
main|shymkent_school|nc10|np15|br1.0|random_1_100|ms3|r300|s7,main,shymkent_school,10,15,1.0,random_1_100,3,300,7,5305,sha256:1be7f707aa1f23dc6450cf246a8513b74264507a2024a9920c063848dcbf232f,176,1024,0,0,8,2,c05 c07 c08,c05 c07 c08,c03 c07 c08
main|shymkent_school|nc10|np15|br1.0|random_1_100|ms3|r300|s8,main,shymkent_school,10,15,1.0,random_1_100,3,300,8,6240,sha256:0f3cefd28597ceac6bf0818f2633be2ca47b293727548c7ea56d7359fc35bf7c,176,1024,0,0,9,1,c04 c07 c08,c04 c07 c08,c04 c07 c08
main|shymkent_school|nc10|np15|br1.0|random_1_100|ms3|r300|s9,main,shymkent_school,10,15,1.0,random_1_100,3,300,9,4837,sha256:12ecab5d698495cb92df6d8282fb05e40c32bef5c9fe4d5e2de8dc03bbab6a33,176,1024,0,0,10,2,c04 c07 c09,c00 c04 c09,c04 c07 c09
main|shymkent_school|nc10|np15|br1.0|one_heavy|ms3|r300|s0,main,shymkent_school,10,15,1.0,one_heavy,3,300,0,6452,sha256:013c5e8cde0de0a5ace54f8a2a35d1040cac3c3debb3ae11a296aa63a99d945a,176,1024,0,0,13,1,c06 c07 c08,c06 c07 c08,c06 c07 c08
main|shymkent_school|nc10|np15|br1.0|one_heavy|ms3|r300|s1,main,shymkent_school,10,15,1.0,one_heavy,3,300,1,4771,sha256:d2415652c903ffc8bb90fffb02a3809c63917b991cc4911ebaee9df2703708fa,176,1024,0,0,5,1,c03 c05 c07,c03 c05 c07,c03 c05 c07
main|shymkent_school|nc10|np15|br1.0|one_heavy|ms3|r300|s2,main,shymkent_school,10,15,1.0,one_heavy,3,300,2,7989,sha256:a9178174b3c46eac63f0c76051e0454e0ad6f649f365720159abb771052f5ba5,176,1024,0,0,9,3,c00 c02 c05,c02 c05 c09,c02 c04 c05
main|shymkent_school|nc10|np15|br1.0|one_heavy|ms3|r300|s3,main,shymkent_school,10,15,1.0,one_heavy,3,300,3,5544,sha256:d1adb3ad1973588bececb344d115692a668c5dfc78afae57ff9624e0aebda6da,176,1024,0,0,6,1,c00 c03 c06,c00 c03 c06,c00 c03 c06
main|shymkent_school|nc10|np15|br1.0|one_heavy|ms3|r300|s4,main,shymkent_school,10,15,1.0,one_heavy,3,300,4,5215,sha256:1ccdc589ad2be42b5e7633e48b1760a5703fea1d6e73684a2602b823261460bc,176,1024,0,0,13,1,c04 c07 c08,c04 c07 c08,c04 c07 c08
main|shymkent_school|nc10|np15|br1.0|one_heavy|ms3|r300|s5,main,shymkent_school,10,15,1.0,one_heavy,3,300,5,5263,sha256:017d5a582307dc5365e36aef24c2e7ba0c2e4204c2a2644290261b1da001be0b,176,1024,0,0,5,1,c05 c08,c05 c08,c05 c08
main|shymkent_school|nc10|np15|br1.0|one_heavy|ms3|r300|s6,main,shymkent_school,10,15,1.0,one_heavy,3,300,6,4001,sha256:da95e26b959149a5d6fefbdb9516e8aeee2a83293bbd17556dca5595d0cc8785,176,1024,0,0,9,3,c02 c03 c05,c03 c05 c09,c02 c03 c07
main|shymkent_school|nc10|np15|br1.0|one_heavy|ms3|r300|s7,main,shymkent_school,10,15,1.0,one_heavy,3,300,7,5558,sha256:504d1b8c13458f8637edcc4af1d57d0b3595cd316a3be4e74457c4ff5e6875df,176,1024,0,0,8,2,c01 c05 c06,c01 c05 c06,c04 c05 c09
main|shymkent_school|nc10|np15|br1.0|one_heavy|ms3|r300|s8,main,shymkent_school,10,15,1.0,one_heavy,3,300,8,5402,sha256:038571cc85b36072719ef80f67927437d23e7e72da7945be5e77dfc0de312b3b,176,1024,0,0,8,2,c05 c06 c07,c03 c06 c07,c05 c06 c07
main|shymkent_school|nc10|np15|br1.0|one_heavy|ms3|r300|s9,main,shymkent_school,10,15,1.0,one_heavy,3,300,9,5341,sha256:75d39ab62957d53972952e434b5f87912a555b6575fd38fd945da0304139e33e,176,1024,0,0,7,2,c01 c06 c07,c06 c07 c08,c01 c06 c07
main|shymkent_school|nc10|np25|br0.25|uniform|ms3|r300|s0,main,shymkent_school,10,25,0.25,uniform,3,300,0,1562,sha256:8b79ce50e2de69c807da228215d627da7c2c5030de821c83f78e6d667ef4d5b9,72,1024,1,0,16,1,c01 c02 c08,c01 c02 c08,c01 c02 c08
main|shymkent_school|nc10|np25|br0.25|uniform|ms3|r300|s1,main,shymkent_school,10,25,0.25,uniform,3,300,1,999,sha256:17ab88a76b3a6d103f3c765767cf2c4ffc4bb4666d6afc5ea88030bad0b2bbb9,84,1024,1,0,8,1,c03 c04 c08,c03 c04 c08,c03 c04 c08
main|shymkent_school|nc10|np25|br0.25|uniform|ms3|r300|s2,main,shymkent_school,10,25,0.25,uniform,3,300,2,1313,sha256:b39c54aa047c5fd5c9ac4b8b773fa652c8437aea3373456ac6ed511d5035fe4d,76,1024,1,0,5,1,c02 c07 c09,c02 c07 c09,c02 c07 c09
main|shymkent_school|nc10|np25|br0.25|uniform|ms3|r300|s3,main,shymkent_school,10,25,0.25,uniform,3,300,3,1402,sha256:2898b34ba342b4c9e79e9db3e5d550b54695a9749a623503c5aa576058f8df62,77,1024,1,0,9,1,c00 c01,c00 c01,c00 c01
main|shymkent_school|nc10|np25|br0.25|uniform|ms3|r300|s4,main,shymkent_school,10,25,0.25,uniform,3,300,4,1291,sha256:b308512de4cbe3b0bab215fab330ac37e7cf24d25a9f5b61e4f8714a21c13b7c,75,1024,1,0,9,2,c04 c07 c08,c03 c04,c04 c07 c08
main|shymkent_school|nc10|np25|br0.25|uniform|ms3|r300|s5,main,shymkent_school,10,25,0.25,uniform,3,300,5,1349,sha256:6b8065e5807de9a133d56c586b6e543a93d51c5ab1ffc859a4d4dd0b600c6f08,74,1024,1,0,14,3,c01 c02 c09,c06 c09,c02 c03 c09
main|shymkent_school|nc10|np25|br0.25|uniform|ms3|r300|s6,main,shymkent_school,10,25,0.25,uniform,3,300,6,1687,sha256:600dffd989667508faff20f039c698b1f5a087ab9b878b803164a5e63b88385a,72,1024,1,0,8,1,c03 c07 c09,c03 c07 c09,c03 c07 c09
main|shymkent_school|nc10|np25|br0.25|uniform|ms3|r300|s7,main,shymkent_school,10,25,0.25,uniform,3,300,7,1423,sha256:7958501c429842fee3d4c9aa641631a91ca632958aa042d08b8a6218da635149,72,1024,1,0,11,2,c00 c01 c08,c00 c01 c06,c00 c01 c08
main|shymkent_school|nc10|np25|br0.25|uniform|ms3|r300|s8,main,shymkent_school,10,25,0.25,uniform,3,300,8,1722,sha256:7d95eb4531932a336dc2b28b5be86b1e34ea812333ae69955a1654d4f188ffcc,76,1024,1,0,12,2,c04 c07 c08,c04 c07 c08,c05 c08
main|shymkent_school|nc10|np25|br0.25|uniform|ms3|r300|s9,main,shymkent_school,10,25,0.25,uniform,3,300,9,1324,sha256:b3dd350f4ab06140f6d3e01491af3d7b807903ebd8a18e2d316cb4c619dc6b62,75,1024,1,0,6,1,c07 c09,c07 c09,c07 c09
main|shymkent_school|nc10|np25|br0.25|random_1_100|ms3|r300|s0,main,shymkent_school,10,25,0.25,random_1_100,3,300,0,1381,sha256:6cb2226fef0799648bf4acbb58fe9c05e40dd5729bbb3e435fe8735dcf613bae,74,1024,1,0,9,3,c04 c06 c09,c00 c06 c09,c04 c08 c09
main|shymkent_school|nc10|np25|br0.25|random_1_100|ms3|r300|s1,main,shymkent_school,10,25,0.25,random_1_100,3,300,1,967,sha256:0ab04f6508f843b36f3984e72cf31eed4e2b04f1caba3bef19086cd334c00db8,82,1024,1,0,9,1,c02 c07 c08,c02 c07 c08,c02 c07 c08
main|shymkent_school|nc10|np25|br0.25|random_1_100|ms3|r300|s2,main,shymkent_school,10,25,0.25,random_1_100,3,300,2,1371,sha256:14de01fa7e41da27dabcaeaadab7aacbb21316db24193a299df76cc8cc961b6c,74,1024,1,0,7,1,c01 c02 c09,c01 c02 c09,c01 c02 c09
main|shymkent_school|nc10|np25|br0.25|random_1_100|ms3|r300|s3,main,shymkent_school,10,25,0.25,random_1_100,3,300,3,1302,sha256:181a3db1c6b14ff4f2f27c20336720ce9f175316f1fa04e8fd571693d844ead3,82,1024,1,0,10,2,c04 c08 c09,c06 c08 c09,c04 c08 c09
main|shymkent_school|nc10|np25|br0.25|random_1_100|ms3|r300|s4,main,shymkent_school,10,25,0.25,random_1_100,3,300,4,1766,sha256:44d23795101683475b91c0960af617328f94299f8e7267564761c78c216b91fa,69,1024,1,0,7,1,c01 c02 c06,c01 c02 c06,c01 c02 c06
main|shymkent_school|nc10|np25|br0.25|random_1_100|ms3|r300|s5,main,shymkent_school,10,25,0.25,random_1_100,3,300,5,1678,sha256:970a05251dfb35833987c80b91f2c4cadc7aa42b597fc72c0dc351a8d1753b1d,73,1024,1,0,6,1,c02 c03 c06,c02 c03 c06,c02 c03 c06
main|shymkent_school|nc10|np25|br0.25|random_1_100|ms3|r300|s6,main,shymkent_school,10,25,0.25,random_1_100,3,300,6,1798,sha256:001c61638741635bd21466d8a4996d027702ad7fa12bb43ea5eb41a971ab9fb1,68,1024,1,0,6,2,c04 c05 c08,c04 c05 c08,c02 c04 c05
main|shymkent_school|nc10|np25|br0.25|random_1_100|ms3|r300|s7,main,shymkent_school,10,25,0.25,random_1_100,3,300,7,1301,sha256:67653f56247480a51b4c4b11f23384c950da263d6d475d29874a6b6713916dc0,77,1024,1,0,12,2,c00 c01 c09,c00 c01 c09,c04 c08
main|shymkent_school|nc10|np25|br0.25|random_1_100|ms3|r300|s8,main,shymkent_school,10,25,0.25,random_1_100,3,300,8,1501,sha256:adb6de55f1582909ab36d93866737600289d59b57d2e237b52769bb7c9c94af2,65,1024,1,0,7,3,c03 c09,c01 c03,c01 c09
main|shymkent_school|nc10|np25|br0.25|random_1_100|ms3|r300|s9,main,shymkent_school,10,25,0.25,random_1_100,3,300,9,1874,sha256:1629223ba525abf990d922c49884ed3f9152954b1eea713124323f32b6818f9a,70,1024,1,0,9,1,c01 c05 c09,c01 c05 c09,c01 c05 c09
main|shymkent_school|nc10|np25|br0.25|one_heavy|ms3|r300|s0,main,shymkent_school,10,25,0.25,one_heavy,3,300,0,1219,sha256:55c11aceb7871c39726d4818d523e5b13033cfc20a239e9e41b853b43731d6cf,65,1024,1,0,7,1,c05 c06 c07,c05 c06 c07,c05 c06 c07
main|shymkent_school|nc10|np25|br0.25|one_heavy|ms3|r300|s1,main,shymkent_school,10,25,0.25,one_heavy,3,300,1,1279,sha256:d77416a3f5f8ef5b62b29a3b42895dc0e7a4a32e8794d448914d8fe05ae34a25,80,1024,1,0,7,2,c01 c03 c08,c01 c03 c08,c03 c04 c08
main|shymkent_school|nc10|np25|br0.25|one_heavy|ms3|r300|s2,main,shymkent_school,10,25,0.25,one_heavy,3,300,2,1375,sha256:a9786577989917795a73b2b89b11792f2a911dadabfa2394d2a5f1951e4bb5a7,73,1024,1,0,9,2,c01 c03 c08,c03 c06 c09,c01 c03 c08
main|shymkent_school|nc10|np25|br0.25|one_heavy|ms3|r300|s3,main,shymkent_school,10,25,0.25,one_heavy,3,300,3,1073,sha256:51b90643c23908a7d6fcd4fea1ac9dd0aa176452b27d6b6fc60ae59cabe1886f,83,1024,1,0,9,1,c05 c07,c05 c07,c05 c07
main|shymkent_school|nc10|np25|br0.25|one_heavy|ms3|r300|s4,main,shymkent_school,10,25,0.25,one_heavy,3,300,4,1402,sha256:69db39e772f2167b4509eea19f4dfdffd51fde8467866e630f706a42d37b8a94,73,1024,1,0,6,2,c02 c03 c07,c02 c03 c07,c00 c02 c07
main|shymkent_school|nc10|np25|br0.25|one_heavy|ms3|r300|s5,main,shymkent_school,10,25,0.25,one_heavy,3,300,5,1375,sha256:065037838b2d0ac1631d519e5fb4dcbcfee7b4afcd98c09fa798d6437cf0312d,76,1024,1,0,4,1,c02 c03 c06,c02 c03 c06,c02 c03 c06
main|shymkent_school|nc10|np25|br0.25|one_heavy|ms3|r300|s6,main,shymkent_school,10,25,0.25,one_heavy,3,300,6,1533,sha256:ebba4c932d8575f6eec0a52d287b1f64a9fe1d4bb2d5a07126ebeb4733f6eae4,70,1024,1,0,11,1,c06 c07 c09,c06 c07 c09,c06 c07 c09
main|shymkent_school|nc10|np25|br0.25|one_heavy|ms3|r300|s7,main,shymkent_school,10,25,0.25,one_heavy,3,300,7,1085,sha256:7122596a0140d7abec0418e61e7881d81647d55b12776ba768ca5a751f1d395b,84,1024,1,0,8,3,c02 c03,c02 c08,c03 c06 c08
main|shymkent_school|nc10|np25|br0.25|one_heavy|ms3|r300|s8,main,shymkent_school,10,25,0.25,one_heavy,3,300,8,1103,sha256:5d995a74b4b4483aaf5e63fbd688b9d97692fc9c67f06e99b9e8796eb4b3f276,75,1024,1,0,7,1,c00 c05 c06,c00 c05 c06,c00 c05 c06
main|shymkent_school|nc10|np25|br0.25|one_heavy|ms3|r300|s9,main,shymkent_school,10,25,0.25,one_heavy,3,300,9,1443,sha256:6cc10c7659f473a818532f2af1609c8c2d62d8e47f61f3c24bbfc18a20c01d9b,72,1024,1,0,10,1,c01 c04 c09,c01 c04 c09,c01 c04 c09
main|shymkent_school|nc10|np25|br0.5|uniform|ms3|r300|s0,main,shymkent_school,10,25,0.5,uniform,3,300,0,2251,sha256:917b828564b760a2fce525409fff7ce045609c2ddcbe6da5db91d4eb31d40f7b,174,1024,1,0,10,1,c01 c02 c06,c01 c02 c06,c01 c02 c06
main|shymkent_school|nc10|np25|br0.5|uniform|ms3|r300|s1,main,shymkent_school,10,25,0.5,uniform,3,300,1,2586,sha256:b483e89541d4f43a4c03edd20facb6e3a739f8159c62e255f1e12f7d5129d651,173,1024,1,0,18,2,c02 c03 c06,c03 c06 c09,c02 c03 c06
main|shymkent_school|nc10|np25|br0.5|uniform|ms3|r300|s2,main,shymkent_school,10,25,0.5,uniform,3,300,2,2507,sha256:e0333dddc8282a5c560f083d92b623c0699676a2db7645b364b60c67cbd85711,176,1024,0,0,9,2,c01 c03 c08,c01 c03 c05,c01 c03 c05
main|shymkent_school|nc10|np25|br0.5|uniform|ms3|r300|s3,main,shymkent_school,10,25,0.5,uniform,3,300,3,2997,sha256:923e4e63cc47f23513894cff8d41954facdc87c0013576e4234c9275a674a620,176,1024,0,0,6,1,c00 c02 c04,c00 c02 c04,c00 c02 c04
main|shymkent_school|nc10|np25|br0.5|uniform|ms3|r300|s4,main,shymkent_school,10,25,0.5,uniform,3,300,4,2961,sha256:2c07fe9537b750c87624b075afa6ccbc7bac3d180ed47774db1a90f9bbe9a57f,176,1024,0,0,6,1,c03 c06 c09,c03 c06 c09,c03 c06 c09
main|shymkent_school|nc10|np25|br0.5|uniform|ms3|r300|s5,main,shymkent_school,10,25,0.5,uniform,3,300,5,1992,sha256:58c6fce1927001a3f4723b2fb448d8d31a5d3ef7f5b6cb08389d830c0a1b71e8,175,1024,1,0,7,2,c06 c07 c09,c03 c07 c09,c06 c07 c09
main|shymkent_school|nc10|np25|br0.5|uniform|ms3|r300|s6,main,shymkent_school,10,25,0.5,uniform,3,300,6,2242,sha256:361ca2196bb8347c6ed0e382616f658571328de319f9961de2d05f931608ff7f,175,1024,1,0,5,2,c01 c05 c08,c01 c05 c06,c01 c05 c08
main|shymkent_school|nc10|np25|br0.5|uniform|ms3|r300|s7,main,shymkent_school,10,25,0.5,uniform,3,300,7,2104,sha256:0f52ffef0fc290c6ccdbd020c7852d65ec71f4adf031aadf10d5afaa7b409eed,174,1024,1,0,12,2,c00 c06 c07,c00 c07 c08,c00 c06 c07
main|shymkent_school|nc10|np25|br0.5|uniform|ms3|r300|s8,main,shymkent_school,10,25,0.5,uniform,3,300,8,3688,sha256:cb7a283ef127ba3ad27681152c7bb1ba4f0f54e41c3e8ec857eef2ab8f085ed0,176,1024,0,0,9,2,c00 c06 c08,c00 c06 c08,c00 c03 c06
main|shymkent_school|nc10|np25|br0.5|uniform|ms3|r300|s9,main,shymkent_school,10,25,0.5,uniform,3,300,9,2380,sha256:8742f51707165910afaffe6a733e8cbb9aadc618cfa956dfb49e9ac23c9536b9,176,1024,0,0,12,2,c03 c06 c09,c02 c06 c08,c03 c06 c09
main|shymkent_school|nc10|np25|br0.5|random_1_100|ms3|r300|s0,main,shymkent_school,10,25,0.5,random_1_100,3,300,0,2225,sha256:d9abcd1ba8b1882731b5ce0b58ee7bfd94e4d7444a3f68cd9fdfc9fa8cbe9ee0,176,1024,0,0,10,3,c00 c01 c04,c00 c03 c04,c01 c06 c07
main|shymkent_school|nc10|np25|br0.5|random_1_100|ms3|r300|s1,main,shymkent_school,10,25,0.5,random_1_100,3,300,1,3246,sha256:84ad1c12a2f6b75f0a0bf47cc2f3b62a97ba284b09f9323042b5f6f2ee76d132,176,1024,0,0,8,1,c03 c07 c08,c03 c07 c08,c03 c07 c08
main|shymkent_school|nc10|np25|br0.5|random_1_100|ms3|r300|s2,main,shymkent_school,10,25,0.5,random_1_100,3,300,2,2998,sha256:c35e861212374b08de4da0c8c9f14f7119f1403a6f5f452bb9cf410493bbdf93,176,1024,0,0,8,1,c00 c01 c05,c00 c01 c05,c00 c01 c05
main|shymkent_school|nc10|np25|br0.5|random_1_100|ms3|r300|s3,main,shymkent_school,10,25,0.5,random_1_100,3,300,3,2653,sha256:1cea782686488732029631cd63861666472d05331113e58bc456d376e5103133,176,1024,0,0,11,1,c03 c05 c07,c03 c05 c07,c03 c05 c07
main|shymkent_school|nc10|np25|br0.5|random_1_100|ms3|r300|s4,main,shymkent_school,10,25,0.5,random_1_100,3,300,4,2694,sha256:fc8a41866aa100888a3ad65f3d5fe9c771bcdb61cf986b032ce891ff1c0af581,176,1024,0,0,8,2,c04 c05 c08,c04 c05 c08,c05 c08 c09
main|shymkent_school|nc10|np25|br0.5|random_1_100|ms3|r300|s5,main,shymkent_school,10,25,0.5,random_1_100,3,300,5,3079,sha256:04ce8ab4bb4cdd819b570d384f8696dbe2e78f39af98a5e9a759d28436e05216,176,1024,0,0,17,2,c02 c07 c09,c00 c02 c09,c02 c07 c09
main|shymkent_school|nc10|np25|br0.5|random_1_100|ms3|r300|s6,main,shymkent_school,10,25,0.5,random_1_100,3,300,6,3269,sha256:8f1cfbf16881c0acddb6cb2934278477c30bcbcd5e4bf2f5992f08d9f3c10b85,176,1024,0,0,10,1,c00 c03 c07,c00 c03 c07,c00 c03 c07
main|shymkent_school|nc10|np25|br0.5|random_1_100|ms3|r300|s7,main,shymkent_school,10,25,0.5,random_1_100,3,300,7,2328,sha256:e3496d6279f6b3f1fcae4c4a57922291bed93c8f9d116075dc878935cab43296,173,1024,1,0,6,2,c05 c06 c08,c05 c06 c08,c03 c06 c08
main|shymkent_school|nc10|np25|br0.5|random_1_100|ms3|r300|s8,main,shymkent_school,10,25,0.5,random_1_100,3,300,8,2367,sha256:b30ec2a4b78ec2cc7c848298e480e4588399a50b5e6de6e94d02ef39ec31aa8a,176,1024,0,0,12,3,c05 c07 c09,c05 c08 c09,c00 c05 c09
main|shymkent_school|nc10|np25|br0.5|random_1_100|ms3|r300|s9,main,shymkent_school,10,25,0.5,random_1_100,3,300,9,2660,sha256:6c2563714c785f973bf51a4e370f2b4dd6a56a7549df8c262bbe039f0e4b7114,176,1024,0,0,9,2,c02 c05 c07,c01 c02 c07,c02 c05 c07
main|shymkent_school|nc10|np25|br0.5|one_heavy|ms3|r300|s0,main,shymkent_school,10,25,0.5,one_heavy,3,300,0,2867,sha256:8633d64f6b34b15cf0aa8f0cb99d27b68e9bee71a48a7d31b9b861f953a5b6f6,176,1024,0,0,8,1,c02 c05 c08,c02 c05 c08,c02 c05 c08
main|shymkent_school|nc10|np25|br0.5|one_heavy|ms3|r300|s1,main,shymkent_school,10,25,0.5,one_heavy,3,300,1,3069,sha256:9a1af769e93fa0f3b9631041a827ff5ed738ba21811f5ef673a4c3ce30ccbacf,176,1024,0,0,7,1,c01 c06 c07,c01 c06 c07,c01 c06 c07
main|shymkent_school|nc10|np25|br0.5|one_heavy|ms3|r300|s2,main,shymkent_school,10,25,0.5,one_heavy,3,300,2,3610,sha256:ae9178bf3c2c5c02e0e2211cebcf0d4cc26f5ce17f0f0887c186559dbfc20eb3,176,1024,0,0,9,1,c01 c05 c09,c01 c05 c09,c01 c05 c09
main|shymkent_school|nc10|np25|br0.5|one_heavy|ms3|r300|s3,main,shymkent_school,10,25,0.5,one_heavy,3,300,3,2448,sha256:352595ce90f306c95757b7bae56360faa9e6678468ea8a29bcb12b65b4e75c92,176,1024,0,0,11,2,c06 c08 c09,c07 c08 c09,c07 c08 c09
main|shymkent_school|nc10|np25|br0.5|one_heavy|ms3|r300|s4,main,shymkent_school,10,25,0.5,one_heavy,3,300,4,2411,sha256:3ca8fff9f1010e56582255aa1c97b858739dd676cb505ee3075f39dbe6a46811,176,1024,0,0,7,2,c07 c08 c09,c02 c08 c09,c07 c08 c09
main|shymkent_school|nc10|np25|br0.5|one_heavy|ms3|r300|s5,main,shymkent_school,10,25,0.5,one_heavy,3,300,5,2843,sha256:d8931bf37701c82527912d5516ccb1bd8bf803728ef06e3e0a3b21338a96d80f,176,1024,0,0,9,2,c04 c06 c09,c04 c05 c06,c04 c06 c09
main|shymkent_school|nc10|np25|br0.5|one_heavy|ms3|r300|s6,main,shymkent_school,10,25,0.5,one_heavy,3,300,6,2657,sha256:413ba0134e3dd22ebb498280806ff29bc89b84e1d9dbbd82086dae5a910db49a,176,1024,0,0,10,2,c00 c03 c07,c00 c04 c07,c00 c03 c07
main|shymkent_school|nc10|np25|br0.5|one_heavy|ms3|r300|s7,main,shymkent_school,10,25,0.5,one_heavy,3,300,7,2791,sha256:92281f00c203458c0628a2d7c3700103cd6be05a35b1f5d585fbb447435885f4,176,1024,0,0,9,2,c04 c07 c08,c04 c07 c08,c05 c07 c08
main|shymkent_school|nc10|np25|br0.5|one_heavy|ms3|r300|s8,main,shymkent_school,10,25,0.5,one_heavy,3,300,8,3052,sha256:c7ff146b346a1e488aa630f315a9af26d8e03e93e20d0c80745a09cd3809eeed,176,1024,0,0,9,1,c02 c03 c05,c02 c03 c05,c02 c03 c05
main|shymkent_school|nc10|np25|br0.5|one_heavy|ms3|r300|s9,main,shymkent_school,10,25,0.5,one_heavy,3,300,9,2116,sha256:e68edefe8b907ec6e1bd5912d2c87a9b6735385c262cdfd04123987b86af254f,176,1024,0,0,11,2,c04 c06 c09,c04 c06 c08,c04 c06 c09
main|shymkent_school|nc10|np25|br1.0|uniform|ms3|r300|s0,main,shymkent_school,10,25,1.0,uniform,3,300,0,3400,sha256:820b7ef4ed6d7bb4ea07a5ac891c15573a7595ea6cd4c78e8deeb6c1d6e87914,176,1024,0,0,11,1,c00 c05 c09,c00 c05 c09,c00 c05 c09
main|shymkent_school|nc10|np25|br1.0|uniform|ms3|r300|s1,main,shymkent_school,10,25,1.0,uniform,3,300,1,5693,sha256:720540b5e107c0bb71031bbd74fb596e57a4e0779d48e532663a073a2783291f,176,1024,0,0,12,2,c00 c08 c09,c00 c07 c08,c00 c08 c09
main|shymkent_school|nc10|np25|br1.0|uniform|ms3|r300|s2,main,shymkent_school,10,25,1.0,uniform,3,300,2,3819,sha256:57d31b6c14048d00f58e91f5964d1795d823b5d059f32e893fd6fa25f0256eca,176,1024,0,0,13,2,c01 c06 c07,c01 c06 c07,c01 c06 c08
main|shymkent_school|nc10|np25|br1.0|uniform|ms3|r300|s3,main,shymkent_school,10,25,1.0,uniform,3,300,3,4607,sha256:0767090ad8717c5eeb23977196b09e2e496ac9e2eaaf36b1138dc4804af5acd8,176,1024,0,0,12,2,c04 c07 c09,c04 c07 c09,c03 c04 c09
main|shymkent_school|nc10|np25|br1.0|uniform|ms3|r300|s4,main,shymkent_school,10,25,1.0,uniform,3,300,4,4856,sha256:59cfe61e01910710a037795318f9b5b2d698ce1f35abfbf828da88805acbf5ed,176,1024,0,0,7,2,c04 c05 c07,c04 c05 c07,c01 c05 c09
main|shymkent_school|nc10|np25|br1.0|uniform|ms3|r300|s5,main,shymkent_school,10,25,1.0,uniform,3,300,5,5580,sha256:e8ee2d939772b82a8b78fc89cd5e26e90e47f47285ffde8ced1ffe3cda8bd275,176,1024,0,0,15,2,c00 c03 c08,c00 c03 c08,c00 c03 c09
main|shymkent_school|nc10|np25|br1.0|uniform|ms3|r300|s6,main,shymkent_school,10,25,1.0,uniform,3,300,6,6451,sha256:8bb5e5f4fd39dea87fa42c504600e5034ce06c2a50ec7b79d32fbd2a544e62e5,176,1024,0,0,11,1,c05 c06 c09,c05 c06 c09,c05 c06 c09
main|shymkent_school|nc10|np25|br1.0|uniform|ms3|r300|s7,main,shymkent_school,10,25,1.0,uniform,3,300,7,6207,sha256:cac87489955e7b374e5da3d5dddb07d896052f23596132ebc597d1a472bbf832,176,1024,0,0,5,1,c03 c05 c07,c03 c05 c07,c03 c05 c07
main|shymkent_school|nc10|np25|br1.0|uniform|ms3|r300|s8,main,shymkent_school,10,25,1.0,uniform,3,300,8,5865,sha256:7515060650eab4488a38a77fadcae7e4e94c2a1c95c9f57d3b079eaaba7f6b5f,176,1024,0,0,12,1,c07 c08 c09,c07 c08 c09,c07 c08 c09
main|shymkent_school|nc10|np25|br1.0|uniform|ms3|r300|s9,main,shymkent_school,10,25,1.0,uniform,3,300,9,5166,sha256:274c52ef5e930dd365c3b7c477e5c1f17fa931568fa5784dc0f68143e73d39d8,176,1024,0,0,13,2,c01 c03 c07,c01 c02 c03,c01 c03 c07
main|shymkent_school|nc10|np25|br1.0|random_1_100|ms3|r300|s0,main,shymkent_school,10,25,1.0,random_1_100,3,300,0,5990,sha256:c0f56cd523e113c491dbc0c31f8fce59601889bc0a949860dd1b6d34810ed193,176,1024,0,0,12,2,c03 c08 c09,c03 c08 c09,c03 c05 c09
main|shymkent_school|nc10|np25|br1.0|random_1_100|ms3|r300|s1,main,shymkent_school,10,25,1.0,random_1_100,3,300,1,5786,sha256:a6254f12f8e6bbdcdcebda229f79c6ae9ecccc077a581cfc1213299967ce5224,176,1024,0,0,5,1,c00 c03 c09,c00 c03 c09,c00 c03 c09
main|shymkent_school|nc10|np25|br1.0|random_1_100|ms3|r300|s2,main,shymkent_school,10,25,1.0,random_1_100,3,300,2,5355,sha256:5e4970c554d4fd070399dfb1b6b3bbda46804c9c0d3fa91249922ca578879944,176,1024,0,0,11,3,c01 c02 c06,c01 c06 c09,c02 c05 c06
main|shymkent_school|nc10|np25|br1.0|random_1_100|ms3|r300|s3,main,shymkent_school,10,25,1.0,random_1_100,3,300,3,5948,sha256:73fba4565c83895225de6ab25fbfa539f364eda30dda0818f263dacde74a7bae,176,1024,0,0,13,2,c04 c06 c09,c04 c06 c09,c06 c07 c09
main|shymkent_school|nc10|np25|br1.0|random_1_100|ms3|r300|s4,main,shymkent_school,10,25,1.0,random_1_100,3,300,4,4752,sha256:286ec5e8c577fdf12f8951000393b0bea46a607ea1fb028381a23f89b322dcf6,176,1024,0,0,15,3,c04 c07 c09,c00 c04 c07,c03 c07 c09
main|shymkent_school|nc10|np25|br1.0|random_1_100|ms3|r300|s5,main,shymkent_school,10,25,1.0,random_1_100,3,300,5,5740,sha256:a4f2b932880b4d70f83fe99b309b93faf695ef32a2c65706aef92c658618c2b8,176,1024,0,0,10,2,c06 c07 c08,c05 c06 c07,c06 c07 c08
main|shymkent_school|nc10|np25|br1.0|random_1_100|ms3|r300|s6,main,shymkent_school,10,25,1.0,random_1_100,3,300,6,4999,sha256:2649b531b0b42167f6258a565ebea08c049f6f1c91ce5db4231cfcbc964cf1f3,176,1024,0,0,11,1,c03 c08 c09,c03 c08 c09,c03 c08 c09
main|shymkent_school|nc10|np25|br1.0|random_1_100|ms3|r300|s7,main,shymkent_school,10,25,1.0,random_1_100,3,300,7,6946,sha256:c2dd4343360b669106ac5f5a03ddb43b99286fc19f6d3dbd0a77ca609e1ff6a0,176,1024,0,0,12,2,c01 c06 c08,c01 c06 c08,c00 c06 c08
main|shymkent_school|nc10|np25|br1.0|random_1_100|ms3|r300|s8,main,shymkent_school,10,25,1.0,random_1_100,3,300,8,5115,sha256:fa0e73d7fd552d9fcdf8bd223995687b952a30a830b9e6c2c84d79ed85515070,176,1024,0,0,12,2,c00 c04 c08,c00 c04 c08,c04 c08 c09
main|shymkent_school|nc10|np25|br1.0|random_1_100|ms3|r300|s9,main,shymkent_school,10,25,1.0,random_1_100,3,300,9,5750,sha256:c3142ed9e8395b413fc5fb87e812f34358080c934c7cb318f4c381ffd5eb99b5,176,1024,0,0,9,2,c02 c03 c05,c02 c03 c05,c02 c05 c08
main|shymkent_school|nc10|np25|br1.0|one_heavy|ms3|r300|s0,main,shymkent_school,10,25,1.0,one_heavy,3,300,0,5150,sha256:2ce61f2fb2f4e1e501792361e8844bf12e6fd13683aba267511717949b810ca4,176,1024,0,0,7,2,c06 c07 c09,c02 c06 c07,c06 c07 c09
main|shymkent_school|nc10|np25|br1.0|one_heavy|ms3|r300|s1,main,shymkent_school,10,25,1.0,one_heavy,3,300,1,5078,sha256:c270a41181c9b7be43ec8bd1180c3139b257f72e459afb207f93e289a38ea8a1,176,1024,0,0,11,1,c07 c08 c09,c07 c08 c09,c07 c08 c09
main|shymkent_school|nc10|np25|br1.0|one_heavy|ms3|r300|s2,main,shymkent_school,10,25,1.0,one_heavy,3,300,2,4120,sha256:5216b27fa62a77ef5ab5a3ecea12d9f38a06a97f3389649f199d888a494ff870,176,1024,0,0,8,1,c03 c08 c09,c03 c08 c09,c03 c08 c09
main|shymkent_school|nc10|np25|br1.0|one_heavy|ms3|r300|s3,main,shymkent_school,10,25,1.0,one_heavy,3,300,3,4776,sha256:7b8a4d91c7c3a1de8d5c223c620c4a584e0f316d6f8dff0505af5add7cefb70f,176,1024,0,0,6,2,c03 c07 c09,c03 c07 c09,c03 c05 c07
main|shymkent_school|nc10|np25|br1.0|one_heavy|ms3|r300|s4,main,shymkent_school,10,25,1.0,one_heavy,3,300,4,6624,sha256:c9c0b32062eb4c3412f701428f885a5b02382ff7919f230976c51b03cb439ffd,176,1024,0,0,7,1,c00 c02 c04,c00 c02 c04,c00 c02 c04
main|shymkent_school|nc10|np25|br1.0|one_heavy|ms3|r300|s5,main,shymkent_school,10,25,1.0,one_heavy,3,300,5,5534,sha256:36d27b206b0d0354d15c50832f44bb2acb4e73f246fc01142d307d1eed3729f7,176,1024,0,0,14,1,c04 c07 c08,c04 c07 c08,c04 c07 c08
main|shymkent_school|nc10|np25|br1.0|one_heavy|ms3|r300|s6,main,shymkent_school,10,25,1.0,one_heavy,3,300,6,6708,sha256:4b78445c6e1ca772ec3d6727dc2ccb17ea7b46ac15c25b677fd324f918d778d4,176,1024,0,0,5,1,c04 c05 c06,c04 c05 c06,c04 c05 c06
main|shymkent_school|nc10|np25|br1.0|one_heavy|ms3|r300|s7,main,shymkent_school,10,25,1.0,one_heavy,3,300,7,5364,sha256:2c1f2bd12334eeccdb2e1b395c899d46daac7ff3a271978ee4b49c1d03a0bfe9,176,1024,0,0,15,3,c06 c08 c09,c00 c07 c09,c04 c08 c09
main|shymkent_school|nc10|np25|br1.0|one_heavy|ms3|r300|s8,main,shymkent_school,10,25,1.0,one_heavy,3,300,8,5802,sha256:efefe0b12acddf6eac2bb73b1ce4224cb89e473047f636c29caa4bbfecfb7340,176,1024,0,0,10,2,c03 c05 c09,c03 c05 c09,c03 c07 c09
main|shymkent_school|nc10|np25|br1.0|one_heavy|ms3|r300|s9,main,shymkent_school,10,25,1.0,one_heavy,3,300,9,5099,sha256:e3a3db4e2aac35cff88b7456840fe155be46170693a93194a854db37f1f8c5d7,176,1024,0,0,8,2,c02 c06 c07,c02 c05 c07,c02 c06 c07
main|shymkent_school|nc16|np5|br0.25|uniform|ms3|r300|s0,main,shymkent_school,16,5,0.25,uniform,3,300,0,2241,sha256:68830eb6843e032bd288a789a328b1bd00652e1360c8570148c5a50db1ce35e8,654,65536,1,0,8,1,c06 c12 c15,c06 c12 c15,c06 c12 c15
main|shymkent_school|nc16|np5|br0.25|uniform|ms3|r300|s1,main,shymkent_school,16,5,0.25,uniform,3,300,1,2507,sha256:2ab0a763019890ec93e09ba3de691dbbf152d03733a647a1ead53856fe241bd0,657,65536,1,0,2,1,c14,c14,c14
main|shymkent_school|nc16|np5|br0.25|uniform|ms3|r300|s2,main,shymkent_school,16,5,0.25,uniform,3,300,2,2071,sha256:05d3701cad12922911dfba6fe7a1d3306de8440bb8535271cf6d96ec6c9710ca,637,65536,1,0,6,1,c00 c02,c00 c02,c00 c02
main|shymkent_school|nc16|np5|br0.25|uniform|ms3|r300|s3,main,shymkent_school,16,5,0.25,uniform,3,300,3,2239,sha256:d4c81e4594a706acfaeaa821915c3d1d2c447efb054386d967bdc242d3c5da0d,658,65536,1,0,2,1,c15,c15,c15
main|shymkent_school|nc16|np5|br0.25|uniform|ms3|r300|s4,main,shymkent_school,16,5,0.25,uniform,3,300,4,1817,sha256:8ed386388cc4e6d59f9dd56ba2f2206bcaf6e56edcf4355765dcac0b9afbbe16,607,65536,1,0,5,1,c00 c14,c00 c14,c00 c14
main|shymkent_school|nc16|np5|br0.25|uniform|ms3|r300|s5,main,shymkent_school,16,5,0.25,uniform,3,300,5,2077,sha256:fcaae45370e286feeddfff0708fb631370fdb961d7ed4b1be78894433105340b,635,65536,1,0,4,1,c10 c12 c14,c10 c12 c14,c10 c12 c14
main|shymkent_school|nc16|np5|br0.25|uniform|ms3|r300|s6,main,shymkent_school,16,5,0.25,uniform,3,300,6,1934,sha256:ca96fa7b2abe9854638c7475f41a608651872a2af402b5c79aa8dcaacbfc165b,614,65536,1,0,3,1,c10 c11,c10 c11,c10 c11
main|shymkent_school|nc16|np5|br0.25|uniform|ms3|r300|s7,main,shymkent_school,16,5,0.25,uniform,3,300,7,2082,sha256:a5d72bf271496214d02165de87ff1c9866bb1c5868b973cf829c2c1622f1f8bd,633,65536,1,0,8,1,c02 c03 c04,c02 c03 c04,c02 c03 c04
main|shymkent_school|nc16|np5|br0.25|uniform|ms3|r300|s8,main,shymkent_school,16,5,0.25,uniform,3,300,8,2329,sha256:cb638ef6ad8621312b9f121027c01210063ffe2a6b2fc777d603d5d5f10f64c7,648,65536,1,0,3,1,c07 c14,c07 c14,c07 c14
main|shymkent_school|nc16|np5|br0.25|uniform|ms3|r300|s9,main,shymkent_school,16,5,0.25,uniform,3,300,9,1831,sha256:96eae3a77c37fae5c721547a68e830be31ccce4c9283dd09b059197e0199498f,626,65536,1,0,10,1,c00 c04 c10,c00 c04 c10,c00 c04 c10
main|shymkent_school|nc16|np5|br0.25|random_1_100|ms3|r300|s0,main,shymkent_school,16,5,0.25,random_1_100,3,300,0,1684,sha256:9da4ed737df378796aa9aef4969f2ab35fae8c6c625b66b399c6c3cd48499a6c,612,65536,1,0,6,1,c09 c12 c13,c09 c12 c13,c09 c12 c13
main|shymkent_school|nc16|np5|br0.25|random_1_100|ms3|r300|s1,main,shymkent_school,16,5,0.25,random_1_100,3,300,1,2373,sha256:efa0e3ec023ea85ab7f24e0d8c432ffa8dc1a572d2ba4d2819dca7673603c9d6,665,65536,1,0,6,1,c01 c10 c14,c01 c10 c14,c01 c10 c14
main|shymkent_school|nc16|np5|br0.25|random_1_100|ms3|r300|s2,main,shymkent_school,16,5,0.25,random_1_100,3,300,2,2431,sha256:92495ef3aed2db073641395a32fa533290784b776e7eb9f9b6eb5ce2c7a67433,650,65536,1,0,9,1,c03 c08 c09,c03 c08 c09,c03 c08 c09
main|shymkent_school|nc16|np5|br0.25|random_1_100|ms3|r300|s3,main,shymkent_school,16,5,0.25,random_1_100,3,300,3,2158,sha256:1c2ebe78d978b704b2bf67c9f3b963faca1ed592bf1630853ec5b917af5c1e98,653,65536,1,0,5,1,c06 c15,c06 c15,c06 c15
main|shymkent_school|nc16|np5|br0.25|random_1_100|ms3|r300|s4,main,shymkent_school,16,5,0.25,random_1_100,3,300,4,1920,sha256:8432e804dfe91dd6fc2e714b546aa4631425815cffd0a8715bf7758fecddc736,619,65536,1,0,8,1,c04 c10 c14,c04 c10 c14,c04 c10 c14
main|shymkent_school|nc16|np5|br0.25|random_1_100|ms3|r300|s5,main,shymkent_school,16,5,0.25,random_1_100,3,300,5,2161,sha256:a7a934752f3078d7dd05f8863e6bc985324f8451e8b5038b93007e550a0f02a1,665,65536,1,0,2,1,c08,c08,c08
main|shymkent_school|nc16|np5|br0.25|random_1_100|ms3|r300|s6,main,shymkent_school,16,5,0.25,random_1_100,3,300,6,2315,sha256:c844a1cb5802ce94a9cfe902598e87b8947af8e22cd4b31ad7f2cbb318c10dc3,671,65536,1,0,5,1,c07 c15,c07 c15,c07 c15
main|shymkent_school|nc16|np5|br0.25|random_1_100|ms3|r300|s7,main,shymkent_school,16,5,0.25,random_1_100,3,300,7,2277,sha256:3714de4da295a0ad2c652543758333bb900b15866c9820178311bd22522abc76,635,65536,1,0,5,1,c00 c06,c00 c06,c00 c06
main|shymkent_school|nc16|np5|br0.25|random_1_100|ms3|r300|s8,main,shymkent_school,16,5,0.25,random_1_100,3,300,8,2479,sha256:d44211697a2d4dd1f1c236a1c86f211ebb83419b56f886f828191917cee959fd,669,65536,1,0,7,1,c04 c12 c13,c04 c12 c13,c04 c12 c13
main|shymkent_school|nc16|np5|br0.25|random_1_100|ms3|r300|s9,main,shymkent_school,16,5,0.25,random_1_100,3,300,9,2592,sha256:afc9e39c99a3cd26278094ba6c4e3bb2b3fb0edb6409341efa2bfa6022d0c9aa,657,65536,1,0,9,1,c01 c04 c12,c01 c04 c12,c01 c04 c12
main|shymkent_school|nc16|np5|br0.25|one_heavy|ms3|r300|s0,main,shymkent_school,16,5,0.25,one_heavy,3,300,0,2071,sha256:9fc9ca33eff19420dc34c56fe6f35eb2e69adbfc1dc3885bc6882b5b5e16e5fa,643,65536,1,0,4,1,c12 c13,c12 c13,c12 c13
main|shymkent_school|nc16|np5|br0.25|one_heavy|ms3|r300|s1,main,shymkent_school,16,5,0.25,one_heavy,3,300,1,2240,sha256:26cf363d70879eb18441703a23ae5641f90d3d66718359d8538ee67f6b156e35,647,65536,1,0,5,1,c00 c12,c00 c12,c00 c12
main|shymkent_school|nc16|np5|br0.25|one_heavy|ms3|r300|s2,main,shymkent_school,16,5,0.25,one_heavy,3,300,2,2507,sha256:cd3409999f2daa61fa2b710220311d5ea5617bbc007398f37eafd53e6d5db8a7,677,65536,1,0,4,1,c11 c12,c11 c12,c11 c12
main|shymkent_school|nc16|np5|br0.25|one_heavy|ms3|r300|s3,main,shymkent_school,16,5,0.25,one_heavy,3,300,3,2141,sha256:9d956052ad76c8f12d0ed2eb640d9963b6f91f6a8cc4e630e65f1d3c73d03821,655,65536,1,0,3,1,c09,c09,c09
main|shymkent_school|nc16|np5|br0.25|one_heavy|ms3|r300|s4,main,shymkent_school,16,5,0.25,one_heavy,3,300,4,2372,sha256:97ddea87d67fedde69d687fe7c78363c6f4f1ea2cdafa894d4a7fba4a856341c,631,65536,1,0,3,1,c04 c14,c04 c14,c04 c14
main|shymkent_school|nc16|np5|br0.25|one_heavy|ms3|r300|s5,main,shymkent_school,16,5,0.25,one_heavy,3,300,5,2391,sha256:7168b9be35b70f6cd6ff95d1fe8bbbb57e3fb776559833eb12f66cb261a8d03f,655,65536,1,0,2,1,c07,c07,c07
main|shymkent_school|nc16|np5|br0.25|one_heavy|ms3|r300|s6,main,shymkent_school,16,5,0.25,one_heavy,3,300,6,2454,sha256:faa9d4ff133a6a4250b0d9245d873d106429075ae9440a6093dbe1f93e76b2de,660,65536,1,0,9,2,c08 c12,c08 c10 c11,c08 c12
main|shymkent_school|nc16|np5|br0.25|one_heavy|ms3|r300|s7,main,shymkent_school,16,5,0.25,one_heavy,3,300,7,2320,sha256:60b37a1cb3fbf5b251855ff3a5c6434d4152ba410200378fbe6c0bf716058213,656,65536,1,0,6,3,c02 c08 c10,c06 c08 c10,c02 c06 c08
main|shymkent_school|nc16|np5|br0.25|one_heavy|ms3|r300|s8,main,shymkent_school,16,5,0.25,one_heavy,3,300,8,2485,sha256:bd02efd5384f17b5d9769edeb6e5f3448525bd38c98c67b7b8670ee0a239991c,655,65536,1,0,9,1,c06 c10 c11,c06 c10 c11,c06 c10 c11
main|shymkent_school|nc16|np5|br0.25|one_heavy|ms3|r300|s9,main,shymkent_school,16,5,0.25,one_heavy,3,300,9,2109,sha256:63acd4311ae136ee9ce5946a59bfc2534f8710ef4b20a5207f9505a080fdae5f,620,65536,1,0,7,1,c01 c12,c01 c12,c01 c12
main|shymkent_school|nc16|np5|br0.5|uniform|ms3|r300|s0,main,shymkent_school,16,5,0.5,uniform,3,300,0,4386,sha256:786b25f75426e4fcc9f1f7c608302b17837a32fc7755e47d46c6fa86f7a78a9b,697,65536,0,0,3,1,c09 c10,c09 c10,c09 c10
main|shymkent_school|nc16|np5|br0.5|uniform|ms3|r300|s1,main,shymkent_school,16,5,0.5,uniform,3,300,1,3992,sha256:3cadcc62b722e130fbf2519eec2816042c0a6ad927c3176435ee7f00d8de471c,697,65536,0,0,10,1,c00 c06 c10,c00 c06 c10,c00 c06 c10
main|shymkent_school|nc16|np5|br0.5|uniform|ms3|r300|s2,main,shymkent_school,16,5,0.5,uniform,3,300,2,4339,sha256:671fc3684be0f17928b51f90f0472227509f9dfb9a06df5d73fc5406f796ba22,697,65536,0,0,11,1,c03 c05 c12,c03 c05 c12,c03 c05 c12
main|shymkent_school|nc16|np5|br0.5|uniform|ms3|r300|s3,main,shymkent_school,16,5,0.5,uniform,3,300,3,4967,sha256:e18f0c7360673cb5248e0e7a60e693839888b19ef083a161ad90198705cbf75b,697,65536,0,0,7,1,c01 c06 c13,c01 c06 c13,c01 c06 c13
main|shymkent_school|nc16|np5|br0.5|uniform|ms3|r300|s4,main,shymkent_school,16,5,0.5,uniform,3,300,4,4206,sha256:fd494cdeb8427175d633a97706547ddbffa2e10a658d1ffee898791cabb19a53,697,65536,0,0,10,3,c08 c14 c15,c09 c14 c15,c01 c14 c15
main|shymkent_school|nc16|np5|br0.5|uniform|ms3|r300|s5,main,shymkent_school,16,5,0.5,uniform,3,300,5,4511,sha256:e7a93a964a571cc21f6ccbf251f22c1c49df644e2f8708433399f7fedb747d8f,697,65536,0,0,5,1,c05 c08,c05 c08,c05 c08
main|shymkent_school|nc16|np5|br0.5|uniform|ms3|r300|s6,main,shymkent_school,16,5,0.5,uniform,3,300,6,4136,sha256:2d1229b8ac4c5473c85ac3a3d8f6a6b149e9ab6388d8bccdcac33e74e97475c8,697,65536,0,0,4,1,c04 c10,c04 c10,c04 c10
main|shymkent_school|nc16|np5|br0.5|uniform|ms3|r300|s7,main,shymkent_school,16,5,0.5,uniform,3,300,7,5060,sha256:a06f68e5f82dae0e5627f27b74750c606ed738ef4f028232bfd630a7334f5f1a,697,65536,0,0,5,1,c00 c01,c00 c01,c00 c01
main|shymkent_school|nc16|np5|br0.5|uniform|ms3|r300|s8,main,shymkent_school,16,5,0.5,uniform,3,300,8,5235,sha256:38b5ae8ddfceb9e4365812551e4ff9f334c9d91d1304e21a38beee1b7ce5e35a,697,65536,0,0,6,1,c02 c05 c11,c02 c05 c11,c02 c05 c11
main|shymkent_school|nc16|np5|br0.5|uniform|ms3|r300|s9,main,shymkent_school,16,5,0.5,uniform,3,300,9,4040,sha256:6e52906db14396f569baabba4d3e2e4a2f595312177c7cffcc3ba5aec287b547,697,65536,0,0,6,1,c02 c06 c11,c02 c06 c11,c02 c06 c11
main|shymkent_school|nc16|np5|br0.5|random_1_100|ms3|r300|s0,main,shymkent_school,16,5,0.5,random_1_100,3,300,0,3853,sha256:24ab1f28fe511a59f9caa883c696f641468b3814d5c1ccb6cc0b16666857c063,697,65536,0,0,3,1,c03 c08,c03 c08,c03 c08
main|shymkent_school|nc16|np5|br0.5|random_1_100|ms3|r300|s1,main,shymkent_school,16,5,0.5,random_1_100,3,300,1,4958,sha256:9965ba5f23e832d50aea1fcb5d14acfb4c931f4723b1dd7d3a10e9cfa2bc3fe6,697,65536,0,0,11,1,c04 c12 c15,c04 c12 c15,c04 c12 c15
main|shymkent_school|nc16|np5|br0.5|random_1_100|ms3|r300|s2,main,shymkent_school,16,5,0.5,random_1_100,3,300,2,5378,sha256:99b14cfa157d0172282390ef370f0f89292b7d0487fae2294dc84bec4efddc6f,697,65536,0,0,6,2,c03 c06 c15,c03 c12 c15,c03 c06 c15
main|shymkent_school|nc16|np5|br0.5|random_1_100|ms3|r300|s3,main,shymkent_school,16,5,0.5,random_1_100,3,300,3,4939,sha256:463bae3c51b625862953d983b7d901e49ab9d6325d32a53c880e75d493a31ca8,697,65536,0,0,8,1,c07 c08 c09,c07 c08 c09,c07 c08 c09
main|shymkent_school|nc16|np5|br0.5|random_1_100|ms3|r300|s4,main,shymkent_school,16,5,0.5,random_1_100,3,300,4,4714,sha256:2c912bff80fb886178de62fd0292f3c869aba442fa2c89a7903a4c8c26353176,697,65536,0,0,13,2,c05 c07 c14,c07 c11 c14,c05 c07 c14
main|shymkent_school|nc16|np5|br0.5|random_1_100|ms3|r300|s5,main,shymkent_school,16,5,0.5,random_1_100,3,300,5,3741,sha256:66ab9ce686a885213aabfd271fc009c101cebbf69d539ff062d3130fd4528c8c,697,65536,0,0,5,1,c01 c11 c13,c01 c11 c13,c01 c11 c13
main|shymkent_school|nc16|np5|br0.5|random_1_100|ms3|r300|s6,main,shymkent_school,16,5,0.5,random_1_100,3,300,6,4932,sha256:69b93a3c05670b4ae7058cd1f594b19ad53d6ab21b39d3d56571119ce4733a4a,697,65536,0,0,10,1,c03 c07 c08,c03 c07 c08,c03 c07 c08
main|shymkent_school|nc16|np5|br0.5|random_1_100|ms3|r300|s7,main,shymkent_school,16,5,0.5,random_1_100,3,300,7,3512,sha256:6454c7328ef8b53cbac7bd07d4ce1e61aa708dc7830809fe9383940c84a74ddf,697,65536,0,0,2,1,c11,c11,c11
main|shymkent_school|nc16|np5|br0.5|random_1_100|ms3|r300|s8,main,shymkent_school,16,5,0.5,random_1_100,3,300,8,3145,sha256:b2bbec7a2ecc12f1a4b204f23d791c65e4c148c19671a90abdb98efddb4dba98,697,65536,0,0,8,1,c02 c07 c15,c02 c07 c15,c02 c07 c15
main|shymkent_school|nc16|np5|br0.5|random_1_100|ms3|r300|s9,main,shymkent_school,16,5,0.5,random_1_100,3,300,9,5116,sha256:43fcf67b1c40649fd9e23268e4d4365c9b4dda6fad873d29d66b520bf42acda8,697,65536,0,0,2,1,c12,c12,c12
main|shymkent_school|nc16|np5|br0.5|one_heavy|ms3|r300|s0,main,shymkent_school,16,5,0.5,one_heavy,3,300,0,3703,sha256:fb7e415c0fd0e2be2e1331cb43773c891aa405338a50ab80a52d0cb7c7f6ace1,697,65536,0,0,7,1,c00 c08 c12,c00 c08 c12,c00 c08 c12
main|shymkent_school|nc16|np5|br0.5|one_heavy|ms3|r300|s1,main,shymkent_school,16,5,0.5,one_heavy,3,300,1,4195,sha256:3b9157945013eee0f02f34f5b7da3af03e9633641e49323152c4559667068984,697,65536,0,0,8,1,c04 c07 c15,c04 c07 c15,c04 c07 c15
main|shymkent_school|nc16|np5|br0.5|one_heavy|ms3|r300|s2,main,shymkent_school,16,5,0.5,one_heavy,3,300,2,4309,sha256:473773422a6aac61543b517bd24dbbc10735174853d2e754ce561eada36c37c0,697,65536,0,0,6,1,c00 c02,c00 c02,c00 c02
main|shymkent_school|nc16|np5|br0.5|one_heavy|ms3|r300|s3,main,shymkent_school,16,5,0.5,one_heavy,3,300,3,5230,sha256:6bc9dc5f3713632bd8b36487e245fa8644e1097de35922794124697c9307ce42,697,65536,0,0,4,1,c02,c02,c02
main|shymkent_school|nc16|np5|br0.5|one_heavy|ms3|r300|s4,main,shymkent_school,16,5,0.5,one_heavy,3,300,4,4531,sha256:aad6be0b72620ec2c59d774500fd238b54aa8393ae1be3220c9bdc82ca8a2e95,697,65536,0,0,10,1,c02 c03 c15,c02 c03 c15,c02 c03 c15
main|shymkent_school|nc16|np5|br0.5|one_heavy|ms3|r300|s5,main,shymkent_school,16,5,0.5,one_heavy,3,300,5,4788,sha256:dbf1c2a0d9001d4a117e116aa1dc3e71609470ed2124c6976b7915bf72006bdb,697,65536,0,0,9,1,c03 c11 c13,c03 c11 c13,c03 c11 c13
main|shymkent_school|nc16|np5|br0.5|one_heavy|ms3|r300|s6,main,shymkent_school,16,5,0.5,one_heavy,3,300,6,4442,sha256:802d488ac7f644ee22b656e50c49473b9c9b8f4f41c935e5faa6881866135d45,697,65536,0,0,9,1,c04 c11 c12,c04 c11 c12,c04 c11 c12
main|shymkent_school|nc16|np5|br0.5|one_heavy|ms3|r300|s7,main,shymkent_school,16,5,0.5,one_heavy,3,300,7,5149,sha256:ac3e86eb687c925b42b3a4929431f9a43cf04051d11e346973c30d38b47131b7,697,65536,0,0,4,1,c09 c15,c09 c15,c09 c15
main|shymkent_school|nc16|np5|br0.5|one_heavy|ms3|r300|s8,main,shymkent_school,16,5,0.5,one_heavy,3,300,8,4285,sha256:2c24d29ee1c4581cc4bd9c339d9694bc1a810d567a2855b2d245e12e0d8f929a,697,65536,0,0,4,1,c02 c14,c02 c14,c02 c14
main|shymkent_school|nc16|np5|br0.5|one_heavy|ms3|r300|s9,main,shymkent_school,16,5,0.5,one_heavy,3,300,9,4142,sha256:3a904b5a66f24ec0dbab8d262dc8185526435ffa1077b0b5ce7e658060ae4978,697,65536,0,0,4,1,c12,c12,c12
main|shymkent_school|nc16|np5|br1.0|uniform|ms3|r300|s0,main,shymkent_school,16,5,1.0,uniform,3,300,0,9904,sha256:f9b5a0be93a8f91e159410183a3ba0aff3a6d36af2fe79df78b659fa92a33c16,697,65536,0,0,4,1,c08 c12,c08 c12,c08 c12
main|shymkent_school|nc16|np5|br1.0|uniform|ms3|r300|s1,main,shymkent_school,16,5,1.0,uniform,3,300,1,10051,sha256:c818821c8f052fc773dda63c3b9b7e7afd389698cd3378adbc9b27fcececbae0,697,65536,0,0,16,2,c03 c04 c14,c00 c03 c14,c03 c04 c14
main|shymkent_school|nc16|np5|br1.0|uniform|ms3|r300|s2,main,shymkent_school,16,5,1.0,uniform,3,300,2,8191,sha256:8634aec61fea9643a130b6b3b8e8a0edd74da92345cc98282794a90f77aa70c0,697,65536,0,0,4,1,c10 c11,c10 c11,c10 c11
main|shymkent_school|nc16|np5|br1.0|uniform|ms3|r300|s3,main,shymkent_school,16,5,1.0,uniform,3,300,3,7973,sha256:f618dc6a8b201bb127e4346002ac260833c3021f5704e4ab59f2f964d1035cea,697,65536,0,0,7,2,c03 c05 c09,c03 c05 c09,c03 c09 c12
main|shymkent_school|nc16|np5|br1.0|uniform|ms3|r300|s4,main,shymkent_school,16,5,1.0,uniform,3,300,4,8558,sha256:7d93703b2a376e3c19cbd7970f6e28b8614e2fe7913de8880cd8ec80bc2db9fa,697,65536,0,0,3,1,c12,c12,c12
main|shymkent_school|nc16|np5|br1.0|uniform|ms3|r300|s5,main,shymkent_school,16,5,1.0,uniform,3,300,5,8312,sha256:4d79bb439fdb417dfb4ced8250bc4b13545cb59cfe43dacae7287b25f15bd22f,697,65536,0,0,6,1,c10 c13 c15,c10 c13 c15,c10 c13 c15
main|shymkent_school|nc16|np5|br1.0|uniform|ms3|r300|s6,main,shymkent_school,16,5,1.0,uniform,3,300,6,6536,sha256:bf9b7ec788d9faf7006ba929be28feb9a52cc4ee5bb18c7f17c2118bab720d8b,697,65536,0,0,12,1,c01 c03 c14,c01 c03 c14,c01 c03 c14
main|shymkent_school|nc16|np5|br1.0|uniform|ms3|r300|s7,main,shymkent_school,16,5,1.0,uniform,3,300,7,7224,sha256:970558556ecd273ed21a5b908fda44bfebf190919abe9d31aedb61bc137ec145,697,65536,0,0,8,1,c00 c01 c15,c00 c01 c15,c00 c01 c15
main|shymkent_school|nc16|np5|br1.0|uniform|ms3|r300|s8,main,shymkent_school,16,5,1.0,uniform,3,300,8,8387,sha256:efe98bea7c4ef0231b017a02611f3ad35d2cb064bd0e6ab26e8719c81f91c807,697,65536,0,0,4,1,c03 c12,c03 c12,c03 c12
main|shymkent_school|nc16|np5|br1.0|uniform|ms3|r300|s9,main,shymkent_school,16,5,1.0,uniform,3,300,9,9554,sha256:036b82c77eb78cfbbf0691abb2d4cbbc9bb77cf536bbb7eb80820c4820a495df,697,65536,0,0,6,1,c04 c08,c04 c08,c04 c08
main|shymkent_school|nc16|np5|br1.0|random_1_100|ms3|r300|s0,main,shymkent_school,16,5,1.0,random_1_100,3,300,0,9298,sha256:c3f4c09e05c9f3edd75e5e225458ab69b8728367e2f1e55bd9d780480817cde7,697,65536,0,0,2,1,c01,c01,c01
main|shymkent_school|nc16|np5|br1.0|random_1_100|ms3|r300|s1,main,shymkent_school,16,5,1.0,random_1_100,3,300,1,9986,sha256:8239f7f2d45cb719a5455b4a57da68e720be5bc8d461ade7a7c4e4b43514c37f,697,65536,0,0,5,1,c09 c11,c09 c11,c09 c11
main|shymkent_school|nc16|np5|br1.0|random_1_100|ms3|r300|s2,main,shymkent_school,16,5,1.0,random_1_100,3,300,2,7841,sha256:7cf811d28859544e8161b0d23b810fbbb4a8c9f1f1aac39c6abe92939b17dfaa,697,65536,0,0,7,1,c10 c13,c10 c13,c10 c13
main|shymkent_school|nc16|np5|br1.0|random_1_100|ms3|r300|s3,main,shymkent_school,16,5,1.0,random_1_100,3,300,3,9891,sha256:7b8f6197a3f0a51ec6c22e98b06127d3f617cf0e9036a47fdd6ee6f33fffa4c1,697,65536,0,0,8,2,c02 c07 c10,c06 c07 c10,c02 c07 c10
main|shymkent_school|nc16|np5|br1.0|random_1_100|ms3|r300|s4,main,shymkent_school,16,5,1.0,random_1_100,3,300,4,10269,sha256:cfe728946378d6d3c53dfac664c588fb6e8901b51c34d57312ad8a89d6d63273,697,65536,0,0,8,2,c04 c07 c09,c07 c09 c10,c07 c09 c10
main|shymkent_school|nc16|np5|br1.0|random_1_100|ms3|r300|s5,main,shymkent_school,16,5,1.0,random_1_100,3,300,5,7312,sha256:cf2762dbdef4b8b2c829ebee0f7b005b3dc0523778f360f1c09f573d23be2c4b,697,65536,0,0,4,1,c11 c12,c11 c12,c11 c12
main|shymkent_school|nc16|np5|br1.0|random_1_100|ms3|r300|s6,main,shymkent_school,16,5,1.0,random_1_100,3,300,6,8520,sha256:f8501eb73422f050ba1ea3506e8d76d664aa51e10a3afd31c5a85c7575b85053,697,65536,0,0,9,1,c09 c10 c15,c09 c10 c15,c09 c10 c15
main|shymkent_school|nc16|np5|br1.0|random_1_100|ms3|r300|s7,main,shymkent_school,16,5,1.0,random_1_100,3,300,7,9596,sha256:0e544984e2cb0b596c233d999b6ea1c300c31beef57fd517b550f933402e2bae,697,65536,0,0,8,1,c01 c06 c11,c01 c06 c11,c01 c06 c11
main|shymkent_school|nc16|np5|br1.0|random_1_100|ms3|r300|s8,main,shymkent_school,16,5,1.0,random_1_100,3,300,8,7802,sha256:f8eeda4f176f71c6a2d31da511396aaa61c3191eca2141a5c6c08267f2168764,697,65536,0,0,8,2,c01 c04 c13,c01 c04 c12,c01 c04 c13
main|shymkent_school|nc16|np5|br1.0|random_1_100|ms3|r300|s9,main,shymkent_school,16,5,1.0,random_1_100,3,300,9,6583,sha256:a9e7f62486f7b1613912fdc1bb5857cb2e0c3a81600e642f562e2776d1e644bd,697,65536,0,0,3,1,c03,c03,c03
main|shymkent_school|nc16|np5|br1.0|one_heavy|ms3|r300|s0,main,shymkent_school,16,5,1.0,one_heavy,3,300,0,7413,sha256:9ca96bcd41243b6827c3fc4594a18a80e095dab387fe0545ac34fc283dd748c9,697,65536,0,0,7,1,c07 c12 c15,c07 c12 c15,c07 c12 c15
main|shymkent_school|nc16|np5|br1.0|one_heavy|ms3|r300|s1,main,shymkent_school,16,5,1.0,one_heavy,3,300,1,10325,sha256:bb270181ff84e5aa5162a043a1f05f6dca9d04c8aee0f615fa424cb9346e91cc,697,65536,0,0,12,1,c07 c14 c15,c07 c14 c15,c07 c14 c15
main|shymkent_school|nc16|np5|br1.0|one_heavy|ms3|r300|s2,main,shymkent_school,16,5,1.0,one_heavy,3,300,2,7344,sha256:fc60784aa78dfdf49006e9f0940b40d31c413cc6067856a44ad131577a56349c,697,65536,0,0,9,1,c00 c07 c12,c00 c07 c12,c00 c07 c12
main|shymkent_school|nc16|np5|br1.0|one_heavy|ms3|r300|s3,main,shymkent_school,16,5,1.0,one_heavy,3,300,3,9898,sha256:b119ba20e744a47e570e3bf964f30613999e408def792c79f41cdfb24a9a8f07,697,65536,0,0,2,1,c01,c01,c01
main|shymkent_school|nc16|np5|br1.0|one_heavy|ms3|r300|s4,main,shymkent_school,16,5,1.0,one_heavy,3,300,4,8713,sha256:982825d6cea851af52431694d841ef655892cbf84794cda6c74b1463ba4615bc,697,65536,0,0,7,1,c01 c02 c11,c01 c02 c11,c01 c02 c11
main|shymkent_school|nc16|np5|br1.0|one_heavy|ms3|r300|s5,main,shymkent_school,16,5,1.0,one_heavy,3,300,5,7299,sha256:54d1e215a66c9e3b84f5c47dab0f5a292ad7ffffe14b97bc49d9e5ea612cb78f,697,65536,0,0,3,1,c13,c13,c13
main|shymkent_school|nc16|np5|br1.0|one_heavy|ms3|r300|s6,main,shymkent_school,16,5,1.0,one_heavy,3,300,6,9525,sha256:7e8474882566a1dcafa6e7e216961df4ba3bef0a39f8b3a24e11e5031cfd84d8,697,65536,0,0,6,1,c07 c08 c14,c07 c08 c14,c07 c08 c14
main|shymkent_school|nc16|np5|br1.0|one_heavy|ms3|r300|s7,main,shymkent_school,16,5,1.0,one_heavy,3,300,7,9490,sha256:534ad6f427f7ca1b28885bc1993eb2b0a480fc43e56680a6d3c155bb3b0e6f4f,697,65536,0,0,9,1,c07 c08 c12,c07 c08 c12,c07 c08 c12
main|shymkent_school|nc16|np5|br1.0|one_heavy|ms3|r300|s8,main,shymkent_school,16,5,1.0,one_heavy,3,300,8,8482,sha256:791356fe48f9aa108f831684b4bd54bccd490e95de7262fa7fc8cc4c385318fa,697,65536,0,0,12,1,c04 c06 c07,c04 c06 c07,c04 c06 c07
main|shymkent_school|nc16|np5|br1.0|one_heavy|ms3|r300|s9,main,shymkent_school,16,5,1.0,one_heavy,3,300,9,11366,sha256:f7d61daf88d6bb0e3f1d9f03dea9dcaba3eeea08931175f66ba9fd41517bf0d0,697,65536,0,0,2,1,c15,c15,c15
main|shymkent_school|nc16|np15|br0.25|uniform|ms3|r300|s0,main,shymkent_school,16,15,0.25,uniform,3,300,0,2289,sha256:28600b3646f82cf3d65f52638ea385da68688366315d7a0b6010a2ff24860aa9,653,65536,1,0,7,2,c00 c07 c10,c00 c07 c10,c07 c10 c15
main|shymkent_school|nc16|np15|br0.25|uniform|ms3|r300|s1,main,shymkent_school,16,15,0.25,uniform,3,300,1,2660,sha256:7dfe04f3c13272c9a974a93d266608b45ce23feee3a964139a6309c4128f0270,664,65536,1,0,6,2,c02 c03 c09,c00 c02 c03,c02 c03 c09
main|shymkent_school|nc16|np15|br0.25|uniform|ms3|r300|s2,main,shymkent_school,16,15,0.25,uniform,3,300,2,1955,sha256:e8c093947125cbbd25845f7062ef0eb51bac330845140a8fedbfe8bab15d3a0e,616,65536,1,0,12,2,c00 c05 c06,c00 c05 c12,c00 c05 c06
main|shymkent_school|nc16|np15|br0.25|uniform|ms3|r300|s3,main,shymkent_school,16,15,0.25,uniform,3,300,3,2701,sha256:7ed053cd4057dfaf8e680189c8bba1e9fcabaa2fc4180b9521043c6b611df498,678,65536,1,0,12,2,c00 c07 c08,c02 c05 c08,c00 c07 c08
main|shymkent_school|nc16|np15|br0.25|uniform|ms3|r300|s4,main,shymkent_school,16,15,0.25,uniform,3,300,4,2702,sha256:5e9cd602a87d48ea1ba0de94efb6886c6fdb12b4e91922f38ae1926ad68df408,695,65536,1,0,10,1,c01 c07 c14,c01 c07 c14,c01 c07 c14
main|shymkent_school|nc16|np15|br0.25|uniform|ms3|r300|s5,main,shymkent_school,16,15,0.25,uniform,3,300,5,2070,sha256:2f6a9b189db1de5de4b90673b1fd9fa919dab8a2803f5338639e4a037b8bfcb7,648,65536,1,0,10,2,c02 c03 c05,c02 c05 c13,c02 c03 c05
main|shymkent_school|nc16|np15|br0.25|uniform|ms3|r300|s6,main,shymkent_school,16,15,0.25,uniform,3,300,6,2389,sha256:538087b44da8e0356d3acb227e22ca5051d59e619ac5a7fe670df443d7031f63,653,65536,1,0,7,2,c00 c11 c12,c02 c11 c12,c00 c11 c12
main|shymkent_school|nc16|np15|br0.25|uniform|ms3|r300|s7,main,shymkent_school,16,15,0.25,uniform,3,300,7,2718,sha256:e3a182da8e3c741761395f7604b7517bb708067694342d8bc55d2f8dee4e7e8b,697,65536,0,0,10,2,c01 c07 c13,c01 c07 c13,c01 c13 c15
main|shymkent_school|nc16|np15|br0.25|uniform|ms3|r300|s8,main,shymkent_school,16,15,0.25,uniform,3,300,8,2208,sha256:dd680e563670ed545478c10b40043cea2b3d1b0e31bed97549e6e4b3ceb3239b,673,65536,1,0,21,1,c00 c02 c08,c00 c02 c08,c00 c02 c08
main|shymkent_school|nc16|np15|br0.25|uniform|ms3|r300|s9,main,shymkent_school,16,15,0.25,uniform,3,300,9,2523,sha256:2d1d1ceb0f0ade14d261f95227dd4cc26b57bf6f849c4906a6ce42eece3fc7b2,675,65536,1,0,15,2,c01 c02 c07,c01 c02 c11,c01 c02 c07
main|shymkent_school|nc16|np15|br0.25|random_1_100|ms3|r300|s0,main,shymkent_school,16,15,0.25,random_1_100,3,300,0,2146,sha256:97f93c2ed8c77073fabeab6bcf40226c8d93d358fdf7b82fc79df5c0325d7f49,654,65536,1,0,10,1,c03 c10 c14,c03 c10 c14,c03 c10 c14
main|shymkent_school|nc16|np15|br0.25|random_1_100|ms3|r300|s1,main,shymkent_school,16,15,0.25,random_1_100,3,300,1,1697,sha256:d48ba900af571bdac93d73523c38165534c7fad7ae450503c0d9146761137941,619,65536,1,0,14,3,c07 c09 c14,c07 c09 c10,c07 c09 c12
main|shymkent_school|nc16|np15|br0.25|random_1_100|ms3|r300|s2,main,shymkent_school,16,15,0.25,random_1_100,3,300,2,2063,sha256:a1e849a4e360a7f857012dc961a6b9a640910d7854ab569c250d2d8d8c43af8c,653,65536,1,0,11,3,c01 c11 c15,c05 c06 c15,c01 c07 c11
main|shymkent_school|nc16|np15|br0.25|random_1_100|ms3|r300|s3,main,shymkent_school,16,15,0.25,random_1_100,3,300,3,2203,sha256:a97115765c73fd86a7c92e7e745dbe277d38de89be163d021ed8ad802af6106f,661,65536,1,0,21,3,c01 c07 c14,c01 c08 c14,c01 c03 c14
main|shymkent_school|nc16|np15|br0.25|random_1_100|ms3|r300|s4,main,shymkent_school,16,15,0.25,random_1_100,3,300,4,2715,sha256:a8747cf4ab01ffd01e72775ede8e12788d2518f6766663be9e787b538d1c6da3,695,65536,1,0,5,2,c01 c05 c09,c05 c09 c12,c05 c09 c12
main|shymkent_school|nc16|np15|br0.25|random_1_100|ms3|r300|s5,main,shymkent_school,16,15,0.25,random_1_100,3,300,5,2482,sha256:edc94b3da8b38cec8a169cbb0249445553b8fc23d8fb572dbb5676c07e81f721,661,65536,1,0,12,3,c04 c14 c15,c09 c12 c15,c07 c08 c15
main|shymkent_school|nc16|np15|br0.25|random_1_100|ms3|r300|s6,main,shymkent_school,16,15,0.25,random_1_100,3,300,6,2281,sha256:8a80737c08e0194c34a41fa6c0338e3e92d89cbc919e7b45e0be5afe21750cdf,642,65536,1,0,12,2,c03 c04 c15,c03 c06 c15,c03 c04 c15
main|shymkent_school|nc16|np15|br0.25|random_1_100|ms3|r300|s7,main,shymkent_school,16,15,0.25,random_1_100,3,300,7,2181,sha256:ebc1c739fa4cddb48ad5846fe0cdc752a96289bf40bc40ecc956e9bc60f690d8,642,65536,1,0,9,3,c09 c10 c12,c06 c10 c12,c06 c09 c12
main|shymkent_school|nc16|np15|br0.25|random_1_100|ms3|r300|s8,main,shymkent_school,16,15,0.25,random_1_100,3,300,8,2165,sha256:90e39f33708b69466b3b8206b99952b06a094591bacdf9351c275fc65b95803e,638,65536,1,0,10,1,c00 c07 c08,c00 c07 c08,c00 c07 c08
main|shymkent_school|nc16|np15|br0.25|random_1_100|ms3|r300|s9,main,shymkent_school,16,15,0.25,random_1_100,3,300,9,2045,sha256:e60767758a75a3eb4a0f1070836f60665b14cc566f22e64c1e001d60bb3b7170,620,65536,1,0,8,2,c01 c06 c10,c01 c06 c10,c01 c04 c14
main|shymkent_school|nc16|np15|br0.25|one_heavy|ms3|r300|s0,main,shymkent_school,16,15,0.25,one_heavy,3,300,0,1753,sha256:1d5b2ba4f98664d4b30bdfde25520820ef274745cac7a1c2ac0d73ad3ad41a55,638,65536,1,0,9,2,c00 c06 c13,c00 c06 c11,c00 c06 c13
main|shymkent_school|nc16|np15|br0.25|one_heavy|ms3|r300|s1,main,shymkent_school,16,15,0.25,one_heavy,3,300,1,2109,sha256:274c4bb8c875eae28cdd90fe0e20a61f18a460a6d95fa84392e89bb3ea271696,650,65536,1,0,14,3,c00 c12 c13,c00 c02 c06,c00 c09 c13
main|shymkent_school|nc16|np15|br0.25|one_heavy|ms3|r300|s2,main,shymkent_school,16,15,0.25,one_heavy,3,300,2,2029,sha256:1a382841b9b16aeaf2f23ff9f1655d8f547850d3db29858e53047276637d5bd9,638,65536,1,0,14,3,c04 c07 c09,c07 c09 c11,c09 c11 c12
main|shymkent_school|nc16|np15|br0.25|one_heavy|ms3|r300|s3,main,shymkent_school,16,15,0.25,one_heavy,3,300,3,2057,sha256:920eba7f76697c519263f79e1999e225ffd8c63421680bcf46aceb49c14d0bd5,620,65536,1,0,10,2,c02 c10 c14,c02 c10 c14,c01 c06 c10
main|shymkent_school|nc16|np15|br0.25|one_heavy|ms3|r300|s4,main,shymkent_school,16,15,0.25,one_heavy,3,300,4,1898,sha256:cb4ee364fd84e689192ab48a38f8c7f3f0d1472fc213641ea4bc70a344ca6cbf,638,65536,1,0,13,1,c04 c06 c10,c04 c06 c10,c04 c06 c10
main|shymkent_school|nc16|np15|br0.25|one_heavy|ms3|r300|s5,main,shymkent_school,16,15,0.25,one_heavy,3,300,5,2258,sha256:c11b6cdc8c7f34ee4b2cfeb3c92d6d8b560b7642693ce1f5a533a4e837489f90,670,65536,1,0,9,2,c12 c14 c15,c12 c14 c15,c02 c12 c14
main|shymkent_school|nc16|np15|br0.25|one_heavy|ms3|r300|s6,main,shymkent_school,16,15,0.25,one_heavy,3,300,6,2333,sha256:4cc3707d0723134ed01ea7ddc9f940b684a7390228e7cb985604b1c51d13dae6,617,65536,1,0,13,1,c09 c14 c15,c09 c14 c15,c09 c14 c15
main|shymkent_school|nc16|np15|br0.25|one_heavy|ms3|r300|s7,main,shymkent_school,16,15,0.25,one_heavy,3,300,7,2550,sha256:068ec8fdeb7f3aceb4f1faa0bde03388db2a3ee1e4bc2bfc15f1efba06b6eb6b,638,65536,1,0,21,3,c05 c10 c13,c03 c11 c13,c05 c10 c11
main|shymkent_school|nc16|np15|br0.25|one_heavy|ms3|r300|s8,main,shymkent_school,16,15,0.25,one_heavy,3,300,8,2440,sha256:9902f4f5ceb4a35e616d618d4f67626d6f66d08a7df316d52350168b0c81f167,677,65536,1,0,11,2,c00 c14 c15,c00 c14 c15,c10 c14 c15
main|shymkent_school|nc16|np15|br0.25|one_heavy|ms3|r300|s9,main,shymkent_school,16,15,0.25,one_heavy,3,300,9,2174,sha256:daf24ed2a6ae4dea8ef0d895f737d3da0585a602fb06f51cd9dfcf1c8dcff556,634,65536,1,0,7,2,c06 c10 c12,c06 c10 c12,c03 c10 c12
main|shymkent_school|nc16|np15|br0.5|uniform|ms3|r300|s0,main,shymkent_school,16,15,0.5,uniform,3,300,0,4316,sha256:ef6ee1c30fd59873f18a944a93b58e122c3495c5b852a94c015c7ac66f04eb33,697,65536,0,0,9,1,c04 c08 c12,c04 c08 c12,c04 c08 c12
main|shymkent_school|nc16|np15|br0.5|uniform|ms3|r300|s1,main,shymkent_school,16,15,0.5,uniform,3,300,1,3954,sha256:ab667a9d30ecfe0d24790023793be0acc99c7ebe7c527ef70063653020c62425,697,65536,0,0,7,2,c02 c07 c10,c02 c07 c10,c07 c08 c10
main|shymkent_school|nc16|np15|br0.5|uniform|ms3|r300|s2,main,shymkent_school,16,15,0.5,uniform,3,300,2,4437,sha256:5aeb7704f6cd250e08a64dedef46fbd8c44f16668975b1828c9192f08196e5d1,697,65536,0,0,10,1,c03 c12 c13,c03 c12 c13,c03 c12 c13
main|shymkent_school|nc16|np15|br0.5|uniform|ms3|r300|s3,main,shymkent_school,16,15,0.5,uniform,3,300,3,5164,sha256:ab22de1a8cf4fb044abc68fb4b77c7a785211c3991c90d937cdcbb7a6714f85a,697,65536,0,0,9,2,c00 c09 c11,c00 c09 c11,c09 c10 c11
main|shymkent_school|nc16|np15|br0.5|uniform|ms3|r300|s4,main,shymkent_school,16,15,0.5,uniform,3,300,4,4333,sha256:e3ddb61c1ef8180fae0112b9f1d1fb0770b67dfaad552741530a9e92e61a8a8f,697,65536,0,0,8,2,c00 c06 c13,c00 c06 c13,c00 c07 c13
main|shymkent_school|nc16|np15|br0.5|uniform|ms3|r300|s5,main,shymkent_school,16,15,0.5,uniform,3,300,5,3997,sha256:8112bdf3e8551c4810acbf34a4c00402ae8a6da1770223e59a43a1d0e770b7d1,697,65536,0,0,15,1,c07 c08 c13,c07 c08 c13,c07 c08 c13
main|shymkent_school|nc16|np15|br0.5|uniform|ms3|r300|s6,main,shymkent_school,16,15,0.5,uniform,3,300,6,4316,sha256:e33ca6df109920918a1789415e51fe3bb3875133bd713b6b8dfef0771a5ec935,697,65536,0,0,6,1,c02 c11 c13,c02 c11 c13,c02 c11 c13
main|shymkent_school|nc16|np15|br0.5|uniform|ms3|r300|s7,main,shymkent_school,16,15,0.5,uniform,3,300,7,3967,sha256:5099f3e5768a1fa721d6b90b21b58689ccdda2ffee9911783fbced83c324cf80,697,65536,0,0,7,2,c00 c07 c09,c00 c07 c10,c00 c07 c09
main|shymkent_school|nc16|np15|br0.5|uniform|ms3|r300|s8,main,shymkent_school,16,15,0.5,uniform,3,300,8,4569,sha256:1b4d92ba582c42da019f6d210e663c03ed1b61860c84366cc15f63ea97693539,697,65536,0,0,17,3,c00 c01 c12,c00 c08 c10,c01 c11 c12
main|shymkent_school|nc16|np15|br0.5|uniform|ms3|r300|s9,main,shymkent_school,16,15,0.5,uniform,3,300,9,5184,sha256:3bd87c3f21b0f5f189fc2c65feec8036b2a3ded0104e83eb776d0a41b6db671a,697,65536,0,0,17,2,c04 c09 c13,c01 c04 c09,c04 c09 c13
main|shymkent_school|nc16|np15|br0.5|random_1_100|ms3|r300|s0,main,shymkent_school,16,15,0.5,random_1_100,3,300,0,4081,sha256:5c1015262abdcb14a85f5ab8a1aaf372542a2e0df9799572a443c081c1a3a974,697,65536,0,0,8,2,c06 c08 c12,c06 c08 c12,c06 c08 c15
main|shymkent_school|nc16|np15|br0.5|random_1_100|ms3|r300|s1,main,shymkent_school,16,15,0.5,random_1_100,3,300,1,4623,sha256:0db15cfa2eb6d81512325cdd9b219e68083283b0d95921205a339d7fdcbf6af5,697,65536,0,0,14,2,c05 c11 c12,c05 c06 c12,c05 c11 c12
main|shymkent_school|nc16|np15|br0.5|random_1_100|ms3|r300|s2,main,shymkent_school,16,15,0.5,random_1_100,3,300,2,4322,sha256:246f4a6e372d04359e1afd6ba22712f30e667e81257b4804c2f67901ecb78fff,697,65536,0,0,11,3,c01 c03 c12,c01 c03 c04,c01 c04 c09
main|shymkent_school|nc16|np15|br0.5|random_1_100|ms3|r300|s3,main,shymkent_school,16,15,0.5,random_1_100,3,300,3,3680,sha256:1ac6974599ad867b792550f35c6ea95e5d119d5db66e62a26159c6f507d51c7b,697,65536,0,0,9,1,c02 c04 c08,c02 c04 c08,c02 c04 c08
main|shymkent_school|nc16|np15|br0.5|random_1_100|ms3|r300|s4,main,shymkent_school,16,15,0.5,random_1_100,3,300,4,4785,sha256:8c947a5c589f6e75f642e22cc99af6e6af57981251b02199a3943f06bdb1258b,697,65536,0,0,11,1,c03 c05 c11,c03 c05 c11,c03 c05 c11
main|shymkent_school|nc16|np15|br0.5|random_1_100|ms3|r300|s5,main,shymkent_school,16,15,0.5,random_1_100,3,300,5,5273,sha256:bd6524a13a8120fbf2014e6bd593e89e01a00807e07e52fe48d1d2529c1d5115,697,65536,0,0,5,1,c03 c10 c13,c03 c10 c13,c03 c10 c13
main|shymkent_school|nc16|np15|br0.5|random_1_100|ms3|r300|s6,main,shymkent_school,16,15,0.5,random_1_100,3,300,6,4744,sha256:64a0ebf0fff500f926dce80689c8f55b135a9c9f77247762c0a5a2ab6dfff407,697,65536,0,0,13,2,c02 c09 c11,c02 c09 c11,c00 c02 c08
main|shymkent_school|nc16|np15|br0.5|random_1_100|ms3|r300|s7,main,shymkent_school,16,15,0.5,random_1_100,3,300,7,4682,sha256:a4f24bc7a33e2923c85947ddcec5a7a44d79a650ee90827e0ff6d5767baa6f26,697,65536,0,0,20,3,c01 c07 c11,c05 c07 c13,c01 c05 c07
main|shymkent_school|nc16|np15|br0.5|random_1_100|ms3|r300|s8,main,shymkent_school,16,15,0.5,random_1_100,3,300,8,5149,sha256:f00ef5e6a79b78d2d867fa5df2713414d27363b5c62aea9100b7068959bbc7e8,697,65536,0,0,11,3,c09 c11 c12,c03 c05 c11,c04 c09 c12
main|shymkent_school|nc16|np15|br0.5|random_1_100|ms3|r300|s9,main,shymkent_school,16,15,0.5,random_1_100,3,300,9,5102,sha256:aed070f1a4090c1cc533d440e3528b5f18ecccae89294e1ce335195ff7f981f5,697,65536,0,0,10,2,c05 c06 c07,c05 c06 c10,c05 c06 c10
main|shymkent_school|nc16|np15|br0.5|one_heavy|ms3|r300|s0,main,shymkent_school,16,15,0.5,one_heavy,3,300,0,3953,sha256:f4e9b1565335ad7496e0186ae48bad3a7e56a6dceec56d4016a48f993ca00143,697,65536,0,0,15,2,c02 c03 c15,c03 c05 c15,c02 c03 c15
main|shymkent_school|nc16|np15|br0.5|one_heavy|ms3|r300|s1,main,shymkent_school,16,15,0.5,one_heavy,3,300,1,4497,sha256:56e97dd308219c15e88f5083ee03dc1557350ab13bc9a4288cfa2a6aa68cce3e,697,65536,0,0,10,2,c01 c13 c14,c01 c09 c14,c01 c13 c14
main|shymkent_school|nc16|np15|br0.5|one_heavy|ms3|r300|s2,main,shymkent_school,16,15,0.5,one_heavy,3,300,2,4229,sha256:58de0ed6239c5537d04ab2de0fd181f6c5f5c9b6d7529c05996fd0ee671e6001,697,65536,0,0,6,1,c00 c09 c15,c00 c09 c15,c00 c09 c15
main|shymkent_school|nc16|np15|br0.5|one_heavy|ms3|r300|s3,main,shymkent_school,16,15,0.5,one_heavy,3,300,3,5018,sha256:ad1b70791a07216954942f717419f42671e2ed81064c0d66caa19bc9a2a082ce,697,65536,0,0,12,1,c03 c08 c13,c03 c08 c13,c03 c08 c13
main|shymkent_school|nc16|np15|br0.5|one_heavy|ms3|r300|s4,main,shymkent_school,16,15,0.5,one_heavy,3,300,4,3590,sha256:ed073efb2f6f84f1bdba5707c4f2a8479702070cea5abb0d35968c8640f94c9e,697,65536,0,0,8,1,c01 c06 c13,c01 c06 c13,c01 c06 c13
main|shymkent_school|nc16|np15|br0.5|one_heavy|ms3|r300|s5,main,shymkent_school,16,15,0.5,one_heavy,3,300,5,3483,sha256:9055671300449ada24e0416f22e0d9beb71297475013279714b1c7ffae189416,697,65536,0,0,9,3,c04 c08 c13,c02 c06 c08,c02 c08 c13
main|shymkent_school|nc16|np15|br0.5|one_heavy|ms3|r300|s6,main,shymkent_school,16,15,0.5,one_heavy,3,300,6,3025,sha256:22866fad232156f46f1beebe63989b3030e77c90896daf9b4f8b78338e5a5c28,697,65536,0,0,17,2,c00 c04 c13,c00 c05 c13,c00 c05 c13
main|shymkent_school|nc16|np15|br0.5|one_heavy|ms3|r300|s7,main,shymkent_school,16,15,0.5,one_heavy,3,300,7,4454,sha256:f3d252d36822ec3526eb7c86c4425f1e51de881f6aef01eb3119b7d143fc264b,697,65536,0,0,11,2,c08 c11 c12,c07 c11 c12,c07 c11 c12
main|shymkent_school|nc16|np15|br0.5|one_heavy|ms3|r300|s8,main,shymkent_school,16,15,0.5,one_heavy,3,300,8,4710,sha256:2aa666bb36fae9946cfa71f46a862631e3f445c7476619334f8c26916357a0ac,697,65536,0,0,10,2,c05 c08 c13,c04 c05 c08,c05 c08 c13
main|shymkent_school|nc16|np15|br0.5|one_heavy|ms3|r300|s9,main,shymkent_school,16,15,0.5,one_heavy,3,300,9,4630,sha256:965d0508d1c758b52222e715acf884ca0cbea384fa61ff24e7f3c9f472bae1b5,697,65536,0,0,11,3,c10 c11 c13,c10 c11 c15,c04 c05 c13
main|shymkent_school|nc16|np15|br1.0|uniform|ms3|r300|s0,main,shymkent_school,16,15,1.0,uniform,3,300,0,9359,sha256:66953a835eafdb5fe1742215c1b54461e1bef3f39a9a339315bc803c52e787d0,697,65536,0,0,13,1,c02 c06 c13,c02 c06 c13,c02 c06 c13
main|shymkent_school|nc16|np15|br1.0|uniform|ms3|r300|s1,main,shymkent_school,16,15,1.0,uniform,3,300,1,9296,sha256:f43384c38ce67d3db0efbef1d6da5f97c919c24d828eeff774823c207f5fad92,697,65536,0,0,13,3,c00 c02 c10,c10 c11 c13,c00 c10 c13
main|shymkent_school|nc16|np15|br1.0|uniform|ms3|r300|s2,main,shymkent_school,16,15,1.0,uniform,3,300,2,11102,sha256:ad62109a8a25a89a1702195def2124992e460e604a19b48f14c5086c36357d9e,697,65536,0,0,19,1,c04 c06 c10,c04 c06 c10,c04 c06 c10
main|shymkent_school|nc16|np15|br1.0|uniform|ms3|r300|s3,main,shymkent_school,16,15,1.0,uniform,3,300,3,8459,sha256:8ad351288b733859c21280d1a5ef3e993f69d2e6c9e08d672564a562291070de,697,65536,0,0,10,1,c01 c08 c12,c01 c08 c12,c01 c08 c12
main|shymkent_school|nc16|np15|br1.0|uniform|ms3|r300|s4,main,shymkent_school,16,15,1.0,uniform,3,300,4,8768,sha256:0732241c6647067411b5a19f723261505dd5adc16e4120f26531a339f9a095a3,697,65536,0,0,10,1,c00 c01 c04,c00 c01 c04,c00 c01 c04
main|shymkent_school|nc16|np15|br1.0|uniform|ms3|r300|s5,main,shymkent_school,16,15,1.0,uniform,3,300,5,9418,sha256:aa2128c04fc47d67e2e00a38687e0ab50a12aeea2c8e27454dbf08aff740b66b,697,65536,0,0,13,2,c02 c06 c13,c06 c12 c13,c02 c06 c13
main|shymkent_school|nc16|np15|br1.0|uniform|ms3|r300|s6,main,shymkent_school,16,15,1.0,uniform,3,300,6,8420,sha256:0c1c7c9a523f868020c00174a01fac7d238737a32c52123213bf1387cb594948,697,65536,0,0,9,1,c02 c04 c09,c02 c04 c09,c02 c04 c09
main|shymkent_school|nc16|np15|br1.0|uniform|ms3|r300|s7,main,shymkent_school,16,15,1.0,uniform,3,300,7,8090,sha256:d77a54cfc9f873d05d9eeeb1305ee2847d7725ab8ff0170a6fc956493808f819,697,65536,0,0,10,2,c04 c05 c15,c04 c05 c14,c04 c05 c15
main|shymkent_school|nc16|np15|br1.0|uniform|ms3|r300|s8,main,shymkent_school,16,15,1.0,uniform,3,300,8,7204,sha256:d22577fc4c3d2ab707314b6b7d7cee5fa6b9bb4a6815ae1c3e2d69d26a717655,697,65536,0,0,11,1,c13 c14 c15,c13 c14 c15,c13 c14 c15
main|shymkent_school|nc16|np15|br1.0|uniform|ms3|r300|s9,main,shymkent_school,16,15,1.0,uniform,3,300,9,8451,sha256:69f1741840bc84e9bd93c43d035b119b0858f7fbe757603a2a91647e98ac36bb,697,65536,0,0,7,1,c04 c07 c14,c04 c07 c14,c04 c07 c14
main|shymkent_school|nc16|np15|br1.0|random_1_100|ms3|r300|s0,main,shymkent_school,16,15,1.0,random_1_100,3,300,0,9438,sha256:81d058a0ac8ff8108468d7a801d0db043975c06adf1282e402b0153333273608,697,65536,0,0,10,3,c05 c09 c15,c05 c07 c09,c05 c07 c14
main|shymkent_school|nc16|np15|br1.0|random_1_100|ms3|r300|s1,main,shymkent_school,16,15,1.0,random_1_100,3,300,1,10048,sha256:fdd27ad8706f3cddc737cb78f977e6aeca1e54277de3691c87e54040d18262a2,697,65536,0,0,12,2,c01 c09 c15,c00 c01 c09,c01 c09 c15
main|shymkent_school|nc16|np15|br1.0|random_1_100|ms3|r300|s2,main,shymkent_school,16,15,1.0,random_1_100,3,300,2,9094,sha256:2a49c45fd0fc9991ed3337342e8ee2e7c54688c2eab322626ef65f6ecd95cbc4,697,65536,0,0,9,3,c04 c09 c10,c04 c09 c11,c04 c09 c14
main|shymkent_school|nc16|np15|br1.0|random_1_100|ms3|r300|s3,main,shymkent_school,16,15,1.0,random_1_100,3,300,3,7512,sha256:f42cdc4a665d6113e9eeae282b6ca505b12c02f09d839bd35753d94a2a25d5f3,697,65536,0,0,13,1,c02 c03 c06,c02 c03 c06,c02 c03 c06
main|shymkent_school|nc16|np15|br1.0|random_1_100|ms3|r300|s4,main,shymkent_school,16,15,1.0,random_1_100,3,300,4,8190,sha256:3c12bf118f93de9597878a9dc6908c67b1f0ad38625909ecaa021ae96ee96161,697,65536,0,0,11,3,c01 c04 c12,c09 c10 c12,c04 c12 c15
main|shymkent_school|nc16|np15|br1.0|random_1_100|ms3|r300|s5,main,shymkent_school,16,15,1.0,random_1_100,3,300,5,7364,sha256:3dc5b62237ed80c0f7708e38acd54436b1470fc96322f9d0b7fcd7caa79b15e0,697,65536,0,0,8,2,c04 c11 c12,c03 c04 c15,c04 c11 c12
main|shymkent_school|nc16|np15|br1.0|random_1_100|ms3|r300|s6,main,shymkent_school,16,15,1.0,random_1_100,3,300,6,10400,sha256:8c04e75f9410e34b43c144caf752aca233dd1c7c8afc1c7a2e57927daa3b40fa,697,65536,0,0,9,3,c00 c08 c13,c00 c08 c11,c00 c01 c08
main|shymkent_school|nc16|np15|br1.0|random_1_100|ms3|r300|s7,main,shymkent_school,16,15,1.0,random_1_100,3,300,7,8220,sha256:b87dc66314ea3ae37f2c569387100e569800db9388624e7aebb7a292018f49dc,697,65536,0,0,9,1,c09 c12 c14,c09 c12 c14,c09 c12 c14
main|shymkent_school|nc16|np15|br1.0|random_1_100|ms3|r300|s8,main,shymkent_school,16,15,1.0,random_1_100,3,300,8,8296,sha256:d36ef123bd7b30640396eb9830085e16a5775469d5529620a8fac8ae9032b0af,697,65536,0,0,11,2,c01 c05 c12,c01 c05 c12,c01 c05 c13
main|shymkent_school|nc16|np15|br1.0|random_1_100|ms3|r300|s9,main,shymkent_school,16,15,1.0,random_1_100,3,300,9,8089,sha256:9541b782dfd4f1203d10eac1b21816cc8d648a9e6dce687c292fc385791ef3f2,697,65536,0,0,12,2,c00 c05 c11,c00 c05 c11,c05 c11 c15
main|shymkent_school|nc16|np15|br1.0|one_heavy|ms3|r300|s0,main,shymkent_school,16,15,1.0,one_heavy,3,300,0,9245,sha256:6efcf1e3f65f9e55b817b4abc14845e7cb43d67b76e9818078fca56ba59ccf27,697,65536,0,0,8,2,c07 c08 c11,c07 c09 c11,c07 c08 c11
main|shymkent_school|nc16|np15|br1.0|one_heavy|ms3|r300|s1,main,shymkent_school,16,15,1.0,one_heavy,3,300,1,9249,sha256:596508dcc8ff9e178b067765a4ff1299e95f3b50f083a226363b7bff9b3c8090,697,65536,0,0,7,2,c00 c08 c15,c00 c08 c15,c00 c11 c15
main|shymkent_school|nc16|np15|br1.0|one_heavy|ms3|r300|s2,main,shymkent_school,16,15,1.0,one_heavy,3,300,2,9466,sha256:51626c56c7f479c2cb33f0048dd4642aed17d84e8c1d5e71a35b45593d96667e,697,65536,0,0,9,2,c01 c07 c08,c01 c04 c09,c01 c07 c08
main|shymkent_school|nc16|np15|br1.0|one_heavy|ms3|r300|s3,main,shymkent_school,16,15,1.0,one_heavy,3,300,3,8988,sha256:f871f508d64132f99813f13e3317713be70b464c6d608408b64ed444649c2cb5,697,65536,0,0,13,2,c02 c07 c09,c02 c07 c09,c02 c07 c12
main|shymkent_school|nc16|np15|br1.0|one_heavy|ms3|r300|s4,main,shymkent_school,16,15,1.0,one_heavy,3,300,4,8792,sha256:54961eaca601831f940361574c70439d003204a8cfbc977810c890a4ead987d0,697,65536,0,0,11,2,c03 c06 c11,c03 c10 c11,c03 c06 c11
main|shymkent_school|nc16|np15|br1.0|one_heavy|ms3|r300|s5,main,shymkent_school,16,15,1.0,one_heavy,3,300,5,8916,sha256:76fa94e75c6664a8a477dab67a34dc4b2a8791aef3b2e4de2e1c6db5cd1870e5,697,65536,0,0,12,2,c06 c10 c15,c02 c06 c15,c06 c10 c15
main|shymkent_school|nc16|np15|br1.0|one_heavy|ms3|r300|s6,main,shymkent_school,16,15,1.0,one_heavy,3,300,6,8193,sha256:84d5233135627cebf391289928e42558823f0df6bca9c348ab015c0b16becf5d,697,65536,0,0,10,3,c04 c08 c10,c05 c08 c10,c08 c10 c11
main|shymkent_school|nc16|np15|br1.0|one_heavy|ms3|r300|s7,main,shymkent_school,16,15,1.0,one_heavy,3,300,7,7949,sha256:9df160381935e8b96109912607d22db6b61802e92fcf7b82ea1a368aec09d869,697,65536,0,0,13,1,c06 c09 c10,c06 c09 c10,c06 c09 c10
main|shymkent_school|nc16|np15|br1.0|one_heavy|ms3|r300|s8,main,shymkent_school,16,15,1.0,one_heavy,3,300,8,9145,sha256:0b30b1622f882c23c6263eb82b2094358797e300d5a4beb43c0e80d2fdaaae85,697,65536,0,0,18,2,c02 c10 c12,c02 c06 c10,c02 c10 c12
main|shymkent_school|nc16|np15|br1.0|one_heavy|ms3|r300|s9,main,shymkent_school,16,15,1.0,one_heavy,3,300,9,9312,sha256:0c9b01fccd70eda0e74fbaa5c3d38209566d1dadb876ec144cb9369699fa8532,697,65536,0,0,17,1,c06 c09 c12,c06 c09 c12,c06 c09 c12
main|shymkent_school|nc16|np25|br0.25|uniform|ms3|r300|s0,main,shymkent_school,16,25,0.25,uniform,3,300,0,1777,sha256:9d61b3be5d44a170f8f1100a6293d69a09ba6f7252d7ea6a01b6cdccde6f8977,588,65536,1,0,9,2,c00 c01 c08,c00 c01 c08,c00 c01 c09
main|shymkent_school|nc16|np25|br0.25|uniform|ms3|r300|s1,main,shymkent_school,16,25,0.25,uniform,3,300,1,2000,sha256:e9e0523471f7f49d7c305795e562bd693e481e52e3a76605e015bee09209df27,642,65536,1,0,18,1,c02 c03 c12,c02 c03 c12,c02 c03 c12
main|shymkent_school|nc16|np25|br0.25|uniform|ms3|r300|s2,main,shymkent_school,16,25,0.25,uniform,3,300,2,2475,sha256:ee0f602666f71f25e2e354bbba6a3ea18caf202bb8061547eddae2e16d1d8901,663,65536,1,0,16,2,c02 c10 c11,c02 c10 c11,c02 c05 c11
main|shymkent_school|nc16|np25|br0.25|uniform|ms3|r300|s3,main,shymkent_school,16,25,0.25,uniform,3,300,3,1992,sha256:8bf330df0bf0c0978770beba6200c133e0a29a0b7d7c9decbb894aa7ccecf3f2,619,65536,1,0,8,1,c01 c10 c15,c01 c10 c15,c01 c10 c15
main|shymkent_school|nc16|np25|br0.25|uniform|ms3|r300|s4,main,shymkent_school,16,25,0.25,uniform,3,300,4,1655,sha256:06301056c1d976a886961571f296ba3d51833c695509ae71ae0a48f257a8b56b,612,65536,1,0,8,2,c04 c13 c15,c04 c06 c13,c04 c13 c15
main|shymkent_school|nc16|np25|br0.25|uniform|ms3|r300|s5,main,shymkent_school,16,25,0.25,uniform,3,300,5,2362,sha256:162e20c51e0e6f526fd3e106a4d39f1ce8b7a4f75b9bf21c1a0976344a65306a,665,65536,1,0,13,1,c00 c07 c11,c00 c07 c11,c00 c07 c11
main|shymkent_school|nc16|np25|br0.25|uniform|ms3|r300|s6,main,shymkent_school,16,25,0.25,uniform,3,300,6,2175,sha256:8bc6d2e537dc07c02f5d3059cb46d60f2f7e0c626aabd1f8a7c6acfb950c598e,650,65536,1,0,14,2,c06 c10 c14,c02 c06 c11,c06 c10 c14
main|shymkent_school|nc16|np25|br0.25|uniform|ms3|r300|s7,main,shymkent_school,16,25,0.25,uniform,3,300,7,2392,sha256:a34469c2d6438293dcd72fd9d79816e09e5bd04b4e04f647d0fd8d4f4ad77295,647,65536,1,0,17,2,c11 c12 c15,c11 c12 c13,c11 c12 c15
main|shymkent_school|nc16|np25|br0.25|uniform|ms3|r300|s8,main,shymkent_school,16,25,0.25,uniform,3,300,8,1374,sha256:25761b6b6929d6ef243616de9092a3f3c47b48e9f753213b01541e365741c573,624,65536,1,0,8,1,c02 c09 c13,c02 c09 c13,c02 c09 c13
main|shymkent_school|nc16|np25|br0.25|uniform|ms3|r300|s9,main,shymkent_school,16,25,0.25,uniform,3,300,9,1946,sha256:62884815f8de53e3dee1350cf715cd4681caf3e14db99c7c3636e973fd5d56ad,623,65536,1,0,7,2,c00 c06 c10,c00 c04 c06,c00 c06 c10
main|shymkent_school|nc16|np25|br0.25|random_1_100|ms3|r300|s0,main,shymkent_school,16,25,0.25,random_1_100,3,300,0,2077,sha256:9cb4257c0ffe01d33c636109b8d8b829d05f29ddb07ea431703422a16623aa44,631,65536,1,0,10,3,c03 c13 c15,c10 c13 c14,c12 c13 c14
main|shymkent_school|nc16|np25|br0.25|random_1_100|ms3|r300|s1,main,shymkent_school,16,25,0.25,random_1_100,3,300,1,2190,sha256:204e0fccf49d4d32342102222b770fd23c25fd14a887514af6a20bc88ba91ea6,614,65536,1,0,14,2,c02 c04 c14,c02 c04 c14,c02 c06 c14
main|shymkent_school|nc16|np25|br0.25|random_1_100|ms3|r300|s2,main,shymkent_school,16,25,0.25,random_1_100,3,300,2,2630,sha256:ef15c0b6b3b72f5cc32529964e67fd4f52c1531e8608f1523df8c05a3a224ab3,672,65536,1,0,14,3,c05 c08 c13,c05 c13 c14,c05 c08 c12
main|shymkent_school|nc16|np25|br0.25|random_1_100|ms3|r300|s3,main,shymkent_school,16,25,0.25,random_1_100,3,300,3,1807,sha256:2de114f2ca826b6b8775a38f0078512683dfa8cd3f3340bd90e422b65780a087,637,65536,1,0,14,3,c01 c05 c10,c01 c05 c09,c02 c05 c10
main|shymkent_school|nc16|np25|br0.25|random_1_100|ms3|r300|s4,main,shymkent_school,16,25,0.25,random_1_100,3,300,4,2823,sha256:3210433455ec19adea7a6fffa099f243e19666135ff86660985a8e7675d34362,695,65536,1,0,8,1,c01 c05 c11,c01 c05 c11,c01 c05 c11
main|shymkent_school|nc16|np25|br0.25|random_1_100|ms3|r300|s5,main,shymkent_school,16,25,0.25,random_1_100,3,300,5,2475,sha256:8350630c279aa66f829857c85aeb10b6c4baca4fbcbde837a84ffde01769c006,665,65536,1,0,12,3,c01 c08 c12,c07 c08 c12,c01 c10 c12
main|shymkent_school|nc16|np25|br0.25|random_1_100|ms3|r300|s6,main,shymkent_school,16,25,0.25,random_1_100,3,300,6,1927,sha256:870bd66caf9df913adcd6f150bc9d9b6e958fee04a64f67c99bac92f3548a625,646,65536,1,0,13,1,c03 c09 c14,c03 c09 c14,c03 c09 c14
main|shymkent_school|nc16|np25|br0.25|random_1_100|ms3|r300|s7,main,shymkent_school,16,25,0.25,random_1_100,3,300,7,1948,sha256:68b5c3cbed323434413605e9606ec6ac766e2932ab41ffc80533fa16cfee5b27,574,65536,1,0,7,2,c02 c09 c15,c02 c09 c15,c02 c08 c09
main|shymkent_school|nc16|np25|br0.25|random_1_100|ms3|r300|s8,main,shymkent_school,16,25,0.25,random_1_100,3,300,8,2501,sha256:81062884e494e479ed83cdec80317555cf1c961068dbc6752dfbe1655fac864c,660,65536,1,0,8,2,c02 c05 c09,c02 c05 c09,c02 c05 c07
main|shymkent_school|nc16|np25|br0.25|random_1_100|ms3|r300|s9,main,shymkent_school,16,25,0.25,random_1_100,3,300,9,2132,sha256:95a6884191b3ee3ded89afbab20004a682e66273b3c2536f22170f2a8588e06e,641,65536,1,0,10,2,c01 c03 c07,c01 c03 c07,c01 c11 c15
main|shymkent_school|nc16|np25|br0.25|one_heavy|ms3|r300|s0,main,shymkent_school,16,25,0.25,one_heavy,3,300,0,2043,sha256:c999daa2c57183e5e1530d0b05a1fd86126c36fe829f7e0c098dde2404ae270d,612,65536,1,0,15,2,c09 c11 c13,c09 c11 c13,c00 c14 c15
main|shymkent_school|nc16|np25|br0.25|one_heavy|ms3|r300|s1,main,shymkent_school,16,25,0.25,one_heavy,3,300,1,2339,sha256:6899adb59d002c4b8710bdd9450ed5241a9c8e198f0a0d5292a1d282d50abcbd,670,65536,1,0,14,1,c05 c11 c13,c05 c11 c13,c05 c11 c13
main|shymkent_school|nc16|np25|br0.25|one_heavy|ms3|r300|s2,main,shymkent_school,16,25,0.25,one_heavy,3,300,2,2450,sha256:1eda3904d20ba7c3249b97260e81263e4118fba49553bbac0ae21b4d7e2230fb,667,65536,1,0,10,1,c05 c06 c08,c05 c06 c08,c05 c06 c08
main|shymkent_school|nc16|np25|br0.25|one_heavy|ms3|r300|s3,main,shymkent_school,16,25,0.25,one_heavy,3,300,3,2611,sha256:30f9a7b80c2eb9e1604834ec109e1298cb728ac182c4aaf107036bdbd61b1e91,665,65536,1,0,18,2,c02 c08 c11,c04 c08 c11,c02 c08 c11
main|shymkent_school|nc16|np25|br0.25|one_heavy|ms3|r300|s4,main,shymkent_school,16,25,0.25,one_heavy,3,300,4,1900,sha256:5e413b9b8d71b367ac67f097fa2bf425cf32d00d754c0f9203543e214880586f,626,65536,1,0,9,2,c01 c06 c14,c01 c06 c14,c01 c05 c06
main|shymkent_school|nc16|np25|br0.25|one_heavy|ms3|r300|s5,main,shymkent_school,16,25,0.25,one_heavy,3,300,5,2061,sha256:ddd246f6c35042a0f5d154b304a3469f43045df944318f2c309fcfa1758d116a,609,65536,1,0,13,1,c07 c13 c15,c07 c13 c15,c07 c13 c15
main|shymkent_school|nc16|np25|br0.25|one_heavy|ms3|r300|s6,main,shymkent_school,16,25,0.25,one_heavy,3,300,6,2293,sha256:80782ce0a11a26b177ee58be1be63e57f4dc46e5d19f25f5c0007295994c7beb,627,65536,1,0,12,2,c07 c13 c15,c07 c13 c15,c06 c07 c15
main|shymkent_school|nc16|np25|br0.25|one_heavy|ms3|r300|s7,main,shymkent_school,16,25,0.25,one_heavy,3,300,7,1802,sha256:ce839b2deda802d07ff07731dc2322f4b8b7f11e6c85a2ca24183b5e35993893,626,65536,1,0,9,1,c03 c10 c12,c03 c10 c12,c03 c10 c12
main|shymkent_school|nc16|np25|br0.25|one_heavy|ms3|r300|s8,main,shymkent_school,16,25,0.25,one_heavy,3,300,8,2400,sha256:e28b854ce097033f1a4dd91ce3459c781315fc6555a3055a31d428a93a55f15b,660,65536,1,0,10,3,c01 c14 c15,c07 c14 c15,c02 c11 c14
main|shymkent_school|nc16|np25|br0.25|one_heavy|ms3|r300|s9,main,shymkent_school,16,25,0.25,one_heavy,3,300,9,2049,sha256:f3d1fe9f17a633345441397a9c68476868c252b3543d1f164eaadce19b611272,647,65536,1,0,11,2,c00 c02 c08,c02 c08 c14,c00 c02 c08
main|shymkent_school|nc16|np25|br0.5|uniform|ms3|r300|s0,main,shymkent_school,16,25,0.5,uniform,3,300,0,3345,sha256:1463d508fbb16fec6e80d4bd1aad3087c89414062e4fdbf0b583804197f50c8f,697,65536,0,0,20,1,c05 c06 c11,c05 c06 c11,c05 c06 c11
main|shymkent_school|nc16|np25|br0.5|uniform|ms3|r300|s1,main,shymkent_school,16,25,0.5,uniform,3,300,1,4386,sha256:fc66c7d62816b6dab27387c6aaa3f1d3a73cf7d39bb86cd1f2c1dc5dcf99487a,697,65536,0,0,12,2,c07 c10 c14,c08 c10 c14,c07 c10 c14
main|shymkent_school|nc16|np25|br0.5|uniform|ms3|r300|s2,main,shymkent_school,16,25,0.5,uniform,3,300,2,4688,sha256:1dfb8619eae8c4d1bd33c8e5b0eb012094667703d7b6b42e77237bdb254069b0,697,65536,0,0,10,2,c00 c02 c05,c00 c02 c05,c00 c03 c05
main|shymkent_school|nc16|np25|br0.5|uniform|ms3|r300|s3,main,shymkent_school,16,25,0.5,uniform,3,300,3,5172,sha256:48eb72faa9496242676633a96420a3f579124981bc851687995b192bddd7c324,697,65536,0,0,13,2,c02 c09 c12,c02 c08 c13,c02 c09 c12
main|shymkent_school|nc16|np25|br0.5|uniform|ms3|r300|s4,main,shymkent_school,16,25,0.5,uniform,3,300,4,5021,sha256:592f5676423fce2c9d57c82dfdff94421e268f57939c94bbc3175edda3193896,697,65536,0,0,20,2,c02 c06 c13,c02 c06 c13,c01 c02 c06
main|shymkent_school|nc16|np25|br0.5|uniform|ms3|r300|s5,main,shymkent_school,16,25,0.5,uniform,3,300,5,4294,sha256:b131ebaa092c57659ba6a258f0ef6ff06d449049aac7659713c32e0e45da0ac6,697,65536,0,0,15,2,c02 c05 c11,c07 c11 c12,c02 c05 c11
main|shymkent_school|nc16|np25|br0.5|uniform|ms3|r300|s6,main,shymkent_school,16,25,0.5,uniform,3,300,6,4186,sha256:6fa34c92c00d19b295fed0b58f1c74f1e5f8c9850d78cb0963a16df59a4c7ae9,697,65536,0,0,11,2,c00 c01 c13,c00 c01 c13,c01 c06 c13
main|shymkent_school|nc16|np25|br0.5|uniform|ms3|r300|s7,main,shymkent_school,16,25,0.5,uniform,3,300,7,4346,sha256:d62bcdceae5272a2e27bec963b0c4cda6053ef63053e34a3be9fe89fe2ecc381,697,65536,0,0,15,1,c02 c05 c07,c02 c05 c07,c02 c05 c07
main|shymkent_school|nc16|np25|br0.5|uniform|ms3|r300|s8,main,shymkent_school,16,25,0.5,uniform,3,300,8,4475,sha256:72ce63721ded92537da9f42514f25da7dbca27eeb4181e35ac84f8e266c0e1de,697,65536,0,0,8,1,c03 c07 c13,c03 c07 c13,c03 c07 c13
main|shymkent_school|nc16|np25|br0.5|uniform|ms3|r300|s9,main,shymkent_school,16,25,0.5,uniform,3,300,9,4596,sha256:b2ea0ba42e3bd344959a6d48aed2afc5d9e0696b14b48902e0af17487bb253f2,697,65536,0,0,19,2,c01 c06 c11,c02 c05 c11,c01 c06 c11
main|shymkent_school|nc16|np25|br0.5|random_1_100|ms3|r300|s0,main,shymkent_school,16,25,0.5,random_1_100,3,300,0,3850,sha256:fa879c9c32c3022199551e30acbbc69aba618b3d57529125e1fcc1018905ac6a,697,65536,0,0,12,2,c07 c09 c15,c07 c08 c09,c07 c09 c15
main|shymkent_school|nc16|np25|br0.5|random_1_100|ms3|r300|s1,main,shymkent_school,16,25,0.5,random_1_100,3,300,1,3611,sha256:d5c3f2425de3aa7c4e19552692ed94f6b7a6fdcd51257f47aaef0ed61edd5f91,697,65536,0,0,7,2,c09 c10 c11,c09 c10 c11,c04 c09 c13
main|shymkent_school|nc16|np25|br0.5|random_1_100|ms3|r300|s2,main,shymkent_school,16,25,0.5,random_1_100,3,300,2,4538,sha256:57612a552a6f0ac011a191ef6100168d02305b38e6043983809af86e30d33920,697,65536,0,0,11,2,c01 c08 c13,c01 c08 c15,c01 c08 c13
main|shymkent_school|nc16|np25|br0.5|random_1_100|ms3|r300|s3,main,shymkent_school,16,25,0.5,random_1_100,3,300,3,4006,sha256:2071d559c63571a3a31b0bb0916814e560c93c9da4dfa69b1214656116be54d9,697,65536,0,0,13,3,c00 c02 c14,c00 c08 c14,c00 c02 c10
main|shymkent_school|nc16|np25|br0.5|random_1_100|ms3|r300|s4,main,shymkent_school,16,25,0.5,random_1_100,3,300,4,4186,sha256:9c0f127b352e3e20382835c4a25d6ac0b075e3e4bc6eed46461050635f1cc2ce,697,65536,0,0,8,2,c08 c09 c14,c08 c09 c14,c05 c08 c09
main|shymkent_school|nc16|np25|br0.5|random_1_100|ms3|r300|s5,main,shymkent_school,16,25,0.5,random_1_100,3,300,5,4162,sha256:16dfa3d9ac8872dcb42f48bd94aff7e5f7573bf237421c63d3a357ec700ec61e,697,65536,0,0,8,3,c01 c06 c09,c01 c06 c11,c09 c10 c15
main|shymkent_school|nc16|np25|br0.5|random_1_100|ms3|r300|s6,main,shymkent_school,16,25,0.5,random_1_100,3,300,6,5080,sha256:d5abcface44253f3274a5c8c4382a0c6b94a93709a7c069718740f6dfb9fd6ce,697,65536,0,0,10,3,c02 c09 c12,c02 c12 c15,c08 c09 c14
main|shymkent_school|nc16|np25|br0.5|random_1_100|ms3|r300|s7,main,shymkent_school,16,25,0.5,random_1_100,3,300,7,3923,sha256:9ecc27c06bc42bcc6f59a303e78cced206bd65af71deaff03a5c6abd8846cc8e,697,65536,0,0,10,3,c01 c12 c14,c01 c05 c14,c03 c07 c10
main|shymkent_school|nc16|np25|br0.5|random_1_100|ms3|r300|s8,main,shymkent_school,16,25,0.5,random_1_100,3,300,8,4224,sha256:196964ef89db57493294e2a56605760ffafd6def2a7e06381671d706b599439e,697,65536,0,0,10,3,c04 c05 c07,c01 c07 c12,c04 c05 c14
main|shymkent_school|nc16|np25|br0.5|random_1_100|ms3|r300|s9,main,shymkent_school,16,25,0.5,random_1_100,3,300,9,4633,sha256:cd1b5ba8a89eba7bb6bb1b96f7ac065f75ed1ddac2254572e1f0bdd7668af16c,697,65536,0,0,14,2,c00 c05 c09,c00 c05 c09,c00 c09 c14
main|shymkent_school|nc16|np25|br0.5|one_heavy|ms3|r300|s0,main,shymkent_school,16,25,0.5,one_heavy,3,300,0,4128,sha256:a7fc8d64526b632789ba6430a03fc731a8e74817a94c47553a7421b9164e3da7,697,65536,0,0,11,2,c00 c01 c02,c00 c01 c10,c00 c01 c10
main|shymkent_school|nc16|np25|br0.5|one_heavy|ms3|r300|s1,main,shymkent_school,16,25,0.5,one_heavy,3,300,1,3917,sha256:edcbac2bc6f4c807e9159582afd4aa247b1e2e2872356e48c77c43387079e844,697,65536,0,0,13,1,c05 c12 c15,c05 c12 c15,c05 c12 c15
main|shymkent_school|nc16|np25|br0.5|one_heavy|ms3|r300|s2,main,shymkent_school,16,25,0.5,one_heavy,3,300,2,4772,sha256:0a1bed61791fdb877e98b7500c6df0f78028939ecc065b2849842fc050d09164,697,65536,0,0,13,2,c06 c09 c11,c03 c04 c06,c06 c09 c11
main|shymkent_school|nc16|np25|br0.5|one_heavy|ms3|r300|s3,main,shymkent_school,16,25,0.5,one_heavy,3,300,3,3609,sha256:76f339018f2bd9bf16ed3bd3eefbbb9e40b9f8597cf4ba7c9ef6cc3d38415938,697,65536,0,0,17,3,c02 c12 c14,c01 c02 c14,c01 c02 c07
main|shymkent_school|nc16|np25|br0.5|one_heavy|ms3|r300|s4,main,shymkent_school,16,25,0.5,one_heavy,3,300,4,3925,sha256:3ce8ee99beceade01a3da17dad605ab1d5263cdb9961359407bc6bfd639ac8c5,697,65536,0,0,13,2,c06 c08 c10,c06 c08 c10,c00 c06 c08
main|shymkent_school|nc16|np25|br0.5|one_heavy|ms3|r300|s5,main,shymkent_school,16,25,0.5,one_heavy,3,300,5,4674,sha256:f0daec06a3a909befd177ad09b2d727970f243114d8904da4d6e4749398da217,697,65536,0,0,21,3,c07 c08 c14,c04 c08 c14,c02 c10 c14
main|shymkent_school|nc16|np25|br0.5|one_heavy|ms3|r300|s6,main,shymkent_school,16,25,0.5,one_heavy,3,300,6,4510,sha256:773fb8f1d11deda6b58f57c9b67d1aa4671ab5fca6e8ea094ec40ec93f3beadd,697,65536,0,0,18,2,c02 c08 c15,c01 c02 c15,c02 c08 c15
main|shymkent_school|nc16|np25|br0.5|one_heavy|ms3|r300|s7,main,shymkent_school,16,25,0.5,one_heavy,3,300,7,4191,sha256:249172537aaa5f56a24d1e9398e48d115346c5b2662f03aa46f10f7df80f3c01,697,65536,0,0,24,2,c09 c13 c15,c05 c09 c13,c09 c13 c15
main|shymkent_school|nc16|np25|br0.5|one_heavy|ms3|r300|s8,main,shymkent_school,16,25,0.5,one_heavy,3,300,8,4716,sha256:292d3c850168e65bfb99523cbe9155cda8d04b7a795943c1ef41d7b716fc5d10,697,65536,0,0,20,2,c00 c01 c06,c00 c06 c12,c00 c01 c06
main|shymkent_school|nc16|np25|br0.5|one_heavy|ms3|r300|s9,main,shymkent_school,16,25,0.5,one_heavy,3,300,9,4210,sha256:68f963b31734de74f5096760965ce74edb1aa3c35de2a108895ecbaf596a6511,697,65536,0,0,19,2,c09 c10 c12,c10 c12 c14,c09 c10 c12
main|shymkent_school|nc16|np25|br1.0|uniform|ms3|r300|s0,main,shymkent_school,16,25,1.0,uniform,3,300,0,9820,sha256:4a9944d8fc08c4b156c5f874de2662baa3e77c656d6bfa0b4240ef3602b22e66,697,65536,0,0,8,2,c03 c11 c15,c03 c11 c15,c03 c06 c15
main|shymkent_school|nc16|np25|br1.0|uniform|ms3|r300|s1,main,shymkent_school,16,25,1.0,uniform,3,300,1,7521,sha256:86fcec8f529425e51cfc1096a8ab5f4bb65b4589628e90f41a885de8ef66cef9,697,65536,0,0,8,1,c03 c06 c15,c03 c06 c15,c03 c06 c15
main|shymkent_school|nc16|np25|br1.0|uniform|ms3|r300|s2,main,shymkent_school,16,25,1.0,uniform,3,300,2,9879,sha256:1948651ac0dbf0a15a9164cf87bf7b3b76d951c72dc3553d5f3f351c4754413e,697,65536,0,0,6,2,c07 c13 c15,c07 c13 c15,c07 c13 c14
main|shymkent_school|nc16|np25|br1.0|uniform|ms3|r300|s3,main,shymkent_school,16,25,1.0,uniform,3,300,3,9306,sha256:bde850b2930eae847516904b021c02751c83a335bc52e530bd18560ec7a7f36d,697,65536,0,0,12,1,c01 c06 c07,c01 c06 c07,c01 c06 c07
main|shymkent_school|nc16|np25|br1.0|uniform|ms3|r300|s4,main,shymkent_school,16,25,1.0,uniform,3,300,4,8796,sha256:40f131069343e077c279a0a9414d8c3fd603c4709b38166ee6fa8e8e199ead66,697,65536,0,0,13,2,c03 c08 c15,c03 c08 c15,c08 c11 c15
main|shymkent_school|nc16|np25|br1.0|uniform|ms3|r300|s5,main,shymkent_school,16,25,1.0,uniform,3,300,5,8118,sha256:7c6141b11382a48dc184d8917eb9f350e7cdd711b00fcfbb221b921fde493bf9,697,65536,0,0,13,3,c00 c06 c13,c04 c10 c13,c00 c03 c13
main|shymkent_school|nc16|np25|br1.0|uniform|ms3|r300|s6,main,shymkent_school,16,25,1.0,uniform,3,300,6,9392,sha256:49372f20d4707a06854dafe711af256ef316be341d399216ff9773415c95f96d,697,65536,0,0,12,2,c04 c05 c09,c00 c04 c05,c04 c05 c09
main|shymkent_school|nc16|np25|br1.0|uniform|ms3|r300|s7,main,shymkent_school,16,25,1.0,uniform,3,300,7,9536,sha256:40988a8368a8470ff1c3f73eab33769fbed6dd0184ec3f58045534d753ad2d15,697,65536,0,0,13,2,c04 c07 c15,c00 c06 c15,c04 c07 c15
main|shymkent_school|nc16|np25|br1.0|uniform|ms3|r300|s8,main,shymkent_school,16,25,1.0,uniform,3,300,8,7744,sha256:da35bf541500faa05d1f4c57b734b271678addc727445933a91a7032b6b56dd2,697,65536,0,0,9,2,c07 c08 c09,c07 c08 c09,c07 c08 c13
main|shymkent_school|nc16|np25|br1.0|uniform|ms3|r300|s9,main,shymkent_school,16,25,1.0,uniform,3,300,9,8449,sha256:4e6a52cfbb1e2243a20a0bead6ec742587c91c80a23ba613012ac5e08f6e60d8,697,65536,0,0,17,2,c00 c03 c08,c00 c05 c08,c00 c03 c08
main|shymkent_school|nc16|np25|br1.0|random_1_100|ms3|r300|s0,main,shymkent_school,16,25,1.0,random_1_100,3,300,0,7295,sha256:9e3aebc6d3f0ea29c145cfba8a13df4254b7bedf80f30228799568f137869a78,697,65536,0,0,8,2,c03 c10 c13,c03 c10 c13,c03 c12 c13
main|shymkent_school|nc16|np25|br1.0|random_1_100|ms3|r300|s1,main,shymkent_school,16,25,1.0,random_1_100,3,300,1,8455,sha256:d9a25745621dd73c8aa85c3fb27cb744bb200ff76a3f6209585cf53a12dabf5f,697,65536,0,0,7,2,c01 c12 c14,c01 c12 c14,c01 c06 c14
main|shymkent_school|nc16|np25|br1.0|random_1_100|ms3|r300|s2,main,shymkent_school,16,25,1.0,random_1_100,3,300,2,8452,sha256:cd0eb71e0418bb8aba05edb92bdb18f39fbe8402e6452457ac39ad1c8d2a19ef,697,65536,0,0,6,3,c07 c10 c15,c06 c07 c15,c07 c09 c15
main|shymkent_school|nc16|np25|br1.0|random_1_100|ms3|r300|s3,main,shymkent_school,16,25,1.0,random_1_100,3,300,3,10011,sha256:cb35763fed1b1ea090647629a4c57c063e943a4d3afda471ca504a4ae1106c06,697,65536,0,0,17,3,c06 c10 c15,c10 c11 c15,c04 c10 c15
main|shymkent_school|nc16|np25|br1.0|random_1_100|ms3|r300|s4,main,shymkent_school,16,25,1.0,random_1_100,3,300,4,8596,sha256:e669c2add8ccc857f49b3e979139ec44cace516f3312eb5160e48cf17be3d654,697,65536,0,0,13,2,c01 c02 c09,c01 c02 c09,c02 c08 c09
main|shymkent_school|nc16|np25|br1.0|random_1_100|ms3|r300|s5,main,shymkent_school,16,25,1.0,random_1_100,3,300,5,7359,sha256:b0fa7b88d7c2afaaa1517377b4fb6dcb68997a9c4b29161b3db2ecd96db20da1,697,65536,0,0,8,2,c05 c08 c14,c05 c06 c08,c05 c08 c14
main|shymkent_school|nc16|np25|br1.0|random_1_100|ms3|r300|s6,main,shymkent_school,16,25,1.0,random_1_100,3,300,6,7636,sha256:83f40a01e63f46d97d288258fcd99264557073eff6a33345c10da307a3dd65d1,697,65536,0,0,9,2,c00 c03 c14,c00 c03 c14,c00 c03 c12
main|shymkent_school|nc16|np25|br1.0|random_1_100|ms3|r300|s7,main,shymkent_school,16,25,1.0,random_1_100,3,300,7,8740,sha256:6f16deb320bf4995c2a22ce6ee68f08cc616cbbe50a4a1e37d9dbb0a5008517c,697,65536,0,0,14,3,c01 c06 c13,c02 c06 c13,c06 c09 c13
main|shymkent_school|nc16|np25|br1.0|random_1_100|ms3|r300|s8,main,shymkent_school,16,25,1.0,random_1_100,3,300,8,8612,sha256:0e0c44ef106a5f7f27807fcd436d66983be771b6c456da1e7129abd58e7b41db,697,65536,0,0,7,1,c01 c02 c07,c01 c02 c07,c01 c02 c07
main|shymkent_school|nc16|np25|br1.0|random_1_100|ms3|r300|s9,main,shymkent_school,16,25,1.0,random_1_100,3,300,9,7337,sha256:718f87c6f279dd7447dcb26dbe74014b5a58564409e0b01d853a1951ab7d31b0,697,65536,0,0,16,2,c09 c11 c13,c02 c09 c11,c02 c09 c11
main|shymkent_school|nc16|np25|br1.0|one_heavy|ms3|r300|s0,main,shymkent_school,16,25,1.0,one_heavy,3,300,0,10066,sha256:2db1c2a1b593c094468e3569f40a38f8bc6de1a3ac247db1ad4675fda9cb64eb,697,65536,0,0,18,2,c05 c09 c14,c09 c10 c14,c05 c09 c14
main|shymkent_school|nc16|np25|br1.0|one_heavy|ms3|r300|s1,main,shymkent_school,16,25,1.0,one_heavy,3,300,1,7700,sha256:2d49375022530b63c489c302041dff6423648b275acda8dbbd83a790371bbc6f,697,65536,0,0,15,2,c01 c02 c09,c01 c02 c03,c01 c02 c09
main|shymkent_school|nc16|np25|br1.0|one_heavy|ms3|r300|s2,main,shymkent_school,16,25,1.0,one_heavy,3,300,2,8388,sha256:ec68ffcb132f63eca510ccb0676ff2fe753974be05368018ee4e23e4b660b7af,697,65536,0,0,18,3,c01 c04 c13,c01 c04 c10,c01 c02 c13
main|shymkent_school|nc16|np25|br1.0|one_heavy|ms3|r300|s3,main,shymkent_school,16,25,1.0,one_heavy,3,300,3,8066,sha256:f72c540f884b1e73f8c03d6ff417daa47a595d01ca4a856f990292a1c8ee8de8,697,65536,0,0,14,2,c08 c09 c14,c07 c08 c09,c07 c08 c09
main|shymkent_school|nc16|np25|br1.0|one_heavy|ms3|r300|s4,main,shymkent_school,16,25,1.0,one_heavy,3,300,4,9956,sha256:3ce14e5694790a84c17ab2e0b36ca58bfcb1595d3e17cb7222892e8125eca4b8,697,65536,0,0,22,2,c06 c07 c09,c06 c07 c11,c06 c07 c09
main|shymkent_school|nc16|np25|br1.0|one_heavy|ms3|r300|s5,main,shymkent_school,16,25,1.0,one_heavy,3,300,5,11102,sha256:7a2ede68b6a2c6c0a49ef8cbc7998309b942a0f2364ebf11c4bfd7b65c2b62d7,697,65536,0,0,14,1,c00 c03 c07,c00 c03 c07,c00 c03 c07
main|shymkent_school|nc16|np25|br1.0|one_heavy|ms3|r300|s6,main,shymkent_school,16,25,1.0,one_heavy,3,300,6,8619,sha256:a826323c8540fd37338d0a6fcf7cbc275855d9faa394e7e8e1b302c198bd3cf5,697,65536,0,0,13,2,c00 c08 c11,c00 c08 c11,c00 c02 c08
main|shymkent_school|nc16|np25|br1.0|one_heavy|ms3|r300|s7,main,shymkent_school,16,25,1.0,one_heavy,3,300,7,7452,sha256:6f3555dd0a1be05e20629dc5881df11f92e2dca47151aadab0964bb2826b6da4,697,65536,0,0,19,3,c02 c07 c08,c03 c08 c11,c02 c03 c08
main|shymkent_school|nc16|np25|br1.0|one_heavy|ms3|r300|s8,main,shymkent_school,16,25,1.0,one_heavy,3,300,8,9328,sha256:5a95a1dcc49124d27a3c1d5d688d2bfcb4f9add9facf4174bd69965ddc59eeb6,697,65536,0,0,9,2,c05 c07 c11,c01 c05 c11,c05 c07 c11
main|shymkent_school|nc16|np25|br1.0|one_heavy|ms3|r300|s9,main,shymkent_school,16,25,1.0,one_heavy,3,300,9,9748,sha256:54490e81d1364327e8965c10e706f88b014b31b87d97a3c30414d04fc63284d6,697,65536,0,0,13,1,c00 c01 c15,c00 c01 c15,c00 c01 c15
main|astana_clinic|nc6|np5|br0.25|uniform|ms3|r300|s0,main,astana_clinic,6,5,0.25,uniform,3,300,0,920,sha256:1608321710160313e9a1a5adca9882fa9d0db906b9826b880b3c47885410d03f,10,64,1,0,1,1,,,
main|astana_clinic|nc6|np5|br0.25|uniform|ms3|r300|s1,main,astana_clinic,6,5,0.25,uniform,3,300,1,822,sha256:f6071bfa4311a13b6579f9a2b81f0fa3919af67c4565b67d3fba21b15cc881fc,9,64,1,0,1,1,,,
main|astana_clinic|nc6|np5|br0.25|uniform|ms3|r300|s2,main,astana_clinic,6,5,0.25,uniform,3,300,2,1057,sha256:86c50cba7c5cb62770177aee1543e72efeb24eaf064b869d0944532c37c61800,9,64,1,0,2,1,c04,c04,c04
main|astana_clinic|nc6|np5|br0.25|uniform|ms3|r300|s3,main,astana_clinic,6,5,0.25,uniform,3,300,3,810,sha256:f17686305ecb5182ac1da1bdf184761d07b0c6d2eb044aa643ce8461b553e109,9,64,1,0,2,1,c00,c00,c00
main|astana_clinic|nc6|np5|br0.25|uniform|ms3|r300|s4,main,astana_clinic,6,5,0.25,uniform,3,300,4,1178,sha256:12f786042f88e9f3b19567aaa2fc388d354637443dedc216f709c6acca45aed9,8,64,1,0,3,1,c05,c05,c05
main|astana_clinic|nc6|np5|br0.25|uniform|ms3|r300|s5,main,astana_clinic,6,5,0.25,uniform,3,300,5,804,sha256:51d2e8bf4431dde88eff4c85775f8bf158caf78344753932d68b0f3e8c2f3f7f,10,64,1,0,3,1,c03 c04,c03 c04,c03 c04
main|astana_clinic|nc6|np5|br0.25|uniform|ms3|r300|s6,main,astana_clinic,6,5,0.25,uniform,3,300,6,1114,sha256:02b6b641ef7de74907552111502735774920651fb17e6f65a97f84230926e2ef,12,64,1,0,3,2,c02,c01,c02
main|astana_clinic|nc6|np5|br0.25|uniform|ms3|r300|s7,main,astana_clinic,6,5,0.25,uniform,3,300,7,777,sha256:4f9ab612ad365d740754f3150937adaeee49654f88e22e8e77e18b81a74037cd,10,64,1,0,2,1,c04,c04,c04
main|astana_clinic|nc6|np5|br0.25|uniform|ms3|r300|s8,main,astana_clinic,6,5,0.25,uniform,3,300,8,684,sha256:c564248cbf1f3e2e2c758ad03aae6bcae6349fa4817944764c19c09856c2e002,9,64,1,0,2,1,c03,c03,c03
main|astana_clinic|nc6|np5|br0.25|uniform|ms3|r300|s9,main,astana_clinic,6,5,0.25,uniform,3,300,9,985,sha256:4381b6e29df289a573ac83afa750b140cf745fdedb0dd4f3cc801527debbf481,10,64,1,0,1,1,,,
main|astana_clinic|nc6|np5|br0.25|random_1_100|ms3|r300|s0,main,astana_clinic,6,5,0.25,random_1_100,3,300,0,856,sha256:7721dc4a9929014f9187285e85b66605ea6869131dac08d868882955cf997b24,8,64,1,0,2,2,c03,c04,c04
main|astana_clinic|nc6|np5|br0.25|random_1_100|ms3|r300|s1,main,astana_clinic,6,5,0.25,random_1_100,3,300,1,958,sha256:021183e2be52e5a80dbed446c9321e40fdbe54e61a7d1782e8700d953800c8d0,9,64,1,0,1,1,,,
main|astana_clinic|nc6|np5|br0.25|random_1_100|ms3|r300|s2,main,astana_clinic,6,5,0.25,random_1_100,3,300,2,945,sha256:fb783f7569297d9fffc7ea46113f1afe74d53bd2f0dde4d4ecabaf2075076737,10,64,1,0,1,1,,,
main|astana_clinic|nc6|np5|br0.25|random_1_100|ms3|r300|s3,main,astana_clinic,6,5,0.25,random_1_100,3,300,3,688,sha256:e2f52be4edb283618994936d77ac340a83762c02e63eeec699080a0134aefea7,10,64,1,0,4,1,c03 c04,c03 c04,c03 c04
main|astana_clinic|nc6|np5|br0.25|random_1_100|ms3|r300|s4,main,astana_clinic,6,5,0.25,random_1_100,3,300,4,580,sha256:899dfc74b852b242aeb1889b5ca81e0f2fb00f05b19f843235d2b69b45a4c482,9,64,1,0,3,1,c01,c01,c01
main|astana_clinic|nc6|np5|br0.25|random_1_100|ms3|r300|s5,main,astana_clinic,6,5,0.25,random_1_100,3,300,5,918,sha256:8f1c2d39a6d6f6df2094789c185b66cc16f3046bdf1370d0c7008fc26c4c0a22,8,64,1,0,2,2,c04,c01,c04
main|astana_clinic|nc6|np5|br0.25|random_1_100|ms3|r300|s6,main,astana_clinic,6,5,0.25,random_1_100,3,300,6,978,sha256:eb957378c396eebc0dd23e786d9b9f3170dc558671075fa8b26e238d6b9a228f,9,64,1,0,2,1,c05,c05,c05
main|astana_clinic|nc6|np5|br0.25|random_1_100|ms3|r300|s7,main,astana_clinic,6,5,0.25,random_1_100,3,300,7,709,sha256:79f38dac4f0237afef4fbd09acd1f6d8ee36079684823320ee58c967a1baef77,9,64,1,0,2,1,c03,c03,c03
main|astana_clinic|nc6|np5|br0.25|random_1_100|ms3|r300|s8,main,astana_clinic,6,5,0.25,random_1_100,3,300,8,1239,sha256:bd561e60ed0e62e28a6992337c3a0bc201af983014e3abba82cccb02ff29d6fb,7,64,1,0,2,1,c00,c00,c00
main|astana_clinic|nc6|np5|br0.25|random_1_100|ms3|r300|s9,main,astana_clinic,6,5,0.25,random_1_100,3,300,9,817,sha256:a27cac838d12c24544139f305243f3ea705d7843f646d427591efb437d558959,9,64,1,0,3,2,c02,c02,c03
main|astana_clinic|nc6|np5|br0.25|one_heavy|ms3|r300|s0,main,astana_clinic,6,5,0.25,one_heavy,3,300,0,897,sha256:0eaee0bde4863812547d8fb01e39907bdc1e1154b05da47692e7607d551bc1d2,7,64,1,0,3,1,c02,c02,c02
main|astana_clinic|nc6|np5|br0.25|one_heavy|ms3|r300|s1,main,astana_clinic,6,5,0.25,one_heavy,3,300,1,802,sha256:81330153522f7ba1a730520c1bff817ac24f6ff2e8e94f84956f45b5b2584515,8,64,1,0,1,1,,,
main|astana_clinic|nc6|np5|br0.25|one_heavy|ms3|r300|s2,main,astana_clinic,6,5,0.25,one_heavy,3,300,2,894,sha256:8df7dc358d635fedad3a40429dd94d5583b655e5fa8b0da60a889158dd503aff,10,64,1,0,3,1,c02,c02,c02
main|astana_clinic|nc6|np5|br0.25|one_heavy|ms3|r300|s3,main,astana_clinic,6,5,0.25,one_heavy,3,300,3,820,sha256:a91793a487402951648d570ad1e172557b6f64ff011c7eeae9eeecde1444100a,8,64,1,0,3,1,c03 c05,c03 c05,c03 c05
main|astana_clinic|nc6|np5|br0.25|one_heavy|ms3|r300|s4,main,astana_clinic,6,5,0.25,one_heavy,3,300,4,983,sha256:cf6aa3b0c1bd08d231a463c7799ba38d4ff9e06305054de2a623930696889b02,8,64,1,0,1,1,,,
main|astana_clinic|nc6|np5|br0.25|one_heavy|ms3|r300|s5,main,astana_clinic,6,5,0.25,one_heavy,3,300,5,879,sha256:119626795668fa9f0afb971a89d5a221797e1d3f6e51952d078226eee58c0a21,10,64,1,0,2,1,c00,c00,c00
main|astana_clinic|nc6|np5|br0.25|one_heavy|ms3|r300|s6,main,astana_clinic,6,5,0.25,one_heavy,3,300,6,812,sha256:b79768a4c867984e5aa3a54880b0703030c95b2a84162658b504069cfac2a5fc,10,64,1,0,2,1,c03,c03,c03
main|astana_clinic|nc6|np5|br0.25|one_heavy|ms3|r300|s7,main,astana_clinic,6,5,0.25,one_heavy,3,300,7,620,sha256:964ed9c27e102a14357eff09aec874f036b60252e15b43327f5ae5a61dc888f5,12,64,1,0,1,1,,,
main|astana_clinic|nc6|np5|br0.25|one_heavy|ms3|r300|s8,main,astana_clinic,6,5,0.25,one_heavy,3,300,8,756,sha256:d8d586077d9d89e9f15ad28b436e584232abb41c60b07e640baa5a2ccb9bca07,8,64,1,0,2,2,c02,c04,c02
main|astana_clinic|nc6|np5|br0.25|one_heavy|ms3|r300|s9,main,astana_clinic,6,5,0.25,one_heavy,3,300,9,916,sha256:988f8ebe65de041529b4b0ac80c8538c6401b587679f579c157814b952ce6f72,9,64,1,0,3,1,c01 c04,c01 c04,c01 c04
main|astana_clinic|nc6|np5|br0.5|uniform|ms3|r300|s0,main,astana_clinic,6,5,0.5,uniform,3,300,0,1733,sha256:73b357302b6d838fe133fd1f712cbad0e036d9be41708a9032c6cd30125e65f6,31,64,1,0,1,1,,,
main|astana_clinic|nc6|np5|br0.5|uniform|ms3|r300|s1,main,astana_clinic,6,5,0.5,uniform,3,300,1,1990,sha256:856b5d777ab129c8bf975d9a100fb2153dc20f12bc854d2f11173cdc91866603,32,64,1,0,4,1,c00 c05,c00 c05,c00 c05
main|astana_clinic|nc6|np5|br0.5|uniform|ms3|r300|s2,main,astana_clinic,6,5,0.5,uniform,3,300,2,1470,sha256:f0db4413492da4d7fc72dc3d88c01de6e7110e66e02ddcdebd225d4bcf887474,31,64,1,0,1,1,,,
main|astana_clinic|nc6|np5|br0.5|uniform|ms3|r300|s3,main,astana_clinic,6,5,0.5,uniform,3,300,3,1636,sha256:b2997c2d2e85fcd8f6c194b461431248853b71e5a6defb7548068f44198e4c6a,31,64,1,0,4,1,c02 c03,c02 c03,c02 c03
main|astana_clinic|nc6|np5|br0.5|uniform|ms3|r300|s4,main,astana_clinic,6,5,0.5,uniform,3,300,4,1791,sha256:180205c8a55dafed3c7b008c1f9104568f30a8167e50f8eead6ea16bff791661,32,64,1,0,2,1,c02,c02,c02
main|astana_clinic|nc6|np5|br0.5|uniform|ms3|r300|s5,main,astana_clinic,6,5,0.5,uniform,3,300,5,1899,sha256:e97cc2e09f418bc6f8ac111bb3dd2f57b2ce4df134efe7b012407c3f0d24a6d1,32,64,1,0,3,1,c00 c04,c00 c04,c00 c04
main|astana_clinic|nc6|np5|br0.5|uniform|ms3|r300|s6,main,astana_clinic,6,5,0.5,uniform,3,300,6,1988,sha256:f727b0a6c618d41970b526413898b11bf8c04f6ef504839dc752e4e7abe09157,32,64,1,0,7,1,c02 c03 c04,c02 c03 c04,c02 c03 c04
main|astana_clinic|nc6|np5|br0.5|uniform|ms3|r300|s7,main,astana_clinic,6,5,0.5,uniform,3,300,7,1381,sha256:a0a768026882795c493a43445d1feaf066e732705ed1a9f29d4977de91532e56,31,64,1,0,4,1,c01 c02,c01 c02,c01 c02
main|astana_clinic|nc6|np5|br0.5|uniform|ms3|r300|s8,main,astana_clinic,6,5,0.5,uniform,3,300,8,1162,sha256:edfb53ea4a87cd0a975b2a3044a63bb915abf99fd45fc3681848fe9628f73af5,32,64,1,0,4,1,c01 c02,c01 c02,c01 c02
main|astana_clinic|nc6|np5|br0.5|uniform|ms3|r300|s9,main,astana_clinic,6,5,0.5,uniform,3,300,9,1743,sha256:d432f03eb6c50371074bdfea8bbb15820614fb9399724c21ea6240190366c02c,30,64,1,0,2,1,c02,c02,c02
main|astana_clinic|nc6|np5|br0.5|random_1_100|ms3|r300|s0,main,astana_clinic,6,5,0.5,random_1_100,3,300,0,1311,sha256:ee556509ab4d0084ebf64b775d2f8007270fbc81808eea8ab1c5ea7eed2862a4,31,64,1,0,2,1,c02,c02,c02
main|astana_clinic|nc6|np5|br0.5|random_1_100|ms3|r300|s1,main,astana_clinic,6,5,0.5,random_1_100,3,300,1,2501,sha256:81ee8245ac601592c155b470d6a9589c5793787586e1886176adb246e2ca018d,32,64,1,0,4,1,c01 c03,c01 c03,c01 c03
main|astana_clinic|nc6|np5|br0.5|random_1_100|ms3|r300|s2,main,astana_clinic,6,5,0.5,random_1_100,3,300,2,2065,sha256:04003eab4c09d83f7a78779c7e7bc161c6a6694c856cfdbfe4c4e36693aa7b4b,32,64,1,0,2,1,c04,c04,c04
main|astana_clinic|nc6|np5|br0.5|random_1_100|ms3|r300|s3,main,astana_clinic,6,5,0.5,random_1_100,3,300,3,1456,sha256:70755e184890a5d352d9f9a7256d79faa437aa8f8577c428f1f19f159a8102f0,32,64,1,0,1,1,,,
main|astana_clinic|nc6|np5|br0.5|random_1_100|ms3|r300|s4,main,astana_clinic,6,5,0.5,random_1_100,3,300,4,1358,sha256:06f2ea8434eeb91e9bd5ccd20a7210c12b832c8695da83842545362caaefbd0c,31,64,1,0,2,1,c01,c01,c01
main|astana_clinic|nc6|np5|br0.5|random_1_100|ms3|r300|s5,main,astana_clinic,6,5,0.5,random_1_100,3,300,5,1691,sha256:20ae0b9dbea5f2e1a2f68fea3ca6389378fc3ce61ba2b231776e556dae8f9a97,30,64,1,0,3,1,c04,c04,c04
main|astana_clinic|nc6|np5|br0.5|random_1_100|ms3|r300|s6,main,astana_clinic,6,5,0.5,random_1_100,3,300,6,2150,sha256:81eabd4ad86d4d4d28a165951396479f6bded7418b82c963151040c47b86fcc7,32,64,1,0,1,1,,,
main|astana_clinic|nc6|np5|br0.5|random_1_100|ms3|r300|s7,main,astana_clinic,6,5,0.5,random_1_100,3,300,7,1720,sha256:b28486778da13ae7162aa7ff6dac5b498d949dcca338c5f846068fd5bfd3dec5,32,64,1,0,6,1,c01 c04 c05,c01 c04 c05,c01 c04 c05
main|astana_clinic|nc6|np5|br0.5|random_1_100|ms3|r300|s8,main,astana_clinic,6,5,0.5,random_1_100,3,300,8,1656,sha256:d81dda4cff0ae8bc32068e4df49f889d2832a24d9d4982270fab73b926b6ace9,30,64,1,0,2,1,c01,c01,c01
main|astana_clinic|nc6|np5|br0.5|random_1_100|ms3|r300|s9,main,astana_clinic,6,5,0.5,random_1_100,3,300,9,1270,sha256:21844f9da7fc40f448e0e93c50ad73f29dda304b626ef489c30d6b529bf9b623,29,64,1,0,3,1,c00,c00,c00
main|astana_clinic|nc6|np5|br0.5|one_heavy|ms3|r300|s0,main,astana_clinic,6,5,0.5,one_heavy,3,300,0,2057,sha256:882c5c166a74b1acb2623b51b3800ee2efa31656c2acffc74a50001236baf2e8,32,64,1,0,1,1,,,
main|astana_clinic|nc6|np5|br0.5|one_heavy|ms3|r300|s1,main,astana_clinic,6,5,0.5,one_heavy,3,300,1,1672,sha256:b87897a3fe62898087bd98d3c66b401b69cd9edc04e16bb7d6f289f7e0288d65,32,64,1,0,4,1,c00 c02,c00 c02,c00 c02
main|astana_clinic|nc6|np5|br0.5|one_heavy|ms3|r300|s2,main,astana_clinic,6,5,0.5,one_heavy,3,300,2,1464,sha256:b9f367cb0fa176a571886351218281b5f8f267ecebd6b16fc91ca0d10acf75ee,32,64,1,0,2,1,c01,c01,c01
main|astana_clinic|nc6|np5|br0.5|one_heavy|ms3|r300|s3,main,astana_clinic,6,5,0.5,one_heavy,3,300,3,1488,sha256:74ccf544b2a7f480cd283318fe17aa910cfa9eb2b5ce40424247b74dde74eb58,32,64,1,0,3,1,c01 c03,c01 c03,c01 c03
main|astana_clinic|nc6|np5|br0.5|one_heavy|ms3|r300|s4,main,astana_clinic,6,5,0.5,one_heavy,3,300,4,1765,sha256:7b2c1a70490d17e1aaee13c080d2ff8bee3adf85fe43ca68207f6b99c34b3da5,32,64,1,0,1,1,,,
main|astana_clinic|nc6|np5|br0.5|one_heavy|ms3|r300|s5,main,astana_clinic,6,5,0.5,one_heavy,3,300,5,1913,sha256:15a922f454ffed3590711569434030a4f47336fedc938a801294fbcd397ebe09,32,64,1,0,3,1,c02 c04,c02 c04,c02 c04
main|astana_clinic|nc6|np5|br0.5|one_heavy|ms3|r300|s6,main,astana_clinic,6,5,0.5,one_heavy,3,300,6,1738,sha256:f040e0a1fb99389d3a8aa820f3cdc22436ae47326ad3e6e4a155616eeef07adb,31,64,1,0,2,1,c00,c00,c00
main|astana_clinic|nc6|np5|br0.5|one_heavy|ms3|r300|s7,main,astana_clinic,6,5,0.5,one_heavy,3,300,7,1895,sha256:ffff92e9b3a83fe2f713358e1dd8fc68804636465b089e4d6302e78cc0762fa4,32,64,1,0,4,1,c02 c03,c02 c03,c02 c03
main|astana_clinic|nc6|np5|br0.5|one_heavy|ms3|r300|s8,main,astana_clinic,6,5,0.5,one_heavy,3,300,8,2071,sha256:ece719de11f63c970d0181b10d9bbb8dc3b70749bb25a7e6d3fd7af212642a29,32,64,1,0,1,1,,,
main|astana_clinic|nc6|np5|br0.5|one_heavy|ms3|r300|s9,main,astana_clinic,6,5,0.5,one_heavy,3,300,9,1575,sha256:c74011cc616aa87e4be779b30d17c9076d57e95c38beb94c551abc445f27454a,32,64,1,0,1,1,,,
main|astana_clinic|nc6|np5|br1.0|uniform|ms3|r300|s0,main,astana_clinic,6,5,1.0,uniform,3,300,0,4551,sha256:ec7052947e896fdb60e267ee24d5685dce195a5eb69726253025ebc1b824ccf5,42,64,0,0,2,1,c00,c00,c00
main|astana_clinic|nc6|np5|br1.0|uniform|ms3|r300|s1,main,astana_clinic,6,5,1.0,uniform,3,300,1,2909,sha256:4f8da4027b47ecee9d747f15c721979e1646d89c19158c7f569e08fd3a44bca6,42,64,0,0,4,1,c01 c05,c01 c05,c01 c05
main|astana_clinic|nc6|np5|br1.0|uniform|ms3|r300|s2,main,astana_clinic,6,5,1.0,uniform,3,300,2,3124,sha256:e52ab077c957f6246e8f00dddf360434962c6f6529d8a41ec00c82b617a8f1df,42,64,0,0,2,1,c04,c04,c04
main|astana_clinic|nc6|np5|br1.0|uniform|ms3|r300|s3,main,astana_clinic,6,5,1.0,uniform,3,300,3,4096,sha256:a92e80d6a082ea97e16665edc2e1967feffb07ede5c0102d18982d98837f98d7,42,64,0,0,4,1,c00 c05,c00 c05,c00 c05
main|astana_clinic|nc6|np5|br1.0|uniform|ms3|r300|s4,main,astana_clinic,6,5,1.0,uniform,3,300,4,3827,sha256:14b88ee787df0f6a844538193288f5f67eb1d89d460d9c55c365ec33c06e3a7a,42,64,0,0,4,1,c02 c03,c02 c03,c02 c03
main|astana_clinic|nc6|np5|br1.0|uniform|ms3|r300|s5,main,astana_clinic,6,5,1.0,uniform,3,300,5,3574,sha256:9bf652575c5cc769aa37f1e44985f769c985a021d47521a3c1e7033e4b04ba06,42,64,0,0,3,1,c03 c05,c03 c05,c03 c05
main|astana_clinic|nc6|np5|br1.0|uniform|ms3|r300|s6,main,astana_clinic,6,5,1.0,uniform,3,300,6,3722,sha256:b346bae671f8d99f32633f78d3608d32db32c79b56fdfd96929f9b904466ee2f,42,64,0,0,6,1,c02 c04 c05,c02 c04 c05,c02 c04 c05
main|astana_clinic|nc6|np5|br1.0|uniform|ms3|r300|s7,main,astana_clinic,6,5,1.0,uniform,3,300,7,2610,sha256:8fab8a16e10404deb35cdb946cfc6d71a680f39dc274e08fcc1caff165c870f4,42,64,0,0,3,1,c00 c04,c00 c04,c00 c04
main|astana_clinic|nc6|np5|br1.0|uniform|ms3|r300|s8,main,astana_clinic,6,5,1.0,uniform,3,300,8,2457,sha256:b325028b89212bec74202bdd2c96181b708379d20ad158e51996de5b5d1b9373,42,64,0,0,1,1,,,
main|astana_clinic|nc6|np5|br1.0|uniform|ms3|r300|s9,main,astana_clinic,6,5,1.0,uniform,3,300,9,2677,sha256:424b1aee9125662066413f4379a79464a8042fffbf93ad8935492ccd01ad9b75,42,64,0,0,7,1,c01 c02 c03,c01 c02 c03,c01 c02 c03
main|astana_clinic|nc6|np5|br1.0|random_1_100|ms3|r300|s0,main,astana_clinic,6,5,1.0,random_1_100,3,300,0,4237,sha256:9c4b0cd48ee3b7cdbd58a71f4a9cd9074a4ff9e74e12467c08de311e4109773c,42,64,0,0,1,1,,,
main|astana_clinic|nc6|np5|br1.0|random_1_100|ms3|r300|s1,main,astana_clinic,6,5,1.0,random_1_100,3,300,1,4031,sha256:86db63c9c3b8fa4c78caeac422e506c5b4af4a51417f97d6a05ec4ccde35155a,42,64,0,0,2,1,c05,c05,c05
main|astana_clinic|nc6|np5|br1.0|random_1_100|ms3|r300|s2,main,astana_clinic,6,5,1.0,random_1_100,3,300,2,2936,sha256:b9b50359fb13dc2e4a544a43956afe7db381ad2e1e72759854a0b4923a55a256,42,64,0,0,3,1,c01 c04,c01 c04,c01 c04
main|astana_clinic|nc6|np5|br1.0|random_1_100|ms3|r300|s3,main,astana_clinic,6,5,1.0,random_1_100,3,300,3,3191,sha256:1f53ce885cfae3277d22a6e4cfeccae9cedca468dab194b8dee1095303419f32,42,64,0,0,1,1,,,
main|astana_clinic|nc6|np5|br1.0|random_1_100|ms3|r300|s4,main,astana_clinic,6,5,1.0,random_1_100,3,300,4,2678,sha256:10e60dbb2a42df21747055911bfaeef2de9aaf49645eb2093a64a863848dd07c,42,64,0,0,2,1,c01,c01,c01
main|astana_clinic|nc6|np5|br1.0|random_1_100|ms3|r300|s5,main,astana_clinic,6,5,1.0,random_1_100,3,300,5,3990,sha256:75014bfbdcfa1be10f78b6ddaabf8c03a0ce35dd07f64b6524e853864715f7a0,42,64,0,0,2,1,c01,c01,c01
main|astana_clinic|nc6|np5|br1.0|random_1_100|ms3|r300|s6,main,astana_clinic,6,5,1.0,random_1_100,3,300,6,4251,sha256:2ef6ea7ed14a158ec5a830f38572a846f846d564a7e73ed8c1d16e970ff6cb74,42,64,0,0,1,1,,,
main|astana_clinic|nc6|np5|br1.0|random_1_100|ms3|r300|s7,main,astana_clinic,6,5,1.0,random_1_100,3,300,7,2789,sha256:d1d18e065b63131ded5cb5e864807f793a94589b2860e33f1ebdf9e182d1cc5b,42,64,0,0,2,1,c02,c02,c02
main|astana_clinic|nc6|np5|br1.0|random_1_100|ms3|r300|s8,main,astana_clinic,6,5,1.0,random_1_100,3,300,8,3609,sha256:d1c837f0ca55854a405be9ff69ef470f916381da32a23e942c3d4116ff0e711e,42,64,0,0,7,1,c00 c03,c00 c03,c00 c03
main|astana_clinic|nc6|np5|br1.0|random_1_100|ms3|r300|s9,main,astana_clinic,6,5,1.0,random_1_100,3,300,9,3285,sha256:f7f6dbf420cc18b8d5b6466782c89c3888e1b274598cc7f40563e37efe94549e,42,64,0,0,1,1,,,
main|astana_clinic|nc6|np5|br1.0|one_heavy|ms3|r300|s0,main,astana_clinic,6,5,1.0,one_heavy,3,300,0,3908,sha256:0186d23d72a12d45effa8e5e462f2b7d9a4e5c13f5d6478bb6fd91b1d687abe2,42,64,0,0,3,1,c01 c03,c01 c03,c01 c03
main|astana_clinic|nc6|np5|br1.0|one_heavy|ms3|r300|s1,main,astana_clinic,6,5,1.0,one_heavy,3,300,1,2936,sha256:cf3c33b1bf5ff69930305ba5c412a712c568e94189175352580db5701ee39bdd,42,64,0,0,1,1,,,
main|astana_clinic|nc6|np5|br1.0|one_heavy|ms3|r300|s2,main,astana_clinic,6,5,1.0,one_heavy,3,300,2,3169,sha256:481a36fa0175e858419677b497fc0aa3594779d16c5b23d2d6318c55a77846a3,42,64,0,0,2,1,c05,c05,c05
main|astana_clinic|nc6|np5|br1.0|one_heavy|ms3|r300|s3,main,astana_clinic,6,5,1.0,one_heavy,3,300,3,3442,sha256:7882859b2bf0bd6563c3a41c66e0f1606b12b1a8773c06d56eab2507e54108f1,42,64,0,0,3,1,c00 c01,c00 c01,c00 c01
main|astana_clinic|nc6|np5|br1.0|one_heavy|ms3|r300|s4,main,astana_clinic,6,5,1.0,one_heavy,3,300,4,4204,sha256:9c504c035b42bacaaaae8216b775b34a6845e8d935335f54ad1a6f35df23200c,42,64,0,0,2,1,c01,c01,c01
main|astana_clinic|nc6|np5|br1.0|one_heavy|ms3|r300|s5,main,astana_clinic,6,5,1.0,one_heavy,3,300,5,3757,sha256:6fa85959a7b496437439c4bc4d7edc6b2d66964758d1e13dc1a8d2abf771f1c7,42,64,0,0,2,1,c05,c05,c05
main|astana_clinic|nc6|np5|br1.0|one_heavy|ms3|r300|s6,main,astana_clinic,6,5,1.0,one_heavy,3,300,6,3601,sha256:5e79c10e0b4f2963c330f1cfe675be69809cf35481711f8ef19c366c70da60e3,42,64,0,0,1,1,,,
main|astana_clinic|nc6|np5|br1.0|one_heavy|ms3|r300|s7,main,astana_clinic,6,5,1.0,one_heavy,3,300,7,3203,sha256:2a6d38585fabceba3ce9165aa3ca55867205828ab203be07c0809184bfd23e67,42,64,0,0,4,1,c03 c04,c03 c04,c03 c04
main|astana_clinic|nc6|np5|br1.0|one_heavy|ms3|r300|s8,main,astana_clinic,6,5,1.0,one_heavy,3,300,8,1665,sha256:42002bbe527b3550487a467c088ac21e1bbecf426ba4f16d7e721c806984c4e7,42,64,0,0,2,1,c04,c04,c04
main|astana_clinic|nc6|np5|br1.0|one_heavy|ms3|r300|s9,main,astana_clinic,6,5,1.0,one_heavy,3,300,9,3430,sha256:675ee2419bd97ed7be642a3e3b97b0dc587177ee9bfa04bf2a3c4d8022b5b5fd,42,64,0,0,2,1,c01,c01,c01
main|astana_clinic|nc6|np15|br0.25|uniform|ms3|r300|s0,main,astana_clinic,6,15,0.25,uniform,3,300,0,774,sha256:cbbc336b82325056fe95572174dfc3e0de947a1dea9bb17269e0793acd0527e3,8,64,1,0,4,2,c01 c02,c04,c01 c02
main|astana_clinic|nc6|np15|br0.25|uniform|ms3|r300|s1,main,astana_clinic,6,15,0.25,uniform,3,300,1,755,sha256:0401ba02ad5a6e863898bab671141c1e2f514443c94377b780526cba172b61e3,9,64,1,0,2,1,c02,c02,c02
main|astana_clinic|nc6|np15|br0.25|uniform|ms3|r300|s2,main,astana_clinic,6,15,0.25,uniform,3,300,2,863,sha256:da5d30fd71792fa33eee72506582a4df6f63a32b2e8c6514e36027cd77ff2659,10,64,1,0,2,1,c01,c01,c01
main|astana_clinic|nc6|np15|br0.25|uniform|ms3|r300|s3,main,astana_clinic,6,15,0.25,uniform,3,300,3,598,sha256:844f530dbacfe78b0af4a0d0325a1834e482b340433774ef4233fcc434e312bb,8,64,1,0,3,1,c01 c04,c01 c04,c01 c04
main|astana_clinic|nc6|np15|br0.25|uniform|ms3|r300|s4,main,astana_clinic,6,15,0.25,uniform,3,300,4,688,sha256:7902e029a4681eb62e35a1abede140daed835878682005d47271ed83dc7dd2f4,10,64,1,0,4,1,c01 c03,c01 c03,c01 c03
main|astana_clinic|nc6|np15|br0.25|uniform|ms3|r300|s5,main,astana_clinic,6,15,0.25,uniform,3,300,5,937,sha256:4880b35496b24e4541a3beb3184767f023842f9b6c52c6f3300cb41827c4fe42,7,64,1,0,5,2,c05,c05,c00
main|astana_clinic|nc6|np15|br0.25|uniform|ms3|r300|s6,main,astana_clinic,6,15,0.25,uniform,3,300,6,758,sha256:cc7e71e6cc5d3a499df73a4cbc7c64651301f0aae0cd905fc3aa09c73c89c628,10,64,1,0,2,1,c03,c03,c03
main|astana_clinic|nc6|np15|br0.25|uniform|ms3|r300|s7,main,astana_clinic,6,15,0.25,uniform,3,300,7,724,sha256:465b7374b48eb49ea39daa3266a2da2f8635326d66c7335835b9dc48d5855761,11,64,1,0,2,1,c01,c01,c01
main|astana_clinic|nc6|np15|br0.25|uniform|ms3|r300|s8,main,astana_clinic,6,15,0.25,uniform,3,300,8,923,sha256:9a8d0556798e34017a8aa3e97cbbbd006a03041008682b26ef81d35fe4b111fc,8,64,1,0,1,1,,,
main|astana_clinic|nc6|np15|br0.25|uniform|ms3|r300|s9,main,astana_clinic,6,15,0.25,uniform,3,300,9,1079,sha256:113e05628418fcb2ef722a99c70c7344ed29d1cab918472cbde6a8cb6f3eda16,10,64,1,0,2,1,c03,c03,c03
main|astana_clinic|nc6|np15|br0.25|random_1_100|ms3|r300|s0,main,astana_clinic,6,15,0.25,random_1_100,3,300,0,1093,sha256:26986548e2f8c48a80dcbdc7567f4b8706a5e835e0471fe6d7dc2716abf8ba09,9,64,1,0,3,1,c03,c03,c03
main|astana_clinic|nc6|np15|br0.25|random_1_100|ms3|r300|s1,main,astana_clinic,6,15,0.25,random_1_100,3,300,1,747,sha256:38dfe86f4c226925479f6c6e4acb7191b16c87e39ad867a0b375562ba39089bb,11,64,1,0,4,1,c00 c02,c00 c02,c00 c02
main|astana_clinic|nc6|np15|br0.25|random_1_100|ms3|r300|s2,main,astana_clinic,6,15,0.25,random_1_100,3,300,2,738,sha256:f3c6dc9b2a3b37b11cac01cb2535c386e494ca58e2c44af9d04534913d2c028f,10,64,1,0,2,1,c01,c01,c01
main|astana_clinic|nc6|np15|br0.25|random_1_100|ms3|r300|s3,main,astana_clinic,6,15,0.25,random_1_100,3,300,3,887,sha256:7b1546b548d626466be679728bf9b4d3d39f9e5d7c5cb826d232e3909a2b6f77,8,64,1,0,5,1,c01 c04,c01 c04,c01 c04
main|astana_clinic|nc6|np15|br0.25|random_1_100|ms3|r300|s4,main,astana_clinic,6,15,0.25,random_1_100,3,300,4,544,sha256:c8f9082f34af0c391003a35d76fe23a1a6633b94341a4f064348debd01707bd5,10,64,1,0,3,2,c04 c05,c04 c05,c02
main|astana_clinic|nc6|np15|br0.25|random_1_100|ms3|r300|s5,main,astana_clinic,6,15,0.25,random_1_100,3,300,5,1084,sha256:a81f9a5c1ba3c124aa5ecc16a0565bf3eff0e4e1f42a872f30479775436f9320,8,64,1,0,4,1,c05,c05,c05
main|astana_clinic|nc6|np15|br0.25|random_1_100|ms3|r300|s6,main,astana_clinic,6,15,0.25,random_1_100,3,300,6,745,sha256:a0566abd750c0f9b2583c1b0eba7fee8d56037b9b3c9c4a88c7f70a4ebeac8f8,11,64,1,0,5,1,c00 c01,c00 c01,c00 c01
main|astana_clinic|nc6|np15|br0.25|random_1_100|ms3|r300|s7,main,astana_clinic,6,15,0.25,random_1_100,3,300,7,653,sha256:90b790702b211cdd5d6077ec52920c3e97d67364133f4a450d7845e86de2879e,10,64,1,0,3,3,c00,c02,c01
main|astana_clinic|nc6|np15|br0.25|random_1_100|ms3|r300|s8,main,astana_clinic,6,15,0.25,random_1_100,3,300,8,831,sha256:696fae35f2d3cbc786bf612f29cd62ba1a001460c0c350882997ea3e1c4e0b71,9,64,1,0,4,1,c01 c02,c01 c02,c01 c02
main|astana_clinic|nc6|np15|br0.25|random_1_100|ms3|r300|s9,main,astana_clinic,6,15,0.25,random_1_100,3,300,9,668,sha256:b73c09163284619eae08392a191357449f8dbbb1b8d0575b1b943e1f107ce70f,12,64,1,0,4,2,c00 c01,c05,c00 c01
main|astana_clinic|nc6|np15|br0.25|one_heavy|ms3|r300|s0,main,astana_clinic,6,15,0.25,one_heavy,3,300,0,817,sha256:24c0cd3dcba0942700b99aee88421816d0edba03fc4ba73f9bae345319579e38,10,64,1,0,4,1,c01 c04,c01 c04,c01 c04
main|astana_clinic|nc6|np15|br0.25|one_heavy|ms3|r300|s1,main,astana_clinic,6,15,0.25,one_heavy,3,300,1,730,sha256:b3ab59539e000fba66a17aac20934522baff976ae2d034e9bfa488b4d5fa9a6c,7,64,1,0,2,1,c02,c02,c02
main|astana_clinic|nc6|np15|br0.25|one_heavy|ms3|r300|s2,main,astana_clinic,6,15,0.25,one_heavy,3,300,2,730,sha256:3a272597c95fe0d5fc5a4e1bc12405912d2de97d759b6e9e0995768afbb0dd4e,7,64,1,0,4,1,c00 c03,c00 c03,c00 c03
main|astana_clinic|nc6|np15|br0.25|one_heavy|ms3|r300|s3,main,astana_clinic,6,15,0.25,one_heavy,3,300,3,620,sha256:5f5b2f593cef6606f38d9f836e5ad5900d5c7a5252bdfcfb50370747993fe510,11,64,1,0,5,1,c01 c02,c01 c02,c01 c02
main|astana_clinic|nc6|np15|br0.25|one_heavy|ms3|r300|s4,main,astana_clinic,6,15,0.25,one_heavy,3,300,4,794,sha256:b62ff8395b00adc151d6535e378ca5598ae7cfd6dcd4200b224c538893280326,9,64,1,0,5,1,c00 c01 c05,c00 c01 c05,c00 c01 c05
main|astana_clinic|nc6|np15|br0.25|one_heavy|ms3|r300|s5,main,astana_clinic,6,15,0.25,one_heavy,3,300,5,710,sha256:31c1d9a4b4cb4bef6e59ab5b881d4c71e69cf4133ba9f8584d162b4766f1b33b,10,64,1,0,4,1,c01 c02,c01 c02,c01 c02
main|astana_clinic|nc6|np15|br0.25|one_heavy|ms3|r300|s6,main,astana_clinic,6,15,0.25,one_heavy,3,300,6,859,sha256:f25fb1373e477a323b47803247615389f9e9fc99c4d7632a177a2c91aea0f29a,9,64,1,0,2,1,c01,c01,c01
main|astana_clinic|nc6|np15|br0.25|one_heavy|ms3|r300|s7,main,astana_clinic,6,15,0.25,one_heavy,3,300,7,790,sha256:1d85a2d606653a2a50be73c00bcc15f88b9b5ae12ae54e88b21d48feccaf978e,9,64,1,0,4,1,c03 c04,c03 c04,c03 c04
main|astana_clinic|nc6|np15|br0.25|one_heavy|ms3|r300|s8,main,astana_clinic,6,15,0.25,one_heavy,3,300,8,655,sha256:6a865609f4639d489eadf8839c55b6dd344c1f02c577c14ea71a32f4ac8e943d,11,64,1,0,3,2,c03,c02,c03
main|astana_clinic|nc6|np15|br0.25|one_heavy|ms3|r300|s9,main,astana_clinic,6,15,0.25,one_heavy,3,300,9,859,sha256:feda851857676d6ed4fa298a89fcbceb2d50f8b19fb277dc3d6fefa80d58bbdf,9,64,1,0,2,2,c03,c00,c03
main|astana_clinic|nc6|np15|br0.5|uniform|ms3|r300|s0,main,astana_clinic,6,15,0.5,uniform,3,300,0,996,sha256:247eedd2d536fd2a7c7c756ab8d3c60420d89d6755ac2b7616e42865270706ee,31,64,1,0,5,1,c01 c03,c01 c03,c01 c03
main|astana_clinic|nc6|np15|br0.5|uniform|ms3|r300|s1,main,astana_clinic,6,15,0.5,uniform,3,300,1,1478,sha256:b77faa2cd4c1da746bbeb0e261a81ecfd8734c19d5cebb72e04ae45ad6bc3a8d,32,64,1,0,4,1,c02 c04 c05,c02 c04 c05,c02 c04 c05
main|astana_clinic|nc6|np15|br0.5|uniform|ms3|r300|s2,main,astana_clinic,6,15,0.5,uniform,3,300,2,1326,sha256:fbda5ace996daf740e1359560e40dea340eca45c4b69b82775e414a45b48c09a,31,64,1,0,6,1,c00 c02,c00 c02,c00 c02
main|astana_clinic|nc6|np15|br0.5|uniform|ms3|r300|s3,main,astana_clinic,6,15,0.5,uniform,3,300,3,1376,sha256:778e46f39dba95396e5f3c5456d80037acda2d8a3f73f9189d8d7ccb3f2f1649,32,64,1,0,6,1,c00 c03 c04,c00 c03 c04,c00 c03 c04
main|astana_clinic|nc6|np15|br0.5|uniform|ms3|r300|s4,main,astana_clinic,6,15,0.5,uniform,3,300,4,1538,sha256:35d2e85d2eb83331f1cd6e71eaccfeedab7833b6a967b5a1cbe6bd7e3801753e,32,64,1,0,5,1,c01 c04 c05,c01 c04 c05,c01 c04 c05
main|astana_clinic|nc6|np15|br0.5|uniform|ms3|r300|s5,main,astana_clinic,6,15,0.5,uniform,3,300,5,1719,sha256:ab86bd6a8e3c33147989d9ce39d56cffbf4fe023ee9c664e9241f6098a375d7b,30,64,1,0,4,1,c01 c02,c01 c02,c01 c02
main|astana_clinic|nc6|np15|br0.5|uniform|ms3|r300|s6,main,astana_clinic,6,15,0.5,uniform,3,300,6,1441,sha256:21949137e74d6dcf1bb1afc780bb0e6a8164016206eccb7a045e879970e04d0d,31,64,1,0,3,2,c00 c04,c00 c04,c03 c04
main|astana_clinic|nc6|np15|br0.5|uniform|ms3|r300|s7,main,astana_clinic,6,15,0.5,uniform,3,300,7,1386,sha256:a0eba38ee363c47a6fe7d50913ce6b466cb085095b16ae1d058f0a03d68cb535,29,64,1,0,2,1,c04,c04,c04
main|astana_clinic|nc6|np15|br0.5|uniform|ms3|r300|s8,main,astana_clinic,6,15,0.5,uniform,3,300,8,2237,sha256:7f63b6aad1ef5638d6556d5ac1a68b5c8e3a8fd979b2fbc5d92c81688262999a,32,64,1,0,7,2,c02 c03,c02 c03,c03 c04
main|astana_clinic|nc6|np15|br0.5|uniform|ms3|r300|s9,main,astana_clinic,6,15,0.5,uniform,3,300,9,1488,sha256:dcd8ee0396eea8a09e068cc53b5fd634312097ad83399d86e7e0cbee9ba84738,30,64,1,0,5,1,c01 c04,c01 c04,c01 c04
main|astana_clinic|nc6|np15|br0.5|random_1_100|ms3|r300|s0,main,astana_clinic,6,15,0.5,random_1_100,3,300,0,1947,sha256:32ac42e1d12573e4ea9fee606c95da6d2c0c9707ee63be2c2c588bc4a79ba234,32,64,1,0,4,1,c01 c03,c01 c03,c01 c03
main|astana_clinic|nc6|np15|br0.5|random_1_100|ms3|r300|s1,main,astana_clinic,6,15,0.5,random_1_100,3,300,1,1709,sha256:3a3444721e65db67a87bab9f15a1bd647e9093c1b5177127ceb8c37f596b56dd,31,64,1,0,4,1,c02 c04 c05,c02 c04 c05,c02 c04 c05
main|astana_clinic|nc6|np15|br0.5|random_1_100|ms3|r300|s2,main,astana_clinic,6,15,0.5,random_1_100,3,300,2,1534,sha256:0f5ab5bf5f2dc731344a3758d1a9d707dd2e406fc5c0cbfcb3c9fb0cc26c52e3,30,64,1,0,8,1,c00 c01 c05,c00 c01 c05,c00 c01 c05
main|astana_clinic|nc6|np15|br0.5|random_1_100|ms3|r300|s3,main,astana_clinic,6,15,0.5,random_1_100,3,300,3,1274,sha256:e97c1a2e4fe4b27637a6a649ecd32f1c95f3bb25f8dd4e46aa8245a333180bca,31,64,1,0,2,1,c05,c05,c05
main|astana_clinic|nc6|np15|br0.5|random_1_100|ms3|r300|s4,main,astana_clinic,6,15,0.5,random_1_100,3,300,4,1591,sha256:42d0c1c1d4aca43de5686d5bc4f07d8419c5b0df9fa20ff85490af7bd1145419,30,64,1,0,4,1,c01 c04,c01 c04,c01 c04
main|astana_clinic|nc6|np15|br0.5|random_1_100|ms3|r300|s5,main,astana_clinic,6,15,0.5,random_1_100,3,300,5,1476,sha256:b0211c37996529c5fc4a2dae2bc702ef6010677bea248e168d64408e53439d99,31,64,1,0,8,1,c00 c04 c05,c00 c04 c05,c00 c04 c05
main|astana_clinic|nc6|np15|br0.5|random_1_100|ms3|r300|s6,main,astana_clinic,6,15,0.5,random_1_100,3,300,6,1467,sha256:ce1ab1e6ff9cd27583c840776898b943a84321040320bfb861b3bc739ac7a720,31,64,1,0,7,1,c01 c03 c04,c01 c03 c04,c01 c03 c04
main|astana_clinic|nc6|np15|br0.5|random_1_100|ms3|r300|s7,main,astana_clinic,6,15,0.5,random_1_100,3,300,7,1558,sha256:f8ecf75d6d021e1f6ac80f8107ccee42ea802933e227c067f10fa03c9f5d4708,31,64,1,0,6,1,c01 c04 c05,c01 c04 c05,c01 c04 c05
main|astana_clinic|nc6|np15|br0.5|random_1_100|ms3|r300|s8,main,astana_clinic,6,15,0.5,random_1_100,3,300,8,1709,sha256:08950f49b21e4dab661fc38e4017812d016a0e75a7c5385eaa41c2683916da14,32,64,1,0,2,1,c03,c03,c03
main|astana_clinic|nc6|np15|br0.5|random_1_100|ms3|r300|s9,main,astana_clinic,6,15,0.5,random_1_100,3,300,9,1560,sha256:59ccbd53f33cbd51fc7fb4d7c795fdb19d705752a789870165a3d1661793b499,33,64,1,0,4,1,c00 c01,c00 c01,c00 c01
main|astana_clinic|nc6|np15|br0.5|one_heavy|ms3|r300|s0,main,astana_clinic,6,15,0.5,one_heavy,3,300,0,992,sha256:349109d446405aa30a410201bbb046280438b4a9a1eb95f92e98d6cfc2c476a3,31,64,1,0,6,1,c00 c01 c03,c00 c01 c03,c00 c01 c03
main|astana_clinic|nc6|np15|br0.5|one_heavy|ms3|r300|s1,main,astana_clinic,6,15,0.5,one_heavy,3,300,1,1776,sha256:f1fd94da8d9f1b5c3e4202213ba2c8f82a0593af8b6b9a034625575fa79b7577,32,64,1,0,6,1,c01 c03 c05,c01 c03 c05,c01 c03 c05
main|astana_clinic|nc6|np15|br0.5|one_heavy|ms3|r300|s2,main,astana_clinic,6,15,0.5,one_heavy,3,300,2,2390,sha256:67e4574f4875971661b380804e21906716e85e4ecb62a354df7c2254e7d62663,32,64,1,0,4,1,c03 c05,c03 c05,c03 c05
main|astana_clinic|nc6|np15|br0.5|one_heavy|ms3|r300|s3,main,astana_clinic,6,15,0.5,one_heavy,3,300,3,1547,sha256:3b2b7acc858e154ce697af4ef15c5b428e84e6423a8f647a0bd5231fc5550769,30,64,1,0,6,1,c02 c05,c02 c05,c02 c05
main|astana_clinic|nc6|np15|br0.5|one_heavy|ms3|r300|s4,main,astana_clinic,6,15,0.5,one_heavy,3,300,4,1295,sha256:d84ef1a8202904da9491c4122ac47bed3362ce2e45fe9c51df57dcd174999e5b,32,64,1,0,5,1,c01 c03 c05,c01 c03 c05,c01 c03 c05
main|astana_clinic|nc6|np15|br0.5|one_heavy|ms3|r300|s5,main,astana_clinic,6,15,0.5,one_heavy,3,300,5,1675,sha256:a04443ff7164e5ae9db78b6f40fdf5d5f14e4b3b2d260a42350390cdbf71b2b1,31,64,1,0,5,1,c02 c03 c05,c02 c03 c05,c02 c03 c05
main|astana_clinic|nc6|np15|br0.5|one_heavy|ms3|r300|s6,main,astana_clinic,6,15,0.5,one_heavy,3,300,6,1411,sha256:34ea35cf724e3ffcde502ecffa3cbdff58e13d02ff849802b32a5d936836225a,30,64,1,0,4,1,c02 c03,c02 c03,c02 c03
main|astana_clinic|nc6|np15|br0.5|one_heavy|ms3|r300|s7,main,astana_clinic,6,15,0.5,one_heavy,3,300,7,1669,sha256:01322e62dc155269bf670e942bbe798d8da87f371d5f419be1ecd7809f70806e,32,64,1,0,4,1,c02 c03,c02 c03,c02 c03
main|astana_clinic|nc6|np15|br0.5|one_heavy|ms3|r300|s8,main,astana_clinic,6,15,0.5,one_heavy,3,300,8,1407,sha256:db01e253dd0aafd8f4d385b3cb4fc2b966a3c95f0fad3ce0e65304ea424ff6af,32,64,1,0,4,2,c02 c04,c03 c04,c02 c04
main|astana_clinic|nc6|np15|br0.5|one_heavy|ms3|r300|s9,main,astana_clinic,6,15,0.5,one_heavy,3,300,9,1919,sha256:b8d41a72826474b18528275e93f356f0250abb86470b369f054b226039cc64df,32,64,1,0,2,1,c03,c03,c03
main|astana_clinic|nc6|np15|br1.0|uniform|ms3|r300|s0,main,astana_clinic,6,15,1.0,uniform,3,300,0,2813,sha256:fd6451ce42a3179cc318b557af70ae116253516f141472cc0ded9e97f69ecbaf,42,64,0,0,3,1,c00 c04,c00 c04,c00 c04
main|astana_clinic|nc6|np15|br1.0|uniform|ms3|r300|s1,main,astana_clinic,6,15,1.0,uniform,3,300,1,3180,sha256:65872572ffdd6d5f4b0ae726be2e2ca0d1b1e1b13ace18147d6604a4d2538e49,42,64,0,0,7,1,c00 c01 c02,c00 c01 c02,c00 c01 c02
main|astana_clinic|nc6|np15|br1.0|uniform|ms3|r300|s2,main,astana_clinic,6,15,1.0,uniform,3,300,2,2187,sha256:5d0973726263409c7c205a7c6f640ef18d1312102e797af5459f80262a1f91c9,42,64,0,0,6,2,c02 c03 c04,c02 c03 c04,c01 c03 c04
main|astana_clinic|nc6|np15|br1.0|uniform|ms3|r300|s3,main,astana_clinic,6,15,1.0,uniform,3,300,3,3785,sha256:bc4fd74d170aff98bd7f4f72c040409dcc65b7e06d49e6bf1fadeb593e14bfd1,42,64,0,0,2,1,c00,c00,c00
main|astana_clinic|nc6|np15|br1.0|uniform|ms3|r300|s4,main,astana_clinic,6,15,1.0,uniform,3,300,4,3202,sha256:68872f8f570040fcf441054ff6fdb8920b83faf8fb7038173bbd698243e9fda4,42,64,0,0,6,1,c01 c02 c05,c01 c02 c05,c01 c02 c05
main|astana_clinic|nc6|np15|br1.0|uniform|ms3|r300|s5,main,astana_clinic,6,15,1.0,uniform,3,300,5,3145,sha256:0ec13b45b1b4cb82823bb248b014f7da68d2a99a01759e226dd61bae79d7ac65,42,64,0,0,12,1,c00 c02 c04,c00 c02 c04,c00 c02 c04
main|astana_clinic|nc6|np15|br1.0|uniform|ms3|r300|s6,main,astana_clinic,6,15,1.0,uniform,3,300,6,3491,sha256:6957aadedc0b44b74b7ae51101838a5b02bca8209906b4445b3869c12fbe5bc0,42,64,0,0,6,1,c00 c02 c05,c00 c02 c05,c00 c02 c05
main|astana_clinic|nc6|np15|br1.0|uniform|ms3|r300|s7,main,astana_clinic,6,15,1.0,uniform,3,300,7,4539,sha256:3d1a8d928bae4d47b58fa5d605fd401579b22c1cb4b9bb865c134bbff60cddef,42,64,0,0,7,2,c03 c04 c05,c02 c03 c05,c03 c04 c05
main|astana_clinic|nc6|np15|br1.0|uniform|ms3|r300|s8,main,astana_clinic,6,15,1.0,uniform,3,300,8,3346,sha256:3e26a7e20b8fbb7889c3eb7af3ba37eea76c49f3a41c9e928c3c8ec47ceca8b6,42,64,0,0,5,1,c00 c01 c02,c00 c01 c02,c00 c01 c02
main|astana_clinic|nc6|np15|br1.0|uniform|ms3|r300|s9,main,astana_clinic,6,15,1.0,uniform,3,300,9,3339,sha256:7a55953808b87801d1dd4c8b7dbbf18d314d394dbe904cd06f5ea20b13646bf4,42,64,0,0,4,1,c01 c04,c01 c04,c01 c04
main|astana_clinic|nc6|np15|br1.0|random_1_100|ms3|r300|s0,main,astana_clinic,6,15,1.0,random_1_100,3,300,0,3605,sha256:3822eb0070c4078a32bb0c84d3b3577004e26cca0b6fe8443eeb9a34defec7b6,42,64,0,0,3,1,c01,c01,c01
main|astana_clinic|nc6|np15|br1.0|random_1_100|ms3|r300|s1,main,astana_clinic,6,15,1.0,random_1_100,3,300,1,3965,sha256:3d194534ae99818dbfd38cc94996f0092850682f7bd8a460661142c1804f8732,42,64,0,0,4,1,c00 c01 c04,c00 c01 c04,c00 c01 c04
main|astana_clinic|nc6|np15|br1.0|random_1_100|ms3|r300|s2,main,astana_clinic,6,15,1.0,random_1_100,3,300,2,4676,sha256:43559eabbbed1ad7af8f0cea3fc1b6b55014b34e8053f10bb38f9927371d8650,42,64,0,0,6,1,c02 c04 c05,c02 c04 c05,c02 c04 c05
main|astana_clinic|nc6|np15|br1.0|random_1_100|ms3|r300|s3,main,astana_clinic,6,15,1.0,random_1_100,3,300,3,2665,sha256:3e2631842d48658b079551edf9892a9868f34092d66a54a703b6e78bf79ccafc,42,64,0,0,4,1,c01 c03,c01 c03,c01 c03
main|astana_clinic|nc6|np15|br1.0|random_1_100|ms3|r300|s4,main,astana_clinic,6,15,1.0,random_1_100,3,300,4,3506,sha256:67e5faac44c096e37424fcdcc971a4151be3a377ddfb2150dd85bce76c5f15e0,42,64,0,0,4,1,c01 c05,c01 c05,c01 c05
main|astana_clinic|nc6|np15|br1.0|random_1_100|ms3|r300|s5,main,astana_clinic,6,15,1.0,random_1_100,3,300,5,2721,sha256:e3422b6865d546e5013bdbf8dea589dda3cc94b025ee4ef02b3f7c6159b3cdbd,42,64,0,0,4,1,c01 c03 c04,c01 c03 c04,c01 c03 c04
main|astana_clinic|nc6|np15|br1.0|random_1_100|ms3|r300|s6,main,astana_clinic,6,15,1.0,random_1_100,3,300,6,3434,sha256:4d79135c3c3a94d3d48067247c06ac7566f58351a576086052fa511715c4df58,42,64,0,0,5,1,c00 c01 c02,c00 c01 c02,c00 c01 c02
main|astana_clinic|nc6|np15|br1.0|random_1_100|ms3|r300|s7,main,astana_clinic,6,15,1.0,random_1_100,3,300,7,4114,sha256:e8567dc7578e7773c1348a3ac9249b6cec59981fa57d22e7c161b7689359b5b0,42,64,0,0,1,1,,,
main|astana_clinic|nc6|np15|br1.0|random_1_100|ms3|r300|s8,main,astana_clinic,6,15,1.0,random_1_100,3,300,8,2697,sha256:e12489b1fa159af35fc0b10ca524a82eb9107d998105d5c5b3f628cec2e202f8,42,64,0,0,5,1,c00 c01 c05,c00 c01 c05,c00 c01 c05
main|astana_clinic|nc6|np15|br1.0|random_1_100|ms3|r300|s9,main,astana_clinic,6,15,1.0,random_1_100,3,300,9,3639,sha256:0d0323c4dccbc311da3eea36f79d0bd1bc92b711d6b883fbc2b59297b181b1a1,42,64,0,0,4,1,c00 c04,c00 c04,c00 c04
main|astana_clinic|nc6|np15|br1.0|one_heavy|ms3|r300|s0,main,astana_clinic,6,15,1.0,one_heavy,3,300,0,2756,sha256:f0fef48ba09919a153d92e8b83ccf2ae9080b784aa48f045a72ec8472951d538,42,64,0,0,4,1,c01 c02,c01 c02,c01 c02
main|astana_clinic|nc6|np15|br1.0|one_heavy|ms3|r300|s1,main,astana_clinic,6,15,1.0,one_heavy,3,300,1,2851,sha256:f9f7e5dc6de4056f462eed4482d905e6cd31d8fd9cba15622cb9b426e567c5bf,42,64,0,0,5,1,c00 c01 c02,c00 c01 c02,c00 c01 c02
main|astana_clinic|nc6|np15|br1.0|one_heavy|ms3|r300|s2,main,astana_clinic,6,15,1.0,one_heavy,3,300,2,2053,sha256:20d75c36a8d8b7b929858d6e90b8a92cf6c593d038e05f48277d562ef770c171,42,64,0,0,9,1,c01 c03 c04,c01 c03 c04,c01 c03 c04
main|astana_clinic|nc6|np15|br1.0|one_heavy|ms3|r300|s3,main,astana_clinic,6,15,1.0,one_heavy,3,300,3,2919,sha256:4f98f8a57be375214374d1261da52a905f9bc168efd9eb6f12fa5979a59cf50f,42,64,0,0,8,2,c00 c03 c04,c00 c02 c04,c00 c03 c04
main|astana_clinic|nc6|np15|br1.0|one_heavy|ms3|r300|s4,main,astana_clinic,6,15,1.0,one_heavy,3,300,4,3022,sha256:f4bac90140623fdda9e6263136eba01ce578c898c5ccc31032e21b5cc429d958,42,64,0,0,3,1,c02 c05,c02 c05,c02 c05
main|astana_clinic|nc6|np15|br1.0|one_heavy|ms3|r300|s5,main,astana_clinic,6,15,1.0,one_heavy,3,300,5,3628,sha256:878e79e5178cdf31e01e2215129bb00a824db318289048ea6e26f38d2269f10b,42,64,0,0,5,1,c00 c01 c05,c00 c01 c05,c00 c01 c05
main|astana_clinic|nc6|np15|br1.0|one_heavy|ms3|r300|s6,main,astana_clinic,6,15,1.0,one_heavy,3,300,6,3502,sha256:216a2502c788a70862857f9baba66c9fcbe59088be15a8c51c6e6930e2430d4b,42,64,0,0,2,1,c04,c04,c04
main|astana_clinic|nc6|np15|br1.0|one_heavy|ms3|r300|s7,main,astana_clinic,6,15,1.0,one_heavy,3,300,7,2647,sha256:f289b19be397af0bf972e8cad8b320e1a5a5d3264449b68ce4e82364f6e03f26,42,64,0,0,4,1,c00 c03 c04,c00 c03 c04,c00 c03 c04
main|astana_clinic|nc6|np15|br1.0|one_heavy|ms3|r300|s8,main,astana_clinic,6,15,1.0,one_heavy,3,300,8,3178,sha256:af3909b0e0b888539d1985d27e3870acb52b7f8ae8a38ad2f05b7792b6d7fae1,42,64,0,0,3,1,c01 c05,c01 c05,c01 c05
main|astana_clinic|nc6|np15|br1.0|one_heavy|ms3|r300|s9,main,astana_clinic,6,15,1.0,one_heavy,3,300,9,4138,sha256:e7374536426196cca04f2e0697f55a404d16d5c8624afe130065d03b38206d8e,42,64,0,0,5,1,c02 c03 c05,c02 c03 c05,c02 c03 c05
main|astana_clinic|nc6|np25|br0.25|uniform|ms3|r300|s0,main,astana_clinic,6,25,0.25,uniform,3,300,0,939,sha256:b540fe735171e510a9b1b99a98bae4efde678ead25d942a73ea1d02f2e80dba0,9,64,1,0,5,1,c01 c03,c01 c03,c01 c03
main|astana_clinic|nc6|np25|br0.25|uniform|ms3|r300|s1,main,astana_clinic,6,25,0.25,uniform,3,300,1,619,sha256:16afb44b53e7bf7cd283771e4c289654019255a45008d300b94187e46b547fed,9,64,1,0,3,1,c02 c04,c02 c04,c02 c04
main|astana_clinic|nc6|np25|br0.25|uniform|ms3|r300|s2,main,astana_clinic,6,25,0.25,uniform,3,300,2,585,sha256:6b4b27bcc0bd675d436afc5923b9c8f7e652031284c9a332bcf7e3e21d5a3971,9,64,1,0,5,2,c03,c03,c01 c02
main|astana_clinic|nc6|np25|br0.25|uniform|ms3|r300|s3,main,astana_clinic,6,25,0.25,uniform,3,300,3,767,sha256:5cffdb63c0e06f9f5d6144d5b55310332c738409a68e6f1b8fb4f10d88a6433c,9,64,1,0,3,1,c02,c02,c02
main|astana_clinic|nc6|np25|br0.25|uniform|ms3|r300|s4,main,astana_clinic,6,25,0.25,uniform,3,300,4,735,sha256:0975ee7260ae9da4b58185397d7bbbf5248a01ec6f7ecdf43ee23fb39874226b,10,64,1,0,4,1,c04 c05,c04 c05,c04 c05
main|astana_clinic|nc6|np25|br0.25|uniform|ms3|r300|s5,main,astana_clinic,6,25,0.25,uniform,3,300,5,418,sha256:a4efa19608de466279c924335c788158d18e87471ee61562dac11b3071376f5e,9,64,1,0,5,1,c03 c05,c03 c05,c03 c05
main|astana_clinic|nc6|np25|br0.25|uniform|ms3|r300|s6,main,astana_clinic,6,25,0.25,uniform,3,300,6,826,sha256:f73485286c7015d576b167a3a28b8b93b1369b23e55e3e7c03d59f89bb9ba15c,10,64,1,0,2,1,c02,c02,c02
main|astana_clinic|nc6|np25|br0.25|uniform|ms3|r300|s7,main,astana_clinic,6,25,0.25,uniform,3,300,7,829,sha256:31153a0843cfbb7efbe92f0bba1de8aa26dc64169f1ce12e50a2d2084a562583,9,64,1,0,3,1,c02 c04,c02 c04,c02 c04
main|astana_clinic|nc6|np25|br0.25|uniform|ms3|r300|s8,main,astana_clinic,6,25,0.25,uniform,3,300,8,737,sha256:a0a104c260d509f4ea01c0df9af4cfb602ef39ac8f789af296057fd833defd02,11,64,1,0,6,1,c03 c04,c03 c04,c03 c04
main|astana_clinic|nc6|np25|br0.25|uniform|ms3|r300|s9,main,astana_clinic,6,25,0.25,uniform,3,300,9,608,sha256:19fa310bbc60b77e49d2327c4b724c50d5df8e346657f2b5742d8888a30ad2a7,10,64,1,0,3,1,c00 c02,c00 c02,c00 c02
main|astana_clinic|nc6|np25|br0.25|random_1_100|ms3|r300|s0,main,astana_clinic,6,25,0.25,random_1_100,3,300,0,842,sha256:4470ebab713a1bc1c21305fefbff98ccdd6f441ea55e9b416feac159676a5543,7,64,1,0,3,1,c01,c01,c01
main|astana_clinic|nc6|np25|br0.25|random_1_100|ms3|r300|s1,main,astana_clinic,6,25,0.25,random_1_100,3,300,1,679,sha256:8c216228eb16b3bf31c5007138a0e3b7187e4827e3bf0c57528910bbd6835bce,8,64,1,0,3,2,c00,c00,c01
main|astana_clinic|nc6|np25|br0.25|random_1_100|ms3|r300|s2,main,astana_clinic,6,25,0.25,random_1_100,3,300,2,694,sha256:7492c8987e78523003987cca27e11b9f88759c4f14dee1f8249228b5c56813b5,9,64,1,0,4,1,c03,c03,c03
main|astana_clinic|nc6|np25|br0.25|random_1_100|ms3|r300|s3,main,astana_clinic,6,25,0.25,random_1_100,3,300,3,990,sha256:d2a66095d5761e2bb2319883de5f37fea8e494ca8e29a6ebaa0fb4146eeccf08,8,64,1,0,3,2,c04,c00,c04
main|astana_clinic|nc6|np25|br0.25|random_1_100|ms3|r300|s4,main,astana_clinic,6,25,0.25,random_1_100,3,300,4,971,sha256:63b7bf805c9801c77b82bb31eac32a5ea2935331885fd84a1b6e258208256d9c,10,64,1,0,7,2,c04,c02 c03,c04
main|astana_clinic|nc6|np25|br0.25|random_1_100|ms3|r300|s5,main,astana_clinic,6,25,0.25,random_1_100,3,300,5,446,sha256:6cfeade11ab487eb223ff0a25bd76809c91e4d53b743be1532f649fee102e220,9,64,1,0,2,2,c05,c05,c02
main|astana_clinic|nc6|np25|br0.25|random_1_100|ms3|r300|s6,main,astana_clinic,6,25,0.25,random_1_100,3,300,6,649,sha256:9b239f52a8d5efbccb63e899b358d0f6203495eeecb79937c3a51f0d741df39f,9,64,1,0,2,1,c00,c00,c00
main|astana_clinic|nc6|np25|br0.25|random_1_100|ms3|r300|s7,main,astana_clinic,6,25,0.25,random_1_100,3,300,7,727,sha256:6738e418ff4de786098a8c9e4dfe0d38847b324452b7e4f821acbc333adca4fc,7,64,1,0,3,2,c03 c05,c03 c05,c02
main|astana_clinic|nc6|np25|br0.25|random_1_100|ms3|r300|s8,main,astana_clinic,6,25,0.25,random_1_100,3,300,8,817,sha256:6e0c2d7c7f9057c53fbbba63184a26357c97fd5d72966e3944e2bf81506c4af1,9,64,1,0,2,2,c04,c00,c04
main|astana_clinic|nc6|np25|br0.25|random_1_100|ms3|r300|s9,main,astana_clinic,6,25,0.25,random_1_100,3,300,9,689,sha256:b91d8f6e8f3a3a138f8396c76268bfc2e49adc79ea30da183d57eec747814da6,9,64,1,0,7,2,c01,c00 c05,c01
main|astana_clinic|nc6|np25|br0.25|one_heavy|ms3|r300|s0,main,astana_clinic,6,25,0.25,one_heavy,3,300,0,760,sha256:88a6de05986a9a8b3252163dfb48ab7fa96452232e4a9bf6ae2f89a8b884ffd9,11,64,1,0,4,1,c02 c03,c02 c03,c02 c03
main|astana_clinic|nc6|np25|br0.25|one_heavy|ms3|r300|s1,main,astana_clinic,6,25,0.25,one_heavy,3,300,1,1010,sha256:51d71c18b58eb713d0c84482f8a637bb59d6a0373dbc425ef365415617cfc016,9,64,1,0,3,1,c00 c01,c00 c01,c00 c01
main|astana_clinic|nc6|np25|br0.25|one_heavy|ms3|r300|s2,main,astana_clinic,6,25,0.25,one_heavy,3,300,2,660,sha256:e74180b7b7201cf69c830193f71bb08429c38335e2e0415ec248ad7e905561d0,9,64,1,0,4,1,c02 c03,c02 c03,c02 c03
main|astana_clinic|nc6|np25|br0.25|one_heavy|ms3|r300|s3,main,astana_clinic,6,25,0.25,one_heavy,3,300,3,1006,sha256:b47358d9f601426cf76c78d096a43d15657317d8d39b6b5462434ff0e3d9ae99,8,64,1,0,4,2,c02,c04,c02
main|astana_clinic|nc6|np25|br0.25|one_heavy|ms3|r300|s4,main,astana_clinic,6,25,0.25,one_heavy,3,300,4,715,sha256:7de1448811c32e0410ff0f7777deb7316b924315c841f9501f52ce68f2ea967c,9,64,1,0,4,2,c03,c03,c00 c04
main|astana_clinic|nc6|np25|br0.25|one_heavy|ms3|r300|s5,main,astana_clinic,6,25,0.25,one_heavy,3,300,5,850,sha256:f245e1eb0b535aec2625d6fdd15622a4df2b69e5128d708d953aa8ab5284c56f,9,64,1,0,4,1,c00 c04,c00 c04,c00 c04
main|astana_clinic|nc6|np25|br0.25|one_heavy|ms3|r300|s6,main,astana_clinic,6,25,0.25,one_heavy,3,300,6,701,sha256:ef8c43e7bc81836f4482fd625e07fbd4755fbb986122f71cc8b119315447db24,9,64,1,0,2,1,c04,c04,c04
main|astana_clinic|nc6|np25|br0.25|one_heavy|ms3|r300|s7,main,astana_clinic,6,25,0.25,one_heavy,3,300,7,627,sha256:b236d537619192bd7478387a53771c509a62e7da7ca2f108a6702c253d798567,13,64,1,0,4,1,c00 c01,c00 c01,c00 c01
main|astana_clinic|nc6|np25|br0.25|one_heavy|ms3|r300|s8,main,astana_clinic,6,25,0.25,one_heavy,3,300,8,947,sha256:10ee045795922b9420123f9b37bc2004d2ebb2dafb220b457bcdf900ebd991e3,9,64,1,0,4,1,c00 c01,c00 c01,c00 c01
main|astana_clinic|nc6|np25|br0.25|one_heavy|ms3|r300|s9,main,astana_clinic,6,25,0.25,one_heavy,3,300,9,902,sha256:1053f6cf75a38d8dac5e39695eb56a2480c2be0ea8d105d06d64a4c9cf2b5ec5,8,64,1,0,4,1,c04 c05,c04 c05,c04 c05
main|astana_clinic|nc6|np25|br0.5|uniform|ms3|r300|s0,main,astana_clinic,6,25,0.5,uniform,3,300,0,1133,sha256:41f6a3aeaed67f18d10952c05608549b019107f731cf8db7e85f3b996aa003c6,31,64,1,0,7,2,c00 c04,c00 c05,c00 c04
main|astana_clinic|nc6|np25|br0.5|uniform|ms3|r300|s1,main,astana_clinic,6,25,0.5,uniform,3,300,1,1384,sha256:dfd2a4771144ea41fe0449f23984da4f8410cd7ef1ef8bbaa43426322da4939e,32,64,1,0,4,1,c00 c01 c04,c00 c01 c04,c00 c01 c04
main|astana_clinic|nc6|np25|br0.5|uniform|ms3|r300|s2,main,astana_clinic,6,25,0.5,uniform,3,300,2,1515,sha256:97328160f11ecfd96a46173386517201b60fd1b0a3cd448bc0227e3bb4edfeb0,29,64,1,0,6,1,c00 c01 c03,c00 c01 c03,c00 c01 c03
main|astana_clinic|nc6|np25|br0.5|uniform|ms3|r300|s3,main,astana_clinic,6,25,0.5,uniform,3,300,3,1716,sha256:1ee9540689d5620640792b7d3e160769687efe0c72fc4782d232a6987b507a3a,31,64,1,0,6,2,c00 c02 c04,c02 c03 c04,c00 c02 c04
main|astana_clinic|nc6|np25|br0.5|uniform|ms3|r300|s4,main,astana_clinic,6,25,0.5,uniform,3,300,4,1442,sha256:845822ab65a38bfb9ba77e5615296451a2cb83c931026fbc5a0f99536b4614dc,31,64,1,0,4,1,c00 c03,c00 c03,c00 c03
main|astana_clinic|nc6|np25|br0.5|uniform|ms3|r300|s5,main,astana_clinic,6,25,0.5,uniform,3,300,5,1431,sha256:7b73d499c440c1cda58d2f3e8fb9c7a09b893a965c1a642b09ccdaec1907f7b0,31,64,1,0,7,2,c02 c03,c01 c03,c02 c03
main|astana_clinic|nc6|np25|br0.5|uniform|ms3|r300|s6,main,astana_clinic,6,25,0.5,uniform,3,300,6,973,sha256:a75c3fca38bb45890c6ba838e20963e9d9af3e9cea6659d3f4d19b07e1f401d9,31,64,1,0,7,1,c03 c05,c03 c05,c03 c05
main|astana_clinic|nc6|np25|br0.5|uniform|ms3|r300|s7,main,astana_clinic,6,25,0.5,uniform,3,300,7,1767,sha256:936943b7cd3e43439c3a49737a7c6a48b1fb2f8baa33fb7cda8d067d112086df,32,64,1,0,7,1,c01 c02 c04,c01 c02 c04,c01 c02 c04
main|astana_clinic|nc6|np25|br0.5|uniform|ms3|r300|s8,main,astana_clinic,6,25,0.5,uniform,3,300,8,1475,sha256:801bfb6df39c45a4d805ab9e789d9a7dfc6962b783fe4712cc27122192da77d0,31,64,1,0,2,1,c05,c05,c05
main|astana_clinic|nc6|np25|br0.5|uniform|ms3|r300|s9,main,astana_clinic,6,25,0.5,uniform,3,300,9,1660,sha256:8ef45dfc514679586974c70c83736e1ed8e6d14edd92a48f24e58b0dd60b2a37,32,64,1,0,7,3,c00 c01 c03,c00 c01 c05,c00 c01 c04
main|astana_clinic|nc6|np25|br0.5|random_1_100|ms3|r300|s0,main,astana_clinic,6,25,0.5,random_1_100,3,300,0,1869,sha256:fedd71c5ec60f389536b64eaeaca9537807126fdc99ae17c7930d96bfc274139,32,64,1,0,11,2,c00 c01 c02,c00 c01 c03,c00 c01 c02
main|astana_clinic|nc6|np25|br0.5|random_1_100|ms3|r300|s1,main,astana_clinic,6,25,0.5,random_1_100,3,300,1,1952,sha256:6ef9bee7c3f6df3f0c1aaf6f1d234b310ca3efe5b8727418e970f175650acfaf,32,64,1,0,7,1,c01 c04,c01 c04,c01 c04
main|astana_clinic|nc6|np25|br0.5|random_1_100|ms3|r300|s2,main,astana_clinic,6,25,0.5,random_1_100,3,300,2,1695,sha256:877102276e17fa97b78c61dd10712e01c292d81cc82553cb816f44c5c4fda572,31,64,1,0,4,1,c00 c01,c00 c01,c00 c01
main|astana_clinic|nc6|np25|br0.5|random_1_100|ms3|r300|s3,main,astana_clinic,6,25,0.5,random_1_100,3,300,3,1264,sha256:b48eb96e6e4e2c12a1dbfe5ee17f5f6e481e26106b6454a8f39659fcdf31e68e,31,64,1,0,9,2,c02 c04 c05,c02 c04 c05,c02 c03 c04
main|astana_clinic|nc6|np25|br0.5|random_1_100|ms3|r300|s4,main,astana_clinic,6,25,0.5,random_1_100,3,300,4,1593,sha256:eb6d0deafb19fc02d5aadede1e7273eefc3a2566e592faf7c7dc3f20aad651ef,30,64,1,0,7,1,c00 c03 c05,c00 c03 c05,c00 c03 c05
main|astana_clinic|nc6|np25|br0.5|random_1_100|ms3|r300|s5,main,astana_clinic,6,25,0.5,random_1_100,3,300,5,1525,sha256:aeb88512a87de882a0fb715b23f037361839e7099c4cf2c0cab8880cb6516588,31,64,1,0,7,3,c00 c03 c05,c02 c03 c04,c00 c02 c03
main|astana_clinic|nc6|np25|br0.5|random_1_100|ms3|r300|s6,main,astana_clinic,6,25,0.5,random_1_100,3,300,6,1737,sha256:b30f70be9f014799d5fff575abbe3c68f8014f30d1a927c956f6b5796feacf30,32,64,1,0,9,2,c02 c04 c05,c02 c04 c05,c00 c03 c04
main|astana_clinic|nc6|np25|br0.5|random_1_100|ms3|r300|s7,main,astana_clinic,6,25,0.5,random_1_100,3,300,7,1395,sha256:059a24efedcfc9f1d703917342074f79112fce7ed08b1e25298223d977facf52,30,64,1,0,6,1,c00 c01 c04,c00 c01 c04,c00 c01 c04
main|astana_clinic|nc6|np25|br0.5|random_1_100|ms3|r300|s8,main,astana_clinic,6,25,0.5,random_1_100,3,300,8,1423,sha256:c1172a5456b17d896d89a9665ae631176827c7bd5249ec12aad6cb6652bdf2e0,30,64,1,0,8,2,c00 c02 c05,c00 c02 c05,c00 c02 c03
main|astana_clinic|nc6|np25|br0.5|random_1_100|ms3|r300|s9,main,astana_clinic,6,25,0.5,random_1_100,3,300,9,2130,sha256:32517d4a78ee340af306a9addb44aab0eb0d0a8b0b6b33162a8ca0db7f3356a4,32,64,1,0,3,3,c02 c05,c02 c04,c01 c02
main|astana_clinic|nc6|np25|br0.5|one_heavy|ms3|r300|s0,main,astana_clinic,6,25,0.5,one_heavy,3,300,0,1876,sha256:1f1398dbe12c1debfe826eb1a3490d951540319f8cff846c33be08ba12ff3696,32,64,1,0,5,1,c02 c05,c02 c05,c02 c05
main|astana_clinic|nc6|np25|br0.5|one_heavy|ms3|r300|s1,main,astana_clinic,6,25,0.5,one_heavy,3,300,1,1425,sha256:7399de03006bcf7b215638a1f09c9d138ba55a7e9c714f4bb79a850d6c37b609,32,64,1,0,5,1,c00 c05,c00 c05,c00 c05
main|astana_clinic|nc6|np25|br0.5|one_heavy|ms3|r300|s2,main,astana_clinic,6,25,0.5,one_heavy,3,300,2,1203,sha256:4dde67faeb489257be15b7cc0f9293d02d2dd8354203ad2a9076d28d5b2ff9de,31,64,1,0,8,3,c02 c03,c01 c03 c04,c00 c03 c04
main|astana_clinic|nc6|np25|br0.5|one_heavy|ms3|r300|s3,main,astana_clinic,6,25,0.5,one_heavy,3,300,3,1332,sha256:abd9c92f260e517ab5e62f7491d19435b6818b719679035e537be872576b131b,32,64,1,0,11,1,c00 c01 c02,c00 c01 c02,c00 c01 c02
main|astana_clinic|nc6|np25|br0.5|one_heavy|ms3|r300|s4,main,astana_clinic,6,25,0.5,one_heavy,3,300,4,1516,sha256:79754ae1ef6b4f174992c2fe222e1bf4faccf50e5cbdb862a07b0a3f0a2f03b5,32,64,1,0,4,1,c01 c05,c01 c05,c01 c05
main|astana_clinic|nc6|np25|br0.5|one_heavy|ms3|r300|s5,main,astana_clinic,6,25,0.5,one_heavy,3,300,5,1176,sha256:3dd413e1d8f80fe61d0ee797530fd750b701c8536cf11cf0d4c3465af26cff02,31,64,1,0,5,1,c02 c05,c02 c05,c02 c05
main|astana_clinic|nc6|np25|br0.5|one_heavy|ms3|r300|s6,main,astana_clinic,6,25,0.5,one_heavy,3,300,6,2197,sha256:3c435e9730c65fce92b91038fd02072553c0107f79f39cad98b6238d763334b7,32,64,1,0,8,1,c00 c01 c03,c00 c01 c03,c00 c01 c03
main|astana_clinic|nc6|np25|br0.5|one_heavy|ms3|r300|s7,main,astana_clinic,6,25,0.5,one_heavy,3,300,7,1948,sha256:08a0fbcba5a0dd37383f7e00a411c310151651d0197d108495f5868fc8a77a43,32,64,1,0,5,1,c02 c04 c05,c02 c04 c05,c02 c04 c05
main|astana_clinic|nc6|np25|br0.5|one_heavy|ms3|r300|s8,main,astana_clinic,6,25,0.5,one_heavy,3,300,8,1666,sha256:991997fda138fd0f4ffc61a49cc426ffe210fb748a40bdc67ddf2e96f0de7bc5,32,64,1,0,6,1,c00 c03 c05,c00 c03 c05,c00 c03 c05
main|astana_clinic|nc6|np25|br0.5|one_heavy|ms3|r300|s9,main,astana_clinic,6,25,0.5,one_heavy,3,300,9,1599,sha256:beb9a36de0bcd89c5f81f294921d6a6bca275567aefbd774a67d9ab48fddf2f7,31,64,1,0,6,1,c03 c05,c03 c05,c03 c05
main|astana_clinic|nc6|np25|br1.0|uniform|ms3|r300|s0,main,astana_clinic,6,25,1.0,uniform,3,300,0,3332,sha256:760b59856ff9c8f2c2009cda1767eb531a1f2d9a52dde30899b1ba484d282646,42,64,0,0,17,1,c00 c03 c04,c00 c03 c04,c00 c03 c04
main|astana_clinic|nc6|np25|br1.0|uniform|ms3|r300|s1,main,astana_clinic,6,25,1.0,uniform,3,300,1,2976,sha256:78c113d8841dce8bc72a96cb1f7826b222d80ecea5ef5053d6626ed6b09f5ec6,42,64,0,0,11,2,c01 c02 c03,c01 c02 c03,c02 c03 c05
main|astana_clinic|nc6|np25|br1.0|uniform|ms3|r300|s2,main,astana_clinic,6,25,1.0,uniform,3,300,2,3445,sha256:e191c489dc3b63f8abb4af0aec8ceac4f70a1388a4b3603e8adb7b1bdedf5931,42,64,0,0,9,2,c01 c03 c05,c01 c03 c05,c03 c04 c05
main|astana_clinic|nc6|np25|br1.0|uniform|ms3|r300|s3,main,astana_clinic,6,25,1.0,uniform,3,300,3,3300,sha256:3e2723b5142c06f1b07aeea4f355c2835ec712ce3fcb9f7971f4033fe8d4a77e,42,64,0,0,8,1,c00 c03 c05,c00 c03 c05,c00 c03 c05
main|astana_clinic|nc6|np25|br1.0|uniform|ms3|r300|s4,main,astana_clinic,6,25,1.0,uniform,3,300,4,3425,sha256:c2af5a3ed450bf97e95ac4d19639ae0de7f3bc10bf4e5a582f8da0333ef3e301,42,64,0,0,6,1,c00 c03 c05,c00 c03 c05,c00 c03 c05
main|astana_clinic|nc6|np25|br1.0|uniform|ms3|r300|s5,main,astana_clinic,6,25,1.0,uniform,3,300,5,3087,sha256:dcdabfd67a23f5f3378ae0b7473b969b23312646c2c0e072ca5b9c88c3fd5ba9,42,64,0,0,6,1,c00 c03 c05,c00 c03 c05,c00 c03 c05
main|astana_clinic|nc6|np25|br1.0|uniform|ms3|r300|s6,main,astana_clinic,6,25,1.0,uniform,3,300,6,3097,sha256:b40dcc28142c5c914018e72d0b52eba1c4ddc5d6745267d705258e573e0aaccb,42,64,0,0,7,2,c01 c02 c03,c01 c02 c03,c01 c03 c04
main|astana_clinic|nc6|np25|br1.0|uniform|ms3|r300|s7,main,astana_clinic,6,25,1.0,uniform,3,300,7,3220,sha256:12e303c077f3193755dd986509faed21962f2b19165c813793d2a577f702ed12,42,64,0,0,5,1,c00 c01 c02,c00 c01 c02,c00 c01 c02
main|astana_clinic|nc6|np25|br1.0|uniform|ms3|r300|s8,main,astana_clinic,6,25,1.0,uniform,3,300,8,3796,sha256:5d8c82a75fed18eb06717a008f3bbe8a29d92a040fb459a088ab86f6018c9acc,42,64,0,0,5,1,c01 c04 c05,c01 c04 c05,c01 c04 c05
main|astana_clinic|nc6|np25|br1.0|uniform|ms3|r300|s9,main,astana_clinic,6,25,1.0,uniform,3,300,9,3951,sha256:f44179a98a76b598c7a4bf4abc02860088a7aaf7d471a30ca47d846261807e53,42,64,0,0,13,1,c00 c01 c04,c00 c01 c04,c00 c01 c04
main|astana_clinic|nc6|np25|br1.0|random_1_100|ms3|r300|s0,main,astana_clinic,6,25,1.0,random_1_100,3,300,0,4151,sha256:9a773547f49246b0cc97fa452f679f98208d51a728bd8631b9ef44b9ccc43b2a,42,64,0,0,8,1,c00 c01 c03,c00 c01 c03,c00 c01 c03
main|astana_clinic|nc6|np25|br1.0|random_1_100|ms3|r300|s1,main,astana_clinic,6,25,1.0,random_1_100,3,300,1,3096,sha256:c29399da0589fe97927ed932f50520ae4da75d6893046b73cd59395cde474a76,42,64,0,0,8,1,c00 c01 c02,c00 c01 c02,c00 c01 c02
main|astana_clinic|nc6|np25|br1.0|random_1_100|ms3|r300|s2,main,astana_clinic,6,25,1.0,random_1_100,3,300,2,3340,sha256:bf4d8b8adee992b76fe0044aa26b406ae754f820bacc2dda05025d55c4c9d4c0,42,64,0,0,5,1,c01 c03 c04,c01 c03 c04,c01 c03 c04
main|astana_clinic|nc6|np25|br1.0|random_1_100|ms3|r300|s3,main,astana_clinic,6,25,1.0,random_1_100,3,300,3,2714,sha256:94925cc987c827ede3787bdc3165cfb0cd98506a5029af6287676b6943bd1b63,42,64,0,0,7,1,c01 c04 c05,c01 c04 c05,c01 c04 c05
main|astana_clinic|nc6|np25|br1.0|random_1_100|ms3|r300|s4,main,astana_clinic,6,25,1.0,random_1_100,3,300,4,2861,sha256:c92959f561c2a9446020482e781a4ca131f496aa08d7e5c99723edfe74f78817,42,64,0,0,6,1,c00 c02 c04,c00 c02 c04,c00 c02 c04
main|astana_clinic|nc6|np25|br1.0|random_1_100|ms3|r300|s5,main,astana_clinic,6,25,1.0,random_1_100,3,300,5,3818,sha256:a31f34dd91cdd23f791d82eb0b3cf7e50b68a8ec7a8d86c4d3a6cc523f35d4d9,42,64,0,0,10,1,c01 c04 c05,c01 c04 c05,c01 c04 c05
main|astana_clinic|nc6|np25|br1.0|random_1_100|ms3|r300|s6,main,astana_clinic,6,25,1.0,random_1_100,3,300,6,3603,sha256:2b482f8a702b963de70d1d51a6ce8660d723de7be93e5fb82db5c32f56621529,42,64,0,0,5,1,c00 c01 c04,c00 c01 c04,c00 c01 c04
main|astana_clinic|nc6|np25|br1.0|random_1_100|ms3|r300|s7,main,astana_clinic,6,25,1.0,random_1_100,3,300,7,3988,sha256:1585d88925c309182b35b1596f95b802da2f38960330c41423d3ae73cb105f0a,42,64,0,0,5,1,c00 c04 c05,c00 c04 c05,c00 c04 c05
main|astana_clinic|nc6|np25|br1.0|random_1_100|ms3|r300|s8,main,astana_clinic,6,25,1.0,random_1_100,3,300,8,2814,sha256:bee7d317eb18ab829a4f055c49feedbf9532855bfb3b20b116df933522f0678a,42,64,0,0,5,1,c01 c02 c04,c01 c02 c04,c01 c02 c04
main|astana_clinic|nc6|np25|br1.0|random_1_100|ms3|r300|s9,main,astana_clinic,6,25,1.0,random_1_100,3,300,9,1926,sha256:73045f31af6095d45d831719c0840c5a69c7b606e3880a9cdeacc271e9235298,42,64,0,0,6,1,c00 c03 c04,c00 c03 c04,c00 c03 c04
main|astana_clinic|nc6|np25|br1.0|one_heavy|ms3|r300|s0,main,astana_clinic,6,25,1.0,one_heavy,3,300,0,2913,sha256:a3c8fb73602b7d3d5e1a04a93f4d1d71c81f9a7813f29645b08ed0e7f324081c,42,64,0,0,5,1,c01 c04 c05,c01 c04 c05,c01 c04 c05
main|astana_clinic|nc6|np25|br1.0|one_heavy|ms3|r300|s1,main,astana_clinic,6,25,1.0,one_heavy,3,300,1,3848,sha256:17556db9eddbd4b43d7efecbb1872a7a8d1fc9d43fc4e9565aec62ab661b5749,42,64,0,0,3,1,c00 c03,c00 c03,c00 c03
main|astana_clinic|nc6|np25|br1.0|one_heavy|ms3|r300|s2,main,astana_clinic,6,25,1.0,one_heavy,3,300,2,3077,sha256:6e10168613303da3690d66ce2d4bf2315f9cbbf32f77dfeb63786005252a577a,42,64,0,0,14,2,c00 c03 c04,c02 c03 c04,c00 c03 c04
main|astana_clinic|nc6|np25|br1.0|one_heavy|ms3|r300|s3,main,astana_clinic,6,25,1.0,one_heavy,3,300,3,2028,sha256:541e4fb77e5ada3aa04c7899fe2b3c0f448db38ad51dc50ff5d1afe7cfd7a7ea,42,64,0,0,4,1,c00 c01 c04,c00 c01 c04,c00 c01 c04
main|astana_clinic|nc6|np25|br1.0|one_heavy|ms3|r300|s4,main,astana_clinic,6,25,1.0,one_heavy,3,300,4,2946,sha256:e45eb957e022aa3fdb7ba0db3eac40b55d5e442f91a525726ef04ed87ffe9edf,42,64,0,0,6,1,c00 c04 c05,c00 c04 c05,c00 c04 c05
main|astana_clinic|nc6|np25|br1.0|one_heavy|ms3|r300|s5,main,astana_clinic,6,25,1.0,one_heavy,3,300,5,3416,sha256:4ae0df4520b320c6c24610a38643731ef37fdea655cd23e6a42728b2b8d177aa,42,64,0,0,6,1,c00 c01 c04,c00 c01 c04,c00 c01 c04
main|astana_clinic|nc6|np25|br1.0|one_heavy|ms3|r300|s6,main,astana_clinic,6,25,1.0,one_heavy,3,300,6,3849,sha256:93dbd3cff10d648c896965007174f06698ea088c48a4c9feb15572878dedeb31,42,64,0,0,9,1,c00 c03 c05,c00 c03 c05,c00 c03 c05
main|astana_clinic|nc6|np25|br1.0|one_heavy|ms3|r300|s7,main,astana_clinic,6,25,1.0,one_heavy,3,300,7,3154,sha256:ca0143c3a32091ad33d3b01f1ef5281695c529f7e5208db7b4ffe97253b1ce1b,42,64,0,0,8,1,c02 c03 c04,c02 c03 c04,c02 c03 c04
main|astana_clinic|nc6|np25|br1.0|one_heavy|ms3|r300|s8,main,astana_clinic,6,25,1.0,one_heavy,3,300,8,4808,sha256:4077d20a24631687b54348058f803c0f764800914d39724391368c37028ac051,42,64,0,0,6,2,c01 c04 c05,c00 c01 c04,c01 c04 c05
main|astana_clinic|nc6|np25|br1.0|one_heavy|ms3|r300|s9,main,astana_clinic,6,25,1.0,one_heavy,3,300,9,3707,sha256:f2d59bd0f2482fa064deb9f97350e89fb3063a54f933015df6c34a13f8821550,42,64,0,0,5,1,c02 c03 c05,c02 c03 c05,c02 c03 c05
main|astana_clinic|nc10|np5|br0.25|uniform|ms3|r300|s0,main,astana_clinic,10,5,0.25,uniform,3,300,0,1536,sha256:e8311fca2123f848eaa3519deb0192ed8819d7b965535e734a63f6062e8cf630,72,1024,1,0,2,1,c00,c00,c00
main|astana_clinic|nc10|np5|br0.25|uniform|ms3|r300|s1,main,astana_clinic,10,5,0.25,uniform,3,300,1,1235,sha256:9ec922ad8c3d1fad02a7804e1cc447ed8099508dd7930237f083f1e47e03da9e,74,1024,1,0,3,1,c04 c09,c04 c09,c04 c09
main|astana_clinic|nc10|np5|br0.25|uniform|ms3|r300|s2,main,astana_clinic,10,5,0.25,uniform,3,300,2,1105,sha256:83ea7d41f97a4ddd873ed54e427ca132b7945b183c13cea5c9eb1f99d7e7e85e,75,1024,1,0,2,1,c03,c03,c03
main|astana_clinic|nc10|np5|br0.25|uniform|ms3|r300|s3,main,astana_clinic,10,5,0.25,uniform,3,300,3,1487,sha256:d125c7c97adcb7b8464fb977d2e9cd61d38db1b2b40bd79afe7834da7f804662,77,1024,1,0,3,1,c03,c03,c03
main|astana_clinic|nc10|np5|br0.25|uniform|ms3|r300|s4,main,astana_clinic,10,5,0.25,uniform,3,300,4,1328,sha256:3c5c2f77b58c2a5eaf1eca3fb48e0280ccff97a180dd88b0bee2f8c893914393,74,1024,1,0,3,1,c02 c04,c02 c04,c02 c04
main|astana_clinic|nc10|np5|br0.25|uniform|ms3|r300|s5,main,astana_clinic,10,5,0.25,uniform,3,300,5,985,sha256:94aa66191c56880602c89cf4ea074b4d14b0872a051f9c694bd216ab5093fffe,74,1024,1,0,3,1,c07,c07,c07
main|astana_clinic|nc10|np5|br0.25|uniform|ms3|r300|s6,main,astana_clinic,10,5,0.25,uniform,3,300,6,1018,sha256:dbdbd1eceb51d6926d99b587e12c69fc878cfe4f782554f08b1b7889ac4daedf,78,1024,1,0,4,1,c00 c02,c00 c02,c00 c02
main|astana_clinic|nc10|np5|br0.25|uniform|ms3|r300|s7,main,astana_clinic,10,5,0.25,uniform,3,300,7,1422,sha256:6637b5403e877e9fc69bd48617c601312450cb8af775b2936d76a8c917e58859,74,1024,1,0,3,1,c08 c09,c08 c09,c08 c09
main|astana_clinic|nc10|np5|br0.25|uniform|ms3|r300|s8,main,astana_clinic,10,5,0.25,uniform,3,300,8,1578,sha256:880eff6692db0c61602fa1e60b25e01298a6bdf74452dfd0201ada3a3235c9e9,66,1024,1,0,4,2,c00 c01,c01 c06,c00 c01
main|astana_clinic|nc10|np5|br0.25|uniform|ms3|r300|s9,main,astana_clinic,10,5,0.25,uniform,3,300,9,1337,sha256:d60e3d9f20c1d9123f3a648da8d22b6849aed36bd9e752a85d7342a282dd086b,76,1024,1,0,3,1,c02,c02,c02
main|astana_clinic|nc10|np5|br0.25|random_1_100|ms3|r300|s0,main,astana_clinic,10,5,0.25,random_1_100,3,300,0,1534,sha256:15076e7c88fa594be1ed6e279a0e1454c2db13f80612f525da2b6539d7c3d3be,77,1024,1,0,4,1,c01 c06,c01 c06,c01 c06
main|astana_clinic|nc10|np5|br0.25|random_1_100|ms3|r300|s1,main,astana_clinic,10,5,0.25,random_1_100,3,300,1,1495,sha256:c171bdb8a36b4d8a2c64b95bdd87d9191a5d7f658b40d3668da71959316ff4e4,74,1024,1,0,6,2,c03 c05 c07,c04 c05,c04 c05
main|astana_clinic|nc10|np5|br0.25|random_1_100|ms3|r300|s2,main,astana_clinic,10,5,0.25,random_1_100,3,300,2,1276,sha256:329356c58941df4dc09597372b38b07ac51d095471dd1c9ff3de7d49ed9c1bb6,84,1024,1,0,5,2,c00 c06,c00 c01 c04,c00 c01 c04
main|astana_clinic|nc10|np5|br0.25|random_1_100|ms3|r300|s3,main,astana_clinic,10,5,0.25,random_1_100,3,300,3,1217,sha256:598f2930cbae8f556a8762d5d37dd96e5d3d717a6f63598fe7dc07b659b94368,83,1024,1,0,1,1,,,
main|astana_clinic|nc10|np5|br0.25|random_1_100|ms3|r300|s4,main,astana_clinic,10,5,0.25,random_1_100,3,300,4,1243,sha256:933a6e7200639f86b25f4986acbd926a7f2003eb941250b36c7fdd34d3edf509,74,1024,1,0,2,1,c07,c07,c07
main|astana_clinic|nc10|np5|br0.25|random_1_100|ms3|r300|s5,main,astana_clinic,10,5,0.25,random_1_100,3,300,5,1303,sha256:21489d95aebbb0cd478ce429ee2bf319d27ab08ef408a06f2bdcbebdebbb9453,77,1024,1,0,6,2,c02 c04 c07,c02 c04 c07,c02 c06
main|astana_clinic|nc10|np5|br0.25|random_1_100|ms3|r300|s6,main,astana_clinic,10,5,0.25,random_1_100,3,300,6,1720,sha256:58fb9ffcda6f349743603c15634cec4918dead9925e8f32db23281ccb268a8a2,71,1024,1,0,2,1,c08,c08,c08
main|astana_clinic|nc10|np5|br0.25|random_1_100|ms3|r300|s7,main,astana_clinic,10,5,0.25,random_1_100,3,300,7,1553,sha256:206cce2d95d55b668cbae8f23e4f2dbb2d027b89466eb52dc3f4ba02fc936679,69,1024,1,0,3,1,c08,c08,c08
main|astana_clinic|nc10|np5|br0.25|random_1_100|ms3|r300|s8,main,astana_clinic,10,5,0.25,random_1_100,3,300,8,1444,sha256:cdd48a5a4f63d43aa22741d0a20fbf53feffefa50dadf3893a34c6728981c1e1,74,1024,1,0,3,1,c06 c07,c06 c07,c06 c07
main|astana_clinic|nc10|np5|br0.25|random_1_100|ms3|r300|s9,main,astana_clinic,10,5,0.25,random_1_100,3,300,9,1451,sha256:b270c6b8c48495d6fc54ce08a1e999ad01433c21033a6f70f5a32d70b72ed515,74,1024,1,0,7,2,c03 c09,c01 c03,c03 c09
main|astana_clinic|nc10|np5|br0.25|one_heavy|ms3|r300|s0,main,astana_clinic,10,5,0.25,one_heavy,3,300,0,1207,sha256:7347d6f475c5a36fc5776a6e147f11011b73d708041198f7f9a09f5fe1ae37c4,76,1024,1,0,4,1,c00 c01 c07,c00 c01 c07,c00 c01 c07
main|astana_clinic|nc10|np5|br0.25|one_heavy|ms3|r300|s1,main,astana_clinic,10,5,0.25,one_heavy,3,300,1,1433,sha256:dda8f3b6371bfa48442cd94013d018a4eada6a5c6a5e827e9195f49f1210660d,77,1024,1,0,5,1,c07 c08,c07 c08,c07 c08
main|astana_clinic|nc10|np5|br0.25|one_heavy|ms3|r300|s2,main,astana_clinic,10,5,0.25,one_heavy,3,300,2,1466,sha256:1d56e597802f657b79e6789307b09973e58eeb47af1a5b033f69fedc14536e03,74,1024,1,0,2,1,c07,c07,c07
main|astana_clinic|nc10|np5|br0.25|one_heavy|ms3|r300|s3,main,astana_clinic,10,5,0.25,one_heavy,3,300,3,1374,sha256:36d2590fb7ac1dc8af3e43f21e28206927e3260066f2828162d55a0a864b0773,76,1024,1,0,3,1,c01,c01,c01
main|astana_clinic|nc10|np5|br0.25|one_heavy|ms3|r300|s4,main,astana_clinic,10,5,0.25,one_heavy,3,300,4,1515,sha256:e33afa5af8cccd5a3d9067b1e52744ec5cdf41f07290acee5254228dc879ecbc,77,1024,1,0,4,1,c07 c09,c07 c09,c07 c09
main|astana_clinic|nc10|np5|br0.25|one_heavy|ms3|r300|s5,main,astana_clinic,10,5,0.25,one_heavy,3,300,5,1516,sha256:973150a31bd0882b2a30d21f9e0817c7846aacb6b16ce591b81a67890c27a713,74,1024,1,0,1,1,,,
main|astana_clinic|nc10|np5|br0.25|one_heavy|ms3|r300|s6,main,astana_clinic,10,5,0.25,one_heavy,3,300,6,1199,sha256:27ebb85ac65ee0fbb2b34b662c3e2008660260b4d07a20e1ee798adff34e4459,78,1024,1,0,2,1,c06,c06,c06
main|astana_clinic|nc10|np5|br0.25|one_heavy|ms3|r300|s7,main,astana_clinic,10,5,0.25,one_heavy,3,300,7,1349,sha256:86b0d928b0a34dda82f9d4ff241ddd6f19936bddbba9c08a79714efe1e5309fc,76,1024,1,0,2,1,c05,c05,c05
main|astana_clinic|nc10|np5|br0.25|one_heavy|ms3|r300|s8,main,astana_clinic,10,5,0.25,one_heavy,3,300,8,1532,sha256:9648ad28abdbdeed1a26cef08eb7871b2e5cc417e46205ea8664fef27223d70c,70,1024,1,0,3,1,c01,c01,c01
main|astana_clinic|nc10|np5|br0.25|one_heavy|ms3|r300|s9,main,astana_clinic,10,5,0.25,one_heavy,3,300,9,1566,sha256:c94ff0cfb16207bef668fea92d479d6b33a6a26c8d0cd142f15d4c851857cb76,76,1024,1,0,2,2,c02,c08,c08
main|astana_clinic|nc10|np5|br0.5|uniform|ms3|r300|s0,main,astana_clinic,10,5,0.5,uniform,3,300,0,2269,sha256:3a87557cfb23a5421570081d67c55ca798c56b56f8c42ff4fec37d53a426b4ff,176,1024,0,0,3,1,c00,c00,c00
main|astana_clinic|nc10|np5|br0.5|uniform|ms3|r300|s1,main,astana_clinic,10,5,0.5,uniform,3,300,1,2339,sha256:92516668c1da25cdaa8a678334983265100e70f692f64b59964a47e5e549d627,174,1024,1,0,3,1,c00 c05,c00 c05,c00 c05
main|astana_clinic|nc10|np5|br0.5|uniform|ms3|r300|s2,main,astana_clinic,10,5,0.5,uniform,3,300,2,2540,sha256:55ff90450f9dc9b9926c7e1ab02997bdb0ef8d7dedab5b59ab3426a3861813f3,176,1024,0,0,3,1,c03 c06,c03 c06,c03 c06
main|astana_clinic|nc10|np5|br0.5|uniform|ms3|r300|s3,main,astana_clinic,10,5,0.5,uniform,3,300,3,3234,sha256:b54ebb629ece874645010852d01f4e88ff13e98769a76f3e7b3045328a658e90,176,1024,0,0,2,1,c01,c01,c01
main|astana_clinic|nc10|np5|br0.5|uniform|ms3|r300|s4,main,astana_clinic,10,5,0.5,uniform,3,300,4,2280,sha256:aa3d661e0b4906727be2b7770ea460a02520dec4b3a86909a47dd8567fdb311f,174,1024,1,0,3,1,c03,c03,c03
main|astana_clinic|nc10|np5|br0.5|uniform|ms3|r300|s5,main,astana_clinic,10,5,0.5,uniform,3,300,5,3326,sha256:7a2c9ab5e403f614952cd680afcbf883daa509dbe698152055c25fa9b6907522,176,1024,0,0,2,1,c07,c07,c07
main|astana_clinic|nc10|np5|br0.5|uniform|ms3|r300|s6,main,astana_clinic,10,5,0.5,uniform,3,300,6,2590,sha256:8bf257f449cfb459232f5f267cbfb96e91c4341142334d6dbee4e3703304d84e,176,1024,0,0,3,1,c03,c03,c03
main|astana_clinic|nc10|np5|br0.5|uniform|ms3|r300|s7,main,astana_clinic,10,5,0.5,uniform,3,300,7,2778,sha256:f5ada5dd5cf8e7ff805c099dda0b9b3f8c04612793aad624e80aa18672ba161a,176,1024,0,0,2,1,c09,c09,c09
main|astana_clinic|nc10|np5|br0.5|uniform|ms3|r300|s8,main,astana_clinic,10,5,0.5,uniform,3,300,8,3020,sha256:75be69a77250a44de23460247837ac0c39f67c451d1f30fd10ac248843e15aff,176,1024,0,0,5,1,c01 c02 c08,c01 c02 c08,c01 c02 c08
main|astana_clinic|nc10|np5|br0.5|uniform|ms3|r300|s9,main,astana_clinic,10,5,0.5,uniform,3,300,9,3313,sha256:b6c86e9beec5e957685397f0031ac547ab36b9c2be93abcaadae72197d13ae0f,176,1024,0,0,4,1,c01 c08,c01 c08,c01 c08
main|astana_clinic|nc10|np5|br0.5|random_1_100|ms3|r300|s0,main,astana_clinic,10,5,0.5,random_1_100,3,300,0,1995,sha256:a8e1aeea5a14677b0b089c40ac669de912d1b5c807025d4e97dd4f015e07256f,176,1024,0,0,3,1,c00,c00,c00
main|astana_clinic|nc10|np5|br0.5|random_1_100|ms3|r300|s1,main,astana_clinic,10,5,0.5,random_1_100,3,300,1,2048,sha256:9d8e64ca83907e10854a14c7ef670fbfa6552196aee4eee8aabd1f6967a5eea9,176,1024,0,0,7,1,c01 c03 c04,c01 c03 c04,c01 c03 c04
main|astana_clinic|nc10|np5|br0.5|random_1_100|ms3|r300|s2,main,astana_clinic,10,5,0.5,random_1_100,3,300,2,2385,sha256:11263d3a27d598ce259f5fda4e5b79b46df50d1e3d33e1ea96180eb4ad6c0114,175,1024,1,0,3,1,c06 c07,c06 c07,c06 c07
main|astana_clinic|nc10|np5|br0.5|random_1_100|ms3|r300|s3,main,astana_clinic,10,5,0.5,random_1_100,3,300,3,2707,sha256:e7314ae04e0a829834cfd5ce8d5fb4a5101d4a7dd18a639826c1e5ca4966ef1a,176,1024,0,0,3,1,c04 c09,c04 c09,c04 c09
main|astana_clinic|nc10|np5|br0.5|random_1_100|ms3|r300|s4,main,astana_clinic,10,5,0.5,random_1_100,3,300,4,2906,sha256:9bf204bc1c811ada1bdcec2e8b5d8641191ef654b462421b44ea29620144b5bf,176,1024,0,0,5,1,c00 c08,c00 c08,c00 c08
main|astana_clinic|nc10|np5|br0.5|random_1_100|ms3|r300|s5,main,astana_clinic,10,5,0.5,random_1_100,3,300,5,2847,sha256:0957ce7c8714fabcfddf1d4ffb73c7b8dab4282afe86f8e0d51731e64d54fcb1,176,1024,0,0,5,1,c06 c08,c06 c08,c06 c08
main|astana_clinic|nc10|np5|br0.5|random_1_100|ms3|r300|s6,main,astana_clinic,10,5,0.5,random_1_100,3,300,6,3296,sha256:798e3537a8d49ad9f72b3ae5522fe5ff5aae58bff71989993db097494ef31041,176,1024,0,0,3,1,c00 c05,c00 c05,c00 c05
main|astana_clinic|nc10|np5|br0.5|random_1_100|ms3|r300|s7,main,astana_clinic,10,5,0.5,random_1_100,3,300,7,3350,sha256:9bb6ead7a8671eacfd4bfe04fed72777145d24a5ef794722a9c80be075b0a222,176,1024,0,0,8,1,c01 c06 c07,c01 c06 c07,c01 c06 c07
main|astana_clinic|nc10|np5|br0.5|random_1_100|ms3|r300|s8,main,astana_clinic,10,5,0.5,random_1_100,3,300,8,3154,sha256:e9f7f62577cdc515d2f6a535b689f0f9395c6a0fccf2ad1ddd140ff44bd66c52,176,1024,0,0,3,1,c00,c00,c00
main|astana_clinic|nc10|np5|br0.5|random_1_100|ms3|r300|s9,main,astana_clinic,10,5,0.5,random_1_100,3,300,9,2536,sha256:4289e5f1f4654feb53b29b0a2f708412d89df16663b52023790329238af6871a,176,1024,0,0,9,1,c00 c05 c07,c00 c05 c07,c00 c05 c07
main|astana_clinic|nc10|np5|br0.5|one_heavy|ms3|r300|s0,main,astana_clinic,10,5,0.5,one_heavy,3,300,0,2716,sha256:1aed74e73c3a6641fe9b41d850041a6a326ade4d56e7b8a93b4b4fb485878467,176,1024,0,0,4,1,c02 c04 c08,c02 c04 c08,c02 c04 c08
main|astana_clinic|nc10|np5|br0.5|one_heavy|ms3|r300|s1,main,astana_clinic,10,5,0.5,one_heavy,3,300,1,2622,sha256:c0c6888b3d6276fdcfc26ef1817b30930bb945366571daf42f3c3b140506aad8,176,1024,0,0,4,1,c07 c09,c07 c09,c07 c09
main|astana_clinic|nc10|np5|br0.5|one_heavy|ms3|r300|s2,main,astana_clinic,10,5,0.5,one_heavy,3,300,2,2885,sha256:6bdb0e898f5b72033652514dea9d9a5b0e090b4bac58cd834e46a73c5b223602,175,1024,1,0,3,1,c03 c07,c03 c07,c03 c07
main|astana_clinic|nc10|np5|br0.5|one_heavy|ms3|r300|s3,main,astana_clinic,10,5,0.5,one_heavy,3,300,3,2406,sha256:570d4292cacb1cc5fa33266cb26bb3a473321bfb01a61f33dc99d2991ee19286,176,1024,0,0,7,1,c05 c08 c09,c05 c08 c09,c05 c08 c09
main|astana_clinic|nc10|np5|br0.5|one_heavy|ms3|r300|s4,main,astana_clinic,10,5,0.5,one_heavy,3,300,4,2768,sha256:bfe99a9ae15ef50b1cfd9b7b6cd38cb61388ed6b42bb3e2a22d0ec2d6f08578c,175,1024,1,0,6,1,c02 c04,c02 c04,c02 c04
main|astana_clinic|nc10|np5|br0.5|one_heavy|ms3|r300|s5,main,astana_clinic,10,5,0.5,one_heavy,3,300,5,2808,sha256:1dd0e54be45b8eaf62915cf381a8696318ff6be3de5a2c315b24e0e794d45dac,176,1024,0,0,4,1,c00 c08,c00 c08,c00 c08
main|astana_clinic|nc10|np5|br0.5|one_heavy|ms3|r300|s6,main,astana_clinic,10,5,0.5,one_heavy,3,300,6,1977,sha256:3a8d6f6732ee64524614ec20b03335414eb5df78c047f6a8b81417b0ab755c6d,175,1024,1,0,2,1,c07,c07,c07
main|astana_clinic|nc10|np5|br0.5|one_heavy|ms3|r300|s7,main,astana_clinic,10,5,0.5,one_heavy,3,300,7,2177,sha256:21dbc9f32772ef4e8ec78d35d3f5704c32157424d15238b75999e0b08aa8f8ae,176,1024,0,0,3,1,c03,c03,c03
main|astana_clinic|nc10|np5|br0.5|one_heavy|ms3|r300|s8,main,astana_clinic,10,5,0.5,one_heavy,3,300,8,2587,sha256:1af4343883961f5662c0ec25f668c5a7f0752a5815f1580a7baf01ce88c04203,176,1024,0,0,4,1,c01 c03 c05,c01 c03 c05,c01 c03 c05
main|astana_clinic|nc10|np5|br0.5|one_heavy|ms3|r300|s9,main,astana_clinic,10,5,0.5,one_heavy,3,300,9,2412,sha256:a9bee48728e3d17c96bd5a068c4586f4624d6e9f9743eef2a2b938d4b02d5b06,175,1024,1,0,3,1,c02 c04,c02 c04,c02 c04
main|astana_clinic|nc10|np5|br1.0|uniform|ms3|r300|s0,main,astana_clinic,10,5,1.0,uniform,3,300,0,4977,sha256:eeacdcaaa6a08b13f48fe2c258d2776386d4ca7c5752a46faee1daed54c4d1d6,176,1024,0,0,2,1,c02,c02,c02
main|astana_clinic|nc10|np5|br1.0|uniform|ms3|r300|s1,main,astana_clinic,10,5,1.0,uniform,3,300,1,7242,sha256:48d4051185aacbae9ca1ef1a7754247e368778e446a7055a7deb53d840d38bae,176,1024,0,0,5,1,c05 c08,c05 c08,c05 c08
main|astana_clinic|nc10|np5|br1.0|uniform|ms3|r300|s2,main,astana_clinic,10,5,1.0,uniform,3,300,2,7721,sha256:45d70276dc787d19cc321a641fc7777b1bc255dad2e682bb5053ed11b083dccd,176,1024,0,0,4,1,c06 c08,c06 c08,c06 c08
main|astana_clinic|nc10|np5|br1.0|uniform|ms3|r300|s3,main,astana_clinic,10,5,1.0,uniform,3,300,3,5026,sha256:53ac5cc8a8f3625a7959bd637056edfa605a296083426413b5df6535603f3051,176,1024,0,0,4,1,c03 c06,c03 c06,c03 c06
main|astana_clinic|nc10|np5|br1.0|uniform|ms3|r300|s4,main,astana_clinic,10,5,1.0,uniform,3,300,4,5692,sha256:34ead814ae78c26963fc9a15f0620b918750d6bea3b490e96dbc208b3ec66306,176,1024,0,0,12,3,c02 c03 c04,c03 c04 c06,c03 c04 c07
main|astana_clinic|nc10|np5|br1.0|uniform|ms3|r300|s5,main,astana_clinic,10,5,1.0,uniform,3,300,5,5897,sha256:c1db95a26a4fa328d85b612ddd3c2afcb34f3d380a98be8a85922d7a189e5841,176,1024,0,0,3,1,c03 c04,c03 c04,c03 c04
main|astana_clinic|nc10|np5|br1.0|uniform|ms3|r300|s6,main,astana_clinic,10,5,1.0,uniform,3,300,6,5506,sha256:d78a2363f487d01e358a31d289432d79fc00f14c5c6df279ee00d41b1007bbf1,176,1024,0,0,4,1,c00 c06,c00 c06,c00 c06
main|astana_clinic|nc10|np5|br1.0|uniform|ms3|r300|s7,main,astana_clinic,10,5,1.0,uniform,3,300,7,5946,sha256:dd07d2f8beddbc03a62e48dc27c2f777e2c5514cae9fcfeb92c3b40c6970efb7,176,1024,0,0,5,1,c05 c06 c08,c05 c06 c08,c05 c06 c08
main|astana_clinic|nc10|np5|br1.0|uniform|ms3|r300|s8,main,astana_clinic,10,5,1.0,uniform,3,300,8,5789,sha256:4384c138eec6f1af46bdf2e6d1652883f38a3d90cf35a7226dc4677065e61b34,176,1024,0,0,4,1,c01 c02,c01 c02,c01 c02
main|astana_clinic|nc10|np5|br1.0|uniform|ms3|r300|s9,main,astana_clinic,10,5,1.0,uniform,3,300,9,5153,sha256:53c251b53c5693fa99280a38560f9ef4a0a34b629004a4272be5b8e9ca5fc685,176,1024,0,0,6,1,c01 c04 c09,c01 c04 c09,c01 c04 c09
main|astana_clinic|nc10|np5|br1.0|random_1_100|ms3|r300|s0,main,astana_clinic,10,5,1.0,random_1_100,3,300,0,6260,sha256:1b8ac8171e2d32b1322cb2d9c508e95ec1b649bc3c2b63c81a632284ec1cf426,176,1024,0,0,2,1,c07,c07,c07
main|astana_clinic|nc10|np5|br1.0|random_1_100|ms3|r300|s1,main,astana_clinic,10,5,1.0,random_1_100,3,300,1,6463,sha256:57a7e76a34910bbe7f18430ddd89a5a0db62eafd953b7cbb3214e69529ae8f4e,176,1024,0,0,2,1,c08,c08,c08
main|astana_clinic|nc10|np5|br1.0|random_1_100|ms3|r300|s2,main,astana_clinic,10,5,1.0,random_1_100,3,300,2,5375,sha256:8ba914017a95086506b2b1fbe40edb1bd841450e892fa28be37647e4c996a698,176,1024,0,0,3,1,c08,c08,c08
main|astana_clinic|nc10|np5|br1.0|random_1_100|ms3|r300|s3,main,astana_clinic,10,5,1.0,random_1_100,3,300,3,6466,sha256:1995b2f417f28845935c21189d5298e4ec3495a198dc656f336a0fba03f9b0a9,176,1024,0,0,3,1,c08 c09,c08 c09,c08 c09
main|astana_clinic|nc10|np5|br1.0|random_1_100|ms3|r300|s4,main,astana_clinic,10,5,1.0,random_1_100,3,300,4,4304,sha256:984fb0052d436937c4c7c6f8d2704d3d46e9b1ed4e6c9164da229cd3b077acc9,176,1024,0,0,7,1,c00 c02,c00 c02,c00 c02
main|astana_clinic|nc10|np5|br1.0|random_1_100|ms3|r300|s5,main,astana_clinic,10,5,1.0,random_1_100,3,300,5,5718,sha256:8c5c4adc3cdc21964a8c013a36c3310ff352b63f83b8a1eee8490923f954c139,176,1024,0,0,6,1,c00 c03 c08,c00 c03 c08,c00 c03 c08
main|astana_clinic|nc10|np5|br1.0|random_1_100|ms3|r300|s6,main,astana_clinic,10,5,1.0,random_1_100,3,300,6,4360,sha256:7a1d7e116c842e5a279e349fd6f4b1de68e65d6ef5b150a13567b2fde3859de8,176,1024,0,0,4,1,c06 c08,c06 c08,c06 c08
main|astana_clinic|nc10|np5|br1.0|random_1_100|ms3|r300|s7,main,astana_clinic,10,5,1.0,random_1_100,3,300,7,6461,sha256:c7544293bbfdd84f04ecc0bae2b94f63ffc10b45e78b016e4e587872017df94b,176,1024,0,0,3,1,c02 c06,c02 c06,c02 c06
main|astana_clinic|nc10|np5|br1.0|random_1_100|ms3|r300|s8,main,astana_clinic,10,5,1.0,random_1_100,3,300,8,6431,sha256:208ebd56d0eeb375a5bed35c221a234bd605178bf882ebdbddfaadd7e4823c47,176,1024,0,0,16,1,c02 c04 c09,c02 c04 c09,c02 c04 c09
main|astana_clinic|nc10|np5|br1.0|random_1_100|ms3|r300|s9,main,astana_clinic,10,5,1.0,random_1_100,3,300,9,6872,sha256:b0ed1f5c80c7e54fdd729f4317a83f107db80550c3a45268d751bbaeaa3f6992,176,1024,0,0,3,1,c00 c04,c00 c04,c00 c04
main|astana_clinic|nc10|np5|br1.0|one_heavy|ms3|r300|s0,main,astana_clinic,10,5,1.0,one_heavy,3,300,0,5888,sha256:e50fceeda63614da42b06325c4b11c81ff57236347e166818d3f97466b647173,176,1024,0,0,2,1,c09,c09,c09
main|astana_clinic|nc10|np5|br1.0|one_heavy|ms3|r300|s1,main,astana_clinic,10,5,1.0,one_heavy,3,300,1,6319,sha256:2fc5cee682ca25451ee5f8e364d4198b069ddf3997787f03f4b4637f3554d92e,176,1024,0,0,1,1,,,
main|astana_clinic|nc10|np5|br1.0|one_heavy|ms3|r300|s2,main,astana_clinic,10,5,1.0,one_heavy,3,300,2,5796,sha256:ec3849d8a7fa7b3204080d5aae758278aa1867bcf297e5fc2123f8707aa59c44,176,1024,0,0,6,1,c02 c03,c02 c03,c02 c03
main|astana_clinic|nc10|np5|br1.0|one_heavy|ms3|r300|s3,main,astana_clinic,10,5,1.0,one_heavy,3,300,3,5486,sha256:7d72a51d751637435c1010b50b34dfbe00347e15892a771ab104d4602f357033,176,1024,0,0,8,1,c04 c06 c09,c04 c06 c09,c04 c06 c09
main|astana_clinic|nc10|np5|br1.0|one_heavy|ms3|r300|s4,main,astana_clinic,10,5,1.0,one_heavy,3,300,4,4332,sha256:eb90df7b4fd48b3ac226c2a4235e46f1979e3c4e16a8d52b833d3be60b2c2033,176,1024,0,0,1,1,,,
main|astana_clinic|nc10|np5|br1.0|one_heavy|ms3|r300|s5,main,astana_clinic,10,5,1.0,one_heavy,3,300,5,6276,sha256:e4af0d854646e2eb06939363d7083534678b8b4c48818a9c55358b3591be10de,176,1024,0,0,1,1,,,
main|astana_clinic|nc10|np5|br1.0|one_heavy|ms3|r300|s6,main,astana_clinic,10,5,1.0,one_heavy,3,300,6,6738,sha256:e3bf9a5daeb5f65373591bdca2a03c0455ac1a6b4fce06dd89bd8e3b53881d49,176,1024,0,0,4,1,c02 c04,c02 c04,c02 c04
main|astana_clinic|nc10|np5|br1.0|one_heavy|ms3|r300|s7,main,astana_clinic,10,5,1.0,one_heavy,3,300,7,7191,sha256:925d4b398649aaf3655726b7c28b0cc828134458d737f9a853ef1dfd6390d531,176,1024,0,0,6,1,c03 c05 c09,c03 c05 c09,c03 c05 c09
main|astana_clinic|nc10|np5|br1.0|one_heavy|ms3|r300|s8,main,astana_clinic,10,5,1.0,one_heavy,3,300,8,5517,sha256:94a90e852136580b17fe04cc1fc05f5d71a47d1836e18ad3061967f230b77100,176,1024,0,0,6,1,c05 c07 c08,c05 c07 c08,c05 c07 c08
main|astana_clinic|nc10|np5|br1.0|one_heavy|ms3|r300|s9,main,astana_clinic,10,5,1.0,one_heavy,3,300,9,4446,sha256:b302f303218fe767909976d721179ff2be84888e8e4ddb8d2982822df7ca5495,176,1024,0,0,3,1,c00,c00,c00
main|astana_clinic|nc10|np15|br0.25|uniform|ms3|r300|s0,main,astana_clinic,10,15,0.25,uniform,3,300,0,1497,sha256:f52b1eeadcad4505053e78a92c827704dc3902bcf27bfc52102504aef203c1fe,67,1024,1,0,6,1,c04 c07 c09,c04 c07 c09,c04 c07 c09
main|astana_clinic|nc10|np15|br0.25|uniform|ms3|r300|s1,main,astana_clinic,10,15,0.25,uniform,3,300,1,1506,sha256:6e45e717eca0c350068fbe60ceee012943362485659db08ad0941c5f40762062,74,1024,1,0,6,1,c02 c07 c09,c02 c07 c09,c02 c07 c09
main|astana_clinic|nc10|np15|br0.25|uniform|ms3|r300|s2,main,astana_clinic,10,15,0.25,uniform,3,300,2,1103,sha256:cc372b377450c474ccef5bc826310a0642cc580d5157b7508f7e6eaaa0d6833f,78,1024,1,0,7,1,c00 c01 c04,c00 c01 c04,c00 c01 c04
main|astana_clinic|nc10|np15|br0.25|uniform|ms3|r300|s3,main,astana_clinic,10,15,0.25,uniform,3,300,3,1371,sha256:7f29df3b98b8e848d6ef4a397a40c3e3b1999219f88f56a6ccf381facca3e5c8,73,1024,1,0,9,2,c01 c07,c07 c08,c01 c07
main|astana_clinic|nc10|np15|br0.25|uniform|ms3|r300|s4,main,astana_clinic,10,15,0.25,uniform,3,300,4,977,sha256:a207c57b831a8125a3206554fbb3324c921c2926a043c5878931c3e75acb9b9d,80,1024,1,0,7,2,c01 c07,c01 c07,c01 c09
main|astana_clinic|nc10|np15|br0.25|uniform|ms3|r300|s5,main,astana_clinic,10,15,0.25,uniform,3,300,5,1372,sha256:28f75f7baffb91a9f56aa003e3af5fef216e3cd7b0858f87cca0cd86783c6e37,77,1024,1,0,9,2,c05 c06 c09,c03 c05 c07,c05 c06 c09
main|astana_clinic|nc10|np15|br0.25|uniform|ms3|r300|s6,main,astana_clinic,10,15,0.25,uniform,3,300,6,1131,sha256:1d0094b7f87869a997e4c817082f9a85a737e415ae7addcdf4733a68c0fe6fdd,80,1024,1,0,6,2,c03 c07 c08,c01 c09,c03 c07 c08
main|astana_clinic|nc10|np15|br0.25|uniform|ms3|r300|s7,main,astana_clinic,10,15,0.25,uniform,3,300,7,1502,sha256:c76a874e027fcec5a23ea7e0f85ad3348b068b62c07a5c09746b9867ed0bc619,75,1024,1,0,3,1,c00 c03,c00 c03,c00 c03
main|astana_clinic|nc10|np15|br0.25|uniform|ms3|r300|s8,main,astana_clinic,10,15,0.25,uniform,3,300,8,1215,sha256:f34922dbd628a5d52e021e6649636a133080545d96f4a706df558b05cbdbcdf1,72,1024,1,0,3,1,c00 c01,c00 c01,c00 c01
main|astana_clinic|nc10|np15|br0.25|uniform|ms3|r300|s9,main,astana_clinic,10,15,0.25,uniform,3,300,9,1103,sha256:272c20fb1a6220df360f3329c8672470889e93091d009d5b299ce6a487508b1e,81,1024,1,0,1,1,,,
main|astana_clinic|nc10|np15|br0.25|random_1_100|ms3|r300|s0,main,astana_clinic,10,15,0.25,random_1_100,3,300,0,1068,sha256:9445123d137d46b941f2e7f4e7b3227f94d9ddc1a52e8b6450abf6878aa86126,84,1024,1,0,4,1,c00 c05,c00 c05,c00 c05
main|astana_clinic|nc10|np15|br0.25|random_1_100|ms3|r300|s1,main,astana_clinic,10,15,0.25,random_1_100,3,300,1,1131,sha256:3cae413c3895399b6be119cb8c2bfe61c30082530b1b82e4fa437d713b056e1e,78,1024,1,0,7,2,c03 c09,c03 c04,c03 c09
main|astana_clinic|nc10|np15|br0.25|random_1_100|ms3|r300|s2,main,astana_clinic,10,15,0.25,random_1_100,3,300,2,1616,sha256:92526d94156fbc327962be9bbec3837d19221bd2e29c853ee3b9483aa257fd76,63,1024,1,0,7,1,c05 c07,c05 c07,c05 c07
main|astana_clinic|nc10|np15|br0.25|random_1_100|ms3|r300|s3,main,astana_clinic,10,15,0.25,random_1_100,3,300,3,1044,sha256:8c6787cad4e66d88468c0aef52abb123d38ac2c71895f341e469610f7a11d1e3,76,1024,1,0,6,1,c01 c09,c01 c09,c01 c09
main|astana_clinic|nc10|np15|br0.25|random_1_100|ms3|r300|s4,main,astana_clinic,10,15,0.25,random_1_100,3,300,4,1322,sha256:03b345277046b203931938c413127ac28491307dbdb3219c6274f8597ed41d9e,75,1024,1,0,7,3,c06 c07 c08,c02 c06 c07,c02 c06 c08
main|astana_clinic|nc10|np15|br0.25|random_1_100|ms3|r300|s5,main,astana_clinic,10,15,0.25,random_1_100,3,300,5,1523,sha256:8399273a09c15bc0dd62f9816afbe0d907fa8310e6cafda280c7d604a7c44eb8,79,1024,1,0,9,2,c05 c07 c08,c05 c07 c08,c04 c05 c08
main|astana_clinic|nc10|np15|br0.25|random_1_100|ms3|r300|s6,main,astana_clinic,10,15,0.25,random_1_100,3,300,6,1204,sha256:fa687c99198a8f95f3a41c940b8d7251faed842702806f3edd9e7d410018802b,78,1024,1,0,6,1,c00 c07,c00 c07,c00 c07
main|astana_clinic|nc10|np15|br0.25|random_1_100|ms3|r300|s7,main,astana_clinic,10,15,0.25,random_1_100,3,300,7,1734,sha256:04f3cff0084bcc65bf214706ad86d9889f752e93aa996066d9e216de6c85a78c,64,1024,1,0,6,1,c02 c06 c07,c02 c06 c07,c02 c06 c07
main|astana_clinic|nc10|np15|br0.25|random_1_100|ms3|r300|s8,main,astana_clinic,10,15,0.25,random_1_100,3,300,8,1517,sha256:05000c60a32f50860d5a1284d9e63b4cefc05938284ea083884cdbaeb5c5abec,75,1024,1,0,6,1,c08 c09,c08 c09,c08 c09
main|astana_clinic|nc10|np15|br0.25|random_1_100|ms3|r300|s9,main,astana_clinic,10,15,0.25,random_1_100,3,300,9,1377,sha256:5d4b9293881cbc7b2b16910dfd12ddbdbbdad0c03c70f079af61c8fb8bec5024,74,1024,1,0,3,1,c00 c07,c00 c07,c00 c07
main|astana_clinic|nc10|np15|br0.25|one_heavy|ms3|r300|s0,main,astana_clinic,10,15,0.25,one_heavy,3,300,0,1720,sha256:2bd7e5e1416a2e2fc7a6b1d794c63ad7883459814ac8bdc35babccd461022141,72,1024,1,0,5,2,c00 c06 c09,c00 c06 c09,c00 c02 c09
main|astana_clinic|nc10|np15|br0.25|one_heavy|ms3|r300|s1,main,astana_clinic,10,15,0.25,one_heavy,3,300,1,1271,sha256:b672ad1144877143272b762e4fc4c1dac5ed0be60281c3034ebf6dcecf66d52e,76,1024,1,0,6,2,c03 c05 c08,c01 c03 c05,c03 c05 c08
main|astana_clinic|nc10|np15|br0.25|one_heavy|ms3|r300|s2,main,astana_clinic,10,15,0.25,one_heavy,3,300,2,1238,sha256:ca258b5553d4bdb519410ca9a4d6235e32ea7dec5932faf5f0236b04dd70b429,77,1024,1,0,7,2,c01 c07,c00 c06 c07,c01 c07
main|astana_clinic|nc10|np15|br0.25|one_heavy|ms3|r300|s3,main,astana_clinic,10,15,0.25,one_heavy,3,300,3,1826,sha256:5848ec3d325f1152f4a171655277927c9f94c4b1d0844206b3556638e136dbe0,71,1024,1,0,5,1,c04 c08,c04 c08,c04 c08
main|astana_clinic|nc10|np15|br0.25|one_heavy|ms3|r300|s4,main,astana_clinic,10,15,0.25,one_heavy,3,300,4,1510,sha256:0d188cb10f6622ded19a6603963cb0668f966f25a0ce73b1a54783a57b94dd9a,78,1024,1,0,4,1,c06,c06,c06
main|astana_clinic|nc10|np15|br0.25|one_heavy|ms3|r300|s5,main,astana_clinic,10,15,0.25,one_heavy,3,300,5,1409,sha256:f126f03324a49bfb4d595a54bf3e7ae0385f842f41877f3a20d0b40b5938c598,72,1024,1,0,5,2,c02 c05,c02 c05,c02 c09
main|astana_clinic|nc10|np15|br0.25|one_heavy|ms3|r300|s6,main,astana_clinic,10,15,0.25,one_heavy,3,300,6,1781,sha256:9ec3cfcc6ab9953c77e772779fb07cf8d26c015963ec9bb40ad955cabcfca8a2,69,1024,1,0,5,2,c06 c08,c06 c08,c03 c06
main|astana_clinic|nc10|np15|br0.25|one_heavy|ms3|r300|s7,main,astana_clinic,10,15,0.25,one_heavy,3,300,7,1495,sha256:750cee4c537b9b1ec9a7b8b106d148922c8dfb1d8e261edaf448bd0d850a1cf2,72,1024,1,0,9,2,c04 c07 c08,c04 c07 c08,c02 c03
main|astana_clinic|nc10|np15|br0.25|one_heavy|ms3|r300|s8,main,astana_clinic,10,15,0.25,one_heavy,3,300,8,1349,sha256:ecdb40e221a6e58a2bd6e3624dc9efd5bfdf2375c6b50752f49079e645cfb084,78,1024,1,0,4,2,c01 c03,c03 c06,c01 c03
main|astana_clinic|nc10|np15|br0.25|one_heavy|ms3|r300|s9,main,astana_clinic,10,15,0.25,one_heavy,3,300,9,1035,sha256:236472de7c9402f79f4e839dec827993c96835076171b1ff11b1881c9f923815,84,1024,1,0,5,1,c01 c09,c01 c09,c01 c09
main|astana_clinic|nc10|np15|br0.5|uniform|ms3|r300|s0,main,astana_clinic,10,15,0.5,uniform,3,300,0,2084,sha256:d82bad63602e542f602f2b516be928fdf2c11df03876f27b11836061100aaa5c,176,1024,0,0,6,1,c05 c08 c09,c05 c08 c09,c05 c08 c09
main|astana_clinic|nc10|np15|br0.5|uniform|ms3|r300|s1,main,astana_clinic,10,15,0.5,uniform,3,300,1,3008,sha256:873ad699d141103cfc327dc9934d30202927eafb74586f72c47093b9b1b0b513,176,1024,0,0,7,1,c03 c06 c08,c03 c06 c08,c03 c06 c08
main|astana_clinic|nc10|np15|br0.5|uniform|ms3|r300|s2,main,astana_clinic,10,15,0.5,uniform,3,300,2,3158,sha256:ea6444f52a1c53bf71646477944540743c748ae2b045f40e928b4f5361799a6d,176,1024,0,0,8,2,c01 c04 c06,c01 c04 c06,c04 c07 c09
main|astana_clinic|nc10|np15|br0.5|uniform|ms3|r300|s3,main,astana_clinic,10,15,0.5,uniform,3,300,3,3560,sha256:80b357f4912509938aace1894886466679e39769ac2212a3829754ac75b44852,176,1024,0,0,6,1,c03 c06 c09,c03 c06 c09,c03 c06 c09
main|astana_clinic|nc10|np15|br0.5|uniform|ms3|r300|s4,main,astana_clinic,10,15,0.5,uniform,3,300,4,3237,sha256:79c6af968a6e4f909d20f488ad83c1332580c404c71855b9ae38d641df175389,176,1024,0,0,6,1,c00 c03 c09,c00 c03 c09,c00 c03 c09
main|astana_clinic|nc10|np15|br0.5|uniform|ms3|r300|s5,main,astana_clinic,10,15,0.5,uniform,3,300,5,3747,sha256:294104a71a347253ce7e5d44ac0060ad182ab45d7cf7e40acdc148b673284057,176,1024,0,0,9,1,c03 c07 c09,c03 c07 c09,c03 c07 c09
main|astana_clinic|nc10|np15|br0.5|uniform|ms3|r300|s6,main,astana_clinic,10,15,0.5,uniform,3,300,6,2046,sha256:f4c53b595092ad04aad34a259a5abbc265944fd6a4494cf18c6651b2b56b679c,173,1024,1,0,9,1,c01 c05 c07,c01 c05 c07,c01 c05 c07
main|astana_clinic|nc10|np15|br0.5|uniform|ms3|r300|s7,main,astana_clinic,10,15,0.5,uniform,3,300,7,3136,sha256:fface0c5409333dafe3ebd6c6316dec6811843a64b04a5fe2c2433c095e659c7,176,1024,0,0,5,1,c05 c06 c09,c05 c06 c09,c05 c06 c09
main|astana_clinic|nc10|np15|br0.5|uniform|ms3|r300|s8,main,astana_clinic,10,15,0.5,uniform,3,300,8,2829,sha256:ac4f31726bf55e9fc6bf5df7129ae6fbe4c3dd47c701bd75179517e53f422ec0,176,1024,0,0,5,1,c00 c07 c09,c00 c07 c09,c00 c07 c09
main|astana_clinic|nc10|np15|br0.5|uniform|ms3|r300|s9,main,astana_clinic,10,15,0.5,uniform,3,300,9,3072,sha256:204fe35789e4fd0ad717931ebaa46aebd1cd6e9772f61418e3b35c13065c5a77,176,1024,0,0,10,1,c00 c06 c08,c00 c06 c08,c00 c06 c08
main|astana_clinic|nc10|np15|br0.5|random_1_100|ms3|r300|s0,main,astana_clinic,10,15,0.5,random_1_100,3,300,0,2375,sha256:1925df46f7171a6573b88da7ec9fe6fdda602d319e0310a00f1f7617e01f2fdc,176,1024,0,0,6,1,c01 c03 c06,c01 c03 c06,c01 c03 c06
main|astana_clinic|nc10|np15|br0.5|random_1_100|ms3|r300|s1,main,astana_clinic,10,15,0.5,random_1_100,3,300,1,2608,sha256:731a53bdbb4e8d5f59835fce4a81e702aad08150db76b07adf9915e647c09eeb,176,1024,0,0,7,1,c01 c04 c07,c01 c04 c07,c01 c04 c07
main|astana_clinic|nc10|np15|br0.5|random_1_100|ms3|r300|s2,main,astana_clinic,10,15,0.5,random_1_100,3,300,2,3043,sha256:658d128a495a7a1e3ae4cb36f5895c1503f600084f45af0d2d854449b11e020f,176,1024,0,0,5,1,c01 c09,c01 c09,c01 c09
main|astana_clinic|nc10|np15|br0.5|random_1_100|ms3|r300|s3,main,astana_clinic,10,15,0.5,random_1_100,3,300,3,2537,sha256:cdcf81f0ec4befc115a362b13129cd50333e2deb8676484c9c577048c83a87c4,176,1024,0,0,8,1,c01 c04 c09,c01 c04 c09,c01 c04 c09
main|astana_clinic|nc10|np15|br0.5|random_1_100|ms3|r300|s4,main,astana_clinic,10,15,0.5,random_1_100,3,300,4,2625,sha256:a416976c2e5707ba2e68b1ed46616f57e4d7d939cf423bd838ead7f90016c84f,176,1024,0,0,8,2,c01 c04 c08,c00 c01 c08,c01 c04 c08
main|astana_clinic|nc10|np15|br0.5|random_1_100|ms3|r300|s5,main,astana_clinic,10,15,0.5,random_1_100,3,300,5,2691,sha256:6fdae2110a61e93a48b13f631249cd604839bf03b00f0bcd71795c48a2f36bcf,176,1024,0,0,9,1,c00 c03 c04,c00 c03 c04,c00 c03 c04
main|astana_clinic|nc10|np15|br0.5|random_1_100|ms3|r300|s6,main,astana_clinic,10,15,0.5,random_1_100,3,300,6,2333,sha256:973e1333c0aeb7f13d44cc59ac3f48e806842b3e2901ba55fcb2788ccf406523,176,1024,0,0,6,2,c00 c05 c07,c00 c05 c07,c00 c01 c07
main|astana_clinic|nc10|np15|br0.5|random_1_100|ms3|r300|s7,main,astana_clinic,10,15,0.5,random_1_100,3,300,7,3557,sha256:ef9bcc8f1e570694c4271b4872cc6118e07fbe1e3d0a2d707e87c2951caad861,176,1024,0,0,8,1,c02 c04 c05,c02 c04 c05,c02 c04 c05
main|astana_clinic|nc10|np15|br0.5|random_1_100|ms3|r300|s8,main,astana_clinic,10,15,0.5,random_1_100,3,300,8,2526,sha256:f34f62ee8969afe57c6717c6d88870a7a5895a8b2d2d7f2897707efd3191eb1f,173,1024,1,0,12,2,c02 c04 c08,c00 c02 c04,c02 c04 c08
main|astana_clinic|nc10|np15|br0.5|random_1_100|ms3|r300|s9,main,astana_clinic,10,15,0.5,random_1_100,3,300,9,2941,sha256:191ac77d18bf1bb11beac030831bcbcba79aaa994562a41059514da5dd08b5e8,176,1024,0,0,14,1,c02 c04 c07,c02 c04 c07,c02 c04 c07
main|astana_clinic|nc10|np15|br0.5|one_heavy|ms3|r300|s0,main,astana_clinic,10,15,0.5,one_heavy,3,300,0,2368,sha256:675aeb7256e5f943cb7fb0a0b4aadfc615aa5a47ea329bf6e253c92f68f19b19,176,1024,0,0,8,1,c04 c06 c07,c04 c06 c07,c04 c06 c07
main|astana_clinic|nc10|np15|br0.5|one_heavy|ms3|r300|s1,main,astana_clinic,10,15,0.5,one_heavy,3,300,1,2738,sha256:5fb5eb0e1620238c15ccfa7b272d6655aa8a192fd6c193d7486a5a35536b59b0,176,1024,0,0,9,1,c01 c02 c05,c01 c02 c05,c01 c02 c05
main|astana_clinic|nc10|np15|br0.5|one_heavy|ms3|r300|s2,main,astana_clinic,10,15,0.5,one_heavy,3,300,2,2117,sha256:0af3326969ba4e7a2786fc099b730a87b9cca58d81898f1551bde8ff2fb21273,174,1024,1,0,5,1,c01 c02 c08,c01 c02 c08,c01 c02 c08
main|astana_clinic|nc10|np15|br0.5|one_heavy|ms3|r300|s3,main,astana_clinic,10,15,0.5,one_heavy,3,300,3,2703,sha256:d894079cbd59c5816b58eacaa108b06ac04ad3724f2e271011d45d4da9e23b97,176,1024,0,0,5,1,c01 c05 c08,c01 c05 c08,c01 c05 c08
main|astana_clinic|nc10|np15|br0.5|one_heavy|ms3|r300|s4,main,astana_clinic,10,15,0.5,one_heavy,3,300,4,3071,sha256:fdd945a3f5f52a15e73b4832d315017d8c9fcfae0647eb99898e6a645465fed9,176,1024,0,0,4,1,c00 c04,c00 c04,c00 c04
main|astana_clinic|nc10|np15|br0.5|one_heavy|ms3|r300|s5,main,astana_clinic,10,15,0.5,one_heavy,3,300,5,2818,sha256:c428d43fb4ccd20824af66efb9828de9d3465343852857a4b6ed62753108ae1a,176,1024,0,0,5,1,c02 c04 c08,c02 c04 c08,c02 c04 c08
main|astana_clinic|nc10|np15|br0.5|one_heavy|ms3|r300|s6,main,astana_clinic,10,15,0.5,one_heavy,3,300,6,2382,sha256:c136f6b13e1f976f67ab0610e0b3e755d1dce2c48b1b983ad0a0a7f75f6f5e3b,176,1024,0,0,2,1,c00,c00,c00
main|astana_clinic|nc10|np15|br0.5|one_heavy|ms3|r300|s7,main,astana_clinic,10,15,0.5,one_heavy,3,300,7,2049,sha256:19558ac73f5bc6b1106d31cf530e5d2cad9566bcda396bff685c33ab266aec8f,176,1024,0,0,10,2,c02 c04 c07,c02 c04 c07,c01 c04 c07
main|astana_clinic|nc10|np15|br0.5|one_heavy|ms3|r300|s8,main,astana_clinic,10,15,0.5,one_heavy,3,300,8,2710,sha256:1ca4f7b15fd803e4be53e372eeda5cdbd2235ba2002d9ed6b27df47cb94c7238,175,1024,1,0,5,1,c01 c02 c05,c01 c02 c05,c01 c02 c05
main|astana_clinic|nc10|np15|br0.5|one_heavy|ms3|r300|s9,main,astana_clinic,10,15,0.5,one_heavy,3,300,9,3070,sha256:ee94937b060427e2fedea3222ef95caa69e7a634c0183b3ee028267a6e85ea24,176,1024,0,0,4,1,c00 c02 c06,c00 c02 c06,c00 c02 c06
main|astana_clinic|nc10|np15|br1.0|uniform|ms3|r300|s0,main,astana_clinic,10,15,1.0,uniform,3,300,0,5704,sha256:1d576a81f1eba3b60751d1373f05fba77490d1184fa7c687842a0b21eb7e8562,176,1024,0,0,5,1,c02 c04 c06,c02 c04 c06,c02 c04 c06
main|astana_clinic|nc10|np15|br1.0|uniform|ms3|r300|s1,main,astana_clinic,10,15,1.0,uniform,3,300,1,6164,sha256:6d482710a06cb9fe6bd14cb5006147bfeb7f606d3e3538cf4e20d4b8b75976fd,176,1024,0,0,6,2,c01 c07 c09,c01 c07 c09,c01 c02 c07
main|astana_clinic|nc10|np15|br1.0|uniform|ms3|r300|s2,main,astana_clinic,10,15,1.0,uniform,3,300,2,5286,sha256:87e8dba03ff67a4984053aa8712a004dc5f159e198d40905862102fccad68e7d,176,1024,0,0,11,2,c00 c05 c06,c00 c02 c06,c00 c02 c06
main|astana_clinic|nc10|np15|br1.0|uniform|ms3|r300|s3,main,astana_clinic,10,15,1.0,uniform,3,300,3,5952,sha256:368c28221a8f55b5ffc41ac926a207392b0c117298e6830d7f19bc5262e6e00b,176,1024,0,0,6,2,c00 c03 c08,c00 c03 c08,c00 c03 c05
main|astana_clinic|nc10|np15|br1.0|uniform|ms3|r300|s4,main,astana_clinic,10,15,1.0,uniform,3,300,4,7109,sha256:6481d8665e16ca1d16dba28ebecdafaab56ba597eba0e999cb3ef5c691a0d3db,176,1024,0,0,12,2,c05 c06 c09,c05 c06 c09,c02 c06 c09
main|astana_clinic|nc10|np15|br1.0|uniform|ms3|r300|s5,main,astana_clinic,10,15,1.0,uniform,3,300,5,5670,sha256:ee47233b4c124fa125c367cf669485f1e2ad6e1a21011df1eee4c551a48968df,176,1024,0,0,7,1,c03 c04 c08,c03 c04 c08,c03 c04 c08
main|astana_clinic|nc10|np15|br1.0|uniform|ms3|r300|s6,main,astana_clinic,10,15,1.0,uniform,3,300,6,5803,sha256:4698e72286c9aa045968848a65f8b82ba8071569ea21b26e5bd9f9f7ef2fd3d3,176,1024,0,0,9,2,c01 c08 c09,c01 c04 c08,c01 c08 c09
main|astana_clinic|nc10|np15|br1.0|uniform|ms3|r300|s7,main,astana_clinic,10,15,1.0,uniform,3,300,7,4512,sha256:be1a96341b6fb258f4c44b1848ad6a597cc316194851e5111969e2e52426e972,176,1024,0,0,8,2,c02 c06 c08,c01 c06 c08,c02 c06 c08
main|astana_clinic|nc10|np15|br1.0|uniform|ms3|r300|s8,main,astana_clinic,10,15,1.0,uniform,3,300,8,4905,sha256:6841f78d8b5f62db81159c8efcbb5621a53700b5d39bc1df711d36fa833d9d50,176,1024,0,0,3,1,c00,c00,c00
main|astana_clinic|nc10|np15|br1.0|uniform|ms3|r300|s9,main,astana_clinic,10,15,1.0,uniform,3,300,9,3811,sha256:70dbafda2d0891d19fcd4dddea619252eabf5c4bd424a18e60b3b7bb2c3434df,176,1024,0,0,7,1,c05 c07 c09,c05 c07 c09,c05 c07 c09
main|astana_clinic|nc10|np15|br1.0|random_1_100|ms3|r300|s0,main,astana_clinic,10,15,1.0,random_1_100,3,300,0,6182,sha256:ef28785f2a39807034b55303752ab28705e570a47bb0d9251062ad47628139c6,176,1024,0,0,9,1,c02 c03 c09,c02 c03 c09,c02 c03 c09
main|astana_clinic|nc10|np15|br1.0|random_1_100|ms3|r300|s1,main,astana_clinic,10,15,1.0,random_1_100,3,300,1,4801,sha256:f9803b826c55d3f2efacfabc4d447fa8a77067a230b3220b1c2ffb79f3c28783,176,1024,0,0,7,1,c01 c05 c07,c01 c05 c07,c01 c05 c07
main|astana_clinic|nc10|np15|br1.0|random_1_100|ms3|r300|s2,main,astana_clinic,10,15,1.0,random_1_100,3,300,2,4926,sha256:230eca6cf208f600160340c9fd87938e30c0662b6c425576b53ecd0e04cb9ea3,176,1024,0,0,8,1,c01 c04 c06,c01 c04 c06,c01 c04 c06
main|astana_clinic|nc10|np15|br1.0|random_1_100|ms3|r300|s3,main,astana_clinic,10,15,1.0,random_1_100,3,300,3,6178,sha256:613ef0721e11f50451f6234a2161de06b2381800e1e6e8b525c59d800d3f7c5b,176,1024,0,0,5,1,c05 c08 c09,c05 c08 c09,c05 c08 c09
main|astana_clinic|nc10|np15|br1.0|random_1_100|ms3|r300|s4,main,astana_clinic,10,15,1.0,random_1_100,3,300,4,4903,sha256:74dc0e573113157342a0cefc1c7352793d518132661a7a0724a15fdbb35c1107,176,1024,0,0,5,1,c01 c03 c04,c01 c03 c04,c01 c03 c04
main|astana_clinic|nc10|np15|br1.0|random_1_100|ms3|r300|s5,main,astana_clinic,10,15,1.0,random_1_100,3,300,5,5875,sha256:b4c35949001c1316001fe944c1ee81e7337217281fa79529c4435f1926e71f89,176,1024,0,0,13,2,c04 c06 c07,c01 c06 c07,c04 c06 c07
main|astana_clinic|nc10|np15|br1.0|random_1_100|ms3|r300|s6,main,astana_clinic,10,15,1.0,random_1_100,3,300,6,5313,sha256:a26cf049a506f3cc04c64eb54602e3fb5b93f5144c826d371309a3409b30ca3d,176,1024,0,0,4,1,c01 c07,c01 c07,c01 c07
main|astana_clinic|nc10|np15|br1.0|random_1_100|ms3|r300|s7,main,astana_clinic,10,15,1.0,random_1_100,3,300,7,4843,sha256:64bce853259f396ac06759bbc82a0f45b83b98fcfa7fc2dadf495197d2e7129e,176,1024,0,0,5,2,c00 c02 c09,c00 c02 c09,c00 c02 c08
main|astana_clinic|nc10|np15|br1.0|random_1_100|ms3|r300|s8,main,astana_clinic,10,15,1.0,random_1_100,3,300,8,5896,sha256:1738659c216dbd80970b07506305afa63d018c8a157883d9f8c061b6fa6df2ed,176,1024,0,0,8,1,c03 c04 c08,c03 c04 c08,c03 c04 c08
main|astana_clinic|nc10|np15|br1.0|random_1_100|ms3|r300|s9,main,astana_clinic,10,15,1.0,random_1_100,3,300,9,4540,sha256:650295f0e5445a3e02a9e098a40f4591adfe52573aa8c95b61143f9a73129e81,176,1024,0,0,5,2,c03 c07 c09,c03 c07 c09,c03 c04 c09
main|astana_clinic|nc10|np15|br1.0|one_heavy|ms3|r300|s0,main,astana_clinic,10,15,1.0,one_heavy,3,300,0,6001,sha256:d661383620d1fcb1b468f81809e8f90e908a39fa46b5dc6d1b362863f763283b,176,1024,0,0,8,2,c00 c05 c06,c00 c05 c06,c00 c06 c07
main|astana_clinic|nc10|np15|br1.0|one_heavy|ms3|r300|s1,main,astana_clinic,10,15,1.0,one_heavy,3,300,1,5564,sha256:be4bd5f59b00f480274c1ed7683b71e723a505293699f2f98836264b9d17693c,176,1024,0,0,7,1,c01 c03 c06,c01 c03 c06,c01 c03 c06
main|astana_clinic|nc10|np15|br1.0|one_heavy|ms3|r300|s2,main,astana_clinic,10,15,1.0,one_heavy,3,300,2,6130,sha256:02c9aa86621a4343d81df1e4fd59e173ea616b1ef95c015e14db428dbd8b033d,176,1024,0,0,11,1,c02 c03 c05,c02 c03 c05,c02 c03 c05
main|astana_clinic|nc10|np15|br1.0|one_heavy|ms3|r300|s3,main,astana_clinic,10,15,1.0,one_heavy,3,300,3,4087,sha256:b55be4948e25d11fc0f8c1fc30d41ce245e998475332379d019f210852790838,176,1024,0,0,4,1,c04 c06,c04 c06,c04 c06
main|astana_clinic|nc10|np15|br1.0|one_heavy|ms3|r300|s4,main,astana_clinic,10,15,1.0,one_heavy,3,300,4,5922,sha256:d94e032dc358d2fefe661168e8eac65ab235f1582435c397b78f2db038889b0c,176,1024,0,0,8,2,c01 c02 c03,c01 c02 c03,c01 c02 c07
main|astana_clinic|nc10|np15|br1.0|one_heavy|ms3|r300|s5,main,astana_clinic,10,15,1.0,one_heavy,3,300,5,6589,sha256:9f3bd93c1193298a9ae6eb53659321d7bfa3cf83a460b927d16b57fab20faac7,176,1024,0,0,11,2,c03 c05 c08,c02 c03 c07,c03 c05 c08
main|astana_clinic|nc10|np15|br1.0|one_heavy|ms3|r300|s6,main,astana_clinic,10,15,1.0,one_heavy,3,300,6,4625,sha256:be73ae4de9d0328bc3cca11cb63ff2fa60c00aff28a34d68e01075ef54976de5,176,1024,0,0,10,2,c04 c05 c06,c04 c05 c06,c00 c04 c06
main|astana_clinic|nc10|np15|br1.0|one_heavy|ms3|r300|s7,main,astana_clinic,10,15,1.0,one_heavy,3,300,7,6171,sha256:8b8ac6d0b988ecba87a3dc9eb46cb8e4bf0f0762f295a62096a818818177275b,176,1024,0,0,9,1,c01 c08 c09,c01 c08 c09,c01 c08 c09
main|astana_clinic|nc10|np15|br1.0|one_heavy|ms3|r300|s8,main,astana_clinic,10,15,1.0,one_heavy,3,300,8,5781,sha256:cf5c77fec5fa2011bc0031c3c1942a8f8535407286b56007d6ef201eada6fd81,176,1024,0,0,6,1,c04 c08,c04 c08,c04 c08
main|astana_clinic|nc10|np15|br1.0|one_heavy|ms3|r300|s9,main,astana_clinic,10,15,1.0,one_heavy,3,300,9,5778,sha256:92ca0fd338edfb1045fb76062245cb86a72b5e3f616a544dec76b6627b617f90,176,1024,0,0,9,1,c00 c01 c02,c00 c01 c02,c00 c01 c02
main|astana_clinic|nc10|np25|br0.25|uniform|ms3|r300|s0,main,astana_clinic,10,25,0.25,uniform,3,300,0,1575,sha256:f30aaa7b83e9a07300cd04853f81f1b87a1fc9d143c1372d9f1bd6f0a87d06ab,74,1024,1,0,4,1,c07 c08,c07 c08,c07 c08
main|astana_clinic|nc10|np25|br0.25|uniform|ms3|r300|s1,main,astana_clinic,10,25,0.25,uniform,3,300,1,1614,sha256:b87a015838ba998d1f474961b488b9f2211267ff457a1885b8072916e522af8a,71,1024,1,0,8,1,c02 c09,c02 c09,c02 c09
main|astana_clinic|nc10|np25|br0.25|uniform|ms3|r300|s2,main,astana_clinic,10,25,0.25,uniform,3,300,2,1730,sha256:7b9c5d2c2cf86bb5aa012895548685175119a849519842bf6af5e2d6abbde9c5,73,1024,1,0,4,2,c04 c07,c07 c09,c04 c07
main|astana_clinic|nc10|np25|br0.25|uniform|ms3|r300|s3,main,astana_clinic,10,25,0.25,uniform,3,300,3,1780,sha256:0e796d82e81f0fc8378781f273a220c0519414967bfa91356f6ab190c1885662,59,1024,1,0,8,2,c02 c03 c06,c02 c03 c09,c02 c03 c06
main|astana_clinic|nc10|np25|br0.25|uniform|ms3|r300|s4,main,astana_clinic,10,25,0.25,uniform,3,300,4,1351,sha256:3c1abccea543a50934fcae4c8005a1d40a11e7153329bf6a8111012830d85b70,78,1024,1,0,8,2,c00 c02 c03,c00 c08,c00 c02 c03
main|astana_clinic|nc10|np25|br0.25|uniform|ms3|r300|s5,main,astana_clinic,10,25,0.25,uniform,3,300,5,1363,sha256:6ada1f445d584dd4a5fe74cbbc96f607febac6723fc49bd2bd09d789366b5d54,75,1024,1,0,8,3,c00 c03 c04,c00 c02 c04,c00 c02 c08
main|astana_clinic|nc10|np25|br0.25|uniform|ms3|r300|s6,main,astana_clinic,10,25,0.25,uniform,3,300,6,1324,sha256:563d5e9d84c64658659d0e0150a94886518a105246c65c1ec7daa538cb2be56a,77,1024,1,0,10,2,c00 c06 c08,c00 c06 c08,c03 c05 c06
main|astana_clinic|nc10|np25|br0.25|uniform|ms3|r300|s7,main,astana_clinic,10,25,0.25,uniform,3,300,7,1657,sha256:119a991805993e882ee7974a6a2abb1527957e55503b9d573c1ab253be515ba1,72,1024,1,0,12,2,c02 c08,c02 c08,c02 c05
main|astana_clinic|nc10|np25|br0.25|uniform|ms3|r300|s8,main,astana_clinic,10,25,0.25,uniform,3,300,8,1649,sha256:0478802bbbacfcf4818a2a35334776aa26d198968e426b0a2720b476713b98e8,70,1024,1,0,6,1,c03 c08,c03 c08,c03 c08
main|astana_clinic|nc10|np25|br0.25|uniform|ms3|r300|s9,main,astana_clinic,10,25,0.25,uniform,3,300,9,1183,sha256:0371026abe82d1a72a59cb1f62d1469464918fc306ac26f71ca30108aafb3639,80,1024,1,0,8,2,c01 c06 c09,c00 c02 c06,c01 c06 c09
main|astana_clinic|nc10|np25|br0.25|random_1_100|ms3|r300|s0,main,astana_clinic,10,25,0.25,random_1_100,3,300,0,1658,sha256:cd001febcc03e6fc54ca6a662cd2e3f7f9cd738ddc3223c70dd5e2ce77a4da89,74,1024,1,0,6,1,c06 c08,c06 c08,c06 c08
main|astana_clinic|nc10|np25|br0.25|random_1_100|ms3|r300|s1,main,astana_clinic,10,25,0.25,random_1_100,3,300,1,1411,sha256:a13934935ad23fddd50125d1b8e1f838272d4fa385d41fc36ddded04211f4f1b,77,1024,1,0,6,2,c00 c04 c09,c02 c04 c09,c00 c04 c09
main|astana_clinic|nc10|np25|br0.25|random_1_100|ms3|r300|s2,main,astana_clinic,10,25,0.25,random_1_100,3,300,2,1644,sha256:4ec6de8bb9b8f73c890beda78a515882963b331c83bdab4f2a0018758165e895,72,1024,1,0,7,2,c00 c03 c07,c00 c07 c09,c00 c07 c09
main|astana_clinic|nc10|np25|br0.25|random_1_100|ms3|r300|s3,main,astana_clinic,10,25,0.25,random_1_100,3,300,3,1104,sha256:c7f35b557a56ac65ecf3f9eab765de7cd21c6ba66531e9e50f8d65243683c0f6,88,1024,1,0,11,3,c03 c04 c05,c05 c08 c09,c02 c05
main|astana_clinic|nc10|np25|br0.25|random_1_100|ms3|r300|s4,main,astana_clinic,10,25,0.25,random_1_100,3,300,4,1194,sha256:93d15d22aacc74c1cea995278d7ade7c6a37e8e10c12e3bbff7e0cd61f486113,81,1024,1,0,10,2,c02 c03 c09,c02 c03 c09,c03 c04 c09
main|astana_clinic|nc10|np25|br0.25|random_1_100|ms3|r300|s5,main,astana_clinic,10,25,0.25,random_1_100,3,300,5,1198,sha256:84077095a557322126702f086c67002140d3991bbe4b2567e00b09772563235d,78,1024,1,0,6,1,c00 c03 c08,c00 c03 c08,c00 c03 c08
main|astana_clinic|nc10|np25|br0.25|random_1_100|ms3|r300|s6,main,astana_clinic,10,25,0.25,random_1_100,3,300,6,1202,sha256:827f7fc72970b59f0905ae1b0dcf12d8630510e01cd4e9ee8aad34e175810a0c,79,1024,1,0,12,3,c05 c09,c02 c08 c09,c05 c08
main|astana_clinic|nc10|np25|br0.25|random_1_100|ms3|r300|s7,main,astana_clinic,10,25,0.25,random_1_100,3,300,7,1250,sha256:80a17faf998784459ea1e77dfa18ad946e0f37b1601ee5586de7492ed75afbeb,72,1024,1,0,9,1,c02 c07 c08,c02 c07 c08,c02 c07 c08
main|astana_clinic|nc10|np25|br0.25|random_1_100|ms3|r300|s8,main,astana_clinic,10,25,0.25,random_1_100,3,300,8,1255,sha256:457b84c7128f79f3566a4baeb59aebd780632baf69b1f039842216b559238caf,83,1024,1,0,8,1,c06 c07 c09,c06 c07 c09,c06 c07 c09
main|astana_clinic|nc10|np25|br0.25|random_1_100|ms3|r300|s9,main,astana_clinic,10,25,0.25,random_1_100,3,300,9,1104,sha256:6c27c06a26f68e9e084aded7bbf8debc4b45d82b32dac0cb04f48f9a78d375ad,80,1024,1,0,8,2,c03 c05 c07,c03 c05 c07,c03 c07 c08
main|astana_clinic|nc10|np25|br0.25|one_heavy|ms3|r300|s0,main,astana_clinic,10,25,0.25,one_heavy,3,300,0,1151,sha256:993135926f0f8e675c3d6b28599e6c6081f5d70b8db8feb8db8a6f44de1458d0,78,1024,1,0,6,2,c00 c01 c06,c00 c01 c06,c00 c02 c06
main|astana_clinic|nc10|np25|br0.25|one_heavy|ms3|r300|s1,main,astana_clinic,10,25,0.25,one_heavy,3,300,1,1284,sha256:9c00c722a9dbf169274fb715329acf708800b62a950e1c8febbf50dcd51f0f5f,78,1024,1,0,6,2,c04 c05,c05 c06,c04 c05
main|astana_clinic|nc10|np25|br0.25|one_heavy|ms3|r300|s2,main,astana_clinic,10,25,0.25,one_heavy,3,300,2,1203,sha256:d85f4d259568e9cb0096971996008d3e70ad9fc2f50f4aa1dc19a3d60bb4ff2b,80,1024,1,0,6,2,c04 c06 c08,c06 c08 c09,c06 c08 c09
main|astana_clinic|nc10|np25|br0.25|one_heavy|ms3|r300|s3,main,astana_clinic,10,25,0.25,one_heavy,3,300,3,1119,sha256:1bb9a6379920331c2ac6b4b38faef313ebd6fbd6f1d1c993ae7508f81b3a47cd,78,1024,1,0,6,2,c00 c04,c00 c06 c07,c00 c04
main|astana_clinic|nc10|np25|br0.25|one_heavy|ms3|r300|s4,main,astana_clinic,10,25,0.25,one_heavy,3,300,4,1499,sha256:4f759242d8a8ca05e03d4055af2949104dbce67fa1f490f11f9d86b447f75c7a,73,1024,1,0,7,2,c02 c06,c00 c04,c02 c06
main|astana_clinic|nc10|np25|br0.25|one_heavy|ms3|r300|s5,main,astana_clinic,10,25,0.25,one_heavy,3,300,5,1339,sha256:0c03ef875301e94ada11ce5c0b2ebdc9117b2c176730847371437915e2a05171,72,1024,1,0,6,1,c02 c08,c02 c08,c02 c08
main|astana_clinic|nc10|np25|br0.25|one_heavy|ms3|r300|s6,main,astana_clinic,10,25,0.25,one_heavy,3,300,6,1625,sha256:935487218365b424138688c3495c417b4945263fead78bab0dd9e1827ef5eab8,69,1024,1,0,7,1,c01 c04 c08,c01 c04 c08,c01 c04 c08
main|astana_clinic|nc10|np25|br0.25|one_heavy|ms3|r300|s7,main,astana_clinic,10,25,0.25,one_heavy,3,300,7,1134,sha256:ab0d8d0506181f8e235dee052131dee85ff38bb4798147d2599401273129b41e,78,1024,1,0,11,2,c00 c02,c01 c06,c01 c06
main|astana_clinic|nc10|np25|br0.25|one_heavy|ms3|r300|s8,main,astana_clinic,10,25,0.25,one_heavy,3,300,8,1988,sha256:1bd451f69aa51350bf09bdda75095394954d46a29165641fe333388baafdc8cd,67,1024,1,0,8,2,c00 c01 c07,c00 c04 c07,c00 c01 c07
main|astana_clinic|nc10|np25|br0.25|one_heavy|ms3|r300|s9,main,astana_clinic,10,25,0.25,one_heavy,3,300,9,1371,sha256:5e3a228ce053643c10ac224cd6da7b44fddd3c725c7c0cb701bddc9e255e5168,88,1024,1,0,7,1,c04 c05 c07,c04 c05 c07,c04 c05 c07
main|astana_clinic|nc10|np25|br0.5|uniform|ms3|r300|s0,main,astana_clinic,10,25,0.5,uniform,3,300,0,3592,sha256:deb946542e30a33f54a94e0c907ea7e6928a1fe945e6dc7cb882ee24c2b32056,176,1024,0,0,7,1,c00 c05 c07,c00 c05 c07,c00 c05 c07
main|astana_clinic|nc10|np25|br0.5|uniform|ms3|r300|s1,main,astana_clinic,10,25,0.5,uniform,3,300,1,2825,sha256:ebc6855362e279bbb2623eba738aee3d409eba8d90c1856400f6ae6ad254b045,176,1024,0,0,10,1,c00 c03 c08,c00 c03 c08,c00 c03 c08
main|astana_clinic|nc10|np25|br0.5|uniform|ms3|r300|s2,main,astana_clinic,10,25,0.5,uniform,3,300,2,3761,sha256:0e5774836e7224f37273d083f536f8f7f709be3cb5659bdbdea27aedfa2ae6b8,176,1024,0,0,7,1,c00 c07 c08,c00 c07 c08,c00 c07 c08
main|astana_clinic|nc10|np25|br0.5|uniform|ms3|r300|s3,main,astana_clinic,10,25,0.5,uniform,3,300,3,3293,sha256:5bf4457ee9b21d24320f0e24975523e0c926673249b45ec70285f038583702b6,176,1024,0,0,10,1,c00 c03 c05,c00 c03 c05,c00 c03 c05
main|astana_clinic|nc10|np25|br0.5|uniform|ms3|r300|s4,main,astana_clinic,10,25,0.5,uniform,3,300,4,2390,sha256:1b1ebd32cdf9fde897a5033e076b8b7419d85d02737ad5b656245a6b86e116e4,176,1024,0,0,8,2,c02 c03 c06,c02 c03 c06,c02 c03 c07
main|astana_clinic|nc10|np25|br0.5|uniform|ms3|r300|s5,main,astana_clinic,10,25,0.5,uniform,3,300,5,2665,sha256:df275afc0f06ee3c2e23d006bcb2910fbe70f518a34b23e1fc01aacc0a974602,176,1024,0,0,8,2,c00 c01 c03,c00 c03 c07,c00 c01 c03
main|astana_clinic|nc10|np25|br0.5|uniform|ms3|r300|s6,main,astana_clinic,10,25,0.5,uniform,3,300,6,2468,sha256:fdfaf4b37b2c15965b830edf9cd802d0000e215c4a44980b3dd1e34ba4a234f4,176,1024,0,0,7,1,c00 c01 c06,c00 c01 c06,c00 c01 c06
main|astana_clinic|nc10|np25|br0.5|uniform|ms3|r300|s7,main,astana_clinic,10,25,0.5,uniform,3,300,7,2753,sha256:96ce83b96bb77ad5fccc1ca9881542ca7ce50f2c99f570d05c9c3015a0170e1f,176,1024,0,0,11,2,c04 c05 c09,c04 c05 c09,c03 c04 c09
main|astana_clinic|nc10|np25|br0.5|uniform|ms3|r300|s8,main,astana_clinic,10,25,0.5,uniform,3,300,8,2493,sha256:f6c9723e3bb3b6f88c4a9a01df4aaeefcf6697729b61e53a7f797e8b336ee7fb,176,1024,0,0,9,1,c03 c05 c07,c03 c05 c07,c03 c05 c07
main|astana_clinic|nc10|np25|br0.5|uniform|ms3|r300|s9,main,astana_clinic,10,25,0.5,uniform,3,300,9,2685,sha256:d33739292581d9191730e461cb061fcf29f87d8210aab926862e76d5d63ced75,176,1024,0,0,6,1,c00 c04 c05,c00 c04 c05,c00 c04 c05
main|astana_clinic|nc10|np25|br0.5|random_1_100|ms3|r300|s0,main,astana_clinic,10,25,0.5,random_1_100,3,300,0,2077,sha256:7f571757aaf8f37ae52acd321a283345ef673c804e0a1e2c62bc1906536c34b1,176,1024,0,0,9,3,c00 c04 c09,c00 c04 c07,c00 c07 c09
main|astana_clinic|nc10|np25|br0.5|random_1_100|ms3|r300|s1,main,astana_clinic,10,25,0.5,random_1_100,3,300,1,2816,sha256:66f333c1f6cfbefc6c5e6c9429b1cfe569d408d1b7f723e336b382817e586704,176,1024,0,0,8,2,c00 c04 c08,c00 c02 c08,c00 c04 c08
main|astana_clinic|nc10|np25|br0.5|random_1_100|ms3|r300|s2,main,astana_clinic,10,25,0.5,random_1_100,3,300,2,1687,sha256:aa0991fb6dd42064cc5037de23be1dc826cf3a9a0b99b25c354ba3c7ca70556f,175,1024,1,0,10,3,c01 c05 c09,c00 c01 c02,c00 c05 c09
main|astana_clinic|nc10|np25|br0.5|random_1_100|ms3|r300|s3,main,astana_clinic,10,25,0.5,random_1_100,3,300,3,1857,sha256:0ebbee3eca1eebc70cd6a252be03363d4a1a25118330022297ea05d70dd2af53,171,1024,1,0,12,1,c01 c05 c08,c01 c05 c08,c01 c05 c08
main|astana_clinic|nc10|np25|br0.5|random_1_100|ms3|r300|s4,main,astana_clinic,10,25,0.5,random_1_100,3,300,4,3531,sha256:fc3e31921371adac94f6a35356c1da2ba106eb161228dc853ab81e3031cbe53a,176,1024,0,0,13,2,c05 c06 c07,c01 c06 c07,c05 c06 c07
main|astana_clinic|nc10|np25|br0.5|random_1_100|ms3|r300|s5,main,astana_clinic,10,25,0.5,random_1_100,3,300,5,3191,sha256:cc155d20f9d23d1b70a28d7b35b00ebf7f998aa6b0be6928a776b9596e069dc8,176,1024,0,0,6,1,c05 c07 c09,c05 c07 c09,c05 c07 c09
main|astana_clinic|nc10|np25|br0.5|random_1_100|ms3|r300|s6,main,astana_clinic,10,25,0.5,random_1_100,3,300,6,2664,sha256:07cdd246ff00f830bd7b5148211c70e844c4c61d180dfd8ae7d2af639af94ca0,176,1024,0,0,7,2,c02 c05 c09,c02 c05 c09,c02 c03 c05
main|astana_clinic|nc10|np25|br0.5|random_1_100|ms3|r300|s7,main,astana_clinic,10,25,0.5,random_1_100,3,300,7,2784,sha256:0cc5fddb85bd57cb60102d49e6585c9ce12d9500d3d40e8abb775d6dd3c9af57,176,1024,0,0,12,1,c02 c03 c09,c02 c03 c09,c02 c03 c09
main|astana_clinic|nc10|np25|br0.5|random_1_100|ms3|r300|s8,main,astana_clinic,10,25,0.5,random_1_100,3,300,8,2392,sha256:1ea9d8772d1de855a8f82f3ea7733dc54c4a2b9e45fefaa1bd5ad6d31e788bd0,176,1024,0,0,8,1,c01 c03 c05,c01 c03 c05,c01 c03 c05
main|astana_clinic|nc10|np25|br0.5|random_1_100|ms3|r300|s9,main,astana_clinic,10,25,0.5,random_1_100,3,300,9,2700,sha256:449dc194cc1eae05e67d3e5b6a1205da2feeb845989adf4590927b2cfbcc3b28,176,1024,0,0,6,1,c01 c07 c09,c01 c07 c09,c01 c07 c09
main|astana_clinic|nc10|np25|br0.5|one_heavy|ms3|r300|s0,main,astana_clinic,10,25,0.5,one_heavy,3,300,0,3439,sha256:ca5118831b74c62bb147b690d9bf298529b766c3928f8785127433b03a3ee128,176,1024,0,0,10,2,c01 c03 c06,c03 c04 c06,c01 c03 c06
main|astana_clinic|nc10|np25|br0.5|one_heavy|ms3|r300|s1,main,astana_clinic,10,25,0.5,one_heavy,3,300,1,3273,sha256:59b9bb39e416931bfb1f541427a4179eb1cd5199c0d228a809f152f6b124766b,176,1024,0,0,11,2,c00 c01 c02,c00 c01 c02,c01 c02 c05
main|astana_clinic|nc10|np25|br0.5|one_heavy|ms3|r300|s2,main,astana_clinic,10,25,0.5,one_heavy,3,300,2,2312,sha256:0b596cb3d5a8c527c964062aefcb0e72c0cf8540816bda51a187198a0b3aac48,176,1024,0,0,8,2,c03 c04 c08,c03 c04 c08,c03 c04 c06
main|astana_clinic|nc10|np25|br0.5|one_heavy|ms3|r300|s3,main,astana_clinic,10,25,0.5,one_heavy,3,300,3,2703,sha256:ed1dd225f7e8cacea1c7b3d386344e187c9a5cc9c759f608d85d614dff7695e0,176,1024,0,0,9,3,c02 c04 c09,c01 c02 c04,c02 c03 c09
main|astana_clinic|nc10|np25|br0.5|one_heavy|ms3|r300|s4,main,astana_clinic,10,25,0.5,one_heavy,3,300,4,2595,sha256:ba1f99183c1048158271134eb0f4c6eea1b1c78a1c1daef93e9f862432a44c2f,176,1024,0,0,13,2,c00 c06 c08,c00 c06 c08,c00 c08 c09
main|astana_clinic|nc10|np25|br0.5|one_heavy|ms3|r300|s5,main,astana_clinic,10,25,0.5,one_heavy,3,300,5,3091,sha256:9ccbe1b58386c378279c099d9fa22ae52f698ed093625f4c0d76854fb5b7e69a,176,1024,0,0,10,1,c00 c02 c07,c00 c02 c07,c00 c02 c07
main|astana_clinic|nc10|np25|br0.5|one_heavy|ms3|r300|s6,main,astana_clinic,10,25,0.5,one_heavy,3,300,6,3129,sha256:f4bc7851d4371ba13d21e96da30602827e56118f4c644cddbadfa4c11dd544f9,176,1024,0,0,8,1,c03 c05 c07,c03 c05 c07,c03 c05 c07
main|astana_clinic|nc10|np25|br0.5|one_heavy|ms3|r300|s7,main,astana_clinic,10,25,0.5,one_heavy,3,300,7,2920,sha256:5a971306db1b350cd784bd65934ed0dfb824513c41fd315450918ec2587f363f,176,1024,0,0,7,1,c00 c06 c07,c00 c06 c07,c00 c06 c07
main|astana_clinic|nc10|np25|br0.5|one_heavy|ms3|r300|s8,main,astana_clinic,10,25,0.5,one_heavy,3,300,8,2694,sha256:0b6fdf68dc88c2fc8b600e3f9389488973af036a749d1a9566054bb141215514,176,1024,0,0,5,1,c00 c01 c08,c00 c01 c08,c00 c01 c08
main|astana_clinic|nc10|np25|br0.5|one_heavy|ms3|r300|s9,main,astana_clinic,10,25,0.5,one_heavy,3,300,9,2227,sha256:36df101dca2ecb057a876b0b3c68fba929e5b24d5a3776c7e47871401d216b94,176,1024,0,0,7,1,c01 c07 c08,c01 c07 c08,c01 c07 c08
main|astana_clinic|nc10|np25|br1.0|uniform|ms3|r300|s0,main,astana_clinic,10,25,1.0,uniform,3,300,0,5737,sha256:208fece680ed8f72fff6877fbb9aff5e757cf49153e9ac09c8474de7645a61dd,176,1024,0,0,11,2,c00 c04 c08,c00 c03 c04,c00 c04 c08
main|astana_clinic|nc10|np25|br1.0|uniform|ms3|r300|s1,main,astana_clinic,10,25,1.0,uniform,3,300,1,5051,sha256:5f1f392adaf5ad582f165264f91512baf366ec22e65e4cbf18ca3080af1846cd,176,1024,0,0,9,1,c02 c03 c08,c02 c03 c08,c02 c03 c08
main|astana_clinic|nc10|np25|br1.0|uniform|ms3|r300|s2,main,astana_clinic,10,25,1.0,uniform,3,300,2,4118,sha256:5462d29d1695a284078f6665c3413a1d9fdbcd62ecd434b0c714e10ea4f3b5ae,176,1024,0,0,13,1,c00 c04 c08,c00 c04 c08,c00 c04 c08
main|astana_clinic|nc10|np25|br1.0|uniform|ms3|r300|s3,main,astana_clinic,10,25,1.0,uniform,3,300,3,4776,sha256:7174a0c4a8bc0cc0f7b1efabfad90ed0b7a68e7c241e885246ef96a1a43e6d2b,176,1024,0,0,8,1,c05 c06 c08,c05 c06 c08,c05 c06 c08
main|astana_clinic|nc10|np25|br1.0|uniform|ms3|r300|s4,main,astana_clinic,10,25,1.0,uniform,3,300,4,4549,sha256:eb8cda70a48b7b6683d9fa82b7d8fdba2922dc382e987b826e72b706a623f8b3,176,1024,0,0,10,1,c04 c06 c07,c04 c06 c07,c04 c06 c07
main|astana_clinic|nc10|np25|br1.0|uniform|ms3|r300|s5,main,astana_clinic,10,25,1.0,uniform,3,300,5,6233,sha256:a18292b63ecb3f57e8e47af16b136e0daeecf91263a0a507f94725900420f934,176,1024,0,0,10,2,c03 c04 c08,c04 c08 c09,c03 c04 c08
main|astana_clinic|nc10|np25|br1.0|uniform|ms3|r300|s6,main,astana_clinic,10,25,1.0,uniform,3,300,6,6055,sha256:2eaab297dd1268bdb2ea656a9a2f7cfc0b8c5746ed2af3e73ed009ddb390e50c,176,1024,0,0,11,3,c04 c07 c09,c01 c04 c05,c01 c04 c07
main|astana_clinic|nc10|np25|br1.0|uniform|ms3|r300|s7,main,astana_clinic,10,25,1.0,uniform,3,300,7,5774,sha256:f581bfe7b9cb540bb8c450d8d44bfd8c927a4b86f9e27f31560f0e30b85cb3fc,176,1024,0,0,9,2,c01 c08 c09,c06 c08 c09,c01 c08 c09
main|astana_clinic|nc10|np25|br1.0|uniform|ms3|r300|s8,main,astana_clinic,10,25,1.0,uniform,3,300,8,6198,sha256:6e1e640e31d9efbd52a5ad284b1887de6726e3c7b1c87fe7a73f85acd7aaaeef,176,1024,0,0,9,1,c01 c04 c09,c01 c04 c09,c01 c04 c09
main|astana_clinic|nc10|np25|br1.0|uniform|ms3|r300|s9,main,astana_clinic,10,25,1.0,uniform,3,300,9,6831,sha256:7ac24d0b70f9041e1092941579bbcce368c53f9fb04a1dc59c2c167ab3a858fa,176,1024,0,0,9,2,c00 c05 c09,c00 c05 c09,c00 c01 c05
main|astana_clinic|nc10|np25|br1.0|random_1_100|ms3|r300|s0,main,astana_clinic,10,25,1.0,random_1_100,3,300,0,5907,sha256:7260643f16d4fb0a88b3880c05faa6ef2b9de03e235a9907f8e15b0716b20dd3,176,1024,0,0,10,1,c01 c06 c07,c01 c06 c07,c01 c06 c07
main|astana_clinic|nc10|np25|br1.0|random_1_100|ms3|r300|s1,main,astana_clinic,10,25,1.0,random_1_100,3,300,1,5810,sha256:088d02d3a0cfe05e4e3092e3779157ee133eaf42795716c5eff7a5b0babc1622,176,1024,0,0,8,2,c00 c03 c07,c00 c03 c07,c03 c07 c09
main|astana_clinic|nc10|np25|br1.0|random_1_100|ms3|r300|s2,main,astana_clinic,10,25,1.0,random_1_100,3,300,2,4799,sha256:09e9cd9a07df64cddb7103ffadf26f45c9a74413ba84a441c85866381ada7381,176,1024,0,0,9,2,c04 c07 c08,c04 c07 c08,c01 c04 c08
main|astana_clinic|nc10|np25|br1.0|random_1_100|ms3|r300|s3,main,astana_clinic,10,25,1.0,random_1_100,3,300,3,6121,sha256:9fca68acc0f3134819107a908536ed4125440626a9ef97472f500b85e6ed32ba,176,1024,0,0,8,1,c02 c04 c07,c02 c04 c07,c02 c04 c07
main|astana_clinic|nc10|np25|br1.0|random_1_100|ms3|r300|s4,main,astana_clinic,10,25,1.0,random_1_100,3,300,4,5071,sha256:94d7c7f85e1a5c2610c559960196a1fa8b2736c56fe35e17dee0f8927d1c8d74,176,1024,0,0,7,3,c00 c03 c07,c00 c01 c07,c03 c05 c08
main|astana_clinic|nc10|np25|br1.0|random_1_100|ms3|r300|s5,main,astana_clinic,10,25,1.0,random_1_100,3,300,5,4241,sha256:f03b9cda77854d43e4c3487fa50bfb7ffb4a08d0cae6956b946ab406943480e8,176,1024,0,0,15,2,c00 c06 c09,c00 c08 c09,c00 c06 c09
main|astana_clinic|nc10|np25|br1.0|random_1_100|ms3|r300|s6,main,astana_clinic,10,25,1.0,random_1_100,3,300,6,6518,sha256:bfd22ee41a040346172c6df1620882cbc80eb1b175302b8f1187d32c22bd8549,176,1024,0,0,11,2,c02 c06 c09,c02 c06 c09,c01 c03 c04
main|astana_clinic|nc10|np25|br1.0|random_1_100|ms3|r300|s7,main,astana_clinic,10,25,1.0,random_1_100,3,300,7,5256,sha256:f246559f5a6e65bfdf10edff54df69765dc28f6be1e46aa15935b3c01fd58d51,176,1024,0,0,8,1,c01 c07 c09,c01 c07 c09,c01 c07 c09
main|astana_clinic|nc10|np25|br1.0|random_1_100|ms3|r300|s8,main,astana_clinic,10,25,1.0,random_1_100,3,300,8,6690,sha256:279a170fdc8637e481f8c99517a27a7038cdcbcf510d40106d55f8118123e08d,176,1024,0,0,13,2,c01 c07 c08,c01 c07 c08,c01 c07 c09
main|astana_clinic|nc10|np25|br1.0|random_1_100|ms3|r300|s9,main,astana_clinic,10,25,1.0,random_1_100,3,300,9,5859,sha256:4b2f6643aa9cc20f7d483ec5a9eae46d860adecc9e94aeda175790188a4dc19f,176,1024,0,0,9,1,c02 c03 c05,c02 c03 c05,c02 c03 c05
main|astana_clinic|nc10|np25|br1.0|one_heavy|ms3|r300|s0,main,astana_clinic,10,25,1.0,one_heavy,3,300,0,5515,sha256:aa8d62f3f4c371fcd53dbf45c061c63140532f0d52c248572b0e1c32b0edcdd5,176,1024,0,0,8,1,c00 c03 c06,c00 c03 c06,c00 c03 c06
main|astana_clinic|nc10|np25|br1.0|one_heavy|ms3|r300|s1,main,astana_clinic,10,25,1.0,one_heavy,3,300,1,6413,sha256:18b481feec6e0c30d241104e9dfa53fc9f7caf438bc7dc18848e6c9334c9c9c9,176,1024,0,0,9,2,c04 c07 c08,c04 c07 c08,c00 c04 c07
main|astana_clinic|nc10|np25|br1.0|one_heavy|ms3|r300|s2,main,astana_clinic,10,25,1.0,one_heavy,3,300,2,5966,sha256:3d536120bfb785e211edf5922df9565a496b8cc7baf29082ce68c38930ff8b2a,176,1024,0,0,10,2,c02 c04 c09,c02 c04 c09,c01 c02 c09
main|astana_clinic|nc10|np25|br1.0|one_heavy|ms3|r300|s3,main,astana_clinic,10,25,1.0,one_heavy,3,300,3,5538,sha256:bf850305dc76111affd17cba45dcdd5ace45e2436e3373ab72b3b6a03cdcf5de,176,1024,0,0,8,3,c00 c01 c07,c00 c03 c07,c01 c07 c09
main|astana_clinic|nc10|np25|br1.0|one_heavy|ms3|r300|s4,main,astana_clinic,10,25,1.0,one_heavy,3,300,4,5300,sha256:5fda65f6ac284d5ae54603b0fdb0e1e76f470e4d364cd6959c8d3aa1ccac883c,176,1024,0,0,11,1,c02 c05 c08,c02 c05 c08,c02 c05 c08
main|astana_clinic|nc10|np25|br1.0|one_heavy|ms3|r300|s5,main,astana_clinic,10,25,1.0,one_heavy,3,300,5,6301,sha256:7a86353639595d67dbe65f4df20148aca7683dffd3bc6f6572aefa1fb89d301b,176,1024,0,0,9,2,c02 c07 c09,c07 c08 c09,c02 c07 c09
main|astana_clinic|nc10|np25|br1.0|one_heavy|ms3|r300|s6,main,astana_clinic,10,25,1.0,one_heavy,3,300,6,6120,sha256:5f44e7f27a71e1e707a00f5d97290901053abe40f395c970b74cd2d9f4313734,176,1024,0,0,12,3,c00 c06 c07,c04 c06 c07,c00 c02 c06
main|astana_clinic|nc10|np25|br1.0|one_heavy|ms3|r300|s7,main,astana_clinic,10,25,1.0,one_heavy,3,300,7,4538,sha256:004f1136ebbc54dd1e9a1fe407cfed1dbf7d1e7fa41b46f320f5fe0413e486bc,176,1024,0,0,6,3,c01 c04 c05,c02 c04 c05,c04 c05 c06
main|astana_clinic|nc10|np25|br1.0|one_heavy|ms3|r300|s8,main,astana_clinic,10,25,1.0,one_heavy,3,300,8,4945,sha256:edf0ee8cfe8589415cceac1e1eccb1a8b15b39368a2877a46f9b9724e2a34392,176,1024,0,0,9,2,c00 c03 c05,c00 c04 c05,c00 c03 c05
main|astana_clinic|nc10|np25|br1.0|one_heavy|ms3|r300|s9,main,astana_clinic,10,25,1.0,one_heavy,3,300,9,3657,sha256:5f55ba4d75062b5a3118d48199b788adf73b1796e159ec97172531174441021d,176,1024,0,0,11,1,c03 c04 c07,c03 c04 c07,c03 c04 c07
main|astana_clinic|nc16|np5|br0.25|uniform|ms3|r300|s0,main,astana_clinic,16,5,0.25,uniform,3,300,0,2583,sha256:5642901df77419d5e428d5752186573481a783fe04b03bdc9fcd7126beebf7d7,676,65536,1,0,9,1,c00 c07 c10,c00 c07 c10,c00 c07 c10
main|astana_clinic|nc16|np5|br0.25|uniform|ms3|r300|s1,main,astana_clinic,16,5,0.25,uniform,3,300,1,1800,sha256:0b60291b483d7f9b82d9cf1c5fa89d7ef8fa704ff9474a4e1432e60dfa184b07,623,65536,1,0,5,1,c01 c15,c01 c15,c01 c15
main|astana_clinic|nc16|np5|br0.25|uniform|ms3|r300|s2,main,astana_clinic,16,5,0.25,uniform,3,300,2,1817,sha256:4c91203802f9e7b70ec2df2351ed1cbe99759afc0e004e2b6a842996effdb357,648,65536,1,0,4,1,c02 c05 c06,c02 c05 c06,c02 c05 c06
main|astana_clinic|nc16|np5|br0.25|uniform|ms3|r300|s3,main,astana_clinic,16,5,0.25,uniform,3,300,3,2199,sha256:31b49c5b8ab33e247615b5aec81b8cfe26361813dfc1c1906d3855107751b618,647,65536,1,0,3,1,c02 c10,c02 c10,c02 c10
main|astana_clinic|nc16|np5|br0.25|uniform|ms3|r300|s4,main,astana_clinic,16,5,0.25,uniform,3,300,4,2609,sha256:74770d52800bd8f7f6db4f568a2f8d05f87205f4641d6324e406f0615b31d728,673,65536,1,0,2,1,c10,c10,c10
main|astana_clinic|nc16|np5|br0.25|uniform|ms3|r300|s5,main,astana_clinic,16,5,0.25,uniform,3,300,5,2704,sha256:cee9df726e8d2c84ce96fd0db7f38c7641725fcd1ddb2cebc05bcafaa013cdd7,686,65536,1,0,2,1,c04,c04,c04
main|astana_clinic|nc16|np5|br0.25|uniform|ms3|r300|s6,main,astana_clinic,16,5,0.25,uniform,3,300,6,1850,sha256:af5e294135aecce764ad44126346d893d45926108ecb64544f74bf6674ead747,636,65536,1,0,6,1,c12 c15,c12 c15,c12 c15
main|astana_clinic|nc16|np5|br0.25|uniform|ms3|r300|s7,main,astana_clinic,16,5,0.25,uniform,3,300,7,1818,sha256:3cf82e92cd1a2f157377f446a9a7b3612058d27f15c5d9699c42314677fed116,604,65536,1,0,4,1,c04 c05,c04 c05,c04 c05
main|astana_clinic|nc16|np5|br0.25|uniform|ms3|r300|s8,main,astana_clinic,16,5,0.25,uniform,3,300,8,2422,sha256:b4d3a3baac706b43c48d7042252766422f1361713825ecf018dbf277b0c6e4d3,650,65536,1,0,6,1,c03 c13 c15,c03 c13 c15,c03 c13 c15
main|astana_clinic|nc16|np5|br0.25|uniform|ms3|r300|s9,main,astana_clinic,16,5,0.25,uniform,3,300,9,2390,sha256:20284d0538237e8faf7504c33670f7ada1d2decf0f7c4e074509beb74a19589c,652,65536,1,0,3,1,c06 c10,c06 c10,c06 c10
main|astana_clinic|nc16|np5|br0.25|random_1_100|ms3|r300|s0,main,astana_clinic,16,5,0.25,random_1_100,3,300,0,2000,sha256:b3d968c20ae7e248bff24dfab7f2cdcb3799f6c4ea2feb36b95368b28f990b2c,632,65536,1,0,4,1,c00 c02,c00 c02,c00 c02
main|astana_clinic|nc16|np5|br0.25|random_1_100|ms3|r300|s1,main,astana_clinic,16,5,0.25,random_1_100,3,300,1,2401,sha256:d37e12a187bc7649955bdda817c5d750416c20c946d04c0e91d95ad7c404bbd6,637,65536,1,0,8,1,c03 c05 c07,c03 c05 c07,c03 c05 c07
main|astana_clinic|nc16|np5|br0.25|random_1_100|ms3|r300|s2,main,astana_clinic,16,5,0.25,random_1_100,3,300,2,2013,sha256:3aa6e2ca45abb42f76fb04691c129ab3f8e987169a136da49da1ba614d48aaff,636,65536,1,0,5,1,c04 c06,c04 c06,c04 c06
main|astana_clinic|nc16|np5|br0.25|random_1_100|ms3|r300|s3,main,astana_clinic,16,5,0.25,random_1_100,3,300,3,2582,sha256:8aad53cedf7efdaa4b19ccc35b9b45eb09e30828406ddf72c4c31013b275d6ef,633,65536,1,0,5,1,c10 c12 c13,c10 c12 c13,c10 c12 c13
main|astana_clinic|nc16|np5|br0.25|random_1_100|ms3|r300|s4,main,astana_clinic,16,5,0.25,random_1_100,3,300,4,1940,sha256:aeb0973c7b8cc7f218fc0ed20765f349948ceb5c0ee4923e865342dbc5f9579f,653,65536,1,0,8,2,c08 c10 c12,c05 c08 c10,c05 c08 c10
main|astana_clinic|nc16|np5|br0.25|random_1_100|ms3|r300|s5,main,astana_clinic,16,5,0.25,random_1_100,3,300,5,2106,sha256:62c7ce904b17e037ab0429493ab95d231b2b1756761dc6002712d19b3e32fac2,662,65536,1,0,4,1,c00 c11 c12,c00 c11 c12,c00 c11 c12
main|astana_clinic|nc16|np5|br0.25|random_1_100|ms3|r300|s6,main,astana_clinic,16,5,0.25,random_1_100,3,300,6,1862,sha256:aa6901c4ce9bcb38b76b983e564c3bc55208869f98eb9246eb91c4e26da727b0,617,65536,1,0,4,1,c01 c09 c10,c01 c09 c10,c01 c09 c10
main|astana_clinic|nc16|np5|br0.25|random_1_100|ms3|r300|s7,main,astana_clinic,16,5,0.25,random_1_100,3,300,7,2292,sha256:d494ad1c0ce297cdb611df1939399eb2e4f5e98d642d517c2e789adb5f4bf96d,648,65536,1,0,7,1,c00 c02 c10,c00 c02 c10,c00 c02 c10
main|astana_clinic|nc16|np5|br0.25|random_1_100|ms3|r300|s8,main,astana_clinic,16,5,0.25,random_1_100,3,300,8,2433,sha256:aa4759160256ae997305d4fce58dbf8b6e7c41f1390ac27d74192187f51770b1,639,65536,1,0,4,1,c08 c10 c13,c08 c10 c13,c08 c10 c13
main|astana_clinic|nc16|np5|br0.25|random_1_100|ms3|r300|s9,main,astana_clinic,16,5,0.25,random_1_100,3,300,9,2343,sha256:69521bd653712ea8337359fa06294bc82cb17eeb36c2b5d90b1e8d32ba7b0745,639,65536,1,0,1,1,,,
main|astana_clinic|nc16|np5|br0.25|one_heavy|ms3|r300|s0,main,astana_clinic,16,5,0.25,one_heavy,3,300,0,1747,sha256:e92af2e8a259a4da85d18b0fc36e998739ee0344103d57fdd266c9a360cc50bd,614,65536,1,0,2,1,c06,c06,c06
main|astana_clinic|nc16|np5|br0.25|one_heavy|ms3|r300|s1,main,astana_clinic,16,5,0.25,one_heavy,3,300,1,2463,sha256:642500034e6d10bed83dfc0891b087212f5585dfcd9ae956a4cc60a6af5ec21b,664,65536,1,0,6,1,c04 c07 c15,c04 c07 c15,c04 c07 c15
main|astana_clinic|nc16|np5|br0.25|one_heavy|ms3|r300|s2,main,astana_clinic,16,5,0.25,one_heavy,3,300,2,2101,sha256:7619084082e3f126eba7a5f528b9327d0cc7be2c1a22eb5807ef709b7b37a9f8,641,65536,1,0,7,1,c02 c06 c13,c02 c06 c13,c02 c06 c13
main|astana_clinic|nc16|np5|br0.25|one_heavy|ms3|r300|s3,main,astana_clinic,16,5,0.25,one_heavy,3,300,3,1799,sha256:25620c369a262be00ac0c9fb54be5164e961f208396e3e2e16682d5523b8eb8c,588,65536,1,0,3,1,c09 c11,c09 c11,c09 c11
main|astana_clinic|nc16|np5|br0.25|one_heavy|ms3|r300|s4,main,astana_clinic,16,5,0.25,one_heavy,3,300,4,2048,sha256:b36054392c69ab704a47c6d11b7d688e1daa298ff5fbeb5d30ae187c851c7c5d,629,65536,1,0,3,1,c06 c14,c06 c14,c06 c14
main|astana_clinic|nc16|np5|br0.25|one_heavy|ms3|r300|s5,main,astana_clinic,16,5,0.25,one_heavy,3,300,5,2416,sha256:b957d9dbad372c60d064da3cecf2fc8a5047f415fa88fd5e4acb5514dbe04bb3,656,65536,1,0,3,1,c04 c13,c04 c13,c04 c13
main|astana_clinic|nc16|np5|br0.25|one_heavy|ms3|r300|s6,main,astana_clinic,16,5,0.25,one_heavy,3,300,6,1976,sha256:118caff6c16cc412d51f3010ac2e61139541c2c500e542f3aeff437b42615513,651,65536,1,0,4,1,c04 c13,c04 c13,c04 c13
main|astana_clinic|nc16|np5|br0.25|one_heavy|ms3|r300|s7,main,astana_clinic,16,5,0.25,one_heavy,3,300,7,1714,sha256:2d647dc7a192553db1c441d2fc575ebf1cf5829f540c17e067541f3621c37fd4,579,65536,1,0,4,1,c07 c09,c07 c09,c07 c09
main|astana_clinic|nc16|np5|br0.25|one_heavy|ms3|r300|s8,main,astana_clinic,16,5,0.25,one_heavy,3,300,8,2210,sha256:b57f8c6d2f38f7022eee269f37ec08933231825a9f4c4e799072a53a794728af,648,65536,1,0,5,1,c11 c13,c11 c13,c11 c13
main|astana_clinic|nc16|np5|br0.25|one_heavy|ms3|r300|s9,main,astana_clinic,16,5,0.25,one_heavy,3,300,9,2575,sha256:795f854ab75e2b4dca001f12f48f269e0b35fadaab1be1489280814766c09ce9,678,65536,1,0,6,1,c07 c10 c13,c07 c10 c13,c07 c10 c13
main|astana_clinic|nc16|np5|br0.5|uniform|ms3|r300|s0,main,astana_clinic,16,5,0.5,uniform,3,300,0,3483,sha256:4850535dbd1134ea789db67af2fc28b74dc39d32c24577abbd15e648bd94b6dc,697,65536,0,0,7,1,c01 c07 c08,c01 c07 c08,c01 c07 c08
main|astana_clinic|nc16|np5|br0.5|uniform|ms3|r300|s1,main,astana_clinic,16,5,0.5,uniform,3,300,1,4888,sha256:9e2ba3aa3e915d5f634b460543aaad7d42a7bd2ec7ff9d30a3f3a509daa3c9aa,697,65536,0,0,4,1,c02 c09,c02 c09,c02 c09
main|astana_clinic|nc16|np5|br0.5|uniform|ms3|r300|s2,main,astana_clinic,16,5,0.5,uniform,3,300,2,2992,sha256:aa9e8c2f74b7ef8e192cf84bfc94e80762e8980344cffb17db534e46b834b8de,697,65536,0,0,7,2,c03 c11 c12,c03 c08 c12,c03 c11 c12
main|astana_clinic|nc16|np5|br0.5|uniform|ms3|r300|s3,main,astana_clinic,16,5,0.5,uniform,3,300,3,5006,sha256:096ab0f388cb7b4495da0e007aa4c55a9aa4c13a4d2d0605c81e2349724234e7,697,65536,0,0,5,1,c06,c06,c06
main|astana_clinic|nc16|np5|br0.5|uniform|ms3|r300|s4,main,astana_clinic,16,5,0.5,uniform,3,300,4,3301,sha256:48dc2292a67ad414487e1e9cc7e0a19ed6be1420a79501214eb04eb5bc18a066,697,65536,0,0,2,1,c10,c10,c10
main|astana_clinic|nc16|np5|br0.5|uniform|ms3|r300|s5,main,astana_clinic,16,5,0.5,uniform,3,300,5,4164,sha256:dec31c460543f6c714812f34af3fff3489381a8a11f38ff4658e992adf9f5d17,697,65536,0,0,6,1,c00 c07 c08,c00 c07 c08,c00 c07 c08
main|astana_clinic|nc16|np5|br0.5|uniform|ms3|r300|s6,main,astana_clinic,16,5,0.5,uniform,3,300,6,4033,sha256:e915395af7e83c8d422fa93bf067adca8b9a4565fa5163fb8d89928b2fe54da0,697,65536,0,0,3,1,c08 c12,c08 c12,c08 c12
main|astana_clinic|nc16|np5|br0.5|uniform|ms3|r300|s7,main,astana_clinic,16,5,0.5,uniform,3,300,7,5131,sha256:22304a9550710a6213d744a0be0da88f8529c8776525a5f4ca1ac92c97dfaa1e,697,65536,0,0,2,1,c08,c08,c08
main|astana_clinic|nc16|np5|br0.5|uniform|ms3|r300|s8,main,astana_clinic,16,5,0.5,uniform,3,300,8,4455,sha256:50754d9857a1fb56f3ee87e5ef62751cdd3e98756c9b3d9754bca92ac8f7f272,697,65536,0,0,9,1,c01 c04 c08,c01 c04 c08,c01 c04 c08
main|astana_clinic|nc16|np5|br0.5|uniform|ms3|r300|s9,main,astana_clinic,16,5,0.5,uniform,3,300,9,4248,sha256:de5ffa16b6a860a486ba3a4dd56e8d1a37eadef0e193b8d8da0f0e4167c89329,697,65536,0,0,11,1,c01 c07 c10,c01 c07 c10,c01 c07 c10
main|astana_clinic|nc16|np5|br0.5|random_1_100|ms3|r300|s0,main,astana_clinic,16,5,0.5,random_1_100,3,300,0,4197,sha256:a37a12b6d101a4a19514bcaefb86af34ecb1f915dfba9b72bc8be10e16ad6083,697,65536,0,0,8,1,c04 c13 c14,c04 c13 c14,c04 c13 c14
main|astana_clinic|nc16|np5|br0.5|random_1_100|ms3|r300|s1,main,astana_clinic,16,5,0.5,random_1_100,3,300,1,3456,sha256:abcb4487fe6ca4dcdb16cc8cbbfae647282a6472fd74a9c8c46173b9fd836fb4,697,65536,0,0,3,1,c06 c07,c06 c07,c06 c07
main|astana_clinic|nc16|np5|br0.5|random_1_100|ms3|r300|s2,main,astana_clinic,16,5,0.5,random_1_100,3,300,2,5357,sha256:1b2f0bee4ce80eba8064c97446ef09b20bb5bbeebe6de6040bc596c7f4c4c424,697,65536,0,0,3,1,c01 c03,c01 c03,c01 c03
main|astana_clinic|nc16|np5|br0.5|random_1_100|ms3|r300|s3,main,astana_clinic,16,5,0.5,random_1_100,3,300,3,3979,sha256:e4a9ec96e5962a2f19d220bd4e6a763b1c84052d9e6d7cb287a9aaf81131bb97,697,65536,0,0,6,1,c02 c08 c13,c02 c08 c13,c02 c08 c13
main|astana_clinic|nc16|np5|br0.5|random_1_100|ms3|r300|s4,main,astana_clinic,16,5,0.5,random_1_100,3,300,4,4276,sha256:3f1a3449e5caf724eea36f9b2a16c42d1d9ce5584f40f26f3d0980d51bc66b8b,697,65536,0,0,10,1,c00 c09 c11,c00 c09 c11,c00 c09 c11
main|astana_clinic|nc16|np5|br0.5|random_1_100|ms3|r300|s5,main,astana_clinic,16,5,0.5,random_1_100,3,300,5,5159,sha256:58a39b354990d88b6a68fac774b63b37e296f54256698c300b722b25b27a023b,697,65536,0,0,4,1,c08 c13,c08 c13,c08 c13
main|astana_clinic|nc16|np5|br0.5|random_1_100|ms3|r300|s6,main,astana_clinic,16,5,0.5,random_1_100,3,300,6,4718,sha256:294008624eaed7105fc67c2da3ad1020623fac2e3e6a5d2dff14e0711f48cfcf,697,65536,0,0,7,1,c07 c08 c13,c07 c08 c13,c07 c08 c13
main|astana_clinic|nc16|np5|br0.5|random_1_100|ms3|r300|s7,main,astana_clinic,16,5,0.5,random_1_100,3,300,7,4489,sha256:72ae8b60dde535a211036ab4d6445b891b1bb569b8477efcb0c7733f1a559c20,697,65536,0,0,7,1,c06 c07 c15,c06 c07 c15,c06 c07 c15
main|astana_clinic|nc16|np5|br0.5|random_1_100|ms3|r300|s8,main,astana_clinic,16,5,0.5,random_1_100,3,300,8,4607,sha256:6952879b7d5c59e62d2b72a7ff5f95a11eb2bc0a1938c88b9c88684776a5dfb8,697,65536,0,0,4,1,c10 c13,c10 c13,c10 c13
main|astana_clinic|nc16|np5|br0.5|random_1_100|ms3|r300|s9,main,astana_clinic,16,5,0.5,random_1_100,3,300,9,4785,sha256:5f2c30bce8035604a7fa7b7448562484c947495f36788b5c57172e23ccaa6e31,697,65536,0,0,5,1,c01 c10 c14,c01 c10 c14,c01 c10 c14
main|astana_clinic|nc16|np5|br0.5|one_heavy|ms3|r300|s0,main,astana_clinic,16,5,0.5,one_heavy,3,300,0,4298,sha256:13b137fb21c5523cd5ccaa00ae9ad8617d35df1b46ad820830cd937f4d7e5390,697,65536,0,0,4,1,c04 c12 c15,c04 c12 c15,c04 c12 c15
main|astana_clinic|nc16|np5|br0.5|one_heavy|ms3|r300|s1,main,astana_clinic,16,5,0.5,one_heavy,3,300,1,3481,sha256:01c547a4badb87d14d1eba6201cb5fd5de9c097369c789099aa84f54785f71d7,697,65536,0,0,4,1,c11 c15,c11 c15,c11 c15
main|astana_clinic|nc16|np5|br0.5|one_heavy|ms3|r300|s2,main,astana_clinic,16,5,0.5,one_heavy,3,300,2,3364,sha256:9b37915d32c1318dba64a841719e01ffdcada7252e84f25ea6912c0b464efb36,697,65536,0,0,4,1,c10 c14,c10 c14,c10 c14
main|astana_clinic|nc16|np5|br0.5|one_heavy|ms3|r300|s3,main,astana_clinic,16,5,0.5,one_heavy,3,300,3,4993,sha256:de35cf3322a68e81733f73882d119a99ab9e17fa2be0835ff866bd9e45312754,697,65536,0,0,6,1,c02 c09 c13,c02 c09 c13,c02 c09 c13
main|astana_clinic|nc16|np5|br0.5|one_heavy|ms3|r300|s4,main,astana_clinic,16,5,0.5,one_heavy,3,300,4,3920,sha256:ebf12bfe772b335f654e79cacbbe3d70c05e570f77fb93b8ec2d7b0e7793b2ad,697,65536,0,0,2,1,c15,c15,c15
main|astana_clinic|nc16|np5|br0.5|one_heavy|ms3|r300|s5,main,astana_clinic,16,5,0.5,one_heavy,3,300,5,4582,sha256:41547063555c54738dd693028c570f78bf92cbf8dca6d1a5ebfa67d6fccf3408,697,65536,0,0,6,1,c02 c03 c09,c02 c03 c09,c02 c03 c09
main|astana_clinic|nc16|np5|br0.5|one_heavy|ms3|r300|s6,main,astana_clinic,16,5,0.5,one_heavy,3,300,6,4612,sha256:6fb79894f7ee83db443f9c0fef00ac884ff51f4e90b1ba098ca44973c77ddb6b,697,65536,0,0,5,1,c02 c07,c02 c07,c02 c07
main|astana_clinic|nc16|np5|br0.5|one_heavy|ms3|r300|s7,main,astana_clinic,16,5,0.5,one_heavy,3,300,7,4447,sha256:d328650b28ea3dcbcf5231f9aeaf5e830d950d814c7eaf4052e4a6877db5d039,697,65536,0,0,2,1,c02,c02,c02
main|astana_clinic|nc16|np5|br0.5|one_heavy|ms3|r300|s8,main,astana_clinic,16,5,0.5,one_heavy,3,300,8,3671,sha256:090bd2475d458a603d07959a74f82e4aab4c2948f89820be934878322c656a23,697,65536,0,0,9,1,c08 c11 c15,c08 c11 c15,c08 c11 c15
main|astana_clinic|nc16|np5|br0.5|one_heavy|ms3|r300|s9,main,astana_clinic,16,5,0.5,one_heavy,3,300,9,4725,sha256:735f5224eafe6e6ecf9ce311b61badf5b1f9a4610422e5fb93d5a926ced1445c,697,65536,0,0,4,1,c04 c12,c04 c12,c04 c12
main|astana_clinic|nc16|np5|br1.0|uniform|ms3|r300|s0,main,astana_clinic,16,5,1.0,uniform,3,300,0,8449,sha256:8305ea9379d50ea5ec6c3f3c79ce97f80fe04cd8232e0ad263579818ee732b9d,697,65536,0,0,5,1,c12 c13 c14,c12 c13 c14,c12 c13 c14
main|astana_clinic|nc16|np5|br1.0|uniform|ms3|r300|s1,main,astana_clinic,16,5,1.0,uniform,3,300,1,8406,sha256:ae1f8c36fd5db88872933d5c6e24b6f214c948092aa62bf25a50026d34efdb9a,697,65536,0,0,5,1,c03 c11 c13,c03 c11 c13,c03 c11 c13
main|astana_clinic|nc16|np5|br1.0|uniform|ms3|r300|s2,main,astana_clinic,16,5,1.0,uniform,3,300,2,7820,sha256:b1223dfa1275f31490c7b5b4e87be17fa28e7dc197ad1626d8e4927c00aca124,697,65536,0,0,5,1,c02 c07,c02 c07,c02 c07
main|astana_clinic|nc16|np5|br1.0|uniform|ms3|r300|s3,main,astana_clinic,16,5,1.0,uniform,3,300,3,8110,sha256:7b0e4153fb60c038caeb0471d8494a5c638f8be6e1624664a247e9a5f0c2d860,697,65536,0,0,4,1,c02 c12,c02 c12,c02 c12
main|astana_clinic|nc16|np5|br1.0|uniform|ms3|r300|s4,main,astana_clinic,16,5,1.0,uniform,3,300,4,7948,sha256:c20b4c8d16e9369af28004e84376936f185d6df61a3d3d0aa86d7854ab374071,697,65536,0,0,1,1,,,
main|astana_clinic|nc16|np5|br1.0|uniform|ms3|r300|s5,main,astana_clinic,16,5,1.0,uniform,3,300,5,9718,sha256:69c71c8c8995f71cf35947e461ec59a260d4087591d49fdbcc87f60076789a56,697,65536,0,0,5,1,c01 c07,c01 c07,c01 c07
main|astana_clinic|nc16|np5|br1.0|uniform|ms3|r300|s6,main,astana_clinic,16,5,1.0,uniform,3,300,6,10078,sha256:ed81e1168efee8076052bf474f95154b6c1e6135debf79c62264a3589896823f,697,65536,0,0,4,1,c06 c10,c06 c10,c06 c10
main|astana_clinic|nc16|np5|br1.0|uniform|ms3|r300|s7,main,astana_clinic,16,5,1.0,uniform,3,300,7,9510,sha256:4e021c7ff29e2964f94834718473bde8548db1a4d7d3690c8cc532c1c9df0c70,697,65536,0,0,4,1,c02 c06,c02 c06,c02 c06
main|astana_clinic|nc16|np5|br1.0|uniform|ms3|r300|s8,main,astana_clinic,16,5,1.0,uniform,3,300,8,11024,sha256:3d8518472fdb46fb615a235981eb2ba2c5e7d5645861c12c2248305971ff5f3a,697,65536,0,0,2,1,c14,c14,c14
main|astana_clinic|nc16|np5|br1.0|uniform|ms3|r300|s9,main,astana_clinic,16,5,1.0,uniform,3,300,9,8325,sha256:813ba0842618f3c979fcc2c0e0d1bbc671fc4c510974efc92c1dc14422fb63d2,697,65536,0,0,8,1,c09 c12 c14,c09 c12 c14,c09 c12 c14
main|astana_clinic|nc16|np5|br1.0|random_1_100|ms3|r300|s0,main,astana_clinic,16,5,1.0,random_1_100,3,300,0,9867,sha256:f3e98dfea9df55fd32eb050cf4b8a5e646c1d38e740ab7031bd1b05ed8e9693b,697,65536,0,0,1,1,,,
main|astana_clinic|nc16|np5|br1.0|random_1_100|ms3|r300|s1,main,astana_clinic,16,5,1.0,random_1_100,3,300,1,9162,sha256:c164bfdc16db54e8c0e0457282c37a8f930b811ca3dc2f5660a86f29fd7604fa,697,65536,0,0,5,1,c05 c09,c05 c09,c05 c09
main|astana_clinic|nc16|np5|br1.0|random_1_100|ms3|r300|s2,main,astana_clinic,16,5,1.0,random_1_100,3,300,2,8347,sha256:ad68c26e42e90a0469785e9ac4cc4ca05ee9263d0b7c1ff995bac4d8b78f63b2,697,65536,0,0,8,1,c00 c06 c15,c00 c06 c15,c00 c06 c15
main|astana_clinic|nc16|np5|br1.0|random_1_100|ms3|r300|s3,main,astana_clinic,16,5,1.0,random_1_100,3,300,3,9576,sha256:cfbce3e44a6fe461068b39c3ae33f83ea326ba39fec6aa84fe0fc3e6c2404ae2,697,65536,0,0,4,1,c05,c05,c05
main|astana_clinic|nc16|np5|br1.0|random_1_100|ms3|r300|s4,main,astana_clinic,16,5,1.0,random_1_100,3,300,4,9646,sha256:a6e863da85e8497c346365e090b66396384857d75e95e24df6a26b6414c473e4,697,65536,0,0,5,1,c07 c13 c15,c07 c13 c15,c07 c13 c15
main|astana_clinic|nc16|np5|br1.0|random_1_100|ms3|r300|s5,main,astana_clinic,16,5,1.0,random_1_100,3,300,5,9534,sha256:b8031e07b9acf435c64cd60d662bf5929e4dd02090fc1ecfeeef70af218a545a,697,65536,0,0,6,1,c02 c03 c09,c02 c03 c09,c02 c03 c09
main|astana_clinic|nc16|np5|br1.0|random_1_100|ms3|r300|s6,main,astana_clinic,16,5,1.0,random_1_100,3,300,6,8675,sha256:9ae6cbd8f70eb5fe5054844ba2e685c8b504b1d49dba8f01b4d57297eb3617b1,697,65536,0,0,3,1,c13,c13,c13
main|astana_clinic|nc16|np5|br1.0|random_1_100|ms3|r300|s7,main,astana_clinic,16,5,1.0,random_1_100,3,300,7,6318,sha256:de23b6c4778494fc33bec89212adbc35ecdaec1c32939d2ecc8d03143beaa8a1,697,65536,0,0,3,1,c05 c13,c05 c13,c05 c13
main|astana_clinic|nc16|np5|br1.0|random_1_100|ms3|r300|s8,main,astana_clinic,16,5,1.0,random_1_100,3,300,8,8897,sha256:49ab698e882009a9289d12a160f20f36b45100d0ab32e8b3274ed7c37123861e,697,65536,0,0,2,1,c14,c14,c14
main|astana_clinic|nc16|np5|br1.0|random_1_100|ms3|r300|s9,main,astana_clinic,16,5,1.0,random_1_100,3,300,9,10583,sha256:f09d6d08dc9a9d9713599b7e2f3140623e8c2c969d64757198be35d36d0e873f,697,65536,0,0,10,1,c01 c09 c11,c01 c09 c11,c01 c09 c11
main|astana_clinic|nc16|np5|br1.0|one_heavy|ms3|r300|s0,main,astana_clinic,16,5,1.0,one_heavy,3,300,0,7368,sha256:0351105824c1b07008a5997ba6c716e74a67ce8daec6acda691da193454401f8,697,65536,0,0,5,1,c01 c08 c13,c01 c08 c13,c01 c08 c13
main|astana_clinic|nc16|np5|br1.0|one_heavy|ms3|r300|s1,main,astana_clinic,16,5,1.0,one_heavy,3,300,1,11001,sha256:75e4e5719cfbef0f48042f807a04869bb96cd4209e9537c55d15559d68a15e09,697,65536,0,0,3,1,c03 c15,c03 c15,c03 c15
main|astana_clinic|nc16|np5|br1.0|one_heavy|ms3|r300|s2,main,astana_clinic,16,5,1.0,one_heavy,3,300,2,8406,sha256:c0c2cb417b08f18049026683b760bfaf41a59df631748dcf91e4d9538a037c2d,697,65536,0,0,3,1,c06 c12,c06 c12,c06 c12
main|astana_clinic|nc16|np5|br1.0|one_heavy|ms3|r300|s3,main,astana_clinic,16,5,1.0,one_heavy,3,300,3,9572,sha256:2ffa51154680e9ae1d75c0c0baad2749e6eac69c844eefa08f256c026716efd6,697,65536,0,0,5,1,c00 c07 c13,c00 c07 c13,c00 c07 c13
main|astana_clinic|nc16|np5|br1.0|one_heavy|ms3|r300|s4,main,astana_clinic,16,5,1.0,one_heavy,3,300,4,9325,sha256:9ddc892bfbbf9ceba8ac1d1283e2ec7151c3f27294d9743ff051c32d10a41b50,697,65536,0,0,2,1,c08,c08,c08
main|astana_clinic|nc16|np5|br1.0|one_heavy|ms3|r300|s5,main,astana_clinic,16,5,1.0,one_heavy,3,300,5,7238,sha256:ca6d32646cc184d27dd69303c592f017f5bb3434b6f6391217392753c2c9b4d9,697,65536,0,0,10,1,c01 c07 c14,c01 c07 c14,c01 c07 c14
main|astana_clinic|nc16|np5|br1.0|one_heavy|ms3|r300|s6,main,astana_clinic,16,5,1.0,one_heavy,3,300,6,9032,sha256:dd5a6d9a61f619116504d78a15ea249593e9144e910ade8eb73e518282a8f3f7,697,65536,0,0,4,1,c07 c10,c07 c10,c07 c10
main|astana_clinic|nc16|np5|br1.0|one_heavy|ms3|r300|s7,main,astana_clinic,16,5,1.0,one_heavy,3,300,7,8775,sha256:c2319b6805d8756969aa4b902ab0d181cf29da0a031d075d343ce3699913ef7e,697,65536,0,0,3,1,c15,c15,c15
main|astana_clinic|nc16|np5|br1.0|one_heavy|ms3|r300|s8,main,astana_clinic,16,5,1.0,one_heavy,3,300,8,9828,sha256:1e3b45b2b7f151a95db79837ffbabd84d7be71a849bb6d83863ab544d8c42323,697,65536,0,0,2,1,c13,c13,c13
main|astana_clinic|nc16|np5|br1.0|one_heavy|ms3|r300|s9,main,astana_clinic,16,5,1.0,one_heavy,3,300,9,9872,sha256:92a8cb2372d80c5fa8cd282f718a7724ededf40fc04af783ba2a6a8359ad40ce,697,65536,0,0,1,1,,,
main|astana_clinic|nc16|np15|br0.25|uniform|ms3|r300|s0,main,astana_clinic,16,15,0.25,uniform,3,300,0,2004,sha256:28973c50fd54bb8bb6f8fe35fb1289d98bafe85166ec6ed6f984cdd3600f31fb,631,65536,1,0,12,1,c01 c02 c13,c01 c02 c13,c01 c02 c13
main|astana_clinic|nc16|np15|br0.25|uniform|ms3|r300|s1,main,astana_clinic,16,15,0.25,uniform,3,300,1,2401,sha256:94d01584a3ff12f1432ca1585f6efcd972c4d5419376e2a27898d97250eda50b,655,65536,1,0,15,1,c01 c07 c14,c01 c07 c14,c01 c07 c14
main|astana_clinic|nc16|np15|br0.25|uniform|ms3|r300|s2,main,astana_clinic,16,15,0.25,uniform,3,300,2,2066,sha256:297d436462799ae38628fb5413ee4c49d87d6f9629fd6ca020d69ba5ce237cc7,629,65536,1,0,14,2,c00 c03 c14,c00 c01 c03,c00 c03 c14
main|astana_clinic|nc16|np15|br0.25|uniform|ms3|r300|s3,main,astana_clinic,16,15,0.25,uniform,3,300,3,2176,sha256:e9476e21f9b1cedcdcbd7a5c1249dae3416564d7096cef29c896f84dbb6407f1,624,65536,1,0,11,2,c01 c03 c07,c03 c07 c11,c01 c03 c07
main|astana_clinic|nc16|np15|br0.25|uniform|ms3|r300|s4,main,astana_clinic,16,15,0.25,uniform,3,300,4,2139,sha256:361846588c3afa2555680cf3af20fd22db4f14cbd25b87f021650448e305504d,640,65536,1,0,12,1,c00 c12 c14,c00 c12 c14,c00 c12 c14
main|astana_clinic|nc16|np15|br0.25|uniform|ms3|r300|s5,main,astana_clinic,16,15,0.25,uniform,3,300,5,2098,sha256:4b96240338ba566f8316c971b1bb69ca120407db761742466860cd371db953be,661,65536,1,0,14,2,c06 c07 c10,c07 c10 c11,c06 c07 c10
main|astana_clinic|nc16|np15|br0.25|uniform|ms3|r300|s6,main,astana_clinic,16,15,0.25,uniform,3,300,6,2698,sha256:c1849bf1ab6c84327efb72b80db0899f2610087aa83b5f10eb122c592255736c,694,65536,1,0,9,3,c02 c09 c15,c02 c03 c15,c02 c13 c15
main|astana_clinic|nc16|np15|br0.25|uniform|ms3|r300|s7,main,astana_clinic,16,15,0.25,uniform,3,300,7,2171,sha256:61db9fe9bdeb648226053eb91a3a765dfd50687ef1b525065a4806771febf8c3,627,65536,1,0,9,1,c02 c04 c08,c02 c04 c08,c02 c04 c08
main|astana_clinic|nc16|np15|br0.25|uniform|ms3|r300|s8,main,astana_clinic,16,15,0.25,uniform,3,300,8,2471,sha256:1913b7769a7cc6fdeeb60a90e8032cc9ac67da1cc2a9d47ffdcee418e3cb9e25,675,65536,1,0,11,1,c04 c10 c13,c04 c10 c13,c04 c10 c13
main|astana_clinic|nc16|np15|br0.25|uniform|ms3|r300|s9,main,astana_clinic,16,15,0.25,uniform,3,300,9,2215,sha256:b0f494608de087c543e1616bd80eef8fa50b6ecb33185416667a3dc196ea64ce,646,65536,1,0,7,2,c03 c11 c14,c03 c08 c14,c03 c11 c14
main|astana_clinic|nc16|np15|br0.25|random_1_100|ms3|r300|s0,main,astana_clinic,16,15,0.25,random_1_100,3,300,0,1953,sha256:4bfdc3d63e8e21924dac2c6cab971d92708f7e07c3e0429018269b71cd48bc80,624,65536,1,0,16,3,c00 c07 c08,c00 c01 c02,c00 c02 c08
main|astana_clinic|nc16|np15|br0.25|random_1_100|ms3|r300|s1,main,astana_clinic,16,15,0.25,random_1_100,3,300,1,2290,sha256:4c2fb91481b59048a29794b73aff6e77f4f74bd81090f9adc32ed06ac4c1c8ba,654,65536,1,0,9,1,c03 c12 c15,c03 c12 c15,c03 c12 c15
main|astana_clinic|nc16|np15|br0.25|random_1_100|ms3|r300|s2,main,astana_clinic,16,15,0.25,random_1_100,3,300,2,2284,sha256:a105b22dfc071bfbc7d34017cc2889bbc878da50db2784e066f167ffa659574c,654,65536,1,0,10,3,c07 c08 c11,c01 c08 c11,c08 c11 c13
main|astana_clinic|nc16|np15|br0.25|random_1_100|ms3|r300|s3,main,astana_clinic,16,15,0.25,random_1_100,3,300,3,2264,sha256:614edd3c51d5caeb9dd07ae03fa169f0765f631325e16b9f98bdc88c81a57d27,641,65536,1,0,8,2,c03 c05 c15,c01 c05 c15,c03 c05 c15
main|astana_clinic|nc16|np15|br0.25|random_1_100|ms3|r300|s4,main,astana_clinic,16,15,0.25,random_1_100,3,300,4,1969,sha256:30e19b977d6775bdc95ada2c93bfbd02c3b6ac76f7eb2fe4e4c003074f63be03,630,65536,1,0,6,1,c09 c12 c15,c09 c12 c15,c09 c12 c15
main|astana_clinic|nc16|np15|br0.25|random_1_100|ms3|r300|s5,main,astana_clinic,16,15,0.25,random_1_100,3,300,5,2445,sha256:e83130612464665608a6d97317a9e456bd67a21450271c1d99237db79e0f19a7,681,65536,1,0,10,2,c01 c05 c15,c01 c05 c15,c05 c06 c08
main|astana_clinic|nc16|np15|br0.25|random_1_100|ms3|r300|s6,main,astana_clinic,16,15,0.25,random_1_100,3,300,6,2068,sha256:fe19d52c01f0491cd66246a5cc274695fcb5ae77d3b73ad4506617d8fde84c42,629,65536,1,0,12,2,c02 c12 c15,c01 c02 c15,c02 c12 c15
main|astana_clinic|nc16|np15|br0.25|random_1_100|ms3|r300|s7,main,astana_clinic,16,15,0.25,random_1_100,3,300,7,1979,sha256:205f7a9ebf7f72ea5463e7cda69ceb238acf70d931324ce8fc7ae68bfda48de8,647,65536,1,0,9,2,c07 c10 c14,c10 c14 c15,c10 c14 c15
main|astana_clinic|nc16|np15|br0.25|random_1_100|ms3|r300|s8,main,astana_clinic,16,15,0.25,random_1_100,3,300,8,2356,sha256:63af39a978883ddfd34fa537be7874a535a488c306076965f99ca82813788302,673,65536,1,0,8,1,c02 c04 c09,c02 c04 c09,c02 c04 c09
main|astana_clinic|nc16|np15|br0.25|random_1_100|ms3|r300|s9,main,astana_clinic,16,15,0.25,random_1_100,3,300,9,2555,sha256:1f5fb89f133b6974b988b98893248ece45d530878988121b066e726a238c7d9e,680,65536,1,0,12,2,c00 c11 c15,c00 c11 c15,c11 c13 c15
main|astana_clinic|nc16|np15|br0.25|one_heavy|ms3|r300|s0,main,astana_clinic,16,15,0.25,one_heavy,3,300,0,1972,sha256:68bbe170d901fc6b309edc40b8b44a8972988295fb14d24d83a4768d4b1c0beb,626,65536,1,0,11,2,c02 c13 c15,c00 c02 c13,c00 c02 c13
main|astana_clinic|nc16|np15|br0.25|one_heavy|ms3|r300|s1,main,astana_clinic,16,15,0.25,one_heavy,3,300,1,2151,sha256:622bfe4a143439add87301ad1888753b3b31b2dd1feb1f97c126af45f220fee2,611,65536,1,0,11,3,c07 c10 c15,c04 c07 c15,c10 c13 c15
main|astana_clinic|nc16|np15|br0.25|one_heavy|ms3|r300|s2,main,astana_clinic,16,15,0.25,one_heavy,3,300,2,2102,sha256:6ebf64342bc703613392255aa67c727c74915934955d7572996d81e07b12d549,662,65536,1,0,14,3,c04 c08 c13,c04 c13 c14,c00 c05 c08
main|astana_clinic|nc16|np15|br0.25|one_heavy|ms3|r300|s3,main,astana_clinic,16,15,0.25,one_heavy,3,300,3,2071,sha256:b9d974a59fc46f2579f70e755a7cb9c8ed27eb33ff8bc5166bce26e0a81bb52c,627,65536,1,0,9,2,c10 c11 c13,c11 c13 c14,c10 c11 c13
main|astana_clinic|nc16|np15|br0.25|one_heavy|ms3|r300|s4,main,astana_clinic,16,15,0.25,one_heavy,3,300,4,2163,sha256:1da6ebfa39b2e84a93f432353d33e18c7235496b50d3be1a22c1d18af6321155,636,65536,1,0,9,3,c02 c10 c13,c02 c08 c10,c02 c06 c10
main|astana_clinic|nc16|np15|br0.25|one_heavy|ms3|r300|s5,main,astana_clinic,16,15,0.25,one_heavy,3,300,5,2007,sha256:d2acd45c145c73526ba42e0a74efaad1ff6b6c886029a1faff0967fa030b9222,613,65536,1,0,6,1,c06 c08 c15,c06 c08 c15,c06 c08 c15
main|astana_clinic|nc16|np15|br0.25|one_heavy|ms3|r300|s6,main,astana_clinic,16,15,0.25,one_heavy,3,300,6,2272,sha256:2b50b66c817bdbbaa166f89b92c479d5875d86e00a71093de755c25f3b012164,642,65536,1,0,13,1,c03 c06 c10,c03 c06 c10,c03 c06 c10
main|astana_clinic|nc16|np15|br0.25|one_heavy|ms3|r300|s7,main,astana_clinic,16,15,0.25,one_heavy,3,300,7,2061,sha256:edd4db62a3770f36773ad5b08c22d2f7ff40045ef3733361d472e633926e5325,635,65536,1,0,13,3,c06 c09 c12,c05 c06 c09,c06 c09 c14
main|astana_clinic|nc16|np15|br0.25|one_heavy|ms3|r300|s8,main,astana_clinic,16,15,0.25,one_heavy,3,300,8,1893,sha256:92a7a178d0471b4c2835d2f9ed875ef200668f031cc6bb84488fa9e4dc5ba955,649,65536,1,0,22,2,c01 c03 c06,c01 c03 c06,c01 c06 c14
main|astana_clinic|nc16|np15|br0.25|one_heavy|ms3|r300|s9,main,astana_clinic,16,15,0.25,one_heavy,3,300,9,2539,sha256:43f10362a99089fa5ad3ab250ac75bec957cd9a6f1c305966b1646a82c1be3b5,637,65536,1,0,23,2,c04 c08 c11,c02 c06 c08,c04 c08 c11
main|astana_clinic|nc16|np15|br0.5|uniform|ms3|r300|s0,main,astana_clinic,16,15,0.5,uniform,3,300,0,4651,sha256:249e15bd68a8c870a3aa1c6ac1bdbc4402e8d2969efaf3108c4d7751ad733199,697,65536,0,0,9,2,c00 c06 c13,c00 c06 c11,c00 c06 c13
main|astana_clinic|nc16|np15|br0.5|uniform|ms3|r300|s1,main,astana_clinic,16,15,0.5,uniform,3,300,1,4601,sha256:4c41999eff1dd6776ffe4900f7387e5802ed515a3ce0c0eb8f862f5339ad6be0,697,65536,0,0,8,2,c07 c12 c15,c07 c12 c15,c04 c07 c12
main|astana_clinic|nc16|np15|br0.5|uniform|ms3|r300|s2,main,astana_clinic,16,15,0.5,uniform,3,300,2,4032,sha256:f9d703e114deae65fa40ec5ae5609142a6f2f519ff4fb9638a4e9f1ea85e5d92,697,65536,0,0,11,2,c03 c04 c09,c03 c11 c12,c03 c04 c09
main|astana_clinic|nc16|np15|br0.5|uniform|ms3|r300|s3,main,astana_clinic,16,15,0.5,uniform,3,300,3,4806,sha256:2a7f87bb42f61fe72f1dc77549e14de682e64fac31056747684f8bca4bb9c6f3,697,65536,0,0,5,2,c02 c11 c15,c11 c14 c15,c02 c11 c15
main|astana_clinic|nc16|np15|br0.5|uniform|ms3|r300|s4,main,astana_clinic,16,15,0.5,uniform,3,300,4,5189,sha256:f6ab8493eb409fc48061761664ef59145e64b8c7584049e4a14484d2b44211d2,697,65536,0,0,9,2,c06 c09 c12,c06 c09 c14,c06 c09 c12
main|astana_clinic|nc16|np15|br0.5|uniform|ms3|r300|s5,main,astana_clinic,16,15,0.5,uniform,3,300,5,5015,sha256:9651b165316a26fdb473a989014337bbf27632cb46885f245b3b87cb22ab2ae6,697,65536,0,0,10,1,c05 c10 c14,c05 c10 c14,c05 c10 c14
main|astana_clinic|nc16|np15|br0.5|uniform|ms3|r300|s6,main,astana_clinic,16,15,0.5,uniform,3,300,6,3439,sha256:d12c62c9ffe5947eb97a744ec1cb09914f7b93908a53d1bef1fc9cb6730a02e3,697,65536,0,0,16,3,c00 c03 c14,c00 c03 c10,c00 c03 c13
main|astana_clinic|nc16|np15|br0.5|uniform|ms3|r300|s7,main,astana_clinic,16,15,0.5,uniform,3,300,7,4828,sha256:13523f7f79b690847cdc3d2ecc544d0e9aa7a3072223975744bea9c6294609f1,697,65536,0,0,15,2,c01 c06 c15,c01 c06 c15,c01 c11 c15
main|astana_clinic|nc16|np15|br0.5|uniform|ms3|r300|s8,main,astana_clinic,16,15,0.5,uniform,3,300,8,5230,sha256:c313f843f2fca6f22d0be95b4c2eb8aaf580bb6fde1e2745f14a2a5a37ecd3fe,697,65536,0,0,21,1,c01 c07 c14,c01 c07 c14,c01 c07 c14
main|astana_clinic|nc16|np15|br0.5|uniform|ms3|r300|s9,main,astana_clinic,16,15,0.5,uniform,3,300,9,5367,sha256:00e10dbbb9ffea7692274e2d036a7d38e1ca5f5e80dca7990af181656a5db27d,697,65536,0,0,8,1,c00 c02 c15,c00 c02 c15,c00 c02 c15
main|astana_clinic|nc16|np15|br0.5|random_1_100|ms3|r300|s0,main,astana_clinic,16,15,0.5,random_1_100,3,300,0,3528,sha256:37eddd0587fd4ba4e0af0c9ec43688bb878bfd62e50d7ada97accc5354d53e0d,697,65536,0,0,11,2,c01 c06 c09,c06 c09 c12,c01 c06 c09
main|astana_clinic|nc16|np15|br0.5|random_1_100|ms3|r300|s1,main,astana_clinic,16,15,0.5,random_1_100,3,300,1,4307,sha256:4ba003ce8711c2b04b2cbc98988b150da3e8b85612b113474bb7ba867bbe11e2,697,65536,0,0,6,1,c00 c07 c15,c00 c07 c15,c00 c07 c15
main|astana_clinic|nc16|np15|br0.5|random_1_100|ms3|r300|s2,main,astana_clinic,16,15,0.5,random_1_100,3,300,2,4431,sha256:3251bb862070fe0f5505b0bc8b31cb98ca8e6326b69640e621bd27231c4d1617,697,65536,0,0,7,2,c04 c11 c13,c04 c07 c11,c04 c11 c13
main|astana_clinic|nc16|np15|br0.5|random_1_100|ms3|r300|s3,main,astana_clinic,16,15,0.5,random_1_100,3,300,3,4505,sha256:537c770fd1009c2999308784aa26ac75ef0cf5693856125ccdac2efd224fc06e,697,65536,0,0,10,2,c04 c13 c15,c01 c04 c15,c01 c04 c15
main|astana_clinic|nc16|np15|br0.5|random_1_100|ms3|r300|s4,main,astana_clinic,16,15,0.5,random_1_100,3,300,4,4750,sha256:fc3739ed8d1c40c1e3dd8559d3d57a554127e9d91426630c98531690dda495dc,697,65536,0,0,9,1,c05 c06 c10,c05 c06 c10,c05 c06 c10
main|astana_clinic|nc16|np15|br0.5|random_1_100|ms3|r300|s5,main,astana_clinic,16,15,0.5,random_1_100,3,300,5,4184,sha256:0c51de256ff3da3665f286c035bc5adbf1a9d6f788952709b7bb58d11326cba7,697,65536,0,0,16,2,c10 c11 c13,c10 c11 c13,c10 c11 c12
main|astana_clinic|nc16|np15|br0.5|random_1_100|ms3|r300|s6,main,astana_clinic,16,15,0.5,random_1_100,3,300,6,4953,sha256:a9d272f21efd40f0e3a8b6bd2bcb8de9827ecab3b3d63d1f0fe3aee0459f6944,697,65536,0,0,8,2,c00 c06 c11,c00 c07 c11,c00 c06 c11
main|astana_clinic|nc16|np15|br0.5|random_1_100|ms3|r300|s7,main,astana_clinic,16,15,0.5,random_1_100,3,300,7,5008,sha256:88356d1218738b632d8fed5a507beb53b0906fa0de7f499b61fc1c07587ed00d,697,65536,0,0,9,1,c03 c05 c14,c03 c05 c14,c03 c05 c14
main|astana_clinic|nc16|np15|br0.5|random_1_100|ms3|r300|s8,main,astana_clinic,16,15,0.5,random_1_100,3,300,8,4466,sha256:a9b12a196be01a6725e0f26ac3f93a54e4566c73546d3041507dce9f8f9783a0,697,65536,0,0,8,2,c01 c05 c06,c01 c03 c06,c01 c05 c06
main|astana_clinic|nc16|np15|br0.5|random_1_100|ms3|r300|s9,main,astana_clinic,16,15,0.5,random_1_100,3,300,9,3491,sha256:f1662a5284ad9584206055ef7d2f30e24fe0b84c43d25f1fcc35995d7becbae1,697,65536,0,0,13,3,c01 c03 c04,c04 c05 c07,c03 c04 c05
main|astana_clinic|nc16|np15|br0.5|one_heavy|ms3|r300|s0,main,astana_clinic,16,15,0.5,one_heavy,3,300,0,4607,sha256:a5f11861561b4fef7ba2099288432441534b2ddb0fdf8bb6adcd8f912aa4207e,697,65536,0,0,6,1,c05 c07 c10,c05 c07 c10,c05 c07 c10
main|astana_clinic|nc16|np15|br0.5|one_heavy|ms3|r300|s1,main,astana_clinic,16,15,0.5,one_heavy,3,300,1,4817,sha256:ad05e4093956f306400f0c304d57e186744e12ce6f5139c54445880161c2dd3d,697,65536,0,0,11,1,c02 c09 c12,c02 c09 c12,c02 c09 c12
main|astana_clinic|nc16|np15|br0.5|one_heavy|ms3|r300|s2,main,astana_clinic,16,15,0.5,one_heavy,3,300,2,5246,sha256:df7b7b020b0eca081396086c536372f289f085b035880c327b02164926bb8433,697,65536,0,0,7,1,c02 c10 c12,c02 c10 c12,c02 c10 c12
main|astana_clinic|nc16|np15|br0.5|one_heavy|ms3|r300|s3,main,astana_clinic,16,15,0.5,one_heavy,3,300,3,3638,sha256:f5f34bd38c9d946a4a024d816b1842e265b1e5e4c3858afda8fc317a8473c267,697,65536,0,0,8,2,c03 c13 c15,c03 c13 c15,c02 c13 c15
main|astana_clinic|nc16|np15|br0.5|one_heavy|ms3|r300|s4,main,astana_clinic,16,15,0.5,one_heavy,3,300,4,4601,sha256:e2633167ca16a4316224fb5045c5e0054cc71f8f188ddcb5416c342f315a85e6,697,65536,0,0,5,1,c05 c06 c08,c05 c06 c08,c05 c06 c08
main|astana_clinic|nc16|np15|br0.5|one_heavy|ms3|r300|s5,main,astana_clinic,16,15,0.5,one_heavy,3,300,5,4055,sha256:6f9462417a9be2b1ffb63e85e45e4052664c66a9a7e0709725b744f62f56994f,697,65536,0,0,6,2,c00 c03 c11,c00 c03 c11,c00 c01 c03
main|astana_clinic|nc16|np15|br0.5|one_heavy|ms3|r300|s6,main,astana_clinic,16,15,0.5,one_heavy,3,300,6,3980,sha256:1edbc0b209081778d000e08b93a853a48d35a9173e053e8657e3330c332d2e66,697,65536,0,0,7,2,c01 c11 c14,c01 c11 c14,c07 c11 c14
main|astana_clinic|nc16|np15|br0.5|one_heavy|ms3|r300|s7,main,astana_clinic,16,15,0.5,one_heavy,3,300,7,3180,sha256:ff83f7f0ef480a795b69e77ed2113f0761f800172b14e065331fc885ddf578c4,697,65536,0,0,7,2,c01 c03 c04,c01 c04 c10,c01 c03 c04
main|astana_clinic|nc16|np15|br0.5|one_heavy|ms3|r300|s8,main,astana_clinic,16,15,0.5,one_heavy,3,300,8,3953,sha256:b033cd74ff2769121c88a3fd23b21ac52a87ec696d99727dfda7915690cf7c3b,697,65536,0,0,6,1,c00 c11 c15,c00 c11 c15,c00 c11 c15
main|astana_clinic|nc16|np15|br0.5|one_heavy|ms3|r300|s9,main,astana_clinic,16,15,0.5,one_heavy,3,300,9,4427,sha256:20fec1ee925769dd7ad831254fc396cea1dbf5c4d9fbb55c4f765fe6d537fa82,697,65536,0,0,9,2,c03 c08 c09,c03 c09 c15,c03 c09 c15
main|astana_clinic|nc16|np15|br1.0|uniform|ms3|r300|s0,main,astana_clinic,16,15,1.0,uniform,3,300,0,9845,sha256:e814ecbc3c5e41751892db16f704971e3bb268eb5056156c3c06c1741ed45f3f,697,65536,0,0,12,2,c02 c03 c07,c02 c03 c12,c02 c03 c12
main|astana_clinic|nc16|np15|br1.0|uniform|ms3|r300|s1,main,astana_clinic,16,15,1.0,uniform,3,300,1,9885,sha256:7c3bbcf8abd72aa26962a01c6f5b171aa3ccb49e18f288e7a6ca7b3c213d3ec7,697,65536,0,0,9,1,c00 c05 c07,c00 c05 c07,c00 c05 c07
main|astana_clinic|nc16|np15|br1.0|uniform|ms3|r300|s2,main,astana_clinic,16,15,1.0,uniform,3,300,2,7732,sha256:83046fd455a75ae435151eb4e7597a5446cc48e4f5ffb41d8f18c7e79fa6ad5c,697,65536,0,0,8,1,c08 c10 c12,c08 c10 c12,c08 c10 c12
main|astana_clinic|nc16|np15|br1.0|uniform|ms3|r300|s3,main,astana_clinic,16,15,1.0,uniform,3,300,3,9225,sha256:b87c3488d986cb3067439221f76a2e75b7c04da621646a482907cfad116b726d,697,65536,0,0,8,1,c02 c05 c13,c02 c05 c13,c02 c05 c13
main|astana_clinic|nc16|np15|br1.0|uniform|ms3|r300|s4,main,astana_clinic,16,15,1.0,uniform,3,300,4,8554,sha256:ab3fd46052228768a29d7129a6db525daa4507af0461f0abdd9b8fe2cb69821a,697,65536,0,0,11,1,c05 c08 c11,c05 c08 c11,c05 c08 c11
main|astana_clinic|nc16|np15|br1.0|uniform|ms3|r300|s5,main,astana_clinic,16,15,1.0,uniform,3,300,5,8903,sha256:bf1e42db232d075ce7b89ebf432177eef127d8ed5e7f2b0ce04d6c72bf764ed2,697,65536,0,0,19,1,c04 c13 c14,c04 c13 c14,c04 c13 c14
main|astana_clinic|nc16|np15|br1.0|uniform|ms3|r300|s6,main,astana_clinic,16,15,1.0,uniform,3,300,6,8711,sha256:17be33ce94b8ee4526c7c5301ad242a900b258218e53cba74cd06573e20dc444,697,65536,0,0,15,2,c12 c13 c15,c12 c13 c15,c09 c13 c15
main|astana_clinic|nc16|np15|br1.0|uniform|ms3|r300|s7,main,astana_clinic,16,15,1.0,uniform,3,300,7,8829,sha256:17098a41810d28d34e72c4d8601b5d2ceec1ea473e2beeb890dcfceec430e489,697,65536,0,0,9,3,c00 c01 c12,c01 c08 c12,c01 c12 c15
main|astana_clinic|nc16|np15|br1.0|uniform|ms3|r300|s8,main,astana_clinic,16,15,1.0,uniform,3,300,8,6969,sha256:7191fecedaa1c538d5550737b90039579d3edd08437e4a5fe15998d3f33dff56,697,65536,0,0,13,2,c02 c03 c09,c02 c03 c09,c02 c09 c13
main|astana_clinic|nc16|np15|br1.0|uniform|ms3|r300|s9,main,astana_clinic,16,15,1.0,uniform,3,300,9,6545,sha256:06653366b19414abd569896a510e37009c7d90f3253323ae3c4e664d37f58ee6,697,65536,0,0,14,1,c11 c14 c15,c11 c14 c15,c11 c14 c15
main|astana_clinic|nc16|np15|br1.0|random_1_100|ms3|r300|s0,main,astana_clinic,16,15,1.0,random_1_100,3,300,0,9875,sha256:1eb4ce4b787ebf33474f715be9a22ec2baea6653d45912c8775687b458b37ce5,697,65536,0,0,10,1,c06 c10 c14,c06 c10 c14,c06 c10 c14
main|astana_clinic|nc16|np15|br1.0|random_1_100|ms3|r300|s1,main,astana_clinic,16,15,1.0,random_1_100,3,300,1,9380,sha256:8f1894dfd2a8730530311056b0d5e3efe503417401721e00c54618b9d554a420,697,65536,0,0,13,1,c07 c12 c15,c07 c12 c15,c07 c12 c15
main|astana_clinic|nc16|np15|br1.0|random_1_100|ms3|r300|s2,main,astana_clinic,16,15,1.0,random_1_100,3,300,2,8727,sha256:09d63b47fb614e87e0f321f0d09698cd40e994545b90011bb7eb67ef443e71d9,697,65536,0,0,15,2,c05 c09 c11,c08 c09 c11,c05 c09 c11
main|astana_clinic|nc16|np15|br1.0|random_1_100|ms3|r300|s3,main,astana_clinic,16,15,1.0,random_1_100,3,300,3,7963,sha256:4f605adcbefa3c95db34b451740186d0b8f956f56e8faa8c90e07086bc42de34,697,65536,0,0,14,3,c01 c02 c10,c01 c02 c13,c01 c02 c04
main|astana_clinic|nc16|np15|br1.0|random_1_100|ms3|r300|s4,main,astana_clinic,16,15,1.0,random_1_100,3,300,4,7096,sha256:296160bfab210f4ff7caa10ca76fb04d9e82a6e8e3f086e73d298db8818e3736,697,65536,0,0,9,2,c00 c02 c06,c00 c02 c07,c00 c02 c07
main|astana_clinic|nc16|np15|br1.0|random_1_100|ms3|r300|s5,main,astana_clinic,16,15,1.0,random_1_100,3,300,5,8062,sha256:d3a1df2571b402c5adfc481f3710e5405745698500a8190c4e9f474efd51923e,697,65536,0,0,7,1,c06 c09 c11,c06 c09 c11,c06 c09 c11
main|astana_clinic|nc16|np15|br1.0|random_1_100|ms3|r300|s6,main,astana_clinic,16,15,1.0,random_1_100,3,300,6,10273,sha256:be29a19265a0535952e18e66654cfcd09eaa0ccd393cc382501c38d2628944bc,697,65536,0,0,8,3,c00 c07 c11,c00 c11 c15,c00 c07 c15
main|astana_clinic|nc16|np15|br1.0|random_1_100|ms3|r300|s7,main,astana_clinic,16,15,1.0,random_1_100,3,300,7,7716,sha256:c78581e4b017b6e20e47729c45c21278542e610a592b81e98893e11ea1cedafa,697,65536,0,0,9,1,c10 c12 c14,c10 c12 c14,c10 c12 c14
main|astana_clinic|nc16|np15|br1.0|random_1_100|ms3|r300|s8,main,astana_clinic,16,15,1.0,random_1_100,3,300,8,8028,sha256:b1953fe715b4063b21fd5b443dac1cb5778dcd82d2e779c2fe940915438dbc1a,697,65536,0,0,4,1,c03 c05,c03 c05,c03 c05
main|astana_clinic|nc16|np15|br1.0|random_1_100|ms3|r300|s9,main,astana_clinic,16,15,1.0,random_1_100,3,300,9,9437,sha256:76820c01bf81725ce19d82eb91033986861f273be797853328746ac830c47c2d,697,65536,0,0,10,2,c00 c03 c04,c00 c03 c04,c03 c04 c09
main|astana_clinic|nc16|np15|br1.0|one_heavy|ms3|r300|s0,main,astana_clinic,16,15,1.0,one_heavy,3,300,0,8361,sha256:a34f8bd916e5a5de78de4468628d4c693eef7cf59ce89808dc5097b989897fcf,697,65536,0,0,10,1,c02 c04 c14,c02 c04 c14,c02 c04 c14
main|astana_clinic|nc16|np15|br1.0|one_heavy|ms3|r300|s1,main,astana_clinic,16,15,1.0,one_heavy,3,300,1,7267,sha256:a810562361e661355dc1c0c71a5f7d8ad91c9a9ddaff8915cf18aec2e5c9fd6d,697,65536,0,0,12,1,c02 c04 c10,c02 c04 c10,c02 c04 c10
main|astana_clinic|nc16|np15|br1.0|one_heavy|ms3|r300|s2,main,astana_clinic,16,15,1.0,one_heavy,3,300,2,9933,sha256:224f644205ea17c47e4505ce305dbd737158803a53b2a62e3f5424e3979d5c90,697,65536,0,0,11,2,c06 c07 c14,c06 c07 c14,c06 c07 c13
main|astana_clinic|nc16|np15|br1.0|one_heavy|ms3|r300|s3,main,astana_clinic,16,15,1.0,one_heavy,3,300,3,7728,sha256:77fdd6cff2f2b4a9cafcf2d7f287c4a99ee0a0f3f87f104b3b6a032744d175de,697,65536,0,0,8,2,c04 c09 c11,c03 c09 c11,c04 c09 c11
main|astana_clinic|nc16|np15|br1.0|one_heavy|ms3|r300|s4,main,astana_clinic,16,15,1.0,one_heavy,3,300,4,9014,sha256:0c46cbc9413655e0d9cbde78b8fa6895b30be4bfc86edf5b0c6c1bd41c144965,697,65536,0,0,11,2,c12 c14 c15,c02 c12 c14,c02 c12 c14
main|astana_clinic|nc16|np15|br1.0|one_heavy|ms3|r300|s5,main,astana_clinic,16,15,1.0,one_heavy,3,300,5,8948,sha256:8de2d9270d4ae345c9f80df0631f0026a7a84056a3f0dacbb8305976d0243e60,697,65536,0,0,15,2,c01 c10 c11,c01 c05 c11,c01 c10 c11
main|astana_clinic|nc16|np15|br1.0|one_heavy|ms3|r300|s6,main,astana_clinic,16,15,1.0,one_heavy,3,300,6,9021,sha256:7e921d076066c2b291bbf25ab6ce1a7b95a8f79ed76fdd3b7dc3382b4eaceef6,697,65536,0,0,14,1,c00 c09 c12,c00 c09 c12,c00 c09 c12
main|astana_clinic|nc16|np15|br1.0|one_heavy|ms3|r300|s7,main,astana_clinic,16,15,1.0,one_heavy,3,300,7,9724,sha256:bef0669caa923efe4ceeae9c0d6e77dd4313fbf3dff9c8a0d0d572d31b583254,697,65536,0,0,7,1,c03 c13 c15,c03 c13 c15,c03 c13 c15
main|astana_clinic|nc16|np15|br1.0|one_heavy|ms3|r300|s8,main,astana_clinic,16,15,1.0,one_heavy,3,300,8,7736,sha256:7fbefb62828a440abacf9055dd6365746ec724fe224e2af9453f73b3df61f405,697,65536,0,0,10,1,c06 c10 c11,c06 c10 c11,c06 c10 c11
main|astana_clinic|nc16|np15|br1.0|one_heavy|ms3|r300|s9,main,astana_clinic,16,15,1.0,one_heavy,3,300,9,9000,sha256:623353fa26e9de70191f26ea890dffb7dbb966a8be603800830a9e30e2efbff3,697,65536,0,0,6,2,c10 c11 c13,c10 c11 c13,c08 c10 c13
main|astana_clinic|nc16|np25|br0.25|uniform|ms3|r300|s0,main,astana_clinic,16,25,0.25,uniform,3,300,0,2266,sha256:f00ec071dbbf8b0849942cd32f3ec76417ac281094177d6a2a7ad431c8cfe40a,677,65536,1,0,15,3,c07 c13 c14,c00 c07 c13,c01 c03 c07
main|astana_clinic|nc16|np25|br0.25|uniform|ms3|r300|s1,main,astana_clinic,16,25,0.25,uniform,3,300,1,2249,sha256:a265545a8ff4435ab35b0b6a8aed822b28a4ffa197554b4935521c3354ec6c84,642,65536,1,0,19,2,c09 c11 c12,c09 c11 c12,c01 c11 c12
main|astana_clinic|nc16|np25|br0.25|uniform|ms3|r300|s2,main,astana_clinic,16,25,0.25,uniform,3,300,2,2021,sha256:2c1c143f7b9623ab05c08799543744b26aa74b27823d5049c2568c6e4204a2f0,642,65536,1,0,9,2,c01 c02 c08,c01 c02 c04,c01 c02 c08
main|astana_clinic|nc16|np25|br0.25|uniform|ms3|r300|s3,main,astana_clinic,16,25,0.25,uniform,3,300,3,2183,sha256:a03ce61d0097e894d6ebb20183458d39f37d23eefecdf7ae5df6f94cd181046a,640,65536,1,0,10,2,c00 c01 c15,c00 c01 c05,c00 c01 c15
main|astana_clinic|nc16|np25|br0.25|uniform|ms3|r300|s4,main,astana_clinic,16,25,0.25,uniform,3,300,4,2083,sha256:c381abdd11392b9b42eb5033ad7bf7ca49fa1fded9fe1691b9849aad7d7544ae,637,65536,1,0,14,1,c07 c11 c14,c07 c11 c14,c07 c11 c14
main|astana_clinic|nc16|np25|br0.25|uniform|ms3|r300|s5,main,astana_clinic,16,25,0.25,uniform,3,300,5,1767,sha256:0d7fe6dd5ab4ce1a323a93a8ed5a55316c6b92ed71602023d5fdc0cf4326ddac,635,65536,1,0,10,1,c02 c05 c07,c02 c05 c07,c02 c05 c07
main|astana_clinic|nc16|np25|br0.25|uniform|ms3|r300|s6,main,astana_clinic,16,25,0.25,uniform,3,300,6,2270,sha256:06e9d23db2cf24d4414ff8e53794bb3f56f38b7e63a7c5760c5b5ffbdce58482,621,65536,1,0,13,2,c04 c10 c14,c09 c10 c14,c09 c10 c14
main|astana_clinic|nc16|np25|br0.25|uniform|ms3|r300|s7,main,astana_clinic,16,25,0.25,uniform,3,300,7,2519,sha256:b7527e83ee25b952bec954b829030b442316a668b0e3cd17ccc2c056f4a1cbc2,656,65536,1,0,10,2,c08 c10 c15,c06 c10 c15,c06 c10 c15
main|astana_clinic|nc16|np25|br0.25|uniform|ms3|r300|s8,main,astana_clinic,16,25,0.25,uniform,3,300,8,2299,sha256:be96be5587e6b15e4fa9a1f26ce514880cdbb567210565962139764faf3a9f57,633,65536,1,0,14,2,c00 c09 c15,c00 c09 c15,c00 c02 c09
main|astana_clinic|nc16|np25|br0.25|uniform|ms3|r300|s9,main,astana_clinic,16,25,0.25,uniform,3,300,9,2293,sha256:6fe19ad7bb2e6e72bd1b9d060a85be8d874679caad75c422a3d1a790d87ee247,650,65536,1,0,11,3,c08 c09 c13,c11 c12 c13,c08 c12 c13
main|astana_clinic|nc16|np25|br0.25|random_1_100|ms3|r300|s0,main,astana_clinic,16,25,0.25,random_1_100,3,300,0,2093,sha256:2a5d7eab857ed10b4e83be08baf2f0b705d2502b429933c5e88a64daae98d2a1,639,65536,1,0,12,3,c06 c11 c12,c02 c03 c09,c00 c06 c12
main|astana_clinic|nc16|np25|br0.25|random_1_100|ms3|r300|s1,main,astana_clinic,16,25,0.25,random_1_100,3,300,1,2278,sha256:4d57b18dccc476fab76154d4ae33b45f1830a534d8795de69ecd8671b9eaf2b8,647,65536,1,0,10,3,c02 c09 c11,c09 c13 c15,c03 c09 c12
main|astana_clinic|nc16|np25|br0.25|random_1_100|ms3|r300|s2,main,astana_clinic,16,25,0.25,random_1_100,3,300,2,2168,sha256:8cd73e56db65457a2235581319faf04c7c5380766a3930bf1fb41e1816b96766,628,65536,1,0,16,2,c03 c04 c09,c02 c03 c12,c03 c04 c09
main|astana_clinic|nc16|np25|br0.25|random_1_100|ms3|r300|s3,main,astana_clinic,16,25,0.25,random_1_100,3,300,3,2522,sha256:6ca0208199bd82f0a6d7ce172d4bd31f15d6b7aee871820fadf1fb788ad7eaf6,668,65536,1,0,7,2,c02 c07 c15,c02 c07 c15,c06 c07 c15
main|astana_clinic|nc16|np25|br0.25|random_1_100|ms3|r300|s4,main,astana_clinic,16,25,0.25,random_1_100,3,300,4,2307,sha256:4adc897eb4d2b98065308c7b9502fd5d8b09a6ccb91612c96481de901df2bb22,628,65536,1,0,11,3,c01 c03 c08,c03 c05 c13,c03 c05 c08
main|astana_clinic|nc16|np25|br0.25|random_1_100|ms3|r300|s5,main,astana_clinic,16,25,0.25,random_1_100,3,300,5,2159,sha256:ce7bbc4b8d4854c868962859cbec3209f31c859b756a1c9ca5f2fb9b66314c90,655,65536,1,0,12,3,c04 c11 c15,c04 c05 c15,c04 c14 c15
main|astana_clinic|nc16|np25|br0.25|random_1_100|ms3|r300|s6,main,astana_clinic,16,25,0.25,random_1_100,3,300,6,2292,sha256:59fad0e55578edfe05daff879bac2f02209d9e5b99b0e577cc809e2b6f52b0e8,643,65536,1,0,8,2,c05 c06 c12,c04 c05 c06,c05 c06 c12
main|astana_clinic|nc16|np25|br0.25|random_1_100|ms3|r300|s7,main,astana_clinic,16,25,0.25,random_1_100,3,300,7,1793,sha256:ec421f8801d7a885748d5bc63ab6c89647a7d248a1b8c29f50be5008f2d7a028,626,65536,1,0,13,3,c02 c08 c10,c02 c08 c14,c01 c04 c08
main|astana_clinic|nc16|np25|br0.25|random_1_100|ms3|r300|s8,main,astana_clinic,16,25,0.25,random_1_100,3,300,8,2172,sha256:5be30c8e92e26fa3865fceb06673085ae03909609cbb066fe3a5a22c8887e202,695,65536,1,0,10,3,c06 c11 c12,c06 c11 c13,c01 c11 c12
main|astana_clinic|nc16|np25|br0.25|random_1_100|ms3|r300|s9,main,astana_clinic,16,25,0.25,random_1_100,3,300,9,1969,sha256:8c565c6acb93cd6e88c0b37e171d0df35915cf8b755ddc2233c9e08a30d48251,631,65536,1,0,17,2,c02 c04 c12,c02 c04 c12,c02 c06 c12
main|astana_clinic|nc16|np25|br0.25|one_heavy|ms3|r300|s0,main,astana_clinic,16,25,0.25,one_heavy,3,300,0,1835,sha256:4885070b6040b60b37ea9d26876d193ac0fc213f9b7e376fab241e05af8fe791,629,65536,1,0,10,1,c05 c07 c13,c05 c07 c13,c05 c07 c13
main|astana_clinic|nc16|np25|br0.25|one_heavy|ms3|r300|s1,main,astana_clinic,16,25,0.25,one_heavy,3,300,1,2101,sha256:d9a3e6be5e0662e5bbbc6c51c2d2e0b68d4bda0d0d7ad9e294416f40bd213891,628,65536,1,0,9,3,c02 c05 c07,c02 c05 c15,c01 c02 c05
main|astana_clinic|nc16|np25|br0.25|one_heavy|ms3|r300|s2,main,astana_clinic,16,25,0.25,one_heavy,3,300,2,1756,sha256:ce6288cadd221954650e287ccd34b1b2c42445396446fe68c54c46658ec2a168,605,65536,1,0,7,3,c01 c07 c14,c01 c07 c08,c00 c06 c14
main|astana_clinic|nc16|np25|br0.25|one_heavy|ms3|r300|s3,main,astana_clinic,16,25,0.25,one_heavy,3,300,3,1998,sha256:f85db550c6dd22fc136807371a3f1bd54e7081c272e0e2c4e4b94edcc3580275,618,65536,1,0,7,2,c02 c06 c07,c02 c07 c15,c02 c06 c07
main|astana_clinic|nc16|np25|br0.25|one_heavy|ms3|r300|s4,main,astana_clinic,16,25,0.25,one_heavy,3,300,4,2091,sha256:9587cdf3579dba569f0cafc0882c22b5e042fae8b725120ad47d1fd29aa0b846,627,65536,1,0,15,2,c02 c05 c15,c01 c02 c07,c02 c05 c15
main|astana_clinic|nc16|np25|br0.25|one_heavy|ms3|r300|s5,main,astana_clinic,16,25,0.25,one_heavy,3,300,5,2372,sha256:19c52def6b833e5160ddba5697ac6ef6972fa019d12bcb2f2ea9b035270b2ba1,622,65536,1,0,12,3,c02 c10 c15,c00 c05 c10,c00 c02 c15
main|astana_clinic|nc16|np25|br0.25|one_heavy|ms3|r300|s6,main,astana_clinic,16,25,0.25,one_heavy,3,300,6,2224,sha256:e8ac4f7c38963091a6f47edbd9ee8a3290cc25577fb24f0c40bcccb47c77354e,625,65536,1,0,13,3,c02 c06 c10,c09 c10 c15,c02 c06 c07
main|astana_clinic|nc16|np25|br0.25|one_heavy|ms3|r300|s7,main,astana_clinic,16,25,0.25,one_heavy,3,300,7,2128,sha256:faf73523da4adbdf36c10a764cd950933b3c3c680baf6bb020a397dd612e8e99,621,65536,1,0,7,2,c01 c10 c12,c01 c10 c12,c01 c10 c11
main|astana_clinic|nc16|np25|br0.25|one_heavy|ms3|r300|s8,main,astana_clinic,16,25,0.25,one_heavy,3,300,8,2231,sha256:ca2e0c39c4a1be252a60416a2d362129a31556e3f98ec59a246529647def9cd4,643,65536,1,0,15,3,c06 c08 c15,c04 c06 c08,c06 c08 c10
main|astana_clinic|nc16|np25|br0.25|one_heavy|ms3|r300|s9,main,astana_clinic,16,25,0.25,one_heavy,3,300,9,1611,sha256:4012b8be712b5e8a4b867f96ed32f31658bbe9378a4d50817f04c76d8bf5e413,618,65536,1,0,12,2,c03 c04 c10,c03 c06 c10,c03 c04 c10
main|astana_clinic|nc16|np25|br0.5|uniform|ms3|r300|s0,main,astana_clinic,16,25,0.5,uniform,3,300,0,4597,sha256:e3d2a8d70bf2e68553130635e3752e1af8f4115c4b2669a730106686cdb9df81,697,65536,0,0,7,2,c06 c11 c13,c06 c11 c13,c10 c11 c13
main|astana_clinic|nc16|np25|br0.5|uniform|ms3|r300|s1,main,astana_clinic,16,25,0.5,uniform,3,300,1,3569,sha256:c6ddf14fa5a9a8b89c31adc5bba3711892c1cdfb907ffa7faed9ab02b7fe64e6,697,65536,0,0,10,1,c02 c06 c15,c02 c06 c15,c02 c06 c15
main|astana_clinic|nc16|np25|br0.5|uniform|ms3|r300|s2,main,astana_clinic,16,25,0.5,uniform,3,300,2,4501,sha256:25e31f8dbcfe808d53c0f3ba47b91cead8d8e4139927e72622bf4790fd420e49,697,65536,0,0,11,2,c09 c13 c14,c09 c13 c14,c09 c11 c13
main|astana_clinic|nc16|np25|br0.5|uniform|ms3|r300|s3,main,astana_clinic,16,25,0.5,uniform,3,300,3,4337,sha256:cc02af63dddd381537721001c47a8a84dc961f54736a639090db1cff59449d2c,697,65536,0,0,17,3,c01 c02 c12,c01 c10 c12,c01 c12 c14
main|astana_clinic|nc16|np25|br0.5|uniform|ms3|r300|s4,main,astana_clinic,16,25,0.5,uniform,3,300,4,4116,sha256:75edcfcc240680c3650cdddc46a7418ba0be187c256229cda90f22555cec1ac6,697,65536,0,0,16,2,c00 c02 c09,c00 c02 c03,c00 c02 c09
main|astana_clinic|nc16|np25|br0.5|uniform|ms3|r300|s5,main,astana_clinic,16,25,0.5,uniform,3,300,5,5155,sha256:d208cfae96679224afc27bee2ae0fab53cb993148a0ba7c074293d515d208b68,697,65536,0,0,25,3,c05 c11 c12,c05 c09 c11,c09 c11 c12
main|astana_clinic|nc16|np25|br0.5|uniform|ms3|r300|s6,main,astana_clinic,16,25,0.5,uniform,3,300,6,3763,sha256:f77a03d964d3b971df82de9b2c5f5f0b68fb02e5ba19b42963fb9d283b0894e2,697,65536,0,0,9,1,c03 c10 c14,c03 c10 c14,c03 c10 c14
main|astana_clinic|nc16|np25|br0.5|uniform|ms3|r300|s7,main,astana_clinic,16,25,0.5,uniform,3,300,7,4368,sha256:e356f25559a880100ead1ceb3399e411f349829733d8412cd07ed121c10123bc,697,65536,0,0,7,1,c05 c09 c11,c05 c09 c11,c05 c09 c11
main|astana_clinic|nc16|np25|br0.5|uniform|ms3|r300|s8,main,astana_clinic,16,25,0.5,uniform,3,300,8,4119,sha256:1ac3d89a20129f434aa0f28b1075ad2c3bbc85eeebc3a3d30ff458e9c64713a5,697,65536,0,0,42,2,c00 c01 c15,c01 c03 c15,c00 c01 c15
main|astana_clinic|nc16|np25|br0.5|uniform|ms3|r300|s9,main,astana_clinic,16,25,0.5,uniform,3,300,9,3728,sha256:7903fa938851b17ed1a4c886e55d9ef19a8ea49a684eb172b64f28c55cb6d6a5,697,65536,0,0,14,3,c01 c08 c09,c08 c09 c11,c01 c09 c12
main|astana_clinic|nc16|np25|br0.5|random_1_100|ms3|r300|s0,main,astana_clinic,16,25,0.5,random_1_100,3,300,0,4788,sha256:f09611c97351fbc9a62ac4cfba46342a60b8b7c09c95e7f45922b2510b6406c7,697,65536,0,0,12,2,c04 c07 c08,c07 c08 c15,c04 c07 c08
main|astana_clinic|nc16|np25|br0.5|random_1_100|ms3|r300|s1,main,astana_clinic,16,25,0.5,random_1_100,3,300,1,4213,sha256:30e3441afcf73a5f92ad00794139017354f8c37e525033cca229a23ef54fa4da,697,65536,0,0,7,1,c00 c07 c08,c00 c07 c08,c00 c07 c08
main|astana_clinic|nc16|np25|br0.5|random_1_100|ms3|r300|s2,main,astana_clinic,16,25,0.5,random_1_100,3,300,2,4946,sha256:a2beb2c6a4e773a774f15874c00998b16ab598f19a318af3756bcfe2abb34d3b,697,65536,0,0,9,3,c03 c05 c12,c03 c08 c12,c01 c03 c05
main|astana_clinic|nc16|np25|br0.5|random_1_100|ms3|r300|s3,main,astana_clinic,16,25,0.5,random_1_100,3,300,3,4192,sha256:2f2b05de5b6671535d4faf766380ca34929ba04aa1d88cc89a5ff47ba87e8f9a,697,65536,0,0,9,1,c02 c12 c15,c02 c12 c15,c02 c12 c15
main|astana_clinic|nc16|np25|br0.5|random_1_100|ms3|r300|s4,main,astana_clinic,16,25,0.5,random_1_100,3,300,4,3996,sha256:dbede2013bbd1ca02d57b1f9c0af6251dbf99849a2e5e8669696b176524099c1,697,65536,0,0,10,1,c00 c01 c06,c00 c01 c06,c00 c01 c06
main|astana_clinic|nc16|np25|br0.5|random_1_100|ms3|r300|s5,main,astana_clinic,16,25,0.5,random_1_100,3,300,5,3726,sha256:e2ac588e980b52eca21714d47a6d230722dc1890683a2396b61cdc566f924470,697,65536,0,0,9,3,c05 c10 c13,c03 c07 c10,c05 c06 c12
main|astana_clinic|nc16|np25|br0.5|random_1_100|ms3|r300|s6,main,astana_clinic,16,25,0.5,random_1_100,3,300,6,4254,sha256:1347d92737d06006271cfc6bc9d8a7af7003115d62b0e6ce0c935d2af3dcb6f5,697,65536,0,0,9,2,c01 c03 c15,c01 c03 c15,c01 c03 c12
main|astana_clinic|nc16|np25|br0.5|random_1_100|ms3|r300|s7,main,astana_clinic,16,25,0.5,random_1_100,3,300,7,4846,sha256:c6edb0625e3e74294a873529143ab5b6662a402569a482c78b70bb0f6d4bb1b5,697,65536,0,0,7,2,c09 c12 c15,c01 c12 c15,c09 c12 c15
main|astana_clinic|nc16|np25|br0.5|random_1_100|ms3|r300|s8,main,astana_clinic,16,25,0.5,random_1_100,3,300,8,4858,sha256:cac1092395d4a15e4deb275bcb5ac153c236788efb90129d0bcf395f1e0231c1,697,65536,0,0,13,2,c03 c04 c09,c03 c04 c09,c01 c03 c09
main|astana_clinic|nc16|np25|br0.5|random_1_100|ms3|r300|s9,main,astana_clinic,16,25,0.5,random_1_100,3,300,9,3616,sha256:65918797ae329b6fdd47e2159cff969bf40a494b4e9e2449271936fbf1864eb0,697,65536,0,0,13,3,c06 c11 c15,c11 c13 c15,c05 c10 c15
main|astana_clinic|nc16|np25|br0.5|one_heavy|ms3|r300|s0,main,astana_clinic,16,25,0.5,one_heavy,3,300,0,4732,sha256:e8fbba77684c8c9023b20f2fcdfe11af589bc068ddedf7da0437d0fd8f4e4ceb,697,65536,0,0,10,1,c02 c13 c14,c02 c13 c14,c02 c13 c14
main|astana_clinic|nc16|np25|br0.5|one_heavy|ms3|r300|s1,main,astana_clinic,16,25,0.5,one_heavy,3,300,1,4166,sha256:c8ce810cc7ebf3d8efea5d9ee23efcfc19144c0e38aab1cb5ecd702440a0d67c,697,65536,0,0,10,1,c05 c11 c12,c05 c11 c12,c05 c11 c12
main|astana_clinic|nc16|np25|br0.5|one_heavy|ms3|r300|s2,main,astana_clinic,16,25,0.5,one_heavy,3,300,2,4375,sha256:558d5da874d8bd30dcc72d83476f8fea09c45eec2c0eafa6bb4e93206f3ea2e8,697,65536,0,0,7,2,c00 c06 c11,c00 c01 c06,c00 c06 c11
main|astana_clinic|nc16|np25|br0.5|one_heavy|ms3|r300|s3,main,astana_clinic,16,25,0.5,one_heavy,3,300,3,4282,sha256:8952e861fb5f40bb3cfc254f1cafa25c012e98a287030d369dc4ebf066883850,697,65536,0,0,10,2,c02 c09 c14,c02 c10 c14,c02 c09 c14
main|astana_clinic|nc16|np25|br0.5|one_heavy|ms3|r300|s4,main,astana_clinic,16,25,0.5,one_heavy,3,300,4,4186,sha256:d8870bc540c5f6219fce55243e6699433454b6c1fc64a4913cf88613563a16db,697,65536,0,0,17,2,c05 c07 c14,c05 c07 c11,c05 c07 c14
main|astana_clinic|nc16|np25|br0.5|one_heavy|ms3|r300|s5,main,astana_clinic,16,25,0.5,one_heavy,3,300,5,4561,sha256:76e3cbb8986b81d28b83f9ff07f827c3be3939af4caa9a0833db121ce4672542,697,65536,0,0,12,2,c02 c05 c09,c04 c05 c09,c02 c05 c09
main|astana_clinic|nc16|np25|br0.5|one_heavy|ms3|r300|s6,main,astana_clinic,16,25,0.5,one_heavy,3,300,6,4657,sha256:764a6c6d223260d3dd04dae3f5bd27cc2b3968f3162f9658e1bd27671a25a2b7,697,65536,0,0,16,2,c02 c03 c04,c02 c03 c04,c02 c05 c10
main|astana_clinic|nc16|np25|br0.5|one_heavy|ms3|r300|s7,main,astana_clinic,16,25,0.5,one_heavy,3,300,7,4137,sha256:f16beca55c898dfa59c7bec6c1523ad80fa6f2b0a361848c6901bfdc371fcdc8,697,65536,0,0,11,2,c08 c12 c14,c07 c08 c14,c08 c12 c14
main|astana_clinic|nc16|np25|br0.5|one_heavy|ms3|r300|s8,main,astana_clinic,16,25,0.5,one_heavy,3,300,8,4025,sha256:1c63ff36d6bd6b46d62a2323eb4d7a1042d92d7fe7323a8714796960c36360bc,697,65536,0,0,17,3,c08 c13 c14,c12 c13 c14,c08 c12 c14
main|astana_clinic|nc16|np25|br0.5|one_heavy|ms3|r300|s9,main,astana_clinic,16,25,0.5,one_heavy,3,300,9,4114,sha256:68a589a2120e204a699ec0dd2202257f07b27367c3a2fa6ec8c177d73ae4e3af,697,65536,0,0,15,2,c00 c07 c14,c00 c07 c14,c04 c07 c14
main|astana_clinic|nc16|np25|br1.0|uniform|ms3|r300|s0,main,astana_clinic,16,25,1.0,uniform,3,300,0,8184,sha256:7348e8715a2529c80d8ee21a2bf6d881329773f4e37ccbca1f2eca1d79b09555,697,65536,0,0,10,1,c00 c03 c09,c00 c03 c09,c00 c03 c09
main|astana_clinic|nc16|np25|br1.0|uniform|ms3|r300|s1,main,astana_clinic,16,25,1.0,uniform,3,300,1,9279,sha256:295f0a4a5ad96fd42afacebec6f86fc307ed20cf9c1570e6865b545a91df1ced,697,65536,0,0,16,2,c00 c05 c10,c05 c09 c10,c00 c05 c10
main|astana_clinic|nc16|np25|br1.0|uniform|ms3|r300|s2,main,astana_clinic,16,25,1.0,uniform,3,300,2,9710,sha256:d35c6cc6551244e4a57a1fec7f109a17694f6693c7baf1f64193e4ad42ca9465,697,65536,0,0,9,3,c03 c06 c12,c00 c01 c03,c00 c03 c12
main|astana_clinic|nc16|np25|br1.0|uniform|ms3|r300|s3,main,astana_clinic,16,25,1.0,uniform,3,300,3,8581,sha256:99068c69896184bf1fb8d8b88e6766264c080485a18bf0c3cc246aa75b51fc1d,697,65536,0,0,13,1,c06 c12 c13,c06 c12 c13,c06 c12 c13
main|astana_clinic|nc16|np25|br1.0|uniform|ms3|r300|s4,main,astana_clinic,16,25,1.0,uniform,3,300,4,7869,sha256:7a88057a59aba8c8be2a848027f53bb97f0bee1df07903f200c9b6fe228d98ac,697,65536,0,0,7,1,c04 c11 c12,c04 c11 c12,c04 c11 c12
main|astana_clinic|nc16|np25|br1.0|uniform|ms3|r300|s5,main,astana_clinic,16,25,1.0,uniform,3,300,5,7644,sha256:370d017345326fa75f21da5768c7f114a13cef353d1acc6e0a33b86020ef11b0,697,65536,0,0,7,1,c01 c06 c11,c01 c06 c11,c01 c06 c11
main|astana_clinic|nc16|np25|br1.0|uniform|ms3|r300|s6,main,astana_clinic,16,25,1.0,uniform,3,300,6,9728,sha256:cc5c997fde69ace43d3da2adde26f01bd6d89a546292f23eea61ff1b22c33db0,697,65536,0,0,9,1,c01 c09 c14,c01 c09 c14,c01 c09 c14
main|astana_clinic|nc16|np25|br1.0|uniform|ms3|r300|s7,main,astana_clinic,16,25,1.0,uniform,3,300,7,8476,sha256:4a6d3b8e43142f40af47122f6f2ed188985c619797bdb081f2c8cb45b424cd4d,697,65536,0,0,12,3,c05 c11 c13,c06 c11 c13,c10 c11 c13
main|astana_clinic|nc16|np25|br1.0|uniform|ms3|r300|s8,main,astana_clinic,16,25,1.0,uniform,3,300,8,9583,sha256:9fd891379cd2b09b4661e2f271185a3db700a242910653a0cf3e76508454fdc4,697,65536,0,0,16,2,c02 c13 c15,c02 c13 c15,c08 c13 c15
main|astana_clinic|nc16|np25|br1.0|uniform|ms3|r300|s9,main,astana_clinic,16,25,1.0,uniform,3,300,9,7674,sha256:a46d33003b10ee2c8d32ca6bebf6bfdf4b3c8e73b9586d6bbf2580e240bfa218,697,65536,0,0,19,1,c00 c09 c14,c00 c09 c14,c00 c09 c14
main|astana_clinic|nc16|np25|br1.0|random_1_100|ms3|r300|s0,main,astana_clinic,16,25,1.0,random_1_100,3,300,0,9209,sha256:f9fbe13b90ea885fc5b022709b571f40e16fe89a7281b300ba4b12db8a561c1a,697,65536,0,0,11,3,c01 c05 c15,c02 c05 c15,c01 c03 c15
main|astana_clinic|nc16|np25|br1.0|random_1_100|ms3|r300|s1,main,astana_clinic,16,25,1.0,random_1_100,3,300,1,8699,sha256:c3a9310eb878fce631c0201a016784545becab94692a5cd0940fe65f8d56af50,697,65536,0,0,12,3,c05 c06 c13,c02 c06 c13,c00 c06 c13
main|astana_clinic|nc16|np25|br1.0|random_1_100|ms3|r300|s2,main,astana_clinic,16,25,1.0,random_1_100,3,300,2,8033,sha256:ac6c1c27c9c24332d613e5709cb50042a69346e75cdfe31fd15e2866ea30d081,697,65536,0,0,11,3,c05 c10 c14,c00 c05 c10,c05 c10 c12
main|astana_clinic|nc16|np25|br1.0|random_1_100|ms3|r300|s3,main,astana_clinic,16,25,1.0,random_1_100,3,300,3,8142,sha256:f3ef522dc82960ff6cce85999c9942613e9556610a1333d90210a2b923c77d54,697,65536,0,0,10,2,c03 c04 c10,c03 c04 c10,c03 c04 c05
main|astana_clinic|nc16|np25|br1.0|random_1_100|ms3|r300|s4,main,astana_clinic,16,25,1.0,random_1_100,3,300,4,7484,sha256:9ad4e8f6cb0d27305e47462279159b83762a65dc7c56867ea53abbd6ebea83e6,697,65536,0,0,22,2,c04 c10 c14,c10 c11 c14,c04 c10 c14
main|astana_clinic|nc16|np25|br1.0|random_1_100|ms3|r300|s5,main,astana_clinic,16,25,1.0,random_1_100,3,300,5,9141,sha256:b89c5b25a485fcbbedbd42eaea4c4ec26f23cc70de3983a48b07090789de59fc,697,65536,0,0,14,3,c05 c09 c13,c09 c10 c11,c05 c11 c14
main|astana_clinic|nc16|np25|br1.0|random_1_100|ms3|r300|s6,main,astana_clinic,16,25,1.0,random_1_100,3,300,6,8898,sha256:a2c99aa268350dc7148d53d9096ceb2b4fdf53e14ff4c49d7c987e7b03359452,697,65536,0,0,5,2,c00 c03 c12,c00 c03 c12,c03 c12 c14
main|astana_clinic|nc16|np25|br1.0|random_1_100|ms3|r300|s7,main,astana_clinic,16,25,1.0,random_1_100,3,300,7,10381,sha256:76273b08e4cc20a75c51122df0a90f67a3bf7f3172e14e4debcdd415e6af136a,697,65536,0,0,19,2,c01 c03 c05,c03 c05 c07,c03 c05 c07
main|astana_clinic|nc16|np25|br1.0|random_1_100|ms3|r300|s8,main,astana_clinic,16,25,1.0,random_1_100,3,300,8,8172,sha256:7438c3d7d9adba9e6ebf39cae8c73eaf2f8f18c02a84b9f62b0bcb3a44dc6b8e,697,65536,0,0,11,1,c05 c11 c13,c05 c11 c13,c05 c11 c13
main|astana_clinic|nc16|np25|br1.0|random_1_100|ms3|r300|s9,main,astana_clinic,16,25,1.0,random_1_100,3,300,9,7504,sha256:1aad006a67a03681d3be65d0d3fb649bd8bd26f6d1d15623aa7d6afe16311e4b,697,65536,0,0,10,2,c10 c12 c13,c10 c12 c13,c12 c13 c15
main|astana_clinic|nc16|np25|br1.0|one_heavy|ms3|r300|s0,main,astana_clinic,16,25,1.0,one_heavy,3,300,0,10208,sha256:b063776341fd4ba487665a907bf2141b8dc0bb63e1fe2c57e92829d81e3c1400,697,65536,0,0,10,3,c03 c06 c15,c05 c06 c15,c02 c05 c15
main|astana_clinic|nc16|np25|br1.0|one_heavy|ms3|r300|s1,main,astana_clinic,16,25,1.0,one_heavy,3,300,1,7083,sha256:321d64d4680670fd227db55490f4ed90ea4e3cbe6e96388aaf9871d17bb882d7,697,65536,0,0,20,2,c04 c10 c13,c02 c04 c10,c04 c10 c13
main|astana_clinic|nc16|np25|br1.0|one_heavy|ms3|r300|s2,main,astana_clinic,16,25,1.0,one_heavy,3,300,2,8461,sha256:693a8cf100b11e86e70a62ac17a92c9ef9a851f694d5320794253622310b36e4,697,65536,0,0,10,3,c08 c12 c15,c08 c14 c15,c03 c12 c15
main|astana_clinic|nc16|np25|br1.0|one_heavy|ms3|r300|s3,main,astana_clinic,16,25,1.0,one_heavy,3,300,3,7774,sha256:1d6388fc3801f2c21b0385815d1d92d06d235ee63ecc1e3d0f14f81f0c598667,697,65536,0,0,13,3,c01 c04 c10,c00 c04 c09,c07 c09 c10
main|astana_clinic|nc16|np25|br1.0|one_heavy|ms3|r300|s4,main,astana_clinic,16,25,1.0,one_heavy,3,300,4,9298,sha256:4838760d10d0d61c04939d2c76dc7b82f79dd8ee91804b7684c4ebfcae9bd7f9,697,65536,0,0,8,3,c06 c08 c15,c02 c06 c15,c06 c08 c12
main|astana_clinic|nc16|np25|br1.0|one_heavy|ms3|r300|s5,main,astana_clinic,16,25,1.0,one_heavy,3,300,5,9865,sha256:ea5850cf58c6da71379085680a1c2f64af73b27c736aa04d6e04b405f3f3c777,697,65536,0,0,6,1,c01 c03 c06,c01 c03 c06,c01 c03 c06
main|astana_clinic|nc16|np25|br1.0|one_heavy|ms3|r300|s6,main,astana_clinic,16,25,1.0,one_heavy,3,300,6,8955,sha256:29d39390b40d9515a53c238f1c43f443696ca431a305686bcfd4666992cc2c3a,697,65536,0,0,19,2,c04 c06 c07,c02 c03 c06,c02 c03 c06
main|astana_clinic|nc16|np25|br1.0|one_heavy|ms3|r300|s7,main,astana_clinic,16,25,1.0,one_heavy,3,300,7,7480,sha256:9019015662a6c22be2f409573658ed5c8a9d37b7f3b323af0e026cd9e7403faa,697,65536,0,0,12,1,c01 c04 c06,c01 c04 c06,c01 c04 c06
main|astana_clinic|nc16|np25|br1.0|one_heavy|ms3|r300|s8,main,astana_clinic,16,25,1.0,one_heavy,3,300,8,8360,sha256:65e25e5e4e2ae145d68adc6b8acdc40f28879780d96a4c1f0914be8be8cf47b0,697,65536,0,0,8,2,c01 c03 c10,c01 c03 c10,c03 c10 c13
main|astana_clinic|nc16|np25|br1.0|one_heavy|ms3|r300|s9,main,astana_clinic,16,25,1.0,one_heavy,3,300,9,8762,sha256:acbe7f157a0b446c46f524b9a68a790a53fae898ed953255597595e7e1573b20,697,65536,0,0,10,1,c04 c07 c13,c04 c07 c13,c04 c07 c13
main|astana_clinic_nobase|nc6|np5|br0.25|uniform|ms3|r300|s0,main,astana_clinic_nobase,6,5,0.25,uniform,3,300,0,618,sha256:28d6e7936aad4db9f7c8908655ae78af29674bbc1fd490ad2d98d8c9b8eb23cb,10,64,1,5,4,1,c02 c04,c02 c04,c02 c04
main|astana_clinic_nobase|nc6|np5|br0.25|uniform|ms3|r300|s1,main,astana_clinic_nobase,6,5,0.25,uniform,3,300,1,1062,sha256:d8710591018e0a1910a71aa4102907c48c434eace5447722d0b8a219985ba034,8,64,1,5,5,1,c02 c03,c02 c03,c02 c03
main|astana_clinic_nobase|nc6|np5|br0.25|uniform|ms3|r300|s2,main,astana_clinic_nobase,6,5,0.25,uniform,3,300,2,637,sha256:f28c73b087e6ffb0c3f7719fd205b8ad4b1789513b739b2ce58329bff7e7ea7f,10,64,1,5,4,2,c00 c04,c00 c04,c03 c04
main|astana_clinic_nobase|nc6|np5|br0.25|uniform|ms3|r300|s3,main,astana_clinic_nobase,6,5,0.25,uniform,3,300,3,740,sha256:5bf5f94cfd1b5ab55aa6139771829cde80789b656c9162338f5ed545aaac93df,9,64,1,5,3,3,c02 c05,c01 c05,c03
main|astana_clinic_nobase|nc6|np5|br0.25|uniform|ms3|r300|s4,main,astana_clinic_nobase,6,5,0.25,uniform,3,300,4,816,sha256:105818ff03b3c0d9d00b816ff4672155fede3b57fe35ab8916cd59cd27d08e84,9,64,1,5,5,2,c03,c02,c03
main|astana_clinic_nobase|nc6|np5|br0.25|uniform|ms3|r300|s5,main,astana_clinic_nobase,6,5,0.25,uniform,3,300,5,798,sha256:e4efac9b3a09378238c06ac0ff0c57f36d7234e5d7ad667b3960d2e226e597e1,9,64,1,5,3,1,c00 c02,c00 c02,c00 c02
main|astana_clinic_nobase|nc6|np5|br0.25|uniform|ms3|r300|s6,main,astana_clinic_nobase,6,5,0.25,uniform,3,300,6,561,sha256:d6f2a4ad6da442dfd5c57e5114b8d97d4ab63a4b24d1dc74ab97f00bf0807ad2,9,64,1,5,4,1,c01 c04,c01 c04,c01 c04
main|astana_clinic_nobase|nc6|np5|br0.25|uniform|ms3|r300|s7,main,astana_clinic_nobase,6,5,0.25,uniform,3,300,7,755,sha256:e37217a7a5f7c57587bb1f05c7c29f15aa4f616d4c133e1936678ffd6c90db03,11,64,1,5,3,1,c04 c05,c04 c05,c04 c05
main|astana_clinic_nobase|nc6|np5|br0.25|uniform|ms3|r300|s8,main,astana_clinic_nobase,6,5,0.25,uniform,3,300,8,826,sha256:2c4589f7026c853a6f6e130b7b759b6151726acff1a3395a85faf8e8cec2b583,10,64,1,5,3,1,c03 c04,c03 c04,c03 c04
main|astana_clinic_nobase|nc6|np5|br0.25|uniform|ms3|r300|s9,main,astana_clinic_nobase,6,5,0.25,uniform,3,300,9,762,sha256:b2a58621d2e0b5c691e0cd47e79e4f49886cb38406af9307c12913c449f27878,9,64,1,5,3,2,c01 c03,c00 c01,c01 c03
main|astana_clinic_nobase|nc6|np5|br0.25|random_1_100|ms3|r300|s0,main,astana_clinic_nobase,6,5,0.25,random_1_100,3,300,0,841,sha256:5a4e1741eca5184411603877833a75f98da1ddec55fce9ba41961b90661e7deb,9,64,1,5,3,1,c01 c04,c01 c04,c01 c04
main|astana_clinic_nobase|nc6|np5|br0.25|random_1_100|ms3|r300|s1,main,astana_clinic_nobase,6,5,0.25,random_1_100,3,300,1,940,sha256:5187e5a605a3b5145f83a5c294262f66693abaa1d51d51ba7358174f5b92a955,10,64,1,5,5,2,c00 c03,c00 c03,c05
main|astana_clinic_nobase|nc6|np5|br0.25|random_1_100|ms3|r300|s2,main,astana_clinic_nobase,6,5,0.25,random_1_100,3,300,2,678,sha256:23a90e44a6042cbfdc28cdbcc5eaf4dfb191f36eca844cd484510d2bbdee5cfd,9,64,1,5,4,2,c03 c05,c03 c05,c01 c05
main|astana_clinic_nobase|nc6|np5|br0.25|random_1_100|ms3|r300|s3,main,astana_clinic_nobase,6,5,0.25,random_1_100,3,300,3,776,sha256:f478b47b803ba8f107e98d74e7c32aa7bf46dd77cb9a04e51d401ba3b99ac56b,9,64,1,5,4,1,c00 c01,c00 c01,c00 c01
main|astana_clinic_nobase|nc6|np5|br0.25|random_1_100|ms3|r300|s4,main,astana_clinic_nobase,6,5,0.25,random_1_100,3,300,4,771,sha256:7c246627ed27c23afecbd2c5110b068e6a1254f4f797bcf4a41c98112bdd8d32,9,64,1,5,2,2,c01 c02,c01 c02,c00
main|astana_clinic_nobase|nc6|np5|br0.25|random_1_100|ms3|r300|s5,main,astana_clinic_nobase,6,5,0.25,random_1_100,3,300,5,769,sha256:697c4604b4ea27de472984203bd7a62d746d96e2557cecf9af676dd008eb3e9d,10,64,1,5,2,1,c04 c05,c04 c05,c04 c05
main|astana_clinic_nobase|nc6|np5|br0.25|random_1_100|ms3|r300|s6,main,astana_clinic_nobase,6,5,0.25,random_1_100,3,300,6,673,sha256:4247dc8fa58ffa0ddf01eb234a8ceb31d4afff67cab1ed3ad1f502821f2a4f12,12,64,1,5,3,1,c02 c04,c02 c04,c02 c04
main|astana_clinic_nobase|nc6|np5|br0.25|random_1_100|ms3|r300|s7,main,astana_clinic_nobase,6,5,0.25,random_1_100,3,300,7,959,sha256:e7a01ee27d0bf8378181ab7e7b245f377416a88e77074af69f700d8cf1a3f228,11,64,1,5,3,1,c00 c01,c00 c01,c00 c01
main|astana_clinic_nobase|nc6|np5|br0.25|random_1_100|ms3|r300|s8,main,astana_clinic_nobase,6,5,0.25,random_1_100,3,300,8,787,sha256:9f87ad329b2dcc2ebb73b724b707348fd819517098564e7bcff6bb3b6ad4e415,11,64,1,5,3,2,c01 c05,c00 c01,c01 c05
main|astana_clinic_nobase|nc6|np5|br0.25|random_1_100|ms3|r300|s9,main,astana_clinic_nobase,6,5,0.25,random_1_100,3,300,9,1084,sha256:b2045ff17b675e952c30d660519620df47ed0f48cc06394a651227aab0b0a7eb,10,64,1,5,3,2,c00 c01,c00 c04,c00 c04
main|astana_clinic_nobase|nc6|np5|br0.25|one_heavy|ms3|r300|s0,main,astana_clinic_nobase,6,5,0.25,one_heavy,3,300,0,1006,sha256:c0707ceb2835611ba750be2cb3ea487011b84669ce8abcd7f0cd7187f95f2ed9,9,64,1,5,3,2,c00 c05,c00 c03,c00 c05
main|astana_clinic_nobase|nc6|np5|br0.25|one_heavy|ms3|r300|s1,main,astana_clinic_nobase,6,5,0.25,one_heavy,3,300,1,653,sha256:aa5c53127186817eaf858f696b0f1f77df5174b8c1c137effd355803fa4782a3,10,64,1,5,6,1,c01 c03 c05,c01 c03 c05,c01 c03 c05
main|astana_clinic_nobase|nc6|np5|br0.25|one_heavy|ms3|r300|s2,main,astana_clinic_nobase,6,5,0.25,one_heavy,3,300,2,662,sha256:36d62b1722df3559da1eaa2e61f3b12ca64a423319287ebf8367657bd63f4a2d,9,64,1,5,4,1,c02,c02,c02
main|astana_clinic_nobase|nc6|np5|br0.25|one_heavy|ms3|r300|s3,main,astana_clinic_nobase,6,5,0.25,one_heavy,3,300,3,696,sha256:d38fa5fc57fa13c7444fae3560dad9b977c900a68a9b2295ad8a302b420d35cc,10,64,1,5,4,2,c01,c02 c05,c01
main|astana_clinic_nobase|nc6|np5|br0.25|one_heavy|ms3|r300|s4,main,astana_clinic_nobase,6,5,0.25,one_heavy,3,300,4,750,sha256:7a4801b51e92f6c070c16901cb61c12fdcc5902bb230b1c8e7c7d748e9506c75,9,64,1,5,3,2,c00,c02 c03,c00
main|astana_clinic_nobase|nc6|np5|br0.25|one_heavy|ms3|r300|s5,main,astana_clinic_nobase,6,5,0.25,one_heavy,3,300,5,623,sha256:e7717076845d912104af6bfed476bb8ef4198bf92a3323c8f09600cb56215a80,11,64,1,5,6,1,c01 c02 c05,c01 c02 c05,c01 c02 c05
main|astana_clinic_nobase|nc6|np5|br0.25|one_heavy|ms3|r300|s6,main,astana_clinic_nobase,6,5,0.25,one_heavy,3,300,6,845,sha256:7f9305f2e7b0a2fad572cfa462aecdd4c89b2937d2e78c43652b25b6f6032b42,10,64,1,5,2,1,c03 c05,c03 c05,c03 c05
main|astana_clinic_nobase|nc6|np5|br0.25|one_heavy|ms3|r300|s7,main,astana_clinic_nobase,6,5,0.25,one_heavy,3,300,7,991,sha256:dc249c569cb5c1616535767250300087a75ecb09c7c5a400257896ffee1fba67,7,64,1,5,2,2,c05,c01,c05
main|astana_clinic_nobase|nc6|np5|br0.25|one_heavy|ms3|r300|s8,main,astana_clinic_nobase,6,5,0.25,one_heavy,3,300,8,1015,sha256:618c0c959e52eaea215210a867ff4bd1fedc74bd01f7987811e54ef9d97510b8,9,64,1,5,4,3,c05,c00 c01,c01 c02
main|astana_clinic_nobase|nc6|np5|br0.25|one_heavy|ms3|r300|s9,main,astana_clinic_nobase,6,5,0.25,one_heavy,3,300,9,804,sha256:c29ef1cbe35e9b15ee1aaf8511fda5b445f15160ba53a2ea4d38b6ac235e28f1,9,64,1,5,4,1,c03,c03,c03
main|astana_clinic_nobase|nc6|np5|br0.5|uniform|ms3|r300|s0,main,astana_clinic_nobase,6,5,0.5,uniform,3,300,0,1303,sha256:b610a912ae3192a76e5f41e8a1236eab4d26c187c7c0b393db21814a5a624073,32,64,1,5,5,1,c01 c03 c04,c01 c03 c04,c01 c03 c04
main|astana_clinic_nobase|nc6|np5|br0.5|uniform|ms3|r300|s1,main,astana_clinic_nobase,6,5,0.5,uniform,3,300,1,1379,sha256:8cc03646306b352dd9a1d8251a28d48606e9af3770aee2c4cf30e8d8bdd146cb,30,64,1,5,8,1,c00 c03,c00 c03,c00 c03
main|astana_clinic_nobase|nc6|np5|br0.5|uniform|ms3|r300|s2,main,astana_clinic_nobase,6,5,0.5,uniform,3,300,2,1802,sha256:7e92bb0895fe8b42069a5c71e5e9eee09dda125b476deae953aafab11a596da5,32,64,1,5,7,1,c01 c03 c04,c01 c03 c04,c01 c03 c04
main|astana_clinic_nobase|nc6|np5|br0.5|uniform|ms3|r300|s3,main,astana_clinic_nobase,6,5,0.5,uniform,3,300,3,1694,sha256:79d78a05c01c23b2a50cc4b194670e18f062391e35960eccf66fac40b0e2f397,32,64,1,5,4,1,c01 c03,c01 c03,c01 c03
main|astana_clinic_nobase|nc6|np5|br0.5|uniform|ms3|r300|s4,main,astana_clinic_nobase,6,5,0.5,uniform,3,300,4,1532,sha256:78b1d3edbb69d03a3df2392c2af9c21f23912bbc385dd6562fa9da60f60ae6a3,30,64,1,5,1,1,c00,c00,c00
main|astana_clinic_nobase|nc6|np5|br0.5|uniform|ms3|r300|s5,main,astana_clinic_nobase,6,5,0.5,uniform,3,300,5,1660,sha256:a53f1cb73f3ec0acae6f395fdc24730f2b1a791e5c4dfe4c263fa3c90a51f5aa,32,64,1,5,8,2,c01 c03 c04,c01 c03 c04,c01 c04 c05
main|astana_clinic_nobase|nc6|np5|br0.5|uniform|ms3|r300|s6,main,astana_clinic_nobase,6,5,0.5,uniform,3,300,6,2029,sha256:c6793f4aeef9080f860034048d9c9332947914b0f27ffc05f05ed99f02d09866,32,64,1,5,9,2,c01 c02 c05,c01 c02 c05,c03 c04
main|astana_clinic_nobase|nc6|np5|br0.5|uniform|ms3|r300|s7,main,astana_clinic_nobase,6,5,0.5,uniform,3,300,7,1183,sha256:b92013257503c7fe199e4b4cc79907c8490e5ca064786fe587b26aa6ebd992ca,30,64,1,5,7,1,c01 c02 c03,c01 c02 c03,c01 c02 c03
main|astana_clinic_nobase|nc6|np5|br0.5|uniform|ms3|r300|s8,main,astana_clinic_nobase,6,5,0.5,uniform,3,300,8,1544,sha256:935ac0b99442c684d67f3f5eae43d2b1677575fa6ce8617c3051b392c9b0b5ed,31,64,1,5,5,1,c01 c02 c03,c01 c02 c03,c01 c02 c03
main|astana_clinic_nobase|nc6|np5|br0.5|uniform|ms3|r300|s9,main,astana_clinic_nobase,6,5,0.5,uniform,3,300,9,2232,sha256:8e468f03be1d6ff78ae1c1e6e65c0a2d69c14d9b1fa83fe71714a1ccaa34110b,32,64,1,5,4,1,c00 c03 c04,c00 c03 c04,c00 c03 c04
main|astana_clinic_nobase|nc6|np5|br0.5|random_1_100|ms3|r300|s0,main,astana_clinic_nobase,6,5,0.5,random_1_100,3,300,0,2185,sha256:37542723d91ec91a8b758726a7350e7ae41422ba41e31ed1221578b4a6e9788f,32,64,1,5,5,1,c02 c03,c02 c03,c02 c03
main|astana_clinic_nobase|nc6|np5|br0.5|random_1_100|ms3|r300|s1,main,astana_clinic_nobase,6,5,0.5,random_1_100,3,300,1,1923,sha256:44f9de0c61f22f5ffccdd89d9494c816d8a7f0481a693224a176621b47750c89,32,64,1,5,3,1,c01 c03,c01 c03,c01 c03
main|astana_clinic_nobase|nc6|np5|br0.5|random_1_100|ms3|r300|s2,main,astana_clinic_nobase,6,5,0.5,random_1_100,3,300,2,1352,sha256:b1beaee1726c931f651cfc25de9924a1e3826139274cafb519e4c97bc9886990,31,64,1,5,6,1,c00 c02 c05,c00 c02 c05,c00 c02 c05
main|astana_clinic_nobase|nc6|np5|br0.5|random_1_100|ms3|r300|s3,main,astana_clinic_nobase,6,5,0.5,random_1_100,3,300,3,1576,sha256:f04f1738fc76ca00301d1890379d5d35d3388aaa500297e222f3d261372ccfa8,31,64,1,5,5,1,c01 c02 c05,c01 c02 c05,c01 c02 c05
main|astana_clinic_nobase|nc6|np5|br0.5|random_1_100|ms3|r300|s4,main,astana_clinic_nobase,6,5,0.5,random_1_100,3,300,4,1377,sha256:52e27321d43c85aa26b3c436d57db2c138ad5c147a4b79f71a383549168c4874,30,64,1,5,6,1,c01 c03 c05,c01 c03 c05,c01 c03 c05
main|astana_clinic_nobase|nc6|np5|br0.5|random_1_100|ms3|r300|s5,main,astana_clinic_nobase,6,5,0.5,random_1_100,3,300,5,1802,sha256:bd7cbba06d9223ea6c200facc8093dab4a5a837327a761047edf42ca90748338,30,64,1,5,2,1,c04,c04,c04
main|astana_clinic_nobase|nc6|np5|br0.5|random_1_100|ms3|r300|s6,main,astana_clinic_nobase,6,5,0.5,random_1_100,3,300,6,2000,sha256:9314eec72765456aee9cecbbce4d49b0edf393e653fe44afa563df5794a2f909,32,64,1,5,6,1,c00 c01 c04,c00 c01 c04,c00 c01 c04
main|astana_clinic_nobase|nc6|np5|br0.5|random_1_100|ms3|r300|s7,main,astana_clinic_nobase,6,5,0.5,random_1_100,3,300,7,1467,sha256:0873f5cc2d76a0b5dd38236a5d0af2cb95c1847fc9bc9ca062a8e2537003f908,31,64,1,5,7,1,c00 c01 c04,c00 c01 c04,c00 c01 c04
main|astana_clinic_nobase|nc6|np5|br0.5|random_1_100|ms3|r300|s8,main,astana_clinic_nobase,6,5,0.5,random_1_100,3,300,8,1864,sha256:a68dbd9a5dd8e92434e3c797215ca47ae00c72065f23e7bf6a4dc5fd537254b3,31,64,1,5,5,2,c00 c02 c05,c00 c02 c05,c00 c04
main|astana_clinic_nobase|nc6|np5|br0.5|random_1_100|ms3|r300|s9,main,astana_clinic_nobase,6,5,0.5,random_1_100,3,300,9,1773,sha256:a73b0d74f7b0187b3106e0f7ee966142e910420a9126483facfead6f8f49ff0d,32,64,1,5,6,1,c00 c01 c03,c00 c01 c03,c00 c01 c03
main|astana_clinic_nobase|nc6|np5|br0.5|one_heavy|ms3|r300|s0,main,astana_clinic_nobase,6,5,0.5,one_heavy,3,300,0,1799,sha256:6a212cafa4f6cdac6eade44b484d4a7b0172f1a8bea347ff9b191c8e1ded0832,31,64,1,5,6,1,c03 c04,c03 c04,c03 c04
main|astana_clinic_nobase|nc6|np5|br0.5|one_heavy|ms3|r300|s1,main,astana_clinic_nobase,6,5,0.5,one_heavy,3,300,1,1526,sha256:32ffcd6b48a1d0c33160ba253e34559d0bc008922cfd2e247129dcaace5d5605,31,64,1,5,6,1,c02 c04 c05,c02 c04 c05,c02 c04 c05
main|astana_clinic_nobase|nc6|np5|br0.5|one_heavy|ms3|r300|s2,main,astana_clinic_nobase,6,5,0.5,one_heavy,3,300,2,2039,sha256:d9dfb172a1bec74efcbb2d59c8837a5b5edbef8809bf448611c9f8d48c4bf2fd,32,64,1,5,7,1,c00 c01 c04,c00 c01 c04,c00 c01 c04
main|astana_clinic_nobase|nc6|np5|br0.5|one_heavy|ms3|r300|s3,main,astana_clinic_nobase,6,5,0.5,one_heavy,3,300,3,1622,sha256:11391cf0ba9934a214b71c857f864b003651bceb439dfa9cd86acc1729595b0c,31,64,1,5,4,1,c00 c02 c04,c00 c02 c04,c00 c02 c04
main|astana_clinic_nobase|nc6|np5|br0.5|one_heavy|ms3|r300|s4,main,astana_clinic_nobase,6,5,0.5,one_heavy,3,300,4,1793,sha256:677a90b2f24199c3715f335e4fc4b545f65eeca2ca8ed4be85cf3d758339b540,32,64,1,5,4,3,c01 c02 c05,c01 c02 c03,c00 c01 c04
main|astana_clinic_nobase|nc6|np5|br0.5|one_heavy|ms3|r300|s5,main,astana_clinic_nobase,6,5,0.5,one_heavy,3,300,5,2008,sha256:e409d8fa4ec9dd0466112f7228727492f5c64209fa5c1ef8ab820699cde3f76e,32,64,1,5,7,1,c00 c02 c04,c00 c02 c04,c00 c02 c04
main|astana_clinic_nobase|nc6|np5|br0.5|one_heavy|ms3|r300|s6,main,astana_clinic_nobase,6,5,0.5,one_heavy,3,300,6,1692,sha256:9e28cf4c7a53bf74831495372bfcc3cee19980308054ee79d95c33fbdb87053c,31,64,1,5,4,1,c03 c05,c03 c05,c03 c05
main|astana_clinic_nobase|nc6|np5|br0.5|one_heavy|ms3|r300|s7,main,astana_clinic_nobase,6,5,0.5,one_heavy,3,300,7,1583,sha256:aa146d694c57a8febf94d6fbf14e78c43beb3cad88134920264cc47682358718,32,64,1,5,7,1,c00 c03 c04,c00 c03 c04,c00 c03 c04
main|astana_clinic_nobase|nc6|np5|br0.5|one_heavy|ms3|r300|s8,main,astana_clinic_nobase,6,5,0.5,one_heavy,3,300,8,1202,sha256:f9111cc19c62c57c9d9ffe5a3fb19e3d2ed2bea3480eee0099b050ae37092d68,32,64,1,5,8,1,c01 c03 c04,c01 c03 c04,c01 c03 c04
main|astana_clinic_nobase|nc6|np5|br0.5|one_heavy|ms3|r300|s9,main,astana_clinic_nobase,6,5,0.5,one_heavy,3,300,9,2049,sha256:11289080b276e01df42b4572513b326761e81dfc8139f3cbca31519a3c079c10,32,64,1,5,5,1,c04 c05,c04 c05,c04 c05
main|astana_clinic_nobase|nc6|np5|br1.0|uniform|ms3|r300|s0,main,astana_clinic_nobase,6,5,1.0,uniform,3,300,0,3618,sha256:890143df39436f8991791196b2095d8abad282243aa29cb9ace7fc849e1a1cb1,42,64,0,5,9,1,c03 c04 c05,c03 c04 c05,c03 c04 c05
main|astana_clinic_nobase|nc6|np5|br1.0|uniform|ms3|r300|s1,main,astana_clinic_nobase,6,5,1.0,uniform,3,300,1,2760,sha256:17bc78318b2e3b4feea624b526a48772d5c5bfe230dd0d7622e22c775e3b6532,42,64,0,5,10,1,c02 c03 c05,c02 c03 c05,c02 c03 c05
main|astana_clinic_nobase|nc6|np5|br1.0|uniform|ms3|r300|s2,main,astana_clinic_nobase,6,5,1.0,uniform,3,300,2,1648,sha256:987f9b64d889901bbda2c1b36f19dc4dd3982d53fcf0e3ae0304eb7be56a3236,42,64,0,5,9,1,c00 c02 c05,c00 c02 c05,c00 c02 c05
main|astana_clinic_nobase|nc6|np5|br1.0|uniform|ms3|r300|s3,main,astana_clinic_nobase,6,5,1.0,uniform,3,300,3,4026,sha256:af2424f166bb024130bca11ad07cba6512575e052d1bc90fafc3a1a9135df9a4,42,64,0,5,7,1,c02 c04 c05,c02 c04 c05,c02 c04 c05
main|astana_clinic_nobase|nc6|np5|br1.0|uniform|ms3|r300|s4,main,astana_clinic_nobase,6,5,1.0,uniform,3,300,4,2089,sha256:3e1335f4a24c3f0309dfeec561abe2302b121a2bf4ddcebbe6c8930aa21f152b,42,64,0,5,9,1,c01 c04 c05,c01 c04 c05,c01 c04 c05
main|astana_clinic_nobase|nc6|np5|br1.0|uniform|ms3|r300|s5,main,astana_clinic_nobase,6,5,1.0,uniform,3,300,5,2611,sha256:43d5b41f3612a1a051c415109449fde2f9759eb411ed44fe2f491b23e1a949a6,42,64,0,5,5,1,c01 c02 c05,c01 c02 c05,c01 c02 c05
main|astana_clinic_nobase|nc6|np5|br1.0|uniform|ms3|r300|s6,main,astana_clinic_nobase,6,5,1.0,uniform,3,300,6,4020,sha256:7e196f119d5f706910fdbc432d4ab14f2fea2b94ce1ff868e93ac9172491a508,42,64,0,5,7,2,c02 c03 c05,c02 c03 c05,c02 c03 c04
main|astana_clinic_nobase|nc6|np5|br1.0|uniform|ms3|r300|s7,main,astana_clinic_nobase,6,5,1.0,uniform,3,300,7,2666,sha256:704bc17ce92923f4ab1401056793a2bb27abe7533f58f543b1610794d1c7d069,42,64,0,5,7,1,c00 c03 c04,c00 c03 c04,c00 c03 c04
main|astana_clinic_nobase|nc6|np5|br1.0|uniform|ms3|r300|s8,main,astana_clinic_nobase,6,5,1.0,uniform,3,300,8,3187,sha256:902d20370bb59dabffcf9e156abe768b98001ca6b7d301118c8f8614e9ba7774,42,64,0,5,8,1,c01 c02 c05,c01 c02 c05,c01 c02 c05
main|astana_clinic_nobase|nc6|np5|br1.0|uniform|ms3|r300|s9,main,astana_clinic_nobase,6,5,1.0,uniform,3,300,9,3849,sha256:b2906613de120867590e339a28c345ec4d22e29566ce3cd8ef0dbcb92bc72c32,42,64,0,5,10,2,c00 c04 c05,c00 c04 c05,c03 c04 c05
main|astana_clinic_nobase|nc6|np5|br1.0|random_1_100|ms3|r300|s0,main,astana_clinic_nobase,6,5,1.0,random_1_100,3,300,0,3301,sha256:c835dcfc915e0087ecefa8c26b96fa0c9489a07f96c7500ba9ae6544fb2b14ac,42,64,0,5,7,3,c02 c03 c05,c01 c02 c04,c02 c04 c05
main|astana_clinic_nobase|nc6|np5|br1.0|random_1_100|ms3|r300|s1,main,astana_clinic_nobase,6,5,1.0,random_1_100,3,300,1,2762,sha256:3e13c9e138c881c6b85bc86d1929e9ad158791d5c07065efba8509d786d2e951,42,64,0,5,10,1,c01 c02 c03,c01 c02 c03,c01 c02 c03
main|astana_clinic_nobase|nc6|np5|br1.0|random_1_100|ms3|r300|s2,main,astana_clinic_nobase,6,5,1.0,random_1_100,3,300,2,3547,sha256:aedfbfc275cf30dd754cf400bf570da67e93de660b9186bc2ae8219ad91b130b,42,64,0,5,4,1,c02 c04 c05,c02 c04 c05,c02 c04 c05
main|astana_clinic_nobase|nc6|np5|br1.0|random_1_100|ms3|r300|s3,main,astana_clinic_nobase,6,5,1.0,random_1_100,3,300,3,3638,sha256:3a7fb03294b647252f6d844a124ac69b99ed5fc58e3f9dc7471aca8d43595d30,42,64,0,5,4,1,c00 c01 c03,c00 c01 c03,c00 c01 c03
main|astana_clinic_nobase|nc6|np5|br1.0|random_1_100|ms3|r300|s4,main,astana_clinic_nobase,6,5,1.0,random_1_100,3,300,4,3648,sha256:d5e6e0f2b2576a744f48147920601e941d1242c81a565500b392ccd83b4c387f,42,64,0,5,8,1,c00 c02 c04,c00 c02 c04,c00 c02 c04
main|astana_clinic_nobase|nc6|np5|br1.0|random_1_100|ms3|r300|s5,main,astana_clinic_nobase,6,5,1.0,random_1_100,3,300,5,2309,sha256:28737fcd13281e1f76173605892a6b48ee067c60b1e585423ea3f0f9ce200d00,42,64,0,5,6,1,c02 c04 c05,c02 c04 c05,c02 c04 c05
main|astana_clinic_nobase|nc6|np5|br1.0|random_1_100|ms3|r300|s6,main,astana_clinic_nobase,6,5,1.0,random_1_100,3,300,6,2818,sha256:13330f422d83e969cb88486b991b923a3c34d6ab0086377ecc4b944ced2828a3,42,64,0,5,7,1,c00 c02 c03,c00 c02 c03,c00 c02 c03
main|astana_clinic_nobase|nc6|np5|br1.0|random_1_100|ms3|r300|s7,main,astana_clinic_nobase,6,5,1.0,random_1_100,3,300,7,3448,sha256:5c13db8750a8eb0bd0a210a30614b42dbdd56f82cf751ea396a295f90ef2fc86,42,64,0,5,7,1,c00 c03 c05,c00 c03 c05,c00 c03 c05
main|astana_clinic_nobase|nc6|np5|br1.0|random_1_100|ms3|r300|s8,main,astana_clinic_nobase,6,5,1.0,random_1_100,3,300,8,3007,sha256:14296e83a3204e25959b5669d7496f7b282791ad62310b47e41c4f2ecf8be766,42,64,0,5,5,1,c01 c03 c04,c01 c03 c04,c01 c03 c04
main|astana_clinic_nobase|nc6|np5|br1.0|random_1_100|ms3|r300|s9,main,astana_clinic_nobase,6,5,1.0,random_1_100,3,300,9,2866,sha256:f6ea40be138e86c025593abe423b9c8f28554256049b55b2f4a60faef4de57ec,42,64,0,5,9,1,c00 c03 c05,c00 c03 c05,c00 c03 c05
main|astana_clinic_nobase|nc6|np5|br1.0|one_heavy|ms3|r300|s0,main,astana_clinic_nobase,6,5,1.0,one_heavy,3,300,0,2930,sha256:73bfd2b434a9710ab6e9c3393109322892c6daf62769eee1c7700c1bdda424c8,42,64,0,5,11,2,c03 c04 c05,c00 c01 c05,c03 c04 c05
main|astana_clinic_nobase|nc6|np5|br1.0|one_heavy|ms3|r300|s1,main,astana_clinic_nobase,6,5,1.0,one_heavy,3,300,1,3727,sha256:47cca77fba68b6285c855d317fc6f2eaa4b1cbc9db0e917279bf99ddf9e5b9de,42,64,0,5,6,1,c00 c01 c02,c00 c01 c02,c00 c01 c02
main|astana_clinic_nobase|nc6|np5|br1.0|one_heavy|ms3|r300|s2,main,astana_clinic_nobase,6,5,1.0,one_heavy,3,300,2,2470,sha256:5d1f157bc06ad3324f81b8c64b161728bf72ad4e44c6a30576a404edffc98b76,42,64,0,5,6,1,c00 c02 c04,c00 c02 c04,c00 c02 c04
main|astana_clinic_nobase|nc6|np5|br1.0|one_heavy|ms3|r300|s3,main,astana_clinic_nobase,6,5,1.0,one_heavy,3,300,3,2223,sha256:53646f7e937d712fdb5a4f6b78e0a432c0c74bdd68dfa7ae64525067ec056666,42,64,0,5,2,1,c00 c04,c00 c04,c00 c04
main|astana_clinic_nobase|nc6|np5|br1.0|one_heavy|ms3|r300|s4,main,astana_clinic_nobase,6,5,1.0,one_heavy,3,300,4,2865,sha256:38aa6f1b07840076799f25f253ccb23c8d814247c59873f28c70b6d03ee463db,42,64,0,5,8,2,c00 c01 c03,c00 c01 c03,c00 c02 c03
main|astana_clinic_nobase|nc6|np5|br1.0|one_heavy|ms3|r300|s5,main,astana_clinic_nobase,6,5,1.0,one_heavy,3,300,5,2842,sha256:03f822dfd1613d0bfcc1af406f529ae3ff6982e3aa7e9eaf09ddbd2b6ef49157,42,64,0,5,3,1,c01 c02 c05,c01 c02 c05,c01 c02 c05
main|astana_clinic_nobase|nc6|np5|br1.0|one_heavy|ms3|r300|s6,main,astana_clinic_nobase,6,5,1.0,one_heavy,3,300,6,4109,sha256:3e13330f852e2309ec99011ce06442c7715549e036407e848b65157e58c541dd,42,64,0,5,7,1,c02 c03 c04,c02 c03 c04,c02 c03 c04
main|astana_clinic_nobase|nc6|np5|br1.0|one_heavy|ms3|r300|s7,main,astana_clinic_nobase,6,5,1.0,one_heavy,3,300,7,2512,sha256:be1f6940a383a673ff002d2f1b4838bbcb22a9d19093e41f6fb5208c9a09ca48,42,64,0,5,7,3,c00 c01 c05,c00 c01 c04,c01 c02 c04
main|astana_clinic_nobase|nc6|np5|br1.0|one_heavy|ms3|r300|s8,main,astana_clinic_nobase,6,5,1.0,one_heavy,3,300,8,2785,sha256:95275ffa48640e1a4a1d9a92f97b21b7bd242762b0f0d53dd85008be129fd6be,42,64,0,5,11,1,c01 c02 c03,c01 c02 c03,c01 c02 c03
main|astana_clinic_nobase|nc6|np5|br1.0|one_heavy|ms3|r300|s9,main,astana_clinic_nobase,6,5,1.0,one_heavy,3,300,9,3702,sha256:9e46a1d23221c477f7f9e56e544519eaf912cf12f6e9b6af0e7384881c07e976,42,64,0,5,7,1,c02 c03 c04,c02 c03 c04,c02 c03 c04
main|astana_clinic_nobase|nc6|np15|br0.25|uniform|ms3|r300|s0,main,astana_clinic_nobase,6,15,0.25,uniform,3,300,0,705,sha256:f04af0b0186418f7a54ca73dff273e3734b7b31517d57031cf4fc9fe20350add,10,64,1,15,4,2,c02 c04 c05,c03,c02 c04 c05
main|astana_clinic_nobase|nc6|np15|br0.25|uniform|ms3|r300|s1,main,astana_clinic_nobase,6,15,0.25,uniform,3,300,1,948,sha256:b02cef19f7c1b0fdec917353868c3c29b679547a29a590b88640558f43060d45,9,64,1,15,3,2,c02 c04,c01 c04,c01 c04
main|astana_clinic_nobase|nc6|np15|br0.25|uniform|ms3|r300|s2,main,astana_clinic_nobase,6,15,0.25,uniform,3,300,2,790,sha256:d4fff8f18c8a439a0a71602a88ac2ef64bded35c175a304fd3d754ba48c6f727,10,64,1,15,5,1,c00 c01 c04,c00 c01 c04,c00 c01 c04
main|astana_clinic_nobase|nc6|np15|br0.25|uniform|ms3|r300|s3,main,astana_clinic_nobase,6,15,0.25,uniform,3,300,3,843,sha256:996f9fe11e41a439130e9d661053e4c2760c5bf31bb040c73bb6c335f7574265,9,64,1,15,2,1,c00 c05,c00 c05,c00 c05
main|astana_clinic_nobase|nc6|np15|br0.25|uniform|ms3|r300|s4,main,astana_clinic_nobase,6,15,0.25,uniform,3,300,4,940,sha256:91523336efec8963402ff9c62bfa317cfc58f3451e1df35152b6dadc734fd9ad,9,64,1,15,5,1,c01 c04,c01 c04,c01 c04
main|astana_clinic_nobase|nc6|np15|br0.25|uniform|ms3|r300|s5,main,astana_clinic_nobase,6,15,0.25,uniform,3,300,5,839,sha256:85e8b6099aee0f972fc91b515fad658fbfa6e4d956bafbb6d235af78914cc997,7,64,1,15,4,2,c02,c04 c05,c04 c05
main|astana_clinic_nobase|nc6|np15|br0.25|uniform|ms3|r300|s6,main,astana_clinic_nobase,6,15,0.25,uniform,3,300,6,1025,sha256:1ef19a5d5e1e04d4795bcbf27561b83eff132506e9906f901ea6b5b770017587,11,64,1,15,5,1,c01 c02,c01 c02,c01 c02
main|astana_clinic_nobase|nc6|np15|br0.25|uniform|ms3|r300|s7,main,astana_clinic_nobase,6,15,0.25,uniform,3,300,7,1120,sha256:3b81af1bae37fdf43b89aa86845dcc781eab51c358c291f3f5199c0c28c5d336,8,64,1,15,2,2,c01 c02,c01 c02,c03
main|astana_clinic_nobase|nc6|np15|br0.25|uniform|ms3|r300|s8,main,astana_clinic_nobase,6,15,0.25,uniform,3,300,8,808,sha256:ced9e96a102b00ef21568b007d2d38eeaaa7ec563415e3f355f6857399f182b7,9,64,1,15,4,2,c01 c02,c01 c04,c01 c02
main|astana_clinic_nobase|nc6|np15|br0.25|uniform|ms3|r300|s9,main,astana_clinic_nobase,6,15,0.25,uniform,3,300,9,782,sha256:437a0a7c281ab954f4c5167cc4dd72fc224c1684216967caa16d25f91d3d37db,9,64,1,15,4,2,c03 c04,c01,c03 c04
main|astana_clinic_nobase|nc6|np15|br0.25|random_1_100|ms3|r300|s0,main,astana_clinic_nobase,6,15,0.25,random_1_100,3,300,0,1128,sha256:76132cfcad106aa5902d8bc2ec8145057b0e475a3602e6c402b926f31b1e8fba,8,64,1,15,3,2,c01 c03,c00,c01 c03
main|astana_clinic_nobase|nc6|np15|br0.25|random_1_100|ms3|r300|s1,main,astana_clinic_nobase,6,15,0.25,random_1_100,3,300,1,780,sha256:45ff61c5a253749a9f2ecdc3e338c6f4d9eb54dc2e87235ccb36c2d9a3e6f2e7,9,64,1,15,3,3,c01 c04,c01 c02,c01 c03
main|astana_clinic_nobase|nc6|np15|br0.25|random_1_100|ms3|r300|s2,main,astana_clinic_nobase,6,15,0.25,random_1_100,3,300,2,948,sha256:5bda1765359c78d85804332c4dfa2d179399e4c777023350eee68c729d2a841f,10,64,1,15,2,2,c00 c02,c00 c02,c02 c03
main|astana_clinic_nobase|nc6|np15|br0.25|random_1_100|ms3|r300|s3,main,astana_clinic_nobase,6,15,0.25,random_1_100,3,300,3,1021,sha256:a212b6069caac34936fe333d4877ade795b4b7480b90488cc48babbc8943420e,10,64,1,15,3,2,c01 c05,c01 c04,c01 c05
main|astana_clinic_nobase|nc6|np15|br0.25|random_1_100|ms3|r300|s4,main,astana_clinic_nobase,6,15,0.25,random_1_100,3,300,4,760,sha256:cc06027a974f5b4d4facf651e2c3793078d2dbb0d78141a102a00511b731749a,9,64,1,15,3,2,c01 c03,c01 c03,c00 c03
main|astana_clinic_nobase|nc6|np15|br0.25|random_1_100|ms3|r300|s5,main,astana_clinic_nobase,6,15,0.25,random_1_100,3,300,5,962,sha256:9f11949644c3b50134b1453202e77552a311faf5720edb26880bbee0f42709c1,8,64,1,15,3,1,c02 c03,c02 c03,c02 c03
main|astana_clinic_nobase|nc6|np15|br0.25|random_1_100|ms3|r300|s6,main,astana_clinic_nobase,6,15,0.25,random_1_100,3,300,6,1108,sha256:7cae2edfc7843e8af1c48a6b3b3e8a188eaeee9b78d9f67fda425ba30385b616,8,64,1,15,2,3,c02 c05,c03,c00
main|astana_clinic_nobase|nc6|np15|br0.25|random_1_100|ms3|r300|s7,main,astana_clinic_nobase,6,15,0.25,random_1_100,3,300,7,548,sha256:2c5256cd81073f95cd0c3e8ef51f6985bb18db4d6e554efff9bc3fdf82fd3d71,9,64,1,15,6,2,c00 c01,c00 c03,c00 c01
main|astana_clinic_nobase|nc6|np15|br0.25|random_1_100|ms3|r300|s8,main,astana_clinic_nobase,6,15,0.25,random_1_100,3,300,8,749,sha256:df68e4eeac674a62ed755c87c5a581fa2ef5a558ba44f3a7647b5751c6f02d3d,9,64,1,15,3,1,c00 c01,c00 c01,c00 c01
main|astana_clinic_nobase|nc6|np15|br0.25|random_1_100|ms3|r300|s9,main,astana_clinic_nobase,6,15,0.25,random_1_100,3,300,9,982,sha256:2633eeb14fae352bc8eb3dbcfd27b2482983255b8bcddad957ae99626c06cb2c,10,64,1,15,2,3,c00 c01,c04,c00 c03
main|astana_clinic_nobase|nc6|np15|br0.25|one_heavy|ms3|r300|s0,main,astana_clinic_nobase,6,15,0.25,one_heavy,3,300,0,1019,sha256:21c7b9b73f7d863d789ddd4dee51dbafa82bcbd1e4d58c7c0c72f13dca47de6e,7,64,1,15,2,2,c04,c01,c04
main|astana_clinic_nobase|nc6|np15|br0.25|one_heavy|ms3|r300|s1,main,astana_clinic_nobase,6,15,0.25,one_heavy,3,300,1,1030,sha256:210c9493486daac7d73f306e6163a42ce83fc64603779375fb3c5590a88204ff,9,64,1,15,4,2,c03,c00 c05,c03
main|astana_clinic_nobase|nc6|np15|br0.25|one_heavy|ms3|r300|s2,main,astana_clinic_nobase,6,15,0.25,one_heavy,3,300,2,877,sha256:cb9375f30983ab275e6805907dab48f06498fb6b172ba948c36d0e47198f9efa,9,64,1,15,3,1,c03 c05,c03 c05,c03 c05
main|astana_clinic_nobase|nc6|np15|br0.25|one_heavy|ms3|r300|s3,main,astana_clinic_nobase,6,15,0.25,one_heavy,3,300,3,635,sha256:ec75c30c9c08abd29f3f1dcd16b2fe355a329bc76cd551b3543008939888b029,7,64,1,15,3,2,c02,c05,c02
main|astana_clinic_nobase|nc6|np15|br0.25|one_heavy|ms3|r300|s4,main,astana_clinic_nobase,6,15,0.25,one_heavy,3,300,4,878,sha256:fc9663bb4649966310f5769c8ac984c020e76ed3e0599a8545ddd36e8cd75541,9,64,1,15,4,3,c02,c03 c05,c00 c05
main|astana_clinic_nobase|nc6|np15|br0.25|one_heavy|ms3|r300|s5,main,astana_clinic_nobase,6,15,0.25,one_heavy,3,300,5,875,sha256:266599371d7455c43a1ea177812bb2686555267253d6ae45789df990642f57e6,9,64,1,15,2,2,c01 c05,c01 c05,c01 c03
main|astana_clinic_nobase|nc6|np15|br0.25|one_heavy|ms3|r300|s6,main,astana_clinic_nobase,6,15,0.25,one_heavy,3,300,6,724,sha256:2ff58ee4c285dbd0c2b715eab733f8a532a68a4b602c4e98058ad126624e9583,9,64,1,15,2,1,c01 c04,c01 c04,c01 c04
main|astana_clinic_nobase|nc6|np15|br0.25|one_heavy|ms3|r300|s7,main,astana_clinic_nobase,6,15,0.25,one_heavy,3,300,7,733,sha256:76c12905842142871cb7db1683a1b33d239a30dbe71901f824bc30007fea02ab,6,64,1,15,1,2,c04,c04,c00
main|astana_clinic_nobase|nc6|np15|br0.25|one_heavy|ms3|r300|s8,main,astana_clinic_nobase,6,15,0.25,one_heavy,3,300,8,632,sha256:d1ff701ea3ac5d5f95741f9af7fc3d849060123ef9683be88a285e19bb946c12,8,64,1,15,4,1,c00 c02 c03,c00 c02 c03,c00 c02 c03
main|astana_clinic_nobase|nc6|np15|br0.25|one_heavy|ms3|r300|s9,main,astana_clinic_nobase,6,15,0.25,one_heavy,3,300,9,1005,sha256:61b01553b27736f2643282cd573ce4f8452f9428c389dc16069247cab2056205,9,64,1,15,3,2,c01,c02,c01
main|astana_clinic_nobase|nc6|np15|br0.5|uniform|ms3|r300|s0,main,astana_clinic_nobase,6,15,0.5,uniform,3,300,0,1488,sha256:0d7a29db0ef9c119b3a83bc21d8ebe99bb6310963ce62e2b02d347f6c07997c1,32,64,1,15,9,1,c02 c03 c04,c02 c03 c04,c02 c03 c04
main|astana_clinic_nobase|nc6|np15|br0.5|uniform|ms3|r300|s1,main,astana_clinic_nobase,6,15,0.5,uniform,3,300,1,1257,sha256:939172d06378bbb17ae0bd6ce4c4887e7deda66190ec7399d31621598fcf84ec,29,64,1,15,5,2,c01 c02 c04,c01 c02 c04,c01 c02 c03
main|astana_clinic_nobase|nc6|np15|br0.5|uniform|ms3|r300|s2,main,astana_clinic_nobase,6,15,0.5,uniform,3,300,2,2389,sha256:0e25376e6233581c75d543393921cef206238b72bf57be0e6af3539a92206319,32,64,1,15,10,2,c00 c02 c04,c00 c02 c04,c02 c03 c05
main|astana_clinic_nobase|nc6|np15|br0.5|uniform|ms3|r300|s3,main,astana_clinic_nobase,6,15,0.5,uniform,3,300,3,1959,sha256:4788708a9c4b47bac3c3ba5e748f8f015d6ca18f92f9daf51d6bd88695bf8438,32,64,1,15,7,2,c00 c01 c05,c00 c01 c05,c00 c04 c05
main|astana_clinic_nobase|nc6|np15|br0.5|uniform|ms3|r300|s4,main,astana_clinic_nobase,6,15,0.5,uniform,3,300,4,1506,sha256:6d28613cd615f00fb6ca564b96d52fc8bae439f407e9d6b56184db8dd9b21416,31,64,1,15,4,1,c00 c01 c05,c00 c01 c05,c00 c01 c05
main|astana_clinic_nobase|nc6|np15|br0.5|uniform|ms3|r300|s5,main,astana_clinic_nobase,6,15,0.5,uniform,3,300,5,1452,sha256:a2e47a9b0a9b4197c02ad5f60cff9560a3ee1728db38e26d51bf3cee2c7a4239,30,64,1,15,5,3,c02 c04 c05,c00 c02 c05,c01 c02 c05
main|astana_clinic_nobase|nc6|np15|br0.5|uniform|ms3|r300|s6,main,astana_clinic_nobase,6,15,0.5,uniform,3,300,6,2164,sha256:0f55c26d0aa4bd1d974d5af6e4521a6995089b5c461141488d77cef857864a51,32,64,1,15,12,2,c00 c04 c05,c02 c04 c05,c00 c04 c05
main|astana_clinic_nobase|nc6|np15|br0.5|uniform|ms3|r300|s7,main,astana_clinic_nobase,6,15,0.5,uniform,3,300,7,1898,sha256:c186b185da361bde105078f4962cde51884b326c9c98ffb1249d3ce55d7b94f8,32,64,1,15,8,3,c03 c04 c05,c00 c02 c04,c02 c04 c05
main|astana_clinic_nobase|nc6|np15|br0.5|uniform|ms3|r300|s8,main,astana_clinic_nobase,6,15,0.5,uniform,3,300,8,1742,sha256:24595bf6975a6f11e6a3071ecb56608d4ec9477a8163f02d04302116606131a4,32,64,1,15,5,2,c03 c04 c05,c00 c03 c05,c03 c04 c05
main|astana_clinic_nobase|nc6|np15|br0.5|uniform|ms3|r300|s9,main,astana_clinic_nobase,6,15,0.5,uniform,3,300,9,1020,sha256:550446b93576d2186111a589c8f2d812ddd25977f7e7d53ea20e9124d6f811b3,32,64,1,15,8,2,c00 c03 c04,c00 c03 c04,c01 c03 c04
main|astana_clinic_nobase|nc6|np15|br0.5|random_1_100|ms3|r300|s0,main,astana_clinic_nobase,6,15,0.5,random_1_100,3,300,0,1772,sha256:32bc17b05011d6b49e6f852544c109d940cf3a953f7245a67b017f5e7ab1f710,32,64,1,15,8,3,c01 c02 c05,c01 c04 c05,c01 c02 c03
main|astana_clinic_nobase|nc6|np15|br0.5|random_1_100|ms3|r300|s1,main,astana_clinic_nobase,6,15,0.5,random_1_100,3,300,1,1950,sha256:eebb25f88b4143ac38ad03b02c3ab58760b0f2b08731049912f58f8605644838,32,64,1,15,5,2,c00 c02 c05,c00 c02 c05,c00 c04 c05
main|astana_clinic_nobase|nc6|np15|br0.5|random_1_100|ms3|r300|s2,main,astana_clinic_nobase,6,15,0.5,random_1_100,3,300,2,2161,sha256:de9564cd3fe6478a030a060baf8e619452743b169680b29cdb2c4578c84d2428,32,64,1,15,5,1,c00 c01 c04,c00 c01 c04,c00 c01 c04
main|astana_clinic_nobase|nc6|np15|br0.5|random_1_100|ms3|r300|s3,main,astana_clinic_nobase,6,15,0.5,random_1_100,3,300,3,1554,sha256:c588e9ee51ecff09c15d93a87f5ac6a2c8541ef1644485301ff2176fc969347c,32,64,1,15,11,3,c00 c01 c03,c00 c04 c05,c00 c01 c04
main|astana_clinic_nobase|nc6|np15|br0.5|random_1_100|ms3|r300|s4,main,astana_clinic_nobase,6,15,0.5,random_1_100,3,300,4,1553,sha256:fc3fb4c1cb34aa866c47267f8309ce22d832cf97ec7432313ce9c61c2f611a41,31,64,1,15,11,1,c00 c02 c04,c00 c02 c04,c00 c02 c04
main|astana_clinic_nobase|nc6|np15|br0.5|random_1_100|ms3|r300|s5,main,astana_clinic_nobase,6,15,0.5,random_1_100,3,300,5,1488,sha256:a50b58113d6aec82c87d6e22c22ff69c700e6e38ad39835e4b2fde8bb11ca9a6,32,64,1,15,9,2,c02 c03 c04,c01 c02 c04,c02 c03 c04
main|astana_clinic_nobase|nc6|np15|br0.5|random_1_100|ms3|r300|s6,main,astana_clinic_nobase,6,15,0.5,random_1_100,3,300,6,1495,sha256:98c46adce29832083d938ce855f9ca880762aca925032d40b7123fe547fa78d4,32,64,1,15,7,3,c01 c04 c05,c02 c04 c05,c03 c04 c05
main|astana_clinic_nobase|nc6|np15|br0.5|random_1_100|ms3|r300|s7,main,astana_clinic_nobase,6,15,0.5,random_1_100,3,300,7,1274,sha256:2b34bcc1ec5925c2ac6480dcc7444e73d769041c1d66ae7f94d68ea53bb28875,31,64,1,15,4,2,c00 c03 c05,c00 c03 c05,c03 c04 c05
main|astana_clinic_nobase|nc6|np15|br0.5|random_1_100|ms3|r300|s8,main,astana_clinic_nobase,6,15,0.5,random_1_100,3,300,8,2106,sha256:4482f99d05da3af1acea31ac32730043eb06b23eb0e837e6395c48abab478945,32,64,1,15,7,2,c02 c03 c04,c00 c02 c04,c00 c02 c04
main|astana_clinic_nobase|nc6|np15|br0.5|random_1_100|ms3|r300|s9,main,astana_clinic_nobase,6,15,0.5,random_1_100,3,300,9,2187,sha256:c0452718a0a6a7760b4e3b9204a22384545e68a02ee8109e6adadc0041aace36,32,64,1,15,6,1,c02 c04 c05,c02 c04 c05,c02 c04 c05
main|astana_clinic_nobase|nc6|np15|br0.5|one_heavy|ms3|r300|s0,main,astana_clinic_nobase,6,15,0.5,one_heavy,3,300,0,1596,sha256:94f24f869e929d8091364bbc1b122d85bb1877a68a619c6f4c7606a93df14d60,32,64,1,15,10,2,c00 c02 c04,c01 c02 c05,c00 c02 c04
main|astana_clinic_nobase|nc6|np15|br0.5|one_heavy|ms3|r300|s1,main,astana_clinic_nobase,6,15,0.5,one_heavy,3,300,1,1012,sha256:919a32f8f2ef7ecd538a53365aff3b477dfd6a1da11e886e95aac4c1813ff0f2,31,64,1,15,5,2,c01 c04 c05,c00 c01 c05,c01 c04 c05
main|astana_clinic_nobase|nc6|np15|br0.5|one_heavy|ms3|r300|s2,main,astana_clinic_nobase,6,15,0.5,one_heavy,3,300,2,1746,sha256:b3614100df1e23a4a0d4c9faa060f81d44effbe645239b3b5bb9264487f1572c,32,64,1,15,5,2,c00 c03 c04,c00 c03 c04,c01 c03 c05
main|astana_clinic_nobase|nc6|np15|br0.5|one_heavy|ms3|r300|s3,main,astana_clinic_nobase,6,15,0.5,one_heavy,3,300,3,1219,sha256:10321909d87c5417f6a3f8fac4f39920b0e28896e0282629e5770743162fa507,32,64,1,15,9,1,c00 c03 c04,c00 c03 c04,c00 c03 c04
main|astana_clinic_nobase|nc6|np15|br0.5|one_heavy|ms3|r300|s4,main,astana_clinic_nobase,6,15,0.5,one_heavy,3,300,4,1927,sha256:ed206cb521aa23407231c706256519cd7d10d883994f79ab43c7bfc7e551b4cf,32,64,1,15,9,2,c00 c04 c05,c00 c04 c05,c01 c04 c05
main|astana_clinic_nobase|nc6|np15|br0.5|one_heavy|ms3|r300|s5,main,astana_clinic_nobase,6,15,0.5,one_heavy,3,300,5,1605,sha256:b7961bfc03785c65dd52bde74b02c4f26740a84232a5b2b9f844b6067c5681cf,32,64,1,15,7,3,c00 c02 c04,c00 c02 c05,c00 c01 c02
main|astana_clinic_nobase|nc6|np15|br0.5|one_heavy|ms3|r300|s6,main,astana_clinic_nobase,6,15,0.5,one_heavy,3,300,6,1227,sha256:55700f86512732f639432d561335a066436d8e278e79baae0c4a1ca45dbc6aab,30,64,1,15,6,2,c00 c02 c05,c00 c02 c03,c00 c02 c05
main|astana_clinic_nobase|nc6|np15|br0.5|one_heavy|ms3|r300|s7,main,astana_clinic_nobase,6,15,0.5,one_heavy,3,300,7,1550,sha256:159dc217bf0e3c4353ec6f3c66376c45b6d9fa1889b28e49769c865b1661ebb6,32,64,1,15,7,3,c00 c01 c04,c01 c03 c05,c00 c02
main|astana_clinic_nobase|nc6|np15|br0.5|one_heavy|ms3|r300|s8,main,astana_clinic_nobase,6,15,0.5,one_heavy,3,300,8,2182,sha256:52dd1274c49f6354873a1cf32f36ebcf3eb1818679928856e42a7a2208e2b451,32,64,1,15,4,1,c00 c01 c03,c00 c01 c03,c00 c01 c03
main|astana_clinic_nobase|nc6|np15|br0.5|one_heavy|ms3|r300|s9,main,astana_clinic_nobase,6,15,0.5,one_heavy,3,300,9,1830,sha256:9a4efb88290d304ab803069bd03ca08521820d8321564b8af81f99c366eb113a,32,64,1,15,10,2,c01 c03 c05,c01 c03 c05,c00 c01 c05
main|astana_clinic_nobase|nc6|np15|br1.0|uniform|ms3|r300|s0,main,astana_clinic_nobase,6,15,1.0,uniform,3,300,0,2197,sha256:7cf6dd119321cd1c648783af6013680e02aab15bf12d0c1d8194c7c7003b274a,42,64,0,15,11,1,c02 c03 c04,c02 c03 c04,c02 c03 c04
main|astana_clinic_nobase|nc6|np15|br1.0|uniform|ms3|r300|s1,main,astana_clinic_nobase,6,15,1.0,uniform,3,300,1,3602,sha256:1f4b8dd769db001da4141bf3bb912d15d5f4d6d7256270d7a1a276cffeb776ed,42,64,0,15,5,1,c02 c03 c05,c02 c03 c05,c02 c03 c05
main|astana_clinic_nobase|nc6|np15|br1.0|uniform|ms3|r300|s2,main,astana_clinic_nobase,6,15,1.0,uniform,3,300,2,1919,sha256:c2e7fdbd7e108c184306c7103bc6b8c2849b5ba1a1fd2ad21868f55d2a308451,42,64,0,15,4,2,c00 c03 c05,c00 c03 c05,c02 c03 c05
main|astana_clinic_nobase|nc6|np15|br1.0|uniform|ms3|r300|s3,main,astana_clinic_nobase,6,15,1.0,uniform,3,300,3,3552,sha256:faedcac7a6ce628d29090b9826d4a6ec04c1cefc5d81e864db75ca2d524cec75,42,64,0,15,8,2,c00 c03 c04,c01 c02 c05,c00 c03 c04
main|astana_clinic_nobase|nc6|np15|br1.0|uniform|ms3|r300|s4,main,astana_clinic_nobase,6,15,1.0,uniform,3,300,4,3001,sha256:613eecbff6dfca714bfd5d9f127411b76f65bcad3c7efbdb169198874adae9aa,42,64,0,15,11,2,c00 c04 c05,c00 c04 c05,c01 c02 c05
main|astana_clinic_nobase|nc6|np15|br1.0|uniform|ms3|r300|s5,main,astana_clinic_nobase,6,15,1.0,uniform,3,300,5,3517,sha256:5eb9b2a5355c82f02f6977452114995109030117864aeafc0df8e2faf008bc48,42,64,0,15,7,1,c00 c04 c05,c00 c04 c05,c00 c04 c05
main|astana_clinic_nobase|nc6|np15|br1.0|uniform|ms3|r300|s6,main,astana_clinic_nobase,6,15,1.0,uniform,3,300,6,3792,sha256:a7d596de468f5a0d71abc7928d0180676692fcf7d1c9b69d9c7dacbfedb77a87,42,64,0,15,13,1,c01 c03 c05,c01 c03 c05,c01 c03 c05
main|astana_clinic_nobase|nc6|np15|br1.0|uniform|ms3|r300|s7,main,astana_clinic_nobase,6,15,1.0,uniform,3,300,7,2977,sha256:3e4c0396b9eb48160937f2dcba4a7b09093551906b48779095a8ae1b93743f1b,42,64,0,15,9,1,c00 c02 c03,c00 c02 c03,c00 c02 c03
main|astana_clinic_nobase|nc6|np15|br1.0|uniform|ms3|r300|s8,main,astana_clinic_nobase,6,15,1.0,uniform,3,300,8,3747,sha256:24074b807b3d3c65a0fc933c528e0b1ee38b1f3e9df2df042943e3c3f8fe118f,42,64,0,15,9,1,c02 c03 c04,c02 c03 c04,c02 c03 c04
main|astana_clinic_nobase|nc6|np15|br1.0|uniform|ms3|r300|s9,main,astana_clinic_nobase,6,15,1.0,uniform,3,300,9,2702,sha256:34dbbf39acdb1763127b89593a34520ad1516cbc2298609a0323cafa4527ff5c,42,64,0,15,11,1,c00 c04 c05,c00 c04 c05,c00 c04 c05
main|astana_clinic_nobase|nc6|np15|br1.0|random_1_100|ms3|r300|s0,main,astana_clinic_nobase,6,15,1.0,random_1_100,3,300,0,3602,sha256:e884f34ede6f4773dff634538944a6d4cdb6fe19d72149760993bf4c6296ba43,42,64,0,15,12,2,c00 c02 c03,c00 c01 c05,c00 c02 c03
main|astana_clinic_nobase|nc6|np15|br1.0|random_1_100|ms3|r300|s1,main,astana_clinic_nobase,6,15,1.0,random_1_100,3,300,1,3315,sha256:4824d248c63946f7036846f23d241356d6eb61752f61c79d461b0c473914cbd2,42,64,0,15,7,2,c00 c01 c03,c00 c03 c04,c00 c01 c03
main|astana_clinic_nobase|nc6|np15|br1.0|random_1_100|ms3|r300|s2,main,astana_clinic_nobase,6,15,1.0,random_1_100,3,300,2,2645,sha256:0d4d93d6a317c721ba49a9085c106d65f04151854ecfa84016ede4bb02f9040d,42,64,0,15,7,3,c00 c02 c05,c00 c03 c05,c00 c02 c04
main|astana_clinic_nobase|nc6|np15|br1.0|random_1_100|ms3|r300|s3,main,astana_clinic_nobase,6,15,1.0,random_1_100,3,300,3,3458,sha256:443c4904f7f23fa9b36be0f06e6c8e7df5a6e17ca701a26ad655986e7790b4dd,42,64,0,15,10,2,c00 c01 c05,c00 c01 c05,c00 c01 c02
main|astana_clinic_nobase|nc6|np15|br1.0|random_1_100|ms3|r300|s4,main,astana_clinic_nobase,6,15,1.0,random_1_100,3,300,4,2544,sha256:26bbdda0cf1aec40d3f45320a869bbfca61c0b4e23167193f0e109eceb6bd9c3,42,64,0,15,12,2,c02 c04 c05,c02 c04 c05,c01 c02 c05
main|astana_clinic_nobase|nc6|np15|br1.0|random_1_100|ms3|r300|s5,main,astana_clinic_nobase,6,15,1.0,random_1_100,3,300,5,4406,sha256:f9123f1483eee43ffc7ffac178335e1f90eb767efdeba7d5293b782a65cad095,42,64,0,15,9,1,c00 c01 c04,c00 c01 c04,c00 c01 c04
main|astana_clinic_nobase|nc6|np15|br1.0|random_1_100|ms3|r300|s6,main,astana_clinic_nobase,6,15,1.0,random_1_100,3,300,6,3495,sha256:723b662890a04f41ff505910e5d7ca2afa13cd3901c77ebaa62f7c2368b6936f,42,64,0,15,6,2,c01 c03 c05,c00 c01 c05,c01 c03 c05
main|astana_clinic_nobase|nc6|np15|br1.0|random_1_100|ms3|r300|s7,main,astana_clinic_nobase,6,15,1.0,random_1_100,3,300,7,3149,sha256:075c537216f4841718354d255a2b2ccb408ee45cbb7d13196466a3c4e81d64e4,42,64,0,15,6,2,c00 c04 c05,c00 c01 c05,c00 c04 c05
main|astana_clinic_nobase|nc6|np15|br1.0|random_1_100|ms3|r300|s8,main,astana_clinic_nobase,6,15,1.0,random_1_100,3,300,8,2475,sha256:7bc7d45364aa2263a868f97d390ff1020460a27c86f9f2c6c34a2cd626b30d8d,42,64,0,15,7,3,c00 c03 c05,c02 c03 c04,c03 c04 c05
main|astana_clinic_nobase|nc6|np15|br1.0|random_1_100|ms3|r300|s9,main,astana_clinic_nobase,6,15,1.0,random_1_100,3,300,9,2252,sha256:a65af54548dc9b5ea5d48664ab9de540490ac52ed753e09be8d5770bb0cc1912,42,64,0,15,10,2,c00 c01 c02,c00 c01 c02,c00 c01 c04
main|astana_clinic_nobase|nc6|np15|br1.0|one_heavy|ms3|r300|s0,main,astana_clinic_nobase,6,15,1.0,one_heavy,3,300,0,3094,sha256:8d9af4d006ba1b70e3ca2228e14a7b4fdcbb1aea2ef82bb71825b2bfc8bb09a9,42,64,0,15,9,2,c00 c01 c05,c00 c02 c05,c00 c01 c05
main|astana_clinic_nobase|nc6|np15|br1.0|one_heavy|ms3|r300|s1,main,astana_clinic_nobase,6,15,1.0,one_heavy,3,300,1,2984,sha256:a30795ee67c3bd40a49a7d07b8940e319e528026a0fa7270f9918d5a0551f25e,42,64,0,15,8,1,c00 c04 c05,c00 c04 c05,c00 c04 c05
main|astana_clinic_nobase|nc6|np15|br1.0|one_heavy|ms3|r300|s2,main,astana_clinic_nobase,6,15,1.0,one_heavy,3,300,2,2327,sha256:16a277922e167efe08c2ac7f98ccef3caba442d18f5250526481a2d739033d98,42,64,0,15,5,2,c01 c02 c05,c01 c02 c05,c01 c04 c05
main|astana_clinic_nobase|nc6|np15|br1.0|one_heavy|ms3|r300|s3,main,astana_clinic_nobase,6,15,1.0,one_heavy,3,300,3,2339,sha256:f2fd69e531b0cc42152b09e53389ed3598bcd78e105ee4bcb84757fb3a513153,42,64,0,15,11,2,c00 c03 c05,c00 c03 c05,c01 c03 c05
main|astana_clinic_nobase|nc6|np15|br1.0|one_heavy|ms3|r300|s4,main,astana_clinic_nobase,6,15,1.0,one_heavy,3,300,4,3442,sha256:40e449c400b13460fcdeff788584c501b1c138e743316297c6a35562f02c17a0,42,64,0,15,5,2,c00 c02 c04,c00 c02 c04,c00 c01 c04
main|astana_clinic_nobase|nc6|np15|br1.0|one_heavy|ms3|r300|s5,main,astana_clinic_nobase,6,15,1.0,one_heavy,3,300,5,3849,sha256:ddbb3ff5aa41c2dadbb9dbe8ea691d014690fe00b392730c00f1e172c2e4f342,42,64,0,15,11,1,c00 c03 c05,c00 c03 c05,c00 c03 c05
main|astana_clinic_nobase|nc6|np15|br1.0|one_heavy|ms3|r300|s6,main,astana_clinic_nobase,6,15,1.0,one_heavy,3,300,6,2823,sha256:873f198133753cc88f7386939fa7d71da7a3c08bbd87f77ed412769c16178668,42,64,0,15,10,1,c01 c02 c05,c01 c02 c05,c01 c02 c05
main|astana_clinic_nobase|nc6|np15|br1.0|one_heavy|ms3|r300|s7,main,astana_clinic_nobase,6,15,1.0,one_heavy,3,300,7,2790,sha256:8ab79594d1679b22477b04eb767ac2d9268cccc936cd15dcf6ddfc3dc280a233,42,64,0,15,5,2,c01 c02 c04,c02 c03 c04,c01 c02 c04
main|astana_clinic_nobase|nc6|np15|br1.0|one_heavy|ms3|r300|s8,main,astana_clinic_nobase,6,15,1.0,one_heavy,3,300,8,2434,sha256:85bbfcb5a79226b6ffb342b252041e85db95753968e04ebd55cf9b04c8bf5e96,42,64,0,15,5,1,c00 c01 c04,c00 c01 c04,c00 c01 c04
main|astana_clinic_nobase|nc6|np15|br1.0|one_heavy|ms3|r300|s9,main,astana_clinic_nobase,6,15,1.0,one_heavy,3,300,9,2613,sha256:33b130bc0d8b60b8d13b18523ffd56bfffd61d591ebefea3639dd19ad87a6df7,42,64,0,15,5,1,c02 c03 c05,c02 c03 c05,c02 c03 c05
main|astana_clinic_nobase|nc6|np25|br0.25|uniform|ms3|r300|s0,main,astana_clinic_nobase,6,25,0.25,uniform,3,300,0,988,sha256:1d13d53a7ff845b9ea4ad45712675969c8efadc551792d63dc692e1e5056b483,11,64,1,25,6,1,c00 c05,c00 c05,c00 c05
main|astana_clinic_nobase|nc6|np25|br0.25|uniform|ms3|r300|s1,main,astana_clinic_nobase,6,25,0.25,uniform,3,300,1,734,sha256:fff7bdedacbf02a8e5f4629028b8eba2441d4b85278c6bf51860e08a1a3db6f0,9,64,1,25,2,1,c01 c02,c01 c02,c01 c02
main|astana_clinic_nobase|nc6|np25|br0.25|uniform|ms3|r300|s2,main,astana_clinic_nobase,6,25,0.25,uniform,3,300,2,902,sha256:631cd83ce3f123441c7c58b2aecb220d29fcdd9dd092d110fa2635a37a6b50f6,8,64,1,25,4,2,c01 c03,c00,c01 c03
main|astana_clinic_nobase|nc6|np25|br0.25|uniform|ms3|r300|s3,main,astana_clinic_nobase,6,25,0.25,uniform,3,300,3,878,sha256:349d8df59c81b55968b9122b9184b2807f7ce9e6af6d4f8a10b6eab23dd0c93f,9,64,1,25,4,2,c01 c05,c01 c05,c00 c01
main|astana_clinic_nobase|nc6|np25|br0.25|uniform|ms3|r300|s4,main,astana_clinic_nobase,6,25,0.25,uniform,3,300,4,874,sha256:52c82764bdb663a8e9a53f00c57e52f7a560a2d56cfe1b58e12ed08ca903a9e3,7,64,1,25,3,1,c01 c04,c01 c04,c01 c04
main|astana_clinic_nobase|nc6|np25|br0.25|uniform|ms3|r300|s5,main,astana_clinic_nobase,6,25,0.25,uniform,3,300,5,1060,sha256:d42051434f7cf2879cdfddd59d66fcba370976212295cdaa4ac8527d69580e49,11,64,1,25,4,2,c04 c05,c04 c05,c03
main|astana_clinic_nobase|nc6|np25|br0.25|uniform|ms3|r300|s6,main,astana_clinic_nobase,6,25,0.25,uniform,3,300,6,866,sha256:cbca3af4802f48fc930a95a1481818abde7f689d9178e0ac096d729336a5a0c3,7,64,1,25,3,2,c01 c04,c02,c01 c04
main|astana_clinic_nobase|nc6|np25|br0.25|uniform|ms3|r300|s7,main,astana_clinic_nobase,6,25,0.25,uniform,3,300,7,526,sha256:6fcc6cf3f883faea989ae98530b3e5a709295c91afb5f64001f5323fcfaca836,9,64,1,25,3,1,c03 c05,c03 c05,c03 c05
main|astana_clinic_nobase|nc6|np25|br0.25|uniform|ms3|r300|s8,main,astana_clinic_nobase,6,25,0.25,uniform,3,300,8,973,sha256:528b02352b92edb9a93e304672765b00630e257772a9f28fa9e328fa4a7ed870,10,64,1,25,5,3,c00 c01,c00 c05,c01 c05
main|astana_clinic_nobase|nc6|np25|br0.25|uniform|ms3|r300|s9,main,astana_clinic_nobase,6,25,0.25,uniform,3,300,9,925,sha256:19e6cdd9bdf34f29991cdf76a0a14ac537113810776b78ae4d9a7466d7f6b79d,8,64,1,25,3,2,c00,c00,c02 c05
main|astana_clinic_nobase|nc6|np25|br0.25|random_1_100|ms3|r300|s0,main,astana_clinic_nobase,6,25,0.25,random_1_100,3,300,0,919,sha256:4b1436d2642d91beaec3f6bf7d048006fe4ce6f4859b3df5b3ed211c56b65ade,8,64,1,25,4,2,c02 c05,c01,c02 c05
main|astana_clinic_nobase|nc6|np25|br0.25|random_1_100|ms3|r300|s1,main,astana_clinic_nobase,6,25,0.25,random_1_100,3,300,1,976,sha256:f07af625a5c0b23dc9c5ff36aaaf4e99792c1b5182d1cbbf0e3d9f99ef96eb6d,8,64,1,25,2,2,c00 c04,c03,c00 c04
main|astana_clinic_nobase|nc6|np25|br0.25|random_1_100|ms3|r300|s2,main,astana_clinic_nobase,6,25,0.25,random_1_100,3,300,2,934,sha256:fdc77e9304d93ffc611cb4b50a135d43e8122e5deba28500110bdc4069aa722d,8,64,1,25,4,2,c02 c05,c02 c05,c03 c05
main|astana_clinic_nobase|nc6|np25|br0.25|random_1_100|ms3|r300|s3,main,astana_clinic_nobase,6,25,0.25,random_1_100,3,300,3,634,sha256:96cab3e5ce3794c3e3c69e5fd42eb0e0d11987bf38a34046967e609929737021,11,64,1,25,7,1,c00 c03 c04,c00 c03 c04,c00 c03 c04
main|astana_clinic_nobase|nc6|np25|br0.25|random_1_100|ms3|r300|s4,main,astana_clinic_nobase,6,25,0.25,random_1_100,3,300,4,987,sha256:6eb48d94e2f2251450da561220c0afb35bc4849c149395b2b38163121a6a1a10,9,64,1,25,3,2,c02 c04,c02 c04,c04 c05
main|astana_clinic_nobase|nc6|np25|br0.25|random_1_100|ms3|r300|s5,main,astana_clinic_nobase,6,25,0.25,random_1_100,3,300,5,1097,sha256:ab9da4542a9a4569687ae4fb819aa06db7b741c2690d5f199ccdc5f02da1c8f1,8,64,1,25,2,2,c04 c05,c04 c05,c03
main|astana_clinic_nobase|nc6|np25|br0.25|random_1_100|ms3|r300|s6,main,astana_clinic_nobase,6,25,0.25,random_1_100,3,300,6,867,sha256:7a3ba0d505e9d1de70475a6d17aed7d75cdbace8ea44e7ca71d3863bb288c4bb,8,64,1,25,3,1,c02 c03,c02 c03,c02 c03
main|astana_clinic_nobase|nc6|np25|br0.25|random_1_100|ms3|r300|s7,main,astana_clinic_nobase,6,25,0.25,random_1_100,3,300,7,554,sha256:ed1f710a139851870ccfab2a2a786843e0a8add1367dcb3c080149b0011d0087,11,64,1,25,5,1,c02 c03 c04,c02 c03 c04,c02 c03 c04
main|astana_clinic_nobase|nc6|np25|br0.25|random_1_100|ms3|r300|s8,main,astana_clinic_nobase,6,25,0.25,random_1_100,3,300,8,987,sha256:8cc0a3ed95acde5e746973030b0fccd2d3d7bea99dde94763f090e368db46456,8,64,1,25,3,2,c01,c01,c00
main|astana_clinic_nobase|nc6|np25|br0.25|random_1_100|ms3|r300|s9,main,astana_clinic_nobase,6,25,0.25,random_1_100,3,300,9,547,sha256:0c10f74271554a389e852831277bffcf41fac732de22869dbaa7807f0f84e852,9,64,1,25,3,1,c00 c04,c00 c04,c00 c04
main|astana_clinic_nobase|nc6|np25|br0.25|one_heavy|ms3|r300|s0,main,astana_clinic_nobase,6,25,0.25,one_heavy,3,300,0,1126,sha256:138c84102500cf039da7bee25d9ff08a3b61151bd8ecf4f584718ca3c0c78f66,8,64,1,25,3,2,c01,c03 c04,c01
main|astana_clinic_nobase|nc6|np25|br0.25|one_heavy|ms3|r300|s1,main,astana_clinic_nobase,6,25,0.25,one_heavy,3,300,1,957,sha256:1a4c2737cb9e343461df9584d51ffd0378a47e9bc4fb5bd5136991ea40d56d14,9,64,1,25,2,3,c01,c02 c04,c00 c04
main|astana_clinic_nobase|nc6|np25|br0.25|one_heavy|ms3|r300|s2,main,astana_clinic_nobase,6,25,0.25,one_heavy,3,300,2,881,sha256:56c7655ef65fafb3a41b26858701ff960460e8cf3bd5b1f6afb4d8d9d2d7c82f,9,64,1,25,3,1,c04 c05,c04 c05,c04 c05
main|astana_clinic_nobase|nc6|np25|br0.25|one_heavy|ms3|r300|s3,main,astana_clinic_nobase,6,25,0.25,one_heavy,3,300,3,605,sha256:405dc8218f292c0861720b75996e7d40a960a447cbf7d9a5cdc9897b3837252a,9,64,1,25,5,2,c00 c03,c03 c05,c00 c03
main|astana_clinic_nobase|nc6|np25|br0.25|one_heavy|ms3|r300|s4,main,astana_clinic_nobase,6,25,0.25,one_heavy,3,300,4,655,sha256:c5fe5ca5b7d7b7a8595c1541c139f84ca719118a4a0cae9c948c44414f6c3d41,12,64,1,25,4,1,c00 c01 c04,c00 c01 c04,c00 c01 c04
main|astana_clinic_nobase|nc6|np25|br0.25|one_heavy|ms3|r300|s5,main,astana_clinic_nobase,6,25,0.25,one_heavy,3,300,5,527,sha256:57199c08bedf10ebd02081e1c29ca10eb837c5a013ad0dab88c7908c0398d524,14,64,1,25,7,2,c02 c03 c05,c02 c03 c05,c04 c05
main|astana_clinic_nobase|nc6|np25|br0.25|one_heavy|ms3|r300|s6,main,astana_clinic_nobase,6,25,0.25,one_heavy,3,300,6,488,sha256:da347dc4be934137decb38a857f2552c3ed7ddada0f83143b647011b9e07d6bf,9,64,1,25,3,2,c01 c05,c01 c05,c01 c03
main|astana_clinic_nobase|nc6|np25|br0.25|one_heavy|ms3|r300|s7,main,astana_clinic_nobase,6,25,0.25,one_heavy,3,300,7,848,sha256:18ff9d03e1110bb560d6210c43a2d44ef740537982dea017b0bbe7c8631d029d,10,64,1,25,5,2,c03,c03,c01 c04
main|astana_clinic_nobase|nc6|np25|br0.25|one_heavy|ms3|r300|s8,main,astana_clinic_nobase,6,25,0.25,one_heavy,3,300,8,834,sha256:0b5df23dfc39f957449cac80ec08f67dd6b3a204e780b73f738805c1fdaeb613,9,64,1,25,4,1,c00 c03,c00 c03,c00 c03
main|astana_clinic_nobase|nc6|np25|br0.25|one_heavy|ms3|r300|s9,main,astana_clinic_nobase,6,25,0.25,one_heavy,3,300,9,910,sha256:dd0641f5f967d52747c906d4f86ae79324591ffe584e314ab5e268a929f02dcb,9,64,1,25,3,1,c01 c05,c01 c05,c01 c05
main|astana_clinic_nobase|nc6|np25|br0.5|uniform|ms3|r300|s0,main,astana_clinic_nobase,6,25,0.5,uniform,3,300,0,1889,sha256:9424c40aa96ef81cf6e4da8bd0d8c437c4cbc5a20f63cdd848e262a5ef1956bf,31,64,1,25,6,1,c01 c03 c05,c01 c03 c05,c01 c03 c05
main|astana_clinic_nobase|nc6|np25|br0.5|uniform|ms3|r300|s1,main,astana_clinic_nobase,6,25,0.5,uniform,3,300,1,1803,sha256:4b6875cfdc72db8d2b134a830a0df18037b1626b9e342265283c3e6f3a01e4ed,32,64,1,25,6,2,c00 c03 c04,c00 c03 c04,c01 c03 c04
main|astana_clinic_nobase|nc6|np25|br0.5|uniform|ms3|r300|s2,main,astana_clinic_nobase,6,25,0.5,uniform,3,300,2,1563,sha256:2a9fc2bcf2cafab4ca2d4e96f0d630dbee92c92dabb53ef445f5140c9e58a197,32,64,1,25,9,2,c00 c01,c00 c02 c05,c00 c02 c05
main|astana_clinic_nobase|nc6|np25|br0.5|uniform|ms3|r300|s3,main,astana_clinic_nobase,6,25,0.5,uniform,3,300,3,1517,sha256:8dcd23f0c407d9de0cda41620e0c3c3ebf612f094612beca6c6a80eee3b7d610,31,64,1,25,6,2,c01 c03 c04,c01 c03 c04,c02 c03 c04
main|astana_clinic_nobase|nc6|np25|br0.5|uniform|ms3|r300|s4,main,astana_clinic_nobase,6,25,0.5,uniform,3,300,4,2022,sha256:4c259aefd6def5d94b66e5eb44620d319939be2ffafdb8f05aa8e71355f73631,32,64,1,25,7,3,c01 c02 c05,c02 c04 c05,c00 c02 c05
main|astana_clinic_nobase|nc6|np25|br0.5|uniform|ms3|r300|s5,main,astana_clinic_nobase,6,25,0.5,uniform,3,300,5,1197,sha256:329985c4f7aefc883cea11ebc131ed4f7a5b3bfd3734dbb74cd51d824cdb05f5,30,64,1,25,12,2,c00 c03,c00 c02 c04,c00 c03
main|astana_clinic_nobase|nc6|np25|br0.5|uniform|ms3|r300|s6,main,astana_clinic_nobase,6,25,0.5,uniform,3,300,6,687,sha256:5689b53933d9a25bdab4c131aca32eef49a8c71e6d29f80b2374fc993ac0f295,32,64,1,25,10,2,c01 c02 c03,c01 c02 c03,c00 c03 c04
main|astana_clinic_nobase|nc6|np25|br0.5|uniform|ms3|r300|s7,main,astana_clinic_nobase,6,25,0.5,uniform,3,300,7,1326,sha256:4989e413094562cfb7869f4d92f96781cf164382b9bf0eef1fea61276fd41f03,31,64,1,25,8,2,c00 c03 c05,c00 c03 c05,c00 c01 c05
main|astana_clinic_nobase|nc6|np25|br0.5|uniform|ms3|r300|s8,main,astana_clinic_nobase,6,25,0.5,uniform,3,300,8,1824,sha256:e897cd676a30025c8a8917a762bc7d9a8c91b555bc308b71a9afe60257a433a7,32,64,1,25,8,1,c01 c02 c05,c01 c02 c05,c01 c02 c05
main|astana_clinic_nobase|nc6|np25|br0.5|uniform|ms3|r300|s9,main,astana_clinic_nobase,6,25,0.5,uniform,3,300,9,1975,sha256:867040dc0d2d539ea32e7e6b8de224ce1320b44cc44575e704161b1ad83c970a,32,64,1,25,6,2,c01 c03 c05,c00 c01 c05,c01 c03 c05
main|astana_clinic_nobase|nc6|np25|br0.5|random_1_100|ms3|r300|s0,main,astana_clinic_nobase,6,25,0.5,random_1_100,3,300,0,1281,sha256:6bb77001fc120e53940b7b76e9349228efda2ecf4070fa5a2f0e6c8349c92db9,31,64,1,25,6,1,c01 c04 c05,c01 c04 c05,c01 c04 c05
main|astana_clinic_nobase|nc6|np25|br0.5|random_1_100|ms3|r300|s1,main,astana_clinic_nobase,6,25,0.5,random_1_100,3,300,1,1994,sha256:c18b9c4fe2fedad99925eaed447344e9f97d4b0c17f726055c8481d49e66aa3d,32,64,1,25,7,2,c01 c02 c04,c00 c01 c04,c01 c02 c04
main|astana_clinic_nobase|nc6|np25|br0.5|random_1_100|ms3|r300|s2,main,astana_clinic_nobase,6,25,0.5,random_1_100,3,300,2,1403,sha256:941996128702818f1c7e2ec4b1558c4d75615d4571a87e6fdc060647dcbd93cb,31,64,1,25,8,3,c01 c02 c05,c02 c04 c05,c01 c03 c05
main|astana_clinic_nobase|nc6|np25|br0.5|random_1_100|ms3|r300|s3,main,astana_clinic_nobase,6,25,0.5,random_1_100,3,300,3,1989,sha256:e71bd2b0b51d1ef03f8566d9b5e737de3ba33f903d6efd591deb3c4bde87e9e5,32,64,1,25,5,2,c02 c03 c04,c02 c03 c04,c01 c02 c04
main|astana_clinic_nobase|nc6|np25|br0.5|random_1_100|ms3|r300|s4,main,astana_clinic_nobase,6,25,0.5,random_1_100,3,300,4,1668,sha256:b526d50220d4a5df8af24438ed7568163d7c7f676a89c01e9534309af54509c0,31,64,1,25,6,2,c00 c02 c05,c00 c02 c05,c00 c01 c05
main|astana_clinic_nobase|nc6|np25|br0.5|random_1_100|ms3|r300|s5,main,astana_clinic_nobase,6,25,0.5,random_1_100,3,300,5,1944,sha256:a2735ad5a67dd69cff0c769379889abde27b880c62b84101c2025ef2532e2baf,32,64,1,25,6,2,c02 c04 c05,c02 c04 c05,c01 c02 c05
main|astana_clinic_nobase|nc6|np25|br0.5|random_1_100|ms3|r300|s6,main,astana_clinic_nobase,6,25,0.5,random_1_100,3,300,6,1347,sha256:5f3356f6088708ea814a055a0f9469e276a9d137678d8321bff9c518ce543b19,31,64,1,25,4,1,c01 c02 c05,c01 c02 c05,c01 c02 c05
main|astana_clinic_nobase|nc6|np25|br0.5|random_1_100|ms3|r300|s7,main,astana_clinic_nobase,6,25,0.5,random_1_100,3,300,7,1594,sha256:a61cd8c3613ca187af5491cb8170540f59940c3756e49647f883f70f1e7415bd,32,64,1,25,9,2,c00 c01 c03,c00 c01 c03,c03 c05
main|astana_clinic_nobase|nc6|np25|br0.5|random_1_100|ms3|r300|s8,main,astana_clinic_nobase,6,25,0.5,random_1_100,3,300,8,1645,sha256:ec30636b5b1139a1f60f2242413391f1b742229b002d732876aed0069eb87f61,31,64,1,25,6,3,c00 c02 c04,c01 c03 c04,c01 c04 c05
main|astana_clinic_nobase|nc6|np25|br0.5|random_1_100|ms3|r300|s9,main,astana_clinic_nobase,6,25,0.5,random_1_100,3,300,9,1437,sha256:2b108c1584d6e85f36e31ab73ce6f419b3119b0ea0fe651c1c6291dbeb2bdac5,31,64,1,25,9,2,c01 c02 c05,c01 c02 c05,c01 c02 c04
main|astana_clinic_nobase|nc6|np25|br0.5|one_heavy|ms3|r300|s0,main,astana_clinic_nobase,6,25,0.5,one_heavy,3,300,0,1947,sha256:ffe26fe2eb5ea24495c53d410ddb688f5fde2515150e33b2e4cdac8c1cff0e54,32,64,1,25,9,1,c00 c02 c05,c00 c02 c05,c00 c02 c05
main|astana_clinic_nobase|nc6|np25|br0.5|one_heavy|ms3|r300|s1,main,astana_clinic_nobase,6,25,0.5,one_heavy,3,300,1,1150,sha256:6cb998e03cb17af6cd25d949bd54f8b3a9ddf50d3b4d60a496ca23b76f8fbf06,31,64,1,25,8,1,c02 c03 c05,c02 c03 c05,c02 c03 c05
main|astana_clinic_nobase|nc6|np25|br0.5|one_heavy|ms3|r300|s2,main,astana_clinic_nobase,6,25,0.5,one_heavy,3,300,2,1834,sha256:4537a4ada0d01e35db45018d42d385c1a1ca9a67a68ea403129529fc4b01dfa8,32,64,1,25,4,3,c02 c04 c05,c01 c02 c05,c00 c02 c04
main|astana_clinic_nobase|nc6|np25|br0.5|one_heavy|ms3|r300|s3,main,astana_clinic_nobase,6,25,0.5,one_heavy,3,300,3,1967,sha256:0b9ba52188664b17b33fe593f949a0ad421e8519627aadfed911fdc68fc600ca,32,64,1,25,11,2,c00 c02 c03,c00 c05,c00 c02 c03
main|astana_clinic_nobase|nc6|np25|br0.5|one_heavy|ms3|r300|s4,main,astana_clinic_nobase,6,25,0.5,one_heavy,3,300,4,1767,sha256:77f738f13d85d38e23cc56dc77526ac0ccb1c1051a6dacbff2752899381279cc,31,64,1,25,6,1,c01 c03 c05,c01 c03 c05,c01 c03 c05
main|astana_clinic_nobase|nc6|np25|br0.5|one_heavy|ms3|r300|s5,main,astana_clinic_nobase,6,25,0.5,one_heavy,3,300,5,1161,sha256:d1212862b382dd40d8ec106e68582b78aa8d55308382a82a43bcd8f8bdb76363,31,64,1,25,5,2,c00 c02 c05,c01 c02 c05,c00 c02 c05
main|astana_clinic_nobase|nc6|np25|br0.5|one_heavy|ms3|r300|s6,main,astana_clinic_nobase,6,25,0.5,one_heavy,3,300,6,1929,sha256:4a999e8f1b68f0f853ca7e7060edd3b1276ece0e89c4158e9c8bc1f5c17f8bbc,32,64,1,25,6,3,c00 c01 c05,c00 c01 c02,c00 c02 c05
main|astana_clinic_nobase|nc6|np25|br0.5|one_heavy|ms3|r300|s7,main,astana_clinic_nobase,6,25,0.5,one_heavy,3,300,7,1769,sha256:43a4aa30c245e8371d6a70e496156d42a98dc3e7cd434b20834b12d8e149e957,31,64,1,25,10,2,c02 c03 c04,c02 c03 c04,c01 c02 c05
main|astana_clinic_nobase|nc6|np25|br0.5|one_heavy|ms3|r300|s8,main,astana_clinic_nobase,6,25,0.5,one_heavy,3,300,8,1720,sha256:bd5b04679d32288d9813e3e8b89832f5f35834b279380675864e79d0cf89f8b3,32,64,1,25,7,1,c00 c04 c05,c00 c04 c05,c00 c04 c05
main|astana_clinic_nobase|nc6|np25|br0.5|one_heavy|ms3|r300|s9,main,astana_clinic_nobase,6,25,0.5,one_heavy,3,300,9,1625,sha256:23309b739218e7caf8394b43a03847b81485fa4ef5cd0155ff401c2cd058c01f,32,64,1,25,5,2,c02 c04 c05,c02 c04 c05,c00 c02 c05
main|astana_clinic_nobase|nc6|np25|br1.0|uniform|ms3|r300|s0,main,astana_clinic_nobase,6,25,1.0,uniform,3,300,0,4183,sha256:a7abc884a48c753f34161ade1ac7173b8401a87674e78044e4f9ad4efda07671,42,64,0,25,9,2,c00 c01 c02,c00 c01 c02,c00 c01 c04
main|astana_clinic_nobase|nc6|np25|br1.0|uniform|ms3|r300|s1,main,astana_clinic_nobase,6,25,1.0,uniform,3,300,1,3660,sha256:5ddb5597c2761978b2dde9a5d20b33c15ee1f1defcef4eba39af115f9b158adc,42,64,0,25,10,2,c00 c02 c05,c00 c02 c05,c00 c01 c05
main|astana_clinic_nobase|nc6|np25|br1.0|uniform|ms3|r300|s2,main,astana_clinic_nobase,6,25,1.0,uniform,3,300,2,3300,sha256:ae1499a876a2cfa79878213c7b809f57e0e0824ca6beda4c20bd5249fca3174b,42,64,0,25,5,1,c03 c04 c05,c03 c04 c05,c03 c04 c05
main|astana_clinic_nobase|nc6|np25|br1.0|uniform|ms3|r300|s3,main,astana_clinic_nobase,6,25,1.0,uniform,3,300,3,3467,sha256:37dce826de204b1752119b346f720ba4bce72221d68f7e12b3ef924494d0e8db,42,64,0,25,5,2,c00 c02 c04,c00 c02 c04,c00 c03 c04
main|astana_clinic_nobase|nc6|np25|br1.0|uniform|ms3|r300|s4,main,astana_clinic_nobase,6,25,1.0,uniform,3,300,4,2068,sha256:8d41642ba1e409f0fa4ff129547bbb1c9594c9c4f6be214f9b9f7789e206eda8,42,64,0,25,10,2,c01 c02 c04,c01 c02 c04,c01 c02 c03
main|astana_clinic_nobase|nc6|np25|br1.0|uniform|ms3|r300|s5,main,astana_clinic_nobase,6,25,1.0,uniform,3,300,5,3256,sha256:69dc975995585a79ef52cfa43184c647b2cf6f0e7a10fcac3b0280958f81e2cb,42,64,0,25,10,2,c00 c02 c03,c00 c03 c04,c00 c02 c03
main|astana_clinic_nobase|nc6|np25|br1.0|uniform|ms3|r300|s6,main,astana_clinic_nobase,6,25,1.0,uniform,3,300,6,2744,sha256:6e19fec1fb89de8dffd3b6f4cbba55b36a366ea85d0b5b9d5b30fa5b65ae518b,42,64,0,25,11,1,c03 c04 c05,c03 c04 c05,c03 c04 c05
main|astana_clinic_nobase|nc6|np25|br1.0|uniform|ms3|r300|s7,main,astana_clinic_nobase,6,25,1.0,uniform,3,300,7,3731,sha256:43d291dc36d2ecc39769b0eaa7640cbebd66b3340960999517bfa5c5e4b7b30d,42,64,0,25,6,2,c02 c03 c04,c00 c01 c02,c02 c03 c04
main|astana_clinic_nobase|nc6|np25|br1.0|uniform|ms3|r300|s8,main,astana_clinic_nobase,6,25,1.0,uniform,3,300,8,2943,sha256:bc88ef0b8006916406d1a748dc90892fb9026ab459b97e2b352dff490f56813d,42,64,0,25,10,2,c00 c02 c04,c00 c02 c04,c00 c02 c05
main|astana_clinic_nobase|nc6|np25|br1.0|uniform|ms3|r300|s9,main,astana_clinic_nobase,6,25,1.0,uniform,3,300,9,3662,sha256:65f6c1bdb468b8be0e4c3ca8e7e945018a01d933dcfe011eb3338803489b174d,42,64,0,25,15,3,c00 c03 c05,c00 c01 c03,c00 c04 c05
main|astana_clinic_nobase|nc6|np25|br1.0|random_1_100|ms3|r300|s0,main,astana_clinic_nobase,6,25,1.0,random_1_100,3,300,0,1708,sha256:8a36fb04e108952811df4cd84193e14fc50d62f9ec14cfb971d73d1a86fbae33,42,64,0,25,11,3,c01 c04 c05,c01 c02 c04,c01 c03 c05
main|astana_clinic_nobase|nc6|np25|br1.0|random_1_100|ms3|r300|s1,main,astana_clinic_nobase,6,25,1.0,random_1_100,3,300,1,1977,sha256:37eb65b6f700f4adffd7e33c0f230dde9189cf9fc4ccdc0905c307ef42c7ce4a,42,64,0,25,6,2,c00 c01 c04,c01 c02 c03,c01 c02 c03
main|astana_clinic_nobase|nc6|np25|br1.0|random_1_100|ms3|r300|s2,main,astana_clinic_nobase,6,25,1.0,random_1_100,3,300,2,3568,sha256:ad0a160978288e2ac63fcae0a5b9cc6593e4e4d0e763e43a3289d8518c3927fe,42,64,0,25,10,3,c00 c03 c05,c02 c04 c05,c00 c02 c03
main|astana_clinic_nobase|nc6|np25|br1.0|random_1_100|ms3|r300|s3,main,astana_clinic_nobase,6,25,1.0,random_1_100,3,300,3,3143,sha256:913ab4d3e76d4b5e30663d8dc74ba01372cd4b59865590fe85da036ba8d0b659,42,64,0,25,10,2,c00 c01 c05,c00 c01 c05,c01 c03 c04
main|astana_clinic_nobase|nc6|np25|br1.0|random_1_100|ms3|r300|s4,main,astana_clinic_nobase,6,25,1.0,random_1_100,3,300,4,5030,sha256:f09e3c5cb791b49acc11b682be334783ba1c88e98727a237655d34005bf590db,42,64,0,25,9,3,c00 c01 c02,c01 c02 c05,c00 c01 c03
main|astana_clinic_nobase|nc6|np25|br1.0|random_1_100|ms3|r300|s5,main,astana_clinic_nobase,6,25,1.0,random_1_100,3,300,5,3125,sha256:9737aae5a67b1085f15e4f5f13330d02156d4b5d25d097d06387397a9f94e64a,42,64,0,25,7,1,c00 c01 c05,c00 c01 c05,c00 c01 c05
main|astana_clinic_nobase|nc6|np25|br1.0|random_1_100|ms3|r300|s6,main,astana_clinic_nobase,6,25,1.0,random_1_100,3,300,6,3488,sha256:9cf83331833a9cf9bc4cf5914c224eada51e90c32899d006d4522b7bd2e16969,42,64,0,25,5,3,c00 c01 c05,c03 c04 c05,c01 c02 c05
main|astana_clinic_nobase|nc6|np25|br1.0|random_1_100|ms3|r300|s7,main,astana_clinic_nobase,6,25,1.0,random_1_100,3,300,7,3375,sha256:383c767cb9afc1c84e7523c7752d86b9ad25e97175b30531adcf581a456d4aea,42,64,0,25,7,2,c01 c02 c04,c01 c02 c04,c01 c02 c05
main|astana_clinic_nobase|nc6|np25|br1.0|random_1_100|ms3|r300|s8,main,astana_clinic_nobase,6,25,1.0,random_1_100,3,300,8,4431,sha256:57dc0b582c8cc959f3478b692df550e271471f91a2c8d5b27b7bc6204d61cc3a,42,64,0,25,9,3,c01 c02 c03,c00 c03 c04,c01 c02 c05
main|astana_clinic_nobase|nc6|np25|br1.0|random_1_100|ms3|r300|s9,main,astana_clinic_nobase,6,25,1.0,random_1_100,3,300,9,3724,sha256:1ef9aa9baa12114922a3436de00bffd9e71e707af497470bcb5314974369f87b,42,64,0,25,6,2,c01 c03 c05,c01 c03 c05,c01 c04 c05
main|astana_clinic_nobase|nc6|np25|br1.0|one_heavy|ms3|r300|s0,main,astana_clinic_nobase,6,25,1.0,one_heavy,3,300,0,2447,sha256:5c4b85d3b286b6a5ed76bca2c8700f09bd1840b04be14d98bd593417855893dc,42,64,0,25,6,2,c00 c01 c03,c00 c01 c03,c01 c03 c04
main|astana_clinic_nobase|nc6|np25|br1.0|one_heavy|ms3|r300|s1,main,astana_clinic_nobase,6,25,1.0,one_heavy,3,300,1,3048,sha256:90c2c44c21d6a1ef9f887d5ef3e0432e4b514c79c96b2c516ed616459aa97f19,42,64,0,25,7,2,c01 c02 c04,c02 c03 c05,c01 c02 c04
main|astana_clinic_nobase|nc6|np25|br1.0|one_heavy|ms3|r300|s2,main,astana_clinic_nobase,6,25,1.0,one_heavy,3,300,2,2383,sha256:6590a7a90e8eb34a629cc35e5fcbdae4100f59d0ab0abc077d465a73a7f8ff7e,42,64,0,25,6,2,c03 c04 c05,c03 c04 c05,c00 c04 c05
main|astana_clinic_nobase|nc6|np25|br1.0|one_heavy|ms3|r300|s3,main,astana_clinic_nobase,6,25,1.0,one_heavy,3,300,3,2918,sha256:620040270294e29cab32066f9c42c69b12e720bc2e09b130438a3ac23651d73c,42,64,0,25,5,3,c02 c03 c04,c00 c02 c05,c02 c03 c05
main|astana_clinic_nobase|nc6|np25|br1.0|one_heavy|ms3|r300|s4,main,astana_clinic_nobase,6,25,1.0,one_heavy,3,300,4,3974,sha256:fe30e7b42d1bccc3e912ed83d7da23452e710f0102ee6b8711aab3bddb00bb0d,42,64,0,25,6,2,c01 c04 c05,c01 c04 c05,c01 c02 c04
main|astana_clinic_nobase|nc6|np25|br1.0|one_heavy|ms3|r300|s5,main,astana_clinic_nobase,6,25,1.0,one_heavy,3,300,5,4499,sha256:e41d299c97d5442aaf0f355e2a44d3fda0e5793d3788f0124c79dfa71035b9fa,42,64,0,25,4,2,c01 c03 c04,c01 c03 c04,c01 c04 c05
main|astana_clinic_nobase|nc6|np25|br1.0|one_heavy|ms3|r300|s6,main,astana_clinic_nobase,6,25,1.0,one_heavy,3,300,6,2863,sha256:7160030cec323d15b27753acedfd67c40d48dde4ddd9dd7ef2079f9b1b0a0a42,42,64,0,25,6,2,c00 c01 c04,c00 c03 c04,c00 c01 c04
main|astana_clinic_nobase|nc6|np25|br1.0|one_heavy|ms3|r300|s7,main,astana_clinic_nobase,6,25,1.0,one_heavy,3,300,7,2487,sha256:af2aab5a0d2e1fb3e95b9bfb3a929aff6f2ab66dd6e339ea20cd25296fd87fa3,42,64,0,25,10,3,c00 c01 c02,c00 c02 c05,c01 c03 c05
main|astana_clinic_nobase|nc6|np25|br1.0|one_heavy|ms3|r300|s8,main,astana_clinic_nobase,6,25,1.0,one_heavy,3,300,8,2943,sha256:4ee6e14bc345dff31c3cd40965c62ebc74e7bd769e9773e64f24191ce01b0c13,42,64,0,25,6,1,c00 c01 c05,c00 c01 c05,c00 c01 c05
main|astana_clinic_nobase|nc6|np25|br1.0|one_heavy|ms3|r300|s9,main,astana_clinic_nobase,6,25,1.0,one_heavy,3,300,9,3921,sha256:8a093a528bf33d8f1a060d0aedd2f8f312c66460249a497caa54af8eb2a0e6d3,42,64,0,25,4,2,c02 c04 c05,c02 c04 c05,c01 c04 c05
main|astana_clinic_nobase|nc10|np5|br0.25|uniform|ms3|r300|s0,main,astana_clinic_nobase,10,5,0.25,uniform,3,300,0,1775,sha256:4936808a2d1c661ff2bc8ce51e65c869e9d62d08c9e3d08ff89cd933e93778ca,66,1024,1,5,6,3,c03 c05 c06,c05 c08,c02 c03 c05
main|astana_clinic_nobase|nc10|np5|br0.25|uniform|ms3|r300|s1,main,astana_clinic_nobase,10,5,0.25,uniform,3,300,1,1700,sha256:c18ae002f1486cc15fb1533cc31332e8edc93e3b17769da94ae73ccbbc6ffbe7,67,1024,1,5,7,1,c00 c01 c09,c00 c01 c09,c00 c01 c09
main|astana_clinic_nobase|nc10|np5|br0.25|uniform|ms3|r300|s2,main,astana_clinic_nobase,10,5,0.25,uniform,3,300,2,1196,sha256:dd4c46b7f53cb3950ea45456cc3bf50e7d73adff870eb849ad78517dcc26996c,79,1024,1,5,11,2,c04 c08,c00 c04,c04 c08
main|astana_clinic_nobase|nc10|np5|br0.25|uniform|ms3|r300|s3,main,astana_clinic_nobase,10,5,0.25,uniform,3,300,3,1191,sha256:51730897939223eee786379e88fb1fac9b7290fa28c2a9576fdf71733d48aff6,76,1024,1,5,10,2,c03 c05 c08,c02 c03 c05,c03 c05 c08
main|astana_clinic_nobase|nc10|np5|br0.25|uniform|ms3|r300|s4,main,astana_clinic_nobase,10,5,0.25,uniform,3,300,4,1416,sha256:6848c3fd1daf476e1343e238eb2d421ca67e0ba9c85ee806a7199b8938e02984,75,1024,1,5,5,1,c02 c07 c08,c02 c07 c08,c02 c07 c08
main|astana_clinic_nobase|nc10|np5|br0.25|uniform|ms3|r300|s5,main,astana_clinic_nobase,10,5,0.25,uniform,3,300,5,1123,sha256:b8878759c847249618643ec8fea33e60cd4739a7ada41c93d1a5e6776fddf47c,82,1024,1,5,7,3,c02 c03 c08,c02 c03 c09,c02 c05 c09
main|astana_clinic_nobase|nc10|np5|br0.25|uniform|ms3|r300|s6,main,astana_clinic_nobase,10,5,0.25,uniform,3,300,6,1356,sha256:45b809a547fb2dca77affc785659e52b47938dd350c430dc4cf2985e006c99de,74,1024,1,5,5,1,c03 c04 c07,c03 c04 c07,c03 c04 c07
main|astana_clinic_nobase|nc10|np5|br0.25|uniform|ms3|r300|s7,main,astana_clinic_nobase,10,5,0.25,uniform,3,300,7,1241,sha256:146b4ae124c4ec07ae94129863f452f24e62c9d6f0e6c7c57629eb6507a13c7c,78,1024,1,5,9,1,c02 c05 c08,c02 c05 c08,c02 c05 c08
main|astana_clinic_nobase|nc10|np5|br0.25|uniform|ms3|r300|s8,main,astana_clinic_nobase,10,5,0.25,uniform,3,300,8,1291,sha256:a9fa8332e120f7ee634fa90b10f79227ff8de5b5073f96876a0f36bb76761bea,74,1024,1,5,5,1,c03 c07,c03 c07,c03 c07
main|astana_clinic_nobase|nc10|np5|br0.25|uniform|ms3|r300|s9,main,astana_clinic_nobase,10,5,0.25,uniform,3,300,9,1197,sha256:c053f3332c44f7c09a534a345c53ab3b5b4830d828e65cfc54ebb56503e72143,73,1024,1,5,4,1,c01 c04 c06,c01 c04 c06,c01 c04 c06
main|astana_clinic_nobase|nc10|np5|br0.25|random_1_100|ms3|r300|s0,main,astana_clinic_nobase,10,5,0.25,random_1_100,3,300,0,939,sha256:c20e2e4736428db10fef98c7eae7f5f5a760417e137f943e3b9d6ed45f6cb7c6,73,1024,1,5,9,2,c04 c05 c06,c04 c05 c06,c04 c09
main|astana_clinic_nobase|nc10|np5|br0.25|random_1_100|ms3|r300|s1,main,astana_clinic_nobase,10,5,0.25,random_1_100,3,300,1,947,sha256:8e35c4e04714ce85e7487f72e778aaf0d1bfde3b9b652f34938ac723bd55ddb3,85,1024,1,5,10,1,c05 c07 c08,c05 c07 c08,c05 c07 c08
main|astana_clinic_nobase|nc10|np5|br0.25|random_1_100|ms3|r300|s2,main,astana_clinic_nobase,10,5,0.25,random_1_100,3,300,2,1650,sha256:51242b054b5531df6fc17812429012a1b6ef988b1b07306790415dbe0e891fde,69,1024,1,5,8,1,c01 c05 c08,c01 c05 c08,c01 c05 c08
main|astana_clinic_nobase|nc10|np5|br0.25|random_1_100|ms3|r300|s3,main,astana_clinic_nobase,10,5,0.25,random_1_100,3,300,3,1124,sha256:b4ba15d8bdcfb2a5457c4bdf0ae4f68c6e9a2a3991011fe64d4d3be07d3a2699,78,1024,1,5,9,1,c01 c04 c09,c01 c04 c09,c01 c04 c09
main|astana_clinic_nobase|nc10|np5|br0.25|random_1_100|ms3|r300|s4,main,astana_clinic_nobase,10,5,0.25,random_1_100,3,300,4,1605,sha256:43b659bda168f3465c11251ffbf6e2b4029c4054046ce5da929961f7e68c6351,73,1024,1,5,8,2,c03 c07,c00 c05 c07,c03 c07
main|astana_clinic_nobase|nc10|np5|br0.25|random_1_100|ms3|r300|s5,main,astana_clinic_nobase,10,5,0.25,random_1_100,3,300,5,1355,sha256:ad02650263f8fbe59d6d4531f00d2bf49d313257d821b0f9a5f4d7f40c218dec,76,1024,1,5,6,2,c01 c02,c01 c02,c00 c02 c04
main|astana_clinic_nobase|nc10|np5|br0.25|random_1_100|ms3|r300|s6,main,astana_clinic_nobase,10,5,0.25,random_1_100,3,300,6,1347,sha256:2166ba8c40b1d59674e9402f820162bc7f196bbb06a1b11b06399fcc83d66991,78,1024,1,5,5,1,c01 c02 c03,c01 c02 c03,c01 c02 c03
main|astana_clinic_nobase|nc10|np5|br0.25|random_1_100|ms3|r300|s7,main,astana_clinic_nobase,10,5,0.25,random_1_100,3,300,7,1398,sha256:792f6711a0b2ea02f1b87de454606cb7932856484c30f8f76da8f46920d21953,76,1024,1,5,11,1,c01 c04 c05,c01 c04 c05,c01 c04 c05
main|astana_clinic_nobase|nc10|np5|br0.25|random_1_100|ms3|r300|s8,main,astana_clinic_nobase,10,5,0.25,random_1_100,3,300,8,1197,sha256:84b54251b466a08de1782372892576ff76a652779c192bce6a87b81c88f255f7,77,1024,1,5,10,2,c02 c03,c02 c03,c04 c09
main|astana_clinic_nobase|nc10|np5|br0.25|random_1_100|ms3|r300|s9,main,astana_clinic_nobase,10,5,0.25,random_1_100,3,300,9,1187,sha256:d86419abc49e87ddc0acb15974daf21f36d89872db4620d58806007021a72d2b,75,1024,1,5,8,2,c04 c08,c02 c03 c08,c04 c08
main|astana_clinic_nobase|nc10|np5|br0.25|one_heavy|ms3|r300|s0,main,astana_clinic_nobase,10,5,0.25,one_heavy,3,300,0,1498,sha256:98f67d336e3fe40fa564db922715e3d4544121461ed215368161f4fce9ecbe2d,80,1024,1,5,10,2,c02 c03 c08,c03 c04 c06,c02 c03 c08
main|astana_clinic_nobase|nc10|np5|br0.25|one_heavy|ms3|r300|s1,main,astana_clinic_nobase,10,5,0.25,one_heavy,3,300,1,1171,sha256:2c37089983f2d717b1ba43155c79117abb53a497d1772dfe6221bd8081807c41,79,1024,1,5,10,2,c03 c04 c09,c04 c05 c09,c04 c05 c09
main|astana_clinic_nobase|nc10|np5|br0.25|one_heavy|ms3|r300|s2,main,astana_clinic_nobase,10,5,0.25,one_heavy,3,300,2,1472,sha256:f57c468d16a627934e155324cbb730f38fba21872862673274a5cfb84c49c1fd,82,1024,1,5,5,1,c05 c07,c05 c07,c05 c07
main|astana_clinic_nobase|nc10|np5|br0.25|one_heavy|ms3|r300|s3,main,astana_clinic_nobase,10,5,0.25,one_heavy,3,300,3,1432,sha256:afdec38e7b10fe071c5eb9d2165d88701e8bc856c627d4b69a6717a26a806be5,79,1024,1,5,6,1,c02 c07 c09,c02 c07 c09,c02 c07 c09
main|astana_clinic_nobase|nc10|np5|br0.25|one_heavy|ms3|r300|s4,main,astana_clinic_nobase,10,5,0.25,one_heavy,3,300,4,1337,sha256:1aaa6f7b145a68760efab0528ea19dd80e03ad3ff106f19334afaac860c47fff,74,1024,1,5,6,2,c02 c04 c08,c01 c04 c05,c01 c04 c05
main|astana_clinic_nobase|nc10|np5|br0.25|one_heavy|ms3|r300|s5,main,astana_clinic_nobase,10,5,0.25,one_heavy,3,300,5,1437,sha256:b1926b5f015ba07969e8fbb0c9480ac392cfb4c27fff372ed7cb97a5f66e2f0a,74,1024,1,5,7,2,c01 c05 c08,c04 c07 c08,c01 c05 c08
main|astana_clinic_nobase|nc10|np5|br0.25|one_heavy|ms3|r300|s6,main,astana_clinic_nobase,10,5,0.25,one_heavy,3,300,6,1306,sha256:4d0ae81d66b7be36538f1527571c5e1c6f79e9991b82fde83a3c733681fa7859,73,1024,1,5,6,1,c00 c05 c07,c00 c05 c07,c00 c05 c07
main|astana_clinic_nobase|nc10|np5|br0.25|one_heavy|ms3|r300|s7,main,astana_clinic_nobase,10,5,0.25,one_heavy,3,300,7,1555,sha256:987e58dd643aec83a2acf44cb3f4d4a78b0a8335ddc63d0e3978cc3cd39ed903,66,1024,1,5,5,1,c04 c07,c04 c07,c04 c07
main|astana_clinic_nobase|nc10|np5|br0.25|one_heavy|ms3|r300|s8,main,astana_clinic_nobase,10,5,0.25,one_heavy,3,300,8,1182,sha256:4fefbc91635db3b52e8f1d125c01f3ff696960e85b8eccbb3663323b07432af5,69,1024,1,5,7,2,c01 c03 c04,c04 c09,c01 c03 c04
main|astana_clinic_nobase|nc10|np5|br0.25|one_heavy|ms3|r300|s9,main,astana_clinic_nobase,10,5,0.25,one_heavy,3,300,9,1025,sha256:e78f69b35a5d72ef3299ab1956219a081f5a32ce1f18278318d45c0291ca59f0,88,1024,1,5,7,1,c00 c06 c09,c00 c06 c09,c00 c06 c09
main|astana_clinic_nobase|nc10|np5|br0.5|uniform|ms3|r300|s0,main,astana_clinic_nobase,10,5,0.5,uniform,3,300,0,2536,sha256:18df5e720ba6534facba2906cc8209f67bd0572a4fefe23eb0ab528e6200187c,175,1024,1,5,7,1,c00 c06 c09,c00 c06 c09,c00 c06 c09
main|astana_clinic_nobase|nc10|np5|br0.5|uniform|ms3|r300|s1,main,astana_clinic_nobase,10,5,0.5,uniform,3,300,1,3157,sha256:aec1e1bb76ccedc4ede432b18713590b76378eb719f4569c4a4990acf58964ee,176,1024,0,5,8,1,c00 c06 c09,c00 c06 c09,c00 c06 c09
main|astana_clinic_nobase|nc10|np5|br0.5|uniform|ms3|r300|s2,main,astana_clinic_nobase,10,5,0.5,uniform,3,300,2,2825,sha256:c13b167f6bfa1a77c73240b8013b2f04ad18d85ea9ea2268092778101069b3f5,176,1024,0,5,9,2,c05 c06 c08,c00 c05 c08,c05 c06 c08
main|astana_clinic_nobase|nc10|np5|br0.5|uniform|ms3|r300|s3,main,astana_clinic_nobase,10,5,0.5,uniform,3,300,3,2799,sha256:8d665d455e52d6f1dffa8b4933d5834b1984391d7a5b67c396fdf3bb7dc0a57c,176,1024,0,5,17,1,c01 c02 c05,c01 c02 c05,c01 c02 c05
main|astana_clinic_nobase|nc10|np5|br0.5|uniform|ms3|r300|s4,main,astana_clinic_nobase,10,5,0.5,uniform,3,300,4,2365,sha256:50fd18c469aa5100df69889ce22d495717dfb1bffdf0ea5bacaca3f3fe5ed03b,175,1024,1,5,6,3,c04 c05 c07,c00 c04 c05,c04 c05 c08
main|astana_clinic_nobase|nc10|np5|br0.5|uniform|ms3|r300|s5,main,astana_clinic_nobase,10,5,0.5,uniform,3,300,5,2643,sha256:2acddd0cf9c4d5dc3ce4933a6c58695a1e541d71c4f18fb7273f9cb6cad6bbcf,176,1024,0,5,13,1,c05 c06 c07,c05 c06 c07,c05 c06 c07
main|astana_clinic_nobase|nc10|np5|br0.5|uniform|ms3|r300|s6,main,astana_clinic_nobase,10,5,0.5,uniform,3,300,6,3114,sha256:dd85c9a467f343c8bb628166c12b67eb06b183d345ee4e817a61f5a0aadcc80c,176,1024,0,5,7,2,c01 c02 c07,c01 c02 c07,c02 c03 c07
main|astana_clinic_nobase|nc10|np5|br0.5|uniform|ms3|r300|s7,main,astana_clinic_nobase,10,5,0.5,uniform,3,300,7,2368,sha256:0d0306af7fb989b44ac5f29e0b5ff70ae09882895c34c92899dda62b00906ce1,176,1024,0,5,9,1,c00 c03 c09,c00 c03 c09,c00 c03 c09
main|astana_clinic_nobase|nc10|np5|br0.5|uniform|ms3|r300|s8,main,astana_clinic_nobase,10,5,0.5,uniform,3,300,8,3484,sha256:e21b186406d2080303cada1e76cd579d70450685fa7e302d75a3cc93ecababe3,176,1024,0,5,13,2,c04 c08 c09,c00 c07 c09,c04 c08 c09
main|astana_clinic_nobase|nc10|np5|br0.5|uniform|ms3|r300|s9,main,astana_clinic_nobase,10,5,0.5,uniform,3,300,9,2636,sha256:cb13bc6616167187d217347a4c0015bfaea806262f92561076183d865bdeb96b,175,1024,1,5,16,1,c05 c06 c08,c05 c06 c08,c05 c06 c08
main|astana_clinic_nobase|nc10|np5|br0.5|random_1_100|ms3|r300|s0,main,astana_clinic_nobase,10,5,0.5,random_1_100,3,300,0,2913,sha256:765f7126808b82cb603ffde476648831d890148e6c640e6a017cec5e517cb371,176,1024,0,5,20,2,c01 c05 c09,c01 c07 c09,c01 c05 c09
main|astana_clinic_nobase|nc10|np5|br0.5|random_1_100|ms3|r300|s1,main,astana_clinic_nobase,10,5,0.5,random_1_100,3,300,1,2860,sha256:0857f2bf7f45054a897c859b3ed44ead388c01e61c9fed12d9f6491ddd2f2b83,176,1024,0,5,7,2,c00 c01 c05,c00 c02 c05,c00 c01 c05
main|astana_clinic_nobase|nc10|np5|br0.5|random_1_100|ms3|r300|s2,main,astana_clinic_nobase,10,5,0.5,random_1_100,3,300,2,2288,sha256:e28100cbc60b8610b3f523bdf98e83160075b31ea5e7268d7656c8a86526ae9e,176,1024,0,5,7,2,c02 c04 c07,c02 c04 c06,c02 c04 c07
main|astana_clinic_nobase|nc10|np5|br0.5|random_1_100|ms3|r300|s3,main,astana_clinic_nobase,10,5,0.5,random_1_100,3,300,3,2523,sha256:267bdc13a7355d4533296ebdd62f9f6ab16628c0cd62d1549920ede22b5c3752,176,1024,0,5,10,2,c06 c07 c09,c04 c06 c07,c06 c07 c09
main|astana_clinic_nobase|nc10|np5|br0.5|random_1_100|ms3|r300|s4,main,astana_clinic_nobase,10,5,0.5,random_1_100,3,300,4,2243,sha256:5c2614a6c8aac37f8e9cc932a46149c8b8cbe138e6ab096f2cbc3f979f0419c6,176,1024,0,5,8,1,c01 c02 c04,c01 c02 c04,c01 c02 c04
main|astana_clinic_nobase|nc10|np5|br0.5|random_1_100|ms3|r300|s5,main,astana_clinic_nobase,10,5,0.5,random_1_100,3,300,5,2922,sha256:e0be4620c8220ba0a082361d4ac0e1cad8d5c5e20a2076d215620934c164c771,176,1024,0,5,6,2,c00 c02 c04,c02 c04 c09,c00 c02 c04
main|astana_clinic_nobase|nc10|np5|br0.5|random_1_100|ms3|r300|s6,main,astana_clinic_nobase,10,5,0.5,random_1_100,3,300,6,2512,sha256:e3f33511b1beee788e50679d483ae0a72d31b2ad9b69b9979637d72757af869b,176,1024,0,5,7,1,c00 c03 c09,c00 c03 c09,c00 c03 c09
main|astana_clinic_nobase|nc10|np5|br0.5|random_1_100|ms3|r300|s7,main,astana_clinic_nobase,10,5,0.5,random_1_100,3,300,7,2072,sha256:5c70428639d35c99ac0dbf709bb32a2a2bf27c7fc16fa63fcd2d5fcf13c2e2e2,174,1024,1,5,8,2,c01 c05 c06,c02 c05 c08,c01 c05 c06
main|astana_clinic_nobase|nc10|np5|br0.5|random_1_100|ms3|r300|s8,main,astana_clinic_nobase,10,5,0.5,random_1_100,3,300,8,2716,sha256:a92976627e0cf13e446638c0f92f1f0f80435dae6cdec4bc8b1faa5855aeb7e2,176,1024,0,5,12,2,c00 c06 c08,c00 c03 c07,c00 c06 c08
main|astana_clinic_nobase|nc10|np5|br0.5|random_1_100|ms3|r300|s9,main,astana_clinic_nobase,10,5,0.5,random_1_100,3,300,9,3504,sha256:f239fdbd5d38bd7bf646382bbb7003afa35e8edbcc2f07c07a6824079e9f02cb,176,1024,0,5,10,2,c01 c03 c09,c01 c03 c08,c01 c03 c09
main|astana_clinic_nobase|nc10|np5|br0.5|one_heavy|ms3|r300|s0,main,astana_clinic_nobase,10,5,0.5,one_heavy,3,300,0,2257,sha256:c51f46472e8a3500d1bd9e439e7f638ded00076a64f5028882c62826c925b3fb,174,1024,1,5,7,2,c00 c02 c07,c00 c02 c07,c00 c02 c04
main|astana_clinic_nobase|nc10|np5|br0.5|one_heavy|ms3|r300|s1,main,astana_clinic_nobase,10,5,0.5,one_heavy,3,300,1,3287,sha256:1d9f22da9c45fb45967950ab88a7440f3e3794762f5bf4f367f945f278b7551b,176,1024,0,5,6,2,c02 c06 c09,c00 c02 c06,c02 c06 c09
main|astana_clinic_nobase|nc10|np5|br0.5|one_heavy|ms3|r300|s2,main,astana_clinic_nobase,10,5,0.5,one_heavy,3,300,2,2800,sha256:0b0e186056ed2e4f2ef84aa9075c981763407a1fa1bff7e5f01cf735fa640bb7,176,1024,0,5,9,2,c05 c06 c07,c03 c07 c08,c05 c06 c07
main|astana_clinic_nobase|nc10|np5|br0.5|one_heavy|ms3|r300|s3,main,astana_clinic_nobase,10,5,0.5,one_heavy,3,300,3,3483,sha256:851aae77a6c01a20265fe9ce999e53446fc9e59acf1f5ec723ae484133910816,176,1024,0,5,7,1,c00 c01 c05,c00 c01 c05,c00 c01 c05
main|astana_clinic_nobase|nc10|np5|br0.5|one_heavy|ms3|r300|s4,main,astana_clinic_nobase,10,5,0.5,one_heavy,3,300,4,2514,sha256:ffe912fc76de2203b9fa2ce58416cbbfb05412d588133b34f44b229b3a6809c2,174,1024,1,5,15,1,c04 c06 c07,c04 c06 c07,c04 c06 c07
main|astana_clinic_nobase|nc10|np5|br0.5|one_heavy|ms3|r300|s5,main,astana_clinic_nobase,10,5,0.5,one_heavy,3,300,5,2446,sha256:5a49ad8506eb1a34f259232b562f4eb773bc5576f959de12d0ce88116481425e,176,1024,0,5,9,2,c01 c07 c08,c01 c03 c08,c01 c07 c08
main|astana_clinic_nobase|nc10|np5|br0.5|one_heavy|ms3|r300|s6,main,astana_clinic_nobase,10,5,0.5,one_heavy,3,300,6,3414,sha256:24d255bb090aeadd2ad2686d1d6a03f0e974b4b22668d0816a3a208266baa9b2,176,1024,0,5,13,1,c00 c01 c07,c00 c01 c07,c00 c01 c07
main|astana_clinic_nobase|nc10|np5|br0.5|one_heavy|ms3|r300|s7,main,astana_clinic_nobase,10,5,0.5,one_heavy,3,300,7,2686,sha256:be1ddbbfeb4109aad406ce7677ec80e6defdbae30c6f9a7abba5229ac2619343,176,1024,0,5,11,2,c05 c07 c08,c05 c07 c08,c04 c07 c08
main|astana_clinic_nobase|nc10|np5|br0.5|one_heavy|ms3|r300|s8,main,astana_clinic_nobase,10,5,0.5,one_heavy,3,300,8,3070,sha256:bf3d4671d3a5cf57432d8fa28cd20f361a33f8849ace0aa8ebe15168f8ac5a8b,176,1024,0,5,14,2,c04 c07 c09,c03 c08 c09,c04 c07 c09
main|astana_clinic_nobase|nc10|np5|br0.5|one_heavy|ms3|r300|s9,main,astana_clinic_nobase,10,5,0.5,one_heavy,3,300,9,2658,sha256:ccd185eb9ed53fc67facc9c0a665e030f198baafcc70dc2c34fdb03ff904f001,176,1024,0,5,8,2,c02 c06 c07,c02 c06 c07,c02 c04 c08
main|astana_clinic_nobase|nc10|np5|br1.0|uniform|ms3|r300|s0,main,astana_clinic_nobase,10,5,1.0,uniform,3,300,0,6026,sha256:855cf5a9132b33cc2863a7656965e939d63896da56002fbf6ccd80f76caef208,176,1024,0,5,10,3,c04 c07 c09,c07 c08 c09,c00 c04 c07
main|astana_clinic_nobase|nc10|np5|br1.0|uniform|ms3|r300|s1,main,astana_clinic_nobase,10,5,1.0,uniform,3,300,1,5497,sha256:18fba027e8a73c836fcd9b48045e77160d7bc2f9d53a1426c7009709c24a1e3e,176,1024,0,5,8,1,c00 c03 c07,c00 c03 c07,c00 c03 c07
main|astana_clinic_nobase|nc10|np5|br1.0|uniform|ms3|r300|s2,main,astana_clinic_nobase,10,5,1.0,uniform,3,300,2,6037,sha256:4a9142b70c20286a7e811626338d74cae891f13000f9dc930a2d4a4bb5b6a8fb,176,1024,0,5,6,2,c06 c07 c09,c01 c06 c09,c06 c07 c09
main|astana_clinic_nobase|nc10|np5|br1.0|uniform|ms3|r300|s3,main,astana_clinic_nobase,10,5,1.0,uniform,3,300,3,5367,sha256:40548be261f06d6544c854856ac5a7262f6780f742f803d09f7cd6a80704b7cc,176,1024,0,5,8,1,c02 c05 c09,c02 c05 c09,c02 c05 c09
main|astana_clinic_nobase|nc10|np5|br1.0|uniform|ms3|r300|s4,main,astana_clinic_nobase,10,5,1.0,uniform,3,300,4,4905,sha256:ef8848894a2900be271f4fe081d911d86ee54927398e8e144548d3d8c5e83fb5,176,1024,0,5,6,1,c03 c05,c03 c05,c03 c05
main|astana_clinic_nobase|nc10|np5|br1.0|uniform|ms3|r300|s5,main,astana_clinic_nobase,10,5,1.0,uniform,3,300,5,5233,sha256:9a48e11234900e2c12c7dcf9d110655d9a8f61cf90e4349b676c9f5d40511263,176,1024,0,5,8,1,c04 c05 c07,c04 c05 c07,c04 c05 c07
main|astana_clinic_nobase|nc10|np5|br1.0|uniform|ms3|r300|s6,main,astana_clinic_nobase,10,5,1.0,uniform,3,300,6,6810,sha256:63a056a9130d671e050fb93520c52e8982d232f729453dd953f3f712eb3ef918,176,1024,0,5,8,2,c00 c01 c08,c00 c01 c08,c00 c04 c08
main|astana_clinic_nobase|nc10|np5|br1.0|uniform|ms3|r300|s7,main,astana_clinic_nobase,10,5,1.0,uniform,3,300,7,6263,sha256:5a1b6192afa1a795904a282c34b94d4ae5b156e347f44d0886d238e49020f46c,176,1024,0,5,16,2,c05 c07 c08,c05 c07 c08,c02 c05 c09
main|astana_clinic_nobase|nc10|np5|br1.0|uniform|ms3|r300|s8,main,astana_clinic_nobase,10,5,1.0,uniform,3,300,8,5322,sha256:50f8c76daed02389da1a322cefad9f0b71a36cb2a13ce53a56addd64d3f9823a,176,1024,0,5,17,2,c03 c06 c09,c03 c06 c09,c03 c06 c08
main|astana_clinic_nobase|nc10|np5|br1.0|uniform|ms3|r300|s9,main,astana_clinic_nobase,10,5,1.0,uniform,3,300,9,6353,sha256:43e87d93fb8b44c8fc191a6bff8fe0545382f8da27965df5518c0d04c41bb22e,176,1024,0,5,9,2,c03 c04 c05,c00 c04 c06,c03 c04 c05
main|astana_clinic_nobase|nc10|np5|br1.0|random_1_100|ms3|r300|s0,main,astana_clinic_nobase,10,5,1.0,random_1_100,3,300,0,6961,sha256:9eccb337ab446f3984130c92d9891bff142c356824492aad7aab29b4403a590c,176,1024,0,5,9,2,c00 c03 c09,c00 c01 c09,c00 c03 c09
main|astana_clinic_nobase|nc10|np5|br1.0|random_1_100|ms3|r300|s1,main,astana_clinic_nobase,10,5,1.0,random_1_100,3,300,1,6439,sha256:d4f74364b8e2e219b7e0b3eb6bea045d6d6b8b6746f490f7104067f5cccaf4b5,176,1024,0,5,12,1,c01 c04 c07,c01 c04 c07,c01 c04 c07
main|astana_clinic_nobase|nc10|np5|br1.0|random_1_100|ms3|r300|s2,main,astana_clinic_nobase,10,5,1.0,random_1_100,3,300,2,4777,sha256:19411ca6d91689ab500e5a494895c514f6afd50701721a2ac34f0094c239fe1f,176,1024,0,5,5,1,c02 c03 c08,c02 c03 c08,c02 c03 c08
main|astana_clinic_nobase|nc10|np5|br1.0|random_1_100|ms3|r300|s3,main,astana_clinic_nobase,10,5,1.0,random_1_100,3,300,3,4672,sha256:44afe325f36ff12561946b7be2e65376722a4e22dc7c8659de954aa7e81226c1,176,1024,0,5,9,1,c01 c07 c08,c01 c07 c08,c01 c07 c08
main|astana_clinic_nobase|nc10|np5|br1.0|random_1_100|ms3|r300|s4,main,astana_clinic_nobase,10,5,1.0,random_1_100,3,300,4,4863,sha256:49246aa4e0d89b406ecfa58157e2636c9a04c36d446ce4a77e6691d333834889,176,1024,0,5,10,3,c02 c07 c09,c00 c05 c09,c00 c02 c07
main|astana_clinic_nobase|nc10|np5|br1.0|random_1_100|ms3|r300|s5,main,astana_clinic_nobase,10,5,1.0,random_1_100,3,300,5,6028,sha256:527bb272cf62a77d7a4d602faba1abe6957ba6c9b071a16c25227e8ae0b69dfe,176,1024,0,5,6,1,c01 c03,c01 c03,c01 c03
main|astana_clinic_nobase|nc10|np5|br1.0|random_1_100|ms3|r300|s6,main,astana_clinic_nobase,10,5,1.0,random_1_100,3,300,6,5984,sha256:752272efb687296b26ba47a999a99a47cdc97b8bb1a6c9cc0136d0e8aa59895c,176,1024,0,5,11,3,c00 c05 c08,c00 c04 c05,c00 c05 c09
main|astana_clinic_nobase|nc10|np5|br1.0|random_1_100|ms3|r300|s7,main,astana_clinic_nobase,10,5,1.0,random_1_100,3,300,7,4723,sha256:ad5c47db2391ce4572d1ebaddfc9c6638d6489f9f63aed7e22da2dae8d971d88,176,1024,0,5,7,2,c00 c04 c07,c00 c04 c08,c00 c04 c07
main|astana_clinic_nobase|nc10|np5|br1.0|random_1_100|ms3|r300|s8,main,astana_clinic_nobase,10,5,1.0,random_1_100,3,300,8,6738,sha256:025749c2995c86fdb56a3a84566dc8559732b7df26f8586ff4b92fa6f8c0c52f,176,1024,0,5,5,1,c00 c01 c05,c00 c01 c05,c00 c01 c05
main|astana_clinic_nobase|nc10|np5|br1.0|random_1_100|ms3|r300|s9,main,astana_clinic_nobase,10,5,1.0,random_1_100,3,300,9,7507,sha256:62e6fa03a5b92219be48a0682d8ea02a0f795ba461d1dc67def6b9980bf212c5,176,1024,0,5,10,1,c00 c01 c03,c00 c01 c03,c00 c01 c03
main|astana_clinic_nobase|nc10|np5|br1.0|one_heavy|ms3|r300|s0,main,astana_clinic_nobase,10,5,1.0,one_heavy,3,300,0,6304,sha256:307a62190746b502042198179d4d118b0ffae2fe2ea91edc7a4c57fa77b407c4,176,1024,0,5,4,1,c02 c07,c02 c07,c02 c07
main|astana_clinic_nobase|nc10|np5|br1.0|one_heavy|ms3|r300|s1,main,astana_clinic_nobase,10,5,1.0,one_heavy,3,300,1,5376,sha256:a838603c6959e171231c2c0d911bab325788872411f1e5b35df150d3b317ce5a,176,1024,0,5,10,2,c03 c06 c09,c00 c01 c03,c03 c06 c09
main|astana_clinic_nobase|nc10|np5|br1.0|one_heavy|ms3|r300|s2,main,astana_clinic_nobase,10,5,1.0,one_heavy,3,300,2,5231,sha256:515e966887b3dfd72657ca94d1350da831644ead8bf985611f43647445b31b56,176,1024,0,5,8,1,c00 c06 c07,c00 c06 c07,c00 c06 c07
main|astana_clinic_nobase|nc10|np5|br1.0|one_heavy|ms3|r300|s3,main,astana_clinic_nobase,10,5,1.0,one_heavy,3,300,3,4942,sha256:abc9940903cb11a156c98fcd454992a879ae67f26c10840d7842ba137411035f,176,1024,0,5,7,2,c00 c02 c07,c00 c02 c07,c02 c07 c09
main|astana_clinic_nobase|nc10|np5|br1.0|one_heavy|ms3|r300|s4,main,astana_clinic_nobase,10,5,1.0,one_heavy,3,300,4,5700,sha256:1118f71a2f1527f26ae22ca93281ff3c1521fd3035f99e62522842f0a6a404e9,176,1024,0,5,3,1,c01 c04 c06,c01 c04 c06,c01 c04 c06
main|astana_clinic_nobase|nc10|np5|br1.0|one_heavy|ms3|r300|s5,main,astana_clinic_nobase,10,5,1.0,one_heavy,3,300,5,4141,sha256:e1de99c8d88aee508fcca4340a6bff9dc06e388bcf73d3136842eb9ce9c7c67b,176,1024,0,5,7,1,c06 c08,c06 c08,c06 c08
main|astana_clinic_nobase|nc10|np5|br1.0|one_heavy|ms3|r300|s6,main,astana_clinic_nobase,10,5,1.0,one_heavy,3,300,6,4998,sha256:237c3af7b8256bf10b5f0f2bfd3ccfd8ac6bd85dd7838a3ffb55cf5f79e60940,176,1024,0,5,9,1,c00 c01 c07,c00 c01 c07,c00 c01 c07
main|astana_clinic_nobase|nc10|np5|br1.0|one_heavy|ms3|r300|s7,main,astana_clinic_nobase,10,5,1.0,one_heavy,3,300,7,7028,sha256:bd870172dd64ff0f641d52d1fa68ede6f348102e0d30e73dd14faf6663af9b2d,176,1024,0,5,7,1,c00 c06 c07,c00 c06 c07,c00 c06 c07
main|astana_clinic_nobase|nc10|np5|br1.0|one_heavy|ms3|r300|s8,main,astana_clinic_nobase,10,5,1.0,one_heavy,3,300,8,6143,sha256:7e5dd19a3dad17a9bdc7c7a66129ae7edf0e2d255ae619b384530aea7426ffb7,176,1024,0,5,10,2,c02 c05 c08,c02 c05 c08,c00 c02 c05
main|astana_clinic_nobase|nc10|np5|br1.0|one_heavy|ms3|r300|s9,main,astana_clinic_nobase,10,5,1.0,one_heavy,3,300,9,4545,sha256:fbfc80b4210405a06f57d70008debcfc9a5784642ee723b548422441f5b6e1be,176,1024,0,5,7,1,c00 c05 c07,c00 c05 c07,c00 c05 c07
main|astana_clinic_nobase|nc10|np15|br0.25|uniform|ms3|r300|s0,main,astana_clinic_nobase,10,15,0.25,uniform,3,300,0,1358,sha256:552fb7bd6421f3afd09fbdc3b8c9419c16ddc3fcc98bf5403b94ea8565aaa87f,77,1024,1,15,10,2,c01 c02 c07,c01 c02 c07,c01 c07 c08
main|astana_clinic_nobase|nc10|np15|br0.25|uniform|ms3|r300|s1,main,astana_clinic_nobase,10,15,0.25,uniform,3,300,1,1303,sha256:40d5fa914e2969f1d8af76364faeb34d952a3b3bb23af82f39e7911d32a24bff,76,1024,1,15,9,2,c00 c03 c04,c00 c03 c04,c00 c04 c06
main|astana_clinic_nobase|nc10|np15|br0.25|uniform|ms3|r300|s2,main,astana_clinic_nobase,10,15,0.25,uniform,3,300,2,1440,sha256:d21bb10a2cef4bcaf3fa7c94cb026f291a3c7b96de54ad6eac67203b632ad148,80,1024,1,15,6,2,c00 c08 c09,c04 c07 c08,c00 c08 c09
main|astana_clinic_nobase|nc10|np15|br0.25|uniform|ms3|r300|s3,main,astana_clinic_nobase,10,15,0.25,uniform,3,300,3,1325,sha256:1264f22be4e53fa90827b81a881032dbd8ecbc174fbd689664ece023750edd5c,77,1024,1,15,9,3,c00 c07 c08,c00 c03 c04,c05 c07
main|astana_clinic_nobase|nc10|np15|br0.25|uniform|ms3|r300|s4,main,astana_clinic_nobase,10,15,0.25,uniform,3,300,4,1512,sha256:8209e37443b9f75be232301f9f758d19b7be8ba21c8013432cc79a0ce465ebdd,77,1024,1,15,14,1,c01 c03 c04,c01 c03 c04,c01 c03 c04
main|astana_clinic_nobase|nc10|np15|br0.25|uniform|ms3|r300|s5,main,astana_clinic_nobase,10,15,0.25,uniform,3,300,5,1197,sha256:10a2ce322dafd43a37ccc17f8e3b7db2a670bc0b9c86a9858d758393a34705ea,83,1024,1,15,6,2,c06 c07 c08,c03 c08 c09,c06 c07 c08
main|astana_clinic_nobase|nc10|np15|br0.25|uniform|ms3|r300|s6,main,astana_clinic_nobase,10,15,0.25,uniform,3,300,6,1531,sha256:78dd8ce33e74cbf4a2eff6ec7611f516f1eca16161fad3aebceeabbb69e1e55a,74,1024,1,15,8,2,c05 c06 c09,c05 c06 c09,c02 c05 c06
main|astana_clinic_nobase|nc10|np15|br0.25|uniform|ms3|r300|s7,main,astana_clinic_nobase,10,15,0.25,uniform,3,300,7,1439,sha256:30f7d5ad05f646c436976f197f56bee79be5ae6578701bb85e941ac6544810a1,75,1024,1,15,9,2,c02 c07 c08,c02 c07 c08,c02 c07 c09
main|astana_clinic_nobase|nc10|np15|br0.25|uniform|ms3|r300|s8,main,astana_clinic_nobase,10,15,0.25,uniform,3,300,8,1625,sha256:f247dbedcadbc41ca4f0c99dee93b435d0b152e25f02fa55302910c15d5b1be5,72,1024,1,15,9,2,c02 c07 c09,c02 c07 c09,c02 c04 c06
main|astana_clinic_nobase|nc10|np15|br0.25|uniform|ms3|r300|s9,main,astana_clinic_nobase,10,15,0.25,uniform,3,300,9,1444,sha256:f392aefe086f29302256364c64dc317b5c78694ba5cf771a0e05b7ebe4161b8b,74,1024,1,15,12,3,c02 c06 c09,c00 c04 c06,c00 c02 c03
main|astana_clinic_nobase|nc10|np15|br0.25|random_1_100|ms3|r300|s0,main,astana_clinic_nobase,10,15,0.25,random_1_100,3,300,0,1472,sha256:79d38ceaedc282f9f57b1301f20b78e350e384d5c47d9127185201ea7b9ce071,74,1024,1,15,10,2,c03 c05 c06,c03 c05 c06,c05 c06 c09
main|astana_clinic_nobase|nc10|np15|br0.25|random_1_100|ms3|r300|s1,main,astana_clinic_nobase,10,15,0.25,random_1_100,3,300,1,1244,sha256:4ca8b1be0d4419896398cf33f9c6ae81255a5c156c304c0c9b223e136fc8d5d3,76,1024,1,15,9,3,c02 c06,c04 c06,c00 c02 c09
main|astana_clinic_nobase|nc10|np15|br0.25|random_1_100|ms3|r300|s2,main,astana_clinic_nobase,10,15,0.25,random_1_100,3,300,2,1690,sha256:7fb64544d14f0219e1127b569853a4e8dd9dcbe830a7306860f53925a2402754,67,1024,1,15,7,2,c02 c07 c08,c02 c07 c08,c02 c03 c07
main|astana_clinic_nobase|nc10|np15|br0.25|random_1_100|ms3|r300|s3,main,astana_clinic_nobase,10,15,0.25,random_1_100,3,300,3,1207,sha256:bbd8e8c734006b7d3ecf12f1613f85ccf98ec28dd115e69e06296315b4c45b3f,76,1024,1,15,7,1,c00 c03 c07,c00 c03 c07,c00 c03 c07
main|astana_clinic_nobase|nc10|np15|br0.25|random_1_100|ms3|r300|s4,main,astana_clinic_nobase,10,15,0.25,random_1_100,3,300,4,1809,sha256:bdc5527e901d79c98a9e64bdfb075603d8e9afb99dc6349d3bce00238047fbe0,64,1024,1,15,10,2,c01 c02 c04,c01 c02 c04,c00 c09
main|astana_clinic_nobase|nc10|np15|br0.25|random_1_100|ms3|r300|s5,main,astana_clinic_nobase,10,15,0.25,random_1_100,3,300,5,829,sha256:8e0b3b868f8d32f30e44b9e9f968d25b30dea718353a90cfecfe5f6f6c87f75a,70,1024,1,15,9,3,c00 c06 c09,c02 c04 c06,c01 c02
main|astana_clinic_nobase|nc10|np15|br0.25|random_1_100|ms3|r300|s6,main,astana_clinic_nobase,10,15,0.25,random_1_100,3,300,6,1495,sha256:9a3a144253345f8f2339d5ea52ded86438e4115debae8acaae21647d4c3786b2,71,1024,1,15,8,2,c02 c04 c07,c02 c04 c07,c03 c04 c09
main|astana_clinic_nobase|nc10|np15|br0.25|random_1_100|ms3|r300|s7,main,astana_clinic_nobase,10,15,0.25,random_1_100,3,300,7,1398,sha256:bd86a0cb25fea130a0289c943888a4d1de328f74c3a510ac7a5ae983136bf944,75,1024,1,15,14,3,c05 c06 c07,c02 c03 c07,c03 c05 c09
main|astana_clinic_nobase|nc10|np15|br0.25|random_1_100|ms3|r300|s8,main,astana_clinic_nobase,10,15,0.25,random_1_100,3,300,8,1793,sha256:5002e53951b7cf8e489b917ad6d1d30fc0957e6182bca26701943bf64370e36f,63,1024,1,15,15,3,c01 c07 c08,c01 c02 c07,c06 c07
main|astana_clinic_nobase|nc10|np15|br0.25|random_1_100|ms3|r300|s9,main,astana_clinic_nobase,10,15,0.25,random_1_100,3,300,9,1247,sha256:3276cd603fcaa83de28c6a96042c1071060b7663ab93c82e559833579cd17038,75,1024,1,15,12,2,c02 c03 c06,c00 c02 c03,c02 c03 c06
main|astana_clinic_nobase|nc10|np15|br0.25|one_heavy|ms3|r300|s0,main,astana_clinic_nobase,10,15,0.25,one_heavy,3,300,0,1311,sha256:c91c40ba71aa2e4b2e0258ff9151ebfdd8ddea0daffd5a26ba032b7e87048bbc,75,1024,1,15,11,2,c04 c05 c09,c04 c05 c09,c02 c03 c09
main|astana_clinic_nobase|nc10|np15|br0.25|one_heavy|ms3|r300|s1,main,astana_clinic_nobase,10,15,0.25,one_heavy,3,300,1,1486,sha256:b4e43ef3d0660022b4225ba462e2b27d3b0897e488068f38636dec4058713cfc,76,1024,1,15,10,2,c03 c05 c09,c03 c05 c09,c05 c06 c09
main|astana_clinic_nobase|nc10|np15|br0.25|one_heavy|ms3|r300|s2,main,astana_clinic_nobase,10,15,0.25,one_heavy,3,300,2,1297,sha256:9f426cd31899dbe3fff1b47cdab50e0d3dc083d069be5d49ab33073ec848e7fb,83,1024,1,15,11,2,c03 c04 c05,c03 c04 c05,c04 c05 c09
main|astana_clinic_nobase|nc10|np15|br0.25|one_heavy|ms3|r300|s3,main,astana_clinic_nobase,10,15,0.25,one_heavy,3,300,3,1460,sha256:21dc66e8db695cfe212c6ac6d55beb3ddf6bcb2e56ab30ee978959b436a1678f,70,1024,1,15,8,3,c03 c09,c01 c05 c09,c00 c04 c09
main|astana_clinic_nobase|nc10|np15|br0.25|one_heavy|ms3|r300|s4,main,astana_clinic_nobase,10,15,0.25,one_heavy,3,300,4,1785,sha256:7e11a7b3e0a95fcb998bd61d90908281dd0281a30daa571ede19fc84d4d7fbab,68,1024,1,15,9,2,c00 c06 c07,c00 c06 c07,c00 c03 c07
main|astana_clinic_nobase|nc10|np15|br0.25|one_heavy|ms3|r300|s5,main,astana_clinic_nobase,10,15,0.25,one_heavy,3,300,5,964,sha256:5224e18efc4fbd20747fd38c5fae616374f31cb82700fd2afd259cffef2c2716,89,1024,1,15,7,2,c09,c01 c02 c06,c01 c02 c06
main|astana_clinic_nobase|nc10|np15|br0.25|one_heavy|ms3|r300|s6,main,astana_clinic_nobase,10,15,0.25,one_heavy,3,300,6,1156,sha256:ca6e9c2e9b96c6ed787bbb6895140cd1273aa8de5ffab7f5c40c2a17aefd6a08,78,1024,1,15,5,3,c00 c02 c03,c03 c04 c08,c00 c01 c03
main|astana_clinic_nobase|nc10|np15|br0.25|one_heavy|ms3|r300|s7,main,astana_clinic_nobase,10,15,0.25,one_heavy,3,300,7,1104,sha256:12250f0ae3a801afeeb58ec4bcc871fe1b749d7bb746ea2f0d11904dec85ca22,82,1024,1,15,7,3,c00 c05 c07,c04 c05,c00 c01 c03
main|astana_clinic_nobase|nc10|np15|br0.25|one_heavy|ms3|r300|s8,main,astana_clinic_nobase,10,15,0.25,one_heavy,3,300,8,1613,sha256:1982d6695d2806eebe5c236014eae6e823df2b5607158bae9bd66473eda1128e,68,1024,1,15,8,2,c03 c08,c03 c05 c07,c03 c08
main|astana_clinic_nobase|nc10|np15|br0.25|one_heavy|ms3|r300|s9,main,astana_clinic_nobase,10,15,0.25,one_heavy,3,300,9,1510,sha256:29d56f83ebbb4e543c0d78a6210dbb2427435c0261ea88f12af344270769531c,69,1024,1,15,6,1,c00 c04 c09,c00 c04 c09,c00 c04 c09
main|astana_clinic_nobase|nc10|np15|br0.5|uniform|ms3|r300|s0,main,astana_clinic_nobase,10,15,0.5,uniform,3,300,0,3551,sha256:57e653b33fbf4e8143cdaaacdf7b6446332cb77c4d69c6c4d550441a4976e161,176,1024,0,15,9,3,c05 c06 c07,c00 c01 c07,c00 c05 c07
main|astana_clinic_nobase|nc10|np15|br0.5|uniform|ms3|r300|s1,main,astana_clinic_nobase,10,15,0.5,uniform,3,300,1,2702,sha256:2852fe16d5eefe12f05c166b3495f21eff75729ae2cd8a5c17a8ce5194235d4a,176,1024,0,15,10,1,c01 c05 c09,c01 c05 c09,c01 c05 c09
main|astana_clinic_nobase|nc10|np15|br0.5|uniform|ms3|r300|s2,main,astana_clinic_nobase,10,15,0.5,uniform,3,300,2,2265,sha256:a3a80c5933a9e8751d2fb96548488ee5f66b7f5fd6ae1118fb5a6b38fa11f05c,176,1024,0,15,11,2,c01 c02 c05,c01 c02 c05,c00 c02 c05
main|astana_clinic_nobase|nc10|np15|br0.5|uniform|ms3|r300|s3,main,astana_clinic_nobase,10,15,0.5,uniform,3,300,3,2621,sha256:3a684bd7ccca8dc16056fccae9efc7b4839f4311b9173c314f8b8af3cc22b38b,175,1024,1,15,10,2,c02 c03 c05,c01 c04 c06,c02 c03 c05
main|astana_clinic_nobase|nc10|np15|br0.5|uniform|ms3|r300|s4,main,astana_clinic_nobase,10,15,0.5,uniform,3,300,4,2373,sha256:3fb95ae276c9b5c6c2ef42e11d4112eb6eff12ca8312a02b5cfb64216e3f0c2a,176,1024,0,15,16,2,c03 c04 c08,c00 c05 c09,c03 c04 c08
main|astana_clinic_nobase|nc10|np15|br0.5|uniform|ms3|r300|s5,main,astana_clinic_nobase,10,15,0.5,uniform,3,300,5,2653,sha256:d19402008ed881fd58197cb56ecfd79553bd54289ef79475fda454a363f50522,176,1024,0,15,14,2,c01 c04 c08,c01 c08 c09,c01 c04 c08
main|astana_clinic_nobase|nc10|np15|br0.5|uniform|ms3|r300|s6,main,astana_clinic_nobase,10,15,0.5,uniform,3,300,6,2225,sha256:52820db83aab85c05c64eb0f53c202e3e3a21ae5759bc6c5e93763b0bc184fc8,175,1024,1,15,10,2,c01 c03 c06,c02 c03 c09,c01 c03 c06
main|astana_clinic_nobase|nc10|np15|br0.5|uniform|ms3|r300|s7,main,astana_clinic_nobase,10,15,0.5,uniform,3,300,7,2993,sha256:691d2c652438f2db92ac1af32ec2766c9f618db1986a489f700eb00b440436a1,176,1024,0,15,7,3,c00 c01 c03,c00 c03 c08,c00 c07 c08
main|astana_clinic_nobase|nc10|np15|br0.5|uniform|ms3|r300|s8,main,astana_clinic_nobase,10,15,0.5,uniform,3,300,8,3402,sha256:570d6f766ed10b0581927a567d7b856f0a5ee12cf39ea671a81fb204105bca98,176,1024,0,15,9,2,c01 c06 c07,c01 c06 c07,c01 c05 c07
main|astana_clinic_nobase|nc10|np15|br0.5|uniform|ms3|r300|s9,main,astana_clinic_nobase,10,15,0.5,uniform,3,300,9,2906,sha256:45da6e857a6095ddeb361c82acbe12ef1685b5e9a411b9969f744ed116a731ab,176,1024,0,15,12,2,c02 c05 c07,c02 c05 c07,c01 c02 c03
main|astana_clinic_nobase|nc10|np15|br0.5|random_1_100|ms3|r300|s0,main,astana_clinic_nobase,10,15,0.5,random_1_100,3,300,0,3125,sha256:ffb65b646c428b455e9d320044589c236ad82996bb4964cd149155f335053732,176,1024,0,15,10,3,c01 c02 c07,c01 c03 c06,c00 c02 c07
main|astana_clinic_nobase|nc10|np15|br0.5|random_1_100|ms3|r300|s1,main,astana_clinic_nobase,10,15,0.5,random_1_100,3,300,1,2979,sha256:ac70641274992dc33426a93e7627ca116fdea3a3ea68a5942b625e999219b800,176,1024,0,15,9,3,c00 c03 c08,c02 c05 c09,c00 c03 c05
main|astana_clinic_nobase|nc10|np15|br0.5|random_1_100|ms3|r300|s2,main,astana_clinic_nobase,10,15,0.5,random_1_100,3,300,2,2128,sha256:4b9c6e4788ee33ac8284380567318f2e4e02ea660cc1f88ffe4cf26ed59685e6,174,1024,1,15,8,3,c03 c05 c09,c00 c03 c05,c01 c03 c04
main|astana_clinic_nobase|nc10|np15|br0.5|random_1_100|ms3|r300|s3,main,astana_clinic_nobase,10,15,0.5,random_1_100,3,300,3,2562,sha256:f2070f7ebebb4b4ad28d9d9a9b41259f9ccd11829ed18488c92f41af992c6cc9,174,1024,1,15,9,3,c04 c06 c08,c02 c06 c08,c03 c06 c08
main|astana_clinic_nobase|nc10|np15|br0.5|random_1_100|ms3|r300|s4,main,astana_clinic_nobase,10,15,0.5,random_1_100,3,300,4,2773,sha256:dbc0ae500c0470a4c41042d80446b021ea7155374046d36615654c75f11a6a00,176,1024,0,15,8,3,c02 c05 c07,c03 c07 c09,c00 c01 c02
main|astana_clinic_nobase|nc10|np15|br0.5|random_1_100|ms3|r300|s5,main,astana_clinic_nobase,10,15,0.5,random_1_100,3,300,5,2569,sha256:504b4d3ca340c17757d705c7141fb8d93ff5e90db6d87a8a042c8990b0b08a6b,176,1024,0,15,10,1,c00 c01 c07,c00 c01 c07,c00 c01 c07
main|astana_clinic_nobase|nc10|np15|br0.5|random_1_100|ms3|r300|s6,main,astana_clinic_nobase,10,15,0.5,random_1_100,3,300,6,2875,sha256:63b5582fe430edcfdce8b87388d0dcdcb27baf0009e4a6aac8f075bee9077e4d,176,1024,0,15,10,3,c01 c03 c09,c01 c04 c09,c03 c04 c08
main|astana_clinic_nobase|nc10|np15|br0.5|random_1_100|ms3|r300|s7,main,astana_clinic_nobase,10,15,0.5,random_1_100,3,300,7,2468,sha256:e606f87e801769931f2aa6215b2db56cef792ef9f4fbd461b25baf6593da1a05,175,1024,1,15,7,1,c03 c04 c09,c03 c04 c09,c03 c04 c09
main|astana_clinic_nobase|nc10|np15|br0.5|random_1_100|ms3|r300|s8,main,astana_clinic_nobase,10,15,0.5,random_1_100,3,300,8,3499,sha256:a44a376e314b824c6a85cbd42719fde777a1cbda57b825b7983b0c169cc7c595,176,1024,0,15,15,2,c04 c05 c07,c04 c05 c07,c00 c03 c05
main|astana_clinic_nobase|nc10|np15|br0.5|random_1_100|ms3|r300|s9,main,astana_clinic_nobase,10,15,0.5,random_1_100,3,300,9,2356,sha256:253a733f8f08942819b34da39a360372a657cc35feb4f4a6443540e05989bc01,176,1024,0,15,8,3,c02 c07 c08,c04 c05 c08,c02 c04 c07
main|astana_clinic_nobase|nc10|np15|br0.5|one_heavy|ms3|r300|s0,main,astana_clinic_nobase,10,15,0.5,one_heavy,3,300,0,1872,sha256:27add172e87759f4c790ea2c076db0a1cfb6369f816540a0397b912979d5255a,176,1024,0,15,12,2,c00 c03 c04,c00 c04 c05,c00 c03 c04
main|astana_clinic_nobase|nc10|np15|br0.5|one_heavy|ms3|r300|s1,main,astana_clinic_nobase,10,15,0.5,one_heavy,3,300,1,2917,sha256:bdcf1ec59bce06a4a0f80c9dede04cd205ab68fa9dd32c1c2db7fab102420503,176,1024,0,15,14,2,c02 c08 c09,c01 c07 c08,c02 c08 c09
main|astana_clinic_nobase|nc10|np15|br0.5|one_heavy|ms3|r300|s2,main,astana_clinic_nobase,10,15,0.5,one_heavy,3,300,2,3286,sha256:f6f01137d39a7cdfc196fa361f51ae3e349419350e69a6f94654194f4d0401a1,176,1024,0,15,5,3,c00 c03 c06,c00 c06 c09,c00 c02 c06
main|astana_clinic_nobase|nc10|np15|br0.5|one_heavy|ms3|r300|s3,main,astana_clinic_nobase,10,15,0.5,one_heavy,3,300,3,2795,sha256:13ed87aca01a6b3123e1aaef30764a47ca2a081950d2c20132fa4bdfd56c09fa,176,1024,0,15,9,3,c02 c04 c07,c02 c03 c04,c02 c07 c08
main|astana_clinic_nobase|nc10|np15|br0.5|one_heavy|ms3|r300|s4,main,astana_clinic_nobase,10,15,0.5,one_heavy,3,300,4,2305,sha256:e3e2659bb1aacd798f4f17237e7e1c3f83f365fce778e543c58d1e63586122ea,175,1024,1,15,10,3,c03 c04 c09,c01 c03 c09,c01 c04 c09
main|astana_clinic_nobase|nc10|np15|br0.5|one_heavy|ms3|r300|s5,main,astana_clinic_nobase,10,15,0.5,one_heavy,3,300,5,3524,sha256:775521a42dc7941d54037e1f6db36d47c55e45d86b38d7077870e722f82dbde3,176,1024,0,15,10,2,c05 c07 c08,c05 c07 c08,c01 c03 c08
main|astana_clinic_nobase|nc10|np15|br0.5|one_heavy|ms3|r300|s6,main,astana_clinic_nobase,10,15,0.5,one_heavy,3,300,6,2363,sha256:fd44d26ae5c6f773a9300b205f83d837aef3abdb16d10b4bcee29e93aad1fdb0,173,1024,1,15,6,2,c02 c04 c06,c02 c04 c09,c02 c04 c06
main|astana_clinic_nobase|nc10|np15|br0.5|one_heavy|ms3|r300|s7,main,astana_clinic_nobase,10,15,0.5,one_heavy,3,300,7,2099,sha256:54598f5d4eb043b5613fa5ea7a9b5eb0f8883f5351fbcb41c90ebd21c6243d01,175,1024,1,15,8,3,c01 c03 c06,c00 c04 c06,c01 c02 c06
main|astana_clinic_nobase|nc10|np15|br0.5|one_heavy|ms3|r300|s8,main,astana_clinic_nobase,10,15,0.5,one_heavy,3,300,8,2943,sha256:59ffe77deac51f8e6d08b1572b53097c31418552f6622cb43572e9ec5f5cb059,176,1024,0,15,10,2,c01 c05 c09,c04 c05 c07,c01 c05 c09
main|astana_clinic_nobase|nc10|np15|br0.5|one_heavy|ms3|r300|s9,main,astana_clinic_nobase,10,15,0.5,one_heavy,3,300,9,3157,sha256:91e89f6df8d78bed2f612edb5ba71d6339178caa6fc9066179e5a3ca1616f2b1,176,1024,0,15,8,3,c04 c08 c09,c05 c06 c07,c05 c07 c09
main|astana_clinic_nobase|nc10|np15|br1.0|uniform|ms3|r300|s0,main,astana_clinic_nobase,10,15,1.0,uniform,3,300,0,6300,sha256:99bb0cb4da4fa778ef6c8c44799f533faa15f5966e50e39b0100e817f234bf5a,176,1024,0,15,15,1,c01 c08 c09,c01 c08 c09,c01 c08 c09
main|astana_clinic_nobase|nc10|np15|br1.0|uniform|ms3|r300|s1,main,astana_clinic_nobase,10,15,1.0,uniform,3,300,1,5779,sha256:b8b00805fec6268abf88f8c0471ddecb31eef62f3c2c94d726d96bb07fdaf0e9,176,1024,0,15,14,3,c06 c07 c09,c05 c06 c09,c03 c06 c09
main|astana_clinic_nobase|nc10|np15|br1.0|uniform|ms3|r300|s2,main,astana_clinic_nobase,10,15,1.0,uniform,3,300,2,4604,sha256:2559cff0ef1b80f34099148a0b7544c51af812519ff64581835d3123b13c0513,176,1024,0,15,11,2,c04 c05 c09,c03 c04 c09,c04 c05 c09
main|astana_clinic_nobase|nc10|np15|br1.0|uniform|ms3|r300|s3,main,astana_clinic_nobase,10,15,1.0,uniform,3,300,3,5986,sha256:872271df02326c9f67dd1ebd18295f86f4dda7267cebbd5820f6ecb6afcbfebb,176,1024,0,15,14,2,c00 c03 c05,c01 c02 c05,c00 c03 c05
main|astana_clinic_nobase|nc10|np15|br1.0|uniform|ms3|r300|s4,main,astana_clinic_nobase,10,15,1.0,uniform,3,300,4,4718,sha256:eec5e0020b71962c0ec0902aa5e7419b808db3ca726825ef8ce69762a187bc0a,176,1024,0,15,15,1,c01 c03 c08,c01 c03 c08,c01 c03 c08
main|astana_clinic_nobase|nc10|np15|br1.0|uniform|ms3|r300|s5,main,astana_clinic_nobase,10,15,1.0,uniform,3,300,5,6271,sha256:cdbe061d87f9a6cca52266b29f2091a27a9df878a14e632a161c1497e1c36480,176,1024,0,15,10,2,c03 c04 c08,c03 c04 c05,c03 c04 c08
main|astana_clinic_nobase|nc10|np15|br1.0|uniform|ms3|r300|s6,main,astana_clinic_nobase,10,15,1.0,uniform,3,300,6,5354,sha256:f3857aa8b17c244873f1a575930880ca323f874020afc2f91b6688092d55b023,176,1024,0,15,13,3,c05 c07 c09,c01 c06 c07,c01 c07 c09
main|astana_clinic_nobase|nc10|np15|br1.0|uniform|ms3|r300|s7,main,astana_clinic_nobase,10,15,1.0,uniform,3,300,7,5098,sha256:9a8dcea0fadfeacd0f4106abdc111f7171805bab143d2c118a9b4b610af2f5e1,176,1024,0,15,7,3,c00 c01 c04,c01 c02 c05,c00 c01 c06
main|astana_clinic_nobase|nc10|np15|br1.0|uniform|ms3|r300|s8,main,astana_clinic_nobase,10,15,1.0,uniform,3,300,8,4927,sha256:966f4903a1cf9811ce9f956a3ade55ed55c4c92390391b45cae9077d99109fa1,176,1024,0,15,6,2,c02 c05 c06,c02 c05 c07,c02 c05 c06
main|astana_clinic_nobase|nc10|np15|br1.0|uniform|ms3|r300|s9,main,astana_clinic_nobase,10,15,1.0,uniform,3,300,9,6823,sha256:c9892701cb301f3ef81a02f03f0fe1041dcde50be5c0bb3ea402708db9b41b92,176,1024,0,15,11,2,c05 c07 c08,c02 c05 c07,c05 c07 c08
main|astana_clinic_nobase|nc10|np15|br1.0|random_1_100|ms3|r300|s0,main,astana_clinic_nobase,10,15,1.0,random_1_100,3,300,0,5068,sha256:9e5d154d84ef409ad1a92640a5bd3a7bc419cd4fc432aa1542e8370f7e7b4622,176,1024,0,15,11,2,c01 c05 c06,c03 c05 c07,c01 c05 c06
main|astana_clinic_nobase|nc10|np15|br1.0|random_1_100|ms3|r300|s1,main,astana_clinic_nobase,10,15,1.0,random_1_100,3,300,1,4867,sha256:6864ab4c43090e094efbf115ba318c84e3d11daf276c4e8b875705846021e557,176,1024,0,15,15,3,c04 c08 c09,c06 c08 c09,c01 c06 c08
main|astana_clinic_nobase|nc10|np15|br1.0|random_1_100|ms3|r300|s2,main,astana_clinic_nobase,10,15,1.0,random_1_100,3,300,2,5460,sha256:1c6125cd7b2443a25d4db00163644cfa78cb7bb1db197174302f4d71b402c42a,176,1024,0,15,9,2,c02 c05 c06,c00 c04 c06,c02 c05 c06
main|astana_clinic_nobase|nc10|np15|br1.0|random_1_100|ms3|r300|s3,main,astana_clinic_nobase,10,15,1.0,random_1_100,3,300,3,4964,sha256:1521dc9c6bd611cc87ed1b16d54bd364bd5cb9d4af3f8ff23323ec06ecf2e7dc,176,1024,0,15,7,2,c00 c02 c09,c00 c02 c09,c02 c07 c09
main|astana_clinic_nobase|nc10|np15|br1.0|random_1_100|ms3|r300|s4,main,astana_clinic_nobase,10,15,1.0,random_1_100,3,300,4,6630,sha256:b6c92f913d714dcfe24f74b0bc6dd58b6e91810d6ceec7e18573750aed15b87e,176,1024,0,15,9,2,c04 c06 c08,c04 c07 c08,c04 c06 c08
main|astana_clinic_nobase|nc10|np15|br1.0|random_1_100|ms3|r300|s5,main,astana_clinic_nobase,10,15,1.0,random_1_100,3,300,5,6037,sha256:8fdcc5f0b136714fe8c24b248a4c6c18e122896bca764ba3d0ae8020d226675b,176,1024,0,15,14,2,c00 c01 c08,c00 c07 c09,c00 c01 c08
main|astana_clinic_nobase|nc10|np15|br1.0|random_1_100|ms3|r300|s6,main,astana_clinic_nobase,10,15,1.0,random_1_100,3,300,6,5927,sha256:f805394c1be95e005324cbc0b713dbfd2fdbf7bc061bdc6b6aa69b0811990ba4,176,1024,0,15,11,2,c01 c02 c03,c01 c02 c03,c01 c03 c07
main|astana_clinic_nobase|nc10|np15|br1.0|random_1_100|ms3|r300|s7,main,astana_clinic_nobase,10,15,1.0,random_1_100,3,300,7,5280,sha256:4600d3788b40226bcacfb64467872a53ef2385702d5684eb8e3b9081f5046185,176,1024,0,15,15,3,c03 c08 c09,c06 c08 c09,c01 c04 c08
main|astana_clinic_nobase|nc10|np15|br1.0|random_1_100|ms3|r300|s8,main,astana_clinic_nobase,10,15,1.0,random_1_100,3,300,8,5457,sha256:a7e7aa36b7879db1c077099503876bdf9e500e712c5d29185751e52bd3b2bad5,176,1024,0,15,9,3,c03 c04 c05,c00 c03 c07,c01 c03 c04
main|astana_clinic_nobase|nc10|np15|br1.0|random_1_100|ms3|r300|s9,main,astana_clinic_nobase,10,15,1.0,random_1_100,3,300,9,6331,sha256:fc6aa6cb3a9c7665f4ec679febeafae7371c3283311eb6d33334c5e62597bedd,176,1024,0,15,18,1,c00 c04 c07,c00 c04 c07,c00 c04 c07
main|astana_clinic_nobase|nc10|np15|br1.0|one_heavy|ms3|r300|s0,main,astana_clinic_nobase,10,15,1.0,one_heavy,3,300,0,4673,sha256:35712db6e51234287ca1cca5ac8836d2acdcde351c4c94aab3c1c0ba00c72cd3,176,1024,0,15,9,2,c04 c06 c08,c04 c06 c08,c00 c04 c08
main|astana_clinic_nobase|nc10|np15|br1.0|one_heavy|ms3|r300|s1,main,astana_clinic_nobase,10,15,1.0,one_heavy,3,300,1,5682,sha256:b86d555d9cd3bd45047f03e3068d2168c0b701ceaa496fb15d6ba80cc05a7bf4,176,1024,0,15,16,2,c03 c06 c09,c03 c06 c09,c03 c04 c06
main|astana_clinic_nobase|nc10|np15|br1.0|one_heavy|ms3|r300|s2,main,astana_clinic_nobase,10,15,1.0,one_heavy,3,300,2,4730,sha256:82786b1b7d2ae71591a63254d93a194bf590d1012c9dd259ed71d267202643a9,176,1024,0,15,13,3,c04 c05 c08,c01 c04 c06,c02 c03 c08
main|astana_clinic_nobase|nc10|np15|br1.0|one_heavy|ms3|r300|s3,main,astana_clinic_nobase,10,15,1.0,one_heavy,3,300,3,6495,sha256:20a79314ee6d9da1d209ebac910e388250316039aa8bd5f8d17b4107e035317c,176,1024,0,15,15,3,c04 c06 c07,c03 c04 c06,c00 c06 c07
main|astana_clinic_nobase|nc10|np15|br1.0|one_heavy|ms3|r300|s4,main,astana_clinic_nobase,10,15,1.0,one_heavy,3,300,4,5018,sha256:883f9b7f00585a3c1472f1b458a7e11da76bf31acb7f337f6789ca0b71655fe1,176,1024,0,15,20,2,c03 c06 c09,c03 c06 c09,c02 c03 c06
main|astana_clinic_nobase|nc10|np15|br1.0|one_heavy|ms3|r300|s5,main,astana_clinic_nobase,10,15,1.0,one_heavy,3,300,5,5415,sha256:8332c6ed08d8726971d65d06dc5d2fd3c6fcb9306fe2a8019b86daede7d5bc2c,176,1024,0,15,7,2,c03 c05 c09,c03 c05 c09,c03 c06 c08
main|astana_clinic_nobase|nc10|np15|br1.0|one_heavy|ms3|r300|s6,main,astana_clinic_nobase,10,15,1.0,one_heavy,3,300,6,5214,sha256:ed1bbceb84557ef5e876ec1ec138b8b28711ad14e40390cb6f3ca5d06bcbedd6,176,1024,0,15,13,3,c00 c02 c04,c01 c03 c09,c00 c02 c09
main|astana_clinic_nobase|nc10|np15|br1.0|one_heavy|ms3|r300|s7,main,astana_clinic_nobase,10,15,1.0,one_heavy,3,300,7,4485,sha256:c2b0f92a52340c8689e8cf260827bb2efdf5762929e83e4f3562c742b96b1ad4,176,1024,0,15,7,1,c01 c03 c04,c01 c03 c04,c01 c03 c04
main|astana_clinic_nobase|nc10|np15|br1.0|one_heavy|ms3|r300|s8,main,astana_clinic_nobase,10,15,1.0,one_heavy,3,300,8,5299,sha256:92838b1687f25b685ab797269be711b59b0ddd5ccbb46e218ed8e10f6ed36cfe,176,1024,0,15,8,3,c03 c06 c08,c01 c03 c06,c01 c03 c08
main|astana_clinic_nobase|nc10|np15|br1.0|one_heavy|ms3|r300|s9,main,astana_clinic_nobase,10,15,1.0,one_heavy,3,300,9,5305,sha256:4b545b7428f02ff2bc6a68796b3140e9c98c1d82dbda7a943bf099a718f7bc1f,176,1024,0,15,7,3,c01 c04 c08,c00 c01 c08,c02 c04 c09
main|astana_clinic_nobase|nc10|np25|br0.25|uniform|ms3|r300|s0,main,astana_clinic_nobase,10,25,0.25,uniform,3,300,0,1553,sha256:dac4ba2856fa3cba0e09a98d46237aaf319c5031aed56571970930fa59315bf1,73,1024,1,25,6,3,c05 c07 c08,c03 c07 c08,c01 c04 c07
main|astana_clinic_nobase|nc10|np25|br0.25|uniform|ms3|r300|s1,main,astana_clinic_nobase,10,25,0.25,uniform,3,300,1,1355,sha256:39b7b17689215ccfcca0ba1a0896cb958698b7e3f5164c8d913430607244f179,75,1024,1,25,6,2,c01 c02 c09,c01 c02 c09,c01 c04 c07
main|astana_clinic_nobase|nc10|np25|br0.25|uniform|ms3|r300|s2,main,astana_clinic_nobase,10,25,0.25,uniform,3,300,2,1698,sha256:8c3e63408bcd603f998f3d05b46143eaefbc6485c9ee39f2442d9e651e3aef40,71,1024,1,25,10,2,c02 c05 c08,c02 c05 c08,c01 c07 c08
main|astana_clinic_nobase|nc10|np25|br0.25|uniform|ms3|r300|s3,main,astana_clinic_nobase,10,25,0.25,uniform,3,300,3,1400,sha256:9aaacb0456d1a2622b0569b68bfdf130f8cace8b3d777b4aa9cd0fe189494b9f,78,1024,1,25,9,3,c01 c04 c06,c00 c07 c09,c00 c01 c04
main|astana_clinic_nobase|nc10|np25|br0.25|uniform|ms3|r300|s4,main,astana_clinic_nobase,10,25,0.25,uniform,3,300,4,1643,sha256:d49da235138c3bb125ba0f7a18e31976e5a9434985a2d7597495292d0e435c48,76,1024,1,25,7,2,c04 c07 c08,c04 c07 c08,c02 c06 c07
main|astana_clinic_nobase|nc10|np25|br0.25|uniform|ms3|r300|s5,main,astana_clinic_nobase,10,25,0.25,uniform,3,300,5,1685,sha256:ffc7d9351c28f8b436d491367879ba30a854acf60019a74857f7f34594c09969,70,1024,1,25,10,2,c00 c01 c07,c07 c08,c00 c01 c07
main|astana_clinic_nobase|nc10|np25|br0.25|uniform|ms3|r300|s6,main,astana_clinic_nobase,10,25,0.25,uniform,3,300,6,1460,sha256:725142acda75f990e1e0005a522d83df8e6753bdee0251c7fd117c7fcbaaef8a,73,1024,1,25,9,3,c01 c04 c05,c00 c03 c07,c05 c06 c08
main|astana_clinic_nobase|nc10|np25|br0.25|uniform|ms3|r300|s7,main,astana_clinic_nobase,10,25,0.25,uniform,3,300,7,1465,sha256:6b53d6e6315baf0b5f7c411b55d4904f4b940a8d11276934e410c36ff4bea175,77,1024,1,25,8,1,c00 c02 c09,c00 c02 c09,c00 c02 c09
main|astana_clinic_nobase|nc10|np25|br0.25|uniform|ms3|r300|s8,main,astana_clinic_nobase,10,25,0.25,uniform,3,300,8,1405,sha256:6b076050aa4644a0b58298f996226bf63ad569c1ab6b7d959df9b54675a8f3e0,75,1024,1,25,7,2,c02 c04 c09,c04 c05 c07,c04 c05 c07
main|astana_clinic_nobase|nc10|np25|br0.25|uniform|ms3|r300|s9,main,astana_clinic_nobase,10,25,0.25,uniform,3,300,9,1390,sha256:68ebfae6da92e38ebfcdbd95cf62464249823d0479f2061962f66b41aec8ae28,77,1024,1,25,8,1,c02 c03 c06,c02 c03 c06,c02 c03 c06
main|astana_clinic_nobase|nc10|np25|br0.25|random_1_100|ms3|r300|s0,main,astana_clinic_nobase,10,25,0.25,random_1_100,3,300,0,1137,sha256:4591828fe85ab7ab2a0c7e3d1ecd7cb98df3b68f34973d30e7080a783f29e32c,77,1024,1,25,6,3,c00 c01 c06,c06 c08 c09,c00 c04 c05
main|astana_clinic_nobase|nc10|np25|br0.25|random_1_100|ms3|r300|s1,main,astana_clinic_nobase,10,25,0.25,random_1_100,3,300,1,1379,sha256:1f1a8231d5b31a259d90d6a4cb038c9d04713904e9f104af7d4e4fb529eef717,78,1024,1,25,7,1,c01 c03 c04,c01 c03 c04,c01 c03 c04
main|astana_clinic_nobase|nc10|np25|br0.25|random_1_100|ms3|r300|s2,main,astana_clinic_nobase,10,25,0.25,random_1_100,3,300,2,1735,sha256:edef947853345c093fce81f6e8ff0888959242758c4ee7f472e7b352307f4e62,65,1024,1,25,7,3,c00 c09,c01 c04 c05,c00 c06
main|astana_clinic_nobase|nc10|np25|br0.25|random_1_100|ms3|r300|s3,main,astana_clinic_nobase,10,25,0.25,random_1_100,3,300,3,1131,sha256:a05ac25959111b277546bdc3736531b0d03cc4bcee4a3e8f599074b6185efa9a,79,1024,1,25,11,2,c00 c05 c06,c00 c05 c06,c00 c06 c07
main|astana_clinic_nobase|nc10|np25|br0.25|random_1_100|ms3|r300|s4,main,astana_clinic_nobase,10,25,0.25,random_1_100,3,300,4,1179,sha256:4ad7b8fa1b699a301a495d0b2174820083cb5ed55bf5a49045413683f5be3aba,77,1024,1,25,8,3,c00 c01 c09,c00 c06 c07,c00 c07 c09
main|astana_clinic_nobase|nc10|np25|br0.25|random_1_100|ms3|r300|s5,main,astana_clinic_nobase,10,25,0.25,random_1_100,3,300,5,1052,sha256:5e7aa69c25dd3643a237ecd09bfd6468875be26f865e07e444eb37864cd1c77b,84,1024,1,25,9,3,c00 c05 c09,c03 c05 c09,c00 c04 c06
main|astana_clinic_nobase|nc10|np25|br0.25|random_1_100|ms3|r300|s6,main,astana_clinic_nobase,10,25,0.25,random_1_100,3,300,6,1185,sha256:d5f097ff12ab22308c14bb481fd02c1011237046886e3eaa1acc9826ff8e89c9,77,1024,1,25,9,3,c00 c04 c05,c00 c03 c09,c00 c02 c09
main|astana_clinic_nobase|nc10|np25|br0.25|random_1_100|ms3|r300|s7,main,astana_clinic_nobase,10,25,0.25,random_1_100,3,300,7,1481,sha256:eed0d64087bbc2dabf48896cb83ce5f6c4234877727b68f2b0d8924d78358586,73,1024,1,25,10,2,c02 c03 c05,c02 c03 c05,c01 c02 c08
main|astana_clinic_nobase|nc10|np25|br0.25|random_1_100|ms3|r300|s8,main,astana_clinic_nobase,10,25,0.25,random_1_100,3,300,8,1160,sha256:8bd6836287bb4f207bfc733215801af52d7418c74613e50224982215d8184632,77,1024,1,25,9,3,c00 c02 c03,c02 c03 c04,c00 c02 c09
main|astana_clinic_nobase|nc10|np25|br0.25|random_1_100|ms3|r300|s9,main,astana_clinic_nobase,10,25,0.25,random_1_100,3,300,9,1234,sha256:52bb2883bc6799aed1e456099c30caba4abea3d5e06f0877f036ecc7bd20174f,79,1024,1,25,8,2,c04 c06 c07,c00 c03 c06,c04 c06 c07
main|astana_clinic_nobase|nc10|np25|br0.25|one_heavy|ms3|r300|s0,main,astana_clinic_nobase,10,25,0.25,one_heavy,3,300,0,1431,sha256:c73435463f9277fca9ec03ad09d24be4754b178dba8d04d2c9cc42bb8bd52ec9,76,1024,1,25,8,3,c02 c03 c09,c00 c04 c09,c02 c03 c04
main|astana_clinic_nobase|nc10|np25|br0.25|one_heavy|ms3|r300|s1,main,astana_clinic_nobase,10,25,0.25,one_heavy,3,300,1,1597,sha256:cc19ecd8beb5aa436b0ed9fd7b73d5d29fc4d3c223289bcc39bb9307f408736b,70,1024,1,25,7,1,c01 c05 c07,c01 c05 c07,c01 c05 c07
main|astana_clinic_nobase|nc10|np25|br0.25|one_heavy|ms3|r300|s2,main,astana_clinic_nobase,10,25,0.25,one_heavy,3,300,2,1375,sha256:218204e74c0abbb808bd65f900f459c479cb1f513e4f734f77d4696b177b08b9,75,1024,1,25,5,3,c06 c07 c08,c05 c06 c07,c04 c06 c07
main|astana_clinic_nobase|nc10|np25|br0.25|one_heavy|ms3|r300|s3,main,astana_clinic_nobase,10,25,0.25,one_heavy,3,300,3,1338,sha256:984d377770e80c9abf616afaa1098aa56340e26d61b139010cd68db7e14b62cb,76,1024,1,25,6,3,c04 c06 c08,c01 c07 c08,c01 c06 c08
main|astana_clinic_nobase|nc10|np25|br0.25|one_heavy|ms3|r300|s4,main,astana_clinic_nobase,10,25,0.25,one_heavy,3,300,4,1508,sha256:c7ab4cfcb1a254313ff4e771a2996341fc73ffe4e7675a772085a712744df135,74,1024,1,25,9,3,c00 c07 c09,c00 c03 c09,c00 c04 c08
main|astana_clinic_nobase|nc10|np25|br0.25|one_heavy|ms3|r300|s5,main,astana_clinic_nobase,10,25,0.25,one_heavy,3,300,5,1592,sha256:71412d925b405843fe9d1c169020944d7f8b63c35d7be6cca1bfad8339a7a759,73,1024,1,25,9,2,c00 c06 c09,c00 c05,c00 c05
main|astana_clinic_nobase|nc10|np25|br0.25|one_heavy|ms3|r300|s6,main,astana_clinic_nobase,10,25,0.25,one_heavy,3,300,6,1296,sha256:0dd852eafc30a3f312a865bad733f9539b0cc07b834e8421e8ad86908e747c49,80,1024,1,25,10,2,c00 c01 c06,c04 c06 c07,c00 c01 c06
main|astana_clinic_nobase|nc10|np25|br0.25|one_heavy|ms3|r300|s7,main,astana_clinic_nobase,10,25,0.25,one_heavy,3,300,7,1334,sha256:80c5bcdd6760f74c0b0488ed2e8357ecfc9b14454cf442d5c3ceed796bee324c,76,1024,1,25,9,3,c01 c02 c04,c01 c05 c07,c01 c04 c05
main|astana_clinic_nobase|nc10|np25|br0.25|one_heavy|ms3|r300|s8,main,astana_clinic_nobase,10,25,0.25,one_heavy,3,300,8,1455,sha256:4ea8108ed3bf6601a98b6e10988f0a36cd3e37741a1c6608e47b4c9e4aa71152,71,1024,1,25,8,2,c03 c08 c09,c03 c08 c09,c02 c03 c04
main|astana_clinic_nobase|nc10|np25|br0.25|one_heavy|ms3|r300|s9,main,astana_clinic_nobase,10,25,0.25,one_heavy,3,300,9,1389,sha256:6ff0658a89381421ec3d3426cd4ab5e05e36fdad6456872c65af576a33fc33e9,76,1024,1,25,7,2,c00 c04 c06,c00 c04 c06,c00 c05 c08
main|astana_clinic_nobase|nc10|np25|br0.5|uniform|ms3|r300|s0,main,astana_clinic_nobase,10,25,0.5,uniform,3,300,0,2901,sha256:c72d65a7391512770df4ba5883f535e5cb05ec9438983886bc8ab1ab1e757447,176,1024,0,25,12,2,c02 c03 c09,c02 c03 c09,c00 c01 c03
main|astana_clinic_nobase|nc10|np25|br0.5|uniform|ms3|r300|s1,main,astana_clinic_nobase,10,25,0.5,uniform,3,300,1,2786,sha256:ea76a26ab0b3863091384db7a0df208198e4f9ec136e20e1c591a3411507dc94,176,1024,0,25,8,2,c00 c01 c04,c00 c01 c04,c00 c01 c06
main|astana_clinic_nobase|nc10|np25|br0.5|uniform|ms3|r300|s2,main,astana_clinic_nobase,10,25,0.5,uniform,3,300,2,2379,sha256:5230a753fa226a324a74a8bf3692591ad27b6957e24bc4138eb39d32dda1ef20,174,1024,1,25,12,1,c00 c03 c08,c00 c03 c08,c00 c03 c08
main|astana_clinic_nobase|nc10|np25|br0.5|uniform|ms3|r300|s3,main,astana_clinic_nobase,10,25,0.5,uniform,3,300,3,2733,sha256:62bb330b77db1b4c268c58f67e21b7645dfc968a97c5fb1d4b27a4d89b5ba1f4,176,1024,0,25,7,3,c01 c04 c08,c01 c04 c06,c04 c07 c08
main|astana_clinic_nobase|nc10|np25|br0.5|uniform|ms3|r300|s4,main,astana_clinic_nobase,10,25,0.5,uniform,3,300,4,2238,sha256:f3cf190771265348fc456cc5953b415a311e9c5f7d5fbdb8edf357b7ff0f86c9,173,1024,1,25,9,3,c02 c04 c09,c01 c04 c08,c00 c02 c09
main|astana_clinic_nobase|nc10|np25|br0.5|uniform|ms3|r300|s5,main,astana_clinic_nobase,10,25,0.5,uniform,3,300,5,3286,sha256:6e65935a4c34ebef27e25c39c91b91df7305b229673a03051911c51f092b0bc4,176,1024,0,25,9,3,c06 c07 c09,c02 c03 c09,c01 c05 c09
main|astana_clinic_nobase|nc10|np25|br0.5|uniform|ms3|r300|s6,main,astana_clinic_nobase,10,25,0.5,uniform,3,300,6,2796,sha256:059277dc7915c038e5a09cc3d4d0d9f7c544968f31715320da4d229f5ad6e56c,176,1024,0,25,10,2,c00 c03 c04,c00 c03 c04,c00 c03 c07
main|astana_clinic_nobase|nc10|np25|br0.5|uniform|ms3|r300|s7,main,astana_clinic_nobase,10,25,0.5,uniform,3,300,7,2679,sha256:2f5790426e6bf74e8cb483775ac449d5398edd9eb17c8983512655694578c18e,176,1024,0,25,7,2,c02 c04 c06,c02 c04 c06,c02 c05 c06
main|astana_clinic_nobase|nc10|np25|br0.5|uniform|ms3|r300|s8,main,astana_clinic_nobase,10,25,0.5,uniform,3,300,8,2642,sha256:04e503399eebb0eceaecf617d2fc8e574a1df39ea0aef2a28d37aba05bf90b91,176,1024,0,25,14,2,c05 c07 c08,c05 c07 c08,c01 c02 c09
main|astana_clinic_nobase|nc10|np25|br0.5|uniform|ms3|r300|s9,main,astana_clinic_nobase,10,25,0.5,uniform,3,300,9,2084,sha256:6ff8b1ddd8e03de94e6c33fa9060a2adffd3bab22f5010c7d6366944a6efb1f5,175,1024,1,25,11,2,c00 c01 c09,c00 c01 c09,c00 c01 c04
main|astana_clinic_nobase|nc10|np25|br0.5|random_1_100|ms3|r300|s0,main,astana_clinic_nobase,10,25,0.5,random_1_100,3,300,0,2561,sha256:490ba3adf156ac3c4d926b490f20db198206d43ee1bb2e0e7a044d19a17f9650,175,1024,1,25,6,1,c01 c04 c07,c01 c04 c07,c01 c04 c07
main|astana_clinic_nobase|nc10|np25|br0.5|random_1_100|ms3|r300|s1,main,astana_clinic_nobase,10,25,0.5,random_1_100,3,300,1,1955,sha256:eb69cb2f0144bb1251617b8dd229532735aec9f30665dec0c6f9e76060980b78,176,1024,0,25,12,3,c00 c03 c05,c02 c03 c09,c03 c05 c09
main|astana_clinic_nobase|nc10|np25|br0.5|random_1_100|ms3|r300|s2,main,astana_clinic_nobase,10,25,0.5,random_1_100,3,300,2,2661,sha256:108de38e5f55e8572e7d71b0adba4ea37520f08d6e3292f9e2521100ff8632ee,176,1024,0,25,10,3,c00 c08 c09,c00 c04 c09,c00 c02 c04
main|astana_clinic_nobase|nc10|np25|br0.5|random_1_100|ms3|r300|s3,main,astana_clinic_nobase,10,25,0.5,random_1_100,3,300,3,2624,sha256:5ae0c2fb9fde4fc90e8945b115ae0a03b692a234d9a76ffba8ecd8b5d73efdab,176,1024,0,25,11,3,c01 c04 c09,c01 c04 c07,c01 c04 c08
main|astana_clinic_nobase|nc10|np25|br0.5|random_1_100|ms3|r300|s4,main,astana_clinic_nobase,10,25,0.5,random_1_100,3,300,4,2944,sha256:2f0ce0637ab7d6987ce1f47d436f1a543576779cd7e3a62b2f7c413977352a95,176,1024,0,25,7,2,c01 c05 c08,c01 c05 c08,c01 c04 c08
main|astana_clinic_nobase|nc10|np25|br0.5|random_1_100|ms3|r300|s5,main,astana_clinic_nobase,10,25,0.5,random_1_100,3,300,5,2254,sha256:220411c94119dfa1af51adb03b3fd91d73f85474862793871e657b1628ad1d0f,175,1024,1,25,13,3,c00 c03 c05,c00 c05 c07,c01 c03 c05
main|astana_clinic_nobase|nc10|np25|br0.5|random_1_100|ms3|r300|s6,main,astana_clinic_nobase,10,25,0.5,random_1_100,3,300,6,2764,sha256:93cccf9704ebd37b402617b2239dd3b7d75335c2e1332d9e5a3604253387878c,176,1024,0,25,9,2,c01 c02 c05,c01 c02 c05,c02 c05 c07
main|astana_clinic_nobase|nc10|np25|br0.5|random_1_100|ms3|r300|s7,main,astana_clinic_nobase,10,25,0.5,random_1_100,3,300,7,2721,sha256:c61cbbbb685cbc924a222168c79fd4b24b0ef5dfe1e2f6dcc8958672f35cb488,176,1024,0,25,14,3,c01 c05 c09,c04 c05 c06,c00 c01 c05
main|astana_clinic_nobase|nc10|np25|br0.5|random_1_100|ms3|r300|s8,main,astana_clinic_nobase,10,25,0.5,random_1_100,3,300,8,3442,sha256:c04f61c000f0d7028d71936d7ac0e3441032b03d5c94f295290eb48c73a1fec8,176,1024,0,25,10,2,c03 c05 c08,c04 c05 c06,c03 c05 c08
main|astana_clinic_nobase|nc10|np25|br0.5|random_1_100|ms3|r300|s9,main,astana_clinic_nobase,10,25,0.5,random_1_100,3,300,9,3446,sha256:39fc985fc1d93e06229b0cec3d419f9ad021b6d14d3557e64981fc7921d6dbe7,176,1024,0,25,9,3,c02 c04 c08,c04 c07 c09,c02 c04 c09
main|astana_clinic_nobase|nc10|np25|br0.5|one_heavy|ms3|r300|s0,main,astana_clinic_nobase,10,25,0.5,one_heavy,3,300,0,2254,sha256:0d5d7fbb6815132a18d9b0203e75b3918f3a89b7d24223e1e286bf9034f040ee,175,1024,1,25,12,2,c01 c03 c06,c01 c03 c06,c00 c02 c05
main|astana_clinic_nobase|nc10|np25|br0.5|one_heavy|ms3|r300|s1,main,astana_clinic_nobase,10,25,0.5,one_heavy,3,300,1,2450,sha256:ab3eaa2aff35025710795689645db02db31a8412abd09c89cc569f3efe532fd3,175,1024,1,25,12,3,c01 c06 c07,c04 c06 c07,c01 c07 c08
main|astana_clinic_nobase|nc10|np25|br0.5|one_heavy|ms3|r300|s2,main,astana_clinic_nobase,10,25,0.5,one_heavy,3,300,2,2674,sha256:a707954c3522ac467993827dde7477c13bac72e4e4cd0c8dfc1a80e07c3b6fc7,176,1024,0,25,8,3,c00 c01 c03,c00 c01 c02,c00 c03 c05
main|astana_clinic_nobase|nc10|np25|br0.5|one_heavy|ms3|r300|s3,main,astana_clinic_nobase,10,25,0.5,one_heavy,3,300,3,2644,sha256:ad863045d86e69f4505e30ce322688cc2957a34f4f19debd95e151d650c15b80,176,1024,0,25,9,2,c01 c02 c09,c01 c05 c06,c01 c02 c09
main|astana_clinic_nobase|nc10|np25|br0.5|one_heavy|ms3|r300|s4,main,astana_clinic_nobase,10,25,0.5,one_heavy,3,300,4,3395,sha256:144b0ea3bd21b04be5aa55825422fad59b45bedbdba2c893fd815d948136c416,176,1024,0,25,11,3,c02 c03 c08,c01 c04 c07,c02 c03 c07
main|astana_clinic_nobase|nc10|np25|br0.5|one_heavy|ms3|r300|s5,main,astana_clinic_nobase,10,25,0.5,one_heavy,3,300,5,2375,sha256:4102c217f409c766ca82dcf518bad9cd2d93514d62cc24603c15540065f8093d,175,1024,1,25,10,1,c01 c08 c09,c01 c08 c09,c01 c08 c09
main|astana_clinic_nobase|nc10|np25|br0.5|one_heavy|ms3|r300|s6,main,astana_clinic_nobase,10,25,0.5,one_heavy,3,300,6,3242,sha256:e758a5be2925db3ec5f3d6af24f75c676a4990a61a36ded7f7f529ba670bcbea,176,1024,0,25,7,3,c01 c06 c07,c00 c01 c08,c01 c06 c08
main|astana_clinic_nobase|nc10|np25|br0.5|one_heavy|ms3|r300|s7,main,astana_clinic_nobase,10,25,0.5,one_heavy,3,300,7,2863,sha256:f63496ba17637341a6a7bd4ec235439061077ee46ab8d1ce4757c5171e1ad598,176,1024,0,25,10,3,c00 c02 c03,c03 c05 c06,c00 c03 c06
main|astana_clinic_nobase|nc10|np25|br0.5|one_heavy|ms3|r300|s8,main,astana_clinic_nobase,10,25,0.5,one_heavy,3,300,8,2534,sha256:2cbeb18f75f0c94533bc99d4fd627eadf8efe94df9a43f65e5da17efb4457aa1,176,1024,0,25,9,3,c00 c02 c04,c03 c04 c06,c04 c07 c09
main|astana_clinic_nobase|nc10|np25|br0.5|one_heavy|ms3|r300|s9,main,astana_clinic_nobase,10,25,0.5,one_heavy,3,300,9,3321,sha256:79972ad389fbc79d4df0b015770f24236a0dcb08c65c119ec532cb7af471fba4,176,1024,0,25,12,3,c03 c08 c09,c02 c03 c07,c02 c05 c08
main|astana_clinic_nobase|nc10|np25|br1.0|uniform|ms3|r300|s0,main,astana_clinic_nobase,10,25,1.0,uniform,3,300,0,5360,sha256:e8f143ddf7b0fe46e2a4da84a820ae9e6186bb27d31700791ad090a4f0cb6aaf,176,1024,0,25,10,3,c02 c04 c05,c00 c02 c09,c02 c06 c08
main|astana_clinic_nobase|nc10|np25|br1.0|uniform|ms3|r300|s1,main,astana_clinic_nobase,10,25,1.0,uniform,3,300,1,6096,sha256:b8244fbf969db6ec7945a311fede34773d49c7e276b6795e136b400274767acb,176,1024,0,25,8,2,c02 c05 c09,c02 c05 c07,c02 c05 c09
main|astana_clinic_nobase|nc10|np25|br1.0|uniform|ms3|r300|s2,main,astana_clinic_nobase,10,25,1.0,uniform,3,300,2,6134,sha256:fcd29375938f50139da6a28da5841ef0fae36e4ab916382a6d3cc5c4546a4cec,176,1024,0,25,13,3,c01 c04 c08,c02 c03 c09,c01 c05 c08
main|astana_clinic_nobase|nc10|np25|br1.0|uniform|ms3|r300|s3,main,astana_clinic_nobase,10,25,1.0,uniform,3,300,3,6458,sha256:20f94716556153821fe00ef31c6254cd0e79c3459e8fdbb30dc2d3298708512d,176,1024,0,25,7,2,c01 c05 c09,c04 c06 c09,c01 c05 c09
main|astana_clinic_nobase|nc10|np25|br1.0|uniform|ms3|r300|s4,main,astana_clinic_nobase,10,25,1.0,uniform,3,300,4,6578,sha256:a603712cb675523da131af1c9cc7bd5540d0a42aac73444664468387381f05a0,176,1024,0,25,6,3,c03 c05 c09,c03 c04 c05,c01 c03 c09
main|astana_clinic_nobase|nc10|np25|br1.0|uniform|ms3|r300|s5,main,astana_clinic_nobase,10,25,1.0,uniform,3,300,5,4795,sha256:1cc13369b3e373c6f6931ce8d0cd0fcd66e721e5791eebe7e827c2db228bd241,176,1024,0,25,12,2,c03 c04 c09,c04 c06 c09,c04 c06 c09
main|astana_clinic_nobase|nc10|np25|br1.0|uniform|ms3|r300|s6,main,astana_clinic_nobase,10,25,1.0,uniform,3,300,6,5369,sha256:d3811e4662624ab2913da1e023a7611d19ead95f938cfe464daaf67d8700c51f,176,1024,0,25,12,1,c04 c06 c09,c04 c06 c09,c04 c06 c09
main|astana_clinic_nobase|nc10|np25|br1.0|uniform|ms3|r300|s7,main,astana_clinic_nobase,10,25,1.0,uniform,3,300,7,6469,sha256:3f6ea56c32d729080637d26dd1b5ea7db534f507a8677997f70a246c7eae0073,176,1024,0,25,15,2,c01 c03 c09,c01 c03 c09,c01 c02 c03
main|astana_clinic_nobase|nc10|np25|br1.0|uniform|ms3|r300|s8,main,astana_clinic_nobase,10,25,1.0,uniform,3,300,8,5922,sha256:f790b401a48a355c05b55a2927715587aa06abd6ed5f74836f56dc1a6acc0717,176,1024,0,25,6,3,c06 c08 c09,c01 c02 c08,c00 c06 c09
main|astana_clinic_nobase|nc10|np25|br1.0|uniform|ms3|r300|s9,main,astana_clinic_nobase,10,25,1.0,uniform,3,300,9,4753,sha256:fce9c4a30fb1f784113e601a1e024a0fa26a47516e03befbab2478080ef09789,176,1024,0,25,10,2,c07 c08 c09,c07 c08 c09,c05 c08 c09
main|astana_clinic_nobase|nc10|np25|br1.0|random_1_100|ms3|r300|s0,main,astana_clinic_nobase,10,25,1.0,random_1_100,3,300,0,5300,sha256:3f65ae51fa0ba54d27bc7c323dd7b506f2d9447710578bf44f5932b12ec6ae6e,176,1024,0,25,5,3,c00 c04 c07,c01 c04 c07,c03 c04 c07
main|astana_clinic_nobase|nc10|np25|br1.0|random_1_100|ms3|r300|s1,main,astana_clinic_nobase,10,25,1.0,random_1_100,3,300,1,5736,sha256:947f8fac22debc35eb38ff6c9cc9d99622ff582f5ab74bf8222dfdd7f990cd52,176,1024,0,25,8,3,c00 c07 c09,c00 c02 c04,c00 c05 c09
main|astana_clinic_nobase|nc10|np25|br1.0|random_1_100|ms3|r300|s2,main,astana_clinic_nobase,10,25,1.0,random_1_100,3,300,2,6683,sha256:087b1ece63788876b3d2a63b8ee0db2a706b51b81ee4b87442a8a52c9229b691,176,1024,0,25,9,2,c04 c06 c08,c04 c06 c08,c02 c04 c05
main|astana_clinic_nobase|nc10|np25|br1.0|random_1_100|ms3|r300|s3,main,astana_clinic_nobase,10,25,1.0,random_1_100,3,300,3,6597,sha256:50828a4b46d554926508dbe8665c08328cf5b83694c0f641da734f884d7306a5,176,1024,0,25,7,2,c03 c04 c09,c03 c04 c09,c02 c04 c09
main|astana_clinic_nobase|nc10|np25|br1.0|random_1_100|ms3|r300|s4,main,astana_clinic_nobase,10,25,1.0,random_1_100,3,300,4,5904,sha256:e9db053bb5afb10d93c463f69b696d0a7de2bf8f35f71acbceed45fd32754549,176,1024,0,25,10,3,c02 c06 c07,c04 c05 c06,c00 c06 c07
main|astana_clinic_nobase|nc10|np25|br1.0|random_1_100|ms3|r300|s5,main,astana_clinic_nobase,10,25,1.0,random_1_100,3,300,5,6824,sha256:a9ea961fd39be65bb80a1b1f3f14ae5861a92de5187af89396c6f4ba61462049,176,1024,0,25,7,3,c04 c05 c08,c01 c07 c09,c04 c06 c08
main|astana_clinic_nobase|nc10|np25|br1.0|random_1_100|ms3|r300|s6,main,astana_clinic_nobase,10,25,1.0,random_1_100,3,300,6,5102,sha256:4981a4a92182d26b82710e987b966dc5c891c15afc7922c12b8f95dd656ecf64,176,1024,0,25,12,2,c04 c06 c09,c04 c06 c09,c03 c06 c09
main|astana_clinic_nobase|nc10|np25|br1.0|random_1_100|ms3|r300|s7,main,astana_clinic_nobase,10,25,1.0,random_1_100,3,300,7,6039,sha256:dbcad7ab0a95702a571bf36c92a106ed2e6274e0fe8bc4878569584477a63d02,176,1024,0,25,18,3,c04 c07 c09,c00 c01 c05,c01 c04 c09
main|astana_clinic_nobase|nc10|np25|br1.0|random_1_100|ms3|r300|s8,main,astana_clinic_nobase,10,25,1.0,random_1_100,3,300,8,5634,sha256:1d0b61ed59d38ea2d0b9be551b3fb4ac7b1a72adbe4ed577ef269d3f3f1201d0,176,1024,0,25,8,2,c05 c06 c09,c01 c04 c09,c05 c06 c09
main|astana_clinic_nobase|nc10|np25|br1.0|random_1_100|ms3|r300|s9,main,astana_clinic_nobase,10,25,1.0,random_1_100,3,300,9,6527,sha256:4d287af8d32ae7ea0b71e4061451e3f08a876842c9cac3b5acf9c1b8f76fb978,176,1024,0,25,16,3,c00 c01 c06,c02 c03 c05,c00 c01 c03
main|astana_clinic_nobase|nc10|np25|br1.0|one_heavy|ms3|r300|s0,main,astana_clinic_nobase,10,25,1.0,one_heavy,3,300,0,4103,sha256:9f970339f4d45fd3e4593f2dc0317e552c365aa556befb59e42e1b37a7c5ed88,176,1024,0,25,12,3,c03 c05 c09,c03 c06 c09,c00 c03 c07
main|astana_clinic_nobase|nc10|np25|br1.0|one_heavy|ms3|r300|s1,main,astana_clinic_nobase,10,25,1.0,one_heavy,3,300,1,6437,sha256:d7e277bea2878f7f184b0c6dd0d85e3631dc033890a82e26d183974baf33066d,176,1024,0,25,9,3,c03 c04 c09,c03 c05 c09,c05 c08 c09
main|astana_clinic_nobase|nc10|np25|br1.0|one_heavy|ms3|r300|s2,main,astana_clinic_nobase,10,25,1.0,one_heavy,3,300,2,6805,sha256:5831cf1ac420df828db06b59c8020ed1ff0a2461a044257399dc7df089131be3,176,1024,0,25,12,2,c01 c07 c08,c01 c07 c08,c00 c01 c04
main|astana_clinic_nobase|nc10|np25|br1.0|one_heavy|ms3|r300|s3,main,astana_clinic_nobase,10,25,1.0,one_heavy,3,300,3,4450,sha256:f2aa8f15368ca00f3d4740040e1bd8c382154fa087802b9aff43f21a32af2d6d,176,1024,0,25,9,2,c00 c01 c09,c00 c03 c09,c00 c03 c09
main|astana_clinic_nobase|nc10|np25|br1.0|one_heavy|ms3|r300|s4,main,astana_clinic_nobase,10,25,1.0,one_heavy,3,300,4,6097,sha256:c5944844d213b6c0a2af1d6d0c9f9433808d205044c2df71ac4556d839c452af,176,1024,0,25,11,3,c03 c04 c08,c03 c04 c07,c00 c04 c08
main|astana_clinic_nobase|nc10|np25|br1.0|one_heavy|ms3|r300|s5,main,astana_clinic_nobase,10,25,1.0,one_heavy,3,300,5,5327,sha256:7e1a43c1f44aee68a085a1a0d588b26d46090307c15ba6846a4c9ac90c97a463,176,1024,0,25,15,3,c00 c02 c03,c02 c06 c09,c01 c02 c03
main|astana_clinic_nobase|nc10|np25|br1.0|one_heavy|ms3|r300|s6,main,astana_clinic_nobase,10,25,1.0,one_heavy,3,300,6,5916,sha256:a10861e03ca9792deced2a9c5e44a80655971ca9444eeb49cde6acf882533ac8,176,1024,0,25,12,2,c01 c03 c07,c01 c03 c07,c03 c06 c07
main|astana_clinic_nobase|nc10|np25|br1.0|one_heavy|ms3|r300|s7,main,astana_clinic_nobase,10,25,1.0,one_heavy,3,300,7,4911,sha256:2344cddae76d9536cde0d3fd71f2c643d8d363bf8eecd2230f63cfbb6b640071,176,1024,0,25,5,3,c01 c04 c06,c01 c02 c03,c01 c02 c06
main|astana_clinic_nobase|nc10|np25|br1.0|one_heavy|ms3|r300|s8,main,astana_clinic_nobase,10,25,1.0,one_heavy,3,300,8,7286,sha256:5527e623ac01cff7a3a1f2d47aae2c0d3831d0aa2c2a9bb4c72ba7c62d11d2e6,176,1024,0,25,10,2,c03 c04 c05,c01 c02 c04,c03 c04 c05
main|astana_clinic_nobase|nc10|np25|br1.0|one_heavy|ms3|r300|s9,main,astana_clinic_nobase,10,25,1.0,one_heavy,3,300,9,5247,sha256:6dd522bbf53008d9291889085bc9e341cb20c05efbefd37772c3dd9271efcf97,176,1024,0,25,9,3,c06 c07 c08,c04 c07 c09,c03 c06 c08
main|astana_clinic_nobase|nc16|np5|br0.25|uniform|ms3|r300|s0,main,astana_clinic_nobase,16,5,0.25,uniform,3,300,0,1997,sha256:76eaad20f557c55278e82c63033c5f8d8f819c22b0b4f24f08432a8adac7ecbe,626,65536,1,5,15,2,c03 c09 c14,c00 c02 c13,c03 c09 c14
main|astana_clinic_nobase|nc16|np5|br0.25|uniform|ms3|r300|s1,main,astana_clinic_nobase,16,5,0.25,uniform,3,300,1,2631,sha256:ea7447600a5e2b657c238902455e75671d7582d2aa47164399d3fc4870678abc,679,65536,1,5,16,2,c02 c04 c15,c02 c04 c15,c04 c10 c11
main|astana_clinic_nobase|nc16|np5|br0.25|uniform|ms3|r300|s2,main,astana_clinic_nobase,16,5,0.25,uniform,3,300,2,2397,sha256:d366dfceef9866d026565cc4f9e6520a49ff2b6731ffdef49806f97435b55b8d,662,65536,1,5,20,2,c00 c07 c10,c00 c07 c10,c07 c09 c11
main|astana_clinic_nobase|nc16|np5|br0.25|uniform|ms3|r300|s3,main,astana_clinic_nobase,16,5,0.25,uniform,3,300,3,2285,sha256:26550ece1e82962e815bf0bd2e800824dfdb1849f8f24e58b9d378d7531d8691,642,65536,1,5,13,2,c00 c13 c14,c00 c13 c14,c00 c12 c14
main|astana_clinic_nobase|nc16|np5|br0.25|uniform|ms3|r300|s4,main,astana_clinic_nobase,16,5,0.25,uniform,3,300,4,2212,sha256:db2d939c258cb4cc0396977f1ee314f53bf2afcfe7de7567e9db5f866a95f9dc,662,65536,1,5,6,2,c01 c12 c14,c01 c12 c14,c06 c12 c14
main|astana_clinic_nobase|nc16|np5|br0.25|uniform|ms3|r300|s5,main,astana_clinic_nobase,16,5,0.25,uniform,3,300,5,1998,sha256:9e7f93e9073d6c183813345bac74243ef0100c26b3eccae4f2ef5ec62395ce82,638,65536,1,5,19,1,c00 c01 c12,c00 c01 c12,c00 c01 c12
main|astana_clinic_nobase|nc16|np5|br0.25|uniform|ms3|r300|s6,main,astana_clinic_nobase,16,5,0.25,uniform,3,300,6,1791,sha256:a38b6f91f82251a2e46ebfb66a8c6c7d48fedbc9580d7839105e5fbcd79f7399,648,65536,1,5,10,3,c02 c04 c14,c03 c08 c15,c02 c14 c15
main|astana_clinic_nobase|nc16|np5|br0.25|uniform|ms3|r300|s7,main,astana_clinic_nobase,16,5,0.25,uniform,3,300,7,2119,sha256:9e5155db85f6354ffae46bec2fac720f1ef250ea134f30a4262377a0d3047097,650,65536,1,5,5,2,c00 c05 c14,c00 c05 c14,c00 c08 c10
main|astana_clinic_nobase|nc16|np5|br0.25|uniform|ms3|r300|s8,main,astana_clinic_nobase,16,5,0.25,uniform,3,300,8,2054,sha256:7012d468f97be1395a771086b2159a16a275fb31d89c0902468af2ee89aa7d92,623,65536,1,5,6,2,c00 c06 c11,c00 c01 c11,c00 c06 c11
main|astana_clinic_nobase|nc16|np5|br0.25|uniform|ms3|r300|s9,main,astana_clinic_nobase,16,5,0.25,uniform,3,300,9,1823,sha256:39b777b79418e86fcb0f52d32a73720c5f70819bfb8872d34e3e08a7ed9233eb,619,65536,1,5,10,1,c01 c04 c05,c01 c04 c05,c01 c04 c05
main|astana_clinic_nobase|nc16|np5|br0.25|random_1_100|ms3|r300|s0,main,astana_clinic_nobase,16,5,0.25,random_1_100,3,300,0,1798,sha256:ca4fe1bfdb0cfd58efe3a25eac4603fd6649cf96b894ce14b91a39592c0ac96a,604,65536,1,5,7,2,c01 c06 c08,c01 c03 c08,c01 c06 c08
main|astana_clinic_nobase|nc16|np5|br0.25|random_1_100|ms3|r300|s1,main,astana_clinic_nobase,16,5,0.25,random_1_100,3,300,1,2169,sha256:7f80f647a3ad5e4ad0963d49eca40cfbf59d19d3af9b7e3a2d6728059926a9a0,613,65536,1,5,17,2,c05 c06 c15,c04 c06 c12,c05 c06 c15
main|astana_clinic_nobase|nc16|np5|br0.25|random_1_100|ms3|r300|s2,main,astana_clinic_nobase,16,5,0.25,random_1_100,3,300,2,2255,sha256:009a09a8a084185b1dd4efc6110e3fd19e918c3f5219bcbd79387ae1d973bba9,631,65536,1,5,12,2,c06 c07 c11,c00 c03 c06,c06 c07 c11
main|astana_clinic_nobase|nc16|np5|br0.25|random_1_100|ms3|r300|s3,main,astana_clinic_nobase,16,5,0.25,random_1_100,3,300,3,2935,sha256:4b871189b0a2a49c616d7c3c4dccab78510ddc3a57f2dc4387c43d03026c7b6a,697,65536,0,5,12,2,c03 c08 c12,c03 c08 c12,c01 c08 c12
main|astana_clinic_nobase|nc16|np5|br0.25|random_1_100|ms3|r300|s4,main,astana_clinic_nobase,16,5,0.25,random_1_100,3,300,4,2430,sha256:acb953fc9d6474cb64892252949f882d2d3d37dfcbcc40ee5647033d24b77c40,657,65536,1,5,7,3,c11 c13 c14,c10 c13 c14,c09 c10 c14
main|astana_clinic_nobase|nc16|np5|br0.25|random_1_100|ms3|r300|s5,main,astana_clinic_nobase,16,5,0.25,random_1_100,3,300,5,2016,sha256:055089603cb5c6dd2a44537cd3c55858fb16e67d5a90fa8fa3ca119531234f3e,644,65536,1,5,14,2,c02 c08 c09,c04 c05 c09,c02 c08 c09
main|astana_clinic_nobase|nc16|np5|br0.25|random_1_100|ms3|r300|s6,main,astana_clinic_nobase,16,5,0.25,random_1_100,3,300,6,2161,sha256:b3f586da9cc7096d03531cde492882db715c61a4cb9786446b4aea9af9a68a7b,621,65536,1,5,10,2,c03 c05 c11,c02 c08 c11,c03 c05 c11
main|astana_clinic_nobase|nc16|np5|br0.25|random_1_100|ms3|r300|s7,main,astana_clinic_nobase,16,5,0.25,random_1_100,3,300,7,2619,sha256:adf7ff8cead8b04e88f7891d62bfab2718650984865cad3a981e3bb7f8a4e9ed,683,65536,1,5,6,1,c05 c13 c14,c05 c13 c14,c05 c13 c14
main|astana_clinic_nobase|nc16|np5|br0.25|random_1_100|ms3|r300|s8,main,astana_clinic_nobase,16,5,0.25,random_1_100,3,300,8,2059,sha256:3237089a365353833747ab2b2723723be61ffeb18dfbd95b902ec7a37f4a2d2a,617,65536,1,5,10,2,c03 c06 c15,c04 c13 c15,c03 c06 c15
main|astana_clinic_nobase|nc16|np5|br0.25|random_1_100|ms3|r300|s9,main,astana_clinic_nobase,16,5,0.25,random_1_100,3,300,9,2517,sha256:52ab0e8886eb7e5da3cd0c07934a49f5ffedcc42c31f0cb4ef3f0f3d7987f33e,632,65536,1,5,19,1,c00 c01 c09,c00 c01 c09,c00 c01 c09
main|astana_clinic_nobase|nc16|np5|br0.25|one_heavy|ms3|r300|s0,main,astana_clinic_nobase,16,5,0.25,one_heavy,3,300,0,2445,sha256:5a502a6bf26c19f42a2f951dda398f73df47d7a715d78318204a1858d5f7ea1d,661,65536,1,5,9,2,c06 c08 c12,c03 c06 c08,c06 c08 c12
main|astana_clinic_nobase|nc16|np5|br0.25|one_heavy|ms3|r300|s1,main,astana_clinic_nobase,16,5,0.25,one_heavy,3,300,1,2425,sha256:f237e69b004c95bc0c3f67297da5498f4155f3d04e03b53cf4a65e37efdaef57,668,65536,1,5,12,1,c04 c08 c15,c04 c08 c15,c04 c08 c15
main|astana_clinic_nobase|nc16|np5|br0.25|one_heavy|ms3|r300|s2,main,astana_clinic_nobase,16,5,0.25,one_heavy,3,300,2,2323,sha256:37a3e2c3b91fb6fc177ffdefbf78f66ac7571b3f907c5b4721e026b1925b0e4f,618,65536,1,5,17,1,c03 c09 c15,c03 c09 c15,c03 c09 c15
main|astana_clinic_nobase|nc16|np5|br0.25|one_heavy|ms3|r300|s3,main,astana_clinic_nobase,16,5,0.25,one_heavy,3,300,3,2409,sha256:83f8fd3e34f7eb42ecb2d1fff3e1ddf784e7232498bdd8d29c7ee4f0546634ec,658,65536,1,5,9,1,c03 c10 c13,c03 c10 c13,c03 c10 c13
main|astana_clinic_nobase|nc16|np5|br0.25|one_heavy|ms3|r300|s4,main,astana_clinic_nobase,16,5,0.25,one_heavy,3,300,4,2147,sha256:676f39125853de7503783a1833f297b9636e0bbde8c314a14403efe6cf6cb40b,642,65536,1,5,15,2,c08 c13 c15,c05 c11 c13,c08 c13 c15
main|astana_clinic_nobase|nc16|np5|br0.25|one_heavy|ms3|r300|s5,main,astana_clinic_nobase,16,5,0.25,one_heavy,3,300,5,2764,sha256:86cbde3618a3817664ac09fda66695fe65c362cc9221e80d24b41f798a9d76d3,688,65536,1,5,14,3,c04 c12 c13,c07 c10 c13,c02 c09 c13
main|astana_clinic_nobase|nc16|np5|br0.25|one_heavy|ms3|r300|s6,main,astana_clinic_nobase,16,5,0.25,one_heavy,3,300,6,1986,sha256:2aa195636ecbaa121a4ceb03b870613e1edb2344e4c7584f70725e0d15968573,629,65536,1,5,11,2,c03 c12 c14,c12 c14 c15,c03 c12 c14
main|astana_clinic_nobase|nc16|np5|br0.25|one_heavy|ms3|r300|s7,main,astana_clinic_nobase,16,5,0.25,one_heavy,3,300,7,1913,sha256:a159e878778c45751beb623269828433213842690c9a9225a9a7d6ea122eb5a1,623,65536,1,5,12,1,c00 c03 c13,c00 c03 c13,c00 c03 c13
main|astana_clinic_nobase|nc16|np5|br0.25|one_heavy|ms3|r300|s8,main,astana_clinic_nobase,16,5,0.25,one_heavy,3,300,8,2379,sha256:569667d251aae2a919af77f6fb50341bef11d9c01dafdfea04d451dd234d504e,674,65536,1,5,17,1,c01 c05 c06,c01 c05 c06,c01 c05 c06
main|astana_clinic_nobase|nc16|np5|br0.25|one_heavy|ms3|r300|s9,main,astana_clinic_nobase,16,5,0.25,one_heavy,3,300,9,2544,sha256:f69c775de3d86e220e48cb26465d651946d4e0498743529a803de172539c660f,621,65536,1,5,10,3,c00 c02 c14,c04 c13 c14,c00 c02 c07
main|astana_clinic_nobase|nc16|np5|br0.5|uniform|ms3|r300|s0,main,astana_clinic_nobase,16,5,0.5,uniform,3,300,0,4648,sha256:b8db75c4ff4767674021fe6111b1d71719caf978de823f31f55c24904df0d35d,697,65536,0,5,14,2,c01 c06 c13,c00 c05 c13,c01 c06 c13
main|astana_clinic_nobase|nc16|np5|br0.5|uniform|ms3|r300|s1,main,astana_clinic_nobase,16,5,0.5,uniform,3,300,1,4480,sha256:38462906271f7eb1bfcafd9a204ae6b25576ff1fe6a29fdb100cfbd598dbd929,697,65536,0,5,7,2,c06 c09 c14,c03 c06 c09,c06 c09 c14
main|astana_clinic_nobase|nc16|np5|br0.5|uniform|ms3|r300|s2,main,astana_clinic_nobase,16,5,0.5,uniform,3,300,2,4597,sha256:86700f283d4d53ab188fc624289cf8730d41a2546d0a69234210ddf5eb70bd32,697,65536,0,5,13,2,c09 c12 c13,c02 c04 c13,c09 c12 c13
main|astana_clinic_nobase|nc16|np5|br0.5|uniform|ms3|r300|s3,main,astana_clinic_nobase,16,5,0.5,uniform,3,300,3,3429,sha256:806cd46917d5d38944eaeb342a73925a20513eb79bcb53df91f446677d1448ee,697,65536,0,5,12,1,c10 c11 c15,c10 c11 c15,c10 c11 c15
main|astana_clinic_nobase|nc16|np5|br0.5|uniform|ms3|r300|s4,main,astana_clinic_nobase,16,5,0.5,uniform,3,300,4,4099,sha256:9d0b1e298e4bac70923f5c7be0886d2429fab0cddadb89eb54547ca37db8e80a,697,65536,0,5,13,2,c08 c13 c15,c00 c13 c14,c08 c13 c15
main|astana_clinic_nobase|nc16|np5|br0.5|uniform|ms3|r300|s5,main,astana_clinic_nobase,16,5,0.5,uniform,3,300,5,4570,sha256:1df1202e07947abef61eb8d97fcff7007e5640bd935a35832d70d075b8608ace,697,65536,0,5,12,3,c00 c11 c13,c01 c11 c13,c00 c08 c11
main|astana_clinic_nobase|nc16|np5|br0.5|uniform|ms3|r300|s6,main,astana_clinic_nobase,16,5,0.5,uniform,3,300,6,3806,sha256:20fcc3ee37a5dda0097adb8c66eebabbc6b1262b40ab343e8cb44bb9195557c7,697,65536,0,5,11,1,c03 c06 c07,c03 c06 c07,c03 c06 c07
main|astana_clinic_nobase|nc16|np5|br0.5|uniform|ms3|r300|s7,main,astana_clinic_nobase,16,5,0.5,uniform,3,300,7,4446,sha256:0df7a0dd85d46719202fd110d58cb3ed2930a2d4b9c10ea483baac1fe52787aa,697,65536,0,5,9,2,c01 c02 c03,c01 c02 c03,c01 c02 c10
main|astana_clinic_nobase|nc16|np5|br0.5|uniform|ms3|r300|s8,main,astana_clinic_nobase,16,5,0.5,uniform,3,300,8,4859,sha256:db72a960bee7f360b754d5d60c85411eee10571a5a17003c4be499c33c5c676e,697,65536,0,5,13,3,c05 c09 c11,c00 c11 c12,c00 c05 c09
main|astana_clinic_nobase|nc16|np5|br0.5|uniform|ms3|r300|s9,main,astana_clinic_nobase,16,5,0.5,uniform,3,300,9,4558,sha256:2c28dad5cc8bdb06275607f61414da2ec12250c7ed9abe56dac7aa188169473d,697,65536,0,5,12,1,c03 c07 c11,c03 c07 c11,c03 c07 c11
main|astana_clinic_nobase|nc16|np5|br0.5|random_1_100|ms3|r300|s0,main,astana_clinic_nobase,16,5,0.5,random_1_100,3,300,0,4403,sha256:fc95bb8c0ac8fc10fea3397f601758266ed0d0c4e8eab7d7b2d81642594856b2,697,65536,0,5,8,1,c00 c08 c14,c00 c08 c14,c00 c08 c14
main|astana_clinic_nobase|nc16|np5|br0.5|random_1_100|ms3|r300|s1,main,astana_clinic_nobase,16,5,0.5,random_1_100,3,300,1,4708,sha256:a66066e51a681ea3612a7893e07f6eca877050936db6b0b6557cb7998d7ae58f,697,65536,0,5,10,2,c07 c10 c12,c03 c07 c12,c07 c10 c12
main|astana_clinic_nobase|nc16|np5|br0.5|random_1_100|ms3|r300|s2,main,astana_clinic_nobase,16,5,0.5,random_1_100,3,300,2,4165,sha256:264ade3042729023221255fe4274f6b1c57dbca375f165f349236f61705a3d17,697,65536,0,5,12,1,c06 c14 c15,c06 c14 c15,c06 c14 c15
main|astana_clinic_nobase|nc16|np5|br0.5|random_1_100|ms3|r300|s3,main,astana_clinic_nobase,16,5,0.5,random_1_100,3,300,3,4355,sha256:0e12b3c2d3ed1228c411eafb765247923054a40d1c5bae0f31ceab3afbf40668,697,65536,0,5,10,2,c06 c08 c13,c06 c08 c13,c09 c13 c14
main|astana_clinic_nobase|nc16|np5|br0.5|random_1_100|ms3|r300|s4,main,astana_clinic_nobase,16,5,0.5,random_1_100,3,300,4,3115,sha256:33b1f01712953f887c053377b098ee534be53ac3e83bb08c78fe7470a7da8a4c,697,65536,0,5,8,1,c04 c07 c08,c04 c07 c08,c04 c07 c08
main|astana_clinic_nobase|nc16|np5|br0.5|random_1_100|ms3|r300|s5,main,astana_clinic_nobase,16,5,0.5,random_1_100,3,300,5,4178,sha256:511dad7cc4ebb2cdef0f57324e3308560dff7b31f538d7891df3aaa0500974f0,697,65536,0,5,11,2,c01 c03 c15,c07 c11 c15,c01 c03 c15
main|astana_clinic_nobase|nc16|np5|br0.5|random_1_100|ms3|r300|s6,main,astana_clinic_nobase,16,5,0.5,random_1_100,3,300,6,4237,sha256:c1ccd64ce8e825b4b4aef36466d69626c583acc303f60ed7d4d27385a43c2f89,697,65536,0,5,5,1,c01 c07 c15,c01 c07 c15,c01 c07 c15
main|astana_clinic_nobase|nc16|np5|br0.5|random_1_100|ms3|r300|s7,main,astana_clinic_nobase,16,5,0.5,random_1_100,3,300,7,4006,sha256:71f34b7a2c5f52f5e697d9e3f609c3fdae118454d1209d13b81339f2fcff375f,697,65536,0,5,11,1,c01 c04 c13,c01 c04 c13,c01 c04 c13
main|astana_clinic_nobase|nc16|np5|br0.5|random_1_100|ms3|r300|s8,main,astana_clinic_nobase,16,5,0.5,random_1_100,3,300,8,4284,sha256:40b4599b922bc469d254b030ba58899bfe863e1e6a653d971cf96363f7fbf3ee,697,65536,0,5,10,1,c05 c10 c14,c05 c10 c14,c05 c10 c14
main|astana_clinic_nobase|nc16|np5|br0.5|random_1_100|ms3|r300|s9,main,astana_clinic_nobase,16,5,0.5,random_1_100,3,300,9,4958,sha256:e00c6510d4f5048d0907b4535c9f78967a85707556b64b9dcf6b012f52100595,697,65536,0,5,17,2,c09 c11 c12,c00 c07 c11,c09 c11 c12
main|astana_clinic_nobase|nc16|np5|br0.5|one_heavy|ms3|r300|s0,main,astana_clinic_nobase,16,5,0.5,one_heavy,3,300,0,4675,sha256:48bc6ba7e95dc2aa34f6b6d5ca8f93289dd95f9cdfce7d515d012916b1c88c61,697,65536,0,5,8,1,c03 c05 c06,c03 c05 c06,c03 c05 c06
main|astana_clinic_nobase|nc16|np5|br0.5|one_heavy|ms3|r300|s1,main,astana_clinic_nobase,16,5,0.5,one_heavy,3,300,1,4189,sha256:8cb2fabe39cc98541d3ea9bc38ab3eb14aef4851d31ba637c8c285ebf46e9119,697,65536,0,5,15,2,c01 c10 c13,c00 c01 c13,c01 c10 c13
main|astana_clinic_nobase|nc16|np5|br0.5|one_heavy|ms3|r300|s2,main,astana_clinic_nobase,16,5,0.5,one_heavy,3,300,2,3769,sha256:b912ed6290ac127c4edf4fe52c2f3d37a0767d3865fccba45438fa01f026eb23,697,65536,0,5,12,2,c01 c05 c08,c01 c05 c08,c05 c08 c09
main|astana_clinic_nobase|nc16|np5|br0.5|one_heavy|ms3|r300|s3,main,astana_clinic_nobase,16,5,0.5,one_heavy,3,300,3,4976,sha256:649503fe8b58f379c7ab52745c4383d5d2ce060eaf9a61ad68acebfb0619d439,697,65536,0,5,13,2,c00 c07 c10,c00 c07 c10,c00 c05 c07
main|astana_clinic_nobase|nc16|np5|br0.5|one_heavy|ms3|r300|s4,main,astana_clinic_nobase,16,5,0.5,one_heavy,3,300,4,3692,sha256:bae4a8579391300f639a6a5b91bba01cbc46538f48e009fa45184a50b4a058df,697,65536,0,5,16,2,c08 c09 c15,c03 c09 c11,c08 c09 c15
main|astana_clinic_nobase|nc16|np5|br0.5|one_heavy|ms3|r300|s5,main,astana_clinic_nobase,16,5,0.5,one_heavy,3,300,5,3998,sha256:7df2681fbfd8ab47aef005a03df72bd1915a1fe96bac9585bc4c0133b2e8b620,697,65536,0,5,17,2,c01 c06 c11,c09 c10 c11,c01 c06 c11
main|astana_clinic_nobase|nc16|np5|br0.5|one_heavy|ms3|r300|s6,main,astana_clinic_nobase,16,5,0.5,one_heavy,3,300,6,4051,sha256:87778dba8680242313d7e9fee9f2e0b611c6ccc130a7e6b2ff97dede7f1fe94f,697,65536,0,5,13,2,c07 c09 c15,c09 c10 c15,c07 c09 c15
main|astana_clinic_nobase|nc16|np5|br0.5|one_heavy|ms3|r300|s7,main,astana_clinic_nobase,16,5,0.5,one_heavy,3,300,7,3956,sha256:e2a77d845b204b4ef06d5519addbf3ce64811d645a50c2592248819ef8208aba,697,65536,0,5,12,1,c03 c08 c11,c03 c08 c11,c03 c08 c11
main|astana_clinic_nobase|nc16|np5|br0.5|one_heavy|ms3|r300|s8,main,astana_clinic_nobase,16,5,0.5,one_heavy,3,300,8,3993,sha256:acc95af527525da786046232ce2670f515bd8d1d41932c1e719b20ea6faa8bdc,697,65536,0,5,15,2,c05 c12 c14,c05 c12 c14,c05 c10 c15
main|astana_clinic_nobase|nc16|np5|br0.5|one_heavy|ms3|r300|s9,main,astana_clinic_nobase,16,5,0.5,one_heavy,3,300,9,4608,sha256:c397419b00dd0d5c08230660f2c2b880bc04e854e4a949008731a06542450b31,697,65536,0,5,6,1,c04 c05 c08,c04 c05 c08,c04 c05 c08
main|astana_clinic_nobase|nc16|np5|br1.0|uniform|ms3|r300|s0,main,astana_clinic_nobase,16,5,1.0,uniform,3,300,0,10146,sha256:b37b99bd90d9ac8a485ff63c2cb5c7b6704150df6bcc49ccfe3c395c70971de4,697,65536,0,5,10,2,c03 c12 c14,c06 c12 c14,c03 c12 c14
main|astana_clinic_nobase|nc16|np5|br1.0|uniform|ms3|r300|s1,main,astana_clinic_nobase,16,5,1.0,uniform,3,300,1,7329,sha256:7b085f818a0b4e2c93871863f60808ef5ea1d4a30bff36a1728a4204547c8fd8,697,65536,0,5,14,2,c00 c04 c09,c00 c04 c07,c00 c04 c09
main|astana_clinic_nobase|nc16|np5|br1.0|uniform|ms3|r300|s2,main,astana_clinic_nobase,16,5,1.0,uniform,3,300,2,8242,sha256:e250ea271fa29336f8bc6fa25d087971d32da0509f98665213df22414047c310,697,65536,0,5,15,2,c05 c09 c13,c05 c09 c13,c05 c09 c10
main|astana_clinic_nobase|nc16|np5|br1.0|uniform|ms3|r300|s3,main,astana_clinic_nobase,16,5,1.0,uniform,3,300,3,8325,sha256:f9ced6232e3c86539c04214c41bdd882ada251696827213ceb9720d751d8efb0,697,65536,0,5,13,2,c04 c05 c08,c04 c05 c06,c04 c05 c08
main|astana_clinic_nobase|nc16|np5|br1.0|uniform|ms3|r300|s4,main,astana_clinic_nobase,16,5,1.0,uniform,3,300,4,8256,sha256:44e7b67e31102b8bf16dd60ab39b05169f437a7f83d4b45409664446a67ef3e7,697,65536,0,5,7,2,c02 c10 c11,c00 c09 c11,c02 c10 c11
main|astana_clinic_nobase|nc16|np5|br1.0|uniform|ms3|r300|s5,main,astana_clinic_nobase,16,5,1.0,uniform,3,300,5,10132,sha256:c0ad0ed0adb0577caffc06fd0fb1982c346e8a33acc32ea6c5bb42abdcf64d80,697,65536,0,5,5,1,c02 c06 c09,c02 c06 c09,c02 c06 c09
main|astana_clinic_nobase|nc16|np5|br1.0|uniform|ms3|r300|s6,main,astana_clinic_nobase,16,5,1.0,uniform,3,300,6,9343,sha256:80b91e1830f7eda2e49853b5bdea692ce9dae61c886b0b2facdc863823e6f303,697,65536,0,5,8,2,c01 c06 c08,c04 c06 c08,c01 c06 c08
main|astana_clinic_nobase|nc16|np5|br1.0|uniform|ms3|r300|s7,main,astana_clinic_nobase,16,5,1.0,uniform,3,300,7,7801,sha256:e1802e46d1bd400d5242de2e99b51b9ddf7ed55441b69beaddc0199539a356ce,697,65536,0,5,10,2,c06 c09 c14,c06 c09 c13,c06 c09 c14
main|astana_clinic_nobase|nc16|np5|br1.0|uniform|ms3|r300|s8,main,astana_clinic_nobase,16,5,1.0,uniform,3,300,8,7970,sha256:ea54d71578a46a70aeac0ae6451acf43e4944e1c1e8a31779333ea10f73b897d,697,65536,0,5,13,2,c02 c04 c09,c00 c04 c09,c02 c04 c09
main|astana_clinic_nobase|nc16|np5|br1.0|uniform|ms3|r300|s9,main,astana_clinic_nobase,16,5,1.0,uniform,3,300,9,9457,sha256:563ddf528ab1d5565aaa75613b0597a57671683037085bec75ee8abc030e6da6,697,65536,0,5,8,1,c02 c07 c11,c02 c07 c11,c02 c07 c11
main|astana_clinic_nobase|nc16|np5|br1.0|random_1_100|ms3|r300|s0,main,astana_clinic_nobase,16,5,1.0,random_1_100,3,300,0,9598,sha256:250fe11b434e40d47dfc10e0b61e7b0bdd348d107f91ab6d4e3b68f2b82caa23,697,65536,0,5,12,1,c02 c06 c07,c02 c06 c07,c02 c06 c07
main|astana_clinic_nobase|nc16|np5|br1.0|random_1_100|ms3|r300|s1,main,astana_clinic_nobase,16,5,1.0,random_1_100,3,300,1,8956,sha256:b903e0ae11c8eceba931980df53e18be54a861217951e233a4c37c3a4702d84d,697,65536,0,5,18,2,c02 c06 c11,c02 c06 c11,c00 c02 c06
main|astana_clinic_nobase|nc16|np5|br1.0|random_1_100|ms3|r300|s2,main,astana_clinic_nobase,16,5,1.0,random_1_100,3,300,2,7776,sha256:2fd966ea58d6e2d15343114d1c4a19ca256bf2dd4c71435101c18c7b66d7bad4,697,65536,0,5,15,2,c02 c10 c14,c02 c10 c14,c01 c10 c15
main|astana_clinic_nobase|nc16|np5|br1.0|random_1_100|ms3|r300|s3,main,astana_clinic_nobase,16,5,1.0,random_1_100,3,300,3,8413,sha256:ba058a843ef2e2924540fa281480436564c3fc573173151dbffaa559bce3f444,697,65536,0,5,6,1,c03 c08,c03 c08,c03 c08
main|astana_clinic_nobase|nc16|np5|br1.0|random_1_100|ms3|r300|s4,main,astana_clinic_nobase,16,5,1.0,random_1_100,3,300,4,9404,sha256:ad1c82be91411d5d44d5956da9c7a2e0ec51ceafe8bafb972a3f5f9a72455b4e,697,65536,0,5,10,2,c07 c11 c12,c07 c11 c12,c10 c11 c12
main|astana_clinic_nobase|nc16|np5|br1.0|random_1_100|ms3|r300|s5,main,astana_clinic_nobase,16,5,1.0,random_1_100,3,300,5,8808,sha256:afd0616fe7a0c54e834ec0d9857b79447c507255098b77f77963fdeafd0fe83e,697,65536,0,5,20,2,c05 c06 c07,c05 c06 c07,c02 c06 c12
main|astana_clinic_nobase|nc16|np5|br1.0|random_1_100|ms3|r300|s6,main,astana_clinic_nobase,16,5,1.0,random_1_100,3,300,6,8639,sha256:dd74569756d23312152bfdffc36e17c7c5bfaa628e63fe610d00dfe340f85fe5,697,65536,0,5,9,1,c03 c04 c14,c03 c04 c14,c03 c04 c14
main|astana_clinic_nobase|nc16|np5|br1.0|random_1_100|ms3|r300|s7,main,astana_clinic_nobase,16,5,1.0,random_1_100,3,300,7,9487,sha256:3ecd544227957d51f1396f462a0913c7c4a67f43a67be2f17bdf635514f9eb63,697,65536,0,5,10,3,c01 c03 c07,c01 c04 c07,c01 c03 c04
main|astana_clinic_nobase|nc16|np5|br1.0|random_1_100|ms3|r300|s8,main,astana_clinic_nobase,16,5,1.0,random_1_100,3,300,8,10053,sha256:6237a3553a7d5c935acda089e70de35006c9ba4716b5ce4fb3c4c1a477d83daa,697,65536,0,5,11,2,c06 c08 c12,c05 c08 c12,c06 c08 c12
main|astana_clinic_nobase|nc16|np5|br1.0|random_1_100|ms3|r300|s9,main,astana_clinic_nobase,16,5,1.0,random_1_100,3,300,9,9194,sha256:ad39abc5facdb447603eb3953cb176e2a9a760c07e2795520cef3afe3c84d423,697,65536,0,5,20,1,c02 c05 c07,c02 c05 c07,c02 c05 c07
main|astana_clinic_nobase|nc16|np5|br1.0|one_heavy|ms3|r300|s0,main,astana_clinic_nobase,16,5,1.0,one_heavy,3,300,0,8672,sha256:f79f73f1a4b2fd6757554a97a8f27989d5698f9376a3c31c2ac16744c1bc8e6a,697,65536,0,5,8,2,c03 c04 c05,c03 c04 c05,c03 c05 c06
main|astana_clinic_nobase|nc16|np5|br1.0|one_heavy|ms3|r300|s1,main,astana_clinic_nobase,16,5,1.0,one_heavy,3,300,1,9662,sha256:e3116af4042bbed99a85f472b9275d1b6e6bf38d6c315818011df36cddd357b9,697,65536,0,5,10,3,c08 c11 c15,c08 c10 c11,c06 c10 c11
main|astana_clinic_nobase|nc16|np5|br1.0|one_heavy|ms3|r300|s2,main,astana_clinic_nobase,16,5,1.0,one_heavy,3,300,2,7084,sha256:17a4f36cc7d69e6d07e247a5d3f39334a47b66cd6293f9d04797532342cb5fdc,697,65536,0,5,11,1,c03 c04 c06,c03 c04 c06,c03 c04 c06
main|astana_clinic_nobase|nc16|np5|br1.0|one_heavy|ms3|r300|s3,main,astana_clinic_nobase,16,5,1.0,one_heavy,3,300,3,9042,sha256:07a7e5caa76ba8167456d764befea5e71f06bfdb88d9e13a72ad2dc1a36979aa,697,65536,0,5,11,2,c05 c09 c14,c04 c08 c09,c05 c09 c14
main|astana_clinic_nobase|nc16|np5|br1.0|one_heavy|ms3|r300|s4,main,astana_clinic_nobase,16,5,1.0,one_heavy,3,300,4,7324,sha256:0b76f1de06f3cabc9f06a4c72011cda16d6afc648b737baf13eb84780072c5d6,697,65536,0,5,14,3,c07 c08 c13,c08 c10 c13,c07 c12 c13
main|astana_clinic_nobase|nc16|np5|br1.0|one_heavy|ms3|r300|s5,main,astana_clinic_nobase,16,5,1.0,one_heavy,3,300,5,6808,sha256:edf425d56a4dbac6b2ffdc59579d741970e1c873f414a68c4f35211ce8bd6f9f,697,65536,0,5,10,1,c02 c04 c05,c02 c04 c05,c02 c04 c05
main|astana_clinic_nobase|nc16|np5|br1.0|one_heavy|ms3|r300|s6,main,astana_clinic_nobase,16,5,1.0,one_heavy,3,300,6,7394,sha256:9eff1858c97c0db733d26fbcfab2bbd13d7b0abb6147517c55dbb8bd180e4d1c,697,65536,0,5,12,2,c01 c05 c11,c01 c05 c11,c01 c06 c11
main|astana_clinic_nobase|nc16|np5|br1.0|one_heavy|ms3|r300|s7,main,astana_clinic_nobase,16,5,1.0,one_heavy,3,300,7,8389,sha256:14829feebb76dc8e09e63e08e4ef53b29361a88fee55570960333766b613a157,697,65536,0,5,7,2,c00 c05 c06,c00 c12 c14,c00 c05 c06
main|astana_clinic_nobase|nc16|np5|br1.0|one_heavy|ms3|r300|s8,main,astana_clinic_nobase,16,5,1.0,one_heavy,3,300,8,10063,sha256:165da9d79393a668bb2baaec77f886c9fd739f622e5870bebf5c6e772b161e93,697,65536,0,5,15,2,c03 c04 c10,c03 c04 c10,c04 c05 c10
main|astana_clinic_nobase|nc16|np5|br1.0|one_heavy|ms3|r300|s9,main,astana_clinic_nobase,16,5,1.0,one_heavy,3,300,9,8145,sha256:8aed405d617f84bd7972f3579c788b7d3a85badee854bb4b0a565781e17f1c5b,697,65536,0,5,13,2,c04 c06 c11,c04 c06 c11,c05 c06 c11
main|astana_clinic_nobase|nc16|np15|br0.25|uniform|ms3|r300|s0,main,astana_clinic_nobase,16,15,0.25,uniform,3,300,0,2079,sha256:5ef01d066a6a31eadbf6ef79c441dc98ade491f0dd11644ba916ae5f65f7fe3a,636,65536,1,15,15,3,c01 c10 c13,c12 c13 c14,c01 c03 c10
main|astana_clinic_nobase|nc16|np15|br0.25|uniform|ms3|r300|s1,main,astana_clinic_nobase,16,15,0.25,uniform,3,300,1,1939,sha256:837b3b7f109ea44be7f9ef8631e462d89b090e186e05d9fde5ef91def3360bb3,614,65536,1,15,15,2,c00 c04 c15,c04 c06 c12,c00 c04 c15
main|astana_clinic_nobase|nc16|np15|br0.25|uniform|ms3|r300|s2,main,astana_clinic_nobase,16,15,0.25,uniform,3,300,2,1931,sha256:a4fee3a1693681f351c7fcf365964412c3c32ca855c19761865731ff29587cb1,638,65536,1,15,12,2,c05 c13 c15,c01 c08 c12,c05 c13 c15
main|astana_clinic_nobase|nc16|np15|br0.25|uniform|ms3|r300|s3,main,astana_clinic_nobase,16,15,0.25,uniform,3,300,3,2093,sha256:82bf6aedb2ff91b777f2831d8faa46f441c5e755296c878b962e30be25a31782,635,65536,1,15,9,2,c00 c11 c14,c00 c11 c14,c03 c08 c10
main|astana_clinic_nobase|nc16|np15|br0.25|uniform|ms3|r300|s4,main,astana_clinic_nobase,16,15,0.25,uniform,3,300,4,2299,sha256:8a445fc68daa01a3b708df2fa94b69725a1ea95804376e7a1bb4041de1d3f8bb,664,65536,1,15,19,3,c07 c10 c11,c00 c06 c12,c00 c11 c12
main|astana_clinic_nobase|nc16|np15|br0.25|uniform|ms3|r300|s5,main,astana_clinic_nobase,16,15,0.25,uniform,3,300,5,2741,sha256:403fd294e8bb0f061c47040ba67390106b4db3594ab2e75dfcbdb7451694cb5f,687,65536,1,15,17,3,c04 c09 c13,c02 c04 c09,c01 c02 c05
main|astana_clinic_nobase|nc16|np15|br0.25|uniform|ms3|r300|s6,main,astana_clinic_nobase,16,15,0.25,uniform,3,300,6,2495,sha256:17abb4889121a4a072800abcea0f4432c3981ce1759105746b01419cba298380,680,65536,1,15,11,2,c04 c07 c12,c08 c13 c14,c04 c07 c12
main|astana_clinic_nobase|nc16|np15|br0.25|uniform|ms3|r300|s7,main,astana_clinic_nobase,16,15,0.25,uniform,3,300,7,2428,sha256:5bff108f0d6e233bbb7105cd5efbd447383842c422ad623a7f02fc5d818d2637,640,65536,1,15,12,2,c01 c08 c14,c01 c08 c14,c01 c06 c11
main|astana_clinic_nobase|nc16|np15|br0.25|uniform|ms3|r300|s8,main,astana_clinic_nobase,16,15,0.25,uniform,3,300,8,2368,sha256:a11562e63adcd8cc56c7ff4e4642950ae69e60d530e0e2c16748eba0183391bc,656,65536,1,15,11,2,c01 c02 c03,c01 c02 c03,c00 c03 c07
main|astana_clinic_nobase|nc16|np15|br0.25|uniform|ms3|r300|s9,main,astana_clinic_nobase,16,15,0.25,uniform,3,300,9,2271,sha256:0ed41c4b0635a7557881e15eefb79a1de7d886b26a39226c4fd612df849a8eba,652,65536,1,15,17,2,c01 c06 c11,c01 c06 c11,c01 c02 c12
main|astana_clinic_nobase|nc16|np15|br0.25|random_1_100|ms3|r300|s0,main,astana_clinic_nobase,16,15,0.25,random_1_100,3,300,0,2470,sha256:a0fab540231f0947c9a3edbf37f80901f807f1748d49e2e0b943d73cd170ab74,645,65536,1,15,13,3,c08 c10 c11,c06 c11 c15,c02 c08 c10
main|astana_clinic_nobase|nc16|np15|br0.25|random_1_100|ms3|r300|s1,main,astana_clinic_nobase,16,15,0.25,random_1_100,3,300,1,2168,sha256:921e49cd92b33d54c5f14f004f88ef140064c3143c5f1eef0375fc78bf577c71,645,65536,1,15,15,1,c05 c12 c14,c05 c12 c14,c05 c12 c14
main|astana_clinic_nobase|nc16|np15|br0.25|random_1_100|ms3|r300|s2,main,astana_clinic_nobase,16,15,0.25,random_1_100,3,300,2,1723,sha256:8973353ba25607c89de2e9ea58b0577e07b5be8118bc2eb6c98a4f8cf0d1ed7e,596,65536,1,15,15,3,c05 c08 c09,c05 c09 c15,c07 c09 c10
main|astana_clinic_nobase|nc16|np15|br0.25|random_1_100|ms3|r300|s3,main,astana_clinic_nobase,16,15,0.25,random_1_100,3,300,3,2235,sha256:ddde619efbecfdd77621976f4832b0601f43928cc35462a532dfd49fc8f1b723,631,65536,1,15,13,3,c00 c02 c15,c07 c10 c13,c00 c05 c06
main|astana_clinic_nobase|nc16|np15|br0.25|random_1_100|ms3|r300|s4,main,astana_clinic_nobase,16,15,0.25,random_1_100,3,300,4,1962,sha256:d2d3e2ef757f6724121df70183b9a88bc61ed61428cdb2f86804d2bf34ae83b6,622,65536,1,15,8,3,c01 c04 c10,c08 c10 c11,c01 c07 c15
main|astana_clinic_nobase|nc16|np15|br0.25|random_1_100|ms3|r300|s5,main,astana_clinic_nobase,16,15,0.25,random_1_100,3,300,5,2093,sha256:a25dba1b4547a2e43633d7aff35022ab9570807981ea44feeea3b3c55abf6567,622,65536,1,15,14,3,c04 c06 c15,c01 c06 c11,c00 c04 c11
main|astana_clinic_nobase|nc16|np15|br0.25|random_1_100|ms3|r300|s6,main,astana_clinic_nobase,16,15,0.25,random_1_100,3,300,6,2299,sha256:8d0934bea2b401e85f017a615530ab1f214f9938980c41a7b606878937ee779a,646,65536,1,15,11,2,c02 c08 c15,c02 c08 c15,c02 c05 c14
main|astana_clinic_nobase|nc16|np15|br0.25|random_1_100|ms3|r300|s7,main,astana_clinic_nobase,16,15,0.25,random_1_100,3,300,7,2734,sha256:09cb29f994ddc526765e2a201df7609b9b528072c6a7313d77ca1c2a1426dcd3,677,65536,1,15,14,3,c04 c05 c07,c06 c10 c11,c06 c07 c13
main|astana_clinic_nobase|nc16|np15|br0.25|random_1_100|ms3|r300|s8,main,astana_clinic_nobase,16,15,0.25,random_1_100,3,300,8,2117,sha256:9031ab0558e083dd39134cbc692d19fbca2124dc4fcba02c3fda6f0bd93c3f95,654,65536,1,15,11,3,c07 c12 c14,c05 c07 c13,c04 c12 c14
main|astana_clinic_nobase|nc16|np15|br0.25|random_1_100|ms3|r300|s9,main,astana_clinic_nobase,16,15,0.25,random_1_100,3,300,9,2111,sha256:f7242beff8f5d18694b9a22a1d47db0e830c533489b79dad950fe09d0fa06a0a,629,65536,1,15,15,3,c01 c08 c11,c01 c03 c10,c01 c05 c11
main|astana_clinic_nobase|nc16|np15|br0.25|one_heavy|ms3|r300|s0,main,astana_clinic_nobase,16,15,0.25,one_heavy,3,300,0,2065,sha256:cfefc1b27181ee1aa8f4d3fcda5b7df3f0dbf93cf1dd39028a36205a05f1dbb0,658,65536,1,15,11,3,c08 c09 c10,c04 c08 c10,c00 c02 c08
main|astana_clinic_nobase|nc16|np15|br0.25|one_heavy|ms3|r300|s1,main,astana_clinic_nobase,16,15,0.25,one_heavy,3,300,1,2556,sha256:a55f0f9ce66a2c52d349e56e47ebea3bc8911132c60d44e1edc7439b056f9429,651,65536,1,15,10,2,c02 c03 c04,c02 c03 c04,c02 c05 c12
main|astana_clinic_nobase|nc16|np15|br0.25|one_heavy|ms3|r300|s2,main,astana_clinic_nobase,16,15,0.25,one_heavy,3,300,2,1956,sha256:7dd3f39f5361b092fec061ecf6a10f84489f9e99ab3bbffc363495524f302f77,621,65536,1,15,10,3,c05 c08 c10,c05 c10 c13,c05 c10 c11
main|astana_clinic_nobase|nc16|np15|br0.25|one_heavy|ms3|r300|s3,main,astana_clinic_nobase,16,15,0.25,one_heavy,3,300,3,2141,sha256:912250f30d1df884de4f7e184fbf4c1f42108fdcada69d83bc569c394ec03e8c,631,65536,1,15,14,2,c04 c11 c13,c04 c06 c14,c04 c11 c13
main|astana_clinic_nobase|nc16|np15|br0.25|one_heavy|ms3|r300|s4,main,astana_clinic_nobase,16,15,0.25,one_heavy,3,300,4,2592,sha256:1a420dd28afdcff9cc60f2ec49a2bf6414eac4cbc05d1d8a0be452281b364fc8,684,65536,1,15,12,2,c07 c08 c15,c05 c12 c14,c07 c08 c15
main|astana_clinic_nobase|nc16|np15|br0.25|one_heavy|ms3|r300|s5,main,astana_clinic_nobase,16,15,0.25,one_heavy,3,300,5,2128,sha256:702b578a82bacfe9676dff43080e0d17472aa91721ee6090f913d9cdaf416e24,642,65536,1,15,17,3,c00 c12 c14,c04 c14 c15,c11 c12 c13
main|astana_clinic_nobase|nc16|np15|br0.25|one_heavy|ms3|r300|s6,main,astana_clinic_nobase,16,15,0.25,one_heavy,3,300,6,2366,sha256:234061ddd200e7c1c81b887a6ab467ac22f019f050b3a71acf1009a18f7d0e01,631,65536,1,15,11,2,c08 c12 c15,c08 c10 c15,c08 c12 c15
main|astana_clinic_nobase|nc16|np15|br0.25|one_heavy|ms3|r300|s7,main,astana_clinic_nobase,16,15,0.25,one_heavy,3,300,7,2419,sha256:21f64765e408707e866c0a7468c9721eba4a2b24ec970aeab146339cabe0f77c,664,65536,1,15,9,3,c01 c06 c12,c06 c10 c12,c01 c04 c12
main|astana_clinic_nobase|nc16|np15|br0.25|one_heavy|ms3|r300|s8,main,astana_clinic_nobase,16,15,0.25,one_heavy,3,300,8,1914,sha256:3867e50c191b9e3a3c3e0b604ff4323c4e109cd798bacf807df618977255557e,632,65536,1,15,10,3,c04 c10 c15,c01 c02 c13,c00 c04 c10
main|astana_clinic_nobase|nc16|np15|br0.25|one_heavy|ms3|r300|s9,main,astana_clinic_nobase,16,15,0.25,one_heavy,3,300,9,2172,sha256:2b49a3ae1c35fdd19633f1330030250551fc1d07342a24ec9df998f44190fa57,636,65536,1,15,15,1,c08 c11 c12,c08 c11 c12,c08 c11 c12
main|astana_clinic_nobase|nc16|np15|br0.5|uniform|ms3|r300|s0,main,astana_clinic_nobase,16,15,0.5,uniform,3,300,0,4306,sha256:ea26b9359d9c4ff5e65024d6ff9b585c2b6e0c97533c6984f86ef77ff014ed3b,697,65536,0,15,7,3,c07 c13 c15,c01 c13 c15,c07 c12 c15
main|astana_clinic_nobase|nc16|np15|br0.5|uniform|ms3|r300|s1,main,astana_clinic_nobase,16,15,0.5,uniform,3,300,1,2945,sha256:038ef079dd68f11a5bfd793e95fc0425cba6900152d380160a285034f3fcb56f,697,65536,0,15,7,2,c04 c06 c14,c01 c03 c11,c04 c06 c14
main|astana_clinic_nobase|nc16|np15|br0.5|uniform|ms3|r300|s2,main,astana_clinic_nobase,16,15,0.5,uniform,3,300,2,3568,sha256:0b2374c4af4dae102efd0cdadcedda20d769ab13b0b61ceea40f70bf53b332b2,697,65536,0,15,11,3,c02 c09 c12,c05 c08 c14,c02 c03 c09
main|astana_clinic_nobase|nc16|np15|br0.5|uniform|ms3|r300|s3,main,astana_clinic_nobase,16,15,0.5,uniform,3,300,3,4125,sha256:7926cb597e96cc973391a2af65d22eac8d41a7eeff9bc82a19993809e396944d,697,65536,0,15,13,3,c06 c08 c09,c06 c09 c11,c01 c06 c09
main|astana_clinic_nobase|nc16|np15|br0.5|uniform|ms3|r300|s4,main,astana_clinic_nobase,16,15,0.5,uniform,3,300,4,3977,sha256:9ed297849ef1be07238d9f64b4d210fd027f23453bde14b70ea00234400cbbe8,697,65536,0,15,10,3,c05 c07 c12,c01 c02 c06,c03 c11 c12
main|astana_clinic_nobase|nc16|np15|br0.5|uniform|ms3|r300|s5,main,astana_clinic_nobase,16,15,0.5,uniform,3,300,5,4064,sha256:b69d3646f6de000983e95a956c5af7805522892fea95018ebca5af738ddb360e,697,65536,0,15,16,3,c02 c05 c08,c00 c02 c06,c04 c05 c08
main|astana_clinic_nobase|nc16|np15|br0.5|uniform|ms3|r300|s6,main,astana_clinic_nobase,16,15,0.5,uniform,3,300,6,4135,sha256:cc27839ac749277acfe27a74f3c4e11f06ef9f7089dfa43c629190e164434c38,697,65536,0,15,16,2,c07 c10 c14,c07 c10 c14,c07 c11 c14
main|astana_clinic_nobase|nc16|np15|br0.5|uniform|ms3|r300|s7,main,astana_clinic_nobase,16,15,0.5,uniform,3,300,7,4778,sha256:af8e9688e443078ae426fd0cf3c2b88b405c2fb756cdbcc82377fa3587055829,697,65536,0,15,15,2,c01 c04 c07,c00 c09 c10,c01 c04 c07
main|astana_clinic_nobase|nc16|np15|br0.5|uniform|ms3|r300|s8,main,astana_clinic_nobase,16,15,0.5,uniform,3,300,8,4981,sha256:d0de7c9b89132b77b5cf5ba1262c3b831055d9fad18ccbf6c90d992e71af299d,697,65536,0,15,11,3,c02 c03 c05,c00 c03 c14,c02 c05 c09
main|astana_clinic_nobase|nc16|np15|br0.5|uniform|ms3|r300|s9,main,astana_clinic_nobase,16,15,0.5,uniform,3,300,9,4935,sha256:8144dbb05723044c457d2100713cdb6f35c0247e2f34ed9eca7d28ed4b90a073,697,65536,0,15,8,3,c05 c07 c15,c02 c05 c07,c05 c06 c07
main|astana_clinic_nobase|nc16|np15|br0.5|random_1_100|ms3|r300|s0,main,astana_clinic_nobase,16,15,0.5,random_1_100,3,300,0,3956,sha256:12152b38c404bf99ad71118e784a3b518e73ea0a74c4dbdb439f58a3cd0a3034,697,65536,0,15,9,2,c09 c11 c12,c08 c09 c11,c09 c11 c12
main|astana_clinic_nobase|nc16|np15|br0.5|random_1_100|ms3|r300|s1,main,astana_clinic_nobase,16,15,0.5,random_1_100,3,300,1,3812,sha256:c08e5706c8ef027d6dead440c5fa45155b091a93460217d348cb5a3daf78f032,697,65536,0,15,12,3,c02 c13 c15,c00 c07 c12,c10 c14 c15
main|astana_clinic_nobase|nc16|np15|br0.5|random_1_100|ms3|r300|s2,main,astana_clinic_nobase,16,15,0.5,random_1_100,3,300,2,4725,sha256:68bc3e24d1c07b73cfc7626e8186cf7dbaec062e0bbd478901dc59887279ef2b,697,65536,0,15,8,1,c09 c11 c12,c09 c11 c12,c09 c11 c12
main|astana_clinic_nobase|nc16|np15|br0.5|random_1_100|ms3|r300|s3,main,astana_clinic_nobase,16,15,0.5,random_1_100,3,300,3,3869,sha256:a142950f1860ba19413b727d3dbb849fcc17f317f4669cf1896a68c0339dfabf,697,65536,0,15,11,3,c08 c11 c12,c08 c11 c14,c00 c12 c14
main|astana_clinic_nobase|nc16|np15|br0.5|random_1_100|ms3|r300|s4,main,astana_clinic_nobase,16,15,0.5,random_1_100,3,300,4,5074,sha256:13d741bceed4228d7affa02ba41a2821d59339bbf16b45706883863513313d1c,697,65536,0,15,19,3,c03 c09 c10,c01 c03 c14,c03 c10 c11
main|astana_clinic_nobase|nc16|np15|br0.5|random_1_100|ms3|r300|s5,main,astana_clinic_nobase,16,15,0.5,random_1_100,3,300,5,5170,sha256:b9bee27c860ff1e8d215549d56f400494706cf92a02c2d0b0f7bff56bc29da17,697,65536,0,15,9,3,c09 c10 c11,c06 c11 c12,c09 c10 c15
main|astana_clinic_nobase|nc16|np15|br0.5|random_1_100|ms3|r300|s6,main,astana_clinic_nobase,16,15,0.5,random_1_100,3,300,6,4623,sha256:aa4a8aef8ea751889b68a976dc8a41be083efda7a8cf319226a9d6eeb044e2e2,697,65536,0,15,20,3,c04 c05 c11,c04 c05 c08,c06 c11 c12
main|astana_clinic_nobase|nc16|np15|br0.5|random_1_100|ms3|r300|s7,main,astana_clinic_nobase,16,15,0.5,random_1_100,3,300,7,4718,sha256:73b6a46c840f3acf398edcb1aeb99345bb45cb1e980acbb4c9481f8314d4a25c,697,65536,0,15,9,2,c06 c07 c11,c06 c07 c11,c03 c06 c11
main|astana_clinic_nobase|nc16|np15|br0.5|random_1_100|ms3|r300|s8,main,astana_clinic_nobase,16,15,0.5,random_1_100,3,300,8,4600,sha256:5f1ae853f1ae1a241259e1a1431bd05cea2b3c0cfbb93a9c4e363a5c1b4d0890,697,65536,0,15,9,3,c08 c11 c15,c05 c08 c11,c11 c14 c15
main|astana_clinic_nobase|nc16|np15|br0.5|random_1_100|ms3|r300|s9,main,astana_clinic_nobase,16,15,0.5,random_1_100,3,300,9,4829,sha256:59c8baf573d3db23ba2b1f2f3cc3198408edcb9b3b24b1292bc88f6ae8ac8a8a,697,65536,0,15,9,3,c00 c02 c15,c00 c02 c03,c02 c03 c15
main|astana_clinic_nobase|nc16|np15|br0.5|one_heavy|ms3|r300|s0,main,astana_clinic_nobase,16,15,0.5,one_heavy,3,300,0,4631,sha256:c5f846320602382aaf580cd3609b2ad776e118bb18263852625debf3c833629e,697,65536,0,15,9,3,c10 c13 c15,c02 c04 c13,c04 c05 c13
main|astana_clinic_nobase|nc16|np15|br0.5|one_heavy|ms3|r300|s1,main,astana_clinic_nobase,16,15,0.5,one_heavy,3,300,1,4139,sha256:6e35876e19c74b4529a2f2d7aff3ba089bf8c662c1135c02a1d036b1869f58e3,697,65536,0,15,19,3,c12 c13 c14,c06 c07 c08,c09 c13 c14
main|astana_clinic_nobase|nc16|np15|br0.5|one_heavy|ms3|r300|s2,main,astana_clinic_nobase,16,15,0.5,one_heavy,3,300,2,4560,sha256:96ea77b23fc36fc77fe74c6265fe9b137a16f30f95ef4efc0378208d72b7fa11,697,65536,0,15,17,2,c00 c04 c05,c00 c03 c13,c00 c04 c05
main|astana_clinic_nobase|nc16|np15|br0.5|one_heavy|ms3|r300|s3,main,astana_clinic_nobase,16,15,0.5,one_heavy,3,300,3,4529,sha256:b556c2fae4ee5334dd0cd28894907844c528f810c6ed5976e7ddcd1ae0105e0a,697,65536,0,15,23,2,c01 c08 c11,c01 c08 c11,c01 c08 c10
main|astana_clinic_nobase|nc16|np15|br0.5|one_heavy|ms3|r300|s4,main,astana_clinic_nobase,16,15,0.5,one_heavy,3,300,4,4512,sha256:0a53f577ba73eea712f20713ff36f52b3d59e05ba1772b4bf29119fb95cbb118,697,65536,0,15,9,3,c00 c02 c08,c02 c08 c13,c01 c03 c07
main|astana_clinic_nobase|nc16|np15|br0.5|one_heavy|ms3|r300|s5,main,astana_clinic_nobase,16,15,0.5,one_heavy,3,300,5,4563,sha256:888e49f1eac91cb1f826f18852c77f160df56a584db7805b5a964b8f70bd5c53,697,65536,0,15,11,3,c11 c14 c15,c00 c03 c05,c06 c14 c15
main|astana_clinic_nobase|nc16|np15|br0.5|one_heavy|ms3|r300|s6,main,astana_clinic_nobase,16,15,0.5,one_heavy,3,300,6,4491,sha256:a66a2478fb38adfdd913702bdd3d67859a7258a06ddfbde08973b5a65deafcb3,697,65536,0,15,13,3,c07 c14 c15,c02 c08 c10,c02 c14 c15
main|astana_clinic_nobase|nc16|np15|br0.5|one_heavy|ms3|r300|s7,main,astana_clinic_nobase,16,15,0.5,one_heavy,3,300,7,4747,sha256:fdeeb2c83b449776f19db30378e1a6977ae657613f12b320bde32591cdb77f54,697,65536,0,15,5,2,c02 c07 c08,c00 c11 c12,c02 c07 c08
main|astana_clinic_nobase|nc16|np15|br0.5|one_heavy|ms3|r300|s8,main,astana_clinic_nobase,16,15,0.5,one_heavy,3,300,8,4034,sha256:ce7ccea88b1517854132dfcdd902b77ffbe22f57caf0edbe8aad6c5f995d7774,697,65536,0,15,8,3,c01 c09 c14,c00 c01 c10,c02 c09 c12
main|astana_clinic_nobase|nc16|np15|br0.5|one_heavy|ms3|r300|s9,main,astana_clinic_nobase,16,15,0.5,one_heavy,3,300,9,4046,sha256:dbb722e4400e8b22fd07ea8b2313264e02a93c4a9cd316dbaf232153323aad48,697,65536,0,15,14,3,c00 c08 c14,c02 c03 c11,c00 c06 c14
main|astana_clinic_nobase|nc16|np15|br1.0|uniform|ms3|r300|s0,main,astana_clinic_nobase,16,15,1.0,uniform,3,300,0,7992,sha256:71739d97be808d3f910f9de424dc3a3ea94b6095ebdc49ac9915417352ea8644,697,65536,0,15,14,3,c12 c14 c15,c11 c12 c14,c04 c12 c15
main|astana_clinic_nobase|nc16|np15|br1.0|uniform|ms3|r300|s1,main,astana_clinic_nobase,16,15,1.0,uniform,3,300,1,8730,sha256:a80517a9c11b837f6fbed4b970e51601260e386260c343543b3ec068fafa0061,697,65536,0,15,14,3,c01 c09 c15,c02 c09 c12,c01 c05 c15
main|astana_clinic_nobase|nc16|np15|br1.0|uniform|ms3|r300|s2,main,astana_clinic_nobase,16,15,1.0,uniform,3,300,2,9324,sha256:a0adbe671b48e38e5800a8534ebc874943a9a425273c046f2bb4ddaf15ea16f6,697,65536,0,15,14,2,c03 c08 c10,c00 c05 c14,c03 c08 c10
main|astana_clinic_nobase|nc16|np15|br1.0|uniform|ms3|r300|s3,main,astana_clinic_nobase,16,15,1.0,uniform,3,300,3,8510,sha256:7878eb4fb5160790c9c5ce9b08c0cfd5e28db10014b744ded4f22f9252d682b9,697,65536,0,15,10,3,c09 c11 c14,c04 c07 c08,c00 c11 c14
main|astana_clinic_nobase|nc16|np15|br1.0|uniform|ms3|r300|s4,main,astana_clinic_nobase,16,15,1.0,uniform,3,300,4,10589,sha256:8d4e244c9181c3e9d6ac0ef6da55aad051bb3c14adddafdb6abe32f186f83b2a,697,65536,0,15,16,2,c00 c10 c13,c03 c10 c14,c00 c10 c13
main|astana_clinic_nobase|nc16|np15|br1.0|uniform|ms3|r300|s5,main,astana_clinic_nobase,16,15,1.0,uniform,3,300,5,8670,sha256:006da3456ed79ef738cde2eefd15628e7dc4c9dc83282dc6bd920a31c5db4433,697,65536,0,15,14,2,c01 c09 c10,c01 c09 c10,c10 c11 c12
main|astana_clinic_nobase|nc16|np15|br1.0|uniform|ms3|r300|s6,main,astana_clinic_nobase,16,15,1.0,uniform,3,300,6,7593,sha256:1b79fd16593bcef5702e3776097d0ce4983b56e19db907561605c5742b7ec2fd,697,65536,0,15,11,2,c10 c14 c15,c10 c14 c15,c02 c07 c10
main|astana_clinic_nobase|nc16|np15|br1.0|uniform|ms3|r300|s7,main,astana_clinic_nobase,16,15,1.0,uniform,3,300,7,9951,sha256:db49de9f717477b66d4d795907c4eb5e94dc829d18e9742d3389165f31e36209,697,65536,0,15,10,2,c02 c10 c14,c02 c08 c14,c02 c10 c14
main|astana_clinic_nobase|nc16|np15|br1.0|uniform|ms3|r300|s8,main,astana_clinic_nobase,16,15,1.0,uniform,3,300,8,9492,sha256:930436d1e669a94507881c0f945960cc7fb1874369a1c2ca65f70fe2ab79cfaa,697,65536,0,15,9,3,c03 c12 c15,c05 c06 c12,c12 c13 c15
main|astana_clinic_nobase|nc16|np15|br1.0|uniform|ms3|r300|s9,main,astana_clinic_nobase,16,15,1.0,uniform,3,300,9,7678,sha256:571b4b3ee26d9fa5c92bb1acfbb247cb3107058e8ece715c8ec115982aaef24d,697,65536,0,15,21,3,c02 c09 c11,c09 c11 c12,c00 c10 c11
main|astana_clinic_nobase|nc16|np15|br1.0|random_1_100|ms3|r300|s0,main,astana_clinic_nobase,16,15,1.0,random_1_100,3,300,0,8457,sha256:cd4e08285584de5c0f52f0c34da4a569e59d453f50ca3a6a331ef21854245f62,697,65536,0,15,13,3,c01 c03 c08,c06 c12 c14,c01 c08 c15
main|astana_clinic_nobase|nc16|np15|br1.0|random_1_100|ms3|r300|s1,main,astana_clinic_nobase,16,15,1.0,random_1_100,3,300,1,9824,sha256:ee02d20826c44e7a325a84038ee17a33372ba955244ea86e7913b663792d32d5,697,65536,0,15,11,3,c02 c05 c14,c02 c04 c05,c05 c12 c14
main|astana_clinic_nobase|nc16|np15|br1.0|random_1_100|ms3|r300|s2,main,astana_clinic_nobase,16,15,1.0,random_1_100,3,300,2,7129,sha256:7465860b6667ff637cceb5135b14daef7d101d4ecd875a837feadd94b27dc506,697,65536,0,15,11,3,c00 c11 c12,c00 c09 c12,c06 c10 c11
main|astana_clinic_nobase|nc16|np15|br1.0|random_1_100|ms3|r300|s3,main,astana_clinic_nobase,16,15,1.0,random_1_100,3,300,3,10185,sha256:522d292c2fff5083b53602ee02849ea4d614f2220f5f1efbe568757d59054ecf,697,65536,0,15,6,3,c03 c07 c08,c01 c07 c14,c00 c07 c08
main|astana_clinic_nobase|nc16|np15|br1.0|random_1_100|ms3|r300|s4,main,astana_clinic_nobase,16,15,1.0,random_1_100,3,300,4,8809,sha256:2b5ce64d3a26cb4cc5d988829b425b9faa5213d9fb553ff1f47e61580ed911ce,697,65536,0,15,14,2,c03 c11 c15,c03 c11 c15,c03 c07 c11
main|astana_clinic_nobase|nc16|np15|br1.0|random_1_100|ms3|r300|s5,main,astana_clinic_nobase,16,15,1.0,random_1_100,3,300,5,9144,sha256:f27d852615ca7f664ff8347d52bf8155346d7bc743f1122fd48c0cf65b2d1861,697,65536,0,15,14,2,c06 c08 c14,c02 c06 c10,c06 c08 c14
main|astana_clinic_nobase|nc16|np15|br1.0|random_1_100|ms3|r300|s6,main,astana_clinic_nobase,16,15,1.0,random_1_100,3,300,6,9841,sha256:cb508c569a390bf22dc851508b7ac201a891f3f13ec65e2f24eb58af8436d257,697,65536,0,15,11,2,c01 c03 c06,c01 c06 c10,c01 c03 c06
main|astana_clinic_nobase|nc16|np15|br1.0|random_1_100|ms3|r300|s7,main,astana_clinic_nobase,16,15,1.0,random_1_100,3,300,7,9004,sha256:edd10b7b27bfeed0782ffb5add67491357b09b4dbfb21c119431cc8f6a6f8ec1,697,65536,0,15,11,3,c01 c04 c11,c05 c12 c14,c02 c04 c11
main|astana_clinic_nobase|nc16|np15|br1.0|random_1_100|ms3|r300|s8,main,astana_clinic_nobase,16,15,1.0,random_1_100,3,300,8,10568,sha256:eca274ff1189f1db2cb7d9f06b26263a23e64ad19f5fec267b77b1d92703b5c6,697,65536,0,15,9,3,c03 c08 c10,c06 c09 c14,c04 c13 c15
main|astana_clinic_nobase|nc16|np15|br1.0|random_1_100|ms3|r300|s9,main,astana_clinic_nobase,16,15,1.0,random_1_100,3,300,9,6868,sha256:734b4e359a71379a2a69345477997a72f00c07f6a877df90676c0a439db47c40,697,65536,0,15,11,2,c01 c05 c06,c01 c05 c06,c01 c05 c13
main|astana_clinic_nobase|nc16|np15|br1.0|one_heavy|ms3|r300|s0,main,astana_clinic_nobase,16,15,1.0,one_heavy,3,300,0,8315,sha256:8dbd84e2b1df515843a4c4a9d1312b2321c72941a2f2e2961443d0f5fa50f99d,697,65536,0,15,15,3,c05 c10 c11,c05 c06 c11,c06 c11 c14
main|astana_clinic_nobase|nc16|np15|br1.0|one_heavy|ms3|r300|s1,main,astana_clinic_nobase,16,15,1.0,one_heavy,3,300,1,9577,sha256:f3fc38df2d8f9a660afe3d570fc6c8ede96c27ecf8762cd63462f45071f2829d,697,65536,0,15,12,3,c02 c10 c15,c04 c05 c10,c00 c03 c08
main|astana_clinic_nobase|nc16|np15|br1.0|one_heavy|ms3|r300|s2,main,astana_clinic_nobase,16,15,1.0,one_heavy,3,300,2,9252,sha256:af6fb3f964ee96e48217afc3219271b571953f53b8b04821dfbf644b7721ac0c,697,65536,0,15,14,3,c00 c05 c11,c00 c11 c14,c05 c08 c11
main|astana_clinic_nobase|nc16|np15|br1.0|one_heavy|ms3|r300|s3,main,astana_clinic_nobase,16,15,1.0,one_heavy,3,300,3,9186,sha256:4daa1e9a2a1816d84bc7a512b951febd1e1a0d8f137094ea5da450a1268f2449,697,65536,0,15,12,2,c05 c07 c10,c05 c07 c15,c05 c07 c10
main|astana_clinic_nobase|nc16|np15|br1.0|one_heavy|ms3|r300|s4,main,astana_clinic_nobase,16,15,1.0,one_heavy,3,300,4,9423,sha256:faecd67d28a569a4ac805d8e9b302fa74f00924d1e3a1c80ad3307c1af4e4e59,697,65536,0,15,12,2,c09 c10 c11,c00 c02 c09,c09 c10 c11
main|astana_clinic_nobase|nc16|np15|br1.0|one_heavy|ms3|r300|s5,main,astana_clinic_nobase,16,15,1.0,one_heavy,3,300,5,9290,sha256:1114939e35fcda3ea0957fd646db1ec6e10982044568cd5a5a2c42c79c763d14,697,65536,0,15,11,3,c01 c06 c07,c04 c10 c13,c03 c04 c07
main|astana_clinic_nobase|nc16|np15|br1.0|one_heavy|ms3|r300|s6,main,astana_clinic_nobase,16,15,1.0,one_heavy,3,300,6,7881,sha256:435253ec3a763697fb0fa91c2ad62bcec80b05f0b05222a50e06206f0bbcbd88,697,65536,0,15,14,3,c02 c03 c05,c02 c05 c08,c00 c03 c05
main|astana_clinic_nobase|nc16|np15|br1.0|one_heavy|ms3|r300|s7,main,astana_clinic_nobase,16,15,1.0,one_heavy,3,300,7,6979,sha256:937b605ef8446e088773956f5417eb2d3e102053f24f36d7b8573839052e52aa,697,65536,0,15,11,2,c00 c01 c08,c00 c01 c08,c00 c01 c07
main|astana_clinic_nobase|nc16|np15|br1.0|one_heavy|ms3|r300|s8,main,astana_clinic_nobase,16,15,1.0,one_heavy,3,300,8,10358,sha256:a6192181c65402c1d0e5487cd605a3613b84fc22e0839d97f1de2ff4b0515f62,697,65536,0,15,14,2,c00 c07 c11,c03 c10 c11,c00 c07 c11
main|astana_clinic_nobase|nc16|np15|br1.0|one_heavy|ms3|r300|s9,main,astana_clinic_nobase,16,15,1.0,one_heavy,3,300,9,8091,sha256:abe6c9e02adc4c47c7f736079cd68a5b0bebfc1609954d812b404f17cf111ab5,697,65536,0,15,19,2,c02 c13 c14,c04 c06 c12,c02 c13 c14
main|astana_clinic_nobase|nc16|np25|br0.25|uniform|ms3|r300|s0,main,astana_clinic_nobase,16,25,0.25,uniform,3,300,0,2169,sha256:e39e735f82b2ba699d02a74934089c03119dae83c5217b2f62d64b188ff1a6b2,692,65536,1,25,12,2,c01 c04 c10,c01 c04 c15,c01 c04 c10
main|astana_clinic_nobase|nc16|np25|br0.25|uniform|ms3|r300|s1,main,astana_clinic_nobase,16,25,0.25,uniform,3,300,1,2204,sha256:2f86c8ec5660d59014dd901375c0192d525bd7f2a3f8b275fbad40e7847822e9,658,65536,1,25,18,3,c07 c10 c11,c00 c05 c10,c01 c09 c11
main|astana_clinic_nobase|nc16|np25|br0.25|uniform|ms3|r300|s2,main,astana_clinic_nobase,16,25,0.25,uniform,3,300,2,2019,sha256:1f7276db21407cbe23babff7abfdf1b0f6c4a893bf598901cc176f0a461c4739,625,65536,1,25,15,2,c00 c10 c11,c00 c10 c11,c07 c10 c11
main|astana_clinic_nobase|nc16|np25|br0.25|uniform|ms3|r300|s3,main,astana_clinic_nobase,16,25,0.25,uniform,3,300,3,2544,sha256:14954e2d6d133719f50de2e6a18fc05a507b363a1e1235ad98b7923153188b12,681,65536,1,25,12,3,c05 c14 c15,c03 c14 c15,c01 c05 c14
main|astana_clinic_nobase|nc16|np25|br0.25|uniform|ms3|r300|s4,main,astana_clinic_nobase,16,25,0.25,uniform,3,300,4,2525,sha256:1cabf1b5fa39a4c1a20cf4893881b4b014a801f0d89c53c106a48f2bba6ea9f3,673,65536,1,25,9,2,c03 c06 c15,c03 c10 c15,c03 c06 c15
main|astana_clinic_nobase|nc16|np25|br0.25|uniform|ms3|r300|s5,main,astana_clinic_nobase,16,25,0.25,uniform,3,300,5,2350,sha256:8d4efe7a7cc4e6059abeb4f8c615c6d2a920ecd461997b163490cceb7b0d7e62,653,65536,1,25,15,3,c01 c03 c10,c05 c13 c15,c06 c11 c14
main|astana_clinic_nobase|nc16|np25|br0.25|uniform|ms3|r300|s6,main,astana_clinic_nobase,16,25,0.25,uniform,3,300,6,2150,sha256:e77d3b1af5c9981e6e6e44081da36369d57b94c493d139cecdd5b78047ea91d0,653,65536,1,25,8,3,c01 c11 c14,c04 c11 c14,c01 c07 c14
main|astana_clinic_nobase|nc16|np25|br0.25|uniform|ms3|r300|s7,main,astana_clinic_nobase,16,25,0.25,uniform,3,300,7,2683,sha256:ca6b8d2e2f2fc7b3d2393d1f98072828cba189bbeb760279f5a6e27ca25a471d,663,65536,1,25,12,2,c04 c05 c14,c04 c05 c14,c00 c04 c13
main|astana_clinic_nobase|nc16|np25|br0.25|uniform|ms3|r300|s8,main,astana_clinic_nobase,16,25,0.25,uniform,3,300,8,2434,sha256:84649ebf67e5a0095dbc6f1d9be3ac03398935302bf0cbb61357d85e309c7588,672,65536,1,25,14,2,c00 c02 c12,c00 c02 c12,c06 c12 c15
main|astana_clinic_nobase|nc16|np25|br0.25|uniform|ms3|r300|s9,main,astana_clinic_nobase,16,25,0.25,uniform,3,300,9,1869,sha256:d8a540aa33edf4aed4cf8070852b1d65ab5d25249188561ef7b9170459f8f86c,613,65536,1,25,12,2,c01 c06 c07,c01 c05 c10,c01 c06 c07
main|astana_clinic_nobase|nc16|np25|br0.25|random_1_100|ms3|r300|s0,main,astana_clinic_nobase,16,25,0.25,random_1_100,3,300,0,2580,sha256:71503d51c0ce5431b33262941baf61222859f2d76006ba209529f14eeacba46c,663,65536,1,25,23,3,c00 c02 c06,c06 c07 c11,c05 c06 c12
main|astana_clinic_nobase|nc16|np25|br0.25|random_1_100|ms3|r300|s1,main,astana_clinic_nobase,16,25,0.25,random_1_100,3,300,1,2504,sha256:84533078db2e8e37d52294071aec6717306710cd8ac4c00b863ad102a0a7070f,683,65536,1,25,15,2,c01 c03 c15,c01 c03 c15,c03 c04 c15
main|astana_clinic_nobase|nc16|np25|br0.25|random_1_100|ms3|r300|s2,main,astana_clinic_nobase,16,25,0.25,random_1_100,3,300,2,2030,sha256:e186466638150aed02bb3754b35d5265b179e39f8d74b16b4b8d708e0847e5d1,653,65536,1,25,20,3,c02 c07 c09,c02 c10 c12,c04 c07 c12
main|astana_clinic_nobase|nc16|np25|br0.25|random_1_100|ms3|r300|s3,main,astana_clinic_nobase,16,25,0.25,random_1_100,3,300,3,1998,sha256:ec336377efdb0aa765e94c792859a46aa224b05821e621849901179750e07834,633,65536,1,25,18,3,c04 c08 c14,c03 c12 c14,c00 c01 c14
main|astana_clinic_nobase|nc16|np25|br0.25|random_1_100|ms3|r300|s4,main,astana_clinic_nobase,16,25,0.25,random_1_100,3,300,4,1908,sha256:0d21dee8d0234f1e80059d44cd185dd66610dce21d537a3b1fc2ff3417ee7e50,634,65536,1,25,7,2,c02 c10 c12,c02 c06 c10,c02 c10 c12
main|astana_clinic_nobase|nc16|np25|br0.25|random_1_100|ms3|r300|s5,main,astana_clinic_nobase,16,25,0.25,random_1_100,3,300,5,2093,sha256:57c516ac69959dfbda01a2d7c3591c026614568f3ec55c26dd6456c0ff8a0598,637,65536,1,25,12,3,c04 c05 c12,c05 c13 c14,c01 c08 c12
main|astana_clinic_nobase|nc16|np25|br0.25|random_1_100|ms3|r300|s6,main,astana_clinic_nobase,16,25,0.25,random_1_100,3,300,6,1876,sha256:bb26105db6e0e5f9af58c8ac382fdea9a45cfcd784dcebe4c661278e31ed5680,634,65536,1,25,12,3,c00 c07 c11,c00 c11 c14,c01 c02 c03
main|astana_clinic_nobase|nc16|np25|br0.25|random_1_100|ms3|r300|s7,main,astana_clinic_nobase,16,25,0.25,random_1_100,3,300,7,1902,sha256:27c4c96e493d4279e911036bb0c5acb39f7c5e35e173ed59556ceb0ef0f567ef,628,65536,1,25,15,3,c04 c10 c15,c01 c02 c14,c00 c06 c10
main|astana_clinic_nobase|nc16|np25|br0.25|random_1_100|ms3|r300|s8,main,astana_clinic_nobase,16,25,0.25,random_1_100,3,300,8,2206,sha256:44cc21fe5b94a7a1c04d8608dec1af6c4780c20b82b71eed7231c5b8b934ec94,642,65536,1,25,14,3,c07 c09 c10,c06 c07 c10,c04 c07 c11
main|astana_clinic_nobase|nc16|np25|br0.25|random_1_100|ms3|r300|s9,main,astana_clinic_nobase,16,25,0.25,random_1_100,3,300,9,1857,sha256:7911866b00825c404bb15206ae286c04b95fab4db314340e47ae810c54edea7c,615,65536,1,25,8,3,c04 c05 c07,c05 c09 c11,c05 c07 c10
main|astana_clinic_nobase|nc16|np25|br0.25|one_heavy|ms3|r300|s0,main,astana_clinic_nobase,16,25,0.25,one_heavy,3,300,0,2306,sha256:08567c4f96fdd4512b10ce4048210a003dc9a4e127a4f4e5332c1f1563c801cf,645,65536,1,25,14,2,c02 c06 c07,c02 c06 c10,c02 c06 c07
main|astana_clinic_nobase|nc16|np25|br0.25|one_heavy|ms3|r300|s1,main,astana_clinic_nobase,16,25,0.25,one_heavy,3,300,1,2026,sha256:e42725b2cc63034e9246f4d185ac187440c6b97cc9d1401939569f535db79785,630,65536,1,25,11,3,c01 c04 c15,c01 c04 c12,c04 c10 c15
main|astana_clinic_nobase|nc16|np25|br0.25|one_heavy|ms3|r300|s2,main,astana_clinic_nobase,16,25,0.25,one_heavy,3,300,2,2667,sha256:17c5724aebd172e03f2cbfa044bab5aca220909215274677d0bc0ced932de759,677,65536,1,25,14,2,c00 c02 c14,c00 c01 c14,c00 c02 c14
main|astana_clinic_nobase|nc16|np25|br0.25|one_heavy|ms3|r300|s3,main,astana_clinic_nobase,16,25,0.25,one_heavy,3,300,3,2053,sha256:907b1a3178303c62d7294913887742bc3b23409783691c7cfb272de0ac41f4ad,646,65536,1,25,10,3,c03 c06 c11,c02 c10 c15,c01 c06 c11
main|astana_clinic_nobase|nc16|np25|br0.25|one_heavy|ms3|r300|s4,main,astana_clinic_nobase,16,25,0.25,one_heavy,3,300,4,2379,sha256:85e4ee18f188a6c67e42aa0f53b4e076dc965cafe74893d9c34b4ec1e8ab854d,671,65536,1,25,13,3,c01 c07 c12,c00 c01 c02,c01 c05 c07
main|astana_clinic_nobase|nc16|np25|br0.25|one_heavy|ms3|r300|s5,main,astana_clinic_nobase,16,25,0.25,one_heavy,3,300,5,1797,sha256:012d441adbc83720b2684adb6fc46d28bcbc74eae76bc25b2dc83e491598e932,621,65536,1,25,6,2,c00 c02 c10,c02 c06 c14,c00 c02 c10
main|astana_clinic_nobase|nc16|np25|br0.25|one_heavy|ms3|r300|s6,main,astana_clinic_nobase,16,25,0.25,one_heavy,3,300,6,2361,sha256:8b7c31c2253196d57d14c4922112388944afc3adf76bf8adb2e508a5429b4896,651,65536,1,25,15,3,c02 c10 c13,c04 c07 c10,c05 c06 c10
main|astana_clinic_nobase|nc16|np25|br0.25|one_heavy|ms3|r300|s7,main,astana_clinic_nobase,16,25,0.25,one_heavy,3,300,7,2638,sha256:6d582ee458505fba288ce59da6b1d2b2fae8f8baf04483c581ceeab76fd53e5b,657,65536,1,25,16,2,c04 c05 c07,c04 c05 c07,c02 c04 c14
main|astana_clinic_nobase|nc16|np25|br0.25|one_heavy|ms3|r300|s8,main,astana_clinic_nobase,16,25,0.25,one_heavy,3,300,8,2407,sha256:7e25734c721b8fe4a707eb455b65623b2a7bdf843e0237a3de84521435cb1ae6,652,65536,1,25,16,2,c04 c05 c15,c04 c05 c15,c04 c05 c14
main|astana_clinic_nobase|nc16|np25|br0.25|one_heavy|ms3|r300|s9,main,astana_clinic_nobase,16,25,0.25,one_heavy,3,300,9,2418,sha256:1ffdc9f51bdd9dbbcbcc2db097ebb9414bb80e4647a8dbc3d0b9f66440ed1d47,680,65536,1,25,15,3,c09 c10 c14,c06 c10 c14,c00 c02 c07
main|astana_clinic_nobase|nc16|np25|br0.5|uniform|ms3|r300|s0,main,astana_clinic_nobase,16,25,0.5,uniform,3,300,0,4587,sha256:b04493ca8991482d39446228aab516d5f6b521a05f1afeb880b85b75d40ea3fc,697,65536,0,25,14,3,c04 c05 c07,c02 c06 c13,c04 c07 c08
main|astana_clinic_nobase|nc16|np25|br0.5|uniform|ms3|r300|s1,main,astana_clinic_nobase,16,25,0.5,uniform,3,300,1,4567,sha256:50c283d9e022a7ed2b209f55625baed3376d04b0e5e639a63e032df5b0ab9b03,697,65536,0,25,14,2,c03 c06 c08,c03 c04 c06,c03 c04 c06
main|astana_clinic_nobase|nc16|np25|br0.5|uniform|ms3|r300|s2,main,astana_clinic_nobase,16,25,0.5,uniform,3,300,2,4404,sha256:5a430330986361e6e406aba6ae2ae94c64411d0b1d81a1a8a3c18b8bf86909c9,697,65536,0,25,13,2,c03 c05 c09,c03 c05 c09,c02 c05 c08
main|astana_clinic_nobase|nc16|np25|br0.5|uniform|ms3|r300|s3,main,astana_clinic_nobase,16,25,0.5,uniform,3,300,3,4574,sha256:fe5b622cf566d07aab5d3eea84eeca4ff55de119599c5910400965dd58df0422,697,65536,0,25,19,2,c08 c09 c14,c08 c09 c14,c00 c06 c08
main|astana_clinic_nobase|nc16|np25|br0.5|uniform|ms3|r300|s4,main,astana_clinic_nobase,16,25,0.5,uniform,3,300,4,4624,sha256:2c771462f4f9aa151b0a3e8c3a19d563c584b248151644055a2673dbc89a371c,697,65536,0,25,16,2,c09 c13 c14,c01 c07 c09,c09 c13 c14
main|astana_clinic_nobase|nc16|np25|br0.5|uniform|ms3|r300|s5,main,astana_clinic_nobase,16,25,0.5,uniform,3,300,5,4189,sha256:04c974ced4637e9d699086c64dfe878b48a68fd55e09337c9ea330304bdae0e3,697,65536,0,25,4,2,c06 c09 c10,c05 c11 c15,c06 c09 c10
main|astana_clinic_nobase|nc16|np25|br0.5|uniform|ms3|r300|s6,main,astana_clinic_nobase,16,25,0.5,uniform,3,300,6,5268,sha256:693f586c2ed998dfb805429bc100d7006f169529a3647628c883882d60480a51,697,65536,0,25,13,3,c04 c08 c14,c04 c09 c11,c08 c09 c12
main|astana_clinic_nobase|nc16|np25|br0.5|uniform|ms3|r300|s7,main,astana_clinic_nobase,16,25,0.5,uniform,3,300,7,4251,sha256:7d9fe1aa53b5cf211117ffde8070c643d96e9313c8510cd28af1607a1de98354,697,65536,0,25,10,3,c02 c03 c13,c02 c13 c15,c04 c07 c13
main|astana_clinic_nobase|nc16|np25|br0.5|uniform|ms3|r300|s8,main,astana_clinic_nobase,16,25,0.5,uniform,3,300,8,4763,sha256:ab611acacec8579fd95b77fb1ae4457e867153aaa77f023c12b1f7a9378627e3,697,65536,0,25,15,3,c06 c07 c15,c08 c10 c13,c00 c03 c15
main|astana_clinic_nobase|nc16|np25|br0.5|uniform|ms3|r300|s9,main,astana_clinic_nobase,16,25,0.5,uniform,3,300,9,4203,sha256:33c0b4dbbd54a7301bf5344de734af250ba603d7d2735526378dc648f68c9c86,697,65536,0,25,11,3,c06 c12 c14,c00 c11 c14,c06 c10 c12
main|astana_clinic_nobase|nc16|np25|br0.5|random_1_100|ms3|r300|s0,main,astana_clinic_nobase,16,25,0.5,random_1_100,3,300,0,4557,sha256:a49d4f655407028f0648a9b82886550140121eda0a1cf17d08240aac66bc8c5e,697,65536,0,25,20,2,c03 c06 c12,c03 c06 c12,c02 c09 c10
main|astana_clinic_nobase|nc16|np25|br0.5|random_1_100|ms3|r300|s1,main,astana_clinic_nobase,16,25,0.5,random_1_100,3,300,1,4627,sha256:4ab9f24f48039844b5166a243a1e77ee38427d59235e145733f702431180a2f6,697,65536,0,25,19,3,c06 c07 c10,c00 c06 c08,c02 c03 c06
main|astana_clinic_nobase|nc16|np25|br0.5|random_1_100|ms3|r300|s2,main,astana_clinic_nobase,16,25,0.5,random_1_100,3,300,2,3458,sha256:3d614b147f38ea23b94188f5f549b33a2582c0458e3c0fc95d435f7f20a83c7e,697,65536,0,25,14,3,c00 c09 c15,c05 c12 c15,c00 c10 c15
main|astana_clinic_nobase|nc16|np25|br0.5|random_1_100|ms3|r300|s3,main,astana_clinic_nobase,16,25,0.5,random_1_100,3,300,3,5321,sha256:e268fddfc8937822c6ba038a079ecec10c1f254102cc11e6e5e6c19e2c6eaca6,697,65536,0,25,9,3,c01 c07 c14,c00 c05 c07,c00 c06 c07
main|astana_clinic_nobase|nc16|np25|br0.5|random_1_100|ms3|r300|s4,main,astana_clinic_nobase,16,25,0.5,random_1_100,3,300,4,4003,sha256:d897e4160dfd6924d2cc57a8b60c80c448ea2b6dfd643e03082e8fd0af6f74de,697,65536,0,25,12,3,c02 c09 c13,c12 c14 c15,c06 c13 c14
main|astana_clinic_nobase|nc16|np25|br0.5|random_1_100|ms3|r300|s5,main,astana_clinic_nobase,16,25,0.5,random_1_100,3,300,5,3811,sha256:5472b493bfa9b0583577506b08093e684f0bdd04d1c1aa3757970bf5f3ad1493,697,65536,0,25,9,2,c00 c02 c11,c01 c02 c11,c00 c02 c11
main|astana_clinic_nobase|nc16|np25|br0.5|random_1_100|ms3|r300|s6,main,astana_clinic_nobase,16,25,0.5,random_1_100,3,300,6,4783,sha256:dba51fc4ce5d7771b9bd19d3b76357a917f415f30e0f6f4fc5720f230cac6744,697,65536,0,25,12,2,c00 c11 c14,c07 c10 c13,c00 c11 c14
main|astana_clinic_nobase|nc16|np25|br0.5|random_1_100|ms3|r300|s7,main,astana_clinic_nobase,16,25,0.5,random_1_100,3,300,7,5011,sha256:edc6f6fc93f5af7439ec7d70dd3e751623d79705b1e382018619db5e97d003ad,697,65536,0,25,11,3,c05 c07 c12,c05 c06 c12,c04 c07 c09
main|astana_clinic_nobase|nc16|np25|br0.5|random_1_100|ms3|r300|s8,main,astana_clinic_nobase,16,25,0.5,random_1_100,3,300,8,4324,sha256:8e133656acf7c07e65ea8f5dc2cbd8c962fda9026ee15e5e436dcaafd6c3122e,697,65536,0,25,13,3,c09 c10 c12,c00 c07 c10,c03 c08 c13
main|astana_clinic_nobase|nc16|np25|br0.5|random_1_100|ms3|r300|s9,main,astana_clinic_nobase,16,25,0.5,random_1_100,3,300,9,4702,sha256:f497dbadedae745e2c12c68c7b55549c1ed83e84b9036ca5297540f0a6cb4e14,697,65536,0,25,7,3,c05 c12 c15,c01 c04 c14,c05 c10 c15
main|astana_clinic_nobase|nc16|np25|br0.5|one_heavy|ms3|r300|s0,main,astana_clinic_nobase,16,25,0.5,one_heavy,3,300,0,4352,sha256:3a59653aeed4daf72d2d319e50ab7d24635afc2a5eaa4db9fb644cf61f16df76,697,65536,0,25,14,3,c02 c06 c10,c05 c06 c10,c00 c02 c06
main|astana_clinic_nobase|nc16|np25|br0.5|one_heavy|ms3|r300|s1,main,astana_clinic_nobase,16,25,0.5,one_heavy,3,300,1,4374,sha256:c8402ee988c51af4defb34f1079046ff8dc12228d0a35bc2d4f8fa85f2f8abfa,697,65536,0,25,14,3,c00 c01 c09,c01 c02 c09,c00 c07 c09
main|astana_clinic_nobase|nc16|np25|br0.5|one_heavy|ms3|r300|s2,main,astana_clinic_nobase,16,25,0.5,one_heavy,3,300,2,4387,sha256:490c07c0b7c349d692b25b9b916334fa4b992e3382e9a756aaed63b4320d4573,697,65536,0,25,12,1,c00 c01 c07,c00 c01 c07,c00 c01 c07
main|astana_clinic_nobase|nc16|np25|br0.5|one_heavy|ms3|r300|s3,main,astana_clinic_nobase,16,25,0.5,one_heavy,3,300,3,4279,sha256:b7a3c21244cc5c059e27b57230927d80f669601ef8113745cf23dab4f1cca8de,697,65536,0,25,9,2,c04 c05 c15,c04 c05 c09,c04 c05 c15
main|astana_clinic_nobase|nc16|np25|br0.5|one_heavy|ms3|r300|s4,main,astana_clinic_nobase,16,25,0.5,one_heavy,3,300,4,4265,sha256:76aa4f3b8f2646a2183c21db26a52d02ad0d7998fe58ee68398efeda925251e5,697,65536,0,25,4,3,c02 c04 c08,c02 c08 c12,c02 c08 c09
main|astana_clinic_nobase|nc16|np25|br0.5|one_heavy|ms3|r300|s5,main,astana_clinic_nobase,16,25,0.5,one_heavy,3,300,5,3042,sha256:5bd3863ae6507cb0fc2e8af1507d2e19d74ed55a4e01394d271a73ef8c498543,697,65536,0,25,14,2,c09 c12 c13,c09 c12 c13,c07 c09 c13
main|astana_clinic_nobase|nc16|np25|br0.5|one_heavy|ms3|r300|s6,main,astana_clinic_nobase,16,25,0.5,one_heavy,3,300,6,4474,sha256:87c4247cc9adc3cdc78a1c6b34e95b38c09f549db3420430f4b8eb7e18e2ac19,697,65536,0,25,9,2,c00 c05 c15,c00 c05 c15,c01 c05 c06
main|astana_clinic_nobase|nc16|np25|br0.5|one_heavy|ms3|r300|s7,main,astana_clinic_nobase,16,25,0.5,one_heavy,3,300,7,4070,sha256:dca5d573485b979b820f13984e6716421968fbfbffb70d7d850a98f6ee12e8f7,697,65536,0,25,12,3,c05 c07 c12,c02 c03 c04,c08 c10 c12
main|astana_clinic_nobase|nc16|np25|br0.5|one_heavy|ms3|r300|s8,main,astana_clinic_nobase,16,25,0.5,one_heavy,3,300,8,4701,sha256:844426f580b9af775957acd93ecd78f6f8ebb5e649f473be1213d05f11117a3f,697,65536,0,25,12,3,c01 c04 c14,c01 c10 c13,c01 c02 c04
main|astana_clinic_nobase|nc16|np25|br0.5|one_heavy|ms3|r300|s9,main,astana_clinic_nobase,16,25,0.5,one_heavy,3,300,9,4250,sha256:46f3bd30b8fe52302f041ee32ee08145adb1cdd04d614c7e699bcdcf6e6a986b,697,65536,0,25,16,3,c04 c05 c15,c02 c10 c12,c05 c11 c15
main|astana_clinic_nobase|nc16|np25|br1.0|uniform|ms3|r300|s0,main,astana_clinic_nobase,16,25,1.0,uniform,3,300,0,9879,sha256:6377d7f44405b87d09fbd8be5c41587204c6279f8851210c2bbdf1a3ae123e65,697,65536,0,25,9,2,c02 c10 c11,c06 c08 c11,c02 c10 c11
main|astana_clinic_nobase|nc16|np25|br1.0|uniform|ms3|r300|s1,main,astana_clinic_nobase,16,25,1.0,uniform,3,300,1,7726,sha256:d90249255171ecfbed51b7ab2d20de60976daf24f9ea137d09f8cb54ee68f126,697,65536,0,25,15,3,c02 c04 c11,c04 c07 c11,c02 c04 c13
main|astana_clinic_nobase|nc16|np25|br1.0|uniform|ms3|r300|s2,main,astana_clinic_nobase,16,25,1.0,uniform,3,300,2,8145,sha256:0dd317e0c92ebd3f0371b6651515ad4c7c315cafd4eb7d8524c5d3eb5a84866c,697,65536,0,25,16,3,c00 c03 c13,c00 c03 c08,c00 c01 c13
main|astana_clinic_nobase|nc16|np25|br1.0|uniform|ms3|r300|s3,main,astana_clinic_nobase,16,25,1.0,uniform,3,300,3,11205,sha256:30536974548ccd77cdb8e2b5b4428c93acb6cbd76414cb208a0fc9bf907c554b,697,65536,0,25,11,3,c02 c12 c13,c09 c11 c12,c00 c09 c13
main|astana_clinic_nobase|nc16|np25|br1.0|uniform|ms3|r300|s4,main,astana_clinic_nobase,16,25,1.0,uniform,3,300,4,10355,sha256:ba8e820452ee9bf83e8c8057b5223469357ed836d7e6e7bfe63fb4abc465e708,697,65536,0,25,10,3,c01 c05 c11,c01 c06 c08,c01 c05 c15
main|astana_clinic_nobase|nc16|np25|br1.0|uniform|ms3|r300|s5,main,astana_clinic_nobase,16,25,1.0,uniform,3,300,5,9594,sha256:764a933f19d41393e097e29877d0495f47922332161e631b93797a26c044aa10,697,65536,0,25,13,3,c03 c07 c15,c12 c13 c15,c07 c09 c14
main|astana_clinic_nobase|nc16|np25|br1.0|uniform|ms3|r300|s6,main,astana_clinic_nobase,16,25,1.0,uniform,3,300,6,9859,sha256:80bc5f6c26a0f920d50e212d57ba973e922dd1bdf9717d3f38c5033f65dcc6b4,697,65536,0,25,13,3,c00 c02 c08,c00 c01 c08,c02 c07 c08
main|astana_clinic_nobase|nc16|np25|br1.0|uniform|ms3|r300|s7,main,astana_clinic_nobase,16,25,1.0,uniform,3,300,7,9689,sha256:6e904ee640735d0d1314b92d5063a931ad92d6c843537de593da407a4fe3263f,697,65536,0,25,11,3,c01 c06 c15,c00 c06 c13,c12 c14 c15
main|astana_clinic_nobase|nc16|np25|br1.0|uniform|ms3|r300|s8,main,astana_clinic_nobase,16,25,1.0,uniform,3,300,8,8535,sha256:7328efe30b159490c9db905ad968929bc24b95e2ec095e4f0a22b9942e28f00a,697,65536,0,25,9,3,c00 c03 c10,c04 c10 c11,c00 c07 c13
main|astana_clinic_nobase|nc16|np25|br1.0|uniform|ms3|r300|s9,main,astana_clinic_nobase,16,25,1.0,uniform,3,300,9,10403,sha256:117217672a7effa771f571c464f1ad6c63ebfd3cd232b68579cc66ad64519cce,697,65536,0,25,17,3,c07 c11 c13,c01 c07 c12,c00 c09 c12
main|astana_clinic_nobase|nc16|np25|br1.0|random_1_100|ms3|r300|s0,main,astana_clinic_nobase,16,25,1.0,random_1_100,3,300,0,9215,sha256:79a3e381e9f39b17d8ab63e97dc19b075d20dbd8eb79b47b60c77b4304225b59,697,65536,0,25,17,3,c01 c07 c13,c00 c01 c15,c01 c05 c13
main|astana_clinic_nobase|nc16|np25|br1.0|random_1_100|ms3|r300|s1,main,astana_clinic_nobase,16,25,1.0,random_1_100,3,300,1,7387,sha256:b29c351c68b2a88cf6b83afa1896c6325930f2531f4c4d78618ae2e3ae1e9ea2,697,65536,0,25,8,3,c00 c05 c11,c01 c08 c14,c00 c05 c14
main|astana_clinic_nobase|nc16|np25|br1.0|random_1_100|ms3|r300|s2,main,astana_clinic_nobase,16,25,1.0,random_1_100,3,300,2,9638,sha256:bf60899979f109a7b5be4a03f736e70e699d3ceed1144b27cb21eac9d44b64ad,697,65536,0,25,13,3,c03 c07 c15,c03 c07 c14,c00 c03 c15
main|astana_clinic_nobase|nc16|np25|br1.0|random_1_100|ms3|r300|s3,main,astana_clinic_nobase,16,25,1.0,random_1_100,3,300,3,9303,sha256:ab735b07cb8c3399ce35d4f92350f36a9e607fa746d7153a0a24f142a8509f0a,697,65536,0,25,13,3,c00 c02 c06,c00 c13 c15,c00 c02 c04
main|astana_clinic_nobase|nc16|np25|br1.0|random_1_100|ms3|r300|s4,main,astana_clinic_nobase,16,25,1.0,random_1_100,3,300,4,8295,sha256:e91bf221ec7feaa6f154e89dbdb5fb466066d75a8e2cafc1bf1d3a3ff32a6a20,697,65536,0,25,15,3,c01 c09 c13,c00 c01 c09,c09 c11 c13
main|astana_clinic_nobase|nc16|np25|br1.0|random_1_100|ms3|r300|s5,main,astana_clinic_nobase,16,25,1.0,random_1_100,3,300,5,9592,sha256:fc244d2604bef09d5cd617f4c63e5103c037f511695126e4d20e99da94d955e6,697,65536,0,25,10,3,c05 c10 c11,c05 c10 c12,c09 c10 c11
main|astana_clinic_nobase|nc16|np25|br1.0|random_1_100|ms3|r300|s6,main,astana_clinic_nobase,16,25,1.0,random_1_100,3,300,6,8849,sha256:9e8136e8f3ee68b60e0e4aaf2f6d3a17495610cbf410a5e2bb12883e2537ce53,697,65536,0,25,12,3,c00 c07 c13,c00 c10 c13,c00 c05 c10
main|astana_clinic_nobase|nc16|np25|br1.0|random_1_100|ms3|r300|s7,main,astana_clinic_nobase,16,25,1.0,random_1_100,3,300,7,10378,sha256:6bd3b2d15f0e9e85beec665630404ba7e5bd06124af04369fd3346ee85c8247d,697,65536,0,25,14,3,c09 c11 c13,c08 c09 c11,c09 c11 c12
main|astana_clinic_nobase|nc16|np25|br1.0|random_1_100|ms3|r300|s8,main,astana_clinic_nobase,16,25,1.0,random_1_100,3,300,8,8777,sha256:02d2c4162dd435e30e3331f72cd00b4ec393d9550472211d9052e9a576a6b786,697,65536,0,25,22,3,c04 c08 c11,c00 c04 c08,c04 c06 c11
main|astana_clinic_nobase|nc16|np25|br1.0|random_1_100|ms3|r300|s9,main,astana_clinic_nobase,16,25,1.0,random_1_100,3,300,9,8712,sha256:5ad472c71128b3a24cad8121af2c67044ab004d7ee9fab7b77ea044dcaf4996b,697,65536,0,25,13,3,c02 c09 c11,c02 c04 c09,c08 c09 c13
main|astana_clinic_nobase|nc16|np25|br1.0|one_heavy|ms3|r300|s0,main,astana_clinic_nobase,16,25,1.0,one_heavy,3,300,0,9607,sha256:d320dbad8bfa588b4a64a5e31780e17cc1a76adb8020e552e0038233690f98c8,697,65536,0,25,11,3,c01 c10 c13,c01 c03 c10,c01 c02 c06
main|astana_clinic_nobase|nc16|np25|br1.0|one_heavy|ms3|r300|s1,main,astana_clinic_nobase,16,25,1.0,one_heavy,3,300,1,7593,sha256:e632a7cf3fa4c947b9ab311efc5ff09ed9a6c1eff43db16be23534108a89b5b9,697,65536,0,25,14,3,c04 c07 c08,c02 c07 c08,c01 c04 c06
main|astana_clinic_nobase|nc16|np25|br1.0|one_heavy|ms3|r300|s2,main,astana_clinic_nobase,16,25,1.0,one_heavy,3,300,2,9317,sha256:aedf6619cd2fc95297d65fdaa3f0ed3c718a2f8f79fb34ff9acf69c16a9ee5d5,697,65536,0,25,13,3,c04 c07 c08,c05 c09 c10,c00 c08 c09
main|astana_clinic_nobase|nc16|np25|br1.0|one_heavy|ms3|r300|s3,main,astana_clinic_nobase,16,25,1.0,one_heavy,3,300,3,8645,sha256:92c3bc078e6c178d896b54e6dc0ee08f9b24cf6decd4bae0ccbe43ef90346dbd,697,65536,0,25,12,3,c10 c11 c12,c01 c08 c11,c01 c12 c15
main|astana_clinic_nobase|nc16|np25|br1.0|one_heavy|ms3|r300|s4,main,astana_clinic_nobase,16,25,1.0,one_heavy,3,300,4,8884,sha256:229137b8430c9a858a4083a635a3bab2df41e0b89fe3e07af742657c49a50241,697,65536,0,25,13,2,c04 c08 c10,c03 c07 c08,c04 c08 c10
main|astana_clinic_nobase|nc16|np25|br1.0|one_heavy|ms3|r300|s5,main,astana_clinic_nobase,16,25,1.0,one_heavy,3,300,5,7059,sha256:346b41115745716579336c6aecf169e0c22b80cd7293c338123b0355e4bacf63,697,65536,0,25,15,3,c00 c09 c13,c00 c05 c06,c02 c11 c14
main|astana_clinic_nobase|nc16|np25|br1.0|one_heavy|ms3|r300|s6,main,astana_clinic_nobase,16,25,1.0,one_heavy,3,300,6,7052,sha256:d3fb53ed4bfcd8bd72aa215f2f715d29bfbeedce22e01a161cd1d0fa095d2a14,697,65536,0,25,22,2,c04 c11 c15,c04 c11 c15,c01 c11 c13
main|astana_clinic_nobase|nc16|np25|br1.0|one_heavy|ms3|r300|s7,main,astana_clinic_nobase,16,25,1.0,one_heavy,3,300,7,10625,sha256:ba659102700de3a82d8b333d6324dae921aa5414075399f5c5872af6dd374397,697,65536,0,25,12,3,c07 c12 c14,c01 c07 c08,c02 c12 c15
main|astana_clinic_nobase|nc16|np25|br1.0|one_heavy|ms3|r300|s8,main,astana_clinic_nobase,16,25,1.0,one_heavy,3,300,8,7678,sha256:d74767c6b8b66e90131b8caef6420e013fb9f851fd8f5d927b05c2fd1cff9fc4,697,65536,0,25,15,2,c06 c14 c15,c02 c06 c15,c06 c14 c15
main|astana_clinic_nobase|nc16|np25|br1.0|one_heavy|ms3|r300|s9,main,astana_clinic_nobase,16,25,1.0,one_heavy,3,300,9,7010,sha256:e2c314f8109cfa21543ac9d9bb83a0346b31f0f62f2d2e1af5c6c4c205e950b7,697,65536,0,25,20,3,c05 c12 c14,c00 c07 c12,c09 c10 c14
sec_max_selected|shymkent_school|nc16|np25|br0.5|random_1_100|ms1|r300|s0,sec_max_selected,shymkent_school,16,25,0.5,random_1_100,1,300,0,3850,sha256:fdeabf38174f49b0867c4230fea1d44d78f1d7d2972f82c3f334a9124a9b0a5a,17,65536,0,0,3,2,c09,c14,c09
sec_max_selected|shymkent_school|nc16|np25|br0.5|random_1_100|ms2|r300|s0,sec_max_selected,shymkent_school,16,25,0.5,random_1_100,2,300,0,3850,sha256:71bbcf1ebd33a2a25d3cb3ed6a198175601a71b961202c3f2bedb8a5c3595e51,137,65536,0,0,6,3,c07 c09,c07 c08,c09 c15
sec_max_selected|shymkent_school|nc16|np25|br0.5|random_1_100|ms5|r300|s0,sec_max_selected,shymkent_school,16,25,0.5,random_1_100,5,300,0,3850,sha256:907dfe65f36be5cff9787582aae3fe62fd80b558918fc125782eba59da3dadcc,6877,65536,1,0,24,2,c02 c07 c08 c09 c15,c02 c07 c08 c09 c15,c07 c08 c09 c12 c15
sec_radius|shymkent_school|nc16|np25|br0.5|random_1_100|ms3|r100|s0,sec_radius,shymkent_school,16,25,0.5,random_1_100,3,100,0,3850,sha256:a92496468208e65663ecccc81dd0788227970e1f99a8749dcb722338faad3362,697,65536,0,0,12,3,c07 c09 c15,c07 c08 c09,c04 c08 c13
sec_radius|shymkent_school|nc16|np25|br0.5|random_1_100|ms3|r300|s0,sec_radius,shymkent_school,16,25,0.5,random_1_100,3,300,0,3850,sha256:fa879c9c32c3022199551e30acbbc69aba618b3d57529125e1fcc1018905ac6a,697,65536,0,0,12,2,c07 c09 c15,c07 c08 c09,c07 c09 c15
sec_radius|shymkent_school|nc16|np25|br0.5|random_1_100|ms3|r800|s0,sec_radius,shymkent_school,16,25,0.5,random_1_100,3,800,0,3850,sha256:0bc0b3c85d7a0d80ce50eba3469324993e1ec15ab83e63fd225b79c8c0df5a1f,697,65536,0,0,12,2,c07 c09 c15,c07 c08 c09,c07 c09 c15
sec_max_selected|shymkent_school|nc16|np25|br0.5|random_1_100|ms1|r300|s1,sec_max_selected,shymkent_school,16,25,0.5,random_1_100,1,300,1,3611,sha256:ae8f7a9ad0d3368dec632ab077f39d6e7bc6bddf23b1be0d4559a8c695c17ebd,17,65536,0,0,4,3,c13,c11,c14
sec_max_selected|shymkent_school|nc16|np25|br0.5|random_1_100|ms2|r300|s1,sec_max_selected,shymkent_school,16,25,0.5,random_1_100,2,300,1,3611,sha256:936ca68321ed0e267d6bd2f672d4568e14da65b0729937908cd261b09d9ee713,137,65536,0,0,6,2,c10 c11,c10 c11,c09 c13
sec_max_selected|shymkent_school|nc16|np25|br0.5|random_1_100|ms5|r300|s1,sec_max_selected,shymkent_school,16,25,0.5,random_1_100,5,300,1,3611,sha256:2ac525f926959d444a7a4981bc2ce43cdc96d12dfc74d906d4c9d8a0be3adcb6,6856,65536,1,0,14,1,c04 c07 c09 c10 c11,c04 c07 c09 c10 c11,c04 c07 c09 c10 c11
sec_radius|shymkent_school|nc16|np25|br0.5|random_1_100|ms3|r100|s1,sec_radius,shymkent_school,16,25,0.5,random_1_100,3,100,1,3611,sha256:b9a15b29aa7a085795340c94ad243dd52e6fc2c91dada9f98acb6e236a0d3ba8,697,65536,0,0,7,2,c09 c10 c11,c09 c10 c11,c07 c09 c13
sec_radius|shymkent_school|nc16|np25|br0.5|random_1_100|ms3|r300|s1,sec_radius,shymkent_school,16,25,0.5,random_1_100,3,300,1,3611,sha256:d5c3f2425de3aa7c4e19552692ed94f6b7a6fdcd51257f47aaef0ed61edd5f91,697,65536,0,0,7,2,c09 c10 c11,c09 c10 c11,c04 c09 c13
sec_radius|shymkent_school|nc16|np25|br0.5|random_1_100|ms3|r800|s1,sec_radius,shymkent_school,16,25,0.5,random_1_100,3,800,1,3611,sha256:fe94e841614b50858d09a3c0d4c4f0a4f9e873c6a72e96f58194e16c597a5e09,697,65536,0,0,7,1,c09 c10 c11,c09 c10 c11,c09 c10 c11
sec_max_selected|shymkent_school|nc16|np25|br0.5|random_1_100|ms1|r300|s2,sec_max_selected,shymkent_school,16,25,0.5,random_1_100,1,300,2,4538,sha256:42f2bbcefc4dcdf3c503305c0e3f100fa9cc1a6b4ce1ab1765bb68184cb830a7,17,65536,0,0,4,2,c01,c15,c01
sec_max_selected|shymkent_school|nc16|np25|br0.5|random_1_100|ms2|r300|s2,sec_max_selected,shymkent_school,16,25,0.5,random_1_100,2,300,2,4538,sha256:2e63a2ddcfdfac4173981963b915e63c42efe4a3d0157ebcc98afcd66ea1d70e,137,65536,0,0,8,3,c01 c13,c01 c15,c01 c08
sec_max_selected|shymkent_school|nc16|np25|br0.5|random_1_100|ms5|r300|s2,sec_max_selected,shymkent_school,16,25,0.5,random_1_100,5,300,2,4538,sha256:f6c27adc99b2a335536314b596d52e53b6b9053fa2bef2c1687846e85192341f,6885,65536,0,0,16,2,c01 c06 c07 c08 c13,c01 c07 c08 c13 c15,c01 c06 c07 c08 c13
sec_radius|shymkent_school|nc16|np25|br0.5|random_1_100|ms3|r100|s2,sec_radius,shymkent_school,16,25,0.5,random_1_100,3,100,2,4538,sha256:63b925057b7fe48657bf33dc77de17242d7b6416afd82d1ad10880a1f9fde987,697,65536,0,0,11,2,c01 c08 c13,c01 c08 c15,c01 c08 c13
sec_radius|shymkent_school|nc16|np25|br0.5|random_1_100|ms3|r300|s2,sec_radius,shymkent_school,16,25,0.5,random_1_100,3,300,2,4538,sha256:57612a552a6f0ac011a191ef6100168d02305b38e6043983809af86e30d33920,697,65536,0,0,11,2,c01 c08 c13,c01 c08 c15,c01 c08 c13
sec_radius|shymkent_school|nc16|np25|br0.5|random_1_100|ms3|r800|s2,sec_radius,shymkent_school,16,25,0.5,random_1_100,3,800,2,4538,sha256:b627d179a7cd907ec361f7d04e80aaf1387ca8d9432011a45eeb7ffd083b1478,697,65536,0,0,11,2,c01 c08 c13,c01 c08 c15,c01 c08 c13
sec_max_selected|shymkent_school|nc16|np25|br0.5|random_1_100|ms1|r300|s3,sec_max_selected,shymkent_school,16,25,0.5,random_1_100,1,300,3,4006,sha256:df39c6efa7e1cd66b9e95f26bcf6e578b908d95503397184775c2cdcc06b9c41,17,65536,0,0,6,2,c02,c02,c00
sec_max_selected|shymkent_school|nc16|np25|br0.5|random_1_100|ms2|r300|s3,sec_max_selected,shymkent_school,16,25,0.5,random_1_100,2,300,3,4006,sha256:53278c1820210510a374fdbce14b4a93d741b4e79e40f00eaaf41376d7997e0c,137,65536,0,0,10,2,c00 c02,c08 c14,c00 c02
sec_max_selected|shymkent_school|nc16|np25|br0.5|random_1_100|ms5|r300|s3,sec_max_selected,shymkent_school,16,25,0.5,random_1_100,5,300,3,4006,sha256:618f5a2e8ab2aa6e31a4b53ed3b40481ec8926e5d8f4988eb32c0f957f0bbeeb,6885,65536,0,0,19,2,c00 c02 c10 c11 c14,c00 c02 c08 c10 c14,c00 c02 c08 c10 c14
sec_radius|shymkent_school|nc16|np25|br0.5|random_1_100|ms3|r100|s3,sec_radius,shymkent_school,16,25,0.5,random_1_100,3,100,3,4006,sha256:b49f967fd894d28f66ac5054888321a70c3dd75637a89cd8886e3c8e98dfb91b,697,65536,0,0,13,3,c00 c02 c14,c00 c08 c14,c04 c05 c06
sec_radius|shymkent_school|nc16|np25|br0.5|random_1_100|ms3|r300|s3,sec_radius,shymkent_school,16,25,0.5,random_1_100,3,300,3,4006,sha256:2071d559c63571a3a31b0bb0916814e560c93c9da4dfa69b1214656116be54d9,697,65536,0,0,13,3,c00 c02 c14,c00 c08 c14,c00 c02 c10
sec_radius|shymkent_school|nc16|np25|br0.5|random_1_100|ms3|r800|s3,sec_radius,shymkent_school,16,25,0.5,random_1_100,3,800,3,4006,sha256:809529c3d79b80e1b2d5cc32ae5e359e45e6ecb633f68e6f8051346c70adf479,697,65536,0,0,13,2,c00 c02 c14,c00 c08 c14,c00 c02 c14
sec_max_selected|shymkent_school|nc16|np25|br0.5|random_1_100|ms1|r300|s4,sec_max_selected,shymkent_school,16,25,0.5,random_1_100,1,300,4,4186,sha256:4bfd6b1e846dcdd988fd566ebf3b7e809bef9edd26de97c667ca9e6c65b0e31c,17,65536,0,0,4,3,c09,c04,c08
sec_max_selected|shymkent_school|nc16|np25|br0.5|random_1_100|ms2|r300|s4,sec_max_selected,shymkent_school,16,25,0.5,random_1_100,2,300,4,4186,sha256:4390ea679207c815bf38fefac46124884946f2faacf58550dca6339bd5277909,137,65536,0,0,6,2,c08 c09,c07 c14,c08 c09
sec_max_selected|shymkent_school|nc16|np25|br0.5|random_1_100|ms5|r300|s4,sec_max_selected,shymkent_school,16,25,0.5,random_1_100,5,300,4,4186,sha256:d189970d09ed784a8184efd99f5c151b38702f868c968db513d9105a3237b677,6885,65536,0,0,22,1,c05 c06 c08 c09 c14,c05 c06 c08 c09 c14,c05 c06 c08 c09 c14
sec_radius|shymkent_school|nc16|np25|br0.5|random_1_100|ms3|r100|s4,sec_radius,shymkent_school,16,25,0.5,random_1_100,3,100,4,4186,sha256:78a3483a02960d8120697cc6d6467e3dba52b3e977905a9bbc7ac12840d534f5,697,65536,0,0,8,2,c08 c09 c14,c08 c09 c14,c00 c08 c09
sec_radius|shymkent_school|nc16|np25|br0.5|random_1_100|ms3|r300|s4,sec_radius,shymkent_school,16,25,0.5,random_1_100,3,300,4,4186,sha256:9c0f127b352e3e20382835c4a25d6ac0b075e3e4bc6eed46461050635f1cc2ce,697,65536,0,0,8,2,c08 c09 c14,c08 c09 c14,c05 c08 c09
sec_radius|shymkent_school|nc16|np25|br0.5|random_1_100|ms3|r800|s4,sec_radius,shymkent_school,16,25,0.5,random_1_100,3,800,4,4186,sha256:5d1307be86c8c308cf829ebfb76638db2c2757bdab98f8076e9285863ae5edfc,697,65536,0,0,8,1,c08 c09 c14,c08 c09 c14,c08 c09 c14
sec_max_selected|shymkent_school|nc16|np25|br0.5|random_1_100|ms1|r300|s5,sec_max_selected,shymkent_school,16,25,0.5,random_1_100,1,300,5,4162,sha256:a89c9dad24aed905d1fe79a5770b9a822a3e773f305710394aaf43f7d0bd51f0,17,65536,0,0,3,2,c09,c05,c09
sec_max_selected|shymkent_school|nc16|np25|br0.5|random_1_100|ms2|r300|s5,sec_max_selected,shymkent_school,16,25,0.5,random_1_100,2,300,5,4162,sha256:f3249fd8158e77a919553cbbb614e8db53ef0f80b462a5be39e86553ce7f55b2,137,65536,0,0,7,3,c06 c09,c01 c11,c09 c15
sec_max_selected|shymkent_school|nc16|np25|br0.5|random_1_100|ms5|r300|s5,sec_max_selected,shymkent_school,16,25,0.5,random_1_100,5,300,5,4162,sha256:711354eef4227de47fc49ff95c7971b06b4f193b9f9c8ba305bb2ac4cdf79a0d,6885,65536,0,0,17,3,c01 c06 c09 c14 c15,c01 c06 c09 c11 c15,c01 c06 c09 c10 c15
sec_radius|shymkent_school|nc16|np25|br0.5|random_1_100|ms3|r100|s5,sec_radius,shymkent_school,16,25,0.5,random_1_100,3,100,5,4162,sha256:51e6345ebbc28dcf57d21e68a81e317cd6bbbd050f2e28859dc9a1d1b2b103cf,697,65536,0,0,8,3,c01 c06 c09,c01 c06 c11,c09 c10 c14
sec_radius|shymkent_school|nc16|np25|br0.5|random_1_100|ms3|r300|s5,sec_radius,shymkent_school,16,25,0.5,random_1_100,3,300,5,4162,sha256:16dfa3d9ac8872dcb42f48bd94aff7e5f7573bf237421c63d3a357ec700ec61e,697,65536,0,0,8,3,c01 c06 c09,c01 c06 c11,c09 c10 c15
sec_radius|shymkent_school|nc16|np25|br0.5|random_1_100|ms3|r800|s5,sec_radius,shymkent_school,16,25,0.5,random_1_100,3,800,5,4162,sha256:7553a275b6eb5be12762007c9fae3e932784236f0380e7f6c2825bb4be0f3c0a,697,65536,0,0,8,2,c01 c06 c09,c01 c06 c11,c01 c06 c09
sec_max_selected|shymkent_school|nc16|np25|br0.5|random_1_100|ms1|r300|s6,sec_max_selected,shymkent_school,16,25,0.5,random_1_100,1,300,6,5080,sha256:af6b63d952f8839c2d2b6000f7ad811b9c0a8147b947c1a3b25877de6c137f60,17,65536,0,0,3,2,c12,c12,c08
sec_max_selected|shymkent_school|nc16|np25|br0.5|random_1_100|ms2|r300|s6,sec_max_selected,shymkent_school,16,25,0.5,random_1_100,2,300,6,5080,sha256:1fb97293aef71ba48287a779d0f962fc205b5d8fbdc74097040ecd87abc2f505,137,65536,0,0,6,3,c02 c12,c12 c15,c08 c09
sec_max_selected|shymkent_school|nc16|np25|br0.5|random_1_100|ms5|r300|s6,sec_max_selected,shymkent_school,16,25,0.5,random_1_100,5,300,6,5080,sha256:afe3d8e2d4b9dad98630ee6465fcce86710ef24f0401ca84edc2c414a1688dbb,6885,65536,0,0,19,3,c02 c05 c08 c09 c12,c02 c05 c09 c12 c15,c02 c05 c08 c09 c14
sec_radius|shymkent_school|nc16|np25|br0.5|random_1_100|ms3|r100|s6,sec_radius,shymkent_school,16,25,0.5,random_1_100,3,100,6,5080,sha256:a2c6f3401db1427e29066771c675da9132a99c4fdc555728788410d0b6d57a07,697,65536,0,0,10,3,c02 c09 c12,c02 c12 c15,c03 c04 c08
sec_radius|shymkent_school|nc16|np25|br0.5|random_1_100|ms3|r300|s6,sec_radius,shymkent_school,16,25,0.5,random_1_100,3,300,6,5080,sha256:d5abcface44253f3274a5c8c4382a0c6b94a93709a7c069718740f6dfb9fd6ce,697,65536,0,0,10,3,c02 c09 c12,c02 c12 c15,c08 c09 c14
sec_radius|shymkent_school|nc16|np25|br0.5|random_1_100|ms3|r800|s6,sec_radius,shymkent_school,16,25,0.5,random_1_100,3,800,6,5080,sha256:520179b768343df1392c2c322ef13d738c42e5472c6850fc7bc03ead4d151a6c,697,65536,0,0,10,2,c02 c09 c12,c02 c12 c15,c02 c09 c12
sec_max_selected|shymkent_school|nc16|np25|br0.5|random_1_100|ms1|r300|s7,sec_max_selected,shymkent_school,16,25,0.5,random_1_100,1,300,7,3923,sha256:7558b02f797ee5650dd77309c0a9606e615afd7999d035239ad4b1193bd4f20b,17,65536,0,0,3,3,c14,c00,c03
sec_max_selected|shymkent_school|nc16|np25|br0.5|random_1_100|ms2|r300|s7,sec_max_selected,shymkent_school,16,25,0.5,random_1_100,2,300,7,3923,sha256:3c55c0ee51dadba537ce9099e9a21fce044e30e2f07d4cdc0f0d3ee9feefb1f6,137,65536,0,0,7,2,c01 c14,c01 c14,c03 c10
sec_max_selected|shymkent_school|nc16|np25|br0.5|random_1_100|ms5|r300|s7,sec_max_selected,shymkent_school,16,25,0.5,random_1_100,5,300,7,3923,sha256:b16e5596bc2825a1a81230bf96216b7f4d0e28efdcbe3633e67191a7de55b218,6885,65536,0,0,22,2,c01 c03 c05 c12 c14,c01 c03 c05 c12 c14,c01 c03 c07 c10 c15
sec_radius|shymkent_school|nc16|np25|br0.5|random_1_100|ms3|r100|s7,sec_radius,shymkent_school,16,25,0.5,random_1_100,3,100,7,3923,sha256:6e0f6b2cfbab77d5687c92603b3845703a23f774be89fe47956fcea329b2c24a,697,65536,0,0,10,3,c01 c12 c14,c01 c05 c14,c03 c07 c12
sec_radius|shymkent_school|nc16|np25|br0.5|random_1_100|ms3|r300|s7,sec_radius,shymkent_school,16,25,0.5,random_1_100,3,300,7,3923,sha256:9ecc27c06bc42bcc6f59a303e78cced206bd65af71deaff03a5c6abd8846cc8e,697,65536,0,0,10,3,c01 c12 c14,c01 c05 c14,c03 c07 c10
sec_radius|shymkent_school|nc16|np25|br0.5|random_1_100|ms3|r800|s7,sec_radius,shymkent_school,16,25,0.5,random_1_100,3,800,7,3923,sha256:f5997f560c698e21b7cf5d90cb368928b062f5baad35b9ab816c3a647156e1ac,697,65536,0,0,10,2,c01 c12 c14,c01 c05 c14,c01 c12 c14
sec_max_selected|shymkent_school|nc16|np25|br0.5|random_1_100|ms1|r300|s8,sec_max_selected,shymkent_school,16,25,0.5,random_1_100,1,300,8,4224,sha256:b19c1796067c5f10ea194b77719ab627020670cb2fcae39b6c96b1a43f6a8ee6,17,65536,0,0,3,2,c05,c07,c05
sec_max_selected|shymkent_school|nc16|np25|br0.5|random_1_100|ms2|r300|s8,sec_max_selected,shymkent_school,16,25,0.5,random_1_100,2,300,8,4224,sha256:92d96bbf5b1a7b05f36143d919f675b08bc2821f681a992c88b460a9a2b90678,137,65536,0,0,6,3,c05 c07,c04 c07,c04 c05
sec_max_selected|shymkent_school|nc16|np25|br0.5|random_1_100|ms5|r300|s8,sec_max_selected,shymkent_school,16,25,0.5,random_1_100,5,300,8,4224,sha256:19b071ac1a5dab77eb4ac24a20658d0bd3a92681d2030369633e59547e6fb4f9,6885,65536,0,0,15,3,c00 c01 c04 c05 c07,c01 c04 c05 c07 c12,c04 c05 c07 c11 c13
sec_radius|shymkent_school|nc16|np25|br0.5|random_1_100|ms3|r100|s8,sec_radius,shymkent_school,16,25,0.5,random_1_100,3,100,8,4224,sha256:f64a9118d358ecd4660271ff47341d4daf1219564a87ec66b6e75425776acc69,697,65536,0,0,10,3,c04 c05 c07,c01 c07 c12,c01 c05 c07
sec_radius|shymkent_school|nc16|np25|br0.5|random_1_100|ms3|r300|s8,sec_radius,shymkent_school,16,25,0.5,random_1_100,3,300,8,4224,sha256:196964ef89db57493294e2a56605760ffafd6def2a7e06381671d706b599439e,697,65536,0,0,10,3,c04 c05 c07,c01 c07 c12,c04 c05 c14
sec_radius|shymkent_school|nc16|np25|br0.5|random_1_100|ms3|r800|s8,sec_radius,shymkent_school,16,25,0.5,random_1_100,3,800,8,4224,sha256:96b924f627204444482f4b68c8adfdf9c260334425e8c19fbf54d8417e1c61bc,697,65536,0,0,10,2,c04 c05 c07,c01 c07 c12,c04 c05 c07
sec_max_selected|shymkent_school|nc16|np25|br0.5|random_1_100|ms1|r300|s9,sec_max_selected,shymkent_school,16,25,0.5,random_1_100,1,300,9,4633,sha256:4b4e007636f6dabe6cf999915553341bb78251d3c08e1cea6f6a5ac108119190,17,65536,0,0,5,3,c09,c02,c14
sec_max_selected|shymkent_school|nc16|np25|br0.5|random_1_100|ms2|r300|s9,sec_max_selected,shymkent_school,16,25,0.5,random_1_100,2,300,9,4633,sha256:4b3e4d703836841eac22b3830b321fec3cc2c18fe6ffbc7c4431aad9d7d469c4,137,65536,0,0,10,3,c00 c09,c05 c09,c00 c14
sec_max_selected|shymkent_school|nc16|np25|br0.5|random_1_100|ms5|r300|s9,sec_max_selected,shymkent_school,16,25,0.5,random_1_100,5,300,9,4633,sha256:3f53e03291680e6b675830628e4dfe9ff1dc51522e9b8eb3d91751a4f371984a,6885,65536,0,0,23,2,c00 c05 c06 c09 c14,c03 c05 c06 c09 c10,c00 c05 c06 c09 c14
sec_radius|shymkent_school|nc16|np25|br0.5|random_1_100|ms3|r100|s9,sec_radius,shymkent_school,16,25,0.5,random_1_100,3,100,9,4633,sha256:de4a35d2dc96cff9d588cb9f82268431c51bb07f6214f72fac80689e94a286c6,697,65536,0,0,14,2,c00 c05 c09,c00 c05 c09,c05 c06 c15
sec_radius|shymkent_school|nc16|np25|br0.5|random_1_100|ms3|r300|s9,sec_radius,shymkent_school,16,25,0.5,random_1_100,3,300,9,4633,sha256:cd1b5ba8a89eba7bb6bb1b96f7ac065f75ed1ddac2254572e1f0bdd7668af16c,697,65536,0,0,14,2,c00 c05 c09,c00 c05 c09,c00 c09 c14
sec_radius|shymkent_school|nc16|np25|br0.5|random_1_100|ms3|r800|s9,sec_radius,shymkent_school,16,25,0.5,random_1_100,3,800,9,4633,sha256:dacde17204ae7efc34e12c717f6a241cb88a25137db4a9a66aea67eef0b6dd36,697,65536,0,0,14,1,c00 c05 c09,c00 c05 c09,c00 c05 c09
sec_max_selected|astana_clinic|nc16|np25|br0.5|random_1_100|ms1|r300|s0,sec_max_selected,astana_clinic,16,25,0.5,random_1_100,1,300,0,4788,sha256:5e6b6267b04218688f114d1a2297bb9ff3fe2b20fa2a65f867e32daf3eebe3b3,17,65536,0,0,3,2,c08,c07,c08
sec_max_selected|astana_clinic|nc16|np25|br0.5|random_1_100|ms2|r300|s0,sec_max_selected,astana_clinic,16,25,0.5,random_1_100,2,300,0,4788,sha256:4dc95d23562fc312b4b07863b16f5382cf4a6437651a2333a690210878930795,137,65536,0,0,8,1,c07 c08,c07 c08,c07 c08
sec_max_selected|astana_clinic|nc16|np25|br0.5|random_1_100|ms5|r300|s0,sec_max_selected,astana_clinic,16,25,0.5,random_1_100,5,300,0,4788,sha256:31623480d4bb6174d2cf77ef7dbb6d4477f1557f3849aabbd1a9d45479fcbfc2,6885,65536,0,0,17,2,c04 c05 c06 c07 c08,c04 c05 c07 c08 c15,c04 c05 c06 c07 c08
sec_radius|astana_clinic|nc16|np25|br0.5|random_1_100|ms3|r100|s0,sec_radius,astana_clinic,16,25,0.5,random_1_100,3,100,0,4788,sha256:a538ab0f3388f4fe29ee0d9183b83c09d738d7cc98a316eb604fe3493f3e44f2,697,65536,0,0,12,3,c04 c07 c08,c07 c08 c15,c04 c05 c07
sec_radius|astana_clinic|nc16|np25|br0.5|random_1_100|ms3|r300|s0,sec_radius,astana_clinic,16,25,0.5,random_1_100,3,300,0,4788,sha256:f09611c97351fbc9a62ac4cfba46342a60b8b7c09c95e7f45922b2510b6406c7,697,65536,0,0,12,2,c04 c07 c08,c07 c08 c15,c04 c07 c08
sec_radius|astana_clinic|nc16|np25|br0.5|random_1_100|ms3|r800|s0,sec_radius,astana_clinic,16,25,0.5,random_1_100,3,800,0,4788,sha256:0bc0ae417ef4a0b98e7c08efee9c7c91b7148d4d332db0fc5273632335ebe463,697,65536,0,0,12,2,c04 c07 c08,c07 c08 c15,c04 c07 c08
sec_max_selected|astana_clinic|nc16|np25|br0.5|random_1_100|ms1|r300|s1,sec_max_selected,astana_clinic,16,25,0.5,random_1_100,1,300,1,4213,sha256:f3febd99a19dd5e1ad246568b4304da60ce6ceba971d159b91622f797161986b,17,65536,0,0,3,1,c00,c00,c00
sec_max_selected|astana_clinic|nc16|np25|br0.5|random_1_100|ms2|r300|s1,sec_max_selected,astana_clinic,16,25,0.5,random_1_100,2,300,1,4213,sha256:fe2c2e7650e7a89dfda886fb052e004f335acc378dd365db6bb2d3f0dad82cd2,137,65536,0,0,4,1,c00 c07,c00 c07,c00 c07
sec_max_selected|astana_clinic|nc16|np25|br0.5|random_1_100|ms5|r300|s1,sec_max_selected,astana_clinic,16,25,0.5,random_1_100,5,300,1,4213,sha256:056b93412604160093a473ef99c4f72945df595fc3e185e51cb3be56cf781db1,6885,65536,0,0,11,1,c00 c01 c07 c08 c09,c00 c01 c07 c08 c09,c00 c01 c07 c08 c09
sec_radius|astana_clinic|nc16|np25|br0.5|random_1_100|ms3|r100|s1,sec_radius,astana_clinic,16,25,0.5,random_1_100,3,100,1,4213,sha256:37c958f4ff8c4efe38c80e0ab7cbc6692ba8612166a75a1d1db3d8792b1a6daf,697,65536,0,0,7,1,c00 c07 c08,c00 c07 c08,c00 c07 c08
sec_radius|astana_clinic|nc16|np25|br0.5|random_1_100|ms3|r300|s1,sec_radius,astana_clinic,16,25,0.5,random_1_100,3,300,1,4213,sha256:30e3441afcf73a5f92ad00794139017354f8c37e525033cca229a23ef54fa4da,697,65536,0,0,7,1,c00 c07 c08,c00 c07 c08,c00 c07 c08
sec_radius|astana_clinic|nc16|np25|br0.5|random_1_100|ms3|r800|s1,sec_radius,astana_clinic,16,25,0.5,random_1_100,3,800,1,4213,sha256:33f64655a3644e8b7821516411fd6385036fbfe73be505273edc6a61d921e2de,697,65536,0,0,7,1,c00 c07 c08,c00 c07 c08,c00 c07 c08
sec_max_selected|astana_clinic|nc16|np25|br0.5|random_1_100|ms1|r300|s2,sec_max_selected,astana_clinic,16,25,0.5,random_1_100,1,300,2,4946,sha256:2c4a7320e7c0fcb8deac5f3b5db6e5c9b0448d114c07a710f7509bb842903b47,17,65536,0,0,3,1,c03,c03,c03
sec_max_selected|astana_clinic|nc16|np25|br0.5|random_1_100|ms2|r300|s2,sec_max_selected,astana_clinic,16,25,0.5,random_1_100,2,300,2,4946,sha256:dea99dd6921ff20de09ff52058f14998e9224c15c88eb19a00d0d923bef3ebf7,137,65536,0,0,6,2,c03 c05,c03 c08,c03 c05
sec_max_selected|astana_clinic|nc16|np25|br0.5|random_1_100|ms5|r300|s2,sec_max_selected,astana_clinic,16,25,0.5,random_1_100,5,300,2,4946,sha256:76943fc22ba2ebfdff3bdcd961076988bf97a7084f096801dab0720a38b056dc,6885,65536,0,0,12,3,c03 c05 c07 c12 c15,c03 c05 c08 c12 c15,c01 c03 c05 c12 c15
sec_radius|astana_clinic|nc16|np25|br0.5|random_1_100|ms3|r100|s2,sec_radius,astana_clinic,16,25,0.5,random_1_100,3,100,2,4946,sha256:a4f200b4861092302b01002d11f50a431f09407e174ceb01e206e287cf4e5e86,697,65536,0,0,9,3,c03 c05 c12,c03 c08 c12,c03 c05 c15
sec_radius|astana_clinic|nc16|np25|br0.5|random_1_100|ms3|r300|s2,sec_radius,astana_clinic,16,25,0.5,random_1_100,3,300,2,4946,sha256:a2beb2c6a4e773a774f15874c00998b16ab598f19a318af3756bcfe2abb34d3b,697,65536,0,0,9,3,c03 c05 c12,c03 c08 c12,c01 c03 c05
sec_radius|astana_clinic|nc16|np25|br0.5|random_1_100|ms3|r800|s2,sec_radius,astana_clinic,16,25,0.5,random_1_100,3,800,2,4946,sha256:82acbbd1f7f34c34644d3ecd806ca54f6e2292cdc7b4f20a237dcdcc69b12f8d,697,65536,0,0,9,2,c03 c05 c12,c03 c08 c12,c03 c05 c12
sec_max_selected|astana_clinic|nc16|np25|br0.5|random_1_100|ms1|r300|s3,sec_max_selected,astana_clinic,16,25,0.5,random_1_100,1,300,3,4192,sha256:ab5cb891bc4fd0da38e43916d64320763580974784066851009a7297acf64dd0,17,65536,0,0,4,1,c12,c12,c12
sec_max_selected|astana_clinic|nc16|np25|br0.5|random_1_100|ms2|r300|s3,sec_max_selected,astana_clinic,16,25,0.5,random_1_100,2,300,3,4192,sha256:81f6ba160b85d59aa5a48bcc28850ceb615a38da1758dfe35a8a8183f4b67341,137,65536,0,0,7,1,c02 c12,c02 c12,c02 c12
sec_max_selected|astana_clinic|nc16|np25|br0.5|random_1_100|ms5|r300|s3,sec_max_selected,astana_clinic,16,25,0.5,random_1_100,5,300,3,4192,sha256:c10a95527139742729c3c1b628689bb013624ac898cd6f236d9cf64d56c83e28,6885,65536,0,0,13,1,c00 c01 c02 c12 c15,c00 c01 c02 c12 c15,c00 c01 c02 c12 c15
sec_radius|astana_clinic|nc16|np25|br0.5|random_1_100|ms3|r100|s3,sec_radius,astana_clinic,16,25,0.5,random_1_100,3,100,3,4192,sha256:8937f780ab72037f153afb2a5191027a5056db42bca5ec02b87e703d35e6da8a,697,65536,0,0,9,2,c02 c12 c15,c02 c12 c15,c02 c07 c12
sec_radius|astana_clinic|nc16|np25|br0.5|random_1_100|ms3|r300|s3,sec_radius,astana_clinic,16,25,0.5,random_1_100,3,300,3,4192,sha256:2f2b05de5b6671535d4faf766380ca34929ba04aa1d88cc89a5ff47ba87e8f9a,697,65536,0,0,9,1,c02 c12 c15,c02 c12 c15,c02 c12 c15
sec_radius|astana_clinic|nc16|np25|br0.5|random_1_100|ms3|r800|s3,sec_radius,astana_clinic,16,25,0.5,random_1_100,3,800,3,4192,sha256:f5b40ea1a8e61630388af67a333dcb9b7230f1e0ee9777b67323c5ed6dc346b1,697,65536,0,0,9,1,c02 c12 c15,c02 c12 c15,c02 c12 c15
sec_max_selected|astana_clinic|nc16|np25|br0.5|random_1_100|ms1|r300|s4,sec_max_selected,astana_clinic,16,25,0.5,random_1_100,1,300,4,3996,sha256:907fa1f4bff5862b81c5f3510156cf3436da82e37cfbc70bb2348241a35176a2,17,65536,0,0,4,2,c00,c01,c01
sec_max_selected|astana_clinic|nc16|np25|br0.5|random_1_100|ms2|r300|s4,sec_max_selected,astana_clinic,16,25,0.5,random_1_100,2,300,4,3996,sha256:0019e8a9a0ab374eec119c07143fbe5863686f18e0f30457df949894bdaa7001,137,65536,0,0,7,2,c00 c01,c01 c06,c01 c06
sec_max_selected|astana_clinic|nc16|np25|br0.5|random_1_100|ms5|r300|s4,sec_max_selected,astana_clinic,16,25,0.5,random_1_100,5,300,4,3996,sha256:254d9590a6dc354be8627932f09297e740895781e8eb437d21c0dd3b1f8164d7,6885,65536,0,0,14,1,c00 c01 c06 c07 c14,c00 c01 c06 c07 c14,c00 c01 c06 c07 c14
sec_radius|astana_clinic|nc16|np25|br0.5|random_1_100|ms3|r100|s4,sec_radius,astana_clinic,16,25,0.5,random_1_100,3,100,4,3996,sha256:e10086b12ff6f3096bcb1a4ef76920f665046560876047da02d9c44658c4e279,697,65536,0,0,10,2,c00 c01 c06,c00 c01 c06,c00 c07 c13
sec_radius|astana_clinic|nc16|np25|br0.5|random_1_100|ms3|r300|s4,sec_radius,astana_clinic,16,25,0.5,random_1_100,3,300,4,3996,sha256:dbede2013bbd1ca02d57b1f9c0af6251dbf99849a2e5e8669696b176524099c1,697,65536,0,0,10,1,c00 c01 c06,c00 c01 c06,c00 c01 c06
sec_radius|astana_clinic|nc16|np25|br0.5|random_1_100|ms3|r800|s4,sec_radius,astana_clinic,16,25,0.5,random_1_100,3,800,4,3996,sha256:c97fef8b909ca38cb16a48db3c4e4ac46ffe09d1412a73f1c1ee5acb0eb14694,697,65536,0,0,10,1,c00 c01 c06,c00 c01 c06,c00 c01 c06
sec_max_selected|astana_clinic|nc16|np25|br0.5|random_1_100|ms1|r300|s5,sec_max_selected,astana_clinic,16,25,0.5,random_1_100,1,300,5,3726,sha256:abdd5c5d1c06c4d5cebdb6b7443c61b081220af8f3deb2dfa2fa0611886555cf,17,65536,0,0,3,2,c13,c05,c05
sec_max_selected|astana_clinic|nc16|np25|br0.5|random_1_100|ms2|r300|s5,sec_max_selected,astana_clinic,16,25,0.5,random_1_100,2,300,5,3726,sha256:fa993a77d29dfd74ced36624a550bd33bfe0945de396048a1a4a52230ad2491f,137,65536,0,0,6,3,c05 c13,c03 c10,c05 c12
sec_max_selected|astana_clinic|nc16|np25|br0.5|random_1_100|ms5|r300|s5,sec_max_selected,astana_clinic,16,25,0.5,random_1_100,5,300,5,3726,sha256:3000ea323bf166fd706fb23177514c9fcd2452096865ea4f6aa8360d9981b0a4,6883,65536,1,0,17,3,c03 c05 c10 c12 c13,c03 c05 c07 c10 c13,c05 c06 c10 c12 c13
sec_radius|astana_clinic|nc16|np25|br0.5|random_1_100|ms3|r100|s5,sec_radius,astana_clinic,16,25,0.5,random_1_100,3,100,5,3726,sha256:1df2dc6c8eb2162d5128a57df62415780b769a1f9a6291f5541a49089d89c641,697,65536,0,0,9,3,c05 c10 c13,c03 c07 c10,c01 c05 c13
sec_radius|astana_clinic|nc16|np25|br0.5|random_1_100|ms3|r300|s5,sec_radius,astana_clinic,16,25,0.5,random_1_100,3,300,5,3726,sha256:e2ac588e980b52eca21714d47a6d230722dc1890683a2396b61cdc566f924470,697,65536,0,0,9,3,c05 c10 c13,c03 c07 c10,c05 c06 c12
sec_radius|astana_clinic|nc16|np25|br0.5|random_1_100|ms3|r800|s5,sec_radius,astana_clinic,16,25,0.5,random_1_100,3,800,5,3726,sha256:ce148fda50c525d4f76941d2547a5e263af9162c3ec38b5d3cc038da84b169b8,697,65536,0,0,9,2,c05 c10 c13,c03 c07 c10,c05 c10 c13
sec_max_selected|astana_clinic|nc16|np25|br0.5|random_1_100|ms1|r300|s6,sec_max_selected,astana_clinic,16,25,0.5,random_1_100,1,300,6,4254,sha256:26fc3bbcd8731046a1aaf629ec3169f566e031ca354b37449c7ba1525a0994f4,17,65536,0,0,4,2,c03,c03,c12
sec_max_selected|astana_clinic|nc16|np25|br0.5|random_1_100|ms2|r300|s6,sec_max_selected,astana_clinic,16,25,0.5,random_1_100,2,300,6,4254,sha256:2a5bee0728cc4956739b9c568e07c304416f653ebb9ca8e4d4de38e3716f5aff,137,65536,0,0,8,2,c01 c03,c01 c03,c03 c12
sec_max_selected|astana_clinic|nc16|np25|br0.5|random_1_100|ms5|r300|s6,sec_max_selected,astana_clinic,16,25,0.5,random_1_100,5,300,6,4254,sha256:88702f0587bf76cea2bfca07c0de1887f2a963cab695a96c1bf2d2b84581255c,6884,65536,1,0,12,1,c00 c01 c03 c12 c15,c00 c01 c03 c12 c15,c00 c01 c03 c12 c15
sec_radius|astana_clinic|nc16|np25|br0.5|random_1_100|ms3|r100|s6,sec_radius,astana_clinic,16,25,0.5,random_1_100,3,100,6,4254,sha256:df6e1a411cef5568c0718227d414d53f04b45a5c72245aae7067d1322dd373d8,697,65536,0,0,9,1,c01 c03 c15,c01 c03 c15,c01 c03 c15
sec_radius|astana_clinic|nc16|np25|br0.5|random_1_100|ms3|r300|s6,sec_radius,astana_clinic,16,25,0.5,random_1_100,3,300,6,4254,sha256:1347d92737d06006271cfc6bc9d8a7af7003115d62b0e6ce0c935d2af3dcb6f5,697,65536,0,0,9,2,c01 c03 c15,c01 c03 c15,c01 c03 c12
sec_radius|astana_clinic|nc16|np25|br0.5|random_1_100|ms3|r800|s6,sec_radius,astana_clinic,16,25,0.5,random_1_100,3,800,6,4254,sha256:0dc1a2e6ebe31075c8279de481c737b118be6ba48890c5f4fa96bd69f17be654,697,65536,0,0,9,1,c01 c03 c15,c01 c03 c15,c01 c03 c15
sec_max_selected|astana_clinic|nc16|np25|br0.5|random_1_100|ms1|r300|s7,sec_max_selected,astana_clinic,16,25,0.5,random_1_100,1,300,7,4846,sha256:b89946653dff3403bfe8a6e81da8881fbf7092f5d2969aa6a2bc29615b401158,17,65536,0,0,3,2,c09,c01,c09
sec_max_selected|astana_clinic|nc16|np25|br0.5|random_1_100|ms2|r300|s7,sec_max_selected,astana_clinic,16,25,0.5,random_1_100,2,300,7,4846,sha256:9c8779601a6f717a8b03944fc640871e756b803fb657ae417ccb022c0b2048d2,137,65536,0,0,5,3,c09 c15,c01 c15,c09 c12
sec_max_selected|astana_clinic|nc16|np25|br0.5|random_1_100|ms5|r300|s7,sec_max_selected,astana_clinic,16,25,0.5,random_1_100,5,300,7,4846,sha256:da4dbe0eed95938860f687bedf3c3fa03f908af879d8d38e4904c0fb8370460f,6885,65536,0,0,13,3,c01 c02 c09 c12 c15,c07 c09 c12 c13 c15,c02 c09 c12 c13 c15
sec_radius|astana_clinic|nc16|np25|br0.5|random_1_100|ms3|r100|s7,sec_radius,astana_clinic,16,25,0.5,random_1_100,3,100,7,4846,sha256:64cd42e5f026368e78d2e2836060a1a259f6021afafae1d4e6835e0e2363ca15,697,65536,0,0,7,3,c09 c12 c15,c01 c12 c15,c02 c05 c09
sec_radius|astana_clinic|nc16|np25|br0.5|random_1_100|ms3|r300|s7,sec_radius,astana_clinic,16,25,0.5,random_1_100,3,300,7,4846,sha256:c6edb0625e3e74294a873529143ab5b6662a402569a482c78b70bb0f6d4bb1b5,697,65536,0,0,7,2,c09 c12 c15,c01 c12 c15,c09 c12 c15
sec_radius|astana_clinic|nc16|np25|br0.5|random_1_100|ms3|r800|s7,sec_radius,astana_clinic,16,25,0.5,random_1_100,3,800,7,4846,sha256:a5b20a7874e14f49e4c267fb3bb088709eeb97391489c04fb0f10c6a7396172d,697,65536,0,0,7,2,c09 c12 c15,c01 c12 c15,c09 c12 c15
sec_max_selected|astana_clinic|nc16|np25|br0.5|random_1_100|ms1|r300|s8,sec_max_selected,astana_clinic,16,25,0.5,random_1_100,1,300,8,4858,sha256:b5e8af074e4dbabbbd3352b8306df4b6a826f4d462ae30eddb16b69d78079651,17,65536,0,0,4,3,c09,c04,c01
sec_max_selected|astana_clinic|nc16|np25|br0.5|random_1_100|ms2|r300|s8,sec_max_selected,astana_clinic,16,25,0.5,random_1_100,2,300,8,4858,sha256:fa18c4298eca560530cb3ff65a9303f28b7deeb2437285ee2e02127c01d0276b,137,65536,0,0,8,3,c03 c09,c04 c09,c01 c03
sec_max_selected|astana_clinic|nc16|np25|br0.5|random_1_100|ms5|r300|s8,sec_max_selected,astana_clinic,16,25,0.5,random_1_100,5,300,8,4858,sha256:000427bd498bb157ebc311f7c5b7d82eb8f33dd99fae0f658218330a28dc2ce2,6885,65536,0,0,24,2,c02 c03 c04 c09 c13,c02 c03 c04 c09 c13,c01 c02 c03 c04 c09
sec_radius|astana_clinic|nc16|np25|br0.5|random_1_100|ms3|r100|s8,sec_radius,astana_clinic,16,25,0.5,random_1_100,3,100,8,4858,sha256:66a89464e3f29e00658b8dfcaa0a1b7c52680a8e7fc8f3b501a9b03014279649,697,65536,0,0,13,1,c03 c04 c09,c03 c04 c09,c03 c04 c09
sec_radius|astana_clinic|nc16|np25|br0.5|random_1_100|ms3|r300|s8,sec_radius,astana_clinic,16,25,0.5,random_1_100,3,300,8,4858,sha256:cac1092395d4a15e4deb275bcb5ac153c236788efb90129d0bcf395f1e0231c1,697,65536,0,0,13,2,c03 c04 c09,c03 c04 c09,c01 c03 c09
sec_radius|astana_clinic|nc16|np25|br0.5|random_1_100|ms3|r800|s8,sec_radius,astana_clinic,16,25,0.5,random_1_100,3,800,8,4858,sha256:b47dadc4cbec7b3d1002297ccc257fd574f1830538ecc1e4254209a7445aeab0,697,65536,0,0,13,1,c03 c04 c09,c03 c04 c09,c03 c04 c09
sec_max_selected|astana_clinic|nc16|np25|br0.5|random_1_100|ms1|r300|s9,sec_max_selected,astana_clinic,16,25,0.5,random_1_100,1,300,9,3616,sha256:6951b17ee7115a69fdf2d6dc57b36a8faa6098fe1d5ee25234caf39330aeeada,17,65536,0,0,4,2,c11,c11,c15
sec_max_selected|astana_clinic|nc16|np25|br0.5|random_1_100|ms2|r300|s9,sec_max_selected,astana_clinic,16,25,0.5,random_1_100,2,300,9,3616,sha256:54734a47bf95ecdab7591e0312542df94d77b65aa43c7f3eda02a9cf7f628d14,137,65536,0,0,9,2,c11 c15,c11 c15,c05 c15
sec_max_selected|astana_clinic|nc16|np25|br0.5|random_1_100|ms5|r300|s9,sec_max_selected,astana_clinic,16,25,0.5,random_1_100,5,300,9,3616,sha256:e93e4f07570c925c500c50bd5f6b6636e4a117b0f150214929b1e87eeeb75742,6858,65536,1,0,18,2,c06 c10 c11 c13 c15,c06 c10 c11 c13 c15,c02 c05 c10 c13 c15
sec_radius|astana_clinic|nc16|np25|br0.5|random_1_100|ms3|r100|s9,sec_radius,astana_clinic,16,25,0.5,random_1_100,3,100,9,3616,sha256:ae193510869c6db9ce7e41cdff85aedb66c0166f910e89c1838d407d8fdfc9b1,697,65536,0,0,13,2,c06 c11 c15,c11 c13 c15,c06 c11 c15
sec_radius|astana_clinic|nc16|np25|br0.5|random_1_100|ms3|r300|s9,sec_radius,astana_clinic,16,25,0.5,random_1_100,3,300,9,3616,sha256:65918797ae329b6fdd47e2159cff969bf40a494b4e9e2449271936fbf1864eb0,697,65536,0,0,13,3,c06 c11 c15,c11 c13 c15,c05 c10 c15
sec_radius|astana_clinic|nc16|np25|br0.5|random_1_100|ms3|r800|s9,sec_radius,astana_clinic,16,25,0.5,random_1_100,3,800,9,3616,sha256:88282b493427d38d32c0d5930f4fe15684e0f8a173f4098039c483fdbbbbd59a,697,65536,0,0,13,2,c06 c11 c15,c11 c13 c15,c06 c11 c15
sec_max_selected|astana_clinic_nobase|nc16|np25|br0.5|random_1_100|ms1|r300|s0,sec_max_selected,astana_clinic_nobase,16,25,0.5,random_1_100,1,300,0,4557,sha256:f5467d46c0ccfcb59984766ad348b744bc81552e5b690d9013b06631f3c9a678,17,65536,0,25,7,2,c01,c01,c02
sec_max_selected|astana_clinic_nobase|nc16|np25|br0.5|random_1_100|ms2|r300|s0,sec_max_selected,astana_clinic_nobase,16,25,0.5,random_1_100,2,300,0,4557,sha256:63eddcf9d406bd9f38b8a3a14405bf944bfce29f34f23da6f72374dd6e6f4fe9,137,65536,0,25,13,3,c03 c06,c03 c13,c02 c10
sec_max_selected|astana_clinic_nobase|nc16|np25|br0.5|random_1_100|ms5|r300|s0,sec_max_selected,astana_clinic_nobase,16,25,0.5,random_1_100,5,300,0,4557,sha256:34d5301a448c32b73a01d9df4414f25076473ade0f3fb7a94b25414a5b2b4425,6885,65536,0,25,27,3,c02 c03 c04 c09 c12,c00 c02 c03 c09 c12,c00 c02 c03 c09 c10
sec_radius|astana_clinic_nobase|nc16|np25|br0.5|random_1_100|ms3|r100|s0,sec_radius,astana_clinic_nobase,16,25,0.5,random_1_100,3,100,0,4557,sha256:e46c2f3728d09c7efaa943ba038e795b56f97b2c719db559c660d3eda2aab6d1,697,65536,0,25,20,2,c03 c06 c12,c03 c06 c12,c02 c03 c06
sec_radius|astana_clinic_nobase|nc16|np25|br0.5|random_1_100|ms3|r300|s0,sec_radius,astana_clinic_nobase,16,25,0.5,random_1_100,3,300,0,4557,sha256:a49d4f655407028f0648a9b82886550140121eda0a1cf17d08240aac66bc8c5e,697,65536,0,25,20,2,c03 c06 c12,c03 c06 c12,c02 c09 c10
sec_radius|astana_clinic_nobase|nc16|np25|br0.5|random_1_100|ms3|r800|s0,sec_radius,astana_clinic_nobase,16,25,0.5,random_1_100,3,800,0,4557,sha256:3c17a63b36fba6042416dcd4a7c2e2ddd1ea28125336e691c68b4de5bea45dd6,697,65536,0,25,20,1,c03 c06 c12,c03 c06 c12,c03 c06 c12
sec_max_selected|astana_clinic_nobase|nc16|np25|br0.5|random_1_100|ms1|r300|s1,sec_max_selected,astana_clinic_nobase,16,25,0.5,random_1_100,1,300,1,4627,sha256:8254b8eeb79d94c2690c20aa29ad237c9ae7fc654de7519a2a93343abaef483b,17,65536,0,25,5,2,c01,c01,c06
sec_max_selected|astana_clinic_nobase|nc16|np25|br0.5|random_1_100|ms2|r300|s1,sec_max_selected,astana_clinic_nobase,16,25,0.5,random_1_100,2,300,1,4627,sha256:f7b62654df8e798b7e78c1fae396007c2c972a8340be2d26d33f263b77eaf3bd,137,65536,0,25,12,3,c03 c10,c06 c09,c03 c06
sec_max_selected|astana_clinic_nobase|nc16|np25|br0.5|random_1_100|ms5|r300|s1,sec_max_selected,astana_clinic_nobase,16,25,0.5,random_1_100,5,300,1,4627,sha256:c7202c611f020735b1296d5e52d01044bafee3be4c21ecee293201dd5bc23527,6885,65536,0,25,28,2,c03 c04 c06 c10 c13,c03 c04 c06 c10 c13,c00 c03 c06 c09 c13
sec_radius|astana_clinic_nobase|nc16|np25|br0.5|random_1_100|ms3|r100|s1,sec_radius,astana_clinic_nobase,16,25,0.5,random_1_100,3,100,1,4627,sha256:4aa6df5d8ead143174c7e3776673a77903a35b4b2e4e659d2e162c5a08ee7f74,697,65536,0,25,19,3,c06 c07 c10,c00 c06 c08,c09 c10 c13
sec_radius|astana_clinic_nobase|nc16|np25|br0.5|random_1_100|ms3|r300|s1,sec_radius,astana_clinic_nobase,16,25,0.5,random_1_100,3,300,1,4627,sha256:4ab9f24f48039844b5166a243a1e77ee38427d59235e145733f702431180a2f6,697,65536,0,25,19,3,c06 c07 c10,c00 c06 c08,c02 c03 c06
sec_radius|astana_clinic_nobase|nc16|np25|br0.5|random_1_100|ms3|r800|s1,sec_radius,astana_clinic_nobase,16,25,0.5,random_1_100,3,800,1,4627,sha256:06ef8499cee39d20a64c1e57693c95f202ef34c88a3b6f9af1cf7a3f022d9d10,697,65536,0,25,19,2,c06 c07 c10,c00 c06 c08,c00 c06 c08
sec_max_selected|astana_clinic_nobase|nc16|np25|br0.5|random_1_100|ms1|r300|s2,sec_max_selected,astana_clinic_nobase,16,25,0.5,random_1_100,1,300,2,3458,sha256:92fd06ff11d04478616d07de4ea1e1ccc0f0ae48f79bbca86bc0cbc2f8e65683,17,65536,0,25,2,3,c06,c04,c10
sec_max_selected|astana_clinic_nobase|nc16|np25|br0.5|random_1_100|ms2|r300|s2,sec_max_selected,astana_clinic_nobase,16,25,0.5,random_1_100,2,300,2,3458,sha256:6a803bfa4c0b09d5a47119e96338448cc84ace5df6b7a5a4222e5feb53b158fe,137,65536,0,25,7,3,c09 c15,c13 c15,c00 c10
sec_max_selected|astana_clinic_nobase|nc16|np25|br0.5|random_1_100|ms5|r300|s2,sec_max_selected,astana_clinic_nobase,16,25,0.5,random_1_100,5,300,2,3458,sha256:2fd8866a608b4707c00f22beeeb4392180090b369caf4e8fb690e9495b82f985,6885,65536,0,25,21,3,c00 c03 c09 c12 c15,c00 c02 c12 c13 c15,c00 c03 c08 c09 c15
sec_radius|astana_clinic_nobase|nc16|np25|br0.5|random_1_100|ms3|r100|s2,sec_radius,astana_clinic_nobase,16,25,0.5,random_1_100,3,100,2,3458,sha256:a039205acce1d042e7bd04333444fe378e807de3bb4f7694d93ab3849f58dd56,697,65536,0,25,14,2,c00 c09 c15,c05 c12 c15,c00 c09 c15
sec_radius|astana_clinic_nobase|nc16|np25|br0.5|random_1_100|ms3|r300|s2,sec_radius,astana_clinic_nobase,16,25,0.5,random_1_100,3,300,2,3458,sha256:3d614b147f38ea23b94188f5f549b33a2582c0458e3c0fc95d435f7f20a83c7e,697,65536,0,25,14,3,c00 c09 c15,c05 c12 c15,c00 c10 c15
sec_radius|astana_clinic_nobase|nc16|np25|br0.5|random_1_100|ms3|r800|s2,sec_radius,astana_clinic_nobase,16,25,0.5,random_1_100,3,800,2,3458,sha256:9648e892f4fc1b46f8af3bd53931c5745fe796b3a3d84208bee9f833d50787ef,697,65536,0,25,14,3,c00 c09 c15,c05 c12 c15,c03 c04 c10
sec_max_selected|astana_clinic_nobase|nc16|np25|br0.5|random_1_100|ms1|r300|s3,sec_max_selected,astana_clinic_nobase,16,25,0.5,random_1_100,1,300,3,5321,sha256:cc550bbfd83b8ce73b3a87a87a8c84fb885ac4c47ef7d06f270df6bce7a24dda,17,65536,0,25,2,3,c05,c00,c14
sec_max_selected|astana_clinic_nobase|nc16|np25|br0.5|random_1_100|ms2|r300|s3,sec_max_selected,astana_clinic_nobase,16,25,0.5,random_1_100,2,300,3,5321,sha256:034d9bc2ef86d205674bf3d4f5b4d47e55f26500fde94db3734487f6d1025a41,137,65536,0,25,9,3,c05 c07,c00 c05,c06 c07
sec_max_selected|astana_clinic_nobase|nc16|np25|br0.5|random_1_100|ms5|r300|s3,sec_max_selected,astana_clinic_nobase,16,25,0.5,random_1_100,5,300,3,5321,sha256:7194c31e148d5c3b88244ac37a09e24a95425cc60f2cd9d4001dffa1e69b2c27,6885,65536,0,25,16,2,c00 c01 c02 c07 c14,c00 c01 c02 c07 c14,c00 c01 c04 c07 c14
sec_radius|astana_clinic_nobase|nc16|np25|br0.5|random_1_100|ms3|r100|s3,sec_radius,astana_clinic_nobase,16,25,0.5,random_1_100,3,100,3,5321,sha256:2375bee97f63c6e3809ef83782f41f9642d24deeae5d0cb2e12891ceeebfb014,697,65536,0,25,9,3,c01 c07 c14,c00 c05 c07,c00 c02 c07
sec_radius|astana_clinic_nobase|nc16|np25|br0.5|random_1_100|ms3|r300|s3,sec_radius,astana_clinic_nobase,16,25,0.5,random_1_100,3,300,3,5321,sha256:e268fddfc8937822c6ba038a079ecec10c1f254102cc11e6e5e6c19e2c6eaca6,697,65536,0,25,9,3,c01 c07 c14,c00 c05 c07,c00 c06 c07
sec_radius|astana_clinic_nobase|nc16|np25|br0.5|random_1_100|ms3|r800|s3,sec_radius,astana_clinic_nobase,16,25,0.5,random_1_100,3,800,3,5321,sha256:1afb1415d4253ed8144bd009a0d4fec8523480708177da6f62038600c4e0e5b5,697,65536,0,25,9,2,c01 c07 c14,c00 c05 c07,c01 c07 c14
sec_max_selected|astana_clinic_nobase|nc16|np25|br0.5|random_1_100|ms1|r300|s4,sec_max_selected,astana_clinic_nobase,16,25,0.5,random_1_100,1,300,4,4003,sha256:f61d2a9c728c5d89a027b89d67833f185e04db71cc4697d262edc1aacecd4b2e,17,65536,0,25,5,3,c02,c10,c06
sec_max_selected|astana_clinic_nobase|nc16|np25|br0.5|random_1_100|ms2|r300|s4,sec_max_selected,astana_clinic_nobase,16,25,0.5,random_1_100,2,300,4,4003,sha256:e75d0ef814bb8b20363469e2c43bc8c2fb70b057f4ad309842fda7201184013c,137,65536,0,25,9,2,c09 c14,c09 c14,c06 c13
sec_max_selected|astana_clinic_nobase|nc16|np25|br0.5|random_1_100|ms5|r300|s4,sec_max_selected,astana_clinic_nobase,16,25,0.5,random_1_100,5,300,4,4003,sha256:cfa76e1b4f9b358644a3f328ca08d4cccbe3ffddf66a2fed7592b0265e2d9400,6885,65536,0,25,20,3,c06 c09 c13 c14 c15,c06 c09 c12 c13 c15,c06 c09 c10 c13 c14
sec_radius|astana_clinic_nobase|nc16|np25|br0.5|random_1_100|ms3|r100|s4,sec_radius,astana_clinic_nobase,16,25,0.5,random_1_100,3,100,4,4003,sha256:538dedff4ea6c4a08f1215425edce431396498c2bd0b5a54caa38f1f3162d7a8,697,65536,0,25,12,3,c02 c09 c13,c12 c14 c15,c02 c13 c15
sec_radius|astana_clinic_nobase|nc16|np25|br0.5|random_1_100|ms3|r300|s4,sec_radius,astana_clinic_nobase,16,25,0.5,random_1_100,3,300,4,4003,sha256:d897e4160dfd6924d2cc57a8b60c80c448ea2b6dfd643e03082e8fd0af6f74de,697,65536,0,25,12,3,c02 c09 c13,c12 c14 c15,c06 c13 c14
sec_radius|astana_clinic_nobase|nc16|np25|br0.5|random_1_100|ms3|r800|s4,sec_radius,astana_clinic_nobase,16,25,0.5,random_1_100,3,800,4,4003,sha256:0d4115e53cd6dbc4d455d88f8ec2ecfca8818b2df0a112f8338223a4be8f432b,697,65536,0,25,12,2,c02 c09 c13,c12 c14 c15,c12 c14 c15
sec_max_selected|astana_clinic_nobase|nc16|np25|br0.5|random_1_100|ms1|r300|s5,sec_max_selected,astana_clinic_nobase,16,25,0.5,random_1_100,1,300,5,3811,sha256:645474602fdc3fb23d3d834fe7c0447d166819d18791bcf42b4ee746407e6b51,17,65536,0,25,5,3,c05,c09,c11
sec_max_selected|astana_clinic_nobase|nc16|np25|br0.5|random_1_100|ms2|r300|s5,sec_max_selected,astana_clinic_nobase,16,25,0.5,random_1_100,2,300,5,3811,sha256:ec07b74e06c27f350102982b5c5877654e5e7a57e727eb19d38953f44a20662c,137,65536,0,25,7,3,c01 c11,c01 c08,c00 c11
sec_max_selected|astana_clinic_nobase|nc16|np25|br0.5|random_1_100|ms5|r300|s5,sec_max_selected,astana_clinic_nobase,16,25,0.5,random_1_100,5,300,5,3811,sha256:ad372f48b85970a825b720d79af953756dc3e4da541ef9b566c2ab727196eca8,6850,65536,1,25,13,2,c00 c02 c04 c11 c12,c02 c04 c11 c12 c15,c00 c02 c04 c11 c12
sec_radius|astana_clinic_nobase|nc16|np25|br0.5|random_1_100|ms3|r100|s5,sec_radius,astana_clinic_nobase,16,25,0.5,random_1_100,3,100,5,3811,sha256:3f0205b0c95fda96ff48b8e3b8fee71a2f0f4bb2ecdbdcb2727e9b3dadbf1d80,697,65536,0,25,9,3,c00 c02 c11,c01 c02 c11,c00 c02 c12
sec_radius|astana_clinic_nobase|nc16|np25|br0.5|random_1_100|ms3|r300|s5,sec_radius,astana_clinic_nobase,16,25,0.5,random_1_100,3,300,5,3811,sha256:5472b493bfa9b0583577506b08093e684f0bdd04d1c1aa3757970bf5f3ad1493,697,65536,0,25,9,2,c00 c02 c11,c01 c02 c11,c00 c02 c11
sec_radius|astana_clinic_nobase|nc16|np25|br0.5|random_1_100|ms3|r800|s5,sec_radius,astana_clinic_nobase,16,25,0.5,random_1_100,3,800,5,3811,sha256:0cf4777a22c905477e26b2b3c81223579e0c14a1b3371ba7ddfca4bd62a8bd4c,697,65536,0,25,9,3,c00 c02 c11,c01 c02 c11,c01 c02 c09
sec_max_selected|astana_clinic_nobase|nc16|np25|br0.5|random_1_100|ms1|r300|s6,sec_max_selected,astana_clinic_nobase,16,25,0.5,random_1_100,1,300,6,4783,sha256:8526d35d886989f82c0e4311ddbe11ba24bc9df531b71bd2cf89ac6ebea7841a,17,65536,0,25,3,2,c06,c06,c11
sec_max_selected|astana_clinic_nobase|nc16|np25|br0.5|random_1_100|ms2|r300|s6,sec_max_selected,astana_clinic_nobase,16,25,0.5,random_1_100,2,300,6,4783,sha256:246084b709e436d09fd56d71f4bd5c798af01cc09e6e16c2366eeeb8d5f0e390,137,65536,0,25,6,3,c06 c11,c07 c15,c08 c11
sec_max_selected|astana_clinic_nobase|nc16|np25|br0.5|random_1_100|ms5|r300|s6,sec_max_selected,astana_clinic_nobase,16,25,0.5,random_1_100,5,300,6,4783,sha256:2c83397ebc62d4fcd32c7ee4fe1e942aadf653f659c791cbf438dd68496e82e1,6885,65536,0,25,20,3,c02 c07 c08 c11 c14,c02 c04 c08 c11 c13,c00 c03 c07 c11 c14
sec_radius|astana_clinic_nobase|nc16|np25|br0.5|random_1_100|ms3|r100|s6,sec_radius,astana_clinic_nobase,16,25,0.5,random_1_100,3,100,6,4783,sha256:de6b76a79bbf28ba7d3ab06da097865f025f38efd3e9ddcfe46ec1cec8677db9,697,65536,0,25,12,3,c00 c11 c14,c07 c10 c13,c07 c10 c14
sec_radius|astana_clinic_nobase|nc16|np25|br0.5|random_1_100|ms3|r300|s6,sec_radius,astana_clinic_nobase,16,25,0.5,random_1_100,3,300,6,4783,sha256:dba51fc4ce5d7771b9bd19d3b76357a917f415f30e0f6f4fc5720f230cac6744,697,65536,0,25,12,2,c00 c11 c14,c07 c10 c13,c00 c11 c14
sec_radius|astana_clinic_nobase|nc16|np25|br0.5|random_1_100|ms3|r800|s6,sec_radius,astana_clinic_nobase,16,25,0.5,random_1_100,3,800,6,4783,sha256:77283c83b4ecaa38f0f1cfe0647be110e9deb7e757a4a13c79a206dd711c7b61,697,65536,0,25,12,3,c00 c11 c14,c07 c10 c13,c01 c09 c10
sec_max_selected|astana_clinic_nobase|nc16|np25|br0.5|random_1_100|ms1|r300|s7,sec_max_selected,astana_clinic_nobase,16,25,0.5,random_1_100,1,300,7,5011,sha256:bcc2d6647647b131dfcefc10b3acc07b97cc14cc50d58c43de687832acba0b01,17,65536,0,25,2,1,c07,c07,c07
sec_max_selected|astana_clinic_nobase|nc16|np25|br0.5|random_1_100|ms2|r300|s7,sec_max_selected,astana_clinic_nobase,16,25,0.5,random_1_100,2,300,7,5011,sha256:0c342f7c3d8c516b12cf9ff2c722c556c71a6f4e879151063c1f20ea38dd8e70,137,65536,0,25,6,3,c05 c10,c05 c07,c07 c09
sec_max_selected|astana_clinic_nobase|nc16|np25|br0.5|random_1_100|ms5|r300|s7,sec_max_selected,astana_clinic_nobase,16,25,0.5,random_1_100,5,300,7,5011,sha256:ce0a68a062f13ef6c890ac182fb3ce2932d2ac8470af4cbce82609f37949b9d8,6885,65536,0,25,14,3,c04 c05 c06 c07 c12,c04 c05 c06 c09 c15,c01 c04 c05 c07 c09
sec_radius|astana_clinic_nobase|nc16|np25|br0.5|random_1_100|ms3|r100|s7,sec_radius,astana_clinic_nobase,16,25,0.5,random_1_100,3,100,7,5011,sha256:bb4edf69bf503ad8f0a19867467c4bc3c8382946e88ab25ace0e67d91f7b4c78,697,65536,0,25,11,3,c05 c07 c12,c05 c06 c12,c01 c04 c05
sec_radius|astana_clinic_nobase|nc16|np25|br0.5|random_1_100|ms3|r300|s7,sec_radius,astana_clinic_nobase,16,25,0.5,random_1_100,3,300,7,5011,sha256:edc6f6fc93f5af7439ec7d70dd3e751623d79705b1e382018619db5e97d003ad,697,65536,0,25,11,3,c05 c07 c12,c05 c06 c12,c04 c07 c09
sec_radius|astana_clinic_nobase|nc16|np25|br0.5|random_1_100|ms3|r800|s7,sec_radius,astana_clinic_nobase,16,25,0.5,random_1_100,3,800,7,5011,sha256:706f313fe88ca40a79f7b3f3ef2f8809dd211e62ee8958ad877ea2dcefed23dc,697,65536,0,25,11,3,c05 c07 c12,c05 c06 c12,c04 c05 c12
sec_max_selected|astana_clinic_nobase|nc16|np25|br0.5|random_1_100|ms1|r300|s8,sec_max_selected,astana_clinic_nobase,16,25,0.5,random_1_100,1,300,8,4324,sha256:cc087029fa5588ee051d7b47468653cf6c580d213dad4cd82a6be9bc558ca5f1,17,65536,0,25,3,3,c07,c05,c13
sec_max_selected|astana_clinic_nobase|nc16|np25|br0.5|random_1_100|ms2|r300|s8,sec_max_selected,astana_clinic_nobase,16,25,0.5,random_1_100,2,300,8,4324,sha256:0b6e89388a0894ca52e4208d8623088884b0e3c385607f4215d991c7dc919ff9,137,65536,0,25,11,3,c04 c10,c08 c09,c08 c13
sec_max_selected|astana_clinic_nobase|nc16|np25|br0.5|random_1_100|ms5|r300|s8,sec_max_selected,astana_clinic_nobase,16,25,0.5,random_1_100,5,300,8,4324,sha256:f87a26ff50f4646260c696aa40a3b634bffd23cbb7fabff6e7d9b0c1a3cd80f8,6885,65536,0,25,23,3,c03 c04 c08 c10 c13,c00 c08 c09 c10 c12,c02 c03 c04 c08 c13
sec_radius|astana_clinic_nobase|nc16|np25|br0.5|random_1_100|ms3|r100|s8,sec_radius,astana_clinic_nobase,16,25,0.5,random_1_100,3,100,8,4324,sha256:052cff9bba886be0a0725b6cc5284bb8d6f67a4a4557dfdf77ce90f9067dab5f,697,65536,0,25,13,3,c09 c10 c12,c00 c07 c10,c03 c04 c08
sec_radius|astana_clinic_nobase|nc16|np25|br0.5|random_1_100|ms3|r300|s8,sec_radius,astana_clinic_nobase,16,25,0.5,random_1_100,3,300,8,4324,sha256:8e133656acf7c07e65ea8f5dc2cbd8c962fda9026ee15e5e436dcaafd6c3122e,697,65536,0,25,13,3,c09 c10 c12,c00 c07 c10,c03 c08 c13
sec_radius|astana_clinic_nobase|nc16|np25|br0.5|random_1_100|ms3|r800|s8,sec_radius,astana_clinic_nobase,16,25,0.5,random_1_100,3,800,8,4324,sha256:06d2463acb1d3abf00ca69ad3eb8d5c68ed657730b6ebd60d6b183c3244cfaa4,697,65536,0,25,13,3,c09 c10 c12,c00 c07 c10,c04 c07 c10
sec_max_selected|astana_clinic_nobase|nc16|np25|br0.5|random_1_100|ms1|r300|s9,sec_max_selected,astana_clinic_nobase,16,25,0.5,random_1_100,1,300,9,4702,sha256:0a098329708264120cb6bdae04c167d484203115d7c0d42337e59bd6ea618eda,17,65536,0,25,4,3,c09,c11,c10
sec_max_selected|astana_clinic_nobase|nc16|np25|br0.5|random_1_100|ms2|r300|s9,sec_max_selected,astana_clinic_nobase,16,25,0.5,random_1_100,2,300,9,4702,sha256:ba880d91eacc0222ccc2caf7047c8a7adfa21ffb3c60c949b6e306fa4d2d9c65,137,65536,0,25,6,3,c09 c15,c08 c09,c05 c10
sec_max_selected|astana_clinic_nobase|nc16|np25|br0.5|random_1_100|ms5|r300|s9,sec_max_selected,astana_clinic_nobase,16,25,0.5,random_1_100,5,300,9,4702,sha256:8d34623a94be35b00bc5c54f68d33cce79a4c658695c159639d7c95b836de19e,6885,65536,0,25,18,3,c03 c05 c06 c12 c15,c00 c02 c03 c06 c08,c03 c05 c10 c13 c15
sec_radius|astana_clinic_nobase|nc16|np25|br0.5|random_1_100|ms3|r100|s9,sec_radius,astana_clinic_nobase,16,25,0.5,random_1_100,3,100,9,4702,sha256:600e36737cf3e61ba2157ada79d92aa6eca0d92b17d374cfa43d993d95cae9e7,697,65536,0,25,7,3,c05 c12 c15,c01 c04 c14,c00 c03 c12
sec_radius|astana_clinic_nobase|nc16|np25|br0.5|random_1_100|ms3|r300|s9,sec_radius,astana_clinic_nobase,16,25,0.5,random_1_100,3,300,9,4702,sha256:f497dbadedae745e2c12c68c7b55549c1ed83e84b9036ca5297540f0a6cb4e14,697,65536,0,25,7,3,c05 c12 c15,c01 c04 c14,c05 c10 c15
sec_radius|astana_clinic_nobase|nc16|np25|br0.5|random_1_100|ms3|r800|s9,sec_radius,astana_clinic_nobase,16,25,0.5,random_1_100,3,800,9,4702,sha256:d9fe3c3c468d5c6a3854fe794d755cc4070fd87d66ff61d51e9a085b1653ab3b,697,65536,0,25,7,3,c05 c12 c15,c01 c04 c14,c05 c06 c15
