scenario_key,t_precompute_s,t_exact_all3_s,t_G1_mean_s,t_G2_mean_s,t_G1_minimax_s,t_G2_minimax_s,t_G1_coverage_s,t_G2_coverage_s
main|shymkent_school|nc6|np5|br0.25|uniform|ms3|r300|s0,0.000083103,0.000052413,0.000025829,0.000043336,0.000023308,0.000041979,0.000023537,0.000040204
main|shymkent_school|nc6|np5|br0.25|uniform|ms3|r300|s1,0.000080205,0.000037418,0.000021856,0.000037037,0.000022756,0.000031056,0.000022884,0.000038994
main|shymkent_school|nc6|np5|br0.25|uniform|ms3|r300|s2,0.000074924,0.000046774,0.000020108,0.000037897,0.000021055,0.000043089,0.000020099,0.000045015
main|shymkent_school|nc6|np5|br0.25|uniform|ms3|r300|s3,0.000079534,0.000042786,0.000030152,0.000063453,0.000026463,0.000059446,0.000028351,0.000050749
main|shymkent_school|nc6|np5|br0.25|uniform|ms3|r300|s4,0.000080112,0.000041163,0.000026663,0.000044254,0.000026268,0.000039872,0.000026107,0.000045917
main|shymkent_school|nc6|np5|br0.25|uniform|ms3|r300|s5,0.000081348,0.000043727,0.000032580,0.000051757,0.000033048,0.000043882,0.000031522,0.000046133
main|shymkent_school|nc6|np5|br0.25|uniform|ms3|r300|s6,0.000076156,0.000046657,0.000030033,0.000048774,0.000026296,0.000047730,0.000027551,0.000046497
main|shymkent_school|nc6|np5|br0.25|uniform|ms3|r300|s7,0.000079903,0.000039803,0.000032178,0.000051640,0.000031552,0.000051427,0.000033784,0.000053265
main|shymkent_school|nc6|np5|br0.25|uniform|ms3|r300|s8,0.000075451,0.000047402,0.000027918,0.000045845,0.000027111,0.000030885,0.000029061,0.000029995
main|shymkent_school|nc6|np5|br0.25|uniform|ms3|r300|s9,0.000075364,0.000043923,0.000024466,0.000045701,0.000025889,0.000044910,0.000030396,0.000037281
main|shymkent_school|nc6|np5|br0.25|random_1_100|ms3|r300|s0,0.000081110,0.000031478,0.000020976,0.000038914,0.000024828,0.000036198,0.000021033,0.000038158
main|shymkent_school|nc6|np5|br0.25|random_1_100|ms3|r300|s1,0.000082494,0.000037524,0.000022365,0.000043100,0.000021055,0.000039979,0.000020503,0.000038882
main|shymkent_school|nc6|np5|br0.25|random_1_100|ms3|r300|s2,0.000075669,0.000043718,0.000028220,0.000046732,0.000025462,0.000039793,0.000030728,0.000046324
main|shymkent_school|nc6|np5|br0.25|random_1_100|ms3|r300|s3,0.000081021,0.000048061,0.000030910,0.000060765,0.000028664,0.000050353,0.000030876,0.000053839
main|shymkent_school|nc6|np5|br0.25|random_1_100|ms3|r300|s4,0.000075171,0.000035222,0.000026223,0.000044602,0.000023972,0.000046593,0.000030142,0.000051026
main|shymkent_school|nc6|np5|br0.25|random_1_100|ms3|r300|s5,0.000083518,0.000040230,0.000026299,0.000046804,0.000025467,0.000049120,0.000026312,0.000043671
main|shymkent_school|nc6|np5|br0.25|random_1_100|ms3|r300|s6,0.000082772,0.000041693,0.000026311,0.000050331,0.000024469,0.000048575,0.000023416,0.000044951
main|shymkent_school|nc6|np5|br0.25|random_1_100|ms3|r300|s7,0.000080223,0.000031560,0.000025531,0.000048951,0.000024675,0.000049057,0.000026020,0.000048312
main|shymkent_school|nc6|np5|br0.25|random_1_100|ms3|r300|s8,0.000076906,0.000046777,0.000022658,0.000042291,0.000021948,0.000039957,0.000028475,0.000038097
main|shymkent_school|nc6|np5|br0.25|random_1_100|ms3|r300|s9,0.000081293,0.000032916,0.000026619,0.000047061,0.000025775,0.000039235,0.000025343,0.000042564
main|shymkent_school|nc6|np5|br0.25|one_heavy|ms3|r300|s0,0.000076892,0.000041280,0.000023725,0.000042877,0.000024359,0.000046273,0.000024738,0.000035975
main|shymkent_school|nc6|np5|br0.25|one_heavy|ms3|r300|s1,0.000082340,0.000042191,0.000022430,0.000043555,0.000022654,0.000031245,0.000022913,0.000035965
main|shymkent_school|nc6|np5|br0.25|one_heavy|ms3|r300|s2,0.000080122,0.000042891,0.000025086,0.000052763,0.000026337,0.000045465,0.000024319,0.000051218
main|shymkent_school|nc6|np5|br0.25|one_heavy|ms3|r300|s3,0.000081629,0.000042162,0.000038410,0.000062903,0.000034684,0.000061639,0.000036397,0.000044399
main|shymkent_school|nc6|np5|br0.25|one_heavy|ms3|r300|s4,0.000075765,0.000041681,0.000027541,0.000045180,0.000027637,0.000041358,0.000028448,0.000037566
main|shymkent_school|nc6|np5|br0.25|one_heavy|ms3|r300|s5,0.000082233,0.000041081,0.000030261,0.000054749,0.000030148,0.000033030,0.000029043,0.000045298
main|shymkent_school|nc6|np5|br0.25|one_heavy|ms3|r300|s6,0.000075581,0.000045295,0.000029304,0.000054164,0.000030894,0.000056705,0.000029301,0.000051176
main|shymkent_school|nc6|np5|br0.25|one_heavy|ms3|r300|s7,0.000076536,0.000047562,0.000029465,0.000044136,0.000028586,0.000032990,0.000030200,0.000031357
main|shymkent_school|nc6|np5|br0.25|one_heavy|ms3|r300|s8,0.000085755,0.000044224,0.000030547,0.000053062,0.000030756,0.000043642,0.000032128,0.000056890
main|shymkent_school|nc6|np5|br0.25|one_heavy|ms3|r300|s9,0.000074527,0.000037149,0.000024554,0.000046203,0.000022253,0.000041912,0.000021321,0.000039676
main|shymkent_school|nc6|np5|br0.5|uniform|ms3|r300|s0,0.000076623,0.000111892,0.000041495,0.000066159,0.000038616,0.000061984,0.000042768,0.000043483
main|shymkent_school|nc6|np5|br0.5|uniform|ms3|r300|s1,0.000081684,0.000110450,0.000045177,0.000087289,0.000047322,0.000060743,0.000045755,0.000060329
main|shymkent_school|nc6|np5|br0.5|uniform|ms3|r300|s2,0.000077694,0.000112879,0.000041751,0.000074732,0.000042815,0.000062335,0.000045024,0.000061386
main|shymkent_school|nc6|np5|br0.5|uniform|ms3|r300|s3,0.000076799,0.000104031,0.000034799,0.000060640,0.000037088,0.000058680,0.000034100,0.000057010
main|shymkent_school|nc6|np5|br0.5|uniform|ms3|r300|s4,0.000079114,0.000111421,0.000043800,0.000070771,0.000050962,0.000078854,0.000042760,0.000064125
main|shymkent_school|nc6|np5|br0.5|uniform|ms3|r300|s5,0.000075703,0.000109333,0.000057896,0.000084694,0.000055692,0.000061598,0.000055698,0.000047477
main|shymkent_school|nc6|np5|br0.5|uniform|ms3|r300|s6,0.000079139,0.000113749,0.000052523,0.000077922,0.000052076,0.000045297,0.000051469,0.000044143
main|shymkent_school|nc6|np5|br0.5|uniform|ms3|r300|s7,0.000081492,0.000108246,0.000051975,0.000086999,0.000049899,0.000045471,0.000054167,0.000063055
main|shymkent_school|nc6|np5|br0.5|uniform|ms3|r300|s8,0.000079395,0.000107277,0.000039973,0.000076801,0.000039912,0.000080333,0.000042716,0.000046296
main|shymkent_school|nc6|np5|br0.5|uniform|ms3|r300|s9,0.000080568,0.000107557,0.000042253,0.000062752,0.000045827,0.000046833,0.000042202,0.000043197
main|shymkent_school|nc6|np5|br0.5|random_1_100|ms3|r300|s0,0.000083252,0.000121241,0.000041627,0.000063588,0.000042423,0.000065531,0.000040492,0.000066192
main|shymkent_school|nc6|np5|br0.5|random_1_100|ms3|r300|s1,0.000076865,0.000113707,0.000041059,0.000071256,0.000043934,0.000078959,0.000041764,0.000065259
main|shymkent_school|nc6|np5|br0.5|random_1_100|ms3|r300|s2,0.000077567,0.000110020,0.000039682,0.000071255,0.000039870,0.000066717,0.000039600,0.000065993
main|shymkent_school|nc6|np5|br0.5|random_1_100|ms3|r300|s3,0.000078077,0.000110924,0.000047080,0.000071299,0.000050556,0.000061143,0.000047350,0.000043761
main|shymkent_school|nc6|np5|br0.5|random_1_100|ms3|r300|s4,0.000076639,0.000111769,0.000060391,0.000075944,0.000049804,0.000042731,0.000048672,0.000062542
main|shymkent_school|nc6|np5|br0.5|random_1_100|ms3|r300|s5,0.000084333,0.000109512,0.000062081,0.000082897,0.000053784,0.000061966,0.000053231,0.000044535
main|shymkent_school|nc6|np5|br0.5|random_1_100|ms3|r300|s6,0.000077409,0.000112884,0.000042298,0.000067135,0.000042592,0.000068229,0.000042044,0.000068600
main|shymkent_school|nc6|np5|br0.5|random_1_100|ms3|r300|s7,0.000079979,0.000121119,0.000040637,0.000067620,0.000042371,0.000067298,0.000042648,0.000063428
main|shymkent_school|nc6|np5|br0.5|random_1_100|ms3|r300|s8,0.000079034,0.000104815,0.000024875,0.000044709,0.000027824,0.000047496,0.000025632,0.000044199
main|shymkent_school|nc6|np5|br0.5|random_1_100|ms3|r300|s9,0.000079606,0.000120794,0.000042315,0.000068466,0.000041589,0.000053149,0.000051841,0.000060608
main|shymkent_school|nc6|np5|br0.5|one_heavy|ms3|r300|s0,0.000072499,0.000112671,0.000045789,0.000082933,0.000045368,0.000071467,0.000048952,0.000083379
main|shymkent_school|nc6|np5|br0.5|one_heavy|ms3|r300|s1,0.000072620,0.000104791,0.000050086,0.000083516,0.000051717,0.000084294,0.000051185,0.000064112
main|shymkent_school|nc6|np5|br0.5|one_heavy|ms3|r300|s2,0.000071910,0.000107175,0.000051176,0.000076166,0.000051202,0.000064016,0.000050135,0.000041791
main|shymkent_school|nc6|np5|br0.5|one_heavy|ms3|r300|s3,0.000075846,0.000114799,0.000039476,0.000070910,0.000037106,0.000062939,0.000049302,0.000072796
main|shymkent_school|nc6|np5|br0.5|one_heavy|ms3|r300|s4,0.000074955,0.000106899,0.000048870,0.000077553,0.000055979,0.000060249,0.000052330,0.000042388
main|shymkent_school|nc6|np5|br0.5|one_heavy|ms3|r300|s5,0.000076255,0.000106943,0.000039408,0.000060463,0.000038124,0.000061474,0.000041393,0.000042556
main|shymkent_school|nc6|np5|br0.5|one_heavy|ms3|r300|s6,0.000073666,0.000102065,0.000040946,0.000064737,0.000043234,0.000056693,0.000040560,0.000042278
main|shymkent_school|nc6|np5|br0.5|one_heavy|ms3|r300|s7,0.000072554,0.000105487,0.000042554,0.000068789,0.000038645,0.000066941,0.000037694,0.000043807
main|shymkent_school|nc6|np5|br0.5|one_heavy|ms3|r300|s8,0.000075496,0.000109227,0.000038556,0.000066165,0.000038952,0.000060491,0.000042532,0.000040403
main|shymkent_school|nc6|np5|br0.5|one_heavy|ms3|r300|s9,0.000076442,0.000109684,0.000046170,0.000072813,0.000047694,0.000078018,0.000045473,0.000064582
main|shymkent_school|nc6|np5|br1.0|uniform|ms3|r300|s0,0.000073447,0.000139697,0.000052828,0.000088993,0.000048959,0.000062905,0.000050776,0.000046323
main|shymkent_school|nc6|np5|br1.0|uniform|ms3|r300|s1,0.000073518,0.000137672,0.000052539,0.000090943,0.000052385,0.000071351,0.000058311,0.000043640
main|shymkent_school|nc6|np5|br1.0|uniform|ms3|r300|s2,0.000074461,0.000147112,0.000051943,0.000083200,0.000053172,0.000066042,0.000052834,0.000065443
main|shymkent_school|nc6|np5|br1.0|uniform|ms3|r300|s3,0.000071691,0.000147417,0.000038639,0.000067996,0.000041754,0.000048632,0.000041591,0.000045253
main|shymkent_school|nc6|np5|br1.0|uniform|ms3|r300|s4,0.000081856,0.000135219,0.000040897,0.000074509,0.000037868,0.000076992,0.000039067,0.000044030
main|shymkent_school|nc6|np5|br1.0|uniform|ms3|r300|s5,0.000073274,0.000133925,0.000039769,0.000057294,0.000039253,0.000058751,0.000040173,0.000041977
main|shymkent_school|nc6|np5|br1.0|uniform|ms3|r300|s6,0.000071693,0.000132398,0.000052787,0.000076996,0.000053253,0.000058523,0.000054244,0.000060351
main|shymkent_school|nc6|np5|br1.0|uniform|ms3|r300|s7,0.000072574,0.000133670,0.000052067,0.000085070,0.000051408,0.000077258,0.000051914,0.000081664
main|shymkent_school|nc6|np5|br1.0|uniform|ms3|r300|s8,0.000075362,0.000138956,0.000053224,0.000079443,0.000050710,0.000075985,0.000049861,0.000060795
main|shymkent_school|nc6|np5|br1.0|uniform|ms3|r300|s9,0.000072739,0.000134074,0.000040248,0.000060230,0.000037739,0.000041032,0.000038536,0.000043502
main|shymkent_school|nc6|np5|br1.0|random_1_100|ms3|r300|s0,0.000072105,0.000143335,0.000023704,0.000041495,0.000022614,0.000040979,0.000022202,0.000039968
main|shymkent_school|nc6|np5|br1.0|random_1_100|ms3|r300|s1,0.000072843,0.000138725,0.000055220,0.000081043,0.000052692,0.000040685,0.000051875,0.000077721
main|shymkent_school|nc6|np5|br1.0|random_1_100|ms3|r300|s2,0.000076760,0.000143463,0.000039919,0.000061310,0.000038184,0.000062181,0.000038620,0.000057163
main|shymkent_school|nc6|np5|br1.0|random_1_100|ms3|r300|s3,0.000074679,0.000139843,0.000050656,0.000079645,0.000050536,0.000040374,0.000050848,0.000061309
main|shymkent_school|nc6|np5|br1.0|random_1_100|ms3|r300|s4,0.000073165,0.000140059,0.000038021,0.000056927,0.000038607,0.000058826,0.000040255,0.000042336
main|shymkent_school|nc6|np5|br1.0|random_1_100|ms3|r300|s5,0.000072416,0.000136953,0.000050242,0.000076759,0.000055638,0.000060015,0.000051042,0.000057985
main|shymkent_school|nc6|np5|br1.0|random_1_100|ms3|r300|s6,0.000072955,0.000136809,0.000021659,0.000038539,0.000023345,0.000041493,0.000022956,0.000042734
main|shymkent_school|nc6|np5|br1.0|random_1_100|ms3|r300|s7,0.000072283,0.000154656,0.000037922,0.000060832,0.000037379,0.000063584,0.000038880,0.000058346
main|shymkent_school|nc6|np5|br1.0|random_1_100|ms3|r300|s8,0.000071900,0.000132689,0.000039006,0.000064824,0.000036782,0.000058392,0.000037075,0.000038989
main|shymkent_school|nc6|np5|br1.0|random_1_100|ms3|r300|s9,0.000073318,0.000131070,0.000024212,0.000040254,0.000021764,0.000040843,0.000022369,0.000040785
main|shymkent_school|nc6|np5|br1.0|one_heavy|ms3|r300|s0,0.000072522,0.000133258,0.000051018,0.000076723,0.000049648,0.000069089,0.000053659,0.000078186
main|shymkent_school|nc6|np5|br1.0|one_heavy|ms3|r300|s1,0.000074261,0.000131830,0.000041622,0.000059095,0.000040489,0.000060395,0.000036707,0.000059787
main|shymkent_school|nc6|np5|br1.0|one_heavy|ms3|r300|s2,0.000071302,0.000131444,0.000040857,0.000058329,0.000038085,0.000059468,0.000038608,0.000044798
main|shymkent_school|nc6|np5|br1.0|one_heavy|ms3|r300|s3,0.000076346,0.000137557,0.000037757,0.000062184,0.000037350,0.000039403,0.000039699,0.000058817
main|shymkent_school|nc6|np5|br1.0|one_heavy|ms3|r300|s4,0.000072140,0.000139288,0.000036868,0.000059429,0.000036016,0.000082135,0.000036531,0.000041884
main|shymkent_school|nc6|np5|br1.0|one_heavy|ms3|r300|s5,0.000071330,0.000141350,0.000052501,0.000085514,0.000053943,0.000060425,0.000052223,0.000058822
main|shymkent_school|nc6|np5|br1.0|one_heavy|ms3|r300|s6,0.000079456,0.000132847,0.000051464,0.000081935,0.000051204,0.000082025,0.000051383,0.000059015
main|shymkent_school|nc6|np5|br1.0|one_heavy|ms3|r300|s7,0.000071297,0.000128659,0.000042652,0.000060501,0.000038286,0.000041851,0.000039294,0.000040036
main|shymkent_school|nc6|np5|br1.0|one_heavy|ms3|r300|s8,0.000073773,0.000124373,0.000054097,0.000083900,0.000050921,0.000060805,0.000051868,0.000061746
main|shymkent_school|nc6|np5|br1.0|one_heavy|ms3|r300|s9,0.000078372,0.000122897,0.000042625,0.000057900,0.000037664,0.000040475,0.000039321,0.000040423
main|shymkent_school|nc6|np15|br0.25|uniform|ms3|r300|s0,0.000213213,0.000046754,0.000037276,0.000064780,0.000036048,0.000060635,0.000037780,0.000060193
main|shymkent_school|nc6|np15|br0.25|uniform|ms3|r300|s1,0.000205501,0.000048289,0.000024314,0.000062899,0.000022474,0.000053503,0.000023537,0.000053968
main|shymkent_school|nc6|np15|br0.25|uniform|ms3|r300|s2,0.000206057,0.000048668,0.000033004,0.000054304,0.000033283,0.000041292,0.000031834,0.000042673
main|shymkent_school|nc6|np15|br0.25|uniform|ms3|r300|s3,0.000205294,0.000050250,0.000043076,0.000077194,0.000042563,0.000065798,0.000042804,0.000049743
main|shymkent_school|nc6|np15|br0.25|uniform|ms3|r300|s4,0.000213381,0.000048809,0.000037245,0.000063481,0.000038768,0.000054773,0.000040347,0.000042898
main|shymkent_school|nc6|np15|br0.25|uniform|ms3|r300|s5,0.000221983,0.000047013,0.000032163,0.000066934,0.000031305,0.000060984,0.000032720,0.000055446
main|shymkent_school|nc6|np15|br0.25|uniform|ms3|r300|s6,0.000204419,0.000045053,0.000036632,0.000077048,0.000040650,0.000066913,0.000040740,0.000056524
main|shymkent_school|nc6|np15|br0.25|uniform|ms3|r300|s7,0.000211233,0.000054709,0.000032845,0.000052148,0.000033382,0.000038753,0.000032958,0.000041941
main|shymkent_school|nc6|np15|br0.25|uniform|ms3|r300|s8,0.000217561,0.000051143,0.000037856,0.000064060,0.000039370,0.000065835,0.000039029,0.000056813
main|shymkent_school|nc6|np15|br0.25|uniform|ms3|r300|s9,0.000213206,0.000044495,0.000034882,0.000069633,0.000031174,0.000061310,0.000035173,0.000066562
main|shymkent_school|nc6|np15|br0.25|random_1_100|ms3|r300|s0,0.000206330,0.000052901,0.000038876,0.000067755,0.000032235,0.000061095,0.000037274,0.000064454
main|shymkent_school|nc6|np15|br0.25|random_1_100|ms3|r300|s1,0.000222780,0.000042210,0.000033995,0.000071041,0.000033037,0.000085714,0.000035566,0.000064628
main|shymkent_school|nc6|np15|br0.25|random_1_100|ms3|r300|s2,0.000248224,0.000047145,0.000032314,0.000073561,0.000032831,0.000057405,0.000032345,0.000063201
main|shymkent_school|nc6|np15|br0.25|random_1_100|ms3|r300|s3,0.000221100,0.000066648,0.000034289,0.000069681,0.000035309,0.000060027,0.000031407,0.000062705
main|shymkent_school|nc6|np15|br0.25|random_1_100|ms3|r300|s4,0.000226341,0.000054118,0.000037458,0.000060287,0.000036776,0.000042457,0.000036826,0.000044625
main|shymkent_school|nc6|np15|br0.25|random_1_100|ms3|r300|s5,0.000212765,0.000044101,0.000035041,0.000075887,0.000032444,0.000062573,0.000034111,0.000067322
main|shymkent_school|nc6|np15|br0.25|random_1_100|ms3|r300|s6,0.000240669,0.000068019,0.000045164,0.000075801,0.000049351,0.000073171,0.000047933,0.000059339
main|shymkent_school|nc6|np15|br0.25|random_1_100|ms3|r300|s7,0.000247278,0.000047316,0.000033184,0.000068099,0.000042656,0.000070835,0.000048072,0.000099383
main|shymkent_school|nc6|np15|br0.25|random_1_100|ms3|r300|s8,0.000347833,0.000049266,0.000028449,0.000062120,0.000027874,0.000057718,0.000029726,0.000053528
main|shymkent_school|nc6|np15|br0.25|random_1_100|ms3|r300|s9,0.000227266,0.000040481,0.000038152,0.000069931,0.000032051,0.000067115,0.000036843,0.000065800
main|shymkent_school|nc6|np15|br0.25|one_heavy|ms3|r300|s0,0.000217560,0.000051240,0.000042232,0.000075781,0.000039747,0.000064236,0.000043132,0.000070857
main|shymkent_school|nc6|np15|br0.25|one_heavy|ms3|r300|s1,0.000216600,0.000057400,0.000035010,0.000067726,0.000032911,0.000062215,0.000037510,0.000069106
main|shymkent_school|nc6|np15|br0.25|one_heavy|ms3|r300|s2,0.000220202,0.000045652,0.000039553,0.000068588,0.000034128,0.000063764,0.000035727,0.000054700
main|shymkent_school|nc6|np15|br0.25|one_heavy|ms3|r300|s3,0.000216304,0.000049923,0.000038660,0.000063262,0.000037719,0.000065441,0.000038908,0.000055160
main|shymkent_school|nc6|np15|br0.25|one_heavy|ms3|r300|s4,0.000225603,0.000048898,0.000038964,0.000067035,0.000047160,0.000066205,0.000039184,0.000064257
main|shymkent_school|nc6|np15|br0.25|one_heavy|ms3|r300|s5,0.000230181,0.000060989,0.000031354,0.000075041,0.000030436,0.000055020,0.000032927,0.000056309
main|shymkent_school|nc6|np15|br0.25|one_heavy|ms3|r300|s6,0.000216378,0.000049969,0.000035588,0.000071413,0.000031492,0.000080751,0.000036190,0.000060952
main|shymkent_school|nc6|np15|br0.25|one_heavy|ms3|r300|s7,0.000222584,0.000059477,0.000031638,0.000061210,0.000041655,0.000071035,0.000037305,0.000057418
main|shymkent_school|nc6|np15|br0.25|one_heavy|ms3|r300|s8,0.000227147,0.000056992,0.000045713,0.000067711,0.000033403,0.000065116,0.000033692,0.000065820
main|shymkent_school|nc6|np15|br0.25|one_heavy|ms3|r300|s9,0.000222443,0.000049441,0.000042409,0.000076728,0.000038058,0.000065284,0.000034987,0.000065422
main|shymkent_school|nc6|np15|br0.5|uniform|ms3|r300|s0,0.000236463,0.000144452,0.000077175,0.000129138,0.000071215,0.000114863,0.000072057,0.000116068
main|shymkent_school|nc6|np15|br0.5|uniform|ms3|r300|s1,0.000223180,0.000135877,0.000070650,0.000128066,0.000068458,0.000088339,0.000067236,0.000083183
main|shymkent_school|nc6|np15|br0.5|uniform|ms3|r300|s2,0.000216371,0.000153238,0.000064791,0.000108047,0.000063421,0.000061899,0.000066456,0.000084365
main|shymkent_school|nc6|np15|br0.5|uniform|ms3|r300|s3,0.000218143,0.000150833,0.000070371,0.000127396,0.000070318,0.000104494,0.000077639,0.000104577
main|shymkent_school|nc6|np15|br0.5|uniform|ms3|r300|s4,0.000224209,0.000133831,0.000045426,0.000096617,0.000042869,0.000092898,0.000046317,0.000077220
main|shymkent_school|nc6|np15|br0.5|uniform|ms3|r300|s5,0.000222266,0.000135887,0.000070521,0.000109702,0.000067841,0.000106084,0.000046933,0.000074479
main|shymkent_school|nc6|np15|br0.5|uniform|ms3|r300|s6,0.000217644,0.000138312,0.000059040,0.000095902,0.000055380,0.000059019,0.000053457,0.000086790
main|shymkent_school|nc6|np15|br0.5|uniform|ms3|r300|s7,0.000217125,0.000137716,0.000061793,0.000117180,0.000060642,0.000080917,0.000061181,0.000101236
main|shymkent_school|nc6|np15|br0.5|uniform|ms3|r300|s8,0.000228308,0.000148643,0.000065453,0.000113882,0.000065467,0.000101610,0.000071420,0.000117447
main|shymkent_school|nc6|np15|br0.5|uniform|ms3|r300|s9,0.000228016,0.000145909,0.000069283,0.000120568,0.000072420,0.000091257,0.000069109,0.000112026
main|shymkent_school|nc6|np15|br0.5|random_1_100|ms3|r300|s0,0.000216578,0.000147152,0.000069308,0.000109406,0.000069311,0.000102680,0.000065873,0.000103187
main|shymkent_school|nc6|np15|br0.5|random_1_100|ms3|r300|s1,0.000221129,0.000119887,0.000066322,0.000096701,0.000067061,0.000081868,0.000066164,0.000102304
main|shymkent_school|nc6|np15|br0.5|random_1_100|ms3|r300|s2,0.000221348,0.000155397,0.000062387,0.000119004,0.000074955,0.000107956,0.000063571,0.000088636
main|shymkent_school|nc6|np15|br0.5|random_1_100|ms3|r300|s3,0.000228046,0.000131383,0.000070346,0.000123617,0.000069144,0.000100576,0.000061156,0.000103489
main|shymkent_school|nc6|np15|br0.5|random_1_100|ms3|r300|s4,0.000221455,0.000157364,0.000073930,0.000120597,0.000074456,0.000086770,0.000070312,0.000095683
main|shymkent_school|nc6|np15|br0.5|random_1_100|ms3|r300|s5,0.000219111,0.000138280,0.000071448,0.000107188,0.000071788,0.000059574,0.000068070,0.000081523
main|shymkent_school|nc6|np15|br0.5|random_1_100|ms3|r300|s6,0.000222601,0.000135911,0.000080615,0.000131028,0.000065355,0.000085094,0.000068567,0.000107839
main|shymkent_school|nc6|np15|br0.5|random_1_100|ms3|r300|s7,0.000224912,0.000136647,0.000073154,0.000107983,0.000068202,0.000093508,0.000059062,0.000103807
main|shymkent_school|nc6|np15|br0.5|random_1_100|ms3|r300|s8,0.000223175,0.000151399,0.000053964,0.000121388,0.000054391,0.000093713,0.000053666,0.000107770
main|shymkent_school|nc6|np15|br0.5|random_1_100|ms3|r300|s9,0.000218198,0.000149181,0.000073611,0.000119604,0.000071072,0.000059609,0.000072014,0.000086726
main|shymkent_school|nc6|np15|br0.5|one_heavy|ms3|r300|s0,0.000222288,0.000138659,0.000060663,0.000126490,0.000060916,0.000104533,0.000055421,0.000108150
main|shymkent_school|nc6|np15|br0.5|one_heavy|ms3|r300|s1,0.000222302,0.000145299,0.000061862,0.000112300,0.000069802,0.000106868,0.000064258,0.000110528
main|shymkent_school|nc6|np15|br0.5|one_heavy|ms3|r300|s2,0.000215983,0.000152577,0.000055537,0.000088109,0.000059167,0.000089465,0.000056595,0.000087022
main|shymkent_school|nc6|np15|br0.5|one_heavy|ms3|r300|s3,0.000223390,0.000144892,0.000075183,0.000115496,0.000072555,0.000089234,0.000077845,0.000086662
main|shymkent_school|nc6|np15|br0.5|one_heavy|ms3|r300|s4,0.000217773,0.000153092,0.000062937,0.000122336,0.000067507,0.000122887,0.000074287,0.000112409
main|shymkent_school|nc6|np15|br0.5|one_heavy|ms3|r300|s5,0.000228746,0.000141829,0.000074647,0.000106180,0.000066391,0.000097208,0.000064241,0.000081058
main|shymkent_school|nc6|np15|br0.5|one_heavy|ms3|r300|s6,0.000228123,0.000135947,0.000057267,0.000085363,0.000055276,0.000095788,0.000056726,0.000084142
main|shymkent_school|nc6|np15|br0.5|one_heavy|ms3|r300|s7,0.000223028,0.000162181,0.000068090,0.000107285,0.000066700,0.000059607,0.000070074,0.000059079
main|shymkent_school|nc6|np15|br0.5|one_heavy|ms3|r300|s8,0.000228264,0.000136296,0.000077405,0.000112808,0.000078118,0.000107276,0.000072272,0.000061349
main|shymkent_school|nc6|np15|br0.5|one_heavy|ms3|r300|s9,0.000226679,0.000147646,0.000073339,0.000116916,0.000075734,0.000084465,0.000072242,0.000091155
main|shymkent_school|nc6|np15|br1.0|uniform|ms3|r300|s0,0.000224784,0.000180858,0.000075677,0.000122620,0.000077586,0.000085211,0.000072404,0.000113505
main|shymkent_school|nc6|np15|br1.0|uniform|ms3|r300|s1,0.000216293,0.000187025,0.000075095,0.000127478,0.000094652,0.000073243,0.000075544,0.000089581
main|shymkent_school|nc6|np15|br1.0|uniform|ms3|r300|s2,0.000234970,0.000184756,0.000072199,0.000121460,0.000075709,0.000120453,0.000076099,0.000125152
main|shymkent_school|nc6|np15|br1.0|uniform|ms3|r300|s3,0.000235750,0.000180587,0.000071241,0.000143351,0.000074641,0.000113509,0.000073500,0.000083799
main|shymkent_school|nc6|np15|br1.0|uniform|ms3|r300|s4,0.000230752,0.000182519,0.000073689,0.000132288,0.000073578,0.000118657,0.000078263,0.000107272
main|shymkent_school|nc6|np15|br1.0|uniform|ms3|r300|s5,0.000223296,0.000180431,0.000077939,0.000116158,0.000077986,0.000096740,0.000075240,0.000061463
main|shymkent_school|nc6|np15|br1.0|uniform|ms3|r300|s6,0.000232064,0.000193680,0.000096545,0.000151909,0.000095834,0.000155016,0.000076329,0.000109740
main|shymkent_school|nc6|np15|br1.0|uniform|ms3|r300|s7,0.000220470,0.000199474,0.000076396,0.000118608,0.000074275,0.000102681,0.000077414,0.000154237
main|shymkent_school|nc6|np15|br1.0|uniform|ms3|r300|s8,0.000232163,0.000182811,0.000074188,0.000121825,0.000078561,0.000108148,0.000074170,0.000089571
main|shymkent_school|nc6|np15|br1.0|uniform|ms3|r300|s9,0.000227082,0.000195555,0.000079055,0.000118569,0.000075588,0.000118251,0.000074691,0.000106089
main|shymkent_school|nc6|np15|br1.0|random_1_100|ms3|r300|s0,0.000223635,0.000180107,0.000077717,0.000108808,0.000075351,0.000060589,0.000075758,0.000087472
main|shymkent_school|nc6|np15|br1.0|random_1_100|ms3|r300|s1,0.000219259,0.000173258,0.000078757,0.000122621,0.000078633,0.000113786,0.000082795,0.000113022
main|shymkent_school|nc6|np15|br1.0|random_1_100|ms3|r300|s2,0.000224936,0.000186632,0.000070835,0.000112231,0.000075350,0.000147976,0.000097088,0.000105800
main|shymkent_school|nc6|np15|br1.0|random_1_100|ms3|r300|s3,0.000227496,0.000183182,0.000073867,0.000119958,0.000074955,0.000111937,0.000072939,0.000108817
main|shymkent_school|nc6|np15|br1.0|random_1_100|ms3|r300|s4,0.000215814,0.000203878,0.000072743,0.000124086,0.000089043,0.000103382,0.000075289,0.000115669
main|shymkent_school|nc6|np15|br1.0|random_1_100|ms3|r300|s5,0.000215363,0.000196317,0.000072407,0.000126401,0.000073767,0.000085429,0.000075687,0.000062076
main|shymkent_school|nc6|np15|br1.0|random_1_100|ms3|r300|s6,0.000219201,0.000183662,0.000077188,0.000118509,0.000077553,0.000111534,0.000073676,0.000106768
main|shymkent_school|nc6|np15|br1.0|random_1_100|ms3|r300|s7,0.000225873,0.000192224,0.000074281,0.000119317,0.000074608,0.000110892,0.000074181,0.000061246
main|shymkent_school|nc6|np15|br1.0|random_1_100|ms3|r300|s8,0.000221862,0.000186011,0.000075307,0.000123661,0.000076697,0.000116775,0.000075014,0.000116840
main|shymkent_school|nc6|np15|br1.0|random_1_100|ms3|r300|s9,0.000218126,0.000181198,0.000075250,0.000122043,0.000074051,0.000088145,0.000075371,0.000115212
main|shymkent_school|nc6|np15|br1.0|one_heavy|ms3|r300|s0,0.000230270,0.000197954,0.000117358,0.000180662,0.000116821,0.000138308,0.000111897,0.000098152
main|shymkent_school|nc6|np15|br1.0|one_heavy|ms3|r300|s1,0.000399577,0.000190674,0.000075188,0.000108459,0.000074110,0.000084256,0.000076298,0.000107791
main|shymkent_school|nc6|np15|br1.0|one_heavy|ms3|r300|s2,0.000216903,0.000188239,0.000076407,0.000115524,0.000072181,0.000061633,0.000075922,0.000087395
main|shymkent_school|nc6|np15|br1.0|one_heavy|ms3|r300|s3,0.000228692,0.000182278,0.000075221,0.000119545,0.000078065,0.000085974,0.000072244,0.000058655
main|shymkent_school|nc6|np15|br1.0|one_heavy|ms3|r300|s4,0.000229266,0.000196227,0.000074031,0.000117857,0.000075197,0.000089656,0.000074133,0.000084700
main|shymkent_school|nc6|np15|br1.0|one_heavy|ms3|r300|s5,0.000218265,0.000199580,0.000073760,0.000109453,0.000075535,0.000083779,0.000076241,0.000106124
main|shymkent_school|nc6|np15|br1.0|one_heavy|ms3|r300|s6,0.000221958,0.000184720,0.000074105,0.000123859,0.000073695,0.000083893,0.000081645,0.000089271
main|shymkent_school|nc6|np15|br1.0|one_heavy|ms3|r300|s7,0.000227019,0.000183596,0.000073873,0.000108275,0.000076638,0.000063411,0.000075537,0.000086330
main|shymkent_school|nc6|np15|br1.0|one_heavy|ms3|r300|s8,0.000229056,0.000187961,0.000079865,0.000116016,0.000074720,0.000109915,0.000075354,0.000088061
main|shymkent_school|nc6|np15|br1.0|one_heavy|ms3|r300|s9,0.000213631,0.000197003,0.000075255,0.000123011,0.000075644,0.000093070,0.000076146,0.000112944
main|shymkent_school|nc6|np25|br0.25|uniform|ms3|r300|s0,0.000370245,0.000060113,0.000037609,0.000077421,0.000038614,0.000083365,0.000038055,0.000071341
main|shymkent_school|nc6|np25|br0.25|uniform|ms3|r300|s1,0.000366806,0.000066757,0.000049916,0.000120024,0.000058112,0.000106407,0.000051282,0.000087359
main|shymkent_school|nc6|np25|br0.25|uniform|ms3|r300|s2,0.000389202,0.000064437,0.000050437,0.000093568,0.000049556,0.000087632,0.000047243,0.000092662
main|shymkent_school|nc6|np25|br0.25|uniform|ms3|r300|s3,0.000449218,0.000068559,0.000073086,0.000087787,0.000053746,0.000105171,0.000057607,0.000093348
main|shymkent_school|nc6|np25|br0.25|uniform|ms3|r300|s4,0.000389771,0.000074862,0.000041839,0.000103013,0.000042810,0.000093699,0.000052605,0.000097003
main|shymkent_school|nc6|np25|br0.25|uniform|ms3|r300|s5,0.000368415,0.000065088,0.000042970,0.000079957,0.000042572,0.000087370,0.000043490,0.000075815
main|shymkent_school|nc6|np25|br0.25|uniform|ms3|r300|s6,0.000353589,0.000054998,0.000046235,0.000089759,0.000046357,0.000086537,0.000048647,0.000090860
main|shymkent_school|nc6|np25|br0.25|uniform|ms3|r300|s7,0.000357633,0.000054075,0.000043263,0.000086590,0.000040864,0.000087814,0.000039367,0.000085580
main|shymkent_school|nc6|np25|br0.25|uniform|ms3|r300|s8,0.000382634,0.000057570,0.000041280,0.000085265,0.000041620,0.000077400,0.000040102,0.000078467
main|shymkent_school|nc6|np25|br0.25|uniform|ms3|r300|s9,0.000397629,0.000060986,0.000049855,0.000085626,0.000048145,0.000065461,0.000040882,0.000073188
main|shymkent_school|nc6|np25|br0.25|random_1_100|ms3|r300|s0,0.000363179,0.000060111,0.000041699,0.000087403,0.000046096,0.000082075,0.000041066,0.000076577
main|shymkent_school|nc6|np25|br0.25|random_1_100|ms3|r300|s1,0.000382480,0.000058323,0.000036506,0.000070467,0.000037353,0.000069879,0.000039870,0.000072275
main|shymkent_school|nc6|np25|br0.25|random_1_100|ms3|r300|s2,0.000355823,0.000070900,0.000049390,0.000089398,0.000046383,0.000064330,0.000048192,0.000082673
main|shymkent_school|nc6|np25|br0.25|random_1_100|ms3|r300|s3,0.000366476,0.000058734,0.000049599,0.000093684,0.000045849,0.000086702,0.000047843,0.000086490
main|shymkent_school|nc6|np25|br0.25|random_1_100|ms3|r300|s4,0.000357489,0.000069744,0.000066058,0.000081411,0.000046275,0.000053569,0.000046029,0.000081621
main|shymkent_school|nc6|np25|br0.25|random_1_100|ms3|r300|s5,0.000368345,0.000059890,0.000041494,0.000082976,0.000042121,0.000075066,0.000041008,0.000105389
main|shymkent_school|nc6|np25|br0.25|random_1_100|ms3|r300|s6,0.000355943,0.000060100,0.000050880,0.000081780,0.000048008,0.000069687,0.000050796,0.000081326
main|shymkent_school|nc6|np25|br0.25|random_1_100|ms3|r300|s7,0.000359249,0.000054200,0.000042280,0.000080899,0.000039530,0.000079254,0.000040767,0.000077810
main|shymkent_school|nc6|np25|br0.25|random_1_100|ms3|r300|s8,0.000362141,0.000053630,0.000039285,0.000087422,0.000039760,0.000078104,0.000040997,0.000091722
main|shymkent_school|nc6|np25|br0.25|random_1_100|ms3|r300|s9,0.000372704,0.000057372,0.000056311,0.000101623,0.000042838,0.000095232,0.000043848,0.000094840
main|shymkent_school|nc6|np25|br0.25|one_heavy|ms3|r300|s0,0.000365876,0.000077387,0.000056622,0.000087051,0.000055583,0.000072129,0.000055281,0.000074830
main|shymkent_school|nc6|np25|br0.25|one_heavy|ms3|r300|s1,0.000381533,0.000063271,0.000053260,0.000099554,0.000047928,0.000074582,0.000048202,0.000095934
main|shymkent_school|nc6|np25|br0.25|one_heavy|ms3|r300|s2,0.000358531,0.000061588,0.000037875,0.000088613,0.000035390,0.000080212,0.000035926,0.000082166
main|shymkent_school|nc6|np25|br0.25|one_heavy|ms3|r300|s3,0.000374938,0.000060680,0.000048682,0.000093329,0.000036532,0.000071011,0.000049325,0.000082055
main|shymkent_school|nc6|np25|br0.25|one_heavy|ms3|r300|s4,0.000362520,0.000062838,0.000049630,0.000091467,0.000049152,0.000089703,0.000047608,0.000102492
main|shymkent_school|nc6|np25|br0.25|one_heavy|ms3|r300|s5,0.000379598,0.000058301,0.000045622,0.000080231,0.000042949,0.000074323,0.000044111,0.000078159
main|shymkent_school|nc6|np25|br0.25|one_heavy|ms3|r300|s6,0.000394039,0.000058452,0.000042612,0.000076659,0.000042300,0.000071375,0.000041931,0.000067972
main|shymkent_school|nc6|np25|br0.25|one_heavy|ms3|r300|s7,0.000354113,0.000060011,0.000041227,0.000078948,0.000042270,0.000076103,0.000042822,0.000073557
main|shymkent_school|nc6|np25|br0.25|one_heavy|ms3|r300|s8,0.000355712,0.000049926,0.000043447,0.000084903,0.000042032,0.000064702,0.000034016,0.000091220
main|shymkent_school|nc6|np25|br0.25|one_heavy|ms3|r300|s9,0.000372716,0.000079116,0.000048991,0.000096480,0.000048835,0.000077677,0.000047743,0.000100246
main|shymkent_school|nc6|np25|br0.5|uniform|ms3|r300|s0,0.000399400,0.000182492,0.000078229,0.000133680,0.000079960,0.000091019,0.000081020,0.000125620
main|shymkent_school|nc6|np25|br0.5|uniform|ms3|r300|s1,0.000370433,0.000167740,0.000080676,0.000144526,0.000078443,0.000074138,0.000080679,0.000121431
main|shymkent_school|nc6|np25|br0.5|uniform|ms3|r300|s2,0.000367237,0.000171379,0.000074705,0.000130542,0.000074856,0.000074224,0.000076352,0.000133127
main|shymkent_school|nc6|np25|br0.5|uniform|ms3|r300|s3,0.000360736,0.000173380,0.000093879,0.000147581,0.000075495,0.000118963,0.000095520,0.000143694
main|shymkent_school|nc6|np25|br0.5|uniform|ms3|r300|s4,0.000371713,0.000187545,0.000077831,0.000128480,0.000082705,0.000112466,0.000077962,0.000123428
main|shymkent_school|nc6|np25|br0.5|uniform|ms3|r300|s5,0.000363734,0.000177199,0.000103280,0.000152589,0.000094753,0.000134638,0.000097072,0.000144349
main|shymkent_school|nc6|np25|br0.5|uniform|ms3|r300|s6,0.000427307,0.000170384,0.000076034,0.000126036,0.000073520,0.000127066,0.000074214,0.000124981
main|shymkent_school|nc6|np25|br0.5|uniform|ms3|r300|s7,0.000383607,0.000166736,0.000091007,0.000142170,0.000086671,0.000079330,0.000085505,0.000106022
main|shymkent_school|nc6|np25|br0.5|uniform|ms3|r300|s8,0.000378138,0.000167320,0.000066833,0.000134799,0.000065245,0.000077545,0.000064747,0.000106763
main|shymkent_school|nc6|np25|br0.5|uniform|ms3|r300|s9,0.000398885,0.000173502,0.000072575,0.000150583,0.000069632,0.000116903,0.000072258,0.000103589
main|shymkent_school|nc6|np25|br0.5|random_1_100|ms3|r300|s0,0.000381170,0.000170413,0.000088917,0.000142876,0.000090401,0.000139013,0.000091096,0.000145674
main|shymkent_school|nc6|np25|br0.5|random_1_100|ms3|r300|s1,0.000361502,0.000163517,0.000084970,0.000145236,0.000085373,0.000125636,0.000079214,0.000142783
main|shymkent_school|nc6|np25|br0.5|random_1_100|ms3|r300|s2,0.000363766,0.000179044,0.000077255,0.000128067,0.000074456,0.000074611,0.000074436,0.000075466
main|shymkent_school|nc6|np25|br0.5|random_1_100|ms3|r300|s3,0.000369935,0.000171838,0.000086846,0.000151142,0.000069830,0.000112250,0.000087595,0.000140015
main|shymkent_school|nc6|np25|br0.5|random_1_100|ms3|r300|s4,0.000361642,0.000175905,0.000088619,0.000147741,0.000091074,0.000134641,0.000088325,0.000132100
main|shymkent_school|nc6|np25|br0.5|random_1_100|ms3|r300|s5,0.000371995,0.000168043,0.000085544,0.000149787,0.000078239,0.000151790,0.000082004,0.000130007
main|shymkent_school|nc6|np25|br0.5|random_1_100|ms3|r300|s6,0.000368418,0.000186799,0.000088673,0.000140940,0.000090557,0.000128924,0.000089495,0.000152319
main|shymkent_school|nc6|np25|br0.5|random_1_100|ms3|r300|s7,0.000368380,0.000184433,0.000093056,0.000173720,0.000081287,0.000113240,0.000081380,0.000140167
main|shymkent_school|nc6|np25|br0.5|random_1_100|ms3|r300|s8,0.000365906,0.000169737,0.000098390,0.000147586,0.000086186,0.000131069,0.000091345,0.000104527
main|shymkent_school|nc6|np25|br0.5|random_1_100|ms3|r300|s9,0.000363654,0.000166133,0.000075816,0.000124442,0.000073455,0.000103950,0.000073096,0.000115722
main|shymkent_school|nc6|np25|br0.5|one_heavy|ms3|r300|s0,0.000352261,0.000166713,0.000074659,0.000151882,0.000080712,0.000134032,0.000090501,0.000149653
main|shymkent_school|nc6|np25|br0.5|one_heavy|ms3|r300|s1,0.000366088,0.000168984,0.000089826,0.000163004,0.000091056,0.000134549,0.000091703,0.000140152
main|shymkent_school|nc6|np25|br0.5|one_heavy|ms3|r300|s2,0.000374024,0.000170169,0.000083491,0.000152295,0.000078098,0.000116304,0.000083832,0.000137588
main|shymkent_school|nc6|np25|br0.5|one_heavy|ms3|r300|s3,0.000380824,0.000165417,0.000073551,0.000136682,0.000082515,0.000115093,0.000070199,0.000117459
main|shymkent_school|nc6|np25|br0.5|one_heavy|ms3|r300|s4,0.000370588,0.000174699,0.000079274,0.000124698,0.000081105,0.000104026,0.000084245,0.000073249
main|shymkent_school|nc6|np25|br0.5|one_heavy|ms3|r300|s5,0.000371506,0.000185176,0.000082486,0.000148105,0.000095517,0.000159093,0.000084707,0.000137023
main|shymkent_school|nc6|np25|br0.5|one_heavy|ms3|r300|s6,0.000367825,0.000173735,0.000082307,0.000191885,0.000123313,0.000161296,0.000128025,0.000185680
main|shymkent_school|nc6|np25|br0.5|one_heavy|ms3|r300|s7,0.000671223,0.000268290,0.000149021,0.000236779,0.000147226,0.000171682,0.000140059,0.000230470
main|shymkent_school|nc6|np25|br0.5|one_heavy|ms3|r300|s8,0.000676323,0.000245728,0.000081867,0.000151762,0.000086137,0.000118727,0.000090859,0.000153289
main|shymkent_school|nc6|np25|br0.5|one_heavy|ms3|r300|s9,0.000633128,0.000249324,0.000108833,0.000199688,0.000107324,0.000161683,0.000107453,0.000170142
main|shymkent_school|nc6|np25|br1.0|uniform|ms3|r300|s0,0.000640280,0.000332247,0.000150001,0.000224740,0.000154560,0.000206455,0.000146389,0.000242403
main|shymkent_school|nc6|np25|br1.0|uniform|ms3|r300|s1,0.000671839,0.000334485,0.000110929,0.000191151,0.000114590,0.000179943,0.000131135,0.000192117
main|shymkent_school|nc6|np25|br1.0|uniform|ms3|r300|s2,0.000557597,0.000324241,0.000135505,0.000214793,0.000135168,0.000187368,0.000154896,0.000232709
main|shymkent_school|nc6|np25|br1.0|uniform|ms3|r300|s3,0.000606377,0.000370021,0.000137843,0.000218688,0.000133257,0.000171519,0.000136339,0.000166492
main|shymkent_school|nc6|np25|br1.0|uniform|ms3|r300|s4,0.000609533,0.000329719,0.000145106,0.000234392,0.000139729,0.000207716,0.000117456,0.000208418
main|shymkent_school|nc6|np25|br1.0|uniform|ms3|r300|s5,0.000611117,0.000320032,0.000138971,0.000239966,0.000144102,0.000200353,0.000135349,0.000208067
main|shymkent_school|nc6|np25|br1.0|uniform|ms3|r300|s6,0.000655374,0.000318256,0.000147331,0.000222862,0.000158531,0.000220658,0.000139776,0.000222338
main|shymkent_school|nc6|np25|br1.0|uniform|ms3|r300|s7,0.000602073,0.000322002,0.000139737,0.000228139,0.000139362,0.000227696,0.000157040,0.000260650
main|shymkent_school|nc6|np25|br1.0|uniform|ms3|r300|s8,0.000665654,0.000398642,0.000175474,0.000284906,0.000156606,0.000238873,0.000158418,0.000167173
main|shymkent_school|nc6|np25|br1.0|uniform|ms3|r300|s9,0.000613471,0.000340387,0.000145977,0.000237892,0.000138631,0.000210784,0.000138605,0.000210147
main|shymkent_school|nc6|np25|br1.0|random_1_100|ms3|r300|s0,0.000670787,0.000335956,0.000146796,0.000212664,0.000151584,0.000207815,0.000148228,0.000174495
main|shymkent_school|nc6|np25|br1.0|random_1_100|ms3|r300|s1,0.000601646,0.000351618,0.000142080,0.000229485,0.000140270,0.000184519,0.000144563,0.000205198
main|shymkent_school|nc6|np25|br1.0|random_1_100|ms3|r300|s2,0.000610630,0.000383567,0.000153389,0.000220904,0.000148614,0.000162445,0.000157020,0.000223414
main|shymkent_school|nc6|np25|br1.0|random_1_100|ms3|r300|s3,0.000621641,0.000397996,0.000140914,0.000230187,0.000143451,0.000162480,0.000147971,0.000175940
main|shymkent_school|nc6|np25|br1.0|random_1_100|ms3|r300|s4,0.000509808,0.000310758,0.000139706,0.000209295,0.000133380,0.000154184,0.000134206,0.000114835
main|shymkent_school|nc6|np25|br1.0|random_1_100|ms3|r300|s5,0.000564895,0.000312241,0.000152272,0.000219200,0.000144155,0.000167209,0.000122816,0.000205731
main|shymkent_school|nc6|np25|br1.0|random_1_100|ms3|r300|s6,0.000622736,0.000338823,0.000139068,0.000216820,0.000139254,0.000212723,0.000142054,0.000201504
main|shymkent_school|nc6|np25|br1.0|random_1_100|ms3|r300|s7,0.000609192,0.000347515,0.000152790,0.000212768,0.000142541,0.000205057,0.000143047,0.000215392
main|shymkent_school|nc6|np25|br1.0|random_1_100|ms3|r300|s8,0.000623999,0.000325580,0.000139934,0.000208942,0.000140627,0.000211205,0.000142473,0.000168095
main|shymkent_school|nc6|np25|br1.0|random_1_100|ms3|r300|s9,0.000595991,0.000327415,0.000145444,0.000211769,0.000132582,0.000194309,0.000138833,0.000159515
main|shymkent_school|nc6|np25|br1.0|one_heavy|ms3|r300|s0,0.000593909,0.000429762,0.000192142,0.000287715,0.000164144,0.000259981,0.000156953,0.000252052
main|shymkent_school|nc6|np25|br1.0|one_heavy|ms3|r300|s1,0.000750408,0.000325303,0.000139069,0.000230073,0.000139637,0.000186504,0.000144948,0.000243107
main|shymkent_school|nc6|np25|br1.0|one_heavy|ms3|r300|s2,0.000606546,0.000319352,0.000136339,0.000203841,0.000139443,0.000159972,0.000146583,0.000204940
main|shymkent_school|nc6|np25|br1.0|one_heavy|ms3|r300|s3,0.000614384,0.000312556,0.000153488,0.000217830,0.000139126,0.000179726,0.000151412,0.000201151
main|shymkent_school|nc6|np25|br1.0|one_heavy|ms3|r300|s4,0.000612100,0.000315927,0.000135412,0.000216016,0.000147187,0.000113260,0.000142271,0.000223267
main|shymkent_school|nc6|np25|br1.0|one_heavy|ms3|r300|s5,0.000624593,0.000415278,0.000151895,0.000226575,0.000140858,0.000078178,0.000090455,0.000111717
main|shymkent_school|nc6|np25|br1.0|one_heavy|ms3|r300|s6,0.000386369,0.000225999,0.000097091,0.000154014,0.000093680,0.000130308,0.000106706,0.000076352
main|shymkent_school|nc6|np25|br1.0|one_heavy|ms3|r300|s7,0.000438289,0.000221927,0.000093331,0.000136753,0.000092586,0.000110992,0.000092507,0.000133640
main|shymkent_school|nc6|np25|br1.0|one_heavy|ms3|r300|s8,0.000399904,0.000216483,0.000095651,0.000145727,0.000089976,0.000118120,0.000090893,0.000140379
main|shymkent_school|nc6|np25|br1.0|one_heavy|ms3|r300|s9,0.000387359,0.000210080,0.000090928,0.000148208,0.000091762,0.000132679,0.000091204,0.000076648
main|shymkent_school|nc10|np5|br0.25|uniform|ms3|r300|s0,0.000093838,0.000373908,0.000066547,0.000105313,0.000069394,0.000095231,0.000065214,0.000098686
main|shymkent_school|nc10|np5|br0.25|uniform|ms3|r300|s1,0.000091846,0.000359909,0.000100761,0.000135566,0.000094746,0.000111379,0.000096298,0.000099520
main|shymkent_school|nc10|np5|br0.25|uniform|ms3|r300|s2,0.000091414,0.000457659,0.000079431,0.000133216,0.000077016,0.000112766,0.000081902,0.000119331
main|shymkent_school|nc10|np5|br0.25|uniform|ms3|r300|s3,0.000103041,0.000343309,0.000075714,0.000114060,0.000060161,0.000103816,0.000077629,0.000094341
main|shymkent_school|nc10|np5|br0.25|uniform|ms3|r300|s4,0.000098952,0.000373438,0.000054038,0.000139432,0.000058001,0.000114182,0.000054869,0.000110556
main|shymkent_school|nc10|np5|br0.25|uniform|ms3|r300|s5,0.000097128,0.000332071,0.000075464,0.000126380,0.000077312,0.000141847,0.000076318,0.000114162
main|shymkent_school|nc10|np5|br0.25|uniform|ms3|r300|s6,0.000092011,0.000335387,0.000079217,0.000164967,0.000076272,0.000124909,0.000075621,0.000127896
main|shymkent_school|nc10|np5|br0.25|uniform|ms3|r300|s7,0.000133857,0.000405843,0.000081022,0.000100311,0.000053061,0.000091578,0.000067356,0.000101578
main|shymkent_school|nc10|np5|br0.25|uniform|ms3|r300|s8,0.000126973,0.000391741,0.000065035,0.000091475,0.000060078,0.000091222,0.000061363,0.000095245
main|shymkent_school|nc10|np5|br0.25|uniform|ms3|r300|s9,0.000093652,0.000396249,0.000056928,0.000109492,0.000057021,0.000094585,0.000058686,0.000097467
main|shymkent_school|nc10|np5|br0.25|random_1_100|ms3|r300|s0,0.000108218,0.000386244,0.000048808,0.000087146,0.000045455,0.000080895,0.000048946,0.000070082
main|shymkent_school|nc10|np5|br0.25|random_1_100|ms3|r300|s1,0.000092412,0.000366275,0.000084347,0.000133015,0.000076168,0.000072562,0.000077789,0.000067158
main|shymkent_school|nc10|np5|br0.25|random_1_100|ms3|r300|s2,0.000094158,0.000347858,0.000060896,0.000103116,0.000057082,0.000094083,0.000058740,0.000091782
main|shymkent_school|nc10|np5|br0.25|random_1_100|ms3|r300|s3,0.000093191,0.000352656,0.000061581,0.000109442,0.000059116,0.000109791,0.000055058,0.000101960
main|shymkent_school|nc10|np5|br0.25|random_1_100|ms3|r300|s4,0.000093450,0.000364840,0.000072490,0.000126312,0.000075944,0.000108644,0.000072392,0.000101202
main|shymkent_school|nc10|np5|br0.25|random_1_100|ms3|r300|s5,0.000092697,0.000322515,0.000060807,0.000111019,0.000061858,0.000095598,0.000061946,0.000104494
main|shymkent_school|nc10|np5|br0.25|random_1_100|ms3|r300|s6,0.000092140,0.000363907,0.000071165,0.000113012,0.000064525,0.000112297,0.000067725,0.000101982
main|shymkent_school|nc10|np5|br0.25|random_1_100|ms3|r300|s7,0.000091267,0.000374182,0.000093383,0.000134615,0.000090172,0.000127264,0.000090412,0.000104395
main|shymkent_school|nc10|np5|br0.25|random_1_100|ms3|r300|s8,0.000095348,0.000418057,0.000061722,0.000152134,0.000087722,0.000097786,0.000066333,0.000071219
main|shymkent_school|nc10|np5|br0.25|random_1_100|ms3|r300|s9,0.000096112,0.000338988,0.000054782,0.000085758,0.000053824,0.000085357,0.000056141,0.000072841
main|shymkent_school|nc10|np5|br0.25|one_heavy|ms3|r300|s0,0.000097261,0.000370547,0.000036421,0.000066159,0.000035738,0.000068412,0.000037344,0.000069357
main|shymkent_school|nc10|np5|br0.25|one_heavy|ms3|r300|s1,0.000090891,0.000384346,0.000084747,0.000125719,0.000087871,0.000105883,0.000073276,0.000094425
main|shymkent_school|nc10|np5|br0.25|one_heavy|ms3|r300|s2,0.000092448,0.000410451,0.000059793,0.000128746,0.000058289,0.000105765,0.000061451,0.000094131
main|shymkent_school|nc10|np5|br0.25|one_heavy|ms3|r300|s3,0.000091039,0.000341364,0.000064241,0.000114353,0.000065791,0.000101435,0.000064469,0.000104147
main|shymkent_school|nc10|np5|br0.25|one_heavy|ms3|r300|s4,0.000095211,0.000377358,0.000062383,0.000094925,0.000056801,0.000095485,0.000060186,0.000070050
main|shymkent_school|nc10|np5|br0.25|one_heavy|ms3|r300|s5,0.000094796,0.000340258,0.000073397,0.000127285,0.000069192,0.000113941,0.000074651,0.000110792
main|shymkent_school|nc10|np5|br0.25|one_heavy|ms3|r300|s6,0.000090706,0.000351765,0.000055097,0.000117856,0.000055069,0.000101989,0.000053933,0.000106566
main|shymkent_school|nc10|np5|br0.25|one_heavy|ms3|r300|s7,0.000128728,0.000481191,0.000081454,0.000130561,0.000085502,0.000144736,0.000084188,0.000136499
main|shymkent_school|nc10|np5|br0.25|one_heavy|ms3|r300|s8,0.000134005,0.000466392,0.000049369,0.000068218,0.000036762,0.000069767,0.000038028,0.000070522
main|shymkent_school|nc10|np5|br0.25|one_heavy|ms3|r300|s9,0.000092497,0.000358974,0.000059107,0.000107718,0.000064231,0.000112442,0.000077946,0.000103074
main|shymkent_school|nc10|np5|br0.5|uniform|ms3|r300|s0,0.000098232,0.000722560,0.000066251,0.000097064,0.000065059,0.000099129,0.000063701,0.000103241
main|shymkent_school|nc10|np5|br0.5|uniform|ms3|r300|s1,0.000091176,0.000742717,0.000098999,0.000152021,0.000095297,0.000109340,0.000099777,0.000103465
main|shymkent_school|nc10|np5|br0.5|uniform|ms3|r300|s2,0.000094191,0.000706792,0.000096102,0.000142949,0.000090096,0.000133818,0.000091237,0.000068050
main|shymkent_school|nc10|np5|br0.5|uniform|ms3|r300|s3,0.000091963,0.000683684,0.000097396,0.000144383,0.000099277,0.000147111,0.000098258,0.000104150
main|shymkent_school|nc10|np5|br0.5|uniform|ms3|r300|s4,0.000098602,0.000693127,0.000093140,0.000149764,0.000106686,0.000135507,0.000091052,0.000144379
main|shymkent_school|nc10|np5|br0.5|uniform|ms3|r300|s5,0.000093168,0.000741107,0.000093744,0.000156156,0.000100622,0.000129750,0.000093041,0.000135364
main|shymkent_school|nc10|np5|br0.5|uniform|ms3|r300|s6,0.000097511,0.000725351,0.000107868,0.000138403,0.000091550,0.000130908,0.000088093,0.000127257
main|shymkent_school|nc10|np5|br0.5|uniform|ms3|r300|s7,0.000091252,0.000723270,0.000093740,0.000146643,0.000091591,0.000134313,0.000094266,0.000127832
main|shymkent_school|nc10|np5|br0.5|uniform|ms3|r300|s8,0.000087327,0.000669955,0.000092895,0.000145670,0.000085862,0.000135880,0.000086147,0.000125057
main|shymkent_school|nc10|np5|br0.5|uniform|ms3|r300|s9,0.000092436,0.000700937,0.000093412,0.000154519,0.000088386,0.000138696,0.000132218,0.000139668
main|shymkent_school|nc10|np5|br0.5|random_1_100|ms3|r300|s0,0.000088765,0.000690489,0.000108065,0.000138150,0.000086765,0.000107977,0.000091951,0.000066756
main|shymkent_school|nc10|np5|br0.5|random_1_100|ms3|r300|s1,0.000096629,0.000711122,0.000099545,0.000139775,0.000096575,0.000108809,0.000104967,0.000155512
main|shymkent_school|nc10|np5|br0.5|random_1_100|ms3|r300|s2,0.000122098,0.000834192,0.000110926,0.000184345,0.000110574,0.000135368,0.000104779,0.000126075
main|shymkent_school|nc10|np5|br0.5|random_1_100|ms3|r300|s3,0.000131391,0.000895994,0.000120882,0.000181051,0.000106413,0.000141909,0.000080707,0.000059506
main|shymkent_school|nc10|np5|br0.5|random_1_100|ms3|r300|s4,0.000083274,0.000636195,0.000079561,0.000126784,0.000089824,0.000126156,0.000081090,0.000102319
main|shymkent_school|nc10|np5|br0.5|random_1_100|ms3|r300|s5,0.000086110,0.000661608,0.000084314,0.000134340,0.000095185,0.000119812,0.000085218,0.000093176
main|shymkent_school|nc10|np5|br0.5|random_1_100|ms3|r300|s6,0.000084420,0.000583262,0.000088525,0.000136562,0.000076644,0.000088151,0.000074755,0.000081197
main|shymkent_school|nc10|np5|br0.5|random_1_100|ms3|r300|s7,0.000075556,0.000638734,0.000093964,0.000128147,0.000080417,0.000113562,0.000081117,0.000089626
main|shymkent_school|nc10|np5|br0.5|random_1_100|ms3|r300|s8,0.000077444,0.000622030,0.000059710,0.000120634,0.000056524,0.000092169,0.000055982,0.000091540
main|shymkent_school|nc10|np5|br0.5|random_1_100|ms3|r300|s9,0.000081412,0.000638473,0.000059520,0.000096922,0.000062267,0.000094751,0.000056737,0.000088577
main|shymkent_school|nc10|np5|br0.5|one_heavy|ms3|r300|s0,0.000083801,0.000641385,0.000084379,0.000123044,0.000092472,0.000121915,0.000086288,0.000092673
main|shymkent_school|nc10|np5|br0.5|one_heavy|ms3|r300|s1,0.000080877,0.000619962,0.000037417,0.000059068,0.000033818,0.000071253,0.000030573,0.000056268
main|shymkent_school|nc10|np5|br0.5|one_heavy|ms3|r300|s2,0.000080281,0.000627516,0.000095993,0.000123559,0.000085448,0.000092091,0.000079492,0.000104755
main|shymkent_school|nc10|np5|br0.5|one_heavy|ms3|r300|s3,0.000076925,0.000737210,0.000123303,0.000134239,0.000082462,0.000124866,0.000089251,0.000107811
main|shymkent_school|nc10|np5|br0.5|one_heavy|ms3|r300|s4,0.000106910,0.000711867,0.000065340,0.000120870,0.000064746,0.000115101,0.000065007,0.000059549
main|shymkent_school|nc10|np5|br0.5|one_heavy|ms3|r300|s5,0.000150290,0.000762788,0.000107404,0.000182304,0.000094119,0.000138703,0.000100181,0.000136868
main|shymkent_school|nc10|np5|br0.5|one_heavy|ms3|r300|s6,0.000096701,0.000750895,0.000100311,0.000140473,0.000086468,0.000100152,0.000094481,0.000100489
main|shymkent_school|nc10|np5|br0.5|one_heavy|ms3|r300|s7,0.000093984,0.000734547,0.000075347,0.000147329,0.000067448,0.000143189,0.000066120,0.000105004
main|shymkent_school|nc10|np5|br0.5|one_heavy|ms3|r300|s8,0.000096210,0.000691317,0.000035570,0.000065212,0.000036904,0.000067382,0.000037385,0.000067393
main|shymkent_school|nc10|np5|br0.5|one_heavy|ms3|r300|s9,0.000095006,0.000726393,0.000066423,0.000107519,0.000064427,0.000098182,0.000066206,0.000099201
main|shymkent_school|nc10|np5|br1.0|uniform|ms3|r300|s0,0.000097200,0.000766570,0.000068154,0.000101852,0.000064998,0.000102847,0.000068868,0.000104846
main|shymkent_school|nc10|np5|br1.0|uniform|ms3|r300|s1,0.000092020,0.000786040,0.000098716,0.000141836,0.000091877,0.000125883,0.000090879,0.000067760
main|shymkent_school|nc10|np5|br1.0|uniform|ms3|r300|s2,0.000091267,0.000674906,0.000108623,0.000168595,0.000111706,0.000146128,0.000109956,0.000103064
main|shymkent_school|nc10|np5|br1.0|uniform|ms3|r300|s3,0.000098010,0.000744498,0.000099364,0.000146606,0.000091315,0.000144443,0.000100886,0.000104257
main|shymkent_school|nc10|np5|br1.0|uniform|ms3|r300|s4,0.000097506,0.000740868,0.000066889,0.000101646,0.000066189,0.000098221,0.000068054,0.000069978
main|shymkent_school|nc10|np5|br1.0|uniform|ms3|r300|s5,0.000093582,0.000732044,0.000253850,0.000142316,0.000093164,0.000134551,0.000096751,0.000136881
main|shymkent_school|nc10|np5|br1.0|uniform|ms3|r300|s6,0.000093107,0.000705187,0.000092926,0.000148517,0.000092581,0.000130551,0.000093956,0.000135993
main|shymkent_school|nc10|np5|br1.0|uniform|ms3|r300|s7,0.000100600,0.000726105,0.000095286,0.000139740,0.000091971,0.000138919,0.000093851,0.000133697
main|shymkent_school|nc10|np5|br1.0|uniform|ms3|r300|s8,0.000128927,0.000822134,0.000117491,0.000169763,0.000098405,0.000100383,0.000097779,0.000103795
main|shymkent_school|nc10|np5|br1.0|uniform|ms3|r300|s9,0.000111862,0.000709281,0.000095968,0.000145332,0.000090138,0.000071726,0.000094113,0.000106448
main|shymkent_school|nc10|np5|br1.0|random_1_100|ms3|r300|s0,0.000092685,0.000716410,0.000063201,0.000104138,0.000063062,0.000102017,0.000065830,0.000094034
main|shymkent_school|nc10|np5|br1.0|random_1_100|ms3|r300|s1,0.000090558,0.000719027,0.000113688,0.000170060,0.000104170,0.000167137,0.000095293,0.000145684
main|shymkent_school|nc10|np5|br1.0|random_1_100|ms3|r300|s2,0.000091938,0.000722764,0.000106442,0.000138411,0.000097873,0.000141244,0.000087480,0.000136041
main|shymkent_school|nc10|np5|br1.0|random_1_100|ms3|r300|s3,0.000091786,0.000722526,0.000064222,0.000105560,0.000068976,0.000070825,0.000066679,0.000101603
main|shymkent_school|nc10|np5|br1.0|random_1_100|ms3|r300|s4,0.000094042,0.000678581,0.000064517,0.000115964,0.000064031,0.000106518,0.000066412,0.000068805
main|shymkent_school|nc10|np5|br1.0|random_1_100|ms3|r300|s5,0.000101144,0.000690511,0.000095193,0.000128781,0.000086758,0.000100938,0.000091608,0.000128606
main|shymkent_school|nc10|np5|br1.0|random_1_100|ms3|r300|s6,0.000097754,0.000713708,0.000090712,0.000139611,0.000092086,0.000138377,0.000091515,0.000083634
main|shymkent_school|nc10|np5|br1.0|random_1_100|ms3|r300|s7,0.000096981,0.000686989,0.000063492,0.000100400,0.000064485,0.000103031,0.000067630,0.000073094
main|shymkent_school|nc10|np5|br1.0|random_1_100|ms3|r300|s8,0.000091544,0.000714849,0.000034212,0.000067511,0.000035835,0.000069692,0.000037556,0.000067927
main|shymkent_school|nc10|np5|br1.0|random_1_100|ms3|r300|s9,0.000090428,0.000712500,0.000088734,0.000134783,0.000093087,0.000108838,0.000095287,0.000106327
main|shymkent_school|nc10|np5|br1.0|one_heavy|ms3|r300|s0,0.000092354,0.000727599,0.000064498,0.000095644,0.000063115,0.000100317,0.000064727,0.000098690
main|shymkent_school|nc10|np5|br1.0|one_heavy|ms3|r300|s1,0.000099928,0.000695481,0.000094445,0.000155414,0.000092585,0.000147004,0.000091122,0.000137706
main|shymkent_school|nc10|np5|br1.0|one_heavy|ms3|r300|s2,0.000093520,0.000706859,0.000062741,0.000095577,0.000062147,0.000096726,0.000064733,0.000066982
main|shymkent_school|nc10|np5|br1.0|one_heavy|ms3|r300|s3,0.000094293,0.000684916,0.000066663,0.000099641,0.000067015,0.000068650,0.000066652,0.000066043
main|shymkent_school|nc10|np5|br1.0|one_heavy|ms3|r300|s4,0.000095907,0.000743546,0.000104669,0.000152114,0.000091524,0.000150813,0.000088082,0.000128793
main|shymkent_school|nc10|np5|br1.0|one_heavy|ms3|r300|s5,0.000101260,0.000703709,0.000094884,0.000152346,0.000095966,0.000141077,0.000097957,0.000130660
main|shymkent_school|nc10|np5|br1.0|one_heavy|ms3|r300|s6,0.000094522,0.000693518,0.000064235,0.000099410,0.000063656,0.000069996,0.000069632,0.000071151
main|shymkent_school|nc10|np5|br1.0|one_heavy|ms3|r300|s7,0.000095605,0.000713556,0.000103221,0.000140212,0.000091704,0.000102364,0.000085923,0.000066240
main|shymkent_school|nc10|np5|br1.0|one_heavy|ms3|r300|s8,0.000095012,0.000697101,0.000091472,0.000146281,0.000091635,0.000112391,0.000122641,0.000099425
main|shymkent_school|nc10|np5|br1.0|one_heavy|ms3|r300|s9,0.000097509,0.000780266,0.000097508,0.000142158,0.000095822,0.000099978,0.000088028,0.000106208
main|shymkent_school|nc10|np15|br0.25|uniform|ms3|r300|s0,0.000273357,0.000481854,0.000074979,0.000169408,0.000075728,0.000132611,0.000093847,0.000172456
main|shymkent_school|nc10|np15|br0.25|uniform|ms3|r300|s1,0.000255946,0.000461233,0.000134546,0.000191992,0.000109270,0.000167360,0.000134560,0.000238364
main|shymkent_school|nc10|np15|br0.25|uniform|ms3|r300|s2,0.000416775,0.000470443,0.000100292,0.000207198,0.000090138,0.000164091,0.000100874,0.000195865
main|shymkent_school|nc10|np15|br0.25|uniform|ms3|r300|s3,0.000283851,0.000463892,0.000101373,0.000188069,0.000106331,0.000137454,0.000102886,0.000189385
main|shymkent_school|nc10|np15|br0.25|uniform|ms3|r300|s4,0.000263511,0.000434804,0.000080154,0.000189447,0.000076975,0.000157804,0.000077732,0.000162106
main|shymkent_school|nc10|np15|br0.25|uniform|ms3|r300|s5,0.000288094,0.000456971,0.000077812,0.000161671,0.000077236,0.000125276,0.000091947,0.000132010
main|shymkent_school|nc10|np15|br0.25|uniform|ms3|r300|s6,0.000266382,0.000425562,0.000088391,0.000206503,0.000085991,0.000149513,0.000092385,0.000179935
main|shymkent_school|nc10|np15|br0.25|uniform|ms3|r300|s7,0.000243013,0.000444858,0.000086832,0.000128823,0.000080878,0.000136046,0.000097626,0.000138094
main|shymkent_school|nc10|np15|br0.25|uniform|ms3|r300|s8,0.000274792,0.000405816,0.000086438,0.000174421,0.000111101,0.000179916,0.000077562,0.000163556
main|shymkent_school|nc10|np15|br0.25|uniform|ms3|r300|s9,0.000256683,0.000402905,0.000080890,0.000158444,0.000073492,0.000155682,0.000081885,0.000157050
main|shymkent_school|nc10|np15|br0.25|random_1_100|ms3|r300|s0,0.000261153,0.000416669,0.000090414,0.000173963,0.000088898,0.000155521,0.000093043,0.000168880
main|shymkent_school|nc10|np15|br0.25|random_1_100|ms3|r300|s1,0.000241881,0.000426543,0.000092944,0.000206331,0.000062710,0.000202751,0.000102440,0.000197440
main|shymkent_school|nc10|np15|br0.25|random_1_100|ms3|r300|s2,0.000247505,0.000411921,0.000078037,0.000161314,0.000091626,0.000135288,0.000101466,0.000161332
main|shymkent_school|nc10|np15|br0.25|random_1_100|ms3|r300|s3,0.000245037,0.000421791,0.000083823,0.000176014,0.000105032,0.000162525,0.000088621,0.000139526
main|shymkent_school|nc10|np15|br0.25|random_1_100|ms3|r300|s4,0.000266162,0.000414967,0.000097802,0.000189017,0.000093204,0.000167188,0.000078365,0.000175776
main|shymkent_school|nc10|np15|br0.25|random_1_100|ms3|r300|s5,0.000248225,0.000361049,0.000081724,0.000141668,0.000084884,0.000159610,0.000080897,0.000129354
main|shymkent_school|nc10|np15|br0.25|random_1_100|ms3|r300|s6,0.000244040,0.000392187,0.000071954,0.000130923,0.000071008,0.000123651,0.000067981,0.000125047
main|shymkent_school|nc10|np15|br0.25|random_1_100|ms3|r300|s7,0.000238811,0.000366015,0.000081083,0.000129706,0.000077163,0.000135770,0.000078620,0.000121825
main|shymkent_school|nc10|np15|br0.25|random_1_100|ms3|r300|s8,0.000240460,0.000380404,0.000072368,0.000143742,0.000083104,0.000135161,0.000076181,0.000135236
main|shymkent_school|nc10|np15|br0.25|random_1_100|ms3|r300|s9,0.000258446,0.000389904,0.000060658,0.000133088,0.000064762,0.000131573,0.000057606,0.000110166
main|shymkent_school|nc10|np15|br0.25|one_heavy|ms3|r300|s0,0.000249726,0.000417396,0.000107648,0.000174031,0.000109777,0.000175884,0.000109191,0.000176020
main|shymkent_school|nc10|np15|br0.25|one_heavy|ms3|r300|s1,0.000253383,0.000463009,0.000084208,0.000146328,0.000090878,0.000139207,0.000081952,0.000153211
main|shymkent_school|nc10|np15|br0.25|one_heavy|ms3|r300|s2,0.000239657,0.000393099,0.000113117,0.000189286,0.000109550,0.000188871,0.000101549,0.000178561
main|shymkent_school|nc10|np15|br0.25|one_heavy|ms3|r300|s3,0.000252403,0.000419003,0.000087520,0.000163433,0.000086659,0.000099477,0.000092738,0.000138794
main|shymkent_school|nc10|np15|br0.25|one_heavy|ms3|r300|s4,0.000246035,0.000435507,0.000101693,0.000171303,0.000085768,0.000119017,0.000108539,0.000159277
main|shymkent_school|nc10|np15|br0.25|one_heavy|ms3|r300|s5,0.000239200,0.000480030,0.000116268,0.000193394,0.000086929,0.000143597,0.000117064,0.000201015
main|shymkent_school|nc10|np15|br0.25|one_heavy|ms3|r300|s6,0.000262051,0.000419106,0.000091570,0.000160300,0.000089649,0.000135084,0.000075559,0.000133423
main|shymkent_school|nc10|np15|br0.25|one_heavy|ms3|r300|s7,0.000245321,0.000397639,0.000086682,0.000159274,0.000096022,0.000169557,0.000104247,0.000159886
main|shymkent_school|nc10|np15|br0.25|one_heavy|ms3|r300|s8,0.000279034,0.000480473,0.000074700,0.000140182,0.000098904,0.000134869,0.000101576,0.000150362
main|shymkent_school|nc10|np15|br0.25|one_heavy|ms3|r300|s9,0.000277567,0.000488566,0.000079228,0.000221184,0.000080219,0.000165138,0.000088720,0.000196443
main|shymkent_school|nc10|np15|br0.5|uniform|ms3|r300|s0,0.000269769,0.000855879,0.000130126,0.000215361,0.000129493,0.000190204,0.000129181,0.000184671
main|shymkent_school|nc10|np15|br0.5|uniform|ms3|r300|s1,0.000256122,0.000891501,0.000131538,0.000195596,0.000132072,0.000184118,0.000132238,0.000193873
main|shymkent_school|nc10|np15|br0.5|uniform|ms3|r300|s2,0.000259400,0.000869022,0.000126249,0.000217208,0.000128767,0.000179305,0.000126070,0.000182677
main|shymkent_school|nc10|np15|br0.5|uniform|ms3|r300|s3,0.000255273,0.000862410,0.000127220,0.000188620,0.000128723,0.000182269,0.000125354,0.000179189
main|shymkent_school|nc10|np15|br0.5|uniform|ms3|r300|s4,0.000267368,0.000852410,0.000129583,0.000181476,0.000125036,0.000142940,0.000123733,0.000137056
main|shymkent_school|nc10|np15|br0.5|uniform|ms3|r300|s5,0.000269364,0.000874124,0.000133081,0.000207147,0.000131511,0.000195908,0.000136916,0.000202852
main|shymkent_school|nc10|np15|br0.5|uniform|ms3|r300|s6,0.000275726,0.000906746,0.000136931,0.000225884,0.000133553,0.000201046,0.000135318,0.000192677
main|shymkent_school|nc10|np15|br0.5|uniform|ms3|r300|s7,0.000267614,0.000879052,0.000134722,0.000211018,0.000129014,0.000193553,0.000133222,0.000190941
main|shymkent_school|nc10|np15|br0.5|uniform|ms3|r300|s8,0.000260379,0.000850919,0.000129847,0.000199134,0.000127036,0.000188522,0.000137836,0.000191099
main|shymkent_school|nc10|np15|br0.5|uniform|ms3|r300|s9,0.000261927,0.000846089,0.000124067,0.000206254,0.000126938,0.000190261,0.000151056,0.000145384
main|shymkent_school|nc10|np15|br0.5|random_1_100|ms3|r300|s0,0.000267278,0.000902994,0.000131267,0.000220565,0.000127884,0.000185793,0.000133875,0.000142558
main|shymkent_school|nc10|np15|br0.5|random_1_100|ms3|r300|s1,0.000256286,0.000899727,0.000145383,0.000212404,0.000135528,0.000145364,0.000139093,0.000195836
main|shymkent_school|nc10|np15|br0.5|random_1_100|ms3|r300|s2,0.000261792,0.000874636,0.000126605,0.000182849,0.000125727,0.000139703,0.000127761,0.000191798
main|shymkent_school|nc10|np15|br0.5|random_1_100|ms3|r300|s3,0.000274084,0.000904462,0.000139741,0.000216186,0.000129963,0.000206986,0.000132661,0.000201801
main|shymkent_school|nc10|np15|br0.5|random_1_100|ms3|r300|s4,0.000266708,0.000875081,0.000130349,0.000200102,0.000130276,0.000184034,0.000126091,0.000195934
main|shymkent_school|nc10|np15|br0.5|random_1_100|ms3|r300|s5,0.000255490,0.000869056,0.000127996,0.000198558,0.000124443,0.000143804,0.000124551,0.000193549
main|shymkent_school|nc10|np15|br0.5|random_1_100|ms3|r300|s6,0.000265200,0.000864723,0.000125304,0.000207638,0.000123036,0.000185106,0.000123665,0.000183375
main|shymkent_school|nc10|np15|br0.5|random_1_100|ms3|r300|s7,0.000256562,0.000865771,0.000124662,0.000206903,0.000124913,0.000178974,0.000124840,0.000198595
main|shymkent_school|nc10|np15|br0.5|random_1_100|ms3|r300|s8,0.000272086,0.000842573,0.000123329,0.000199797,0.000129759,0.000143890,0.000136679,0.000132924
main|shymkent_school|nc10|np15|br0.5|random_1_100|ms3|r300|s9,0.000256238,0.000880694,0.000135629,0.000193023,0.000128494,0.000193575,0.000137048,0.000178207
main|shymkent_school|nc10|np15|br0.5|one_heavy|ms3|r300|s0,0.000275875,0.000866873,0.000124819,0.000188827,0.000125281,0.000137287,0.000126702,0.000136559
main|shymkent_school|nc10|np15|br0.5|one_heavy|ms3|r300|s1,0.000259427,0.000871327,0.000134226,0.000207000,0.000135852,0.000144945,0.000127726,0.000148459
main|shymkent_school|nc10|np15|br0.5|one_heavy|ms3|r300|s2,0.000265948,0.000906612,0.000182795,0.000266916,0.000127688,0.000190678,0.000129975,0.000207319
main|shymkent_school|nc10|np15|br0.5|one_heavy|ms3|r300|s3,0.000274834,0.000893503,0.000131438,0.000217278,0.000124437,0.000186963,0.000142759,0.000136387
main|shymkent_school|nc10|np15|br0.5|one_heavy|ms3|r300|s4,0.000267051,0.000883726,0.000125376,0.000211490,0.000136093,0.000191680,0.000125843,0.000183505
main|shymkent_school|nc10|np15|br0.5|one_heavy|ms3|r300|s5,0.000277880,0.000903488,0.000125288,0.000211864,0.000126653,0.000187198,0.000124657,0.000185811
main|shymkent_school|nc10|np15|br0.5|one_heavy|ms3|r300|s6,0.000272497,0.001147202,0.000121786,0.000208402,0.000125985,0.000138300,0.000128683,0.000178543
main|shymkent_school|nc10|np15|br0.5|one_heavy|ms3|r300|s7,0.000260108,0.000881542,0.000133170,0.000203101,0.000131107,0.000187320,0.000129170,0.000202047
main|shymkent_school|nc10|np15|br0.5|one_heavy|ms3|r300|s8,0.000252653,0.000960662,0.000125966,0.000209562,0.000126554,0.000187145,0.000126984,0.000190075
main|shymkent_school|nc10|np15|br0.5|one_heavy|ms3|r300|s9,0.000270234,0.000986006,0.000127537,0.000190915,0.000122644,0.000148831,0.000128339,0.000181255
main|shymkent_school|nc10|np15|br1.0|uniform|ms3|r300|s0,0.000260302,0.000866870,0.000122501,0.000207765,0.000125331,0.000176951,0.000123834,0.000196426
main|shymkent_school|nc10|np15|br1.0|uniform|ms3|r300|s1,0.000259687,0.000878200,0.000129034,0.000191185,0.000126893,0.000138278,0.000128915,0.000137300
main|shymkent_school|nc10|np15|br1.0|uniform|ms3|r300|s2,0.000273818,0.000871571,0.000126769,0.000209211,0.000124002,0.000189220,0.000130299,0.000202048
main|shymkent_school|nc10|np15|br1.0|uniform|ms3|r300|s3,0.000263847,0.000858377,0.000130996,0.000196525,0.000127396,0.000187948,0.000126447,0.000179248
main|shymkent_school|nc10|np15|br1.0|uniform|ms3|r300|s4,0.000257394,0.000882475,0.000127991,0.000190754,0.000133314,0.000187209,0.000129073,0.000195162
main|shymkent_school|nc10|np15|br1.0|uniform|ms3|r300|s5,0.000265877,0.000867761,0.000144471,0.000202728,0.000132461,0.000182037,0.000130497,0.000187581
main|shymkent_school|nc10|np15|br1.0|uniform|ms3|r300|s6,0.000257350,0.000881578,0.000126641,0.000212797,0.000123971,0.000186633,0.000126536,0.000187652
main|shymkent_school|nc10|np15|br1.0|uniform|ms3|r300|s7,0.000259972,0.000858136,0.000131865,0.000214531,0.000130562,0.000141752,0.000130484,0.000098597
main|shymkent_school|nc10|np15|br1.0|uniform|ms3|r300|s8,0.000261377,0.000890043,0.000134070,0.000202724,0.000132100,0.000178316,0.000138421,0.000204836
main|shymkent_school|nc10|np15|br1.0|uniform|ms3|r300|s9,0.000253734,0.000882541,0.000130237,0.000194419,0.000126881,0.000137078,0.000127898,0.000197823
main|shymkent_school|nc10|np15|br1.0|random_1_100|ms3|r300|s0,0.000254174,0.000857396,0.000134610,0.000191130,0.000158324,0.000128542,0.000143083,0.000188322
main|shymkent_school|nc10|np15|br1.0|random_1_100|ms3|r300|s1,0.000264799,0.000868910,0.000122877,0.000192872,0.000122085,0.000179434,0.000128213,0.000180995
main|shymkent_school|nc10|np15|br1.0|random_1_100|ms3|r300|s2,0.000265198,0.000907452,0.000143700,0.000213472,0.000129323,0.000183654,0.000132212,0.000190054
main|shymkent_school|nc10|np15|br1.0|random_1_100|ms3|r300|s3,0.000254703,0.000887191,0.000122065,0.000185389,0.000126271,0.000177833,0.000124217,0.000097267
main|shymkent_school|nc10|np15|br1.0|random_1_100|ms3|r300|s4,0.000258276,0.000833843,0.000122121,0.000184908,0.000120257,0.000139699,0.000127038,0.000145331
main|shymkent_school|nc10|np15|br1.0|random_1_100|ms3|r300|s5,0.000258844,0.000854615,0.000122771,0.000203636,0.000121364,0.000136118,0.000127985,0.000138161
main|shymkent_school|nc10|np15|br1.0|random_1_100|ms3|r300|s6,0.000266419,0.000861863,0.000129756,0.000188534,0.000129782,0.000179291,0.000124790,0.000096712
main|shymkent_school|nc10|np15|br1.0|random_1_100|ms3|r300|s7,0.000273190,0.000869633,0.000130886,0.000203935,0.000124080,0.000178363,0.000128841,0.000187019
main|shymkent_school|nc10|np15|br1.0|random_1_100|ms3|r300|s8,0.000275479,0.000849634,0.000127903,0.000207151,0.000124583,0.000145264,0.000128098,0.000135318
main|shymkent_school|nc10|np15|br1.0|random_1_100|ms3|r300|s9,0.000256138,0.000872590,0.000129087,0.000229682,0.000133636,0.000193695,0.000139049,0.000185390
main|shymkent_school|nc10|np15|br1.0|one_heavy|ms3|r300|s0,0.000252018,0.000898865,0.000128025,0.000203446,0.000125990,0.000173476,0.000125093,0.000187073
main|shymkent_school|nc10|np15|br1.0|one_heavy|ms3|r300|s1,0.000250748,0.000860116,0.000123057,0.000188466,0.000125899,0.000141007,0.000124812,0.000200692
main|shymkent_school|nc10|np15|br1.0|one_heavy|ms3|r300|s2,0.000268404,0.000914366,0.000125481,0.000216775,0.000124995,0.000193993,0.000139290,0.000185957
main|shymkent_school|nc10|np15|br1.0|one_heavy|ms3|r300|s3,0.000258302,0.000926401,0.000185075,0.000232893,0.000178804,0.000201099,0.000150956,0.000205732
main|shymkent_school|nc10|np15|br1.0|one_heavy|ms3|r300|s4,0.000259831,0.000900489,0.000128311,0.000201986,0.000125948,0.000135809,0.000127772,0.000137917
main|shymkent_school|nc10|np15|br1.0|one_heavy|ms3|r300|s5,0.000260725,0.000878218,0.000137302,0.000180090,0.000126789,0.000178600,0.000129223,0.000179794
main|shymkent_school|nc10|np15|br1.0|one_heavy|ms3|r300|s6,0.000281102,0.000870524,0.000130640,0.000204306,0.000124725,0.000184903,0.000128669,0.000197199
main|shymkent_school|nc10|np15|br1.0|one_heavy|ms3|r300|s7,0.000252240,0.000857330,0.000140337,0.000208674,0.000122051,0.000134898,0.000125301,0.000195104
main|shymkent_school|nc10|np15|br1.0|one_heavy|ms3|r300|s8,0.000251207,0.000886422,0.000126963,0.000205391,0.000127477,0.000151027,0.000131426,0.000190295
main|shymkent_school|nc10|np15|br1.0|one_heavy|ms3|r300|s9,0.000257752,0.000929873,0.000137071,0.000202156,0.000126942,0.000179012,0.000128357,0.000178404
main|shymkent_school|nc10|np25|br0.25|uniform|ms3|r300|s0,0.000434051,0.000456382,0.000108111,0.000223040,0.000123946,0.000214131,0.000109646,0.000249088
main|shymkent_school|nc10|np25|br0.25|uniform|ms3|r300|s1,0.000439190,0.000558920,0.000103005,0.000232692,0.000102084,0.000201830,0.000100066,0.000233027
main|shymkent_school|nc10|np25|br0.25|uniform|ms3|r300|s2,0.000430695,0.000507023,0.000144787,0.000230775,0.000144855,0.000169820,0.000138765,0.000222260
main|shymkent_school|nc10|np25|br0.25|uniform|ms3|r300|s3,0.000428429,0.000484813,0.000096019,0.000205267,0.000120484,0.000179425,0.000098767,0.000170509
main|shymkent_school|nc10|np25|br0.25|uniform|ms3|r300|s4,0.000428304,0.000490129,0.000131875,0.000229048,0.000083714,0.000160924,0.000141964,0.000217178
main|shymkent_school|nc10|np25|br0.25|uniform|ms3|r300|s5,0.000426505,0.000515060,0.000107258,0.000230626,0.000100382,0.000186506,0.000118794,0.000236166
main|shymkent_school|nc10|np25|br0.25|uniform|ms3|r300|s6,0.000426793,0.000466147,0.000138076,0.000225089,0.000137174,0.000207193,0.000135263,0.000207267
main|shymkent_school|nc10|np25|br0.25|uniform|ms3|r300|s7,0.000415772,0.000456841,0.000097030,0.000217402,0.000112690,0.000205923,0.000107203,0.000217403
main|shymkent_school|nc10|np25|br0.25|uniform|ms3|r300|s8,0.000440003,0.000467654,0.000123134,0.000207271,0.000117878,0.000173283,0.000113909,0.000185225
main|shymkent_school|nc10|np25|br0.25|uniform|ms3|r300|s9,0.000453231,0.000496386,0.000107605,0.000182584,0.000107229,0.000168222,0.000103174,0.000201333
main|shymkent_school|nc10|np25|br0.25|random_1_100|ms3|r300|s0,0.000430304,0.000482370,0.000176860,0.000291140,0.000134908,0.000199337,0.000134601,0.000213594
main|shymkent_school|nc10|np25|br0.25|random_1_100|ms3|r300|s1,0.000438702,0.000533128,0.000140078,0.000220905,0.000136456,0.000164921,0.000132996,0.000203822
main|shymkent_school|nc10|np25|br0.25|random_1_100|ms3|r300|s2,0.000442350,0.000566509,0.000092094,0.000216567,0.000100836,0.000196624,0.000116809,0.000199791
main|shymkent_school|nc10|np25|br0.25|random_1_100|ms3|r300|s3,0.000432277,0.000550617,0.000123398,0.000235086,0.000093999,0.000200434,0.000085333,0.000183068
main|shymkent_school|nc10|np25|br0.25|random_1_100|ms3|r300|s4,0.000420749,0.000456068,0.000115492,0.000204495,0.000119086,0.000192259,0.000117100,0.000193949
main|shymkent_school|nc10|np25|br0.25|random_1_100|ms3|r300|s5,0.000471356,0.000487411,0.000173851,0.000253569,0.000135051,0.000183723,0.000141180,0.000196890
main|shymkent_school|nc10|np25|br0.25|random_1_100|ms3|r300|s6,0.000428075,0.000439463,0.000111498,0.000205385,0.000105088,0.000187970,0.000104524,0.000173578
main|shymkent_school|nc10|np25|br0.25|random_1_100|ms3|r300|s7,0.000425027,0.000505855,0.000093789,0.000227149,0.000092279,0.000196783,0.000107528,0.000206212
main|shymkent_school|nc10|np25|br0.25|random_1_100|ms3|r300|s8,0.000427405,0.000444120,0.000127287,0.000212841,0.000126449,0.000192152,0.000126085,0.000222103
main|shymkent_school|nc10|np25|br0.25|random_1_100|ms3|r300|s9,0.000534594,0.000551703,0.000122552,0.000279497,0.000136031,0.000215811,0.000149619,0.000227944
main|shymkent_school|nc10|np25|br0.25|one_heavy|ms3|r300|s0,0.000545957,0.000519638,0.000160024,0.000297214,0.000154478,0.000151683,0.000119203,0.000238724
main|shymkent_school|nc10|np25|br0.25|one_heavy|ms3|r300|s1,0.000435175,0.000520617,0.000116777,0.000193706,0.000145532,0.000202908,0.000118903,0.000226698
main|shymkent_school|nc10|np25|br0.25|one_heavy|ms3|r300|s2,0.000440425,0.000542078,0.000102202,0.000251996,0.000159684,0.000226981,0.000102274,0.000256404
main|shymkent_school|nc10|np25|br0.25|one_heavy|ms3|r300|s3,0.000468456,0.000596312,0.000096992,0.000181891,0.000112176,0.000174172,0.000098218,0.000190199
main|shymkent_school|nc10|np25|br0.25|one_heavy|ms3|r300|s4,0.000448772,0.000479234,0.000150197,0.000249561,0.000136612,0.000212660,0.000125302,0.000199457
main|shymkent_school|nc10|np25|br0.25|one_heavy|ms3|r300|s5,0.000473173,0.000508532,0.000154112,0.000240363,0.000139610,0.000206181,0.000146424,0.000214013
main|shymkent_school|nc10|np25|br0.25|one_heavy|ms3|r300|s6,0.000434954,0.000472760,0.000110248,0.000226612,0.000132492,0.000205138,0.000136239,0.000193786
main|shymkent_school|nc10|np25|br0.25|one_heavy|ms3|r300|s7,0.000449691,0.000590672,0.000116687,0.000219205,0.000117182,0.000194370,0.000123618,0.000259365
main|shymkent_school|nc10|np25|br0.25|one_heavy|ms3|r300|s8,0.000422452,0.000480387,0.000170217,0.000273553,0.000156141,0.000182091,0.000161200,0.000228176
main|shymkent_school|nc10|np25|br0.25|one_heavy|ms3|r300|s9,0.000434522,0.000493575,0.000113584,0.000205961,0.000111839,0.000159346,0.000100947,0.000203704
main|shymkent_school|nc10|np25|br0.5|uniform|ms3|r300|s0,0.000467516,0.001222335,0.000156339,0.000237162,0.000150350,0.000219453,0.000151489,0.000214365
main|shymkent_school|nc10|np25|br0.5|uniform|ms3|r300|s1,0.000400450,0.001156739,0.000148933,0.000297015,0.000153771,0.000218542,0.000148570,0.000218910
main|shymkent_school|nc10|np25|br0.5|uniform|ms3|r300|s2,0.000418632,0.001024052,0.000150121,0.000235944,0.000145139,0.000230284,0.000161195,0.000235829
main|shymkent_school|nc10|np25|br0.5|uniform|ms3|r300|s3,0.000404541,0.000972777,0.000142337,0.000245121,0.000155969,0.000209842,0.000175944,0.000232029
main|shymkent_school|nc10|np25|br0.5|uniform|ms3|r300|s4,0.000424106,0.001104304,0.000149987,0.000276818,0.000157167,0.000275895,0.000168319,0.000289070
main|shymkent_school|nc10|np25|br0.5|uniform|ms3|r300|s5,0.000518920,0.001092082,0.000172384,0.000247326,0.000152371,0.000236299,0.000191921,0.000257849
main|shymkent_school|nc10|np25|br0.5|uniform|ms3|r300|s6,0.000441664,0.001004532,0.000176957,0.000343766,0.000153337,0.000214945,0.000151614,0.000224538
main|shymkent_school|nc10|np25|br0.5|uniform|ms3|r300|s7,0.000433958,0.000974247,0.000152032,0.000244972,0.000151133,0.000210749,0.000174532,0.000222124
main|shymkent_school|nc10|np25|br0.5|uniform|ms3|r300|s8,0.000411172,0.001070255,0.000157009,0.000229794,0.000149289,0.000215528,0.000145460,0.000229666
main|shymkent_school|nc10|np25|br0.5|uniform|ms3|r300|s9,0.000409607,0.001007216,0.000149441,0.000239587,0.000147089,0.000218587,0.000152118,0.000210843
main|shymkent_school|nc10|np25|br0.5|random_1_100|ms3|r300|s0,0.000520111,0.001088595,0.000196223,0.000280004,0.000150684,0.000207319,0.000146039,0.000231341
main|shymkent_school|nc10|np25|br0.5|random_1_100|ms3|r300|s1,0.000397644,0.001018967,0.000170726,0.000251392,0.000149176,0.000214129,0.000149065,0.000171731
main|shymkent_school|nc10|np25|br0.5|random_1_100|ms3|r300|s2,0.000418270,0.001010752,0.000150997,0.000246638,0.000146657,0.000223482,0.000160081,0.000222218
main|shymkent_school|nc10|np25|br0.5|random_1_100|ms3|r300|s3,0.000442254,0.001059994,0.000165423,0.000250145,0.000152376,0.000216348,0.000154086,0.000219315
main|shymkent_school|nc10|np25|br0.5|random_1_100|ms3|r300|s4,0.000420851,0.001045961,0.000156873,0.000245760,0.000153749,0.000215710,0.000150576,0.000235234
main|shymkent_school|nc10|np25|br0.5|random_1_100|ms3|r300|s5,0.000415044,0.001036522,0.000266021,0.000404930,0.000209065,0.000272066,0.000174528,0.000270870
main|shymkent_school|nc10|np25|br0.5|random_1_100|ms3|r300|s6,0.000661672,0.001596551,0.000221717,0.000307992,0.000150822,0.000217050,0.000153200,0.000226779
main|shymkent_school|nc10|np25|br0.5|random_1_100|ms3|r300|s7,0.000417415,0.001045299,0.000184658,0.000259013,0.000164206,0.000248673,0.000160925,0.000230061
main|shymkent_school|nc10|np25|br0.5|random_1_100|ms3|r300|s8,0.000438071,0.001112891,0.000163007,0.000261018,0.000162170,0.000187829,0.000153888,0.000271559
main|shymkent_school|nc10|np25|br0.5|random_1_100|ms3|r300|s9,0.000435185,0.001068079,0.000153130,0.000262213,0.000158993,0.000233027,0.000158985,0.000243472
main|shymkent_school|nc10|np25|br0.5|one_heavy|ms3|r300|s0,0.000452113,0.001018200,0.000154748,0.000256257,0.000158562,0.000262793,0.000165882,0.000237386
main|shymkent_school|nc10|np25|br0.5|one_heavy|ms3|r300|s1,0.000433307,0.001018574,0.000160317,0.000244257,0.000161795,0.000124000,0.000151677,0.000168043
main|shymkent_school|nc10|np25|br0.5|one_heavy|ms3|r300|s2,0.000472330,0.001039502,0.000158111,0.000284336,0.000171668,0.000232338,0.000160919,0.000251348
main|shymkent_school|nc10|np25|br0.5|one_heavy|ms3|r300|s3,0.000470683,0.001019266,0.000158710,0.000274074,0.000157840,0.000235839,0.000159289,0.000235319
main|shymkent_school|nc10|np25|br0.5|one_heavy|ms3|r300|s4,0.000437719,0.001024296,0.000179316,0.000266560,0.000161218,0.000173144,0.000155667,0.000262903
main|shymkent_school|nc10|np25|br0.5|one_heavy|ms3|r300|s5,0.000428260,0.001071416,0.000160104,0.000265176,0.000156892,0.000229863,0.000154331,0.000232757
main|shymkent_school|nc10|np25|br0.5|one_heavy|ms3|r300|s6,0.000431191,0.001092706,0.000161681,0.000265878,0.000157265,0.000236392,0.000193239,0.000264132
main|shymkent_school|nc10|np25|br0.5|one_heavy|ms3|r300|s7,0.000447667,0.001026020,0.000157639,0.000328175,0.000167855,0.000235081,0.000159989,0.000239056
main|shymkent_school|nc10|np25|br0.5|one_heavy|ms3|r300|s8,0.000440261,0.001019360,0.000160242,0.000241881,0.000157122,0.000224275,0.000157599,0.000219976
main|shymkent_school|nc10|np25|br0.5|one_heavy|ms3|r300|s9,0.000423593,0.001009913,0.000162473,0.000251190,0.000158939,0.000215055,0.000159908,0.000221380
main|shymkent_school|nc10|np25|br1.0|uniform|ms3|r300|s0,0.000457963,0.001045340,0.000157099,0.000259150,0.000155924,0.000239570,0.000154668,0.000232975
main|shymkent_school|nc10|np25|br1.0|uniform|ms3|r300|s1,0.000457021,0.001046319,0.000161934,0.000252058,0.000158903,0.000254866,0.000164703,0.000266020
main|shymkent_school|nc10|np25|br1.0|uniform|ms3|r300|s2,0.000428019,0.001019285,0.000160000,0.000255074,0.000199063,0.000234851,0.000157761,0.000231935
main|shymkent_school|nc10|np25|br1.0|uniform|ms3|r300|s3,0.000438477,0.001004968,0.000161697,0.000266893,0.000155962,0.000230480,0.000156990,0.000241180
main|shymkent_school|nc10|np25|br1.0|uniform|ms3|r300|s4,0.000434632,0.001021886,0.000161026,0.000251707,0.000158535,0.000171785,0.000166002,0.000249709
main|shymkent_school|nc10|np25|br1.0|uniform|ms3|r300|s5,0.000431144,0.001015853,0.000154496,0.000252538,0.000153864,0.000174696,0.000156043,0.000233331
main|shymkent_school|nc10|np25|br1.0|uniform|ms3|r300|s6,0.000447292,0.001082621,0.000160693,0.000256984,0.000156433,0.000170794,0.000156492,0.000226901
main|shymkent_school|nc10|np25|br1.0|uniform|ms3|r300|s7,0.000441864,0.001108686,0.000161904,0.000253587,0.000166411,0.000232237,0.000158261,0.000262411
main|shymkent_school|nc10|np25|br1.0|uniform|ms3|r300|s8,0.000464565,0.001034510,0.000157913,0.000258746,0.000159359,0.000173748,0.000160028,0.000229762
main|shymkent_school|nc10|np25|br1.0|uniform|ms3|r300|s9,0.000422348,0.001043633,0.000172798,0.000266662,0.000165124,0.000175450,0.000152833,0.000244203
main|shymkent_school|nc10|np25|br1.0|random_1_100|ms3|r300|s0,0.000474338,0.000985307,0.000151817,0.000236605,0.000144678,0.000235745,0.000150958,0.000233908
main|shymkent_school|nc10|np25|br1.0|random_1_100|ms3|r300|s1,0.000580487,0.001031732,0.000153505,0.000216910,0.000147219,0.000113016,0.000142344,0.000162882
main|shymkent_school|nc10|np25|br1.0|random_1_100|ms3|r300|s2,0.000417608,0.001056121,0.000143440,0.000260029,0.000142598,0.000213015,0.000146639,0.000249857
main|shymkent_school|nc10|np25|br1.0|random_1_100|ms3|r300|s3,0.000407848,0.000955718,0.000147675,0.000237240,0.000146753,0.000175430,0.000148486,0.000217391
main|shymkent_school|nc10|np25|br1.0|random_1_100|ms3|r300|s4,0.000419911,0.000989463,0.000163177,0.000243096,0.000158072,0.000225681,0.000157031,0.000232018
main|shymkent_school|nc10|np25|br1.0|random_1_100|ms3|r300|s5,0.000481604,0.000955022,0.000148784,0.000248224,0.000155625,0.000218399,0.000167636,0.000219515
main|shymkent_school|nc10|np25|br1.0|random_1_100|ms3|r300|s6,0.000427075,0.001056191,0.000145535,0.000241586,0.000144818,0.000214630,0.000150084,0.000207520
main|shymkent_school|nc10|np25|br1.0|random_1_100|ms3|r300|s7,0.000406181,0.000948227,0.000156630,0.000234065,0.000147703,0.000166042,0.000150005,0.000224676
main|shymkent_school|nc10|np25|br1.0|random_1_100|ms3|r300|s8,0.000398044,0.000982791,0.000140692,0.000229076,0.000143304,0.000153728,0.000143666,0.000207987
main|shymkent_school|nc10|np25|br1.0|random_1_100|ms3|r300|s9,0.000437264,0.000978874,0.000145256,0.000273266,0.000240284,0.000221785,0.000146729,0.000224124
main|shymkent_school|nc10|np25|br1.0|one_heavy|ms3|r300|s0,0.000409366,0.000966420,0.000154878,0.000245105,0.000156048,0.000226676,0.000196728,0.000230115
main|shymkent_school|nc10|np25|br1.0|one_heavy|ms3|r300|s1,0.000417830,0.001118328,0.000162289,0.000270241,0.000173111,0.000227725,0.000161987,0.000239390
main|shymkent_school|nc10|np25|br1.0|one_heavy|ms3|r300|s2,0.000453308,0.001018007,0.000188082,0.000283248,0.000147975,0.000230625,0.000163479,0.000228451
main|shymkent_school|nc10|np25|br1.0|one_heavy|ms3|r300|s3,0.000437327,0.000961639,0.000177698,0.000227350,0.000147506,0.000110687,0.000147863,0.000225499
main|shymkent_school|nc10|np25|br1.0|one_heavy|ms3|r300|s4,0.000487237,0.001018027,0.000158324,0.000246567,0.000160860,0.000171859,0.000159684,0.000235808
main|shymkent_school|nc10|np25|br1.0|one_heavy|ms3|r300|s5,0.000424457,0.001090282,0.000165094,0.000265679,0.000155918,0.000213765,0.000164644,0.000222442
main|shymkent_school|nc10|np25|br1.0|one_heavy|ms3|r300|s6,0.000457791,0.001017244,0.000160623,0.000245824,0.000187015,0.000217151,0.000177572,0.000172123
main|shymkent_school|nc10|np25|br1.0|one_heavy|ms3|r300|s7,0.000427940,0.001025207,0.000156184,0.000271421,0.000152695,0.000231761,0.000154225,0.000245508
main|shymkent_school|nc10|np25|br1.0|one_heavy|ms3|r300|s8,0.000496888,0.001115000,0.000168739,0.000274454,0.000155452,0.000217515,0.000159010,0.000218372
main|shymkent_school|nc10|np25|br1.0|one_heavy|ms3|r300|s9,0.000463274,0.001086706,0.000160361,0.000257097,0.000155861,0.000227089,0.000169948,0.000230275
main|shymkent_school|nc16|np5|br0.25|uniform|ms3|r300|s0,0.000116349,0.008564794,0.000144396,0.000237624,0.000137167,0.000227434,0.000147536,0.000150186
main|shymkent_school|nc16|np5|br0.25|uniform|ms3|r300|s1,0.000108941,0.008634396,0.000097387,0.000175740,0.000106510,0.000172243,0.000102301,0.000178623
main|shymkent_school|nc16|np5|br0.25|uniform|ms3|r300|s2,0.000117280,0.007819604,0.000131183,0.000215837,0.000126162,0.000167144,0.000129208,0.000155598
main|shymkent_school|nc16|np5|br0.25|uniform|ms3|r300|s3,0.000112298,0.007492290,0.000092266,0.000142314,0.000113562,0.000100587,0.000091448,0.000101097
main|shymkent_school|nc16|np5|br0.25|uniform|ms3|r300|s4,0.000111045,0.006952235,0.000131899,0.000218115,0.000127845,0.000237378,0.000132473,0.000151953
main|shymkent_school|nc16|np5|br0.25|uniform|ms3|r300|s5,0.000109098,0.007369422,0.000121052,0.000168501,0.000115333,0.000165647,0.000116055,0.000165256
main|shymkent_school|nc16|np5|br0.25|uniform|ms3|r300|s6,0.000092047,0.005976378,0.000114611,0.000167922,0.000114834,0.000131018,0.000118685,0.000131180
main|shymkent_school|nc16|np5|br0.25|uniform|ms3|r300|s7,0.000088081,0.006136317,0.000111672,0.000185912,0.000113885,0.000167387,0.000114857,0.000164379
main|shymkent_school|nc16|np5|br0.25|uniform|ms3|r300|s8,0.000088868,0.005782943,0.000119681,0.000160232,0.000111726,0.000125793,0.000114908,0.000085667
main|shymkent_school|nc16|np5|br0.25|uniform|ms3|r300|s9,0.000088642,0.005802144,0.000112098,0.000183304,0.000109980,0.000163767,0.000113999,0.000155819
main|shymkent_school|nc16|np5|br0.25|random_1_100|ms3|r300|s0,0.000096113,0.005729102,0.000114629,0.000165719,0.000111119,0.000123165,0.000112034,0.000080164
main|shymkent_school|nc16|np5|br0.25|random_1_100|ms3|r300|s1,0.000093361,0.006173555,0.000116056,0.000167338,0.000118575,0.000175113,0.000125997,0.000184928
main|shymkent_school|nc16|np5|br0.25|random_1_100|ms3|r300|s2,0.000096016,0.007050737,0.000129280,0.000214681,0.000125936,0.000193092,0.000134493,0.000135794
main|shymkent_school|nc16|np5|br0.25|random_1_100|ms3|r300|s3,0.000098403,0.006129969,0.000116289,0.000185895,0.000117320,0.000166196,0.000114327,0.000093032
main|shymkent_school|nc16|np5|br0.25|random_1_100|ms3|r300|s4,0.000101119,0.006906013,0.000126778,0.000249753,0.000137314,0.000209574,0.000139136,0.000212925
main|shymkent_school|nc16|np5|br0.25|random_1_100|ms3|r300|s5,0.000116165,0.007264247,0.000105704,0.000157877,0.000102675,0.000159778,0.000098680,0.000152351
main|shymkent_school|nc16|np5|br0.25|random_1_100|ms3|r300|s6,0.000108781,0.007478159,0.000140657,0.000223970,0.000145182,0.000207256,0.000153641,0.000206764
main|shymkent_school|nc16|np5|br0.25|random_1_100|ms3|r300|s7,0.000111902,0.007183351,0.000143054,0.000214180,0.000143662,0.000166613,0.000148733,0.000111538
main|shymkent_school|nc16|np5|br0.25|random_1_100|ms3|r300|s8,0.000111168,0.007247572,0.000153458,0.000233069,0.000144004,0.000148913,0.000156636,0.000211554
main|shymkent_school|nc16|np5|br0.25|random_1_100|ms3|r300|s9,0.000108406,0.007274620,0.000150203,0.000226388,0.000135350,0.000219673,0.000152880,0.000209099
main|shymkent_school|nc16|np5|br0.25|one_heavy|ms3|r300|s0,0.000115504,0.007393542,0.000154547,0.000214558,0.000150778,0.000227258,0.000157692,0.000173974
main|shymkent_school|nc16|np5|br0.25|one_heavy|ms3|r300|s1,0.000133111,0.007712050,0.000154556,0.000211773,0.000146821,0.000202204,0.000164215,0.000234154
main|shymkent_school|nc16|np5|br0.25|one_heavy|ms3|r300|s2,0.000115804,0.007868865,0.000156541,0.000212604,0.000148851,0.000162453,0.000143245,0.000163468
main|shymkent_school|nc16|np5|br0.25|one_heavy|ms3|r300|s3,0.000111636,0.007739791,0.000130828,0.000169436,0.000100459,0.000169344,0.000107526,0.000156450
main|shymkent_school|nc16|np5|br0.25|one_heavy|ms3|r300|s4,0.000120182,0.007469003,0.000146027,0.000212131,0.000147216,0.000158429,0.000152329,0.000102686
main|shymkent_school|nc16|np5|br0.25|one_heavy|ms3|r300|s5,0.000126698,0.007533733,0.000100641,0.000154578,0.000099082,0.000151526,0.000100347,0.000117276
main|shymkent_school|nc16|np5|br0.25|one_heavy|ms3|r300|s6,0.000116390,0.007688502,0.000158124,0.000272761,0.000130489,0.000203307,0.000145492,0.000215027
main|shymkent_school|nc16|np5|br0.25|one_heavy|ms3|r300|s7,0.000133139,0.007803360,0.000148358,0.000219418,0.000146494,0.000203915,0.000150896,0.000201615
main|shymkent_school|nc16|np5|br0.25|one_heavy|ms3|r300|s8,0.000118390,0.007362169,0.000130951,0.000226116,0.000135700,0.000215561,0.000132425,0.000149763
main|shymkent_school|nc16|np5|br0.25|one_heavy|ms3|r300|s9,0.000115083,0.007350345,0.000145038,0.000231726,0.000165309,0.000249028,0.000136800,0.000222902
main|shymkent_school|nc16|np5|br0.5|uniform|ms3|r300|s0,0.000119869,0.007535150,0.000154699,0.000219825,0.000148467,0.000153154,0.000150781,0.000154003
main|shymkent_school|nc16|np5|br0.5|uniform|ms3|r300|s1,0.000116335,0.007451391,0.000156000,0.000237453,0.000154509,0.000229895,0.000154032,0.000220192
main|shymkent_school|nc16|np5|br0.5|uniform|ms3|r300|s2,0.000115985,0.007600795,0.000146917,0.000207215,0.000147395,0.000216619,0.000151009,0.000260187
main|shymkent_school|nc16|np5|br0.5|uniform|ms3|r300|s3,0.000112135,0.007588751,0.000136237,0.000209342,0.000144335,0.000151567,0.000152185,0.000105367
main|shymkent_school|nc16|np5|br0.5|uniform|ms3|r300|s4,0.000109002,0.007328072,0.000148403,0.000267022,0.000149717,0.000227849,0.000148532,0.000228944
main|shymkent_school|nc16|np5|br0.5|uniform|ms3|r300|s5,0.000122985,0.007677480,0.000150974,0.000225942,0.000148338,0.000230811,0.000170920,0.000195620
main|shymkent_school|nc16|np5|br0.5|uniform|ms3|r300|s6,0.000140455,0.007600472,0.000156300,0.000214069,0.000148806,0.000173569,0.000152346,0.000110675
main|shymkent_school|nc16|np5|br0.5|uniform|ms3|r300|s7,0.000112817,0.007739418,0.000148960,0.000218325,0.000144030,0.000221949,0.000153510,0.000209274
main|shymkent_school|nc16|np5|br0.5|uniform|ms3|r300|s8,0.000116734,0.007662271,0.000146808,0.000214709,0.000145983,0.000239592,0.000148561,0.000201218
main|shymkent_school|nc16|np5|br0.5|uniform|ms3|r300|s9,0.000115650,0.008973998,0.000202457,0.000307038,0.000221576,0.000313701,0.000222909,0.000301724
main|shymkent_school|nc16|np5|br0.5|random_1_100|ms3|r300|s0,0.000186532,0.011208367,0.000125864,0.000191240,0.000129650,0.000190755,0.000133222,0.000132351
main|shymkent_school|nc16|np5|br0.5|random_1_100|ms3|r300|s1,0.000179998,0.007495913,0.000146127,0.000209332,0.000143100,0.000233787,0.000140304,0.000202642
main|shymkent_school|nc16|np5|br0.5|random_1_100|ms3|r300|s2,0.000109295,0.007330307,0.000204214,0.000299317,0.000207169,0.000315350,0.000203741,0.000146103
main|shymkent_school|nc16|np5|br0.5|random_1_100|ms3|r300|s3,0.000180093,0.007432533,0.000156771,0.000226140,0.000152363,0.000216131,0.000149782,0.000152360
main|shymkent_school|nc16|np5|br0.5|random_1_100|ms3|r300|s4,0.000114255,0.007516708,0.000149213,0.000234475,0.000139759,0.000205831,0.000144180,0.000150921
main|shymkent_school|nc16|np5|br0.5|random_1_100|ms3|r300|s5,0.000117992,0.007505578,0.000138388,0.000242293,0.000142334,0.000210437,0.000144622,0.000204476
main|shymkent_school|nc16|np5|br0.5|random_1_100|ms3|r300|s6,0.000137155,0.007577881,0.000155808,0.000216279,0.000140126,0.000214217,0.000148690,0.000206160
main|shymkent_school|nc16|np5|br0.5|random_1_100|ms3|r300|s7,0.000112181,0.007408283,0.000107716,0.000153298,0.000103877,0.000105691,0.000101402,0.000159326
main|shymkent_school|nc16|np5|br0.5|random_1_100|ms3|r300|s8,0.000139491,0.007678689,0.000144901,0.000229685,0.000148867,0.000161868,0.000145392,0.000205475
main|shymkent_school|nc16|np5|br0.5|random_1_100|ms3|r300|s9,0.000112409,0.007327320,0.000098400,0.000146440,0.000104042,0.000146708,0.000103220,0.000151439
main|shymkent_school|nc16|np5|br0.5|one_heavy|ms3|r300|s0,0.000113013,0.007370274,0.000141807,0.000214536,0.000145674,0.000245595,0.000142254,0.000197457
main|shymkent_school|nc16|np5|br0.5|one_heavy|ms3|r300|s1,0.000109263,0.007405114,0.000140433,0.000245366,0.000141971,0.000226107,0.000146258,0.000193040
main|shymkent_school|nc16|np5|br0.5|one_heavy|ms3|r300|s2,0.000111299,0.007073243,0.000151266,0.000212389,0.000132172,0.000216986,0.000140056,0.000194936
main|shymkent_school|nc16|np5|br0.5|one_heavy|ms3|r300|s3,0.000109771,0.007198573,0.000097055,0.000142982,0.000098957,0.000152753,0.000098240,0.000151317
main|shymkent_school|nc16|np5|br0.5|one_heavy|ms3|r300|s4,0.000111114,0.007277761,0.000144165,0.000204613,0.000140324,0.000194739,0.000147325,0.000146765
main|shymkent_school|nc16|np5|br0.5|one_heavy|ms3|r300|s5,0.000106309,0.006248810,0.000131777,0.000179237,0.000113519,0.000172119,0.000116239,0.000131324
main|shymkent_school|nc16|np5|br0.5|one_heavy|ms3|r300|s6,0.000094965,0.006172285,0.000121029,0.000188051,0.000121945,0.000183219,0.000118547,0.000174197
main|shymkent_school|nc16|np5|br0.5|one_heavy|ms3|r300|s7,0.000096483,0.006248606,0.000124712,0.000161439,0.000124348,0.000080863,0.000117481,0.000089303
main|shymkent_school|nc16|np5|br0.5|one_heavy|ms3|r300|s8,0.000092383,0.005926247,0.000126872,0.000172748,0.000122487,0.000137826,0.000125574,0.000089638
main|shymkent_school|nc16|np5|br0.5|one_heavy|ms3|r300|s9,0.000094415,0.006136897,0.000087659,0.000190908,0.000083692,0.000181679,0.000088086,0.000136298
main|shymkent_school|nc16|np5|br1.0|uniform|ms3|r300|s0,0.000097976,0.006101125,0.000193937,0.000255008,0.000164076,0.000235309,0.000173508,0.000122775
main|shymkent_school|nc16|np5|br1.0|uniform|ms3|r300|s1,0.000152393,0.008930054,0.000120192,0.000200264,0.000129781,0.000181271,0.000121674,0.000178565
main|shymkent_school|nc16|np5|br1.0|uniform|ms3|r300|s2,0.000112603,0.006263197,0.000125800,0.000179042,0.000127627,0.000166624,0.000123758,0.000134515
main|shymkent_school|nc16|np5|br1.0|uniform|ms3|r300|s3,0.000092347,0.006109057,0.000114441,0.000178081,0.000115797,0.000168341,0.000121850,0.000122376
main|shymkent_school|nc16|np5|br1.0|uniform|ms3|r300|s4,0.000088556,0.006021110,0.000082467,0.000130624,0.000084562,0.000166808,0.000090406,0.000085196
main|shymkent_school|nc16|np5|br1.0|uniform|ms3|r300|s5,0.000134109,0.006159651,0.000118731,0.000183438,0.000127103,0.000167511,0.000118691,0.000127516
main|shymkent_school|nc16|np5|br1.0|uniform|ms3|r300|s6,0.000091342,0.006158616,0.000114547,0.000199372,0.000121356,0.000186432,0.000122522,0.000171086
main|shymkent_school|nc16|np5|br1.0|uniform|ms3|r300|s7,0.000092325,0.006106397,0.000125120,0.000173502,0.000123668,0.000164921,0.000121751,0.000172388
main|shymkent_school|nc16|np5|br1.0|uniform|ms3|r300|s8,0.000094219,0.006225655,0.000127262,0.000170451,0.000119577,0.000171146,0.000121017,0.000126945
main|shymkent_school|nc16|np5|br1.0|uniform|ms3|r300|s9,0.000090332,0.006113273,0.000125695,0.000175879,0.000122337,0.000172728,0.000123179,0.000130995
main|shymkent_school|nc16|np5|br1.0|random_1_100|ms3|r300|s0,0.000095953,0.006086942,0.000081255,0.000122356,0.000080575,0.000086064,0.000081918,0.000084326
main|shymkent_school|nc16|np5|br1.0|random_1_100|ms3|r300|s1,0.000094127,0.006073677,0.000123283,0.000182712,0.000118069,0.000170630,0.000123979,0.000130750
main|shymkent_school|nc16|np5|br1.0|random_1_100|ms3|r300|s2,0.000100915,0.006086958,0.000120950,0.000184567,0.000111566,0.000166377,0.000119679,0.000126191
main|shymkent_school|nc16|np5|br1.0|random_1_100|ms3|r300|s3,0.000093468,0.006150802,0.000124238,0.000209326,0.000120199,0.000173791,0.000115881,0.000178788
main|shymkent_school|nc16|np5|br1.0|random_1_100|ms3|r300|s4,0.000092786,0.006122671,0.000126319,0.000191612,0.000127396,0.000175454,0.000123983,0.000185263
main|shymkent_school|nc16|np5|br1.0|random_1_100|ms3|r300|s5,0.000100903,0.006034092,0.000122849,0.000172507,0.000118277,0.000160918,0.000125240,0.000168768
main|shymkent_school|nc16|np5|br1.0|random_1_100|ms3|r300|s6,0.000091410,0.007054864,0.000132116,0.000222693,0.000132789,0.000200255,0.000139237,0.000151506
main|shymkent_school|nc16|np5|br1.0|random_1_100|ms3|r300|s7,0.000105562,0.007074061,0.000132667,0.000226713,0.000136766,0.000158289,0.000140757,0.000205230
main|shymkent_school|nc16|np5|br1.0|random_1_100|ms3|r300|s8,0.000114343,0.007050496,0.000142481,0.000237420,0.000143728,0.000199048,0.000141947,0.000195474
main|shymkent_school|nc16|np5|br1.0|random_1_100|ms3|r300|s9,0.000112636,0.007067753,0.000097813,0.000204933,0.000100302,0.000095571,0.000091149,0.000150358
main|shymkent_school|nc16|np5|br1.0|one_heavy|ms3|r300|s0,0.000111664,0.007005703,0.000143052,0.000224943,0.000148180,0.000209606,0.000145722,0.000217933
main|shymkent_school|nc16|np5|br1.0|one_heavy|ms3|r300|s1,0.000108662,0.007050281,0.000148517,0.000198878,0.000144443,0.000154924,0.000150115,0.000140734
main|shymkent_school|nc16|np5|br1.0|one_heavy|ms3|r300|s2,0.000119704,0.007233648,0.000147747,0.000217837,0.000148639,0.000209874,0.000169240,0.000169494
main|shymkent_school|nc16|np5|br1.0|one_heavy|ms3|r300|s3,0.000110024,0.007012311,0.000096988,0.000158924,0.000094365,0.000147823,0.000093835,0.000097780
main|shymkent_school|nc16|np5|br1.0|one_heavy|ms3|r300|s4,0.000111150,0.007083238,0.000147433,0.000215148,0.000135922,0.000200597,0.000143401,0.000197722
main|shymkent_school|nc16|np5|br1.0|one_heavy|ms3|r300|s5,0.000109560,0.007130606,0.000098083,0.000157568,0.000103676,0.000157134,0.000100022,0.000153491
main|shymkent_school|nc16|np5|br1.0|one_heavy|ms3|r300|s6,0.000109049,0.007076436,0.000139259,0.000195583,0.000133140,0.000152485,0.000142729,0.000106851
main|shymkent_school|nc16|np5|br1.0|one_heavy|ms3|r300|s7,0.000108714,0.007143353,0.000141837,0.000226433,0.000148242,0.000194483,0.000143848,0.000206095
main|shymkent_school|nc16|np5|br1.0|one_heavy|ms3|r300|s8,0.000115857,0.007218033,0.000151639,0.000234915,0.000148206,0.000216297,0.000151060,0.000204779
main|shymkent_school|nc16|np5|br1.0|one_heavy|ms3|r300|s9,0.000107848,0.007263494,0.000092600,0.000156261,0.000099424,0.000159092,0.000096155,0.000102559
main|shymkent_school|nc16|np15|br0.25|uniform|ms3|r300|s0,0.000313852,0.007876787,0.000197649,0.000327632,0.000190084,0.000215894,0.000201200,0.000301229
main|shymkent_school|nc16|np15|br0.25|uniform|ms3|r300|s1,0.000312046,0.007821184,0.000212128,0.000318363,0.000190269,0.000279294,0.000199953,0.000283026
main|shymkent_school|nc16|np15|br0.25|uniform|ms3|r300|s2,0.000330012,0.007527209,0.000157771,0.000314089,0.000205054,0.000293587,0.000158458,0.000289260
main|shymkent_school|nc16|np15|br0.25|uniform|ms3|r300|s3,0.000300645,0.009459905,0.000264898,0.000470424,0.000238779,0.000372762,0.000219791,0.000321379
main|shymkent_school|nc16|np15|br0.25|uniform|ms3|r300|s4,0.000349876,0.009090968,0.000235226,0.000379097,0.000219765,0.000304074,0.000209174,0.000298974
main|shymkent_school|nc16|np15|br0.25|uniform|ms3|r300|s5,0.000350996,0.008696416,0.000253403,0.000431007,0.000220706,0.000325684,0.000210892,0.000298086
main|shymkent_school|nc16|np15|br0.25|uniform|ms3|r300|s6,0.000315112,0.008476448,0.000202247,0.000323002,0.000213758,0.000291300,0.000198980,0.000282586
main|shymkent_school|nc16|np15|br0.25|uniform|ms3|r300|s7,0.000312023,0.008443867,0.000197686,0.000334447,0.000198633,0.000308423,0.000211603,0.000288727
main|shymkent_school|nc16|np15|br0.25|uniform|ms3|r300|s8,0.000491907,0.008245348,0.000229642,0.000348047,0.000217454,0.000303680,0.000197344,0.000302258
main|shymkent_school|nc16|np15|br0.25|uniform|ms3|r300|s9,0.000318849,0.008069234,0.000205090,0.000372792,0.000205645,0.000290568,0.000207660,0.000314482
main|shymkent_school|nc16|np15|br0.25|random_1_100|ms3|r300|s0,0.000317775,0.008109723,0.000209802,0.000329676,0.000214633,0.000285116,0.000224942,0.000292651
main|shymkent_school|nc16|np15|br0.25|random_1_100|ms3|r300|s1,0.000317435,0.007818900,0.000194392,0.000325936,0.000185519,0.000275869,0.000194344,0.000290181
main|shymkent_school|nc16|np15|br0.25|random_1_100|ms3|r300|s2,0.000356983,0.008156028,0.000216109,0.000344036,0.000206210,0.000292829,0.000200030,0.000292477
main|shymkent_school|nc16|np15|br0.25|random_1_100|ms3|r300|s3,0.000339792,0.008417863,0.000214017,0.000349944,0.000205302,0.000328757,0.000202910,0.000300125
main|shymkent_school|nc16|np15|br0.25|random_1_100|ms3|r300|s4,0.000312818,0.008196389,0.000212385,0.000307460,0.000208963,0.000280585,0.000206934,0.000303592
main|shymkent_school|nc16|np15|br0.25|random_1_100|ms3|r300|s5,0.000352213,0.008184244,0.000208788,0.000345917,0.000206315,0.000332768,0.000206823,0.000301659
main|shymkent_school|nc16|np15|br0.25|random_1_100|ms3|r300|s6,0.000321584,0.007981932,0.000205171,0.000329068,0.000207702,0.000306019,0.000250874,0.000328230
main|shymkent_school|nc16|np15|br0.25|random_1_100|ms3|r300|s7,0.000348864,0.008207117,0.000224465,0.000359443,0.000207081,0.000301042,0.000207607,0.000304519
main|shymkent_school|nc16|np15|br0.25|random_1_100|ms3|r300|s8,0.000315828,0.008554998,0.000210141,0.000320895,0.000220227,0.000233866,0.000217860,0.000220328
main|shymkent_school|nc16|np15|br0.25|random_1_100|ms3|r300|s9,0.000319389,0.007945092,0.000193043,0.000354793,0.000203558,0.000309805,0.000227255,0.000305955
main|shymkent_school|nc16|np15|br0.25|one_heavy|ms3|r300|s0,0.000348025,0.007761968,0.000201545,0.000300520,0.000195057,0.000216516,0.000214790,0.000288304
main|shymkent_school|nc16|np15|br0.25|one_heavy|ms3|r300|s1,0.000310092,0.007497657,0.000175735,0.000278235,0.000194879,0.000271937,0.000190359,0.000277598
main|shymkent_school|nc16|np15|br0.25|one_heavy|ms3|r300|s2,0.000292026,0.007441504,0.000178251,0.000307062,0.000182841,0.000274665,0.000175979,0.000272624
main|shymkent_school|nc16|np15|br0.25|one_heavy|ms3|r300|s3,0.000293619,0.007295713,0.000210086,0.000310024,0.000181269,0.000274173,0.000169665,0.000300285
main|shymkent_school|nc16|np15|br0.25|one_heavy|ms3|r300|s4,0.000317727,0.008151839,0.000208627,0.000359700,0.000195809,0.000297142,0.000202896,0.000312055
main|shymkent_school|nc16|np15|br0.25|one_heavy|ms3|r300|s5,0.000339683,0.008412585,0.000197450,0.000316019,0.000200359,0.000226558,0.000215240,0.000280546
main|shymkent_school|nc16|np15|br0.25|one_heavy|ms3|r300|s6,0.000336774,0.007820051,0.000219051,0.000310565,0.000162309,0.000259008,0.000182539,0.000509584
main|shymkent_school|nc16|np15|br0.25|one_heavy|ms3|r300|s7,0.000327102,0.008223107,0.000273510,0.000380487,0.000209481,0.000317009,0.000211747,0.000317710
main|shymkent_school|nc16|np15|br0.25|one_heavy|ms3|r300|s8,0.000322950,0.008301107,0.000205824,0.000318886,0.000377505,0.000306772,0.000201363,0.000291519
main|shymkent_school|nc16|np15|br0.25|one_heavy|ms3|r300|s9,0.000329634,0.007770914,0.000207837,0.000298606,0.000202947,0.000233407,0.000205552,0.000297523
main|shymkent_school|nc16|np15|br0.5|uniform|ms3|r300|s0,0.000317204,0.008171958,0.000203543,0.000314581,0.000211470,0.000349615,0.000204140,0.000313477
main|shymkent_school|nc16|np15|br0.5|uniform|ms3|r300|s1,0.000328939,0.008241835,0.000216109,0.000326280,0.000208854,0.000414379,0.000255320,0.000300692
main|shymkent_school|nc16|np15|br0.5|uniform|ms3|r300|s2,0.000337340,0.008317686,0.000211074,0.000341557,0.000213886,0.000315490,0.000206272,0.000300345
main|shymkent_school|nc16|np15|br0.5|uniform|ms3|r300|s3,0.000313948,0.008369062,0.000201821,0.000331486,0.000349745,0.000303015,0.000214228,0.000309858
main|shymkent_school|nc16|np15|br0.5|uniform|ms3|r300|s4,0.000322077,0.008398653,0.000169090,0.000275487,0.000164566,0.000179129,0.000165774,0.000256471
main|shymkent_school|nc16|np15|br0.5|uniform|ms3|r300|s5,0.000263342,0.006647559,0.000177576,0.000289115,0.000167491,0.000255419,0.000168178,0.000247567
main|shymkent_school|nc16|np15|br0.5|uniform|ms3|r300|s6,0.000299028,0.006616527,0.000165997,0.000265959,0.000169816,0.000250893,0.000171368,0.000240203
main|shymkent_school|nc16|np15|br0.5|uniform|ms3|r300|s7,0.000261986,0.006704507,0.000182226,0.000262398,0.000166621,0.000232201,0.000164800,0.000244905
main|shymkent_school|nc16|np15|br0.5|uniform|ms3|r300|s8,0.000262596,0.006752225,0.000211054,0.000335501,0.000210594,0.000306816,0.000212087,0.000342279
main|shymkent_school|nc16|np15|br0.5|uniform|ms3|r300|s9,0.000326544,0.008206522,0.000206645,0.000329232,0.000194529,0.000286201,0.000204653,0.000305530
main|shymkent_school|nc16|np15|br0.5|random_1_100|ms3|r300|s0,0.000325653,0.008267674,0.000215313,0.000342117,0.000205240,0.000215560,0.000201551,0.000298364
main|shymkent_school|nc16|np15|br0.5|random_1_100|ms3|r300|s1,0.000323390,0.008267383,0.000201734,0.000319590,0.000204912,0.000297097,0.000203097,0.000212939
main|shymkent_school|nc16|np15|br0.5|random_1_100|ms3|r300|s2,0.000319303,0.008580856,0.000208977,0.000346619,0.000186512,0.000285341,0.000204581,0.000344387
main|shymkent_school|nc16|np15|br0.5|random_1_100|ms3|r300|s3,0.000300582,0.008012308,0.000211878,0.000373223,0.000219459,0.000277096,0.000205884,0.000304729
main|shymkent_school|nc16|np15|br0.5|random_1_100|ms3|r300|s4,0.000299808,0.007712972,0.000204371,0.000305945,0.000199159,0.000222453,0.000190293,0.000265075
main|shymkent_school|nc16|np15|br0.5|random_1_100|ms3|r300|s5,0.000316458,0.008009742,0.000246852,0.000311549,0.000217638,0.000241540,0.000191799,0.000235460
main|shymkent_school|nc16|np15|br0.5|random_1_100|ms3|r300|s6,0.000300728,0.007653719,0.000183369,0.000313986,0.000183434,0.000322300,0.000187983,0.000272408
main|shymkent_school|nc16|np15|br0.5|random_1_100|ms3|r300|s7,0.000304316,0.007749886,0.000188328,0.000281902,0.000185084,0.000268371,0.000190041,0.000296949
main|shymkent_school|nc16|np15|br0.5|random_1_100|ms3|r300|s8,0.000303175,0.007995251,0.000187162,0.000378737,0.000186743,0.000280010,0.000186518,0.000285805
main|shymkent_school|nc16|np15|br0.5|random_1_100|ms3|r300|s9,0.000302399,0.007922849,0.000183191,0.000309957,0.000184970,0.000319876,0.000178885,0.000277502
main|shymkent_school|nc16|np15|br0.5|one_heavy|ms3|r300|s0,0.000299857,0.007656450,0.000174795,0.000282582,0.000182294,0.000261625,0.000181439,0.000252286
main|shymkent_school|nc16|np15|br0.5|one_heavy|ms3|r300|s1,0.000294083,0.007247645,0.000187961,0.000298502,0.000184348,0.000262859,0.000184334,0.000277065
main|shymkent_school|nc16|np15|br0.5|one_heavy|ms3|r300|s2,0.000292421,0.007073043,0.000189730,0.000278727,0.000176204,0.000260192,0.000180403,0.000266463
main|shymkent_school|nc16|np15|br0.5|one_heavy|ms3|r300|s3,0.000279677,0.007188474,0.000183816,0.000288928,0.000180741,0.000202318,0.000185054,0.000257276
main|shymkent_school|nc16|np15|br0.5|one_heavy|ms3|r300|s4,0.000297700,0.007182308,0.000184694,0.000280111,0.000183750,0.000271094,0.000183766,0.000268578
main|shymkent_school|nc16|np15|br0.5|one_heavy|ms3|r300|s5,0.000288193,0.007175288,0.000183671,0.000281129,0.000189309,0.000258987,0.000182432,0.000262880
main|shymkent_school|nc16|np15|br0.5|one_heavy|ms3|r300|s6,0.000288033,0.007188834,0.000185835,0.000261338,0.000167313,0.000241336,0.000172450,0.000244647
main|shymkent_school|nc16|np15|br0.5|one_heavy|ms3|r300|s7,0.000273188,0.006738578,0.000166695,0.000267300,0.000172716,0.000241116,0.000170125,0.000254153
main|shymkent_school|nc16|np15|br0.5|one_heavy|ms3|r300|s8,0.000281539,0.007100666,0.000195469,0.000303978,0.000178585,0.000263748,0.000198972,0.000263734
main|shymkent_school|nc16|np15|br0.5|one_heavy|ms3|r300|s9,0.000292940,0.007165501,0.000193128,0.000296840,0.000184019,0.000263877,0.000181069,0.000259985
main|shymkent_school|nc16|np15|br1.0|uniform|ms3|r300|s0,0.000282959,0.007183883,0.000179159,0.000300193,0.000177916,0.000257202,0.000182411,0.000268605
main|shymkent_school|nc16|np15|br1.0|uniform|ms3|r300|s1,0.000279301,0.007271315,0.000172816,0.000294913,0.000180570,0.000282465,0.000185531,0.000283021
main|shymkent_school|nc16|np15|br1.0|uniform|ms3|r300|s2,0.000279690,0.007254528,0.000191725,0.000300649,0.000180349,0.000260996,0.000193756,0.000277727
main|shymkent_school|nc16|np15|br1.0|uniform|ms3|r300|s3,0.000286102,0.007127075,0.000194720,0.000291162,0.000193543,0.000277144,0.000188230,0.000268467
main|shymkent_school|nc16|np15|br1.0|uniform|ms3|r300|s4,0.000299553,0.007100563,0.000174103,0.000270591,0.000164401,0.000248018,0.000166027,0.000253019
main|shymkent_school|nc16|np15|br1.0|uniform|ms3|r300|s5,0.000267204,0.006834788,0.000186528,0.000317601,0.000184948,0.000271199,0.000182391,0.000282506
main|shymkent_school|nc16|np15|br1.0|uniform|ms3|r300|s6,0.000292751,0.007205333,0.000193270,0.000297788,0.000186856,0.000270708,0.000187038,0.000263254
main|shymkent_school|nc16|np15|br1.0|uniform|ms3|r300|s7,0.000300000,0.008240949,0.000210143,0.000325627,0.000209841,0.000297669,0.000213366,0.000319127
main|shymkent_school|nc16|np15|br1.0|uniform|ms3|r300|s8,0.000322218,0.008253075,0.000211479,0.000321451,0.000205694,0.000321944,0.000209953,0.000320200
main|shymkent_school|nc16|np15|br1.0|uniform|ms3|r300|s9,0.000327622,0.008176604,0.000211677,0.000322624,0.000206558,0.000311231,0.000204266,0.000312409
main|shymkent_school|nc16|np15|br1.0|random_1_100|ms3|r300|s0,0.000319254,0.008216255,0.000205360,0.000341404,0.000206880,0.000282609,0.000204247,0.000297434
main|shymkent_school|nc16|np15|br1.0|random_1_100|ms3|r300|s1,0.000321206,0.008091495,0.000203549,0.000341983,0.000204499,0.000311760,0.000200434,0.000325973
main|shymkent_school|nc16|np15|br1.0|random_1_100|ms3|r300|s2,0.000318019,0.008156691,0.000206792,0.000337873,0.000203935,0.000315096,0.000206226,0.000310880
main|shymkent_school|nc16|np15|br1.0|random_1_100|ms3|r300|s3,0.000324007,0.008241136,0.000205832,0.000354933,0.000199103,0.000284514,0.000201136,0.000290933
main|shymkent_school|nc16|np15|br1.0|random_1_100|ms3|r300|s4,0.000321923,0.008093166,0.000219179,0.000375235,0.000226300,0.000307462,0.000202133,0.000318171
main|shymkent_school|nc16|np15|br1.0|random_1_100|ms3|r300|s5,0.000343914,0.009196657,0.000307169,0.000418002,0.000293029,0.000458985,0.000286746,0.000431372
main|shymkent_school|nc16|np15|br1.0|random_1_100|ms3|r300|s6,0.000591403,0.007931572,0.000208199,0.000311180,0.000192049,0.000295109,0.000195195,0.000298266
main|shymkent_school|nc16|np15|br1.0|random_1_100|ms3|r300|s7,0.000306835,0.007794723,0.000197171,0.000305924,0.000195126,0.000285025,0.000200587,0.000282449
main|shymkent_school|nc16|np15|br1.0|random_1_100|ms3|r300|s8,0.000316557,0.007730759,0.000191892,0.000335513,0.000200905,0.000271455,0.000187068,0.000281100
main|shymkent_school|nc16|np15|br1.0|random_1_100|ms3|r300|s9,0.000324094,0.007820183,0.000196730,0.000312497,0.000188809,0.000286706,0.000214309,0.000320173
main|shymkent_school|nc16|np15|br1.0|one_heavy|ms3|r300|s0,0.000373930,0.007792254,0.000311068,0.000355029,0.000213806,0.000217778,0.000209908,0.000226895
main|shymkent_school|nc16|np15|br1.0|one_heavy|ms3|r300|s1,0.000312656,0.007292164,0.000198676,0.000289432,0.000188415,0.000262386,0.000185685,0.000260533
main|shymkent_school|nc16|np15|br1.0|one_heavy|ms3|r300|s2,0.000285864,0.007308000,0.000206702,0.000364995,0.000270969,0.000390019,0.000296542,0.000352498
main|shymkent_school|nc16|np15|br1.0|one_heavy|ms3|r300|s3,0.000326812,0.008675920,0.000218895,0.000363604,0.000232534,0.000300263,0.000222424,0.000318294
main|shymkent_school|nc16|np15|br1.0|one_heavy|ms3|r300|s4,0.000377570,0.008034379,0.000197919,0.000308801,0.000198678,0.000305851,0.000227307,0.000305215
main|shymkent_school|nc16|np15|br1.0|one_heavy|ms3|r300|s5,0.000316025,0.008147175,0.000209031,0.000322131,0.000196056,0.000329176,0.000201937,0.000310908
main|shymkent_school|nc16|np15|br1.0|one_heavy|ms3|r300|s6,0.000298797,0.007859402,0.000203311,0.000313660,0.000193415,0.000285086,0.000197298,0.000506867
main|shymkent_school|nc16|np15|br1.0|one_heavy|ms3|r300|s7,0.000552572,0.008086018,0.000200635,0.000303009,0.000209044,0.000322782,0.000204388,0.000279748
main|shymkent_school|nc16|np15|br1.0|one_heavy|ms3|r300|s8,0.000330724,0.008138175,0.000213695,0.000304417,0.000201471,0.000308327,0.000211659,0.000290947
main|shymkent_school|nc16|np15|br1.0|one_heavy|ms3|r300|s9,0.000337973,0.008190328,0.000198791,0.000326286,0.000199910,0.000256026,0.000206688,0.000308218
main|shymkent_school|nc16|np25|br0.25|uniform|ms3|r300|s0,0.000543490,0.008165180,0.000242770,0.000395392,0.000242518,0.000390363,0.000254403,0.000371934
main|shymkent_school|nc16|np25|br0.25|uniform|ms3|r300|s1,0.000544081,0.008530124,0.000231541,0.000427680,0.000209151,0.000363617,0.000205583,0.000382942
main|shymkent_school|nc16|np25|br0.25|uniform|ms3|r300|s2,0.000561562,0.008807735,0.000253722,0.000412024,0.000261195,0.000264766,0.000256977,0.000366168
main|shymkent_school|nc16|np25|br0.25|uniform|ms3|r300|s3,0.000516652,0.008193221,0.000268637,0.000418801,0.000225746,0.000375169,0.000247744,0.000369765
main|shymkent_school|nc16|np25|br0.25|uniform|ms3|r300|s4,0.000531677,0.007989321,0.000280544,0.000493067,0.000268168,0.000348324,0.000255001,0.000402834
main|shymkent_school|nc16|np25|br0.25|uniform|ms3|r300|s5,0.000542997,0.008877188,0.000250669,0.000391100,0.000248014,0.000272634,0.000284781,0.000365528
main|shymkent_school|nc16|np25|br0.25|uniform|ms3|r300|s6,0.000524766,0.008678739,0.000242634,0.000430249,0.000252781,0.000368697,0.000242229,0.000412762
main|shymkent_school|nc16|np25|br0.25|uniform|ms3|r300|s7,0.000518729,0.008535474,0.000237183,0.000419225,0.000240324,0.000398167,0.000233476,0.000344373
main|shymkent_school|nc16|np25|br0.25|uniform|ms3|r300|s8,0.000535952,0.008597751,0.000432037,0.000402477,0.000251903,0.000312053,0.000256154,0.000376116
main|shymkent_school|nc16|np25|br0.25|uniform|ms3|r300|s9,0.000584847,0.008761544,0.000245226,0.000405241,0.000230613,0.000376531,0.000257907,0.000390339
main|shymkent_school|nc16|np25|br0.25|random_1_100|ms3|r300|s0,0.000540981,0.008775870,0.000262655,0.000408600,0.000295950,0.000452650,0.000267264,0.000427485
main|shymkent_school|nc16|np25|br0.25|random_1_100|ms3|r300|s1,0.000569045,0.008742274,0.000245749,0.000426174,0.000256739,0.000371300,0.000249150,0.000396346
main|shymkent_school|nc16|np25|br0.25|random_1_100|ms3|r300|s2,0.000515572,0.008807379,0.000262097,0.000415256,0.000245628,0.000384498,0.000256800,0.000369642
main|shymkent_school|nc16|np25|br0.25|random_1_100|ms3|r300|s3,0.000540495,0.008764598,0.000255176,0.000420837,0.000285315,0.000391675,0.000258222,0.000390826
main|shymkent_school|nc16|np25|br0.25|random_1_100|ms3|r300|s4,0.000527273,0.009068858,0.000248943,0.000418527,0.000264479,0.000315978,0.000295268,0.000399118
main|shymkent_school|nc16|np25|br0.25|random_1_100|ms3|r300|s5,0.000565502,0.008974446,0.000247230,0.000444689,0.000233280,0.000349363,0.000250663,0.000390042
main|shymkent_school|nc16|np25|br0.25|random_1_100|ms3|r300|s6,0.000521160,0.008722646,0.000256153,0.000406334,0.000255894,0.000362246,0.000247841,0.000367085
main|shymkent_school|nc16|np25|br0.25|random_1_100|ms3|r300|s7,0.000517210,0.008098482,0.000264054,0.000400589,0.000260862,0.000358106,0.000246550,0.000370836
main|shymkent_school|nc16|np25|br0.25|random_1_100|ms3|r300|s8,0.000533293,0.008582424,0.000256410,0.000404778,0.000256192,0.000365689,0.000260804,0.000378883
main|shymkent_school|nc16|np25|br0.25|random_1_100|ms3|r300|s9,0.000548256,0.008508558,0.000249331,0.000392388,0.000251821,0.000359401,0.000255751,0.000392937
main|shymkent_school|nc16|np25|br0.25|one_heavy|ms3|r300|s0,0.000557616,0.008306272,0.000224052,0.000406824,0.000244418,0.000372791,0.000222581,0.000356019
main|shymkent_school|nc16|np25|br0.25|one_heavy|ms3|r300|s1,0.000536894,0.008678016,0.000255842,0.000387215,0.000241134,0.000367945,0.000244134,0.000386103
main|shymkent_school|nc16|np25|br0.25|one_heavy|ms3|r300|s2,0.000560209,0.008878517,0.000262374,0.000421665,0.000245428,0.000276649,0.000257163,0.000368090
main|shymkent_school|nc16|np25|br0.25|one_heavy|ms3|r300|s3,0.000515780,0.008697443,0.000234544,0.000457470,0.000224736,0.000376820,0.000276774,0.000495198
main|shymkent_school|nc16|np25|br0.25|one_heavy|ms3|r300|s4,0.000538962,0.008569913,0.000282344,0.000415094,0.000231667,0.000349578,0.000290280,0.000378364
main|shymkent_school|nc16|np25|br0.25|one_heavy|ms3|r300|s5,0.000596065,0.009278727,0.000367053,0.000633029,0.000305446,0.000576821,0.000369278,0.000570401
main|shymkent_school|nc16|np25|br0.25|one_heavy|ms3|r300|s6,0.000870264,0.008904191,0.000231104,0.000458010,0.000256282,0.000370949,0.000230201,0.000422025
main|shymkent_school|nc16|np25|br0.25|one_heavy|ms3|r300|s7,0.000574452,0.008345155,0.000241287,0.000397221,0.000254511,0.000378529,0.000239549,0.000375908
main|shymkent_school|nc16|np25|br0.25|one_heavy|ms3|r300|s8,0.000536227,0.008639063,0.000260337,0.000458853,0.000283741,0.000382313,0.000266793,0.000402881
main|shymkent_school|nc16|np25|br0.25|one_heavy|ms3|r300|s9,0.000537608,0.008546641,0.000268982,0.000422406,0.000247384,0.000370448,0.000259333,0.000390038
main|shymkent_school|nc16|np25|br0.5|uniform|ms3|r300|s0,0.000569476,0.008791780,0.000256323,0.000491269,0.000235046,0.000375183,0.000279967,0.000430403
main|shymkent_school|nc16|np25|br0.5|uniform|ms3|r300|s1,0.000561035,0.009658055,0.000265635,0.000408841,0.000254200,0.000367115,0.000275404,0.000449062
main|shymkent_school|nc16|np25|br0.5|uniform|ms3|r300|s2,0.000639580,0.008798801,0.000255117,0.000399285,0.000254418,0.000177356,0.000249752,0.000357209
main|shymkent_school|nc16|np25|br0.5|uniform|ms3|r300|s3,0.000548307,0.008768449,0.000263765,0.000410014,0.000250989,0.000381082,0.000257236,0.000383679
main|shymkent_school|nc16|np25|br0.5|uniform|ms3|r300|s4,0.000512342,0.008806677,0.000262731,0.000424865,0.000268559,0.000400177,0.000266891,0.000400277
main|shymkent_school|nc16|np25|br0.5|uniform|ms3|r300|s5,0.000524829,0.008987272,0.000268113,0.000405302,0.000255586,0.000356519,0.000257140,0.000384394
main|shymkent_school|nc16|np25|br0.5|uniform|ms3|r300|s6,0.000531311,0.008825523,0.000245574,0.000385556,0.000252452,0.000251100,0.000234534,0.000367686
main|shymkent_school|nc16|np25|br0.5|uniform|ms3|r300|s7,0.000514306,0.008702300,0.000249340,0.000373870,0.000249002,0.000352146,0.000236287,0.000368046
main|shymkent_school|nc16|np25|br0.5|uniform|ms3|r300|s8,0.000515843,0.008534409,0.000296464,0.000436992,0.000284374,0.000404194,0.000277118,0.000377999
main|shymkent_school|nc16|np25|br0.5|uniform|ms3|r300|s9,0.000554376,0.009657038,0.000365389,0.000585453,0.000350810,0.000509959,0.000391387,0.000524055
main|shymkent_school|nc16|np25|br0.5|random_1_100|ms3|r300|s0,0.000854827,0.012223993,0.000437001,0.000602931,0.000388162,0.000538420,0.000401990,0.000581987
main|shymkent_school|nc16|np25|br0.5|random_1_100|ms3|r300|s1,0.000791257,0.011637550,0.000246956,0.000401401,0.000255442,0.000266133,0.000246178,0.000390445
main|shymkent_school|nc16|np25|br0.5|random_1_100|ms3|r300|s2,0.000550034,0.008577923,0.000275827,0.000407623,0.000236303,0.000258333,0.000239625,0.000346939
main|shymkent_school|nc16|np25|br0.5|random_1_100|ms3|r300|s3,0.000490987,0.008513243,0.000251284,0.000389937,0.000242131,0.000353031,0.000234627,0.000355169
main|shymkent_school|nc16|np25|br0.5|random_1_100|ms3|r300|s4,0.000535204,0.008506554,0.000256243,0.000417166,0.000263245,0.000373602,0.000255721,0.000385823
main|shymkent_school|nc16|np25|br0.5|random_1_100|ms3|r300|s5,0.000583468,0.009094513,0.000262258,0.000397442,0.000246394,0.000376764,0.000258270,0.000358401
main|shymkent_school|nc16|np25|br0.5|random_1_100|ms3|r300|s6,0.000540793,0.010726528,0.000280993,0.000410420,0.000244773,0.000361882,0.000287633,0.000390118
main|shymkent_school|nc16|np25|br0.5|random_1_100|ms3|r300|s7,0.000529906,0.008999481,0.000261446,0.000430954,0.000262895,0.000366139,0.000256095,0.000403645
main|shymkent_school|nc16|np25|br0.5|random_1_100|ms3|r300|s8,0.000555387,0.009237171,0.000250515,0.000410283,0.000252232,0.000368891,0.000250706,0.000391644
main|shymkent_school|nc16|np25|br0.5|random_1_100|ms3|r300|s9,0.000600986,0.007904927,0.000241494,0.000370977,0.000222165,0.000359919,0.000228451,0.000344085
main|shymkent_school|nc16|np25|br0.5|one_heavy|ms3|r300|s0,0.000502136,0.008105334,0.000228227,0.000345544,0.000231389,0.000333303,0.000223899,0.000340603
main|shymkent_school|nc16|np25|br0.5|one_heavy|ms3|r300|s1,0.000505874,0.007767742,0.000249363,0.000445724,0.000253309,0.000363667,0.000260982,0.000403304
main|shymkent_school|nc16|np25|br0.5|one_heavy|ms3|r300|s2,0.000538939,0.008970853,0.000261654,0.000389262,0.000275782,0.000363360,0.000250141,0.000383617
main|shymkent_school|nc16|np25|br0.5|one_heavy|ms3|r300|s3,0.000606721,0.009110456,0.000229820,0.000395599,0.000235285,0.000402198,0.000276170,0.000436911
main|shymkent_school|nc16|np25|br0.5|one_heavy|ms3|r300|s4,0.000657761,0.010328932,0.000287284,0.000475190,0.000272867,0.000307247,0.000293497,0.000412435
main|shymkent_school|nc16|np25|br0.5|one_heavy|ms3|r300|s5,0.000691986,0.009429004,0.000262051,0.000465244,0.000253798,0.000360999,0.000256968,0.000390769
main|shymkent_school|nc16|np25|br0.5|one_heavy|ms3|r300|s6,0.000533512,0.007928648,0.000226295,0.000329732,0.000219721,0.000296327,0.000211118,0.000300887
main|shymkent_school|nc16|np25|br0.5|one_heavy|ms3|r300|s7,0.000429193,0.008020471,0.000235595,0.000432299,0.000323797,0.000491416,0.000312059,0.000335913
main|shymkent_school|nc16|np25|br0.5|one_heavy|ms3|r300|s8,0.000487438,0.008076091,0.000305424,0.000417827,0.000288023,0.000363080,0.000257043,0.000485105
main|shymkent_school|nc16|np25|br0.5|one_heavy|ms3|r300|s9,0.000798479,0.008558633,0.000256830,0.000398178,0.000239064,0.000349943,0.000243324,0.000389557
main|shymkent_school|nc16|np25|br1.0|uniform|ms3|r300|s0,0.000493942,0.008746702,0.000261008,0.000410734,0.000254593,0.000271696,0.000254820,0.000365973
main|shymkent_school|nc16|np25|br1.0|uniform|ms3|r300|s1,0.000532731,0.008867777,0.000371894,0.000404160,0.000317329,0.000368480,0.000248237,0.000383871
main|shymkent_school|nc16|np25|br1.0|uniform|ms3|r300|s2,0.000527994,0.008888810,0.000274016,0.000421211,0.000267049,0.000279066,0.000267016,0.000345776
main|shymkent_school|nc16|np25|br1.0|uniform|ms3|r300|s3,0.000553245,0.009098006,0.000277947,0.000424979,0.000252335,0.000364572,0.000312997,0.000420908
main|shymkent_school|nc16|np25|br1.0|uniform|ms3|r300|s4,0.000516487,0.009657324,0.000290210,0.000627490,0.000363901,0.000511758,0.000394610,0.000531598
main|shymkent_school|nc16|np25|br1.0|uniform|ms3|r300|s5,0.000676797,0.009262451,0.000259576,0.000499214,0.000282090,0.000392909,0.000278398,0.000423668
main|shymkent_school|nc16|np25|br1.0|uniform|ms3|r300|s6,0.000530284,0.009950620,0.000324905,0.000532077,0.000298651,0.000484959,0.000330490,0.000485524
main|shymkent_school|nc16|np25|br1.0|uniform|ms3|r300|s7,0.000677754,0.011376842,0.000288254,0.000536891,0.000266710,0.000376935,0.000254383,0.000413212
main|shymkent_school|nc16|np25|br1.0|uniform|ms3|r300|s8,0.000533869,0.008915688,0.000273479,0.000437981,0.000251464,0.000350980,0.000246864,0.000361970
main|shymkent_school|nc16|np25|br1.0|uniform|ms3|r300|s9,0.000588899,0.008599736,0.000262288,0.000412178,0.000252927,0.000371007,0.000268440,0.000367423
main|shymkent_school|nc16|np25|br1.0|random_1_100|ms3|r300|s0,0.000581331,0.008614815,0.000271693,0.000438872,0.000254814,0.000380622,0.000253051,0.000356038
main|shymkent_school|nc16|np25|br1.0|random_1_100|ms3|r300|s1,0.000563846,0.008859209,0.000267973,0.000423015,0.000253665,0.000363187,0.000257352,0.000377110
main|shymkent_school|nc16|np25|br1.0|random_1_100|ms3|r300|s2,0.000535719,0.008935755,0.000239566,0.000405855,0.000252878,0.000305941,0.000253153,0.000354750
main|shymkent_school|nc16|np25|br1.0|random_1_100|ms3|r300|s3,0.000555950,0.008807713,0.000258255,0.000390947,0.000246118,0.000376772,0.000258879,0.000387686
main|shymkent_school|nc16|np25|br1.0|random_1_100|ms3|r300|s4,0.000526562,0.009011426,0.000267126,0.000407901,0.000253623,0.000366993,0.000304117,0.000406535
main|shymkent_school|nc16|np25|br1.0|random_1_100|ms3|r300|s5,0.000524257,0.008615628,0.000266237,0.000396872,0.000253119,0.000478984,0.000252094,0.000373592
main|shymkent_school|nc16|np25|br1.0|random_1_100|ms3|r300|s6,0.000560067,0.009637888,0.000424825,0.000617841,0.000359736,0.000556828,0.000368498,0.000579121
main|shymkent_school|nc16|np25|br1.0|random_1_100|ms3|r300|s7,0.000927295,0.008352499,0.000246549,0.000390668,0.000238400,0.000337296,0.000241708,0.000356063
main|shymkent_school|nc16|np25|br1.0|random_1_100|ms3|r300|s8,0.000504508,0.008327283,0.000242808,0.000420136,0.000240226,0.000357371,0.000242514,0.000369297
main|shymkent_school|nc16|np25|br1.0|random_1_100|ms3|r300|s9,0.000499028,0.007557703,0.000244992,0.000384621,0.000241007,0.000339566,0.000236207,0.000357781
main|shymkent_school|nc16|np25|br1.0|one_heavy|ms3|r300|s0,0.000496469,0.007981232,0.000233368,0.000387031,0.000247250,0.000338895,0.000242596,0.000348574
main|shymkent_school|nc16|np25|br1.0|one_heavy|ms3|r300|s1,0.000489696,0.008076775,0.000248605,0.000394712,0.000247505,0.000367346,0.000273351,0.000351455
main|shymkent_school|nc16|np25|br1.0|one_heavy|ms3|r300|s2,0.000548820,0.008475718,0.000260687,0.000434360,0.000259013,0.000354342,0.000246952,0.000384878
main|shymkent_school|nc16|np25|br1.0|one_heavy|ms3|r300|s3,0.000513032,0.008611051,0.000239904,0.000399636,0.000250801,0.000354890,0.000246892,0.000374442
main|shymkent_school|nc16|np25|br1.0|one_heavy|ms3|r300|s4,0.000509145,0.008474836,0.000244726,0.000397263,0.000249018,0.000362908,0.000246420,0.000370928
main|shymkent_school|nc16|np25|br1.0|one_heavy|ms3|r300|s5,0.000509144,0.008222572,0.000240310,0.000407173,0.000235466,0.000356334,0.000247193,0.000362838
main|shymkent_school|nc16|np25|br1.0|one_heavy|ms3|r300|s6,0.000499921,0.008262996,0.000274394,0.000378727,0.000235180,0.000334968,0.000261651,0.000353779
main|shymkent_school|nc16|np25|br1.0|one_heavy|ms3|r300|s7,0.000508720,0.008326272,0.000251166,0.000375638,0.000241598,0.000369017,0.000241869,0.000372735
main|shymkent_school|nc16|np25|br1.0|one_heavy|ms3|r300|s8,0.000514552,0.008252502,0.000262037,0.000386644,0.000249315,0.000358880,0.000252080,0.000365854
main|shymkent_school|nc16|np25|br1.0|one_heavy|ms3|r300|s9,0.000499610,0.008345626,0.000242809,0.000373900,0.000241544,0.000258019,0.000256634,0.000346459
main|astana_clinic|nc6|np5|br0.25|uniform|ms3|r300|s0,0.000076509,0.000046369,0.000023518,0.000037425,0.000021313,0.000035528,0.000021603,0.000038057
main|astana_clinic|nc6|np5|br0.25|uniform|ms3|r300|s1,0.000077923,0.000041101,0.000025494,0.000041435,0.000023357,0.000041778,0.000023923,0.000042604
main|astana_clinic|nc6|np5|br0.25|uniform|ms3|r300|s2,0.000076481,0.000040601,0.000024828,0.000044675,0.000023515,0.000043765,0.000023139,0.000042127
main|astana_clinic|nc6|np5|br0.25|uniform|ms3|r300|s3,0.000077753,0.000037728,0.000025641,0.000042663,0.000025411,0.000033992,0.000025664,0.000036000
main|astana_clinic|nc6|np5|br0.25|uniform|ms3|r300|s4,0.000078508,0.000034103,0.000024023,0.000056321,0.000024853,0.000043427,0.000022664,0.000050450
main|astana_clinic|nc6|np5|br0.25|uniform|ms3|r300|s5,0.000076149,0.000040614,0.000034054,0.000057127,0.000033585,0.000035684,0.000033510,0.000037343
main|astana_clinic|nc6|np5|br0.25|uniform|ms3|r300|s6,0.000077394,0.000052881,0.000027714,0.000055513,0.000026064,0.000047826,0.000027522,0.000048846
main|astana_clinic|nc6|np5|br0.25|uniform|ms3|r300|s7,0.000076974,0.000044773,0.000027335,0.000048668,0.000027470,0.000045682,0.000030178,0.000046408
main|astana_clinic|nc6|np5|br0.25|uniform|ms3|r300|s8,0.000078162,0.000039669,0.000021568,0.000042165,0.000021841,0.000038530,0.000020276,0.000035051
main|astana_clinic|nc6|np5|br0.25|uniform|ms3|r300|s9,0.000078766,0.000040145,0.000022733,0.000041477,0.000022501,0.000040505,0.000022803,0.000041217
main|astana_clinic|nc6|np5|br0.25|random_1_100|ms3|r300|s0,0.000076097,0.000038391,0.000026252,0.000046064,0.000023560,0.000043255,0.000024024,0.000047480
main|astana_clinic|nc6|np5|br0.25|random_1_100|ms3|r300|s1,0.000080909,0.000038604,0.000025538,0.000041485,0.000022331,0.000040836,0.000023063,0.000043148
main|astana_clinic|nc6|np5|br0.25|random_1_100|ms3|r300|s2,0.000075817,0.000043613,0.000024097,0.000044470,0.000022600,0.000042102,0.000022200,0.000042743
main|astana_clinic|nc6|np5|br0.25|random_1_100|ms3|r300|s3,0.000080096,0.000041897,0.000030500,0.000055659,0.000023925,0.000042626,0.000029640,0.000036804
main|astana_clinic|nc6|np5|br0.25|random_1_100|ms3|r300|s4,0.000077817,0.000047172,0.000022790,0.000041860,0.000020518,0.000039421,0.000022499,0.000035543
main|astana_clinic|nc6|np5|br0.25|random_1_100|ms3|r300|s5,0.000081039,0.000034811,0.000022917,0.000037375,0.000019722,0.000036026,0.000020277,0.000040508
main|astana_clinic|nc6|np5|br0.25|random_1_100|ms3|r300|s6,0.000080457,0.000040267,0.000027970,0.000049989,0.000026430,0.000043412,0.000026829,0.000049533
main|astana_clinic|nc6|np5|br0.25|random_1_100|ms3|r300|s7,0.000075604,0.000039596,0.000029871,0.000044611,0.000028597,0.000034293,0.000026453,0.000044450
main|astana_clinic|nc6|np5|br0.25|random_1_100|ms3|r300|s8,0.000075397,0.000029784,0.000025051,0.000046511,0.000023246,0.000044691,0.000023682,0.000042812
main|astana_clinic|nc6|np5|br0.25|random_1_100|ms3|r300|s9,0.000079743,0.000049417,0.000023312,0.000049200,0.000021685,0.000038649,0.000028812,0.000046965
main|astana_clinic|nc6|np5|br0.25|one_heavy|ms3|r300|s0,0.000080074,0.000032929,0.000026682,0.000050583,0.000025143,0.000049188,0.000024231,0.000049688
main|astana_clinic|nc6|np5|br0.25|one_heavy|ms3|r300|s1,0.000080868,0.000045732,0.000014932,0.000024130,0.000015258,0.000026422,0.000014887,0.000023858
main|astana_clinic|nc6|np5|br0.25|one_heavy|ms3|r300|s2,0.000078113,0.000046827,0.000029027,0.000051763,0.000029945,0.000049909,0.000028073,0.000050513
main|astana_clinic|nc6|np5|br0.25|one_heavy|ms3|r300|s3,0.000077589,0.000038619,0.000027572,0.000044644,0.000025598,0.000040752,0.000025567,0.000039173
main|astana_clinic|nc6|np5|br0.25|one_heavy|ms3|r300|s4,0.000078467,0.000034639,0.000023194,0.000040166,0.000021781,0.000044156,0.000024322,0.000045420
main|astana_clinic|nc6|np5|br0.25|one_heavy|ms3|r300|s5,0.000075672,0.000041769,0.000030173,0.000041600,0.000028139,0.000045868,0.000029363,0.000031905
main|astana_clinic|nc6|np5|br0.25|one_heavy|ms3|r300|s6,0.000078388,0.000042826,0.000028932,0.000042750,0.000027813,0.000031867,0.000026992,0.000031021
main|astana_clinic|nc6|np5|br0.25|one_heavy|ms3|r300|s7,0.000077112,0.000048673,0.000019929,0.000037623,0.000020070,0.000035772,0.000019798,0.000035389
main|astana_clinic|nc6|np5|br0.25|one_heavy|ms3|r300|s8,0.000075982,0.000037893,0.000028647,0.000053752,0.000024693,0.000045444,0.000028791,0.000054293
main|astana_clinic|nc6|np5|br0.25|one_heavy|ms3|r300|s9,0.000079956,0.000039314,0.000033607,0.000059790,0.000032316,0.000053905,0.000033267,0.000055511
main|astana_clinic|nc6|np5|br0.5|uniform|ms3|r300|s0,0.000078394,0.000105070,0.000024843,0.000040095,0.000022128,0.000044707,0.000025415,0.000041481
main|astana_clinic|nc6|np5|br0.5|uniform|ms3|r300|s1,0.000077333,0.000110387,0.000045535,0.000070885,0.000049369,0.000061002,0.000046745,0.000041129
main|astana_clinic|nc6|np5|br0.5|uniform|ms3|r300|s2,0.000079894,0.000110862,0.000023620,0.000042467,0.000024004,0.000041620,0.000023642,0.000043809
main|astana_clinic|nc6|np5|br0.5|uniform|ms3|r300|s3,0.000078583,0.000108086,0.000053997,0.000070254,0.000047037,0.000057600,0.000045120,0.000057361
main|astana_clinic|nc6|np5|br0.5|uniform|ms3|r300|s4,0.000075897,0.000106685,0.000037344,0.000059777,0.000036559,0.000043018,0.000040315,0.000060889
main|astana_clinic|nc6|np5|br0.5|uniform|ms3|r300|s5,0.000075462,0.000106082,0.000053861,0.000080339,0.000054350,0.000059687,0.000051574,0.000059073
main|astana_clinic|nc6|np5|br0.5|uniform|ms3|r300|s6,0.000077975,0.000113981,0.000059163,0.000096321,0.000058060,0.000078315,0.000045622,0.000061461
main|astana_clinic|nc6|np5|br0.5|uniform|ms3|r300|s7,0.000079827,0.000111282,0.000048823,0.000070007,0.000042043,0.000041877,0.000042983,0.000045414
main|astana_clinic|nc6|np5|br0.5|uniform|ms3|r300|s8,0.000083718,0.000110785,0.000052178,0.000081791,0.000051158,0.000058386,0.000049679,0.000060272
main|astana_clinic|nc6|np5|br0.5|uniform|ms3|r300|s9,0.000080925,0.000100839,0.000038539,0.000061005,0.000040412,0.000061945,0.000034457,0.000055941
main|astana_clinic|nc6|np5|br0.5|random_1_100|ms3|r300|s0,0.000076572,0.000099312,0.000040844,0.000061408,0.000038451,0.000044769,0.000043186,0.000043375
main|astana_clinic|nc6|np5|br0.5|random_1_100|ms3|r300|s1,0.000075581,0.000105668,0.000060991,0.000084236,0.000056286,0.000068412,0.000056394,0.000062947
main|astana_clinic|nc6|np5|br0.5|random_1_100|ms3|r300|s2,0.000077311,0.000114033,0.000039991,0.000056512,0.000039613,0.000039449,0.000038995,0.000040187
main|astana_clinic|nc6|np5|br0.5|random_1_100|ms3|r300|s3,0.000077406,0.000106465,0.000021827,0.000041161,0.000024824,0.000042889,0.000022798,0.000041927
main|astana_clinic|nc6|np5|br0.5|random_1_100|ms3|r300|s4,0.000077217,0.000107996,0.000039266,0.000059678,0.000039354,0.000060889,0.000037609,0.000044151
main|astana_clinic|nc6|np5|br0.5|random_1_100|ms3|r300|s5,0.000077290,0.000107861,0.000033768,0.000061354,0.000032175,0.000042359,0.000035328,0.000058619
main|astana_clinic|nc6|np5|br0.5|random_1_100|ms3|r300|s6,0.000075279,0.000106259,0.000022987,0.000048009,0.000021969,0.000039648,0.000022737,0.000041487
main|astana_clinic|nc6|np5|br0.5|random_1_100|ms3|r300|s7,0.000077024,0.000113876,0.000054753,0.000081362,0.000044596,0.000071275,0.000042171,0.000068392
main|astana_clinic|nc6|np5|br0.5|random_1_100|ms3|r300|s8,0.000076154,0.000115714,0.000039028,0.000057751,0.000036313,0.000042991,0.000035628,0.000043241
main|astana_clinic|nc6|np5|br0.5|random_1_100|ms3|r300|s9,0.000078659,0.000102217,0.000031057,0.000066683,0.000028459,0.000041283,0.000028118,0.000041235
main|astana_clinic|nc6|np5|br0.5|one_heavy|ms3|r300|s0,0.000079644,0.000110318,0.000023329,0.000041145,0.000022495,0.000042533,0.000021225,0.000040618
main|astana_clinic|nc6|np5|br0.5|one_heavy|ms3|r300|s1,0.000078832,0.000115018,0.000049359,0.000080584,0.000048428,0.000068972,0.000051405,0.000059295
main|astana_clinic|nc6|np5|br0.5|one_heavy|ms3|r300|s2,0.000075948,0.000104062,0.000039832,0.000058396,0.000037731,0.000058975,0.000037985,0.000059757
main|astana_clinic|nc6|np5|br0.5|one_heavy|ms3|r300|s3,0.000076416,0.000107646,0.000049886,0.000068180,0.000042771,0.000042734,0.000040936,0.000060035
main|astana_clinic|nc6|np5|br0.5|one_heavy|ms3|r300|s4,0.000077491,0.000101264,0.000021788,0.000040369,0.000025219,0.000044531,0.000024108,0.000042295
main|astana_clinic|nc6|np5|br0.5|one_heavy|ms3|r300|s5,0.000079887,0.000112415,0.000045788,0.000066788,0.000048377,0.000049248,0.000045518,0.000041645
main|astana_clinic|nc6|np5|br0.5|one_heavy|ms3|r300|s6,0.000077149,0.000102600,0.000045103,0.000070726,0.000041422,0.000041086,0.000040408,0.000045670
main|astana_clinic|nc6|np5|br0.5|one_heavy|ms3|r300|s7,0.000078462,0.000103713,0.000044035,0.000068266,0.000045132,0.000059694,0.000043949,0.000041172
main|astana_clinic|nc6|np5|br0.5|one_heavy|ms3|r300|s8,0.000080850,0.000104460,0.000023731,0.000040921,0.000022689,0.000041437,0.000023370,0.000040780
main|astana_clinic|nc6|np5|br0.5|one_heavy|ms3|r300|s9,0.000076134,0.000119268,0.000024988,0.000043720,0.000023307,0.000042698,0.000023823,0.000046301
main|astana_clinic|nc6|np5|br1.0|uniform|ms3|r300|s0,0.000078956,0.000139684,0.000042611,0.000061216,0.000039779,0.000059943,0.000039646,0.000041678
main|astana_clinic|nc6|np5|br1.0|uniform|ms3|r300|s1,0.000077845,0.000129374,0.000056997,0.000083106,0.000055023,0.000065035,0.000057821,0.000079420
main|astana_clinic|nc6|np5|br1.0|uniform|ms3|r300|s2,0.000084195,0.000141928,0.000042757,0.000058346,0.000038334,0.000060236,0.000041903,0.000060985
main|astana_clinic|nc6|np5|br1.0|uniform|ms3|r300|s3,0.000086129,0.000144521,0.000051592,0.000078799,0.000053481,0.000075034,0.000051800,0.000055933
main|astana_clinic|nc6|np5|br1.0|uniform|ms3|r300|s4,0.000075543,0.000137449,0.000051159,0.000078137,0.000051927,0.000080816,0.000050475,0.000060097
main|astana_clinic|nc6|np5|br1.0|uniform|ms3|r300|s5,0.000077962,0.000135382,0.000054858,0.000077836,0.000053753,0.000060479,0.000052978,0.000061046
main|astana_clinic|nc6|np5|br1.0|uniform|ms3|r300|s6,0.000078440,0.000128834,0.000059741,0.000084309,0.000055584,0.000062985,0.000056502,0.000064422
main|astana_clinic|nc6|np5|br1.0|uniform|ms3|r300|s7,0.000077415,0.000145682,0.000069369,0.000078955,0.000051315,0.000046168,0.000064991,0.000075377
main|astana_clinic|nc6|np5|br1.0|uniform|ms3|r300|s8,0.000087788,0.000176151,0.000028757,0.000054123,0.000023664,0.000045819,0.000022459,0.000041072
main|astana_clinic|nc6|np5|br1.0|uniform|ms3|r300|s9,0.000079172,0.000131035,0.000056661,0.000084876,0.000054401,0.000045311,0.000054047,0.000043798
main|astana_clinic|nc6|np5|br1.0|random_1_100|ms3|r300|s0,0.000079417,0.000141998,0.000023405,0.000039799,0.000023347,0.000041764,0.000021545,0.000042764
main|astana_clinic|nc6|np5|br1.0|random_1_100|ms3|r300|s1,0.000078155,0.000137839,0.000039351,0.000068956,0.000039433,0.000050600,0.000041477,0.000057960
main|astana_clinic|nc6|np5|br1.0|random_1_100|ms3|r300|s2,0.000076986,0.000143408,0.000051804,0.000084300,0.000051496,0.000045638,0.000052665,0.000058360
main|astana_clinic|nc6|np5|br1.0|random_1_100|ms3|r300|s3,0.000088883,0.000153289,0.000024891,0.000040287,0.000020215,0.000040668,0.000025095,0.000042831
main|astana_clinic|nc6|np5|br1.0|random_1_100|ms3|r300|s4,0.000081114,0.000154227,0.000039347,0.000057733,0.000039087,0.000060549,0.000045234,0.000049618
main|astana_clinic|nc6|np5|br1.0|random_1_100|ms3|r300|s5,0.000077137,0.000143936,0.000043812,0.000061261,0.000038795,0.000059300,0.000044653,0.000063226
main|astana_clinic|nc6|np5|br1.0|random_1_100|ms3|r300|s6,0.000081045,0.000144944,0.000025243,0.000044251,0.000023005,0.000053566,0.000022605,0.000045130
main|astana_clinic|nc6|np5|br1.0|random_1_100|ms3|r300|s7,0.000084444,0.000141326,0.000041520,0.000062212,0.000040396,0.000044004,0.000042660,0.000042861
main|astana_clinic|nc6|np5|br1.0|random_1_100|ms3|r300|s8,0.000099701,0.000144098,0.000052672,0.000099363,0.000054187,0.000082339,0.000057014,0.000061331
main|astana_clinic|nc6|np5|br1.0|random_1_100|ms3|r300|s9,0.000085292,0.000136692,0.000022749,0.000044343,0.000024311,0.000044686,0.000026220,0.000045348
main|astana_clinic|nc6|np5|br1.0|one_heavy|ms3|r300|s0,0.000085879,0.000138563,0.000065444,0.000086119,0.000111700,0.000066733,0.000058306,0.000063327
main|astana_clinic|nc6|np5|br1.0|one_heavy|ms3|r300|s1,0.000082996,0.000146626,0.000030322,0.000043871,0.000025844,0.000044267,0.000024018,0.000047267
main|astana_clinic|nc6|np5|br1.0|one_heavy|ms3|r300|s2,0.000081243,0.000150124,0.000088075,0.000121801,0.000044759,0.000066041,0.000047387,0.000062875
main|astana_clinic|nc6|np5|br1.0|one_heavy|ms3|r300|s3,0.000092191,0.000152428,0.000060927,0.000080554,0.000051918,0.000067057,0.000055122,0.000064869
main|astana_clinic|nc6|np5|br1.0|one_heavy|ms3|r300|s4,0.000082532,0.000143885,0.000041657,0.000061422,0.000039400,0.000044142,0.000041921,0.000044577
main|astana_clinic|nc6|np5|br1.0|one_heavy|ms3|r300|s5,0.000088539,0.000157703,0.000042699,0.000066250,0.000042172,0.000067189,0.000042414,0.000063065
main|astana_clinic|nc6|np5|br1.0|one_heavy|ms3|r300|s6,0.000084418,0.000153642,0.000032295,0.000044919,0.000023213,0.000043283,0.000026446,0.000043796
main|astana_clinic|nc6|np5|br1.0|one_heavy|ms3|r300|s7,0.000082228,0.000147106,0.000057733,0.000091991,0.000058674,0.000087423,0.000058755,0.000089248
main|astana_clinic|nc6|np5|br1.0|one_heavy|ms3|r300|s8,0.000084212,0.000154242,0.000090138,0.000065540,0.000044632,0.000045981,0.000043645,0.000045232
main|astana_clinic|nc6|np5|br1.0|one_heavy|ms3|r300|s9,0.000082448,0.000144753,0.000041345,0.000064053,0.000043662,0.000043578,0.000043603,0.000063385
main|astana_clinic|nc6|np15|br0.25|uniform|ms3|r300|s0,0.000232342,0.000048833,0.000081539,0.000116770,0.000038612,0.000074578,0.000072301,0.000084557
main|astana_clinic|nc6|np15|br0.25|uniform|ms3|r300|s1,0.000343228,0.000074402,0.000045462,0.000062873,0.000033373,0.000064654,0.000045900,0.000058940
main|astana_clinic|nc6|np15|br0.25|uniform|ms3|r300|s2,0.000372250,0.000051144,0.000034156,0.000055169,0.000031971,0.000042000,0.000034732,0.000043774
main|astana_clinic|nc6|np15|br0.25|uniform|ms3|r300|s3,0.000236644,0.000043828,0.000035046,0.000057897,0.000035219,0.000038576,0.000037926,0.000047937
main|astana_clinic|nc6|np15|br0.25|uniform|ms3|r300|s4,0.000223031,0.000049547,0.000030466,0.000063652,0.000029691,0.000051123,0.000032644,0.000065221
main|astana_clinic|nc6|np15|br0.25|uniform|ms3|r300|s5,0.000240233,0.000038969,0.000033831,0.000067234,0.000031454,0.000059220,0.000031759,0.000063314
main|astana_clinic|nc6|np15|br0.25|uniform|ms3|r300|s6,0.000229008,0.000049455,0.000032224,0.000052002,0.000031807,0.000043074,0.000034397,0.000040515
main|astana_clinic|nc6|np15|br0.25|uniform|ms3|r300|s7,0.000220351,0.000057683,0.000033821,0.000059540,0.000031760,0.000042260,0.000033460,0.000057815
main|astana_clinic|nc6|np15|br0.25|uniform|ms3|r300|s8,0.000227068,0.000047449,0.000032491,0.000059190,0.000030740,0.000055264,0.000030865,0.000061379
main|astana_clinic|nc6|np15|br0.25|uniform|ms3|r300|s9,0.000225415,0.000055234,0.000040124,0.000069199,0.000038060,0.000060797,0.000066267,0.000067384
main|astana_clinic|nc6|np15|br0.25|random_1_100|ms3|r300|s0,0.000216139,0.000048669,0.000034775,0.000061692,0.000031988,0.000062004,0.000032009,0.000062783
main|astana_clinic|nc6|np15|br0.25|random_1_100|ms3|r300|s1,0.000224352,0.000062799,0.000041225,0.000064003,0.000045351,0.000058584,0.000043121,0.000060463
main|astana_clinic|nc6|np15|br0.25|random_1_100|ms3|r300|s2,0.000213985,0.000054298,0.000041168,0.000073923,0.000040571,0.000058276,0.000041148,0.000071106
main|astana_clinic|nc6|np15|br0.25|random_1_100|ms3|r300|s3,0.000216699,0.000047900,0.000031264,0.000061276,0.000031033,0.000040320,0.000030397,0.000043540
main|astana_clinic|nc6|np15|br0.25|random_1_100|ms3|r300|s4,0.000213371,0.000060742,0.000042880,0.000081440,0.000043037,0.000060689,0.000029248,0.000064496
main|astana_clinic|nc6|np15|br0.25|random_1_100|ms3|r300|s5,0.000220476,0.000047013,0.000033391,0.000072513,0.000033105,0.000058366,0.000031833,0.000061662
main|astana_clinic|nc6|np15|br0.25|random_1_100|ms3|r300|s6,0.000214785,0.000060917,0.000042699,0.000072376,0.000038614,0.000067357,0.000038779,0.000071478
main|astana_clinic|nc6|np15|br0.25|random_1_100|ms3|r300|s7,0.000217908,0.000055074,0.000034079,0.000063177,0.000036045,0.000060089,0.000028164,0.000057926
main|astana_clinic|nc6|np15|br0.25|random_1_100|ms3|r300|s8,0.000219159,0.000047822,0.000033810,0.000071777,0.000034325,0.000059003,0.000033184,0.000057173
main|astana_clinic|nc6|np15|br0.25|random_1_100|ms3|r300|s9,0.000221371,0.000063394,0.000046822,0.000076871,0.000027618,0.000056751,0.000041231,0.000074040
main|astana_clinic|nc6|np15|br0.25|one_heavy|ms3|r300|s0,0.000218822,0.000050539,0.000037749,0.000061724,0.000037829,0.000042278,0.000036038,0.000041079
main|astana_clinic|nc6|np15|br0.25|one_heavy|ms3|r300|s1,0.000217351,0.000041584,0.000033926,0.000058857,0.000033216,0.000050987,0.000031694,0.000052400
main|astana_clinic|nc6|np15|br0.25|one_heavy|ms3|r300|s2,0.000219393,0.000041388,0.000033985,0.000063885,0.000031991,0.000058294,0.000035385,0.000059841
main|astana_clinic|nc6|np15|br0.25|one_heavy|ms3|r300|s3,0.000220225,0.000053496,0.000027849,0.000074745,0.000027511,0.000050428,0.000029171,0.000069051
main|astana_clinic|nc6|np15|br0.25|one_heavy|ms3|r300|s4,0.000231709,0.000047015,0.000038297,0.000068336,0.000038313,0.000061019,0.000037802,0.000066445
main|astana_clinic|nc6|np15|br0.25|one_heavy|ms3|r300|s5,0.000227043,0.000052949,0.000032407,0.000076367,0.000033584,0.000065907,0.000032226,0.000061221
main|astana_clinic|nc6|np15|br0.25|one_heavy|ms3|r300|s6,0.000225395,0.000044698,0.000035009,0.000065718,0.000031202,0.000050046,0.000031396,0.000059047
main|astana_clinic|nc6|np15|br0.25|one_heavy|ms3|r300|s7,0.000219913,0.000049667,0.000038435,0.000075043,0.000041846,0.000071033,0.000041001,0.000069429
main|astana_clinic|nc6|np15|br0.25|one_heavy|ms3|r300|s8,0.000213679,0.000054693,0.000030212,0.000059664,0.000038501,0.000062733,0.000028680,0.000056837
main|astana_clinic|nc6|np15|br0.25|one_heavy|ms3|r300|s9,0.000242530,0.000048351,0.000040473,0.000068366,0.000031826,0.000061668,0.000040935,0.000068458
main|astana_clinic|nc6|np15|br0.5|uniform|ms3|r300|s0,0.000215841,0.000147468,0.000063143,0.000097977,0.000064569,0.000085923,0.000061882,0.000091043
main|astana_clinic|nc6|np15|br0.5|uniform|ms3|r300|s1,0.000219802,0.000140020,0.000069485,0.000139936,0.000071384,0.000085061,0.000076256,0.000088211
main|astana_clinic|nc6|np15|br0.5|uniform|ms3|r300|s2,0.000235584,0.000132219,0.000055577,0.000099667,0.000057940,0.000081870,0.000056055,0.000061388
main|astana_clinic|nc6|np15|br0.5|uniform|ms3|r300|s3,0.000224521,0.000139436,0.000075761,0.000122457,0.000073197,0.000084880,0.000073790,0.000088562
main|astana_clinic|nc6|np15|br0.5|uniform|ms3|r300|s4,0.000223819,0.000140166,0.000077887,0.000119203,0.000062486,0.000096187,0.000077273,0.000115682
main|astana_clinic|nc6|np15|br0.5|uniform|ms3|r300|s5,0.000228227,0.000133033,0.000063056,0.000098840,0.000063167,0.000085111,0.000061563,0.000081373
main|astana_clinic|nc6|np15|br0.5|uniform|ms3|r300|s6,0.000233597,0.000140173,0.000071350,0.000105753,0.000062748,0.000084795,0.000065092,0.000096650
main|astana_clinic|nc6|np15|br0.5|uniform|ms3|r300|s7,0.000228385,0.000129655,0.000047899,0.000071220,0.000046005,0.000059460,0.000049444,0.000075117
main|astana_clinic|nc6|np15|br0.5|uniform|ms3|r300|s8,0.000221884,0.000134244,0.000055700,0.000093669,0.000056017,0.000083036,0.000063585,0.000094123
main|astana_clinic|nc6|np15|br0.5|uniform|ms3|r300|s9,0.000220299,0.000133495,0.000054211,0.000102876,0.000055048,0.000094143,0.000054497,0.000103146
main|astana_clinic|nc6|np15|br0.5|random_1_100|ms3|r300|s0,0.000228492,0.000133172,0.000055654,0.000090172,0.000054639,0.000056787,0.000056013,0.000079290
main|astana_clinic|nc6|np15|br0.5|random_1_100|ms3|r300|s1,0.000222892,0.000134883,0.000073512,0.000108238,0.000073063,0.000085567,0.000064447,0.000097638
main|astana_clinic|nc6|np15|br0.5|random_1_100|ms3|r300|s2,0.000219738,0.000129234,0.000104662,0.000092939,0.000064248,0.000082192,0.000055861,0.000085902
main|astana_clinic|nc6|np15|br0.5|random_1_100|ms3|r300|s3,0.000215615,0.000139915,0.000050792,0.000081472,0.000054343,0.000084970,0.000052507,0.000082031
main|astana_clinic|nc6|np15|br0.5|random_1_100|ms3|r300|s4,0.000223521,0.000128025,0.000071640,0.000104364,0.000069618,0.000056825,0.000070449,0.000056886
main|astana_clinic|nc6|np15|br0.5|random_1_100|ms3|r300|s5,0.000222591,0.000135001,0.000065431,0.000102889,0.000065493,0.000058365,0.000063835,0.000103971
main|astana_clinic|nc6|np15|br0.5|random_1_100|ms3|r300|s6,0.000229529,0.000129252,0.000058222,0.000104885,0.000064642,0.000083708,0.000057804,0.000079903
main|astana_clinic|nc6|np15|br0.5|random_1_100|ms3|r300|s7,0.000221888,0.000129287,0.000070617,0.000118395,0.000073142,0.000102390,0.000070891,0.000054400
main|astana_clinic|nc6|np15|br0.5|random_1_100|ms3|r300|s8,0.000213565,0.000201978,0.000064919,0.000088757,0.000055823,0.000068408,0.000056754,0.000106557
main|astana_clinic|nc6|np15|br0.5|random_1_100|ms3|r300|s9,0.000235586,0.000145502,0.000072297,0.000154074,0.000102577,0.000068909,0.000067395,0.000084942
main|astana_clinic|nc6|np15|br0.5|one_heavy|ms3|r300|s0,0.000230391,0.000138499,0.000060990,0.000103934,0.000060227,0.000093818,0.000063463,0.000084792
main|astana_clinic|nc6|np15|br0.5|one_heavy|ms3|r300|s1,0.000246273,0.000141166,0.000064756,0.000115432,0.000060366,0.000059450,0.000062867,0.000090695
main|astana_clinic|nc6|np15|br0.5|one_heavy|ms3|r300|s2,0.000230724,0.000138640,0.000070175,0.000107067,0.000067059,0.000059843,0.000070529,0.000085467
main|astana_clinic|nc6|np15|br0.5|one_heavy|ms3|r300|s3,0.000269287,0.000136498,0.000064014,0.000114549,0.000080670,0.000136091,0.000059652,0.000108883
main|astana_clinic|nc6|np15|br0.5|one_heavy|ms3|r300|s4,0.000333126,0.000232744,0.000089525,0.000127346,0.000073991,0.000064733,0.000083362,0.000172108
main|astana_clinic|nc6|np15|br0.5|one_heavy|ms3|r300|s5,0.000473373,0.000279213,0.000160469,0.000124967,0.000080476,0.000062238,0.000084866,0.000110065
main|astana_clinic|nc6|np15|br0.5|one_heavy|ms3|r300|s6,0.000366389,0.000204067,0.000073181,0.000109707,0.000059348,0.000060435,0.000079657,0.000082625
main|astana_clinic|nc6|np15|br0.5|one_heavy|ms3|r300|s7,0.000300948,0.000145547,0.000071124,0.000093734,0.000058493,0.000059865,0.000058161,0.000085835
main|astana_clinic|nc6|np15|br0.5|one_heavy|ms3|r300|s8,0.000233777,0.000147428,0.000072939,0.000111366,0.000056020,0.000103924,0.000060540,0.000098685
main|astana_clinic|nc6|np15|br0.5|one_heavy|ms3|r300|s9,0.000253962,0.000148060,0.000078658,0.000117145,0.000081847,0.000093655,0.000081349,0.000072854
main|astana_clinic|nc6|np15|br1.0|uniform|ms3|r300|s0,0.000235885,0.000206169,0.000097958,0.000106238,0.000077972,0.000093138,0.000073775,0.000086521
main|astana_clinic|nc6|np15|br1.0|uniform|ms3|r300|s1,0.000238745,0.000253583,0.000088387,0.000118669,0.000076146,0.000060397,0.000079337,0.000059634
main|astana_clinic|nc6|np15|br1.0|uniform|ms3|r300|s2,0.000238355,0.000191837,0.000075148,0.000117516,0.000075193,0.000082267,0.000076644,0.000112377
main|astana_clinic|nc6|np15|br1.0|uniform|ms3|r300|s3,0.000316151,0.000246673,0.000058717,0.000086269,0.000060887,0.000060432,0.000055697,0.000059432
main|astana_clinic|nc6|np15|br1.0|uniform|ms3|r300|s4,0.000352949,0.000193264,0.000077446,0.000119956,0.000077078,0.000111684,0.000078164,0.000116566
main|astana_clinic|nc6|np15|br1.0|uniform|ms3|r300|s5,0.000230668,0.000187285,0.000080801,0.000127202,0.000076875,0.000095061,0.000076680,0.000123398
main|astana_clinic|nc6|np15|br1.0|uniform|ms3|r300|s6,0.000235249,0.000229894,0.000080677,0.000117353,0.000075429,0.000117990,0.000073342,0.000090374
main|astana_clinic|nc6|np15|br1.0|uniform|ms3|r300|s7,0.000233233,0.000200376,0.000075526,0.000122754,0.000078270,0.000116879,0.000086295,0.000097189
main|astana_clinic|nc6|np15|br1.0|uniform|ms3|r300|s8,0.000235349,0.000196454,0.000077369,0.000122342,0.000085176,0.000114286,0.000079009,0.000089429
main|astana_clinic|nc6|np15|br1.0|uniform|ms3|r300|s9,0.000346456,0.000203470,0.000076080,0.000111230,0.000075321,0.000087486,0.000092640,0.000061878
main|astana_clinic|nc6|np15|br1.0|random_1_100|ms3|r300|s0,0.000253607,0.000181817,0.000063490,0.000102523,0.000056425,0.000086873,0.000058553,0.000088018
main|astana_clinic|nc6|np15|br1.0|random_1_100|ms3|r300|s1,0.000229782,0.000192441,0.000094411,0.000128147,0.000075671,0.000088513,0.000076859,0.000093666
main|astana_clinic|nc6|np15|br1.0|random_1_100|ms3|r300|s2,0.000268577,0.000219037,0.000077100,0.000129654,0.000096077,0.000109345,0.000101137,0.000090388
main|astana_clinic|nc6|np15|br1.0|random_1_100|ms3|r300|s3,0.000361315,0.000264164,0.000078133,0.000109549,0.000080010,0.000089539,0.000077678,0.000060161
main|astana_clinic|nc6|np15|br1.0|random_1_100|ms3|r300|s4,0.000231383,0.000195754,0.000075639,0.000107911,0.000072646,0.000060764,0.000073289,0.000087006
main|astana_clinic|nc6|np15|br1.0|random_1_100|ms3|r300|s5,0.000231774,0.000182807,0.000076485,0.000118879,0.000081310,0.000089541,0.000077600,0.000110202
main|astana_clinic|nc6|np15|br1.0|random_1_100|ms3|r300|s6,0.000247043,0.000191729,0.000072591,0.000117605,0.000075089,0.000083673,0.000071960,0.000088441
main|astana_clinic|nc6|np15|br1.0|random_1_100|ms3|r300|s7,0.000229285,0.000181936,0.000035847,0.000060391,0.000034656,0.000060341,0.000031667,0.000060402
main|astana_clinic|nc6|np15|br1.0|random_1_100|ms3|r300|s8,0.000231087,0.000178619,0.000076596,0.000120071,0.000076641,0.000090176,0.000075359,0.000112925
main|astana_clinic|nc6|np15|br1.0|random_1_100|ms3|r300|s9,0.000230028,0.000182913,0.000081770,0.000117147,0.000076641,0.000063268,0.000079299,0.000092405
main|astana_clinic|nc6|np15|br1.0|one_heavy|ms3|r300|s0,0.000237372,0.000194418,0.000078118,0.000106702,0.000074930,0.000060840,0.000077010,0.000086525
main|astana_clinic|nc6|np15|br1.0|one_heavy|ms3|r300|s1,0.000238694,0.000177905,0.000077054,0.000152221,0.000092081,0.000107757,0.000079315,0.000062341
main|astana_clinic|nc6|np15|br1.0|one_heavy|ms3|r300|s2,0.000243930,0.000185678,0.000073232,0.000124957,0.000077975,0.000109924,0.000071978,0.000091584
main|astana_clinic|nc6|np15|br1.0|one_heavy|ms3|r300|s3,0.000230434,0.000181351,0.000076116,0.000120371,0.000075395,0.000088929,0.000086240,0.000112701
main|astana_clinic|nc6|np15|br1.0|one_heavy|ms3|r300|s4,0.000238449,0.000183140,0.000081385,0.000113589,0.000076041,0.000089533,0.000078764,0.000072603
main|astana_clinic|nc6|np15|br1.0|one_heavy|ms3|r300|s5,0.000253131,0.000181350,0.000079927,0.000121552,0.000073458,0.000062705,0.000076452,0.000088761
main|astana_clinic|nc6|np15|br1.0|one_heavy|ms3|r300|s6,0.000266026,0.000178589,0.000056020,0.000100372,0.000055202,0.000060380,0.000057316,0.000079369
main|astana_clinic|nc6|np15|br1.0|one_heavy|ms3|r300|s7,0.000333726,0.000259355,0.000128587,0.000153700,0.000105221,0.000128383,0.000108525,0.000157491
main|astana_clinic|nc6|np15|br1.0|one_heavy|ms3|r300|s8,0.000247794,0.000180289,0.000082300,0.000113100,0.000076078,0.000087982,0.000076651,0.000087017
main|astana_clinic|nc6|np15|br1.0|one_heavy|ms3|r300|s9,0.000239802,0.000178571,0.000078167,0.000115736,0.000080639,0.000087950,0.000078593,0.000091492
main|astana_clinic|nc6|np25|br0.25|uniform|ms3|r300|s0,0.000411000,0.000058272,0.000048062,0.000094627,0.000048968,0.000082192,0.000049099,0.000085867
main|astana_clinic|nc6|np25|br0.25|uniform|ms3|r300|s1,0.000390740,0.000059415,0.000053984,0.000099008,0.000053215,0.000097768,0.000053894,0.000088980
main|astana_clinic|nc6|np25|br0.25|uniform|ms3|r300|s2,0.000408027,0.000058323,0.000040375,0.000076600,0.000038308,0.000075908,0.000054121,0.000085579
main|astana_clinic|nc6|np25|br0.25|uniform|ms3|r300|s3,0.000409880,0.000056132,0.000048070,0.000089203,0.000047481,0.000075618,0.000045673,0.000084961
main|astana_clinic|nc6|np25|br0.25|uniform|ms3|r300|s4,0.000395030,0.000067856,0.000049209,0.000102064,0.000045255,0.000065030,0.000043866,0.000098698
main|astana_clinic|nc6|np25|br0.25|uniform|ms3|r300|s5,0.000392693,0.000060148,0.000049293,0.000090368,0.000050116,0.000080528,0.000055243,0.000087620
main|astana_clinic|nc6|np25|br0.25|uniform|ms3|r300|s6,0.000380625,0.000064521,0.000044844,0.000077331,0.000043177,0.000066944,0.000041338,0.000074433
main|astana_clinic|nc6|np25|br0.25|uniform|ms3|r300|s7,0.000375787,0.000059598,0.000048938,0.000090861,0.000049529,0.000071887,0.000050961,0.000085486
main|astana_clinic|nc6|np25|br0.25|uniform|ms3|r300|s8,0.000538960,0.000092368,0.000054446,0.000082760,0.000052663,0.000076449,0.000048832,0.000078560
main|astana_clinic|nc6|np25|br0.25|uniform|ms3|r300|s9,0.000390762,0.000068823,0.000048634,0.000078206,0.000050855,0.000075990,0.000049691,0.000074596
main|astana_clinic|nc6|np25|br0.25|random_1_100|ms3|r300|s0,0.000378412,0.000050622,0.000038249,0.000068608,0.000035553,0.000069682,0.000036093,0.000070894
main|astana_clinic|nc6|np25|br0.25|random_1_100|ms3|r300|s1,0.000386344,0.000056526,0.000037785,0.000073008,0.000036151,0.000067414,0.000044203,0.000075457
main|astana_clinic|nc6|np25|br0.25|random_1_100|ms3|r300|s2,0.000378853,0.000062822,0.000036021,0.000070597,0.000037651,0.000067798,0.000035682,0.000067782
main|astana_clinic|nc6|np25|br0.25|random_1_100|ms3|r300|s3,0.000386169,0.000054301,0.000043857,0.000100751,0.000045584,0.000091053,0.000040560,0.000088195
main|astana_clinic|nc6|np25|br0.25|random_1_100|ms3|r300|s4,0.000401425,0.000063798,0.000042029,0.000094372,0.000047716,0.000082721,0.000041105,0.000092132
main|astana_clinic|nc6|np25|br0.25|random_1_100|ms3|r300|s5,0.000389920,0.000062068,0.000048330,0.000088920,0.000047771,0.000082845,0.000035886,0.000074668
main|astana_clinic|nc6|np25|br0.25|random_1_100|ms3|r300|s6,0.000387610,0.000062218,0.000044627,0.000088154,0.000045114,0.000070333,0.000042261,0.000080093
main|astana_clinic|nc6|np25|br0.25|random_1_100|ms3|r300|s7,0.000385647,0.000048257,0.000044287,0.000081650,0.000042930,0.000072438,0.000034282,0.000065934
main|astana_clinic|nc6|np25|br0.25|random_1_100|ms3|r300|s8,0.000388681,0.000057950,0.000047531,0.000096724,0.000045625,0.000081704,0.000047710,0.000086096
main|astana_clinic|nc6|np25|br0.25|random_1_100|ms3|r300|s9,0.000563723,0.000069878,0.000071797,0.000090578,0.000046631,0.000079991,0.000041581,0.000093046
main|astana_clinic|nc6|np25|br0.25|one_heavy|ms3|r300|s0,0.000522049,0.000070582,0.000048798,0.000084551,0.000048219,0.000065012,0.000050151,0.000082178
main|astana_clinic|nc6|np25|br0.25|one_heavy|ms3|r300|s1,0.000431020,0.000060470,0.000053420,0.000096620,0.000053998,0.000090950,0.000055608,0.000088537
main|astana_clinic|nc6|np25|br0.25|one_heavy|ms3|r300|s2,0.000409862,0.000064833,0.000051241,0.000087255,0.000050106,0.000087469,0.000049149,0.000080407
main|astana_clinic|nc6|np25|br0.25|one_heavy|ms3|r300|s3,0.000390720,0.000055478,0.000040215,0.000084243,0.000040469,0.000075725,0.000041326,0.000083145
main|astana_clinic|nc6|np25|br0.25|one_heavy|ms3|r300|s4,0.000379420,0.000059059,0.000038690,0.000091521,0.000039998,0.000075289,0.000051802,0.000092794
main|astana_clinic|nc6|np25|br0.25|one_heavy|ms3|r300|s5,0.000377696,0.000060610,0.000048585,0.000091578,0.000048054,0.000076210,0.000046633,0.000079781
main|astana_clinic|nc6|np25|br0.25|one_heavy|ms3|r300|s6,0.000371068,0.000066648,0.000039912,0.000067695,0.000040866,0.000055329,0.000041308,0.000053257
main|astana_clinic|nc6|np25|br0.25|one_heavy|ms3|r300|s7,0.000373170,0.000073220,0.000058047,0.000091049,0.000057361,0.000062153,0.000060269,0.000063285
main|astana_clinic|nc6|np25|br0.25|one_heavy|ms3|r300|s8,0.000376154,0.000053442,0.000054790,0.000096079,0.000048808,0.000076337,0.000046425,0.000097327
main|astana_clinic|nc6|np25|br0.25|one_heavy|ms3|r300|s9,0.000374654,0.000053149,0.000047128,0.000087021,0.000044797,0.000074116,0.000045910,0.000073989
main|astana_clinic|nc6|np25|br0.5|uniform|ms3|r300|s0,0.000366656,0.000161490,0.000070237,0.000134900,0.000063742,0.000108727,0.000063579,0.000109552
main|astana_clinic|nc6|np25|br0.5|uniform|ms3|r300|s1,0.000407784,0.000167101,0.000091137,0.000146860,0.000092293,0.000105507,0.000099782,0.000107296
main|astana_clinic|nc6|np25|br0.5|uniform|ms3|r300|s2,0.000374875,0.000146521,0.000096043,0.000147100,0.000089061,0.000107078,0.000093133,0.000102528
main|astana_clinic|nc6|np25|br0.5|uniform|ms3|r300|s3,0.000374933,0.000159516,0.000088215,0.000147794,0.000086864,0.000129371,0.000095524,0.000133479
main|astana_clinic|nc6|np25|br0.5|uniform|ms3|r300|s4,0.000407532,0.000159890,0.000083893,0.000121595,0.000084938,0.000146292,0.000083610,0.000103364
main|astana_clinic|nc6|np25|br0.5|uniform|ms3|r300|s5,0.000368730,0.000170061,0.000061793,0.000111089,0.000067017,0.000109983,0.000060352,0.000102459
main|astana_clinic|nc6|np25|br0.5|uniform|ms3|r300|s6,0.000376790,0.000164667,0.000066135,0.000113027,0.000059178,0.000097620,0.000060759,0.000070403
main|astana_clinic|nc6|np25|br0.5|uniform|ms3|r300|s7,0.000363033,0.000157710,0.000070639,0.000141707,0.000070321,0.000069744,0.000080044,0.000130826
main|astana_clinic|nc6|np25|br0.5|uniform|ms3|r300|s8,0.000349238,0.000163748,0.000068959,0.000100102,0.000068916,0.000125383,0.000074947,0.000110998
main|astana_clinic|nc6|np25|br0.5|uniform|ms3|r300|s9,0.000376350,0.000168407,0.000084348,0.000140515,0.000067768,0.000114747,0.000097535,0.000138155
main|astana_clinic|nc6|np25|br0.5|random_1_100|ms3|r300|s0,0.000364520,0.000167219,0.000077106,0.000130231,0.000079511,0.000113146,0.000074594,0.000121916
main|astana_clinic|nc6|np25|br0.5|random_1_100|ms3|r300|s1,0.000370311,0.000164968,0.000070338,0.000151437,0.000070582,0.000122530,0.000071452,0.000133831
main|astana_clinic|nc6|np25|br0.5|random_1_100|ms3|r300|s2,0.000352776,0.000157770,0.000066940,0.000112515,0.000066038,0.000076065,0.000068366,0.000107548
main|astana_clinic|nc6|np25|br0.5|random_1_100|ms3|r300|s3,0.000364275,0.000152803,0.000081520,0.000134419,0.000080595,0.000072031,0.000084792,0.000125543
main|astana_clinic|nc6|np25|br0.5|random_1_100|ms3|r300|s4,0.000360036,0.000151287,0.000072931,0.000118276,0.000070712,0.000071937,0.000075744,0.000104415
main|astana_clinic|nc6|np25|br0.5|random_1_100|ms3|r300|s5,0.000366504,0.000172741,0.000089410,0.000139920,0.000069908,0.000105865,0.000094589,0.000134143
main|astana_clinic|nc6|np25|br0.5|random_1_100|ms3|r300|s6,0.000370568,0.000167012,0.000083769,0.000137842,0.000071349,0.000076042,0.000077155,0.000133547
main|astana_clinic|nc6|np25|br0.5|random_1_100|ms3|r300|s7,0.000367904,0.000157387,0.000087233,0.000136323,0.000076987,0.000116655,0.000077889,0.000128442
main|astana_clinic|nc6|np25|br0.5|random_1_100|ms3|r300|s8,0.000393720,0.000168529,0.000073166,0.000129694,0.000078889,0.000106406,0.000074309,0.000099544
main|astana_clinic|nc6|np25|br0.5|random_1_100|ms3|r300|s9,0.000379937,0.000166114,0.000079566,0.000124213,0.000071131,0.000108515,0.000072017,0.000111584
main|astana_clinic|nc6|np25|br0.5|one_heavy|ms3|r300|s0,0.000368637,0.000161585,0.000067330,0.000123887,0.000065602,0.000072976,0.000071910,0.000099233
main|astana_clinic|nc6|np25|br0.5|one_heavy|ms3|r300|s1,0.000374148,0.000166165,0.000077716,0.000135986,0.000067048,0.000072345,0.000066883,0.000073192
main|astana_clinic|nc6|np25|br0.5|one_heavy|ms3|r300|s2,0.000393490,0.000158548,0.000068763,0.000152813,0.000088204,0.000102681,0.000081929,0.000126425
main|astana_clinic|nc6|np25|br0.5|one_heavy|ms3|r300|s3,0.000377020,0.000158285,0.000071777,0.000137660,0.000085014,0.000098930,0.000071786,0.000124463
main|astana_clinic|nc6|np25|br0.5|one_heavy|ms3|r300|s4,0.000371393,0.000163984,0.000068449,0.000123478,0.000074253,0.000103080,0.000066086,0.000109739
main|astana_clinic|nc6|np25|br0.5|one_heavy|ms3|r300|s5,0.000376614,0.000155620,0.000070006,0.000136132,0.000070460,0.000101748,0.000070380,0.000108114
main|astana_clinic|nc6|np25|br0.5|one_heavy|ms3|r300|s6,0.000370287,0.000171312,0.000075527,0.000153498,0.000071767,0.000109619,0.000072525,0.000140576
main|astana_clinic|nc6|np25|br0.5|one_heavy|ms3|r300|s7,0.000384598,0.000202900,0.000089521,0.000153972,0.000113020,0.000106701,0.000091912,0.000106536
main|astana_clinic|nc6|np25|br0.5|one_heavy|ms3|r300|s8,0.000375722,0.000170908,0.000082812,0.000144155,0.000090386,0.000134630,0.000101117,0.000153543
main|astana_clinic|nc6|np25|br0.5|one_heavy|ms3|r300|s9,0.000380541,0.000165184,0.000076400,0.000140969,0.000110404,0.000171229,0.000108483,0.000182590
main|astana_clinic|nc6|np25|br1.0|uniform|ms3|r300|s0,0.000411953,0.000217470,0.000089902,0.000145744,0.000092489,0.000135629,0.000091636,0.000132301
main|astana_clinic|nc6|np25|br1.0|uniform|ms3|r300|s1,0.000380129,0.000224885,0.000092372,0.000156741,0.000089289,0.000107449,0.000091945,0.000139061
main|astana_clinic|nc6|np25|br1.0|uniform|ms3|r300|s2,0.000519320,0.000241190,0.000091549,0.000160826,0.000104152,0.000077111,0.000095408,0.000131938
main|astana_clinic|nc6|np25|br1.0|uniform|ms3|r300|s3,0.000387831,0.000222370,0.000089079,0.000140058,0.000098945,0.000106576,0.000091685,0.000143502
main|astana_clinic|nc6|np25|br1.0|uniform|ms3|r300|s4,0.000387947,0.000233211,0.000088994,0.000171556,0.000126454,0.000111573,0.000133216,0.000120802
main|astana_clinic|nc6|np25|br1.0|uniform|ms3|r300|s5,0.000384302,0.000221388,0.000096200,0.000147514,0.000095497,0.000139399,0.000097897,0.000138914
main|astana_clinic|nc6|np25|br1.0|uniform|ms3|r300|s6,0.000382116,0.000222459,0.000095413,0.000139706,0.000091829,0.000077333,0.000093592,0.000139343
main|astana_clinic|nc6|np25|br1.0|uniform|ms3|r300|s7,0.000393393,0.000312166,0.000095392,0.000165916,0.000095172,0.000076329,0.000093015,0.000152813
main|astana_clinic|nc6|np25|br1.0|uniform|ms3|r300|s8,0.000389118,0.000221123,0.000091336,0.000138532,0.000092117,0.000135229,0.000138898,0.000134192
main|astana_clinic|nc6|np25|br1.0|uniform|ms3|r300|s9,0.000405572,0.000233723,0.000089343,0.000140054,0.000093032,0.000103464,0.000088308,0.000128550
main|astana_clinic|nc6|np25|br1.0|random_1_100|ms3|r300|s0,0.000364814,0.000206581,0.000088305,0.000133976,0.000089198,0.000098714,0.000086621,0.000134685
main|astana_clinic|nc6|np25|br1.0|random_1_100|ms3|r300|s1,0.000371546,0.000224795,0.000086363,0.000132432,0.000085452,0.000100058,0.000087643,0.000125342
main|astana_clinic|nc6|np25|br1.0|random_1_100|ms3|r300|s2,0.000386563,0.000217458,0.000091069,0.000133803,0.000085576,0.000075760,0.000095792,0.000099356
main|astana_clinic|nc6|np25|br1.0|random_1_100|ms3|r300|s3,0.000368641,0.000201807,0.000087959,0.000130284,0.000083863,0.000071947,0.000091962,0.000105642
main|astana_clinic|nc6|np25|br1.0|random_1_100|ms3|r300|s4,0.000365862,0.000209350,0.000086566,0.000136324,0.000086657,0.000128463,0.000087524,0.000072843
main|astana_clinic|nc6|np25|br1.0|random_1_100|ms3|r300|s5,0.000367151,0.000209928,0.000095062,0.000145952,0.000087150,0.000140675,0.000089775,0.000132781
main|astana_clinic|nc6|np25|br1.0|random_1_100|ms3|r300|s6,0.000385831,0.000201225,0.000085359,0.000132915,0.000090570,0.000106171,0.000098763,0.000136076
main|astana_clinic|nc6|np25|br1.0|random_1_100|ms3|r300|s7,0.000357572,0.000230966,0.000087496,0.000133354,0.000088501,0.000079799,0.000087330,0.000075238
main|astana_clinic|nc6|np25|br1.0|random_1_100|ms3|r300|s8,0.000359817,0.000206899,0.000086929,0.000139309,0.000087035,0.000070103,0.000087978,0.000099437
main|astana_clinic|nc6|np25|br1.0|random_1_100|ms3|r300|s9,0.000352057,0.000198900,0.000084647,0.000128970,0.000115532,0.000128379,0.000097416,0.000128006
main|astana_clinic|nc6|np25|br1.0|one_heavy|ms3|r300|s0,0.000473821,0.000214319,0.000090831,0.000133249,0.000087845,0.000104683,0.000086443,0.000127877
main|astana_clinic|nc6|np25|br1.0|one_heavy|ms3|r300|s1,0.000359525,0.000204981,0.000086532,0.000122757,0.000087393,0.000074369,0.000086480,0.000100655
main|astana_clinic|nc6|np25|br1.0|one_heavy|ms3|r300|s2,0.000358111,0.000204797,0.000083197,0.000138110,0.000085701,0.000104107,0.000087814,0.000129261
main|astana_clinic|nc6|np25|br1.0|one_heavy|ms3|r300|s3,0.000370326,0.000216435,0.000087199,0.000129301,0.000087839,0.000071675,0.000087108,0.000105523
main|astana_clinic|nc6|np25|br1.0|one_heavy|ms3|r300|s4,0.000370501,0.000212580,0.000088518,0.000131304,0.000090405,0.000126162,0.000089473,0.000129117
main|astana_clinic|nc6|np25|br1.0|one_heavy|ms3|r300|s5,0.000369951,0.000210432,0.000088827,0.000137661,0.000085965,0.000096149,0.000088630,0.000126125
main|astana_clinic|nc6|np25|br1.0|one_heavy|ms3|r300|s6,0.000370958,0.000207404,0.000091382,0.000142770,0.000090981,0.000130544,0.000087538,0.000132286
main|astana_clinic|nc6|np25|br1.0|one_heavy|ms3|r300|s7,0.000364739,0.000226841,0.000091662,0.000132582,0.000086946,0.000125440,0.000085860,0.000103454
main|astana_clinic|nc6|np25|br1.0|one_heavy|ms3|r300|s8,0.000354525,0.000205392,0.000090367,0.000138268,0.000086218,0.000098889,0.000086548,0.000134004
main|astana_clinic|nc6|np25|br1.0|one_heavy|ms3|r300|s9,0.000359768,0.000207120,0.000087362,0.000127498,0.000089512,0.000075957,0.000092358,0.000111915
main|astana_clinic|nc10|np5|br0.25|uniform|ms3|r300|s0,0.000092672,0.000333468,0.000064932,0.000091740,0.000061226,0.000066368,0.000063391,0.000063230
main|astana_clinic|nc10|np5|br0.25|uniform|ms3|r300|s1,0.000095293,0.000339554,0.000078927,0.000118315,0.000079230,0.000111214,0.000080292,0.000121904
main|astana_clinic|nc10|np5|br0.25|uniform|ms3|r300|s2,0.000090720,0.000336437,0.000068081,0.000086089,0.000056194,0.000062364,0.000055055,0.000065852
main|astana_clinic|nc10|np5|br0.25|uniform|ms3|r300|s3,0.000116178,0.000376976,0.000070374,0.000100608,0.000077285,0.000096557,0.000051204,0.000083993
main|astana_clinic|nc10|np5|br0.25|uniform|ms3|r300|s4,0.000092429,0.000364122,0.000065501,0.000114069,0.000062119,0.000084706,0.000063263,0.000073423
main|astana_clinic|nc10|np5|br0.25|uniform|ms3|r300|s5,0.000090164,0.000327677,0.000062731,0.000116254,0.000063213,0.000121608,0.000063061,0.000063583
main|astana_clinic|nc10|np5|br0.25|uniform|ms3|r300|s6,0.000101821,0.000355767,0.000078831,0.000112591,0.000075054,0.000090057,0.000079774,0.000094449
main|astana_clinic|nc10|np5|br0.25|uniform|ms3|r300|s7,0.000096175,0.000348722,0.000072643,0.000109614,0.000078195,0.000098339,0.000072142,0.000102256
main|astana_clinic|nc10|np5|br0.25|uniform|ms3|r300|s8,0.000091195,0.000313834,0.000063482,0.000111284,0.000054717,0.000108757,0.000063922,0.000122307
main|astana_clinic|nc10|np5|br0.25|uniform|ms3|r300|s9,0.000094638,0.000368830,0.000047165,0.000079516,0.000045900,0.000078220,0.000046678,0.000089737
main|astana_clinic|nc10|np5|br0.25|random_1_100|ms3|r300|s0,0.000092504,0.000343629,0.000072266,0.000113168,0.000071306,0.000088505,0.000072614,0.000098539
main|astana_clinic|nc10|np5|br0.25|random_1_100|ms3|r300|s1,0.000089552,0.000326001,0.000064561,0.000116675,0.000061615,0.000099556,0.000060944,0.000099925
main|astana_clinic|nc10|np5|br0.25|random_1_100|ms3|r300|s2,0.000091755,0.000360132,0.000049771,0.000146317,0.000067092,0.000111438,0.000048735,0.000111797
main|astana_clinic|nc10|np5|br0.25|random_1_100|ms3|r300|s3,0.000088841,0.000352852,0.000034785,0.000066786,0.000035128,0.000067559,0.000037710,0.000067799
main|astana_clinic|nc10|np5|br0.25|random_1_100|ms3|r300|s4,0.000095013,0.000326617,0.000056200,0.000081296,0.000052314,0.000084985,0.000055679,0.000084564
main|astana_clinic|nc10|np5|br0.25|random_1_100|ms3|r300|s5,0.000096576,0.000358865,0.000076643,0.000139705,0.000070012,0.000095170,0.000062421,0.000082665
main|astana_clinic|nc10|np5|br0.25|random_1_100|ms3|r300|s6,0.000096096,0.000324622,0.000059801,0.000092907,0.000064601,0.000063085,0.000062033,0.000064634
main|astana_clinic|nc10|np5|br0.25|random_1_100|ms3|r300|s7,0.000090461,0.000304873,0.000061446,0.000100821,0.000063042,0.000065167,0.000061780,0.000064939
main|astana_clinic|nc10|np5|br0.25|random_1_100|ms3|r300|s8,0.000091770,0.000322476,0.000066208,0.000110075,0.000065360,0.000064068,0.000067178,0.000099788
main|astana_clinic|nc10|np5|br0.25|random_1_100|ms3|r300|s9,0.000090542,0.000352085,0.000059490,0.000097888,0.000047023,0.000082354,0.000055731,0.000090111
main|astana_clinic|nc10|np5|br0.25|one_heavy|ms3|r300|s0,0.000090753,0.000349370,0.000082099,0.000139541,0.000071481,0.000109458,0.000073635,0.000094928
main|astana_clinic|nc10|np5|br0.25|one_heavy|ms3|r300|s1,0.000089807,0.000358476,0.000059610,0.000099282,0.000066537,0.000095041,0.000075261,0.000097712
main|astana_clinic|nc10|np5|br0.25|one_heavy|ms3|r300|s2,0.000088677,0.000338005,0.000055208,0.000083631,0.000054367,0.000063248,0.000055823,0.000066639
main|astana_clinic|nc10|np5|br0.25|one_heavy|ms3|r300|s3,0.000094464,0.000338631,0.000050197,0.000084133,0.000049550,0.000083216,0.000051374,0.000063896
main|astana_clinic|nc10|np5|br0.25|one_heavy|ms3|r300|s4,0.000093414,0.000360957,0.000070400,0.000112851,0.000071239,0.000108113,0.000065872,0.000088700
main|astana_clinic|nc10|np5|br0.25|one_heavy|ms3|r300|s5,0.000089441,0.000344963,0.000037376,0.000067774,0.000034211,0.000069903,0.000035383,0.000069714
main|astana_clinic|nc10|np5|br0.25|one_heavy|ms3|r300|s6,0.000094022,0.000343364,0.000062676,0.000096466,0.000066994,0.000100811,0.000067091,0.000097789
main|astana_clinic|nc10|np5|br0.25|one_heavy|ms3|r300|s7,0.000095218,0.000330462,0.000047938,0.000083094,0.000045798,0.000065398,0.000047299,0.000079920
main|astana_clinic|nc10|np5|br0.25|one_heavy|ms3|r300|s8,0.000089743,0.000316053,0.000063693,0.000098660,0.000057364,0.000070041,0.000060663,0.000092780
main|astana_clinic|nc10|np5|br0.25|one_heavy|ms3|r300|s9,0.000094608,0.000356719,0.000051424,0.000086389,0.000046965,0.000082298,0.000045641,0.000077008
main|astana_clinic|nc10|np5|br0.5|uniform|ms3|r300|s0,0.000092760,0.000682028,0.000062972,0.000094985,0.000057892,0.000064888,0.000060496,0.000065363
main|astana_clinic|nc10|np5|br0.5|uniform|ms3|r300|s1,0.000089031,0.000657935,0.000087339,0.000122514,0.000085453,0.000099757,0.000087848,0.000069809
main|astana_clinic|nc10|np5|br0.5|uniform|ms3|r300|s2,0.000088379,0.000656326,0.000101767,0.000132093,0.000087117,0.000066927,0.000086118,0.000062995
main|astana_clinic|nc10|np5|br0.5|uniform|ms3|r300|s3,0.000093623,0.000658264,0.000061182,0.000101195,0.000061689,0.000065686,0.000060020,0.000090498
main|astana_clinic|nc10|np5|br0.5|uniform|ms3|r300|s4,0.000089601,0.000643841,0.000061797,0.000127054,0.000061223,0.000098497,0.000060285,0.000062822
main|astana_clinic|nc10|np5|br0.5|uniform|ms3|r300|s5,0.000089588,0.000674790,0.000062277,0.000100530,0.000059362,0.000100252,0.000060827,0.000092955
main|astana_clinic|nc10|np5|br0.5|uniform|ms3|r300|s6,0.000092917,0.000685337,0.000062479,0.000114028,0.000063263,0.000071066,0.000059206,0.000067400
main|astana_clinic|nc10|np5|br0.5|uniform|ms3|r300|s7,0.000092692,0.000651681,0.000068836,0.000102418,0.000061499,0.000068291,0.000062501,0.000066712
main|astana_clinic|nc10|np5|br0.5|uniform|ms3|r300|s8,0.000096376,0.000680830,0.000087363,0.000138233,0.000088949,0.000131905,0.000091283,0.000124385
main|astana_clinic|nc10|np5|br0.5|uniform|ms3|r300|s9,0.000088419,0.000712983,0.000100453,0.000127470,0.000083381,0.000065637,0.000085448,0.000064403
main|astana_clinic|nc10|np5|br0.5|random_1_100|ms3|r300|s0,0.000089243,0.000695142,0.000062196,0.000092679,0.000063770,0.000065404,0.000060791,0.000103754
main|astana_clinic|nc10|np5|br0.5|random_1_100|ms3|r300|s1,0.000096220,0.000673519,0.000084285,0.000148457,0.000086859,0.000124496,0.000092701,0.000098440
main|astana_clinic|nc10|np5|br0.5|random_1_100|ms3|r300|s2,0.000091247,0.000675310,0.000093189,0.000137567,0.000094293,0.000100299,0.000092033,0.000091403
main|astana_clinic|nc10|np5|br0.5|random_1_100|ms3|r300|s3,0.000095455,0.000741365,0.000083854,0.000121600,0.000088917,0.000092200,0.000088978,0.000103597
main|astana_clinic|nc10|np5|br0.5|random_1_100|ms3|r300|s4,0.000089644,0.000654595,0.000085520,0.000124290,0.000084776,0.000136678,0.000089401,0.000064090
main|astana_clinic|nc10|np5|br0.5|random_1_100|ms3|r300|s5,0.000096926,0.000689604,0.000087833,0.000129101,0.000086761,0.000131477,0.000088069,0.000096282
main|astana_clinic|nc10|np5|br0.5|random_1_100|ms3|r300|s6,0.000091281,0.000670573,0.000089227,0.000130014,0.000083715,0.000061846,0.000079983,0.000091288
main|astana_clinic|nc10|np5|br0.5|random_1_100|ms3|r300|s7,0.000089700,0.000657581,0.000082609,0.000136207,0.000086001,0.000098485,0.000086807,0.000094385
main|astana_clinic|nc10|np5|br0.5|random_1_100|ms3|r300|s8,0.000092832,0.000680863,0.000061746,0.000103814,0.000063272,0.000093795,0.000062531,0.000096067
main|astana_clinic|nc10|np5|br0.5|random_1_100|ms3|r300|s9,0.000090661,0.000689856,0.000087207,0.000140864,0.000087291,0.000094937,0.000090419,0.000121456
main|astana_clinic|nc10|np5|br0.5|one_heavy|ms3|r300|s0,0.000093198,0.000664827,0.000093571,0.000133177,0.000084711,0.000120081,0.000087775,0.000121846
main|astana_clinic|nc10|np5|br0.5|one_heavy|ms3|r300|s1,0.000092719,0.000680186,0.000093192,0.000125471,0.000081811,0.000065602,0.000086263,0.000066289
main|astana_clinic|nc10|np5|br0.5|one_heavy|ms3|r300|s2,0.000098387,0.000673683,0.000087871,0.000126164,0.000095077,0.000093976,0.000087450,0.000068317
main|astana_clinic|nc10|np5|br0.5|one_heavy|ms3|r300|s3,0.000092325,0.000678190,0.000093899,0.000139130,0.000087430,0.000129695,0.000098636,0.000101606
main|astana_clinic|nc10|np5|br0.5|one_heavy|ms3|r300|s4,0.000092006,0.000689642,0.000103268,0.000135292,0.000099327,0.000126252,0.000093514,0.000097754
main|astana_clinic|nc10|np5|br0.5|one_heavy|ms3|r300|s5,0.000088463,0.000699711,0.000088473,0.000131001,0.000089470,0.000068808,0.000092717,0.000101754
main|astana_clinic|nc10|np5|br0.5|one_heavy|ms3|r300|s6,0.000092663,0.000682953,0.000079004,0.000120813,0.000078469,0.000076698,0.000071515,0.000079713
main|astana_clinic|nc10|np5|br0.5|one_heavy|ms3|r300|s7,0.000110247,0.000778300,0.000062204,0.000101327,0.000061804,0.000095736,0.000059447,0.000065147
main|astana_clinic|nc10|np5|br0.5|one_heavy|ms3|r300|s8,0.000096927,0.000690097,0.000086981,0.000136394,0.000088979,0.000118153,0.000086196,0.000122731
main|astana_clinic|nc10|np5|br0.5|one_heavy|ms3|r300|s9,0.000093235,0.000688193,0.000097694,0.000127802,0.000090148,0.000065672,0.000100836,0.000070596
main|astana_clinic|nc10|np5|br1.0|uniform|ms3|r300|s0,0.000101671,0.000646729,0.000065703,0.000101916,0.000069948,0.000073684,0.000063380,0.000073279
main|astana_clinic|nc10|np5|br1.0|uniform|ms3|r300|s1,0.000095593,0.000660289,0.000087004,0.000122150,0.000090154,0.000125423,0.000092214,0.000093550
main|astana_clinic|nc10|np5|br1.0|uniform|ms3|r300|s2,0.000101725,0.000667441,0.000096839,0.000121543,0.000087914,0.000134936,0.000092365,0.000099199
main|astana_clinic|nc10|np5|br1.0|uniform|ms3|r300|s3,0.000096277,0.000634458,0.000089651,0.000126175,0.000083907,0.000098399,0.000088149,0.000070168
main|astana_clinic|nc10|np5|br1.0|uniform|ms3|r300|s4,0.000089525,0.000664978,0.000095547,0.000141006,0.000091651,0.000139967,0.000091824,0.000133173
main|astana_clinic|nc10|np5|br1.0|uniform|ms3|r300|s5,0.000101044,0.000703954,0.000095419,0.000125894,0.000088492,0.000101141,0.000088857,0.000099868
main|astana_clinic|nc10|np5|br1.0|uniform|ms3|r300|s6,0.000090126,0.000656377,0.000089463,0.000131427,0.000091857,0.000097384,0.000084861,0.000098374
main|astana_clinic|nc10|np5|br1.0|uniform|ms3|r300|s7,0.000091151,0.000676719,0.000087202,0.000133843,0.000091074,0.000092581,0.000088751,0.000093042
main|astana_clinic|nc10|np5|br1.0|uniform|ms3|r300|s8,0.000092094,0.000684615,0.000102158,0.000134242,0.000089492,0.000130800,0.000086780,0.000091424
main|astana_clinic|nc10|np5|br1.0|uniform|ms3|r300|s9,0.000090897,0.000674634,0.000084466,0.000137586,0.000084859,0.000133971,0.000083885,0.000127271
main|astana_clinic|nc10|np5|br1.0|random_1_100|ms3|r300|s0,0.000090161,0.000684051,0.000064283,0.000095148,0.000061928,0.000064570,0.000059200,0.000063766
main|astana_clinic|nc10|np5|br1.0|random_1_100|ms3|r300|s1,0.000091508,0.000658240,0.000067817,0.000101204,0.000060376,0.000062401,0.000063525,0.000063969
main|astana_clinic|nc10|np5|br1.0|random_1_100|ms3|r300|s2,0.000092072,0.000695924,0.000068405,0.000122494,0.000059433,0.000129054,0.000060035,0.000066155
main|astana_clinic|nc10|np5|br1.0|random_1_100|ms3|r300|s3,0.000089797,0.000679209,0.000089573,0.000132092,0.000089407,0.000065618,0.000092270,0.000068980
main|astana_clinic|nc10|np5|br1.0|random_1_100|ms3|r300|s4,0.000092329,0.000663145,0.000086987,0.000148579,0.000089937,0.000130574,0.000091313,0.000068879
main|astana_clinic|nc10|np5|br1.0|random_1_100|ms3|r300|s5,0.000092642,0.000669591,0.000087717,0.000140850,0.000087035,0.000126778,0.000092560,0.000100776
main|astana_clinic|nc10|np5|br1.0|random_1_100|ms3|r300|s6,0.000091045,0.000679916,0.000086650,0.000126227,0.000087061,0.000130482,0.000086852,0.000127714
main|astana_clinic|nc10|np5|br1.0|random_1_100|ms3|r300|s7,0.000092001,0.000664223,0.000086399,0.000119573,0.000088719,0.000096762,0.000089258,0.000069421
main|astana_clinic|nc10|np5|br1.0|random_1_100|ms3|r300|s8,0.000097202,0.000650514,0.000089410,0.000147151,0.000086146,0.000126744,0.000089317,0.000095341
main|astana_clinic|nc10|np5|br1.0|random_1_100|ms3|r300|s9,0.000089531,0.000681886,0.000088757,0.000129570,0.000082954,0.000122902,0.000088585,0.000125143
main|astana_clinic|nc10|np5|br1.0|one_heavy|ms3|r300|s0,0.000098831,0.000675166,0.000067279,0.000093057,0.000060172,0.000097590,0.000062180,0.000069365
main|astana_clinic|nc10|np5|br1.0|one_heavy|ms3|r300|s1,0.000089499,0.000659480,0.000034084,0.000064665,0.000035320,0.000064153,0.000033204,0.000067682
main|astana_clinic|nc10|np5|br1.0|one_heavy|ms3|r300|s2,0.000096207,0.000669540,0.000092338,0.000142814,0.000088840,0.000132066,0.000083883,0.000125403
main|astana_clinic|nc10|np5|br1.0|one_heavy|ms3|r300|s3,0.000088935,0.000667499,0.000087156,0.000142647,0.000090080,0.000126844,0.000089381,0.000137529
main|astana_clinic|nc10|np5|br1.0|one_heavy|ms3|r300|s4,0.000093420,0.000642253,0.000034989,0.000064500,0.000035158,0.000068964,0.000038851,0.000067232
main|astana_clinic|nc10|np5|br1.0|one_heavy|ms3|r300|s5,0.000090263,0.000680806,0.000034962,0.000070464,0.000034847,0.000065100,0.000035535,0.000066215
main|astana_clinic|nc10|np5|br1.0|one_heavy|ms3|r300|s6,0.000091991,0.000660621,0.000089310,0.000130947,0.000087424,0.000065263,0.000090527,0.000122010
main|astana_clinic|nc10|np5|br1.0|one_heavy|ms3|r300|s7,0.000088792,0.000671216,0.000085634,0.000126911,0.000090399,0.000118139,0.000085558,0.000134113
main|astana_clinic|nc10|np5|br1.0|one_heavy|ms3|r300|s8,0.000090642,0.000667847,0.000085886,0.000140687,0.000086780,0.000125207,0.000086618,0.000092114
main|astana_clinic|nc10|np5|br1.0|one_heavy|ms3|r300|s9,0.000089947,0.000661012,0.000061616,0.000124730,0.000061094,0.000064871,0.000060622,0.000064602
main|astana_clinic|nc10|np15|br0.25|uniform|ms3|r300|s0,0.000258875,0.000356571,0.000086384,0.000164425,0.000083956,0.000128961,0.000088250,0.000160613
main|astana_clinic|nc10|np15|br0.25|uniform|ms3|r300|s1,0.000252450,0.000381673,0.000097756,0.000172324,0.000096985,0.000088100,0.000094487,0.000131344
main|astana_clinic|nc10|np15|br0.25|uniform|ms3|r300|s2,0.000247782,0.000403292,0.000104842,0.000184514,0.000101775,0.000161708,0.000109520,0.000159538
main|astana_clinic|nc10|np15|br0.25|uniform|ms3|r300|s3,0.000263923,0.000391560,0.000069385,0.000159549,0.000068630,0.000119711,0.000071039,0.000153688
main|astana_clinic|nc10|np15|br0.25|uniform|ms3|r300|s4,0.000256961,0.000423956,0.000083268,0.000173200,0.000066055,0.000122214,0.000111795,0.000164497
main|astana_clinic|nc10|np15|br0.25|uniform|ms3|r300|s5,0.000258612,0.000410145,0.000090733,0.000211481,0.000111721,0.000178050,0.000092520,0.000191541
main|astana_clinic|nc10|np15|br0.25|uniform|ms3|r300|s6,0.000257229,0.000437356,0.000096585,0.000170623,0.000067481,0.000107020,0.000106134,0.000158247
main|astana_clinic|nc10|np15|br0.25|uniform|ms3|r300|s7,0.000260074,0.000398774,0.000103995,0.000161075,0.000103544,0.000133858,0.000106155,0.000153056
main|astana_clinic|nc10|np15|br0.25|uniform|ms3|r300|s8,0.000259148,0.000373690,0.000108737,0.000150558,0.000101528,0.000135016,0.000104854,0.000156482
main|astana_clinic|nc10|np15|br0.25|uniform|ms3|r300|s9,0.000259501,0.000420962,0.000049119,0.000090682,0.000048091,0.000092748,0.000048134,0.000090138
main|astana_clinic|nc10|np15|br0.25|random_1_100|ms3|r300|s0,0.000256430,0.000445779,0.000081759,0.000154624,0.000081200,0.000096302,0.000094705,0.000133201
main|astana_clinic|nc10|np15|br0.25|random_1_100|ms3|r300|s1,0.000262199,0.000409159,0.000074014,0.000135930,0.000067355,0.000109174,0.000076224,0.000109238
main|astana_clinic|nc10|np15|br0.25|random_1_100|ms3|r300|s2,0.000254135,0.000349037,0.000079679,0.000160818,0.000077058,0.000135998,0.000077575,0.000141665
main|astana_clinic|nc10|np15|br0.25|random_1_100|ms3|r300|s3,0.000255709,0.000407632,0.000074541,0.000134708,0.000076337,0.000131362,0.000080885,0.000126813
main|astana_clinic|nc10|np15|br0.25|random_1_100|ms3|r300|s4,0.000255600,0.000434079,0.000102962,0.000175766,0.000106155,0.000151493,0.000103139,0.000160855
main|astana_clinic|nc10|np15|br0.25|random_1_100|ms3|r300|s5,0.000260953,0.000422659,0.000083840,0.000167357,0.000119154,0.000176095,0.000077542,0.000158956
main|astana_clinic|nc10|np15|br0.25|random_1_100|ms3|r300|s6,0.000262474,0.000412510,0.000084388,0.000149605,0.000080926,0.000134856,0.000092066,0.000142429
main|astana_clinic|nc10|np15|br0.25|random_1_100|ms3|r300|s7,0.000259385,0.000350524,0.000102618,0.000176431,0.000101748,0.000145460,0.000102901,0.000168137
main|astana_clinic|nc10|np15|br0.25|random_1_100|ms3|r300|s8,0.000253086,0.000397278,0.000080370,0.000144410,0.000080768,0.000152201,0.000079472,0.000130316
main|astana_clinic|nc10|np15|br0.25|random_1_100|ms3|r300|s9,0.000251754,0.000393549,0.000105297,0.000148630,0.000089252,0.000125856,0.000096837,0.000127523
main|astana_clinic|nc10|np15|br0.25|one_heavy|ms3|r300|s0,0.000252263,0.000403345,0.000112957,0.000182072,0.000108768,0.000139001,0.000102681,0.000157078
main|astana_clinic|nc10|np15|br0.25|one_heavy|ms3|r300|s1,0.000252464,0.000392379,0.000095436,0.000173712,0.000078002,0.000111810,0.000103458,0.000165185
main|astana_clinic|nc10|np15|br0.25|one_heavy|ms3|r300|s2,0.000256486,0.000409973,0.000080302,0.000156317,0.000096350,0.000139910,0.000078976,0.000157728
main|astana_clinic|nc10|np15|br0.25|one_heavy|ms3|r300|s3,0.000245993,0.000379507,0.000091971,0.000150869,0.000071816,0.000114756,0.000089123,0.000142597
main|astana_clinic|nc10|np15|br0.25|one_heavy|ms3|r300|s4,0.000259648,0.000396184,0.000065101,0.000120756,0.000065022,0.000108739,0.000063990,0.000121457
main|astana_clinic|nc10|np15|br0.25|one_heavy|ms3|r300|s5,0.000253541,0.000374469,0.000090256,0.000158491,0.000088585,0.000095520,0.000095421,0.000144224
main|astana_clinic|nc10|np15|br0.25|one_heavy|ms3|r300|s6,0.000256769,0.000372071,0.000088999,0.000153674,0.000092118,0.000133458,0.000098091,0.000152408
main|astana_clinic|nc10|np15|br0.25|one_heavy|ms3|r300|s7,0.000255438,0.000376810,0.000090418,0.000176442,0.000098829,0.000134783,0.000091327,0.000178614
main|astana_clinic|nc10|np15|br0.25|one_heavy|ms3|r300|s8,0.000255662,0.000396123,0.000105718,0.000163567,0.000094198,0.000149525,0.000103253,0.000157868
main|astana_clinic|nc10|np15|br0.25|one_heavy|ms3|r300|s9,0.000252615,0.000480952,0.000082812,0.000159301,0.000081956,0.000154979,0.000077372,0.000129675
main|astana_clinic|nc10|np15|br0.5|uniform|ms3|r300|s0,0.000272195,0.000838711,0.000120557,0.000181286,0.000117634,0.000091318,0.000118753,0.000132840
main|astana_clinic|nc10|np15|br0.5|uniform|ms3|r300|s1,0.000258008,0.000851594,0.000123237,0.000182321,0.000120511,0.000138525,0.000118641,0.000179461
main|astana_clinic|nc10|np15|br0.5|uniform|ms3|r300|s2,0.000249749,0.000823082,0.000114280,0.000190672,0.000116985,0.000137187,0.000119982,0.000176510
main|astana_clinic|nc10|np15|br0.5|uniform|ms3|r300|s3,0.000253158,0.000795254,0.000118054,0.000181080,0.000115001,0.000090959,0.000117550,0.000125901
main|astana_clinic|nc10|np15|br0.5|uniform|ms3|r300|s4,0.000250977,0.000838398,0.000121468,0.000196674,0.000118081,0.000183350,0.000119690,0.000185930
main|astana_clinic|nc10|np15|br0.5|uniform|ms3|r300|s5,0.000259441,0.000837842,0.000122991,0.000180613,0.000148939,0.000180192,0.000122600,0.000171249
main|astana_clinic|nc10|np15|br0.5|uniform|ms3|r300|s6,0.000284444,0.000820551,0.000129558,0.000196092,0.000120913,0.000090756,0.000132252,0.000177412
main|astana_clinic|nc10|np15|br0.5|uniform|ms3|r300|s7,0.000251694,0.000813694,0.000118652,0.000186514,0.000120184,0.000131100,0.000122759,0.000090208
main|astana_clinic|nc10|np15|br0.5|uniform|ms3|r300|s8,0.000258944,0.000834399,0.000127225,0.000187812,0.000129689,0.000143457,0.000121307,0.000177902
main|astana_clinic|nc10|np15|br0.5|uniform|ms3|r300|s9,0.000260256,0.000835100,0.000130753,0.000184091,0.000122675,0.000179339,0.000128060,0.000132505
main|astana_clinic|nc10|np15|br0.5|random_1_100|ms3|r300|s0,0.000256531,0.000825061,0.000122577,0.000183556,0.000118830,0.000092125,0.000117490,0.000131703
main|astana_clinic|nc10|np15|br0.5|random_1_100|ms3|r300|s1,0.000272682,0.000831110,0.000125073,0.000195289,0.000122555,0.000139840,0.000120444,0.000178782
main|astana_clinic|nc10|np15|br0.5|random_1_100|ms3|r300|s2,0.000256437,0.000828722,0.000125537,0.000177607,0.000126298,0.000177876,0.000118864,0.000177380
main|astana_clinic|nc10|np15|br0.5|random_1_100|ms3|r300|s3,0.000261794,0.000830711,0.000123752,0.000199747,0.000125113,0.000177443,0.000121769,0.000197281
main|astana_clinic|nc10|np15|br0.5|random_1_100|ms3|r300|s4,0.000257055,0.000839595,0.000119798,0.000197100,0.000121346,0.000206903,0.000125498,0.000180230
main|astana_clinic|nc10|np15|br0.5|random_1_100|ms3|r300|s5,0.000258139,0.000867890,0.000121868,0.000186919,0.000123443,0.000129706,0.000125255,0.000133460
main|astana_clinic|nc10|np15|br0.5|random_1_100|ms3|r300|s6,0.000285824,0.000870744,0.000134977,0.000201932,0.000128605,0.000138290,0.000127092,0.000200863
main|astana_clinic|nc10|np15|br0.5|random_1_100|ms3|r300|s7,0.000253915,0.000830758,0.000122628,0.000198601,0.000117209,0.000137388,0.000119827,0.000128006
main|astana_clinic|nc10|np15|br0.5|random_1_100|ms3|r300|s8,0.000255503,0.000826520,0.000112062,0.000193319,0.000110400,0.000172008,0.000114485,0.000138918
main|astana_clinic|nc10|np15|br0.5|random_1_100|ms3|r300|s9,0.000257595,0.000816327,0.000124153,0.000185607,0.000122321,0.000165743,0.000125024,0.000177233
main|astana_clinic|nc10|np15|br0.5|one_heavy|ms3|r300|s0,0.000334377,0.000991871,0.000121442,0.000221240,0.000120782,0.000135286,0.000122761,0.000185226
main|astana_clinic|nc10|np15|br0.5|one_heavy|ms3|r300|s1,0.000254671,0.000838016,0.000122767,0.000220410,0.000122200,0.000173469,0.000116167,0.000179545
main|astana_clinic|nc10|np15|br0.5|one_heavy|ms3|r300|s2,0.000261106,0.000833892,0.000124869,0.000187250,0.000128045,0.000089499,0.000119475,0.000170661
main|astana_clinic|nc10|np15|br0.5|one_heavy|ms3|r300|s3,0.000257257,0.000835731,0.000130936,0.000188295,0.000121385,0.000091651,0.000124851,0.000169306
main|astana_clinic|nc10|np15|br0.5|one_heavy|ms3|r300|s4,0.000257404,0.000834866,0.000130511,0.000173313,0.000122279,0.000167968,0.000124465,0.000142122
main|astana_clinic|nc10|np15|br0.5|one_heavy|ms3|r300|s5,0.000258217,0.000803870,0.000120306,0.000182404,0.000117988,0.000133530,0.000121226,0.000130106
main|astana_clinic|nc10|np15|br0.5|one_heavy|ms3|r300|s6,0.000269260,0.000826641,0.000104194,0.000133286,0.000084069,0.000130138,0.000085083,0.000095057
main|astana_clinic|nc10|np15|br0.5|one_heavy|ms3|r300|s7,0.000261080,0.000828007,0.000121761,0.000185514,0.000128257,0.000200319,0.000158908,0.000259934
main|astana_clinic|nc10|np15|br0.5|one_heavy|ms3|r300|s8,0.000262959,0.000821936,0.000137401,0.000180780,0.000120290,0.000138505,0.000119930,0.000177270
main|astana_clinic|nc10|np15|br0.5|one_heavy|ms3|r300|s9,0.000280766,0.000816996,0.000121232,0.000175579,0.000123685,0.000088329,0.000129065,0.000133952
main|astana_clinic|nc10|np15|br1.0|uniform|ms3|r300|s0,0.000252459,0.000845129,0.000119695,0.000189833,0.000118807,0.000168496,0.000127397,0.000181277
main|astana_clinic|nc10|np15|br1.0|uniform|ms3|r300|s1,0.000255460,0.000845656,0.000115149,0.000187343,0.000118446,0.000130847,0.000118134,0.000174496
main|astana_clinic|nc10|np15|br1.0|uniform|ms3|r300|s2,0.000266983,0.000792125,0.000134409,0.000225577,0.000125505,0.000208432,0.000129672,0.000217836
main|astana_clinic|nc10|np15|br1.0|uniform|ms3|r300|s3,0.000280834,0.000898889,0.000121534,0.000200195,0.000126000,0.000141333,0.000117792,0.000181396
main|astana_clinic|nc10|np15|br1.0|uniform|ms3|r300|s4,0.000286398,0.000921614,0.000121285,0.000204012,0.000122624,0.000137115,0.000121589,0.000175918
main|astana_clinic|nc10|np15|br1.0|uniform|ms3|r300|s5,0.000253295,0.000998370,0.000136379,0.000188880,0.000129487,0.000157990,0.000136766,0.000154331
main|astana_clinic|nc10|np15|br1.0|uniform|ms3|r300|s6,0.000264461,0.000821837,0.000126771,0.000214404,0.000120346,0.000194638,0.000141744,0.000096752
main|astana_clinic|nc10|np15|br1.0|uniform|ms3|r300|s7,0.000261007,0.000891024,0.000117727,0.000194927,0.000116821,0.000165993,0.000121987,0.000175406
main|astana_clinic|nc10|np15|br1.0|uniform|ms3|r300|s8,0.000269969,0.000896322,0.000089552,0.000198898,0.000094814,0.000139407,0.000107587,0.000185319
main|astana_clinic|nc10|np15|br1.0|uniform|ms3|r300|s9,0.000272527,0.000991030,0.000152372,0.000219079,0.000135884,0.000193070,0.000126691,0.000178781
main|astana_clinic|nc10|np15|br1.0|random_1_100|ms3|r300|s0,0.000272861,0.000912510,0.000134742,0.000190523,0.000122723,0.000195714,0.000132820,0.000222739
main|astana_clinic|nc10|np15|br1.0|random_1_100|ms3|r300|s1,0.000298933,0.000860550,0.000120251,0.000183169,0.000122178,0.000180308,0.000162814,0.000154025
main|astana_clinic|nc10|np15|br1.0|random_1_100|ms3|r300|s2,0.000403046,0.000902618,0.000125571,0.000192522,0.000120915,0.000193356,0.000136020,0.000199530
main|astana_clinic|nc10|np15|br1.0|random_1_100|ms3|r300|s3,0.000269558,0.000856041,0.000120261,0.000177660,0.000119017,0.000087577,0.000119380,0.000133609
main|astana_clinic|nc10|np15|br1.0|random_1_100|ms3|r300|s4,0.000267442,0.000921558,0.000122960,0.000213838,0.000120325,0.000088385,0.000119792,0.000180574
main|astana_clinic|nc10|np15|br1.0|random_1_100|ms3|r300|s5,0.000275102,0.000829703,0.000162520,0.000210809,0.000144169,0.000185195,0.000132514,0.000164479
main|astana_clinic|nc10|np15|br1.0|random_1_100|ms3|r300|s6,0.000266478,0.000939650,0.000135708,0.000165707,0.000118072,0.000163288,0.000116292,0.000207579
main|astana_clinic|nc10|np15|br1.0|random_1_100|ms3|r300|s7,0.000256947,0.000923106,0.000126344,0.000215739,0.000143716,0.000133813,0.000123511,0.000199594
main|astana_clinic|nc10|np15|br1.0|random_1_100|ms3|r300|s8,0.000318129,0.000979871,0.000135852,0.000241577,0.000143315,0.000118863,0.000159381,0.000205995
main|astana_clinic|nc10|np15|br1.0|random_1_100|ms3|r300|s9,0.000438030,0.000991306,0.000128439,0.000220645,0.000131032,0.000099911,0.000131139,0.000187498
main|astana_clinic|nc10|np15|br1.0|one_heavy|ms3|r300|s0,0.000274584,0.000883903,0.000171604,0.000230030,0.000140481,0.000151226,0.000128585,0.000195549
main|astana_clinic|nc10|np15|br1.0|one_heavy|ms3|r300|s1,0.000297234,0.000935031,0.000144767,0.000241083,0.000143740,0.000192775,0.000137300,0.000152386
main|astana_clinic|nc10|np15|br1.0|one_heavy|ms3|r300|s2,0.000280094,0.000912497,0.000136901,0.000253649,0.000130833,0.000145271,0.000135442,0.000163047
main|astana_clinic|nc10|np15|br1.0|one_heavy|ms3|r300|s3,0.000296536,0.000919298,0.000142551,0.000183279,0.000126914,0.000092619,0.000132043,0.000143822
main|astana_clinic|nc10|np15|br1.0|one_heavy|ms3|r300|s4,0.000265958,0.000864696,0.000127009,0.000191123,0.000134990,0.000179482,0.000143756,0.000187124
main|astana_clinic|nc10|np15|br1.0|one_heavy|ms3|r300|s5,0.000438069,0.001294128,0.000127026,0.000194238,0.000135043,0.000171508,0.000125825,0.000185265
main|astana_clinic|nc10|np15|br1.0|one_heavy|ms3|r300|s6,0.000265350,0.000986879,0.000184549,0.000292007,0.000182554,0.000202528,0.000192698,0.000265671
main|astana_clinic|nc10|np15|br1.0|one_heavy|ms3|r300|s7,0.000421462,0.000821282,0.000149193,0.000239056,0.000172972,0.000176287,0.000170919,0.000203157
main|astana_clinic|nc10|np15|br1.0|one_heavy|ms3|r300|s8,0.000265228,0.000835708,0.000196990,0.000284847,0.000191134,0.000256351,0.000191049,0.000203011
main|astana_clinic|nc10|np15|br1.0|one_heavy|ms3|r300|s9,0.000478825,0.001255666,0.000187072,0.000291878,0.000183029,0.000212117,0.000171089,0.000245902
main|astana_clinic|nc10|np25|br0.25|uniform|ms3|r300|s0,0.000754631,0.000511735,0.000122879,0.000199456,0.000115919,0.000113791,0.000124987,0.000166517
main|astana_clinic|nc10|np25|br0.25|uniform|ms3|r300|s1,0.000457143,0.000459039,0.000085296,0.000169703,0.000121631,0.000175587,0.000116180,0.000228453
main|astana_clinic|nc10|np25|br0.25|uniform|ms3|r300|s2,0.000681787,0.000682537,0.000184638,0.000282315,0.000175013,0.000276625,0.000181120,0.000282510
main|astana_clinic|nc10|np25|br0.25|uniform|ms3|r300|s3,0.000707574,0.000684685,0.000184434,0.000303050,0.000173941,0.000289182,0.000166697,0.000192762
main|astana_clinic|nc10|np25|br0.25|uniform|ms3|r300|s4,0.000436154,0.000479375,0.000105518,0.000243816,0.000104633,0.000164682,0.000105944,0.000217786
main|astana_clinic|nc10|np25|br0.25|uniform|ms3|r300|s5,0.000734723,0.000640356,0.000181655,0.000382608,0.000248440,0.000321666,0.000130292,0.000299513
main|astana_clinic|nc10|np25|br0.25|uniform|ms3|r300|s6,0.000420511,0.000653519,0.000133198,0.000214855,0.000127377,0.000193645,0.000137178,0.000266845
main|astana_clinic|nc10|np25|br0.25|uniform|ms3|r300|s7,0.000708671,0.000652738,0.000141530,0.000284751,0.000157448,0.000286971,0.000148852,0.000291295
main|astana_clinic|nc10|np25|br0.25|uniform|ms3|r300|s8,0.000707048,0.000592594,0.000149393,0.000200182,0.000130659,0.000237303,0.000150420,0.000256214
main|astana_clinic|nc10|np25|br0.25|uniform|ms3|r300|s9,0.000493326,0.000538602,0.000150765,0.000231951,0.000122475,0.000174705,0.000147736,0.000234531
main|astana_clinic|nc10|np25|br0.25|random_1_100|ms3|r300|s0,0.000464138,0.000504166,0.000112033,0.000186400,0.000099822,0.000143062,0.000102431,0.000190794
main|astana_clinic|nc10|np25|br0.25|random_1_100|ms3|r300|s1,0.000454470,0.000492769,0.000138714,0.000223960,0.000110705,0.000219344,0.000134135,0.000194169
main|astana_clinic|nc10|np25|br0.25|random_1_100|ms3|r300|s2,0.000468148,0.000506025,0.000156560,0.000249059,0.000158248,0.000222664,0.000099558,0.000210369
main|astana_clinic|nc10|np25|br0.25|random_1_100|ms3|r300|s3,0.000449535,0.000619158,0.000090426,0.000211875,0.000092719,0.000147451,0.000083974,0.000138992
main|astana_clinic|nc10|np25|br0.25|random_1_100|ms3|r300|s4,0.000474595,0.000506995,0.000117157,0.000206231,0.000105451,0.000164056,0.000080945,0.000200268
main|astana_clinic|nc10|np25|br0.25|random_1_100|ms3|r300|s5,0.000443926,0.000494949,0.000133257,0.000219036,0.000130105,0.000178269,0.000153080,0.000250706
main|astana_clinic|nc10|np25|br0.25|random_1_100|ms3|r300|s6,0.000485552,0.000550946,0.000084800,0.000192955,0.000110194,0.000143907,0.000079207,0.000148162
main|astana_clinic|nc10|np25|br0.25|random_1_100|ms3|r300|s7,0.000440750,0.000464987,0.000132324,0.000249163,0.000131803,0.000122526,0.000127734,0.000230451
main|astana_clinic|nc10|np25|br0.25|random_1_100|ms3|r300|s8,0.000487647,0.000530455,0.000143024,0.000237847,0.000147277,0.000114455,0.000142001,0.000169509
main|astana_clinic|nc10|np25|br0.25|random_1_100|ms3|r300|s9,0.000435977,0.000516861,0.000117602,0.000221698,0.000102840,0.000151031,0.000139722,0.000212812
main|astana_clinic|nc10|np25|br0.25|one_heavy|ms3|r300|s0,0.000470239,0.000511068,0.000156120,0.000236160,0.000140533,0.000119770,0.000140663,0.000225269
main|astana_clinic|nc10|np25|br0.25|one_heavy|ms3|r300|s1,0.000446594,0.000496324,0.000112013,0.000198233,0.000113489,0.000175906,0.000109068,0.000195672
main|astana_clinic|nc10|np25|br0.25|one_heavy|ms3|r300|s2,0.000443925,0.000522321,0.000154425,0.000256803,0.000115794,0.000176306,0.000118898,0.000179365
main|astana_clinic|nc10|np25|br0.25|one_heavy|ms3|r300|s3,0.000446954,0.000522598,0.000135048,0.000240822,0.000120909,0.000201018,0.000123448,0.000231026
main|astana_clinic|nc10|np25|br0.25|one_heavy|ms3|r300|s4,0.000445742,0.000501380,0.000103012,0.000213049,0.000095933,0.000152736,0.000102156,0.000231405
main|astana_clinic|nc10|np25|br0.25|one_heavy|ms3|r300|s5,0.000447443,0.000443356,0.000129421,0.000213856,0.000115714,0.000181319,0.000118983,0.000178801
main|astana_clinic|nc10|np25|br0.25|one_heavy|ms3|r300|s6,0.000474798,0.000439005,0.000118122,0.000198739,0.000122730,0.000184088,0.000110421,0.000193261
main|astana_clinic|nc10|np25|br0.25|one_heavy|ms3|r300|s7,0.000447191,0.000519453,0.000078628,0.000208081,0.000095346,0.000153652,0.000074337,0.000173746
main|astana_clinic|nc10|np25|br0.25|one_heavy|ms3|r300|s8,0.000436787,0.000436839,0.000127134,0.000206336,0.000122253,0.000223748,0.000115874,0.000194848
main|astana_clinic|nc10|np25|br0.25|one_heavy|ms3|r300|s9,0.000443608,0.000573098,0.000120584,0.000183928,0.000120611,0.000135314,0.000131783,0.000183797
main|astana_clinic|nc10|np25|br0.5|uniform|ms3|r300|s0,0.000444491,0.001021628,0.000166624,0.000276154,0.000159965,0.000119913,0.000156984,0.000172602
main|astana_clinic|nc10|np25|br0.5|uniform|ms3|r300|s1,0.000462697,0.001032810,0.000153829,0.000257610,0.000152341,0.000221100,0.000153932,0.000232193
main|astana_clinic|nc10|np25|br0.5|uniform|ms3|r300|s2,0.000445537,0.001029857,0.000153897,0.000246332,0.000158529,0.000119575,0.000163346,0.000238994
main|astana_clinic|nc10|np25|br0.5|uniform|ms3|r300|s3,0.000446494,0.001019156,0.000175233,0.000249945,0.000164456,0.000175580,0.000163875,0.000272553
main|astana_clinic|nc10|np25|br0.5|uniform|ms3|r300|s4,0.000451865,0.001049043,0.000159584,0.000255800,0.000152757,0.000186009,0.000162086,0.000242063
main|astana_clinic|nc10|np25|br0.5|uniform|ms3|r300|s5,0.000448048,0.001069659,0.000160147,0.000246930,0.000156006,0.000178648,0.000159181,0.000232953
main|astana_clinic|nc10|np25|br0.5|uniform|ms3|r300|s6,0.000473249,0.001047009,0.000152630,0.000232243,0.000160986,0.000169608,0.000154367,0.000228202
main|astana_clinic|nc10|np25|br0.5|uniform|ms3|r300|s7,0.000460236,0.001075934,0.000170624,0.000267909,0.000168985,0.000238930,0.000169466,0.000268127
main|astana_clinic|nc10|np25|br0.5|uniform|ms3|r300|s8,0.000441104,0.001043815,0.000167404,0.000268179,0.000167221,0.000124944,0.000162810,0.000234155
main|astana_clinic|nc10|np25|br0.5|uniform|ms3|r300|s9,0.000443877,0.001027156,0.000163076,0.000270994,0.000160169,0.000223750,0.000160748,0.000261077
main|astana_clinic|nc10|np25|br0.5|random_1_100|ms3|r300|s0,0.000456722,0.001005375,0.000154420,0.000249551,0.000154287,0.000225497,0.000154603,0.000233138
main|astana_clinic|nc10|np25|br0.5|random_1_100|ms3|r300|s1,0.000442702,0.001054886,0.000164438,0.000253543,0.000161773,0.000174700,0.000161166,0.000175137
main|astana_clinic|nc10|np25|br0.5|random_1_100|ms3|r300|s2,0.000451474,0.001071084,0.000160005,0.000296752,0.000166389,0.000289507,0.000158334,0.000260282
main|astana_clinic|nc10|np25|br0.5|random_1_100|ms3|r300|s3,0.000446560,0.001001050,0.000161345,0.000238639,0.000156564,0.000137059,0.000153648,0.000215308
main|astana_clinic|nc10|np25|br0.5|random_1_100|ms3|r300|s4,0.000473534,0.001036404,0.000168829,0.000258972,0.000147914,0.000236848,0.000161164,0.000237581
main|astana_clinic|nc10|np25|br0.5|random_1_100|ms3|r300|s5,0.000472493,0.001019788,0.000159857,0.000252498,0.000158881,0.000222616,0.000158010,0.000176005
main|astana_clinic|nc10|np25|br0.5|random_1_100|ms3|r300|s6,0.000475559,0.001012587,0.000185919,0.000237987,0.000153593,0.000177734,0.000156211,0.000236002
main|astana_clinic|nc10|np25|br0.5|random_1_100|ms3|r300|s7,0.000456256,0.001056998,0.000156785,0.000264816,0.000156821,0.000240100,0.000159433,0.000220706
main|astana_clinic|nc10|np25|br0.5|random_1_100|ms3|r300|s8,0.000481334,0.001063020,0.000161848,0.000262805,0.000163854,0.000176225,0.000165096,0.000228388
main|astana_clinic|nc10|np25|br0.5|random_1_100|ms3|r300|s9,0.000467569,0.001005872,0.000154329,0.000235124,0.000156272,0.000169063,0.000161884,0.000253407
main|astana_clinic|nc10|np25|br0.5|one_heavy|ms3|r300|s0,0.000445055,0.001087143,0.000159034,0.000260047,0.000153452,0.000230197,0.000155122,0.000171345
main|astana_clinic|nc10|np25|br0.5|one_heavy|ms3|r300|s1,0.000455100,0.001073566,0.000158153,0.000237005,0.000152290,0.000179303,0.000158336,0.000227498
main|astana_clinic|nc10|np25|br0.5|one_heavy|ms3|r300|s2,0.000486464,0.001052053,0.000164285,0.000261247,0.000163627,0.000119973,0.000166001,0.000241106
main|astana_clinic|nc10|np25|br0.5|one_heavy|ms3|r300|s3,0.000482751,0.001009305,0.000157602,0.000255301,0.000155426,0.000227631,0.000157968,0.000259364
main|astana_clinic|nc10|np25|br0.5|one_heavy|ms3|r300|s4,0.000447305,0.001077627,0.000164226,0.000247337,0.000158952,0.000232372,0.000161050,0.000236599
main|astana_clinic|nc10|np25|br0.5|one_heavy|ms3|r300|s5,0.000456136,0.001030115,0.000157140,0.000250936,0.000155775,0.000168677,0.000159680,0.000231946
main|astana_clinic|nc10|np25|br0.5|one_heavy|ms3|r300|s6,0.000443444,0.001019443,0.000158635,0.000244041,0.000162333,0.000121382,0.000184392,0.000175741
main|astana_clinic|nc10|np25|br0.5|one_heavy|ms3|r300|s7,0.000504430,0.001049080,0.000156865,0.000246055,0.000152893,0.000227034,0.000156681,0.000232096
main|astana_clinic|nc10|np25|br0.5|one_heavy|ms3|r300|s8,0.000465134,0.001002461,0.000150048,0.000224752,0.000158960,0.000116398,0.000155772,0.000232994
main|astana_clinic|nc10|np25|br0.5|one_heavy|ms3|r300|s9,0.000501850,0.001116610,0.000160600,0.000287560,0.000159265,0.000229580,0.000160052,0.000226422
main|astana_clinic|nc10|np25|br1.0|uniform|ms3|r300|s0,0.000472742,0.001019477,0.000162650,0.000248382,0.000155806,0.000174605,0.000166197,0.000239574
main|astana_clinic|nc10|np25|br1.0|uniform|ms3|r300|s1,0.000456067,0.001067696,0.000163207,0.000292045,0.000158534,0.000177812,0.000161212,0.000225834
main|astana_clinic|nc10|np25|br1.0|uniform|ms3|r300|s2,0.000461798,0.001053362,0.000174070,0.000263468,0.000167366,0.000179437,0.000160709,0.000278168
main|astana_clinic|nc10|np25|br1.0|uniform|ms3|r300|s3,0.000468248,0.001048902,0.000172134,0.000300005,0.000192851,0.000118328,0.000155501,0.000249514
main|astana_clinic|nc10|np25|br1.0|uniform|ms3|r300|s4,0.000461624,0.001048025,0.000158042,0.000244614,0.000156190,0.000224661,0.000158077,0.000250784
main|astana_clinic|nc10|np25|br1.0|uniform|ms3|r300|s5,0.000440355,0.001004067,0.000162385,0.000243462,0.000170335,0.000221130,0.000159570,0.000228486
main|astana_clinic|nc10|np25|br1.0|uniform|ms3|r300|s6,0.000452526,0.001032879,0.000160135,0.000253274,0.000159153,0.000232691,0.000168327,0.000234258
main|astana_clinic|nc10|np25|br1.0|uniform|ms3|r300|s7,0.000457980,0.000997289,0.000162625,0.000242592,0.000154103,0.000234932,0.000158109,0.000231757
main|astana_clinic|nc10|np25|br1.0|uniform|ms3|r300|s8,0.000451830,0.001007301,0.000158713,0.000240116,0.000156020,0.000173951,0.000153706,0.000262900
main|astana_clinic|nc10|np25|br1.0|uniform|ms3|r300|s9,0.000467126,0.001053209,0.000154462,0.000239532,0.000158641,0.000167346,0.000158901,0.000230689
main|astana_clinic|nc10|np25|br1.0|random_1_100|ms3|r300|s0,0.000441238,0.001023165,0.000156597,0.000262770,0.000156822,0.000216747,0.000157923,0.000172085
main|astana_clinic|nc10|np25|br1.0|random_1_100|ms3|r300|s1,0.000461911,0.001007094,0.000162824,0.000235411,0.000155116,0.000174657,0.000160453,0.000233204
main|astana_clinic|nc10|np25|br1.0|random_1_100|ms3|r300|s2,0.000474435,0.001028757,0.000157791,0.000237263,0.000150699,0.000241509,0.000197158,0.000225063
main|astana_clinic|nc10|np25|br1.0|random_1_100|ms3|r300|s3,0.000448474,0.001067828,0.000156944,0.000265800,0.000156033,0.000177645,0.000159390,0.000242676
main|astana_clinic|nc10|np25|br1.0|random_1_100|ms3|r300|s4,0.000464722,0.001013130,0.000156630,0.000237404,0.000155467,0.000221263,0.000153658,0.000235868
main|astana_clinic|nc10|np25|br1.0|random_1_100|ms3|r300|s5,0.000447735,0.001035831,0.000159564,0.000265776,0.000149203,0.000225300,0.000165159,0.000243705
main|astana_clinic|nc10|np25|br1.0|random_1_100|ms3|r300|s6,0.000468526,0.001050362,0.000153058,0.000249616,0.000156598,0.000183845,0.000153189,0.000220552
main|astana_clinic|nc10|np25|br1.0|random_1_100|ms3|r300|s7,0.000448965,0.001017200,0.000158059,0.000229488,0.000159276,0.000167363,0.000157945,0.000171317
main|astana_clinic|nc10|np25|br1.0|random_1_100|ms3|r300|s8,0.000471343,0.001073526,0.000165263,0.000243735,0.000153369,0.000118959,0.000168663,0.000233951
main|astana_clinic|nc10|np25|br1.0|random_1_100|ms3|r300|s9,0.000444176,0.001041858,0.000157046,0.000246724,0.000156577,0.000231864,0.000154667,0.000226414
main|astana_clinic|nc10|np25|br1.0|one_heavy|ms3|r300|s0,0.000465629,0.001014045,0.000161770,0.000241535,0.000160053,0.000227838,0.000161313,0.000231945
main|astana_clinic|nc10|np25|br1.0|one_heavy|ms3|r300|s1,0.000449359,0.001024340,0.000161046,0.000254650,0.000155044,0.000222197,0.000158272,0.000229489
main|astana_clinic|nc10|np25|br1.0|one_heavy|ms3|r300|s2,0.000466959,0.001043300,0.000158618,0.000252790,0.000155259,0.000117891,0.000157512,0.000233111
main|astana_clinic|nc10|np25|br1.0|one_heavy|ms3|r300|s3,0.000448196,0.001019011,0.000156241,0.000257155,0.000163491,0.000219616,0.000157980,0.000241125
main|astana_clinic|nc10|np25|br1.0|one_heavy|ms3|r300|s4,0.000448700,0.001005192,0.000156878,0.000251781,0.000155929,0.000116910,0.000160372,0.000224891
main|astana_clinic|nc10|np25|br1.0|one_heavy|ms3|r300|s5,0.000465015,0.001043049,0.000160385,0.000264111,0.000155645,0.000228650,0.000164722,0.000254378
main|astana_clinic|nc10|np25|br1.0|one_heavy|ms3|r300|s6,0.000445372,0.001023641,0.000168573,0.000254405,0.000152777,0.000219338,0.000154300,0.000234440
main|astana_clinic|nc10|np25|br1.0|one_heavy|ms3|r300|s7,0.000457153,0.001022980,0.000158724,0.000252394,0.000154021,0.000233841,0.000163098,0.000231228
main|astana_clinic|nc10|np25|br1.0|one_heavy|ms3|r300|s8,0.000440657,0.001064118,0.000155041,0.000246145,0.000161047,0.000222403,0.000158143,0.000229159
main|astana_clinic|nc10|np25|br1.0|one_heavy|ms3|r300|s9,0.000454828,0.001016425,0.000166505,0.000277560,0.000160979,0.000176238,0.000160816,0.000264047
main|astana_clinic|nc16|np5|br0.25|uniform|ms3|r300|s0,0.000117703,0.007610241,0.000166721,0.000253649,0.000150221,0.000220676,0.000156672,0.000230996
main|astana_clinic|nc16|np5|br0.25|uniform|ms3|r300|s1,0.000116644,0.007272106,0.000134974,0.000203502,0.000133983,0.000157889,0.000134275,0.000208324
main|astana_clinic|nc16|np5|br0.25|uniform|ms3|r300|s2,0.000118697,0.007603209,0.000148436,0.000202544,0.000147472,0.000201657,0.000149670,0.000113220
main|astana_clinic|nc16|np5|br0.25|uniform|ms3|r300|s3,0.000113937,0.006972267,0.000145119,0.000192137,0.000151407,0.000145200,0.000144436,0.000099863
main|astana_clinic|nc16|np5|br0.25|uniform|ms3|r300|s4,0.000112763,0.007592296,0.000097904,0.000147551,0.000092683,0.000149620,0.000096384,0.000135785
main|astana_clinic|nc16|np5|br0.25|uniform|ms3|r300|s5,0.000105009,0.007389027,0.000108414,0.000164327,0.000103230,0.000162026,0.000102656,0.000177203
main|astana_clinic|nc16|np5|br0.25|uniform|ms3|r300|s6,0.000118623,0.008004990,0.000238572,0.000222272,0.000146568,0.000214200,0.000150926,0.000216381
main|astana_clinic|nc16|np5|br0.25|uniform|ms3|r300|s7,0.000121988,0.007203083,0.000188918,0.000269639,0.000150057,0.000173381,0.000156061,0.000105373
main|astana_clinic|nc16|np5|br0.25|uniform|ms3|r300|s8,0.000142428,0.007492019,0.000144246,0.000218489,0.000150081,0.000158425,0.000148117,0.000104849
main|astana_clinic|nc16|np5|br0.25|uniform|ms3|r300|s9,0.000117258,0.007854728,0.000244847,0.000207262,0.000151688,0.000199221,0.000144950,0.000152631
main|astana_clinic|nc16|np5|br0.25|random_1_100|ms3|r300|s0,0.000121154,0.007625808,0.000163510,0.000214358,0.000150827,0.000201649,0.000153931,0.000203765
main|astana_clinic|nc16|np5|br0.25|random_1_100|ms3|r300|s1,0.000118070,0.007457103,0.000177863,0.000292905,0.000155930,0.000198080,0.000191472,0.000211086
main|astana_clinic|nc16|np5|br0.25|random_1_100|ms3|r300|s2,0.000122110,0.007524568,0.000163548,0.000309784,0.000205336,0.000225796,0.000162150,0.000180489
main|astana_clinic|nc16|np5|br0.25|random_1_100|ms3|r300|s3,0.000116922,0.007631791,0.000161751,0.000222818,0.000126489,0.000151639,0.000151582,0.000155206
main|astana_clinic|nc16|np5|br0.25|random_1_100|ms3|r300|s4,0.000117041,0.007425593,0.000210027,0.000305829,0.000144347,0.000258210,0.000148362,0.000210048
main|astana_clinic|nc16|np5|br0.25|random_1_100|ms3|r300|s5,0.000116844,0.008011112,0.000213540,0.000272145,0.000164464,0.000249124,0.000168694,0.000242786
main|astana_clinic|nc16|np5|br0.25|random_1_100|ms3|r300|s6,0.000118269,0.007394620,0.000145724,0.000221893,0.000160149,0.000213712,0.000148728,0.000156934
main|astana_clinic|nc16|np5|br0.25|random_1_100|ms3|r300|s7,0.000170625,0.007427684,0.000143268,0.000220235,0.000141426,0.000216323,0.000150338,0.000222283
main|astana_clinic|nc16|np5|br0.25|random_1_100|ms3|r300|s8,0.000117328,0.007513584,0.000157704,0.000214545,0.000145503,0.000158358,0.000152639,0.000149162
main|astana_clinic|nc16|np5|br0.25|random_1_100|ms3|r300|s9,0.000118596,0.007390374,0.000054630,0.000107538,0.000054265,0.000105100,0.000053517,0.000124248
main|astana_clinic|nc16|np5|br0.25|one_heavy|ms3|r300|s0,0.000117701,0.007517514,0.000101055,0.000153612,0.000099188,0.000159197,0.000101100,0.000156720
main|astana_clinic|nc16|np5|br0.25|one_heavy|ms3|r300|s1,0.000181692,0.007575855,0.000148455,0.000250610,0.000144530,0.000225187,0.000148112,0.000217522
main|astana_clinic|nc16|np5|br0.25|one_heavy|ms3|r300|s2,0.000117554,0.007463073,0.000150773,0.000228965,0.000149613,0.000217462,0.000146580,0.000210773
main|astana_clinic|nc16|np5|br0.25|one_heavy|ms3|r300|s3,0.000117236,0.007203403,0.000150380,0.000216970,0.000146028,0.000161151,0.000154996,0.000167023
main|astana_clinic|nc16|np5|br0.25|one_heavy|ms3|r300|s4,0.000120306,0.007576432,0.000145537,0.000206036,0.000144610,0.000155480,0.000146927,0.000152271
main|astana_clinic|nc16|np5|br0.25|one_heavy|ms3|r300|s5,0.000124505,0.007575643,0.000153346,0.000204656,0.000147056,0.000199733,0.000152635,0.000211250
main|astana_clinic|nc16|np5|br0.25|one_heavy|ms3|r300|s6,0.000122552,0.007469067,0.000206306,0.000294483,0.000159188,0.000101959,0.000137412,0.000101992
main|astana_clinic|nc16|np5|br0.25|one_heavy|ms3|r300|s7,0.000115552,0.007152423,0.000140966,0.000204028,0.000141660,0.000101107,0.000142963,0.000107429
main|astana_clinic|nc16|np5|br0.25|one_heavy|ms3|r300|s8,0.000123616,0.007516444,0.000146964,0.000252698,0.000142868,0.000280250,0.000210136,0.000288902
main|astana_clinic|nc16|np5|br0.25|one_heavy|ms3|r300|s9,0.000130355,0.007777259,0.000150365,0.000218615,0.000155828,0.000205323,0.000158970,0.000228347
main|astana_clinic|nc16|np5|br0.5|uniform|ms3|r300|s0,0.000117315,0.007592229,0.000147684,0.000218963,0.000141720,0.000207321,0.000156047,0.000163659
main|astana_clinic|nc16|np5|br0.5|uniform|ms3|r300|s1,0.000121834,0.008434727,0.000241196,0.000302323,0.000222417,0.000310325,0.000217141,0.000166941
main|astana_clinic|nc16|np5|br0.5|uniform|ms3|r300|s2,0.000184044,0.010940260,0.000205657,0.000295517,0.000200177,0.000309029,0.000208104,0.000288067
main|astana_clinic|nc16|np5|br0.5|uniform|ms3|r300|s3,0.000183153,0.010655962,0.000119681,0.000161907,0.000103018,0.000157202,0.000096171,0.000153046
main|astana_clinic|nc16|np5|br0.5|uniform|ms3|r300|s4,0.000115531,0.007651926,0.000095019,0.000133969,0.000097558,0.000149114,0.000133469,0.000108708
main|astana_clinic|nc16|np5|br0.5|uniform|ms3|r300|s5,0.000150577,0.006775834,0.000137231,0.000196095,0.000150290,0.000183324,0.000138172,0.000184532
main|astana_clinic|nc16|np5|br0.5|uniform|ms3|r300|s6,0.000110093,0.007177273,0.000146772,0.000193996,0.000140261,0.000148925,0.000137601,0.000100959
main|astana_clinic|nc16|np5|br0.5|uniform|ms3|r300|s7,0.000106673,0.007400039,0.000112173,0.000164894,0.000100259,0.000102128,0.000100888,0.000160792
main|astana_clinic|nc16|np5|br0.5|uniform|ms3|r300|s8,0.000118277,0.007725587,0.000150863,0.000222068,0.000148048,0.000211761,0.000149713,0.000158892
main|astana_clinic|nc16|np5|br0.5|uniform|ms3|r300|s9,0.000113096,0.007855737,0.000146364,0.000237904,0.000144042,0.000217135,0.000149881,0.000217583
main|astana_clinic|nc16|np5|br0.5|random_1_100|ms3|r300|s0,0.000143061,0.007405428,0.000184999,0.000205582,0.000146583,0.000204128,0.000146111,0.000097267
main|astana_clinic|nc16|np5|br0.5|random_1_100|ms3|r300|s1,0.000115182,0.007091613,0.000137658,0.000196217,0.000132364,0.000199855,0.000145639,0.000148736
main|astana_clinic|nc16|np5|br0.5|random_1_100|ms3|r300|s2,0.000124410,0.007203664,0.000150262,0.000209898,0.000137351,0.000208280,0.000137640,0.000150430
main|astana_clinic|nc16|np5|br0.5|random_1_100|ms3|r300|s3,0.000110787,0.007120998,0.000132623,0.000201165,0.000130475,0.000199330,0.000137756,0.000186730
main|astana_clinic|nc16|np5|br0.5|random_1_100|ms3|r300|s4,0.000105308,0.006840607,0.000122484,0.000204535,0.000133469,0.000156343,0.000139019,0.000103935
main|astana_clinic|nc16|np5|br0.5|random_1_100|ms3|r300|s5,0.000108390,0.007192716,0.000151010,0.000210430,0.000150437,0.000104889,0.000151931,0.000161769
main|astana_clinic|nc16|np5|br0.5|random_1_100|ms3|r300|s6,0.000117161,0.007588010,0.000146144,0.000228416,0.000143272,0.000160888,0.000142388,0.000159293
main|astana_clinic|nc16|np5|br0.5|random_1_100|ms3|r300|s7,0.000116212,0.007696213,0.000152864,0.000275411,0.000160675,0.000114498,0.000153899,0.000159972
main|astana_clinic|nc16|np5|br0.5|random_1_100|ms3|r300|s8,0.000114977,0.007960548,0.000170311,0.000307086,0.000170149,0.000149202,0.000146403,0.000133824
main|astana_clinic|nc16|np5|br0.5|random_1_100|ms3|r300|s9,0.000129333,0.007590739,0.000151895,0.000231341,0.000148372,0.000216656,0.000152825,0.000162868
main|astana_clinic|nc16|np5|br0.5|one_heavy|ms3|r300|s0,0.000118540,0.006696627,0.000132630,0.000196890,0.000131135,0.000093253,0.000192560,0.000188229
main|astana_clinic|nc16|np5|br0.5|one_heavy|ms3|r300|s1,0.000107349,0.006974456,0.000144062,0.000194812,0.000136214,0.000208350,0.000137763,0.000141961
main|astana_clinic|nc16|np5|br0.5|one_heavy|ms3|r300|s2,0.000106851,0.006909379,0.000140215,0.000197913,0.000139604,0.000192530,0.000142629,0.000101667
main|astana_clinic|nc16|np5|br0.5|one_heavy|ms3|r300|s3,0.000105443,0.006656272,0.000129554,0.000208721,0.000137756,0.000126228,0.000127918,0.000091758
main|astana_clinic|nc16|np5|br0.5|one_heavy|ms3|r300|s4,0.000104098,0.006751439,0.000090647,0.000146225,0.000088878,0.000142251,0.000094051,0.000168239
main|astana_clinic|nc16|np5|br0.5|one_heavy|ms3|r300|s5,0.000108163,0.007036773,0.000162092,0.000230198,0.000145376,0.000197003,0.000143453,0.000245533
main|astana_clinic|nc16|np5|br0.5|one_heavy|ms3|r300|s6,0.000116189,0.007792508,0.000161121,0.000207614,0.000145129,0.000211016,0.000152943,0.000106636
main|astana_clinic|nc16|np5|br0.5|one_heavy|ms3|r300|s7,0.000119636,0.007611904,0.000096783,0.000145782,0.000099174,0.000103196,0.000102482,0.000100902
main|astana_clinic|nc16|np5|br0.5|one_heavy|ms3|r300|s8,0.000115301,0.008025977,0.000161923,0.000230476,0.000149524,0.000220728,0.000142798,0.000207128
main|astana_clinic|nc16|np5|br0.5|one_heavy|ms3|r300|s9,0.000116387,0.008099886,0.000149394,0.000217472,0.000148744,0.000155770,0.000152109,0.000159483
main|astana_clinic|nc16|np5|br1.0|uniform|ms3|r300|s0,0.000116220,0.007938223,0.000149554,0.000236866,0.000157292,0.000211156,0.000144087,0.000229901
main|astana_clinic|nc16|np5|br1.0|uniform|ms3|r300|s1,0.000132754,0.007556409,0.000143549,0.000231689,0.000149169,0.000206232,0.000149098,0.000211310
main|astana_clinic|nc16|np5|br1.0|uniform|ms3|r300|s2,0.000121958,0.007256432,0.000154613,0.000211557,0.000146388,0.000152390,0.000142993,0.000154105
main|astana_clinic|nc16|np5|br1.0|uniform|ms3|r300|s3,0.000115675,0.007390793,0.000141573,0.000206507,0.000138558,0.000162099,0.000145736,0.000152753
main|astana_clinic|nc16|np5|br1.0|uniform|ms3|r300|s4,0.000113393,0.007518608,0.000066009,0.000127918,0.000071241,0.000142331,0.000075318,0.000140446
main|astana_clinic|nc16|np5|br1.0|uniform|ms3|r300|s5,0.000200766,0.009978093,0.000196751,0.000340667,0.000209735,0.000312831,0.000225279,0.000286575
main|astana_clinic|nc16|np5|br1.0|uniform|ms3|r300|s6,0.000184569,0.008005428,0.000173828,0.000240414,0.000180482,0.000147327,0.000134330,0.000097243
main|astana_clinic|nc16|np5|br1.0|uniform|ms3|r300|s7,0.000190805,0.010808148,0.000210132,0.000301558,0.000209824,0.000155307,0.000216466,0.000227461
main|astana_clinic|nc16|np5|br1.0|uniform|ms3|r300|s8,0.000190027,0.009782264,0.000121839,0.000207485,0.000145578,0.000216932,0.000109276,0.000203546
main|astana_clinic|nc16|np5|br1.0|uniform|ms3|r300|s9,0.000176439,0.010170212,0.000223127,0.000325867,0.000225510,0.000209783,0.000153986,0.000110624
main|astana_clinic|nc16|np5|br1.0|random_1_100|ms3|r300|s0,0.000114220,0.007900645,0.000052986,0.000102770,0.000055692,0.000108203,0.000052283,0.000105109
main|astana_clinic|nc16|np5|br1.0|random_1_100|ms3|r300|s1,0.000130612,0.007733688,0.000185576,0.000255617,0.000168208,0.000246902,0.000164473,0.000258084
main|astana_clinic|nc16|np5|br1.0|random_1_100|ms3|r300|s2,0.000135471,0.008001778,0.000158978,0.000237392,0.000163001,0.000209727,0.000161304,0.000204828
main|astana_clinic|nc16|np5|br1.0|random_1_100|ms3|r300|s3,0.000120795,0.008212404,0.000117117,0.000213143,0.000103048,0.000170248,0.000108067,0.000187514
main|astana_clinic|nc16|np5|br1.0|random_1_100|ms3|r300|s4,0.000140665,0.007822246,0.000146095,0.000276051,0.000151822,0.000209218,0.000168055,0.000127249
main|astana_clinic|nc16|np5|br1.0|random_1_100|ms3|r300|s5,0.000132481,0.007707918,0.000137041,0.000237034,0.000138360,0.000202471,0.000143806,0.000145251
main|astana_clinic|nc16|np5|br1.0|random_1_100|ms3|r300|s6,0.000119314,0.007447248,0.000099586,0.000231720,0.000099093,0.000162705,0.000100123,0.000161463
main|astana_clinic|nc16|np5|br1.0|random_1_100|ms3|r300|s7,0.000115862,0.007619805,0.000142669,0.000218926,0.000155753,0.000199883,0.000148133,0.000195604
main|astana_clinic|nc16|np5|br1.0|random_1_100|ms3|r300|s8,0.000113061,0.007621879,0.000122215,0.000180413,0.000115714,0.000124378,0.000115328,0.000121093
main|astana_clinic|nc16|np5|br1.0|random_1_100|ms3|r300|s9,0.000171691,0.007578462,0.000151944,0.000219012,0.000148710,0.000219129,0.000142456,0.000149777
main|astana_clinic|nc16|np5|br1.0|one_heavy|ms3|r300|s0,0.000119074,0.007640634,0.000145266,0.000215732,0.000147973,0.000225390,0.000157394,0.000173425
main|astana_clinic|nc16|np5|br1.0|one_heavy|ms3|r300|s1,0.000117262,0.007808333,0.000149370,0.000196671,0.000141961,0.000161234,0.000155470,0.000149164
main|astana_clinic|nc16|np5|br1.0|one_heavy|ms3|r300|s2,0.000122333,0.007515271,0.000157452,0.000209411,0.000148165,0.000210492,0.000152816,0.000107714
main|astana_clinic|nc16|np5|br1.0|one_heavy|ms3|r300|s3,0.000114949,0.007519427,0.000146118,0.000219902,0.000145324,0.000209491,0.000148316,0.000204780
main|astana_clinic|nc16|np5|br1.0|one_heavy|ms3|r300|s4,0.000115055,0.007519470,0.000120500,0.000180294,0.000101422,0.000149692,0.000106208,0.000152572
main|astana_clinic|nc16|np5|br1.0|one_heavy|ms3|r300|s5,0.000136013,0.007598554,0.000153873,0.000229596,0.000147660,0.000204400,0.000148769,0.000211074
main|astana_clinic|nc16|np5|br1.0|one_heavy|ms3|r300|s6,0.000125931,0.007512231,0.000147811,0.000206161,0.000145562,0.000155060,0.000148766,0.000121543
main|astana_clinic|nc16|np5|br1.0|one_heavy|ms3|r300|s7,0.000123451,0.007645620,0.000102067,0.000219387,0.000099643,0.000101340,0.000100218,0.000106628
main|astana_clinic|nc16|np5|br1.0|one_heavy|ms3|r300|s8,0.000127903,0.007797942,0.000109036,0.000153909,0.000099474,0.000152443,0.000099654,0.000168346
main|astana_clinic|nc16|np5|br1.0|one_heavy|ms3|r300|s9,0.000161473,0.007705081,0.000061889,0.000106686,0.000058468,0.000107876,0.000055300,0.000105604
main|astana_clinic|nc16|np15|br0.25|uniform|ms3|r300|s0,0.000366382,0.007819912,0.000203236,0.000306026,0.000202851,0.000148615,0.000220821,0.000287233
main|astana_clinic|nc16|np15|br0.25|uniform|ms3|r300|s1,0.000335734,0.008218070,0.000210425,0.000333702,0.000211006,0.000287882,0.000208659,0.000325735
main|astana_clinic|nc16|np15|br0.25|uniform|ms3|r300|s2,0.000329152,0.007966988,0.000216534,0.000330882,0.000205139,0.000300266,0.000196383,0.000319063
main|astana_clinic|nc16|np15|br0.25|uniform|ms3|r300|s3,0.000345859,0.007889463,0.000224553,0.000349898,0.000195567,0.000281040,0.000200247,0.000288662
main|astana_clinic|nc16|np15|br0.25|uniform|ms3|r300|s4,0.000326726,0.008159609,0.000275196,0.000321541,0.000210529,0.000312118,0.000232342,0.000300619
main|astana_clinic|nc16|np15|br0.25|uniform|ms3|r300|s5,0.000353958,0.008141528,0.000204065,0.000329005,0.000207128,0.000293428,0.000204308,0.000223161
main|astana_clinic|nc16|np15|br0.25|uniform|ms3|r300|s6,0.000337984,0.008119341,0.000201652,0.000331434,0.000209637,0.000214225,0.000202122,0.000290156
main|astana_clinic|nc16|np15|br0.25|uniform|ms3|r300|s7,0.000334805,0.007891636,0.000204293,0.000311360,0.000202629,0.000225120,0.000213512,0.000214365
main|astana_clinic|nc16|np15|br0.25|uniform|ms3|r300|s8,0.000333883,0.008540090,0.000200473,0.000321030,0.000202319,0.000215792,0.000213999,0.000285330
main|astana_clinic|nc16|np15|br0.25|uniform|ms3|r300|s9,0.000330373,0.008224115,0.000216650,0.000309507,0.000161793,0.000240912,0.000202404,0.000303035
main|astana_clinic|nc16|np15|br0.25|random_1_100|ms3|r300|s0,0.000341760,0.007864533,0.000173114,0.000325030,0.000176091,0.000282682,0.000202173,0.000305674
main|astana_clinic|nc16|np15|br0.25|random_1_100|ms3|r300|s1,0.000335489,0.008251021,0.000203862,0.000373796,0.000216718,0.000337726,0.000239331,0.000362610
main|astana_clinic|nc16|np15|br0.25|random_1_100|ms3|r300|s2,0.000359840,0.008098870,0.000219276,0.000332244,0.000189970,0.000308012,0.000206463,0.000303519
main|astana_clinic|nc16|np15|br0.25|random_1_100|ms3|r300|s3,0.000349971,0.007995083,0.000209362,0.000344394,0.000204918,0.000309686,0.000206747,0.000318009
main|astana_clinic|nc16|np15|br0.25|random_1_100|ms3|r300|s4,0.000345283,0.007791393,0.000233640,0.000302803,0.000257011,0.000185023,0.000219541,0.000322392
main|astana_clinic|nc16|np15|br0.25|random_1_100|ms3|r300|s5,0.000330835,0.008130574,0.000203654,0.000318255,0.000212167,0.000145916,0.000207677,0.000290788
main|astana_clinic|nc16|np15|br0.25|random_1_100|ms3|r300|s6,0.000329740,0.007722756,0.000163102,0.000316812,0.000191915,0.000228893,0.000194380,0.000274121
main|astana_clinic|nc16|np15|br0.25|random_1_100|ms3|r300|s7,0.000321694,0.008018388,0.000222265,0.000351909,0.000211970,0.000303100,0.000220853,0.000311435
main|astana_clinic|nc16|np15|br0.25|random_1_100|ms3|r300|s8,0.000346531,0.008346590,0.000210677,0.000305751,0.000203349,0.000287809,0.000206536,0.000290524
main|astana_clinic|nc16|np15|br0.25|random_1_100|ms3|r300|s9,0.000328846,0.008249580,0.000199379,0.000301733,0.000192688,0.000143666,0.000202111,0.000303048
main|astana_clinic|nc16|np15|br0.25|one_heavy|ms3|r300|s0,0.000329543,0.007789327,0.000206243,0.000329567,0.000210058,0.000288000,0.000207150,0.000305747
main|astana_clinic|nc16|np15|br0.25|one_heavy|ms3|r300|s1,0.000342260,0.007656474,0.000212084,0.000321964,0.000201151,0.000285441,0.000175382,0.000326734
main|astana_clinic|nc16|np15|br0.25|one_heavy|ms3|r300|s2,0.000351297,0.008095234,0.000220334,0.000345315,0.000206275,0.000215559,0.000209170,0.000311699
main|astana_clinic|nc16|np15|br0.25|one_heavy|ms3|r300|s3,0.000336219,0.006576054,0.000178614,0.000287740,0.000179564,0.000240927,0.000175635,0.000253565
main|astana_clinic|nc16|np15|br0.25|one_heavy|ms3|r300|s4,0.000276184,0.006845060,0.000219562,0.000316990,0.000203267,0.000300916,0.000211608,0.000310243
main|astana_clinic|nc16|np15|br0.25|one_heavy|ms3|r300|s5,0.000343921,0.007919815,0.000221008,0.000323837,0.000209065,0.000226735,0.000223484,0.000224570
main|astana_clinic|nc16|np15|br0.25|one_heavy|ms3|r300|s6,0.000345277,0.007950241,0.000236529,0.000337683,0.000209517,0.000296201,0.000186341,0.000290360
main|astana_clinic|nc16|np15|br0.25|one_heavy|ms3|r300|s7,0.000350088,0.009257110,0.000341398,0.000426589,0.000288093,0.000342222,0.000307487,0.000304239
main|astana_clinic|nc16|np15|br0.25|one_heavy|ms3|r300|s8,0.000527027,0.012108889,0.000259720,0.000456946,0.000278202,0.000344270,0.000275538,0.000462774
main|astana_clinic|nc16|np15|br0.25|one_heavy|ms3|r300|s9,0.000546773,0.013886460,0.000359813,0.000425844,0.000241029,0.000411825,0.000239878,0.000422266
main|astana_clinic|nc16|np15|br0.5|uniform|ms3|r300|s0,0.000499727,0.014605458,0.000331080,0.000420032,0.000284871,0.000310548,0.000293803,0.000429264
main|astana_clinic|nc16|np15|br0.5|uniform|ms3|r300|s1,0.000569193,0.009567205,0.000206646,0.000322906,0.000205191,0.000335880,0.000221085,0.000297948
main|astana_clinic|nc16|np15|br0.5|uniform|ms3|r300|s2,0.000342703,0.008679943,0.000201704,0.000356482,0.000222965,0.000348996,0.000208536,0.000309429
main|astana_clinic|nc16|np15|br0.5|uniform|ms3|r300|s3,0.000348413,0.007820980,0.000226188,0.000354979,0.000249898,0.000225879,0.000237564,0.000326743
main|astana_clinic|nc16|np15|br0.5|uniform|ms3|r300|s4,0.000438075,0.008880921,0.000264918,0.000347899,0.000210975,0.000306887,0.000210440,0.000326597
main|astana_clinic|nc16|np15|br0.5|uniform|ms3|r300|s5,0.000375557,0.009135276,0.000239409,0.000332198,0.000266538,0.000294834,0.000207192,0.000284885
main|astana_clinic|nc16|np15|br0.5|uniform|ms3|r300|s6,0.000362377,0.008169071,0.000235872,0.000345639,0.000200319,0.000283659,0.000199087,0.000297201
main|astana_clinic|nc16|np15|br0.5|uniform|ms3|r300|s7,0.000338023,0.008223309,0.000220401,0.000342798,0.000209275,0.000223693,0.000203149,0.000305270
main|astana_clinic|nc16|np15|br0.5|uniform|ms3|r300|s8,0.000327284,0.008133344,0.000198418,0.000322890,0.000196476,0.000258808,0.000216386,0.000212326
main|astana_clinic|nc16|np15|br0.5|uniform|ms3|r300|s9,0.000360406,0.012902306,0.000314905,0.000402713,0.000281469,0.000311149,0.000288883,0.000311417
main|astana_clinic|nc16|np15|br0.5|random_1_100|ms3|r300|s0,0.000604877,0.013427525,0.000290410,0.000421287,0.000278702,0.000436086,0.000313825,0.000438536
main|astana_clinic|nc16|np15|br0.5|random_1_100|ms3|r300|s1,0.000529293,0.013317927,0.000294546,0.000351841,0.000231357,0.000514732,0.000307909,0.000491784
main|astana_clinic|nc16|np15|br0.5|random_1_100|ms3|r300|s2,0.000703151,0.009097681,0.000267575,0.000375523,0.000207172,0.000304358,0.000207843,0.000307378
main|astana_clinic|nc16|np15|br0.5|random_1_100|ms3|r300|s3,0.000329789,0.008319741,0.000213811,0.000339785,0.000209113,0.000298925,0.000208448,0.000310454
main|astana_clinic|nc16|np15|br0.5|random_1_100|ms3|r300|s4,0.000346963,0.008293812,0.000224782,0.000314288,0.000242743,0.000294748,0.000203009,0.000215978
main|astana_clinic|nc16|np15|br0.5|random_1_100|ms3|r300|s5,0.000331685,0.008823696,0.000207051,0.000347678,0.000209782,0.000298687,0.000211940,0.000303547
main|astana_clinic|nc16|np15|br0.5|random_1_100|ms3|r300|s6,0.000339151,0.008959548,0.000245973,0.000322672,0.000224439,0.000320692,0.000202886,0.000341315
main|astana_clinic|nc16|np15|br0.5|random_1_100|ms3|r300|s7,0.000477223,0.008773238,0.000217459,0.000325994,0.000273492,0.000333125,0.000212886,0.000218112
main|astana_clinic|nc16|np15|br0.5|random_1_100|ms3|r300|s8,0.000363185,0.008105856,0.000202968,0.000349476,0.000206685,0.000279597,0.000199166,0.000303799
main|astana_clinic|nc16|np15|br0.5|random_1_100|ms3|r300|s9,0.000333489,0.008084803,0.000210609,0.000339877,0.000204875,0.000309717,0.000209539,0.000306058
main|astana_clinic|nc16|np15|br0.5|one_heavy|ms3|r300|s0,0.000327416,0.008043428,0.000219723,0.000306014,0.000203605,0.000146887,0.000202571,0.000150902
main|astana_clinic|nc16|np15|br0.5|one_heavy|ms3|r300|s1,0.000330209,0.008203010,0.000224547,0.000332663,0.000228491,0.000224326,0.000206087,0.000290656
main|astana_clinic|nc16|np15|br0.5|one_heavy|ms3|r300|s2,0.000345113,0.008110760,0.000226751,0.000307022,0.000203045,0.000289315,0.000208250,0.000294862
main|astana_clinic|nc16|np15|br0.5|one_heavy|ms3|r300|s3,0.000336557,0.008076028,0.000201066,0.000318739,0.000204378,0.000297478,0.000209921,0.000291649
main|astana_clinic|nc16|np15|br0.5|one_heavy|ms3|r300|s4,0.000324926,0.009202126,0.000240557,0.000331213,0.000254968,0.000326741,0.000212083,0.000303216
main|astana_clinic|nc16|np15|br0.5|one_heavy|ms3|r300|s5,0.000360590,0.008563476,0.000206630,0.000315658,0.000208861,0.000147328,0.000210366,0.000294826
main|astana_clinic|nc16|np15|br0.5|one_heavy|ms3|r300|s6,0.000326825,0.008334335,0.000302741,0.000424071,0.000262850,0.000188830,0.000258934,0.000385022
main|astana_clinic|nc16|np15|br0.5|one_heavy|ms3|r300|s7,0.000577004,0.009541349,0.000255308,0.000357219,0.000220070,0.000330528,0.000246870,0.000314433
main|astana_clinic|nc16|np15|br0.5|one_heavy|ms3|r300|s8,0.000441728,0.009601689,0.000247880,0.000309524,0.000199942,0.000332786,0.000202878,0.000299426
main|astana_clinic|nc16|np15|br0.5|one_heavy|ms3|r300|s9,0.000340990,0.008532909,0.000210887,0.000324073,0.000209557,0.000301576,0.000204492,0.000299544
main|astana_clinic|nc16|np15|br1.0|uniform|ms3|r300|s0,0.000333014,0.008408349,0.000209728,0.000337763,0.000203241,0.000305729,0.000212668,0.000308767
main|astana_clinic|nc16|np15|br1.0|uniform|ms3|r300|s1,0.000469972,0.008530771,0.000215463,0.000356106,0.000203868,0.000230102,0.000260747,0.000339350
main|astana_clinic|nc16|np15|br1.0|uniform|ms3|r300|s2,0.000427075,0.008843919,0.000211235,0.000345805,0.000203776,0.000213195,0.000215276,0.000321297
main|astana_clinic|nc16|np15|br1.0|uniform|ms3|r300|s3,0.000342476,0.008343802,0.000213973,0.000334484,0.000209712,0.000237070,0.000221259,0.000330788
main|astana_clinic|nc16|np15|br1.0|uniform|ms3|r300|s4,0.000334384,0.008351477,0.000223039,0.000344211,0.000212201,0.000291346,0.000207981,0.000322641
main|astana_clinic|nc16|np15|br1.0|uniform|ms3|r300|s5,0.000367924,0.008457326,0.000229464,0.000312267,0.000208328,0.000151826,0.000209323,0.000295675
main|astana_clinic|nc16|np15|br1.0|uniform|ms3|r300|s6,0.000336860,0.008522540,0.000227626,0.000341538,0.000200515,0.000287475,0.000206147,0.000335277
main|astana_clinic|nc16|np15|br1.0|uniform|ms3|r300|s7,0.000337016,0.008220311,0.000214659,0.000317231,0.000200122,0.000212322,0.000211772,0.000301913
main|astana_clinic|nc16|np15|br1.0|uniform|ms3|r300|s8,0.000359543,0.007051825,0.000191768,0.000313749,0.000194420,0.000131085,0.000184134,0.000270923
main|astana_clinic|nc16|np15|br1.0|uniform|ms3|r300|s9,0.000284424,0.007636059,0.000186309,0.000294948,0.000183535,0.000263348,0.000201332,0.000255192
main|astana_clinic|nc16|np15|br1.0|random_1_100|ms3|r300|s0,0.000295013,0.007434874,0.000186708,0.000280309,0.000190467,0.000272057,0.000178644,0.000270611
main|astana_clinic|nc16|np15|br1.0|random_1_100|ms3|r300|s1,0.000318226,0.007636943,0.000189908,0.000288279,0.000224080,0.000288300,0.000203736,0.000274166
main|astana_clinic|nc16|np15|br1.0|random_1_100|ms3|r300|s2,0.000349374,0.007645424,0.000185514,0.000342183,0.000196197,0.000289211,0.000189538,0.000278253
main|astana_clinic|nc16|np15|br1.0|random_1_100|ms3|r300|s3,0.000313396,0.007432178,0.000190198,0.000290643,0.000176410,0.000218240,0.000175140,0.000257925
main|astana_clinic|nc16|np15|br1.0|random_1_100|ms3|r300|s4,0.000296436,0.007336178,0.000193006,0.000282165,0.000174551,0.000268149,0.000215346,0.000262561
main|astana_clinic|nc16|np15|br1.0|random_1_100|ms3|r300|s5,0.000294251,0.007452060,0.000195357,0.000276040,0.000177142,0.000204176,0.000192505,0.000247854
main|astana_clinic|nc16|np15|br1.0|random_1_100|ms3|r300|s6,0.000299181,0.007374492,0.000237670,0.000357500,0.000207792,0.000331873,0.000213859,0.000298866
main|astana_clinic|nc16|np15|br1.0|random_1_100|ms3|r300|s7,0.000370556,0.007829012,0.000199179,0.000283805,0.000182836,0.000262431,0.000207232,0.000193990
main|astana_clinic|nc16|np15|br1.0|random_1_100|ms3|r300|s8,0.000307871,0.007264940,0.000177501,0.000253886,0.000186718,0.000270041,0.000185027,0.000206724
main|astana_clinic|nc16|np15|br1.0|random_1_100|ms3|r300|s9,0.000298121,0.007257403,0.000198707,0.000295838,0.000188127,0.000213744,0.000191050,0.000268860
main|astana_clinic|nc16|np15|br1.0|one_heavy|ms3|r300|s0,0.000292914,0.007284779,0.000185648,0.000261046,0.000180284,0.000259560,0.000182618,0.000189948
main|astana_clinic|nc16|np15|br1.0|one_heavy|ms3|r300|s1,0.000291606,0.007245836,0.000242471,0.000304155,0.000181635,0.000266229,0.000193333,0.000272834
main|astana_clinic|nc16|np15|br1.0|one_heavy|ms3|r300|s2,0.000310522,0.007372539,0.000282011,0.000442578,0.000273155,0.000279116,0.000273227,0.000389536
main|astana_clinic|nc16|np15|br1.0|one_heavy|ms3|r300|s3,0.000547583,0.010216063,0.000223909,0.000337295,0.000225407,0.000382754,0.000275815,0.000396708
main|astana_clinic|nc16|np15|br1.0|one_heavy|ms3|r300|s4,0.000498626,0.010440167,0.000251202,0.000396982,0.000274640,0.000411205,0.000269564,0.000357775
main|astana_clinic|nc16|np15|br1.0|one_heavy|ms3|r300|s5,0.000513513,0.010148039,0.000257014,0.000397904,0.000255840,0.000388808,0.000258321,0.000354448
main|astana_clinic|nc16|np15|br1.0|one_heavy|ms3|r300|s6,0.000517764,0.007367301,0.000198541,0.000304537,0.000186251,0.000276762,0.000194913,0.000204139
main|astana_clinic|nc16|np15|br1.0|one_heavy|ms3|r300|s7,0.000298522,0.007174378,0.000188115,0.000271887,0.000185406,0.000134045,0.000184482,0.000141326
main|astana_clinic|nc16|np15|br1.0|one_heavy|ms3|r300|s8,0.000302828,0.007274524,0.000176355,0.000333437,0.000211153,0.000149476,0.000209274,0.000165189
main|astana_clinic|nc16|np15|br1.0|one_heavy|ms3|r300|s9,0.000330506,0.008267609,0.000220978,0.000324328,0.000203644,0.000221809,0.000220344,0.000310480
main|astana_clinic|nc16|np25|br0.25|uniform|ms3|r300|s0,0.000550894,0.008874558,0.000247311,0.000417217,0.000218807,0.000367246,0.000285089,0.000387812
main|astana_clinic|nc16|np25|br0.25|uniform|ms3|r300|s1,0.000584393,0.008578591,0.000208271,0.000439664,0.000208613,0.000280425,0.000205898,0.000371161
main|astana_clinic|nc16|np25|br0.25|uniform|ms3|r300|s2,0.000549044,0.008708034,0.000265019,0.000406890,0.000224675,0.000391847,0.000265097,0.000389068
main|astana_clinic|nc16|np25|br0.25|uniform|ms3|r300|s3,0.000567201,0.008896114,0.000248703,0.000427217,0.000258477,0.000373850,0.000266183,0.000366437
main|astana_clinic|nc16|np25|br0.25|uniform|ms3|r300|s4,0.000583991,0.008859994,0.000299733,0.000417453,0.000259600,0.000366605,0.000272724,0.000377838
main|astana_clinic|nc16|np25|br0.25|uniform|ms3|r300|s5,0.000559925,0.008746112,0.000266392,0.000416443,0.000269284,0.000371118,0.000269762,0.000399570
main|astana_clinic|nc16|np25|br0.25|uniform|ms3|r300|s6,0.000612003,0.008588592,0.000232992,0.000471339,0.000259176,0.000374539,0.000248198,0.000398827
main|astana_clinic|nc16|np25|br0.25|uniform|ms3|r300|s7,0.000538734,0.008982639,0.000266642,0.000409351,0.000232273,0.000356044,0.000234888,0.000333671
main|astana_clinic|nc16|np25|br0.25|uniform|ms3|r300|s8,0.000492728,0.007593572,0.000189501,0.000325825,0.000191974,0.000220297,0.000196614,0.000315191
main|astana_clinic|nc16|np25|br0.25|uniform|ms3|r300|s9,0.000448594,0.007339057,0.000220382,0.000345632,0.000233491,0.000327920,0.000230651,0.000321380
main|astana_clinic|nc16|np25|br0.25|random_1_100|ms3|r300|s0,0.000499544,0.007397229,0.000235258,0.000357991,0.000178838,0.000265473,0.000221383,0.000321064
main|astana_clinic|nc16|np25|br0.25|random_1_100|ms3|r300|s1,0.000486039,0.007621799,0.000227505,0.000373480,0.000227719,0.000326829,0.000188742,0.000352753
main|astana_clinic|nc16|np25|br0.25|random_1_100|ms3|r300|s2,0.000480831,0.011242036,0.000222371,0.000421379,0.000242168,0.000344377,0.000221172,0.000396869
main|astana_clinic|nc16|np25|br0.25|random_1_100|ms3|r300|s3,0.000670843,0.009191134,0.000310237,0.000393906,0.000273280,0.000274667,0.000267717,0.000361273
main|astana_clinic|nc16|np25|br0.25|random_1_100|ms3|r300|s4,0.000619890,0.008696174,0.000270226,0.000464284,0.000354687,0.000727259,0.000475593,0.000552121
main|astana_clinic|nc16|np25|br0.25|random_1_100|ms3|r300|s5,0.000861286,0.013338401,0.000380380,0.000567988,0.000349994,0.000599413,0.000375674,0.000493331
main|astana_clinic|nc16|np25|br0.25|random_1_100|ms3|r300|s6,0.000905082,0.010534187,0.000288334,0.000472203,0.000295336,0.000392776,0.000243835,0.000382905
main|astana_clinic|nc16|np25|br0.25|random_1_100|ms3|r300|s7,0.000565550,0.008472808,0.000305910,0.000428708,0.000275525,0.000370411,0.000267408,0.000353649
main|astana_clinic|nc16|np25|br0.25|random_1_100|ms3|r300|s8,0.000591399,0.009137723,0.000246297,0.000357779,0.000259319,0.000362794,0.000260176,0.000327780
main|astana_clinic|nc16|np25|br0.25|random_1_100|ms3|r300|s9,0.000546550,0.008252447,0.000256820,0.000383723,0.000248972,0.000258161,0.000244458,0.000355424
main|astana_clinic|nc16|np25|br0.25|one_heavy|ms3|r300|s0,0.000568799,0.008440530,0.000240840,0.000373234,0.000264375,0.000252634,0.000242583,0.000359303
main|astana_clinic|nc16|np25|br0.25|one_heavy|ms3|r300|s1,0.000532050,0.009061515,0.000365592,0.000512042,0.000347396,0.000511874,0.000347969,0.000487305
main|astana_clinic|nc16|np25|br0.25|one_heavy|ms3|r300|s2,0.000876411,0.011647754,0.000402109,0.000436757,0.000240141,0.000340591,0.000333938,0.000484626
main|astana_clinic|nc16|np25|br0.25|one_heavy|ms3|r300|s3,0.000667888,0.008180721,0.000263819,0.000373959,0.000245462,0.000274287,0.000251667,0.000341511
main|astana_clinic|nc16|np25|br0.25|one_heavy|ms3|r300|s4,0.000523276,0.008153230,0.000244574,0.000466966,0.000280813,0.000382806,0.000246581,0.000437853
main|astana_clinic|nc16|np25|br0.25|one_heavy|ms3|r300|s5,0.000580522,0.008657564,0.000267911,0.000421970,0.000277838,0.000360684,0.000233513,0.000385242
main|astana_clinic|nc16|np25|br0.25|one_heavy|ms3|r300|s6,0.000603018,0.008574636,0.000269893,0.000399037,0.000254921,0.000402553,0.000260056,0.000380315
main|astana_clinic|nc16|np25|br0.25|one_heavy|ms3|r300|s7,0.000632310,0.008611206,0.000260255,0.000412789,0.000272950,0.000386771,0.000285091,0.000362067
main|astana_clinic|nc16|np25|br0.25|one_heavy|ms3|r300|s8,0.000595505,0.008821965,0.000217204,0.000411753,0.000261475,0.000358971,0.000256967,0.000382378
main|astana_clinic|nc16|np25|br0.25|one_heavy|ms3|r300|s9,0.000558783,0.008808198,0.000239743,0.000390863,0.000227947,0.000366472,0.000235337,0.000406116
main|astana_clinic|nc16|np25|br0.5|uniform|ms3|r300|s0,0.000546949,0.008845749,0.000265117,0.000421436,0.000247716,0.000285711,0.000259644,0.000377882
main|astana_clinic|nc16|np25|br0.5|uniform|ms3|r300|s1,0.000562324,0.009115218,0.000263138,0.000442862,0.000254153,0.000184184,0.000263557,0.000422946
main|astana_clinic|nc16|np25|br0.5|uniform|ms3|r300|s2,0.000566289,0.008826903,0.000279934,0.000411382,0.000264499,0.000301942,0.000265546,0.000416159
main|astana_clinic|nc16|np25|br0.5|uniform|ms3|r300|s3,0.000583227,0.008779824,0.000252644,0.000395178,0.000260357,0.000350199,0.000259823,0.000365993
main|astana_clinic|nc16|np25|br0.5|uniform|ms3|r300|s4,0.000556985,0.009148543,0.000275181,0.000457314,0.000258489,0.000444759,0.000309762,0.000409131
main|astana_clinic|nc16|np25|br0.5|uniform|ms3|r300|s5,0.000559459,0.008978657,0.000258542,0.000408367,0.000274248,0.000274164,0.000263445,0.000377327
main|astana_clinic|nc16|np25|br0.5|uniform|ms3|r300|s6,0.000546857,0.009026133,0.000269179,0.000400696,0.000254835,0.000340889,0.000264566,0.000358576
main|astana_clinic|nc16|np25|br0.5|uniform|ms3|r300|s7,0.000563166,0.008807550,0.000246220,0.000388740,0.000266413,0.000360737,0.000256104,0.000366507
main|astana_clinic|nc16|np25|br0.5|uniform|ms3|r300|s8,0.000602912,0.008915965,0.000360723,0.000409802,0.000249164,0.000366672,0.000256167,0.000385639
main|astana_clinic|nc16|np25|br0.5|uniform|ms3|r300|s9,0.000613957,0.009474056,0.000295609,0.000427658,0.000328279,0.000302799,0.000274036,0.000403518
main|astana_clinic|nc16|np25|br0.5|random_1_100|ms3|r300|s0,0.000774172,0.009271896,0.000264344,0.000431793,0.000256178,0.000368795,0.000257946,0.000402940
main|astana_clinic|nc16|np25|br0.5|random_1_100|ms3|r300|s1,0.000546385,0.009047528,0.000252627,0.000419202,0.000257120,0.000270338,0.000269343,0.000355000
main|astana_clinic|nc16|np25|br0.5|random_1_100|ms3|r300|s2,0.000552245,0.009122837,0.000277011,0.000407019,0.000255364,0.000365173,0.000255047,0.000386487
main|astana_clinic|nc16|np25|br0.5|random_1_100|ms3|r300|s3,0.000602810,0.009093274,0.000368621,0.000566262,0.000365805,0.000386464,0.000362363,0.000405221
main|astana_clinic|nc16|np25|br0.5|random_1_100|ms3|r300|s4,0.000844433,0.012599150,0.000348611,0.000527742,0.000369963,0.000480347,0.000334624,0.000578389
main|astana_clinic|nc16|np25|br0.5|random_1_100|ms3|r300|s5,0.000880788,0.013779357,0.000391003,0.000617047,0.000419603,0.000535761,0.000384249,0.000547109
main|astana_clinic|nc16|np25|br0.5|random_1_100|ms3|r300|s6,0.000908598,0.007488553,0.000226468,0.000316295,0.000208439,0.000150580,0.000217429,0.000300761
main|astana_clinic|nc16|np25|br0.5|random_1_100|ms3|r300|s7,0.000466499,0.007321151,0.000226812,0.000360853,0.000211781,0.000300431,0.000218144,0.000305022
main|astana_clinic|nc16|np25|br0.5|random_1_100|ms3|r300|s8,0.000472750,0.007393996,0.000220050,0.000339960,0.000216032,0.000219157,0.000210089,0.000297640
main|astana_clinic|nc16|np25|br0.5|random_1_100|ms3|r300|s9,0.000440532,0.007652518,0.000230683,0.000371665,0.000220859,0.000337138,0.000230984,0.000332821
main|astana_clinic|nc16|np25|br0.5|one_heavy|ms3|r300|s0,0.000484226,0.007821528,0.000230414,0.000399353,0.000240904,0.000244581,0.000233351,0.000344731
main|astana_clinic|nc16|np25|br0.5|one_heavy|ms3|r300|s1,0.000500268,0.008142581,0.000246830,0.000364121,0.000242227,0.000335515,0.000230090,0.000332075
main|astana_clinic|nc16|np25|br0.5|one_heavy|ms3|r300|s2,0.000499318,0.008140403,0.000232263,0.000353510,0.000232475,0.000343091,0.000242952,0.000376466
main|astana_clinic|nc16|np25|br0.5|one_heavy|ms3|r300|s3,0.000520202,0.008174329,0.000222906,0.000377531,0.000225581,0.000344663,0.000231334,0.000326352
main|astana_clinic|nc16|np25|br0.5|one_heavy|ms3|r300|s4,0.000489085,0.007727870,0.000237920,0.000353617,0.000225614,0.000314815,0.000232479,0.000311305
main|astana_clinic|nc16|np25|br0.5|one_heavy|ms3|r300|s5,0.000485307,0.007971199,0.000228800,0.000363986,0.000231404,0.000355913,0.000229308,0.000355268
main|astana_clinic|nc16|np25|br0.5|one_heavy|ms3|r300|s6,0.000514606,0.008207379,0.000237061,0.000387591,0.000223585,0.000164243,0.000256224,0.000345523
main|astana_clinic|nc16|np25|br0.5|one_heavy|ms3|r300|s7,0.000523299,0.007888916,0.000209434,0.000339750,0.000210785,0.000221844,0.000207985,0.000322077
main|astana_clinic|nc16|np25|br0.5|one_heavy|ms3|r300|s8,0.000448052,0.007208956,0.000240196,0.000353357,0.000224791,0.000306413,0.000209200,0.000315061
main|astana_clinic|nc16|np25|br0.5|one_heavy|ms3|r300|s9,0.000474822,0.008164654,0.000239894,0.000347480,0.000230087,0.000335842,0.000232708,0.000329005
main|astana_clinic|nc16|np25|br1.0|uniform|ms3|r300|s0,0.000498459,0.007839524,0.000209984,0.000355843,0.000207360,0.000303183,0.000216362,0.000321921
main|astana_clinic|nc16|np25|br1.0|uniform|ms3|r300|s1,0.000460316,0.007266801,0.000242628,0.000336125,0.000212090,0.000320311,0.000207607,0.000301821
main|astana_clinic|nc16|np25|br1.0|uniform|ms3|r300|s2,0.000461582,0.007314533,0.000209087,0.000350302,0.000205370,0.000294074,0.000208596,0.000342961
main|astana_clinic|nc16|np25|br1.0|uniform|ms3|r300|s3,0.000496069,0.007197905,0.000230890,0.000353814,0.000234978,0.000241178,0.000216603,0.000288557
main|astana_clinic|nc16|np25|br1.0|uniform|ms3|r300|s4,0.000467576,0.007435376,0.000249165,0.000423002,0.000256151,0.000363521,0.000265833,0.000373805
main|astana_clinic|nc16|np25|br1.0|uniform|ms3|r300|s5,0.000569980,0.009030331,0.000282399,0.000392008,0.000245855,0.000171132,0.000250211,0.000386704
main|astana_clinic|nc16|np25|br1.0|uniform|ms3|r300|s6,0.000531281,0.008784527,0.000248610,0.000396743,0.000250855,0.000347721,0.000247170,0.000384582
main|astana_clinic|nc16|np25|br1.0|uniform|ms3|r300|s7,0.000560634,0.008839515,0.000253719,0.000419736,0.000246136,0.000338989,0.000244125,0.000367319
main|astana_clinic|nc16|np25|br1.0|uniform|ms3|r300|s8,0.000551502,0.008787292,0.000263903,0.000398389,0.000249077,0.000279157,0.000263192,0.000382419
main|astana_clinic|nc16|np25|br1.0|uniform|ms3|r300|s9,0.000554562,0.009030622,0.000270166,0.000401818,0.000258499,0.000277723,0.000256708,0.000374012
main|astana_clinic|nc16|np25|br1.0|random_1_100|ms3|r300|s0,0.000591378,0.009957975,0.000428859,0.000617017,0.000390096,0.000460955,0.000396880,0.000565644
main|astana_clinic|nc16|np25|br1.0|random_1_100|ms3|r300|s1,0.000916922,0.011221625,0.000253667,0.000384881,0.000267289,0.000364457,0.000261994,0.000365652
main|astana_clinic|nc16|np25|br1.0|random_1_100|ms3|r300|s2,0.000572093,0.009164494,0.000258071,0.000445791,0.000260441,0.000385566,0.000265102,0.000417771
main|astana_clinic|nc16|np25|br1.0|random_1_100|ms3|r300|s3,0.000578958,0.008927628,0.000255507,0.000405409,0.000261269,0.000367616,0.000254425,0.000377654
main|astana_clinic|nc16|np25|br1.0|random_1_100|ms3|r300|s4,0.000599439,0.008932837,0.000255274,0.000457881,0.000265381,0.000379119,0.000320030,0.000376686
main|astana_clinic|nc16|np25|br1.0|random_1_100|ms3|r300|s5,0.000550936,0.009496104,0.000256684,0.000434256,0.000258531,0.000362872,0.000296617,0.000440852
main|astana_clinic|nc16|np25|br1.0|random_1_100|ms3|r300|s6,0.000544870,0.008797466,0.000253436,0.000384538,0.000262535,0.000281515,0.000259794,0.000344826
main|astana_clinic|nc16|np25|br1.0|random_1_100|ms3|r300|s7,0.000566290,0.009609783,0.000276743,0.000504380,0.000381184,0.000636759,0.000419255,0.000590924
main|astana_clinic|nc16|np25|br1.0|random_1_100|ms3|r300|s8,0.000926984,0.014044708,0.000437801,0.000714954,0.000337750,0.000675557,0.000459511,0.000630162
main|astana_clinic|nc16|np25|br1.0|random_1_100|ms3|r300|s9,0.000867876,0.009059210,0.000255245,0.000402384,0.000250483,0.000355325,0.000271383,0.000369292
main|astana_clinic|nc16|np25|br1.0|one_heavy|ms3|r300|s0,0.000543011,0.008812519,0.000284427,0.000418754,0.000264490,0.000277685,0.000305595,0.000386605
main|astana_clinic|nc16|np25|br1.0|one_heavy|ms3|r300|s1,0.000540911,0.008926728,0.000252245,0.000432942,0.000268796,0.000292190,0.000269010,0.000602467
main|astana_clinic|nc16|np25|br1.0|one_heavy|ms3|r300|s2,0.000904633,0.009398821,0.000268148,0.000384977,0.000263120,0.000283936,0.000260790,0.000385471
main|astana_clinic|nc16|np25|br1.0|one_heavy|ms3|r300|s3,0.000571870,0.009001733,0.000245442,0.000428335,0.000254025,0.000349127,0.000254204,0.000367239
main|astana_clinic|nc16|np25|br1.0|one_heavy|ms3|r300|s4,0.000567508,0.008831597,0.000249532,0.000366851,0.000238763,0.000361151,0.000247577,0.000349994
main|astana_clinic|nc16|np25|br1.0|one_heavy|ms3|r300|s5,0.000542686,0.008929898,0.000253959,0.000379309,0.000258679,0.000187447,0.000267145,0.000288559
main|astana_clinic|nc16|np25|br1.0|one_heavy|ms3|r300|s6,0.000552487,0.009345065,0.000346545,0.000511373,0.000352043,0.000475478,0.000356615,0.000499810
main|astana_clinic|nc16|np25|br1.0|one_heavy|ms3|r300|s7,0.000821343,0.010016861,0.000256468,0.000404147,0.000250727,0.000356518,0.000277965,0.000356008
main|astana_clinic|nc16|np25|br1.0|one_heavy|ms3|r300|s8,0.000611755,0.009738303,0.000397278,0.000442070,0.000262434,0.000269914,0.000258835,0.000388125
main|astana_clinic|nc16|np25|br1.0|one_heavy|ms3|r300|s9,0.000582795,0.009262967,0.000283156,0.000383887,0.000260013,0.000266209,0.000254347,0.000375450
main|astana_clinic_nobase|nc6|np5|br0.25|uniform|ms3|r300|s0,0.000028364,0.000050079,0.000033298,0.000056794,0.000031039,0.000054979,0.000035264,0.000050007
main|astana_clinic_nobase|nc6|np5|br0.25|uniform|ms3|r300|s1,0.000025828,0.000036920,0.000027709,0.000056764,0.000024300,0.000050320,0.000025604,0.000050091
main|astana_clinic_nobase|nc6|np5|br0.25|uniform|ms3|r300|s2,0.000025794,0.000047197,0.000029090,0.000051630,0.000026892,0.000053657,0.000027209,0.000047189
main|astana_clinic_nobase|nc6|np5|br0.25|uniform|ms3|r300|s3,0.000026033,0.000049514,0.000023185,0.000050720,0.000030794,0.000054937,0.000022280,0.000047140
main|astana_clinic_nobase|nc6|np5|br0.25|uniform|ms3|r300|s4,0.000032386,0.000041271,0.000025638,0.000057541,0.000026391,0.000058672,0.000023823,0.000055025
main|astana_clinic_nobase|nc6|np5|br0.25|uniform|ms3|r300|s5,0.000024675,0.000041551,0.000028886,0.000048964,0.000032610,0.000046351,0.000030899,0.000044615
main|astana_clinic_nobase|nc6|np5|br0.25|uniform|ms3|r300|s6,0.000025104,0.000038059,0.000027352,0.000055666,0.000021732,0.000052646,0.000025581,0.000057955
main|astana_clinic_nobase|nc6|np5|br0.25|uniform|ms3|r300|s7,0.000025328,0.000046343,0.000033779,0.000056447,0.000030999,0.000059345,0.000034021,0.000050697
main|astana_clinic_nobase|nc6|np5|br0.25|uniform|ms3|r300|s8,0.000025562,0.000045571,0.000030194,0.000058656,0.000033098,0.000056332,0.000026687,0.000049064
main|astana_clinic_nobase|nc6|np5|br0.25|uniform|ms3|r300|s9,0.000026830,0.000051426,0.000031124,0.000052617,0.000031128,0.000054237,0.000031906,0.000055859
main|astana_clinic_nobase|nc6|np5|br0.25|random_1_100|ms3|r300|s0,0.000025569,0.000042674,0.000033217,0.000056569,0.000027886,0.000053400,0.000032024,0.000049648
main|astana_clinic_nobase|nc6|np5|br0.25|random_1_100|ms3|r300|s1,0.000025720,0.000047547,0.000025843,0.000064173,0.000025148,0.000063556,0.000025797,0.000055368
main|astana_clinic_nobase|nc6|np5|br0.25|random_1_100|ms3|r300|s2,0.000026936,0.000042248,0.000027938,0.000058070,0.000028299,0.000054413,0.000025335,0.000057452
main|astana_clinic_nobase|nc6|np5|br0.25|random_1_100|ms3|r300|s3,0.000044175,0.000065873,0.000025367,0.000070031,0.000031375,0.000067273,0.000028527,0.000060632
main|astana_clinic_nobase|nc6|np5|br0.25|random_1_100|ms3|r300|s4,0.000033864,0.000049921,0.000040335,0.000068962,0.000039714,0.000072376,0.000034818,0.000061126
main|astana_clinic_nobase|nc6|np5|br0.25|random_1_100|ms3|r300|s5,0.000036562,0.000059729,0.000034518,0.000058640,0.000025285,0.000057108,0.000034294,0.000053298
main|astana_clinic_nobase|nc6|np5|br0.25|random_1_100|ms3|r300|s6,0.000026137,0.000060918,0.000037971,0.000054134,0.000035311,0.000055421,0.000036865,0.000048850
main|astana_clinic_nobase|nc6|np5|br0.25|random_1_100|ms3|r300|s7,0.000025099,0.000047726,0.000030147,0.000061776,0.000031507,0.000060475,0.000031851,0.000059157
main|astana_clinic_nobase|nc6|np5|br0.25|random_1_100|ms3|r300|s8,0.000025591,0.000051386,0.000029978,0.000051231,0.000030326,0.000047526,0.000031507,0.000048791
main|astana_clinic_nobase|nc6|np5|br0.25|random_1_100|ms3|r300|s9,0.000026393,0.000043657,0.000030679,0.000063649,0.000028426,0.000060158,0.000031742,0.000060575
main|astana_clinic_nobase|nc6|np5|br0.25|one_heavy|ms3|r300|s0,0.000025233,0.000040990,0.000031021,0.000056058,0.000032165,0.000052632,0.000034055,0.000048864
main|astana_clinic_nobase|nc6|np5|br0.25|one_heavy|ms3|r300|s1,0.000025056,0.000045931,0.000032531,0.000064870,0.000034643,0.000054827,0.000031710,0.000048989
main|astana_clinic_nobase|nc6|np5|br0.25|one_heavy|ms3|r300|s2,0.000026736,0.000042852,0.000023362,0.000055537,0.000021675,0.000056576,0.000021392,0.000045132
main|astana_clinic_nobase|nc6|np5|br0.25|one_heavy|ms3|r300|s3,0.000026896,0.000048898,0.000024381,0.000064028,0.000026672,0.000052371,0.000023412,0.000051777
main|astana_clinic_nobase|nc6|np5|br0.25|one_heavy|ms3|r300|s4,0.000025930,0.000040528,0.000023191,0.000056153,0.000044400,0.000055410,0.000022398,0.000047386
main|astana_clinic_nobase|nc6|np5|br0.25|one_heavy|ms3|r300|s5,0.000027243,0.000046512,0.000030441,0.000052539,0.000030260,0.000049323,0.000033060,0.000041231
main|astana_clinic_nobase|nc6|np5|br0.25|one_heavy|ms3|r300|s6,0.000026176,0.000045675,0.000042063,0.000053946,0.000031243,0.000056209,0.000036254,0.000056392
main|astana_clinic_nobase|nc6|np5|br0.25|one_heavy|ms3|r300|s7,0.000035485,0.000038893,0.000033101,0.000046190,0.000023240,0.000043665,0.000026311,0.000045650
main|astana_clinic_nobase|nc6|np5|br0.25|one_heavy|ms3|r300|s8,0.000030933,0.000046441,0.000032067,0.000059002,0.000028383,0.000053517,0.000035836,0.000054306
main|astana_clinic_nobase|nc6|np5|br0.25|one_heavy|ms3|r300|s9,0.000025461,0.000040049,0.000025115,0.000055543,0.000025526,0.000052093,0.000026675,0.000046397
main|astana_clinic_nobase|nc6|np5|br0.5|uniform|ms3|r300|s0,0.000025038,0.000124049,0.000054206,0.000080404,0.000050337,0.000077521,0.000052791,0.000076196
main|astana_clinic_nobase|nc6|np5|br0.5|uniform|ms3|r300|s1,0.000026148,0.000104004,0.000047085,0.000088627,0.000043309,0.000087373,0.000043399,0.000066232
main|astana_clinic_nobase|nc6|np5|br0.5|uniform|ms3|r300|s2,0.000025772,0.000117296,0.000058308,0.000088658,0.000049905,0.000077919,0.000050133,0.000060945
main|astana_clinic_nobase|nc6|np5|br0.5|uniform|ms3|r300|s3,0.000026044,0.000112561,0.000052145,0.000086130,0.000047345,0.000083693,0.000061516,0.000080303
main|astana_clinic_nobase|nc6|np5|br0.5|uniform|ms3|r300|s4,0.000027297,0.000110214,0.000039173,0.000060780,0.000039665,0.000057558,0.000039421,0.000066536
main|astana_clinic_nobase|nc6|np5|br0.5|uniform|ms3|r300|s5,0.000025495,0.000112085,0.000053564,0.000084444,0.000039849,0.000089869,0.000049202,0.000084140
main|astana_clinic_nobase|nc6|np5|br0.5|uniform|ms3|r300|s6,0.000025499,0.000120956,0.000056182,0.000086961,0.000049520,0.000083304,0.000044977,0.000073700
main|astana_clinic_nobase|nc6|np5|br0.5|uniform|ms3|r300|s7,0.000026425,0.000101106,0.000043801,0.000084112,0.000044855,0.000096424,0.000048157,0.000078487
main|astana_clinic_nobase|nc6|np5|br0.5|uniform|ms3|r300|s8,0.000026177,0.000113229,0.000062699,0.000090637,0.000049903,0.000079776,0.000054252,0.000072623
main|astana_clinic_nobase|nc6|np5|br0.5|uniform|ms3|r300|s9,0.000025056,0.000108893,0.000049264,0.000076190,0.000042132,0.000071880,0.000053758,0.000059732
main|astana_clinic_nobase|nc6|np5|br0.5|random_1_100|ms3|r300|s0,0.000025989,0.000114580,0.000051464,0.000081370,0.000050573,0.000083380,0.000052258,0.000079497
main|astana_clinic_nobase|nc6|np5|br0.5|random_1_100|ms3|r300|s1,0.000026397,0.000115515,0.000056555,0.000082597,0.000055327,0.000080088,0.000058602,0.000074917
main|astana_clinic_nobase|nc6|np5|br0.5|random_1_100|ms3|r300|s2,0.000027772,0.000115514,0.000056165,0.000089910,0.000056385,0.000082992,0.000043771,0.000072321
main|astana_clinic_nobase|nc6|np5|br0.5|random_1_100|ms3|r300|s3,0.000025228,0.000111526,0.000052689,0.000100632,0.000048446,0.000087695,0.000047367,0.000061245
main|astana_clinic_nobase|nc6|np5|br0.5|random_1_100|ms3|r300|s4,0.000025414,0.000119149,0.000053178,0.000085513,0.000052336,0.000080702,0.000053883,0.000061318
main|astana_clinic_nobase|nc6|np5|br0.5|random_1_100|ms3|r300|s5,0.000026777,0.000113942,0.000042494,0.000079982,0.000039619,0.000085858,0.000040467,0.000060221
main|astana_clinic_nobase|nc6|np5|br0.5|random_1_100|ms3|r300|s6,0.000025632,0.000114071,0.000064495,0.000089126,0.000054296,0.000079821,0.000049177,0.000058884
main|astana_clinic_nobase|nc6|np5|br0.5|random_1_100|ms3|r300|s7,0.000025142,0.000124752,0.000040066,0.000090289,0.000042723,0.000092358,0.000052869,0.000075711
main|astana_clinic_nobase|nc6|np5|br0.5|random_1_100|ms3|r300|s8,0.000025248,0.000115061,0.000049452,0.000097392,0.000047763,0.000081884,0.000047579,0.000068902
main|astana_clinic_nobase|nc6|np5|br0.5|random_1_100|ms3|r300|s9,0.000026993,0.000113780,0.000054743,0.000094136,0.000053628,0.000088628,0.000057380,0.000083757
main|astana_clinic_nobase|nc6|np5|br0.5|one_heavy|ms3|r300|s0,0.000027538,0.000106794,0.000046974,0.000084054,0.000053453,0.000079681,0.000050673,0.000061083
main|astana_clinic_nobase|nc6|np5|br0.5|one_heavy|ms3|r300|s1,0.000025590,0.000117512,0.000047692,0.000085770,0.000046196,0.000062685,0.000046890,0.000072348
main|astana_clinic_nobase|nc6|np5|br0.5|one_heavy|ms3|r300|s2,0.000025286,0.000114060,0.000046902,0.000095518,0.000045888,0.000087081,0.000047259,0.000073579
main|astana_clinic_nobase|nc6|np5|br0.5|one_heavy|ms3|r300|s3,0.000027018,0.000110396,0.000053717,0.000095729,0.000056260,0.000081634,0.000059418,0.000071216
main|astana_clinic_nobase|nc6|np5|br0.5|one_heavy|ms3|r300|s4,0.000026289,0.000114142,0.000058097,0.000083277,0.000046232,0.000079742,0.000049489,0.000077785
main|astana_clinic_nobase|nc6|np5|br0.5|one_heavy|ms3|r300|s5,0.000026532,0.000114497,0.000045559,0.000089463,0.000050562,0.000072850,0.000045595,0.000085459
main|astana_clinic_nobase|nc6|np5|br0.5|one_heavy|ms3|r300|s6,0.000025270,0.000107939,0.000043302,0.000082598,0.000043777,0.000089764,0.000061165,0.000075259
main|astana_clinic_nobase|nc6|np5|br0.5|one_heavy|ms3|r300|s7,0.000033772,0.000113926,0.000039589,0.000084313,0.000043780,0.000081885,0.000040663,0.000058202
main|astana_clinic_nobase|nc6|np5|br0.5|one_heavy|ms3|r300|s8,0.000025132,0.000122710,0.000055353,0.000087236,0.000058522,0.000085546,0.000048358,0.000081018
main|astana_clinic_nobase|nc6|np5|br0.5|one_heavy|ms3|r300|s9,0.000031748,0.000125020,0.000052319,0.000108000,0.000056725,0.000087026,0.000041468,0.000061635
main|astana_clinic_nobase|nc6|np5|br1.0|uniform|ms3|r300|s0,0.000026890,0.000145220,0.000062455,0.000093669,0.000060573,0.000089695,0.000059264,0.000104498
main|astana_clinic_nobase|nc6|np5|br1.0|uniform|ms3|r300|s1,0.000035806,0.000152037,0.000053014,0.000097747,0.000054423,0.000087815,0.000053005,0.000083255
main|astana_clinic_nobase|nc6|np5|br1.0|uniform|ms3|r300|s2,0.000026151,0.000143402,0.000056644,0.000088918,0.000055075,0.000083640,0.000058281,0.000062183
main|astana_clinic_nobase|nc6|np5|br1.0|uniform|ms3|r300|s3,0.000035356,0.000147733,0.000057952,0.000083984,0.000053961,0.000094448,0.000052761,0.000076264
main|astana_clinic_nobase|nc6|np5|br1.0|uniform|ms3|r300|s4,0.000026070,0.000167582,0.000056489,0.000095845,0.000055233,0.000095011,0.000056342,0.000060406
main|astana_clinic_nobase|nc6|np5|br1.0|uniform|ms3|r300|s5,0.000028046,0.000144252,0.000054326,0.000091824,0.000055515,0.000089131,0.000057327,0.000064781
main|astana_clinic_nobase|nc6|np5|br1.0|uniform|ms3|r300|s6,0.000026098,0.000147983,0.000057021,0.000093996,0.000073595,0.000085772,0.000056950,0.000085135
main|astana_clinic_nobase|nc6|np5|br1.0|uniform|ms3|r300|s7,0.000026151,0.000153898,0.000056682,0.000091091,0.000059031,0.000086387,0.000056895,0.000082919
main|astana_clinic_nobase|nc6|np5|br1.0|uniform|ms3|r300|s8,0.000026449,0.000140721,0.000057464,0.000090564,0.000053900,0.000090432,0.000055183,0.000082426
main|astana_clinic_nobase|nc6|np5|br1.0|uniform|ms3|r300|s9,0.000026854,0.000142456,0.000054623,0.000087929,0.000054749,0.000082829,0.000058131,0.000079323
main|astana_clinic_nobase|nc6|np5|br1.0|random_1_100|ms3|r300|s0,0.000025346,0.000143073,0.000059414,0.000091514,0.000055635,0.000092519,0.000055747,0.000081144
main|astana_clinic_nobase|nc6|np5|br1.0|random_1_100|ms3|r300|s1,0.000024791,0.000150494,0.000054804,0.000088558,0.000057518,0.000084531,0.000053788,0.000077512
main|astana_clinic_nobase|nc6|np5|br1.0|random_1_100|ms3|r300|s2,0.000025217,0.000148952,0.000053768,0.000079038,0.000057540,0.000078459,0.000054141,0.000080201
main|astana_clinic_nobase|nc6|np5|br1.0|random_1_100|ms3|r300|s3,0.000028290,0.000147484,0.000052323,0.000083839,0.000054026,0.000081108,0.000057157,0.000059587
main|astana_clinic_nobase|nc6|np5|br1.0|random_1_100|ms3|r300|s4,0.000026311,0.000142853,0.000056773,0.000098741,0.000054798,0.000087187,0.000056502,0.000088570
main|astana_clinic_nobase|nc6|np5|br1.0|random_1_100|ms3|r300|s5,0.000025441,0.000145100,0.000056947,0.000089029,0.000053503,0.000057886,0.000061100,0.000082215
main|astana_clinic_nobase|nc6|np5|br1.0|random_1_100|ms3|r300|s6,0.000025103,0.000142091,0.000054004,0.000084155,0.000053060,0.000084247,0.000056365,0.000081751
main|astana_clinic_nobase|nc6|np5|br1.0|random_1_100|ms3|r300|s7,0.000026731,0.000143812,0.000053175,0.000090206,0.000057804,0.000090224,0.000053967,0.000093115
main|astana_clinic_nobase|nc6|np5|br1.0|random_1_100|ms3|r300|s8,0.000024403,0.000158264,0.000055436,0.000089207,0.000053972,0.000086903,0.000057414,0.000061560
main|astana_clinic_nobase|nc6|np5|br1.0|random_1_100|ms3|r300|s9,0.000025946,0.000149169,0.000052354,0.000085983,0.000051719,0.000085533,0.000059366,0.000080468
main|astana_clinic_nobase|nc6|np5|br1.0|one_heavy|ms3|r300|s0,0.000025808,0.000147584,0.000061340,0.000090693,0.000059603,0.000084314,0.000054099,0.000081314
main|astana_clinic_nobase|nc6|np5|br1.0|one_heavy|ms3|r300|s1,0.000025689,0.000146015,0.000053379,0.000089904,0.000052629,0.000088225,0.000053460,0.000073652
main|astana_clinic_nobase|nc6|np5|br1.0|one_heavy|ms3|r300|s2,0.000028837,0.000139638,0.000054888,0.000090750,0.000053500,0.000091522,0.000055295,0.000076519
main|astana_clinic_nobase|nc6|np5|br1.0|one_heavy|ms3|r300|s3,0.000032494,0.000142365,0.000053514,0.000077317,0.000054612,0.000062367,0.000052414,0.000058894
main|astana_clinic_nobase|nc6|np5|br1.0|one_heavy|ms3|r300|s4,0.000035375,0.000154153,0.000057081,0.000090056,0.000056734,0.000085127,0.000055873,0.000076607
main|astana_clinic_nobase|nc6|np5|br1.0|one_heavy|ms3|r300|s5,0.000033158,0.000141076,0.000054740,0.000082569,0.000057493,0.000082558,0.000053986,0.000074363
main|astana_clinic_nobase|nc6|np5|br1.0|one_heavy|ms3|r300|s6,0.000025303,0.000142454,0.000053707,0.000084242,0.000051707,0.000084085,0.000052130,0.000060890
main|astana_clinic_nobase|nc6|np5|br1.0|one_heavy|ms3|r300|s7,0.000026738,0.000145410,0.000054034,0.000091532,0.000053431,0.000086262,0.000053939,0.000081510
main|astana_clinic_nobase|nc6|np5|br1.0|one_heavy|ms3|r300|s8,0.000026354,0.000146397,0.000054675,0.000090665,0.000053929,0.000082134,0.000051697,0.000073659
main|astana_clinic_nobase|nc6|np5|br1.0|one_heavy|ms3|r300|s9,0.000025565,0.000146349,0.000052881,0.000097203,0.000057065,0.000103065,0.000054278,0.000080294
main|astana_clinic_nobase|nc6|np15|br0.25|uniform|ms3|r300|s0,0.000067434,0.000055709,0.000029119,0.000072586,0.000026938,0.000067704,0.000042190,0.000065352
main|astana_clinic_nobase|nc6|np15|br0.25|uniform|ms3|r300|s1,0.000069259,0.000050414,0.000041274,0.000071171,0.000043397,0.000074102,0.000041321,0.000070845
main|astana_clinic_nobase|nc6|np15|br0.25|uniform|ms3|r300|s2,0.000078674,0.000053504,0.000044133,0.000073828,0.000055121,0.000081732,0.000042526,0.000068081
main|astana_clinic_nobase|nc6|np15|br0.25|uniform|ms3|r300|s3,0.000065962,0.000058120,0.000037846,0.000068814,0.000045219,0.000058218,0.000041073,0.000059747
main|astana_clinic_nobase|nc6|np15|br0.25|uniform|ms3|r300|s4,0.000064007,0.000045393,0.000046791,0.000074934,0.000038078,0.000072265,0.000039817,0.000072034
main|astana_clinic_nobase|nc6|np15|br0.25|uniform|ms3|r300|s5,0.000063894,0.000040929,0.000027795,0.000057252,0.000028035,0.000058003,0.000034718,0.000058461
main|astana_clinic_nobase|nc6|np15|br0.25|uniform|ms3|r300|s6,0.000062623,0.000062900,0.000039420,0.000097774,0.000036631,0.000085789,0.000037525,0.000082534
main|astana_clinic_nobase|nc6|np15|br0.25|uniform|ms3|r300|s7,0.000063826,0.000045063,0.000036889,0.000075934,0.000036914,0.000077569,0.000031499,0.000062142
main|astana_clinic_nobase|nc6|np15|br0.25|uniform|ms3|r300|s8,0.000062154,0.000046805,0.000038800,0.000062763,0.000038170,0.000063378,0.000037807,0.000062620
main|astana_clinic_nobase|nc6|np15|br0.25|uniform|ms3|r300|s9,0.000060961,0.000050221,0.000027453,0.000069175,0.000029274,0.000064674,0.000027721,0.000068781
main|astana_clinic_nobase|nc6|np15|br0.25|random_1_100|ms3|r300|s0,0.000064402,0.000045024,0.000032916,0.000065615,0.000034014,0.000065696,0.000037913,0.000082198
main|astana_clinic_nobase|nc6|np15|br0.25|random_1_100|ms3|r300|s1,0.000063222,0.000052472,0.000036359,0.000083538,0.000041236,0.000068477,0.000036054,0.000071495
main|astana_clinic_nobase|nc6|np15|br0.25|random_1_100|ms3|r300|s2,0.000069360,0.000056873,0.000045732,0.000080048,0.000038928,0.000077575,0.000038435,0.000076535
main|astana_clinic_nobase|nc6|np15|br0.25|random_1_100|ms3|r300|s3,0.000064206,0.000053870,0.000037249,0.000078447,0.000039208,0.000079435,0.000038550,0.000074646
main|astana_clinic_nobase|nc6|np15|br0.25|random_1_100|ms3|r300|s4,0.000063302,0.000047828,0.000040241,0.000069422,0.000040410,0.000067542,0.000034868,0.000074549
main|astana_clinic_nobase|nc6|np15|br0.25|random_1_100|ms3|r300|s5,0.000062866,0.000042018,0.000033818,0.000070306,0.000032114,0.000063850,0.000036643,0.000063806
main|astana_clinic_nobase|nc6|np15|br0.25|random_1_100|ms3|r300|s6,0.000066437,0.000045813,0.000037329,0.000065775,0.000032041,0.000062629,0.000033671,0.000066890
main|astana_clinic_nobase|nc6|np15|br0.25|random_1_100|ms3|r300|s7,0.000065044,0.000046916,0.000027617,0.000074748,0.000027915,0.000068131,0.000039262,0.000066039
main|astana_clinic_nobase|nc6|np15|br0.25|random_1_100|ms3|r300|s8,0.000066757,0.000047664,0.000042213,0.000063360,0.000041937,0.000069170,0.000041480,0.000066151
main|astana_clinic_nobase|nc6|np15|br0.25|random_1_100|ms3|r300|s9,0.000088644,0.000069244,0.000033415,0.000070037,0.000030036,0.000071859,0.000044326,0.000069862
main|astana_clinic_nobase|nc6|np15|br0.25|one_heavy|ms3|r300|s0,0.000064225,0.000038582,0.000033053,0.000056360,0.000034107,0.000071800,0.000032715,0.000058091
main|astana_clinic_nobase|nc6|np15|br0.25|one_heavy|ms3|r300|s1,0.000063462,0.000046983,0.000031649,0.000071517,0.000039224,0.000072158,0.000031609,0.000067196
main|astana_clinic_nobase|nc6|np15|br0.25|one_heavy|ms3|r300|s2,0.000063696,0.000048691,0.000037410,0.000066477,0.000047175,0.000063637,0.000039165,0.000065709
main|astana_clinic_nobase|nc6|np15|br0.25|one_heavy|ms3|r300|s3,0.000069349,0.000039682,0.000034606,0.000056103,0.000030052,0.000053475,0.000028419,0.000054936
main|astana_clinic_nobase|nc6|np15|br0.25|one_heavy|ms3|r300|s4,0.000067645,0.000048189,0.000028468,0.000072575,0.000026733,0.000066722,0.000034247,0.000068166
main|astana_clinic_nobase|nc6|np15|br0.25|one_heavy|ms3|r300|s5,0.000065230,0.000046008,0.000043181,0.000070476,0.000033243,0.000069848,0.000035977,0.000073232
main|astana_clinic_nobase|nc6|np15|br0.25|one_heavy|ms3|r300|s6,0.000064683,0.000049925,0.000039520,0.000074236,0.000041291,0.000063982,0.000039145,0.000063366
main|astana_clinic_nobase|nc6|np15|br0.25|one_heavy|ms3|r300|s7,0.000063136,0.000037171,0.000026883,0.000051379,0.000029607,0.000049920,0.000028748,0.000047285
main|astana_clinic_nobase|nc6|np15|br0.25|one_heavy|ms3|r300|s8,0.000064790,0.000063112,0.000035676,0.000065318,0.000039407,0.000067123,0.000034815,0.000052954
main|astana_clinic_nobase|nc6|np15|br0.25|one_heavy|ms3|r300|s9,0.000064722,0.000050164,0.000033434,0.000070708,0.000033136,0.000071227,0.000033433,0.000072425
main|astana_clinic_nobase|nc6|np15|br0.5|uniform|ms3|r300|s0,0.000063802,0.000170767,0.000058721,0.000110777,0.000071095,0.000098308,0.000052579,0.000102961
main|astana_clinic_nobase|nc6|np15|br0.5|uniform|ms3|r300|s1,0.000062929,0.000129058,0.000048411,0.000107099,0.000042217,0.000127765,0.000063697,0.000100775
main|astana_clinic_nobase|nc6|np15|br0.5|uniform|ms3|r300|s2,0.000066085,0.000133156,0.000057103,0.000107562,0.000051345,0.000097972,0.000050068,0.000091153
main|astana_clinic_nobase|nc6|np15|br0.5|uniform|ms3|r300|s3,0.000057189,0.000133359,0.000072642,0.000116179,0.000059216,0.000106829,0.000071751,0.000109292
main|astana_clinic_nobase|nc6|np15|br0.5|uniform|ms3|r300|s4,0.000061437,0.000123655,0.000062015,0.000110862,0.000062681,0.000110548,0.000063201,0.000098196
main|astana_clinic_nobase|nc6|np15|br0.5|uniform|ms3|r300|s5,0.000083662,0.000121647,0.000059557,0.000143253,0.000053134,0.000089618,0.000058638,0.000094729
main|astana_clinic_nobase|nc6|np15|br0.5|uniform|ms3|r300|s6,0.000057646,0.000131802,0.000056307,0.000107104,0.000053423,0.000100394,0.000066494,0.000095093
main|astana_clinic_nobase|nc6|np15|br0.5|uniform|ms3|r300|s7,0.000056384,0.000130737,0.000054983,0.000104359,0.000062923,0.000101274,0.000058513,0.000096246
main|astana_clinic_nobase|nc6|np15|br0.5|uniform|ms3|r300|s8,0.000056726,0.000140630,0.000061931,0.000103898,0.000066266,0.000096158,0.000058346,0.000102890
main|astana_clinic_nobase|nc6|np15|br0.5|uniform|ms3|r300|s9,0.000057092,0.000126673,0.000061256,0.000098964,0.000058799,0.000099630,0.000060281,0.000096163
main|astana_clinic_nobase|nc6|np15|br0.5|random_1_100|ms3|r300|s0,0.000062453,0.000126466,0.000070435,0.000105495,0.000058024,0.000100563,0.000060091,0.000102156
main|astana_clinic_nobase|nc6|np15|br0.5|random_1_100|ms3|r300|s1,0.000059269,0.000144391,0.000058404,0.000103889,0.000055030,0.000085241,0.000060447,0.000089884
main|astana_clinic_nobase|nc6|np15|br0.5|random_1_100|ms3|r300|s2,0.000057690,0.000130874,0.000066750,0.000101416,0.000064366,0.000100870,0.000056027,0.000095788
main|astana_clinic_nobase|nc6|np15|br0.5|random_1_100|ms3|r300|s3,0.000056168,0.000134139,0.000057794,0.000105247,0.000059538,0.000096286,0.000054451,0.000089825
main|astana_clinic_nobase|nc6|np15|br0.5|random_1_100|ms3|r300|s4,0.000058450,0.000125395,0.000057250,0.000102086,0.000052911,0.000096694,0.000055565,0.000095149
main|astana_clinic_nobase|nc6|np15|br0.5|random_1_100|ms3|r300|s5,0.000056977,0.000128438,0.000057970,0.000100967,0.000055817,0.000103279,0.000063700,0.000101658
main|astana_clinic_nobase|nc6|np15|br0.5|random_1_100|ms3|r300|s6,0.000059289,0.000137251,0.000060491,0.000106930,0.000061048,0.000104400,0.000066350,0.000095701
main|astana_clinic_nobase|nc6|np15|br0.5|random_1_100|ms3|r300|s7,0.000061129,0.000139860,0.000061093,0.000111670,0.000055192,0.000108003,0.000067331,0.000105847
main|astana_clinic_nobase|nc6|np15|br0.5|random_1_100|ms3|r300|s8,0.000059002,0.000129714,0.000055341,0.000108055,0.000054353,0.000097553,0.000063801,0.000093406
main|astana_clinic_nobase|nc6|np15|br0.5|random_1_100|ms3|r300|s9,0.000057916,0.000131602,0.000060281,0.000110455,0.000065819,0.000105180,0.000057061,0.000098146
main|astana_clinic_nobase|nc6|np15|br0.5|one_heavy|ms3|r300|s0,0.000062721,0.000130379,0.000060669,0.000103173,0.000057942,0.000105540,0.000065798,0.000099237
main|astana_clinic_nobase|nc6|np15|br0.5|one_heavy|ms3|r300|s1,0.000062019,0.000127432,0.000057510,0.000106113,0.000058743,0.000090321,0.000058166,0.000097907
main|astana_clinic_nobase|nc6|np15|br0.5|one_heavy|ms3|r300|s2,0.000059143,0.000125960,0.000063814,0.000098560,0.000064078,0.000094829,0.000062412,0.000091069
main|astana_clinic_nobase|nc6|np15|br0.5|one_heavy|ms3|r300|s3,0.000060005,0.000130347,0.000054772,0.000107861,0.000061078,0.000104223,0.000051061,0.000106476
main|astana_clinic_nobase|nc6|np15|br0.5|one_heavy|ms3|r300|s4,0.000062625,0.000131090,0.000054623,0.000106787,0.000052933,0.000098228,0.000053860,0.000094358
main|astana_clinic_nobase|nc6|np15|br0.5|one_heavy|ms3|r300|s5,0.000058014,0.000130621,0.000057094,0.000109737,0.000054913,0.000109074,0.000053559,0.000101325
main|astana_clinic_nobase|nc6|np15|br0.5|one_heavy|ms3|r300|s6,0.000056150,0.000119134,0.000063446,0.000105383,0.000060612,0.000099962,0.000064341,0.000100954
main|astana_clinic_nobase|nc6|np15|br0.5|one_heavy|ms3|r300|s7,0.000059769,0.000140070,0.000051470,0.000094456,0.000054085,0.000099359,0.000057036,0.000093184
main|astana_clinic_nobase|nc6|np15|br0.5|one_heavy|ms3|r300|s8,0.000061723,0.000146656,0.000072916,0.000105954,0.000070291,0.000107244,0.000072577,0.000095117
main|astana_clinic_nobase|nc6|np15|br0.5|one_heavy|ms3|r300|s9,0.000058371,0.000138597,0.000067534,0.000108972,0.000067787,0.000099095,0.000059543,0.000090523
main|astana_clinic_nobase|nc6|np15|br1.0|uniform|ms3|r300|s0,0.000058977,0.000175647,0.000064170,0.000104079,0.000066262,0.000105424,0.000068422,0.000094811
main|astana_clinic_nobase|nc6|np15|br1.0|uniform|ms3|r300|s1,0.000058823,0.000166649,0.000078022,0.000100987,0.000066587,0.000103669,0.000068934,0.000096423
main|astana_clinic_nobase|nc6|np15|br1.0|uniform|ms3|r300|s2,0.000058070,0.000168342,0.000067608,0.000110819,0.000067605,0.000102033,0.000084584,0.000103892
main|astana_clinic_nobase|nc6|np15|br1.0|uniform|ms3|r300|s3,0.000058838,0.000175556,0.000065425,0.000107420,0.000064760,0.000106018,0.000073083,0.000102046
main|astana_clinic_nobase|nc6|np15|br1.0|uniform|ms3|r300|s4,0.000057632,0.000164107,0.000066281,0.000108162,0.000064626,0.000107603,0.000069677,0.000100508
main|astana_clinic_nobase|nc6|np15|br1.0|uniform|ms3|r300|s5,0.000061176,0.000170943,0.000065547,0.000107837,0.000065102,0.000097254,0.000069391,0.000071586
main|astana_clinic_nobase|nc6|np15|br1.0|uniform|ms3|r300|s6,0.000058999,0.000168669,0.000068333,0.000105637,0.000066080,0.000104071,0.000069637,0.000101577
main|astana_clinic_nobase|nc6|np15|br1.0|uniform|ms3|r300|s7,0.000056628,0.000161113,0.000067393,0.000105977,0.000063666,0.000102137,0.000062416,0.000088399
main|astana_clinic_nobase|nc6|np15|br1.0|uniform|ms3|r300|s8,0.000056685,0.000178016,0.000064064,0.000102950,0.000067669,0.000099897,0.000067640,0.000099155
main|astana_clinic_nobase|nc6|np15|br1.0|uniform|ms3|r300|s9,0.000059306,0.000163368,0.000063843,0.000101654,0.000069123,0.000097487,0.000066614,0.000090794
main|astana_clinic_nobase|nc6|np15|br1.0|random_1_100|ms3|r300|s0,0.000056322,0.000163588,0.000067293,0.000103796,0.000063754,0.000095184,0.000068469,0.000096977
main|astana_clinic_nobase|nc6|np15|br1.0|random_1_100|ms3|r300|s1,0.000057642,0.000167316,0.000064620,0.000116268,0.000064812,0.000073817,0.000065277,0.000096926
main|astana_clinic_nobase|nc6|np15|br1.0|random_1_100|ms3|r300|s2,0.000061713,0.000162339,0.000066636,0.000103153,0.000065544,0.000097523,0.000063780,0.000098893
main|astana_clinic_nobase|nc6|np15|br1.0|random_1_100|ms3|r300|s3,0.000060617,0.000167420,0.000074374,0.000108950,0.000067483,0.000099631,0.000069922,0.000097168
main|astana_clinic_nobase|nc6|np15|br1.0|random_1_100|ms3|r300|s4,0.000057705,0.000164225,0.000067596,0.000105174,0.000067552,0.000100443,0.000067181,0.000100999
main|astana_clinic_nobase|nc6|np15|br1.0|random_1_100|ms3|r300|s5,0.000057829,0.000163027,0.000062592,0.000104268,0.000067765,0.000102656,0.000065892,0.000095417
main|astana_clinic_nobase|nc6|np15|br1.0|random_1_100|ms3|r300|s6,0.000059272,0.000157364,0.000065495,0.000100731,0.000067428,0.000094230,0.000067515,0.000093236
main|astana_clinic_nobase|nc6|np15|br1.0|random_1_100|ms3|r300|s7,0.000057153,0.000163752,0.000067323,0.000105685,0.000067272,0.000100731,0.000065922,0.000093067
main|astana_clinic_nobase|nc6|np15|br1.0|random_1_100|ms3|r300|s8,0.000059734,0.000175697,0.000066601,0.000106331,0.000062866,0.000098642,0.000067670,0.000103444
main|astana_clinic_nobase|nc6|np15|br1.0|random_1_100|ms3|r300|s9,0.000056217,0.000161688,0.000067009,0.000103550,0.000063300,0.000095094,0.000066462,0.000097044
main|astana_clinic_nobase|nc6|np15|br1.0|one_heavy|ms3|r300|s0,0.000059621,0.000210123,0.000075412,0.000119060,0.000071722,0.000108553,0.000085289,0.000114312
main|astana_clinic_nobase|nc6|np15|br1.0|one_heavy|ms3|r300|s1,0.000073167,0.000225649,0.000071633,0.000114197,0.000074307,0.000106714,0.000076371,0.000105663
main|astana_clinic_nobase|nc6|np15|br1.0|one_heavy|ms3|r300|s2,0.000064402,0.000202941,0.000072931,0.000113060,0.000073938,0.000112686,0.000087742,0.000132193
main|astana_clinic_nobase|nc6|np15|br1.0|one_heavy|ms3|r300|s3,0.000068438,0.000199761,0.000071651,0.000121674,0.000081550,0.000110984,0.000080215,0.000104575
main|astana_clinic_nobase|nc6|np15|br1.0|one_heavy|ms3|r300|s4,0.000064508,0.000180838,0.000070638,0.000115844,0.000076307,0.000108295,0.000072560,0.000110240
main|astana_clinic_nobase|nc6|np15|br1.0|one_heavy|ms3|r300|s5,0.000064803,0.000193366,0.000074825,0.000113337,0.000074447,0.000112231,0.000073909,0.000115120
main|astana_clinic_nobase|nc6|np15|br1.0|one_heavy|ms3|r300|s6,0.000064228,0.000192571,0.000081803,0.000132471,0.000073663,0.000106305,0.000072485,0.000112169
main|astana_clinic_nobase|nc6|np15|br1.0|one_heavy|ms3|r300|s7,0.000065094,0.000200368,0.000072639,0.000116372,0.000071608,0.000119695,0.000076016,0.000111440
main|astana_clinic_nobase|nc6|np15|br1.0|one_heavy|ms3|r300|s8,0.000063850,0.000184814,0.000082145,0.000116598,0.000075122,0.000122330,0.000073750,0.000114388
main|astana_clinic_nobase|nc6|np15|br1.0|one_heavy|ms3|r300|s9,0.000065609,0.000206577,0.000087611,0.000108839,0.000071119,0.000106305,0.000081472,0.000105830
main|astana_clinic_nobase|nc6|np25|br0.25|uniform|ms3|r300|s0,0.000108328,0.000062290,0.000045947,0.000140898,0.000061916,0.000142240,0.000065092,0.000144171
main|astana_clinic_nobase|nc6|np25|br0.25|uniform|ms3|r300|s1,0.000162379,0.000083427,0.000066666,0.000106949,0.000063367,0.000104859,0.000062518,0.000111860
main|astana_clinic_nobase|nc6|np25|br0.25|uniform|ms3|r300|s2,0.000160633,0.000068395,0.000039709,0.000083997,0.000038647,0.000081623,0.000037437,0.000077648
main|astana_clinic_nobase|nc6|np25|br0.25|uniform|ms3|r300|s3,0.000103143,0.000056336,0.000043511,0.000089198,0.000043547,0.000087329,0.000043065,0.000082326
main|astana_clinic_nobase|nc6|np25|br0.25|uniform|ms3|r300|s4,0.000101070,0.000044996,0.000042102,0.000070476,0.000032200,0.000070425,0.000039830,0.000068196
main|astana_clinic_nobase|nc6|np25|br0.25|uniform|ms3|r300|s5,0.000111374,0.000068905,0.000046531,0.000102369,0.000044496,0.000101502,0.000038918,0.000101010
main|astana_clinic_nobase|nc6|np25|br0.25|uniform|ms3|r300|s6,0.000103814,0.000045845,0.000041357,0.000079498,0.000033419,0.000069911,0.000034074,0.000074023
main|astana_clinic_nobase|nc6|np25|br0.25|uniform|ms3|r300|s7,0.000109550,0.000058991,0.000044480,0.000086157,0.000044880,0.000088226,0.000046524,0.000084210
main|astana_clinic_nobase|nc6|np25|br0.25|uniform|ms3|r300|s8,0.000102408,0.000062426,0.000049547,0.000091378,0.000051511,0.000086249,0.000052494,0.000089646
main|astana_clinic_nobase|nc6|np25|br0.25|uniform|ms3|r300|s9,0.000106890,0.000064612,0.000033984,0.000078646,0.000034486,0.000072161,0.000033273,0.000068340
main|astana_clinic_nobase|nc6|np25|br0.25|random_1_100|ms3|r300|s0,0.000093300,0.000045848,0.000030384,0.000069226,0.000032296,0.000069313,0.000040335,0.000065728
main|astana_clinic_nobase|nc6|np25|br0.25|random_1_100|ms3|r300|s1,0.000098031,0.000044566,0.000040168,0.000071427,0.000035716,0.000070844,0.000041136,0.000070841
main|astana_clinic_nobase|nc6|np25|br0.25|random_1_100|ms3|r300|s2,0.000093110,0.000046636,0.000032025,0.000068644,0.000034736,0.000066108,0.000030413,0.000066247
main|astana_clinic_nobase|nc6|np25|br0.25|random_1_100|ms3|r300|s3,0.000094163,0.000058472,0.000043398,0.000079073,0.000041477,0.000073910,0.000046560,0.000072791
main|astana_clinic_nobase|nc6|np25|br0.25|random_1_100|ms3|r300|s4,0.000092449,0.000054585,0.000038493,0.000065488,0.000036188,0.000066298,0.000042422,0.000064315
main|astana_clinic_nobase|nc6|np25|br0.25|random_1_100|ms3|r300|s5,0.000092137,0.000043965,0.000041288,0.000068532,0.000039788,0.000068093,0.000034307,0.000069416
main|astana_clinic_nobase|nc6|np25|br0.25|random_1_100|ms3|r300|s6,0.000090824,0.000046053,0.000036936,0.000069307,0.000035339,0.000072227,0.000041345,0.000067914
main|astana_clinic_nobase|nc6|np25|br0.25|random_1_100|ms3|r300|s7,0.000093894,0.000059743,0.000045974,0.000071890,0.000044955,0.000066538,0.000039852,0.000072411
main|astana_clinic_nobase|nc6|np25|br0.25|random_1_100|ms3|r300|s8,0.000090089,0.000044000,0.000035976,0.000072557,0.000034880,0.000072300,0.000034095,0.000068532
main|astana_clinic_nobase|nc6|np25|br0.25|random_1_100|ms3|r300|s9,0.000091105,0.000050990,0.000045200,0.000075720,0.000036414,0.000074663,0.000045619,0.000073051
main|astana_clinic_nobase|nc6|np25|br0.25|one_heavy|ms3|r300|s0,0.000090349,0.000043986,0.000034913,0.000068883,0.000039612,0.000067734,0.000035816,0.000068975
main|astana_clinic_nobase|nc6|np25|br0.25|one_heavy|ms3|r300|s1,0.000090676,0.000049453,0.000032867,0.000069757,0.000030551,0.000076417,0.000044394,0.000067910
main|astana_clinic_nobase|nc6|np25|br0.25|one_heavy|ms3|r300|s2,0.000092208,0.000052568,0.000040400,0.000076237,0.000034221,0.000075117,0.000040034,0.000080535
main|astana_clinic_nobase|nc6|np25|br0.25|one_heavy|ms3|r300|s3,0.000096606,0.000047395,0.000037102,0.000076290,0.000048610,0.000092829,0.000044988,0.000077296
main|astana_clinic_nobase|nc6|np25|br0.25|one_heavy|ms3|r300|s4,0.000099049,0.000060095,0.000044948,0.000068504,0.000043688,0.000075485,0.000046506,0.000069924
main|astana_clinic_nobase|nc6|np25|br0.25|one_heavy|ms3|r300|s5,0.000090704,0.000077109,0.000051116,0.000085822,0.000051763,0.000088643,0.000055087,0.000114715
main|astana_clinic_nobase|nc6|np25|br0.25|one_heavy|ms3|r300|s6,0.000114525,0.000054831,0.000046873,0.000079788,0.000044326,0.000072932,0.000046779,0.000079599
main|astana_clinic_nobase|nc6|np25|br0.25|one_heavy|ms3|r300|s7,0.000106647,0.000059809,0.000039518,0.000086287,0.000038317,0.000086111,0.000072790,0.000084430
main|astana_clinic_nobase|nc6|np25|br0.25|one_heavy|ms3|r300|s8,0.000106110,0.000056903,0.000046931,0.000075604,0.000044587,0.000072650,0.000045878,0.000071908
main|astana_clinic_nobase|nc6|np25|br0.25|one_heavy|ms3|r300|s9,0.000106706,0.000064612,0.000047762,0.000076618,0.000043678,0.000075836,0.000046570,0.000077058
main|astana_clinic_nobase|nc6|np25|br0.5|uniform|ms3|r300|s0,0.000100938,0.000167211,0.000076939,0.000138844,0.000078403,0.000118189,0.000078380,0.000132415
main|astana_clinic_nobase|nc6|np25|br0.5|uniform|ms3|r300|s1,0.000104527,0.000200646,0.000104526,0.000133010,0.000128638,0.000180365,0.000087080,0.000173455
main|astana_clinic_nobase|nc6|np25|br0.5|uniform|ms3|r300|s2,0.000136633,0.000199015,0.000071365,0.000140840,0.000102775,0.000134841,0.000089437,0.000140440
main|astana_clinic_nobase|nc6|np25|br0.5|uniform|ms3|r300|s3,0.000165314,0.000182071,0.000067957,0.000131996,0.000086411,0.000139905,0.000067544,0.000126172
main|astana_clinic_nobase|nc6|np25|br0.5|uniform|ms3|r300|s4,0.000142370,0.000209075,0.000094047,0.000157353,0.000086817,0.000141871,0.000087381,0.000160100
main|astana_clinic_nobase|nc6|np25|br0.5|uniform|ms3|r300|s5,0.000115932,0.000187708,0.000075071,0.000144129,0.000080444,0.000148663,0.000062245,0.000122379
main|astana_clinic_nobase|nc6|np25|br0.5|uniform|ms3|r300|s6,0.000111328,0.000235606,0.000079860,0.000170820,0.000084845,0.000175185,0.000083529,0.000173933
main|astana_clinic_nobase|nc6|np25|br0.5|uniform|ms3|r300|s7,0.000157006,0.000226075,0.000136815,0.000140111,0.000083525,0.000126958,0.000083507,0.000128369
main|astana_clinic_nobase|nc6|np25|br0.5|uniform|ms3|r300|s8,0.000109031,0.000178262,0.000072891,0.000138417,0.000073898,0.000129350,0.000075503,0.000144873
main|astana_clinic_nobase|nc6|np25|br0.5|uniform|ms3|r300|s9,0.000101133,0.000168401,0.000087568,0.000137277,0.000075140,0.000129518,0.000076409,0.000130091
main|astana_clinic_nobase|nc6|np25|br0.5|random_1_100|ms3|r300|s0,0.000107361,0.000163103,0.000073674,0.000135941,0.000070541,0.000132212,0.000079246,0.000135134
main|astana_clinic_nobase|nc6|np25|br0.5|random_1_100|ms3|r300|s1,0.000106752,0.000167652,0.000077495,0.000137810,0.000087888,0.000136994,0.000075728,0.000138932
main|astana_clinic_nobase|nc6|np25|br0.5|random_1_100|ms3|r300|s2,0.000109913,0.000176472,0.000076560,0.000137629,0.000070007,0.000130058,0.000077705,0.000134668
main|astana_clinic_nobase|nc6|np25|br0.5|random_1_100|ms3|r300|s3,0.000107721,0.000169891,0.000081738,0.000136233,0.000088976,0.000129771,0.000083573,0.000128297
main|astana_clinic_nobase|nc6|np25|br0.5|random_1_100|ms3|r300|s4,0.000102590,0.000161460,0.000093749,0.000137013,0.000091849,0.000140107,0.000082633,0.000128205
main|astana_clinic_nobase|nc6|np25|br0.5|random_1_100|ms3|r300|s5,0.000101883,0.000175663,0.000085156,0.000139394,0.000083934,0.000133841,0.000083609,0.000129312
main|astana_clinic_nobase|nc6|np25|br0.5|random_1_100|ms3|r300|s6,0.000105805,0.000163677,0.000088683,0.000140120,0.000087153,0.000136808,0.000077680,0.000135519
main|astana_clinic_nobase|nc6|np25|br0.5|random_1_100|ms3|r300|s7,0.000103604,0.000173688,0.000077434,0.000134142,0.000086220,0.000127829,0.000067189,0.000131258
main|astana_clinic_nobase|nc6|np25|br0.5|random_1_100|ms3|r300|s8,0.000102626,0.000182698,0.000081309,0.000139416,0.000080609,0.000124572,0.000087229,0.000143167
main|astana_clinic_nobase|nc6|np25|br0.5|random_1_100|ms3|r300|s9,0.000104343,0.000168932,0.000086003,0.000260770,0.000183442,0.000253181,0.000167387,0.000146831
main|astana_clinic_nobase|nc6|np25|br0.5|one_heavy|ms3|r300|s0,0.000104881,0.000189805,0.000092549,0.000133827,0.000084619,0.000133547,0.000081390,0.000130547
main|astana_clinic_nobase|nc6|np25|br0.5|one_heavy|ms3|r300|s1,0.000105528,0.000199509,0.000091504,0.000148909,0.000072388,0.000140819,0.000080612,0.000135806
main|astana_clinic_nobase|nc6|np25|br0.5|one_heavy|ms3|r300|s2,0.000105895,0.000167598,0.000095055,0.000139244,0.000078375,0.000137456,0.000089951,0.000133472
main|astana_clinic_nobase|nc6|np25|br0.5|one_heavy|ms3|r300|s3,0.000109592,0.000178541,0.000067873,0.000144218,0.000067137,0.000145045,0.000080219,0.000125072
main|astana_clinic_nobase|nc6|np25|br0.5|one_heavy|ms3|r300|s4,0.000100874,0.000176518,0.000063880,0.000126137,0.000065553,0.000136943,0.000068136,0.000116846
main|astana_clinic_nobase|nc6|np25|br0.5|one_heavy|ms3|r300|s5,0.000104728,0.000162727,0.000090441,0.000130135,0.000083875,0.000129580,0.000081973,0.000124444
main|astana_clinic_nobase|nc6|np25|br0.5|one_heavy|ms3|r300|s6,0.000102832,0.000165563,0.000076570,0.000138870,0.000083156,0.000132802,0.000077828,0.000132350
main|astana_clinic_nobase|nc6|np25|br0.5|one_heavy|ms3|r300|s7,0.000105975,0.000173412,0.000072695,0.000140358,0.000076359,0.000127306,0.000091465,0.000138979
main|astana_clinic_nobase|nc6|np25|br0.5|one_heavy|ms3|r300|s8,0.000104623,0.000167352,0.000076105,0.000137683,0.000080352,0.000125173,0.000077020,0.000134256
main|astana_clinic_nobase|nc6|np25|br0.5|one_heavy|ms3|r300|s9,0.000105207,0.000167656,0.000095320,0.000130728,0.000086765,0.000128108,0.000081590,0.000127625
main|astana_clinic_nobase|nc6|np25|br1.0|uniform|ms3|r300|s0,0.000102903,0.000214705,0.000086734,0.000140408,0.000085285,0.000132807,0.000086070,0.000128536
main|astana_clinic_nobase|nc6|np25|br1.0|uniform|ms3|r300|s1,0.000107635,0.000214442,0.000126025,0.000175840,0.000115278,0.000188945,0.000174100,0.000246757
main|astana_clinic_nobase|nc6|np25|br1.0|uniform|ms3|r300|s2,0.000196950,0.000249200,0.000088043,0.000163368,0.000095222,0.000129493,0.000090170,0.000137580
main|astana_clinic_nobase|nc6|np25|br1.0|uniform|ms3|r300|s3,0.000101456,0.000213623,0.000089058,0.000138511,0.000086205,0.000134097,0.000101237,0.000173019
main|astana_clinic_nobase|nc6|np25|br1.0|uniform|ms3|r300|s4,0.000105939,0.000213585,0.000090238,0.000134188,0.000092822,0.000134643,0.000087875,0.000138021
main|astana_clinic_nobase|nc6|np25|br1.0|uniform|ms3|r300|s5,0.000103387,0.000220752,0.000102022,0.000138008,0.000091162,0.000137524,0.000091085,0.000138284
main|astana_clinic_nobase|nc6|np25|br1.0|uniform|ms3|r300|s6,0.000108947,0.000232497,0.000089334,0.000155288,0.000105171,0.000163360,0.000091074,0.000142633
main|astana_clinic_nobase|nc6|np25|br1.0|uniform|ms3|r300|s7,0.000104895,0.000225831,0.000091947,0.000137380,0.000083636,0.000133038,0.000088503,0.000128799
main|astana_clinic_nobase|nc6|np25|br1.0|uniform|ms3|r300|s8,0.000108011,0.000215199,0.000088330,0.000143674,0.000090328,0.000133063,0.000100400,0.000131596
main|astana_clinic_nobase|nc6|np25|br1.0|uniform|ms3|r300|s9,0.000104117,0.000213817,0.000089973,0.000136565,0.000093567,0.000131987,0.000089026,0.000138679
main|astana_clinic_nobase|nc6|np25|br1.0|random_1_100|ms3|r300|s0,0.000114180,0.000224318,0.000086002,0.000136234,0.000093158,0.000140464,0.000088339,0.000146153
main|astana_clinic_nobase|nc6|np25|br1.0|random_1_100|ms3|r300|s1,0.000118009,0.000216156,0.000095855,0.000143799,0.000098824,0.000134708,0.000088567,0.000137256
main|astana_clinic_nobase|nc6|np25|br1.0|random_1_100|ms3|r300|s2,0.000103203,0.000223698,0.000126962,0.000149043,0.000091666,0.000141415,0.000097025,0.000132752
main|astana_clinic_nobase|nc6|np25|br1.0|random_1_100|ms3|r300|s3,0.000104977,0.000217115,0.000088826,0.000172109,0.000106970,0.000136445,0.000087240,0.000149031
main|astana_clinic_nobase|nc6|np25|br1.0|random_1_100|ms3|r300|s4,0.000134036,0.000226069,0.000089253,0.000147408,0.000090278,0.000129609,0.000094431,0.000141957
main|astana_clinic_nobase|nc6|np25|br1.0|random_1_100|ms3|r300|s5,0.000103338,0.000216571,0.000087354,0.000140672,0.000090363,0.000137561,0.000088285,0.000133194
main|astana_clinic_nobase|nc6|np25|br1.0|random_1_100|ms3|r300|s6,0.000118256,0.000243581,0.000091147,0.000151613,0.000088187,0.000128863,0.000088006,0.000134984
main|astana_clinic_nobase|nc6|np25|br1.0|random_1_100|ms3|r300|s7,0.000104808,0.000233055,0.000086650,0.000137439,0.000087880,0.000129230,0.000096385,0.000135113
main|astana_clinic_nobase|nc6|np25|br1.0|random_1_100|ms3|r300|s8,0.000103148,0.000222433,0.000088184,0.000135157,0.000093189,0.000139626,0.000092640,0.000148789
main|astana_clinic_nobase|nc6|np25|br1.0|random_1_100|ms3|r300|s9,0.000105670,0.000257786,0.000094601,0.000137275,0.000088019,0.000136316,0.000089845,0.000136800
main|astana_clinic_nobase|nc6|np25|br1.0|one_heavy|ms3|r300|s0,0.000111255,0.000231314,0.000093284,0.000135053,0.000090280,0.000133181,0.000086831,0.000135050
main|astana_clinic_nobase|nc6|np25|br1.0|one_heavy|ms3|r300|s1,0.000099975,0.000215320,0.000088200,0.000153703,0.000088079,0.000135018,0.000091048,0.000130802
main|astana_clinic_nobase|nc6|np25|br1.0|one_heavy|ms3|r300|s2,0.000103679,0.000225940,0.000091744,0.000146834,0.000088328,0.000132242,0.000092997,0.000143166
main|astana_clinic_nobase|nc6|np25|br1.0|one_heavy|ms3|r300|s3,0.000106144,0.000217531,0.000093035,0.000142300,0.000089698,0.000132766,0.000088366,0.000143706
main|astana_clinic_nobase|nc6|np25|br1.0|one_heavy|ms3|r300|s4,0.000103098,0.000213040,0.000098173,0.000144174,0.000094372,0.000126807,0.000086550,0.000129797
main|astana_clinic_nobase|nc6|np25|br1.0|one_heavy|ms3|r300|s5,0.000102870,0.000211280,0.000087669,0.000138090,0.000087087,0.000100804,0.000087917,0.000130783
main|astana_clinic_nobase|nc6|np25|br1.0|one_heavy|ms3|r300|s6,0.000108280,0.000210517,0.000086594,0.000171302,0.000090643,0.000131951,0.000088357,0.000191896
main|astana_clinic_nobase|nc6|np25|br1.0|one_heavy|ms3|r300|s7,0.000116521,0.000215441,0.000094725,0.000140444,0.000087883,0.000134398,0.000091609,0.000123676
main|astana_clinic_nobase|nc6|np25|br1.0|one_heavy|ms3|r300|s8,0.000104596,0.000211649,0.000092358,0.000134553,0.000087048,0.000128536,0.000089341,0.000127831
main|astana_clinic_nobase|nc6|np25|br1.0|one_heavy|ms3|r300|s9,0.000101214,0.000214065,0.000088895,0.000150293,0.000087683,0.000127925,0.000093047,0.000138018
main|astana_clinic_nobase|nc10|np5|br0.25|uniform|ms3|r300|s0,0.000039730,0.000341905,0.000055711,0.000138927,0.000055328,0.000133211,0.000069370,0.000114212
main|astana_clinic_nobase|nc10|np5|br0.25|uniform|ms3|r300|s1,0.000042714,0.000324921,0.000062579,0.000129201,0.000058094,0.000143716,0.000070522,0.000122090
main|astana_clinic_nobase|nc10|np5|br0.25|uniform|ms3|r300|s2,0.000041594,0.000373978,0.000065640,0.000137552,0.000079318,0.000128182,0.000068284,0.000134217
main|astana_clinic_nobase|nc10|np5|br0.25|uniform|ms3|r300|s3,0.000042450,0.000393207,0.000074943,0.000141212,0.000075455,0.000135846,0.000080896,0.000128628
main|astana_clinic_nobase|nc10|np5|br0.25|uniform|ms3|r300|s4,0.000040554,0.000403909,0.000083730,0.000170996,0.000087680,0.000136445,0.000083017,0.000115711
main|astana_clinic_nobase|nc10|np5|br0.25|uniform|ms3|r300|s5,0.000041728,0.000601525,0.000056551,0.000269076,0.000075087,0.000298509,0.000059964,0.000155972
main|astana_clinic_nobase|nc10|np5|br0.25|uniform|ms3|r300|s6,0.000040753,0.000370078,0.000084732,0.000136279,0.000081999,0.000165777,0.000084604,0.000122659
main|astana_clinic_nobase|nc10|np5|br0.25|uniform|ms3|r300|s7,0.000039952,0.000411550,0.000086231,0.000139892,0.000086993,0.000135285,0.000076035,0.000121555
main|astana_clinic_nobase|nc10|np5|br0.25|uniform|ms3|r300|s8,0.000041594,0.000356866,0.000058669,0.000133959,0.000057900,0.000124428,0.000051441,0.000123874
main|astana_clinic_nobase|nc10|np5|br0.25|uniform|ms3|r300|s9,0.000040513,0.000350745,0.000090238,0.000137560,0.000085369,0.000134760,0.000080957,0.000129076
main|astana_clinic_nobase|nc10|np5|br0.25|random_1_100|ms3|r300|s0,0.000039934,0.000349697,0.000100672,0.000182154,0.000076148,0.000139321,0.000055147,0.000107308
main|astana_clinic_nobase|nc10|np5|br0.25|random_1_100|ms3|r300|s1,0.000043685,0.000423687,0.000036780,0.000143057,0.000071414,0.000137777,0.000089187,0.000130868
main|astana_clinic_nobase|nc10|np5|br0.25|random_1_100|ms3|r300|s2,0.000040315,0.000377532,0.000077493,0.000150105,0.000092731,0.000136742,0.000074976,0.000137967
main|astana_clinic_nobase|nc10|np5|br0.25|random_1_100|ms3|r300|s3,0.000039472,0.000364698,0.000068642,0.000147095,0.000060573,0.000135018,0.000057797,0.000121812
main|astana_clinic_nobase|nc10|np5|br0.25|random_1_100|ms3|r300|s4,0.000041188,0.000361040,0.000057517,0.000131029,0.000062073,0.000143955,0.000062611,0.000122101
main|astana_clinic_nobase|nc10|np5|br0.25|random_1_100|ms3|r300|s5,0.000055885,0.000361673,0.000067590,0.000141224,0.000072668,0.000142403,0.000059788,0.000121447
main|astana_clinic_nobase|nc10|np5|br0.25|random_1_100|ms3|r300|s6,0.000042051,0.000361037,0.000070936,0.000125158,0.000068928,0.000125257,0.000065860,0.000111908
main|astana_clinic_nobase|nc10|np5|br0.25|random_1_100|ms3|r300|s7,0.000040757,0.000395069,0.000057295,0.000151736,0.000059971,0.000136788,0.000057128,0.000108579
main|astana_clinic_nobase|nc10|np5|br0.25|random_1_100|ms3|r300|s8,0.000039785,0.000351914,0.000056275,0.000139251,0.000060696,0.000122221,0.000060590,0.000110626
main|astana_clinic_nobase|nc10|np5|br0.25|random_1_100|ms3|r300|s9,0.000039722,0.000346308,0.000054273,0.000143190,0.000069480,0.000143058,0.000054006,0.000116536
main|astana_clinic_nobase|nc10|np5|br0.25|one_heavy|ms3|r300|s0,0.000039770,0.000410211,0.000054775,0.000154058,0.000077533,0.000143984,0.000059639,0.000123306
main|astana_clinic_nobase|nc10|np5|br0.25|one_heavy|ms3|r300|s1,0.000040195,0.000373514,0.000060691,0.000146771,0.000081640,0.000137528,0.000077574,0.000136728
main|astana_clinic_nobase|nc10|np5|br0.25|one_heavy|ms3|r300|s2,0.000041001,0.000386730,0.000081442,0.000143966,0.000069063,0.000137876,0.000071596,0.000109642
main|astana_clinic_nobase|nc10|np5|br0.25|one_heavy|ms3|r300|s3,0.000045071,0.000380064,0.000065662,0.000140085,0.000073494,0.000149027,0.000076755,0.000123801
main|astana_clinic_nobase|nc10|np5|br0.25|one_heavy|ms3|r300|s4,0.000041133,0.000372494,0.000086698,0.000148755,0.000056875,0.000111321,0.000079954,0.000133830
main|astana_clinic_nobase|nc10|np5|br0.25|one_heavy|ms3|r300|s5,0.000041452,0.000374530,0.000082064,0.000154244,0.000062025,0.000166816,0.000076907,0.000123760
main|astana_clinic_nobase|nc10|np5|br0.25|one_heavy|ms3|r300|s6,0.000041804,0.000383042,0.000076857,0.000141141,0.000064679,0.000155798,0.000071661,0.000133116
main|astana_clinic_nobase|nc10|np5|br0.25|one_heavy|ms3|r300|s7,0.000040476,0.000326006,0.000075459,0.000112977,0.000060606,0.000110527,0.000066070,0.000114561
main|astana_clinic_nobase|nc10|np5|br0.25|one_heavy|ms3|r300|s8,0.000042722,0.000354507,0.000083642,0.000138117,0.000052268,0.000144765,0.000084133,0.000133489
main|astana_clinic_nobase|nc10|np5|br0.25|one_heavy|ms3|r300|s9,0.000055280,0.000615796,0.000113028,0.000171074,0.000052034,0.000167810,0.000095450,0.000169345
main|astana_clinic_nobase|nc10|np5|br0.5|uniform|ms3|r300|s0,0.000059522,0.000746806,0.000091739,0.000151281,0.000092537,0.000132718,0.000088005,0.000104255
main|astana_clinic_nobase|nc10|np5|br0.5|uniform|ms3|r300|s1,0.000041531,0.000762341,0.000090833,0.000153992,0.000093054,0.000161645,0.000090872,0.000130045
main|astana_clinic_nobase|nc10|np5|br0.5|uniform|ms3|r300|s2,0.000057379,0.000721992,0.000092858,0.000160802,0.000090094,0.000144800,0.000093141,0.000096108
main|astana_clinic_nobase|nc10|np5|br0.5|uniform|ms3|r300|s3,0.000041993,0.000811483,0.000099130,0.000149545,0.000106516,0.000162149,0.000097041,0.000146906
main|astana_clinic_nobase|nc10|np5|br0.5|uniform|ms3|r300|s4,0.000041373,0.000825059,0.000090766,0.000304273,0.000094320,0.000156595,0.000091542,0.000138288
main|astana_clinic_nobase|nc10|np5|br0.5|uniform|ms3|r300|s5,0.000041413,0.000703405,0.000099035,0.000145000,0.000087448,0.000168579,0.000090335,0.000149784
main|astana_clinic_nobase|nc10|np5|br0.5|uniform|ms3|r300|s6,0.000042170,0.000681060,0.000090760,0.000142510,0.000084433,0.000141322,0.000089242,0.000130202
main|astana_clinic_nobase|nc10|np5|br0.5|uniform|ms3|r300|s7,0.000038169,0.000728102,0.000088141,0.000147505,0.000087579,0.000132332,0.000103958,0.000132623
main|astana_clinic_nobase|nc10|np5|br0.5|uniform|ms3|r300|s8,0.000042970,0.000710093,0.000099881,0.000166473,0.000089084,0.000140085,0.000102209,0.000133682
main|astana_clinic_nobase|nc10|np5|br0.5|uniform|ms3|r300|s9,0.000038158,0.000743067,0.000095963,0.000150843,0.000082567,0.000137340,0.000093788,0.000158872
main|astana_clinic_nobase|nc10|np5|br0.5|random_1_100|ms3|r300|s0,0.000038718,0.000695335,0.000092340,0.000174505,0.000093750,0.000154816,0.000096021,0.000143684
main|astana_clinic_nobase|nc10|np5|br0.5|random_1_100|ms3|r300|s1,0.000049342,0.000775368,0.000097754,0.000160959,0.000102544,0.000148552,0.000094404,0.000155015
main|astana_clinic_nobase|nc10|np5|br0.5|random_1_100|ms3|r300|s2,0.000041093,0.000755840,0.000098695,0.000148519,0.000095840,0.000148756,0.000101283,0.000132911
main|astana_clinic_nobase|nc10|np5|br0.5|random_1_100|ms3|r300|s3,0.000053015,0.000865320,0.000099768,0.000155675,0.000098130,0.000150865,0.000091818,0.000150493
main|astana_clinic_nobase|nc10|np5|br0.5|random_1_100|ms3|r300|s4,0.000038440,0.000791958,0.000089717,0.000158977,0.000095757,0.000166834,0.000122813,0.000109114
main|astana_clinic_nobase|nc10|np5|br0.5|random_1_100|ms3|r300|s5,0.000052197,0.000764306,0.000109455,0.000175114,0.000095482,0.000148804,0.000099498,0.000130599
main|astana_clinic_nobase|nc10|np5|br0.5|random_1_100|ms3|r300|s6,0.000041649,0.000730505,0.000102072,0.000175285,0.000091380,0.000149460,0.000107476,0.000140642
main|astana_clinic_nobase|nc10|np5|br0.5|random_1_100|ms3|r300|s7,0.000040685,0.000708937,0.000104954,0.000179437,0.000099615,0.000160499,0.000111179,0.000173479
main|astana_clinic_nobase|nc10|np5|br0.5|random_1_100|ms3|r300|s8,0.000044411,0.000766515,0.000092255,0.000166390,0.000089520,0.000147647,0.000112661,0.000145803
main|astana_clinic_nobase|nc10|np5|br0.5|random_1_100|ms3|r300|s9,0.000041166,0.000929721,0.000104924,0.000154812,0.000088922,0.000155650,0.000096813,0.000135176
main|astana_clinic_nobase|nc10|np5|br0.5|one_heavy|ms3|r300|s0,0.000044357,0.000846998,0.000106738,0.000154830,0.000090692,0.000149505,0.000090849,0.000127176
main|astana_clinic_nobase|nc10|np5|br0.5|one_heavy|ms3|r300|s1,0.000040353,0.000784597,0.000103703,0.000344094,0.000110545,0.000156654,0.000110181,0.000151507
main|astana_clinic_nobase|nc10|np5|br0.5|one_heavy|ms3|r300|s2,0.000041179,0.000797761,0.000100981,0.000148997,0.000107336,0.000150888,0.000113131,0.000110215
main|astana_clinic_nobase|nc10|np5|br0.5|one_heavy|ms3|r300|s3,0.000046348,0.000843186,0.000089548,0.000144469,0.000092263,0.000134281,0.000100483,0.000135457
main|astana_clinic_nobase|nc10|np5|br0.5|one_heavy|ms3|r300|s4,0.000060613,0.000744475,0.000085256,0.000149799,0.000088299,0.000135272,0.000099150,0.000098235
main|astana_clinic_nobase|nc10|np5|br0.5|one_heavy|ms3|r300|s5,0.000042355,0.000921754,0.000093016,0.000181616,0.000117624,0.000156228,0.000099078,0.000138654
main|astana_clinic_nobase|nc10|np5|br0.5|one_heavy|ms3|r300|s6,0.000055861,0.000796296,0.000092524,0.000139448,0.000091892,0.000137321,0.000090902,0.000139160
main|astana_clinic_nobase|nc10|np5|br0.5|one_heavy|ms3|r300|s7,0.000040476,0.000715420,0.000093610,0.000168945,0.000100633,0.000154965,0.000104857,0.000131198
main|astana_clinic_nobase|nc10|np5|br0.5|one_heavy|ms3|r300|s8,0.000040062,0.000706974,0.000109716,0.000148372,0.000100294,0.000140237,0.000112669,0.000122314
main|astana_clinic_nobase|nc10|np5|br0.5|one_heavy|ms3|r300|s9,0.000042063,0.000857007,0.000118359,0.000150014,0.000097054,0.000225618,0.000153930,0.000141367
main|astana_clinic_nobase|nc10|np5|br1.0|uniform|ms3|r300|s0,0.000075450,0.001120029,0.000143020,0.000234369,0.000133390,0.000229553,0.000140388,0.000214692
main|astana_clinic_nobase|nc10|np5|br1.0|uniform|ms3|r300|s1,0.000058841,0.000778784,0.000104343,0.000168140,0.000112841,0.000201395,0.000120194,0.000166774
main|astana_clinic_nobase|nc10|np5|br1.0|uniform|ms3|r300|s2,0.000044216,0.000801312,0.000101461,0.000161430,0.000099308,0.000138175,0.000090826,0.000141492
main|astana_clinic_nobase|nc10|np5|br1.0|uniform|ms3|r300|s3,0.000042998,0.000794627,0.000101696,0.000178718,0.000108913,0.000164846,0.000100275,0.000122962
main|astana_clinic_nobase|nc10|np5|br1.0|uniform|ms3|r300|s4,0.000039774,0.000739592,0.000091348,0.000147225,0.000090530,0.000152879,0.000098572,0.000135739
main|astana_clinic_nobase|nc10|np5|br1.0|uniform|ms3|r300|s5,0.000040865,0.000753337,0.000102541,0.000166117,0.000089809,0.000176753,0.000099627,0.000149445
main|astana_clinic_nobase|nc10|np5|br1.0|uniform|ms3|r300|s6,0.000042426,0.000767336,0.000107136,0.000157464,0.000089047,0.000133655,0.000095103,0.000129649
main|astana_clinic_nobase|nc10|np5|br1.0|uniform|ms3|r300|s7,0.000040184,0.000754834,0.000099734,0.000165365,0.000100458,0.000144714,0.000101583,0.000151907
main|astana_clinic_nobase|nc10|np5|br1.0|uniform|ms3|r300|s8,0.000042165,0.000754200,0.000091755,0.000161731,0.000097704,0.000155155,0.000097132,0.000131756
main|astana_clinic_nobase|nc10|np5|br1.0|uniform|ms3|r300|s9,0.000039331,0.000771880,0.000090729,0.000135932,0.000092574,0.000140721,0.000090761,0.000127040
main|astana_clinic_nobase|nc10|np5|br1.0|random_1_100|ms3|r300|s0,0.000040036,0.000712816,0.000086868,0.000146452,0.000088940,0.000147659,0.000088871,0.000122454
main|astana_clinic_nobase|nc10|np5|br1.0|random_1_100|ms3|r300|s1,0.000039180,0.000732934,0.000088957,0.000148626,0.000097112,0.000137054,0.000091839,0.000134418
main|astana_clinic_nobase|nc10|np5|br1.0|random_1_100|ms3|r300|s2,0.000041309,0.000698995,0.000091869,0.000142165,0.000090879,0.000140718,0.000096613,0.000129703
main|astana_clinic_nobase|nc10|np5|br1.0|random_1_100|ms3|r300|s3,0.000041337,0.000727612,0.000104530,0.000173967,0.000087451,0.000144246,0.000090916,0.000128738
main|astana_clinic_nobase|nc10|np5|br1.0|random_1_100|ms3|r300|s4,0.000042997,0.000776077,0.000090943,0.000162602,0.000094743,0.000142413,0.000089283,0.000130209
main|astana_clinic_nobase|nc10|np5|br1.0|random_1_100|ms3|r300|s5,0.000042757,0.000724377,0.000088942,0.000149092,0.000088471,0.000128671,0.000091878,0.000127616
main|astana_clinic_nobase|nc10|np5|br1.0|random_1_100|ms3|r300|s6,0.000041012,0.000752915,0.000092447,0.000149098,0.000104802,0.000158665,0.000100296,0.000147528
main|astana_clinic_nobase|nc10|np5|br1.0|random_1_100|ms3|r300|s7,0.000039852,0.000740329,0.000098245,0.000147336,0.000092020,0.000137350,0.000094476,0.000136564
main|astana_clinic_nobase|nc10|np5|br1.0|random_1_100|ms3|r300|s8,0.000040541,0.000691281,0.000093623,0.000145029,0.000090932,0.000159102,0.000093746,0.000148397
main|astana_clinic_nobase|nc10|np5|br1.0|random_1_100|ms3|r300|s9,0.000038685,0.000739076,0.000101268,0.000151986,0.000090298,0.000139904,0.000089971,0.000127709
main|astana_clinic_nobase|nc10|np5|br1.0|one_heavy|ms3|r300|s0,0.000039861,0.000723769,0.000089875,0.000150843,0.000089314,0.000126048,0.000101256,0.000126527
main|astana_clinic_nobase|nc10|np5|br1.0|one_heavy|ms3|r300|s1,0.000039193,0.000744053,0.000081370,0.000120571,0.000078863,0.000120241,0.000079463,0.000107741
main|astana_clinic_nobase|nc10|np5|br1.0|one_heavy|ms3|r300|s2,0.000034436,0.000608733,0.000078991,0.000118601,0.000074586,0.000115429,0.000075737,0.000112426
main|astana_clinic_nobase|nc10|np5|br1.0|one_heavy|ms3|r300|s3,0.000032381,0.000603275,0.000077948,0.000138756,0.000075157,0.000118689,0.000076300,0.000111775
main|astana_clinic_nobase|nc10|np5|br1.0|one_heavy|ms3|r300|s4,0.000032588,0.000625728,0.000075209,0.000109474,0.000073671,0.000110199,0.000073408,0.000103212
main|astana_clinic_nobase|nc10|np5|br1.0|one_heavy|ms3|r300|s5,0.000034406,0.000599868,0.000075358,0.000124400,0.000076269,0.000108429,0.000079227,0.000108655
main|astana_clinic_nobase|nc10|np5|br1.0|one_heavy|ms3|r300|s6,0.000046798,0.000626891,0.000077099,0.000128218,0.000073637,0.000122271,0.000075125,0.000105269
main|astana_clinic_nobase|nc10|np5|br1.0|one_heavy|ms3|r300|s7,0.000033753,0.000613186,0.000074334,0.000130241,0.000074139,0.000138689,0.000074674,0.000112463
main|astana_clinic_nobase|nc10|np5|br1.0|one_heavy|ms3|r300|s8,0.000034353,0.000626671,0.000070572,0.000125667,0.000072141,0.000124731,0.000074919,0.000112953
main|astana_clinic_nobase|nc10|np5|br1.0|one_heavy|ms3|r300|s9,0.000032237,0.000598151,0.000076134,0.000122280,0.000081365,0.000116417,0.000077856,0.000105315
main|astana_clinic_nobase|nc10|np15|br0.25|uniform|ms3|r300|s0,0.000085823,0.000353458,0.000085123,0.000152433,0.000078531,0.000149103,0.000056050,0.000147109
main|astana_clinic_nobase|nc10|np15|br0.25|uniform|ms3|r300|s1,0.000091623,0.000347317,0.000084295,0.000156476,0.000081651,0.000163059,0.000081809,0.000145575
main|astana_clinic_nobase|nc10|np15|br0.25|uniform|ms3|r300|s2,0.000096603,0.000401856,0.000075077,0.000178033,0.000092112,0.000173715,0.000115810,0.000170591
main|astana_clinic_nobase|nc10|np15|br0.25|uniform|ms3|r300|s3,0.000089855,0.000371930,0.000065552,0.000171122,0.000067388,0.000172807,0.000084225,0.000141533
main|astana_clinic_nobase|nc10|np15|br0.25|uniform|ms3|r300|s4,0.000090334,0.000401114,0.000102240,0.000177432,0.000063864,0.000167439,0.000107120,0.000160098
main|astana_clinic_nobase|nc10|np15|br0.25|uniform|ms3|r300|s5,0.000094819,0.000415030,0.000109225,0.000170802,0.000105317,0.000162501,0.000089294,0.000157929
main|astana_clinic_nobase|nc10|np15|br0.25|uniform|ms3|r300|s6,0.000095472,0.000426219,0.000093230,0.000172636,0.000092836,0.000172845,0.000095464,0.000157233
main|astana_clinic_nobase|nc10|np15|br0.25|uniform|ms3|r300|s7,0.000083445,0.000344383,0.000071707,0.000167679,0.000090674,0.000161606,0.000077729,0.000134400
main|astana_clinic_nobase|nc10|np15|br0.25|uniform|ms3|r300|s8,0.000085283,0.000352987,0.000091791,0.000173256,0.000085419,0.000173581,0.000083378,0.000164621
main|astana_clinic_nobase|nc10|np15|br0.25|uniform|ms3|r300|s9,0.000083954,0.000383941,0.000101788,0.000159769,0.000096975,0.000136767,0.000072699,0.000143184
main|astana_clinic_nobase|nc10|np15|br0.25|random_1_100|ms3|r300|s0,0.000088026,0.000361304,0.000095621,0.000161698,0.000092825,0.000133609,0.000085127,0.000148420
main|astana_clinic_nobase|nc10|np15|br0.25|random_1_100|ms3|r300|s1,0.000085039,0.000377086,0.000068027,0.000147914,0.000063923,0.000150522,0.000082649,0.000148118
main|astana_clinic_nobase|nc10|np15|br0.25|random_1_100|ms3|r300|s2,0.000085830,0.000301912,0.000076042,0.000190658,0.000099561,0.000149947,0.000089742,0.000152471
main|astana_clinic_nobase|nc10|np15|br0.25|random_1_100|ms3|r300|s3,0.000084883,0.000361017,0.000073969,0.000168385,0.000079640,0.000153045,0.000080253,0.000188614
main|astana_clinic_nobase|nc10|np15|br0.25|random_1_100|ms3|r300|s4,0.000110885,0.000390084,0.000106946,0.000173059,0.000094650,0.000167455,0.000088107,0.000187664
main|astana_clinic_nobase|nc10|np15|br0.25|random_1_100|ms3|r300|s5,0.000103161,0.000449693,0.000085694,0.000195560,0.000108854,0.000161057,0.000085213,0.000167647
main|astana_clinic_nobase|nc10|np15|br0.25|random_1_100|ms3|r300|s6,0.000104623,0.000401272,0.000115768,0.000192720,0.000115116,0.000170297,0.000095841,0.000173311
main|astana_clinic_nobase|nc10|np15|br0.25|random_1_100|ms3|r300|s7,0.000109019,0.000428077,0.000081579,0.000222426,0.000083581,0.000190426,0.000103929,0.000178085
main|astana_clinic_nobase|nc10|np15|br0.25|random_1_100|ms3|r300|s8,0.000102904,0.000360243,0.000092593,0.000168129,0.000088224,0.000158846,0.000091010,0.000159496
main|astana_clinic_nobase|nc10|np15|br0.25|random_1_100|ms3|r300|s9,0.000103663,0.000446430,0.000113520,0.000196777,0.000103250,0.000185970,0.000089064,0.000215158
main|astana_clinic_nobase|nc10|np15|br0.25|one_heavy|ms3|r300|s0,0.000117581,0.000569405,0.000130921,0.000219810,0.000088861,0.000197856,0.000102065,0.000181572
main|astana_clinic_nobase|nc10|np15|br0.25|one_heavy|ms3|r300|s1,0.000103045,0.000432382,0.000107847,0.000201098,0.000108921,0.000187420,0.000103624,0.000169017
main|astana_clinic_nobase|nc10|np15|br0.25|one_heavy|ms3|r300|s2,0.000102052,0.000472658,0.000090639,0.000186120,0.000123151,0.000184295,0.000087088,0.000187191
main|astana_clinic_nobase|nc10|np15|br0.25|one_heavy|ms3|r300|s3,0.000099812,0.000420826,0.000074652,0.000184582,0.000101334,0.000189751,0.000074220,0.000176994
main|astana_clinic_nobase|nc10|np15|br0.25|one_heavy|ms3|r300|s4,0.000102915,0.000400428,0.000102321,0.000166974,0.000103192,0.000158276,0.000077704,0.000184213
main|astana_clinic_nobase|nc10|np15|br0.25|one_heavy|ms3|r300|s5,0.000101125,0.000483355,0.000061824,0.000196234,0.000107271,0.000167878,0.000047664,0.000156602
main|astana_clinic_nobase|nc10|np15|br0.25|one_heavy|ms3|r300|s6,0.000104514,0.000445389,0.000114477,0.000186330,0.000086363,0.000174238,0.000085941,0.000178644
main|astana_clinic_nobase|nc10|np15|br0.25|one_heavy|ms3|r300|s7,0.000109813,0.000463941,0.000112530,0.000180454,0.000082042,0.000169575,0.000126063,0.000174223
main|astana_clinic_nobase|nc10|np15|br0.25|one_heavy|ms3|r300|s8,0.000102407,0.000445940,0.000125349,0.000167242,0.000106924,0.000183690,0.000099494,0.000163392
main|astana_clinic_nobase|nc10|np15|br0.25|one_heavy|ms3|r300|s9,0.000120152,0.000424682,0.000107821,0.000168404,0.000114231,0.000185280,0.000104002,0.000162676
main|astana_clinic_nobase|nc10|np15|br0.5|uniform|ms3|r300|s0,0.000103651,0.000912472,0.000127984,0.000215523,0.000125499,0.000191484,0.000123079,0.000188872
main|astana_clinic_nobase|nc10|np15|br0.5|uniform|ms3|r300|s1,0.000110325,0.000863892,0.000126351,0.000230270,0.000132996,0.000213254,0.000144144,0.000232484
main|astana_clinic_nobase|nc10|np15|br0.5|uniform|ms3|r300|s2,0.000104866,0.000998050,0.000174583,0.000297071,0.000184359,0.000277144,0.000184430,0.000267440
main|astana_clinic_nobase|nc10|np15|br0.5|uniform|ms3|r300|s3,0.000161646,0.000874303,0.000144104,0.000196850,0.000128786,0.000194216,0.000141520,0.000187257
main|astana_clinic_nobase|nc10|np15|br0.5|uniform|ms3|r300|s4,0.000119258,0.001001703,0.000140223,0.000197685,0.000125825,0.000184522,0.000130019,0.000180358
main|astana_clinic_nobase|nc10|np15|br0.5|uniform|ms3|r300|s5,0.000105148,0.000930263,0.000139939,0.000207192,0.000125466,0.000192314,0.000137032,0.000232098
main|astana_clinic_nobase|nc10|np15|br0.5|uniform|ms3|r300|s6,0.000105795,0.000947360,0.000137682,0.000194844,0.000129120,0.000197249,0.000128253,0.000203570
main|astana_clinic_nobase|nc10|np15|br0.5|uniform|ms3|r300|s7,0.000101808,0.000924100,0.000131808,0.000735673,0.000123491,0.000202993,0.000130388,0.000197019
main|astana_clinic_nobase|nc10|np15|br0.5|uniform|ms3|r300|s8,0.000105813,0.001077091,0.000149582,0.000221532,0.000170388,0.000190598,0.000137844,0.000206020
main|astana_clinic_nobase|nc10|np15|br0.5|uniform|ms3|r300|s9,0.000116533,0.001005314,0.000145636,0.000234051,0.000145575,0.000227347,0.000134870,0.000215212
main|astana_clinic_nobase|nc10|np15|br0.5|random_1_100|ms3|r300|s0,0.000105778,0.001124340,0.000171249,0.000257693,0.000144144,0.000261556,0.000151870,0.000224477
main|astana_clinic_nobase|nc10|np15|br0.5|random_1_100|ms3|r300|s1,0.000168505,0.000953505,0.000136994,0.000236668,0.000137588,0.000202926,0.000138417,0.000207389
main|astana_clinic_nobase|nc10|np15|br0.5|random_1_100|ms3|r300|s2,0.000107075,0.000915898,0.000127405,0.000198011,0.000126628,0.000204434,0.000125489,0.000197930
main|astana_clinic_nobase|nc10|np15|br0.5|random_1_100|ms3|r300|s3,0.000101285,0.000861632,0.000148467,0.000209866,0.000127850,0.000184802,0.000128228,0.000200771
main|astana_clinic_nobase|nc10|np15|br0.5|random_1_100|ms3|r300|s4,0.000104684,0.000887060,0.000126310,0.000207486,0.000129710,0.000187078,0.000133009,0.000197638
main|astana_clinic_nobase|nc10|np15|br0.5|random_1_100|ms3|r300|s5,0.000109959,0.000851190,0.000121166,0.000206105,0.000124281,0.000191354,0.000120739,0.000185634
main|astana_clinic_nobase|nc10|np15|br0.5|random_1_100|ms3|r300|s6,0.000112962,0.000868193,0.000116197,0.000205741,0.000124307,0.000198402,0.000122809,0.000185939
main|astana_clinic_nobase|nc10|np15|br0.5|random_1_100|ms3|r300|s7,0.000106416,0.000895504,0.000127959,0.000193386,0.000126464,0.000184095,0.000126633,0.000185008
main|astana_clinic_nobase|nc10|np15|br0.5|random_1_100|ms3|r300|s8,0.000101573,0.000878537,0.000123928,0.000205103,0.000133772,0.000201296,0.000132064,0.000188825
main|astana_clinic_nobase|nc10|np15|br0.5|random_1_100|ms3|r300|s9,0.000103321,0.000847365,0.000124257,0.000209937,0.000119923,0.000211033,0.000127655,0.000183763
main|astana_clinic_nobase|nc10|np15|br0.5|one_heavy|ms3|r300|s0,0.000103263,0.000907408,0.000130161,0.000191151,0.000125289,0.000186771,0.000131067,0.000194947
main|astana_clinic_nobase|nc10|np15|br0.5|one_heavy|ms3|r300|s1,0.000106059,0.000924082,0.000139309,0.000194862,0.000126677,0.000199063,0.000125104,0.000184297
main|astana_clinic_nobase|nc10|np15|br0.5|one_heavy|ms3|r300|s2,0.000106427,0.000890102,0.000104498,0.000178604,0.000100532,0.000156386,0.000105660,0.000155489
main|astana_clinic_nobase|nc10|np15|br0.5|one_heavy|ms3|r300|s3,0.000088311,0.000707370,0.000104071,0.000162427,0.000105827,0.000159336,0.000103303,0.000151198
main|astana_clinic_nobase|nc10|np15|br0.5|one_heavy|ms3|r300|s4,0.000083872,0.000713968,0.000103455,0.000164475,0.000103492,0.000157618,0.000105471,0.000153293
main|astana_clinic_nobase|nc10|np15|br0.5|one_heavy|ms3|r300|s5,0.000086952,0.000725939,0.000099758,0.000174176,0.000102115,0.000156689,0.000104769,0.000149382
main|astana_clinic_nobase|nc10|np15|br0.5|one_heavy|ms3|r300|s6,0.000087821,0.000706086,0.000106582,0.000166450,0.000105478,0.000151370,0.000106254,0.000145407
main|astana_clinic_nobase|nc10|np15|br0.5|one_heavy|ms3|r300|s7,0.000085879,0.000748768,0.000107959,0.000167683,0.000106471,0.000161380,0.000110882,0.000162084
main|astana_clinic_nobase|nc10|np15|br0.5|one_heavy|ms3|r300|s8,0.000084895,0.000767078,0.000102807,0.000160158,0.000099689,0.000147541,0.000102275,0.000153176
main|astana_clinic_nobase|nc10|np15|br0.5|one_heavy|ms3|r300|s9,0.000084009,0.000730690,0.000103394,0.000162197,0.000103791,0.000159828,0.000110552,0.000159536
main|astana_clinic_nobase|nc10|np15|br1.0|uniform|ms3|r300|s0,0.000085358,0.000726361,0.000103084,0.000152365,0.000102961,0.000156637,0.000100548,0.000154231
main|astana_clinic_nobase|nc10|np15|br1.0|uniform|ms3|r300|s1,0.000087596,0.000700515,0.000099090,0.000161130,0.000096876,0.000163425,0.000109132,0.000150779
main|astana_clinic_nobase|nc10|np15|br1.0|uniform|ms3|r300|s2,0.000082278,0.000681337,0.000101241,0.000165133,0.000099480,0.000153036,0.000104782,0.000145328
main|astana_clinic_nobase|nc10|np15|br1.0|uniform|ms3|r300|s3,0.000085410,0.000710889,0.000115928,0.000157176,0.000096890,0.000152531,0.000100476,0.000146768
main|astana_clinic_nobase|nc10|np15|br1.0|uniform|ms3|r300|s4,0.000085374,0.000683783,0.000098963,0.000166146,0.000099350,0.000153626,0.000098869,0.000157350
main|astana_clinic_nobase|nc10|np15|br1.0|uniform|ms3|r300|s5,0.000083999,0.000719625,0.000111696,0.000166964,0.000107304,0.000163804,0.000105698,0.000151697
main|astana_clinic_nobase|nc10|np15|br1.0|uniform|ms3|r300|s6,0.000080140,0.000707485,0.000106953,0.000162206,0.000102563,0.000149009,0.000101415,0.000152242
main|astana_clinic_nobase|nc10|np15|br1.0|uniform|ms3|r300|s7,0.000084226,0.000735114,0.000119321,0.000185271,0.000119107,0.000180150,0.000124951,0.000174019
main|astana_clinic_nobase|nc10|np15|br1.0|uniform|ms3|r300|s8,0.000101397,0.000803213,0.000122948,0.000183803,0.000122044,0.000178884,0.000121376,0.000191005
main|astana_clinic_nobase|nc10|np15|br1.0|uniform|ms3|r300|s9,0.000100034,0.000831043,0.000151487,0.000193673,0.000114090,0.000180766,0.000117171,0.000172910
main|astana_clinic_nobase|nc10|np15|br1.0|random_1_100|ms3|r300|s0,0.000096608,0.000844946,0.000121548,0.000186048,0.000116053,0.000180663,0.000116686,0.000169116
main|astana_clinic_nobase|nc10|np15|br1.0|random_1_100|ms3|r300|s1,0.000095075,0.000831840,0.000125932,0.000182537,0.000125822,0.000190020,0.000141183,0.000201488
main|astana_clinic_nobase|nc10|np15|br1.0|random_1_100|ms3|r300|s2,0.000096292,0.000870968,0.000115580,0.000185756,0.000118638,0.000179071,0.000117423,0.000191118
main|astana_clinic_nobase|nc10|np15|br1.0|random_1_100|ms3|r300|s3,0.000100429,0.000836804,0.000121063,0.000197814,0.000114009,0.000177090,0.000119711,0.000175440
main|astana_clinic_nobase|nc10|np15|br1.0|random_1_100|ms3|r300|s4,0.000096915,0.000790051,0.000121919,0.000187087,0.000119711,0.000168759,0.000114624,0.000169285
main|astana_clinic_nobase|nc10|np15|br1.0|random_1_100|ms3|r300|s5,0.000097692,0.000862232,0.000114933,0.000181722,0.000116191,0.000187446,0.000119420,0.000175420
main|astana_clinic_nobase|nc10|np15|br1.0|random_1_100|ms3|r300|s6,0.000098690,0.000840899,0.000118001,0.000194319,0.000120166,0.000178345,0.000119923,0.000181977
main|astana_clinic_nobase|nc10|np15|br1.0|random_1_100|ms3|r300|s7,0.000101872,0.000839242,0.000120382,0.000214213,0.000135259,0.000205052,0.000124038,0.000188044
main|astana_clinic_nobase|nc10|np15|br1.0|random_1_100|ms3|r300|s8,0.000103040,0.000879565,0.000121557,0.000189137,0.000121720,0.000209098,0.000126980,0.000169247
main|astana_clinic_nobase|nc10|np15|br1.0|random_1_100|ms3|r300|s9,0.000100435,0.000857909,0.000132341,0.000195533,0.000124963,0.000199512,0.000124912,0.000171286
main|astana_clinic_nobase|nc10|np15|br1.0|one_heavy|ms3|r300|s0,0.000111670,0.000847708,0.000117402,0.000193949,0.000122344,0.000191713,0.000124115,0.000181364
main|astana_clinic_nobase|nc10|np15|br1.0|one_heavy|ms3|r300|s1,0.000103022,0.000854817,0.000117599,0.000195471,0.000119929,0.000191590,0.000122684,0.000186282
main|astana_clinic_nobase|nc10|np15|br1.0|one_heavy|ms3|r300|s2,0.000100329,0.000863212,0.000121679,0.000189702,0.000117870,0.000239915,0.000147565,0.000187161
main|astana_clinic_nobase|nc10|np15|br1.0|one_heavy|ms3|r300|s3,0.000102615,0.000830737,0.000120583,0.000194376,0.000119919,0.000174685,0.000122127,0.000183946
main|astana_clinic_nobase|nc10|np15|br1.0|one_heavy|ms3|r300|s4,0.000101879,0.000869468,0.000127828,0.000205419,0.000118847,0.000184170,0.000142970,0.000186136
main|astana_clinic_nobase|nc10|np15|br1.0|one_heavy|ms3|r300|s5,0.000101261,0.000930773,0.000127902,0.000192727,0.000126512,0.000182525,0.000126267,0.000172103
main|astana_clinic_nobase|nc10|np15|br1.0|one_heavy|ms3|r300|s6,0.000111767,0.000860722,0.000129142,0.000205810,0.000126472,0.000180438,0.000130246,0.000178034
main|astana_clinic_nobase|nc10|np15|br1.0|one_heavy|ms3|r300|s7,0.000103279,0.000865490,0.000124651,0.000196324,0.000115129,0.000182775,0.000117519,0.000170957
main|astana_clinic_nobase|nc10|np15|br1.0|one_heavy|ms3|r300|s8,0.000098526,0.000851147,0.000120050,0.000203606,0.000117714,0.000187473,0.000120848,0.000175186
main|astana_clinic_nobase|nc10|np15|br1.0|one_heavy|ms3|r300|s9,0.000104104,0.000861347,0.000121523,0.000187810,0.000120147,0.000178845,0.000121072,0.000192280
main|astana_clinic_nobase|nc10|np25|br0.25|uniform|ms3|r300|s0,0.000165031,0.000470996,0.000114900,0.000226924,0.000121495,0.000206675,0.000143983,0.000222495
main|astana_clinic_nobase|nc10|np25|br0.25|uniform|ms3|r300|s1,0.000168333,0.000491072,0.000134264,0.000214421,0.000105140,0.000207702,0.000070110,0.000214107
main|astana_clinic_nobase|nc10|np25|br0.25|uniform|ms3|r300|s2,0.000163325,0.000457237,0.000098280,0.000233616,0.000093207,0.000221649,0.000099059,0.000196696
main|astana_clinic_nobase|nc10|np25|br0.25|uniform|ms3|r300|s3,0.000157777,0.000494015,0.000121294,0.000213656,0.000134160,0.000205501,0.000142691,0.000204844
main|astana_clinic_nobase|nc10|np25|br0.25|uniform|ms3|r300|s4,0.000167434,0.000517227,0.000124558,0.000239625,0.000127008,0.000229500,0.000110781,0.000226787
main|astana_clinic_nobase|nc10|np25|br0.25|uniform|ms3|r300|s5,0.000160889,0.000457918,0.000118507,0.000229674,0.000105489,0.000225585,0.000101009,0.000194557
main|astana_clinic_nobase|nc10|np25|br0.25|uniform|ms3|r300|s6,0.000170335,0.000495920,0.000123650,0.000198021,0.000124706,0.000200516,0.000120312,0.000215416
main|astana_clinic_nobase|nc10|np25|br0.25|uniform|ms3|r300|s7,0.000168583,0.000492319,0.000110387,0.000225845,0.000110356,0.000207355,0.000115170,0.000218859
main|astana_clinic_nobase|nc10|np25|br0.25|uniform|ms3|r300|s8,0.000164053,0.000507128,0.000103941,0.000240053,0.000150716,0.000221065,0.000118579,0.000255567
main|astana_clinic_nobase|nc10|np25|br0.25|uniform|ms3|r300|s9,0.000157892,0.000473682,0.000127071,0.000211799,0.000125122,0.000207213,0.000123976,0.000206337
main|astana_clinic_nobase|nc10|np25|br0.25|random_1_100|ms3|r300|s0,0.000174112,0.000506535,0.000108362,0.000233103,0.000146073,0.000207184,0.000104817,0.000219717
main|astana_clinic_nobase|nc10|np25|br0.25|random_1_100|ms3|r300|s1,0.000161620,0.000507984,0.000088355,0.000228255,0.000100659,0.000228230,0.000101066,0.000233791
main|astana_clinic_nobase|nc10|np25|br0.25|random_1_100|ms3|r300|s2,0.000162677,0.000426461,0.000104943,0.000214256,0.000142603,0.000195456,0.000096693,0.000171563
main|astana_clinic_nobase|nc10|np25|br0.25|random_1_100|ms3|r300|s3,0.000168384,0.000547136,0.000136523,0.000223935,0.000130990,0.000217643,0.000119371,0.000221410
main|astana_clinic_nobase|nc10|np25|br0.25|random_1_100|ms3|r300|s4,0.000158915,0.000468782,0.000127578,0.000212355,0.000083764,0.000203360,0.000129766,0.000197826
main|astana_clinic_nobase|nc10|np25|br0.25|random_1_100|ms3|r300|s5,0.000175272,0.000556838,0.000131152,0.000226259,0.000129995,0.000212091,0.000119936,0.000220630
main|astana_clinic_nobase|nc10|np25|br0.25|random_1_100|ms3|r300|s6,0.000172566,0.000514356,0.000094369,0.000230006,0.000126285,0.000195742,0.000080035,0.000210923
main|astana_clinic_nobase|nc10|np25|br0.25|random_1_100|ms3|r300|s7,0.000172756,0.000463520,0.000120061,0.000209931,0.000106348,0.000208633,0.000112556,0.000199061
main|astana_clinic_nobase|nc10|np25|br0.25|random_1_100|ms3|r300|s8,0.000178156,0.000479001,0.000117863,0.000213757,0.000113447,0.000208641,0.000109209,0.000195332
main|astana_clinic_nobase|nc10|np25|br0.25|random_1_100|ms3|r300|s9,0.000199258,0.000493749,0.000138039,0.000221441,0.000132297,0.000224496,0.000133274,0.000220612
main|astana_clinic_nobase|nc10|np25|br0.25|one_heavy|ms3|r300|s0,0.000165932,0.000479414,0.000113657,0.000223311,0.000119109,0.000204815,0.000104768,0.000212708
main|astana_clinic_nobase|nc10|np25|br0.25|one_heavy|ms3|r300|s1,0.000162791,0.000449789,0.000116001,0.000238589,0.000112573,0.000220473,0.000112161,0.000227876
main|astana_clinic_nobase|nc10|np25|br0.25|one_heavy|ms3|r300|s2,0.000167360,0.000505308,0.000135825,0.000214494,0.000135549,0.000204278,0.000141255,0.000208884
main|astana_clinic_nobase|nc10|np25|br0.25|one_heavy|ms3|r300|s3,0.000163799,0.000482490,0.000146213,0.000225943,0.000110971,0.000218364,0.000139560,0.000217596
main|astana_clinic_nobase|nc10|np25|br0.25|one_heavy|ms3|r300|s4,0.000172097,0.000498232,0.000117233,0.000237490,0.000115191,0.000190261,0.000161469,0.000220998
main|astana_clinic_nobase|nc10|np25|br0.25|one_heavy|ms3|r300|s5,0.000172676,0.000453180,0.000089280,0.000212809,0.000083916,0.000220443,0.000082618,0.000202465
main|astana_clinic_nobase|nc10|np25|br0.25|one_heavy|ms3|r300|s6,0.000160841,0.000534527,0.000103719,0.000210296,0.000099524,0.000202925,0.000101070,0.000210636
main|astana_clinic_nobase|nc10|np25|br0.25|one_heavy|ms3|r300|s7,0.000169338,0.000474380,0.000114704,0.000212251,0.000112825,0.000213371,0.000135138,0.000215698
main|astana_clinic_nobase|nc10|np25|br0.25|one_heavy|ms3|r300|s8,0.000159945,0.000479364,0.000123578,0.000213054,0.000112642,0.000199141,0.000119665,0.000214029
main|astana_clinic_nobase|nc10|np25|br0.25|one_heavy|ms3|r300|s9,0.000161568,0.000472921,0.000136432,0.000227077,0.000074119,0.000206611,0.000120493,0.000202931
main|astana_clinic_nobase|nc10|np25|br0.5|uniform|ms3|r300|s0,0.000173626,0.001027318,0.000154952,0.000237105,0.000146669,0.000218849,0.000151701,0.000228225
main|astana_clinic_nobase|nc10|np25|br0.5|uniform|ms3|r300|s1,0.000159879,0.000989003,0.000158798,0.000229974,0.000147612,0.000225750,0.000146987,0.000230830
main|astana_clinic_nobase|nc10|np25|br0.5|uniform|ms3|r300|s2,0.000164260,0.000993853,0.000149036,0.000238159,0.000143960,0.000228547,0.000149030,0.000219379
main|astana_clinic_nobase|nc10|np25|br0.5|uniform|ms3|r300|s3,0.000169649,0.001040716,0.000155361,0.000232861,0.000150112,0.000224729,0.000142402,0.000223704
main|astana_clinic_nobase|nc10|np25|br0.5|uniform|ms3|r300|s4,0.000175709,0.001023532,0.000150677,0.000224319,0.000147605,0.000217052,0.000146198,0.000218993
main|astana_clinic_nobase|nc10|np25|br0.5|uniform|ms3|r300|s5,0.000160406,0.001004632,0.000161059,0.000232083,0.000148305,0.000224049,0.000152133,0.000225494
main|astana_clinic_nobase|nc10|np25|br0.5|uniform|ms3|r300|s6,0.000159278,0.000987230,0.000151940,0.000219400,0.000147778,0.000211027,0.000143702,0.000208315
main|astana_clinic_nobase|nc10|np25|br0.5|uniform|ms3|r300|s7,0.000169194,0.000977601,0.000194732,0.000231515,0.000145233,0.000216579,0.000151546,0.000223135
main|astana_clinic_nobase|nc10|np25|br0.5|uniform|ms3|r300|s8,0.000160392,0.001009637,0.000145420,0.000232532,0.000143401,0.000217466,0.000145505,0.000220102
main|astana_clinic_nobase|nc10|np25|br0.5|uniform|ms3|r300|s9,0.000170359,0.001059674,0.000150338,0.000233571,0.000151112,0.000222572,0.000148954,0.000227066
main|astana_clinic_nobase|nc10|np25|br0.5|random_1_100|ms3|r300|s0,0.000165111,0.000977769,0.000148292,0.000228212,0.000145597,0.000220520,0.000148489,0.000223436
main|astana_clinic_nobase|nc10|np25|br0.5|random_1_100|ms3|r300|s1,0.000164427,0.001003960,0.000151724,0.000230223,0.000151137,0.000231853,0.000150758,0.000214792
main|astana_clinic_nobase|nc10|np25|br0.5|random_1_100|ms3|r300|s2,0.000162524,0.001054926,0.000143354,0.000248106,0.000146800,0.000231703,0.000147386,0.000237078
main|astana_clinic_nobase|nc10|np25|br0.5|random_1_100|ms3|r300|s3,0.000169979,0.001003356,0.000160297,0.000237612,0.000145762,0.000220788,0.000156473,0.000235576
main|astana_clinic_nobase|nc10|np25|br0.5|random_1_100|ms3|r300|s4,0.000163019,0.001075066,0.000151682,0.000248664,0.000148046,0.000223387,0.000164200,0.000228848
main|astana_clinic_nobase|nc10|np25|br0.5|random_1_100|ms3|r300|s5,0.000161302,0.001022745,0.000156309,0.000252654,0.000178180,0.000229631,0.000162618,0.000219968
main|astana_clinic_nobase|nc10|np25|br0.5|random_1_100|ms3|r300|s6,0.000160680,0.001019357,0.000159740,0.000227131,0.000149543,0.000225228,0.000147877,0.000225203
main|astana_clinic_nobase|nc10|np25|br0.5|random_1_100|ms3|r300|s7,0.000167437,0.000994809,0.000151529,0.000234612,0.000149706,0.000229732,0.000152660,0.000232615
main|astana_clinic_nobase|nc10|np25|br0.5|random_1_100|ms3|r300|s8,0.000162226,0.000994211,0.000147110,0.000230028,0.000146647,0.000222918,0.000149796,0.000226729
main|astana_clinic_nobase|nc10|np25|br0.5|random_1_100|ms3|r300|s9,0.000170080,0.001070809,0.000140930,0.000223955,0.000149961,0.000220487,0.000147955,0.000223075
main|astana_clinic_nobase|nc10|np25|br0.5|one_heavy|ms3|r300|s0,0.000162022,0.001012976,0.000152690,0.000232023,0.000149429,0.000156275,0.000148808,0.000249768
main|astana_clinic_nobase|nc10|np25|br0.5|one_heavy|ms3|r300|s1,0.000163825,0.001010460,0.000146771,0.000242990,0.000168149,0.000230563,0.000149904,0.000220072
main|astana_clinic_nobase|nc10|np25|br0.5|one_heavy|ms3|r300|s2,0.000168518,0.001021657,0.000160759,0.000227962,0.000152513,0.000217245,0.000149350,0.000224138
main|astana_clinic_nobase|nc10|np25|br0.5|one_heavy|ms3|r300|s3,0.000163039,0.001011261,0.000152057,0.000234194,0.000146618,0.000252808,0.000154487,0.000222865
main|astana_clinic_nobase|nc10|np25|br0.5|one_heavy|ms3|r300|s4,0.000161653,0.001045553,0.000145682,0.000233300,0.000157369,0.000222103,0.000150074,0.000221792
main|astana_clinic_nobase|nc10|np25|br0.5|one_heavy|ms3|r300|s5,0.000161002,0.001020250,0.000163461,0.000240377,0.000154344,0.000218430,0.000151982,0.000227118
main|astana_clinic_nobase|nc10|np25|br0.5|one_heavy|ms3|r300|s6,0.000163941,0.001000795,0.000146970,0.000227557,0.000151148,0.000203184,0.000153347,0.000222595
main|astana_clinic_nobase|nc10|np25|br0.5|one_heavy|ms3|r300|s7,0.000166276,0.001070482,0.000151202,0.000229648,0.000149030,0.000216218,0.000151857,0.000225113
main|astana_clinic_nobase|nc10|np25|br0.5|one_heavy|ms3|r300|s8,0.000162172,0.000996256,0.000150522,0.000227386,0.000144198,0.000213094,0.000148543,0.000216480
main|astana_clinic_nobase|nc10|np25|br0.5|one_heavy|ms3|r300|s9,0.000168109,0.000980355,0.000148958,0.000229676,0.000151257,0.000228303,0.000151400,0.000226680
main|astana_clinic_nobase|nc10|np25|br1.0|uniform|ms3|r300|s0,0.000164618,0.001006376,0.000149981,0.000230514,0.000145342,0.000215334,0.000146206,0.000233740
main|astana_clinic_nobase|nc10|np25|br1.0|uniform|ms3|r300|s1,0.000167554,0.000991313,0.000147969,0.000228108,0.000147655,0.000202760,0.000151945,0.000208669
main|astana_clinic_nobase|nc10|np25|br1.0|uniform|ms3|r300|s2,0.000163955,0.001014899,0.000148964,0.000239048,0.000144562,0.000225839,0.000150260,0.000222000
main|astana_clinic_nobase|nc10|np25|br1.0|uniform|ms3|r300|s3,0.000177899,0.001055601,0.000151406,0.000231757,0.000139906,0.000220533,0.000143716,0.000227430
main|astana_clinic_nobase|nc10|np25|br1.0|uniform|ms3|r300|s4,0.000167349,0.000998863,0.000161499,0.000244909,0.000149781,0.000210231,0.000147748,0.000217224
main|astana_clinic_nobase|nc10|np25|br1.0|uniform|ms3|r300|s5,0.000161545,0.001007574,0.000150502,0.000231068,0.000148306,0.000226997,0.000152231,0.000219366
main|astana_clinic_nobase|nc10|np25|br1.0|uniform|ms3|r300|s6,0.000159798,0.001010991,0.000147816,0.000223056,0.000155513,0.000216436,0.000147844,0.000213957
main|astana_clinic_nobase|nc10|np25|br1.0|uniform|ms3|r300|s7,0.000171046,0.000995607,0.000149269,0.000235464,0.000149693,0.000222762,0.000152768,0.000231121
main|astana_clinic_nobase|nc10|np25|br1.0|uniform|ms3|r300|s8,0.000166990,0.001019369,0.000144692,0.000239167,0.000145606,0.000230090,0.000148894,0.000223833
main|astana_clinic_nobase|nc10|np25|br1.0|uniform|ms3|r300|s9,0.000161967,0.000996364,0.000149592,0.000223400,0.000145321,0.000216028,0.000148023,0.000213134
main|astana_clinic_nobase|nc10|np25|br1.0|random_1_100|ms3|r300|s0,0.000185625,0.001050207,0.000152912,0.000259693,0.000152031,0.000221845,0.000149447,0.000231202
main|astana_clinic_nobase|nc10|np25|br1.0|random_1_100|ms3|r300|s1,0.000162784,0.001017781,0.000152908,0.000236785,0.000155976,0.000234598,0.000155731,0.000231666
main|astana_clinic_nobase|nc10|np25|br1.0|random_1_100|ms3|r300|s2,0.000163331,0.001042326,0.000150476,0.000226230,0.000151927,0.000218548,0.000154129,0.000222928
main|astana_clinic_nobase|nc10|np25|br1.0|random_1_100|ms3|r300|s3,0.000162510,0.001009667,0.000163799,0.000233534,0.000149883,0.000221671,0.000146706,0.000211877
main|astana_clinic_nobase|nc10|np25|br1.0|random_1_100|ms3|r300|s4,0.000166049,0.000992447,0.000151179,0.000227592,0.000164001,0.000221701,0.000145849,0.000226876
main|astana_clinic_nobase|nc10|np25|br1.0|random_1_100|ms3|r300|s5,0.000171642,0.001013739,0.000145466,0.000228365,0.000149408,0.000214700,0.000149911,0.000220057
main|astana_clinic_nobase|nc10|np25|br1.0|random_1_100|ms3|r300|s6,0.000164759,0.001043202,0.000148127,0.000237618,0.000143701,0.000218274,0.000147271,0.000217595
main|astana_clinic_nobase|nc10|np25|br1.0|random_1_100|ms3|r300|s7,0.000165103,0.001025006,0.000151049,0.000233310,0.000152308,0.000230756,0.000162363,0.000235939
main|astana_clinic_nobase|nc10|np25|br1.0|random_1_100|ms3|r300|s8,0.000170253,0.001094556,0.000147068,0.000229162,0.000143436,0.000220231,0.000145909,0.000211226
main|astana_clinic_nobase|nc10|np25|br1.0|random_1_100|ms3|r300|s9,0.000179448,0.001056036,0.000147299,0.000230459,0.000151305,0.000220950,0.000146526,0.000233796
main|astana_clinic_nobase|nc10|np25|br1.0|one_heavy|ms3|r300|s0,0.000173373,0.000989247,0.000148779,0.000225805,0.000152670,0.000215588,0.000152095,0.000223608
main|astana_clinic_nobase|nc10|np25|br1.0|one_heavy|ms3|r300|s1,0.000163273,0.001020837,0.000150040,0.000230821,0.000148441,0.000236534,0.000150532,0.000224022
main|astana_clinic_nobase|nc10|np25|br1.0|one_heavy|ms3|r300|s2,0.000161815,0.001004011,0.000159612,0.000237242,0.000145879,0.000223323,0.000148636,0.000232418
main|astana_clinic_nobase|nc10|np25|br1.0|one_heavy|ms3|r300|s3,0.000161127,0.001010485,0.000152854,0.000264951,0.000146160,0.000216539,0.000164766,0.000224380
main|astana_clinic_nobase|nc10|np25|br1.0|one_heavy|ms3|r300|s4,0.000166490,0.001030774,0.000170989,0.000295429,0.000198291,0.000237048,0.000170064,0.000279457
main|astana_clinic_nobase|nc10|np25|br1.0|one_heavy|ms3|r300|s5,0.000233570,0.001201088,0.000151500,0.000241733,0.000156416,0.000219485,0.000150520,0.000222400
main|astana_clinic_nobase|nc10|np25|br1.0|one_heavy|ms3|r300|s6,0.000164216,0.000985273,0.000157587,0.000226102,0.000154183,0.000222356,0.000151135,0.000225431
main|astana_clinic_nobase|nc10|np25|br1.0|one_heavy|ms3|r300|s7,0.000159951,0.001009000,0.000151651,0.000234794,0.000152483,0.000229203,0.000153488,0.000232818
main|astana_clinic_nobase|nc10|np25|br1.0|one_heavy|ms3|r300|s8,0.000175220,0.001071675,0.000146537,0.000230813,0.000145980,0.000218274,0.000148178,0.000230028
main|astana_clinic_nobase|nc10|np25|br1.0|one_heavy|ms3|r300|s9,0.000168339,0.001023947,0.000161438,0.000219972,0.000144294,0.000227587,0.000148317,0.000212883
main|astana_clinic_nobase|nc16|np5|br0.25|uniform|ms3|r300|s0,0.000060112,0.007259090,0.000151000,0.000251081,0.000136849,0.000230522,0.000130520,0.000216206
main|astana_clinic_nobase|nc16|np5|br0.25|uniform|ms3|r300|s1,0.000064847,0.007584134,0.000136883,0.000271330,0.000177254,0.000247720,0.000160189,0.000201942
main|astana_clinic_nobase|nc16|np5|br0.25|uniform|ms3|r300|s2,0.000059822,0.007365674,0.000153210,0.000235264,0.000144621,0.000230131,0.000140281,0.000211981
main|astana_clinic_nobase|nc16|np5|br0.25|uniform|ms3|r300|s3,0.000063249,0.007217749,0.000151253,0.000232578,0.000128982,0.000211023,0.000139498,0.000197229
main|astana_clinic_nobase|nc16|np5|br0.25|uniform|ms3|r300|s4,0.000077491,0.007398739,0.000142397,0.000239159,0.000136708,0.000232237,0.000147189,0.000199328
main|astana_clinic_nobase|nc16|np5|br0.25|uniform|ms3|r300|s5,0.000060864,0.007306451,0.000133769,0.000244391,0.000148374,0.000223954,0.000127060,0.000210346
main|astana_clinic_nobase|nc16|np5|br0.25|uniform|ms3|r300|s6,0.000060917,0.007627063,0.000127554,0.000253476,0.000194077,0.000224783,0.000142107,0.000203014
main|astana_clinic_nobase|nc16|np5|br0.25|uniform|ms3|r300|s7,0.000060865,0.007363687,0.000142312,0.000247547,0.000138958,0.000228517,0.000140288,0.000211410
main|astana_clinic_nobase|nc16|np5|br0.25|uniform|ms3|r300|s8,0.000061110,0.007152430,0.000149018,0.000208053,0.000139612,0.000209212,0.000128128,0.000195769
main|astana_clinic_nobase|nc16|np5|br0.25|uniform|ms3|r300|s9,0.000060115,0.007097510,0.000139191,0.000226814,0.000141931,0.000207005,0.000143747,0.000216277
main|astana_clinic_nobase|nc16|np5|br0.25|random_1_100|ms3|r300|s0,0.000057484,0.007184364,0.000155952,0.000237986,0.000158949,0.000229448,0.000155016,0.000206670
main|astana_clinic_nobase|nc16|np5|br0.25|random_1_100|ms3|r300|s1,0.000061433,0.007050507,0.000123283,0.000239886,0.000147479,0.000225893,0.000118927,0.000218485
main|astana_clinic_nobase|nc16|np5|br0.25|random_1_100|ms3|r300|s2,0.000060108,0.007173701,0.000112908,0.000251291,0.000145766,0.000229668,0.000143620,0.000192094
main|astana_clinic_nobase|nc16|np5|br0.25|random_1_100|ms3|r300|s3,0.000061516,0.007472949,0.000200562,0.000294533,0.000199218,0.000285975,0.000216996,0.000298926
main|astana_clinic_nobase|nc16|np5|br0.25|random_1_100|ms3|r300|s4,0.000098906,0.007623600,0.000183369,0.000241596,0.000142563,0.000226201,0.000144472,0.000201168
main|astana_clinic_nobase|nc16|np5|br0.25|random_1_100|ms3|r300|s5,0.000058703,0.007583943,0.000145260,0.000233821,0.000123236,0.000229963,0.000125936,0.000200437
main|astana_clinic_nobase|nc16|np5|br0.25|random_1_100|ms3|r300|s6,0.000066085,0.007441424,0.000154524,0.000268391,0.000144509,0.000232158,0.000144829,0.000215734
main|astana_clinic_nobase|nc16|np5|br0.25|random_1_100|ms3|r300|s7,0.000063234,0.010126911,0.000157011,0.000247822,0.000148141,0.000276436,0.000156431,0.000248840
main|astana_clinic_nobase|nc16|np5|br0.25|random_1_100|ms3|r300|s8,0.000062293,0.007923406,0.000143475,0.000231208,0.000135936,0.000233058,0.000143363,0.000222220
main|astana_clinic_nobase|nc16|np5|br0.25|random_1_100|ms3|r300|s9,0.000060237,0.007606320,0.000130633,0.000246134,0.000154182,0.000243872,0.000132452,0.000218830
main|astana_clinic_nobase|nc16|np5|br0.25|one_heavy|ms3|r300|s0,0.000063816,0.007641589,0.000144967,0.000242381,0.000137533,0.000244529,0.000146499,0.000191045
main|astana_clinic_nobase|nc16|np5|br0.25|one_heavy|ms3|r300|s1,0.000069121,0.007655933,0.000137595,0.000240204,0.000142648,0.000231430,0.000176173,0.000219864
main|astana_clinic_nobase|nc16|np5|br0.25|one_heavy|ms3|r300|s2,0.000059698,0.007494889,0.000123209,0.000243544,0.000145249,0.000229662,0.000119255,0.000210015
main|astana_clinic_nobase|nc16|np5|br0.25|one_heavy|ms3|r300|s3,0.000066638,0.008363587,0.000153452,0.000261889,0.000142635,0.000224978,0.000147138,0.000202070
main|astana_clinic_nobase|nc16|np5|br0.25|one_heavy|ms3|r300|s4,0.000070118,0.007770351,0.000151611,0.000251179,0.000149735,0.000232986,0.000160147,0.000228448
main|astana_clinic_nobase|nc16|np5|br0.25|one_heavy|ms3|r300|s5,0.000064880,0.007800236,0.000143009,0.000255756,0.000144135,0.000250007,0.000162327,0.000228576
main|astana_clinic_nobase|nc16|np5|br0.25|one_heavy|ms3|r300|s6,0.000060472,0.007468036,0.000155792,0.000261645,0.000164623,0.000252264,0.000186821,0.000191135
main|astana_clinic_nobase|nc16|np5|br0.25|one_heavy|ms3|r300|s7,0.000066632,0.007603363,0.000123550,0.000242816,0.000119712,0.000234527,0.000127742,0.000220363
main|astana_clinic_nobase|nc16|np5|br0.25|one_heavy|ms3|r300|s8,0.000061097,0.007831176,0.000146701,0.000259723,0.000167043,0.000236776,0.000131557,0.000209290
main|astana_clinic_nobase|nc16|np5|br0.25|one_heavy|ms3|r300|s9,0.000060613,0.007295369,0.000171034,0.000222261,0.000144381,0.000220081,0.000153913,0.000216553
main|astana_clinic_nobase|nc16|np5|br0.5|uniform|ms3|r300|s0,0.000062812,0.007495749,0.000186535,0.000246694,0.000147894,0.000247396,0.000147885,0.000209620
main|astana_clinic_nobase|nc16|np5|br0.5|uniform|ms3|r300|s1,0.000060559,0.007899177,0.000144284,0.000242303,0.000148611,0.000214772,0.000158911,0.000209530
main|astana_clinic_nobase|nc16|np5|br0.5|uniform|ms3|r300|s2,0.000062421,0.007308356,0.000144618,0.000234131,0.000139981,0.000218758,0.000145742,0.000202104
main|astana_clinic_nobase|nc16|np5|br0.5|uniform|ms3|r300|s3,0.000057122,0.007350649,0.000140671,0.000225223,0.000140723,0.000219794,0.000142226,0.000198611
main|astana_clinic_nobase|nc16|np5|br0.5|uniform|ms3|r300|s4,0.000059485,0.007499578,0.000143096,0.000249801,0.000134374,0.000219199,0.000146141,0.000207486
main|astana_clinic_nobase|nc16|np5|br0.5|uniform|ms3|r300|s5,0.000059427,0.007475318,0.000141549,0.000240257,0.000143802,0.000234717,0.000142655,0.000320915
main|astana_clinic_nobase|nc16|np5|br0.5|uniform|ms3|r300|s6,0.000091333,0.010307376,0.000149349,0.000239149,0.000139254,0.000237105,0.000185721,0.000311763
main|astana_clinic_nobase|nc16|np5|br0.5|uniform|ms3|r300|s7,0.000092177,0.007446163,0.000143445,0.000228245,0.000151428,0.000211724,0.000148204,0.000211963
main|astana_clinic_nobase|nc16|np5|br0.5|uniform|ms3|r300|s8,0.000059362,0.007992053,0.000141727,0.000221195,0.000178343,0.000240957,0.000137412,0.000213019
main|astana_clinic_nobase|nc16|np5|br0.5|uniform|ms3|r300|s9,0.000064662,0.007159608,0.000144162,0.000220431,0.000139251,0.000210190,0.000147614,0.000199433
main|astana_clinic_nobase|nc16|np5|br0.5|random_1_100|ms3|r300|s0,0.000056889,0.007473622,0.000143421,0.000232654,0.000144114,0.000233177,0.000143922,0.000200717
main|astana_clinic_nobase|nc16|np5|br0.5|random_1_100|ms3|r300|s1,0.000058262,0.007150257,0.000154973,0.000239224,0.000136290,0.000226283,0.000138477,0.000231415
main|astana_clinic_nobase|nc16|np5|br0.5|random_1_100|ms3|r300|s2,0.000064458,0.008310986,0.000158294,0.000255651,0.000161495,0.000297470,0.000184581,0.000249204
main|astana_clinic_nobase|nc16|np5|br0.5|random_1_100|ms3|r300|s3,0.000071707,0.008483038,0.000144931,0.000266242,0.000148655,0.000245655,0.000162963,0.000232289
main|astana_clinic_nobase|nc16|np5|br0.5|random_1_100|ms3|r300|s4,0.000063155,0.008027248,0.000181262,0.000241598,0.000158552,0.000239409,0.000173543,0.000272560
main|astana_clinic_nobase|nc16|np5|br0.5|random_1_100|ms3|r300|s5,0.000076653,0.008079749,0.000153933,0.000251730,0.000169546,0.000245532,0.000151855,0.000230437
main|astana_clinic_nobase|nc16|np5|br0.5|random_1_100|ms3|r300|s6,0.000061251,0.007961060,0.000156696,0.000237029,0.000171820,0.000224936,0.000148973,0.000208258
main|astana_clinic_nobase|nc16|np5|br0.5|random_1_100|ms3|r300|s7,0.000061582,0.007885054,0.000160769,0.000240428,0.000145845,0.000244261,0.000151004,0.000209130
main|astana_clinic_nobase|nc16|np5|br0.5|random_1_100|ms3|r300|s8,0.000064238,0.007760962,0.000142259,0.000272531,0.000166597,0.000248411,0.000155505,0.000206939
main|astana_clinic_nobase|nc16|np5|br0.5|random_1_100|ms3|r300|s9,0.000065720,0.007667757,0.000149755,0.000260517,0.000145288,0.000224943,0.000152682,0.000205778
main|astana_clinic_nobase|nc16|np5|br0.5|one_heavy|ms3|r300|s0,0.000060327,0.007812032,0.000170154,0.000236705,0.000147421,0.000275973,0.000150059,0.000219969
main|astana_clinic_nobase|nc16|np5|br0.5|one_heavy|ms3|r300|s1,0.000068041,0.007681972,0.000169119,0.000260027,0.000145583,0.000222094,0.000151750,0.000222483
main|astana_clinic_nobase|nc16|np5|br0.5|one_heavy|ms3|r300|s2,0.000063788,0.007761619,0.000156503,0.000242260,0.000155920,0.000186332,0.000132995,0.000169659
main|astana_clinic_nobase|nc16|np5|br0.5|one_heavy|ms3|r300|s3,0.000050400,0.006710733,0.000165926,0.000418422,0.000237145,0.000373120,0.000255624,0.000345512
main|astana_clinic_nobase|nc16|np5|br0.5|one_heavy|ms3|r300|s4,0.000120208,0.007642119,0.000140445,0.000272061,0.000147805,0.000235031,0.000146715,0.000210331
main|astana_clinic_nobase|nc16|np5|br0.5|one_heavy|ms3|r300|s5,0.000063014,0.007486165,0.000155784,0.000253816,0.000143828,0.000239411,0.000142040,0.000209638
main|astana_clinic_nobase|nc16|np5|br0.5|one_heavy|ms3|r300|s6,0.000062263,0.007774001,0.000161699,0.000231885,0.000155180,0.000256280,0.000148143,0.000212378
main|astana_clinic_nobase|nc16|np5|br0.5|one_heavy|ms3|r300|s7,0.000065459,0.008025277,0.000201190,0.000236451,0.000172083,0.000249237,0.000179452,0.000226374
main|astana_clinic_nobase|nc16|np5|br0.5|one_heavy|ms3|r300|s8,0.000063480,0.008028201,0.000143248,0.000253048,0.000151430,0.000224330,0.000155105,0.000246818
main|astana_clinic_nobase|nc16|np5|br0.5|one_heavy|ms3|r300|s9,0.000064713,0.007596928,0.000163952,0.000237050,0.000146956,0.000227554,0.000152511,0.000203380
main|astana_clinic_nobase|nc16|np5|br1.0|uniform|ms3|r300|s0,0.000064361,0.007777062,0.000158193,0.000226346,0.000147678,0.000210678,0.000143486,0.000207056
main|astana_clinic_nobase|nc16|np5|br1.0|uniform|ms3|r300|s1,0.000060054,0.007768621,0.000162057,0.000248651,0.000155038,0.000234240,0.000151239,0.000221524
main|astana_clinic_nobase|nc16|np5|br1.0|uniform|ms3|r300|s2,0.000060555,0.007616718,0.000150540,0.000243946,0.000148248,0.000216717,0.000151169,0.000202920
main|astana_clinic_nobase|nc16|np5|br1.0|uniform|ms3|r300|s3,0.000059285,0.007600193,0.000147107,0.000240770,0.000145609,0.000231401,0.000149570,0.000233574
main|astana_clinic_nobase|nc16|np5|br1.0|uniform|ms3|r300|s4,0.000061221,0.007964154,0.000156261,0.000247721,0.000146727,0.000247387,0.000148282,0.000220198
main|astana_clinic_nobase|nc16|np5|br1.0|uniform|ms3|r300|s5,0.000062490,0.007739024,0.000156897,0.000210805,0.000166951,0.000219198,0.000152853,0.000204281
main|astana_clinic_nobase|nc16|np5|br1.0|uniform|ms3|r300|s6,0.000069105,0.007798542,0.000162240,0.000263478,0.000158173,0.000224532,0.000153517,0.000199414
main|astana_clinic_nobase|nc16|np5|br1.0|uniform|ms3|r300|s7,0.000060498,0.007792190,0.000156033,0.000235862,0.000151346,0.000231699,0.000142977,0.000209745
main|astana_clinic_nobase|nc16|np5|br1.0|uniform|ms3|r300|s8,0.000070042,0.007633184,0.000148299,0.000249332,0.000142816,0.000239047,0.000148300,0.000212714
main|astana_clinic_nobase|nc16|np5|br1.0|uniform|ms3|r300|s9,0.000061835,0.007556759,0.000224639,0.000328742,0.000244144,0.000331534,0.000224682,0.000337503
main|astana_clinic_nobase|nc16|np5|br1.0|random_1_100|ms3|r300|s0,0.000106758,0.007776443,0.000153533,0.000244893,0.000148798,0.000250379,0.000150417,0.000206306
main|astana_clinic_nobase|nc16|np5|br1.0|random_1_100|ms3|r300|s1,0.000061055,0.007618102,0.000149803,0.000245968,0.000147088,0.000238813,0.000148986,0.000210369
main|astana_clinic_nobase|nc16|np5|br1.0|random_1_100|ms3|r300|s2,0.000061494,0.007980186,0.000162518,0.000260864,0.000145053,0.000228867,0.000151835,0.000227874
main|astana_clinic_nobase|nc16|np5|br1.0|random_1_100|ms3|r300|s3,0.000061938,0.007762569,0.000163270,0.000285689,0.000184111,0.000298186,0.000152864,0.000254620
main|astana_clinic_nobase|nc16|np5|br1.0|random_1_100|ms3|r300|s4,0.000079169,0.007608622,0.000197359,0.000299810,0.000183928,0.000287651,0.000190036,0.000290924
main|astana_clinic_nobase|nc16|np5|br1.0|random_1_100|ms3|r300|s5,0.000086267,0.011077603,0.000199941,0.000316789,0.000190651,0.000299938,0.000187545,0.000206071
main|astana_clinic_nobase|nc16|np5|br1.0|random_1_100|ms3|r300|s6,0.000067620,0.007543209,0.000151498,0.000240557,0.000151082,0.000231927,0.000147909,0.000196767
main|astana_clinic_nobase|nc16|np5|br1.0|random_1_100|ms3|r300|s7,0.000065970,0.008401593,0.000167548,0.000240905,0.000146403,0.000222647,0.000146216,0.000211024
main|astana_clinic_nobase|nc16|np5|br1.0|random_1_100|ms3|r300|s8,0.000062988,0.007814815,0.000160746,0.000236663,0.000146218,0.000228748,0.000151759,0.000214963
main|astana_clinic_nobase|nc16|np5|br1.0|random_1_100|ms3|r300|s9,0.000063468,0.007700830,0.000232612,0.000363540,0.000245202,0.000365468,0.000245719,0.000349750
main|astana_clinic_nobase|nc16|np5|br1.0|one_heavy|ms3|r300|s0,0.000091841,0.007613874,0.000152920,0.000238336,0.000151052,0.000222463,0.000153964,0.000222506
main|astana_clinic_nobase|nc16|np5|br1.0|one_heavy|ms3|r300|s1,0.000066978,0.007672728,0.000152714,0.000238256,0.000148185,0.000224118,0.000155889,0.000220607
main|astana_clinic_nobase|nc16|np5|br1.0|one_heavy|ms3|r300|s2,0.000062318,0.007458864,0.000150660,0.000236197,0.000150563,0.000234827,0.000149546,0.000213092
main|astana_clinic_nobase|nc16|np5|br1.0|one_heavy|ms3|r300|s3,0.000062724,0.007828058,0.000163870,0.000245129,0.000152190,0.000241071,0.000144546,0.000230858
main|astana_clinic_nobase|nc16|np5|br1.0|one_heavy|ms3|r300|s4,0.000060713,0.008105200,0.000203357,0.000335601,0.000200781,0.000313540,0.000194711,0.000273616
main|astana_clinic_nobase|nc16|np5|br1.0|one_heavy|ms3|r300|s5,0.000083769,0.010548430,0.000223100,0.000322929,0.000193074,0.000301237,0.000189889,0.000275941
main|astana_clinic_nobase|nc16|np5|br1.0|one_heavy|ms3|r300|s6,0.000097585,0.010509263,0.000201240,0.000358418,0.000202779,0.000324065,0.000194365,0.000275813
main|astana_clinic_nobase|nc16|np5|br1.0|one_heavy|ms3|r300|s7,0.000086570,0.010953782,0.000187595,0.000337634,0.000205280,0.000316813,0.000192132,0.000255995
main|astana_clinic_nobase|nc16|np5|br1.0|one_heavy|ms3|r300|s8,0.000093235,0.007646006,0.000151568,0.000252504,0.000144196,0.000294923,0.000188558,0.000275491
main|astana_clinic_nobase|nc16|np5|br1.0|one_heavy|ms3|r300|s9,0.000090487,0.007719450,0.000149863,0.000240283,0.000150251,0.000270925,0.000153911,0.000222064
main|astana_clinic_nobase|nc16|np15|br0.25|uniform|ms3|r300|s0,0.000167380,0.008371339,0.000290346,0.000455428,0.000266535,0.000403790,0.000287817,0.000418799
main|astana_clinic_nobase|nc16|np15|br0.25|uniform|ms3|r300|s1,0.000265551,0.011354939,0.000189329,0.000297489,0.000255152,0.000298608,0.000192673,0.000291069
main|astana_clinic_nobase|nc16|np15|br0.25|uniform|ms3|r300|s2,0.000169185,0.008003173,0.000206240,0.000315076,0.000226804,0.000316921,0.000176062,0.000309243
main|astana_clinic_nobase|nc16|np15|br0.25|uniform|ms3|r300|s3,0.000163872,0.007891680,0.000190202,0.000296599,0.000185020,0.000281089,0.000210403,0.000293079
main|astana_clinic_nobase|nc16|np15|br0.25|uniform|ms3|r300|s4,0.000158209,0.007842578,0.000227962,0.000300562,0.000179467,0.000275290,0.000188882,0.000288371
main|astana_clinic_nobase|nc16|np15|br0.25|uniform|ms3|r300|s5,0.000157000,0.007966216,0.000225248,0.000328946,0.000192857,0.000302843,0.000194663,0.000362369
main|astana_clinic_nobase|nc16|np15|br0.25|uniform|ms3|r300|s6,0.000152937,0.008025527,0.000201452,0.000324999,0.000188856,0.000294324,0.000194871,0.000279554
main|astana_clinic_nobase|nc16|np15|br0.25|uniform|ms3|r300|s7,0.000158790,0.007489972,0.000196126,0.000306796,0.000199522,0.000303821,0.000193410,0.000284908
main|astana_clinic_nobase|nc16|np15|br0.25|uniform|ms3|r300|s8,0.000156337,0.007596337,0.000260350,0.000411100,0.000277963,0.000396744,0.000268001,0.000374027
main|astana_clinic_nobase|nc16|np15|br0.25|uniform|ms3|r300|s9,0.000250417,0.012031376,0.000183301,0.000299400,0.000174964,0.000272458,0.000184818,0.000275129
main|astana_clinic_nobase|nc16|np15|br0.25|random_1_100|ms3|r300|s0,0.000152742,0.007535765,0.000167449,0.000299982,0.000187437,0.000292582,0.000211318,0.000303991
main|astana_clinic_nobase|nc16|np15|br0.25|random_1_100|ms3|r300|s1,0.000160119,0.007456639,0.000322679,0.000451708,0.000252339,0.000423275,0.000276182,0.000405447
main|astana_clinic_nobase|nc16|np15|br0.25|random_1_100|ms3|r300|s2,0.000248187,0.011165107,0.000181918,0.000409377,0.000251716,0.000406550,0.000260038,0.000385413
main|astana_clinic_nobase|nc16|np15|br0.25|random_1_100|ms3|r300|s3,0.000237119,0.011567045,0.000246966,0.000423591,0.000239523,0.000416042,0.000245914,0.000391155
main|astana_clinic_nobase|nc16|np15|br0.25|random_1_100|ms3|r300|s4,0.000254138,0.007989010,0.000174627,0.000339007,0.000184441,0.000308377,0.000194518,0.000318820
main|astana_clinic_nobase|nc16|np15|br0.25|random_1_100|ms3|r300|s5,0.000169034,0.008065755,0.000205090,0.000333092,0.000190358,0.000329728,0.000192806,0.000311858
main|astana_clinic_nobase|nc16|np15|br0.25|random_1_100|ms3|r300|s6,0.000160584,0.008132312,0.000217739,0.000320395,0.000193232,0.000318658,0.000208889,0.000303730
main|astana_clinic_nobase|nc16|np15|br0.25|random_1_100|ms3|r300|s7,0.000167234,0.008197909,0.000181072,0.000323512,0.000200293,0.000314546,0.000208109,0.000294122
main|astana_clinic_nobase|nc16|np15|br0.25|random_1_100|ms3|r300|s8,0.000164879,0.008082511,0.000188824,0.000336143,0.000206569,0.000282172,0.000189776,0.000313437
main|astana_clinic_nobase|nc16|np15|br0.25|random_1_100|ms3|r300|s9,0.000161659,0.007922271,0.000198727,0.000323339,0.000202518,0.000313725,0.000211191,0.000309694
main|astana_clinic_nobase|nc16|np15|br0.25|one_heavy|ms3|r300|s0,0.000168022,0.007973605,0.000203849,0.000317415,0.000192987,0.000297423,0.000184327,0.000306614
main|astana_clinic_nobase|nc16|np15|br0.25|one_heavy|ms3|r300|s1,0.000153261,0.007036218,0.000210133,0.000292725,0.000175606,0.000256050,0.000183445,0.000257191
main|astana_clinic_nobase|nc16|np15|br0.25|one_heavy|ms3|r300|s2,0.000143854,0.006861752,0.000175010,0.000279046,0.000181774,0.000272538,0.000179542,0.000262129
main|astana_clinic_nobase|nc16|np15|br0.25|one_heavy|ms3|r300|s3,0.000150351,0.007080861,0.000168556,0.000277185,0.000158796,0.000246095,0.000165833,0.000236922
main|astana_clinic_nobase|nc16|np15|br0.25|one_heavy|ms3|r300|s4,0.000134753,0.006874482,0.000178769,0.000274744,0.000167437,0.000264885,0.000187380,0.000279690
main|astana_clinic_nobase|nc16|np15|br0.25|one_heavy|ms3|r300|s5,0.000139995,0.007007437,0.000155429,0.000270806,0.000159242,0.000259697,0.000154300,0.000277221
main|astana_clinic_nobase|nc16|np15|br0.25|one_heavy|ms3|r300|s6,0.000152991,0.006512591,0.000167926,0.000275311,0.000164338,0.000244893,0.000167233,0.000235752
main|astana_clinic_nobase|nc16|np15|br0.25|one_heavy|ms3|r300|s7,0.000138763,0.006613528,0.000192436,0.000276586,0.000162232,0.000234223,0.000168439,0.000240435
main|astana_clinic_nobase|nc16|np15|br0.25|one_heavy|ms3|r300|s8,0.000140210,0.006384491,0.000195328,0.000305099,0.000195281,0.000276311,0.000189288,0.000243096
main|astana_clinic_nobase|nc16|np15|br0.25|one_heavy|ms3|r300|s9,0.000150217,0.006479828,0.000159326,0.000260240,0.000164650,0.000256358,0.000162471,0.000253704
main|astana_clinic_nobase|nc16|np15|br0.5|uniform|ms3|r300|s0,0.000133213,0.006802915,0.000165592,0.000254435,0.000158708,0.000235397,0.000163850,0.000237611
main|astana_clinic_nobase|nc16|np15|br0.5|uniform|ms3|r300|s1,0.000136371,0.006955808,0.000163958,0.000254634,0.000161511,0.000247707,0.000159451,0.000240279
main|astana_clinic_nobase|nc16|np15|br0.5|uniform|ms3|r300|s2,0.000138041,0.006379770,0.000161119,0.000259163,0.000150961,0.000239944,0.000158237,0.000225397
main|astana_clinic_nobase|nc16|np15|br0.5|uniform|ms3|r300|s3,0.000139434,0.006505324,0.000158129,0.000250146,0.000156175,0.000240491,0.000164827,0.000241808
main|astana_clinic_nobase|nc16|np15|br0.5|uniform|ms3|r300|s4,0.000126832,0.006303395,0.000164213,0.000266010,0.000163902,0.000255672,0.000165460,0.000238493
main|astana_clinic_nobase|nc16|np15|br0.5|uniform|ms3|r300|s5,0.000135375,0.006538586,0.000171835,0.000267096,0.000160836,0.000248361,0.000171726,0.000256126
main|astana_clinic_nobase|nc16|np15|br0.5|uniform|ms3|r300|s6,0.000131285,0.006964112,0.000175018,0.000275725,0.000177732,0.000264563,0.000180918,0.000263820
main|astana_clinic_nobase|nc16|np15|br0.5|uniform|ms3|r300|s7,0.000147667,0.007595960,0.000202553,0.000344916,0.000196048,0.000308914,0.000200357,0.000309261
main|astana_clinic_nobase|nc16|np15|br0.5|uniform|ms3|r300|s8,0.000169174,0.008350689,0.000206113,0.000331653,0.000192255,0.000301990,0.000208066,0.000298515
main|astana_clinic_nobase|nc16|np15|br0.5|uniform|ms3|r300|s9,0.000178372,0.008134873,0.000208626,0.000316031,0.000204699,0.000289719,0.000199175,0.000302436
main|astana_clinic_nobase|nc16|np15|br0.5|random_1_100|ms3|r300|s0,0.000169166,0.008222140,0.000207679,0.000346113,0.000194433,0.000289928,0.000202827,0.000306957
main|astana_clinic_nobase|nc16|np15|br0.5|random_1_100|ms3|r300|s1,0.000167815,0.008265968,0.000199077,0.000348887,0.000196841,0.000310917,0.000208068,0.000314033
main|astana_clinic_nobase|nc16|np15|br0.5|random_1_100|ms3|r300|s2,0.000172890,0.008101679,0.000193805,0.000326612,0.000196151,0.000323427,0.000202418,0.000294289
main|astana_clinic_nobase|nc16|np15|br0.5|random_1_100|ms3|r300|s3,0.000184745,0.008194208,0.000203591,0.000332227,0.000194961,0.000282781,0.000197462,0.000282326
main|astana_clinic_nobase|nc16|np15|br0.5|random_1_100|ms3|r300|s4,0.000180042,0.008579271,0.000202923,0.000328868,0.000202959,0.000314978,0.000203083,0.000309637
main|astana_clinic_nobase|nc16|np15|br0.5|random_1_100|ms3|r300|s5,0.000166249,0.008447790,0.000196450,0.000357586,0.000193928,0.000316804,0.000211943,0.000310333
main|astana_clinic_nobase|nc16|np15|br0.5|random_1_100|ms3|r300|s6,0.000163295,0.008055555,0.000216859,0.000323697,0.000201439,0.000277334,0.000199416,0.000293763
main|astana_clinic_nobase|nc16|np15|br0.5|random_1_100|ms3|r300|s7,0.000179256,0.008201632,0.000198560,0.000320165,0.000199985,0.000303999,0.000205962,0.000291271
main|astana_clinic_nobase|nc16|np15|br0.5|random_1_100|ms3|r300|s8,0.000161294,0.008229924,0.000205721,0.000314253,0.000197013,0.000324037,0.000198299,0.000299657
main|astana_clinic_nobase|nc16|np15|br0.5|random_1_100|ms3|r300|s9,0.000170122,0.008130789,0.000205468,0.000337567,0.000203555,0.000292765,0.000208298,0.000296017
main|astana_clinic_nobase|nc16|np15|br0.5|one_heavy|ms3|r300|s0,0.000169035,0.008274623,0.000214152,0.000317801,0.000196016,0.000300944,0.000245327,0.000361099
main|astana_clinic_nobase|nc16|np15|br0.5|one_heavy|ms3|r300|s1,0.000164599,0.008283859,0.000221557,0.000312959,0.000198790,0.000338864,0.000199185,0.000297708
main|astana_clinic_nobase|nc16|np15|br0.5|one_heavy|ms3|r300|s2,0.000176092,0.008293211,0.000212940,0.000317565,0.000213717,0.000329489,0.000221729,0.000342390
main|astana_clinic_nobase|nc16|np15|br0.5|one_heavy|ms3|r300|s3,0.000166590,0.008416501,0.000274814,0.000430587,0.000304709,0.000399289,0.000284609,0.000416744
main|astana_clinic_nobase|nc16|np15|br0.5|one_heavy|ms3|r300|s4,0.000243215,0.008192400,0.000197409,0.000301209,0.000196504,0.000294932,0.000190349,0.000284013
main|astana_clinic_nobase|nc16|np15|br0.5|one_heavy|ms3|r300|s5,0.000154566,0.008233696,0.000217423,0.000326452,0.000197431,0.000312416,0.000199661,0.000309067
main|astana_clinic_nobase|nc16|np15|br0.5|one_heavy|ms3|r300|s6,0.000165171,0.008292572,0.000204175,0.000320012,0.000203447,0.000303039,0.000197460,0.000298244
main|astana_clinic_nobase|nc16|np15|br0.5|one_heavy|ms3|r300|s7,0.000162226,0.008505651,0.000212389,0.000320118,0.000202317,0.000322149,0.000204906,0.000282100
main|astana_clinic_nobase|nc16|np15|br0.5|one_heavy|ms3|r300|s8,0.000160942,0.008354708,0.000199935,0.000320346,0.000195638,0.000300525,0.000205746,0.000293391
main|astana_clinic_nobase|nc16|np15|br0.5|one_heavy|ms3|r300|s9,0.000164640,0.008615349,0.000204131,0.000315274,0.000195474,0.000374556,0.000315726,0.000457259
main|astana_clinic_nobase|nc16|np15|br1.0|uniform|ms3|r300|s0,0.000285652,0.008243559,0.000194711,0.000319188,0.000199545,0.000302492,0.000199167,0.000305692
main|astana_clinic_nobase|nc16|np15|br1.0|uniform|ms3|r300|s1,0.000161143,0.007943951,0.000191849,0.000306823,0.000200172,0.000292168,0.000187119,0.000291257
main|astana_clinic_nobase|nc16|np15|br1.0|uniform|ms3|r300|s2,0.000170207,0.007931213,0.000211731,0.000316588,0.000194137,0.000299840,0.000206435,0.000289581
main|astana_clinic_nobase|nc16|np15|br1.0|uniform|ms3|r300|s3,0.000162423,0.008087664,0.000213236,0.000313891,0.000208954,0.000306326,0.000199105,0.000293241
main|astana_clinic_nobase|nc16|np15|br1.0|uniform|ms3|r300|s4,0.000164167,0.008127775,0.000217093,0.000324207,0.000210338,0.000295618,0.000197802,0.000295046
main|astana_clinic_nobase|nc16|np15|br1.0|uniform|ms3|r300|s5,0.000157203,0.008027291,0.000209359,0.000312316,0.000196637,0.000290831,0.000194217,0.000309396
main|astana_clinic_nobase|nc16|np15|br1.0|uniform|ms3|r300|s6,0.000164012,0.008536154,0.000209107,0.000318434,0.000228529,0.000316446,0.000205202,0.000283757
main|astana_clinic_nobase|nc16|np15|br1.0|uniform|ms3|r300|s7,0.000165506,0.008504040,0.000194186,0.000311660,0.000196049,0.000290120,0.000209635,0.000290841
main|astana_clinic_nobase|nc16|np15|br1.0|uniform|ms3|r300|s8,0.000241715,0.008469722,0.000198912,0.000329480,0.000198189,0.000317117,0.000204999,0.000297812
main|astana_clinic_nobase|nc16|np15|br1.0|uniform|ms3|r300|s9,0.000179084,0.008485385,0.000196172,0.000320992,0.000211884,0.000313619,0.000200220,0.000299628
main|astana_clinic_nobase|nc16|np15|br1.0|random_1_100|ms3|r300|s0,0.000162017,0.008273922,0.000207876,0.000339630,0.000196673,0.000305944,0.000204543,0.000342838
main|astana_clinic_nobase|nc16|np15|br1.0|random_1_100|ms3|r300|s1,0.000169298,0.008434517,0.000221067,0.000337663,0.000201207,0.000302595,0.000207550,0.000316062
main|astana_clinic_nobase|nc16|np15|br1.0|random_1_100|ms3|r300|s2,0.000172315,0.008339053,0.000204840,0.000348021,0.000192389,0.000304313,0.000205062,0.000302484
main|astana_clinic_nobase|nc16|np15|br1.0|random_1_100|ms3|r300|s3,0.000167029,0.007999167,0.000199499,0.000312009,0.000190861,0.000279011,0.000194140,0.000303738
main|astana_clinic_nobase|nc16|np15|br1.0|random_1_100|ms3|r300|s4,0.000171106,0.007958823,0.000194488,0.000328183,0.000192579,0.000294740,0.000201117,0.000281535
main|astana_clinic_nobase|nc16|np15|br1.0|random_1_100|ms3|r300|s5,0.000161761,0.008216825,0.000316895,0.000529817,0.000357990,0.000538782,0.000331625,0.000480807
main|astana_clinic_nobase|nc16|np15|br1.0|random_1_100|ms3|r300|s6,0.000317780,0.008031850,0.000223074,0.000329593,0.000201019,0.000313693,0.000197190,0.000293027
main|astana_clinic_nobase|nc16|np15|br1.0|random_1_100|ms3|r300|s7,0.000187229,0.008376242,0.000204679,0.000319165,0.000244209,0.000381272,0.000195025,0.000327858
main|astana_clinic_nobase|nc16|np15|br1.0|random_1_100|ms3|r300|s8,0.000225456,0.008623901,0.000211610,0.000321607,0.000203693,0.000318532,0.000217325,0.000312108
main|astana_clinic_nobase|nc16|np15|br1.0|random_1_100|ms3|r300|s9,0.000163329,0.008650914,0.000208235,0.000356961,0.000194606,0.000335759,0.000198235,0.000328453
main|astana_clinic_nobase|nc16|np15|br1.0|one_heavy|ms3|r300|s0,0.000166525,0.009120227,0.000205827,0.000319860,0.000224719,0.000299780,0.000221863,0.000312567
main|astana_clinic_nobase|nc16|np15|br1.0|one_heavy|ms3|r300|s1,0.000171588,0.008377664,0.000243873,0.000314019,0.000200051,0.000292333,0.000204326,0.000295789
main|astana_clinic_nobase|nc16|np15|br1.0|one_heavy|ms3|r300|s2,0.000163428,0.008454943,0.000218688,0.000334378,0.000198579,0.000312314,0.000204466,0.000332912
main|astana_clinic_nobase|nc16|np15|br1.0|one_heavy|ms3|r300|s3,0.000165548,0.008791522,0.000251773,0.000453885,0.000276243,0.000318533,0.000200748,0.000286090
main|astana_clinic_nobase|nc16|np15|br1.0|one_heavy|ms3|r300|s4,0.000153988,0.007876030,0.000198168,0.000310726,0.000187221,0.000286999,0.000194587,0.000294220
main|astana_clinic_nobase|nc16|np15|br1.0|one_heavy|ms3|r300|s5,0.000156338,0.008674541,0.000191635,0.000301360,0.000197540,0.000306485,0.000200174,0.000325338
main|astana_clinic_nobase|nc16|np15|br1.0|one_heavy|ms3|r300|s6,0.000165018,0.008135040,0.000194481,0.000305841,0.000194550,0.000273675,0.000192963,0.000303252
main|astana_clinic_nobase|nc16|np15|br1.0|one_heavy|ms3|r300|s7,0.000160178,0.008181745,0.000217038,0.000318996,0.000206302,0.000316971,0.000204233,0.000312764
main|astana_clinic_nobase|nc16|np15|br1.0|one_heavy|ms3|r300|s8,0.000164640,0.008976461,0.000210279,0.000321196,0.000199305,0.000322729,0.000205637,0.000309691
main|astana_clinic_nobase|nc16|np15|br1.0|one_heavy|ms3|r300|s9,0.000164576,0.008410290,0.000206620,0.000317133,0.000228000,0.000306105,0.000208930,0.000294113
main|astana_clinic_nobase|nc16|np25|br0.25|uniform|ms3|r300|s0,0.000302770,0.010070085,0.000249501,0.000382223,0.000245295,0.000374028,0.000290615,0.000368663
main|astana_clinic_nobase|nc16|np25|br0.25|uniform|ms3|r300|s1,0.000259886,0.009020521,0.000261174,0.000377538,0.000231073,0.000364511,0.000259144,0.000373576
main|astana_clinic_nobase|nc16|np25|br0.25|uniform|ms3|r300|s2,0.000259514,0.008590862,0.000233824,0.000398533,0.000230927,0.000373507,0.000253113,0.000396132
main|astana_clinic_nobase|nc16|np25|br0.25|uniform|ms3|r300|s3,0.000267948,0.009479338,0.000263415,0.000370376,0.000323427,0.000456375,0.000235179,0.000358095
main|astana_clinic_nobase|nc16|np25|br0.25|uniform|ms3|r300|s4,0.000248240,0.008723556,0.000232874,0.000381243,0.000224216,0.000344815,0.000228621,0.000343533
main|astana_clinic_nobase|nc16|np25|br0.25|uniform|ms3|r300|s5,0.000250355,0.008501140,0.000277226,0.000420116,0.000272995,0.000352562,0.000237882,0.000363202
main|astana_clinic_nobase|nc16|np25|br0.25|uniform|ms3|r300|s6,0.000253319,0.008185710,0.000207241,0.000375046,0.000211114,0.000350197,0.000228562,0.000339094
main|astana_clinic_nobase|nc16|np25|br0.25|uniform|ms3|r300|s7,0.000256413,0.008217454,0.000235477,0.000346309,0.000236957,0.000345955,0.000235660,0.000345812
main|astana_clinic_nobase|nc16|np25|br0.25|uniform|ms3|r300|s8,0.000246428,0.008231411,0.000223063,0.000366749,0.000234892,0.000355575,0.000246795,0.000369953
main|astana_clinic_nobase|nc16|np25|br0.25|uniform|ms3|r300|s9,0.000257713,0.007918833,0.000214446,0.000353170,0.000210023,0.000351417,0.000238948,0.000370636
main|astana_clinic_nobase|nc16|np25|br0.25|random_1_100|ms3|r300|s0,0.000263065,0.008349357,0.000234019,0.000380252,0.000236958,0.000359858,0.000260870,0.000382407
main|astana_clinic_nobase|nc16|np25|br0.25|random_1_100|ms3|r300|s1,0.000261361,0.008333787,0.000248894,0.000391739,0.000230283,0.000352366,0.000244841,0.000350662
main|astana_clinic_nobase|nc16|np25|br0.25|random_1_100|ms3|r300|s2,0.000244518,0.008403884,0.000253205,0.000369204,0.000232303,0.000366556,0.000238177,0.000364206
main|astana_clinic_nobase|nc16|np25|br0.25|random_1_100|ms3|r300|s3,0.000250214,0.008191270,0.000204205,0.000369919,0.000263952,0.000349709,0.000238139,0.000396423
main|astana_clinic_nobase|nc16|np25|br0.25|random_1_100|ms3|r300|s4,0.000258439,0.008374208,0.000235108,0.000369810,0.000209011,0.000342863,0.000245423,0.000357818
main|astana_clinic_nobase|nc16|np25|br0.25|random_1_100|ms3|r300|s5,0.000249653,0.008229756,0.000283442,0.000348036,0.000242315,0.000381667,0.000236398,0.000349333
main|astana_clinic_nobase|nc16|np25|br0.25|random_1_100|ms3|r300|s6,0.000364550,0.008000239,0.000239213,0.000372061,0.000208864,0.000355161,0.000251505,0.000364828
main|astana_clinic_nobase|nc16|np25|br0.25|random_1_100|ms3|r300|s7,0.000255699,0.008147537,0.000265526,0.000374933,0.000229107,0.000360699,0.000216784,0.000360965
main|astana_clinic_nobase|nc16|np25|br0.25|random_1_100|ms3|r300|s8,0.000271796,0.008590196,0.000228457,0.000430489,0.000189842,0.000361571,0.000247514,0.000381709
main|astana_clinic_nobase|nc16|np25|br0.25|random_1_100|ms3|r300|s9,0.000260660,0.008642033,0.000227531,0.000377618,0.000243673,0.000364517,0.000241811,0.000366495
main|astana_clinic_nobase|nc16|np25|br0.25|one_heavy|ms3|r300|s0,0.000258280,0.008630396,0.000255592,0.000406976,0.000244776,0.000392946,0.000225260,0.000419220
main|astana_clinic_nobase|nc16|np25|br0.25|one_heavy|ms3|r300|s1,0.000264785,0.008471538,0.000246833,0.000399936,0.000239415,0.000365054,0.000224534,0.000366848
main|astana_clinic_nobase|nc16|np25|br0.25|one_heavy|ms3|r300|s2,0.000277415,0.008978132,0.000252189,0.000409816,0.000219982,0.000364613,0.000242163,0.000374081
main|astana_clinic_nobase|nc16|np25|br0.25|one_heavy|ms3|r300|s3,0.000267446,0.008701711,0.000232177,0.000382775,0.000247006,0.000363077,0.000246127,0.000368383
main|astana_clinic_nobase|nc16|np25|br0.25|one_heavy|ms3|r300|s4,0.000270369,0.008929613,0.000241074,0.000408111,0.000252447,0.000361075,0.000236102,0.000368335
main|astana_clinic_nobase|nc16|np25|br0.25|one_heavy|ms3|r300|s5,0.000256360,0.008459259,0.000245605,0.000406648,0.000248633,0.000363210,0.000247758,0.000365733
main|astana_clinic_nobase|nc16|np25|br0.25|one_heavy|ms3|r300|s6,0.000261828,0.008664743,0.000226161,0.000406359,0.000241759,0.000362122,0.000282069,0.000384205
main|astana_clinic_nobase|nc16|np25|br0.25|one_heavy|ms3|r300|s7,0.000260312,0.008782246,0.000221276,0.000439022,0.000246005,0.000355644,0.000229444,0.000365880
main|astana_clinic_nobase|nc16|np25|br0.25|one_heavy|ms3|r300|s8,0.000295808,0.008634095,0.000208456,0.000381978,0.000241217,0.000362066,0.000225180,0.000358935
main|astana_clinic_nobase|nc16|np25|br0.25|one_heavy|ms3|r300|s9,0.000262119,0.009054245,0.000235652,0.000454382,0.000244521,0.000365670,0.000247460,0.000369135
main|astana_clinic_nobase|nc16|np25|br0.5|uniform|ms3|r300|s0,0.000282453,0.008863541,0.000243572,0.000396825,0.000245957,0.000375682,0.000246276,0.000398778
main|astana_clinic_nobase|nc16|np25|br0.5|uniform|ms3|r300|s1,0.000273930,0.008771091,0.000246677,0.000380790,0.000242621,0.000360484,0.000250418,0.000362131
main|astana_clinic_nobase|nc16|np25|br0.5|uniform|ms3|r300|s2,0.000273308,0.009019824,0.000241819,0.000392949,0.000243667,0.000378149,0.000280811,0.000390959
main|astana_clinic_nobase|nc16|np25|br0.5|uniform|ms3|r300|s3,0.000287202,0.008737425,0.000243182,0.000378074,0.000249875,0.000395563,0.000244690,0.000375081
main|astana_clinic_nobase|nc16|np25|br0.5|uniform|ms3|r300|s4,0.000269527,0.008998146,0.000266591,0.000375272,0.000246043,0.000354567,0.000236083,0.000364061
main|astana_clinic_nobase|nc16|np25|br0.5|uniform|ms3|r300|s5,0.000266357,0.008426462,0.000234021,0.000358277,0.000236090,0.000334095,0.000259158,0.000361879
main|astana_clinic_nobase|nc16|np25|br0.5|uniform|ms3|r300|s6,0.000271227,0.008445977,0.000253369,0.000387834,0.000256646,0.000363803,0.000251648,0.000370795
main|astana_clinic_nobase|nc16|np25|br0.5|uniform|ms3|r300|s7,0.000296184,0.009053261,0.000240581,0.000416563,0.000243756,0.000372844,0.000249941,0.000375736
main|astana_clinic_nobase|nc16|np25|br0.5|uniform|ms3|r300|s8,0.000280603,0.008922847,0.000288664,0.000407227,0.000242361,0.000359487,0.000252706,0.000370017
main|astana_clinic_nobase|nc16|np25|br0.5|uniform|ms3|r300|s9,0.000281129,0.008859413,0.000251717,0.000371104,0.000242244,0.000367925,0.000251872,0.000355680
main|astana_clinic_nobase|nc16|np25|br0.5|random_1_100|ms3|r300|s0,0.000262485,0.008805087,0.000244305,0.000418278,0.000244411,0.000374501,0.000238524,0.000386149
main|astana_clinic_nobase|nc16|np25|br0.5|random_1_100|ms3|r300|s1,0.000278781,0.008764909,0.000273583,0.000374252,0.000245674,0.000369646,0.000252299,0.000402604
main|astana_clinic_nobase|nc16|np25|br0.5|random_1_100|ms3|r300|s2,0.000263904,0.008947899,0.000253872,0.000373967,0.000250215,0.000357466,0.000272739,0.000367326
main|astana_clinic_nobase|nc16|np25|br0.5|random_1_100|ms3|r300|s3,0.000258545,0.008793059,0.000245529,0.000404821,0.000238893,0.000351759,0.000236713,0.000386095
main|astana_clinic_nobase|nc16|np25|br0.5|random_1_100|ms3|r300|s4,0.000302327,0.008791235,0.000251525,0.000383713,0.000246021,0.000380187,0.000255959,0.000371966
main|astana_clinic_nobase|nc16|np25|br0.5|random_1_100|ms3|r300|s5,0.000274255,0.008800063,0.000248150,0.000369432,0.000251678,0.000356743,0.000250904,0.000355957
main|astana_clinic_nobase|nc16|np25|br0.5|random_1_100|ms3|r300|s6,0.000258648,0.009706253,0.000302800,0.000387460,0.000256782,0.000426033,0.000252073,0.000377186
main|astana_clinic_nobase|nc16|np25|br0.5|random_1_100|ms3|r300|s7,0.000274847,0.008151527,0.000220246,0.000347459,0.000220126,0.000314678,0.000219906,0.000334303
main|astana_clinic_nobase|nc16|np25|br0.5|random_1_100|ms3|r300|s8,0.000237305,0.008646617,0.000226574,0.000354519,0.000213410,0.000345916,0.000214630,0.000331435
main|astana_clinic_nobase|nc16|np25|br0.5|random_1_100|ms3|r300|s9,0.000233401,0.007739409,0.000245855,0.000372724,0.000256900,0.000396869,0.000270494,0.000396870
main|astana_clinic_nobase|nc16|np25|br0.5|one_heavy|ms3|r300|s0,0.000233134,0.008059968,0.000237339,0.000349941,0.000215068,0.000348487,0.000217412,0.000323084
main|astana_clinic_nobase|nc16|np25|br0.5|one_heavy|ms3|r300|s1,0.000229592,0.007871995,0.000238624,0.000375193,0.000247497,0.000330434,0.000269677,0.000382550
main|astana_clinic_nobase|nc16|np25|br0.5|one_heavy|ms3|r300|s2,0.000252836,0.007791215,0.000234452,0.000339465,0.000218373,0.000326487,0.000222787,0.000324367
main|astana_clinic_nobase|nc16|np25|br0.5|one_heavy|ms3|r300|s3,0.000242244,0.008063381,0.000240456,0.000348648,0.000224419,0.000338152,0.000228064,0.000347453
main|astana_clinic_nobase|nc16|np25|br0.5|one_heavy|ms3|r300|s4,0.000245712,0.007955715,0.000243605,0.000376549,0.000225529,0.000357176,0.000234747,0.000358878
main|astana_clinic_nobase|nc16|np25|br0.5|one_heavy|ms3|r300|s5,0.000237119,0.008039799,0.000225432,0.000372404,0.000249062,0.000336865,0.000276100,0.000402632
main|astana_clinic_nobase|nc16|np25|br0.5|one_heavy|ms3|r300|s6,0.000235203,0.008375245,0.000253589,0.000357336,0.000224058,0.000348691,0.000234034,0.000316858
main|astana_clinic_nobase|nc16|np25|br0.5|one_heavy|ms3|r300|s7,0.000231715,0.008206563,0.000219880,0.000346046,0.000218370,0.000320001,0.000218789,0.000367404
main|astana_clinic_nobase|nc16|np25|br0.5|one_heavy|ms3|r300|s8,0.000272365,0.008164877,0.000221937,0.000436013,0.000302441,0.000400346,0.000228193,0.000397843
main|astana_clinic_nobase|nc16|np25|br0.5|one_heavy|ms3|r300|s9,0.000296949,0.008939608,0.000219268,0.000331118,0.000216117,0.000315045,0.000214136,0.000318699
main|astana_clinic_nobase|nc16|np25|br1.0|uniform|ms3|r300|s0,0.000230815,0.007302006,0.000202144,0.000312690,0.000199553,0.000293417,0.000201020,0.000294153
main|astana_clinic_nobase|nc16|np25|br1.0|uniform|ms3|r300|s1,0.000228714,0.007257750,0.000207494,0.000328056,0.000217930,0.000318833,0.000216345,0.000325845
main|astana_clinic_nobase|nc16|np25|br1.0|uniform|ms3|r300|s2,0.000244372,0.008131826,0.000231202,0.000331575,0.000230300,0.000334250,0.000225329,0.000336686
main|astana_clinic_nobase|nc16|np25|br1.0|uniform|ms3|r300|s3,0.000241725,0.008177637,0.000226175,0.000331491,0.000219821,0.000335891,0.000228124,0.000331966
main|astana_clinic_nobase|nc16|np25|br1.0|uniform|ms3|r300|s4,0.000230501,0.007747974,0.000218013,0.000335088,0.000221193,0.000316828,0.000223473,0.000331344
main|astana_clinic_nobase|nc16|np25|br1.0|uniform|ms3|r300|s5,0.000244570,0.009159096,0.000276009,0.000454234,0.000317418,0.000420011,0.000298785,0.000428183
main|astana_clinic_nobase|nc16|np25|br1.0|uniform|ms3|r300|s6,0.000277731,0.008232050,0.000237126,0.000347340,0.000225933,0.000329916,0.000232364,0.000334707
main|astana_clinic_nobase|nc16|np25|br1.0|uniform|ms3|r300|s7,0.000245808,0.008295876,0.000228096,0.000336600,0.000221089,0.000329347,0.000224474,0.000345376
main|astana_clinic_nobase|nc16|np25|br1.0|uniform|ms3|r300|s8,0.000250475,0.008010436,0.000232028,0.000383686,0.000242812,0.000362195,0.000240536,0.000419397
main|astana_clinic_nobase|nc16|np25|br1.0|uniform|ms3|r300|s9,0.000258116,0.008679368,0.000255544,0.000403180,0.000255406,0.000330056,0.000232410,0.000344310
main|astana_clinic_nobase|nc16|np25|br1.0|random_1_100|ms3|r300|s0,0.000253507,0.008499064,0.000259914,0.000377437,0.000243468,0.000379365,0.000251352,0.000383095
main|astana_clinic_nobase|nc16|np25|br1.0|random_1_100|ms3|r300|s1,0.000291789,0.009106128,0.000266808,0.000393722,0.000254953,0.000379103,0.000255998,0.000430215
main|astana_clinic_nobase|nc16|np25|br1.0|random_1_100|ms3|r300|s2,0.000278660,0.009069538,0.000282479,0.000419074,0.000252448,0.000372291,0.000247083,0.000369110
main|astana_clinic_nobase|nc16|np25|br1.0|random_1_100|ms3|r300|s3,0.000274031,0.008759160,0.000243104,0.000392885,0.000246863,0.000356588,0.000236999,0.000369898
main|astana_clinic_nobase|nc16|np25|br1.0|random_1_100|ms3|r300|s4,0.000267271,0.008343795,0.000236831,0.000354988,0.000234604,0.000342650,0.000228754,0.000340075
main|astana_clinic_nobase|nc16|np25|br1.0|random_1_100|ms3|r300|s5,0.000246619,0.008655046,0.000247752,0.000400373,0.000246114,0.000399328,0.000254985,0.000367225
main|astana_clinic_nobase|nc16|np25|br1.0|random_1_100|ms3|r300|s6,0.000268476,0.009156030,0.000252957,0.000403485,0.000244600,0.000368632,0.000254190,0.000367432
main|astana_clinic_nobase|nc16|np25|br1.0|random_1_100|ms3|r300|s7,0.000266839,0.009118897,0.000263631,0.000382743,0.000246811,0.000354779,0.000259031,0.000384165
main|astana_clinic_nobase|nc16|np25|br1.0|random_1_100|ms3|r300|s8,0.000265321,0.009052946,0.000279663,0.000388744,0.000245134,0.000360755,0.000245349,0.000364554
main|astana_clinic_nobase|nc16|np25|br1.0|random_1_100|ms3|r300|s9,0.000268990,0.008820608,0.000250290,0.000378646,0.000242266,0.000354536,0.000265888,0.000345742
main|astana_clinic_nobase|nc16|np25|br1.0|one_heavy|ms3|r300|s0,0.000247640,0.008452217,0.000270798,0.000461793,0.000292090,0.000405847,0.000262039,0.000350051
main|astana_clinic_nobase|nc16|np25|br1.0|one_heavy|ms3|r300|s1,0.000267627,0.008919772,0.000253148,0.000435346,0.000284963,0.000371790,0.000245897,0.000356539
main|astana_clinic_nobase|nc16|np25|br1.0|one_heavy|ms3|r300|s2,0.000268029,0.009163326,0.000251590,0.000386892,0.000377177,0.000380093,0.000336402,0.000483779
main|astana_clinic_nobase|nc16|np25|br1.0|one_heavy|ms3|r300|s3,0.000376171,0.009252037,0.000248979,0.000377989,0.000258754,0.000361134,0.000252427,0.000351817
main|astana_clinic_nobase|nc16|np25|br1.0|one_heavy|ms3|r300|s4,0.000296598,0.009091638,0.000249475,0.000379217,0.000241889,0.000361490,0.000253184,0.000368815
main|astana_clinic_nobase|nc16|np25|br1.0|one_heavy|ms3|r300|s5,0.000262774,0.008879038,0.000251330,0.000378819,0.000253391,0.000371326,0.000248765,0.000358304
main|astana_clinic_nobase|nc16|np25|br1.0|one_heavy|ms3|r300|s6,0.000275013,0.008884725,0.000246994,0.000388411,0.000257977,0.000386346,0.000245674,0.000374287
main|astana_clinic_nobase|nc16|np25|br1.0|one_heavy|ms3|r300|s7,0.000265268,0.008308048,0.000217715,0.000337139,0.000221977,0.000304731,0.000230313,0.000330425
main|astana_clinic_nobase|nc16|np25|br1.0|one_heavy|ms3|r300|s8,0.000245061,0.008043690,0.000249281,0.000385213,0.000243887,0.000353309,0.000256327,0.000365599
main|astana_clinic_nobase|nc16|np25|br1.0|one_heavy|ms3|r300|s9,0.000300241,0.008892988,0.000255188,0.000384660,0.000246816,0.000360765,0.000248317,0.000386975
sec_max_selected|shymkent_school|nc16|np25|br0.5|random_1_100|ms1|r300|s0,0.000549169,0.004766857,0.000096009,0.000211222,0.000094982,0.000188823,0.000092017,0.000195102
sec_max_selected|shymkent_school|nc16|np25|br0.5|random_1_100|ms2|r300|s0,0.000523728,0.005530162,0.000176671,0.000320388,0.000177591,0.000298061,0.000181328,0.000289461
sec_max_selected|shymkent_school|nc16|np25|br0.5|random_1_100|ms5|r300|s0,0.000528439,0.047740981,0.000326161,0.000487116,0.000316199,0.000343518,0.000344021,0.000436501
sec_radius|shymkent_school|nc16|np25|br0.5|random_1_100|ms3|r100|s0,0.000455714,0.008674243,0.000263217,0.000401816,0.000265031,0.000406748,0.000217838,0.000286414
sec_radius|shymkent_school|nc16|np25|br0.5|random_1_100|ms3|r300|s0,0.000427779,0.006961271,0.000204602,0.000338399,0.000210149,0.000288051,0.000206170,0.000298344
sec_radius|shymkent_school|nc16|np25|br0.5|random_1_100|ms3|r800|s0,0.000428575,0.007004610,0.000214256,0.000351102,0.000209423,0.000304531,0.000212777,0.000154837
sec_max_selected|shymkent_school|nc16|np25|br0.5|random_1_100|ms1|r300|s1,0.000444291,0.003971056,0.000076840,0.000162879,0.000078750,0.000141304,0.000071739,0.000159109
sec_max_selected|shymkent_school|nc16|np25|br0.5|random_1_100|ms2|r300|s1,0.000446425,0.004488503,0.000146938,0.000251444,0.000142528,0.000212824,0.000143698,0.000243047
sec_max_selected|shymkent_school|nc16|np25|br0.5|random_1_100|ms5|r300|s1,0.000460890,0.044320981,0.000410953,0.000525180,0.000366575,0.000253601,0.000362244,0.000549450
sec_radius|shymkent_school|nc16|np25|br0.5|random_1_100|ms3|r100|s1,0.000512155,0.008182278,0.000229103,0.000381963,0.000225136,0.000250642,0.000228313,0.000315716
sec_radius|shymkent_school|nc16|np25|br0.5|random_1_100|ms3|r300|s1,0.000554511,0.014079530,0.000385562,0.000620949,0.000397038,0.000410737,0.000417980,0.000590409
sec_radius|shymkent_school|nc16|np25|br0.5|random_1_100|ms3|r800|s1,0.000885009,0.014491954,0.000395022,0.000558737,0.000373862,0.000399766,0.000385190,0.000343751
sec_max_selected|shymkent_school|nc16|np25|br0.5|random_1_100|ms1|r300|s2,0.000748899,0.006488031,0.000146999,0.000301208,0.000139140,0.000290644,0.000144124,0.000309506
sec_max_selected|shymkent_school|nc16|np25|br0.5|random_1_100|ms2|r300|s2,0.000819829,0.009164098,0.000271507,0.000441248,0.000268364,0.000452309,0.000276983,0.000427533
sec_max_selected|shymkent_school|nc16|np25|br0.5|random_1_100|ms5|r300|s2,0.000884856,0.046435856,0.000431958,0.000546049,0.000400456,0.000284277,0.000387019,0.000524330
sec_radius|shymkent_school|nc16|np25|br0.5|random_1_100|ms3|r100|s2,0.000519539,0.008736957,0.000242356,0.000363045,0.000249390,0.000261609,0.000240698,0.000187113
sec_radius|shymkent_school|nc16|np25|br0.5|random_1_100|ms3|r300|s2,0.000544790,0.008812515,0.000283140,0.000424144,0.000284002,0.000295387,0.000259564,0.000379240
sec_radius|shymkent_school|nc16|np25|br0.5|random_1_100|ms3|r800|s2,0.000563608,0.008724348,0.000261325,0.000382396,0.000261227,0.000274881,0.000255233,0.000276974
sec_max_selected|shymkent_school|nc16|np25|br0.5|random_1_100|ms1|r300|s3,0.000549080,0.004715061,0.000099724,0.000205912,0.000096942,0.000192146,0.000091663,0.000196921
sec_max_selected|shymkent_school|nc16|np25|br0.5|random_1_100|ms2|r300|s3,0.000546806,0.005432614,0.000183756,0.000361386,0.000176913,0.000286033,0.000172464,0.000292614
sec_max_selected|shymkent_school|nc16|np25|br0.5|random_1_100|ms5|r300|s3,0.000526773,0.046484837,0.000584070,0.000800606,0.000422326,0.000521729,0.000551412,0.000603743
sec_radius|shymkent_school|nc16|np25|br0.5|random_1_100|ms3|r100|s3,0.000757691,0.008738711,0.000243380,0.000421914,0.000239460,0.000389109,0.000245651,0.000470837
sec_radius|shymkent_school|nc16|np25|br0.5|random_1_100|ms3|r300|s3,0.000524421,0.009086116,0.000268035,0.000418114,0.000258521,0.000383143,0.000256268,0.000385393
sec_radius|shymkent_school|nc16|np25|br0.5|random_1_100|ms3|r800|s3,0.000536300,0.009341182,0.000272677,0.000427130,0.000261270,0.000404641,0.000262522,0.000283593
sec_max_selected|shymkent_school|nc16|np25|br0.5|random_1_100|ms1|r300|s4,0.000568466,0.004709067,0.000097426,0.000210504,0.000095285,0.000197371,0.000096560,0.000196863
sec_max_selected|shymkent_school|nc16|np25|br0.5|random_1_100|ms2|r300|s4,0.000540931,0.005527486,0.000172209,0.000320198,0.000168089,0.000278899,0.000171691,0.000289378
sec_max_selected|shymkent_school|nc16|np25|br0.5|random_1_100|ms5|r300|s4,0.000542189,0.046355795,0.000416927,0.000593011,0.000400631,0.000549591,0.000429547,0.000548934
sec_radius|shymkent_school|nc16|np25|br0.5|random_1_100|ms3|r100|s4,0.000521859,0.008671235,0.000242460,0.000424098,0.000249353,0.000357989,0.000236897,0.000342268
sec_radius|shymkent_school|nc16|np25|br0.5|random_1_100|ms3|r300|s4,0.000547882,0.008780830,0.000251160,0.000403843,0.000249649,0.000365076,0.000255681,0.000373281
sec_radius|shymkent_school|nc16|np25|br0.5|random_1_100|ms3|r800|s4,0.000537340,0.008923157,0.000281558,0.000425549,0.000259428,0.000396051,0.000269839,0.000294374
sec_max_selected|shymkent_school|nc16|np25|br0.5|random_1_100|ms1|r300|s5,0.000539452,0.004738390,0.000097367,0.000211522,0.000095960,0.000193561,0.000097521,0.000191028
sec_max_selected|shymkent_school|nc16|np25|br0.5|random_1_100|ms2|r300|s5,0.000529369,0.005452687,0.000175957,0.000311666,0.000173323,0.000309532,0.000174691,0.000303068
sec_max_selected|shymkent_school|nc16|np25|br0.5|random_1_100|ms5|r300|s5,0.000534682,0.044559834,0.000368278,0.000524368,0.000376160,0.000405631,0.000358324,0.000514966
sec_radius|shymkent_school|nc16|np25|br0.5|random_1_100|ms3|r100|s5,0.000531319,0.008194689,0.000228062,0.000365379,0.000227247,0.000323542,0.000232073,0.000321436
sec_radius|shymkent_school|nc16|np25|br0.5|random_1_100|ms3|r300|s5,0.000513567,0.008288742,0.000248905,0.000394934,0.000234882,0.000342525,0.000239036,0.000348875
sec_radius|shymkent_school|nc16|np25|br0.5|random_1_100|ms3|r800|s5,0.000489259,0.008276804,0.000232999,0.000375174,0.000243193,0.000327992,0.000251714,0.000269814
sec_max_selected|shymkent_school|nc16|np25|br0.5|random_1_100|ms1|r300|s6,0.000496165,0.004534156,0.000096423,0.000192775,0.000088323,0.000180656,0.000088520,0.000190177
sec_max_selected|shymkent_school|nc16|np25|br0.5|random_1_100|ms2|r300|s6,0.000494212,0.005209250,0.000169661,0.000296055,0.000165873,0.000259988,0.000169355,0.000276055
sec_max_selected|shymkent_school|nc16|np25|br0.5|random_1_100|ms5|r300|s6,0.000508729,0.044859352,0.000434609,0.000590722,0.000430141,0.000357849,0.000400959,0.000540607
sec_radius|shymkent_school|nc16|np25|br0.5|random_1_100|ms3|r100|s6,0.000555736,0.009392724,0.000240271,0.000386361,0.000245702,0.000327497,0.000238313,0.000356944
sec_radius|shymkent_school|nc16|np25|br0.5|random_1_100|ms3|r300|s6,0.000548748,0.008926660,0.000283688,0.000409995,0.000298632,0.000396221,0.000260613,0.000400104
sec_radius|shymkent_school|nc16|np25|br0.5|random_1_100|ms3|r800|s6,0.000565589,0.009157552,0.000408739,0.000646350,0.000438306,0.000542134,0.000368499,0.000420644
sec_max_selected|shymkent_school|nc16|np25|br0.5|random_1_100|ms1|r300|s7,0.000858042,0.006736463,0.000141111,0.000256505,0.000126693,0.000276727,0.000130017,0.000291936
sec_max_selected|shymkent_school|nc16|np25|br0.5|random_1_100|ms2|r300|s7,0.000821864,0.008172249,0.000270639,0.000464621,0.000262714,0.000428127,0.000254510,0.000489557
sec_max_selected|shymkent_school|nc16|np25|br0.5|random_1_100|ms5|r300|s7,0.000846809,0.070426352,0.000455900,0.000609002,0.000412299,0.000480523,0.000405125,0.000575500
sec_radius|shymkent_school|nc16|np25|br0.5|random_1_100|ms3|r100|s7,0.000535765,0.008898422,0.000244675,0.000420755,0.000247322,0.000360116,0.000241351,0.000365931
sec_radius|shymkent_school|nc16|np25|br0.5|random_1_100|ms3|r300|s7,0.000540107,0.008964342,0.000255536,0.000423927,0.000257760,0.000364255,0.000255019,0.000408189
sec_radius|shymkent_school|nc16|np25|br0.5|random_1_100|ms3|r800|s7,0.000521168,0.008916695,0.000262881,0.000434122,0.000256178,0.000362105,0.000273347,0.000277446
sec_max_selected|shymkent_school|nc16|np25|br0.5|random_1_100|ms1|r300|s8,0.000530629,0.004652725,0.000089236,0.000206478,0.000093842,0.000196003,0.000095639,0.000202936
sec_max_selected|shymkent_school|nc16|np25|br0.5|random_1_100|ms2|r300|s8,0.000521913,0.005492189,0.000171199,0.000306380,0.000171449,0.000302996,0.000173493,0.000298503
sec_max_selected|shymkent_school|nc16|np25|br0.5|random_1_100|ms5|r300|s8,0.000513012,0.045649831,0.000406635,0.000616172,0.000387359,0.000514025,0.000400161,0.000550617
sec_radius|shymkent_school|nc16|np25|br0.5|random_1_100|ms3|r100|s8,0.000522707,0.008634214,0.000268150,0.000414096,0.000278804,0.000384070,0.000240181,0.000338025
sec_radius|shymkent_school|nc16|np25|br0.5|random_1_100|ms3|r300|s8,0.000543969,0.008748359,0.000257834,0.000416461,0.000251827,0.000360726,0.000252818,0.000399742
sec_radius|shymkent_school|nc16|np25|br0.5|random_1_100|ms3|r800|s8,0.000538902,0.008772829,0.000267261,0.000439176,0.000263917,0.000399435,0.000290903,0.000199152
sec_max_selected|shymkent_school|nc16|np25|br0.5|random_1_100|ms1|r300|s9,0.000533040,0.004711468,0.000093989,0.000218854,0.000088838,0.000189245,0.000095712,0.000202115
sec_max_selected|shymkent_school|nc16|np25|br0.5|random_1_100|ms2|r300|s9,0.000526048,0.005485247,0.000173031,0.000308598,0.000172467,0.000283807,0.000172390,0.000324184
sec_max_selected|shymkent_school|nc16|np25|br0.5|random_1_100|ms5|r300|s9,0.000525204,0.046572688,0.000409614,0.000616071,0.000416243,0.000545083,0.000412350,0.000566760
sec_radius|shymkent_school|nc16|np25|br0.5|random_1_100|ms3|r100|s9,0.000543881,0.009568291,0.000242528,0.000404007,0.000243058,0.000350168,0.000255480,0.000372458
sec_radius|shymkent_school|nc16|np25|br0.5|random_1_100|ms3|r300|s9,0.000546992,0.008843355,0.000259676,0.000435553,0.000258575,0.000385267,0.000256016,0.000401884
sec_radius|shymkent_school|nc16|np25|br0.5|random_1_100|ms3|r800|s9,0.000522567,0.008544016,0.000246051,0.000440104,0.000254679,0.000365659,0.000281809,0.000281156
sec_max_selected|astana_clinic|nc16|np25|br0.5|random_1_100|ms1|r300|s0,0.000549812,0.004480185,0.000093646,0.000205000,0.000085190,0.000187191,0.000086611,0.000187100
sec_max_selected|astana_clinic|nc16|np25|br0.5|random_1_100|ms2|r300|s0,0.000534878,0.005213189,0.000169288,0.000288693,0.000171252,0.000264140,0.000179829,0.000266687
sec_max_selected|astana_clinic|nc16|np25|br0.5|random_1_100|ms5|r300|s0,0.000541447,0.044107325,0.000361281,0.000498883,0.000376401,0.000459646,0.000362966,0.000403594
sec_radius|astana_clinic|nc16|np25|br0.5|random_1_100|ms3|r100|s0,0.000512859,0.007763667,0.000225139,0.000343164,0.000223040,0.000317330,0.000241327,0.000351572
sec_radius|astana_clinic|nc16|np25|br0.5|random_1_100|ms3|r300|s0,0.000502879,0.007999716,0.000228765,0.000360951,0.000233935,0.000320481,0.000237942,0.000330005
sec_radius|astana_clinic|nc16|np25|br0.5|random_1_100|ms3|r800|s0,0.000511424,0.007933340,0.000241038,0.000363488,0.000232469,0.000350506,0.000236104,0.000178621
sec_max_selected|astana_clinic|nc16|np25|br0.5|random_1_100|ms1|r300|s1,0.000510555,0.004358040,0.000085672,0.000198577,0.000082988,0.000165739,0.000080624,0.000172839
sec_max_selected|astana_clinic|nc16|np25|br0.5|random_1_100|ms2|r300|s1,0.000514455,0.004857548,0.000176023,0.000278480,0.000167706,0.000255798,0.000156194,0.000257950
sec_max_selected|astana_clinic|nc16|np25|br0.5|random_1_100|ms5|r300|s1,0.000491117,0.045684139,0.000427457,0.000572671,0.000374476,0.000265406,0.000405985,0.000351267
sec_radius|astana_clinic|nc16|np25|br0.5|random_1_100|ms3|r100|s1,0.000524741,0.010599072,0.000226548,0.000330103,0.000224297,0.000243056,0.000217987,0.000241133
sec_radius|astana_clinic|nc16|np25|br0.5|random_1_100|ms3|r300|s1,0.000509837,0.008629865,0.000238939,0.000384312,0.000234836,0.000249771,0.000239609,0.000386106
sec_radius|astana_clinic|nc16|np25|br0.5|random_1_100|ms3|r800|s1,0.000538170,0.008835458,0.000380829,0.000600550,0.000246716,0.000281376,0.000236397,0.000176896
sec_max_selected|astana_clinic|nc16|np25|br0.5|random_1_100|ms1|r300|s2,0.000547247,0.004569058,0.000092126,0.000201921,0.000088432,0.000182682,0.000088471,0.000191445
sec_max_selected|astana_clinic|nc16|np25|br0.5|random_1_100|ms2|r300|s2,0.000543397,0.005194311,0.000188335,0.000292140,0.000166408,0.000255842,0.000169366,0.000265304
sec_max_selected|astana_clinic|nc16|np25|br0.5|random_1_100|ms5|r300|s2,0.000522668,0.054588629,0.000319610,0.000472651,0.000319692,0.000413208,0.000328270,0.000358556
sec_radius|astana_clinic|nc16|np25|br0.5|random_1_100|ms3|r100|s2,0.000443712,0.007266272,0.000226920,0.000369033,0.000211033,0.000396073,0.000302793,0.000413131
sec_radius|astana_clinic|nc16|np25|br0.5|random_1_100|ms3|r300|s2,0.000757873,0.008968783,0.000207060,0.000315306,0.000203923,0.000279513,0.000207766,0.000322077
sec_radius|astana_clinic|nc16|np25|br0.5|random_1_100|ms3|r800|s2,0.000443589,0.007118968,0.000206740,0.000306089,0.000215576,0.000301858,0.000220153,0.000153838
sec_max_selected|astana_clinic|nc16|np25|br0.5|random_1_100|ms1|r300|s3,0.000451901,0.003973072,0.000087340,0.000191516,0.000077271,0.000165295,0.000091023,0.000171542
sec_max_selected|astana_clinic|nc16|np25|br0.5|random_1_100|ms2|r300|s3,0.000476957,0.004570498,0.000172570,0.000290483,0.000161128,0.000268252,0.000176599,0.000257178
sec_max_selected|astana_clinic|nc16|np25|br0.5|random_1_100|ms5|r300|s3,0.000526016,0.040313848,0.000323081,0.000480410,0.000351560,0.000254876,0.000349997,0.000238146
sec_radius|astana_clinic|nc16|np25|br0.5|random_1_100|ms3|r100|s3,0.000509252,0.007774467,0.000219744,0.000322821,0.000217195,0.000276908,0.000221226,0.000312852
sec_radius|astana_clinic|nc16|np25|br0.5|random_1_100|ms3|r300|s3,0.000488540,0.007783403,0.000232654,0.000356788,0.000236049,0.000250424,0.000246917,0.000257289
sec_radius|astana_clinic|nc16|np25|br0.5|random_1_100|ms3|r800|s3,0.000514599,0.007892591,0.000234632,0.000370038,0.000233830,0.000242151,0.000228406,0.000164999
sec_max_selected|astana_clinic|nc16|np25|br0.5|random_1_100|ms1|r300|s4,0.000499208,0.004189419,0.000080751,0.000175540,0.000082801,0.000176828,0.000081190,0.000176242
sec_max_selected|astana_clinic|nc16|np25|br0.5|random_1_100|ms2|r300|s4,0.000506398,0.004802132,0.000154826,0.000297268,0.000169460,0.000259794,0.000160140,0.000270463
sec_max_selected|astana_clinic|nc16|np25|br0.5|random_1_100|ms5|r300|s4,0.000543063,0.041117765,0.000395475,0.000543228,0.000364337,0.000350914,0.000349234,0.000412922
sec_radius|astana_clinic|nc16|np25|br0.5|random_1_100|ms3|r100|s4,0.000485383,0.007879096,0.000208835,0.000308916,0.000204132,0.000292929,0.000195608,0.000293752
sec_radius|astana_clinic|nc16|np25|br0.5|random_1_100|ms3|r300|s4,0.000457703,0.007207342,0.000254438,0.000348692,0.000225082,0.000327176,0.000228039,0.000331352
sec_radius|astana_clinic|nc16|np25|br0.5|random_1_100|ms3|r800|s4,0.000478594,0.007920453,0.000211599,0.000327352,0.000218812,0.000327523,0.000226286,0.000170079
sec_max_selected|astana_clinic|nc16|np25|br0.5|random_1_100|ms1|r300|s5,0.000486030,0.004225673,0.000096033,0.000195416,0.000081894,0.000168132,0.000085171,0.000163139
sec_max_selected|astana_clinic|nc16|np25|br0.5|random_1_100|ms2|r300|s5,0.000472265,0.004824261,0.000158086,0.000268574,0.000152944,0.000248719,0.000160169,0.000241698
sec_max_selected|astana_clinic|nc16|np25|br0.5|random_1_100|ms5|r300|s5,0.000483000,0.043974330,0.000506882,0.000700336,0.000522939,0.000670750,0.000572790,0.000626872
sec_radius|astana_clinic|nc16|np25|br0.5|random_1_100|ms3|r100|s5,0.000882158,0.008601493,0.000235560,0.000386724,0.000247395,0.000339445,0.000250813,0.000340042
sec_radius|astana_clinic|nc16|np25|br0.5|random_1_100|ms3|r300|s5,0.000595398,0.008692258,0.000267503,0.000397671,0.000252515,0.000406261,0.000259554,0.000361142
sec_radius|astana_clinic|nc16|np25|br0.5|random_1_100|ms3|r800|s5,0.000544193,0.008655498,0.000245386,0.000384921,0.000247560,0.000385866,0.000255000,0.000183287
sec_max_selected|astana_clinic|nc16|np25|br0.5|random_1_100|ms1|r300|s6,0.000527110,0.004567172,0.000088129,0.000195365,0.000090262,0.000182910,0.000090308,0.000185487
sec_max_selected|astana_clinic|nc16|np25|br0.5|random_1_100|ms2|r300|s6,0.000559329,0.005333882,0.000169789,0.000292023,0.000172890,0.000173838,0.000168435,0.000276973
sec_max_selected|astana_clinic|nc16|np25|br0.5|random_1_100|ms5|r300|s6,0.000546037,0.047051166,0.000400019,0.000533147,0.000398573,0.000187623,0.000386222,0.000375221
sec_radius|astana_clinic|nc16|np25|br0.5|random_1_100|ms3|r100|s6,0.000538633,0.008886449,0.000253058,0.000367726,0.000250482,0.000173580,0.000243359,0.000177349
sec_radius|astana_clinic|nc16|np25|br0.5|random_1_100|ms3|r300|s6,0.000557408,0.008806649,0.000260389,0.000395354,0.000249148,0.000181098,0.000257927,0.000362454
sec_radius|astana_clinic|nc16|np25|br0.5|random_1_100|ms3|r800|s6,0.000585618,0.008829751,0.000261122,0.000392104,0.000257809,0.000180125,0.000250761,0.000186998
sec_max_selected|astana_clinic|nc16|np25|br0.5|random_1_100|ms1|r300|s7,0.000567812,0.004747448,0.000099400,0.000205982,0.000094960,0.000201993,0.000097978,0.000209940
sec_max_selected|astana_clinic|nc16|np25|br0.5|random_1_100|ms2|r300|s7,0.000558913,0.005566554,0.000216390,0.000334254,0.000190283,0.000317062,0.000197949,0.000317293
sec_max_selected|astana_clinic|nc16|np25|br0.5|random_1_100|ms5|r300|s7,0.000547866,0.046056856,0.000407944,0.000623918,0.000397665,0.000516048,0.000399726,0.000513107
sec_radius|astana_clinic|nc16|np25|br0.5|random_1_100|ms3|r100|s7,0.000543158,0.009256663,0.000243835,0.000420196,0.000241471,0.000375796,0.000240797,0.000343746
sec_radius|astana_clinic|nc16|np25|br0.5|random_1_100|ms3|r300|s7,0.000580597,0.008838071,0.000258582,0.000407214,0.000257997,0.000368251,0.000249583,0.000368792
sec_radius|astana_clinic|nc16|np25|br0.5|random_1_100|ms3|r800|s7,0.000556753,0.008710252,0.000274308,0.000419291,0.000256339,0.000376637,0.000253199,0.000183759
sec_max_selected|astana_clinic|nc16|np25|br0.5|random_1_100|ms1|r300|s8,0.000565329,0.004777373,0.000098843,0.000207550,0.000095375,0.000197952,0.000093679,0.000189458
sec_max_selected|astana_clinic|nc16|np25|br0.5|random_1_100|ms2|r300|s8,0.000543670,0.005619516,0.000172276,0.000301308,0.000182102,0.000275412,0.000180798,0.000307620
sec_max_selected|astana_clinic|nc16|np25|br0.5|random_1_100|ms5|r300|s8,0.000547532,0.047922731,0.000655141,0.000869725,0.000577493,0.000410832,0.000654619,0.000507812
sec_radius|astana_clinic|nc16|np25|br0.5|random_1_100|ms3|r100|s8,0.000895743,0.012998335,0.000351292,0.000566767,0.000365459,0.000386919,0.000392191,0.000503600
sec_radius|astana_clinic|nc16|np25|br0.5|random_1_100|ms3|r300|s8,0.000893874,0.013498703,0.000259832,0.000408830,0.000254695,0.000269448,0.000258536,0.000357550
sec_radius|astana_clinic|nc16|np25|br0.5|random_1_100|ms3|r800|s8,0.000571036,0.008723589,0.000260192,0.000390571,0.000262514,0.000297080,0.000255607,0.000181953
sec_max_selected|astana_clinic|nc16|np25|br0.5|random_1_100|ms1|r300|s9,0.000568754,0.004681383,0.000094316,0.000202330,0.000091149,0.000177855,0.000095353,0.000199579
sec_max_selected|astana_clinic|nc16|np25|br0.5|random_1_100|ms2|r300|s9,0.000562040,0.005376320,0.000200036,0.000317821,0.000169698,0.000456908,0.000177769,0.000293635
sec_max_selected|astana_clinic|nc16|np25|br0.5|random_1_100|ms5|r300|s9,0.000587620,0.052558724,0.000388600,0.000539474,0.000414819,0.000492581,0.000407339,0.000547881
sec_radius|astana_clinic|nc16|np25|br0.5|random_1_100|ms3|r100|s9,0.000483752,0.007509449,0.000249199,0.000391167,0.000247118,0.000402015,0.000251453,0.000371693
sec_radius|astana_clinic|nc16|np25|br0.5|random_1_100|ms3|r300|s9,0.000566855,0.009252426,0.000332049,0.000567106,0.000258190,0.000415765,0.000268305,0.000398963
sec_radius|astana_clinic|nc16|np25|br0.5|random_1_100|ms3|r800|s9,0.000555577,0.008644712,0.000246642,0.000400168,0.000254470,0.000358336,0.000251119,0.000192309
sec_max_selected|astana_clinic_nobase|nc16|np25|br0.5|random_1_100|ms1|r300|s0,0.000276582,0.004846455,0.000090518,0.000174121,0.000086026,0.000168746,0.000087751,0.000173864
sec_max_selected|astana_clinic_nobase|nc16|np25|br0.5|random_1_100|ms2|r300|s0,0.000260487,0.005429634,0.000194824,0.000291191,0.000180553,0.000285403,0.000167930,0.000300027
sec_max_selected|astana_clinic_nobase|nc16|np25|br0.5|random_1_100|ms5|r300|s0,0.000270039,0.048125562,0.000436642,0.000570725,0.000398202,0.000556266,0.000406737,0.000530359
sec_radius|astana_clinic_nobase|nc16|np25|br0.5|random_1_100|ms3|r100|s0,0.000299975,0.008657427,0.000254212,0.000368502,0.000235661,0.000362139,0.000246219,0.000328023
sec_radius|astana_clinic_nobase|nc16|np25|br0.5|random_1_100|ms3|r300|s0,0.000253070,0.009121864,0.000198963,0.000318870,0.000196654,0.000301949,0.000201118,0.000313544
sec_radius|astana_clinic_nobase|nc16|np25|br0.5|random_1_100|ms3|r800|s0,0.000216136,0.007163244,0.000217597,0.000368085,0.000219631,0.000326211,0.000213940,0.000356495
sec_max_selected|astana_clinic_nobase|nc16|np25|br0.5|random_1_100|ms1|r300|s1,0.000228801,0.003849573,0.000074353,0.000142647,0.000072916,0.000143906,0.000071129,0.000139575
sec_max_selected|astana_clinic_nobase|nc16|np25|br0.5|random_1_100|ms2|r300|s1,0.000219859,0.004425467,0.000131531,0.000233140,0.000132309,0.000208132,0.000128738,0.000216055
sec_max_selected|astana_clinic_nobase|nc16|np25|br0.5|random_1_100|ms5|r300|s1,0.000222290,0.036427074,0.000462283,0.000708486,0.000533007,0.000692182,0.000531188,0.000728002
sec_radius|astana_clinic_nobase|nc16|np25|br0.5|random_1_100|ms3|r100|s1,0.000351779,0.011085317,0.000242451,0.000375603,0.000236175,0.000377410,0.000243243,0.000335344
sec_radius|astana_clinic_nobase|nc16|np25|br0.5|random_1_100|ms3|r300|s1,0.000275023,0.008928307,0.000330250,0.000512216,0.000383133,0.000479616,0.000249453,0.000442765
sec_radius|astana_clinic_nobase|nc16|np25|br0.5|random_1_100|ms3|r800|s1,0.000233974,0.007904795,0.000238165,0.000348593,0.000227920,0.000350349,0.000225619,0.000344455
sec_max_selected|astana_clinic_nobase|nc16|np25|br0.5|random_1_100|ms1|r300|s2,0.000231180,0.004218482,0.000078542,0.000147635,0.000077381,0.000150480,0.000077583,0.000150282
sec_max_selected|astana_clinic_nobase|nc16|np25|br0.5|random_1_100|ms2|r300|s2,0.000236438,0.004838226,0.000149351,0.000281766,0.000147047,0.000240335,0.000152394,0.000245503
sec_max_selected|astana_clinic_nobase|nc16|np25|br0.5|random_1_100|ms5|r300|s2,0.000252310,0.039141721,0.000334544,0.000503699,0.000357379,0.000460854,0.000346738,0.000555583
sec_radius|astana_clinic_nobase|nc16|np25|br0.5|random_1_100|ms3|r100|s2,0.000248523,0.008246338,0.000228594,0.000381634,0.000226010,0.000361781,0.000240446,0.000309137
sec_radius|astana_clinic_nobase|nc16|np25|br0.5|random_1_100|ms3|r300|s2,0.000250584,0.008386634,0.000233552,0.000363608,0.000250335,0.000374382,0.000249290,0.000355972
sec_radius|astana_clinic_nobase|nc16|np25|br0.5|random_1_100|ms3|r800|s2,0.000252968,0.008337681,0.000254152,0.000360219,0.000229481,0.000374363,0.000232766,0.000379822
sec_max_selected|astana_clinic_nobase|nc16|np25|br0.5|random_1_100|ms1|r300|s3,0.000254241,0.004401605,0.000079232,0.000157803,0.000081059,0.000155695,0.000080000,0.000150311
sec_max_selected|astana_clinic_nobase|nc16|np25|br0.5|random_1_100|ms2|r300|s3,0.000239557,0.005157490,0.000165277,0.000300681,0.000182424,0.000270852,0.000165443,0.000251446
sec_max_selected|astana_clinic_nobase|nc16|np25|br0.5|random_1_100|ms5|r300|s3,0.000237521,0.042302507,0.000379534,0.000578417,0.000373452,0.000410769,0.000394554,0.000542929
sec_radius|astana_clinic_nobase|nc16|np25|br0.5|random_1_100|ms3|r100|s3,0.000254872,0.008308725,0.000241482,0.000384819,0.000241156,0.000357085,0.000239115,0.000341233
sec_radius|astana_clinic_nobase|nc16|np25|br0.5|random_1_100|ms3|r300|s3,0.000270747,0.009413331,0.000265291,0.000454577,0.000261426,0.000371064,0.000249482,0.000402287
sec_radius|astana_clinic_nobase|nc16|np25|br0.5|random_1_100|ms3|r800|s3,0.000262441,0.008726367,0.000247408,0.000430477,0.000255280,0.000369738,0.000247301,0.000392962
sec_max_selected|astana_clinic_nobase|nc16|np25|br0.5|random_1_100|ms1|r300|s4,0.000260948,0.004511848,0.000099358,0.000162339,0.000093639,0.000172034,0.000082221,0.000173368
sec_max_selected|astana_clinic_nobase|nc16|np25|br0.5|random_1_100|ms2|r300|s4,0.000258290,0.005288643,0.000156549,0.000269458,0.000155453,0.000267498,0.000170006,0.000263290
sec_max_selected|astana_clinic_nobase|nc16|np25|br0.5|random_1_100|ms5|r300|s4,0.000259882,0.043970428,0.000377759,0.000496614,0.000347635,0.000504805,0.000353465,0.000471332
sec_radius|astana_clinic_nobase|nc16|np25|br0.5|random_1_100|ms3|r100|s4,0.000239248,0.007597640,0.000227662,0.000345860,0.000219744,0.000355762,0.000225968,0.000296069
sec_radius|astana_clinic_nobase|nc16|np25|br0.5|random_1_100|ms3|r300|s4,0.000235310,0.008048591,0.000237241,0.000362884,0.000225788,0.000352380,0.000229586,0.000326849
sec_radius|astana_clinic_nobase|nc16|np25|br0.5|random_1_100|ms3|r800|s4,0.000235886,0.007924605,0.000236608,0.000350934,0.000228241,0.000353622,0.000225602,0.000367380
sec_max_selected|astana_clinic_nobase|nc16|np25|br0.5|random_1_100|ms1|r300|s5,0.000244052,0.004263100,0.000081086,0.000157633,0.000083920,0.000155252,0.000077177,0.000152051
sec_max_selected|astana_clinic_nobase|nc16|np25|br0.5|random_1_100|ms2|r300|s5,0.000253167,0.004896435,0.000203901,0.000280074,0.000165042,0.000275183,0.000170892,0.000300784
sec_max_selected|astana_clinic_nobase|nc16|np25|br0.5|random_1_100|ms5|r300|s5,0.000277369,0.048221533,0.000403080,0.000600696,0.000398063,0.000536654,0.000432989,0.000527424
sec_radius|astana_clinic_nobase|nc16|np25|br0.5|random_1_100|ms3|r100|s5,0.000258727,0.008835302,0.000243708,0.000395252,0.000254621,0.000356547,0.000237659,0.000337372
sec_radius|astana_clinic_nobase|nc16|np25|br0.5|random_1_100|ms3|r300|s5,0.000265875,0.008789173,0.000240585,0.000376184,0.000246314,0.000359444,0.000242282,0.000395550
sec_radius|astana_clinic_nobase|nc16|np25|br0.5|random_1_100|ms3|r800|s5,0.000277820,0.008748096,0.000253821,0.000396328,0.000247605,0.000397668,0.000259162,0.000403543
sec_max_selected|astana_clinic_nobase|nc16|np25|br0.5|random_1_100|ms1|r300|s6,0.000276675,0.004784568,0.000086376,0.000189873,0.000096987,0.000201265,0.000110496,0.000188054
sec_max_selected|astana_clinic_nobase|nc16|np25|br0.5|random_1_100|ms2|r300|s6,0.000260987,0.005725167,0.000165159,0.000269832,0.000160390,0.000254784,0.000159068,0.000256009
sec_max_selected|astana_clinic_nobase|nc16|np25|br0.5|random_1_100|ms5|r300|s6,0.000284255,0.044789348,0.000391324,0.000564323,0.000369806,0.000521489,0.000394860,0.000526985
sec_radius|astana_clinic_nobase|nc16|np25|br0.5|random_1_100|ms3|r100|s6,0.000264116,0.009525692,0.000262749,0.000377217,0.000232538,0.000374057,0.000258258,0.000353057
sec_radius|astana_clinic_nobase|nc16|np25|br0.5|random_1_100|ms3|r300|s6,0.000273744,0.009232476,0.000279547,0.000351046,0.000251213,0.000383185,0.000239257,0.000358110
sec_radius|astana_clinic_nobase|nc16|np25|br0.5|random_1_100|ms3|r800|s6,0.000274393,0.009057285,0.000265261,0.000423810,0.000267845,0.000429948,0.000245108,0.000416991
sec_max_selected|astana_clinic_nobase|nc16|np25|br0.5|random_1_100|ms1|r300|s7,0.000280509,0.004996825,0.000091662,0.000171111,0.000085778,0.000204966,0.000095157,0.000173595
sec_max_selected|astana_clinic_nobase|nc16|np25|br0.5|random_1_100|ms2|r300|s7,0.000286095,0.005568308,0.000171386,0.000286438,0.000182721,0.000288582,0.000173847,0.000295983
sec_max_selected|astana_clinic_nobase|nc16|np25|br0.5|random_1_100|ms5|r300|s7,0.000269607,0.050092978,0.000423049,0.000559939,0.000382347,0.000516132,0.000423097,0.000580658
sec_radius|astana_clinic_nobase|nc16|np25|br0.5|random_1_100|ms3|r100|s7,0.000261141,0.008495654,0.000232154,0.000372269,0.000235439,0.000332196,0.000226734,0.000308798
sec_radius|astana_clinic_nobase|nc16|np25|br0.5|random_1_100|ms3|r300|s7,0.000292106,0.008451732,0.000250511,0.000374301,0.000240285,0.000338454,0.000241896,0.000375658
sec_radius|astana_clinic_nobase|nc16|np25|br0.5|random_1_100|ms3|r800|s7,0.000269584,0.008667465,0.000250760,0.000376784,0.000269869,0.000346386,0.000258214,0.000377584
sec_max_selected|astana_clinic_nobase|nc16|np25|br0.5|random_1_100|ms1|r300|s8,0.000275778,0.004652131,0.000083267,0.000161591,0.000087750,0.000164618,0.000087800,0.000170701
sec_max_selected|astana_clinic_nobase|nc16|np25|br0.5|random_1_100|ms2|r300|s8,0.000259512,0.005367337,0.000168071,0.000263239,0.000159334,0.000276460,0.000167067,0.000258711
sec_max_selected|astana_clinic_nobase|nc16|np25|br0.5|random_1_100|ms5|r300|s8,0.000296185,0.044909083,0.000369760,0.000558795,0.000365170,0.000505264,0.000402338,0.000506891
sec_radius|astana_clinic_nobase|nc16|np25|br0.5|random_1_100|ms3|r100|s8,0.000250286,0.008542380,0.000257968,0.000362705,0.000242129,0.000344864,0.000234320,0.000350140
sec_radius|astana_clinic_nobase|nc16|np25|br0.5|random_1_100|ms3|r300|s8,0.000261773,0.008544308,0.000236104,0.000368177,0.000235084,0.000354889,0.000232166,0.000360279
sec_radius|astana_clinic_nobase|nc16|np25|br0.5|random_1_100|ms3|r800|s8,0.000272872,0.008807526,0.000258518,0.000407761,0.000261886,0.000384581,0.000269971,0.000386764
sec_max_selected|astana_clinic_nobase|nc16|np25|br0.5|random_1_100|ms1|r300|s9,0.000262368,0.004827988,0.000094502,0.000198279,0.000107842,0.000187977,0.000104331,0.000191859
sec_max_selected|astana_clinic_nobase|nc16|np25|br0.5|random_1_100|ms2|r300|s9,0.000297937,0.005471720,0.000164751,0.000272505,0.000161919,0.000260298,0.000159196,0.000251321
sec_max_selected|astana_clinic_nobase|nc16|np25|br0.5|random_1_100|ms5|r300|s9,0.000246589,0.044333079,0.000409028,0.000547187,0.000382591,0.000528652,0.000395386,0.000536159
sec_radius|astana_clinic_nobase|nc16|np25|br0.5|random_1_100|ms3|r100|s9,0.000286186,0.008997462,0.000243689,0.000422052,0.000253416,0.000370986,0.000285721,0.000342378
sec_radius|astana_clinic_nobase|nc16|np25|br0.5|random_1_100|ms3|r300|s9,0.000282164,0.008985743,0.000246671,0.000391978,0.000238408,0.000374187,0.000251700,0.000374821
sec_radius|astana_clinic_nobase|nc16|np25|br0.5|random_1_100|ms3|r800|s9,0.000264203,0.008951413,0.000265471,0.000421206,0.000268402,0.000389698,0.000252428,0.000411586
