{"type":"FeatureCollection","name":"shymkent_connectors","release":"2026-09-23.1","city":"shymkent","bbox":[69.593365,42.306645,69.617658,42.324611],"attribution":["Overture Maps Foundation","© OpenStreetMap contributors (ODbL-1.0)"],"kind":"observed_secondary (Overture/OSM), not an official registry","features":[{"type":"Feature","id":"0014b6bf-2dbd-4a7c-887c-75e95eefac05","geometry":{"type":"Point","coordinates":[69.6035546,42.3101249]},"properties":{"city":"shymkent","overture_id":"0014b6bf-2dbd-4a7c-887c-75e95eefac05","overture_version":1,"sources":[{"property":"","dataset":"OpenStreetMap","license":"ODbL-1.0","record_id":"n11384193164@1","update_time":"2023-11-29T17:35:01Z","confidence":null,"between":null,"provider":"osm","resource":"planet","version":"2026-09-09"}],"k10_inside_bbox":true}},{"type":"Feature","id":"002861d4-1e44-4d00-8de4-402ca025bb91","geometry":{"type":"Point","coordinates":[69.5941151,42.3218227]},"properties":{"city":"shymkent","overture_id":"002861d4-1e44-4d00-8de4-402ca025bb91","overture_version":1,"sources":[{"property":"","dataset":"OpenStreetMap","license":"ODbL-1.0","record_id":"n11934561808@1","update_time":"2024-05-26T08:47:45Z","confidence":null,"between":null,"provider":"osm","resource":"planet","version":"2026-09-09"}],"k10_inside_bbox":true}},{"type":"Feature","id":"002c11de-d11c-4347-a833-62b869c68cdf","geometry":{"type":"Point","coordinates":[69.617093,42.315851]},"properties":{"city":"shymkent","overture_id":"002c11de-d11c-4347-a833-62b869c68cdf","overture_version":1,"sources":[{"property":"","dataset":"OpenStreetMap","license":"ODbL-1.0","record_id":"n5492617132@1","update_time":"2018-03-21T04:48:44Z","confidence":null,"between":null,"provider":"osm","resource":"planet","version":"2026-09-09"}],"k10_inside_bbox":true}},{"type":"Feature","id":"004a30c9-12a4-44ca-b56d-5873e1fb11a1","geometry":{"type":"Point","coordinates":[69.6014306,42.3202051]},"properties":{"city":"shymkent","overture_id":"004a30c9-12a4-44ca-b56d-5873e1fb11a1","overture_version":1,"sources":[{"property":"","dataset":"OpenStreetMap","license":"ODbL-1.0","record_id":"n11375783450@1","update_time":"2023-11-25T18:49:10Z","confidence":null,"between":null,"provider":"osm","resource":"planet","version":"2026-09-09"}],"k10_inside_bbox":true}},{"type":"Feature","id":"004cb99d-7c9e-42e3-951f-e23fc2748769","geometry":{"type":"Point","coordinates":[69.6034362,42.3136874]},"properties":{"city":"shymkent","overture_id":"004cb99d-7c9e-42e3-951f-e23fc2748769","overture_version":1,"sources":[{"property":"","dataset":"OpenStreetMap","license":"ODbL-1.0","record_id":"n12804572553@1","update_time":"2025-05-02T17:34:26Z","confidence":null,"between":null,"provider":"osm","resource":"planet","version":"2026-09-09"}],"k10_inside_bbox":true}},{"type":"Feature","id":"005add20-c816-48f1-84dd-f6b2a262176e","geometry":{"type":"Point","coordinates":[69.6109959,42.3078044]},"properties":{"city":"shymkent","overture_id":"005add20-c816-48f1-84dd-f6b2a262176e","overture_version":1,"sources":[{"property":"","dataset":"OpenStreetMap","license":"ODbL-1.0","record_id":"n11384193242@1","update_time":"2023-11-29T17:35:01Z","confidence":null,"between":null,"provider":"osm","resource":"planet","version":"2026-09-09"}],"k10_inside_bbox":true}},{"type":"Feature","id":"005f838f-7df7-4818-a9ff-154d1b8d20de","geometry":{"type":"Point","coordinates":[69.6001454,42.3092673]},"properties":{"city":"shymkent","overture_id":"005f838f-7df7-4818-a9ff-154d1b8d20de","overture_version":1,"sources":[{"property":"","dataset":"OpenStreetMap","license":"ODbL-1.0","record_id":"n13668269226@1","update_time":"2026-03-22T06:45:42Z","confidence":null,"between":null,"provider":"osm","resource":"planet","version":"2026-09-09"}],"k10_inside_bbox":true}},{"type":"Feature","id":"005fead7-8f61-4135-b036-3713d7e2dfc3","geometry":{"type":"Point","coordinates":[69.6113139,42.3239]},"properties":{"city":"shymkent","overture_id":"005fead7-8f61-4135-b036-3713d7e2dfc3","overture_version":1,"sources":[{"property":"","dataset":"OpenStreetMap","license":"ODbL-1.0","record_id":"n1240512315@3","update_time":"2011-05-16T05:45:11Z","confidence":null,"between":null,"provider":"osm","resource":"planet","version":"2026-09-09"}],"k10_inside_bbox":true}},{"type":"Feature","id":"00793607-83c8-45a0-9b50-492b16438d98","geometry":{"type":"Point","coordinates":[69.6024066,42.3133301]},"properties":{"city":"shymkent","overture_id":"00793607-83c8-45a0-9b50-492b16438d98","overture_version":1,"sources":[{"property":"","dataset":"OpenStreetMap","license":"ODbL-1.0","record_id":"n11384193181@1","update_time":"2023-11-29T17:35:01Z","confidence":null,"between":null,"provider":"osm","resource":"planet","version":"2026-09-09"}],"k10_inside_bbox":true}},{"type":"Feature","id":"008e587b-1854-48a2-a82a-d6d837b84a93","geometry":{"type":"Point","coordinates":[69.5965141,42.3245511]},"properties":{"city":"shymkent","overture_id":"008e587b-1854-48a2-a82a-d6d837b84a93","overture_version":1,"sources":[{"property":"","dataset":"OpenStreetMap","license":"ODbL-1.0","record_id":"n6074358852@2","update_time":"2023-07-21T03:25:47Z","confidence":null,"between":null,"provider":"osm","resource":"planet","version":"2026-09-09"}],"k10_inside_bbox":true}},{"type":"Feature","id":"00a445d8-6963-4117-9377-d297086ceed3","geometry":{"type":"Point","coordinates":[69.6009178,42.3083385]},"properties":{"city":"shymkent","overture_id":"00a445d8-6963-4117-9377-d297086ceed3","overture_version":1,"sources":[{"property":"","dataset":"OpenStreetMap","license":"ODbL-1.0","record_id":"n10277182961@1","update_time":"2022-12-21T04:59:24Z","confidence":null,"between":null,"provider":"osm","resource":"planet","version":"2026-09-09"}],"k10_inside_bbox":true}},{"type":"Feature","id":"00aa7bb8-54cf-49bf-8fcc-fc42fc6ec4f4","geometry":{"type":"Point","coordinates":[69.6055394,42.3074153]},"properties":{"city":"shymkent","overture_id":"00aa7bb8-54cf-49bf-8fcc-fc42fc6ec4f4","overture_version":1,"sources":[{"property":"","dataset":"OpenStreetMap","license":"ODbL-1.0","record_id":"n11384193302@1","update_time":"2023-11-29T17:35:01Z","confidence":null,"between":null,"provider":"osm","resource":"planet","version":"2026-09-09"}],"k10_inside_bbox":true}},{"type":"Feature","id":"011adcb8-53e7-4025-a3ed-46656854ff36","geometry":{"type":"Point","coordinates":[69.6103126,42.3211261]},"properties":{"city":"shymkent","overture_id":"011adcb8-53e7-4025-a3ed-46656854ff36","overture_version":1,"sources":[{"property":"","dataset":"OpenStreetMap","license":"ODbL-1.0","record_id":"n10755269274@1","update_time":"2023-03-23T06:02:04Z","confidence":null,"between":null,"provider":"osm","resource":"planet","version":"2026-09-09"}],"k10_inside_bbox":true}},{"type":"Feature","id":"011ca2d0-2577-4cf0-a951-df4e2c685919","geometry":{"type":"Point","coordinates":[69.6058031,42.3130745]},"properties":{"city":"shymkent","overture_id":"011ca2d0-2577-4cf0-a951-df4e2c685919","overture_version":1,"sources":[{"property":"","dataset":"OpenStreetMap","license":"ODbL-1.0","record_id":"n1326354979@1","update_time":"2011-06-15T12:36:38Z","confidence":null,"between":null,"provider":"osm","resource":"planet","version":"2026-09-09"}],"k10_inside_bbox":true}},{"type":"Feature","id":"014eda38-67bc-4e24-9798-3577f44e1f1d","geometry":{"type":"Point","coordinates":[69.6167584,42.3121058]},"properties":{"city":"shymkent","overture_id":"014eda38-67bc-4e24-9798-3577f44e1f1d","overture_version":1,"sources":[{"property":"","dataset":"OpenStreetMap","license":"ODbL-1.0","record_id":"n11384193202@1","update_time":"2023-11-29T17:35:01Z","confidence":null,"between":null,"provider":"osm","resource":"planet","version":"2026-09-09"}],"k10_inside_bbox":true}},{"type":"Feature","id":"0173a340-e6ad-4842-ae1f-9f80ca1f7f67","geometry":{"type":"Point","coordinates":[69.6130389,42.318947]},"properties":{"city":"shymkent","overture_id":"0173a340-e6ad-4842-ae1f-9f80ca1f7f67","overture_version":1,"sources":[{"property":"","dataset":"OpenStreetMap","license":"ODbL-1.0","record_id":"n5401348256@1","update_time":"2018-02-09T14:58:08Z","confidence":null,"between":null,"provider":"osm","resource":"planet","version":"2026-09-09"}],"k10_inside_bbox":true}},{"type":"Feature","id":"017cb176-80c5-42ce-bd68-41a9b5207afb","geometry":{"type":"Point","coordinates":[69.6057325,42.3091933]},"properties":{"city":"shymkent","overture_id":"017cb176-80c5-42ce-bd68-41a9b5207afb","overture_version":1,"sources":[{"property":"","dataset":"OpenStreetMap","license":"ODbL-1.0","record_id":"n8221363063@2","update_time":"2023-08-23T12:39:52Z","confidence":null,"between":null,"provider":"osm","resource":"planet","version":"2026-09-09"}],"k10_inside_bbox":true}},{"type":"Feature","id":"0199a633-4d83-4176-816a-854bb596cd66","geometry":{"type":"Point","coordinates":[69.599524,42.3151572]},"properties":{"city":"shymkent","overture_id":"0199a633-4d83-4176-816a-854bb596cd66","overture_version":1,"sources":[{"property":"","dataset":"OpenStreetMap","license":"ODbL-1.0","record_id":"n13083815823@1","update_time":"2025-08-20T06:31:37Z","confidence":null,"between":null,"provider":"osm","resource":"planet","version":"2026-09-09"}],"k10_inside_bbox":true}},{"type":"Feature","id":"01ac7a1b-ab84-43cc-b8d5-26f3721e9abb","geometry":{"type":"Point","coordinates":[69.6035301,42.3072726]},"properties":{"city":"shymkent","overture_id":"01ac7a1b-ab84-43cc-b8d5-26f3721e9abb","overture_version":2,"sources":[{"property":"","dataset":"OpenStreetMap","license":"ODbL-1.0","record_id":"n13311470433@1","update_time":"2025-11-17T18:46:06Z","confidence":null,"between":null,"provider":"osm","resource":"planet","version":"2026-09-09"}],"k10_inside_bbox":true}},{"type":"Feature","id":"01af03ab-da8e-4181-b5e0-5fde064b6ef7","geometry":{"type":"Point","coordinates":[69.6122601,42.3147839]},"properties":{"city":"shymkent","overture_id":"01af03ab-da8e-4181-b5e0-5fde064b6ef7","overture_version":1,"sources":[{"property":"","dataset":"OpenStreetMap","license":"ODbL-1.0","record_id":"n8167868513@2","update_time":"2020-11-26T13:02:44Z","confidence":null,"between":null,"provider":"osm","resource":"planet","version":"2026-09-09"}],"k10_inside_bbox":true}},{"type":"Feature","id":"01d791d6-42a4-448a-becc-7c9acd1b2364","geometry":{"type":"Point","coordinates":[69.5997707,42.3160831]},"properties":{"city":"shymkent","overture_id":"01d791d6-42a4-448a-becc-7c9acd1b2364","overture_version":1,"sources":[{"property":"","dataset":"OpenStreetMap","license":"ODbL-1.0","record_id":"n8069568527@1","update_time":"2020-10-31T19:30:44Z","confidence":null,"between":null,"provider":"osm","resource":"planet","version":"2026-09-09"}],"k10_inside_bbox":true}},{"type":"Feature","id":"01f00173-bf55-4367-97aa-d92c6f09384a","geometry":{"type":"Point","coordinates":[69.6001106,42.3188319]},"properties":{"city":"shymkent","overture_id":"01f00173-bf55-4367-97aa-d92c6f09384a","overture_version":1,"sources":[{"property":"","dataset":"OpenStreetMap","license":"ODbL-1.0","record_id":"n11287899523@1","update_time":"2023-10-25T06:52:35Z","confidence":null,"between":null,"provider":"osm","resource":"planet","version":"2026-09-09"}],"k10_inside_bbox":true}},{"type":"Feature","id":"0217e39a-49ed-4fbb-947c-0bdbb7378fc4","geometry":{"type":"Point","coordinates":[69.6175135,42.3224141]},"properties":{"city":"shymkent","overture_id":"0217e39a-49ed-4fbb-947c-0bdbb7378fc4","overture_version":1,"sources":[{"property":"","dataset":"OpenStreetMap","license":"ODbL-1.0","record_id":"n2576622940@1","update_time":"2013-12-12T06:48:26Z","confidence":null,"between":null,"provider":"osm","resource":"planet","version":"2026-09-09"}],"k10_inside_bbox":true}},{"type":"Feature","id":"021c3ed4-5c90-47ab-aaeb-ff95674a12d8","geometry":{"type":"Point","coordinates":[69.5991611,42.319772]},"properties":{"city":"shymkent","overture_id":"021c3ed4-5c90-47ab-aaeb-ff95674a12d8","overture_version":1,"sources":[{"property":"","dataset":"OpenStreetMap","license":"ODbL-1.0","record_id":"n11375783425@1","update_time":"2023-11-25T18:49:10Z","confidence":null,"between":null,"provider":"osm","resource":"planet","version":"2026-09-09"}],"k10_inside_bbox":true}},{"type":"Feature","id":"024dca91-88be-4499-9326-228e4cd78bff","geometry":{"type":"Point","coordinates":[69.5952299,42.3108082]},"properties":{"city":"shymkent","overture_id":"024dca91-88be-4499-9326-228e4cd78bff","overture_version":2,"sources":[{"property":"","dataset":"OpenStreetMap","license":"ODbL-1.0","record_id":"n1330353665@3","update_time":"2025-10-31T17:27:33Z","confidence":null,"between":null,"provider":"osm","resource":"planet","version":"2026-09-09"}],"k10_inside_bbox":true}},{"type":"Feature","id":"0290abd7-69f4-4234-a87f-488e0ac42a0e","geometry":{"type":"Point","coordinates":[69.5959661,42.3181051]},"properties":{"city":"shymkent","overture_id":"0290abd7-69f4-4234-a87f-488e0ac42a0e","overture_version":1,"sources":[{"property":"","dataset":"OpenStreetMap","license":"ODbL-1.0","record_id":"n1327212630@3","update_time":"2011-10-02T10:22:42Z","confidence":null,"between":null,"provider":"osm","resource":"planet","version":"2026-09-09"}],"k10_inside_bbox":true}},{"type":"Feature","id":"02a32e54-9d88-4baa-9a99-e9945241e23c","geometry":{"type":"Point","coordinates":[69.607054,42.3155562]},"properties":{"city":"shymkent","overture_id":"02a32e54-9d88-4baa-9a99-e9945241e23c","overture_version":1,"sources":[{"property":"","dataset":"OpenStreetMap","license":"ODbL-1.0","record_id":"n11378966335@1","update_time":"2023-11-27T05:30:18Z","confidence":null,"between":null,"provider":"osm","resource":"planet","version":"2026-09-09"}],"k10_inside_bbox":true}},{"type":"Feature","id":"02c5d403-08ec-4d84-9c4e-6545b0feeb7d","geometry":{"type":"Point","coordinates":[69.5997153,42.3160955]},"properties":{"city":"shymkent","overture_id":"02c5d403-08ec-4d84-9c4e-6545b0feeb7d","overture_version":1,"sources":[{"property":"","dataset":"OpenStreetMap","license":"ODbL-1.0","record_id":"n8069568510@1","update_time":"2020-10-31T19:30:44Z","confidence":null,"between":null,"provider":"osm","resource":"planet","version":"2026-09-09"}],"k10_inside_bbox":true}},{"type":"Feature","id":"02cbd703-530c-44eb-8eef-8dbaa6955239","geometry":{"type":"Point","coordinates":[69.5978192,42.3059657]},"properties":{"city":"shymkent","overture_id":"02cbd703-530c-44eb-8eef-8dbaa6955239","overture_version":1,"sources":[{"property":"","dataset":"OpenStreetMap","license":"ODbL-1.0","record_id":"n11148559442@1","update_time":"2023-08-27T16:41:50Z","confidence":null,"between":null,"provider":"osm","resource":"planet","version":"2026-09-09"}],"k10_inside_bbox":false}},{"type":"Feature","id":"02e543fb-472d-4935-b6aa-6f5ac8be9b84","geometry":{"type":"Point","coordinates":[69.603053,42.320478]},"properties":{"city":"shymkent","overture_id":"02e543fb-472d-4935-b6aa-6f5ac8be9b84","overture_version":1,"sources":[{"property":"","dataset":"OpenStreetMap","license":"ODbL-1.0","record_id":"n11375783439@2","update_time":"2024-03-07T12:44:58Z","confidence":null,"between":null,"provider":"osm","resource":"planet","version":"2026-09-09"}],"k10_inside_bbox":true}},{"type":"Feature","id":"033ee6e2-3038-44a9-af95-5e0f27bc9db5","geometry":{"type":"Point","coordinates":[69.6035971,42.31332]},"properties":{"city":"shymkent","overture_id":"033ee6e2-3038-44a9-af95-5e0f27bc9db5","overture_version":1,"sources":[{"property":"","dataset":"OpenStreetMap","license":"ODbL-1.0","record_id":"n1326355555@1","update_time":"2011-06-15T12:36:57Z","confidence":null,"between":null,"provider":"osm","resource":"planet","version":"2026-09-09"}],"k10_inside_bbox":true}},{"type":"Feature","id":"03cfb3a1-7a31-485e-9728-9688fd1f6f8b","geometry":{"type":"Point","coordinates":[69.5937864,42.3158142]},"properties":{"city":"shymkent","overture_id":"03cfb3a1-7a31-485e-9728-9688fd1f6f8b","overture_version":1,"sources":[{"property":"","dataset":"OpenStreetMap","license":"ODbL-1.0","record_id":"n8236715250@2","update_time":"2025-06-25T03:12:57Z","confidence":null,"between":null,"provider":"osm","resource":"planet","version":"2026-09-09"}],"k10_inside_bbox":true}},{"type":"Feature","id":"03ddf59a-9584-4957-8a74-39de1549e2b3","geometry":{"type":"Point","coordinates":[69.6032376,42.3129081]},"properties":{"city":"shymkent","overture_id":"03ddf59a-9584-4957-8a74-39de1549e2b3","overture_version":1,"sources":[{"property":"","dataset":"OpenStreetMap","license":"ODbL-1.0","record_id":"n1326355279@1","update_time":"2011-06-15T12:36:47Z","confidence":null,"between":null,"provider":"osm","resource":"planet","version":"2026-09-09"}],"k10_inside_bbox":true}},{"type":"Feature","id":"041ec00a-d0b6-4f20-9f86-01418b37a3b1","geometry":{"type":"Point","coordinates":[69.5964184,42.3235496]},"properties":{"city":"shymkent","overture_id":"041ec00a-d0b6-4f20-9f86-01418b37a3b1","overture_version":1,"sources":[{"property":"","dataset":"OpenStreetMap","license":"ODbL-1.0","record_id":"n4336568565@1","update_time":"2016-08-05T06:55:43Z","confidence":null,"between":null,"provider":"osm","resource":"planet","version":"2026-09-09"}],"k10_inside_bbox":true}},{"type":"Feature","id":"042d91b5-b2c3-43d0-8b95-5105da5be1b1","geometry":{"type":"Point","coordinates":[69.5991491,42.3185529]},"properties":{"city":"shymkent","overture_id":"042d91b5-b2c3-43d0-8b95-5105da5be1b1","overture_version":1,"sources":[{"property":"","dataset":"OpenStreetMap","license":"ODbL-1.0","record_id":"n3678262213@1","update_time":"2015-08-03T02:18:40Z","confidence":null,"between":null,"provider":"osm","resource":"planet","version":"2026-09-09"}],"k10_inside_bbox":true}},{"type":"Feature","id":"047f9b87-d828-4c23-b272-f2854b392228","geometry":{"type":"Point","coordinates":[69.6062905,42.3201567]},"properties":{"city":"shymkent","overture_id":"047f9b87-d828-4c23-b272-f2854b392228","overture_version":1,"sources":[{"property":"","dataset":"OpenStreetMap","license":"ODbL-1.0","record_id":"n11375783475@1","update_time":"2023-11-25T18:49:10Z","confidence":null,"between":null,"provider":"osm","resource":"planet","version":"2026-09-09"}],"k10_inside_bbox":true}},{"type":"Feature","id":"04942f50-a90e-443a-8284-6b2d0d7b84c9","geometry":{"type":"Point","coordinates":[69.6033948,42.3162065]},"properties":{"city":"shymkent","overture_id":"04942f50-a90e-443a-8284-6b2d0d7b84c9","overture_version":1,"sources":[{"property":"","dataset":"OpenStreetMap","license":"ODbL-1.0","record_id":"n12159442967@1","update_time":"2024-09-06T07:56:17Z","confidence":null,"between":null,"provider":"osm","resource":"planet","version":"2026-09-09"}],"k10_inside_bbox":true}},{"type":"Feature","id":"0499fdc0-4af6-43d5-af17-5bf8c1a39ff7","geometry":{"type":"Point","coordinates":[69.5987133,42.3225852]},"properties":{"city":"shymkent","overture_id":"0499fdc0-4af6-43d5-af17-5bf8c1a39ff7","overture_version":1,"sources":[{"property":"","dataset":"OpenStreetMap","license":"ODbL-1.0","record_id":"n1240735783@4","update_time":"2012-08-02T17:27:47Z","confidence":null,"between":null,"provider":"osm","resource":"planet","version":"2026-09-09"}],"k10_inside_bbox":true}},{"type":"Feature","id":"04ae08c1-4b3f-4f55-b2b7-738904bf679e","geometry":{"type":"Point","coordinates":[69.6130467,42.3120504]},"properties":{"city":"shymkent","overture_id":"04ae08c1-4b3f-4f55-b2b7-738904bf679e","overture_version":1,"sources":[{"property":"","dataset":"OpenStreetMap","license":"ODbL-1.0","record_id":"n4336501394@2","update_time":"2018-12-03T18:29:45Z","confidence":null,"between":null,"provider":"osm","resource":"planet","version":"2026-09-09"}],"k10_inside_bbox":true}},{"type":"Feature","id":"04dadf7f-9004-4f90-8a77-5f75cf040283","geometry":{"type":"Point","coordinates":[69.5928338,42.3080996]},"properties":{"city":"shymkent","overture_id":"04dadf7f-9004-4f90-8a77-5f75cf040283","overture_version":1,"sources":[{"property":"","dataset":"OpenStreetMap","license":"ODbL-1.0","record_id":"n13272759433@1","update_time":"2025-10-31T17:50:55Z","confidence":null,"between":null,"provider":"osm","resource":"planet","version":"2026-09-09"}],"k10_inside_bbox":false}},{"type":"Feature","id":"04e35c54-060d-4d87-bf0f-a5ab7e28dc1c","geometry":{"type":"Point","coordinates":[69.6028372,42.3100801]},"properties":{"city":"shymkent","overture_id":"04e35c54-060d-4d87-bf0f-a5ab7e28dc1c","overture_version":1,"sources":[{"property":"","dataset":"OpenStreetMap","license":"ODbL-1.0","record_id":"n12159528945@1","update_time":"2024-09-06T08:28:17Z","confidence":null,"between":null,"provider":"osm","resource":"planet","version":"2026-09-09"}],"k10_inside_bbox":true}},{"type":"Feature","id":"0502de03-a941-49b3-b8c3-7ce0d37121f5","geometry":{"type":"Point","coordinates":[69.6070447,42.3161702]},"properties":{"city":"shymkent","overture_id":"0502de03-a941-49b3-b8c3-7ce0d37121f5","overture_version":1,"sources":[{"property":"","dataset":"OpenStreetMap","license":"ODbL-1.0","record_id":"n11001128518@1","update_time":"2023-06-23T06:30:58Z","confidence":null,"between":null,"provider":"osm","resource":"planet","version":"2026-09-09"}],"k10_inside_bbox":true}},{"type":"Feature","id":"0575cab5-ac7d-48dd-b0c0-91c8ac243024","geometry":{"type":"Point","coordinates":[69.6024053,42.3175388]},"properties":{"city":"shymkent","overture_id":"0575cab5-ac7d-48dd-b0c0-91c8ac243024","overture_version":1,"sources":[{"property":"","dataset":"OpenStreetMap","license":"ODbL-1.0","record_id":"n11191928567@1","update_time":"2023-09-15T02:04:05Z","confidence":null,"between":null,"provider":"osm","resource":"planet","version":"2026-09-09"}],"k10_inside_bbox":true}},{"type":"Feature","id":"05af8d1e-8ac2-49eb-a89a-0280daa9d2e2","geometry":{"type":"Point","coordinates":[69.6139573,42.3054133]},"properties":{"city":"shymkent","overture_id":"05af8d1e-8ac2-49eb-a89a-0280daa9d2e2","overture_version":1,"sources":[{"property":"","dataset":"OpenStreetMap","license":"ODbL-1.0","record_id":"n1327032802@2","update_time":"2011-10-19T16:43:03Z","confidence":null,"between":null,"provider":"osm","resource":"planet","version":"2026-09-09"}],"k10_inside_bbox":false}},{"type":"Feature","id":"05ca516c-4449-4d15-8133-fa3345e980eb","geometry":{"type":"Point","coordinates":[69.5998934,42.3109143]},"properties":{"city":"shymkent","overture_id":"05ca516c-4449-4d15-8133-fa3345e980eb","overture_version":1,"sources":[{"property":"","dataset":"OpenStreetMap","license":"ODbL-1.0","record_id":"n12430620286@1","update_time":"2024-12-18T12:29:49Z","confidence":null,"between":null,"provider":"osm","resource":"planet","version":"2026-09-09"}],"k10_inside_bbox":true}},{"type":"Feature","id":"061a8b62-a08c-4594-bfb2-796a19ff335b","geometry":{"type":"Point","coordinates":[69.5970096,42.3216934]},"properties":{"city":"shymkent","overture_id":"061a8b62-a08c-4594-bfb2-796a19ff335b","overture_version":1,"sources":[{"property":"","dataset":"OpenStreetMap","license":"ODbL-1.0","record_id":"n4346751994@2","update_time":"2017-01-18T06:32:01Z","confidence":null,"between":null,"provider":"osm","resource":"planet","version":"2026-09-09"}],"k10_inside_bbox":true}},{"type":"Feature","id":"068689ee-b16e-4b58-bf9b-b4a3f029990a","geometry":{"type":"Point","coordinates":[69.6129732,42.3066456]},"properties":{"city":"shymkent","overture_id":"068689ee-b16e-4b58-bf9b-b4a3f029990a","overture_version":1,"sources":[{"property":"","dataset":"OpenStreetMap","license":"ODbL-1.0","record_id":"n11384193484@1","update_time":"2023-11-29T17:35:01Z","confidence":null,"between":null,"provider":"osm","resource":"planet","version":"2026-09-09"}],"k10_inside_bbox":true}},{"type":"Feature","id":"0695d9c6-c8ae-4135-b8a6-3b6c9da0573c","geometry":{"type":"Point","coordinates":[69.6154017,42.3078048]},"properties":{"city":"shymkent","overture_id":"0695d9c6-c8ae-4135-b8a6-3b6c9da0573c","overture_version":1,"sources":[{"property":"","dataset":"OpenStreetMap","license":"ODbL-1.0","record_id":"n11384193215@1","update_time":"2023-11-29T17:35:01Z","confidence":null,"between":null,"provider":"osm","resource":"planet","version":"2026-09-09"}],"k10_inside_bbox":true}},{"type":"Feature","id":"06d0216f-5fe5-4ce6-a500-5969f4eda62d","geometry":{"type":"Point","coordinates":[69.6007716,42.3154885]},"properties":{"city":"shymkent","overture_id":"06d0216f-5fe5-4ce6-a500-5969f4eda62d","overture_version":1,"sources":[{"property":"","dataset":"OpenStreetMap","license":"ODbL-1.0","record_id":"n8069568487@1","update_time":"2020-10-31T19:30:44Z","confidence":null,"between":null,"provider":"osm","resource":"planet","version":"2026-09-09"}],"k10_inside_bbox":true}},{"type":"Feature","id":"071707fc-0eac-47f5-9e2a-d50a7a983fa7","geometry":{"type":"Point","coordinates":[69.6020018,42.3094979]},"properties":{"city":"shymkent","overture_id":"071707fc-0eac-47f5-9e2a-d50a7a983fa7","overture_version":1,"sources":[{"property":"","dataset":"OpenStreetMap","license":"ODbL-1.0","record_id":"n11384193279@1","update_time":"2023-11-29T17:35:01Z","confidence":null,"between":null,"provider":"osm","resource":"planet","version":"2026-09-09"}],"k10_inside_bbox":true}},{"type":"Feature","id":"0729e0af-8774-4911-bd16-38251de8d709","geometry":{"type":"Point","coordinates":[69.6109221,42.3173299]},"properties":{"city":"shymkent","overture_id":"0729e0af-8774-4911-bd16-38251de8d709","overture_version":1,"sources":[{"property":"","dataset":"OpenStreetMap","license":"ODbL-1.0","record_id":"n3678262958@1","update_time":"2015-08-03T02:21:53Z","confidence":null,"between":null,"provider":"osm","resource":"planet","version":"2026-09-09"}],"k10_inside_bbox":true}},{"type":"Feature","id":"0783cf06-17ea-4f81-8ab6-99ac153fd180","geometry":{"type":"Point","coordinates":[69.5996584,42.3079918]},"properties":{"city":"shymkent","overture_id":"0783cf06-17ea-4f81-8ab6-99ac153fd180","overture_version":1,"sources":[{"property":"","dataset":"OpenStreetMap","license":"ODbL-1.0","record_id":"n1804778785@3","update_time":"2025-05-11T13:58:56Z","confidence":null,"between":null,"provider":"osm","resource":"planet","version":"2026-09-09"}],"k10_inside_bbox":true}},{"type":"Feature","id":"07d7ab3e-a1e0-441b-8c66-e88184b74e03","geometry":{"type":"Point","coordinates":[69.6169535,42.3210854]},"properties":{"city":"shymkent","overture_id":"07d7ab3e-a1e0-441b-8c66-e88184b74e03","overture_version":1,"sources":[{"property":"","dataset":"OpenStreetMap","license":"ODbL-1.0","record_id":"n1236371269@3","update_time":"2011-06-12T03:13:50Z","confidence":null,"between":null,"provider":"osm","resource":"planet","version":"2026-09-09"}],"k10_inside_bbox":true}},{"type":"Feature","id":"07d877f5-7df1-425d-b97d-7f71b7d4597e","geometry":{"type":"Point","coordinates":[69.6007653,42.3091723]},"properties":{"city":"shymkent","overture_id":"07d877f5-7df1-425d-b97d-7f71b7d4597e","overture_version":3,"sources":[{"property":"","dataset":"OpenStreetMap","license":"ODbL-1.0","record_id":"n13135750574@2","update_time":"2025-11-16T17:33:45Z","confidence":null,"between":null,"provider":"osm","resource":"planet","version":"2026-09-09"}],"k10_inside_bbox":true}},{"type":"Feature","id":"080174f3-c23c-4340-8128-34cef0739a3a","geometry":{"type":"Point","coordinates":[69.6034177,42.322704]},"properties":{"city":"shymkent","overture_id":"080174f3-c23c-4340-8128-34cef0739a3a","overture_version":1,"sources":[{"property":"","dataset":"OpenStreetMap","license":"ODbL-1.0","record_id":"n1236371171@3","update_time":"2012-06-18T16:28:36Z","confidence":null,"between":null,"provider":"osm","resource":"planet","version":"2026-09-09"}],"k10_inside_bbox":true}},{"type":"Feature","id":"0821a24b-fafb-4d65-be9d-ea948483e9a8","geometry":{"type":"Point","coordinates":[69.6002748,42.3191051]},"properties":{"city":"shymkent","overture_id":"0821a24b-fafb-4d65-be9d-ea948483e9a8","overture_version":1,"sources":[{"property":"","dataset":"OpenStreetMap","license":"ODbL-1.0","record_id":"n11287899520@1","update_time":"2023-10-25T06:52:35Z","confidence":null,"between":null,"provider":"osm","resource":"planet","version":"2026-09-09"}],"k10_inside_bbox":true}},{"type":"Feature","id":"082c81f7-1e0a-4dbe-b7c8-a194a1eecfb7","geometry":{"type":"Point","coordinates":[69.5951307,42.3149678]},"properties":{"city":"shymkent","overture_id":"082c81f7-1e0a-4dbe-b7c8-a194a1eecfb7","overture_version":1,"sources":[{"property":"","dataset":"OpenStreetMap","license":"ODbL-1.0","record_id":"n12214818607@1","update_time":"2024-10-01T19:04:21Z","confidence":null,"between":null,"provider":"osm","resource":"planet","version":"2026-09-09"}],"k10_inside_bbox":true}},{"type":"Feature","id":"084a1579-211a-427e-8a30-ced6a3853707","geometry":{"type":"Point","coordinates":[69.6010149,42.3097]},"properties":{"city":"shymkent","overture_id":"084a1579-211a-427e-8a30-ced6a3853707","overture_version":1,"sources":[{"property":"","dataset":"OpenStreetMap","license":"ODbL-1.0","record_id":"n4317786819@4","update_time":"2023-08-23T12:39:52Z","confidence":null,"between":null,"provider":"osm","resource":"planet","version":"2026-09-09"}],"k10_inside_bbox":true}},{"type":"Feature","id":"087bd882-942e-4502-9a31-f6d0a8e074f5","geometry":{"type":"Point","coordinates":[69.6157315,42.322885]},"properties":{"city":"shymkent","overture_id":"087bd882-942e-4502-9a31-f6d0a8e074f5","overture_version":1,"sources":[{"property":"","dataset":"OpenStreetMap","license":"ODbL-1.0","record_id":"n304263423@11","update_time":"2012-01-16T11:55:12Z","confidence":null,"between":null,"provider":"osm","resource":"planet","version":"2026-09-09"}],"k10_inside_bbox":true}},{"type":"Feature","id":"08a39b63-32aa-410e-8d49-0da00fd65d5c","geometry":{"type":"Point","coordinates":[69.6052565,42.3128766]},"properties":{"city":"shymkent","overture_id":"08a39b63-32aa-410e-8d49-0da00fd65d5c","overture_version":1,"sources":[{"property":"","dataset":"OpenStreetMap","license":"ODbL-1.0","record_id":"n1326355550@2","update_time":"2011-09-06T11:47:58Z","confidence":null,"between":null,"provider":"osm","resource":"planet","version":"2026-09-09"}],"k10_inside_bbox":true}},{"type":"Feature","id":"08dcdcbf-3bfc-469c-9a6b-0337fac5aaeb","geometry":{"type":"Point","coordinates":[69.6052793,42.3186772]},"properties":{"city":"shymkent","overture_id":"08dcdcbf-3bfc-469c-9a6b-0337fac5aaeb","overture_version":1,"sources":[{"property":"","dataset":"OpenStreetMap","license":"ODbL-1.0","record_id":"n10755284717@1","update_time":"2023-03-23T06:02:04Z","confidence":null,"between":null,"provider":"osm","resource":"planet","version":"2026-09-09"}],"k10_inside_bbox":true}},{"type":"Feature","id":"08f06372-f31e-4b6e-8a35-83b7f5314882","geometry":{"type":"Point","coordinates":[69.6128807,42.3162464]},"properties":{"city":"shymkent","overture_id":"08f06372-f31e-4b6e-8a35-83b7f5314882","overture_version":1,"sources":[{"property":"","dataset":"OpenStreetMap","license":"ODbL-1.0","record_id":"n10975610420@1","update_time":"2023-06-14T02:18:44Z","confidence":null,"between":null,"provider":"osm","resource":"planet","version":"2026-09-09"}],"k10_inside_bbox":true}},{"type":"Feature","id":"09304a7a-0c8b-494c-a112-15db760691cc","geometry":{"type":"Point","coordinates":[69.6124921,42.3097409]},"properties":{"city":"shymkent","overture_id":"09304a7a-0c8b-494c-a112-15db760691cc","overture_version":1,"sources":[{"property":"","dataset":"OpenStreetMap","license":"ODbL-1.0","record_id":"n5492614548@1","update_time":"2018-03-21T04:42:02Z","confidence":null,"between":null,"provider":"osm","resource":"planet","version":"2026-09-09"}],"k10_inside_bbox":true}},{"type":"Feature","id":"095e3092-65fd-4232-abea-f696b99c5027","geometry":{"type":"Point","coordinates":[69.6168315,42.3079152]},"properties":{"city":"shymkent","overture_id":"095e3092-65fd-4232-abea-f696b99c5027","overture_version":1,"sources":[{"property":"","dataset":"OpenStreetMap","license":"ODbL-1.0","record_id":"n11384193453@1","update_time":"2023-11-29T17:35:01Z","confidence":null,"between":null,"provider":"osm","resource":"planet","version":"2026-09-09"}],"k10_inside_bbox":true}},{"type":"Feature","id":"09741327-0dc7-4123-b4e0-c5e2f7070eb3","geometry":{"type":"Point","coordinates":[69.5984078,42.3195836]},"properties":{"city":"shymkent","overture_id":"09741327-0dc7-4123-b4e0-c5e2f7070eb3","overture_version":1,"sources":[{"property":"","dataset":"OpenStreetMap","license":"ODbL-1.0","record_id":"n10731921319@1","update_time":"2023-03-13T03:38:15Z","confidence":null,"between":null,"provider":"osm","resource":"planet","version":"2026-09-09"}],"k10_inside_bbox":true}},{"type":"Feature","id":"097c2c3c-7287-4826-bd67-e270736191ec","geometry":{"type":"Point","coordinates":[69.6095264,42.3086707]},"properties":{"city":"shymkent","overture_id":"097c2c3c-7287-4826-bd67-e270736191ec","overture_version":1,"sources":[{"property":"","dataset":"OpenStreetMap","license":"ODbL-1.0","record_id":"n304263461@6","update_time":"2011-09-12T12:02:44Z","confidence":null,"between":null,"provider":"osm","resource":"planet","version":"2026-09-09"}],"k10_inside_bbox":true}},{"type":"Feature","id":"09fa921c-5259-412c-ba0a-0e1fb7cf3f90","geometry":{"type":"Point","coordinates":[69.6034071,42.3122888]},"properties":{"city":"shymkent","overture_id":"09fa921c-5259-412c-ba0a-0e1fb7cf3f90","overture_version":1,"sources":[{"property":"","dataset":"OpenStreetMap","license":"ODbL-1.0","record_id":"n13889012213@1","update_time":"2026-05-27T18:04:03Z","confidence":null,"between":null,"provider":"osm","resource":"planet","version":"2026-09-09"}],"k10_inside_bbox":true}},{"type":"Feature","id":"0a000b16-44a7-471a-9a36-3e5774a49223","geometry":{"type":"Point","coordinates":[69.6171088,42.314972]},"properties":{"city":"shymkent","overture_id":"0a000b16-44a7-471a-9a36-3e5774a49223","overture_version":1,"sources":[{"property":"","dataset":"OpenStreetMap","license":"ODbL-1.0","record_id":"n11375783392@1","update_time":"2023-11-25T18:49:10Z","confidence":null,"between":null,"provider":"osm","resource":"planet","version":"2026-09-09"}],"k10_inside_bbox":true}},{"type":"Feature","id":"0a44a3e3-0d5d-4b76-8771-3ea593d27157","geometry":{"type":"Point","coordinates":[69.5969309,42.3194833]},"properties":{"city":"shymkent","overture_id":"0a44a3e3-0d5d-4b76-8771-3ea593d27157","overture_version":1,"sources":[{"property":"","dataset":"OpenStreetMap","license":"ODbL-1.0","record_id":"n10731921366@1","update_time":"2023-03-13T03:38:15Z","confidence":null,"between":null,"provider":"osm","resource":"planet","version":"2026-09-09"}],"k10_inside_bbox":true}},{"type":"Feature","id":"0acd4adc-d95a-4d96-9258-1aebe027f0c4","geometry":{"type":"Point","coordinates":[69.5929701,42.3187261]},"properties":{"city":"shymkent","overture_id":"0acd4adc-d95a-4d96-9258-1aebe027f0c4","overture_version":2,"sources":[{"property":"","dataset":"OpenStreetMap","license":"ODbL-1.0","record_id":"n11943588185@2","update_time":"2025-06-29T06:12:14Z","confidence":null,"between":null,"provider":"osm","resource":"planet","version":"2026-09-09"}],"k10_inside_bbox":false}},{"type":"Feature","id":"0adcc3fe-119e-444c-9149-1a6b00c0e22a","geometry":{"type":"Point","coordinates":[69.5950416,42.3066949]},"properties":{"city":"shymkent","overture_id":"0adcc3fe-119e-444c-9149-1a6b00c0e22a","overture_version":1,"sources":[{"property":"","dataset":"OpenStreetMap","license":"ODbL-1.0","record_id":"n11148559536@1","update_time":"2023-08-27T16:41:50Z","confidence":null,"between":null,"provider":"osm","resource":"planet","version":"2026-09-09"}],"k10_inside_bbox":true}},{"type":"Feature","id":"0b2c3273-6b09-4675-8bba-0bca77673168","geometry":{"type":"Point","coordinates":[69.6133419,42.3095448]},"properties":{"city":"shymkent","overture_id":"0b2c3273-6b09-4675-8bba-0bca77673168","overture_version":1,"sources":[{"property":"","dataset":"OpenStreetMap","license":"ODbL-1.0","record_id":"n5492613574@1","update_time":"2018-03-21T04:39:56Z","confidence":null,"between":null,"provider":"osm","resource":"planet","version":"2026-09-09"}],"k10_inside_bbox":true}},{"type":"Feature","id":"0b437ef9-566f-450e-a1c2-0d3e987b8740","geometry":{"type":"Point","coordinates":[69.6095119,42.314103]},"properties":{"city":"shymkent","overture_id":"0b437ef9-566f-450e-a1c2-0d3e987b8740","overture_version":1,"sources":[{"property":"","dataset":"OpenStreetMap","license":"ODbL-1.0","record_id":"n11384193198@1","update_time":"2023-11-29T17:35:01Z","confidence":null,"between":null,"provider":"osm","resource":"planet","version":"2026-09-09"}],"k10_inside_bbox":true}},{"type":"Feature","id":"0b99ef65-b4c3-4bcf-9acf-a3b28fc69a12","geometry":{"type":"Point","coordinates":[69.6077335,42.3131318]},"properties":{"city":"shymkent","overture_id":"0b99ef65-b4c3-4bcf-9acf-a3b28fc69a12","overture_version":1,"sources":[{"property":"","dataset":"OpenStreetMap","license":"ODbL-1.0","record_id":"n11384193263@1","update_time":"2023-11-29T17:35:01Z","confidence":null,"between":null,"provider":"osm","resource":"planet","version":"2026-09-09"}],"k10_inside_bbox":true}},{"type":"Feature","id":"0bb55353-ea75-4733-97e4-7ed3146e6126","geometry":{"type":"Point","coordinates":[69.6041965,42.3134424]},"properties":{"city":"shymkent","overture_id":"0bb55353-ea75-4733-97e4-7ed3146e6126","overture_version":1,"sources":[{"property":"","dataset":"OpenStreetMap","license":"ODbL-1.0","record_id":"n1326355198@1","update_time":"2011-06-15T12:36:44Z","confidence":null,"between":null,"provider":"osm","resource":"planet","version":"2026-09-09"}],"k10_inside_bbox":true}},{"type":"Feature","id":"0bc69bda-b128-4c4d-ba74-f90e905d21c3","geometry":{"type":"Point","coordinates":[69.6072661,42.3080072]},"properties":{"city":"shymkent","overture_id":"0bc69bda-b128-4c4d-ba74-f90e905d21c3","overture_version":1,"sources":[{"property":"","dataset":"OpenStreetMap","license":"ODbL-1.0","record_id":"n5402890564@3","update_time":"2023-08-23T12:39:52Z","confidence":null,"between":null,"provider":"osm","resource":"planet","version":"2026-09-09"}],"k10_inside_bbox":true}},{"type":"Feature","id":"0bc80c26-be36-45e4-a700-a5b3bac6d57b","geometry":{"type":"Point","coordinates":[69.6098821,42.3107387]},"properties":{"city":"shymkent","overture_id":"0bc80c26-be36-45e4-a700-a5b3bac6d57b","overture_version":1,"sources":[{"property":"","dataset":"OpenStreetMap","license":"ODbL-1.0","record_id":"n8219147824@2","update_time":"2023-07-12T10:14:11Z","confidence":null,"between":null,"provider":"osm","resource":"planet","version":"2026-09-09"}],"k10_inside_bbox":true}},{"type":"Feature","id":"0bc873a4-c1f3-4bfb-bc5a-5d98b2398024","geometry":{"type":"Point","coordinates":[69.6039834,42.3129255]},"properties":{"city":"shymkent","overture_id":"0bc873a4-c1f3-4bfb-bc5a-5d98b2398024","overture_version":1,"sources":[{"property":"","dataset":"OpenStreetMap","license":"ODbL-1.0","record_id":"n1326355350@1","update_time":"2011-06-15T12:36:48Z","confidence":null,"between":null,"provider":"osm","resource":"planet","version":"2026-09-09"}],"k10_inside_bbox":true}},{"type":"Feature","id":"0be22a40-e395-4d51-be84-c69a79d0dd79","geometry":{"type":"Point","coordinates":[69.6110403,42.3119642]},"properties":{"city":"shymkent","overture_id":"0be22a40-e395-4d51-be84-c69a79d0dd79","overture_version":1,"sources":[{"property":"","dataset":"OpenStreetMap","license":"ODbL-1.0","record_id":"n1239160062@4","update_time":"2018-08-31T21:27:47Z","confidence":null,"between":null,"provider":"osm","resource":"planet","version":"2026-09-09"}],"k10_inside_bbox":true}},{"type":"Feature","id":"0c0c4537-f708-4738-bbd9-4f1e31f89f6a","geometry":{"type":"Point","coordinates":[69.6022215,42.3234527]},"properties":{"city":"shymkent","overture_id":"0c0c4537-f708-4738-bbd9-4f1e31f89f6a","overture_version":1,"sources":[{"property":"","dataset":"OpenStreetMap","license":"ODbL-1.0","record_id":"n11700691765@1","update_time":"2024-03-07T12:44:58Z","confidence":null,"between":null,"provider":"osm","resource":"planet","version":"2026-09-09"}],"k10_inside_bbox":true}},{"type":"Feature","id":"0c49c5c9-2181-4b01-88d0-cefd72a4e54d","geometry":{"type":"Point","coordinates":[69.6023959,42.3124773]},"properties":{"city":"shymkent","overture_id":"0c49c5c9-2181-4b01-88d0-cefd72a4e54d","overture_version":1,"sources":[{"property":"","dataset":"OpenStreetMap","license":"ODbL-1.0","record_id":"n11384193174@1","update_time":"2023-11-29T17:35:01Z","confidence":null,"between":null,"provider":"osm","resource":"planet","version":"2026-09-09"}],"k10_inside_bbox":true}},{"type":"Feature","id":"0c71f87c-3e50-4293-a418-0d064ab8aa50","geometry":{"type":"Point","coordinates":[69.5962037,42.3180399]},"properties":{"city":"shymkent","overture_id":"0c71f87c-3e50-4293-a418-0d064ab8aa50","overture_version":1,"sources":[{"property":"","dataset":"OpenStreetMap","license":"ODbL-1.0","record_id":"n1327212566@3","update_time":"2011-10-02T10:22:42Z","confidence":null,"between":null,"provider":"osm","resource":"planet","version":"2026-09-09"}],"k10_inside_bbox":true}},{"type":"Feature","id":"0cebfa5d-2d5d-4743-8fff-6cf1cff70bc1","geometry":{"type":"Point","coordinates":[69.5996565,42.3348565]},"properties":{"city":"shymkent","overture_id":"0cebfa5d-2d5d-4743-8fff-6cf1cff70bc1","overture_version":1,"sources":[{"property":"","dataset":"OpenStreetMap","license":"ODbL-1.0","record_id":"n11929131772@1","update_time":"2024-05-23T18:00:15Z","confidence":null,"between":null,"provider":"osm","resource":"planet","version":"2026-09-09"}],"k10_inside_bbox":false}},{"type":"Feature","id":"0d1864d9-adaf-44c4-9b27-a9c98288fe7c","geometry":{"type":"Point","coordinates":[69.6011989,42.3174696]},"properties":{"city":"shymkent","overture_id":"0d1864d9-adaf-44c4-9b27-a9c98288fe7c","overture_version":1,"sources":[{"property":"","dataset":"OpenStreetMap","license":"ODbL-1.0","record_id":"n8167868516@2","update_time":"2020-11-27T05:59:06Z","confidence":null,"between":null,"provider":"osm","resource":"planet","version":"2026-09-09"}],"k10_inside_bbox":true}},{"type":"Feature","id":"0d44e4be-4b70-47c1-9863-a0d261510eb9","geometry":{"type":"Point","coordinates":[69.5935119,42.3049092]},"properties":{"city":"shymkent","overture_id":"0d44e4be-4b70-47c1-9863-a0d261510eb9","overture_version":1,"sources":[{"property":"","dataset":"OpenStreetMap","license":"ODbL-1.0","record_id":"n11922759499@2","update_time":"2024-05-21T17:19:54Z","confidence":null,"between":null,"provider":"osm","resource":"planet","version":"2026-09-09"}],"k10_inside_bbox":false}},{"type":"Feature","id":"0daf6af5-138a-49e9-8e55-65560b2a571f","geometry":{"type":"Point","coordinates":[69.6048903,42.3083932]},"properties":{"city":"shymkent","overture_id":"0daf6af5-138a-49e9-8e55-65560b2a571f","overture_version":1,"sources":[{"property":"","dataset":"OpenStreetMap","license":"ODbL-1.0","record_id":"n11138921622@1","update_time":"2023-08-23T12:39:52Z","confidence":null,"between":null,"provider":"osm","resource":"planet","version":"2026-09-09"}],"k10_inside_bbox":true}},{"type":"Feature","id":"0db81dae-c77b-4cae-b512-c7c743dc910d","geometry":{"type":"Point","coordinates":[69.6037303,42.3234354]},"properties":{"city":"shymkent","overture_id":"0db81dae-c77b-4cae-b512-c7c743dc910d","overture_version":1,"sources":[{"property":"","dataset":"OpenStreetMap","license":"ODbL-1.0","record_id":"n3754235183@1","update_time":"2015-09-22T10:11:34Z","confidence":null,"between":null,"provider":"osm","resource":"planet","version":"2026-09-09"}],"k10_inside_bbox":true}},{"type":"Feature","id":"0e511dd0-2f5d-4fbc-bf93-644f83b82fd9","geometry":{"type":"Point","coordinates":[69.6026585,42.341864]},"properties":{"city":"shymkent","overture_id":"0e511dd0-2f5d-4fbc-bf93-644f83b82fd9","overture_version":1,"sources":[{"property":"","dataset":"OpenStreetMap","license":"ODbL-1.0","record_id":"n11929131778@1","update_time":"2024-05-23T18:00:15Z","confidence":null,"between":null,"provider":"osm","resource":"planet","version":"2026-09-09"}],"k10_inside_bbox":false}},{"type":"Feature","id":"0ea300cf-c8d6-41a5-8fc1-8f4e96c72af2","geometry":{"type":"Point","coordinates":[69.5945285,42.319713]},"properties":{"city":"shymkent","overture_id":"0ea300cf-c8d6-41a5-8fc1-8f4e96c72af2","overture_version":1,"sources":[{"property":"","dataset":"OpenStreetMap","license":"ODbL-1.0","record_id":"n10731921358@2","update_time":"2025-07-01T10:47:55Z","confidence":null,"between":null,"provider":"osm","resource":"planet","version":"2026-09-09"}],"k10_inside_bbox":true}},{"type":"Feature","id":"0ebe2671-9baf-47b6-b5e7-048dede4f029","geometry":{"type":"Point","coordinates":[69.5980838,42.3209805]},"properties":{"city":"shymkent","overture_id":"0ebe2671-9baf-47b6-b5e7-048dede4f029","overture_version":1,"sources":[{"property":"","dataset":"OpenStreetMap","license":"ODbL-1.0","record_id":"n1238218298@5","update_time":"2011-09-12T12:02:26Z","confidence":null,"between":null,"provider":"osm","resource":"planet","version":"2026-09-09"}],"k10_inside_bbox":true}},{"type":"Feature","id":"0ec3eecf-d9fa-4519-aeaa-49e2811063aa","geometry":{"type":"Point","coordinates":[69.6034193,42.3128733]},"properties":{"city":"shymkent","overture_id":"0ec3eecf-d9fa-4519-aeaa-49e2811063aa","overture_version":1,"sources":[{"property":"","dataset":"OpenStreetMap","license":"ODbL-1.0","record_id":"n1326355079@1","update_time":"2011-06-15T12:36:41Z","confidence":null,"between":null,"provider":"osm","resource":"planet","version":"2026-09-09"}],"k10_inside_bbox":true}},{"type":"Feature","id":"0ec55f9d-f968-4f2c-82c0-cd0076400144","geometry":{"type":"Point","coordinates":[69.5953463,42.3136012]},"properties":{"city":"shymkent","overture_id":"0ec55f9d-f968-4f2c-82c0-cd0076400144","overture_version":2,"sources":[{"property":"","dataset":"OpenStreetMap","license":"ODbL-1.0","record_id":"n9351889516@5","update_time":"2025-06-26T12:40:50Z","confidence":null,"between":null,"provider":"osm","resource":"planet","version":"2026-09-09"}],"k10_inside_bbox":true}},{"type":"Feature","id":"0ed8f1b3-ed59-4f88-bcc1-7206fbce7433","geometry":{"type":"Point","coordinates":[69.6155092,42.3065406]},"properties":{"city":"shymkent","overture_id":"0ed8f1b3-ed59-4f88-bcc1-7206fbce7433","overture_version":1,"sources":[{"property":"","dataset":"OpenStreetMap","license":"ODbL-1.0","record_id":"n1252591959@2","update_time":"2023-09-15T06:49:34Z","confidence":null,"between":null,"provider":"osm","resource":"planet","version":"2026-09-09"}],"k10_inside_bbox":false}},{"type":"Feature","id":"0f006b20-4af6-4df5-98f5-c932035c3f9b","geometry":{"type":"Point","coordinates":[69.6051762,42.3123753]},"properties":{"city":"shymkent","overture_id":"0f006b20-4af6-4df5-98f5-c932035c3f9b","overture_version":1,"sources":[{"property":"","dataset":"OpenStreetMap","license":"ODbL-1.0","record_id":"n1326354900@1","update_time":"2011-06-15T12:36:36Z","confidence":null,"between":null,"provider":"osm","resource":"planet","version":"2026-09-09"}],"k10_inside_bbox":true}},{"type":"Feature","id":"0f3be7e3-d95f-4b13-89b4-388aee609911","geometry":{"type":"Point","coordinates":[69.6033659,42.3132243]},"properties":{"city":"shymkent","overture_id":"0f3be7e3-d95f-4b13-89b4-388aee609911","overture_version":1,"sources":[{"property":"","dataset":"OpenStreetMap","license":"ODbL-1.0","record_id":"n1326355131@1","update_time":"2011-06-15T12:36:42Z","confidence":null,"between":null,"provider":"osm","resource":"planet","version":"2026-09-09"}],"k10_inside_bbox":true}},{"type":"Feature","id":"0f44c6fd-ee96-4553-9c67-96fd7a1e98f2","geometry":{"type":"Point","coordinates":[69.5988634,42.3126171]},"properties":{"city":"shymkent","overture_id":"0f44c6fd-ee96-4553-9c67-96fd7a1e98f2","overture_version":1,"sources":[{"property":"","dataset":"OpenStreetMap","license":"ODbL-1.0","record_id":"n13111944213@1","update_time":"2025-09-01T08:58:25Z","confidence":null,"between":null,"provider":"osm","resource":"planet","version":"2026-09-09"}],"k10_inside_bbox":true}},{"type":"Feature","id":"0f4b5b4c-32a1-4a3d-b6ff-19bca6fe7128","geometry":{"type":"Point","coordinates":[69.5941525,42.3218131]},"properties":{"city":"shymkent","overture_id":"0f4b5b4c-32a1-4a3d-b6ff-19bca6fe7128","overture_version":1,"sources":[{"property":"","dataset":"OpenStreetMap","license":"ODbL-1.0","record_id":"n11934561868@1","update_time":"2024-05-26T08:47:45Z","confidence":null,"between":null,"provider":"osm","resource":"planet","version":"2026-09-09"}],"k10_inside_bbox":true}},{"type":"Feature","id":"0f80c99c-0852-4ad1-ab84-12ce43d5cd51","geometry":{"type":"Point","coordinates":[69.5927229,42.3164831]},"properties":{"city":"shymkent","overture_id":"0f80c99c-0852-4ad1-ab84-12ce43d5cd51","overture_version":1,"sources":[{"property":"","dataset":"OpenStreetMap","license":"ODbL-1.0","record_id":"n1236371206@9","update_time":"2025-05-01T18:11:39Z","confidence":null,"between":null,"provider":"osm","resource":"planet","version":"2026-09-09"}],"k10_inside_bbox":false}},{"type":"Feature","id":"0f92a851-099b-410f-a72a-f00a73283e2b","geometry":{"type":"Point","coordinates":[69.6109359,42.3050878]},"properties":{"city":"shymkent","overture_id":"0f92a851-099b-410f-a72a-f00a73283e2b","overture_version":1,"sources":[{"property":"","dataset":"OpenStreetMap","license":"ODbL-1.0","record_id":"n4335000487@3","update_time":"2023-08-09T09:17:39Z","confidence":null,"between":null,"provider":"osm","resource":"planet","version":"2026-09-09"}],"k10_inside_bbox":false}},{"type":"Feature","id":"101778c4-a1bc-4624-ba6c-c9601f9c7e88","geometry":{"type":"Point","coordinates":[69.6022474,42.3140545]},"properties":{"city":"shymkent","overture_id":"101778c4-a1bc-4624-ba6c-c9601f9c7e88","overture_version":1,"sources":[{"property":"","dataset":"OpenStreetMap","license":"ODbL-1.0","record_id":"n12159442971@3","update_time":"2026-05-27T17:08:16Z","confidence":null,"between":null,"provider":"osm","resource":"planet","version":"2026-09-09"}],"k10_inside_bbox":true}},{"type":"Feature","id":"1024fec2-9abe-4eb7-b19b-1570b2dec56b","geometry":{"type":"Point","coordinates":[69.607098,42.3218766]},"properties":{"city":"shymkent","overture_id":"1024fec2-9abe-4eb7-b19b-1570b2dec56b","overture_version":1,"sources":[{"property":"","dataset":"OpenStreetMap","license":"ODbL-1.0","record_id":"n10755269273@1","update_time":"2023-03-23T06:02:04Z","confidence":null,"between":null,"provider":"osm","resource":"planet","version":"2026-09-09"}],"k10_inside_bbox":true}},{"type":"Feature","id":"1026bedb-7dc8-449e-89a4-1887301abf25","geometry":{"type":"Point","coordinates":[69.6177869,42.3230966]},"properties":{"city":"shymkent","overture_id":"1026bedb-7dc8-449e-89a4-1887301abf25","overture_version":1,"sources":[{"property":"","dataset":"OpenStreetMap","license":"ODbL-1.0","record_id":"n2576623402@2","update_time":"2018-07-02T17:04:53Z","confidence":null,"between":null,"provider":"osm","resource":"planet","version":"2026-09-09"}],"k10_inside_bbox":false}},{"type":"Feature","id":"104a0842-0134-46eb-b7e6-63c3b24378dd","geometry":{"type":"Point","coordinates":[69.5929979,42.3164293]},"properties":{"city":"shymkent","overture_id":"104a0842-0134-46eb-b7e6-63c3b24378dd","overture_version":1,"sources":[{"property":"","dataset":"OpenStreetMap","license":"ODbL-1.0","record_id":"n2262687397@3","update_time":"2023-11-30T17:33:43Z","confidence":null,"between":null,"provider":"osm","resource":"planet","version":"2026-09-09"}],"k10_inside_bbox":false}},{"type":"Feature","id":"10857e02-7680-4dc2-bcc0-f0a550051bed","geometry":{"type":"Point","coordinates":[69.5962798,42.3203799]},"properties":{"city":"shymkent","overture_id":"10857e02-7680-4dc2-bcc0-f0a550051bed","overture_version":1,"sources":[{"property":"","dataset":"OpenStreetMap","license":"ODbL-1.0","record_id":"n10731921349@1","update_time":"2023-03-13T03:38:15Z","confidence":null,"between":null,"provider":"osm","resource":"planet","version":"2026-09-09"}],"k10_inside_bbox":true}},{"type":"Feature","id":"10c86825-448b-4f18-a8d0-399dac4e3a79","geometry":{"type":"Point","coordinates":[69.6019199,42.3134306]},"properties":{"city":"shymkent","overture_id":"10c86825-448b-4f18-a8d0-399dac4e3a79","overture_version":1,"sources":[{"property":"","dataset":"OpenStreetMap","license":"ODbL-1.0","record_id":"n11384193182@2","update_time":"2024-09-05T07:06:14Z","confidence":null,"between":null,"provider":"osm","resource":"planet","version":"2026-09-09"}],"k10_inside_bbox":true}},{"type":"Feature","id":"10ed25c4-e004-4c5e-9305-fdb253090880","geometry":{"type":"Point","coordinates":[69.6145365,42.3141118]},"properties":{"city":"shymkent","overture_id":"10ed25c4-e004-4c5e-9305-fdb253090880","overture_version":1,"sources":[{"property":"","dataset":"OpenStreetMap","license":"ODbL-1.0","record_id":"n10975610444@1","update_time":"2023-06-14T02:18:44Z","confidence":null,"between":null,"provider":"osm","resource":"planet","version":"2026-09-09"}],"k10_inside_bbox":true}},{"type":"Feature","id":"10fd6239-27fd-430d-a88b-e99bcbfdc1ef","geometry":{"type":"Point","coordinates":[69.5982851,42.3097353]},"properties":{"city":"shymkent","overture_id":"10fd6239-27fd-430d-a88b-e99bcbfdc1ef","overture_version":1,"sources":[{"property":"","dataset":"OpenStreetMap","license":"ODbL-1.0","record_id":"n13111925198@1","update_time":"2025-09-01T08:58:25Z","confidence":null,"between":null,"provider":"osm","resource":"planet","version":"2026-09-09"}],"k10_inside_bbox":true}},{"type":"Feature","id":"11072fa7-6624-4009-85f5-1a1ca5b47e8a","geometry":{"type":"Point","coordinates":[69.6057376,42.3127644]},"properties":{"city":"shymkent","overture_id":"11072fa7-6624-4009-85f5-1a1ca5b47e8a","overture_version":1,"sources":[{"property":"","dataset":"OpenStreetMap","license":"ODbL-1.0","record_id":"n1326355676@1","update_time":"2011-06-15T12:37:03Z","confidence":null,"between":null,"provider":"osm","resource":"planet","version":"2026-09-09"}],"k10_inside_bbox":true}},{"type":"Feature","id":"11379e8e-8ee7-4a40-b07b-513eb6d2654e","geometry":{"type":"Point","coordinates":[69.6168175,42.3064676]},"properties":{"city":"shymkent","overture_id":"11379e8e-8ee7-4a40-b07b-513eb6d2654e","overture_version":1,"sources":[{"property":"","dataset":"OpenStreetMap","license":"ODbL-1.0","record_id":"n11192558425@1","update_time":"2023-09-15T06:49:34Z","confidence":null,"between":null,"provider":"osm","resource":"planet","version":"2026-09-09"}],"k10_inside_bbox":false}},{"type":"Feature","id":"113df508-0de3-4adf-a2f9-0e347bd3db29","geometry":{"type":"Point","coordinates":[69.6005078,42.3169567]},"properties":{"city":"shymkent","overture_id":"113df508-0de3-4adf-a2f9-0e347bd3db29","overture_version":1,"sources":[{"property":"","dataset":"OpenStreetMap","license":"ODbL-1.0","record_id":"n8069579696@1","update_time":"2020-10-31T19:30:44Z","confidence":null,"between":null,"provider":"osm","resource":"planet","version":"2026-09-09"}],"k10_inside_bbox":true}},{"type":"Feature","id":"1148aba8-843a-4077-be2d-bfe5ab58f315","geometry":{"type":"Point","coordinates":[69.5992231,42.3094391]},"properties":{"city":"shymkent","overture_id":"1148aba8-843a-4077-be2d-bfe5ab58f315","overture_version":1,"sources":[{"property":"","dataset":"OpenStreetMap","license":"ODbL-1.0","record_id":"n9273523815@1","update_time":"2021-11-22T03:13:39Z","confidence":null,"between":null,"provider":"osm","resource":"planet","version":"2026-09-09"}],"k10_inside_bbox":true}},{"type":"Feature","id":"114ce558-ad94-4606-82ae-9c8c3a36536a","geometry":{"type":"Point","coordinates":[69.5935987,42.3207048]},"properties":{"city":"shymkent","overture_id":"114ce558-ad94-4606-82ae-9c8c3a36536a","overture_version":2,"sources":[{"property":"","dataset":"OpenStreetMap","license":"ODbL-1.0","record_id":"n1323489669@3","update_time":"2026-05-19T13:56:14Z","confidence":null,"between":null,"provider":"osm","resource":"planet","version":"2026-09-09"}],"k10_inside_bbox":true}},{"type":"Feature","id":"11644b55-e8e5-4830-a4aa-921c17f8b278","geometry":{"type":"Point","coordinates":[69.6140862,42.3062101]},"properties":{"city":"shymkent","overture_id":"11644b55-e8e5-4830-a4aa-921c17f8b278","overture_version":1,"sources":[{"property":"","dataset":"OpenStreetMap","license":"ODbL-1.0","record_id":"n11384193487@1","update_time":"2023-11-29T17:35:01Z","confidence":null,"between":null,"provider":"osm","resource":"planet","version":"2026-09-09"}],"k10_inside_bbox":false}},{"type":"Feature","id":"116700ab-3453-49e4-a1f9-a4ce9cc8d940","geometry":{"type":"Point","coordinates":[69.608632,42.3151668]},"properties":{"city":"shymkent","overture_id":"116700ab-3453-49e4-a1f9-a4ce9cc8d940","overture_version":1,"sources":[{"property":"","dataset":"OpenStreetMap","license":"ODbL-1.0","record_id":"n11384193191@1","update_time":"2023-11-29T17:35:01Z","confidence":null,"between":null,"provider":"osm","resource":"planet","version":"2026-09-09"}],"k10_inside_bbox":true}},{"type":"Feature","id":"11761d2b-0fa3-4f94-8ee9-f02542d97ad7","geometry":{"type":"Point","coordinates":[69.6163917,42.3117464]},"properties":{"city":"shymkent","overture_id":"11761d2b-0fa3-4f94-8ee9-f02542d97ad7","overture_version":1,"sources":[{"property":"","dataset":"OpenStreetMap","license":"ODbL-1.0","record_id":"n11384193199@1","update_time":"2023-11-29T17:35:01Z","confidence":null,"between":null,"provider":"osm","resource":"planet","version":"2026-09-09"}],"k10_inside_bbox":true}},{"type":"Feature","id":"119b7e8c-56fc-4b5c-8604-9cc043d4996a","geometry":{"type":"Point","coordinates":[69.6151498,42.3191711]},"properties":{"city":"shymkent","overture_id":"119b7e8c-56fc-4b5c-8604-9cc043d4996a","overture_version":1,"sources":[{"property":"","dataset":"OpenStreetMap","license":"ODbL-1.0","record_id":"n5434930059@1","update_time":"2018-02-25T11:14:20Z","confidence":null,"between":null,"provider":"osm","resource":"planet","version":"2026-09-09"}],"k10_inside_bbox":true}},{"type":"Feature","id":"11c80ac8-96ad-4fa1-b5d9-cc2e14f2cefd","geometry":{"type":"Point","coordinates":[69.6088005,42.3181488]},"properties":{"city":"shymkent","overture_id":"11c80ac8-96ad-4fa1-b5d9-cc2e14f2cefd","overture_version":1,"sources":[{"property":"","dataset":"OpenStreetMap","license":"ODbL-1.0","record_id":"n11375783402@2","update_time":"2024-09-05T07:06:14Z","confidence":null,"between":null,"provider":"osm","resource":"planet","version":"2026-09-09"}],"k10_inside_bbox":true}},{"type":"Feature","id":"11d000d2-2b32-4a9d-9c06-cf15969c7e32","geometry":{"type":"Point","coordinates":[69.603337,42.3089998]},"properties":{"city":"shymkent","overture_id":"11d000d2-2b32-4a9d-9c06-cf15969c7e32","overture_version":1,"sources":[{"property":"","dataset":"OpenStreetMap","license":"ODbL-1.0","record_id":"n5402890551@3","update_time":"2024-09-11T10:11:56Z","confidence":null,"between":null,"provider":"osm","resource":"planet","version":"2026-09-09"}],"k10_inside_bbox":true}},{"type":"Feature","id":"122217db-40a4-40b2-84a8-e093130b8d68","geometry":{"type":"Point","coordinates":[69.6008795,42.3093169]},"properties":{"city":"shymkent","overture_id":"122217db-40a4-40b2-84a8-e093130b8d68","overture_version":2,"sources":[{"property":"","dataset":"OpenStreetMap","license":"ODbL-1.0","record_id":"n13308615969@1","update_time":"2025-11-16T17:33:45Z","confidence":null,"between":null,"provider":"osm","resource":"planet","version":"2026-09-09"}],"k10_inside_bbox":true}},{"type":"Feature","id":"1242317a-f7da-4b2c-866e-d5c17d545d1c","geometry":{"type":"Point","coordinates":[69.6010299,42.3065843]},"properties":{"city":"shymkent","overture_id":"1242317a-f7da-4b2c-866e-d5c17d545d1c","overture_version":1,"sources":[{"property":"","dataset":"OpenStreetMap","license":"ODbL-1.0","record_id":"n12828303717@1","update_time":"2025-05-11T12:15:36Z","confidence":null,"between":null,"provider":"osm","resource":"planet","version":"2026-09-09"}],"k10_inside_bbox":false}},{"type":"Feature","id":"1252b138-a20d-4040-8c31-9dab92504ad0","geometry":{"type":"Point","coordinates":[69.6010414,42.3099067]},"properties":{"city":"shymkent","overture_id":"1252b138-a20d-4040-8c31-9dab92504ad0","overture_version":1,"sources":[{"property":"","dataset":"OpenStreetMap","license":"ODbL-1.0","record_id":"n11094613307@1","update_time":"2023-08-07T01:05:08Z","confidence":null,"between":null,"provider":"osm","resource":"planet","version":"2026-09-09"}],"k10_inside_bbox":true}},{"type":"Feature","id":"12d1cb13-cfbe-40f5-8926-fe63711e0289","geometry":{"type":"Point","coordinates":[69.5955135,42.3248041]},"properties":{"city":"shymkent","overture_id":"12d1cb13-cfbe-40f5-8926-fe63711e0289","overture_version":1,"sources":[{"property":"","dataset":"OpenStreetMap","license":"ODbL-1.0","record_id":"n12809848386@1","update_time":"2025-05-04T16:15:20Z","confidence":null,"between":null,"provider":"osm","resource":"planet","version":"2026-09-09"}],"k10_inside_bbox":false}},{"type":"Feature","id":"12fc418c-f103-45fb-b3f0-b97cd7ec655a","geometry":{"type":"Point","coordinates":[69.5936983,42.319539]},"properties":{"city":"shymkent","overture_id":"12fc418c-f103-45fb-b3f0-b97cd7ec655a","overture_version":1,"sources":[{"property":"","dataset":"OpenStreetMap","license":"ODbL-1.0","record_id":"n1437656061@1","update_time":"2011-09-19T18:13:22Z","confidence":null,"between":null,"provider":"osm","resource":"planet","version":"2026-09-09"}],"k10_inside_bbox":true}},{"type":"Feature","id":"133631f1-e480-4bfa-8252-19c892f3ba7d","geometry":{"type":"Point","coordinates":[69.6038125,42.3113602]},"properties":{"city":"shymkent","overture_id":"133631f1-e480-4bfa-8252-19c892f3ba7d","overture_version":1,"sources":[{"property":"","dataset":"OpenStreetMap","license":"ODbL-1.0","record_id":"n5946672145@3","update_time":"2026-05-27T18:04:03Z","confidence":null,"between":null,"provider":"osm","resource":"planet","version":"2026-09-09"}],"k10_inside_bbox":true}},{"type":"Feature","id":"1360a6ec-e62c-49b6-9eba-d3302e965024","geometry":{"type":"Point","coordinates":[69.6002354,42.3195508]},"properties":{"city":"shymkent","overture_id":"1360a6ec-e62c-49b6-9eba-d3302e965024","overture_version":1,"sources":[{"property":"","dataset":"OpenStreetMap","license":"ODbL-1.0","record_id":"n11287899519@2","update_time":"2023-11-25T18:49:10Z","confidence":null,"between":null,"provider":"osm","resource":"planet","version":"2026-09-09"}],"k10_inside_bbox":true}},{"type":"Feature","id":"136f2cc3-1ab7-48fe-9a71-67781e678d4a","geometry":{"type":"Point","coordinates":[69.6094491,42.3100705]},"properties":{"city":"shymkent","overture_id":"136f2cc3-1ab7-48fe-9a71-67781e678d4a","overture_version":1,"sources":[{"property":"","dataset":"OpenStreetMap","license":"ODbL-1.0","record_id":"n1430891759@1","update_time":"2011-09-12T12:01:56Z","confidence":null,"between":null,"provider":"osm","resource":"planet","version":"2026-09-09"}],"k10_inside_bbox":true}},{"type":"Feature","id":"13cfcc4a-ec3b-4f76-8ff1-378e08ce5ed4","geometry":{"type":"Point","coordinates":[69.6057183,42.3164209]},"properties":{"city":"shymkent","overture_id":"13cfcc4a-ec3b-4f76-8ff1-378e08ce5ed4","overture_version":1,"sources":[{"property":"","dataset":"OpenStreetMap","license":"ODbL-1.0","record_id":"n1240512355@4","update_time":"2020-11-24T07:57:44Z","confidence":null,"between":null,"provider":"osm","resource":"planet","version":"2026-09-09"}],"k10_inside_bbox":true}},{"type":"Feature","id":"13de7bd8-df6a-4f4a-96d4-921deca343db","geometry":{"type":"Point","coordinates":[69.6028753,42.311065]},"properties":{"city":"shymkent","overture_id":"13de7bd8-df6a-4f4a-96d4-921deca343db","overture_version":2,"sources":[{"property":"","dataset":"OpenStreetMap","license":"ODbL-1.0","record_id":"n12818487781@2","update_time":"2026-05-27T18:04:03Z","confidence":null,"between":null,"provider":"osm","resource":"planet","version":"2026-09-09"}],"k10_inside_bbox":true}},{"type":"Feature","id":"13e3ce44-eac9-4e9a-83c4-507ef451ec59","geometry":{"type":"Point","coordinates":[69.595247,42.3148016]},"properties":{"city":"shymkent","overture_id":"13e3ce44-eac9-4e9a-83c4-507ef451ec59","overture_version":1,"sources":[{"property":"","dataset":"OpenStreetMap","license":"ODbL-1.0","record_id":"n11922759574@2","update_time":"2025-06-12T10:08:23Z","confidence":null,"between":null,"provider":"osm","resource":"planet","version":"2026-09-09"}],"k10_inside_bbox":true}},{"type":"Feature","id":"1406f144-0092-42ac-ac3c-50a29d0e0f03","geometry":{"type":"Point","coordinates":[69.6057655,42.3052357]},"properties":{"city":"shymkent","overture_id":"1406f144-0092-42ac-ac3c-50a29d0e0f03","overture_version":4,"sources":[{"property":"","dataset":"OpenStreetMap","license":"ODbL-1.0","record_id":"n10157490919@3","update_time":"2025-11-17T18:46:06Z","confidence":null,"between":null,"provider":"osm","resource":"planet","version":"2026-09-09"}],"k10_inside_bbox":false}},{"type":"Feature","id":"14077fec-9293-4746-aa60-dc7b281c43b7","geometry":{"type":"Point","coordinates":[69.6081833,42.3112618]},"properties":{"city":"shymkent","overture_id":"14077fec-9293-4746-aa60-dc7b281c43b7","overture_version":1,"sources":[{"property":"","dataset":"OpenStreetMap","license":"ODbL-1.0","record_id":"n5492614953@1","update_time":"2018-03-21T04:43:48Z","confidence":null,"between":null,"provider":"osm","resource":"planet","version":"2026-09-09"}],"k10_inside_bbox":true}},{"type":"Feature","id":"14270a86-fb98-4797-b6a8-eff7246abe7f","geometry":{"type":"Point","coordinates":[69.5952836,42.3129052]},"properties":{"city":"shymkent","overture_id":"14270a86-fb98-4797-b6a8-eff7246abe7f","overture_version":1,"sources":[{"property":"","dataset":"OpenStreetMap","license":"ODbL-1.0","record_id":"n11922797715@1","update_time":"2024-05-21T17:19:54Z","confidence":null,"between":null,"provider":"osm","resource":"planet","version":"2026-09-09"}],"k10_inside_bbox":true}},{"type":"Feature","id":"142ed1d7-84c3-44be-9ae2-3469d240c7c7","geometry":{"type":"Point","coordinates":[69.5950464,42.3122229]},"properties":{"city":"shymkent","overture_id":"142ed1d7-84c3-44be-9ae2-3469d240c7c7","overture_version":2,"sources":[{"property":"","dataset":"OpenStreetMap","license":"ODbL-1.0","record_id":"n11922759630@2","update_time":"2025-06-19T02:53:15Z","confidence":null,"between":null,"provider":"osm","resource":"planet","version":"2026-09-09"}],"k10_inside_bbox":true}},{"type":"Feature","id":"1479e67c-45ff-4c51-888e-5247a1463bec","geometry":{"type":"Point","coordinates":[69.6064619,42.3093177]},"properties":{"city":"shymkent","overture_id":"1479e67c-45ff-4c51-888e-5247a1463bec","overture_version":1,"sources":[{"property":"","dataset":"OpenStreetMap","license":"ODbL-1.0","record_id":"n13748669708@1","update_time":"2026-04-21T12:45:33Z","confidence":null,"between":null,"provider":"osm","resource":"planet","version":"2026-09-09"}],"k10_inside_bbox":true}},{"type":"Feature","id":"14d6079f-cd03-48e8-8cfd-17dc03034d9d","geometry":{"type":"Point","coordinates":[69.5979104,42.306206]},"properties":{"city":"shymkent","overture_id":"14d6079f-cd03-48e8-8cfd-17dc03034d9d","overture_version":1,"sources":[{"property":"","dataset":"OpenStreetMap","license":"ODbL-1.0","record_id":"n1804778451@2","update_time":"2023-08-27T16:41:50Z","confidence":null,"between":null,"provider":"osm","resource":"planet","version":"2026-09-09"}],"k10_inside_bbox":false}},{"type":"Feature","id":"14d8fe3b-0b3a-4e10-9387-7c08b4eca6e0","geometry":{"type":"Point","coordinates":[69.5939736,42.3218534]},"properties":{"city":"shymkent","overture_id":"14d8fe3b-0b3a-4e10-9387-7c08b4eca6e0","overture_version":1,"sources":[{"property":"","dataset":"OpenStreetMap","license":"ODbL-1.0","record_id":"n11934561865@1","update_time":"2024-05-26T08:47:45Z","confidence":null,"between":null,"provider":"osm","resource":"planet","version":"2026-09-09"}],"k10_inside_bbox":true}},{"type":"Feature","id":"14df6fd6-0e97-4e32-9cfa-ff58a94a6a53","geometry":{"type":"Point","coordinates":[69.6094804,42.3182681]},"properties":{"city":"shymkent","overture_id":"14df6fd6-0e97-4e32-9cfa-ff58a94a6a53","overture_version":1,"sources":[{"property":"","dataset":"OpenStreetMap","license":"ODbL-1.0","record_id":"n11375783499@1","update_time":"2023-11-25T18:49:10Z","confidence":null,"between":null,"provider":"osm","resource":"planet","version":"2026-09-09"}],"k10_inside_bbox":true}},{"type":"Feature","id":"1526f9d6-b10f-4d39-bd91-a0b852567c07","geometry":{"type":"Point","coordinates":[69.6099517,42.3071713]},"properties":{"city":"shymkent","overture_id":"1526f9d6-b10f-4d39-bd91-a0b852567c07","overture_version":1,"sources":[{"property":"","dataset":"OpenStreetMap","license":"ODbL-1.0","record_id":"n6190366402@2","update_time":"2023-08-23T12:50:54Z","confidence":null,"between":null,"provider":"osm","resource":"planet","version":"2026-09-09"}],"k10_inside_bbox":true}},{"type":"Feature","id":"153e32c5-3fec-447e-ab11-0e228160c3d7","geometry":{"type":"Point","coordinates":[69.6063629,42.3017327]},"properties":{"city":"shymkent","overture_id":"153e32c5-3fec-447e-ab11-0e228160c3d7","overture_version":1,"sources":[{"property":"","dataset":"OpenStreetMap","license":"ODbL-1.0","record_id":"n3901010883@3","update_time":"2016-07-24T13:59:53Z","confidence":null,"between":null,"provider":"osm","resource":"planet","version":"2026-09-09"}],"k10_inside_bbox":false}},{"type":"Feature","id":"155fefce-16e2-4c0b-b669-b6297bb229ef","geometry":{"type":"Point","coordinates":[69.6005692,42.3174732]},"properties":{"city":"shymkent","overture_id":"155fefce-16e2-4c0b-b669-b6297bb229ef","overture_version":1,"sources":[{"property":"","dataset":"OpenStreetMap","license":"ODbL-1.0","record_id":"n8069579697@1","update_time":"2020-10-31T19:30:44Z","confidence":null,"between":null,"provider":"osm","resource":"planet","version":"2026-09-09"}],"k10_inside_bbox":true}},{"type":"Feature","id":"15620155-696d-4753-9bcd-9b0bfdda2c31","geometry":{"type":"Point","coordinates":[69.6177991,42.3134891]},"properties":{"city":"shymkent","overture_id":"15620155-696d-4753-9bcd-9b0bfdda2c31","overture_version":1,"sources":[{"property":"","dataset":"OpenStreetMap","license":"ODbL-1.0","record_id":"n8167838396@1","update_time":"2020-11-26T12:40:56Z","confidence":null,"between":null,"provider":"osm","resource":"planet","version":"2026-09-09"}],"k10_inside_bbox":false}},{"type":"Feature","id":"15727245-0f99-4181-950e-a9f518d4e850","geometry":{"type":"Point","coordinates":[69.6111158,42.3119463]},"properties":{"city":"shymkent","overture_id":"15727245-0f99-4181-950e-a9f518d4e850","overture_version":1,"sources":[{"property":"","dataset":"OpenStreetMap","license":"ODbL-1.0","record_id":"n8219147825@1","update_time":"2020-12-11T10:18:50Z","confidence":null,"between":null,"provider":"osm","resource":"planet","version":"2026-09-09"}],"k10_inside_bbox":true}},{"type":"Feature","id":"157a3d6b-c9b3-463e-970c-a69ef75bb914","geometry":{"type":"Point","coordinates":[69.5981145,42.3182676]},"properties":{"city":"shymkent","overture_id":"157a3d6b-c9b3-463e-970c-a69ef75bb914","overture_version":1,"sources":[{"property":"","dataset":"OpenStreetMap","license":"ODbL-1.0","record_id":"n12818515613@1","update_time":"2025-05-08T04:08:13Z","confidence":null,"between":null,"provider":"osm","resource":"planet","version":"2026-09-09"}],"k10_inside_bbox":true}},{"type":"Feature","id":"158e0f48-2d4a-44ce-97ba-71f8b0915033","geometry":{"type":"Point","coordinates":[69.5932817,42.3160315]},"properties":{"city":"shymkent","overture_id":"158e0f48-2d4a-44ce-97ba-71f8b0915033","overture_version":1,"sources":[{"property":"","dataset":"OpenStreetMap","license":"ODbL-1.0","record_id":"n12950993606@1","update_time":"2025-06-25T03:12:57Z","confidence":null,"between":null,"provider":"osm","resource":"planet","version":"2026-09-09"}],"k10_inside_bbox":false}},{"type":"Feature","id":"15bc132a-4d03-4911-b001-1831b2161b13","geometry":{"type":"Point","coordinates":[69.6174354,42.3085926]},"properties":{"city":"shymkent","overture_id":"15bc132a-4d03-4911-b001-1831b2161b13","overture_version":1,"sources":[{"property":"","dataset":"OpenStreetMap","license":"ODbL-1.0","record_id":"n11384193458@1","update_time":"2023-11-29T17:35:01Z","confidence":null,"between":null,"provider":"osm","resource":"planet","version":"2026-09-09"}],"k10_inside_bbox":true}},{"type":"Feature","id":"15d95fa1-bf2b-4bd0-92c0-446a8ed81b0f","geometry":{"type":"Point","coordinates":[69.6149516,42.3163718]},"properties":{"city":"shymkent","overture_id":"15d95fa1-bf2b-4bd0-92c0-446a8ed81b0f","overture_version":1,"sources":[{"property":"","dataset":"OpenStreetMap","license":"ODbL-1.0","record_id":"n5401348217@1","update_time":"2018-02-09T14:58:07Z","confidence":null,"between":null,"provider":"osm","resource":"planet","version":"2026-09-09"}],"k10_inside_bbox":true}},{"type":"Feature","id":"1607d8e7-3be8-4429-8a13-7ff8cdbe7fae","geometry":{"type":"Point","coordinates":[69.5960227,42.3180809]},"properties":{"city":"shymkent","overture_id":"1607d8e7-3be8-4429-8a13-7ff8cdbe7fae","overture_version":1,"sources":[{"property":"","dataset":"OpenStreetMap","license":"ODbL-1.0","record_id":"n1327212570@2","update_time":"2011-10-02T10:22:42Z","confidence":null,"between":null,"provider":"osm","resource":"planet","version":"2026-09-09"}],"k10_inside_bbox":true}},{"type":"Feature","id":"1664e4b9-2e65-40ce-90f7-375df11a8f6b","geometry":{"type":"Point","coordinates":[69.5957007,42.309189]},"properties":{"city":"shymkent","overture_id":"1664e4b9-2e65-40ce-90f7-375df11a8f6b","overture_version":1,"sources":[{"property":"","dataset":"OpenStreetMap","license":"ODbL-1.0","record_id":"n3737290110@1","update_time":"2015-09-10T11:12:33Z","confidence":null,"between":null,"provider":"osm","resource":"planet","version":"2026-09-09"}],"k10_inside_bbox":true}},{"type":"Feature","id":"16ac883e-87b9-4116-a5ef-2ad945a31684","geometry":{"type":"Point","coordinates":[69.605291,42.3155784]},"properties":{"city":"shymkent","overture_id":"16ac883e-87b9-4116-a5ef-2ad945a31684","overture_version":1,"sources":[{"property":"","dataset":"OpenStreetMap","license":"ODbL-1.0","record_id":"n11384193442@1","update_time":"2023-11-29T17:35:01Z","confidence":null,"between":null,"provider":"osm","resource":"planet","version":"2026-09-09"}],"k10_inside_bbox":true}},{"type":"Feature","id":"16c4a782-43be-4821-ba2b-847e0eece9d1","geometry":{"type":"Point","coordinates":[69.6068993,42.3174974]},"properties":{"city":"shymkent","overture_id":"16c4a782-43be-4821-ba2b-847e0eece9d1","overture_version":1,"sources":[{"property":"","dataset":"OpenStreetMap","license":"ODbL-1.0","record_id":"n11375783514@1","update_time":"2023-11-25T18:49:10Z","confidence":null,"between":null,"provider":"osm","resource":"planet","version":"2026-09-09"}],"k10_inside_bbox":true}},{"type":"Feature","id":"173b5597-b547-496a-93d4-c4f208f28c89","geometry":{"type":"Point","coordinates":[69.5937832,42.3211646]},"properties":{"city":"shymkent","overture_id":"173b5597-b547-496a-93d4-c4f208f28c89","overture_version":1,"sources":[{"property":"","dataset":"OpenStreetMap","license":"ODbL-1.0","record_id":"n4346752001@1","update_time":"2016-08-12T03:59:58Z","confidence":null,"between":null,"provider":"osm","resource":"planet","version":"2026-09-09"}],"k10_inside_bbox":true}},{"type":"Feature","id":"174baf4a-9f39-4985-b91e-2632763389aa","geometry":{"type":"Point","coordinates":[69.6015751,42.3093394]},"properties":{"city":"shymkent","overture_id":"174baf4a-9f39-4985-b91e-2632763389aa","overture_version":1,"sources":[{"property":"","dataset":"OpenStreetMap","license":"ODbL-1.0","record_id":"n11138860294@1","update_time":"2023-08-23T12:39:52Z","confidence":null,"between":null,"provider":"osm","resource":"planet","version":"2026-09-09"}],"k10_inside_bbox":true}},{"type":"Feature","id":"1778ab31-4c38-4749-8f90-b69d227eb703","geometry":{"type":"Point","coordinates":[69.6055655,42.312948]},"properties":{"city":"shymkent","overture_id":"1778ab31-4c38-4749-8f90-b69d227eb703","overture_version":1,"sources":[{"property":"","dataset":"OpenStreetMap","license":"ODbL-1.0","record_id":"n1326355326@2","update_time":"2011-09-06T11:47:57Z","confidence":null,"between":null,"provider":"osm","resource":"planet","version":"2026-09-09"}],"k10_inside_bbox":true}},{"type":"Feature","id":"1779e796-fde3-4a31-a059-fb86e78a12b5","geometry":{"type":"Point","coordinates":[69.5989709,42.3158648]},"properties":{"city":"shymkent","overture_id":"1779e796-fde3-4a31-a059-fb86e78a12b5","overture_version":1,"sources":[{"property":"","dataset":"OpenStreetMap","license":"ODbL-1.0","record_id":"n8069568502@1","update_time":"2020-10-31T19:30:44Z","confidence":null,"between":null,"provider":"osm","resource":"planet","version":"2026-09-09"}],"k10_inside_bbox":true}},{"type":"Feature","id":"17a25e79-b3a2-47e6-a663-afebbfaaef24","geometry":{"type":"Point","coordinates":[69.6040804,42.3131606]},"properties":{"city":"shymkent","overture_id":"17a25e79-b3a2-47e6-a663-afebbfaaef24","overture_version":1,"sources":[{"property":"","dataset":"OpenStreetMap","license":"ODbL-1.0","record_id":"n1340844810@1","update_time":"2011-06-27T06:44:49Z","confidence":null,"between":null,"provider":"osm","resource":"planet","version":"2026-09-09"}],"k10_inside_bbox":true}},{"type":"Feature","id":"17e87d29-5f3d-44e9-83af-da3b29778fed","geometry":{"type":"Point","coordinates":[69.5969228,42.3156185]},"properties":{"city":"shymkent","overture_id":"17e87d29-5f3d-44e9-83af-da3b29778fed","overture_version":1,"sources":[{"property":"","dataset":"OpenStreetMap","license":"ODbL-1.0","record_id":"n13108584027@1","update_time":"2025-08-30T11:58:58Z","confidence":null,"between":null,"provider":"osm","resource":"planet","version":"2026-09-09"}],"k10_inside_bbox":true}},{"type":"Feature","id":"187d7877-d665-49e5-8c99-a1abbdbe5542","geometry":{"type":"Point","coordinates":[69.6049038,42.3124044]},"properties":{"city":"shymkent","overture_id":"187d7877-d665-49e5-8c99-a1abbdbe5542","overture_version":1,"sources":[{"property":"","dataset":"OpenStreetMap","license":"ODbL-1.0","record_id":"n1326355413@2","update_time":"2011-09-06T11:47:57Z","confidence":null,"between":null,"provider":"osm","resource":"planet","version":"2026-09-09"}],"k10_inside_bbox":true}},{"type":"Feature","id":"188df9aa-6e2f-46b7-8b28-4c07cba360ff","geometry":{"type":"Point","coordinates":[69.597127,42.3182758]},"properties":{"city":"shymkent","overture_id":"188df9aa-6e2f-46b7-8b28-4c07cba360ff","overture_version":1,"sources":[{"property":"","dataset":"OpenStreetMap","license":"ODbL-1.0","record_id":"n1434183761@1","update_time":"2011-09-16T11:10:50Z","confidence":null,"between":null,"provider":"osm","resource":"planet","version":"2026-09-09"}],"k10_inside_bbox":true}},{"type":"Feature","id":"18947d61-98c8-4978-81f1-2523fa90940d","geometry":{"type":"Point","coordinates":[69.6122536,42.3205504]},"properties":{"city":"shymkent","overture_id":"18947d61-98c8-4978-81f1-2523fa90940d","overture_version":1,"sources":[{"property":"","dataset":"OpenStreetMap","license":"ODbL-1.0","record_id":"n9546591339@1","update_time":"2022-03-01T06:33:48Z","confidence":null,"between":null,"provider":"osm","resource":"planet","version":"2026-09-09"}],"k10_inside_bbox":true}},{"type":"Feature","id":"18b426b3-5650-4eb8-89ba-8f60e655b0aa","geometry":{"type":"Point","coordinates":[69.6001374,42.3162133]},"properties":{"city":"shymkent","overture_id":"18b426b3-5650-4eb8-89ba-8f60e655b0aa","overture_version":1,"sources":[{"property":"","dataset":"OpenStreetMap","license":"ODbL-1.0","record_id":"n8069568548@1","update_time":"2020-10-31T19:30:44Z","confidence":null,"between":null,"provider":"osm","resource":"planet","version":"2026-09-09"}],"k10_inside_bbox":true}},{"type":"Feature","id":"18e4d4b9-8635-42dd-a466-7f31dac76429","geometry":{"type":"Point","coordinates":[69.6120152,42.3082485]},"properties":{"city":"shymkent","overture_id":"18e4d4b9-8635-42dd-a466-7f31dac76429","overture_version":1,"sources":[{"property":"","dataset":"OpenStreetMap","license":"ODbL-1.0","record_id":null,"update_time":null,"confidence":null,"between":null,"provider":"osm","resource":"planet","version":"2026-09-09"}],"k10_inside_bbox":true}},{"type":"Feature","id":"19101b8d-8cd3-44d1-9960-687f0b14efd5","geometry":{"type":"Point","coordinates":[69.6051789,42.320941]},"properties":{"city":"shymkent","overture_id":"19101b8d-8cd3-44d1-9960-687f0b14efd5","overture_version":1,"sources":[{"property":"","dataset":"OpenStreetMap","license":"ODbL-1.0","record_id":"n4329349136@1","update_time":"2016-07-31T12:08:14Z","confidence":null,"between":null,"provider":"osm","resource":"planet","version":"2026-09-09"}],"k10_inside_bbox":true}},{"type":"Feature","id":"191f678c-a093-4175-8ec4-f4f01e92e32c","geometry":{"type":"Point","coordinates":[69.6066928,42.3169994]},"properties":{"city":"shymkent","overture_id":"191f678c-a093-4175-8ec4-f4f01e92e32c","overture_version":1,"sources":[{"property":"","dataset":"OpenStreetMap","license":"ODbL-1.0","record_id":"n11375783513@1","update_time":"2023-11-25T18:49:10Z","confidence":null,"between":null,"provider":"osm","resource":"planet","version":"2026-09-09"}],"k10_inside_bbox":true}},{"type":"Feature","id":"195954a8-ed80-4918-b45f-82c5d169d001","geometry":{"type":"Point","coordinates":[69.6122052,42.3159748]},"properties":{"city":"shymkent","overture_id":"195954a8-ed80-4918-b45f-82c5d169d001","overture_version":1,"sources":[{"property":"","dataset":"OpenStreetMap","license":"ODbL-1.0","record_id":"n1848705366@1","update_time":"2012-08-02T17:18:45Z","confidence":null,"between":null,"provider":"osm","resource":"planet","version":"2026-09-09"}],"k10_inside_bbox":true}},{"type":"Feature","id":"19a57837-1f52-4b7d-8242-27c4147feeff","geometry":{"type":"Point","coordinates":[69.6026963,42.3127629]},"properties":{"city":"shymkent","overture_id":"19a57837-1f52-4b7d-8242-27c4147feeff","overture_version":1,"sources":[{"property":"","dataset":"OpenStreetMap","license":"ODbL-1.0","record_id":"n11384193167@1","update_time":"2023-11-29T17:35:01Z","confidence":null,"between":null,"provider":"osm","resource":"planet","version":"2026-09-09"}],"k10_inside_bbox":true}},{"type":"Feature","id":"19bf314f-81e5-4c3f-bf8a-e4d210078b9f","geometry":{"type":"Point","coordinates":[69.6068118,42.3144551]},"properties":{"city":"shymkent","overture_id":"19bf314f-81e5-4c3f-bf8a-e4d210078b9f","overture_version":1,"sources":[{"property":"","dataset":"OpenStreetMap","license":"ODbL-1.0","record_id":"n11384193425@1","update_time":"2023-11-29T17:35:01Z","confidence":null,"between":null,"provider":"osm","resource":"planet","version":"2026-09-09"}],"k10_inside_bbox":true}},{"type":"Feature","id":"19ce5376-eb43-4420-b3ca-19f93e73f479","geometry":{"type":"Point","coordinates":[69.5982275,42.3092425]},"properties":{"city":"shymkent","overture_id":"19ce5376-eb43-4420-b3ca-19f93e73f479","overture_version":1,"sources":[{"property":"","dataset":"OpenStreetMap","license":"ODbL-1.0","record_id":"n13852387759@1","update_time":"2026-05-20T11:46:55Z","confidence":null,"between":null,"provider":"osm","resource":"planet","version":"2026-09-09"}],"k10_inside_bbox":true}},{"type":"Feature","id":"1a0d745b-8d55-4030-a28a-5ec36f491702","geometry":{"type":"Point","coordinates":[69.6068925,42.3137662]},"properties":{"city":"shymkent","overture_id":"1a0d745b-8d55-4030-a28a-5ec36f491702","overture_version":1,"sources":[{"property":"","dataset":"OpenStreetMap","license":"ODbL-1.0","record_id":"n11384193277@2","update_time":"2024-09-05T07:06:14Z","confidence":null,"between":null,"provider":"osm","resource":"planet","version":"2026-09-09"}],"k10_inside_bbox":true}},{"type":"Feature","id":"1a152148-92bf-4bfb-997c-aad69fdf3ef7","geometry":{"type":"Point","coordinates":[69.6101718,42.3098917]},"properties":{"city":"shymkent","overture_id":"1a152148-92bf-4bfb-997c-aad69fdf3ef7","overture_version":1,"sources":[{"property":"","dataset":"OpenStreetMap","license":"ODbL-1.0","record_id":"n1430891748@1","update_time":"2011-09-12T12:01:56Z","confidence":null,"between":null,"provider":"osm","resource":"planet","version":"2026-09-09"}],"k10_inside_bbox":true}},{"type":"Feature","id":"1a15d9ee-9409-4408-8553-f53765ae30e4","geometry":{"type":"Point","coordinates":[69.6089921,42.3139285]},"properties":{"city":"shymkent","overture_id":"1a15d9ee-9409-4408-8553-f53765ae30e4","overture_version":1,"sources":[{"property":"","dataset":"OpenStreetMap","license":"ODbL-1.0","record_id":"n11384193414@1","update_time":"2023-11-29T17:35:01Z","confidence":null,"between":null,"provider":"osm","resource":"planet","version":"2026-09-09"}],"k10_inside_bbox":true}},{"type":"Feature","id":"1a1f9dfb-a5a8-464d-92c5-368a3bd24ac4","geometry":{"type":"Point","coordinates":[69.5940898,42.321913]},"properties":{"city":"shymkent","overture_id":"1a1f9dfb-a5a8-464d-92c5-368a3bd24ac4","overture_version":1,"sources":[{"property":"","dataset":"OpenStreetMap","license":"ODbL-1.0","record_id":"n1236371351@4","update_time":"2011-04-26T08:00:01Z","confidence":null,"between":null,"provider":"osm","resource":"planet","version":"2026-09-09"}],"k10_inside_bbox":true}},{"type":"Feature","id":"1a2ab297-f726-4688-81dd-d4c11aac3e3d","geometry":{"type":"Point","coordinates":[69.6092087,42.3163885]},"properties":{"city":"shymkent","overture_id":"1a2ab297-f726-4688-81dd-d4c11aac3e3d","overture_version":1,"sources":[{"property":"","dataset":"OpenStreetMap","license":"ODbL-1.0","record_id":"n11375783533@1","update_time":"2023-11-25T18:49:10Z","confidence":null,"between":null,"provider":"osm","resource":"planet","version":"2026-09-09"}],"k10_inside_bbox":true}},{"type":"Feature","id":"1a563cb2-da7d-4cdc-90c6-c201fdecb958","geometry":{"type":"Point","coordinates":[69.5938703,42.3080439]},"properties":{"city":"shymkent","overture_id":"1a563cb2-da7d-4cdc-90c6-c201fdecb958","overture_version":1,"sources":[{"property":"","dataset":"OpenStreetMap","license":"ODbL-1.0","record_id":"n11922788948@2","update_time":"2025-05-12T16:12:11Z","confidence":null,"between":null,"provider":"osm","resource":"planet","version":"2026-09-09"}],"k10_inside_bbox":true}},{"type":"Feature","id":"1a6b2caf-e09c-487e-9b3d-ed1def33d518","geometry":{"type":"Point","coordinates":[69.6012381,42.3070946]},"properties":{"city":"shymkent","overture_id":"1a6b2caf-e09c-487e-9b3d-ed1def33d518","overture_version":1,"sources":[{"property":"","dataset":"OpenStreetMap","license":"ODbL-1.0","record_id":"n1325964781@3","update_time":"2023-08-27T16:41:50Z","confidence":null,"between":null,"provider":"osm","resource":"planet","version":"2026-09-09"}],"k10_inside_bbox":true}},{"type":"Feature","id":"1ab15495-4f64-4f05-85b0-c3f1ac2d82b4","geometry":{"type":"Point","coordinates":[69.6099942,42.309514]},"properties":{"city":"shymkent","overture_id":"1ab15495-4f64-4f05-85b0-c3f1ac2d82b4","overture_version":1,"sources":[{"property":"","dataset":"OpenStreetMap","license":"ODbL-1.0","record_id":"n10142798734@1","update_time":"2022-10-31T12:08:23Z","confidence":null,"between":null,"provider":"osm","resource":"planet","version":"2026-09-09"}],"k10_inside_bbox":true}},{"type":"Feature","id":"1ab7e7c9-289a-48c1-8ec0-4bd6bbe13edf","geometry":{"type":"Point","coordinates":[69.6173161,42.3170068]},"properties":{"city":"shymkent","overture_id":"1ab7e7c9-289a-48c1-8ec0-4bd6bbe13edf","overture_version":1,"sources":[{"property":"","dataset":"OpenStreetMap","license":"ODbL-1.0","record_id":"n11375783378@1","update_time":"2023-11-25T18:49:10Z","confidence":null,"between":null,"provider":"osm","resource":"planet","version":"2026-09-09"}],"k10_inside_bbox":true}},{"type":"Feature","id":"1abe56f0-c9c4-4837-ab5d-e8b8b1e9f6a4","geometry":{"type":"Point","coordinates":[69.6003896,42.3210849]},"properties":{"city":"shymkent","overture_id":"1abe56f0-c9c4-4837-ab5d-e8b8b1e9f6a4","overture_version":1,"sources":[{"property":"","dataset":"OpenStreetMap","license":"ODbL-1.0","record_id":"n11375783457@1","update_time":"2023-11-25T18:49:10Z","confidence":null,"between":null,"provider":"osm","resource":"planet","version":"2026-09-09"}],"k10_inside_bbox":true}},{"type":"Feature","id":"1aecef17-6dd1-43ee-a291-94a53a6e609b","geometry":{"type":"Point","coordinates":[69.6146608,42.3156968]},"properties":{"city":"shymkent","overture_id":"1aecef17-6dd1-43ee-a291-94a53a6e609b","overture_version":1,"sources":[{"property":"","dataset":"OpenStreetMap","license":"ODbL-1.0","record_id":"n3730239631@1","update_time":"2015-09-05T07:10:31Z","confidence":null,"between":null,"provider":"osm","resource":"planet","version":"2026-09-09"}],"k10_inside_bbox":true}},{"type":"Feature","id":"1b3e8755-cd58-4277-852a-35bcfa45b592","geometry":{"type":"Point","coordinates":[69.5943476,42.3225201]},"properties":{"city":"shymkent","overture_id":"1b3e8755-cd58-4277-852a-35bcfa45b592","overture_version":1,"sources":[{"property":"","dataset":"OpenStreetMap","license":"ODbL-1.0","record_id":"n4336560964@1","update_time":"2016-08-05T06:46:24Z","confidence":null,"between":null,"provider":"osm","resource":"planet","version":"2026-09-09"}],"k10_inside_bbox":true}},{"type":"Feature","id":"1b8abab5-58d7-4c95-bb5c-47a92cb2322d","geometry":{"type":"Point","coordinates":[69.5938474,42.3211542]},"properties":{"city":"shymkent","overture_id":"1b8abab5-58d7-4c95-bb5c-47a92cb2322d","overture_version":1,"sources":[{"property":"","dataset":"OpenStreetMap","license":"ODbL-1.0","record_id":"n11943868734@1","update_time":"2024-05-30T03:46:23Z","confidence":null,"between":null,"provider":"osm","resource":"planet","version":"2026-09-09"}],"k10_inside_bbox":true}},{"type":"Feature","id":"1be61748-dd62-49e5-abce-161a95536866","geometry":{"type":"Point","coordinates":[69.5974267,42.3184289]},"properties":{"city":"shymkent","overture_id":"1be61748-dd62-49e5-abce-161a95536866","overture_version":1,"sources":[{"property":"","dataset":"OpenStreetMap","license":"ODbL-1.0","record_id":"n1434183765@1","update_time":"2011-09-16T11:10:51Z","confidence":null,"between":null,"provider":"osm","resource":"planet","version":"2026-09-09"}],"k10_inside_bbox":true}},{"type":"Feature","id":"1c0061fe-18ec-443c-b45a-211caf9d8180","geometry":{"type":"Point","coordinates":[69.5948583,42.3238395]},"properties":{"city":"shymkent","overture_id":"1c0061fe-18ec-443c-b45a-211caf9d8180","overture_version":1,"sources":[{"property":"","dataset":"OpenStreetMap","license":"ODbL-1.0","record_id":"n11929130954@1","update_time":"2024-05-23T18:00:15Z","confidence":null,"between":null,"provider":"osm","resource":"planet","version":"2026-09-09"}],"k10_inside_bbox":true}},{"type":"Feature","id":"1c230bd2-da7b-4fae-8996-30eac786ae8f","geometry":{"type":"Point","coordinates":[69.6034687,42.3072067]},"properties":{"city":"shymkent","overture_id":"1c230bd2-da7b-4fae-8996-30eac786ae8f","overture_version":2,"sources":[{"property":"","dataset":"OpenStreetMap","license":"ODbL-1.0","record_id":"n13311470432@1","update_time":"2025-11-17T18:46:06Z","confidence":null,"between":null,"provider":"osm","resource":"planet","version":"2026-09-09"}],"k10_inside_bbox":true}},{"type":"Feature","id":"1c2cf68f-b790-4cc2-905c-e9afe4fe74a6","geometry":{"type":"Point","coordinates":[69.6049465,42.3128205]},"properties":{"city":"shymkent","overture_id":"1c2cf68f-b790-4cc2-905c-e9afe4fe74a6","overture_version":1,"sources":[{"property":"","dataset":"OpenStreetMap","license":"ODbL-1.0","record_id":"n1326355630@2","update_time":"2011-09-06T11:47:59Z","confidence":null,"between":null,"provider":"osm","resource":"planet","version":"2026-09-09"}],"k10_inside_bbox":true}},{"type":"Feature","id":"1c4d7ab4-0419-4840-b5a0-b03739e53523","geometry":{"type":"Point","coordinates":[69.59982,42.3145445]},"properties":{"city":"shymkent","overture_id":"1c4d7ab4-0419-4840-b5a0-b03739e53523","overture_version":1,"sources":[{"property":"","dataset":"OpenStreetMap","license":"ODbL-1.0","record_id":"n12804572540@1","update_time":"2025-05-02T17:34:26Z","confidence":null,"between":null,"provider":"osm","resource":"planet","version":"2026-09-09"}],"k10_inside_bbox":true}},{"type":"Feature","id":"1c527d05-2c11-4fdc-a04f-601ae7a56154","geometry":{"type":"Point","coordinates":[69.5930765,42.3084605]},"properties":{"city":"shymkent","overture_id":"1c527d05-2c11-4fdc-a04f-601ae7a56154","overture_version":1,"sources":[{"property":"","dataset":"OpenStreetMap","license":"ODbL-1.0","record_id":"n12830873262@1","update_time":"2025-05-12T16:12:11Z","confidence":null,"between":null,"provider":"osm","resource":"planet","version":"2026-09-09"}],"k10_inside_bbox":false}},{"type":"Feature","id":"1c5c45e4-0a14-4a3b-bb54-057963e06067","geometry":{"type":"Point","coordinates":[69.5982197,42.3183777]},"properties":{"city":"shymkent","overture_id":"1c5c45e4-0a14-4a3b-bb54-057963e06067","overture_version":1,"sources":[{"property":"","dataset":"OpenStreetMap","license":"ODbL-1.0","record_id":"n11375783410@2","update_time":"2025-07-03T06:26:01Z","confidence":null,"between":null,"provider":"osm","resource":"planet","version":"2026-09-09"}],"k10_inside_bbox":true}},{"type":"Feature","id":"1c91a736-ef71-4390-a473-75f29bf66d22","geometry":{"type":"Point","coordinates":[69.602931,42.3155029]},"properties":{"city":"shymkent","overture_id":"1c91a736-ef71-4390-a473-75f29bf66d22","overture_version":1,"sources":[{"property":"","dataset":"OpenStreetMap","license":"ODbL-1.0","record_id":"n13888881217@1","update_time":"2026-05-27T17:08:16Z","confidence":null,"between":null,"provider":"osm","resource":"planet","version":"2026-09-09"}],"k10_inside_bbox":true}},{"type":"Feature","id":"1cafb9d1-9dc9-48b2-8282-b6add7b96448","geometry":{"type":"Point","coordinates":[69.5982812,42.3099833]},"properties":{"city":"shymkent","overture_id":"1cafb9d1-9dc9-48b2-8282-b6add7b96448","overture_version":1,"sources":[{"property":"","dataset":"OpenStreetMap","license":"ODbL-1.0","record_id":"n13111925190@1","update_time":"2025-09-01T08:58:25Z","confidence":null,"between":null,"provider":"osm","resource":"planet","version":"2026-09-09"}],"k10_inside_bbox":true}},{"type":"Feature","id":"1cba0de0-935c-4553-aeff-434cb7f83070","geometry":{"type":"Point","coordinates":[69.5974738,42.3243163]},"properties":{"city":"shymkent","overture_id":"1cba0de0-935c-4553-aeff-434cb7f83070","overture_version":1,"sources":[{"property":"","dataset":"OpenStreetMap","license":"ODbL-1.0","record_id":"n8167767019@1","update_time":"2020-11-26T12:11:41Z","confidence":null,"between":null,"provider":"osm","resource":"planet","version":"2026-09-09"}],"k10_inside_bbox":true}},{"type":"Feature","id":"1cd64f87-4dd0-4ea0-b0e8-66651c9cd4e8","geometry":{"type":"Point","coordinates":[69.6065962,42.3166939]},"properties":{"city":"shymkent","overture_id":"1cd64f87-4dd0-4ea0-b0e8-66651c9cd4e8","overture_version":1,"sources":[{"property":"","dataset":"OpenStreetMap","license":"ODbL-1.0","record_id":"n11375783526@1","update_time":"2023-11-25T18:49:10Z","confidence":null,"between":null,"provider":"osm","resource":"planet","version":"2026-09-09"}],"k10_inside_bbox":true}},{"type":"Feature","id":"1cf4595c-298c-4f1d-bbcb-6e07d5744e46","geometry":{"type":"Point","coordinates":[69.6028837,42.3078262]},"properties":{"city":"shymkent","overture_id":"1cf4595c-298c-4f1d-bbcb-6e07d5744e46","overture_version":3,"sources":[{"property":"","dataset":"OpenStreetMap","license":"ODbL-1.0","record_id":"n10277273636@2","update_time":"2025-11-17T18:46:06Z","confidence":null,"between":null,"provider":"osm","resource":"planet","version":"2026-09-09"}],"k10_inside_bbox":true}},{"type":"Feature","id":"1d16a61d-6f31-4d6b-aa09-adb32fe0e010","geometry":{"type":"Point","coordinates":[69.6070977,42.3127029]},"properties":{"city":"shymkent","overture_id":"1d16a61d-6f31-4d6b-aa09-adb32fe0e010","overture_version":1,"sources":[{"property":"","dataset":"OpenStreetMap","license":"ODbL-1.0","record_id":"n1327031497@1","update_time":"2011-06-16T02:55:13Z","confidence":null,"between":null,"provider":"osm","resource":"planet","version":"2026-09-09"}],"k10_inside_bbox":true}},{"type":"Feature","id":"1d2eb87c-716e-4a59-927b-60df252b48ff","geometry":{"type":"Point","coordinates":[69.6089204,42.3067019]},"properties":{"city":"shymkent","overture_id":"1d2eb87c-716e-4a59-927b-60df252b48ff","overture_version":1,"sources":[{"property":"","dataset":"OpenStreetMap","license":"ODbL-1.0","record_id":"n11384193534@1","update_time":"2023-11-29T17:35:01Z","confidence":null,"between":null,"provider":"osm","resource":"planet","version":"2026-09-09"}],"k10_inside_bbox":true}},{"type":"Feature","id":"1d71490c-19b1-4d7c-847b-7492a0f535f7","geometry":{"type":"Point","coordinates":[69.5957271,42.3160054]},"properties":{"city":"shymkent","overture_id":"1d71490c-19b1-4d7c-847b-7492a0f535f7","overture_version":1,"sources":[{"property":"","dataset":"OpenStreetMap","license":"ODbL-1.0","record_id":"n1236371166@12","update_time":"2024-05-21T16:37:21Z","confidence":null,"between":null,"provider":"osm","resource":"planet","version":"2026-09-09"}],"k10_inside_bbox":true}},{"type":"Feature","id":"1ddaad11-1d9e-4b46-9124-1c07572b0ad6","geometry":{"type":"Point","coordinates":[69.6024254,42.3073747]},"properties":{"city":"shymkent","overture_id":"1ddaad11-1d9e-4b46-9124-1c07572b0ad6","overture_version":1,"sources":[{"property":"","dataset":"OpenStreetMap","license":"ODbL-1.0","record_id":"n10277249703@1","update_time":"2022-12-21T06:13:50Z","confidence":null,"between":null,"provider":"osm","resource":"planet","version":"2026-09-09"}],"k10_inside_bbox":true}},{"type":"Feature","id":"1dea3787-40d8-4bda-8779-b715db936835","geometry":{"type":"Point","coordinates":[69.5939513,42.3201222]},"properties":{"city":"shymkent","overture_id":"1dea3787-40d8-4bda-8779-b715db936835","overture_version":1,"sources":[{"property":"","dataset":"OpenStreetMap","license":"ODbL-1.0","record_id":"n10731921365@1","update_time":"2023-03-13T03:38:15Z","confidence":null,"between":null,"provider":"osm","resource":"planet","version":"2026-09-09"}],"k10_inside_bbox":true}},{"type":"Feature","id":"1df80fcb-2830-48d8-8b54-c82486df0a4c","geometry":{"type":"Point","coordinates":[69.5998999,42.3141546]},"properties":{"city":"shymkent","overture_id":"1df80fcb-2830-48d8-8b54-c82486df0a4c","overture_version":1,"sources":[{"property":"","dataset":"OpenStreetMap","license":"ODbL-1.0","record_id":"n13272759426@1","update_time":"2025-10-31T17:50:55Z","confidence":null,"between":null,"provider":"osm","resource":"planet","version":"2026-09-09"}],"k10_inside_bbox":true}},{"type":"Feature","id":"1dfe7493-98ad-438c-8673-056d80019be3","geometry":{"type":"Point","coordinates":[69.6159929,42.3258719]},"properties":{"city":"shymkent","overture_id":"1dfe7493-98ad-438c-8673-056d80019be3","overture_version":1,"sources":[{"property":"","dataset":"OpenStreetMap","license":"ODbL-1.0","record_id":"n5401348266@1","update_time":"2018-02-09T14:58:08Z","confidence":null,"between":null,"provider":"osm","resource":"planet","version":"2026-09-09"}],"k10_inside_bbox":false}},{"type":"Feature","id":"1e0968fa-f962-4675-859b-dbb5ea702d56","geometry":{"type":"Point","coordinates":[69.6053141,42.3084983]},"properties":{"city":"shymkent","overture_id":"1e0968fa-f962-4675-859b-dbb5ea702d56","overture_version":1,"sources":[{"property":"","dataset":"OpenStreetMap","license":"ODbL-1.0","record_id":"n11384193343@1","update_time":"2023-11-29T17:35:01Z","confidence":null,"between":null,"provider":"osm","resource":"planet","version":"2026-09-09"}],"k10_inside_bbox":true}},{"type":"Feature","id":"1e1b6901-5bff-4e25-beda-adec4e1f168e","geometry":{"type":"Point","coordinates":[69.611516,42.3073891]},"properties":{"city":"shymkent","overture_id":"1e1b6901-5bff-4e25-beda-adec4e1f168e","overture_version":1,"sources":[{"property":"","dataset":"OpenStreetMap","license":"ODbL-1.0","record_id":"n5492611143@2","update_time":"2023-07-12T10:14:11Z","confidence":null,"between":null,"provider":"osm","resource":"planet","version":"2026-09-09"}],"k10_inside_bbox":true}},{"type":"Feature","id":"1e6db301-d69d-4c34-8fc0-e0ee83f65324","geometry":{"type":"Point","coordinates":[69.5913542,42.3198778]},"properties":{"city":"shymkent","overture_id":"1e6db301-d69d-4c34-8fc0-e0ee83f65324","overture_version":1,"sources":[{"property":"","dataset":"OpenStreetMap","license":"ODbL-1.0","record_id":"n4616716171@2","update_time":"2022-02-16T07:33:41Z","confidence":null,"between":null,"provider":"osm","resource":"planet","version":"2026-09-09"}],"k10_inside_bbox":false}},{"type":"Feature","id":"1e966980-2bca-4fc9-874a-bdc55fbb4a71","geometry":{"type":"Point","coordinates":[69.6167631,42.3238652]},"properties":{"city":"shymkent","overture_id":"1e966980-2bca-4fc9-874a-bdc55fbb4a71","overture_version":1,"sources":[{"property":"","dataset":"OpenStreetMap","license":"ODbL-1.0","record_id":"n11094632843@1","update_time":"2023-08-07T01:34:54Z","confidence":null,"between":null,"provider":"osm","resource":"planet","version":"2026-09-09"}],"k10_inside_bbox":true}},{"type":"Feature","id":"1ed324d8-6451-435d-9a8c-9de9a45d510e","geometry":{"type":"Point","coordinates":[69.5997646,42.3188914]},"properties":{"city":"shymkent","overture_id":"1ed324d8-6451-435d-9a8c-9de9a45d510e","overture_version":1,"sources":[{"property":"","dataset":"OpenStreetMap","license":"ODbL-1.0","record_id":"n11287899524@1","update_time":"2023-10-25T06:52:35Z","confidence":null,"between":null,"provider":"osm","resource":"planet","version":"2026-09-09"}],"k10_inside_bbox":true}},{"type":"Feature","id":"1f02d505-2322-4d33-a2fa-f8c3c9933c45","geometry":{"type":"Point","coordinates":[69.6069167,42.3129227]},"properties":{"city":"shymkent","overture_id":"1f02d505-2322-4d33-a2fa-f8c3c9933c45","overture_version":1,"sources":[{"property":"","dataset":"OpenStreetMap","license":"ODbL-1.0","record_id":"n1327031531@1","update_time":"2011-06-16T02:55:14Z","confidence":null,"between":null,"provider":"osm","resource":"planet","version":"2026-09-09"}],"k10_inside_bbox":true}},{"type":"Feature","id":"1f275757-a88c-4b39-8421-0fe3529afc98","geometry":{"type":"Point","coordinates":[69.6102296,42.3196021]},"properties":{"city":"shymkent","overture_id":"1f275757-a88c-4b39-8421-0fe3529afc98","overture_version":1,"sources":[{"property":"","dataset":"OpenStreetMap","license":"ODbL-1.0","record_id":"n11375783503@1","update_time":"2023-11-25T18:49:10Z","confidence":null,"between":null,"provider":"osm","resource":"planet","version":"2026-09-09"}],"k10_inside_bbox":true}},{"type":"Feature","id":"1f2e9461-b7c3-4c58-8089-5b903f678794","geometry":{"type":"Point","coordinates":[69.618969,42.3160116]},"properties":{"city":"shymkent","overture_id":"1f2e9461-b7c3-4c58-8089-5b903f678794","overture_version":1,"sources":[{"property":"","dataset":"OpenStreetMap","license":"ODbL-1.0","record_id":"n10731876190@3","update_time":"2025-01-17T05:36:19Z","confidence":null,"between":null,"provider":"osm","resource":"planet","version":"2026-09-09"}],"k10_inside_bbox":false}},{"type":"Feature","id":"1f5505d7-a7cd-4875-a5bd-ddd9318f5149","geometry":{"type":"Point","coordinates":[69.6092581,42.3135138]},"properties":{"city":"shymkent","overture_id":"1f5505d7-a7cd-4875-a5bd-ddd9318f5149","overture_version":1,"sources":[{"property":"","dataset":"OpenStreetMap","license":"ODbL-1.0","record_id":"n11384193274@1","update_time":"2023-11-29T17:35:01Z","confidence":null,"between":null,"provider":"osm","resource":"planet","version":"2026-09-09"}],"k10_inside_bbox":true}},{"type":"Feature","id":"1f798480-f58c-4763-82ae-e69e15d54f20","geometry":{"type":"Point","coordinates":[69.6036585,42.3114146]},"properties":{"city":"shymkent","overture_id":"1f798480-f58c-4763-82ae-e69e15d54f20","overture_version":1,"sources":[{"property":"","dataset":"OpenStreetMap","license":"ODbL-1.0","record_id":"n13889012209@1","update_time":"2026-05-27T18:04:03Z","confidence":null,"between":null,"provider":"osm","resource":"planet","version":"2026-09-09"}],"k10_inside_bbox":true}},{"type":"Feature","id":"1f805d42-bd2b-4d1e-b3fd-0503a3d51b4e","geometry":{"type":"Point","coordinates":[69.5940664,42.3161525]},"properties":{"city":"shymkent","overture_id":"1f805d42-bd2b-4d1e-b3fd-0503a3d51b4e","overture_version":1,"sources":[{"property":"","dataset":"OpenStreetMap","license":"ODbL-1.0","record_id":"n11953096395@1","update_time":"2024-06-03T04:48:58Z","confidence":null,"between":null,"provider":"osm","resource":"planet","version":"2026-09-09"}],"k10_inside_bbox":true}},{"type":"Feature","id":"1fc75ffc-687b-4cac-8c69-5ecc7bbf9ab1","geometry":{"type":"Point","coordinates":[69.6034922,42.3130564]},"properties":{"city":"shymkent","overture_id":"1fc75ffc-687b-4cac-8c69-5ecc7bbf9ab1","overture_version":1,"sources":[{"property":"","dataset":"OpenStreetMap","license":"ODbL-1.0","record_id":"n1326354828@1","update_time":"2011-06-15T12:36:34Z","confidence":null,"between":null,"provider":"osm","resource":"planet","version":"2026-09-09"}],"k10_inside_bbox":true}},{"type":"Feature","id":"1fd870fb-0792-4ec4-9976-c10e41d2ec72","geometry":{"type":"Point","coordinates":[69.5964695,42.310107]},"properties":{"city":"shymkent","overture_id":"1fd870fb-0792-4ec4-9976-c10e41d2ec72","overture_version":2,"sources":[{"property":"","dataset":"OpenStreetMap","license":"ODbL-1.0","record_id":"n13111925196@2","update_time":"2026-04-15T14:10:51Z","confidence":null,"between":null,"provider":"osm","resource":"planet","version":"2026-09-09"}],"k10_inside_bbox":true}},{"type":"Feature","id":"1ff29760-3c1f-4ce7-9f37-5b5c3371f102","geometry":{"type":"Point","coordinates":[69.5965638,42.3115639]},"properties":{"city":"shymkent","overture_id":"1ff29760-3c1f-4ce7-9f37-5b5c3371f102","overture_version":1,"sources":[{"property":"","dataset":"OpenStreetMap","license":"ODbL-1.0","record_id":"n5402890369@1","update_time":"2018-02-10T05:19:18Z","confidence":null,"between":null,"provider":"osm","resource":"planet","version":"2026-09-09"}],"k10_inside_bbox":true}},{"type":"Feature","id":"2014e11e-3f81-4b0b-ac2d-379e7fe79b49","geometry":{"type":"Point","coordinates":[69.6064155,42.3163139]},"properties":{"city":"shymkent","overture_id":"2014e11e-3f81-4b0b-ac2d-379e7fe79b49","overture_version":1,"sources":[{"property":"","dataset":"OpenStreetMap","license":"ODbL-1.0","record_id":"n12818515618@1","update_time":"2025-05-08T04:08:13Z","confidence":null,"between":null,"provider":"osm","resource":"planet","version":"2026-09-09"}],"k10_inside_bbox":true}},{"type":"Feature","id":"207fc37c-45d3-4242-b25d-94c1cdb919ab","geometry":{"type":"Point","coordinates":[69.6120147,42.3142516]},"properties":{"city":"shymkent","overture_id":"207fc37c-45d3-4242-b25d-94c1cdb919ab","overture_version":1,"sources":[{"property":"","dataset":"OpenStreetMap","license":"ODbL-1.0","record_id":"n11384193399@1","update_time":"2023-11-29T17:35:01Z","confidence":null,"between":null,"provider":"osm","resource":"planet","version":"2026-09-09"}],"k10_inside_bbox":true}},{"type":"Feature","id":"20d2e5d1-58be-4279-8b94-ce20693a86be","geometry":{"type":"Point","coordinates":[69.6000046,42.3235627]},"properties":{"city":"shymkent","overture_id":"20d2e5d1-58be-4279-8b94-ce20693a86be","overture_version":1,"sources":[{"property":"","dataset":"OpenStreetMap","license":"ODbL-1.0","record_id":"n12165676545@1","update_time":"2024-09-09T14:27:31Z","confidence":null,"between":null,"provider":"osm","resource":"planet","version":"2026-09-09"}],"k10_inside_bbox":true}},{"type":"Feature","id":"210351c8-11dc-4dae-b271-f5ecef05ea7c","geometry":{"type":"Point","coordinates":[69.5953411,42.324847]},"properties":{"city":"shymkent","overture_id":"210351c8-11dc-4dae-b271-f5ecef05ea7c","overture_version":1,"sources":[{"property":"","dataset":"OpenStreetMap","license":"ODbL-1.0","record_id":"n1238218342@4","update_time":"2011-04-26T07:59:55Z","confidence":null,"between":null,"provider":"osm","resource":"planet","version":"2026-09-09"}],"k10_inside_bbox":false}},{"type":"Feature","id":"21277766-58f3-4fce-a841-663d56132d75","geometry":{"type":"Point","coordinates":[69.604361,42.3130929]},"properties":{"city":"shymkent","overture_id":"21277766-58f3-4fce-a841-663d56132d75","overture_version":1,"sources":[{"property":"","dataset":"OpenStreetMap","license":"ODbL-1.0","record_id":"n1326354966@1","update_time":"2011-06-15T12:36:37Z","confidence":null,"between":null,"provider":"osm","resource":"planet","version":"2026-09-09"}],"k10_inside_bbox":true}},{"type":"Feature","id":"213b5dcf-e20c-4d8e-91b3-b38ba8540fd7","geometry":{"type":"Point","coordinates":[69.6010953,42.338212]},"properties":{"city":"shymkent","overture_id":"213b5dcf-e20c-4d8e-91b3-b38ba8540fd7","overture_version":1,"sources":[{"property":"","dataset":"OpenStreetMap","license":"ODbL-1.0","record_id":"n11929131774@1","update_time":"2024-05-23T18:00:15Z","confidence":null,"between":null,"provider":"osm","resource":"planet","version":"2026-09-09"}],"k10_inside_bbox":false}},{"type":"Feature","id":"2148af10-0ec1-4b56-9c71-cbb9863c1e3e","geometry":{"type":"Point","coordinates":[69.602408,42.3150825]},"properties":{"city":"shymkent","overture_id":"2148af10-0ec1-4b56-9c71-cbb9863c1e3e","overture_version":3,"sources":[{"property":"","dataset":"OpenStreetMap","license":"ODbL-1.0","record_id":"n8069568498@3","update_time":"2026-05-27T17:08:16Z","confidence":null,"between":null,"provider":"osm","resource":"planet","version":"2026-09-09"}],"k10_inside_bbox":true}},{"type":"Feature","id":"217f03f5-b8aa-4c08-b16f-81504973e101","geometry":{"type":"Point","coordinates":[69.6164449,42.3088286]},"properties":{"city":"shymkent","overture_id":"217f03f5-b8aa-4c08-b16f-81504973e101","overture_version":1,"sources":[{"property":"","dataset":"OpenStreetMap","license":"ODbL-1.0","record_id":"n1252591975@1","update_time":"2011-04-20T16:20:23Z","confidence":null,"between":null,"provider":"osm","resource":"planet","version":"2026-09-09"}],"k10_inside_bbox":true}},{"type":"Feature","id":"2186b19b-604c-4f53-b695-0184d57a0084","geometry":{"type":"Point","coordinates":[69.6140584,42.3217563]},"properties":{"city":"shymkent","overture_id":"2186b19b-604c-4f53-b695-0184d57a0084","overture_version":1,"sources":[{"property":"","dataset":"OpenStreetMap","license":"ODbL-1.0","record_id":"n11256529720@1","update_time":"2023-10-12T04:45:31Z","confidence":null,"between":null,"provider":"osm","resource":"planet","version":"2026-09-09"}],"k10_inside_bbox":true}},{"type":"Feature","id":"21b2de55-40a4-4e3f-af56-b474ddfb01eb","geometry":{"type":"Point","coordinates":[69.615831,42.3184373]},"properties":{"city":"shymkent","overture_id":"21b2de55-40a4-4e3f-af56-b474ddfb01eb","overture_version":1,"sources":[{"property":"","dataset":"OpenStreetMap","license":"ODbL-1.0","record_id":"n12508692309@1","update_time":"2025-01-17T05:36:19Z","confidence":null,"between":null,"provider":"osm","resource":"planet","version":"2026-09-09"}],"k10_inside_bbox":true}},{"type":"Feature","id":"21b511bb-69aa-43ab-8ab5-24a9060567ee","geometry":{"type":"Point","coordinates":[69.5931145,42.3227899]},"properties":{"city":"shymkent","overture_id":"21b511bb-69aa-43ab-8ab5-24a9060567ee","overture_version":1,"sources":[{"property":"","dataset":"OpenStreetMap","license":"ODbL-1.0","record_id":"n4346752004@2","update_time":"2023-03-13T03:38:15Z","confidence":null,"between":null,"provider":"osm","resource":"planet","version":"2026-09-09"}],"k10_inside_bbox":false}},{"type":"Feature","id":"21f2ee8b-2070-4003-839c-ee095901580f","geometry":{"type":"Point","coordinates":[69.614099,42.3144151]},"properties":{"city":"shymkent","overture_id":"21f2ee8b-2070-4003-839c-ee095901580f","overture_version":1,"sources":[{"property":"","dataset":"OpenStreetMap","license":"ODbL-1.0","record_id":"n1236371313@3","update_time":"2012-11-10T20:30:51Z","confidence":null,"between":null,"provider":"osm","resource":"planet","version":"2026-09-09"}],"k10_inside_bbox":true}},{"type":"Feature","id":"21f48b0f-67b0-41a5-b5f6-8f630eea682a","geometry":{"type":"Point","coordinates":[69.5945635,42.3162474]},"properties":{"city":"shymkent","overture_id":"21f48b0f-67b0-41a5-b5f6-8f630eea682a","overture_version":1,"sources":[{"property":"","dataset":"OpenStreetMap","license":"ODbL-1.0","record_id":"n11943588192@1","update_time":"2024-05-30T01:12:55Z","confidence":null,"between":null,"provider":"osm","resource":"planet","version":"2026-09-09"}],"k10_inside_bbox":true}},{"type":"Feature","id":"220b54d8-e966-4fc4-931e-81ea3db609b2","geometry":{"type":"Point","coordinates":[69.5950863,42.3187569]},"properties":{"city":"shymkent","overture_id":"220b54d8-e966-4fc4-931e-81ea3db609b2","overture_version":1,"sources":[{"property":"","dataset":"OpenStreetMap","license":"ODbL-1.0","record_id":"n12950993628@1","update_time":"2025-06-25T03:12:57Z","confidence":null,"between":null,"provider":"osm","resource":"planet","version":"2026-09-09"}],"k10_inside_bbox":true}},{"type":"Feature","id":"221469b8-3574-4a32-b4c0-697eb81b0180","geometry":{"type":"Point","coordinates":[69.6133367,42.3074371]},"properties":{"city":"shymkent","overture_id":"221469b8-3574-4a32-b4c0-697eb81b0180","overture_version":1,"sources":[{"property":"","dataset":"OpenStreetMap","license":"ODbL-1.0","record_id":"n11384193483@1","update_time":"2023-11-29T17:35:01Z","confidence":null,"between":null,"provider":"osm","resource":"planet","version":"2026-09-09"}],"k10_inside_bbox":true}},{"type":"Feature","id":"222a4f04-206c-47ae-994b-25aef3f30cd3","geometry":{"type":"Point","coordinates":[69.609772,42.3161822]},"properties":{"city":"shymkent","overture_id":"222a4f04-206c-47ae-994b-25aef3f30cd3","overture_version":1,"sources":[{"property":"","dataset":"OpenStreetMap","license":"ODbL-1.0","record_id":"n11375783548@1","update_time":"2023-11-25T18:49:10Z","confidence":null,"between":null,"provider":"osm","resource":"planet","version":"2026-09-09"}],"k10_inside_bbox":true}},{"type":"Feature","id":"2247ebb5-b04f-4e96-beb6-fbefaeb6d7ea","geometry":{"type":"Point","coordinates":[69.6058999,42.3148158]},"properties":{"city":"shymkent","overture_id":"2247ebb5-b04f-4e96-beb6-fbefaeb6d7ea","overture_version":1,"sources":[{"property":"","dataset":"OpenStreetMap","license":"ODbL-1.0","record_id":"n13888881213@1","update_time":"2026-05-27T17:08:16Z","confidence":null,"between":null,"provider":"osm","resource":"planet","version":"2026-09-09"}],"k10_inside_bbox":true}},{"type":"Feature","id":"226df435-46f2-49d0-bc2b-b93030f0952c","geometry":{"type":"Point","coordinates":[69.5945482,42.3161895]},"properties":{"city":"shymkent","overture_id":"226df435-46f2-49d0-bc2b-b93030f0952c","overture_version":1,"sources":[{"property":"","dataset":"OpenStreetMap","license":"ODbL-1.0","record_id":"n4346751776@1","update_time":"2016-08-12T03:59:58Z","confidence":null,"between":null,"provider":"osm","resource":"planet","version":"2026-09-09"}],"k10_inside_bbox":true}},{"type":"Feature","id":"226e78bd-ff12-4dab-998c-a3009faf09e9","geometry":{"type":"Point","coordinates":[69.6071587,42.3143732]},"properties":{"city":"shymkent","overture_id":"226e78bd-ff12-4dab-998c-a3009faf09e9","overture_version":1,"sources":[{"property":"","dataset":"OpenStreetMap","license":"ODbL-1.0","record_id":"n1240512374@3","update_time":"2024-09-05T07:06:14Z","confidence":null,"between":null,"provider":"osm","resource":"planet","version":"2026-09-09"}],"k10_inside_bbox":true}},{"type":"Feature","id":"22b93487-01cd-4de4-b3c5-2830208f3b49","geometry":{"type":"Point","coordinates":[69.6020032,42.3141141]},"properties":{"city":"shymkent","overture_id":"22b93487-01cd-4de4-b3c5-2830208f3b49","overture_version":1,"sources":[{"property":"","dataset":"OpenStreetMap","license":"ODbL-1.0","record_id":"n11953096394@1","update_time":"2024-06-03T04:48:58Z","confidence":null,"between":null,"provider":"osm","resource":"planet","version":"2026-09-09"}],"k10_inside_bbox":true}},{"type":"Feature","id":"22f9e8a5-0c6a-4f18-b02c-d4632e9bbafb","geometry":{"type":"Point","coordinates":[69.6075326,42.3125026]},"properties":{"city":"shymkent","overture_id":"22f9e8a5-0c6a-4f18-b02c-d4632e9bbafb","overture_version":1,"sources":[{"property":"","dataset":"OpenStreetMap","license":"ODbL-1.0","record_id":"n1327031356@2","update_time":"2011-10-02T08:33:39Z","confidence":null,"between":null,"provider":"osm","resource":"planet","version":"2026-09-09"}],"k10_inside_bbox":true}},{"type":"Feature","id":"22fe842e-aabf-40df-a5fc-d3215b6a71ec","geometry":{"type":"Point","coordinates":[69.6022337,42.3044831]},"properties":{"city":"shymkent","overture_id":"22fe842e-aabf-40df-a5fc-d3215b6a71ec","overture_version":1,"sources":[{"property":"","dataset":"OpenStreetMap","license":"ODbL-1.0","record_id":"n1252592004@4","update_time":"2021-11-22T03:13:39Z","confidence":null,"between":null,"provider":"osm","resource":"planet","version":"2026-09-09"}],"k10_inside_bbox":false}},{"type":"Feature","id":"2333a7cd-e8f2-4fed-b776-838f8c885591","geometry":{"type":"Point","coordinates":[69.6047337,42.3120259]},"properties":{"city":"shymkent","overture_id":"2333a7cd-e8f2-4fed-b776-838f8c885591","overture_version":1,"sources":[{"property":"","dataset":"OpenStreetMap","license":"ODbL-1.0","record_id":"n1326355357@2","update_time":"2011-09-06T11:47:57Z","confidence":null,"between":null,"provider":"osm","resource":"planet","version":"2026-09-09"}],"k10_inside_bbox":true}},{"type":"Feature","id":"234acc9b-4623-4ff9-86d1-fba7bb76ba8f","geometry":{"type":"Point","coordinates":[69.5999101,42.3065662]},"properties":{"city":"shymkent","overture_id":"234acc9b-4623-4ff9-86d1-fba7bb76ba8f","overture_version":1,"sources":[{"property":"","dataset":"OpenStreetMap","license":"ODbL-1.0","record_id":"n1804778587@3","update_time":"2025-05-11T13:58:56Z","confidence":null,"between":null,"provider":"osm","resource":"planet","version":"2026-09-09"}],"k10_inside_bbox":false}},{"type":"Feature","id":"234c2b04-6bf8-49b4-942e-6ef0128a2ec4","geometry":{"type":"Point","coordinates":[69.5922894,42.3167177]},"properties":{"city":"shymkent","overture_id":"234c2b04-6bf8-49b4-942e-6ef0128a2ec4","overture_version":1,"sources":[{"property":"","dataset":"OpenStreetMap","license":"ODbL-1.0","record_id":"n1437656014@2","update_time":"2012-05-18T06:13:49Z","confidence":null,"between":null,"provider":"osm","resource":"planet","version":"2026-09-09"}],"k10_inside_bbox":false}},{"type":"Feature","id":"23578bcb-26c0-4fd0-a908-c84dbe185bcf","geometry":{"type":"Point","coordinates":[69.5926908,42.3177815]},"properties":{"city":"shymkent","overture_id":"23578bcb-26c0-4fd0-a908-c84dbe185bcf","overture_version":1,"sources":[{"property":"","dataset":"OpenStreetMap","license":"ODbL-1.0","record_id":"n1237032297@5","update_time":"2017-06-22T16:12:41Z","confidence":null,"between":null,"provider":"osm","resource":"planet","version":"2026-09-09"}],"k10_inside_bbox":false}},{"type":"Feature","id":"235b99aa-9d03-4256-a0c9-e41e94078914","geometry":{"type":"Point","coordinates":[69.5950871,42.3191111]},"properties":{"city":"shymkent","overture_id":"235b99aa-9d03-4256-a0c9-e41e94078914","overture_version":1,"sources":[{"property":"","dataset":"OpenStreetMap","license":"ODbL-1.0","record_id":"n4253037791@2","update_time":"2025-06-25T03:12:57Z","confidence":null,"between":null,"provider":"osm","resource":"planet","version":"2026-09-09"}],"k10_inside_bbox":true}},{"type":"Feature","id":"23c13189-43c4-4bbb-872c-9995f098da6b","geometry":{"type":"Point","coordinates":[69.6079398,42.3161698]},"properties":{"city":"shymkent","overture_id":"23c13189-43c4-4bbb-872c-9995f098da6b","overture_version":1,"sources":[{"property":"","dataset":"OpenStreetMap","license":"ODbL-1.0","record_id":"n11384193186@2","update_time":"2024-09-05T07:06:14Z","confidence":null,"between":null,"provider":"osm","resource":"planet","version":"2026-09-09"}],"k10_inside_bbox":true}},{"type":"Feature","id":"23c6fff4-91be-4a4f-a989-6db19e252316","geometry":{"type":"Point","coordinates":[69.5936406,42.3195508]},"properties":{"city":"shymkent","overture_id":"23c6fff4-91be-4a4f-a989-6db19e252316","overture_version":1,"sources":[{"property":"","dataset":"OpenStreetMap","license":"ODbL-1.0","record_id":"n1437656063@1","update_time":"2011-09-19T18:13:22Z","confidence":null,"between":null,"provider":"osm","resource":"planet","version":"2026-09-09"}],"k10_inside_bbox":true}},{"type":"Feature","id":"23ce5ab1-6bfb-41da-ac65-b37bb6b2b8de","geometry":{"type":"Point","coordinates":[69.5989334,42.3061467]},"properties":{"city":"shymkent","overture_id":"23ce5ab1-6bfb-41da-ac65-b37bb6b2b8de","overture_version":1,"sources":[{"property":"","dataset":"OpenStreetMap","license":"ODbL-1.0","record_id":"n12828330437@1","update_time":"2025-05-11T12:31:56Z","confidence":null,"between":null,"provider":"osm","resource":"planet","version":"2026-09-09"}],"k10_inside_bbox":false}},{"type":"Feature","id":"24082d3f-b39a-4ec0-bfd0-479d940c61a5","geometry":{"type":"Point","coordinates":[69.6006298,42.313203]},"properties":{"city":"shymkent","overture_id":"24082d3f-b39a-4ec0-bfd0-479d940c61a5","overture_version":1,"sources":[{"property":"","dataset":"OpenStreetMap","license":"ODbL-1.0","record_id":"n8230925075@1","update_time":"2020-12-15T11:30:56Z","confidence":null,"between":null,"provider":"osm","resource":"planet","version":"2026-09-09"}],"k10_inside_bbox":true}},{"type":"Feature","id":"24ab3a4b-ae48-4672-b1b3-da59578a50eb","geometry":{"type":"Point","coordinates":[69.607583,42.3127573]},"properties":{"city":"shymkent","overture_id":"24ab3a4b-ae48-4672-b1b3-da59578a50eb","overture_version":1,"sources":[{"property":"","dataset":"OpenStreetMap","license":"ODbL-1.0","record_id":"n1327031692@1","update_time":"2011-06-16T02:55:21Z","confidence":null,"between":null,"provider":"osm","resource":"planet","version":"2026-09-09"}],"k10_inside_bbox":true}},{"type":"Feature","id":"24e4a743-7c10-4aa1-b008-365f78789e2b","geometry":{"type":"Point","coordinates":[69.593399,42.320498]},"properties":{"city":"shymkent","overture_id":"24e4a743-7c10-4aa1-b008-365f78789e2b","overture_version":1,"sources":[{"property":"","dataset":"OpenStreetMap","license":"ODbL-1.0","record_id":"n13739146009@1","update_time":"2026-04-18T05:27:28Z","confidence":null,"between":null,"provider":"osm","resource":"planet","version":"2026-09-09"}],"k10_inside_bbox":true}},{"type":"Feature","id":"250ad902-befa-449d-a481-4e38c8357611","geometry":{"type":"Point","coordinates":[69.5884433,42.3225621]},"properties":{"city":"shymkent","overture_id":"250ad902-befa-449d-a481-4e38c8357611","overture_version":1,"sources":[{"property":"","dataset":"OpenStreetMap","license":"ODbL-1.0","record_id":"n1756926583@1","update_time":"2012-05-18T06:13:16Z","confidence":null,"between":null,"provider":"osm","resource":"planet","version":"2026-09-09"}],"k10_inside_bbox":false}},{"type":"Feature","id":"252e956f-33db-419d-9d84-e42dfab0602d","geometry":{"type":"Point","coordinates":[69.5931487,42.319218]},"properties":{"city":"shymkent","overture_id":"252e956f-33db-419d-9d84-e42dfab0602d","overture_version":2,"sources":[{"property":"","dataset":"OpenStreetMap","license":"ODbL-1.0","record_id":"n1437656051@3","update_time":"2025-06-29T06:12:14Z","confidence":null,"between":null,"provider":"osm","resource":"planet","version":"2026-09-09"}],"k10_inside_bbox":false}},{"type":"Feature","id":"253c9075-d4c5-4d08-8ba5-cd08d31c5444","geometry":{"type":"Point","coordinates":[69.5990807,42.3110849]},"properties":{"city":"shymkent","overture_id":"253c9075-d4c5-4d08-8ba5-cd08d31c5444","overture_version":1,"sources":[{"property":"","dataset":"OpenStreetMap","license":"ODbL-1.0","record_id":"n12158203447@1","update_time":"2024-09-05T17:42:04Z","confidence":null,"between":null,"provider":"osm","resource":"planet","version":"2026-09-09"}],"k10_inside_bbox":true}},{"type":"Feature","id":"257157bf-886f-4911-ab26-a9f40d4d082a","geometry":{"type":"Point","coordinates":[69.600425,42.3101694]},"properties":{"city":"shymkent","overture_id":"257157bf-886f-4911-ab26-a9f40d4d082a","overture_version":1,"sources":[{"property":"","dataset":"OpenStreetMap","license":"ODbL-1.0","record_id":"n12818487777@1","update_time":"2025-05-08T04:08:13Z","confidence":null,"between":null,"provider":"osm","resource":"planet","version":"2026-09-09"}],"k10_inside_bbox":true}},{"type":"Feature","id":"25b69ddb-b573-4a6e-a8e9-47cdbc375fdb","geometry":{"type":"Point","coordinates":[69.598736,42.3157112]},"properties":{"city":"shymkent","overture_id":"25b69ddb-b573-4a6e-a8e9-47cdbc375fdb","overture_version":1,"sources":[{"property":"","dataset":"OpenStreetMap","license":"ODbL-1.0","record_id":"n8069568506@1","update_time":"2020-10-31T19:30:44Z","confidence":null,"between":null,"provider":"osm","resource":"planet","version":"2026-09-09"}],"k10_inside_bbox":true}},{"type":"Feature","id":"25fab5b3-f54b-44c9-a74e-3ff5576a0f38","geometry":{"type":"Point","coordinates":[69.6029945,42.3156863]},"properties":{"city":"shymkent","overture_id":"25fab5b3-f54b-44c9-a74e-3ff5576a0f38","overture_version":2,"sources":[{"property":"","dataset":"OpenStreetMap","license":"ODbL-1.0","record_id":"n12159442965@2","update_time":"2026-05-27T17:08:16Z","confidence":null,"between":null,"provider":"osm","resource":"planet","version":"2026-09-09"}],"k10_inside_bbox":true}},{"type":"Feature","id":"2605e80d-b845-4a1f-90a0-9081c50500e0","geometry":{"type":"Point","coordinates":[69.5940609,42.3108637]},"properties":{"city":"shymkent","overture_id":"2605e80d-b845-4a1f-90a0-9081c50500e0","overture_version":2,"sources":[{"property":"","dataset":"OpenStreetMap","license":"ODbL-1.0","record_id":"n12214818616@3","update_time":"2026-05-22T11:01:11Z","confidence":null,"between":null,"provider":"osm","resource":"planet","version":"2026-09-09"}],"k10_inside_bbox":true}},{"type":"Feature","id":"26342c2e-e104-477b-a0de-12e3fd9fdfbe","geometry":{"type":"Point","coordinates":[69.6068138,42.3160794]},"properties":{"city":"shymkent","overture_id":"26342c2e-e104-477b-a0de-12e3fd9fdfbe","overture_version":1,"sources":[{"property":"","dataset":"OpenStreetMap","license":"ODbL-1.0","record_id":"n8451626936@1","update_time":"2021-02-24T03:35:55Z","confidence":null,"between":null,"provider":"osm","resource":"planet","version":"2026-09-09"}],"k10_inside_bbox":true}},{"type":"Feature","id":"2638572a-34da-40c6-8aa4-3e943e3fd5cf","geometry":{"type":"Point","coordinates":[69.6002138,42.3070676]},"properties":{"city":"shymkent","overture_id":"2638572a-34da-40c6-8aa4-3e943e3fd5cf","overture_version":1,"sources":[{"property":"","dataset":"OpenStreetMap","license":"ODbL-1.0","record_id":"n12828330473@1","update_time":"2025-05-11T12:31:56Z","confidence":null,"between":null,"provider":"osm","resource":"planet","version":"2026-09-09"}],"k10_inside_bbox":true}},{"type":"Feature","id":"26428f31-18ce-4c05-b5f3-e2fbeb920544","geometry":{"type":"Point","coordinates":[69.6136875,42.3128489]},"properties":{"city":"shymkent","overture_id":"26428f31-18ce-4c05-b5f3-e2fbeb920544","overture_version":1,"sources":[{"property":"","dataset":"OpenStreetMap","license":"ODbL-1.0","record_id":"n11384193386@1","update_time":"2023-11-29T17:35:01Z","confidence":null,"between":null,"provider":"osm","resource":"planet","version":"2026-09-09"}],"k10_inside_bbox":true}},{"type":"Feature","id":"266d50b6-6873-45f9-8fb5-5a84e282341f","geometry":{"type":"Point","coordinates":[69.609702,42.3145439]},"properties":{"city":"shymkent","overture_id":"266d50b6-6873-45f9-8fb5-5a84e282341f","overture_version":1,"sources":[{"property":"","dataset":"OpenStreetMap","license":"ODbL-1.0","record_id":"n4358640779@1","update_time":"2016-08-20T08:37:55Z","confidence":null,"between":null,"provider":"osm","resource":"planet","version":"2026-09-09"}],"k10_inside_bbox":true}},{"type":"Feature","id":"267b2b02-87ba-4602-9e85-11a7297ec7ae","geometry":{"type":"Point","coordinates":[69.5933756,42.3071168]},"properties":{"city":"shymkent","overture_id":"267b2b02-87ba-4602-9e85-11a7297ec7ae","overture_version":2,"sources":[{"property":"","dataset":"OpenStreetMap","license":"ODbL-1.0","record_id":"n11148559516@2","update_time":"2026-04-21T12:41:03Z","confidence":null,"between":null,"provider":"osm","resource":"planet","version":"2026-09-09"}],"k10_inside_bbox":true}},{"type":"Feature","id":"268b0138-1f79-403b-8133-f35372a1f9fd","geometry":{"type":"Point","coordinates":[69.5969254,42.3207274]},"properties":{"city":"shymkent","overture_id":"268b0138-1f79-403b-8133-f35372a1f9fd","overture_version":1,"sources":[{"property":"","dataset":"OpenStreetMap","license":"ODbL-1.0","record_id":"n10731921351@1","update_time":"2023-03-13T03:38:15Z","confidence":null,"between":null,"provider":"osm","resource":"planet","version":"2026-09-09"}],"k10_inside_bbox":true}},{"type":"Feature","id":"26915da9-4a6d-4b0f-a5e3-8436e4947d08","geometry":{"type":"Point","coordinates":[69.6082219,42.3072536]},"properties":{"city":"shymkent","overture_id":"26915da9-4a6d-4b0f-a5e3-8436e4947d08","overture_version":1,"sources":[{"property":"","dataset":"OpenStreetMap","license":"ODbL-1.0","record_id":"n11384193532@1","update_time":"2023-11-29T17:35:01Z","confidence":null,"between":null,"provider":"osm","resource":"planet","version":"2026-09-09"}],"k10_inside_bbox":true}},{"type":"Feature","id":"269e3185-ed91-445a-bf7a-66e6652319b5","geometry":{"type":"Point","coordinates":[69.6067357,42.316571]},"properties":{"city":"shymkent","overture_id":"269e3185-ed91-445a-bf7a-66e6652319b5","overture_version":1,"sources":[{"property":"","dataset":"OpenStreetMap","license":"ODbL-1.0","record_id":"n11001128522@1","update_time":"2023-06-23T06:30:58Z","confidence":null,"between":null,"provider":"osm","resource":"planet","version":"2026-09-09"}],"k10_inside_bbox":true}},{"type":"Feature","id":"26c62368-9e4a-4f31-9c74-08498e7b38d4","geometry":{"type":"Point","coordinates":[69.5994062,42.3062653]},"properties":{"city":"shymkent","overture_id":"26c62368-9e4a-4f31-9c74-08498e7b38d4","overture_version":1,"sources":[{"property":"","dataset":"OpenStreetMap","license":"ODbL-1.0","record_id":"n12828330426@1","update_time":"2025-05-11T12:31:56Z","confidence":null,"between":null,"provider":"osm","resource":"planet","version":"2026-09-09"}],"k10_inside_bbox":false}},{"type":"Feature","id":"26c7b5b7-8efd-4b34-8440-c943703ee9d2","geometry":{"type":"Point","coordinates":[69.5992157,42.3065347]},"properties":{"city":"shymkent","overture_id":"26c7b5b7-8efd-4b34-8440-c943703ee9d2","overture_version":1,"sources":[{"property":"","dataset":"OpenStreetMap","license":"ODbL-1.0","record_id":"n12828298084@1","update_time":"2025-05-11T12:15:36Z","confidence":null,"between":null,"provider":"osm","resource":"planet","version":"2026-09-09"}],"k10_inside_bbox":false}},{"type":"Feature","id":"26d1e3fb-a946-409c-8378-12c1c0569a9d","geometry":{"type":"Point","coordinates":[69.6078148,42.3030337]},"properties":{"city":"shymkent","overture_id":"26d1e3fb-a946-409c-8378-12c1c0569a9d","overture_version":2,"sources":[{"property":"","dataset":"OpenStreetMap","license":"ODbL-1.0","record_id":"n13311470395@1","update_time":"2025-11-17T18:46:06Z","confidence":null,"between":null,"provider":"osm","resource":"planet","version":"2026-09-09"}],"k10_inside_bbox":false}},{"type":"Feature","id":"26fd4e82-b88d-410e-80e0-165e57aa031b","geometry":{"type":"Point","coordinates":[69.6036512,42.3217859]},"properties":{"city":"shymkent","overture_id":"26fd4e82-b88d-410e-80e0-165e57aa031b","overture_version":1,"sources":[{"property":"","dataset":"OpenStreetMap","license":"ODbL-1.0","record_id":"n11375783460@2","update_time":"2024-03-07T12:44:58Z","confidence":null,"between":null,"provider":"osm","resource":"planet","version":"2026-09-09"}],"k10_inside_bbox":true}},{"type":"Feature","id":"2752f920-72a4-49b6-afed-ed8ebe6f2674","geometry":{"type":"Point","coordinates":[69.6021461,42.313384]},"properties":{"city":"shymkent","overture_id":"2752f920-72a4-49b6-afed-ed8ebe6f2674","overture_version":1,"sources":[{"property":"","dataset":"OpenStreetMap","license":"ODbL-1.0","record_id":"n11384193172@1","update_time":"2023-11-29T17:35:01Z","confidence":null,"between":null,"provider":"osm","resource":"planet","version":"2026-09-09"}],"k10_inside_bbox":true}},{"type":"Feature","id":"279f6688-6431-4c2f-826b-161194cda4f2","geometry":{"type":"Point","coordinates":[69.5927248,42.3168144]},"properties":{"city":"shymkent","overture_id":"279f6688-6431-4c2f-826b-161194cda4f2","overture_version":2,"sources":[{"property":"","dataset":"OpenStreetMap","license":"ODbL-1.0","record_id":"n1437656011@3","update_time":"2025-06-29T06:12:14Z","confidence":null,"between":null,"provider":"osm","resource":"planet","version":"2026-09-09"}],"k10_inside_bbox":false}},{"type":"Feature","id":"27b9301c-700d-46c4-a928-12f1f2d6f159","geometry":{"type":"Point","coordinates":[69.6086488,42.3024178]},"properties":{"city":"shymkent","overture_id":"27b9301c-700d-46c4-a928-12f1f2d6f159","overture_version":1,"sources":[{"property":"","dataset":"OpenStreetMap","license":"ODbL-1.0","record_id":"n10157490953@1","update_time":"2022-11-04T17:00:46Z","confidence":null,"between":null,"provider":"osm","resource":"planet","version":"2026-09-09"}],"k10_inside_bbox":false}},{"type":"Feature","id":"27bc01c1-29c3-457b-9dc4-3f0f05b51c58","geometry":{"type":"Point","coordinates":[69.595223,42.3245822]},"properties":{"city":"shymkent","overture_id":"27bc01c1-29c3-457b-9dc4-3f0f05b51c58","overture_version":1,"sources":[{"property":"","dataset":"OpenStreetMap","license":"ODbL-1.0","record_id":"n12809848388@1","update_time":"2025-05-04T16:15:20Z","confidence":null,"between":null,"provider":"osm","resource":"planet","version":"2026-09-09"}],"k10_inside_bbox":true}},{"type":"Feature","id":"27c23a02-fc70-459e-8618-80fdfd4cdda1","geometry":{"type":"Point","coordinates":[69.5927743,42.3221049]},"properties":{"city":"shymkent","overture_id":"27c23a02-fc70-459e-8618-80fdfd4cdda1","overture_version":1,"sources":[{"property":"","dataset":"OpenStreetMap","license":"ODbL-1.0","record_id":"n9880857373@1","update_time":"2022-07-11T11:55:11Z","confidence":null,"between":null,"provider":"osm","resource":"planet","version":"2026-09-09"}],"k10_inside_bbox":false}},{"type":"Feature","id":"27fb40d2-082e-4f98-964c-bae9894d3484","geometry":{"type":"Point","coordinates":[69.5942201,42.318446]},"properties":{"city":"shymkent","overture_id":"27fb40d2-082e-4f98-964c-bae9894d3484","overture_version":1,"sources":[{"property":"","dataset":"OpenStreetMap","license":"ODbL-1.0","record_id":"n4346751774@1","update_time":"2016-08-12T03:59:58Z","confidence":null,"between":null,"provider":"osm","resource":"planet","version":"2026-09-09"}],"k10_inside_bbox":true}},{"type":"Feature","id":"2806f2df-feed-4f2f-95d2-d0bbebd48a2e","geometry":{"type":"Point","coordinates":[69.5945092,42.3113716]},"properties":{"city":"shymkent","overture_id":"2806f2df-feed-4f2f-95d2-d0bbebd48a2e","overture_version":1,"sources":[{"property":"","dataset":"OpenStreetMap","license":"ODbL-1.0","record_id":"n11922759633@2","update_time":"2026-05-22T11:01:11Z","confidence":null,"between":null,"provider":"osm","resource":"planet","version":"2026-09-09"}],"k10_inside_bbox":true}},{"type":"Feature","id":"2856f541-158c-43d9-818b-6e891dc5e5c2","geometry":{"type":"Point","coordinates":[69.5965543,42.3192683]},"properties":{"city":"shymkent","overture_id":"2856f541-158c-43d9-818b-6e891dc5e5c2","overture_version":1,"sources":[{"property":"","dataset":"OpenStreetMap","license":"ODbL-1.0","record_id":"n1299190487@7","update_time":"2016-11-12T09:54:19Z","confidence":null,"between":null,"provider":"osm","resource":"planet","version":"2026-09-09"}],"k10_inside_bbox":true}},{"type":"Feature","id":"29529065-4ba1-4d60-ba6f-461620d216a1","geometry":{"type":"Point","coordinates":[69.6104802,42.3066432]},"properties":{"city":"shymkent","overture_id":"29529065-4ba1-4d60-ba6f-461620d216a1","overture_version":1,"sources":[{"property":"","dataset":"OpenStreetMap","license":"ODbL-1.0","record_id":"n11054023027@1","update_time":"2023-07-19T01:58:03Z","confidence":null,"between":null,"provider":"osm","resource":"planet","version":"2026-09-09"}],"k10_inside_bbox":false}},{"type":"Feature","id":"29754386-d0dd-4707-8124-9ce2979ec2e1","geometry":{"type":"Point","coordinates":[69.5956893,42.3215336]},"properties":{"city":"shymkent","overture_id":"29754386-d0dd-4707-8124-9ce2979ec2e1","overture_version":1,"sources":[{"property":"","dataset":"OpenStreetMap","license":"ODbL-1.0","record_id":"n4346751761@2","update_time":"2019-11-05T15:27:54Z","confidence":null,"between":null,"provider":"osm","resource":"planet","version":"2026-09-09"}],"k10_inside_bbox":true}},{"type":"Feature","id":"297eb219-6227-43fd-ae3b-de67ada9e985","geometry":{"type":"Point","coordinates":[69.5931529,42.3075974]},"properties":{"city":"shymkent","overture_id":"297eb219-6227-43fd-ae3b-de67ada9e985","overture_version":1,"sources":[{"property":"","dataset":"OpenStreetMap","license":"ODbL-1.0","record_id":"n12830873270@1","update_time":"2025-05-12T16:12:11Z","confidence":null,"between":null,"provider":"osm","resource":"planet","version":"2026-09-09"}],"k10_inside_bbox":false}},{"type":"Feature","id":"299b05ca-ccc4-4ab2-995a-233c54411669","geometry":{"type":"Point","coordinates":[69.6078067,42.3158519]},"properties":{"city":"shymkent","overture_id":"299b05ca-ccc4-4ab2-995a-233c54411669","overture_version":1,"sources":[{"property":"","dataset":"OpenStreetMap","license":"ODbL-1.0","record_id":"n8167838391@4","update_time":"2025-05-08T04:08:13Z","confidence":null,"between":null,"provider":"osm","resource":"planet","version":"2026-09-09"}],"k10_inside_bbox":true}},{"type":"Feature","id":"29b77bc5-c2c1-421d-a6c8-31858e057676","geometry":{"type":"Point","coordinates":[69.5946135,42.3232654]},"properties":{"city":"shymkent","overture_id":"29b77bc5-c2c1-421d-a6c8-31858e057676","overture_version":1,"sources":[{"property":"","dataset":"OpenStreetMap","license":"ODbL-1.0","record_id":"n11929130953@1","update_time":"2024-05-23T18:00:15Z","confidence":null,"between":null,"provider":"osm","resource":"planet","version":"2026-09-09"}],"k10_inside_bbox":true}},{"type":"Feature","id":"2a1c267a-8fa9-4ef4-9445-c68c61cff023","geometry":{"type":"Point","coordinates":[69.6057064,42.3127427]},"properties":{"city":"shymkent","overture_id":"2a1c267a-8fa9-4ef4-9445-c68c61cff023","overture_version":1,"sources":[{"property":"","dataset":"OpenStreetMap","license":"ODbL-1.0","record_id":"n1326354689@1","update_time":"2011-06-15T12:36:32Z","confidence":null,"between":null,"provider":"osm","resource":"planet","version":"2026-09-09"}],"k10_inside_bbox":true}},{"type":"Feature","id":"2a5d6d5d-3864-4eac-a8a8-418a48dcfe53","geometry":{"type":"Point","coordinates":[69.6049294,42.3126381]},"properties":{"city":"shymkent","overture_id":"2a5d6d5d-3864-4eac-a8a8-418a48dcfe53","overture_version":1,"sources":[{"property":"","dataset":"OpenStreetMap","license":"ODbL-1.0","record_id":"n1326355529@2","update_time":"2011-09-06T11:47:58Z","confidence":null,"between":null,"provider":"osm","resource":"planet","version":"2026-09-09"}],"k10_inside_bbox":true}},{"type":"Feature","id":"2a7dad3a-2068-4ac8-bc1b-29c6aa761a10","geometry":{"type":"Point","coordinates":[69.6012211,42.3205772]},"properties":{"city":"shymkent","overture_id":"2a7dad3a-2068-4ac8-bc1b-29c6aa761a10","overture_version":1,"sources":[{"property":"","dataset":"OpenStreetMap","license":"ODbL-1.0","record_id":"n11375783451@1","update_time":"2023-11-25T18:49:10Z","confidence":null,"between":null,"provider":"osm","resource":"planet","version":"2026-09-09"}],"k10_inside_bbox":true}},{"type":"Feature","id":"2a96cdb0-b257-48f2-bb6f-05fae1080179","geometry":{"type":"Point","coordinates":[69.5940356,42.3219992]},"properties":{"city":"shymkent","overture_id":"2a96cdb0-b257-48f2-bb6f-05fae1080179","overture_version":1,"sources":[{"property":"","dataset":"OpenStreetMap","license":"ODbL-1.0","record_id":"n11934561812@1","update_time":"2024-05-26T08:47:45Z","confidence":null,"between":null,"provider":"osm","resource":"planet","version":"2026-09-09"}],"k10_inside_bbox":true}},{"type":"Feature","id":"2ac346ce-30b8-438a-afc6-0a252fde230c","geometry":{"type":"Point","coordinates":[69.5995606,42.3094852]},"properties":{"city":"shymkent","overture_id":"2ac346ce-30b8-438a-afc6-0a252fde230c","overture_version":2,"sources":[{"property":"","dataset":"OpenStreetMap","license":"ODbL-1.0","record_id":"n13308615966@1","update_time":"2025-11-16T17:33:45Z","confidence":null,"between":null,"provider":"osm","resource":"planet","version":"2026-09-09"}],"k10_inside_bbox":true}},{"type":"Feature","id":"2af358c4-b5c2-4226-8a76-4668cc5e04fa","geometry":{"type":"Point","coordinates":[69.6097953,42.3147604]},"properties":{"city":"shymkent","overture_id":"2af358c4-b5c2-4226-8a76-4668cc5e04fa","overture_version":1,"sources":[{"property":"","dataset":"OpenStreetMap","license":"ODbL-1.0","record_id":"n11384193412@1","update_time":"2023-11-29T17:35:01Z","confidence":null,"between":null,"provider":"osm","resource":"planet","version":"2026-09-09"}],"k10_inside_bbox":true}},{"type":"Feature","id":"2aff9e35-eb53-4fa9-bef3-8dc4ac78f08b","geometry":{"type":"Point","coordinates":[69.6038797,42.3133676]},"properties":{"city":"shymkent","overture_id":"2aff9e35-eb53-4fa9-bef3-8dc4ac78f08b","overture_version":1,"sources":[{"property":"","dataset":"OpenStreetMap","license":"ODbL-1.0","record_id":"n1326355459@2","update_time":"2011-09-06T11:47:57Z","confidence":null,"between":null,"provider":"osm","resource":"planet","version":"2026-09-09"}],"k10_inside_bbox":true}},{"type":"Feature","id":"2b00fa6b-13a1-4f1f-93ba-ee7ab847f6a3","geometry":{"type":"Point","coordinates":[69.6074867,42.3132042]},"properties":{"city":"shymkent","overture_id":"2b00fa6b-13a1-4f1f-93ba-ee7ab847f6a3","overture_version":1,"sources":[{"property":"","dataset":"OpenStreetMap","license":"ODbL-1.0","record_id":"n11384193261@1","update_time":"2023-11-29T17:35:01Z","confidence":null,"between":null,"provider":"osm","resource":"planet","version":"2026-09-09"}],"k10_inside_bbox":true}},{"type":"Feature","id":"2b1c2aba-5d2b-4b20-ab8e-063c82ed2f5d","geometry":{"type":"Point","coordinates":[69.6026472,42.320858]},"properties":{"city":"shymkent","overture_id":"2b1c2aba-5d2b-4b20-ab8e-063c82ed2f5d","overture_version":1,"sources":[{"property":"","dataset":"OpenStreetMap","license":"ODbL-1.0","record_id":"n11375783456@1","update_time":"2023-11-25T18:49:10Z","confidence":null,"between":null,"provider":"osm","resource":"planet","version":"2026-09-09"}],"k10_inside_bbox":true}},{"type":"Feature","id":"2b2ea6e4-a0fb-4e30-b5a6-fbeafca8abd8","geometry":{"type":"Point","coordinates":[69.6163272,42.3122083]},"properties":{"city":"shymkent","overture_id":"2b2ea6e4-a0fb-4e30-b5a6-fbeafca8abd8","overture_version":1,"sources":[{"property":"","dataset":"OpenStreetMap","license":"ODbL-1.0","record_id":"n11384193205@1","update_time":"2023-11-29T17:35:01Z","confidence":null,"between":null,"provider":"osm","resource":"planet","version":"2026-09-09"}],"k10_inside_bbox":true}},{"type":"Feature","id":"2b445fa5-4e37-4155-8b5f-867ebb7edabe","geometry":{"type":"Point","coordinates":[69.607111,42.3198355]},"properties":{"city":"shymkent","overture_id":"2b445fa5-4e37-4155-8b5f-867ebb7edabe","overture_version":1,"sources":[{"property":"","dataset":"OpenStreetMap","license":"ODbL-1.0","record_id":"n11375783495@1","update_time":"2023-11-25T18:49:10Z","confidence":null,"between":null,"provider":"osm","resource":"planet","version":"2026-09-09"}],"k10_inside_bbox":true}},{"type":"Feature","id":"2b6891cc-d9b4-43fa-bb11-b5b2c8852941","geometry":{"type":"Point","coordinates":[69.6176094,42.3158808]},"properties":{"city":"shymkent","overture_id":"2b6891cc-d9b4-43fa-bb11-b5b2c8852941","overture_version":1,"sources":[{"property":"","dataset":"OpenStreetMap","license":"ODbL-1.0","record_id":"n11375783387@1","update_time":"2023-11-25T18:49:10Z","confidence":null,"between":null,"provider":"osm","resource":"planet","version":"2026-09-09"}],"k10_inside_bbox":true}},{"type":"Feature","id":"2ba00e1d-34fb-4df3-8446-5e8f8b7140c4","geometry":{"type":"Point","coordinates":[69.6161576,42.3080839]},"properties":{"city":"shymkent","overture_id":"2ba00e1d-34fb-4df3-8446-5e8f8b7140c4","overture_version":2,"sources":[{"property":"","dataset":"OpenStreetMap","license":"ODbL-1.0","record_id":"n11384193224@2","update_time":"2025-09-17T02:47:38Z","confidence":null,"between":null,"provider":"osm","resource":"planet","version":"2026-09-09"}],"k10_inside_bbox":true}},{"type":"Feature","id":"2be24ae5-8d92-4585-a102-b8eea5077fa1","geometry":{"type":"Point","coordinates":[69.6015671,42.3183222]},"properties":{"city":"shymkent","overture_id":"2be24ae5-8d92-4585-a102-b8eea5077fa1","overture_version":1,"sources":[{"property":"","dataset":"OpenStreetMap","license":"ODbL-1.0","record_id":"n11191928578@1","update_time":"2023-09-15T02:04:05Z","confidence":null,"between":null,"provider":"osm","resource":"planet","version":"2026-09-09"}],"k10_inside_bbox":true}},{"type":"Feature","id":"2bea5ad1-1d42-499e-8197-7653be0a6008","geometry":{"type":"Point","coordinates":[69.6003347,42.3166745]},"properties":{"city":"shymkent","overture_id":"2bea5ad1-1d42-499e-8197-7653be0a6008","overture_version":1,"sources":[{"property":"","dataset":"OpenStreetMap","license":"ODbL-1.0","record_id":"n8069568553@1","update_time":"2020-10-31T19:30:44Z","confidence":null,"between":null,"provider":"osm","resource":"planet","version":"2026-09-09"}],"k10_inside_bbox":true}},{"type":"Feature","id":"2c82d3f9-cf36-4aa6-b71b-d0e3f0d88d36","geometry":{"type":"Point","coordinates":[69.5937969,42.3239308]},"properties":{"city":"shymkent","overture_id":"2c82d3f9-cf36-4aa6-b71b-d0e3f0d88d36","overture_version":1,"sources":[{"property":"","dataset":"OpenStreetMap","license":"ODbL-1.0","record_id":"n1539093496@1","update_time":"2011-12-10T06:37:09Z","confidence":null,"between":null,"provider":"osm","resource":"planet","version":"2026-09-09"}],"k10_inside_bbox":true}},{"type":"Feature","id":"2cb0b526-6f3f-42e2-ad41-ef1c13c05de2","geometry":{"type":"Point","coordinates":[69.6107138,42.3225444]},"properties":{"city":"shymkent","overture_id":"2cb0b526-6f3f-42e2-ad41-ef1c13c05de2","overture_version":1,"sources":[{"property":"","dataset":"OpenStreetMap","license":"ODbL-1.0","record_id":"n1240512272@3","update_time":"2024-09-05T07:06:14Z","confidence":null,"between":null,"provider":"osm","resource":"planet","version":"2026-09-09"}],"k10_inside_bbox":true}},{"type":"Feature","id":"2cba5027-e32b-4668-8e63-205aa36744ab","geometry":{"type":"Point","coordinates":[69.5995052,42.3248612]},"properties":{"city":"shymkent","overture_id":"2cba5027-e32b-4668-8e63-205aa36744ab","overture_version":1,"sources":[{"property":"","dataset":"OpenStreetMap","license":"ODbL-1.0","record_id":"n12098103377@1","update_time":"2024-08-08T03:07:25Z","confidence":null,"between":null,"provider":"osm","resource":"planet","version":"2026-09-09"}],"k10_inside_bbox":false}},{"type":"Feature","id":"2ccaef0c-f166-432d-acec-32b5535b981e","geometry":{"type":"Point","coordinates":[69.5933578,42.3228349]},"properties":{"city":"shymkent","overture_id":"2ccaef0c-f166-432d-acec-32b5535b981e","overture_version":1,"sources":[{"property":"","dataset":"OpenStreetMap","license":"ODbL-1.0","record_id":"n8239576309@2","update_time":"2023-03-13T03:38:15Z","confidence":null,"between":null,"provider":"osm","resource":"planet","version":"2026-09-09"}],"k10_inside_bbox":false}},{"type":"Feature","id":"2ce0353f-5b23-4834-ac75-05aaf5efbe9e","geometry":{"type":"Point","coordinates":[69.603487,42.3169905]},"properties":{"city":"shymkent","overture_id":"2ce0353f-5b23-4834-ac75-05aaf5efbe9e","overture_version":2,"sources":[{"property":"","dataset":"OpenStreetMap","license":"ODbL-1.0","record_id":"n1434183754@4","update_time":"2025-06-27T06:41:14Z","confidence":null,"between":null,"provider":"osm","resource":"planet","version":"2026-09-09"}],"k10_inside_bbox":true}},{"type":"Feature","id":"2cfd133d-659f-476a-8793-6748fad98011","geometry":{"type":"Point","coordinates":[69.6035235,42.3126331]},"properties":{"city":"shymkent","overture_id":"2cfd133d-659f-476a-8793-6748fad98011","overture_version":1,"sources":[{"property":"","dataset":"OpenStreetMap","license":"ODbL-1.0","record_id":"n1326355567@1","update_time":"2011-06-15T12:36:57Z","confidence":null,"between":null,"provider":"osm","resource":"planet","version":"2026-09-09"}],"k10_inside_bbox":true}},{"type":"Feature","id":"2d1986a4-c6f1-414b-a641-0153e84e51e1","geometry":{"type":"Point","coordinates":[69.6119585,42.3222443]},"properties":{"city":"shymkent","overture_id":"2d1986a4-c6f1-414b-a641-0153e84e51e1","overture_version":1,"sources":[{"property":"","dataset":"OpenStreetMap","license":"ODbL-1.0","record_id":"n5434930062@1","update_time":"2018-02-25T11:14:20Z","confidence":null,"between":null,"provider":"osm","resource":"planet","version":"2026-09-09"}],"k10_inside_bbox":true}},{"type":"Feature","id":"2d253028-87af-477a-82df-52484a5e372c","geometry":{"type":"Point","coordinates":[69.6042219,42.312903]},"properties":{"city":"shymkent","overture_id":"2d253028-87af-477a-82df-52484a5e372c","overture_version":1,"sources":[{"property":"","dataset":"OpenStreetMap","license":"ODbL-1.0","record_id":"n1326355192@1","update_time":"2011-06-15T12:36:44Z","confidence":null,"between":null,"provider":"osm","resource":"planet","version":"2026-09-09"}],"k10_inside_bbox":true}},{"type":"Feature","id":"2d2a6c40-59de-437d-b996-72f1274c5579","geometry":{"type":"Point","coordinates":[69.6071903,42.3179047]},"properties":{"city":"shymkent","overture_id":"2d2a6c40-59de-437d-b996-72f1274c5579","overture_version":1,"sources":[{"property":"","dataset":"OpenStreetMap","license":"ODbL-1.0","record_id":"n10755284707@1","update_time":"2023-03-23T06:02:04Z","confidence":null,"between":null,"provider":"osm","resource":"planet","version":"2026-09-09"}],"k10_inside_bbox":true}},{"type":"Feature","id":"2d42e713-996b-4060-8056-65403be2ec5f","geometry":{"type":"Point","coordinates":[69.5999338,42.3087096]},"properties":{"city":"shymkent","overture_id":"2d42e713-996b-4060-8056-65403be2ec5f","overture_version":1,"sources":[{"property":"","dataset":"OpenStreetMap","license":"ODbL-1.0","record_id":"n1804778788@5","update_time":"2025-05-11T13:58:56Z","confidence":null,"between":null,"provider":"osm","resource":"planet","version":"2026-09-09"}],"k10_inside_bbox":true}},{"type":"Feature","id":"2d4c5338-066e-4576-8ebe-5d5d3ae241d4","geometry":{"type":"Point","coordinates":[69.5975464,42.3160563]},"properties":{"city":"shymkent","overture_id":"2d4c5338-066e-4576-8ebe-5d5d3ae241d4","overture_version":2,"sources":[{"property":"","dataset":"OpenStreetMap","license":"ODbL-1.0","record_id":"n8069568507@2","update_time":"2026-05-27T16:36:36Z","confidence":null,"between":null,"provider":"osm","resource":"planet","version":"2026-09-09"}],"k10_inside_bbox":true}},{"type":"Feature","id":"2d50061e-1530-4656-af31-c9f6e621451f","geometry":{"type":"Point","coordinates":[69.5949284,42.3209443]},"properties":{"city":"shymkent","overture_id":"2d50061e-1530-4656-af31-c9f6e621451f","overture_version":1,"sources":[{"property":"","dataset":"OpenStreetMap","license":"ODbL-1.0","record_id":"n10731921322@1","update_time":"2023-03-13T03:38:15Z","confidence":null,"between":null,"provider":"osm","resource":"planet","version":"2026-09-09"}],"k10_inside_bbox":true}},{"type":"Feature","id":"2d567399-92db-4eff-8945-745a44907136","geometry":{"type":"Point","coordinates":[69.5938855,42.321148]},"properties":{"city":"shymkent","overture_id":"2d567399-92db-4eff-8945-745a44907136","overture_version":1,"sources":[{"property":"","dataset":"OpenStreetMap","license":"ODbL-1.0","record_id":"n1451855067@2","update_time":"2018-11-23T20:33:08Z","confidence":null,"between":null,"provider":"osm","resource":"planet","version":"2026-09-09"}],"k10_inside_bbox":true}},{"type":"Feature","id":"2d62f4f5-184d-4587-9658-fcf2b1ca8a74","geometry":{"type":"Point","coordinates":[69.6090378,42.3130018]},"properties":{"city":"shymkent","overture_id":"2d62f4f5-184d-4587-9658-fcf2b1ca8a74","overture_version":1,"sources":[{"property":"","dataset":"OpenStreetMap","license":"ODbL-1.0","record_id":"n11384193267@1","update_time":"2023-11-29T17:35:01Z","confidence":null,"between":null,"provider":"osm","resource":"planet","version":"2026-09-09"}],"k10_inside_bbox":true}},{"type":"Feature","id":"2d63554a-dc51-4a86-828f-2619527cc3da","geometry":{"type":"Point","coordinates":[69.5978116,42.3057638]},"properties":{"city":"shymkent","overture_id":"2d63554a-dc51-4a86-828f-2619527cc3da","overture_version":1,"sources":[{"property":"","dataset":"OpenStreetMap","license":"ODbL-1.0","record_id":"n12804572575@2","update_time":"2025-05-11T13:58:56Z","confidence":null,"between":null,"provider":"osm","resource":"planet","version":"2026-09-09"}],"k10_inside_bbox":false}},{"type":"Feature","id":"2d74d4be-4097-4aa6-9d9c-ce07eee98a96","geometry":{"type":"Point","coordinates":[69.5940477,42.3096333]},"properties":{"city":"shymkent","overture_id":"2d74d4be-4097-4aa6-9d9c-ce07eee98a96","overture_version":1,"sources":[{"property":"","dataset":"OpenStreetMap","license":"ODbL-1.0","record_id":"n3737290105@1","update_time":"2015-09-10T11:12:33Z","confidence":null,"between":null,"provider":"osm","resource":"planet","version":"2026-09-09"}],"k10_inside_bbox":true}},{"type":"Feature","id":"2d7a4d5a-72cb-465e-ae3e-f75ad381d67a","geometry":{"type":"Point","coordinates":[69.5932756,42.3199257]},"properties":{"city":"shymkent","overture_id":"2d7a4d5a-72cb-465e-ae3e-f75ad381d67a","overture_version":1,"sources":[{"property":"","dataset":"OpenStreetMap","license":"ODbL-1.0","record_id":"n1323489667@2","update_time":"2011-06-14T05:13:23Z","confidence":null,"between":null,"provider":"osm","resource":"planet","version":"2026-09-09"}],"k10_inside_bbox":false}},{"type":"Feature","id":"2d87c9d4-67d0-4ae5-bc5b-3c3667a6c75b","geometry":{"type":"Point","coordinates":[69.6094693,42.3062672]},"properties":{"city":"shymkent","overture_id":"2d87c9d4-67d0-4ae5-bc5b-3c3667a6c75b","overture_version":1,"sources":[{"property":"","dataset":"OpenStreetMap","license":"ODbL-1.0","record_id":"n11384193512@1","update_time":"2023-11-29T17:35:01Z","confidence":null,"between":null,"provider":"osm","resource":"planet","version":"2026-09-09"}],"k10_inside_bbox":false}},{"type":"Feature","id":"2dbf22c7-36d8-436d-8ef1-7ce06558a990","geometry":{"type":"Point","coordinates":[69.6016899,42.3201452]},"properties":{"city":"shymkent","overture_id":"2dbf22c7-36d8-436d-8ef1-7ce06558a990","overture_version":1,"sources":[{"property":"","dataset":"OpenStreetMap","license":"ODbL-1.0","record_id":"n11375783437@1","update_time":"2023-11-25T18:49:10Z","confidence":null,"between":null,"provider":"osm","resource":"planet","version":"2026-09-09"}],"k10_inside_bbox":true}},{"type":"Feature","id":"2dfefc2d-0639-4f61-a155-a64de957a1d9","geometry":{"type":"Point","coordinates":[69.596614,42.3167655]},"properties":{"city":"shymkent","overture_id":"2dfefc2d-0639-4f61-a155-a64de957a1d9","overture_version":1,"sources":[{"property":"","dataset":"OpenStreetMap","license":"ODbL-1.0","record_id":"n12061216904@2","update_time":"2025-05-08T04:08:13Z","confidence":null,"between":null,"provider":"osm","resource":"planet","version":"2026-09-09"}],"k10_inside_bbox":true}},{"type":"Feature","id":"2e102c50-14bb-4831-8425-5db9d3d75e20","geometry":{"type":"Point","coordinates":[69.6009599,42.3158319]},"properties":{"city":"shymkent","overture_id":"2e102c50-14bb-4831-8425-5db9d3d75e20","overture_version":1,"sources":[{"property":"","dataset":"OpenStreetMap","license":"ODbL-1.0","record_id":"n8069568488@1","update_time":"2020-10-31T19:30:44Z","confidence":null,"between":null,"provider":"osm","resource":"planet","version":"2026-09-09"}],"k10_inside_bbox":true}},{"type":"Feature","id":"2e630fb8-8f2d-4f90-96de-922ee55d0bf6","geometry":{"type":"Point","coordinates":[69.597047,42.3194565]},"properties":{"city":"shymkent","overture_id":"2e630fb8-8f2d-4f90-96de-922ee55d0bf6","overture_version":1,"sources":[{"property":"","dataset":"OpenStreetMap","license":"ODbL-1.0","record_id":"n10731921372@1","update_time":"2023-03-13T03:38:15Z","confidence":null,"between":null,"provider":"osm","resource":"planet","version":"2026-09-09"}],"k10_inside_bbox":true}},{"type":"Feature","id":"2e716e51-5e8e-462d-b66c-41353b4750f9","geometry":{"type":"Point","coordinates":[69.6024511,42.3204145]},"properties":{"city":"shymkent","overture_id":"2e716e51-5e8e-462d-b66c-41353b4750f9","overture_version":1,"sources":[{"property":"","dataset":"OpenStreetMap","license":"ODbL-1.0","record_id":"n11375783444@1","update_time":"2023-11-25T18:49:10Z","confidence":null,"between":null,"provider":"osm","resource":"planet","version":"2026-09-09"}],"k10_inside_bbox":true}},{"type":"Feature","id":"2ecc703a-983f-41b5-b784-5c6710cf2d83","geometry":{"type":"Point","coordinates":[69.6100621,42.3153881]},"properties":{"city":"shymkent","overture_id":"2ecc703a-983f-41b5-b784-5c6710cf2d83","overture_version":1,"sources":[{"property":"","dataset":"OpenStreetMap","license":"ODbL-1.0","record_id":"n1252591942@3","update_time":"2020-11-26T12:51:50Z","confidence":null,"between":null,"provider":"osm","resource":"planet","version":"2026-09-09"}],"k10_inside_bbox":true}},{"type":"Feature","id":"2eefee36-3e70-4dbc-88de-722d9c43946c","geometry":{"type":"Point","coordinates":[69.6062811,42.3178004]},"properties":{"city":"shymkent","overture_id":"2eefee36-3e70-4dbc-88de-722d9c43946c","overture_version":1,"sources":[{"property":"","dataset":"OpenStreetMap","license":"ODbL-1.0","record_id":"n1848705700@2","update_time":"2023-06-15T06:51:32Z","confidence":null,"between":null,"provider":"osm","resource":"planet","version":"2026-09-09"}],"k10_inside_bbox":true}},{"type":"Feature","id":"2efdb1a4-010a-4083-8485-09083ae0d313","geometry":{"type":"Point","coordinates":[69.606988,42.3127766]},"properties":{"city":"shymkent","overture_id":"2efdb1a4-010a-4083-8485-09083ae0d313","overture_version":1,"sources":[{"property":"","dataset":"OpenStreetMap","license":"ODbL-1.0","record_id":"n1327031554@1","update_time":"2011-06-16T02:55:15Z","confidence":null,"between":null,"provider":"osm","resource":"planet","version":"2026-09-09"}],"k10_inside_bbox":true}},{"type":"Feature","id":"2f001629-c1a9-4068-897d-2555a50c9938","geometry":{"type":"Point","coordinates":[69.5983387,42.3061186]},"properties":{"city":"shymkent","overture_id":"2f001629-c1a9-4068-897d-2555a50c9938","overture_version":1,"sources":[{"property":"","dataset":"OpenStreetMap","license":"ODbL-1.0","record_id":"n1804778449@3","update_time":"2023-08-27T16:41:50Z","confidence":null,"between":null,"provider":"osm","resource":"planet","version":"2026-09-09"}],"k10_inside_bbox":false}},{"type":"Feature","id":"2f59d363-ffb1-441e-9fc7-a8c4a7bf87a1","geometry":{"type":"Point","coordinates":[69.6003263,42.3064755]},"properties":{"city":"shymkent","overture_id":"2f59d363-ffb1-441e-9fc7-a8c4a7bf87a1","overture_version":1,"sources":[{"property":"","dataset":"OpenStreetMap","license":"ODbL-1.0","record_id":"n1804778547@3","update_time":"2025-05-11T13:58:56Z","confidence":null,"between":null,"provider":"osm","resource":"planet","version":"2026-09-09"}],"k10_inside_bbox":false}},{"type":"Feature","id":"2f7519c6-5b31-4307-ab2f-afb5d50b65a0","geometry":{"type":"Point","coordinates":[69.5981653,42.3155592]},"properties":{"city":"shymkent","overture_id":"2f7519c6-5b31-4307-ab2f-afb5d50b65a0","overture_version":3,"sources":[{"property":"","dataset":"OpenStreetMap","license":"ODbL-1.0","record_id":"n8069568499@4","update_time":"2026-05-27T16:36:36Z","confidence":null,"between":null,"provider":"osm","resource":"planet","version":"2026-09-09"}],"k10_inside_bbox":true}},{"type":"Feature","id":"2fcd83dc-5681-4864-8c18-7aeeb0685adc","geometry":{"type":"Point","coordinates":[69.5962222,42.3231217]},"properties":{"city":"shymkent","overture_id":"2fcd83dc-5681-4864-8c18-7aeeb0685adc","overture_version":1,"sources":[{"property":"","dataset":"OpenStreetMap","license":"ODbL-1.0","record_id":"n11104090807@1","update_time":"2023-08-10T06:29:02Z","confidence":null,"between":null,"provider":"osm","resource":"planet","version":"2026-09-09"}],"k10_inside_bbox":true}},{"type":"Feature","id":"302f3373-10a2-48ac-a5c4-75ea457bf2d4","geometry":{"type":"Point","coordinates":[69.6062391,42.3129743]},"properties":{"city":"shymkent","overture_id":"302f3373-10a2-48ac-a5c4-75ea457bf2d4","overture_version":1,"sources":[{"property":"","dataset":"OpenStreetMap","license":"ODbL-1.0","record_id":"n1326355647@1","update_time":"2011-06-15T12:37:02Z","confidence":null,"between":null,"provider":"osm","resource":"planet","version":"2026-09-09"}],"k10_inside_bbox":true}},{"type":"Feature","id":"306c5e32-b8a7-4e37-a272-038a8dc838ff","geometry":{"type":"Point","coordinates":[69.6063129,42.3190639]},"properties":{"city":"shymkent","overture_id":"306c5e32-b8a7-4e37-a272-038a8dc838ff","overture_version":1,"sources":[{"property":"","dataset":"OpenStreetMap","license":"ODbL-1.0","record_id":"n10755269282@1","update_time":"2023-03-23T06:02:04Z","confidence":null,"between":null,"provider":"osm","resource":"planet","version":"2026-09-09"}],"k10_inside_bbox":true}},{"type":"Feature","id":"30921749-9a51-4e85-b3db-e840f8e7105b","geometry":{"type":"Point","coordinates":[69.5981902,42.3093166]},"properties":{"city":"shymkent","overture_id":"30921749-9a51-4e85-b3db-e840f8e7105b","overture_version":1,"sources":[{"property":"","dataset":"OpenStreetMap","license":"ODbL-1.0","record_id":"n13272759447@2","update_time":"2026-05-20T11:46:55Z","confidence":null,"between":null,"provider":"osm","resource":"planet","version":"2026-09-09"}],"k10_inside_bbox":true}},{"type":"Feature","id":"3093f2a1-49bc-4e7f-89a4-a6db6f43b4fb","geometry":{"type":"Point","coordinates":[69.6000135,42.3069427]},"properties":{"city":"shymkent","overture_id":"3093f2a1-49bc-4e7f-89a4-a6db6f43b4fb","overture_version":1,"sources":[{"property":"","dataset":"OpenStreetMap","license":"ODbL-1.0","record_id":"n12828330479@1","update_time":"2025-05-11T12:31:56Z","confidence":null,"between":null,"provider":"osm","resource":"planet","version":"2026-09-09"}],"k10_inside_bbox":true}},{"type":"Feature","id":"30bfdc58-935a-439b-a5f3-86a12666ba05","geometry":{"type":"Point","coordinates":[69.5983199,42.3193093]},"properties":{"city":"shymkent","overture_id":"30bfdc58-935a-439b-a5f3-86a12666ba05","overture_version":1,"sources":[{"property":"","dataset":"OpenStreetMap","license":"ODbL-1.0","record_id":"n10731921320@1","update_time":"2023-03-13T03:38:15Z","confidence":null,"between":null,"provider":"osm","resource":"planet","version":"2026-09-09"}],"k10_inside_bbox":true}},{"type":"Feature","id":"3109918f-9cf8-40b9-a8f5-e38258028f76","geometry":{"type":"Point","coordinates":[69.5927738,42.31777]},"properties":{"city":"shymkent","overture_id":"3109918f-9cf8-40b9-a8f5-e38258028f76","overture_version":2,"sources":[{"property":"","dataset":"OpenStreetMap","license":"ODbL-1.0","record_id":"n11943588186@2","update_time":"2025-06-29T06:12:14Z","confidence":null,"between":null,"provider":"osm","resource":"planet","version":"2026-09-09"}],"k10_inside_bbox":false}},{"type":"Feature","id":"3117c9f9-17f3-4c6b-9bad-d0a9f7c47eb4","geometry":{"type":"Point","coordinates":[69.6005165,42.3129357]},"properties":{"city":"shymkent","overture_id":"3117c9f9-17f3-4c6b-9bad-d0a9f7c47eb4","overture_version":2,"sources":[{"property":"","dataset":"OpenStreetMap","license":"ODbL-1.0","record_id":"n8230925074@2","update_time":"2025-07-01T10:47:55Z","confidence":null,"between":null,"provider":"osm","resource":"planet","version":"2026-09-09"}],"k10_inside_bbox":true}},{"type":"Feature","id":"31a3f329-8362-4d5c-add8-e15a7a2dbb31","geometry":{"type":"Point","coordinates":[69.6142997,42.3093237]},"properties":{"city":"shymkent","overture_id":"31a3f329-8362-4d5c-add8-e15a7a2dbb31","overture_version":1,"sources":[{"property":"","dataset":"OpenStreetMap","license":"ODbL-1.0","record_id":"n4336513649@1","update_time":"2016-08-05T05:24:56Z","confidence":null,"between":null,"provider":"osm","resource":"planet","version":"2026-09-09"}],"k10_inside_bbox":true}},{"type":"Feature","id":"31b94f25-c47e-430d-a615-03cbf98e2f36","geometry":{"type":"Point","coordinates":[69.6145538,42.3058219]},"properties":{"city":"shymkent","overture_id":"31b94f25-c47e-430d-a615-03cbf98e2f36","overture_version":1,"sources":[{"property":"","dataset":"OpenStreetMap","license":"ODbL-1.0","record_id":"n5492610384@1","update_time":"2018-03-21T04:38:38Z","confidence":null,"between":null,"provider":"osm","resource":"planet","version":"2026-09-09"}],"k10_inside_bbox":false}},{"type":"Feature","id":"3201ffd8-894c-4da0-aa99-3bcf9143e660","geometry":{"type":"Point","coordinates":[69.5946435,42.3232127]},"properties":{"city":"shymkent","overture_id":"3201ffd8-894c-4da0-aa99-3bcf9143e660","overture_version":1,"sources":[{"property":"","dataset":"OpenStreetMap","license":"ODbL-1.0","record_id":"n10731921318@1","update_time":"2023-03-13T03:38:15Z","confidence":null,"between":null,"provider":"osm","resource":"planet","version":"2026-09-09"}],"k10_inside_bbox":true}},{"type":"Feature","id":"327fa028-b88e-43da-8e7d-ae4af16cb5ac","geometry":{"type":"Point","coordinates":[69.6033666,42.3115152]},"properties":{"city":"shymkent","overture_id":"327fa028-b88e-43da-8e7d-ae4af16cb5ac","overture_version":2,"sources":[{"property":"","dataset":"OpenStreetMap","license":"ODbL-1.0","record_id":"n12818487780@2","update_time":"2026-05-27T18:04:03Z","confidence":null,"between":null,"provider":"osm","resource":"planet","version":"2026-09-09"}],"k10_inside_bbox":true}},{"type":"Feature","id":"32a4c377-cfcd-472f-bddd-d733c4e04350","geometry":{"type":"Point","coordinates":[69.6050002,42.3126222]},"properties":{"city":"shymkent","overture_id":"32a4c377-cfcd-472f-bddd-d733c4e04350","overture_version":1,"sources":[{"property":"","dataset":"OpenStreetMap","license":"ODbL-1.0","record_id":"n1326354916@2","update_time":"2011-09-06T11:47:55Z","confidence":null,"between":null,"provider":"osm","resource":"planet","version":"2026-09-09"}],"k10_inside_bbox":true}},{"type":"Feature","id":"32ad1ec0-5596-4ae5-a576-63ffd827312c","geometry":{"type":"Point","coordinates":[69.6098294,42.3072733]},"properties":{"city":"shymkent","overture_id":"32ad1ec0-5596-4ae5-a576-63ffd827312c","overture_version":1,"sources":[{"property":"","dataset":"OpenStreetMap","license":"ODbL-1.0","record_id":"n11054025377@1","update_time":"2023-07-19T01:52:11Z","confidence":null,"between":null,"provider":"osm","resource":"planet","version":"2026-09-09"}],"k10_inside_bbox":true}},{"type":"Feature","id":"32cd2ef9-1185-4606-ac6c-1837a92f80b4","geometry":{"type":"Point","coordinates":[69.6036066,42.3128299]},"properties":{"city":"shymkent","overture_id":"32cd2ef9-1185-4606-ac6c-1837a92f80b4","overture_version":1,"sources":[{"property":"","dataset":"OpenStreetMap","license":"ODbL-1.0","record_id":"n1326355443@1","update_time":"2011-06-15T12:36:51Z","confidence":null,"between":null,"provider":"osm","resource":"planet","version":"2026-09-09"}],"k10_inside_bbox":true}},{"type":"Feature","id":"32e24a88-e441-43e4-80be-b2f5f985fb87","geometry":{"type":"Point","coordinates":[69.603532,42.3072543]},"properties":{"city":"shymkent","overture_id":"32e24a88-e441-43e4-80be-b2f5f985fb87","overture_version":2,"sources":[{"property":"","dataset":"OpenStreetMap","license":"ODbL-1.0","record_id":"n13311470425@1","update_time":"2025-11-17T18:46:06Z","confidence":null,"between":null,"provider":"osm","resource":"planet","version":"2026-09-09"}],"k10_inside_bbox":true}},{"type":"Feature","id":"332bb560-85eb-450b-aad3-b79707f4aea8","geometry":{"type":"Point","coordinates":[69.6164406,42.3143838]},"properties":{"city":"shymkent","overture_id":"332bb560-85eb-450b-aad3-b79707f4aea8","overture_version":1,"sources":[{"property":"","dataset":"OpenStreetMap","license":"ODbL-1.0","record_id":"n11375783395@1","update_time":"2023-11-25T18:49:10Z","confidence":null,"between":null,"provider":"osm","resource":"planet","version":"2026-09-09"}],"k10_inside_bbox":true}},{"type":"Feature","id":"33344b80-bb4b-43ee-a87c-ee0e8ca35046","geometry":{"type":"Point","coordinates":[69.6049994,42.3127824]},"properties":{"city":"shymkent","overture_id":"33344b80-bb4b-43ee-a87c-ee0e8ca35046","overture_version":1,"sources":[{"property":"","dataset":"OpenStreetMap","license":"ODbL-1.0","record_id":"n1326355612@2","update_time":"2011-09-06T11:47:58Z","confidence":null,"between":null,"provider":"osm","resource":"planet","version":"2026-09-09"}],"k10_inside_bbox":true}},{"type":"Feature","id":"333d16e8-b32f-4bad-9414-e9b6f0c856fa","geometry":{"type":"Point","coordinates":[69.5967945,42.3185193]},"properties":{"city":"shymkent","overture_id":"333d16e8-b32f-4bad-9414-e9b6f0c856fa","overture_version":1,"sources":[{"property":"","dataset":"OpenStreetMap","license":"ODbL-1.0","record_id":"n1236371345@11","update_time":"2021-01-04T09:02:50Z","confidence":null,"between":null,"provider":"osm","resource":"planet","version":"2026-09-09"}],"k10_inside_bbox":true}},{"type":"Feature","id":"33c1977e-be15-4e41-8448-9522c4deff95","geometry":{"type":"Point","coordinates":[69.6033468,42.3102027]},"properties":{"city":"shymkent","overture_id":"33c1977e-be15-4e41-8448-9522c4deff95","overture_version":1,"sources":[{"property":"","dataset":"OpenStreetMap","license":"ODbL-1.0","record_id":"n1240512366@1","update_time":"2011-04-11T05:25:30Z","confidence":null,"between":null,"provider":"osm","resource":"planet","version":"2026-09-09"}],"k10_inside_bbox":true}},{"type":"Feature","id":"33e037b2-8e7d-4f9d-8b1a-854fcb881fc3","geometry":{"type":"Point","coordinates":[69.6038034,42.3134594]},"properties":{"city":"shymkent","overture_id":"33e037b2-8e7d-4f9d-8b1a-854fcb881fc3","overture_version":1,"sources":[{"property":"","dataset":"OpenStreetMap","license":"ODbL-1.0","record_id":"n1425090330@1","update_time":"2011-09-06T11:47:36Z","confidence":null,"between":null,"provider":"osm","resource":"planet","version":"2026-09-09"}],"k10_inside_bbox":true}},{"type":"Feature","id":"33e94bb2-d670-45d5-a43b-e62b65eae075","geometry":{"type":"Point","coordinates":[69.6004443,42.3165242]},"properties":{"city":"shymkent","overture_id":"33e94bb2-d670-45d5-a43b-e62b65eae075","overture_version":1,"sources":[{"property":"","dataset":"OpenStreetMap","license":"ODbL-1.0","record_id":"n8069568566@1","update_time":"2020-10-31T19:30:44Z","confidence":null,"between":null,"provider":"osm","resource":"planet","version":"2026-09-09"}],"k10_inside_bbox":true}},{"type":"Feature","id":"343104c2-1105-4321-98df-f4e1c399e490","geometry":{"type":"Point","coordinates":[69.6160928,42.3172877]},"properties":{"city":"shymkent","overture_id":"343104c2-1105-4321-98df-f4e1c399e490","overture_version":1,"sources":[{"property":"","dataset":"OpenStreetMap","license":"ODbL-1.0","record_id":"n9459651210@1","update_time":"2022-01-30T07:10:45Z","confidence":null,"between":null,"provider":"osm","resource":"planet","version":"2026-09-09"}],"k10_inside_bbox":true}},{"type":"Feature","id":"344d4bcc-4aeb-4751-bfbb-449c0a446c47","geometry":{"type":"Point","coordinates":[69.6165032,42.3166478]},"properties":{"city":"shymkent","overture_id":"344d4bcc-4aeb-4751-bfbb-449c0a446c47","overture_version":1,"sources":[{"property":"","dataset":"OpenStreetMap","license":"ODbL-1.0","record_id":"n9459658230@1","update_time":"2022-01-30T07:07:44Z","confidence":null,"between":null,"provider":"osm","resource":"planet","version":"2026-09-09"}],"k10_inside_bbox":true}},{"type":"Feature","id":"34a973ca-8c9a-4bab-8821-fe19cfb7070d","geometry":{"type":"Point","coordinates":[69.614716,42.3158248]},"properties":{"city":"shymkent","overture_id":"34a973ca-8c9a-4bab-8821-fe19cfb7070d","overture_version":1,"sources":[{"property":"","dataset":"OpenStreetMap","license":"ODbL-1.0","record_id":"n10975610421@1","update_time":"2023-06-14T02:18:44Z","confidence":null,"between":null,"provider":"osm","resource":"planet","version":"2026-09-09"}],"k10_inside_bbox":true}},{"type":"Feature","id":"34d00a51-6b7a-4c97-8678-b3b120131c7e","geometry":{"type":"Point","coordinates":[69.5943211,42.3206912]},"properties":{"city":"shymkent","overture_id":"34d00a51-6b7a-4c97-8678-b3b120131c7e","overture_version":1,"sources":[{"property":"","dataset":"OpenStreetMap","license":"ODbL-1.0","record_id":"n13849460717@1","update_time":"2026-05-19T13:56:14Z","confidence":null,"between":null,"provider":"osm","resource":"planet","version":"2026-09-09"}],"k10_inside_bbox":true}},{"type":"Feature","id":"34f28638-c27e-48fa-ba05-3fed215749b2","geometry":{"type":"Point","coordinates":[69.6039146,42.3127585]},"properties":{"city":"shymkent","overture_id":"34f28638-c27e-48fa-ba05-3fed215749b2","overture_version":1,"sources":[{"property":"","dataset":"OpenStreetMap","license":"ODbL-1.0","record_id":"n1326355668@1","update_time":"2011-06-15T12:37:03Z","confidence":null,"between":null,"provider":"osm","resource":"planet","version":"2026-09-09"}],"k10_inside_bbox":true}},{"type":"Feature","id":"34fc5642-2a50-460b-9e07-54820308dca8","geometry":{"type":"Point","coordinates":[69.5895992,42.3202882]},"properties":{"city":"shymkent","overture_id":"34fc5642-2a50-460b-9e07-54820308dca8","overture_version":1,"sources":[{"property":"","dataset":"OpenStreetMap","license":"ODbL-1.0","record_id":"n9509881861@1","update_time":"2022-02-16T07:33:41Z","confidence":null,"between":null,"provider":"osm","resource":"planet","version":"2026-09-09"}],"k10_inside_bbox":false}},{"type":"Feature","id":"3511296a-f9d0-4db1-a6ef-8f469a9fe466","geometry":{"type":"Point","coordinates":[69.5930694,42.32407]},"properties":{"city":"shymkent","overture_id":"3511296a-f9d0-4db1-a6ef-8f469a9fe466","overture_version":2,"sources":[{"property":"","dataset":"OpenStreetMap","license":"ODbL-1.0","record_id":"n4346752007@2","update_time":"2026-04-23T05:08:26Z","confidence":null,"between":null,"provider":"osm","resource":"planet","version":"2026-09-09"}],"k10_inside_bbox":false}},{"type":"Feature","id":"351e843f-836a-4b81-8e87-f466fc97efb1","geometry":{"type":"Point","coordinates":[69.6031654,42.3076735]},"properties":{"city":"shymkent","overture_id":"351e843f-836a-4b81-8e87-f466fc97efb1","overture_version":2,"sources":[{"property":"","dataset":"OpenStreetMap","license":"ODbL-1.0","record_id":"n10277273637@1","update_time":"2022-12-21T06:13:50Z","confidence":null,"between":null,"provider":"osm","resource":"planet","version":"2026-09-09"}],"k10_inside_bbox":true}},{"type":"Feature","id":"352a00c9-e001-4de7-8d65-6d12368af010","geometry":{"type":"Point","coordinates":[69.603297,42.3169695]},"properties":{"city":"shymkent","overture_id":"352a00c9-e001-4de7-8d65-6d12368af010","overture_version":1,"sources":[{"property":"","dataset":"OpenStreetMap","license":"ODbL-1.0","record_id":"n13888881201@1","update_time":"2026-05-27T17:08:16Z","confidence":null,"between":null,"provider":"osm","resource":"planet","version":"2026-09-09"}],"k10_inside_bbox":true}},{"type":"Feature","id":"35483351-602a-4890-bc13-00013ed96e64","geometry":{"type":"Point","coordinates":[69.603819,42.3133648]},"properties":{"city":"shymkent","overture_id":"35483351-602a-4890-bc13-00013ed96e64","overture_version":1,"sources":[{"property":"","dataset":"OpenStreetMap","license":"ODbL-1.0","record_id":"n1326355322@2","update_time":"2011-09-06T11:47:57Z","confidence":null,"between":null,"provider":"osm","resource":"planet","version":"2026-09-09"}],"k10_inside_bbox":true}},{"type":"Feature","id":"354f8f6d-0938-4ad6-b2f7-2edc6562cb40","geometry":{"type":"Point","coordinates":[69.6053024,42.3066515]},"properties":{"city":"shymkent","overture_id":"354f8f6d-0938-4ad6-b2f7-2edc6562cb40","overture_version":2,"sources":[{"property":"","dataset":"OpenStreetMap","license":"ODbL-1.0","record_id":"n13311470453@1","update_time":"2025-11-17T18:46:06Z","confidence":null,"between":null,"provider":"osm","resource":"planet","version":"2026-09-09"}],"k10_inside_bbox":true}},{"type":"Feature","id":"35534dfe-ed0f-4f89-be1f-67b13f2945c5","geometry":{"type":"Point","coordinates":[69.5938731,42.3250004]},"properties":{"city":"shymkent","overture_id":"35534dfe-ed0f-4f89-be1f-67b13f2945c5","overture_version":1,"sources":[{"property":"","dataset":"OpenStreetMap","license":"ODbL-1.0","record_id":"n1539093502@1","update_time":"2011-12-10T06:37:09Z","confidence":null,"between":null,"provider":"osm","resource":"planet","version":"2026-09-09"}],"k10_inside_bbox":false}},{"type":"Feature","id":"35663406-7d7c-4286-8273-937763daa114","geometry":{"type":"Point","coordinates":[69.5949035,42.3238295]},"properties":{"city":"shymkent","overture_id":"35663406-7d7c-4286-8273-937763daa114","overture_version":1,"sources":[{"property":"","dataset":"OpenStreetMap","license":"ODbL-1.0","record_id":"n1539093493@1","update_time":"2011-12-10T06:37:09Z","confidence":null,"between":null,"provider":"osm","resource":"planet","version":"2026-09-09"}],"k10_inside_bbox":true}},{"type":"Feature","id":"35c8b8d7-4a31-4dc1-83f3-74ea9e57a4ab","geometry":{"type":"Point","coordinates":[69.5972962,42.3197065]},"properties":{"city":"shymkent","overture_id":"35c8b8d7-4a31-4dc1-83f3-74ea9e57a4ab","overture_version":1,"sources":[{"property":"","dataset":"OpenStreetMap","license":"ODbL-1.0","record_id":"n11374971720@1","update_time":"2023-11-25T09:22:16Z","confidence":null,"between":null,"provider":"osm","resource":"planet","version":"2026-09-09"}],"k10_inside_bbox":true}},{"type":"Feature","id":"35d0fa3c-c9c6-4aab-869a-f449301817bf","geometry":{"type":"Point","coordinates":[69.6045699,42.3194715]},"properties":{"city":"shymkent","overture_id":"35d0fa3c-c9c6-4aab-869a-f449301817bf","overture_version":1,"sources":[{"property":"","dataset":"OpenStreetMap","license":"ODbL-1.0","record_id":"n304263751@3","update_time":"2011-04-07T18:16:03Z","confidence":null,"between":null,"provider":"osm","resource":"planet","version":"2026-09-09"}],"k10_inside_bbox":true}},{"type":"Feature","id":"35e26e5b-b33a-428c-9e87-921332dd52e6","geometry":{"type":"Point","coordinates":[69.6012272,42.3175386]},"properties":{"city":"shymkent","overture_id":"35e26e5b-b33a-428c-9e87-921332dd52e6","overture_version":1,"sources":[{"property":"","dataset":"OpenStreetMap","license":"ODbL-1.0","record_id":"n1434183757@3","update_time":"2022-11-08T20:20:18Z","confidence":null,"between":null,"provider":"osm","resource":"planet","version":"2026-09-09"}],"k10_inside_bbox":true}},{"type":"Feature","id":"35f90ab9-a82d-43fb-a81f-1a7363bf83a1","geometry":{"type":"Point","coordinates":[69.6034704,42.3073113]},"properties":{"city":"shymkent","overture_id":"35f90ab9-a82d-43fb-a81f-1a7363bf83a1","overture_version":2,"sources":[{"property":"","dataset":"OpenStreetMap","license":"ODbL-1.0","record_id":"n13311470463@1","update_time":"2025-11-17T18:46:06Z","confidence":null,"between":null,"provider":"osm","resource":"planet","version":"2026-09-09"}],"k10_inside_bbox":true}},{"type":"Feature","id":"35fa32d0-0aa3-4190-af44-7ce06c702e54","geometry":{"type":"Point","coordinates":[69.6056867,42.3127762]},"properties":{"city":"shymkent","overture_id":"35fa32d0-0aa3-4190-af44-7ce06c702e54","overture_version":1,"sources":[{"property":"","dataset":"OpenStreetMap","license":"ODbL-1.0","record_id":"n1326355673@1","update_time":"2011-06-15T12:37:03Z","confidence":null,"between":null,"provider":"osm","resource":"planet","version":"2026-09-09"}],"k10_inside_bbox":true}},{"type":"Feature","id":"3646f8f9-28d4-4c3d-9cf9-2eda94ee0a2b","geometry":{"type":"Point","coordinates":[69.6029994,42.3190531]},"properties":{"city":"shymkent","overture_id":"3646f8f9-28d4-4c3d-9cf9-2eda94ee0a2b","overture_version":1,"sources":[{"property":"","dataset":"OpenStreetMap","license":"ODbL-1.0","record_id":"n11287899517@1","update_time":"2023-10-25T06:52:35Z","confidence":null,"between":null,"provider":"osm","resource":"planet","version":"2026-09-09"}],"k10_inside_bbox":true}},{"type":"Feature","id":"364e498a-d9b6-4735-9545-b78d55315143","geometry":{"type":"Point","coordinates":[69.6027636,42.3154112]},"properties":{"city":"shymkent","overture_id":"364e498a-d9b6-4735-9545-b78d55315143","overture_version":2,"sources":[{"property":"","dataset":"OpenStreetMap","license":"ODbL-1.0","record_id":"n1236371310@8","update_time":"2026-05-27T17:08:16Z","confidence":null,"between":null,"provider":"osm","resource":"planet","version":"2026-09-09"}],"k10_inside_bbox":true}},{"type":"Feature","id":"368c211f-6e36-49ec-8209-6acfc6fc464f","geometry":{"type":"Point","coordinates":[69.5972893,42.3184074]},"properties":{"city":"shymkent","overture_id":"368c211f-6e36-49ec-8209-6acfc6fc464f","overture_version":1,"sources":[{"property":"","dataset":"OpenStreetMap","license":"ODbL-1.0","record_id":"n1427600894@4","update_time":"2020-11-24T07:57:44Z","confidence":null,"between":null,"provider":"osm","resource":"planet","version":"2026-09-09"}],"k10_inside_bbox":true}},{"type":"Feature","id":"36b0a7e4-1b19-4a1a-9fda-8a31f4d2b060","geometry":{"type":"Point","coordinates":[69.5961253,42.3207287]},"properties":{"city":"shymkent","overture_id":"36b0a7e4-1b19-4a1a-9fda-8a31f4d2b060","overture_version":1,"sources":[{"property":"","dataset":"OpenStreetMap","license":"ODbL-1.0","record_id":"n4346751765@1","update_time":"2016-08-12T03:59:58Z","confidence":null,"between":null,"provider":"osm","resource":"planet","version":"2026-09-09"}],"k10_inside_bbox":true}},{"type":"Feature","id":"37238d6b-c44f-46f2-bb60-7f776e9e2a04","geometry":{"type":"Point","coordinates":[69.5961122,42.3180603]},"properties":{"city":"shymkent","overture_id":"37238d6b-c44f-46f2-bb60-7f776e9e2a04","overture_version":1,"sources":[{"property":"","dataset":"OpenStreetMap","license":"ODbL-1.0","record_id":"n1327212578@3","update_time":"2011-10-02T10:22:42Z","confidence":null,"between":null,"provider":"osm","resource":"planet","version":"2026-09-09"}],"k10_inside_bbox":true}},{"type":"Feature","id":"37795896-9b08-42cd-a9dc-a28e41d9d960","geometry":{"type":"Point","coordinates":[69.5979508,42.3206343]},"properties":{"city":"shymkent","overture_id":"37795896-9b08-42cd-a9dc-a28e41d9d960","overture_version":1,"sources":[{"property":"","dataset":"OpenStreetMap","license":"ODbL-1.0","record_id":"n1291362913@2","update_time":"2011-08-31T04:22:54Z","confidence":null,"between":null,"provider":"osm","resource":"planet","version":"2026-09-09"}],"k10_inside_bbox":true}},{"type":"Feature","id":"37b9d5e7-9e1f-46f9-89cc-a26c24980ac4","geometry":{"type":"Point","coordinates":[69.6004523,42.3215236]},"properties":{"city":"shymkent","overture_id":"37b9d5e7-9e1f-46f9-89cc-a26c24980ac4","overture_version":1,"sources":[{"property":"","dataset":"OpenStreetMap","license":"ODbL-1.0","record_id":"n11287904876@1","update_time":"2023-10-25T06:53:55Z","confidence":null,"between":null,"provider":"osm","resource":"planet","version":"2026-09-09"}],"k10_inside_bbox":true}},{"type":"Feature","id":"37cc28ef-c3b5-4daa-9101-938f66d7828f","geometry":{"type":"Point","coordinates":[69.6172075,42.3216881]},"properties":{"city":"shymkent","overture_id":"37cc28ef-c3b5-4daa-9101-938f66d7828f","overture_version":1,"sources":[{"property":"","dataset":"OpenStreetMap","license":"ODbL-1.0","record_id":"n5401348262@1","update_time":"2018-02-09T14:58:08Z","confidence":null,"between":null,"provider":"osm","resource":"planet","version":"2026-09-09"}],"k10_inside_bbox":true}},{"type":"Feature","id":"37ce8b80-666d-4f08-85d2-542031ea5157","geometry":{"type":"Point","coordinates":[69.5905222,42.3226643]},"properties":{"city":"shymkent","overture_id":"37ce8b80-666d-4f08-85d2-542031ea5157","overture_version":1,"sources":[{"property":"","dataset":"OpenStreetMap","license":"ODbL-1.0","record_id":"n11934561862@1","update_time":"2024-05-26T08:47:45Z","confidence":null,"between":null,"provider":"osm","resource":"planet","version":"2026-09-09"}],"k10_inside_bbox":false}},{"type":"Feature","id":"37e0bf21-b442-4575-964d-3a228b935bef","geometry":{"type":"Point","coordinates":[69.6045539,42.3126123]},"properties":{"city":"shymkent","overture_id":"37e0bf21-b442-4575-964d-3a228b935bef","overture_version":1,"sources":[{"property":"","dataset":"OpenStreetMap","license":"ODbL-1.0","record_id":"n1326354756@1","update_time":"2011-06-15T12:36:33Z","confidence":null,"between":null,"provider":"osm","resource":"planet","version":"2026-09-09"}],"k10_inside_bbox":true}},{"type":"Feature","id":"37e24d3d-d643-4e8c-a1bc-67fd6895fedd","geometry":{"type":"Point","coordinates":[69.6005076,42.3080332]},"properties":{"city":"shymkent","overture_id":"37e24d3d-d643-4e8c-a1bc-67fd6895fedd","overture_version":1,"sources":[{"property":"","dataset":"OpenStreetMap","license":"ODbL-1.0","record_id":"n13272670812@1","update_time":"2025-10-31T17:27:33Z","confidence":null,"between":null,"provider":"osm","resource":"planet","version":"2026-09-09"}],"k10_inside_bbox":true}},{"type":"Feature","id":"37f0f812-6857-433f-b799-7964ca7a25bf","geometry":{"type":"Point","coordinates":[69.5938381,42.3191249]},"properties":{"city":"shymkent","overture_id":"37f0f812-6857-433f-b799-7964ca7a25bf","overture_version":1,"sources":[{"property":"","dataset":"OpenStreetMap","license":"ODbL-1.0","record_id":"n1437656047@3","update_time":"2020-11-26T12:51:50Z","confidence":null,"between":null,"provider":"osm","resource":"planet","version":"2026-09-09"}],"k10_inside_bbox":true}},{"type":"Feature","id":"37f2e633-4513-4402-bdf9-4b9288625b01","geometry":{"type":"Point","coordinates":[69.6058506,42.3217512]},"properties":{"city":"shymkent","overture_id":"37f2e633-4513-4402-bdf9-4b9288625b01","overture_version":1,"sources":[{"property":"","dataset":"OpenStreetMap","license":"ODbL-1.0","record_id":"n11375783466@1","update_time":"2023-11-25T18:49:10Z","confidence":null,"between":null,"provider":"osm","resource":"planet","version":"2026-09-09"}],"k10_inside_bbox":true}},{"type":"Feature","id":"381867c2-d8ad-4565-90b3-8572fcaaa989","geometry":{"type":"Point","coordinates":[69.5945699,42.3059934]},"properties":{"city":"shymkent","overture_id":"381867c2-d8ad-4565-90b3-8572fcaaa989","overture_version":1,"sources":[{"property":"","dataset":"OpenStreetMap","license":"ODbL-1.0","record_id":"n11148559474@1","update_time":"2023-08-27T16:41:50Z","confidence":null,"between":null,"provider":"osm","resource":"planet","version":"2026-09-09"}],"k10_inside_bbox":false}},{"type":"Feature","id":"381b76de-7a5c-4b43-bf34-8c1195998701","geometry":{"type":"Point","coordinates":[69.6159141,42.3131387]},"properties":{"city":"shymkent","overture_id":"381b76de-7a5c-4b43-bf34-8c1195998701","overture_version":1,"sources":[{"property":"","dataset":"OpenStreetMap","license":"ODbL-1.0","record_id":"n5401348210@2","update_time":"2018-08-31T21:27:48Z","confidence":null,"between":null,"provider":"osm","resource":"planet","version":"2026-09-09"}],"k10_inside_bbox":true}},{"type":"Feature","id":"3834198d-9155-4cac-9432-37d39c8c8b90","geometry":{"type":"Point","coordinates":[69.6000373,42.3144826]},"properties":{"city":"shymkent","overture_id":"3834198d-9155-4cac-9432-37d39c8c8b90","overture_version":1,"sources":[{"property":"","dataset":"OpenStreetMap","license":"ODbL-1.0","record_id":"n13272759425@1","update_time":"2025-10-31T17:50:55Z","confidence":null,"between":null,"provider":"osm","resource":"planet","version":"2026-09-09"}],"k10_inside_bbox":true}},{"type":"Feature","id":"38363ec4-45e8-4f15-9d13-bc06fbf9eb38","geometry":{"type":"Point","coordinates":[69.6005183,42.3123642]},"properties":{"city":"shymkent","overture_id":"38363ec4-45e8-4f15-9d13-bc06fbf9eb38","overture_version":1,"sources":[{"property":"","dataset":"OpenStreetMap","license":"ODbL-1.0","record_id":"n13111944214@1","update_time":"2025-09-01T08:58:25Z","confidence":null,"between":null,"provider":"osm","resource":"planet","version":"2026-09-09"}],"k10_inside_bbox":true}},{"type":"Feature","id":"3839948f-a963-4265-9c70-d96b0074b0c3","geometry":{"type":"Point","coordinates":[69.6099865,42.3189946]},"properties":{"city":"shymkent","overture_id":"3839948f-a963-4265-9c70-d96b0074b0c3","overture_version":1,"sources":[{"property":"","dataset":"OpenStreetMap","license":"ODbL-1.0","record_id":"n11375783502@1","update_time":"2023-11-25T18:49:10Z","confidence":null,"between":null,"provider":"osm","resource":"planet","version":"2026-09-09"}],"k10_inside_bbox":true}},{"type":"Feature","id":"384c783b-8e85-4621-83b8-4e6df9255bd4","geometry":{"type":"Point","coordinates":[69.5970153,42.3183813]},"properties":{"city":"shymkent","overture_id":"384c783b-8e85-4621-83b8-4e6df9255bd4","overture_version":1,"sources":[{"property":"","dataset":"OpenStreetMap","license":"ODbL-1.0","record_id":"n8167870320@1","update_time":"2020-11-26T12:51:50Z","confidence":null,"between":null,"provider":"osm","resource":"planet","version":"2026-09-09"}],"k10_inside_bbox":true}},{"type":"Feature","id":"38890b37-d333-4cf8-bf95-7bc36da51633","geometry":{"type":"Point","coordinates":[69.6110769,42.3092174]},"properties":{"city":"shymkent","overture_id":"38890b37-d333-4cf8-bf95-7bc36da51633","overture_version":1,"sources":[{"property":"","dataset":"OpenStreetMap","license":"ODbL-1.0","record_id":"n11384193372@1","update_time":"2023-11-29T17:35:01Z","confidence":null,"between":null,"provider":"osm","resource":"planet","version":"2026-09-09"}],"k10_inside_bbox":true}},{"type":"Feature","id":"38bf8cdc-8f17-44c7-81d0-db8d0fb2206b","geometry":{"type":"Point","coordinates":[69.6075994,42.3135682]},"properties":{"city":"shymkent","overture_id":"38bf8cdc-8f17-44c7-81d0-db8d0fb2206b","overture_version":1,"sources":[{"property":"","dataset":"OpenStreetMap","license":"ODbL-1.0","record_id":"n11384193275@1","update_time":"2023-11-29T17:35:01Z","confidence":null,"between":null,"provider":"osm","resource":"planet","version":"2026-09-09"}],"k10_inside_bbox":true}},{"type":"Feature","id":"38da2286-216a-4eb8-82bb-ecafadfc25df","geometry":{"type":"Point","coordinates":[69.5946896,42.3128211]},"properties":{"city":"shymkent","overture_id":"38da2286-216a-4eb8-82bb-ecafadfc25df","overture_version":1,"sources":[{"property":"","dataset":"OpenStreetMap","license":"ODbL-1.0","record_id":"n12214818609@1","update_time":"2024-10-01T19:04:21Z","confidence":null,"between":null,"provider":"osm","resource":"planet","version":"2026-09-09"}],"k10_inside_bbox":true}},{"type":"Feature","id":"390cbcb8-517d-4798-9ec6-aef16e691e69","geometry":{"type":"Point","coordinates":[69.6017525,42.3075415]},"properties":{"city":"shymkent","overture_id":"390cbcb8-517d-4798-9ec6-aef16e691e69","overture_version":2,"sources":[{"property":"","dataset":"OpenStreetMap","license":"ODbL-1.0","record_id":"n13311470467@1","update_time":"2025-11-17T18:46:06Z","confidence":null,"between":null,"provider":"osm","resource":"planet","version":"2026-09-09"}],"k10_inside_bbox":true}},{"type":"Feature","id":"3918f4db-927d-4f4a-a8a2-5e7769032658","geometry":{"type":"Point","coordinates":[69.6048227,42.3121304]},"properties":{"city":"shymkent","overture_id":"3918f4db-927d-4f4a-a8a2-5e7769032658","overture_version":1,"sources":[{"property":"","dataset":"OpenStreetMap","license":"ODbL-1.0","record_id":"n1326355679@1","update_time":"2011-06-15T12:37:04Z","confidence":null,"between":null,"provider":"osm","resource":"planet","version":"2026-09-09"}],"k10_inside_bbox":true}},{"type":"Feature","id":"3937cc37-8701-425b-b566-744a7125112e","geometry":{"type":"Point","coordinates":[69.6084094,42.3208588]},"properties":{"city":"shymkent","overture_id":"3937cc37-8701-425b-b566-744a7125112e","overture_version":1,"sources":[{"property":"","dataset":"OpenStreetMap","license":"ODbL-1.0","record_id":"n5401348254@1","update_time":"2018-02-09T14:58:08Z","confidence":null,"between":null,"provider":"osm","resource":"planet","version":"2026-09-09"}],"k10_inside_bbox":true}},{"type":"Feature","id":"395874b9-b9df-4f59-8934-cc164cf843fb","geometry":{"type":"Point","coordinates":[69.6071206,42.3150587]},"properties":{"city":"shymkent","overture_id":"395874b9-b9df-4f59-8934-cc164cf843fb","overture_version":1,"sources":[{"property":"","dataset":"OpenStreetMap","license":"ODbL-1.0","record_id":"n11384193424@1","update_time":"2023-11-29T17:35:01Z","confidence":null,"between":null,"provider":"osm","resource":"planet","version":"2026-09-09"}],"k10_inside_bbox":true}},{"type":"Feature","id":"39698c90-62ba-49d3-a10d-61396a327232","geometry":{"type":"Point","coordinates":[69.6150948,42.3078914]},"properties":{"city":"shymkent","overture_id":"39698c90-62ba-49d3-a10d-61396a327232","overture_version":2,"sources":[{"property":"","dataset":"OpenStreetMap","license":"ODbL-1.0","record_id":"n11384193216@2","update_time":"2025-09-17T02:47:38Z","confidence":null,"between":null,"provider":"osm","resource":"planet","version":"2026-09-09"}],"k10_inside_bbox":true}},{"type":"Feature","id":"397cbb17-8d0a-489a-aee0-4e9d08a9824f","geometry":{"type":"Point","coordinates":[69.5976445,42.3189773]},"properties":{"city":"shymkent","overture_id":"397cbb17-8d0a-489a-aee0-4e9d08a9824f","overture_version":1,"sources":[{"property":"","dataset":"OpenStreetMap","license":"ODbL-1.0","record_id":"n1301788277@1","update_time":"2011-05-27T10:31:16Z","confidence":null,"between":null,"provider":"osm","resource":"planet","version":"2026-09-09"}],"k10_inside_bbox":true}},{"type":"Feature","id":"39abe7f4-3307-410b-85e0-f5a21eeffdd0","geometry":{"type":"Point","coordinates":[69.6011653,42.3091109]},"properties":{"city":"shymkent","overture_id":"39abe7f4-3307-410b-85e0-f5a21eeffdd0","overture_version":3,"sources":[{"property":"","dataset":"OpenStreetMap","license":"ODbL-1.0","record_id":"n13308615970@2","update_time":"2026-05-20T11:46:55Z","confidence":null,"between":null,"provider":"osm","resource":"planet","version":"2026-09-09"}],"k10_inside_bbox":true}},{"type":"Feature","id":"39b22558-17ed-493d-8c37-3a153a4325a7","geometry":{"type":"Point","coordinates":[69.5964065,42.3187804]},"properties":{"city":"shymkent","overture_id":"39b22558-17ed-493d-8c37-3a153a4325a7","overture_version":1,"sources":[{"property":"","dataset":"OpenStreetMap","license":"ODbL-1.0","record_id":"n12950993615@1","update_time":"2025-06-25T03:12:57Z","confidence":null,"between":null,"provider":"osm","resource":"planet","version":"2026-09-09"}],"k10_inside_bbox":true}},{"type":"Feature","id":"3a33e50f-4587-475b-b5e6-2cbef954ce4a","geometry":{"type":"Point","coordinates":[69.5946583,42.311403]},"properties":{"city":"shymkent","overture_id":"3a33e50f-4587-475b-b5e6-2cbef954ce4a","overture_version":1,"sources":[{"property":"","dataset":"OpenStreetMap","license":"ODbL-1.0","record_id":"n11922797719@2","update_time":"2026-05-22T11:01:11Z","confidence":null,"between":null,"provider":"osm","resource":"planet","version":"2026-09-09"}],"k10_inside_bbox":true}},{"type":"Feature","id":"3ac0c003-40b5-40e7-87a8-07e3385cbb2f","geometry":{"type":"Point","coordinates":[69.6184371,42.3101796]},"properties":{"city":"shymkent","overture_id":"3ac0c003-40b5-40e7-87a8-07e3385cbb2f","overture_version":1,"sources":[{"property":"","dataset":"OpenStreetMap","license":"ODbL-1.0","record_id":"n11384193214@1","update_time":"2023-11-29T17:35:01Z","confidence":null,"between":null,"provider":"osm","resource":"planet","version":"2026-09-09"}],"k10_inside_bbox":false}},{"type":"Feature","id":"3ac39324-b8b0-4565-a487-320aa8295150","geometry":{"type":"Point","coordinates":[69.5988352,42.3237844]},"properties":{"city":"shymkent","overture_id":"3ac39324-b8b0-4565-a487-320aa8295150","overture_version":1,"sources":[{"property":"","dataset":"OpenStreetMap","license":"ODbL-1.0","record_id":"n1237032311@11","update_time":"2019-11-07T05:45:45Z","confidence":null,"between":null,"provider":"osm","resource":"planet","version":"2026-09-09"}],"k10_inside_bbox":true}},{"type":"Feature","id":"3ac6a236-b00d-44e9-9dc4-a27b3ade6b34","geometry":{"type":"Point","coordinates":[69.6105162,42.3081875]},"properties":{"city":"shymkent","overture_id":"3ac6a236-b00d-44e9-9dc4-a27b3ade6b34","overture_version":1,"sources":[{"property":"","dataset":"OpenStreetMap","license":"ODbL-1.0","record_id":"n5444341984@1","update_time":"2018-03-01T04:54:24Z","confidence":null,"between":null,"provider":"osm","resource":"planet","version":"2026-09-09"}],"k10_inside_bbox":true}},{"type":"Feature","id":"3ac80279-0233-47ec-bf25-ed91bb288778","geometry":{"type":"Point","coordinates":[69.6028028,42.3185378]},"properties":{"city":"shymkent","overture_id":"3ac80279-0233-47ec-bf25-ed91bb288778","overture_version":1,"sources":[{"property":"","dataset":"OpenStreetMap","license":"ODbL-1.0","record_id":"n11287899516@1","update_time":"2023-10-25T06:52:35Z","confidence":null,"between":null,"provider":"osm","resource":"planet","version":"2026-09-09"}],"k10_inside_bbox":true}},{"type":"Feature","id":"3ac80a46-3ac3-4c1d-bb68-de713e53b94e","geometry":{"type":"Point","coordinates":[69.6009347,42.3070898]},"properties":{"city":"shymkent","overture_id":"3ac80a46-3ac3-4c1d-bb68-de713e53b94e","overture_version":1,"sources":[{"property":"","dataset":"OpenStreetMap","license":"ODbL-1.0","record_id":"n1804778677@2","update_time":"2023-08-27T16:41:50Z","confidence":null,"between":null,"provider":"osm","resource":"planet","version":"2026-09-09"}],"k10_inside_bbox":true}},{"type":"Feature","id":"3aecf44e-4b4e-4324-82cc-47a92ad31cf1","geometry":{"type":"Point","coordinates":[69.5960666,42.3162561]},"properties":{"city":"shymkent","overture_id":"3aecf44e-4b4e-4324-82cc-47a92ad31cf1","overture_version":1,"sources":[{"property":"","dataset":"OpenStreetMap","license":"ODbL-1.0","record_id":"n9433400777@2","update_time":"2024-05-21T16:37:21Z","confidence":null,"between":null,"provider":"osm","resource":"planet","version":"2026-09-09"}],"k10_inside_bbox":true}},{"type":"Feature","id":"3b14e49d-d605-4fc2-a1e5-9fc097e5a37d","geometry":{"type":"Point","coordinates":[69.6008055,42.3067719]},"properties":{"city":"shymkent","overture_id":"3b14e49d-d605-4fc2-a1e5-9fc097e5a37d","overture_version":1,"sources":[{"property":"","dataset":"OpenStreetMap","license":"ODbL-1.0","record_id":"n1804778633@2","update_time":"2023-08-27T16:41:50Z","confidence":null,"between":null,"provider":"osm","resource":"planet","version":"2026-09-09"}],"k10_inside_bbox":true}},{"type":"Feature","id":"3b2ff96b-08f0-49dd-9391-ea63e69b117a","geometry":{"type":"Point","coordinates":[69.5953868,42.3248356]},"properties":{"city":"shymkent","overture_id":"3b2ff96b-08f0-49dd-9391-ea63e69b117a","overture_version":1,"sources":[{"property":"","dataset":"OpenStreetMap","license":"ODbL-1.0","record_id":"n11929130961@1","update_time":"2024-05-23T18:00:15Z","confidence":null,"between":null,"provider":"osm","resource":"planet","version":"2026-09-09"}],"k10_inside_bbox":false}},{"type":"Feature","id":"3b64a07a-c320-4850-98cc-ceb429c0d850","geometry":{"type":"Point","coordinates":[69.5988494,42.3158987]},"properties":{"city":"shymkent","overture_id":"3b64a07a-c320-4850-98cc-ceb429c0d850","overture_version":1,"sources":[{"property":"","dataset":"OpenStreetMap","license":"ODbL-1.0","record_id":"n8069568505@1","update_time":"2020-10-31T19:30:44Z","confidence":null,"between":null,"provider":"osm","resource":"planet","version":"2026-09-09"}],"k10_inside_bbox":true}},{"type":"Feature","id":"3b9a5c0f-ca3d-40a5-856a-49fffc6eafcb","geometry":{"type":"Point","coordinates":[69.5942859,42.3120248]},"properties":{"city":"shymkent","overture_id":"3b9a5c0f-ca3d-40a5-856a-49fffc6eafcb","overture_version":1,"sources":[{"property":"","dataset":"OpenStreetMap","license":"ODbL-1.0","record_id":"n12214818613@1","update_time":"2024-10-01T19:04:21Z","confidence":null,"between":null,"provider":"osm","resource":"planet","version":"2026-09-09"}],"k10_inside_bbox":true}},{"type":"Feature","id":"3ba0ccc1-2e52-4182-a68c-16d04a1f0b4c","geometry":{"type":"Point","coordinates":[69.6173941,42.3135812]},"properties":{"city":"shymkent","overture_id":"3ba0ccc1-2e52-4182-a68c-16d04a1f0b4c","overture_version":1,"sources":[{"property":"","dataset":"OpenStreetMap","license":"ODbL-1.0","record_id":"n8167886437@1","update_time":"2020-11-26T12:57:44Z","confidence":null,"between":null,"provider":"osm","resource":"planet","version":"2026-09-09"}],"k10_inside_bbox":true}},{"type":"Feature","id":"3bc895eb-9707-44f2-9061-f5019ec8cfc7","geometry":{"type":"Point","coordinates":[69.6036779,42.3068767]},"properties":{"city":"shymkent","overture_id":"3bc895eb-9707-44f2-9061-f5019ec8cfc7","overture_version":2,"sources":[{"property":"","dataset":"OpenStreetMap","license":"ODbL-1.0","record_id":"n13311470461@1","update_time":"2025-11-17T18:46:06Z","confidence":null,"between":null,"provider":"osm","resource":"planet","version":"2026-09-09"}],"k10_inside_bbox":true}},{"type":"Feature","id":"3bca24a1-44a9-4c9c-97cd-9edcbe79f6d5","geometry":{"type":"Point","coordinates":[69.6156529,42.3168383]},"properties":{"city":"shymkent","overture_id":"3bca24a1-44a9-4c9c-97cd-9edcbe79f6d5","overture_version":1,"sources":[{"property":"","dataset":"OpenStreetMap","license":"ODbL-1.0","record_id":"n11379818093@1","update_time":"2023-11-27T15:39:12Z","confidence":null,"between":null,"provider":"osm","resource":"planet","version":"2026-09-09"}],"k10_inside_bbox":true}},{"type":"Feature","id":"3bcb7269-702a-4bf0-92d6-3c7ed4b3280f","geometry":{"type":"Point","coordinates":[69.6123683,42.3231572]},"properties":{"city":"shymkent","overture_id":"3bcb7269-702a-4bf0-92d6-3c7ed4b3280f","overture_version":1,"sources":[{"property":"","dataset":"OpenStreetMap","license":"ODbL-1.0","record_id":"n5434930061@1","update_time":"2018-02-25T11:14:20Z","confidence":null,"between":null,"provider":"osm","resource":"planet","version":"2026-09-09"}],"k10_inside_bbox":true}},{"type":"Feature","id":"3be39c1c-3350-438b-87b4-97d033af8b72","geometry":{"type":"Point","coordinates":[69.5993945,42.3107824]},"properties":{"city":"shymkent","overture_id":"3be39c1c-3350-438b-87b4-97d033af8b72","overture_version":1,"sources":[{"property":"","dataset":"OpenStreetMap","license":"ODbL-1.0","record_id":"n13111944204@1","update_time":"2025-09-01T08:58:25Z","confidence":null,"between":null,"provider":"osm","resource":"planet","version":"2026-09-09"}],"k10_inside_bbox":true}},{"type":"Feature","id":"3bf215c8-8686-412a-b333-dd12924563c3","geometry":{"type":"Point","coordinates":[69.5929229,42.3192605]},"properties":{"city":"shymkent","overture_id":"3bf215c8-8686-412a-b333-dd12924563c3","overture_version":1,"sources":[{"property":"","dataset":"OpenStreetMap","license":"ODbL-1.0","record_id":"n1437656053@1","update_time":"2011-09-19T18:13:22Z","confidence":null,"between":null,"provider":"osm","resource":"planet","version":"2026-09-09"}],"k10_inside_bbox":false}},{"type":"Feature","id":"3c040924-479b-4646-b734-554f9dfd709a","geometry":{"type":"Point","coordinates":[69.597796,42.3249949]},"properties":{"city":"shymkent","overture_id":"3c040924-479b-4646-b734-554f9dfd709a","overture_version":1,"sources":[{"property":"","dataset":"OpenStreetMap","license":"ODbL-1.0","record_id":"n8167767022@1","update_time":"2020-11-26T12:11:41Z","confidence":null,"between":null,"provider":"osm","resource":"planet","version":"2026-09-09"}],"k10_inside_bbox":false}},{"type":"Feature","id":"3c1bd552-1115-41d8-9ce8-62e1db8dc5df","geometry":{"type":"Point","coordinates":[69.5985898,42.3208635]},"properties":{"city":"shymkent","overture_id":"3c1bd552-1115-41d8-9ce8-62e1db8dc5df","overture_version":1,"sources":[{"property":"","dataset":"OpenStreetMap","license":"ODbL-1.0","record_id":"n10731921343@1","update_time":"2023-03-13T03:38:15Z","confidence":null,"between":null,"provider":"osm","resource":"planet","version":"2026-09-09"}],"k10_inside_bbox":true}},{"type":"Feature","id":"3c4da6a5-d7a8-4ff7-84d7-3fae6b2e6fee","geometry":{"type":"Point","coordinates":[69.6128887,42.3091172]},"properties":{"city":"shymkent","overture_id":"3c4da6a5-d7a8-4ff7-84d7-3fae6b2e6fee","overture_version":1,"sources":[{"property":"","dataset":"OpenStreetMap","license":"ODbL-1.0","record_id":"n11384193376@1","update_time":"2023-11-29T17:35:01Z","confidence":null,"between":null,"provider":"osm","resource":"planet","version":"2026-09-09"}],"k10_inside_bbox":true}},{"type":"Feature","id":"3c606b1c-69cb-414b-896e-51743bb45d0c","geometry":{"type":"Point","coordinates":[69.6035808,42.3132791]},"properties":{"city":"shymkent","overture_id":"3c606b1c-69cb-414b-896e-51743bb45d0c","overture_version":1,"sources":[{"property":"","dataset":"OpenStreetMap","license":"ODbL-1.0","record_id":"n1326355503@1","update_time":"2011-06-15T12:36:54Z","confidence":null,"between":null,"provider":"osm","resource":"planet","version":"2026-09-09"}],"k10_inside_bbox":true}},{"type":"Feature","id":"3c9828d2-4427-4aae-a5aa-b54ab5eb8617","geometry":{"type":"Point","coordinates":[69.6142339,42.319398]},"properties":{"city":"shymkent","overture_id":"3c9828d2-4427-4aae-a5aa-b54ab5eb8617","overture_version":1,"sources":[{"property":"","dataset":"OpenStreetMap","license":"ODbL-1.0","record_id":"n5434930060@1","update_time":"2018-02-25T11:14:20Z","confidence":null,"between":null,"provider":"osm","resource":"planet","version":"2026-09-09"}],"k10_inside_bbox":true}},{"type":"Feature","id":"3cdbe47e-2ac7-4a8b-a297-0b5f89dd2c7c","geometry":{"type":"Point","coordinates":[69.6101032,42.3187685]},"properties":{"city":"shymkent","overture_id":"3cdbe47e-2ac7-4a8b-a297-0b5f89dd2c7c","overture_version":1,"sources":[{"property":"","dataset":"OpenStreetMap","license":"ODbL-1.0","record_id":"n11375783500@1","update_time":"2023-11-25T18:49:10Z","confidence":null,"between":null,"provider":"osm","resource":"planet","version":"2026-09-09"}],"k10_inside_bbox":true}},{"type":"Feature","id":"3cdd7cfb-4108-4ff7-89cc-f0d7ecbacc8b","geometry":{"type":"Point","coordinates":[69.6093124,42.3155703]},"properties":{"city":"shymkent","overture_id":"3cdd7cfb-4108-4ff7-89cc-f0d7ecbacc8b","overture_version":1,"sources":[{"property":"","dataset":"OpenStreetMap","license":"ODbL-1.0","record_id":"n10975610425@1","update_time":"2023-06-14T02:18:44Z","confidence":null,"between":null,"provider":"osm","resource":"planet","version":"2026-09-09"}],"k10_inside_bbox":true}},{"type":"Feature","id":"3d1eba0c-d0ea-4771-9992-e55fac597ad2","geometry":{"type":"Point","coordinates":[69.601814,42.3095231]},"properties":{"city":"shymkent","overture_id":"3d1eba0c-d0ea-4771-9992-e55fac597ad2","overture_version":1,"sources":[{"property":"","dataset":"OpenStreetMap","license":"ODbL-1.0","record_id":"n8221363064@2","update_time":"2022-10-21T07:36:01Z","confidence":null,"between":null,"provider":"osm","resource":"planet","version":"2026-09-09"}],"k10_inside_bbox":true}},{"type":"Feature","id":"3d2447f6-99e0-42e0-8944-14cc5bbd8879","geometry":{"type":"Point","coordinates":[69.5976709,42.3211632]},"properties":{"city":"shymkent","overture_id":"3d2447f6-99e0-42e0-8944-14cc5bbd8879","overture_version":1,"sources":[{"property":"","dataset":"OpenStreetMap","license":"ODbL-1.0","record_id":"n11934561825@1","update_time":"2024-05-26T08:47:45Z","confidence":null,"between":null,"provider":"osm","resource":"planet","version":"2026-09-09"}],"k10_inside_bbox":true}},{"type":"Feature","id":"3d3dbd7c-4207-4e77-9ddb-3294e7e51c1e","geometry":{"type":"Point","coordinates":[69.6037201,42.3136288]},"properties":{"city":"shymkent","overture_id":"3d3dbd7c-4207-4e77-9ddb-3294e7e51c1e","overture_version":1,"sources":[{"property":"","dataset":"OpenStreetMap","license":"ODbL-1.0","record_id":"n1326355684@1","update_time":"2011-06-15T12:37:04Z","confidence":null,"between":null,"provider":"osm","resource":"planet","version":"2026-09-09"}],"k10_inside_bbox":true}},{"type":"Feature","id":"3d5b3404-4503-46e1-a703-1c4f76e1c35c","geometry":{"type":"Point","coordinates":[69.6039005,42.3447244]},"properties":{"city":"shymkent","overture_id":"3d5b3404-4503-46e1-a703-1c4f76e1c35c","overture_version":1,"sources":[{"property":"","dataset":"OpenStreetMap","license":"ODbL-1.0","record_id":"n11929131785@1","update_time":"2024-05-23T18:00:15Z","confidence":null,"between":null,"provider":"osm","resource":"planet","version":"2026-09-09"}],"k10_inside_bbox":false}},{"type":"Feature","id":"3d79e5d2-fe5b-48ab-82ae-c68c92e327d7","geometry":{"type":"Point","coordinates":[69.6029213,42.3124135]},"properties":{"city":"shymkent","overture_id":"3d79e5d2-fe5b-48ab-82ae-c68c92e327d7","overture_version":1,"sources":[{"property":"","dataset":"OpenStreetMap","license":"ODbL-1.0","record_id":"n1327032845@2","update_time":"2024-02-23T12:38:37Z","confidence":null,"between":null,"provider":"osm","resource":"planet","version":"2026-09-09"}],"k10_inside_bbox":true}},{"type":"Feature","id":"3daa9e33-08ca-45ba-9335-39c4614a2660","geometry":{"type":"Point","coordinates":[69.6028343,42.3152628]},"properties":{"city":"shymkent","overture_id":"3daa9e33-08ca-45ba-9335-39c4614a2660","overture_version":1,"sources":[{"property":"","dataset":"OpenStreetMap","license":"ODbL-1.0","record_id":"n13888881219@1","update_time":"2026-05-27T17:08:16Z","confidence":null,"between":null,"provider":"osm","resource":"planet","version":"2026-09-09"}],"k10_inside_bbox":true}},{"type":"Feature","id":"3ddc3f26-4455-4172-bc9a-e2ac511370fe","geometry":{"type":"Point","coordinates":[69.605021,42.3124306]},"properties":{"city":"shymkent","overture_id":"3ddc3f26-4455-4172-bc9a-e2ac511370fe","overture_version":1,"sources":[{"property":"","dataset":"OpenStreetMap","license":"ODbL-1.0","record_id":"n1326355680@2","update_time":"2011-09-06T11:47:59Z","confidence":null,"between":null,"provider":"osm","resource":"planet","version":"2026-09-09"}],"k10_inside_bbox":true}},{"type":"Feature","id":"3e067520-a8d7-4a6b-acd3-0eec1822a2c7","geometry":{"type":"Point","coordinates":[69.5956354,42.3143526]},"properties":{"city":"shymkent","overture_id":"3e067520-a8d7-4a6b-acd3-0eec1822a2c7","overture_version":1,"sources":[{"property":"","dataset":"OpenStreetMap","license":"ODbL-1.0","record_id":"n11088742297@1","update_time":"2023-08-04T09:01:06Z","confidence":null,"between":null,"provider":"osm","resource":"planet","version":"2026-09-09"}],"k10_inside_bbox":true}},{"type":"Feature","id":"3e0f2e8b-98af-481a-99d8-f10fa286cc33","geometry":{"type":"Point","coordinates":[69.6131623,42.3149843]},"properties":{"city":"shymkent","overture_id":"3e0f2e8b-98af-481a-99d8-f10fa286cc33","overture_version":1,"sources":[{"property":"","dataset":"OpenStreetMap","license":"ODbL-1.0","record_id":"n11375783396@1","update_time":"2023-11-25T18:49:10Z","confidence":null,"between":null,"provider":"osm","resource":"planet","version":"2026-09-09"}],"k10_inside_bbox":true}},{"type":"Feature","id":"3e4404d9-af06-42e4-8ae7-c7d982ad9e4c","geometry":{"type":"Point","coordinates":[69.6094333,42.3158764]},"properties":{"city":"shymkent","overture_id":"3e4404d9-af06-42e4-8ae7-c7d982ad9e4c","overture_version":1,"sources":[{"property":"","dataset":"OpenStreetMap","license":"ODbL-1.0","record_id":"n10975610427@1","update_time":"2023-06-14T02:18:44Z","confidence":null,"between":null,"provider":"osm","resource":"planet","version":"2026-09-09"}],"k10_inside_bbox":true}},{"type":"Feature","id":"3e66d761-6796-46d0-bbc7-9cfaa717e91a","geometry":{"type":"Point","coordinates":[69.6043053,42.3247516]},"properties":{"city":"shymkent","overture_id":"3e66d761-6796-46d0-bbc7-9cfaa717e91a","overture_version":1,"sources":[{"property":"","dataset":"OpenStreetMap","license":"ODbL-1.0","record_id":"n3754421868@1","update_time":"2015-09-22T12:03:02Z","confidence":null,"between":null,"provider":"osm","resource":"planet","version":"2026-09-09"}],"k10_inside_bbox":false}},{"type":"Feature","id":"3e6b8801-176c-43b7-bf92-6f53d5d1f95f","geometry":{"type":"Point","coordinates":[69.6059988,42.3126799]},"properties":{"city":"shymkent","overture_id":"3e6b8801-176c-43b7-bf92-6f53d5d1f95f","overture_version":1,"sources":[{"property":"","dataset":"OpenStreetMap","license":"ODbL-1.0","record_id":"n1425090268@1","update_time":"2011-09-06T11:47:33Z","confidence":null,"between":null,"provider":"osm","resource":"planet","version":"2026-09-09"}],"k10_inside_bbox":true}},{"type":"Feature","id":"3f06522c-8541-4d6a-96a3-ff2608a4000c","geometry":{"type":"Point","coordinates":[69.598791,42.3191968]},"properties":{"city":"shymkent","overture_id":"3f06522c-8541-4d6a-96a3-ff2608a4000c","overture_version":1,"sources":[{"property":"","dataset":"OpenStreetMap","license":"ODbL-1.0","record_id":"n11375783413@1","update_time":"2023-11-25T18:49:10Z","confidence":null,"between":null,"provider":"osm","resource":"planet","version":"2026-09-09"}],"k10_inside_bbox":true}},{"type":"Feature","id":"3f1f8405-4056-4b3e-84e3-d136738592c9","geometry":{"type":"Point","coordinates":[69.6008724,42.319411]},"properties":{"city":"shymkent","overture_id":"3f1f8405-4056-4b3e-84e3-d136738592c9","overture_version":1,"sources":[{"property":"","dataset":"OpenStreetMap","license":"ODbL-1.0","record_id":"n11375783426@1","update_time":"2023-11-25T18:49:10Z","confidence":null,"between":null,"provider":"osm","resource":"planet","version":"2026-09-09"}],"k10_inside_bbox":true}},{"type":"Feature","id":"3f264662-951e-463e-8e57-69df205dc9ab","geometry":{"type":"Point","coordinates":[69.6107724,42.3097381]},"properties":{"city":"shymkent","overture_id":"3f264662-951e-463e-8e57-69df205dc9ab","overture_version":1,"sources":[{"property":"","dataset":"OpenStreetMap","license":"ODbL-1.0","record_id":"n6190360924@2","update_time":"2023-11-29T17:35:01Z","confidence":null,"between":null,"provider":"osm","resource":"planet","version":"2026-09-09"}],"k10_inside_bbox":true}},{"type":"Feature","id":"3f43f6b6-6091-49cb-a1dc-69433dc975ff","geometry":{"type":"Point","coordinates":[69.6028189,42.3155306]},"properties":{"city":"shymkent","overture_id":"3f43f6b6-6091-49cb-a1dc-69433dc975ff","overture_version":1,"sources":[{"property":"","dataset":"OpenStreetMap","license":"ODbL-1.0","record_id":"n13888881206@1","update_time":"2026-05-27T17:08:16Z","confidence":null,"between":null,"provider":"osm","resource":"planet","version":"2026-09-09"}],"k10_inside_bbox":true}},{"type":"Feature","id":"3f501ea5-08be-4de6-821e-4b98abfae1b6","geometry":{"type":"Point","coordinates":[69.6000624,42.3119199]},"properties":{"city":"shymkent","overture_id":"3f501ea5-08be-4de6-821e-4b98abfae1b6","overture_version":1,"sources":[{"property":"","dataset":"OpenStreetMap","license":"ODbL-1.0","record_id":"n13135799418@1","update_time":"2025-09-11T08:14:30Z","confidence":null,"between":null,"provider":"osm","resource":"planet","version":"2026-09-09"}],"k10_inside_bbox":true}},{"type":"Feature","id":"3f7efd8d-8edb-4ce6-9f7c-6f4b94f9fd49","geometry":{"type":"Point","coordinates":[69.6017224,42.3396439]},"properties":{"city":"shymkent","overture_id":"3f7efd8d-8edb-4ce6-9f7c-6f4b94f9fd49","overture_version":1,"sources":[{"property":"","dataset":"OpenStreetMap","license":"ODbL-1.0","record_id":"n11929131775@1","update_time":"2024-05-23T18:00:15Z","confidence":null,"between":null,"provider":"osm","resource":"planet","version":"2026-09-09"}],"k10_inside_bbox":false}},{"type":"Feature","id":"3f9ba6bb-fab2-41e3-bc89-c89b2bde7be4","geometry":{"type":"Point","coordinates":[69.6093946,42.3138308]},"properties":{"city":"shymkent","overture_id":"3f9ba6bb-fab2-41e3-bc89-c89b2bde7be4","overture_version":1,"sources":[{"property":"","dataset":"OpenStreetMap","license":"ODbL-1.0","record_id":"n1495170044@1","update_time":"2011-11-08T09:31:05Z","confidence":null,"between":null,"provider":"osm","resource":"planet","version":"2026-09-09"}],"k10_inside_bbox":true}},{"type":"Feature","id":"3fef084a-a17b-458c-a48c-94e7651198b5","geometry":{"type":"Point","coordinates":[69.6053325,42.3124836]},"properties":{"city":"shymkent","overture_id":"3fef084a-a17b-458c-a48c-94e7651198b5","overture_version":1,"sources":[{"property":"","dataset":"OpenStreetMap","license":"ODbL-1.0","record_id":"n1326354945@1","update_time":"2011-06-15T12:36:37Z","confidence":null,"between":null,"provider":"osm","resource":"planet","version":"2026-09-09"}],"k10_inside_bbox":true}},{"type":"Feature","id":"400642c9-b60e-447a-943f-dff747ca090a","geometry":{"type":"Point","coordinates":[69.598276,42.3189827]},"properties":{"city":"shymkent","overture_id":"400642c9-b60e-447a-943f-dff747ca090a","overture_version":1,"sources":[{"property":"","dataset":"OpenStreetMap","license":"ODbL-1.0","record_id":"n11375783407@1","update_time":"2023-11-25T18:49:10Z","confidence":null,"between":null,"provider":"osm","resource":"planet","version":"2026-09-09"}],"k10_inside_bbox":true}},{"type":"Feature","id":"402ab7e9-b460-4f36-80fc-2fc008054a84","geometry":{"type":"Point","coordinates":[69.6068845,42.3038718]},"properties":{"city":"shymkent","overture_id":"402ab7e9-b460-4f36-80fc-2fc008054a84","overture_version":2,"sources":[{"property":"","dataset":"OpenStreetMap","license":"ODbL-1.0","record_id":"n13311470359@1","update_time":"2025-11-17T18:46:06Z","confidence":null,"between":null,"provider":"osm","resource":"planet","version":"2026-09-09"}],"k10_inside_bbox":false}},{"type":"Feature","id":"404f5d72-8769-4e75-8a3e-25ed8dae3932","geometry":{"type":"Point","coordinates":[69.5974886,42.3185752]},"properties":{"city":"shymkent","overture_id":"404f5d72-8769-4e75-8a3e-25ed8dae3932","overture_version":1,"sources":[{"property":"","dataset":"OpenStreetMap","license":"ODbL-1.0","record_id":"n1301788269@2","update_time":"2011-10-22T15:43:21Z","confidence":null,"between":null,"provider":"osm","resource":"planet","version":"2026-09-09"}],"k10_inside_bbox":true}},{"type":"Feature","id":"40a56ee6-1b93-487d-b9db-bd3034551d30","geometry":{"type":"Point","coordinates":[69.5973169,42.3155733]},"properties":{"city":"shymkent","overture_id":"40a56ee6-1b93-487d-b9db-bd3034551d30","overture_version":1,"sources":[{"property":"","dataset":"OpenStreetMap","license":"ODbL-1.0","record_id":"n13108584026@2","update_time":"2026-05-27T16:36:36Z","confidence":null,"between":null,"provider":"osm","resource":"planet","version":"2026-09-09"}],"k10_inside_bbox":true}},{"type":"Feature","id":"411053e0-b6b3-4da2-807b-240950af8b70","geometry":{"type":"Point","coordinates":[69.6012431,42.3100936]},"properties":{"city":"shymkent","overture_id":"411053e0-b6b3-4da2-807b-240950af8b70","overture_version":1,"sources":[{"property":"","dataset":"OpenStreetMap","license":"ODbL-1.0","record_id":"n11384193280@1","update_time":"2023-11-29T17:35:01Z","confidence":null,"between":null,"provider":"osm","resource":"planet","version":"2026-09-09"}],"k10_inside_bbox":true}},{"type":"Feature","id":"412b1268-a846-4c9c-866e-77b2a449e0bf","geometry":{"type":"Point","coordinates":[69.6122503,42.3174912]},"properties":{"city":"shymkent","overture_id":"412b1268-a846-4c9c-866e-77b2a449e0bf","overture_version":1,"sources":[{"property":"","dataset":"OpenStreetMap","license":"ODbL-1.0","record_id":"n11375783399@1","update_time":"2023-11-25T18:49:10Z","confidence":null,"between":null,"provider":"osm","resource":"planet","version":"2026-09-09"}],"k10_inside_bbox":true}},{"type":"Feature","id":"41728f98-7762-40a9-ab6e-daae9349f477","geometry":{"type":"Point","coordinates":[69.5996842,42.3105493]},"properties":{"city":"shymkent","overture_id":"41728f98-7762-40a9-ab6e-daae9349f477","overture_version":1,"sources":[{"property":"","dataset":"OpenStreetMap","license":"ODbL-1.0","record_id":"n11057976561@1","update_time":"2023-07-21T05:11:13Z","confidence":null,"between":null,"provider":"osm","resource":"planet","version":"2026-09-09"}],"k10_inside_bbox":true}},{"type":"Feature","id":"41bed505-31fd-4954-8935-378019e58b57","geometry":{"type":"Point","coordinates":[69.6045185,42.3133697]},"properties":{"city":"shymkent","overture_id":"41bed505-31fd-4954-8935-378019e58b57","overture_version":1,"sources":[{"property":"","dataset":"OpenStreetMap","license":"ODbL-1.0","record_id":"n1326354734@1","update_time":"2011-06-15T12:36:33Z","confidence":null,"between":null,"provider":"osm","resource":"planet","version":"2026-09-09"}],"k10_inside_bbox":true}},{"type":"Feature","id":"41cd4e86-dbb2-4c17-8f5e-7d588a770769","geometry":{"type":"Point","coordinates":[69.6073328,42.3147724]},"properties":{"city":"shymkent","overture_id":"41cd4e86-dbb2-4c17-8f5e-7d588a770769","overture_version":1,"sources":[{"property":"","dataset":"OpenStreetMap","license":"ODbL-1.0","record_id":"n11384193190@2","update_time":"2024-09-05T07:06:14Z","confidence":null,"between":null,"provider":"osm","resource":"planet","version":"2026-09-09"}],"k10_inside_bbox":true}},{"type":"Feature","id":"41dfba17-1bfd-4498-b772-ff68289f8392","geometry":{"type":"Point","coordinates":[69.5928909,42.3122943]},"properties":{"city":"shymkent","overture_id":"41dfba17-1bfd-4498-b772-ff68289f8392","overture_version":1,"sources":[{"property":"","dataset":"OpenStreetMap","license":"ODbL-1.0","record_id":"n3764994953@1","update_time":"2015-09-30T08:21:22Z","confidence":null,"between":null,"provider":"osm","resource":"planet","version":"2026-09-09"}],"k10_inside_bbox":false}},{"type":"Feature","id":"41efb926-4a17-4acc-be62-1af3a5e07f65","geometry":{"type":"Point","coordinates":[69.6111103,42.3097876]},"properties":{"city":"shymkent","overture_id":"41efb926-4a17-4acc-be62-1af3a5e07f65","overture_version":1,"sources":[{"property":"","dataset":"OpenStreetMap","license":"ODbL-1.0","record_id":"n10142798719@2","update_time":"2023-07-12T10:14:11Z","confidence":null,"between":null,"provider":"osm","resource":"planet","version":"2026-09-09"}],"k10_inside_bbox":true}},{"type":"Feature","id":"4216bd22-3765-40b6-b3da-dd7aa8fe13b2","geometry":{"type":"Point","coordinates":[69.5987344,42.3234368]},"properties":{"city":"shymkent","overture_id":"4216bd22-3765-40b6-b3da-dd7aa8fe13b2","overture_version":1,"sources":[{"property":"","dataset":"OpenStreetMap","license":"ODbL-1.0","record_id":"n11104090827@1","update_time":"2023-08-10T06:29:02Z","confidence":null,"between":null,"provider":"osm","resource":"planet","version":"2026-09-09"}],"k10_inside_bbox":true}},{"type":"Feature","id":"426121a7-ee6d-4445-8f4b-2e1aaeb9124b","geometry":{"type":"Point","coordinates":[69.5962953,42.3158262]},"properties":{"city":"shymkent","overture_id":"426121a7-ee6d-4445-8f4b-2e1aaeb9124b","overture_version":1,"sources":[{"property":"","dataset":"OpenStreetMap","license":"ODbL-1.0","record_id":"n9433400774@1","update_time":"2022-01-20T11:54:52Z","confidence":null,"between":null,"provider":"osm","resource":"planet","version":"2026-09-09"}],"k10_inside_bbox":true}},{"type":"Feature","id":"427642da-ab2c-41e8-8436-5303a5c45f6d","geometry":{"type":"Point","coordinates":[69.618361,42.3161599]},"properties":{"city":"shymkent","overture_id":"427642da-ab2c-41e8-8436-5303a5c45f6d","overture_version":1,"sources":[{"property":"","dataset":"OpenStreetMap","license":"ODbL-1.0","record_id":"n11375783384@1","update_time":"2023-11-25T18:49:10Z","confidence":null,"between":null,"provider":"osm","resource":"planet","version":"2026-09-09"}],"k10_inside_bbox":false}},{"type":"Feature","id":"4277a0aa-a48b-4550-9837-d7fb1f0ef194","geometry":{"type":"Point","coordinates":[69.6026631,42.3098472]},"properties":{"city":"shymkent","overture_id":"4277a0aa-a48b-4550-9837-d7fb1f0ef194","overture_version":1,"sources":[{"property":"","dataset":"OpenStreetMap","license":"ODbL-1.0","record_id":"n12159528958@1","update_time":"2024-09-06T08:28:17Z","confidence":null,"between":null,"provider":"osm","resource":"planet","version":"2026-09-09"}],"k10_inside_bbox":true}},{"type":"Feature","id":"42b21cf0-c140-4f70-908f-ccfe4e9685da","geometry":{"type":"Point","coordinates":[69.6003152,42.3071985]},"properties":{"city":"shymkent","overture_id":"42b21cf0-c140-4f70-908f-ccfe4e9685da","overture_version":1,"sources":[{"property":"","dataset":"OpenStreetMap","license":"ODbL-1.0","record_id":"n12828511267@1","update_time":"2025-05-11T13:58:56Z","confidence":null,"between":null,"provider":"osm","resource":"planet","version":"2026-09-09"}],"k10_inside_bbox":true}},{"type":"Feature","id":"42bd2123-1ba4-4550-8005-9bb06c92d916","geometry":{"type":"Point","coordinates":[69.597791,42.316528]},"properties":{"city":"shymkent","overture_id":"42bd2123-1ba4-4550-8005-9bb06c92d916","overture_version":1,"sources":[{"property":"","dataset":"OpenStreetMap","license":"ODbL-1.0","record_id":"n13888817890@1","update_time":"2026-05-27T16:36:36Z","confidence":null,"between":null,"provider":"osm","resource":"planet","version":"2026-09-09"}],"k10_inside_bbox":true}},{"type":"Feature","id":"42d97d49-fef1-41ec-856a-a9efd83ae0a0","geometry":{"type":"Point","coordinates":[69.5999698,42.3073054]},"properties":{"city":"shymkent","overture_id":"42d97d49-fef1-41ec-856a-a9efd83ae0a0","overture_version":1,"sources":[{"property":"","dataset":"OpenStreetMap","license":"ODbL-1.0","record_id":"n12828330480@2","update_time":"2025-05-11T13:58:56Z","confidence":null,"between":null,"provider":"osm","resource":"planet","version":"2026-09-09"}],"k10_inside_bbox":true}},{"type":"Feature","id":"42dd8435-dc00-4b6a-8503-27f1d6afcd2e","geometry":{"type":"Point","coordinates":[69.6091196,42.3065442]},"properties":{"city":"shymkent","overture_id":"42dd8435-dc00-4b6a-8503-27f1d6afcd2e","overture_version":1,"sources":[{"property":"","dataset":"OpenStreetMap","license":"ODbL-1.0","record_id":"n11384193520@1","update_time":"2023-11-29T17:35:01Z","confidence":null,"between":null,"provider":"osm","resource":"planet","version":"2026-09-09"}],"k10_inside_bbox":false}},{"type":"Feature","id":"42e1302c-3aed-4bac-b8a8-8fbe48ba4cff","geometry":{"type":"Point","coordinates":[69.5998052,42.3141871]},"properties":{"city":"shymkent","overture_id":"42e1302c-3aed-4bac-b8a8-8fbe48ba4cff","overture_version":1,"sources":[{"property":"","dataset":"OpenStreetMap","license":"ODbL-1.0","record_id":"n8230894046@1","update_time":"2020-12-15T11:15:28Z","confidence":null,"between":null,"provider":"osm","resource":"planet","version":"2026-09-09"}],"k10_inside_bbox":true}},{"type":"Feature","id":"42e75a04-f161-43c2-b7a6-0fa3cafad742","geometry":{"type":"Point","coordinates":[69.6085408,42.3116816]},"properties":{"city":"shymkent","overture_id":"42e75a04-f161-43c2-b7a6-0fa3cafad742","overture_version":1,"sources":[{"property":"","dataset":"OpenStreetMap","license":"ODbL-1.0","record_id":"n1848703954@1","update_time":"2012-08-02T17:17:57Z","confidence":null,"between":null,"provider":"osm","resource":"planet","version":"2026-09-09"}],"k10_inside_bbox":true}},{"type":"Feature","id":"4308144c-8d49-4d64-a0dc-61b61ebebe35","geometry":{"type":"Point","coordinates":[69.6044793,42.3064318]},"properties":{"city":"shymkent","overture_id":"4308144c-8d49-4d64-a0dc-61b61ebebe35","overture_version":2,"sources":[{"property":"","dataset":"OpenStreetMap","license":"ODbL-1.0","record_id":"n13311470441@1","update_time":"2025-11-17T18:46:06Z","confidence":null,"between":null,"provider":"osm","resource":"planet","version":"2026-09-09"}],"k10_inside_bbox":false}},{"type":"Feature","id":"4309f750-f9a0-4857-a560-300a79b704d9","geometry":{"type":"Point","coordinates":[69.5984527,42.3319659]},"properties":{"city":"shymkent","overture_id":"4309f750-f9a0-4857-a560-300a79b704d9","overture_version":1,"sources":[{"property":"","dataset":"OpenStreetMap","license":"ODbL-1.0","record_id":"n11929131770@1","update_time":"2024-05-23T18:00:15Z","confidence":null,"between":null,"provider":"osm","resource":"planet","version":"2026-09-09"}],"k10_inside_bbox":false}},{"type":"Feature","id":"430d11cf-0673-4290-a28c-d0b1f67e4fa4","geometry":{"type":"Point","coordinates":[69.6007127,42.3097725]},"properties":{"city":"shymkent","overture_id":"430d11cf-0673-4290-a28c-d0b1f67e4fa4","overture_version":1,"sources":[{"property":"","dataset":"OpenStreetMap","license":"ODbL-1.0","record_id":"n13165370953@1","update_time":"2025-09-23T14:42:55Z","confidence":null,"between":null,"provider":"osm","resource":"planet","version":"2026-09-09"}],"k10_inside_bbox":true}},{"type":"Feature","id":"430f0b50-bf90-4c18-8225-23e5930702ab","geometry":{"type":"Point","coordinates":[69.5983646,42.3185126]},"properties":{"city":"shymkent","overture_id":"430f0b50-bf90-4c18-8225-23e5930702ab","overture_version":2,"sources":[{"property":"","dataset":"OpenStreetMap","license":"ODbL-1.0","record_id":"n11375783409@2","update_time":"2025-07-03T06:26:01Z","confidence":null,"between":null,"provider":"osm","resource":"planet","version":"2026-09-09"}],"k10_inside_bbox":true}},{"type":"Feature","id":"432bbfee-3fa1-4a05-818c-2ccded194a89","geometry":{"type":"Point","coordinates":[69.5978582,42.3210342]},"properties":{"city":"shymkent","overture_id":"432bbfee-3fa1-4a05-818c-2ccded194a89","overture_version":1,"sources":[{"property":"","dataset":"OpenStreetMap","license":"ODbL-1.0","record_id":"n1236371342@8","update_time":"2019-11-07T05:45:45Z","confidence":null,"between":null,"provider":"osm","resource":"planet","version":"2026-09-09"}],"k10_inside_bbox":true}},{"type":"Feature","id":"43643367-d970-4768-8078-5d8ae4a4083c","geometry":{"type":"Point","coordinates":[69.6044748,42.3133796]},"properties":{"city":"shymkent","overture_id":"43643367-d970-4768-8078-5d8ae4a4083c","overture_version":1,"sources":[{"property":"","dataset":"OpenStreetMap","license":"ODbL-1.0","record_id":"n1326355170@1","update_time":"2011-06-15T12:36:43Z","confidence":null,"between":null,"provider":"osm","resource":"planet","version":"2026-09-09"}],"k10_inside_bbox":true}},{"type":"Feature","id":"437f739d-8d1a-4be6-92c0-c42717e3c4f4","geometry":{"type":"Point","coordinates":[69.5954727,42.3221096]},"properties":{"city":"shymkent","overture_id":"437f739d-8d1a-4be6-92c0-c42717e3c4f4","overture_version":1,"sources":[{"property":"","dataset":"OpenStreetMap","license":"ODbL-1.0","record_id":"n10731868504@1","update_time":"2023-03-13T03:38:15Z","confidence":null,"between":null,"provider":"osm","resource":"planet","version":"2026-09-09"}],"k10_inside_bbox":true}},{"type":"Feature","id":"438f218d-012d-4615-81bb-4f71f6a05e1e","geometry":{"type":"Point","coordinates":[69.6050581,42.3127658]},"properties":{"city":"shymkent","overture_id":"438f218d-012d-4615-81bb-4f71f6a05e1e","overture_version":1,"sources":[{"property":"","dataset":"OpenStreetMap","license":"ODbL-1.0","record_id":"n1326355515@2","update_time":"2011-09-06T11:47:58Z","confidence":null,"between":null,"provider":"osm","resource":"planet","version":"2026-09-09"}],"k10_inside_bbox":true}},{"type":"Feature","id":"43fec525-4bba-44d3-9844-5e098179a54f","geometry":{"type":"Point","coordinates":[69.5946597,42.3232554]},"properties":{"city":"shymkent","overture_id":"43fec525-4bba-44d3-9844-5e098179a54f","overture_version":1,"sources":[{"property":"","dataset":"OpenStreetMap","license":"ODbL-1.0","record_id":"n8239565090@1","update_time":"2020-12-18T07:27:19Z","confidence":null,"between":null,"provider":"osm","resource":"planet","version":"2026-09-09"}],"k10_inside_bbox":true}},{"type":"Feature","id":"442d6c7f-b2d7-48ee-a6f4-e3d091607430","geometry":{"type":"Point","coordinates":[69.600561,42.3101849]},"properties":{"city":"shymkent","overture_id":"442d6c7f-b2d7-48ee-a6f4-e3d091607430","overture_version":1,"sources":[{"property":"","dataset":"OpenStreetMap","license":"ODbL-1.0","record_id":"n13165370957@1","update_time":"2025-09-23T14:42:55Z","confidence":null,"between":null,"provider":"osm","resource":"planet","version":"2026-09-09"}],"k10_inside_bbox":true}},{"type":"Feature","id":"44698088-a5dc-4441-8345-5e0cafd922ee","geometry":{"type":"Point","coordinates":[69.6034308,42.3168628]},"properties":{"city":"shymkent","overture_id":"44698088-a5dc-4441-8345-5e0cafd922ee","overture_version":2,"sources":[{"property":"","dataset":"OpenStreetMap","license":"ODbL-1.0","record_id":"n8167868515@3","update_time":"2025-06-27T06:41:14Z","confidence":null,"between":null,"provider":"osm","resource":"planet","version":"2026-09-09"}],"k10_inside_bbox":true}},{"type":"Feature","id":"446bf737-e972-44be-ab94-9ad69ca23548","geometry":{"type":"Point","coordinates":[69.5937138,42.3080347]},"properties":{"city":"shymkent","overture_id":"446bf737-e972-44be-ab94-9ad69ca23548","overture_version":1,"sources":[{"property":"","dataset":"OpenStreetMap","license":"ODbL-1.0","record_id":"n11922746131@3","update_time":"2025-05-12T16:12:11Z","confidence":null,"between":null,"provider":"osm","resource":"planet","version":"2026-09-09"}],"k10_inside_bbox":true}},{"type":"Feature","id":"4478e673-e170-448f-a996-27b798fa8084","geometry":{"type":"Point","coordinates":[69.5966199,42.3157188]},"properties":{"city":"shymkent","overture_id":"4478e673-e170-448f-a996-27b798fa8084","overture_version":1,"sources":[{"property":"","dataset":"OpenStreetMap","license":"ODbL-1.0","record_id":"n13108584010@1","update_time":"2025-08-30T11:58:58Z","confidence":null,"between":null,"provider":"osm","resource":"planet","version":"2026-09-09"}],"k10_inside_bbox":true}},{"type":"Feature","id":"4495e65d-93e5-4b06-8abc-a2f4c431268e","geometry":{"type":"Point","coordinates":[69.5932573,42.3243999]},"properties":{"city":"shymkent","overture_id":"4495e65d-93e5-4b06-8abc-a2f4c431268e","overture_version":1,"sources":[{"property":"","dataset":"OpenStreetMap","license":"ODbL-1.0","record_id":"n4336568569@2","update_time":"2026-04-23T05:08:26Z","confidence":null,"between":null,"provider":"osm","resource":"planet","version":"2026-09-09"}],"k10_inside_bbox":false}},{"type":"Feature","id":"44aa4138-39de-4fe3-9be0-b8dbfe33f3b0","geometry":{"type":"Point","coordinates":[69.6032032,42.320484]},"properties":{"city":"shymkent","overture_id":"44aa4138-39de-4fe3-9be0-b8dbfe33f3b0","overture_version":1,"sources":[{"property":"","dataset":"OpenStreetMap","license":"ODbL-1.0","record_id":"n11375783441@2","update_time":"2024-03-07T12:44:58Z","confidence":null,"between":null,"provider":"osm","resource":"planet","version":"2026-09-09"}],"k10_inside_bbox":true}},{"type":"Feature","id":"44c6e155-b737-4954-863d-bf50f44e8690","geometry":{"type":"Point","coordinates":[69.607305,42.3248535]},"properties":{"city":"shymkent","overture_id":"44c6e155-b737-4954-863d-bf50f44e8690","overture_version":1,"sources":[{"property":"","dataset":"OpenStreetMap","license":"ODbL-1.0","record_id":"n13006967222@1","update_time":"2025-07-17T16:23:48Z","confidence":null,"between":null,"provider":"osm","resource":"planet","version":"2026-09-09"}],"k10_inside_bbox":false}},{"type":"Feature","id":"44e675e1-41ed-4d2f-a0cf-e81e7a8d1aca","geometry":{"type":"Point","coordinates":[69.6165628,42.3171797]},"properties":{"city":"shymkent","overture_id":"44e675e1-41ed-4d2f-a0cf-e81e7a8d1aca","overture_version":1,"sources":[{"property":"","dataset":"OpenStreetMap","license":"ODbL-1.0","record_id":"n9459651207@1","update_time":"2022-01-30T07:10:45Z","confidence":null,"between":null,"provider":"osm","resource":"planet","version":"2026-09-09"}],"k10_inside_bbox":true}},{"type":"Feature","id":"44e68b4f-b28d-4395-b7a7-4ef80c25cb50","geometry":{"type":"Point","coordinates":[69.6001761,42.3145753]},"properties":{"city":"shymkent","overture_id":"44e68b4f-b28d-4395-b7a7-4ef80c25cb50","overture_version":1,"sources":[{"property":"","dataset":"OpenStreetMap","license":"ODbL-1.0","record_id":"n12804572544@1","update_time":"2025-05-02T17:34:26Z","confidence":null,"between":null,"provider":"osm","resource":"planet","version":"2026-09-09"}],"k10_inside_bbox":true}},{"type":"Feature","id":"45657ee4-254c-4358-b02b-27b751b9eb27","geometry":{"type":"Point","coordinates":[69.6062931,42.3167336]},"properties":{"city":"shymkent","overture_id":"45657ee4-254c-4358-b02b-27b751b9eb27","overture_version":1,"sources":[{"property":"","dataset":"OpenStreetMap","license":"ODbL-1.0","record_id":"n11375783522@1","update_time":"2023-11-25T18:49:10Z","confidence":null,"between":null,"provider":"osm","resource":"planet","version":"2026-09-09"}],"k10_inside_bbox":true}},{"type":"Feature","id":"45ea24b2-1098-4d51-bde8-f4fbff478686","geometry":{"type":"Point","coordinates":[69.6029001,42.3201131]},"properties":{"city":"shymkent","overture_id":"45ea24b2-1098-4d51-bde8-f4fbff478686","overture_version":1,"sources":[{"property":"","dataset":"OpenStreetMap","license":"ODbL-1.0","record_id":"n11700706870@1","update_time":"2024-03-07T12:44:58Z","confidence":null,"between":null,"provider":"osm","resource":"planet","version":"2026-09-09"}],"k10_inside_bbox":true}},{"type":"Feature","id":"4602a8a2-bae8-415e-b027-6939a1ca301a","geometry":{"type":"Point","coordinates":[69.5966888,42.3158631]},"properties":{"city":"shymkent","overture_id":"4602a8a2-bae8-415e-b027-6939a1ca301a","overture_version":1,"sources":[{"property":"","dataset":"OpenStreetMap","license":"ODbL-1.0","record_id":"n13108584016@1","update_time":"2025-08-30T11:58:58Z","confidence":null,"between":null,"provider":"osm","resource":"planet","version":"2026-09-09"}],"k10_inside_bbox":true}},{"type":"Feature","id":"46121357-0128-40b7-a07d-a84a4b39911a","geometry":{"type":"Point","coordinates":[69.5974997,42.3219676]},"properties":{"city":"shymkent","overture_id":"46121357-0128-40b7-a07d-a84a4b39911a","overture_version":1,"sources":[{"property":"","dataset":"OpenStreetMap","license":"ODbL-1.0","record_id":"n4346751996@1","update_time":"2016-08-12T03:59:58Z","confidence":null,"between":null,"provider":"osm","resource":"planet","version":"2026-09-09"}],"k10_inside_bbox":true}},{"type":"Feature","id":"4618c5ff-a0b3-4a62-ae16-be93e3ba5502","geometry":{"type":"Point","coordinates":[69.6140724,42.3143556]},"properties":{"city":"shymkent","overture_id":"4618c5ff-a0b3-4a62-ae16-be93e3ba5502","overture_version":1,"sources":[{"property":"","dataset":"OpenStreetMap","license":"ODbL-1.0","record_id":"n8167868512@2","update_time":"2020-11-26T13:02:44Z","confidence":null,"between":null,"provider":"osm","resource":"planet","version":"2026-09-09"}],"k10_inside_bbox":true}},{"type":"Feature","id":"462ef036-3e1b-46fa-a7f9-c74783c67e01","geometry":{"type":"Point","coordinates":[69.5950319,42.3068579]},"properties":{"city":"shymkent","overture_id":"462ef036-3e1b-46fa-a7f9-c74783c67e01","overture_version":1,"sources":[{"property":"","dataset":"OpenStreetMap","license":"ODbL-1.0","record_id":"n11148559534@1","update_time":"2023-08-27T16:41:50Z","confidence":null,"between":null,"provider":"osm","resource":"planet","version":"2026-09-09"}],"k10_inside_bbox":true}},{"type":"Feature","id":"469c9af8-18ce-4abd-8eb9-114c552e7ed8","geometry":{"type":"Point","coordinates":[69.6064615,42.3086427]},"properties":{"city":"shymkent","overture_id":"469c9af8-18ce-4abd-8eb9-114c552e7ed8","overture_version":1,"sources":[{"property":"","dataset":"OpenStreetMap","license":"ODbL-1.0","record_id":"n10142798767@2","update_time":"2023-08-23T12:39:52Z","confidence":null,"between":null,"provider":"osm","resource":"planet","version":"2026-09-09"}],"k10_inside_bbox":true}},{"type":"Feature","id":"46c6a90a-8705-4ef9-8840-6f05178cc8de","geometry":{"type":"Point","coordinates":[69.599648,42.3252061]},"properties":{"city":"shymkent","overture_id":"46c6a90a-8705-4ef9-8840-6f05178cc8de","overture_version":1,"sources":[{"property":"","dataset":"OpenStreetMap","license":"ODbL-1.0","record_id":"n12098103392@1","update_time":"2024-08-08T03:07:25Z","confidence":null,"between":null,"provider":"osm","resource":"planet","version":"2026-09-09"}],"k10_inside_bbox":false}},{"type":"Feature","id":"46e3e5cd-6168-4cba-b999-8468e8bb6e3d","geometry":{"type":"Point","coordinates":[69.6063774,42.3146691]},"properties":{"city":"shymkent","overture_id":"46e3e5cd-6168-4cba-b999-8468e8bb6e3d","overture_version":1,"sources":[{"property":"","dataset":"OpenStreetMap","license":"ODbL-1.0","record_id":"n11384193426@1","update_time":"2023-11-29T17:35:01Z","confidence":null,"between":null,"provider":"osm","resource":"planet","version":"2026-09-09"}],"k10_inside_bbox":true}},{"type":"Feature","id":"474e7b1b-fc7a-4d8e-9869-31f0a5272e7f","geometry":{"type":"Point","coordinates":[69.6132676,42.3084698]},"properties":{"city":"shymkent","overture_id":"474e7b1b-fc7a-4d8e-9869-31f0a5272e7f","overture_version":1,"sources":[{"property":"","dataset":"OpenStreetMap","license":"ODbL-1.0","record_id":"n5492614228@1","update_time":"2018-03-21T04:41:13Z","confidence":null,"between":null,"provider":"osm","resource":"planet","version":"2026-09-09"}],"k10_inside_bbox":true}},{"type":"Feature","id":"4761a7da-566e-4382-922e-336e9254789c","geometry":{"type":"Point","coordinates":[69.6005227,42.3159338]},"properties":{"city":"shymkent","overture_id":"4761a7da-566e-4382-922e-336e9254789c","overture_version":1,"sources":[{"property":"","dataset":"OpenStreetMap","license":"ODbL-1.0","record_id":"n1281343319@2","update_time":"2011-05-16T09:04:59Z","confidence":null,"between":null,"provider":"osm","resource":"planet","version":"2026-09-09"}],"k10_inside_bbox":true}},{"type":"Feature","id":"477d965c-02b5-4ef1-a492-fd105cef614c","geometry":{"type":"Point","coordinates":[69.6062456,42.3220746]},"properties":{"city":"shymkent","overture_id":"477d965c-02b5-4ef1-a492-fd105cef614c","overture_version":1,"sources":[{"property":"","dataset":"OpenStreetMap","license":"ODbL-1.0","record_id":"n11375783470@1","update_time":"2023-11-25T18:49:10Z","confidence":null,"between":null,"provider":"osm","resource":"planet","version":"2026-09-09"}],"k10_inside_bbox":true}},{"type":"Feature","id":"47875f1c-5d7f-4b41-a3d1-e5c32312b8cd","geometry":{"type":"Point","coordinates":[69.5961793,42.3171145]},"properties":{"city":"shymkent","overture_id":"47875f1c-5d7f-4b41-a3d1-e5c32312b8cd","overture_version":1,"sources":[{"property":"","dataset":"OpenStreetMap","license":"ODbL-1.0","record_id":"n1237032294@8","update_time":"2017-06-22T16:12:41Z","confidence":null,"between":null,"provider":"osm","resource":"planet","version":"2026-09-09"}],"k10_inside_bbox":true}},{"type":"Feature","id":"47bfb707-d780-4850-9629-5293ef35d5d1","geometry":{"type":"Point","coordinates":[69.6053055,42.3123273]},"properties":{"city":"shymkent","overture_id":"47bfb707-d780-4850-9629-5293ef35d5d1","overture_version":1,"sources":[{"property":"","dataset":"OpenStreetMap","license":"ODbL-1.0","record_id":"n1326355631@1","update_time":"2011-06-15T12:37:01Z","confidence":null,"between":null,"provider":"osm","resource":"planet","version":"2026-09-09"}],"k10_inside_bbox":true}},{"type":"Feature","id":"47c17f02-2f4e-40af-bc57-8573640f304f","geometry":{"type":"Point","coordinates":[69.5931463,42.3153363]},"properties":{"city":"shymkent","overture_id":"47c17f02-2f4e-40af-bc57-8573640f304f","overture_version":1,"sources":[{"property":"","dataset":"OpenStreetMap","license":"ODbL-1.0","record_id":"n12950993603@1","update_time":"2025-06-25T03:12:57Z","confidence":null,"between":null,"provider":"osm","resource":"planet","version":"2026-09-09"}],"k10_inside_bbox":false}},{"type":"Feature","id":"47c70f90-3679-4cce-b644-c18450f4853f","geometry":{"type":"Point","coordinates":[69.6060393,42.3230678]},"properties":{"city":"shymkent","overture_id":"47c70f90-3679-4cce-b644-c18450f4853f","overture_version":1,"sources":[{"property":"","dataset":"OpenStreetMap","license":"ODbL-1.0","record_id":"n10755269266@1","update_time":"2023-03-23T06:02:04Z","confidence":null,"between":null,"provider":"osm","resource":"planet","version":"2026-09-09"}],"k10_inside_bbox":true}},{"type":"Feature","id":"47c77c83-3401-4e8c-b91d-377a1be0154d","geometry":{"type":"Point","coordinates":[69.6025032,42.3111424]},"properties":{"city":"shymkent","overture_id":"47c77c83-3401-4e8c-b91d-377a1be0154d","overture_version":2,"sources":[{"property":"","dataset":"OpenStreetMap","license":"ODbL-1.0","record_id":"n12818487782@2","update_time":"2026-05-27T18:04:03Z","confidence":null,"between":null,"provider":"osm","resource":"planet","version":"2026-09-09"}],"k10_inside_bbox":true}},{"type":"Feature","id":"47d76c42-7cde-424e-8e52-c0b885bcc414","geometry":{"type":"Point","coordinates":[69.6002604,42.3071825]},"properties":{"city":"shymkent","overture_id":"47d76c42-7cde-424e-8e52-c0b885bcc414","overture_version":1,"sources":[{"property":"","dataset":"OpenStreetMap","license":"ODbL-1.0","record_id":"n1804778679@2","update_time":"2023-08-27T16:41:50Z","confidence":null,"between":null,"provider":"osm","resource":"planet","version":"2026-09-09"}],"k10_inside_bbox":true}},{"type":"Feature","id":"483af6f3-9d40-4bf5-ac57-2ba4ee78fbb0","geometry":{"type":"Point","coordinates":[69.606725,42.30805]},"properties":{"city":"shymkent","overture_id":"483af6f3-9d40-4bf5-ac57-2ba4ee78fbb0","overture_version":1,"sources":[{"property":"","dataset":"OpenStreetMap","license":"ODbL-1.0","record_id":"n11384193339@1","update_time":"2023-11-29T17:35:01Z","confidence":null,"between":null,"provider":"osm","resource":"planet","version":"2026-09-09"}],"k10_inside_bbox":true}},{"type":"Feature","id":"484e42f2-0095-4a3a-af3a-3fa07fa7c0ba","geometry":{"type":"Point","coordinates":[69.6161285,42.3191391]},"properties":{"city":"shymkent","overture_id":"484e42f2-0095-4a3a-af3a-3fa07fa7c0ba","overture_version":1,"sources":[{"property":"","dataset":"OpenStreetMap","license":"ODbL-1.0","record_id":"n1480000963@1","update_time":"2011-10-25T08:16:44Z","confidence":null,"between":null,"provider":"osm","resource":"planet","version":"2026-09-09"}],"k10_inside_bbox":true}},{"type":"Feature","id":"4867efdb-cc2f-40f5-be91-cf6b455e7415","geometry":{"type":"Point","coordinates":[69.6180043,42.323649]},"properties":{"city":"shymkent","overture_id":"4867efdb-cc2f-40f5-be91-cf6b455e7415","overture_version":1,"sources":[{"property":"","dataset":"OpenStreetMap","license":"ODbL-1.0","record_id":"n1236371280@4","update_time":"2018-07-02T17:04:52Z","confidence":null,"between":null,"provider":"osm","resource":"planet","version":"2026-09-09"}],"k10_inside_bbox":false}},{"type":"Feature","id":"4874418b-a794-4313-a159-549a81e6e8e9","geometry":{"type":"Point","coordinates":[69.6043821,42.3134005]},"properties":{"city":"shymkent","overture_id":"4874418b-a794-4313-a159-549a81e6e8e9","overture_version":1,"sources":[{"property":"","dataset":"OpenStreetMap","license":"ODbL-1.0","record_id":"n1326355590@1","update_time":"2011-06-15T12:36:59Z","confidence":null,"between":null,"provider":"osm","resource":"planet","version":"2026-09-09"}],"k10_inside_bbox":true}},{"type":"Feature","id":"487ea974-b0bc-47f6-b115-b1bfca07bd85","geometry":{"type":"Point","coordinates":[69.6092087,42.3095476]},"properties":{"city":"shymkent","overture_id":"487ea974-b0bc-47f6-b115-b1bfca07bd85","overture_version":1,"sources":[{"property":"","dataset":"OpenStreetMap","license":"ODbL-1.0","record_id":"n6190360926@1","update_time":"2019-01-07T16:58:58Z","confidence":null,"between":null,"provider":"osm","resource":"planet","version":"2026-09-09"}],"k10_inside_bbox":true}},{"type":"Feature","id":"48ea38f7-d4f1-4af7-bcd5-7a5bbb61c89f","geometry":{"type":"Point","coordinates":[69.6047294,42.311793]},"properties":{"city":"shymkent","overture_id":"48ea38f7-d4f1-4af7-bcd5-7a5bbb61c89f","overture_version":1,"sources":[{"property":"","dataset":"OpenStreetMap","license":"ODbL-1.0","record_id":"n13888991100@1","update_time":"2026-05-27T18:04:03Z","confidence":null,"between":null,"provider":"osm","resource":"planet","version":"2026-09-09"}],"k10_inside_bbox":true}},{"type":"Feature","id":"48eddc5b-62ab-4bc3-9b23-5a5a7979a65a","geometry":{"type":"Point","coordinates":[69.5950105,42.3173643]},"properties":{"city":"shymkent","overture_id":"48eddc5b-62ab-4bc3-9b23-5a5a7979a65a","overture_version":1,"sources":[{"property":"","dataset":"OpenStreetMap","license":"ODbL-1.0","record_id":"n11192564534@1","update_time":"2023-09-15T07:14:52Z","confidence":null,"between":null,"provider":"osm","resource":"planet","version":"2026-09-09"}],"k10_inside_bbox":true}},{"type":"Feature","id":"49124b0c-b32c-4e28-baf9-535b453424a5","geometry":{"type":"Point","coordinates":[69.6174146,42.3136297]},"properties":{"city":"shymkent","overture_id":"49124b0c-b32c-4e28-baf9-535b453424a5","overture_version":1,"sources":[{"property":"","dataset":"OpenStreetMap","license":"ODbL-1.0","record_id":"n5492616905@1","update_time":"2018-03-21T04:46:21Z","confidence":null,"between":null,"provider":"osm","resource":"planet","version":"2026-09-09"}],"k10_inside_bbox":true}},{"type":"Feature","id":"4915ef43-a2a9-4e5d-b1d8-3c328e0a0f24","geometry":{"type":"Point","coordinates":[69.6164614,42.314064]},"properties":{"city":"shymkent","overture_id":"4915ef43-a2a9-4e5d-b1d8-3c328e0a0f24","overture_version":1,"sources":[{"property":"","dataset":"OpenStreetMap","license":"ODbL-1.0","record_id":"n11375783393@1","update_time":"2023-11-25T18:49:10Z","confidence":null,"between":null,"provider":"osm","resource":"planet","version":"2026-09-09"}],"k10_inside_bbox":true}},{"type":"Feature","id":"4920bff3-6905-4971-9ffd-f6e8de9c6fbd","geometry":{"type":"Point","coordinates":[69.6035221,42.3168377]},"properties":{"city":"shymkent","overture_id":"4920bff3-6905-4971-9ffd-f6e8de9c6fbd","overture_version":1,"sources":[{"property":"","dataset":"OpenStreetMap","license":"ODbL-1.0","record_id":"n13888881204@1","update_time":"2026-05-27T17:08:16Z","confidence":null,"between":null,"provider":"osm","resource":"planet","version":"2026-09-09"}],"k10_inside_bbox":true}},{"type":"Feature","id":"49ae8630-1c68-46c5-97d5-64eb0da52684","geometry":{"type":"Point","coordinates":[69.5967417,42.3144717]},"properties":{"city":"shymkent","overture_id":"49ae8630-1c68-46c5-97d5-64eb0da52684","overture_version":1,"sources":[{"property":"","dataset":"OpenStreetMap","license":"ODbL-1.0","record_id":"n11088742292@1","update_time":"2023-08-04T09:01:06Z","confidence":null,"between":null,"provider":"osm","resource":"planet","version":"2026-09-09"}],"k10_inside_bbox":true}},{"type":"Feature","id":"49b22aa5-81d7-46f7-bd18-ad1558e95a93","geometry":{"type":"Point","coordinates":[69.5959755,42.3182029]},"properties":{"city":"shymkent","overture_id":"49b22aa5-81d7-46f7-bd18-ad1558e95a93","overture_version":1,"sources":[{"property":"","dataset":"OpenStreetMap","license":"ODbL-1.0","record_id":"n1342451644@3","update_time":"2011-09-20T11:56:53Z","confidence":null,"between":null,"provider":"osm","resource":"planet","version":"2026-09-09"}],"k10_inside_bbox":true}},{"type":"Feature","id":"49cea8a8-12e5-4481-83da-242d3e787787","geometry":{"type":"Point","coordinates":[69.5951018,42.3103175]},"properties":{"city":"shymkent","overture_id":"49cea8a8-12e5-4481-83da-242d3e787787","overture_version":1,"sources":[{"property":"","dataset":"OpenStreetMap","license":"ODbL-1.0","record_id":"n3764945997@1","update_time":"2015-09-30T06:53:08Z","confidence":null,"between":null,"provider":"osm","resource":"planet","version":"2026-09-09"}],"k10_inside_bbox":true}},{"type":"Feature","id":"4a144567-d70e-493b-9556-5efb42fe8997","geometry":{"type":"Point","coordinates":[69.599251,42.3098481]},"properties":{"city":"shymkent","overture_id":"4a144567-d70e-493b-9556-5efb42fe8997","overture_version":1,"sources":[{"property":"","dataset":"OpenStreetMap","license":"ODbL-1.0","record_id":"n11217055232@1","update_time":"2023-09-25T02:55:44Z","confidence":null,"between":null,"provider":"osm","resource":"planet","version":"2026-09-09"}],"k10_inside_bbox":true}},{"type":"Feature","id":"4a50f91c-6c8e-4364-8f99-7bdfd705de25","geometry":{"type":"Point","coordinates":[69.6036115,42.3069179]},"properties":{"city":"shymkent","overture_id":"4a50f91c-6c8e-4364-8f99-7bdfd705de25","overture_version":2,"sources":[{"property":"","dataset":"OpenStreetMap","license":"ODbL-1.0","record_id":"n13311470460@1","update_time":"2025-11-17T18:46:06Z","confidence":null,"between":null,"provider":"osm","resource":"planet","version":"2026-09-09"}],"k10_inside_bbox":true}},{"type":"Feature","id":"4aa0f937-57f3-440e-9277-000023c96b4f","geometry":{"type":"Point","coordinates":[69.6033481,42.3096171]},"properties":{"city":"shymkent","overture_id":"4aa0f937-57f3-440e-9277-000023c96b4f","overture_version":1,"sources":[{"property":"","dataset":"OpenStreetMap","license":"ODbL-1.0","record_id":"n11384193166@1","update_time":"2023-11-29T17:35:01Z","confidence":null,"between":null,"provider":"osm","resource":"planet","version":"2026-09-09"}],"k10_inside_bbox":true}},{"type":"Feature","id":"4acf9e2f-3151-4a23-a248-6b0ce4fcc37e","geometry":{"type":"Point","coordinates":[69.5969079,42.3138349]},"properties":{"city":"shymkent","overture_id":"4acf9e2f-3151-4a23-a248-6b0ce4fcc37e","overture_version":1,"sources":[{"property":"","dataset":"OpenStreetMap","license":"ODbL-1.0","record_id":"n2081832669@2","update_time":"2018-11-19T19:12:46Z","confidence":null,"between":null,"provider":"osm","resource":"planet","version":"2026-09-09"}],"k10_inside_bbox":true}},{"type":"Feature","id":"4b03575b-af14-4c0c-a663-5fa70d433734","geometry":{"type":"Point","coordinates":[69.5937364,42.3196358]},"properties":{"city":"shymkent","overture_id":"4b03575b-af14-4c0c-a663-5fa70d433734","overture_version":1,"sources":[{"property":"","dataset":"OpenStreetMap","license":"ODbL-1.0","record_id":"n1437656067@1","update_time":"2011-09-19T18:13:22Z","confidence":null,"between":null,"provider":"osm","resource":"planet","version":"2026-09-09"}],"k10_inside_bbox":true}},{"type":"Feature","id":"4b065611-e656-40fc-8ffd-3f4514d52787","geometry":{"type":"Point","coordinates":[69.5975412,42.3187124]},"properties":{"city":"shymkent","overture_id":"4b065611-e656-40fc-8ffd-3f4514d52787","overture_version":1,"sources":[{"property":"","dataset":"OpenStreetMap","license":"ODbL-1.0","record_id":"n1301788328@1","update_time":"2011-05-27T10:31:17Z","confidence":null,"between":null,"provider":"osm","resource":"planet","version":"2026-09-09"}],"k10_inside_bbox":true}},{"type":"Feature","id":"4b084bb7-383f-438a-8597-c4e3b68fdae7","geometry":{"type":"Point","coordinates":[69.6023622,42.3141639]},"properties":{"city":"shymkent","overture_id":"4b084bb7-383f-438a-8597-c4e3b68fdae7","overture_version":1,"sources":[{"property":"","dataset":"OpenStreetMap","license":"ODbL-1.0","record_id":"n12804572564@1","update_time":"2025-05-02T17:34:26Z","confidence":null,"between":null,"provider":"osm","resource":"planet","version":"2026-09-09"}],"k10_inside_bbox":true}},{"type":"Feature","id":"4b2e604b-8f2e-4070-a788-f7c725f69170","geometry":{"type":"Point","coordinates":[69.5969186,42.3117582]},"properties":{"city":"shymkent","overture_id":"4b2e604b-8f2e-4070-a788-f7c725f69170","overture_version":1,"sources":[{"property":"","dataset":"OpenStreetMap","license":"ODbL-1.0","record_id":"n1804945476@1","update_time":"2012-06-28T11:31:33Z","confidence":null,"between":null,"provider":"osm","resource":"planet","version":"2026-09-09"}],"k10_inside_bbox":true}},{"type":"Feature","id":"4b942cbc-b291-445b-a53f-97f07a00c6b0","geometry":{"type":"Point","coordinates":[69.6088142,42.306786]},"properties":{"city":"shymkent","overture_id":"4b942cbc-b291-445b-a53f-97f07a00c6b0","overture_version":1,"sources":[{"property":"","dataset":"OpenStreetMap","license":"ODbL-1.0","record_id":"n11384193524@1","update_time":"2023-11-29T17:35:01Z","confidence":null,"between":null,"provider":"osm","resource":"planet","version":"2026-09-09"}],"k10_inside_bbox":true}},{"type":"Feature","id":"4ba2e972-3e86-41d8-b9d9-156b5e53d227","geometry":{"type":"Point","coordinates":[69.6011983,42.3143173]},"properties":{"city":"shymkent","overture_id":"4ba2e972-3e86-41d8-b9d9-156b5e53d227","overture_version":1,"sources":[{"property":"","dataset":"OpenStreetMap","license":"ODbL-1.0","record_id":"n8230925080@1","update_time":"2020-12-15T11:30:56Z","confidence":null,"between":null,"provider":"osm","resource":"planet","version":"2026-09-09"}],"k10_inside_bbox":true}},{"type":"Feature","id":"4c173f64-74c0-49ef-a719-dafaa1f7a488","geometry":{"type":"Point","coordinates":[69.5940922,42.3162549]},"properties":{"city":"shymkent","overture_id":"4c173f64-74c0-49ef-a719-dafaa1f7a488","overture_version":1,"sources":[{"property":"","dataset":"OpenStreetMap","license":"ODbL-1.0","record_id":"n8236715247@1","update_time":"2020-12-17T07:47:38Z","confidence":null,"between":null,"provider":"osm","resource":"planet","version":"2026-09-09"}],"k10_inside_bbox":true}},{"type":"Feature","id":"4c82fd8f-d2a7-4c27-ac78-7262ae6d70e3","geometry":{"type":"Point","coordinates":[69.5991023,42.3238877]},"properties":{"city":"shymkent","overture_id":"4c82fd8f-d2a7-4c27-ac78-7262ae6d70e3","overture_version":1,"sources":[{"property":"","dataset":"OpenStreetMap","license":"ODbL-1.0","record_id":"n7042948878@1","update_time":"2019-12-09T04:26:28Z","confidence":null,"between":null,"provider":"osm","resource":"planet","version":"2026-09-09"}],"k10_inside_bbox":true}},{"type":"Feature","id":"4cc49f81-cabd-4599-a554-9098efae6382","geometry":{"type":"Point","coordinates":[69.6068886,42.3144349]},"properties":{"city":"shymkent","overture_id":"4cc49f81-cabd-4599-a554-9098efae6382","overture_version":1,"sources":[{"property":"","dataset":"OpenStreetMap","license":"ODbL-1.0","record_id":"n13735236336@1","update_time":"2026-04-16T17:22:36Z","confidence":null,"between":null,"provider":"osm","resource":"planet","version":"2026-09-09"}],"k10_inside_bbox":true}},{"type":"Feature","id":"4d1f29a4-2948-4a63-8072-309e047370f4","geometry":{"type":"Point","coordinates":[69.6100935,42.3154506]},"properties":{"city":"shymkent","overture_id":"4d1f29a4-2948-4a63-8072-309e047370f4","overture_version":1,"sources":[{"property":"","dataset":"OpenStreetMap","license":"ODbL-1.0","record_id":"n1434183751@1","update_time":"2011-09-16T11:10:50Z","confidence":null,"between":null,"provider":"osm","resource":"planet","version":"2026-09-09"}],"k10_inside_bbox":true}},{"type":"Feature","id":"4d50db88-da2f-4a0c-aee8-89a668e064ad","geometry":{"type":"Point","coordinates":[69.598838,42.3088241]},"properties":{"city":"shymkent","overture_id":"4d50db88-da2f-4a0c-aee8-89a668e064ad","overture_version":1,"sources":[{"property":"","dataset":"OpenStreetMap","license":"ODbL-1.0","record_id":"n11217050503@2","update_time":"2023-11-30T17:33:43Z","confidence":null,"between":null,"provider":"osm","resource":"planet","version":"2026-09-09"}],"k10_inside_bbox":true}},{"type":"Feature","id":"4d5ebefd-2931-4ed7-bea2-27ba89461fe5","geometry":{"type":"Point","coordinates":[69.5961209,42.3059236]},"properties":{"city":"shymkent","overture_id":"4d5ebefd-2931-4ed7-bea2-27ba89461fe5","overture_version":1,"sources":[{"property":"","dataset":"OpenStreetMap","license":"ODbL-1.0","record_id":"n10173658438@1","update_time":"2022-11-10T13:54:38Z","confidence":null,"between":null,"provider":"osm","resource":"planet","version":"2026-09-09"}],"k10_inside_bbox":false}},{"type":"Feature","id":"4daf89c8-f629-42a1-8111-e5c705231a48","geometry":{"type":"Point","coordinates":[69.6057727,42.312955]},"properties":{"city":"shymkent","overture_id":"4daf89c8-f629-42a1-8111-e5c705231a48","overture_version":1,"sources":[{"property":"","dataset":"OpenStreetMap","license":"ODbL-1.0","record_id":"n1326355632@1","update_time":"2011-06-15T12:37:01Z","confidence":null,"between":null,"provider":"osm","resource":"planet","version":"2026-09-09"}],"k10_inside_bbox":true}},{"type":"Feature","id":"4dd741c7-ece7-4c55-844b-7d72f316d297","geometry":{"type":"Point","coordinates":[69.5931646,42.3075147]},"properties":{"city":"shymkent","overture_id":"4dd741c7-ece7-4c55-844b-7d72f316d297","overture_version":1,"sources":[{"property":"","dataset":"OpenStreetMap","license":"ODbL-1.0","record_id":"n12818487770@2","update_time":"2025-05-12T16:12:11Z","confidence":null,"between":null,"provider":"osm","resource":"planet","version":"2026-09-09"}],"k10_inside_bbox":false}},{"type":"Feature","id":"4ddd45a3-b7ad-4202-a71c-973e04e1cd7f","geometry":{"type":"Point","coordinates":[69.6043566,42.3075125]},"properties":{"city":"shymkent","overture_id":"4ddd45a3-b7ad-4202-a71c-973e04e1cd7f","overture_version":1,"sources":[{"property":"","dataset":"OpenStreetMap","license":"ODbL-1.0","record_id":"n11384193305@1","update_time":"2023-11-29T17:35:01Z","confidence":null,"between":null,"provider":"osm","resource":"planet","version":"2026-09-09"}],"k10_inside_bbox":true}},{"type":"Feature","id":"4e151eae-1f2c-4a40-ad1e-8a6c94a8625f","geometry":{"type":"Point","coordinates":[69.6091587,42.3065133]},"properties":{"city":"shymkent","overture_id":"4e151eae-1f2c-4a40-ad1e-8a6c94a8625f","overture_version":1,"sources":[{"property":"","dataset":"OpenStreetMap","license":"ODbL-1.0","record_id":"n11384193516@1","update_time":"2023-11-29T17:35:01Z","confidence":null,"between":null,"provider":"osm","resource":"planet","version":"2026-09-09"}],"k10_inside_bbox":false}},{"type":"Feature","id":"4e1ff1d7-6a31-4689-b0e6-5980cc95b7c0","geometry":{"type":"Point","coordinates":[69.5936552,42.3206894]},"properties":{"city":"shymkent","overture_id":"4e1ff1d7-6a31-4689-b0e6-5980cc95b7c0","overture_version":1,"sources":[{"property":"","dataset":"OpenStreetMap","license":"ODbL-1.0","record_id":"n13849460722@1","update_time":"2026-05-19T13:56:14Z","confidence":null,"between":null,"provider":"osm","resource":"planet","version":"2026-09-09"}],"k10_inside_bbox":true}},{"type":"Feature","id":"4e4864f6-4b92-4748-9e78-975ad949ad09","geometry":{"type":"Point","coordinates":[69.5992074,42.3183859]},"properties":{"city":"shymkent","overture_id":"4e4864f6-4b92-4748-9e78-975ad949ad09","overture_version":1,"sources":[{"property":"","dataset":"OpenStreetMap","license":"ODbL-1.0","record_id":"n12991718931@1","update_time":"2025-07-10T07:43:13Z","confidence":null,"between":null,"provider":"osm","resource":"planet","version":"2026-09-09"}],"k10_inside_bbox":true}},{"type":"Feature","id":"4e55a77f-9034-4f30-b262-8236a28cde9a","geometry":{"type":"Point","coordinates":[69.5999295,42.3145119]},"properties":{"city":"shymkent","overture_id":"4e55a77f-9034-4f30-b262-8236a28cde9a","overture_version":1,"sources":[{"property":"","dataset":"OpenStreetMap","license":"ODbL-1.0","record_id":"n11953096390@2","update_time":"2025-05-02T17:34:26Z","confidence":null,"between":null,"provider":"osm","resource":"planet","version":"2026-09-09"}],"k10_inside_bbox":true}},{"type":"Feature","id":"4e5b25a1-21fd-4c02-a287-b491fca888df","geometry":{"type":"Point","coordinates":[69.6119231,42.3109262]},"properties":{"city":"shymkent","overture_id":"4e5b25a1-21fd-4c02-a287-b491fca888df","overture_version":1,"sources":[{"property":"","dataset":"OpenStreetMap","license":"ODbL-1.0","record_id":"n5401348204@1","update_time":"2018-02-09T14:58:07Z","confidence":null,"between":null,"provider":"osm","resource":"planet","version":"2026-09-09"}],"k10_inside_bbox":true}},{"type":"Feature","id":"4e8357f2-7517-4730-b1b9-bffbed6064f0","geometry":{"type":"Point","coordinates":[69.6029451,42.3171219]},"properties":{"city":"shymkent","overture_id":"4e8357f2-7517-4730-b1b9-bffbed6064f0","overture_version":1,"sources":[{"property":"","dataset":"OpenStreetMap","license":"ODbL-1.0","record_id":"n13083815842@1","update_time":"2025-08-20T06:31:37Z","confidence":null,"between":null,"provider":"osm","resource":"planet","version":"2026-09-09"}],"k10_inside_bbox":true}},{"type":"Feature","id":"4e9b15e3-fea8-492f-bc83-c7997f6be71c","geometry":{"type":"Point","coordinates":[69.6115013,42.3164644]},"properties":{"city":"shymkent","overture_id":"4e9b15e3-fea8-492f-bc83-c7997f6be71c","overture_version":1,"sources":[{"property":"","dataset":"OpenStreetMap","license":"ODbL-1.0","record_id":"n10975610424@1","update_time":"2023-06-14T02:18:44Z","confidence":null,"between":null,"provider":"osm","resource":"planet","version":"2026-09-09"}],"k10_inside_bbox":true}},{"type":"Feature","id":"4eb3e49f-4707-4ece-86bd-7023f723450e","geometry":{"type":"Point","coordinates":[69.5958302,42.3176232]},"properties":{"city":"shymkent","overture_id":"4eb3e49f-4707-4ece-86bd-7023f723450e","overture_version":1,"sources":[{"property":"","dataset":"OpenStreetMap","license":"ODbL-1.0","record_id":"n1327212595@2","update_time":"2011-06-28T17:03:13Z","confidence":null,"between":null,"provider":"osm","resource":"planet","version":"2026-09-09"}],"k10_inside_bbox":true}},{"type":"Feature","id":"4eb5f0cf-918f-400b-ba2a-37e2768c802d","geometry":{"type":"Point","coordinates":[69.5972783,42.3089526]},"properties":{"city":"shymkent","overture_id":"4eb5f0cf-918f-400b-ba2a-37e2768c802d","overture_version":1,"sources":[{"property":"","dataset":"OpenStreetMap","license":"ODbL-1.0","record_id":"n10173658468@2","update_time":"2023-08-27T16:41:50Z","confidence":null,"between":null,"provider":"osm","resource":"planet","version":"2026-09-09"}],"k10_inside_bbox":true}},{"type":"Feature","id":"4ece5565-6c8e-4482-9c0c-f79aff568f8d","geometry":{"type":"Point","coordinates":[69.6143579,42.3223741]},"properties":{"city":"shymkent","overture_id":"4ece5565-6c8e-4482-9c0c-f79aff568f8d","overture_version":1,"sources":[{"property":"","dataset":"OpenStreetMap","license":"ODbL-1.0","record_id":"n5401348264@1","update_time":"2018-02-09T14:58:08Z","confidence":null,"between":null,"provider":"osm","resource":"planet","version":"2026-09-09"}],"k10_inside_bbox":true}},{"type":"Feature","id":"4ed54ddf-8f3c-4a8b-8039-03ed0b4e0e23","geometry":{"type":"Point","coordinates":[69.6116924,42.3138101]},"properties":{"city":"shymkent","overture_id":"4ed54ddf-8f3c-4a8b-8039-03ed0b4e0e23","overture_version":1,"sources":[{"property":"","dataset":"OpenStreetMap","license":"ODbL-1.0","record_id":"n11384193403@1","update_time":"2023-11-29T17:35:01Z","confidence":null,"between":null,"provider":"osm","resource":"planet","version":"2026-09-09"}],"k10_inside_bbox":true}},{"type":"Feature","id":"4f3fd659-0988-49f0-bdd0-1935fabe39b6","geometry":{"type":"Point","coordinates":[69.6027176,42.3110076]},"properties":{"city":"shymkent","overture_id":"4f3fd659-0988-49f0-bdd0-1935fabe39b6","overture_version":1,"sources":[{"property":"","dataset":"OpenStreetMap","license":"ODbL-1.0","record_id":"n2081832642@3","update_time":"2024-09-06T08:28:17Z","confidence":null,"between":null,"provider":"osm","resource":"planet","version":"2026-09-09"}],"k10_inside_bbox":true}},{"type":"Feature","id":"4f8b00b9-adda-44fd-b7cc-0da70defe7a5","geometry":{"type":"Point","coordinates":[69.6026446,42.307582]},"properties":{"city":"shymkent","overture_id":"4f8b00b9-adda-44fd-b7cc-0da70defe7a5","overture_version":3,"sources":[{"property":"","dataset":"OpenStreetMap","license":"ODbL-1.0","record_id":"n5402890547@2","update_time":"2025-11-17T18:46:06Z","confidence":null,"between":null,"provider":"osm","resource":"planet","version":"2026-09-09"}],"k10_inside_bbox":true}},{"type":"Feature","id":"4f93c9e1-1a1b-400e-bbcd-44606dd74714","geometry":{"type":"Point","coordinates":[69.6050338,42.3150137]},"properties":{"city":"shymkent","overture_id":"4f93c9e1-1a1b-400e-bbcd-44606dd74714","overture_version":1,"sources":[{"property":"","dataset":"OpenStreetMap","license":"ODbL-1.0","record_id":"n13888881214@1","update_time":"2026-05-27T17:08:16Z","confidence":null,"between":null,"provider":"osm","resource":"planet","version":"2026-09-09"}],"k10_inside_bbox":true}},{"type":"Feature","id":"4fae39f7-ab30-4e00-b6f1-98fc0ff736de","geometry":{"type":"Point","coordinates":[69.5931396,42.3191709]},"properties":{"city":"shymkent","overture_id":"4fae39f7-ab30-4e00-b6f1-98fc0ff736de","overture_version":2,"sources":[{"property":"","dataset":"OpenStreetMap","license":"ODbL-1.0","record_id":"n11943588179@2","update_time":"2025-06-29T06:12:14Z","confidence":null,"between":null,"provider":"osm","resource":"planet","version":"2026-09-09"}],"k10_inside_bbox":false}},{"type":"Feature","id":"4fda6e6c-a808-4568-bcc0-3e419c426d65","geometry":{"type":"Point","coordinates":[69.5966622,42.3140721]},"properties":{"city":"shymkent","overture_id":"4fda6e6c-a808-4568-bcc0-3e419c426d65","overture_version":1,"sources":[{"property":"","dataset":"OpenStreetMap","license":"ODbL-1.0","record_id":"n11088766012@1","update_time":"2023-08-04T09:01:06Z","confidence":null,"between":null,"provider":"osm","resource":"planet","version":"2026-09-09"}],"k10_inside_bbox":true}},{"type":"Feature","id":"4fec89f3-9096-473c-89d6-4e02e59a1a92","geometry":{"type":"Point","coordinates":[69.5959761,42.3261734]},"properties":{"city":"shymkent","overture_id":"4fec89f3-9096-473c-89d6-4e02e59a1a92","overture_version":1,"sources":[{"property":"","dataset":"OpenStreetMap","license":"ODbL-1.0","record_id":"n11929130962@1","update_time":"2024-05-23T18:00:15Z","confidence":null,"between":null,"provider":"osm","resource":"planet","version":"2026-09-09"}],"k10_inside_bbox":false}},{"type":"Feature","id":"50019b44-c38f-45a0-adee-7b07b896068a","geometry":{"type":"Point","coordinates":[69.5976426,42.3210879]},"properties":{"city":"shymkent","overture_id":"50019b44-c38f-45a0-adee-7b07b896068a","overture_version":1,"sources":[{"property":"","dataset":"OpenStreetMap","license":"ODbL-1.0","record_id":"n1433192042@1","update_time":"2011-09-15T04:44:27Z","confidence":null,"between":null,"provider":"osm","resource":"planet","version":"2026-09-09"}],"k10_inside_bbox":true}},{"type":"Feature","id":"50093d53-6872-4f95-9e07-50bad36f277f","geometry":{"type":"Point","coordinates":[69.6004042,42.3098465]},"properties":{"city":"shymkent","overture_id":"50093d53-6872-4f95-9e07-50bad36f277f","overture_version":1,"sources":[{"property":"","dataset":"OpenStreetMap","license":"ODbL-1.0","record_id":"n304263464@8","update_time":"2024-09-05T07:06:14Z","confidence":null,"between":null,"provider":"osm","resource":"planet","version":"2026-09-09"}],"k10_inside_bbox":true}},{"type":"Feature","id":"500d736d-21e0-4112-b8b2-4f0edef6fd28","geometry":{"type":"Point","coordinates":[69.6032502,42.3162407]},"properties":{"city":"shymkent","overture_id":"500d736d-21e0-4112-b8b2-4f0edef6fd28","overture_version":2,"sources":[{"property":"","dataset":"OpenStreetMap","license":"ODbL-1.0","record_id":"n12159442964@2","update_time":"2026-05-27T17:08:16Z","confidence":null,"between":null,"provider":"osm","resource":"planet","version":"2026-09-09"}],"k10_inside_bbox":true}},{"type":"Feature","id":"502b1089-5395-4e5f-9dfe-944ffb7c5488","geometry":{"type":"Point","coordinates":[69.6000674,42.3134984]},"properties":{"city":"shymkent","overture_id":"502b1089-5395-4e5f-9dfe-944ffb7c5488","overture_version":1,"sources":[{"property":"","dataset":"OpenStreetMap","license":"ODbL-1.0","record_id":"n8230894050@1","update_time":"2020-12-15T11:15:28Z","confidence":null,"between":null,"provider":"osm","resource":"planet","version":"2026-09-09"}],"k10_inside_bbox":true}},{"type":"Feature","id":"50481c2f-9ea3-485d-b4b1-a3156b2b7a44","geometry":{"type":"Point","coordinates":[69.5994581,42.3192797]},"properties":{"city":"shymkent","overture_id":"50481c2f-9ea3-485d-b4b1-a3156b2b7a44","overture_version":1,"sources":[{"property":"","dataset":"OpenStreetMap","license":"ODbL-1.0","record_id":"n3678262217@2","update_time":"2018-11-24T00:01:07Z","confidence":null,"between":null,"provider":"osm","resource":"planet","version":"2026-09-09"}],"k10_inside_bbox":true}},{"type":"Feature","id":"50656988-1725-4199-b8ad-a81c2f4e8e2f","geometry":{"type":"Point","coordinates":[69.6031414,42.322021]},"properties":{"city":"shymkent","overture_id":"50656988-1725-4199-b8ad-a81c2f4e8e2f","overture_version":1,"sources":[{"property":"","dataset":"OpenStreetMap","license":"ODbL-1.0","record_id":"n3752787149@1","update_time":"2015-09-21T12:22:36Z","confidence":null,"between":null,"provider":"osm","resource":"planet","version":"2026-09-09"}],"k10_inside_bbox":true}},{"type":"Feature","id":"5092fcb2-f456-44d0-9ed2-9c375a042aa0","geometry":{"type":"Point","coordinates":[69.606009,42.315865]},"properties":{"city":"shymkent","overture_id":"5092fcb2-f456-44d0-9ed2-9c375a042aa0","overture_version":1,"sources":[{"property":"","dataset":"OpenStreetMap","license":"ODbL-1.0","record_id":"n12157186028@1","update_time":"2024-09-05T07:16:39Z","confidence":null,"between":null,"provider":"osm","resource":"planet","version":"2026-09-09"}],"k10_inside_bbox":true}},{"type":"Feature","id":"50c4a09e-3695-4c93-b2e8-cdf4a0757309","geometry":{"type":"Point","coordinates":[69.6004395,42.3090118]},"properties":{"city":"shymkent","overture_id":"50c4a09e-3695-4c93-b2e8-cdf4a0757309","overture_version":1,"sources":[{"property":"","dataset":"OpenStreetMap","license":"ODbL-1.0","record_id":"n13668269225@1","update_time":"2026-03-22T06:45:42Z","confidence":null,"between":null,"provider":"osm","resource":"planet","version":"2026-09-09"}],"k10_inside_bbox":true}},{"type":"Feature","id":"50e68e65-97f8-4590-86fc-c12d25c25fe6","geometry":{"type":"Point","coordinates":[69.59365,42.3245823]},"properties":{"city":"shymkent","overture_id":"50e68e65-97f8-4590-86fc-c12d25c25fe6","overture_version":1,"sources":[{"property":"","dataset":"OpenStreetMap","license":"ODbL-1.0","record_id":"n1539093501@2","update_time":"2016-08-05T06:55:43Z","confidence":null,"between":null,"provider":"osm","resource":"planet","version":"2026-09-09"}],"k10_inside_bbox":true}},{"type":"Feature","id":"50efe832-e045-4191-a69b-dc9a38b7a501","geometry":{"type":"Point","coordinates":[69.5936794,42.3104982]},"properties":{"city":"shymkent","overture_id":"50efe832-e045-4191-a69b-dc9a38b7a501","overture_version":2,"sources":[{"property":"","dataset":"OpenStreetMap","license":"ODbL-1.0","record_id":"n11922746130@3","update_time":"2026-05-22T11:01:11Z","confidence":null,"between":null,"provider":"osm","resource":"planet","version":"2026-09-09"}],"k10_inside_bbox":true}},{"type":"Feature","id":"513ae92f-dda9-432e-be1d-54af3a35305e","geometry":{"type":"Point","coordinates":[69.6050674,42.3086967]},"properties":{"city":"shymkent","overture_id":"513ae92f-dda9-432e-be1d-54af3a35305e","overture_version":1,"sources":[{"property":"","dataset":"OpenStreetMap","license":"ODbL-1.0","record_id":"n11384193347@1","update_time":"2023-11-29T17:35:01Z","confidence":null,"between":null,"provider":"osm","resource":"planet","version":"2026-09-09"}],"k10_inside_bbox":true}},{"type":"Feature","id":"515e9b53-2bc9-4f7e-a381-fbad72391e50","geometry":{"type":"Point","coordinates":[69.6040051,42.3240784]},"properties":{"city":"shymkent","overture_id":"515e9b53-2bc9-4f7e-a381-fbad72391e50","overture_version":1,"sources":[{"property":"","dataset":"OpenStreetMap","license":"ODbL-1.0","record_id":"n304263388@10","update_time":"2012-06-18T16:32:19Z","confidence":null,"between":null,"provider":"osm","resource":"planet","version":"2026-09-09"}],"k10_inside_bbox":true}},{"type":"Feature","id":"516de832-0bf0-43a8-ad72-c6d0380fa5f9","geometry":{"type":"Point","coordinates":[69.6045517,42.3134461]},"properties":{"city":"shymkent","overture_id":"516de832-0bf0-43a8-ad72-c6d0380fa5f9","overture_version":1,"sources":[{"property":"","dataset":"OpenStreetMap","license":"ODbL-1.0","record_id":"n1326355602@1","update_time":"2011-06-15T12:36:59Z","confidence":null,"between":null,"provider":"osm","resource":"planet","version":"2026-09-09"}],"k10_inside_bbox":true}},{"type":"Feature","id":"5174b5bc-a68d-41d3-90e8-41443fa91856","geometry":{"type":"Point","coordinates":[69.6063919,42.3162644]},"properties":{"city":"shymkent","overture_id":"5174b5bc-a68d-41d3-90e8-41443fa91856","overture_version":1,"sources":[{"property":"","dataset":"OpenStreetMap","license":"ODbL-1.0","record_id":"n11375783527@1","update_time":"2023-11-25T18:49:10Z","confidence":null,"between":null,"provider":"osm","resource":"planet","version":"2026-09-09"}],"k10_inside_bbox":true}},{"type":"Feature","id":"51813ed6-26b2-4145-aec8-d5130f378588","geometry":{"type":"Point","coordinates":[69.6133476,42.3173705]},"properties":{"city":"shymkent","overture_id":"51813ed6-26b2-4145-aec8-d5130f378588","overture_version":1,"sources":[{"property":"","dataset":"OpenStreetMap","license":"ODbL-1.0","record_id":"n304263718@6","update_time":"2012-05-18T06:13:50Z","confidence":null,"between":null,"provider":"osm","resource":"planet","version":"2026-09-09"}],"k10_inside_bbox":true}},{"type":"Feature","id":"51ac5a28-9687-441e-be26-bc3865aabb7b","geometry":{"type":"Point","coordinates":[69.596124,42.316379]},"properties":{"city":"shymkent","overture_id":"51ac5a28-9687-441e-be26-bc3865aabb7b","overture_version":1,"sources":[{"property":"","dataset":"OpenStreetMap","license":"ODbL-1.0","record_id":"n8242269586@2","update_time":"2025-08-30T11:58:58Z","confidence":null,"between":null,"provider":"osm","resource":"planet","version":"2026-09-09"}],"k10_inside_bbox":true}},{"type":"Feature","id":"51ba130d-3e79-4a11-a707-1497a93ccbb7","geometry":{"type":"Point","coordinates":[69.5978424,42.318713]},"properties":{"city":"shymkent","overture_id":"51ba130d-3e79-4a11-a707-1497a93ccbb7","overture_version":1,"sources":[{"property":"","dataset":"OpenStreetMap","license":"ODbL-1.0","record_id":"n1434183772@1","update_time":"2011-09-16T11:10:51Z","confidence":null,"between":null,"provider":"osm","resource":"planet","version":"2026-09-09"}],"k10_inside_bbox":true}},{"type":"Feature","id":"51c5861c-555e-4d46-914f-abb1cb63a935","geometry":{"type":"Point","coordinates":[69.6017613,42.3187824]},"properties":{"city":"shymkent","overture_id":"51c5861c-555e-4d46-914f-abb1cb63a935","overture_version":1,"sources":[{"property":"","dataset":"OpenStreetMap","license":"ODbL-1.0","record_id":"n1343040711@4","update_time":"2015-12-14T08:17:36Z","confidence":null,"between":null,"provider":"osm","resource":"planet","version":"2026-09-09"}],"k10_inside_bbox":true}},{"type":"Feature","id":"51cb51cd-c54a-4902-b00a-09eb194d1ede","geometry":{"type":"Point","coordinates":[69.5955482,42.3248836]},"properties":{"city":"shymkent","overture_id":"51cb51cd-c54a-4902-b00a-09eb194d1ede","overture_version":1,"sources":[{"property":"","dataset":"OpenStreetMap","license":"ODbL-1.0","record_id":"n12809848381@1","update_time":"2025-05-04T16:15:20Z","confidence":null,"between":null,"provider":"osm","resource":"planet","version":"2026-09-09"}],"k10_inside_bbox":false}},{"type":"Feature","id":"51ccfcc3-1be5-45d4-a46a-4b89ecc7066e","geometry":{"type":"Point","coordinates":[69.6125025,42.3074331]},"properties":{"city":"shymkent","overture_id":"51ccfcc3-1be5-45d4-a46a-4b89ecc7066e","overture_version":1,"sources":[{"property":"","dataset":"OpenStreetMap","license":"ODbL-1.0","record_id":"n11054011353@1","update_time":"2023-07-19T02:15:49Z","confidence":null,"between":null,"provider":"osm","resource":"planet","version":"2026-09-09"}],"k10_inside_bbox":true}},{"type":"Feature","id":"520cced3-d22e-450a-bd3f-1d1090ea3dc9","geometry":{"type":"Point","coordinates":[69.5946632,42.3231411]},"properties":{"city":"shymkent","overture_id":"520cced3-d22e-450a-bd3f-1d1090ea3dc9","overture_version":1,"sources":[{"property":"","dataset":"OpenStreetMap","license":"ODbL-1.0","record_id":"n11929131781@1","update_time":"2024-05-23T18:00:15Z","confidence":null,"between":null,"provider":"osm","resource":"planet","version":"2026-09-09"}],"k10_inside_bbox":true}},{"type":"Feature","id":"52326516-b279-4cac-8038-cd8cd8ba5d21","geometry":{"type":"Point","coordinates":[69.6041681,42.3150796]},"properties":{"city":"shymkent","overture_id":"52326516-b279-4cac-8038-cd8cd8ba5d21","overture_version":1,"sources":[{"property":"","dataset":"OpenStreetMap","license":"ODbL-1.0","record_id":"n11384193444@1","update_time":"2023-11-29T17:35:01Z","confidence":null,"between":null,"provider":"osm","resource":"planet","version":"2026-09-09"}],"k10_inside_bbox":true}},{"type":"Feature","id":"523dede2-d553-464e-8ca1-f99c07ee76ef","geometry":{"type":"Point","coordinates":[69.5941504,42.318335]},"properties":{"city":"shymkent","overture_id":"523dede2-d553-464e-8ca1-f99c07ee76ef","overture_version":1,"sources":[{"property":"","dataset":"OpenStreetMap","license":"ODbL-1.0","record_id":"n4346751775@1","update_time":"2016-08-12T03:59:58Z","confidence":null,"between":null,"provider":"osm","resource":"planet","version":"2026-09-09"}],"k10_inside_bbox":true}},{"type":"Feature","id":"524a79b5-3c97-4847-a61d-268a861d28fd","geometry":{"type":"Point","coordinates":[69.5895351,42.3228671]},"properties":{"city":"shymkent","overture_id":"524a79b5-3c97-4847-a61d-268a861d28fd","overture_version":1,"sources":[{"property":"","dataset":"OpenStreetMap","license":"ODbL-1.0","record_id":"n1756926584@2","update_time":"2018-11-23T20:33:08Z","confidence":null,"between":null,"provider":"osm","resource":"planet","version":"2026-09-09"}],"k10_inside_bbox":false}},{"type":"Feature","id":"52501f16-7d34-48fb-9fc0-18ff9d9d758d","geometry":{"type":"Point","coordinates":[69.6048926,42.325399]},"properties":{"city":"shymkent","overture_id":"52501f16-7d34-48fb-9fc0-18ff9d9d758d","overture_version":1,"sources":[{"property":"","dataset":"OpenStreetMap","license":"ODbL-1.0","record_id":"n5401348273@1","update_time":"2018-02-09T14:58:08Z","confidence":null,"between":null,"provider":"osm","resource":"planet","version":"2026-09-09"}],"k10_inside_bbox":false}},{"type":"Feature","id":"52586109-cb95-4746-bd56-e9bff19bca00","geometry":{"type":"Point","coordinates":[69.5951904,42.3149451]},"properties":{"city":"shymkent","overture_id":"52586109-cb95-4746-bd56-e9bff19bca00","overture_version":1,"sources":[{"property":"","dataset":"OpenStreetMap","license":"ODbL-1.0","record_id":"n11922746139@2","update_time":"2024-09-05T17:42:04Z","confidence":null,"between":null,"provider":"osm","resource":"planet","version":"2026-09-09"}],"k10_inside_bbox":true}},{"type":"Feature","id":"5283fcbf-3fea-4aa2-8a63-7d95e8d1c777","geometry":{"type":"Point","coordinates":[69.5975565,42.3095695]},"properties":{"city":"shymkent","overture_id":"5283fcbf-3fea-4aa2-8a63-7d95e8d1c777","overture_version":1,"sources":[{"property":"","dataset":"OpenStreetMap","license":"ODbL-1.0","record_id":"n13111944203@1","update_time":"2025-09-01T08:58:25Z","confidence":null,"between":null,"provider":"osm","resource":"planet","version":"2026-09-09"}],"k10_inside_bbox":true}},{"type":"Feature","id":"52878831-7036-4867-a23c-68ed0a0a4c9e","geometry":{"type":"Point","coordinates":[69.5971971,42.318444]},"properties":{"city":"shymkent","overture_id":"52878831-7036-4867-a23c-68ed0a0a4c9e","overture_version":1,"sources":[{"property":"","dataset":"OpenStreetMap","license":"ODbL-1.0","record_id":"n2011871560@6","update_time":"2024-04-25T18:42:25Z","confidence":null,"between":null,"provider":"osm","resource":"planet","version":"2026-09-09"}],"k10_inside_bbox":true}},{"type":"Feature","id":"52a05564-9e34-4ee1-85b6-9c7bdc84ab0b","geometry":{"type":"Point","coordinates":[69.5952388,42.3123094]},"properties":{"city":"shymkent","overture_id":"52a05564-9e34-4ee1-85b6-9c7bdc84ab0b","overture_version":1,"sources":[{"property":"","dataset":"OpenStreetMap","license":"ODbL-1.0","record_id":"n12214818622@1","update_time":"2024-10-01T19:04:21Z","confidence":null,"between":null,"provider":"osm","resource":"planet","version":"2026-09-09"}],"k10_inside_bbox":true}},{"type":"Feature","id":"52bc2460-aed3-4284-b18a-8d7c1f12fbb8","geometry":{"type":"Point","coordinates":[69.6077385,42.3173007]},"properties":{"city":"shymkent","overture_id":"52bc2460-aed3-4284-b18a-8d7c1f12fbb8","overture_version":1,"sources":[{"property":"","dataset":"OpenStreetMap","license":"ODbL-1.0","record_id":"n11375783508@1","update_time":"2023-11-25T18:49:10Z","confidence":null,"between":null,"provider":"osm","resource":"planet","version":"2026-09-09"}],"k10_inside_bbox":true}},{"type":"Feature","id":"531daf1c-9a98-423c-8a90-7c69c0660267","geometry":{"type":"Point","coordinates":[69.5941079,42.3065658]},"properties":{"city":"shymkent","overture_id":"531daf1c-9a98-423c-8a90-7c69c0660267","overture_version":1,"sources":[{"property":"","dataset":"OpenStreetMap","license":"ODbL-1.0","record_id":"n11107184974@2","update_time":"2023-08-27T16:41:50Z","confidence":null,"between":null,"provider":"osm","resource":"planet","version":"2026-09-09"}],"k10_inside_bbox":false}},{"type":"Feature","id":"532929db-6873-42db-85a8-7a5227158f57","geometry":{"type":"Point","coordinates":[69.601561,42.320175]},"properties":{"city":"shymkent","overture_id":"532929db-6873-42db-85a8-7a5227158f57","overture_version":1,"sources":[{"property":"","dataset":"OpenStreetMap","license":"ODbL-1.0","record_id":"n11287899525@1","update_time":"2023-10-25T06:52:35Z","confidence":null,"between":null,"provider":"osm","resource":"planet","version":"2026-09-09"}],"k10_inside_bbox":true}},{"type":"Feature","id":"537a4cff-affc-4d33-a32e-aac81323693d","geometry":{"type":"Point","coordinates":[69.6040125,42.313177]},"properties":{"city":"shymkent","overture_id":"537a4cff-affc-4d33-a32e-aac81323693d","overture_version":1,"sources":[{"property":"","dataset":"OpenStreetMap","license":"ODbL-1.0","record_id":"n1326355168@1","update_time":"2011-06-15T12:36:43Z","confidence":null,"between":null,"provider":"osm","resource":"planet","version":"2026-09-09"}],"k10_inside_bbox":true}},{"type":"Feature","id":"53e534fc-8d57-44b6-bf6f-ef564b4c1f31","geometry":{"type":"Point","coordinates":[69.6083263,42.3119814]},"properties":{"city":"shymkent","overture_id":"53e534fc-8d57-44b6-bf6f-ef564b4c1f31","overture_version":1,"sources":[{"property":"","dataset":"OpenStreetMap","license":"ODbL-1.0","record_id":"n11384193254@1","update_time":"2023-11-29T17:35:01Z","confidence":null,"between":null,"provider":"osm","resource":"planet","version":"2026-09-09"}],"k10_inside_bbox":true}},{"type":"Feature","id":"5405495d-c5de-48e3-8b62-92024665bccb","geometry":{"type":"Point","coordinates":[69.6026661,42.3100777]},"properties":{"city":"shymkent","overture_id":"5405495d-c5de-48e3-8b62-92024665bccb","overture_version":1,"sources":[{"property":"","dataset":"OpenStreetMap","license":"ODbL-1.0","record_id":"n12159528948@1","update_time":"2024-09-06T08:28:17Z","confidence":null,"between":null,"provider":"osm","resource":"planet","version":"2026-09-09"}],"k10_inside_bbox":true}},{"type":"Feature","id":"54168442-0464-4837-b151-d31f3ee75562","geometry":{"type":"Point","coordinates":[69.6069953,42.3082302]},"properties":{"city":"shymkent","overture_id":"54168442-0464-4837-b151-d31f3ee75562","overture_version":1,"sources":[{"property":"","dataset":"OpenStreetMap","license":"ODbL-1.0","record_id":"n10142798762@2","update_time":"2023-08-23T12:39:52Z","confidence":null,"between":null,"provider":"osm","resource":"planet","version":"2026-09-09"}],"k10_inside_bbox":true}},{"type":"Feature","id":"5477dc25-e590-4e35-8d6f-a0b62ec1fd59","geometry":{"type":"Point","coordinates":[69.6163049,42.3195552]},"properties":{"city":"shymkent","overture_id":"5477dc25-e590-4e35-8d6f-a0b62ec1fd59","overture_version":1,"sources":[{"property":"","dataset":"OpenStreetMap","license":"ODbL-1.0","record_id":"n5401348224@1","update_time":"2018-02-09T14:58:07Z","confidence":null,"between":null,"provider":"osm","resource":"planet","version":"2026-09-09"}],"k10_inside_bbox":true}},{"type":"Feature","id":"54c40dfe-8567-40b4-b331-dd92bbbfa312","geometry":{"type":"Point","coordinates":[69.5951794,42.3075343]},"properties":{"city":"shymkent","overture_id":"54c40dfe-8567-40b4-b331-dd92bbbfa312","overture_version":1,"sources":[{"property":"","dataset":"OpenStreetMap","license":"ODbL-1.0","record_id":"n13748661892@1","update_time":"2026-04-21T12:41:03Z","confidence":null,"between":null,"provider":"osm","resource":"planet","version":"2026-09-09"}],"k10_inside_bbox":true}},{"type":"Feature","id":"54cb0d7e-2eeb-4910-9283-bdf50c04901a","geometry":{"type":"Point","coordinates":[69.5978146,42.3153757]},"properties":{"city":"shymkent","overture_id":"54cb0d7e-2eeb-4910-9283-bdf50c04901a","overture_version":1,"sources":[{"property":"","dataset":"OpenStreetMap","license":"ODbL-1.0","record_id":"n13108584012@1","update_time":"2025-08-30T11:58:58Z","confidence":null,"between":null,"provider":"osm","resource":"planet","version":"2026-09-09"}],"k10_inside_bbox":true}},{"type":"Feature","id":"54d0b8a7-87e4-4a54-bf4d-8797c85f6f67","geometry":{"type":"Point","coordinates":[69.6151966,42.3169405]},"properties":{"city":"shymkent","overture_id":"54d0b8a7-87e4-4a54-bf4d-8797c85f6f67","overture_version":1,"sources":[{"property":"","dataset":"OpenStreetMap","license":"ODbL-1.0","record_id":"n1236371284@2","update_time":"2011-04-20T16:21:00Z","confidence":null,"between":null,"provider":"osm","resource":"planet","version":"2026-09-09"}],"k10_inside_bbox":true}},{"type":"Feature","id":"54e8ec72-bc09-4cde-bf83-19c213c26798","geometry":{"type":"Point","coordinates":[69.6010486,42.3107775]},"properties":{"city":"shymkent","overture_id":"54e8ec72-bc09-4cde-bf83-19c213c26798","overture_version":1,"sources":[{"property":"","dataset":"OpenStreetMap","license":"ODbL-1.0","record_id":"n8221358595@2","update_time":"2023-08-07T01:05:08Z","confidence":null,"between":null,"provider":"osm","resource":"planet","version":"2026-09-09"}],"k10_inside_bbox":true}},{"type":"Feature","id":"54f7b947-4694-45f2-ae0b-3a990074b361","geometry":{"type":"Point","coordinates":[69.6060936,42.313011]},"properties":{"city":"shymkent","overture_id":"54f7b947-4694-45f2-ae0b-3a990074b361","overture_version":1,"sources":[{"property":"","dataset":"OpenStreetMap","license":"ODbL-1.0","record_id":"n1326355596@1","update_time":"2011-06-15T12:36:59Z","confidence":null,"between":null,"provider":"osm","resource":"planet","version":"2026-09-09"}],"k10_inside_bbox":true}},{"type":"Feature","id":"54ffb7a1-ff89-41fa-86cd-ff9217258f8f","geometry":{"type":"Point","coordinates":[69.5979256,42.3187517]},"properties":{"city":"shymkent","overture_id":"54ffb7a1-ff89-41fa-86cd-ff9217258f8f","overture_version":1,"sources":[{"property":"","dataset":"OpenStreetMap","license":"ODbL-1.0","record_id":"n1301788249@3","update_time":"2012-03-07T07:29:01Z","confidence":null,"between":null,"provider":"osm","resource":"planet","version":"2026-09-09"}],"k10_inside_bbox":true}},{"type":"Feature","id":"55025450-673a-4c6e-8bc2-531f73030b7f","geometry":{"type":"Point","coordinates":[69.5988756,42.3194166]},"properties":{"city":"shymkent","overture_id":"55025450-673a-4c6e-8bc2-531f73030b7f","overture_version":1,"sources":[{"property":"","dataset":"OpenStreetMap","license":"ODbL-1.0","record_id":"n11375783414@1","update_time":"2023-11-25T18:49:10Z","confidence":null,"between":null,"provider":"osm","resource":"planet","version":"2026-09-09"}],"k10_inside_bbox":true}},{"type":"Feature","id":"552f0617-2d56-4623-b524-f540caec0379","geometry":{"type":"Point","coordinates":[69.6033306,42.3170282]},"properties":{"city":"shymkent","overture_id":"552f0617-2d56-4623-b524-f540caec0379","overture_version":1,"sources":[{"property":"","dataset":"OpenStreetMap","license":"ODbL-1.0","record_id":"n13888874500@1","update_time":"2026-05-27T17:08:16Z","confidence":null,"between":null,"provider":"osm","resource":"planet","version":"2026-09-09"}],"k10_inside_bbox":true}},{"type":"Feature","id":"555b17e6-ff9e-46d2-bfbf-8f0bf73c5e3e","geometry":{"type":"Point","coordinates":[69.5958462,42.3158056]},"properties":{"city":"shymkent","overture_id":"555b17e6-ff9e-46d2-bfbf-8f0bf73c5e3e","overture_version":1,"sources":[{"property":"","dataset":"OpenStreetMap","license":"ODbL-1.0","record_id":"n11953096397@1","update_time":"2024-06-03T04:48:58Z","confidence":null,"between":null,"provider":"osm","resource":"planet","version":"2026-09-09"}],"k10_inside_bbox":true}},{"type":"Feature","id":"55c53d95-2be8-40d6-b012-483c88abc016","geometry":{"type":"Point","coordinates":[69.6134372,42.312745]},"properties":{"city":"shymkent","overture_id":"55c53d95-2be8-40d6-b012-483c88abc016","overture_version":1,"sources":[{"property":"","dataset":"OpenStreetMap","license":"ODbL-1.0","record_id":"n11384193387@1","update_time":"2023-11-29T17:35:01Z","confidence":null,"between":null,"provider":"osm","resource":"planet","version":"2026-09-09"}],"k10_inside_bbox":true}},{"type":"Feature","id":"55d12662-0e6d-4d6e-981f-40a8bca27e3a","geometry":{"type":"Point","coordinates":[69.5963289,42.3183496]},"properties":{"city":"shymkent","overture_id":"55d12662-0e6d-4d6e-981f-40a8bca27e3a","overture_version":1,"sources":[{"property":"","dataset":"OpenStreetMap","license":"ODbL-1.0","record_id":"n1327212622@4","update_time":"2011-10-02T10:22:42Z","confidence":null,"between":null,"provider":"osm","resource":"planet","version":"2026-09-09"}],"k10_inside_bbox":true}},{"type":"Feature","id":"55e9eae8-c29d-49a7-8c78-cf4b0ce1a978","geometry":{"type":"Point","coordinates":[69.6186454,42.3160659]},"properties":{"city":"shymkent","overture_id":"55e9eae8-c29d-49a7-8c78-cf4b0ce1a978","overture_version":1,"sources":[{"property":"","dataset":"OpenStreetMap","license":"ODbL-1.0","record_id":"n5492617526@2","update_time":"2023-11-27T15:39:12Z","confidence":null,"between":null,"provider":"osm","resource":"planet","version":"2026-09-09"}],"k10_inside_bbox":false}},{"type":"Feature","id":"55f2ec33-c8cc-45c2-9afd-ef834e0f6b9f","geometry":{"type":"Point","coordinates":[69.6001078,42.3192798]},"properties":{"city":"shymkent","overture_id":"55f2ec33-c8cc-45c2-9afd-ef834e0f6b9f","overture_version":1,"sources":[{"property":"","dataset":"OpenStreetMap","license":"ODbL-1.0","record_id":"n11287899518@2","update_time":"2023-11-25T18:49:10Z","confidence":null,"between":null,"provider":"osm","resource":"planet","version":"2026-09-09"}],"k10_inside_bbox":true}},{"type":"Feature","id":"565baf86-1b3a-4df1-8ec2-0ef95558b7ef","geometry":{"type":"Point","coordinates":[69.5971849,42.314851]},"properties":{"city":"shymkent","overture_id":"565baf86-1b3a-4df1-8ec2-0ef95558b7ef","overture_version":1,"sources":[{"property":"","dataset":"OpenStreetMap","license":"ODbL-1.0","record_id":"n11088742301@1","update_time":"2023-08-04T09:01:06Z","confidence":null,"between":null,"provider":"osm","resource":"planet","version":"2026-09-09"}],"k10_inside_bbox":true}},{"type":"Feature","id":"57159cb6-4f30-4819-a01d-b785a7737922","geometry":{"type":"Point","coordinates":[69.5966453,42.3181835]},"properties":{"city":"shymkent","overture_id":"57159cb6-4f30-4819-a01d-b785a7737922","overture_version":1,"sources":[{"property":"","dataset":"OpenStreetMap","license":"ODbL-1.0","record_id":"n1370727104@3","update_time":"2011-09-16T11:11:14Z","confidence":null,"between":null,"provider":"osm","resource":"planet","version":"2026-09-09"}],"k10_inside_bbox":true}},{"type":"Feature","id":"57385c6a-089a-42bf-b056-32a573389121","geometry":{"type":"Point","coordinates":[69.6161181,42.3176975]},"properties":{"city":"shymkent","overture_id":"57385c6a-089a-42bf-b056-32a573389121","overture_version":1,"sources":[{"property":"","dataset":"OpenStreetMap","license":"ODbL-1.0","record_id":"n11375783375@1","update_time":"2023-11-25T18:49:10Z","confidence":null,"between":null,"provider":"osm","resource":"planet","version":"2026-09-09"}],"k10_inside_bbox":true}},{"type":"Feature","id":"57389687-0439-4004-ba1f-6a3b9f38948f","geometry":{"type":"Point","coordinates":[69.6103575,42.3160501]},"properties":{"city":"shymkent","overture_id":"57389687-0439-4004-ba1f-6a3b9f38948f","overture_version":1,"sources":[{"property":"","dataset":"OpenStreetMap","license":"ODbL-1.0","record_id":"n11375783549@1","update_time":"2023-11-25T18:49:10Z","confidence":null,"between":null,"provider":"osm","resource":"planet","version":"2026-09-09"}],"k10_inside_bbox":true}},{"type":"Feature","id":"5747d480-0943-42d3-8620-4e1b95aa320b","geometry":{"type":"Point","coordinates":[69.6106848,42.315764]},"properties":{"city":"shymkent","overture_id":"5747d480-0943-42d3-8620-4e1b95aa320b","overture_version":1,"sources":[{"property":"","dataset":"OpenStreetMap","license":"ODbL-1.0","record_id":"n11375783539@1","update_time":"2023-11-25T18:49:10Z","confidence":null,"between":null,"provider":"osm","resource":"planet","version":"2026-09-09"}],"k10_inside_bbox":true}},{"type":"Feature","id":"57614ece-c4b5-4908-a01c-36746ddfe44c","geometry":{"type":"Point","coordinates":[69.6121824,42.3092678]},"properties":{"city":"shymkent","overture_id":"57614ece-c4b5-4908-a01c-36746ddfe44c","overture_version":1,"sources":[{"property":"","dataset":"OpenStreetMap","license":"ODbL-1.0","record_id":"n5492614551@2","update_time":"2023-07-12T10:14:11Z","confidence":null,"between":null,"provider":"osm","resource":"planet","version":"2026-09-09"}],"k10_inside_bbox":true}},{"type":"Feature","id":"576ba441-5c74-4f41-bdf9-c2ce7a4ac485","geometry":{"type":"Point","coordinates":[69.5939726,42.315006]},"properties":{"city":"shymkent","overture_id":"576ba441-5c74-4f41-bdf9-c2ce7a4ac485","overture_version":2,"sources":[{"property":"","dataset":"OpenStreetMap","license":"ODbL-1.0","record_id":"n8236715252@2","update_time":"2025-06-29T06:12:14Z","confidence":null,"between":null,"provider":"osm","resource":"planet","version":"2026-09-09"}],"k10_inside_bbox":true}},{"type":"Feature","id":"5791651f-e86e-4177-b8e2-77fcf5365708","geometry":{"type":"Point","coordinates":[69.6072934,42.3188196]},"properties":{"city":"shymkent","overture_id":"5791651f-e86e-4177-b8e2-77fcf5365708","overture_version":1,"sources":[{"property":"","dataset":"OpenStreetMap","license":"ODbL-1.0","record_id":"n11375783493@1","update_time":"2023-11-25T18:49:10Z","confidence":null,"between":null,"provider":"osm","resource":"planet","version":"2026-09-09"}],"k10_inside_bbox":true}},{"type":"Feature","id":"5848fed8-ca74-4530-bead-a99719e54a57","geometry":{"type":"Point","coordinates":[69.5941441,42.3219004]},"properties":{"city":"shymkent","overture_id":"5848fed8-ca74-4530-bead-a99719e54a57","overture_version":1,"sources":[{"property":"","dataset":"OpenStreetMap","license":"ODbL-1.0","record_id":"n1438458037@7","update_time":"2025-05-04T16:15:20Z","confidence":null,"between":null,"provider":"osm","resource":"planet","version":"2026-09-09"}],"k10_inside_bbox":true}},{"type":"Feature","id":"5856d1cb-8870-468b-a692-08d5bb14ec40","geometry":{"type":"Point","coordinates":[69.5971781,42.3194262]},"properties":{"city":"shymkent","overture_id":"5856d1cb-8870-468b-a692-08d5bb14ec40","overture_version":1,"sources":[{"property":"","dataset":"OpenStreetMap","license":"ODbL-1.0","record_id":"n10731921371@1","update_time":"2023-03-13T03:38:15Z","confidence":null,"between":null,"provider":"osm","resource":"planet","version":"2026-09-09"}],"k10_inside_bbox":true}},{"type":"Feature","id":"589d35fa-bd8c-4c4d-8b78-0ae782783fb1","geometry":{"type":"Point","coordinates":[69.596474,42.3214377]},"properties":{"city":"shymkent","overture_id":"589d35fa-bd8c-4c4d-8b78-0ae782783fb1","overture_version":1,"sources":[{"property":"","dataset":"OpenStreetMap","license":"ODbL-1.0","record_id":"n11934561877@1","update_time":"2024-05-26T08:47:45Z","confidence":null,"between":null,"provider":"osm","resource":"planet","version":"2026-09-09"}],"k10_inside_bbox":true}},{"type":"Feature","id":"58a596da-2783-48bc-9259-c837c947578f","geometry":{"type":"Point","coordinates":[69.6072224,42.3128468]},"properties":{"city":"shymkent","overture_id":"58a596da-2783-48bc-9259-c837c947578f","overture_version":1,"sources":[{"property":"","dataset":"OpenStreetMap","license":"ODbL-1.0","record_id":"n1327031548@1","update_time":"2011-06-16T02:55:15Z","confidence":null,"between":null,"provider":"osm","resource":"planet","version":"2026-09-09"}],"k10_inside_bbox":true}},{"type":"Feature","id":"58e331f7-9f53-497c-8d6f-c6c3b81d7bee","geometry":{"type":"Point","coordinates":[69.5992725,42.3096081]},"properties":{"city":"shymkent","overture_id":"58e331f7-9f53-497c-8d6f-c6c3b81d7bee","overture_version":1,"sources":[{"property":"","dataset":"OpenStreetMap","license":"ODbL-1.0","record_id":"n13272759454@1","update_time":"2025-10-31T17:50:55Z","confidence":null,"between":null,"provider":"osm","resource":"planet","version":"2026-09-09"}],"k10_inside_bbox":true}},{"type":"Feature","id":"593039b3-49a8-4be9-aabb-bd24a3b809ff","geometry":{"type":"Point","coordinates":[69.5933048,42.3108999]},"properties":{"city":"shymkent","overture_id":"593039b3-49a8-4be9-aabb-bd24a3b809ff","overture_version":1,"sources":[{"property":"","dataset":"OpenStreetMap","license":"ODbL-1.0","record_id":"n3765264024@2","update_time":"2018-11-13T11:49:34Z","confidence":null,"between":null,"provider":"osm","resource":"planet","version":"2026-09-09"}],"k10_inside_bbox":false}},{"type":"Feature","id":"5938f861-5378-4996-8b9c-0b7ce6a1a389","geometry":{"type":"Point","coordinates":[69.5979904,42.3105097]},"properties":{"city":"shymkent","overture_id":"5938f861-5378-4996-8b9c-0b7ce6a1a389","overture_version":1,"sources":[{"property":"","dataset":"OpenStreetMap","license":"ODbL-1.0","record_id":"n13135799414@1","update_time":"2025-09-11T08:14:30Z","confidence":null,"between":null,"provider":"osm","resource":"planet","version":"2026-09-09"}],"k10_inside_bbox":true}},{"type":"Feature","id":"593a1ca4-3ea1-4f79-8846-8e4544ba59ea","geometry":{"type":"Point","coordinates":[69.599928,42.311601]},"properties":{"city":"shymkent","overture_id":"593a1ca4-3ea1-4f79-8846-8e4544ba59ea","overture_version":1,"sources":[{"property":"","dataset":"OpenStreetMap","license":"ODbL-1.0","record_id":"n13135799417@1","update_time":"2025-09-11T08:14:30Z","confidence":null,"between":null,"provider":"osm","resource":"planet","version":"2026-09-09"}],"k10_inside_bbox":true}},{"type":"Feature","id":"594944a0-4842-410a-a2af-f3abec0f5af3","geometry":{"type":"Point","coordinates":[69.6101412,42.3122009]},"properties":{"city":"shymkent","overture_id":"594944a0-4842-410a-a2af-f3abec0f5af3","overture_version":1,"sources":[{"property":"","dataset":"OpenStreetMap","license":"ODbL-1.0","record_id":"n11384193251@1","update_time":"2023-11-29T17:35:01Z","confidence":null,"between":null,"provider":"osm","resource":"planet","version":"2026-09-09"}],"k10_inside_bbox":true}},{"type":"Feature","id":"5963608e-2a50-46d6-a178-010ed56891f4","geometry":{"type":"Point","coordinates":[69.6133447,42.3071059]},"properties":{"city":"shymkent","overture_id":"5963608e-2a50-46d6-a178-010ed56891f4","overture_version":1,"sources":[{"property":"","dataset":"OpenStreetMap","license":"ODbL-1.0","record_id":"n11384193480@1","update_time":"2023-11-29T17:35:01Z","confidence":null,"between":null,"provider":"osm","resource":"planet","version":"2026-09-09"}],"k10_inside_bbox":true}},{"type":"Feature","id":"598513c6-d6af-4594-b6ce-e97ba13c2b1b","geometry":{"type":"Point","coordinates":[69.599261,42.3242712]},"properties":{"city":"shymkent","overture_id":"598513c6-d6af-4594-b6ce-e97ba13c2b1b","overture_version":1,"sources":[{"property":"","dataset":"OpenStreetMap","license":"ODbL-1.0","record_id":"n11104090822@1","update_time":"2023-08-10T06:29:02Z","confidence":null,"between":null,"provider":"osm","resource":"planet","version":"2026-09-09"}],"k10_inside_bbox":true}},{"type":"Feature","id":"598ded6f-446d-44a4-9bbc-2e4a549cef69","geometry":{"type":"Point","coordinates":[69.6012268,42.3232613]},"properties":{"city":"shymkent","overture_id":"598ded6f-446d-44a4-9bbc-2e4a549cef69","overture_version":1,"sources":[{"property":"","dataset":"OpenStreetMap","license":"ODbL-1.0","record_id":"n1321200415@3","update_time":"2020-11-24T10:04:02Z","confidence":null,"between":null,"provider":"osm","resource":"planet","version":"2026-09-09"}],"k10_inside_bbox":true}},{"type":"Feature","id":"59af19f8-0580-4a07-b331-434861f9ca1e","geometry":{"type":"Point","coordinates":[69.6028197,42.3098829]},"properties":{"city":"shymkent","overture_id":"59af19f8-0580-4a07-b331-434861f9ca1e","overture_version":1,"sources":[{"property":"","dataset":"OpenStreetMap","license":"ODbL-1.0","record_id":"n11384193292@1","update_time":"2023-11-29T17:35:01Z","confidence":null,"between":null,"provider":"osm","resource":"planet","version":"2026-09-09"}],"k10_inside_bbox":true}},{"type":"Feature","id":"59b08df8-13fb-49dd-a4ea-f2e4bbbcd91b","geometry":{"type":"Point","coordinates":[69.6142781,42.3080778]},"properties":{"city":"shymkent","overture_id":"59b08df8-13fb-49dd-a4ea-f2e4bbbcd91b","overture_version":1,"sources":[{"property":"","dataset":"OpenStreetMap","license":"ODbL-1.0","record_id":"n11384193476@1","update_time":"2023-11-29T17:35:01Z","confidence":null,"between":null,"provider":"osm","resource":"planet","version":"2026-09-09"}],"k10_inside_bbox":true}},{"type":"Feature","id":"59b80699-2bce-49aa-8b72-337710410171","geometry":{"type":"Point","coordinates":[69.5982775,42.3099552]},"properties":{"city":"shymkent","overture_id":"59b80699-2bce-49aa-8b72-337710410171","overture_version":1,"sources":[{"property":"","dataset":"OpenStreetMap","license":"ODbL-1.0","record_id":"n11217062337@1","update_time":"2023-09-25T02:55:44Z","confidence":null,"between":null,"provider":"osm","resource":"planet","version":"2026-09-09"}],"k10_inside_bbox":true}},{"type":"Feature","id":"59e985f1-6e32-4016-ae78-003536371bd4","geometry":{"type":"Point","coordinates":[69.6049724,42.3120965]},"properties":{"city":"shymkent","overture_id":"59e985f1-6e32-4016-ae78-003536371bd4","overture_version":1,"sources":[{"property":"","dataset":"OpenStreetMap","license":"ODbL-1.0","record_id":"n1326355107@1","update_time":"2011-06-15T12:36:42Z","confidence":null,"between":null,"provider":"osm","resource":"planet","version":"2026-09-09"}],"k10_inside_bbox":true}},{"type":"Feature","id":"5a121f3a-a5db-4975-9e68-233ae872a214","geometry":{"type":"Point","coordinates":[69.6131998,42.3242023]},"properties":{"city":"shymkent","overture_id":"5a121f3a-a5db-4975-9e68-233ae872a214","overture_version":1,"sources":[{"property":"","dataset":"OpenStreetMap","license":"ODbL-1.0","record_id":"n5401348269@1","update_time":"2018-02-09T14:58:08Z","confidence":null,"between":null,"provider":"osm","resource":"planet","version":"2026-09-09"}],"k10_inside_bbox":true}},{"type":"Feature","id":"5a34519b-cbde-4dde-a270-a79041407a43","geometry":{"type":"Point","coordinates":[69.6062327,42.3235638]},"properties":{"city":"shymkent","overture_id":"5a34519b-cbde-4dde-a270-a79041407a43","overture_version":1,"sources":[{"property":"","dataset":"OpenStreetMap","license":"ODbL-1.0","record_id":"n1239159952@5","update_time":"2012-06-18T16:28:51Z","confidence":null,"between":null,"provider":"osm","resource":"planet","version":"2026-09-09"}],"k10_inside_bbox":true}},{"type":"Feature","id":"5a43b380-a9a2-4bdd-a443-f2fe087dfab3","geometry":{"type":"Point","coordinates":[69.5985647,42.3073207]},"properties":{"city":"shymkent","overture_id":"5a43b380-a9a2-4bdd-a443-f2fe087dfab3","overture_version":1,"sources":[{"property":"","dataset":"OpenStreetMap","license":"ODbL-1.0","record_id":"n12828321390@1","update_time":"2025-05-11T12:31:56Z","confidence":null,"between":null,"provider":"osm","resource":"planet","version":"2026-09-09"}],"k10_inside_bbox":true}},{"type":"Feature","id":"5a65192d-b739-4002-8957-84a7263c51d2","geometry":{"type":"Point","coordinates":[69.6025273,42.3149089]},"properties":{"city":"shymkent","overture_id":"5a65192d-b739-4002-8957-84a7263c51d2","overture_version":1,"sources":[{"property":"","dataset":"OpenStreetMap","license":"ODbL-1.0","record_id":"n12158203452@1","update_time":"2024-09-05T17:42:04Z","confidence":null,"between":null,"provider":"osm","resource":"planet","version":"2026-09-09"}],"k10_inside_bbox":true}},{"type":"Feature","id":"5a6dda01-0cc0-4848-987a-b40eb2d62282","geometry":{"type":"Point","coordinates":[69.6046463,42.3118515]},"properties":{"city":"shymkent","overture_id":"5a6dda01-0cc0-4848-987a-b40eb2d62282","overture_version":1,"sources":[{"property":"","dataset":"OpenStreetMap","license":"ODbL-1.0","record_id":"n13888991099@1","update_time":"2026-05-27T18:04:03Z","confidence":null,"between":null,"provider":"osm","resource":"planet","version":"2026-09-09"}],"k10_inside_bbox":true}},{"type":"Feature","id":"5a88e5b1-f8fe-4d41-b97a-95543f2e3aa2","geometry":{"type":"Point","coordinates":[69.5986115,42.3093181]},"properties":{"city":"shymkent","overture_id":"5a88e5b1-f8fe-4d41-b97a-95543f2e3aa2","overture_version":1,"sources":[{"property":"","dataset":"OpenStreetMap","license":"ODbL-1.0","record_id":"n11217050509@1","update_time":"2023-09-25T02:38:14Z","confidence":null,"between":null,"provider":"osm","resource":"planet","version":"2026-09-09"}],"k10_inside_bbox":true}},{"type":"Feature","id":"5a953e83-a676-4106-bc6b-c193e29b5451","geometry":{"type":"Point","coordinates":[69.5928541,42.3222916]},"properties":{"city":"shymkent","overture_id":"5a953e83-a676-4106-bc6b-c193e29b5451","overture_version":1,"sources":[{"property":"","dataset":"OpenStreetMap","license":"ODbL-1.0","record_id":"n11934561815@1","update_time":"2024-05-26T08:47:45Z","confidence":null,"between":null,"provider":"osm","resource":"planet","version":"2026-09-09"}],"k10_inside_bbox":false}},{"type":"Feature","id":"5adcb420-6c45-4a9e-a782-d39fd97a943f","geometry":{"type":"Point","coordinates":[69.6182042,42.3154722]},"properties":{"city":"shymkent","overture_id":"5adcb420-6c45-4a9e-a782-d39fd97a943f","overture_version":1,"sources":[{"property":"","dataset":"OpenStreetMap","license":"ODbL-1.0","record_id":"n5492617146@1","update_time":"2018-03-21T04:48:44Z","confidence":null,"between":null,"provider":"osm","resource":"planet","version":"2026-09-09"}],"k10_inside_bbox":false}},{"type":"Feature","id":"5af6383b-074e-4b7a-be1f-0470f397d03c","geometry":{"type":"Point","coordinates":[69.5969814,42.3183182]},"properties":{"city":"shymkent","overture_id":"5af6383b-074e-4b7a-be1f-0470f397d03c","overture_version":1,"sources":[{"property":"","dataset":"OpenStreetMap","license":"ODbL-1.0","record_id":"n1433192014@8","update_time":"2024-04-25T18:42:16Z","confidence":null,"between":null,"provider":"osm","resource":"planet","version":"2026-09-09"}],"k10_inside_bbox":true}},{"type":"Feature","id":"5afcbe0b-825c-431e-ba00-0d613dd0f3f3","geometry":{"type":"Point","coordinates":[69.6002849,42.3176156]},"properties":{"city":"shymkent","overture_id":"5afcbe0b-825c-431e-ba00-0d613dd0f3f3","overture_version":1,"sources":[{"property":"","dataset":"OpenStreetMap","license":"ODbL-1.0","record_id":"n9911541219@1","update_time":"2022-07-26T11:35:34Z","confidence":null,"between":null,"provider":"osm","resource":"planet","version":"2026-09-09"}],"k10_inside_bbox":true}},{"type":"Feature","id":"5b8757d2-7475-4183-b9f4-3f58e1d714c8","geometry":{"type":"Point","coordinates":[69.5938896,42.3194995]},"properties":{"city":"shymkent","overture_id":"5b8757d2-7475-4183-b9f4-3f58e1d714c8","overture_version":1,"sources":[{"property":"","dataset":"OpenStreetMap","license":"ODbL-1.0","record_id":"n1437656060@1","update_time":"2011-09-19T18:13:22Z","confidence":null,"between":null,"provider":"osm","resource":"planet","version":"2026-09-09"}],"k10_inside_bbox":true}},{"type":"Feature","id":"5b9141ed-e1c4-4b0d-8c52-c5ab9a8c8646","geometry":{"type":"Point","coordinates":[69.6142737,42.3251533]},"properties":{"city":"shymkent","overture_id":"5b9141ed-e1c4-4b0d-8c52-c5ab9a8c8646","overture_version":1,"sources":[{"property":"","dataset":"OpenStreetMap","license":"ODbL-1.0","record_id":"n5401348283@1","update_time":"2018-02-09T14:58:08Z","confidence":null,"between":null,"provider":"osm","resource":"planet","version":"2026-09-09"}],"k10_inside_bbox":false}},{"type":"Feature","id":"5bbb7864-7b8d-4f4b-93b3-2e8fa3b6ff42","geometry":{"type":"Point","coordinates":[69.6156715,42.3147651]},"properties":{"city":"shymkent","overture_id":"5bbb7864-7b8d-4f4b-93b3-2e8fa3b6ff42","overture_version":1,"sources":[{"property":"","dataset":"OpenStreetMap","license":"ODbL-1.0","record_id":"n5401348213@2","update_time":"2019-01-07T16:53:27Z","confidence":null,"between":null,"provider":"osm","resource":"planet","version":"2026-09-09"}],"k10_inside_bbox":true}},{"type":"Feature","id":"5bc299db-ba9c-4fb7-b0bd-4cf614e024eb","geometry":{"type":"Point","coordinates":[69.5963798,42.3163044]},"properties":{"city":"shymkent","overture_id":"5bc299db-ba9c-4fb7-b0bd-4cf614e024eb","overture_version":2,"sources":[{"property":"","dataset":"OpenStreetMap","license":"ODbL-1.0","record_id":"n8242269587@2","update_time":"2025-08-30T11:58:58Z","confidence":null,"between":null,"provider":"osm","resource":"planet","version":"2026-09-09"}],"k10_inside_bbox":true}},{"type":"Feature","id":"5bf47b3e-dc4a-40ab-b907-22ca8fea47b3","geometry":{"type":"Point","coordinates":[69.6128362,42.3161426]},"properties":{"city":"shymkent","overture_id":"5bf47b3e-dc4a-40ab-b907-22ca8fea47b3","overture_version":1,"sources":[{"property":"","dataset":"OpenStreetMap","license":"ODbL-1.0","record_id":"n1848705522@2","update_time":"2015-09-03T11:04:34Z","confidence":null,"between":null,"provider":"osm","resource":"planet","version":"2026-09-09"}],"k10_inside_bbox":true}},{"type":"Feature","id":"5c00cc88-ffb9-4902-aded-3fc53d74e137","geometry":{"type":"Point","coordinates":[69.5928095,42.3177127]},"properties":{"city":"shymkent","overture_id":"5c00cc88-ffb9-4902-aded-3fc53d74e137","overture_version":1,"sources":[{"property":"","dataset":"OpenStreetMap","license":"ODbL-1.0","record_id":"n12960596913@1","update_time":"2025-06-29T06:12:14Z","confidence":null,"between":null,"provider":"osm","resource":"planet","version":"2026-09-09"}],"k10_inside_bbox":false}},{"type":"Feature","id":"5c18eb53-8906-4361-ba15-b87457ce4043","geometry":{"type":"Point","coordinates":[69.5915262,42.3225314]},"properties":{"city":"shymkent","overture_id":"5c18eb53-8906-4361-ba15-b87457ce4043","overture_version":1,"sources":[{"property":"","dataset":"OpenStreetMap","license":"ODbL-1.0","record_id":"n5447248290@3","update_time":"2023-01-04T12:13:35Z","confidence":null,"between":null,"provider":"osm","resource":"planet","version":"2026-09-09"}],"k10_inside_bbox":false}},{"type":"Feature","id":"5c644b7b-20aa-41ee-b487-89afcf241f11","geometry":{"type":"Point","coordinates":[69.600118,42.3144606]},"properties":{"city":"shymkent","overture_id":"5c644b7b-20aa-41ee-b487-89afcf241f11","overture_version":1,"sources":[{"property":"","dataset":"OpenStreetMap","license":"ODbL-1.0","record_id":"n12804572543@1","update_time":"2025-05-02T17:34:26Z","confidence":null,"between":null,"provider":"osm","resource":"planet","version":"2026-09-09"}],"k10_inside_bbox":true}},{"type":"Feature","id":"5c66537b-36ae-4b60-9f5a-4acd6e7d3cae","geometry":{"type":"Point","coordinates":[69.5967188,42.3099765]},"properties":{"city":"shymkent","overture_id":"5c66537b-36ae-4b60-9f5a-4acd6e7d3cae","overture_version":1,"sources":[{"property":"","dataset":"OpenStreetMap","license":"ODbL-1.0","record_id":"n13272661345@1","update_time":"2025-10-31T17:27:33Z","confidence":null,"between":null,"provider":"osm","resource":"planet","version":"2026-09-09"}],"k10_inside_bbox":true}},{"type":"Feature","id":"5c8d6afd-840b-46e4-9d90-5fe3b56a2681","geometry":{"type":"Point","coordinates":[69.6046107,42.3089634]},"properties":{"city":"shymkent","overture_id":"5c8d6afd-840b-46e4-9d90-5fe3b56a2681","overture_version":1,"sources":[{"property":"","dataset":"OpenStreetMap","license":"ODbL-1.0","record_id":"n12159712951@2","update_time":"2024-09-11T10:11:56Z","confidence":null,"between":null,"provider":"osm","resource":"planet","version":"2026-09-09"}],"k10_inside_bbox":true}},{"type":"Feature","id":"5cab10e3-1243-4d2b-96f0-b322275ffcef","geometry":{"type":"Point","coordinates":[69.5929674,42.3194803]},"properties":{"city":"shymkent","overture_id":"5cab10e3-1243-4d2b-96f0-b322275ffcef","overture_version":1,"sources":[{"property":"","dataset":"OpenStreetMap","license":"ODbL-1.0","record_id":"n1437656059@1","update_time":"2011-09-19T18:13:22Z","confidence":null,"between":null,"provider":"osm","resource":"planet","version":"2026-09-09"}],"k10_inside_bbox":false}},{"type":"Feature","id":"5ccdf0d4-1ea6-4b65-9ae9-a0fe97045942","geometry":{"type":"Point","coordinates":[69.6128672,42.3083476]},"properties":{"city":"shymkent","overture_id":"5ccdf0d4-1ea6-4b65-9ae9-a0fe97045942","overture_version":1,"sources":[{"property":"","dataset":"OpenStreetMap","license":"ODbL-1.0","record_id":"n11384193157@1","update_time":"2023-11-29T17:35:01Z","confidence":null,"between":null,"provider":"osm","resource":"planet","version":"2026-09-09"}],"k10_inside_bbox":true}},{"type":"Feature","id":"5d013426-e816-43b3-8736-9d9e7919f43f","geometry":{"type":"Point","coordinates":[69.5930212,42.3193159]},"properties":{"city":"shymkent","overture_id":"5d013426-e816-43b3-8736-9d9e7919f43f","overture_version":1,"sources":[{"property":"","dataset":"OpenStreetMap","license":"ODbL-1.0","record_id":"n8167870323@1","update_time":"2020-11-26T12:51:50Z","confidence":null,"between":null,"provider":"osm","resource":"planet","version":"2026-09-09"}],"k10_inside_bbox":false}},{"type":"Feature","id":"5d21e0a1-0be4-43a8-bf54-6adf14b8d442","geometry":{"type":"Point","coordinates":[69.5970426,42.3158604]},"properties":{"city":"shymkent","overture_id":"5d21e0a1-0be4-43a8-bf54-6adf14b8d442","overture_version":1,"sources":[{"property":"","dataset":"OpenStreetMap","license":"ODbL-1.0","record_id":"n13108584007@1","update_time":"2025-08-30T11:58:58Z","confidence":null,"between":null,"provider":"osm","resource":"planet","version":"2026-09-09"}],"k10_inside_bbox":true}},{"type":"Feature","id":"5d4b0ec3-00e9-4dab-b031-320d792ed0e1","geometry":{"type":"Point","coordinates":[69.6184351,42.3133407]},"properties":{"city":"shymkent","overture_id":"5d4b0ec3-00e9-4dab-b031-320d792ed0e1","overture_version":1,"sources":[{"property":"","dataset":"OpenStreetMap","license":"ODbL-1.0","record_id":"n8167868510@1","update_time":"2020-11-26T12:51:50Z","confidence":null,"between":null,"provider":"osm","resource":"planet","version":"2026-09-09"}],"k10_inside_bbox":false}},{"type":"Feature","id":"5d55c1d8-e9a5-4e76-bc46-173a8dd07430","geometry":{"type":"Point","coordinates":[69.5995313,42.3218127]},"properties":{"city":"shymkent","overture_id":"5d55c1d8-e9a5-4e76-bc46-173a8dd07430","overture_version":1,"sources":[{"property":"","dataset":"OpenStreetMap","license":"ODbL-1.0","record_id":"n11287904877@1","update_time":"2023-10-25T06:53:55Z","confidence":null,"between":null,"provider":"osm","resource":"planet","version":"2026-09-09"}],"k10_inside_bbox":true}},{"type":"Feature","id":"5d9381d7-4a9a-48df-b588-6f0b97a16503","geometry":{"type":"Point","coordinates":[69.6033503,42.3192948]},"properties":{"city":"shymkent","overture_id":"5d9381d7-4a9a-48df-b588-6f0b97a16503","overture_version":1,"sources":[{"property":"","dataset":"OpenStreetMap","license":"ODbL-1.0","record_id":"n8169520612@2","update_time":"2023-10-25T06:52:35Z","confidence":null,"between":null,"provider":"osm","resource":"planet","version":"2026-09-09"}],"k10_inside_bbox":true}},{"type":"Feature","id":"5db1d4c2-bf4b-4c0d-a529-e41a0cd787ad","geometry":{"type":"Point","coordinates":[69.5979258,42.3202184]},"properties":{"city":"shymkent","overture_id":"5db1d4c2-bf4b-4c0d-a529-e41a0cd787ad","overture_version":1,"sources":[{"property":"","dataset":"OpenStreetMap","license":"ODbL-1.0","record_id":"n1291362949@2","update_time":"2023-03-13T03:38:15Z","confidence":null,"between":null,"provider":"osm","resource":"planet","version":"2026-09-09"}],"k10_inside_bbox":true}},{"type":"Feature","id":"5ddf9b90-6df4-40e8-bd2e-4545342ee691","geometry":{"type":"Point","coordinates":[69.5949452,42.3191211]},"properties":{"city":"shymkent","overture_id":"5ddf9b90-6df4-40e8-bd2e-4545342ee691","overture_version":1,"sources":[{"property":"","dataset":"OpenStreetMap","license":"ODbL-1.0","record_id":"n4253037790@2","update_time":"2025-06-25T03:12:57Z","confidence":null,"between":null,"provider":"osm","resource":"planet","version":"2026-09-09"}],"k10_inside_bbox":true}},{"type":"Feature","id":"5e446d22-ae89-47d2-ab8f-2189e763f62b","geometry":{"type":"Point","coordinates":[69.6111774,42.3155991]},"properties":{"city":"shymkent","overture_id":"5e446d22-ae89-47d2-ab8f-2189e763f62b","overture_version":1,"sources":[{"property":"","dataset":"OpenStreetMap","license":"ODbL-1.0","record_id":"n11375783540@1","update_time":"2023-11-25T18:49:10Z","confidence":null,"between":null,"provider":"osm","resource":"planet","version":"2026-09-09"}],"k10_inside_bbox":true}},{"type":"Feature","id":"5ead2003-725e-409e-a6cf-eddfaa05acde","geometry":{"type":"Point","coordinates":[69.5980939,42.3182129]},"properties":{"city":"shymkent","overture_id":"5ead2003-725e-409e-a6cf-eddfaa05acde","overture_version":1,"sources":[{"property":"","dataset":"OpenStreetMap","license":"ODbL-1.0","record_id":"n11375783412@1","update_time":"2023-11-25T18:49:10Z","confidence":null,"between":null,"provider":"osm","resource":"planet","version":"2026-09-09"}],"k10_inside_bbox":true}},{"type":"Feature","id":"5eb31bdc-abcb-4718-a63f-787b0da209bd","geometry":{"type":"Point","coordinates":[69.5965889,42.3198017]},"properties":{"city":"shymkent","overture_id":"5eb31bdc-abcb-4718-a63f-787b0da209bd","overture_version":1,"sources":[{"property":"","dataset":"OpenStreetMap","license":"ODbL-1.0","record_id":"n11374971723@2","update_time":"2026-05-19T14:02:26Z","confidence":null,"between":null,"provider":"osm","resource":"planet","version":"2026-09-09"}],"k10_inside_bbox":true}},{"type":"Feature","id":"5eb737d7-3492-4f46-8efb-69e285a01ad5","geometry":{"type":"Point","coordinates":[69.5949112,42.3112287]},"properties":{"city":"shymkent","overture_id":"5eb737d7-3492-4f46-8efb-69e285a01ad5","overture_version":1,"sources":[{"property":"","dataset":"OpenStreetMap","license":"ODbL-1.0","record_id":"n13272661346@1","update_time":"2025-10-31T17:27:33Z","confidence":null,"between":null,"provider":"osm","resource":"planet","version":"2026-09-09"}],"k10_inside_bbox":true}},{"type":"Feature","id":"5ec6451c-e330-4635-86e6-4e27c4d42f2f","geometry":{"type":"Point","coordinates":[69.598275,42.3098203]},"properties":{"city":"shymkent","overture_id":"5ec6451c-e330-4635-86e6-4e27c4d42f2f","overture_version":1,"sources":[{"property":"","dataset":"OpenStreetMap","license":"ODbL-1.0","record_id":"n1458413006@4","update_time":"2023-09-25T02:55:44Z","confidence":null,"between":null,"provider":"osm","resource":"planet","version":"2026-09-09"}],"k10_inside_bbox":true}},{"type":"Feature","id":"5ed43385-59db-4659-84a1-6c1de9efeef9","geometry":{"type":"Point","coordinates":[69.5938185,42.3192803]},"properties":{"city":"shymkent","overture_id":"5ed43385-59db-4659-84a1-6c1de9efeef9","overture_version":1,"sources":[{"property":"","dataset":"OpenStreetMap","license":"ODbL-1.0","record_id":"n1437656055@1","update_time":"2011-09-19T18:13:22Z","confidence":null,"between":null,"provider":"osm","resource":"planet","version":"2026-09-09"}],"k10_inside_bbox":true}},{"type":"Feature","id":"5ef341cc-2868-4d07-b788-1232de8bf1f7","geometry":{"type":"Point","coordinates":[69.6010547,42.3174342]},"properties":{"city":"shymkent","overture_id":"5ef341cc-2868-4d07-b788-1232de8bf1f7","overture_version":1,"sources":[{"property":"","dataset":"OpenStreetMap","license":"ODbL-1.0","record_id":"n8167870329@2","update_time":"2022-11-08T20:20:27Z","confidence":null,"between":null,"provider":"osm","resource":"planet","version":"2026-09-09"}],"k10_inside_bbox":true}},{"type":"Feature","id":"5ef5d0b6-b50d-47e6-b46a-1a8ce419cbba","geometry":{"type":"Point","coordinates":[69.5981392,42.3113963]},"properties":{"city":"shymkent","overture_id":"5ef5d0b6-b50d-47e6-b46a-1a8ce419cbba","overture_version":1,"sources":[{"property":"","dataset":"OpenStreetMap","license":"ODbL-1.0","record_id":"n13135799416@1","update_time":"2025-09-11T08:14:30Z","confidence":null,"between":null,"provider":"osm","resource":"planet","version":"2026-09-09"}],"k10_inside_bbox":true}},{"type":"Feature","id":"5ef651ad-51c3-4d2e-920e-10c3c0613bed","geometry":{"type":"Point","coordinates":[69.6176868,42.3155694]},"properties":{"city":"shymkent","overture_id":"5ef651ad-51c3-4d2e-920e-10c3c0613bed","overture_version":1,"sources":[{"property":"","dataset":"OpenStreetMap","license":"ODbL-1.0","record_id":"n5492621621@1","update_time":"2018-03-21T04:49:07Z","confidence":null,"between":null,"provider":"osm","resource":"planet","version":"2026-09-09"}],"k10_inside_bbox":false}},{"type":"Feature","id":"5ef8c58a-f1dd-4497-a5cb-8727e7f83dce","geometry":{"type":"Point","coordinates":[69.5939403,42.3213862]},"properties":{"city":"shymkent","overture_id":"5ef8c58a-f1dd-4497-a5cb-8727e7f83dce","overture_version":1,"sources":[{"property":"","dataset":"OpenStreetMap","license":"ODbL-1.0","record_id":"n11943868735@1","update_time":"2024-05-30T03:46:23Z","confidence":null,"between":null,"provider":"osm","resource":"planet","version":"2026-09-09"}],"k10_inside_bbox":true}},{"type":"Feature","id":"5f3434f6-e380-42db-b63a-87634ec8a6ad","geometry":{"type":"Point","coordinates":[69.6014825,42.3106916]},"properties":{"city":"shymkent","overture_id":"5f3434f6-e380-42db-b63a-87634ec8a6ad","overture_version":1,"sources":[{"property":"","dataset":"OpenStreetMap","license":"ODbL-1.0","record_id":"n8221358596@2","update_time":"2024-09-06T08:28:17Z","confidence":null,"between":null,"provider":"osm","resource":"planet","version":"2026-09-09"}],"k10_inside_bbox":true}},{"type":"Feature","id":"5f368a3b-a999-4772-840d-4ac8c464a3a1","geometry":{"type":"Point","coordinates":[69.5981521,42.3217634]},"properties":{"city":"shymkent","overture_id":"5f368a3b-a999-4772-840d-4ac8c464a3a1","overture_version":1,"sources":[{"property":"","dataset":"OpenStreetMap","license":"ODbL-1.0","record_id":"n4346751991@3","update_time":"2019-11-07T05:45:45Z","confidence":null,"between":null,"provider":"osm","resource":"planet","version":"2026-09-09"}],"k10_inside_bbox":true}},{"type":"Feature","id":"5f3c9136-ea4c-4853-bc50-0d79461afcfb","geometry":{"type":"Point","coordinates":[69.6002208,42.3146637]},"properties":{"city":"shymkent","overture_id":"5f3c9136-ea4c-4853-bc50-0d79461afcfb","overture_version":1,"sources":[{"property":"","dataset":"OpenStreetMap","license":"ODbL-1.0","record_id":"n12804572539@1","update_time":"2025-05-02T17:34:26Z","confidence":null,"between":null,"provider":"osm","resource":"planet","version":"2026-09-09"}],"k10_inside_bbox":true}},{"type":"Feature","id":"5f3ebcca-92fc-4453-b8a6-777b2a8bcd3b","geometry":{"type":"Point","coordinates":[69.5929124,42.3081054]},"properties":{"city":"shymkent","overture_id":"5f3ebcca-92fc-4453-b8a6-777b2a8bcd3b","overture_version":1,"sources":[{"property":"","dataset":"OpenStreetMap","license":"ODbL-1.0","record_id":"n13272759434@1","update_time":"2025-10-31T17:50:55Z","confidence":null,"between":null,"provider":"osm","resource":"planet","version":"2026-09-09"}],"k10_inside_bbox":false}},{"type":"Feature","id":"5f5fb65e-9892-48ff-8808-a0267b68bb53","geometry":{"type":"Point","coordinates":[69.5987441,42.3129315]},"properties":{"city":"shymkent","overture_id":"5f5fb65e-9892-48ff-8808-a0267b68bb53","overture_version":1,"sources":[{"property":"","dataset":"OpenStreetMap","license":"ODbL-1.0","record_id":"n13135799419@1","update_time":"2025-09-11T08:14:30Z","confidence":null,"between":null,"provider":"osm","resource":"planet","version":"2026-09-09"}],"k10_inside_bbox":true}},{"type":"Feature","id":"5f81a432-eb3e-4c94-b568-ab74f850cc1f","geometry":{"type":"Point","coordinates":[69.597789,42.3214778]},"properties":{"city":"shymkent","overture_id":"5f81a432-eb3e-4c94-b568-ab74f850cc1f","overture_version":1,"sources":[{"property":"","dataset":"OpenStreetMap","license":"ODbL-1.0","record_id":"n4346751993@2","update_time":"2017-01-18T06:32:01Z","confidence":null,"between":null,"provider":"osm","resource":"planet","version":"2026-09-09"}],"k10_inside_bbox":true}},{"type":"Feature","id":"5f9ae9c9-3422-49c8-9962-96dffc5da39a","geometry":{"type":"Point","coordinates":[69.5930032,42.3192453]},"properties":{"city":"shymkent","overture_id":"5f9ae9c9-3422-49c8-9962-96dffc5da39a","overture_version":1,"sources":[{"property":"","dataset":"OpenStreetMap","license":"ODbL-1.0","record_id":"n1433192021@10","update_time":"2022-11-13T13:02:53Z","confidence":null,"between":null,"provider":"osm","resource":"planet","version":"2026-09-09"}],"k10_inside_bbox":false}},{"type":"Feature","id":"6020702e-8a64-4b75-a230-781f09bb187a","geometry":{"type":"Point","coordinates":[69.6177649,42.3072784]},"properties":{"city":"shymkent","overture_id":"6020702e-8a64-4b75-a230-781f09bb187a","overture_version":1,"sources":[{"property":"","dataset":"OpenStreetMap","license":"ODbL-1.0","record_id":"n11384193451@1","update_time":"2023-11-29T17:35:01Z","confidence":null,"between":null,"provider":"osm","resource":"planet","version":"2026-09-09"}],"k10_inside_bbox":false}},{"type":"Feature","id":"606e5cbb-902f-486e-a7de-836cebca3516","geometry":{"type":"Point","coordinates":[69.592953,42.3194241]},"properties":{"city":"shymkent","overture_id":"606e5cbb-902f-486e-a7de-836cebca3516","overture_version":1,"sources":[{"property":"","dataset":"OpenStreetMap","license":"ODbL-1.0","record_id":"n1437656057@8","update_time":"2022-11-13T13:04:38Z","confidence":null,"between":null,"provider":"osm","resource":"planet","version":"2026-09-09"}],"k10_inside_bbox":false}},{"type":"Feature","id":"6090d5d5-d89d-44aa-9ac1-a24ff0c338c3","geometry":{"type":"Point","coordinates":[69.615313,42.3172151]},"properties":{"city":"shymkent","overture_id":"6090d5d5-d89d-44aa-9ac1-a24ff0c338c3","overture_version":1,"sources":[{"property":"","dataset":"OpenStreetMap","license":"ODbL-1.0","record_id":"n11375783370@1","update_time":"2023-11-25T18:49:10Z","confidence":null,"between":null,"provider":"osm","resource":"planet","version":"2026-09-09"}],"k10_inside_bbox":true}},{"type":"Feature","id":"6098edab-9f9c-4ea7-b866-f94c5bf60b9d","geometry":{"type":"Point","coordinates":[69.605677,42.3199445]},"properties":{"city":"shymkent","overture_id":"6098edab-9f9c-4ea7-b866-f94c5bf60b9d","overture_version":1,"sources":[{"property":"","dataset":"OpenStreetMap","license":"ODbL-1.0","record_id":"n10755269288@1","update_time":"2023-03-23T06:02:04Z","confidence":null,"between":null,"provider":"osm","resource":"planet","version":"2026-09-09"}],"k10_inside_bbox":true}},{"type":"Feature","id":"609a071d-53c3-446a-8af2-3752ff1b62c9","geometry":{"type":"Point","coordinates":[69.5969575,42.3219269]},"properties":{"city":"shymkent","overture_id":"609a071d-53c3-446a-8af2-3752ff1b62c9","overture_version":1,"sources":[{"property":"","dataset":"OpenStreetMap","license":"ODbL-1.0","record_id":"n4346752000@1","update_time":"2016-08-12T03:59:58Z","confidence":null,"between":null,"provider":"osm","resource":"planet","version":"2026-09-09"}],"k10_inside_bbox":true}},{"type":"Feature","id":"60a9f366-8c4f-40ce-a7c3-1422115cc41e","geometry":{"type":"Point","coordinates":[69.6123274,42.3162652]},"properties":{"city":"shymkent","overture_id":"60a9f366-8c4f-40ce-a7c3-1422115cc41e","overture_version":1,"sources":[{"property":"","dataset":"OpenStreetMap","license":"ODbL-1.0","record_id":"n1848705588@2","update_time":"2015-09-03T11:04:34Z","confidence":null,"between":null,"provider":"osm","resource":"planet","version":"2026-09-09"}],"k10_inside_bbox":true}},{"type":"Feature","id":"60cbb37e-cecc-4381-b61f-58bf9a1280f3","geometry":{"type":"Point","coordinates":[69.6007843,42.315402]},"properties":{"city":"shymkent","overture_id":"60cbb37e-cecc-4381-b61f-58bf9a1280f3","overture_version":1,"sources":[{"property":"","dataset":"OpenStreetMap","license":"ODbL-1.0","record_id":"n8069568489@1","update_time":"2020-10-31T19:30:44Z","confidence":null,"between":null,"provider":"osm","resource":"planet","version":"2026-09-09"}],"k10_inside_bbox":true}},{"type":"Feature","id":"60dbf6da-bc96-4541-ae34-596191b78f19","geometry":{"type":"Point","coordinates":[69.5978142,42.3057006]},"properties":{"city":"shymkent","overture_id":"60dbf6da-bc96-4541-ae34-596191b78f19","overture_version":1,"sources":[{"property":"","dataset":"OpenStreetMap","license":"ODbL-1.0","record_id":"n9273523807@2","update_time":"2023-08-27T16:41:50Z","confidence":null,"between":null,"provider":"osm","resource":"planet","version":"2026-09-09"}],"k10_inside_bbox":false}},{"type":"Feature","id":"60e187b9-7b84-49a5-a67a-3a6741361d94","geometry":{"type":"Point","coordinates":[69.6050271,42.3130057]},"properties":{"city":"shymkent","overture_id":"60e187b9-7b84-49a5-a67a-3a6741361d94","overture_version":1,"sources":[{"property":"","dataset":"OpenStreetMap","license":"ODbL-1.0","record_id":"n1326355672@2","update_time":"2011-09-06T11:47:59Z","confidence":null,"between":null,"provider":"osm","resource":"planet","version":"2026-09-09"}],"k10_inside_bbox":true}},{"type":"Feature","id":"60fe98a3-d44a-41c9-8cf1-fd8b6e10bc08","geometry":{"type":"Point","coordinates":[69.6135646,42.3125368]},"properties":{"city":"shymkent","overture_id":"60fe98a3-d44a-41c9-8cf1-fd8b6e10bc08","overture_version":1,"sources":[{"property":"","dataset":"OpenStreetMap","license":"ODbL-1.0","record_id":"n11384193385@1","update_time":"2023-11-29T17:35:01Z","confidence":null,"between":null,"provider":"osm","resource":"planet","version":"2026-09-09"}],"k10_inside_bbox":true}},{"type":"Feature","id":"611ece57-f3d4-4732-a8cc-17cbf925ae34","geometry":{"type":"Point","coordinates":[69.5939004,42.3199872]},"properties":{"city":"shymkent","overture_id":"611ece57-f3d4-4732-a8cc-17cbf925ae34","overture_version":1,"sources":[{"property":"","dataset":"OpenStreetMap","license":"ODbL-1.0","record_id":"n10731921360@1","update_time":"2023-03-13T03:38:15Z","confidence":null,"between":null,"provider":"osm","resource":"planet","version":"2026-09-09"}],"k10_inside_bbox":true}},{"type":"Feature","id":"614af82b-f0b3-4d63-a523-ffecb016fb15","geometry":{"type":"Point","coordinates":[69.6037661,42.3135396]},"properties":{"city":"shymkent","overture_id":"614af82b-f0b3-4d63-a523-ffecb016fb15","overture_version":1,"sources":[{"property":"","dataset":"OpenStreetMap","license":"ODbL-1.0","record_id":"n1326355483@1","update_time":"2011-06-15T12:36:52Z","confidence":null,"between":null,"provider":"osm","resource":"planet","version":"2026-09-09"}],"k10_inside_bbox":true}},{"type":"Feature","id":"6182d981-97dd-464b-91d2-353c3950374f","geometry":{"type":"Point","coordinates":[69.6032381,42.3115837]},"properties":{"city":"shymkent","overture_id":"6182d981-97dd-464b-91d2-353c3950374f","overture_version":2,"sources":[{"property":"","dataset":"OpenStreetMap","license":"ODbL-1.0","record_id":"n12818487789@2","update_time":"2026-05-27T18:04:03Z","confidence":null,"between":null,"provider":"osm","resource":"planet","version":"2026-09-09"}],"k10_inside_bbox":true}},{"type":"Feature","id":"61b042b8-0e96-4365-8645-cd7268c1b480","geometry":{"type":"Point","coordinates":[69.5927761,42.3166364]},"properties":{"city":"shymkent","overture_id":"61b042b8-0e96-4365-8645-cd7268c1b480","overture_version":1,"sources":[{"property":"","dataset":"OpenStreetMap","license":"ODbL-1.0","record_id":"n12960597109@1","update_time":"2025-06-29T06:12:14Z","confidence":null,"between":null,"provider":"osm","resource":"planet","version":"2026-09-09"}],"k10_inside_bbox":false}},{"type":"Feature","id":"61dddcc1-b15c-46f1-a9ca-3b168759bd80","geometry":{"type":"Point","coordinates":[69.5953101,42.3246651]},"properties":{"city":"shymkent","overture_id":"61dddcc1-b15c-46f1-a9ca-3b168759bd80","overture_version":1,"sources":[{"property":"","dataset":"OpenStreetMap","license":"ODbL-1.0","record_id":"n11929130960@1","update_time":"2024-05-23T18:00:15Z","confidence":null,"between":null,"provider":"osm","resource":"planet","version":"2026-09-09"}],"k10_inside_bbox":false}},{"type":"Feature","id":"62040bc3-6afb-4c87-a88b-105f1bf161b7","geometry":{"type":"Point","coordinates":[69.6012111,42.3070292]},"properties":{"city":"shymkent","overture_id":"62040bc3-6afb-4c87-a88b-105f1bf161b7","overture_version":1,"sources":[{"property":"","dataset":"OpenStreetMap","license":"ODbL-1.0","record_id":"n1804778674@2","update_time":"2023-08-27T16:41:50Z","confidence":null,"between":null,"provider":"osm","resource":"planet","version":"2026-09-09"}],"k10_inside_bbox":true}},{"type":"Feature","id":"620f8f4e-a17d-455d-9fbb-2b823cdf9baf","geometry":{"type":"Point","coordinates":[69.595398,42.324543]},"properties":{"city":"shymkent","overture_id":"620f8f4e-a17d-455d-9fbb-2b823cdf9baf","overture_version":2,"sources":[{"property":"","dataset":"OpenStreetMap","license":"ODbL-1.0","record_id":"n12809848382@2","update_time":"2025-09-02T03:52:46Z","confidence":null,"between":null,"provider":"osm","resource":"planet","version":"2026-09-09"}],"k10_inside_bbox":true}},{"type":"Feature","id":"623d16b0-8443-400e-a8b3-5ede6c4ad823","geometry":{"type":"Point","coordinates":[69.6067153,42.3246539]},"properties":{"city":"shymkent","overture_id":"623d16b0-8443-400e-a8b3-5ede6c4ad823","overture_version":1,"sources":[{"property":"","dataset":"OpenStreetMap","license":"ODbL-1.0","record_id":"n13006967218@1","update_time":"2025-07-17T16:23:48Z","confidence":null,"between":null,"provider":"osm","resource":"planet","version":"2026-09-09"}],"k10_inside_bbox":false}},{"type":"Feature","id":"627f1caa-c102-4c5e-bdb4-e1bc125d9ff4","geometry":{"type":"Point","coordinates":[69.6063269,42.3237766]},"properties":{"city":"shymkent","overture_id":"627f1caa-c102-4c5e-bdb4-e1bc125d9ff4","overture_version":1,"sources":[{"property":"","dataset":"OpenStreetMap","license":"ODbL-1.0","record_id":"n11700691760@1","update_time":"2024-03-07T12:44:58Z","confidence":null,"between":null,"provider":"osm","resource":"planet","version":"2026-09-09"}],"k10_inside_bbox":true}},{"type":"Feature","id":"629c8297-d7fd-4f1c-9e3f-f4f1212f8ccb","geometry":{"type":"Point","coordinates":[69.5960493,42.3147529]},"properties":{"city":"shymkent","overture_id":"629c8297-d7fd-4f1c-9e3f-f4f1212f8ccb","overture_version":1,"sources":[{"property":"","dataset":"OpenStreetMap","license":"ODbL-1.0","record_id":"n11088742295@1","update_time":"2023-08-04T09:01:06Z","confidence":null,"between":null,"provider":"osm","resource":"planet","version":"2026-09-09"}],"k10_inside_bbox":true}},{"type":"Feature","id":"6328e01c-caf7-4044-a02f-5e215ad52b54","geometry":{"type":"Point","coordinates":[69.6167095,42.3149885]},"properties":{"city":"shymkent","overture_id":"6328e01c-caf7-4044-a02f-5e215ad52b54","overture_version":1,"sources":[{"property":"","dataset":"OpenStreetMap","license":"ODbL-1.0","record_id":"n5492621746@1","update_time":"2018-03-21T04:49:34Z","confidence":null,"between":null,"provider":"osm","resource":"planet","version":"2026-09-09"}],"k10_inside_bbox":true}},{"type":"Feature","id":"632c7fc7-ac85-4033-87ee-4273e0a139c3","geometry":{"type":"Point","coordinates":[69.5976369,42.3300707]},"properties":{"city":"shymkent","overture_id":"632c7fc7-ac85-4033-87ee-4273e0a139c3","overture_version":1,"sources":[{"property":"","dataset":"OpenStreetMap","license":"ODbL-1.0","record_id":"n11929130968@1","update_time":"2024-05-23T18:00:15Z","confidence":null,"between":null,"provider":"osm","resource":"planet","version":"2026-09-09"}],"k10_inside_bbox":false}},{"type":"Feature","id":"635216c0-109a-44bb-a071-acef4a1b6a5c","geometry":{"type":"Point","coordinates":[69.6116743,42.3135132]},"properties":{"city":"shymkent","overture_id":"635216c0-109a-44bb-a071-acef4a1b6a5c","overture_version":1,"sources":[{"property":"","dataset":"OpenStreetMap","license":"ODbL-1.0","record_id":"n11384193408@1","update_time":"2023-11-29T17:35:01Z","confidence":null,"between":null,"provider":"osm","resource":"planet","version":"2026-09-09"}],"k10_inside_bbox":true}},{"type":"Feature","id":"635b4851-50e8-402c-a729-1eadabb251af","geometry":{"type":"Point","coordinates":[69.5946551,42.3166055]},"properties":{"city":"shymkent","overture_id":"635b4851-50e8-402c-a729-1eadabb251af","overture_version":2,"sources":[{"property":"","dataset":"OpenStreetMap","license":"ODbL-1.0","record_id":"n8236713362@2","update_time":"2025-06-29T06:12:14Z","confidence":null,"between":null,"provider":"osm","resource":"planet","version":"2026-09-09"}],"k10_inside_bbox":true}},{"type":"Feature","id":"63f4bd2a-fc85-4bcc-8981-a8e176440a7d","geometry":{"type":"Point","coordinates":[69.5977215,42.3251984]},"properties":{"city":"shymkent","overture_id":"63f4bd2a-fc85-4bcc-8981-a8e176440a7d","overture_version":1,"sources":[{"property":"","dataset":"OpenStreetMap","license":"ODbL-1.0","record_id":"n11095264044@2","update_time":"2026-01-27T04:20:21Z","confidence":null,"between":null,"provider":"osm","resource":"planet","version":"2026-09-09"}],"k10_inside_bbox":false}},{"type":"Feature","id":"64008d5b-9a60-42fa-bc28-30c8bbf7f59e","geometry":{"type":"Point","coordinates":[69.5967175,42.3098653]},"properties":{"city":"shymkent","overture_id":"64008d5b-9a60-42fa-bc28-30c8bbf7f59e","overture_version":1,"sources":[{"property":"","dataset":"OpenStreetMap","license":"ODbL-1.0","record_id":"n13272661344@1","update_time":"2025-10-31T17:27:33Z","confidence":null,"between":null,"provider":"osm","resource":"planet","version":"2026-09-09"}],"k10_inside_bbox":true}},{"type":"Feature","id":"6401a840-6001-4d7b-b4b5-6df25e93d15c","geometry":{"type":"Point","coordinates":[69.5953111,42.3108519]},"properties":{"city":"shymkent","overture_id":"6401a840-6001-4d7b-b4b5-6df25e93d15c","overture_version":1,"sources":[{"property":"","dataset":"OpenStreetMap","license":"ODbL-1.0","record_id":"n13272661348@1","update_time":"2025-10-31T17:27:33Z","confidence":null,"between":null,"provider":"osm","resource":"planet","version":"2026-09-09"}],"k10_inside_bbox":true}},{"type":"Feature","id":"64034e36-d4a6-46ed-a7dd-2f91b91aeb60","geometry":{"type":"Point","coordinates":[69.5951133,42.3188267]},"properties":{"city":"shymkent","overture_id":"64034e36-d4a6-46ed-a7dd-2f91b91aeb60","overture_version":1,"sources":[{"property":"","dataset":"OpenStreetMap","license":"ODbL-1.0","record_id":"n12950993627@1","update_time":"2025-06-25T03:12:57Z","confidence":null,"between":null,"provider":"osm","resource":"planet","version":"2026-09-09"}],"k10_inside_bbox":true}},{"type":"Feature","id":"643ca281-1a81-4f3f-923d-3bf9077c47b8","geometry":{"type":"Point","coordinates":[69.5952542,42.3183318]},"properties":{"city":"shymkent","overture_id":"643ca281-1a81-4f3f-923d-3bf9077c47b8","overture_version":1,"sources":[{"property":"","dataset":"OpenStreetMap","license":"ODbL-1.0","record_id":"n1299190501@7","update_time":"2016-06-19T16:12:17Z","confidence":null,"between":null,"provider":"osm","resource":"planet","version":"2026-09-09"}],"k10_inside_bbox":true}},{"type":"Feature","id":"644ac0ef-5bcf-476c-8c9d-76a3092785a5","geometry":{"type":"Point","coordinates":[69.5998087,42.3156383]},"properties":{"city":"shymkent","overture_id":"644ac0ef-5bcf-476c-8c9d-76a3092785a5","overture_version":1,"sources":[{"property":"","dataset":"OpenStreetMap","license":"ODbL-1.0","record_id":"n8069568520@2","update_time":"2025-06-30T11:21:35Z","confidence":null,"between":null,"provider":"osm","resource":"planet","version":"2026-09-09"}],"k10_inside_bbox":true}},{"type":"Feature","id":"648b01a6-3e7e-45f2-aa83-71fd4f4b0df8","geometry":{"type":"Point","coordinates":[69.5961126,42.3171308]},"properties":{"city":"shymkent","overture_id":"648b01a6-3e7e-45f2-aa83-71fd4f4b0df8","overture_version":2,"sources":[{"property":"","dataset":"OpenStreetMap","license":"ODbL-1.0","record_id":"n11943588197@2","update_time":"2025-06-29T06:12:14Z","confidence":null,"between":null,"provider":"osm","resource":"planet","version":"2026-09-09"}],"k10_inside_bbox":true}},{"type":"Feature","id":"6496e1d1-80af-4f59-a07c-e505bc5b5e31","geometry":{"type":"Point","coordinates":[69.5896113,42.3230612]},"properties":{"city":"shymkent","overture_id":"6496e1d1-80af-4f59-a07c-e505bc5b5e31","overture_version":1,"sources":[{"property":"","dataset":"OpenStreetMap","license":"ODbL-1.0","record_id":"n11934561819@1","update_time":"2024-05-26T08:47:45Z","confidence":null,"between":null,"provider":"osm","resource":"planet","version":"2026-09-09"}],"k10_inside_bbox":false}},{"type":"Feature","id":"64c144c1-1718-4671-807c-42e3b6eb4ba4","geometry":{"type":"Point","coordinates":[69.5981228,42.3152239]},"properties":{"city":"shymkent","overture_id":"64c144c1-1718-4671-807c-42e3b6eb4ba4","overture_version":1,"sources":[{"property":"","dataset":"OpenStreetMap","license":"ODbL-1.0","record_id":"n8230441857@1","update_time":"2020-12-15T08:58:57Z","confidence":null,"between":null,"provider":"osm","resource":"planet","version":"2026-09-09"}],"k10_inside_bbox":true}},{"type":"Feature","id":"64e021e3-c7e5-4f1a-b96a-8a94d1f10cf1","geometry":{"type":"Point","coordinates":[69.6081935,42.3224023]},"properties":{"city":"shymkent","overture_id":"64e021e3-c7e5-4f1a-b96a-8a94d1f10cf1","overture_version":1,"sources":[{"property":"","dataset":"OpenStreetMap","license":"ODbL-1.0","record_id":"n1782679057@1","update_time":"2012-06-10T15:35:07Z","confidence":null,"between":null,"provider":"osm","resource":"planet","version":"2026-09-09"}],"k10_inside_bbox":true}},{"type":"Feature","id":"64e71940-e0c6-4b57-a27e-075e076e4a4b","geometry":{"type":"Point","coordinates":[69.6099275,42.3118108]},"properties":{"city":"shymkent","overture_id":"64e71940-e0c6-4b57-a27e-075e076e4a4b","overture_version":1,"sources":[{"property":"","dataset":"OpenStreetMap","license":"ODbL-1.0","record_id":"n11384193250@1","update_time":"2023-11-29T17:35:01Z","confidence":null,"between":null,"provider":"osm","resource":"planet","version":"2026-09-09"}],"k10_inside_bbox":true}},{"type":"Feature","id":"64fcc791-6572-4a12-a7ab-2478104f649c","geometry":{"type":"Point","coordinates":[69.59883,42.307944]},"properties":{"city":"shymkent","overture_id":"64fcc791-6572-4a12-a7ab-2478104f649c","overture_version":1,"sources":[{"property":"","dataset":"OpenStreetMap","license":"ODbL-1.0","record_id":"n1325964711@3","update_time":"2023-08-27T16:41:50Z","confidence":null,"between":null,"provider":"osm","resource":"planet","version":"2026-09-09"}],"k10_inside_bbox":true}},{"type":"Feature","id":"65d218e3-7e2e-4594-b0da-c83fc8513357","geometry":{"type":"Point","coordinates":[69.5931634,42.3176701]},"properties":{"city":"shymkent","overture_id":"65d218e3-7e2e-4594-b0da-c83fc8513357","overture_version":1,"sources":[{"property":"","dataset":"OpenStreetMap","license":"ODbL-1.0","record_id":"n12960596914@1","update_time":"2025-06-29T06:12:14Z","confidence":null,"between":null,"provider":"osm","resource":"planet","version":"2026-09-09"}],"k10_inside_bbox":false}},{"type":"Feature","id":"65d8da37-11c5-4c41-9346-f2fbf23cbc50","geometry":{"type":"Point","coordinates":[69.601559,42.3204939]},"properties":{"city":"shymkent","overture_id":"65d8da37-11c5-4c41-9346-f2fbf23cbc50","overture_version":1,"sources":[{"property":"","dataset":"OpenStreetMap","license":"ODbL-1.0","record_id":"n11375783452@1","update_time":"2023-11-25T18:49:10Z","confidence":null,"between":null,"provider":"osm","resource":"planet","version":"2026-09-09"}],"k10_inside_bbox":true}},{"type":"Feature","id":"65e8e880-3769-445d-b3fd-3adacce28783","geometry":{"type":"Point","coordinates":[69.6085864,42.3064751]},"properties":{"city":"shymkent","overture_id":"65e8e880-3769-445d-b3fd-3adacce28783","overture_version":1,"sources":[{"property":"","dataset":"OpenStreetMap","license":"ODbL-1.0","record_id":"n11384193533@1","update_time":"2023-11-29T17:35:01Z","confidence":null,"between":null,"provider":"osm","resource":"planet","version":"2026-09-09"}],"k10_inside_bbox":false}},{"type":"Feature","id":"660ffac2-21ef-444e-866a-b918e7a34066","geometry":{"type":"Point","coordinates":[69.6012143,42.3096534]},"properties":{"city":"shymkent","overture_id":"660ffac2-21ef-444e-866a-b918e7a34066","overture_version":1,"sources":[{"property":"","dataset":"OpenStreetMap","license":"ODbL-1.0","record_id":"n304263463@4","update_time":"2022-10-21T07:36:01Z","confidence":null,"between":null,"provider":"osm","resource":"planet","version":"2026-09-09"}],"k10_inside_bbox":true}},{"type":"Feature","id":"664bd540-0026-4fb3-a6c5-d3055dc45d11","geometry":{"type":"Point","coordinates":[69.5949266,42.3238839]},"properties":{"city":"shymkent","overture_id":"664bd540-0026-4fb3-a6c5-d3055dc45d11","overture_version":1,"sources":[{"property":"","dataset":"OpenStreetMap","license":"ODbL-1.0","record_id":"n1424950986@1","update_time":"2011-09-06T07:49:18Z","confidence":null,"between":null,"provider":"osm","resource":"planet","version":"2026-09-09"}],"k10_inside_bbox":true}},{"type":"Feature","id":"6667f729-e0b4-4192-a5e6-4ebfb61b2d8d","geometry":{"type":"Point","coordinates":[69.6005347,42.3165038]},"properties":{"city":"shymkent","overture_id":"6667f729-e0b4-4192-a5e6-4ebfb61b2d8d","overture_version":1,"sources":[{"property":"","dataset":"OpenStreetMap","license":"ODbL-1.0","record_id":"n8069568550@1","update_time":"2020-10-31T19:30:44Z","confidence":null,"between":null,"provider":"osm","resource":"planet","version":"2026-09-09"}],"k10_inside_bbox":true}},{"type":"Feature","id":"667ba143-3668-4254-b9e6-583d37d68263","geometry":{"type":"Point","coordinates":[69.60141,42.3179679]},"properties":{"city":"shymkent","overture_id":"667ba143-3668-4254-b9e6-583d37d68263","overture_version":1,"sources":[{"property":"","dataset":"OpenStreetMap","license":"ODbL-1.0","record_id":"n1433192013@1","update_time":"2011-09-15T04:44:25Z","confidence":null,"between":null,"provider":"osm","resource":"planet","version":"2026-09-09"}],"k10_inside_bbox":true}},{"type":"Feature","id":"674a39de-bb3e-4e7e-bf53-a26f9964980b","geometry":{"type":"Point","coordinates":[69.6093074,42.3076579]},"properties":{"city":"shymkent","overture_id":"674a39de-bb3e-4e7e-bf53-a26f9964980b","overture_version":1,"sources":[{"property":"","dataset":"OpenStreetMap","license":"ODbL-1.0","record_id":"n6190366393@1","update_time":"2019-01-07T17:04:38Z","confidence":null,"between":null,"provider":"osm","resource":"planet","version":"2026-09-09"}],"k10_inside_bbox":true}},{"type":"Feature","id":"67b23b90-0ab7-4e8d-a69c-4c2ef23ea832","geometry":{"type":"Point","coordinates":[69.5986124,42.3240329]},"properties":{"city":"shymkent","overture_id":"67b23b90-0ab7-4e8d-a69c-4c2ef23ea832","overture_version":1,"sources":[{"property":"","dataset":"OpenStreetMap","license":"ODbL-1.0","record_id":"n8167763012@1","update_time":"2020-11-26T12:11:41Z","confidence":null,"between":null,"provider":"osm","resource":"planet","version":"2026-09-09"}],"k10_inside_bbox":true}},{"type":"Feature","id":"683f5f8f-3727-45a0-80d5-37a2da67b139","geometry":{"type":"Point","coordinates":[69.6062304,42.3077019]},"properties":{"city":"shymkent","overture_id":"683f5f8f-3727-45a0-80d5-37a2da67b139","overture_version":1,"sources":[{"property":"","dataset":"OpenStreetMap","license":"ODbL-1.0","record_id":"n11384193340@1","update_time":"2023-11-29T17:35:01Z","confidence":null,"between":null,"provider":"osm","resource":"planet","version":"2026-09-09"}],"k10_inside_bbox":true}},{"type":"Feature","id":"686259f4-907e-47be-9974-53fadcb0fdb1","geometry":{"type":"Point","coordinates":[69.5932233,42.3110555]},"properties":{"city":"shymkent","overture_id":"686259f4-907e-47be-9974-53fadcb0fdb1","overture_version":1,"sources":[{"property":"","dataset":"OpenStreetMap","license":"ODbL-1.0","record_id":"n1280151896@1","update_time":"2011-05-11T10:09:01Z","confidence":null,"between":null,"provider":"osm","resource":"planet","version":"2026-09-09"}],"k10_inside_bbox":false}},{"type":"Feature","id":"68c67487-3ae3-46df-9c8f-9b2d7511bb16","geometry":{"type":"Point","coordinates":[69.5968198,42.3185762]},"properties":{"city":"shymkent","overture_id":"68c67487-3ae3-46df-9c8f-9b2d7511bb16","overture_version":1,"sources":[{"property":"","dataset":"OpenStreetMap","license":"ODbL-1.0","record_id":"n1434183769@8","update_time":"2024-04-25T18:42:22Z","confidence":null,"between":null,"provider":"osm","resource":"planet","version":"2026-09-09"}],"k10_inside_bbox":true}},{"type":"Feature","id":"68f03749-00e9-48b4-9e35-af434bb0a0e3","geometry":{"type":"Point","coordinates":[69.6152891,42.3090954]},"properties":{"city":"shymkent","overture_id":"68f03749-00e9-48b4-9e35-af434bb0a0e3","overture_version":1,"sources":[{"property":"","dataset":"OpenStreetMap","license":"ODbL-1.0","record_id":"n5492613568@1","update_time":"2018-03-21T04:39:55Z","confidence":null,"between":null,"provider":"osm","resource":"planet","version":"2026-09-09"}],"k10_inside_bbox":true}},{"type":"Feature","id":"690adbfa-1f01-488f-bdb0-372c046ad716","geometry":{"type":"Point","coordinates":[69.6025634,42.3106284]},"properties":{"city":"shymkent","overture_id":"690adbfa-1f01-488f-bdb0-372c046ad716","overture_version":1,"sources":[{"property":"","dataset":"OpenStreetMap","license":"ODbL-1.0","record_id":"n11384193298@2","update_time":"2024-09-06T08:28:17Z","confidence":null,"between":null,"provider":"osm","resource":"planet","version":"2026-09-09"}],"k10_inside_bbox":true}},{"type":"Feature","id":"699b1a56-854c-4bb9-9002-3444f6cc6baf","geometry":{"type":"Point","coordinates":[69.6108019,42.3063422]},"properties":{"city":"shymkent","overture_id":"699b1a56-854c-4bb9-9002-3444f6cc6baf","overture_version":1,"sources":[{"property":"","dataset":"OpenStreetMap","license":"ODbL-1.0","record_id":"n6190366400@1","update_time":"2019-01-07T17:04:38Z","confidence":null,"between":null,"provider":"osm","resource":"planet","version":"2026-09-09"}],"k10_inside_bbox":false}},{"type":"Feature","id":"69afb8ef-27cb-4d86-afce-96eb95c39e81","geometry":{"type":"Point","coordinates":[69.6000208,42.3243739]},"properties":{"city":"shymkent","overture_id":"69afb8ef-27cb-4d86-afce-96eb95c39e81","overture_version":1,"sources":[{"property":"","dataset":"OpenStreetMap","license":"ODbL-1.0","record_id":"n11104090826@1","update_time":"2023-08-10T06:29:02Z","confidence":null,"between":null,"provider":"osm","resource":"planet","version":"2026-09-09"}],"k10_inside_bbox":true}},{"type":"Feature","id":"69cb9739-9f7c-4816-bfaa-5dcd5c04872d","geometry":{"type":"Point","coordinates":[69.6126234,42.3213763]},"properties":{"city":"shymkent","overture_id":"69cb9739-9f7c-4816-bfaa-5dcd5c04872d","overture_version":1,"sources":[{"property":"","dataset":"OpenStreetMap","license":"ODbL-1.0","record_id":"n1782679005@1","update_time":"2012-06-10T15:35:03Z","confidence":null,"between":null,"provider":"osm","resource":"planet","version":"2026-09-09"}],"k10_inside_bbox":true}},{"type":"Feature","id":"6a10b3a0-593f-44bd-b14c-ffdc7ee05299","geometry":{"type":"Point","coordinates":[69.6168628,42.3256653]},"properties":{"city":"shymkent","overture_id":"6a10b3a0-593f-44bd-b14c-ffdc7ee05299","overture_version":1,"sources":[{"property":"","dataset":"OpenStreetMap","license":"ODbL-1.0","record_id":"n1294235408@2","update_time":"2018-07-02T17:04:52Z","confidence":null,"between":null,"provider":"osm","resource":"planet","version":"2026-09-09"}],"k10_inside_bbox":false}},{"type":"Feature","id":"6a473161-1e8a-44e8-a106-102792e226cf","geometry":{"type":"Point","coordinates":[69.6037895,42.3133802]},"properties":{"city":"shymkent","overture_id":"6a473161-1e8a-44e8-a106-102792e226cf","overture_version":1,"sources":[{"property":"","dataset":"OpenStreetMap","license":"ODbL-1.0","record_id":"n1326355669@2","update_time":"2011-09-06T11:47:59Z","confidence":null,"between":null,"provider":"osm","resource":"planet","version":"2026-09-09"}],"k10_inside_bbox":true}},{"type":"Feature","id":"6a626d1a-365e-4774-8a40-f967b7dd0f86","geometry":{"type":"Point","coordinates":[69.5958566,42.3182879]},"properties":{"city":"shymkent","overture_id":"6a626d1a-365e-4774-8a40-f967b7dd0f86","overture_version":1,"sources":[{"property":"","dataset":"OpenStreetMap","license":"ODbL-1.0","record_id":"n1327212585@4","update_time":"2020-11-24T08:13:41Z","confidence":null,"between":null,"provider":"osm","resource":"planet","version":"2026-09-09"}],"k10_inside_bbox":true}},{"type":"Feature","id":"6a6b8fe9-459b-430c-81d8-d841673ed5b0","geometry":{"type":"Point","coordinates":[69.598218,42.3098277]},"properties":{"city":"shymkent","overture_id":"6a6b8fe9-459b-430c-81d8-d841673ed5b0","overture_version":1,"sources":[{"property":"","dataset":"OpenStreetMap","license":"ODbL-1.0","record_id":"n10828674459@2","update_time":"2023-09-25T02:55:44Z","confidence":null,"between":null,"provider":"osm","resource":"planet","version":"2026-09-09"}],"k10_inside_bbox":true}},{"type":"Feature","id":"6a7b0217-afef-4cf9-8c77-feb27797511e","geometry":{"type":"Point","coordinates":[69.6006216,42.3092843]},"properties":{"city":"shymkent","overture_id":"6a7b0217-afef-4cf9-8c77-feb27797511e","overture_version":1,"sources":[{"property":"","dataset":"OpenStreetMap","license":"ODbL-1.0","record_id":"n13135750576@1","update_time":"2025-09-11T08:24:29Z","confidence":null,"between":null,"provider":"osm","resource":"planet","version":"2026-09-09"}],"k10_inside_bbox":true}},{"type":"Feature","id":"6aa50fc8-210e-4fa2-b10e-8fb50da0defb","geometry":{"type":"Point","coordinates":[69.6001006,42.3358367]},"properties":{"city":"shymkent","overture_id":"6aa50fc8-210e-4fa2-b10e-8fb50da0defb","overture_version":1,"sources":[{"property":"","dataset":"OpenStreetMap","license":"ODbL-1.0","record_id":"n13057053517@1","update_time":"2025-08-07T21:50:44Z","confidence":null,"between":null,"provider":"osm","resource":"planet","version":"2026-09-09"}],"k10_inside_bbox":false}},{"type":"Feature","id":"6abbf21e-fe5d-46fe-a045-0789f9448093","geometry":{"type":"Point","coordinates":[69.5983713,42.3249078]},"properties":{"city":"shymkent","overture_id":"6abbf21e-fe5d-46fe-a045-0789f9448093","overture_version":1,"sources":[{"property":"","dataset":"OpenStreetMap","license":"ODbL-1.0","record_id":"n8167767025@1","update_time":"2020-11-26T12:11:41Z","confidence":null,"between":null,"provider":"osm","resource":"planet","version":"2026-09-09"}],"k10_inside_bbox":false}},{"type":"Feature","id":"6acfdff5-e685-4f0d-8a84-0ccc5fa4b1c8","geometry":{"type":"Point","coordinates":[69.6107912,42.3069809]},"properties":{"city":"shymkent","overture_id":"6acfdff5-e685-4f0d-8a84-0ccc5fa4b1c8","overture_version":1,"sources":[{"property":"","dataset":"OpenStreetMap","license":"ODbL-1.0","record_id":"n10142782305@1","update_time":"2022-10-31T12:08:23Z","confidence":null,"between":null,"provider":"osm","resource":"planet","version":"2026-09-09"}],"k10_inside_bbox":true}},{"type":"Feature","id":"6b011801-5a5b-41c6-ba99-c4c6701af588","geometry":{"type":"Point","coordinates":[69.5957716,42.3176362]},"properties":{"city":"shymkent","overture_id":"6b011801-5a5b-41c6-ba99-c4c6701af588","overture_version":1,"sources":[{"property":"","dataset":"OpenStreetMap","license":"ODbL-1.0","record_id":"n1327212583@2","update_time":"2011-06-28T17:03:15Z","confidence":null,"between":null,"provider":"osm","resource":"planet","version":"2026-09-09"}],"k10_inside_bbox":true}},{"type":"Feature","id":"6b5caa5a-ed1e-42e3-87fb-f90ff7fbbcba","geometry":{"type":"Point","coordinates":[69.6190627,42.3205769]},"properties":{"city":"shymkent","overture_id":"6b5caa5a-ed1e-42e3-87fb-f90ff7fbbcba","overture_version":1,"sources":[{"property":"","dataset":"OpenStreetMap","license":"ODbL-1.0","record_id":"n1480000964@3","update_time":"2018-11-24T00:01:07Z","confidence":null,"between":null,"provider":"osm","resource":"planet","version":"2026-09-09"}],"k10_inside_bbox":false}},{"type":"Feature","id":"6b762b62-c405-4598-ae89-489dc0631fe6","geometry":{"type":"Point","coordinates":[69.5984039,42.3160229]},"properties":{"city":"shymkent","overture_id":"6b762b62-c405-4598-ae89-489dc0631fe6","overture_version":2,"sources":[{"property":"","dataset":"OpenStreetMap","license":"ODbL-1.0","record_id":"n8069568501@2","update_time":"2025-06-30T11:21:35Z","confidence":null,"between":null,"provider":"osm","resource":"planet","version":"2026-09-09"}],"k10_inside_bbox":true}},{"type":"Feature","id":"6b9e7c04-2c04-4087-ae47-ef921fc50040","geometry":{"type":"Point","coordinates":[69.6000059,42.3205362]},"properties":{"city":"shymkent","overture_id":"6b9e7c04-2c04-4087-ae47-ef921fc50040","overture_version":1,"sources":[{"property":"","dataset":"OpenStreetMap","license":"ODbL-1.0","record_id":"n1321200480@4","update_time":"2020-12-17T03:03:38Z","confidence":null,"between":null,"provider":"osm","resource":"planet","version":"2026-09-09"}],"k10_inside_bbox":true}},{"type":"Feature","id":"6ba6521c-2011-4a09-86b1-106ad64ec016","geometry":{"type":"Point","coordinates":[69.6034044,42.3148455]},"properties":{"city":"shymkent","overture_id":"6ba6521c-2011-4a09-86b1-106ad64ec016","overture_version":1,"sources":[{"property":"","dataset":"OpenStreetMap","license":"ODbL-1.0","record_id":"n13083815847@1","update_time":"2025-08-20T06:31:37Z","confidence":null,"between":null,"provider":"osm","resource":"planet","version":"2026-09-09"}],"k10_inside_bbox":true}},{"type":"Feature","id":"6bce4527-360f-4efe-8c8c-e7cc5997a97d","geometry":{"type":"Point","coordinates":[69.599081,42.3065411]},"properties":{"city":"shymkent","overture_id":"6bce4527-360f-4efe-8c8c-e7cc5997a97d","overture_version":1,"sources":[{"property":"","dataset":"OpenStreetMap","license":"ODbL-1.0","record_id":"n12828298088@1","update_time":"2025-05-11T12:15:36Z","confidence":null,"between":null,"provider":"osm","resource":"planet","version":"2026-09-09"}],"k10_inside_bbox":false}},{"type":"Feature","id":"6bfda915-ec2b-4a05-b9c3-1888df020f82","geometry":{"type":"Point","coordinates":[69.6083236,42.3076652]},"properties":{"city":"shymkent","overture_id":"6bfda915-ec2b-4a05-b9c3-1888df020f82","overture_version":1,"sources":[{"property":"","dataset":"OpenStreetMap","license":"ODbL-1.0","record_id":"n11384193529@1","update_time":"2023-11-29T17:35:01Z","confidence":null,"between":null,"provider":"osm","resource":"planet","version":"2026-09-09"}],"k10_inside_bbox":true}},{"type":"Feature","id":"6c1d8dce-7a6c-4087-a063-b8c85dc27d1f","geometry":{"type":"Point","coordinates":[69.590428,42.3143935]},"properties":{"city":"shymkent","overture_id":"6c1d8dce-7a6c-4087-a063-b8c85dc27d1f","overture_version":1,"sources":[{"property":"","dataset":"OpenStreetMap","license":"ODbL-1.0","record_id":"n12960597058@1","update_time":"2025-06-29T06:12:14Z","confidence":null,"between":null,"provider":"osm","resource":"planet","version":"2026-09-09"}],"k10_inside_bbox":false}},{"type":"Feature","id":"6c52725b-51ed-4c31-91bf-38a6f8d181dc","geometry":{"type":"Point","coordinates":[69.6059109,42.3079756]},"properties":{"city":"shymkent","overture_id":"6c52725b-51ed-4c31-91bf-38a6f8d181dc","overture_version":1,"sources":[{"property":"","dataset":"OpenStreetMap","license":"ODbL-1.0","record_id":"n5402890539@2","update_time":"2023-08-23T12:39:52Z","confidence":null,"between":null,"provider":"osm","resource":"planet","version":"2026-09-09"}],"k10_inside_bbox":true}},{"type":"Feature","id":"6c69fe90-3fb4-4565-aeb0-431b8543b650","geometry":{"type":"Point","coordinates":[69.609721,42.3158094]},"properties":{"city":"shymkent","overture_id":"6c69fe90-3fb4-4565-aeb0-431b8543b650","overture_version":1,"sources":[{"property":"","dataset":"OpenStreetMap","license":"ODbL-1.0","record_id":"n11375783165@1","update_time":"2023-11-25T18:49:10Z","confidence":null,"between":null,"provider":"osm","resource":"planet","version":"2026-09-09"}],"k10_inside_bbox":true}},{"type":"Feature","id":"6c78313e-6cc1-4ea6-b416-a050ce01d1a5","geometry":{"type":"Point","coordinates":[69.601108,42.3175657]},"properties":{"city":"shymkent","overture_id":"6c78313e-6cc1-4ea6-b416-a050ce01d1a5","overture_version":1,"sources":[{"property":"","dataset":"OpenStreetMap","license":"ODbL-1.0","record_id":"n1434183758@2","update_time":"2011-09-20T16:57:33Z","confidence":null,"between":null,"provider":"osm","resource":"planet","version":"2026-09-09"}],"k10_inside_bbox":true}},{"type":"Feature","id":"6d1f7a0f-1cca-4936-a484-c14c134a8fda","geometry":{"type":"Point","coordinates":[69.6052712,42.3087205]},"properties":{"city":"shymkent","overture_id":"6d1f7a0f-1cca-4936-a484-c14c134a8fda","overture_version":1,"sources":[{"property":"","dataset":"OpenStreetMap","license":"ODbL-1.0","record_id":"n11384193342@1","update_time":"2023-11-29T17:35:01Z","confidence":null,"between":null,"provider":"osm","resource":"planet","version":"2026-09-09"}],"k10_inside_bbox":true}},{"type":"Feature","id":"6d24aaf1-6570-44f2-b82d-0a70f191fe82","geometry":{"type":"Point","coordinates":[69.6070147,42.3161197]},"properties":{"city":"shymkent","overture_id":"6d24aaf1-6570-44f2-b82d-0a70f191fe82","overture_version":1,"sources":[{"property":"","dataset":"OpenStreetMap","license":"ODbL-1.0","record_id":"n11001128517@1","update_time":"2023-06-23T06:30:58Z","confidence":null,"between":null,"provider":"osm","resource":"planet","version":"2026-09-09"}],"k10_inside_bbox":true}},{"type":"Feature","id":"6d3f2f8a-a33a-4560-9294-a3fc20cf281e","geometry":{"type":"Point","coordinates":[69.594856,42.3122704]},"properties":{"city":"shymkent","overture_id":"6d3f2f8a-a33a-4560-9294-a3fc20cf281e","overture_version":2,"sources":[{"property":"","dataset":"OpenStreetMap","license":"ODbL-1.0","record_id":"n11922759580@2","update_time":"2025-06-19T02:53:15Z","confidence":null,"between":null,"provider":"osm","resource":"planet","version":"2026-09-09"}],"k10_inside_bbox":true}},{"type":"Feature","id":"6d4949dc-4fc4-41a3-b1d5-3dd866b9255e","geometry":{"type":"Point","coordinates":[69.6074274,42.3149899]},"properties":{"city":"shymkent","overture_id":"6d4949dc-4fc4-41a3-b1d5-3dd866b9255e","overture_version":1,"sources":[{"property":"","dataset":"OpenStreetMap","license":"ODbL-1.0","record_id":"n11384193421@2","update_time":"2024-09-05T07:06:14Z","confidence":null,"between":null,"provider":"osm","resource":"planet","version":"2026-09-09"}],"k10_inside_bbox":true}},{"type":"Feature","id":"6d8b368a-f3c6-4523-8ee7-2b8fc8eafbfd","geometry":{"type":"Point","coordinates":[69.6108073,42.3132151]},"properties":{"city":"shymkent","overture_id":"6d8b368a-f3c6-4523-8ee7-2b8fc8eafbfd","overture_version":1,"sources":[{"property":"","dataset":"OpenStreetMap","license":"ODbL-1.0","record_id":"n11384193247@1","update_time":"2023-11-29T17:35:01Z","confidence":null,"between":null,"provider":"osm","resource":"planet","version":"2026-09-09"}],"k10_inside_bbox":true}},{"type":"Feature","id":"6d98062a-391b-4b08-9759-05e2c19513a8","geometry":{"type":"Point","coordinates":[69.6026196,42.3155721]},"properties":{"city":"shymkent","overture_id":"6d98062a-391b-4b08-9759-05e2c19513a8","overture_version":1,"sources":[{"property":"","dataset":"OpenStreetMap","license":"ODbL-1.0","record_id":"n13888881205@1","update_time":"2026-05-27T17:08:16Z","confidence":null,"between":null,"provider":"osm","resource":"planet","version":"2026-09-09"}],"k10_inside_bbox":true}},{"type":"Feature","id":"6dcfc6bd-f4bf-4de3-8c54-dfea7ec340e7","geometry":{"type":"Point","coordinates":[69.6063302,42.3145689]},"properties":{"city":"shymkent","overture_id":"6dcfc6bd-f4bf-4de3-8c54-dfea7ec340e7","overture_version":1,"sources":[{"property":"","dataset":"OpenStreetMap","license":"ODbL-1.0","record_id":"n11384193428@1","update_time":"2023-11-29T17:35:01Z","confidence":null,"between":null,"provider":"osm","resource":"planet","version":"2026-09-09"}],"k10_inside_bbox":true}},{"type":"Feature","id":"6e29a2f0-9963-41b7-af07-0c9b6ec71f60","geometry":{"type":"Point","coordinates":[69.6119622,42.311745]},"properties":{"city":"shymkent","overture_id":"6e29a2f0-9963-41b7-af07-0c9b6ec71f60","overture_version":1,"sources":[{"property":"","dataset":"OpenStreetMap","license":"ODbL-1.0","record_id":"n5401348207@2","update_time":"2018-08-31T21:27:48Z","confidence":null,"between":null,"provider":"osm","resource":"planet","version":"2026-09-09"}],"k10_inside_bbox":true}},{"type":"Feature","id":"6e4d9bce-1439-47b1-a9da-9af9da8e7a00","geometry":{"type":"Point","coordinates":[69.6113707,42.3161613]},"properties":{"city":"shymkent","overture_id":"6e4d9bce-1439-47b1-a9da-9af9da8e7a00","overture_version":1,"sources":[{"property":"","dataset":"OpenStreetMap","license":"ODbL-1.0","record_id":"n10975610423@1","update_time":"2023-06-14T02:18:44Z","confidence":null,"between":null,"provider":"osm","resource":"planet","version":"2026-09-09"}],"k10_inside_bbox":true}},{"type":"Feature","id":"6e979ba8-0918-4a65-b8e2-80647325a290","geometry":{"type":"Point","coordinates":[69.5945828,42.3212349]},"properties":{"city":"shymkent","overture_id":"6e979ba8-0918-4a65-b8e2-80647325a290","overture_version":1,"sources":[{"property":"","dataset":"OpenStreetMap","license":"ODbL-1.0","record_id":"n10731921326@1","update_time":"2023-03-13T03:38:15Z","confidence":null,"between":null,"provider":"osm","resource":"planet","version":"2026-09-09"}],"k10_inside_bbox":true}},{"type":"Feature","id":"6eb75263-6ae1-4e67-a017-84f1d9858690","geometry":{"type":"Point","coordinates":[69.602134,42.3139397]},"properties":{"city":"shymkent","overture_id":"6eb75263-6ae1-4e67-a017-84f1d9858690","overture_version":1,"sources":[{"property":"","dataset":"OpenStreetMap","license":"ODbL-1.0","record_id":"n12804572549@1","update_time":"2025-05-02T17:34:26Z","confidence":null,"between":null,"provider":"osm","resource":"planet","version":"2026-09-09"}],"k10_inside_bbox":true}},{"type":"Feature","id":"6ef729ed-ae76-4d8a-a662-cdd09aff12b7","geometry":{"type":"Point","coordinates":[69.6011705,42.3174066]},"properties":{"city":"shymkent","overture_id":"6ef729ed-ae76-4d8a-a662-cdd09aff12b7","overture_version":1,"sources":[{"property":"","dataset":"OpenStreetMap","license":"ODbL-1.0","record_id":"n8167870317@1","update_time":"2020-11-26T12:51:50Z","confidence":null,"between":null,"provider":"osm","resource":"planet","version":"2026-09-09"}],"k10_inside_bbox":true}},{"type":"Feature","id":"6f071bf9-7e3d-42ad-9424-239ed7876352","geometry":{"type":"Point","coordinates":[69.5986518,42.3092376]},"properties":{"city":"shymkent","overture_id":"6f071bf9-7e3d-42ad-9424-239ed7876352","overture_version":1,"sources":[{"property":"","dataset":"OpenStreetMap","license":"ODbL-1.0","record_id":"n11217050508@1","update_time":"2023-09-25T02:38:14Z","confidence":null,"between":null,"provider":"osm","resource":"planet","version":"2026-09-09"}],"k10_inside_bbox":true}},{"type":"Feature","id":"6f0a28c4-5e99-46a9-8128-142959a8ad7c","geometry":{"type":"Point","coordinates":[69.6052787,42.313195]},"properties":{"city":"shymkent","overture_id":"6f0a28c4-5e99-46a9-8128-142959a8ad7c","overture_version":1,"sources":[{"property":"","dataset":"OpenStreetMap","license":"ODbL-1.0","record_id":"n1326355540@1","update_time":"2011-06-15T12:36:56Z","confidence":null,"between":null,"provider":"osm","resource":"planet","version":"2026-09-09"}],"k10_inside_bbox":true}},{"type":"Feature","id":"6f0a9486-7fb4-44b6-9d90-1d233bbd8306","geometry":{"type":"Point","coordinates":[69.5998784,42.3146571]},"properties":{"city":"shymkent","overture_id":"6f0a9486-7fb4-44b6-9d90-1d233bbd8306","overture_version":1,"sources":[{"property":"","dataset":"OpenStreetMap","license":"ODbL-1.0","record_id":"n12804572542@1","update_time":"2025-05-02T17:34:26Z","confidence":null,"between":null,"provider":"osm","resource":"planet","version":"2026-09-09"}],"k10_inside_bbox":true}},{"type":"Feature","id":"6fcf7a47-6731-480f-98c6-6490498ff9b6","geometry":{"type":"Point","coordinates":[69.601083,42.306718]},"properties":{"city":"shymkent","overture_id":"6fcf7a47-6731-480f-98c6-6490498ff9b6","overture_version":1,"sources":[{"property":"","dataset":"OpenStreetMap","license":"ODbL-1.0","record_id":"n1804778608@2","update_time":"2023-08-27T16:41:50Z","confidence":null,"between":null,"provider":"osm","resource":"planet","version":"2026-09-09"}],"k10_inside_bbox":true}},{"type":"Feature","id":"6ff3ef3a-f37f-4c08-8c83-794c1278f5f8","geometry":{"type":"Point","coordinates":[69.5940497,42.3220323]},"properties":{"city":"shymkent","overture_id":"6ff3ef3a-f37f-4c08-8c83-794c1278f5f8","overture_version":1,"sources":[{"property":"","dataset":"OpenStreetMap","license":"ODbL-1.0","record_id":"n12809848614@1","update_time":"2025-05-04T16:15:20Z","confidence":null,"between":null,"provider":"osm","resource":"planet","version":"2026-09-09"}],"k10_inside_bbox":true}},{"type":"Feature","id":"7006da7b-f929-46ec-ae37-3e69da16d3d4","geometry":{"type":"Point","coordinates":[69.6085381,42.3131278]},"properties":{"city":"shymkent","overture_id":"7006da7b-f929-46ec-ae37-3e69da16d3d4","overture_version":1,"sources":[{"property":"","dataset":"OpenStreetMap","license":"ODbL-1.0","record_id":"n11384193266@1","update_time":"2023-11-29T17:35:01Z","confidence":null,"between":null,"provider":"osm","resource":"planet","version":"2026-09-09"}],"k10_inside_bbox":true}},{"type":"Feature","id":"7008306f-2825-42ab-8a5b-8c33ca2b26f5","geometry":{"type":"Point","coordinates":[69.6063334,42.308292]},"properties":{"city":"shymkent","overture_id":"7008306f-2825-42ab-8a5b-8c33ca2b26f5","overture_version":1,"sources":[{"property":"","dataset":"OpenStreetMap","license":"ODbL-1.0","record_id":"n11384193341@1","update_time":"2023-11-29T17:35:01Z","confidence":null,"between":null,"provider":"osm","resource":"planet","version":"2026-09-09"}],"k10_inside_bbox":true}},{"type":"Feature","id":"70178b73-ab13-4cb8-a271-9ab3fd7afdce","geometry":{"type":"Point","coordinates":[69.6029155,42.3170604]},"properties":{"city":"shymkent","overture_id":"70178b73-ab13-4cb8-a271-9ab3fd7afdce","overture_version":1,"sources":[{"property":"","dataset":"OpenStreetMap","license":"ODbL-1.0","record_id":"n13083815843@1","update_time":"2025-08-20T06:31:37Z","confidence":null,"between":null,"provider":"osm","resource":"planet","version":"2026-09-09"}],"k10_inside_bbox":true}},{"type":"Feature","id":"7047c423-fb4a-43f1-8ce3-05c6919835fb","geometry":{"type":"Point","coordinates":[69.5939765,42.3213748]},"properties":{"city":"shymkent","overture_id":"7047c423-fb4a-43f1-8ce3-05c6919835fb","overture_version":1,"sources":[{"property":"","dataset":"OpenStreetMap","license":"ODbL-1.0","record_id":"n10731921336@1","update_time":"2023-03-13T03:38:15Z","confidence":null,"between":null,"provider":"osm","resource":"planet","version":"2026-09-09"}],"k10_inside_bbox":true}},{"type":"Feature","id":"707f1d4d-fadf-4231-9773-740cbb3a1ec5","geometry":{"type":"Point","coordinates":[69.6129136,42.322014]},"properties":{"city":"shymkent","overture_id":"707f1d4d-fadf-4231-9773-740cbb3a1ec5","overture_version":1,"sources":[{"property":"","dataset":"OpenStreetMap","license":"ODbL-1.0","record_id":"n1252592052@2","update_time":"2011-06-17T03:20:26Z","confidence":null,"between":null,"provider":"osm","resource":"planet","version":"2026-09-09"}],"k10_inside_bbox":true}},{"type":"Feature","id":"708e881d-e932-44f7-91e8-b556c4505caa","geometry":{"type":"Point","coordinates":[69.5996117,42.3196685]},"properties":{"city":"shymkent","overture_id":"708e881d-e932-44f7-91e8-b556c4505caa","overture_version":1,"sources":[{"property":"","dataset":"OpenStreetMap","license":"ODbL-1.0","record_id":"n3678262205@1","update_time":"2015-08-03T02:18:40Z","confidence":null,"between":null,"provider":"osm","resource":"planet","version":"2026-09-09"}],"k10_inside_bbox":true}},{"type":"Feature","id":"709a93a2-b44a-43f1-81f3-615804a5f3ce","geometry":{"type":"Point","coordinates":[69.5987619,42.3111477]},"properties":{"city":"shymkent","overture_id":"709a93a2-b44a-43f1-81f3-615804a5f3ce","overture_version":1,"sources":[{"property":"","dataset":"OpenStreetMap","license":"ODbL-1.0","record_id":"n13272759429@1","update_time":"2025-10-31T17:50:55Z","confidence":null,"between":null,"provider":"osm","resource":"planet","version":"2026-09-09"}],"k10_inside_bbox":true}},{"type":"Feature","id":"70f36d25-f81c-417c-b611-c46c1502b149","geometry":{"type":"Point","coordinates":[69.6097425,42.3140521]},"properties":{"city":"shymkent","overture_id":"70f36d25-f81c-417c-b611-c46c1502b149","overture_version":1,"sources":[{"property":"","dataset":"OpenStreetMap","license":"ODbL-1.0","record_id":"n11384193197@1","update_time":"2023-11-29T17:35:01Z","confidence":null,"between":null,"provider":"osm","resource":"planet","version":"2026-09-09"}],"k10_inside_bbox":true}},{"type":"Feature","id":"713ea523-7ccf-42a2-bd42-6d8c3249ff91","geometry":{"type":"Point","coordinates":[69.6054909,42.3123291]},"properties":{"city":"shymkent","overture_id":"713ea523-7ccf-42a2-bd42-6d8c3249ff91","overture_version":1,"sources":[{"property":"","dataset":"OpenStreetMap","license":"ODbL-1.0","record_id":"n10142782297@1","update_time":"2022-10-31T12:08:23Z","confidence":null,"between":null,"provider":"osm","resource":"planet","version":"2026-09-09"}],"k10_inside_bbox":true}},{"type":"Feature","id":"7141cf5a-ad41-4a40-ad1f-f7a0bffaad05","geometry":{"type":"Point","coordinates":[69.5973477,42.3198287]},"properties":{"city":"shymkent","overture_id":"7141cf5a-ad41-4a40-ad1f-f7a0bffaad05","overture_version":1,"sources":[{"property":"","dataset":"OpenStreetMap","license":"ODbL-1.0","record_id":"n1343040705@4","update_time":"2019-11-07T05:45:45Z","confidence":null,"between":null,"provider":"osm","resource":"planet","version":"2026-09-09"}],"k10_inside_bbox":true}},{"type":"Feature","id":"716c0394-913b-4eed-ba85-17990ae9f884","geometry":{"type":"Point","coordinates":[69.6125856,42.3131003]},"properties":{"city":"shymkent","overture_id":"716c0394-913b-4eed-ba85-17990ae9f884","overture_version":1,"sources":[{"property":"","dataset":"OpenStreetMap","license":"ODbL-1.0","record_id":"n5401348206@2","update_time":"2018-08-31T21:27:48Z","confidence":null,"between":null,"provider":"osm","resource":"planet","version":"2026-09-09"}],"k10_inside_bbox":true}},{"type":"Feature","id":"717fc0f0-2cec-4ea8-ba8b-61d9fc63aace","geometry":{"type":"Point","coordinates":[69.6046492,42.3092623]},"properties":{"city":"shymkent","overture_id":"717fc0f0-2cec-4ea8-ba8b-61d9fc63aace","overture_version":1,"sources":[{"property":"","dataset":"OpenStreetMap","license":"ODbL-1.0","record_id":"n11384193311@1","update_time":"2023-11-29T17:35:01Z","confidence":null,"between":null,"provider":"osm","resource":"planet","version":"2026-09-09"}],"k10_inside_bbox":true}},{"type":"Feature","id":"7186c795-cc84-4b21-a581-c23130ee79fe","geometry":{"type":"Point","coordinates":[69.5931172,42.3080167]},"properties":{"city":"shymkent","overture_id":"7186c795-cc84-4b21-a581-c23130ee79fe","overture_version":2,"sources":[{"property":"","dataset":"OpenStreetMap","license":"ODbL-1.0","record_id":"n11922759565@3","update_time":"2025-08-25T18:42:16Z","confidence":null,"between":null,"provider":"osm","resource":"planet","version":"2026-09-09"}],"k10_inside_bbox":false}},{"type":"Feature","id":"71929519-a2f6-4446-8357-4f704d897b43","geometry":{"type":"Point","coordinates":[69.6097022,42.3065584]},"properties":{"city":"shymkent","overture_id":"71929519-a2f6-4446-8357-4f704d897b43","overture_version":1,"sources":[{"property":"","dataset":"OpenStreetMap","license":"ODbL-1.0","record_id":"n11384193513@1","update_time":"2023-11-29T17:35:01Z","confidence":null,"between":null,"provider":"osm","resource":"planet","version":"2026-09-09"}],"k10_inside_bbox":false}},{"type":"Feature","id":"71951194-6929-42ce-8707-4389e491ec5f","geometry":{"type":"Point","coordinates":[69.5977456,42.3201369]},"properties":{"city":"shymkent","overture_id":"71951194-6929-42ce-8707-4389e491ec5f","overture_version":1,"sources":[{"property":"","dataset":"OpenStreetMap","license":"ODbL-1.0","record_id":"n1291362865@2","update_time":"2011-08-31T04:22:54Z","confidence":null,"between":null,"provider":"osm","resource":"planet","version":"2026-09-09"}],"k10_inside_bbox":true}},{"type":"Feature","id":"7250a2de-9dec-4b2f-95b6-2d5ebd993c38","geometry":{"type":"Point","coordinates":[69.6059512,42.3129123]},"properties":{"city":"shymkent","overture_id":"7250a2de-9dec-4b2f-95b6-2d5ebd993c38","overture_version":1,"sources":[{"property":"","dataset":"OpenStreetMap","license":"ODbL-1.0","record_id":"n1326354757@1","update_time":"2011-06-15T12:36:33Z","confidence":null,"between":null,"provider":"osm","resource":"planet","version":"2026-09-09"}],"k10_inside_bbox":true}},{"type":"Feature","id":"725a1433-d95d-43d4-a3ec-637fb4e898d5","geometry":{"type":"Point","coordinates":[69.6045459,42.3462292]},"properties":{"city":"shymkent","overture_id":"725a1433-d95d-43d4-a3ec-637fb4e898d5","overture_version":1,"sources":[{"property":"","dataset":"OpenStreetMap","license":"ODbL-1.0","record_id":"n11929131780@1","update_time":"2024-05-23T18:00:15Z","confidence":null,"between":null,"provider":"osm","resource":"planet","version":"2026-09-09"}],"k10_inside_bbox":false}},{"type":"Feature","id":"7260bb4d-a59c-4c84-91f1-51d8cffff87b","geometry":{"type":"Point","coordinates":[69.6180326,42.3180564]},"properties":{"city":"shymkent","overture_id":"7260bb4d-a59c-4c84-91f1-51d8cffff87b","overture_version":1,"sources":[{"property":"","dataset":"OpenStreetMap","license":"ODbL-1.0","record_id":"n1480000962@2","update_time":"2013-12-12T06:51:36Z","confidence":null,"between":null,"provider":"osm","resource":"planet","version":"2026-09-09"}],"k10_inside_bbox":false}},{"type":"Feature","id":"727bfada-dcfc-42e3-9cd5-20f8de3e550f","geometry":{"type":"Point","coordinates":[69.6042145,42.3151947]},"properties":{"city":"shymkent","overture_id":"727bfada-dcfc-42e3-9cd5-20f8de3e550f","overture_version":1,"sources":[{"property":"","dataset":"OpenStreetMap","license":"ODbL-1.0","record_id":"n13888881215@1","update_time":"2026-05-27T17:08:16Z","confidence":null,"between":null,"provider":"osm","resource":"planet","version":"2026-09-09"}],"k10_inside_bbox":true}},{"type":"Feature","id":"728854da-e865-452e-8026-421972b919e8","geometry":{"type":"Point","coordinates":[69.6048357,42.3120029]},"properties":{"city":"shymkent","overture_id":"728854da-e865-452e-8026-421972b919e8","overture_version":1,"sources":[{"property":"","dataset":"OpenStreetMap","license":"ODbL-1.0","record_id":"n1326355196@2","update_time":"2011-09-06T11:47:57Z","confidence":null,"between":null,"provider":"osm","resource":"planet","version":"2026-09-09"}],"k10_inside_bbox":true}},{"type":"Feature","id":"7294c9f5-5bb7-4f0b-a39e-d7fe28bc62ee","geometry":{"type":"Point","coordinates":[69.6128163,42.3138895]},"properties":{"city":"shymkent","overture_id":"7294c9f5-5bb7-4f0b-a39e-d7fe28bc62ee","overture_version":1,"sources":[{"property":"","dataset":"OpenStreetMap","license":"ODbL-1.0","record_id":"n5401348211@1","update_time":"2018-02-09T14:58:07Z","confidence":null,"between":null,"provider":"osm","resource":"planet","version":"2026-09-09"}],"k10_inside_bbox":true}},{"type":"Feature","id":"72962aa3-9cc3-4819-8506-cf20b8c87a0b","geometry":{"type":"Point","coordinates":[69.5966552,42.3157918]},"properties":{"city":"shymkent","overture_id":"72962aa3-9cc3-4819-8506-cf20b8c87a0b","overture_version":1,"sources":[{"property":"","dataset":"OpenStreetMap","license":"ODbL-1.0","record_id":"n13108584023@1","update_time":"2025-08-30T11:58:58Z","confidence":null,"between":null,"provider":"osm","resource":"planet","version":"2026-09-09"}],"k10_inside_bbox":true}},{"type":"Feature","id":"72a6e8c8-dcac-4a63-9f75-25a1bafabc39","geometry":{"type":"Point","coordinates":[69.6085619,42.3184883]},"properties":{"city":"shymkent","overture_id":"72a6e8c8-dcac-4a63-9f75-25a1bafabc39","overture_version":1,"sources":[{"property":"","dataset":"OpenStreetMap","license":"ODbL-1.0","record_id":"n11375783400@1","update_time":"2023-11-25T18:49:10Z","confidence":null,"between":null,"provider":"osm","resource":"planet","version":"2026-09-09"}],"k10_inside_bbox":true}},{"type":"Feature","id":"72ad12cb-a5cc-4e6b-bddb-2da4e0832c4b","geometry":{"type":"Point","coordinates":[69.6044012,42.3121208]},"properties":{"city":"shymkent","overture_id":"72ad12cb-a5cc-4e6b-bddb-2da4e0832c4b","overture_version":1,"sources":[{"property":"","dataset":"OpenStreetMap","license":"ODbL-1.0","record_id":"n1326355589@2","update_time":"2011-09-15T04:44:44Z","confidence":null,"between":null,"provider":"osm","resource":"planet","version":"2026-09-09"}],"k10_inside_bbox":true}},{"type":"Feature","id":"72bcd0c4-8f18-418d-b906-b0a44dfc4e7d","geometry":{"type":"Point","coordinates":[69.5956395,42.3232527]},"properties":{"city":"shymkent","overture_id":"72bcd0c4-8f18-418d-b906-b0a44dfc4e7d","overture_version":1,"sources":[{"property":"","dataset":"OpenStreetMap","license":"ODbL-1.0","record_id":"n10731921315@2","update_time":"2026-04-23T05:08:26Z","confidence":null,"between":null,"provider":"osm","resource":"planet","version":"2026-09-09"}],"k10_inside_bbox":true}},{"type":"Feature","id":"72be260b-6ca9-4775-afef-5d632cb4ab3d","geometry":{"type":"Point","coordinates":[69.6096801,42.3088456]},"properties":{"city":"shymkent","overture_id":"72be260b-6ca9-4775-afef-5d632cb4ab3d","overture_version":1,"sources":[{"property":"","dataset":"OpenStreetMap","license":"ODbL-1.0","record_id":"n1327032791@3","update_time":"2011-10-19T16:43:03Z","confidence":null,"between":null,"provider":"osm","resource":"planet","version":"2026-09-09"}],"k10_inside_bbox":true}},{"type":"Feature","id":"734d73f1-27ca-4f52-9789-8a0a1e004923","geometry":{"type":"Point","coordinates":[69.6049768,42.3148886]},"properties":{"city":"shymkent","overture_id":"734d73f1-27ca-4f52-9789-8a0a1e004923","overture_version":1,"sources":[{"property":"","dataset":"OpenStreetMap","license":"ODbL-1.0","record_id":"n11094589600@1","update_time":"2023-08-07T01:15:53Z","confidence":null,"between":null,"provider":"osm","resource":"planet","version":"2026-09-09"}],"k10_inside_bbox":true}},{"type":"Feature","id":"73507559-3f69-4de5-a142-8fabe88e0bc3","geometry":{"type":"Point","coordinates":[69.6052176,42.3077952]},"properties":{"city":"shymkent","overture_id":"73507559-3f69-4de5-a142-8fabe88e0bc3","overture_version":1,"sources":[{"property":"","dataset":"OpenStreetMap","license":"ODbL-1.0","record_id":"n11138921626@1","update_time":"2023-08-23T12:39:52Z","confidence":null,"between":null,"provider":"osm","resource":"planet","version":"2026-09-09"}],"k10_inside_bbox":true}},{"type":"Feature","id":"738747f2-a8fd-40c5-b853-a6873a26cda5","geometry":{"type":"Point","coordinates":[69.6173617,42.3164554]},"properties":{"city":"shymkent","overture_id":"738747f2-a8fd-40c5-b853-a6873a26cda5","overture_version":1,"sources":[{"property":"","dataset":"OpenStreetMap","license":"ODbL-1.0","record_id":"n1602136691@3","update_time":"2012-03-12T04:15:40Z","confidence":null,"between":null,"provider":"osm","resource":"planet","version":"2026-09-09"}],"k10_inside_bbox":true}},{"type":"Feature","id":"738ecadf-5256-4240-b22f-cc91f2a3db18","geometry":{"type":"Point","coordinates":[69.6036994,42.3135769]},"properties":{"city":"shymkent","overture_id":"738ecadf-5256-4240-b22f-cc91f2a3db18","overture_version":1,"sources":[{"property":"","dataset":"OpenStreetMap","license":"ODbL-1.0","record_id":"n1326354939@1","update_time":"2011-06-15T12:36:37Z","confidence":null,"between":null,"provider":"osm","resource":"planet","version":"2026-09-09"}],"k10_inside_bbox":true}},{"type":"Feature","id":"7399e097-bfc7-4d46-8baf-5d6d9e553f03","geometry":{"type":"Point","coordinates":[69.6027861,42.3198878]},"properties":{"city":"shymkent","overture_id":"7399e097-bfc7-4d46-8baf-5d6d9e553f03","overture_version":1,"sources":[{"property":"","dataset":"OpenStreetMap","license":"ODbL-1.0","record_id":"n11375783438@2","update_time":"2024-03-07T12:44:58Z","confidence":null,"between":null,"provider":"osm","resource":"planet","version":"2026-09-09"}],"k10_inside_bbox":true}},{"type":"Feature","id":"73e1d089-1f33-4629-b2f1-c4f2a94b08c2","geometry":{"type":"Point","coordinates":[69.6061016,42.3173673]},"properties":{"city":"shymkent","overture_id":"73e1d089-1f33-4629-b2f1-c4f2a94b08c2","overture_version":1,"sources":[{"property":"","dataset":"OpenStreetMap","license":"ODbL-1.0","record_id":"n11375783521@1","update_time":"2023-11-25T18:49:10Z","confidence":null,"between":null,"provider":"osm","resource":"planet","version":"2026-09-09"}],"k10_inside_bbox":true}},{"type":"Feature","id":"743c8e1e-abeb-4285-8977-e477babb950f","geometry":{"type":"Point","coordinates":[69.5964517,42.3243799]},"properties":{"city":"shymkent","overture_id":"743c8e1e-abeb-4285-8977-e477babb950f","overture_version":1,"sources":[{"property":"","dataset":"OpenStreetMap","license":"ODbL-1.0","record_id":"n11104090816@1","update_time":"2023-08-10T06:29:02Z","confidence":null,"between":null,"provider":"osm","resource":"planet","version":"2026-09-09"}],"k10_inside_bbox":true}},{"type":"Feature","id":"74469947-128f-4c2f-91ae-2712fbc1ee1d","geometry":{"type":"Point","coordinates":[69.6000612,42.3267504]},"properties":{"city":"shymkent","overture_id":"74469947-128f-4c2f-91ae-2712fbc1ee1d","overture_version":1,"sources":[{"property":"","dataset":"OpenStreetMap","license":"ODbL-1.0","record_id":"n13737247688@2","update_time":"2026-04-17T11:29:24Z","confidence":null,"between":null,"provider":"osm","resource":"planet","version":"2026-09-09"}],"k10_inside_bbox":false}},{"type":"Feature","id":"746860e5-23a4-4076-bf7a-106b0f3d19e6","geometry":{"type":"Point","coordinates":[69.6022871,42.3143137]},"properties":{"city":"shymkent","overture_id":"746860e5-23a4-4076-bf7a-106b0f3d19e6","overture_version":1,"sources":[{"property":"","dataset":"OpenStreetMap","license":"ODbL-1.0","record_id":"n12804572565@1","update_time":"2025-05-02T17:34:26Z","confidence":null,"between":null,"provider":"osm","resource":"planet","version":"2026-09-09"}],"k10_inside_bbox":true}},{"type":"Feature","id":"746ba166-2c9f-4fde-b48e-58f3736d534c","geometry":{"type":"Point","coordinates":[69.6087772,42.3237283]},"properties":{"city":"shymkent","overture_id":"746ba166-2c9f-4fde-b48e-58f3736d534c","overture_version":1,"sources":[{"property":"","dataset":"OpenStreetMap","license":"ODbL-1.0","record_id":"n12991034859@1","update_time":"2025-07-10T04:04:49Z","confidence":null,"between":null,"provider":"osm","resource":"planet","version":"2026-09-09"}],"k10_inside_bbox":true}},{"type":"Feature","id":"746d9f48-ac14-431d-8a42-5f1e2d8fc334","geometry":{"type":"Point","coordinates":[69.5891407,42.3148869]},"properties":{"city":"shymkent","overture_id":"746d9f48-ac14-431d-8a42-5f1e2d8fc334","overture_version":2,"sources":[{"property":"","dataset":"OpenStreetMap","license":"ODbL-1.0","record_id":"n12455485988@2","update_time":"2025-06-29T06:12:14Z","confidence":null,"between":null,"provider":"osm","resource":"planet","version":"2026-09-09"}],"k10_inside_bbox":false}},{"type":"Feature","id":"74c70252-a25f-41e4-a29d-2dbd45b615bf","geometry":{"type":"Point","coordinates":[69.600121,42.3065202]},"properties":{"city":"shymkent","overture_id":"74c70252-a25f-41e4-a29d-2dbd45b615bf","overture_version":1,"sources":[{"property":"","dataset":"OpenStreetMap","license":"ODbL-1.0","record_id":"n1804778554@3","update_time":"2025-05-11T13:58:56Z","confidence":null,"between":null,"provider":"osm","resource":"planet","version":"2026-09-09"}],"k10_inside_bbox":false}},{"type":"Feature","id":"74c7a4de-dc58-43e9-9302-ecd56fa14b44","geometry":{"type":"Point","coordinates":[69.6016771,42.3063814]},"properties":{"city":"shymkent","overture_id":"74c7a4de-dc58-43e9-9302-ecd56fa14b44","overture_version":1,"sources":[{"property":"","dataset":"OpenStreetMap","license":"ODbL-1.0","record_id":"n1326320273@3","update_time":"2023-08-27T16:41:50Z","confidence":null,"between":null,"provider":"osm","resource":"planet","version":"2026-09-09"}],"k10_inside_bbox":false}},{"type":"Feature","id":"74e3702d-3c8b-4819-b1ca-eabc9a680a91","geometry":{"type":"Point","coordinates":[69.5945522,42.3239128]},"properties":{"city":"shymkent","overture_id":"74e3702d-3c8b-4819-b1ca-eabc9a680a91","overture_version":1,"sources":[{"property":"","dataset":"OpenStreetMap","license":"ODbL-1.0","record_id":"n1539093495@1","update_time":"2011-12-10T06:37:09Z","confidence":null,"between":null,"provider":"osm","resource":"planet","version":"2026-09-09"}],"k10_inside_bbox":true}},{"type":"Feature","id":"74e5676d-868e-44a0-83cd-d8177a9272bb","geometry":{"type":"Point","coordinates":[69.6030319,42.3427134]},"properties":{"city":"shymkent","overture_id":"74e5676d-868e-44a0-83cd-d8177a9272bb","overture_version":1,"sources":[{"property":"","dataset":"OpenStreetMap","license":"ODbL-1.0","record_id":"n11929131784@1","update_time":"2024-05-23T18:00:15Z","confidence":null,"between":null,"provider":"osm","resource":"planet","version":"2026-09-09"}],"k10_inside_bbox":false}},{"type":"Feature","id":"752c617d-b32b-4689-a71a-f51faf969c31","geometry":{"type":"Point","coordinates":[69.5952632,42.3246768]},"properties":{"city":"shymkent","overture_id":"752c617d-b32b-4689-a71a-f51faf969c31","overture_version":1,"sources":[{"property":"","dataset":"OpenStreetMap","license":"ODbL-1.0","record_id":"n1237032293@6","update_time":"2011-04-26T07:59:52Z","confidence":null,"between":null,"provider":"osm","resource":"planet","version":"2026-09-09"}],"k10_inside_bbox":false}},{"type":"Feature","id":"7553390d-e5b8-468d-ae19-20086fd4c20b","geometry":{"type":"Point","coordinates":[69.6072017,42.3034589]},"properties":{"city":"shymkent","overture_id":"7553390d-e5b8-468d-ae19-20086fd4c20b","overture_version":2,"sources":[{"property":"","dataset":"OpenStreetMap","license":"ODbL-1.0","record_id":"n13311470394@1","update_time":"2025-11-17T18:46:06Z","confidence":null,"between":null,"provider":"osm","resource":"planet","version":"2026-09-09"}],"k10_inside_bbox":false}},{"type":"Feature","id":"756bcfcd-b9ee-4458-8331-07310f32bc93","geometry":{"type":"Point","coordinates":[69.6024978,42.3057457]},"properties":{"city":"shymkent","overture_id":"756bcfcd-b9ee-4458-8331-07310f32bc93","overture_version":1,"sources":[{"property":"","dataset":"OpenStreetMap","license":"ODbL-1.0","record_id":"n13272670816@1","update_time":"2025-10-31T17:27:33Z","confidence":null,"between":null,"provider":"osm","resource":"planet","version":"2026-09-09"}],"k10_inside_bbox":false}},{"type":"Feature","id":"75796a05-6bc0-4af5-a061-8796af1e716a","geometry":{"type":"Point","coordinates":[69.5983192,42.3158428]},"properties":{"city":"shymkent","overture_id":"75796a05-6bc0-4af5-a061-8796af1e716a","overture_version":3,"sources":[{"property":"","dataset":"OpenStreetMap","license":"ODbL-1.0","record_id":"n8069568500@3","update_time":"2026-05-27T16:36:36Z","confidence":null,"between":null,"provider":"osm","resource":"planet","version":"2026-09-09"}],"k10_inside_bbox":true}},{"type":"Feature","id":"759fbf82-f374-46d1-922b-18343db33759","geometry":{"type":"Point","coordinates":[69.5933334,42.3153045]},"properties":{"city":"shymkent","overture_id":"759fbf82-f374-46d1-922b-18343db33759","overture_version":2,"sources":[{"property":"","dataset":"OpenStreetMap","license":"ODbL-1.0","record_id":"n8236715251@2","update_time":"2025-06-25T03:12:57Z","confidence":null,"between":null,"provider":"osm","resource":"planet","version":"2026-09-09"}],"k10_inside_bbox":false}},{"type":"Feature","id":"75e61bf8-ba37-48b8-80c0-5e57df30e284","geometry":{"type":"Point","coordinates":[69.5940294,42.3090615]},"properties":{"city":"shymkent","overture_id":"75e61bf8-ba37-48b8-80c0-5e57df30e284","overture_version":1,"sources":[{"property":"","dataset":"OpenStreetMap","license":"ODbL-1.0","record_id":"n1804944406@2","update_time":"2017-01-18T01:19:15Z","confidence":null,"between":null,"provider":"osm","resource":"planet","version":"2026-09-09"}],"k10_inside_bbox":true}},{"type":"Feature","id":"76032eb7-928b-4de9-9ed4-2207a09c1097","geometry":{"type":"Point","coordinates":[69.5934717,42.3090185]},"properties":{"city":"shymkent","overture_id":"76032eb7-928b-4de9-9ed4-2207a09c1097","overture_version":1,"sources":[{"property":"","dataset":"OpenStreetMap","license":"ODbL-1.0","record_id":"n1804944405@1","update_time":"2012-06-28T11:31:11Z","confidence":null,"between":null,"provider":"osm","resource":"planet","version":"2026-09-09"}],"k10_inside_bbox":true}},{"type":"Feature","id":"7604b0eb-2611-4e57-aeef-44160d64ce8a","geometry":{"type":"Point","coordinates":[69.5938619,42.310988]},"properties":{"city":"shymkent","overture_id":"7604b0eb-2611-4e57-aeef-44160d64ce8a","overture_version":2,"sources":[{"property":"","dataset":"OpenStreetMap","license":"ODbL-1.0","record_id":"n12214818606@2","update_time":"2025-08-06T13:28:05Z","confidence":null,"between":null,"provider":"osm","resource":"planet","version":"2026-09-09"}],"k10_inside_bbox":true}},{"type":"Feature","id":"760d28e1-97c2-4083-be33-9b26b83252c2","geometry":{"type":"Point","coordinates":[69.6151568,42.3215091]},"properties":{"city":"shymkent","overture_id":"760d28e1-97c2-4083-be33-9b26b83252c2","overture_version":1,"sources":[{"property":"","dataset":"OpenStreetMap","license":"ODbL-1.0","record_id":"n1239160019@1","update_time":"2011-04-09T19:48:32Z","confidence":null,"between":null,"provider":"osm","resource":"planet","version":"2026-09-09"}],"k10_inside_bbox":true}},{"type":"Feature","id":"7624e388-d7b8-4796-b4f9-fc04aee0a6c6","geometry":{"type":"Point","coordinates":[69.6037705,42.3132342]},"properties":{"city":"shymkent","overture_id":"7624e388-d7b8-4796-b4f9-fc04aee0a6c6","overture_version":1,"sources":[{"property":"","dataset":"OpenStreetMap","license":"ODbL-1.0","record_id":"n1326355659@1","update_time":"2011-06-15T12:37:02Z","confidence":null,"between":null,"provider":"osm","resource":"planet","version":"2026-09-09"}],"k10_inside_bbox":true}},{"type":"Feature","id":"7627d12c-9c5d-4dab-83d3-a8d1212934ab","geometry":{"type":"Point","coordinates":[69.59273,42.3206562]},"properties":{"city":"shymkent","overture_id":"7627d12c-9c5d-4dab-83d3-a8d1212934ab","overture_version":1,"sources":[{"property":"","dataset":"OpenStreetMap","license":"ODbL-1.0","record_id":"n10304635510@2","update_time":"2026-04-18T05:27:28Z","confidence":null,"between":null,"provider":"osm","resource":"planet","version":"2026-09-09"}],"k10_inside_bbox":false}},{"type":"Feature","id":"76400193-4ccc-4c0a-881a-7c5e1944aee5","geometry":{"type":"Point","coordinates":[69.6148881,42.3091879]},"properties":{"city":"shymkent","overture_id":"76400193-4ccc-4c0a-881a-7c5e1944aee5","overture_version":1,"sources":[{"property":"","dataset":"OpenStreetMap","license":"ODbL-1.0","record_id":"n5492614096@1","update_time":"2018-03-21T04:40:22Z","confidence":null,"between":null,"provider":"osm","resource":"planet","version":"2026-09-09"}],"k10_inside_bbox":true}},{"type":"Feature","id":"76611418-e1a7-47c8-9fa5-456f176db83b","geometry":{"type":"Point","coordinates":[69.6003681,42.3213374]},"properties":{"city":"shymkent","overture_id":"76611418-e1a7-47c8-9fa5-456f176db83b","overture_version":1,"sources":[{"property":"","dataset":"OpenStreetMap","license":"ODbL-1.0","record_id":"n11375783459@1","update_time":"2023-11-25T18:49:10Z","confidence":null,"between":null,"provider":"osm","resource":"planet","version":"2026-09-09"}],"k10_inside_bbox":true}},{"type":"Feature","id":"76bfc38d-b4ae-41a6-9be8-e3f1f7cdc5ea","geometry":{"type":"Point","coordinates":[69.6097361,42.306056]},"properties":{"city":"shymkent","overture_id":"76bfc38d-b4ae-41a6-9be8-e3f1f7cdc5ea","overture_version":1,"sources":[{"property":"","dataset":"OpenStreetMap","license":"ODbL-1.0","record_id":"n11054023028@1","update_time":"2023-07-19T01:58:03Z","confidence":null,"between":null,"provider":"osm","resource":"planet","version":"2026-09-09"}],"k10_inside_bbox":false}},{"type":"Feature","id":"76d43ff5-d482-4b54-92e9-90a6aa35d40f","geometry":{"type":"Point","coordinates":[69.6083474,42.3117162]},"properties":{"city":"shymkent","overture_id":"76d43ff5-d482-4b54-92e9-90a6aa35d40f","overture_version":1,"sources":[{"property":"","dataset":"OpenStreetMap","license":"ODbL-1.0","record_id":"n5492614951@1","update_time":"2018-03-21T04:43:47Z","confidence":null,"between":null,"provider":"osm","resource":"planet","version":"2026-09-09"}],"k10_inside_bbox":true}},{"type":"Feature","id":"76f8d39a-96a2-4f39-b24e-d267834c5e72","geometry":{"type":"Point","coordinates":[69.6172246,42.3164861]},"properties":{"city":"shymkent","overture_id":"76f8d39a-96a2-4f39-b24e-d267834c5e72","overture_version":1,"sources":[{"property":"","dataset":"OpenStreetMap","license":"ODbL-1.0","record_id":"n9459658229@1","update_time":"2022-01-30T07:07:44Z","confidence":null,"between":null,"provider":"osm","resource":"planet","version":"2026-09-09"}],"k10_inside_bbox":true}},{"type":"Feature","id":"772adf95-63d9-4335-b11e-72c6f514a90d","geometry":{"type":"Point","coordinates":[69.6158734,42.3139271]},"properties":{"city":"shymkent","overture_id":"772adf95-63d9-4335-b11e-72c6f514a90d","overture_version":1,"sources":[{"property":"","dataset":"OpenStreetMap","license":"ODbL-1.0","record_id":"n10975610441@1","update_time":"2023-06-14T02:18:44Z","confidence":null,"between":null,"provider":"osm","resource":"planet","version":"2026-09-09"}],"k10_inside_bbox":true}},{"type":"Feature","id":"77bb1597-59db-40e3-983f-facfe6b9ba71","geometry":{"type":"Point","coordinates":[69.5981755,42.322207]},"properties":{"city":"shymkent","overture_id":"77bb1597-59db-40e3-983f-facfe6b9ba71","overture_version":1,"sources":[{"property":"","dataset":"OpenStreetMap","license":"ODbL-1.0","record_id":"n11934561827@1","update_time":"2024-05-26T08:47:45Z","confidence":null,"between":null,"provider":"osm","resource":"planet","version":"2026-09-09"}],"k10_inside_bbox":true}},{"type":"Feature","id":"77c3247a-055f-4a43-bcf9-5463c3d897f1","geometry":{"type":"Point","coordinates":[69.6064146,42.3239747]},"properties":{"city":"shymkent","overture_id":"77c3247a-055f-4a43-bcf9-5463c3d897f1","overture_version":1,"sources":[{"property":"","dataset":"OpenStreetMap","license":"ODbL-1.0","record_id":"n11700691756@1","update_time":"2024-03-07T12:44:58Z","confidence":null,"between":null,"provider":"osm","resource":"planet","version":"2026-09-09"}],"k10_inside_bbox":true}},{"type":"Feature","id":"77cd1cea-2d58-4bde-b18a-0ee07439aeca","geometry":{"type":"Point","coordinates":[69.5961282,42.3129986]},"properties":{"city":"shymkent","overture_id":"77cd1cea-2d58-4bde-b18a-0ee07439aeca","overture_version":1,"sources":[{"property":"","dataset":"OpenStreetMap","license":"ODbL-1.0","record_id":"n3737289494@1","update_time":"2015-09-10T11:11:51Z","confidence":null,"between":null,"provider":"osm","resource":"planet","version":"2026-09-09"}],"k10_inside_bbox":true}},{"type":"Feature","id":"782873c5-f8c5-442d-8e62-11252d53f004","geometry":{"type":"Point","coordinates":[69.6006066,42.3068126]},"properties":{"city":"shymkent","overture_id":"782873c5-f8c5-442d-8e62-11252d53f004","overture_version":1,"sources":[{"property":"","dataset":"OpenStreetMap","license":"ODbL-1.0","record_id":"n11148507594@2","update_time":"2025-05-11T13:58:56Z","confidence":null,"between":null,"provider":"osm","resource":"planet","version":"2026-09-09"}],"k10_inside_bbox":true}},{"type":"Feature","id":"7830512c-5a1d-429a-acae-4b130bc6d2a4","geometry":{"type":"Point","coordinates":[69.6076114,42.3170708]},"properties":{"city":"shymkent","overture_id":"7830512c-5a1d-429a-acae-4b130bc6d2a4","overture_version":1,"sources":[{"property":"","dataset":"OpenStreetMap","license":"ODbL-1.0","record_id":"n11375783510@1","update_time":"2023-11-25T18:49:10Z","confidence":null,"between":null,"provider":"osm","resource":"planet","version":"2026-09-09"}],"k10_inside_bbox":true}},{"type":"Feature","id":"7849770f-40d7-4f02-8bb5-b72df6e295bb","geometry":{"type":"Point","coordinates":[69.6017919,42.324589]},"properties":{"city":"shymkent","overture_id":"7849770f-40d7-4f02-8bb5-b72df6e295bb","overture_version":1,"sources":[{"property":"","dataset":"OpenStreetMap","license":"ODbL-1.0","record_id":"n1321200408@2","update_time":"2012-06-18T16:30:45Z","confidence":null,"between":null,"provider":"osm","resource":"planet","version":"2026-09-09"}],"k10_inside_bbox":true}},{"type":"Feature","id":"786999b1-a979-4ac0-847c-546953bfc800","geometry":{"type":"Point","coordinates":[69.6003543,42.3159538]},"properties":{"city":"shymkent","overture_id":"786999b1-a979-4ac0-847c-546953bfc800","overture_version":1,"sources":[{"property":"","dataset":"OpenStreetMap","license":"ODbL-1.0","record_id":"n8069568526@1","update_time":"2020-10-31T19:30:44Z","confidence":null,"between":null,"provider":"osm","resource":"planet","version":"2026-09-09"}],"k10_inside_bbox":true}},{"type":"Feature","id":"7873155a-03de-46a9-8f04-aa4382f43e29","geometry":{"type":"Point","coordinates":[69.6018351,42.339898]},"properties":{"city":"shymkent","overture_id":"7873155a-03de-46a9-8f04-aa4382f43e29","overture_version":1,"sources":[{"property":"","dataset":"OpenStreetMap","license":"ODbL-1.0","record_id":"n11929131776@1","update_time":"2024-05-23T18:00:15Z","confidence":null,"between":null,"provider":"osm","resource":"planet","version":"2026-09-09"}],"k10_inside_bbox":false}},{"type":"Feature","id":"7886ef33-5e80-4920-b30f-83ada18b219a","geometry":{"type":"Point","coordinates":[69.6073352,42.3163687]},"properties":{"city":"shymkent","overture_id":"7886ef33-5e80-4920-b30f-83ada18b219a","overture_version":1,"sources":[{"property":"","dataset":"OpenStreetMap","license":"ODbL-1.0","record_id":"n11384193183@1","update_time":"2023-11-29T17:35:01Z","confidence":null,"between":null,"provider":"osm","resource":"planet","version":"2026-09-09"}],"k10_inside_bbox":true}},{"type":"Feature","id":"79029a04-dec9-48e3-b3ed-58947f721f75","geometry":{"type":"Point","coordinates":[69.6030838,42.312529]},"properties":{"city":"shymkent","overture_id":"79029a04-dec9-48e3-b3ed-58947f721f75","overture_version":1,"sources":[{"property":"","dataset":"OpenStreetMap","license":"ODbL-1.0","record_id":"n1326355057@1","update_time":"2011-06-15T12:36:40Z","confidence":null,"between":null,"provider":"osm","resource":"planet","version":"2026-09-09"}],"k10_inside_bbox":true}},{"type":"Feature","id":"793934e9-9b98-417b-b48c-ea6500568b6c","geometry":{"type":"Point","coordinates":[69.594759,42.3190597]},"properties":{"city":"shymkent","overture_id":"793934e9-9b98-417b-b48c-ea6500568b6c","overture_version":1,"sources":[{"property":"","dataset":"OpenStreetMap","license":"ODbL-1.0","record_id":"n4253037789@1","update_time":"2016-06-19T16:03:54Z","confidence":null,"between":null,"provider":"osm","resource":"planet","version":"2026-09-09"}],"k10_inside_bbox":true}},{"type":"Feature","id":"7948477a-9a2c-47b2-b206-7bafab4fce93","geometry":{"type":"Point","coordinates":[69.600319,42.316764]},"properties":{"city":"shymkent","overture_id":"7948477a-9a2c-47b2-b206-7bafab4fce93","overture_version":1,"sources":[{"property":"","dataset":"OpenStreetMap","license":"ODbL-1.0","record_id":"n8069579694@1","update_time":"2020-10-31T19:30:44Z","confidence":null,"between":null,"provider":"osm","resource":"planet","version":"2026-09-09"}],"k10_inside_bbox":true}},{"type":"Feature","id":"794d01bd-d92c-412c-bb07-5b3af465c166","geometry":{"type":"Point","coordinates":[69.6017731,42.3130701]},"properties":{"city":"shymkent","overture_id":"794d01bd-d92c-412c-bb07-5b3af465c166","overture_version":1,"sources":[{"property":"","dataset":"OpenStreetMap","license":"ODbL-1.0","record_id":"n11384193180@2","update_time":"2024-09-05T07:06:14Z","confidence":null,"between":null,"provider":"osm","resource":"planet","version":"2026-09-09"}],"k10_inside_bbox":true}},{"type":"Feature","id":"796037db-b839-4358-a660-91a72303f899","geometry":{"type":"Point","coordinates":[69.5988679,42.306806]},"properties":{"city":"shymkent","overture_id":"796037db-b839-4358-a660-91a72303f899","overture_version":1,"sources":[{"property":"","dataset":"OpenStreetMap","license":"ODbL-1.0","record_id":"n12828298096@1","update_time":"2025-05-11T12:15:36Z","confidence":null,"between":null,"provider":"osm","resource":"planet","version":"2026-09-09"}],"k10_inside_bbox":true}},{"type":"Feature","id":"79a56850-26ea-492d-a693-6a28c5df2354","geometry":{"type":"Point","coordinates":[69.6178173,42.3085016]},"properties":{"city":"shymkent","overture_id":"79a56850-26ea-492d-a693-6a28c5df2354","overture_version":1,"sources":[{"property":"","dataset":"OpenStreetMap","license":"ODbL-1.0","record_id":"n3686838358@2","update_time":"2023-08-23T12:50:54Z","confidence":null,"between":null,"provider":"osm","resource":"planet","version":"2026-09-09"}],"k10_inside_bbox":false}},{"type":"Feature","id":"79aad44e-0e7a-48ab-8d7f-8367959f4d1d","geometry":{"type":"Point","coordinates":[69.6162208,42.3241371]},"properties":{"city":"shymkent","overture_id":"79aad44e-0e7a-48ab-8d7f-8367959f4d1d","overture_version":1,"sources":[{"property":"","dataset":"OpenStreetMap","license":"ODbL-1.0","record_id":"n5401348235@2","update_time":"2018-07-02T17:04:53Z","confidence":null,"between":null,"provider":"osm","resource":"planet","version":"2026-09-09"}],"k10_inside_bbox":true}},{"type":"Feature","id":"79b0f01b-e559-4cbb-a452-261120a33136","geometry":{"type":"Point","coordinates":[69.6025087,42.3139959]},"properties":{"city":"shymkent","overture_id":"79b0f01b-e559-4cbb-a452-261120a33136","overture_version":1,"sources":[{"property":"","dataset":"OpenStreetMap","license":"ODbL-1.0","record_id":"n12804572562@1","update_time":"2025-05-02T17:34:26Z","confidence":null,"between":null,"provider":"osm","resource":"planet","version":"2026-09-09"}],"k10_inside_bbox":true}},{"type":"Feature","id":"79dcb39a-74f1-4589-9dba-d60b87d57b3d","geometry":{"type":"Point","coordinates":[69.5874038,42.3223116]},"properties":{"city":"shymkent","overture_id":"79dcb39a-74f1-4589-9dba-d60b87d57b3d","overture_version":1,"sources":[{"property":"","dataset":"OpenStreetMap","license":"ODbL-1.0","record_id":"n1756926580@3","update_time":"2020-01-28T21:34:21Z","confidence":null,"between":null,"provider":"osm","resource":"planet","version":"2026-09-09"}],"k10_inside_bbox":false}},{"type":"Feature","id":"79e20325-2e91-4874-a964-0040dc39c846","geometry":{"type":"Point","coordinates":[69.6016105,42.3126678]},"properties":{"city":"shymkent","overture_id":"79e20325-2e91-4874-a964-0040dc39c846","overture_version":1,"sources":[{"property":"","dataset":"OpenStreetMap","license":"ODbL-1.0","record_id":"n2081832649@2","update_time":"2024-09-05T07:06:14Z","confidence":null,"between":null,"provider":"osm","resource":"planet","version":"2026-09-09"}],"k10_inside_bbox":true}},{"type":"Feature","id":"79ec2310-1b06-4d3e-bf8f-6acd045fa817","geometry":{"type":"Point","coordinates":[69.5945781,42.3232731]},"properties":{"city":"shymkent","overture_id":"79ec2310-1b06-4d3e-bf8f-6acd045fa817","overture_version":1,"sources":[{"property":"","dataset":"OpenStreetMap","license":"ODbL-1.0","record_id":"n8239565093@1","update_time":"2020-12-18T07:27:19Z","confidence":null,"between":null,"provider":"osm","resource":"planet","version":"2026-09-09"}],"k10_inside_bbox":true}},{"type":"Feature","id":"7a03947c-c8c2-43e4-a3c5-6916cfda2cb5","geometry":{"type":"Point","coordinates":[69.6094267,42.3078957]},"properties":{"city":"shymkent","overture_id":"7a03947c-c8c2-43e4-a3c5-6916cfda2cb5","overture_version":1,"sources":[{"property":"","dataset":"OpenStreetMap","license":"ODbL-1.0","record_id":"n11054025381@1","update_time":"2023-07-19T01:52:11Z","confidence":null,"between":null,"provider":"osm","resource":"planet","version":"2026-09-09"}],"k10_inside_bbox":true}},{"type":"Feature","id":"7a0fb8fe-2a1d-4a89-853e-b8c9eefd60fe","geometry":{"type":"Point","coordinates":[69.6033403,42.3126746]},"properties":{"city":"shymkent","overture_id":"7a0fb8fe-2a1d-4a89-853e-b8c9eefd60fe","overture_version":1,"sources":[{"property":"","dataset":"OpenStreetMap","license":"ODbL-1.0","record_id":"n1326355469@1","update_time":"2011-06-15T12:36:52Z","confidence":null,"between":null,"provider":"osm","resource":"planet","version":"2026-09-09"}],"k10_inside_bbox":true}},{"type":"Feature","id":"7a658640-544f-4970-90ea-78258329add2","geometry":{"type":"Point","coordinates":[69.5928144,42.3177647]},"properties":{"city":"shymkent","overture_id":"7a658640-544f-4970-90ea-78258329add2","overture_version":1,"sources":[{"property":"","dataset":"OpenStreetMap","license":"ODbL-1.0","record_id":"n1437656026@4","update_time":"2024-04-25T18:42:05Z","confidence":null,"between":null,"provider":"osm","resource":"planet","version":"2026-09-09"}],"k10_inside_bbox":false}},{"type":"Feature","id":"7a918065-060e-4182-9d50-57bef24268a4","geometry":{"type":"Point","coordinates":[69.5993918,42.3149242]},"properties":{"city":"shymkent","overture_id":"7a918065-060e-4182-9d50-57bef24268a4","overture_version":1,"sources":[{"property":"","dataset":"OpenStreetMap","license":"ODbL-1.0","record_id":"n13083815824@1","update_time":"2025-08-20T06:31:37Z","confidence":null,"between":null,"provider":"osm","resource":"planet","version":"2026-09-09"}],"k10_inside_bbox":true}},{"type":"Feature","id":"7aa98bec-2557-49b7-a087-01a4fde7dccc","geometry":{"type":"Point","coordinates":[69.5939111,42.3114953]},"properties":{"city":"shymkent","overture_id":"7aa98bec-2557-49b7-a087-01a4fde7dccc","overture_version":1,"sources":[{"property":"","dataset":"OpenStreetMap","license":"ODbL-1.0","record_id":"n3765264032@1","update_time":"2015-09-30T12:50:36Z","confidence":null,"between":null,"provider":"osm","resource":"planet","version":"2026-09-09"}],"k10_inside_bbox":true}},{"type":"Feature","id":"7ab5ef41-42b9-4d84-a2f4-fed2387ec9f7","geometry":{"type":"Point","coordinates":[69.594974,42.3238733]},"properties":{"city":"shymkent","overture_id":"7ab5ef41-42b9-4d84-a2f4-fed2387ec9f7","overture_version":1,"sources":[{"property":"","dataset":"OpenStreetMap","license":"ODbL-1.0","record_id":"n11929131783@1","update_time":"2024-05-23T18:00:15Z","confidence":null,"between":null,"provider":"osm","resource":"planet","version":"2026-09-09"}],"k10_inside_bbox":true}},{"type":"Feature","id":"7aca9e53-40ac-4a6f-ab3b-4a7852695fca","geometry":{"type":"Point","coordinates":[69.6044666,42.3224745]},"properties":{"city":"shymkent","overture_id":"7aca9e53-40ac-4a6f-ab3b-4a7852695fca","overture_version":1,"sources":[{"property":"","dataset":"OpenStreetMap","license":"ODbL-1.0","record_id":"n11375783465@2","update_time":"2024-03-07T12:44:58Z","confidence":null,"between":null,"provider":"osm","resource":"planet","version":"2026-09-09"}],"k10_inside_bbox":true}},{"type":"Feature","id":"7ad8755b-eb05-46cb-bc6c-80c437403211","geometry":{"type":"Point","coordinates":[69.6084292,42.3172857]},"properties":{"city":"shymkent","overture_id":"7ad8755b-eb05-46cb-bc6c-80c437403211","overture_version":1,"sources":[{"property":"","dataset":"OpenStreetMap","license":"ODbL-1.0","record_id":"n8069427794@3","update_time":"2024-09-05T07:06:14Z","confidence":null,"between":null,"provider":"osm","resource":"planet","version":"2026-09-09"}],"k10_inside_bbox":true}},{"type":"Feature","id":"7adcde02-33ce-4f29-9d6a-00896e884f24","geometry":{"type":"Point","coordinates":[69.6010586,42.3113227]},"properties":{"city":"shymkent","overture_id":"7adcde02-33ce-4f29-9d6a-00896e884f24","overture_version":1,"sources":[{"property":"","dataset":"OpenStreetMap","license":"ODbL-1.0","record_id":"n1330353694@3","update_time":"2024-09-05T07:06:14Z","confidence":null,"between":null,"provider":"osm","resource":"planet","version":"2026-09-09"}],"k10_inside_bbox":true}},{"type":"Feature","id":"7b04c455-8a77-4b68-94a8-89f3576d83b7","geometry":{"type":"Point","coordinates":[69.6055522,42.3130433]},"properties":{"city":"shymkent","overture_id":"7b04c455-8a77-4b68-94a8-89f3576d83b7","overture_version":1,"sources":[{"property":"","dataset":"OpenStreetMap","license":"ODbL-1.0","record_id":"n1326355595@2","update_time":"2011-09-06T11:47:58Z","confidence":null,"between":null,"provider":"osm","resource":"planet","version":"2026-09-09"}],"k10_inside_bbox":true}},{"type":"Feature","id":"7b2d37c2-0ba5-4d7f-bfd9-c6ed9f5811f8","geometry":{"type":"Point","coordinates":[69.5931082,42.3081072]},"properties":{"city":"shymkent","overture_id":"7b2d37c2-0ba5-4d7f-bfd9-c6ed9f5811f8","overture_version":1,"sources":[{"property":"","dataset":"OpenStreetMap","license":"ODbL-1.0","record_id":"n13272759435@1","update_time":"2025-10-31T17:50:55Z","confidence":null,"between":null,"provider":"osm","resource":"planet","version":"2026-09-09"}],"k10_inside_bbox":false}},{"type":"Feature","id":"7bbdbd1c-0e67-4172-a118-68968ae6529d","geometry":{"type":"Point","coordinates":[69.6059043,42.316869]},"properties":{"city":"shymkent","overture_id":"7bbdbd1c-0e67-4172-a118-68968ae6529d","overture_version":1,"sources":[{"property":"","dataset":"OpenStreetMap","license":"ODbL-1.0","record_id":"n11375783515@1","update_time":"2023-11-25T18:49:10Z","confidence":null,"between":null,"provider":"osm","resource":"planet","version":"2026-09-09"}],"k10_inside_bbox":true}},{"type":"Feature","id":"7c30829c-ebbd-48df-8362-277002282cac","geometry":{"type":"Point","coordinates":[69.6146182,42.310041]},"properties":{"city":"shymkent","overture_id":"7c30829c-ebbd-48df-8362-277002282cac","overture_version":1,"sources":[{"property":"","dataset":"OpenStreetMap","license":"ODbL-1.0","record_id":"n4336513650@1","update_time":"2016-08-05T05:24:56Z","confidence":null,"between":null,"provider":"osm","resource":"planet","version":"2026-09-09"}],"k10_inside_bbox":true}},{"type":"Feature","id":"7c6b7f26-25ec-4eed-804d-4f3b37e00ab2","geometry":{"type":"Point","coordinates":[69.6042633,42.3131165]},"properties":{"city":"shymkent","overture_id":"7c6b7f26-25ec-4eed-804d-4f3b37e00ab2","overture_version":1,"sources":[{"property":"","dataset":"OpenStreetMap","license":"ODbL-1.0","record_id":"n1326354706@1","update_time":"2011-06-15T12:36:32Z","confidence":null,"between":null,"provider":"osm","resource":"planet","version":"2026-09-09"}],"k10_inside_bbox":true}},{"type":"Feature","id":"7c800512-a445-4694-ba09-45d6361c47d3","geometry":{"type":"Point","coordinates":[69.5937098,42.3206758]},"properties":{"city":"shymkent","overture_id":"7c800512-a445-4694-ba09-45d6361c47d3","overture_version":2,"sources":[{"property":"","dataset":"OpenStreetMap","license":"ODbL-1.0","record_id":"n1438458036@2","update_time":"2026-05-19T13:56:14Z","confidence":null,"between":null,"provider":"osm","resource":"planet","version":"2026-09-09"}],"k10_inside_bbox":true}},{"type":"Feature","id":"7c8f20e1-81cc-407d-92c1-74de9808d469","geometry":{"type":"Point","coordinates":[69.5925685,42.3175078]},"properties":{"city":"shymkent","overture_id":"7c8f20e1-81cc-407d-92c1-74de9808d469","overture_version":1,"sources":[{"property":"","dataset":"OpenStreetMap","license":"ODbL-1.0","record_id":"n1430891939@4","update_time":"2011-09-20T16:57:32Z","confidence":null,"between":null,"provider":"osm","resource":"planet","version":"2026-09-09"}],"k10_inside_bbox":false}},{"type":"Feature","id":"7cb07c9c-dc67-44db-bbbe-90744d65293f","geometry":{"type":"Point","coordinates":[69.6031998,42.3117733]},"properties":{"city":"shymkent","overture_id":"7cb07c9c-dc67-44db-bbbe-90744d65293f","overture_version":1,"sources":[{"property":"","dataset":"OpenStreetMap","license":"ODbL-1.0","record_id":"n13889012208@1","update_time":"2026-05-27T18:04:03Z","confidence":null,"between":null,"provider":"osm","resource":"planet","version":"2026-09-09"}],"k10_inside_bbox":true}},{"type":"Feature","id":"7cb7e133-568a-466e-8fb2-760c957a2535","geometry":{"type":"Point","coordinates":[69.6045324,42.3121962]},"properties":{"city":"shymkent","overture_id":"7cb7e133-568a-466e-8fb2-760c957a2535","overture_version":1,"sources":[{"property":"","dataset":"OpenStreetMap","license":"ODbL-1.0","record_id":"n1326355227@1","update_time":"2011-06-15T12:36:45Z","confidence":null,"between":null,"provider":"osm","resource":"planet","version":"2026-09-09"}],"k10_inside_bbox":true}},{"type":"Feature","id":"7cbe5d06-384b-4dcf-bfe0-846df57bc455","geometry":{"type":"Point","coordinates":[69.6106234,42.316654]},"properties":{"city":"shymkent","overture_id":"7cbe5d06-384b-4dcf-bfe0-846df57bc455","overture_version":1,"sources":[{"property":"","dataset":"OpenStreetMap","license":"ODbL-1.0","record_id":"n1848705678@3","update_time":"2023-06-14T02:18:44Z","confidence":null,"between":null,"provider":"osm","resource":"planet","version":"2026-09-09"}],"k10_inside_bbox":true}},{"type":"Feature","id":"7d0528d5-82da-4323-9809-e27e78279110","geometry":{"type":"Point","coordinates":[69.6155716,42.312388]},"properties":{"city":"shymkent","overture_id":"7d0528d5-82da-4323-9809-e27e78279110","overture_version":1,"sources":[{"property":"","dataset":"OpenStreetMap","license":"ODbL-1.0","record_id":"n1671460878@2","update_time":"2018-08-31T21:27:48Z","confidence":null,"between":null,"provider":"osm","resource":"planet","version":"2026-09-09"}],"k10_inside_bbox":true}},{"type":"Feature","id":"7d2869a9-bd54-44fe-bf32-e72724239b8e","geometry":{"type":"Point","coordinates":[69.6059843,42.3229266]},"properties":{"city":"shymkent","overture_id":"7d2869a9-bd54-44fe-bf32-e72724239b8e","overture_version":1,"sources":[{"property":"","dataset":"OpenStreetMap","license":"ODbL-1.0","record_id":"n3754235184@1","update_time":"2015-09-22T10:11:34Z","confidence":null,"between":null,"provider":"osm","resource":"planet","version":"2026-09-09"}],"k10_inside_bbox":true}},{"type":"Feature","id":"7d5f41df-e262-4212-8899-a56af00fad39","geometry":{"type":"Point","coordinates":[69.6104642,42.3096523]},"properties":{"city":"shymkent","overture_id":"7d5f41df-e262-4212-8899-a56af00fad39","overture_version":1,"sources":[{"property":"","dataset":"OpenStreetMap","license":"ODbL-1.0","record_id":"n11384193375@1","update_time":"2023-11-29T17:35:01Z","confidence":null,"between":null,"provider":"osm","resource":"planet","version":"2026-09-09"}],"k10_inside_bbox":true}},{"type":"Feature","id":"7db9211f-146b-42c7-be15-cc9796e7a567","geometry":{"type":"Point","coordinates":[69.6134827,42.3082969]},"properties":{"city":"shymkent","overture_id":"7db9211f-146b-42c7-be15-cc9796e7a567","overture_version":1,"sources":[{"property":"","dataset":"OpenStreetMap","license":"ODbL-1.0","record_id":"n5492614229@1","update_time":"2018-03-21T04:41:13Z","confidence":null,"between":null,"provider":"osm","resource":"planet","version":"2026-09-09"}],"k10_inside_bbox":true}},{"type":"Feature","id":"7e35ac6a-4c2d-4c0f-88be-2e72bedb665f","geometry":{"type":"Point","coordinates":[69.610406,42.3218366]},"properties":{"city":"shymkent","overture_id":"7e35ac6a-4c2d-4c0f-88be-2e72bedb665f","overture_version":1,"sources":[{"property":"","dataset":"OpenStreetMap","license":"ODbL-1.0","record_id":"n1782679031@3","update_time":"2024-09-05T07:06:14Z","confidence":null,"between":null,"provider":"osm","resource":"planet","version":"2026-09-09"}],"k10_inside_bbox":true}},{"type":"Feature","id":"7e4b2301-d873-437b-a68f-0b472f1def8d","geometry":{"type":"Point","coordinates":[69.6040115,42.3152413]},"properties":{"city":"shymkent","overture_id":"7e4b2301-d873-437b-a68f-0b472f1def8d","overture_version":1,"sources":[{"property":"","dataset":"OpenStreetMap","license":"ODbL-1.0","record_id":"n13888881216@1","update_time":"2026-05-27T17:08:16Z","confidence":null,"between":null,"provider":"osm","resource":"planet","version":"2026-09-09"}],"k10_inside_bbox":true}},{"type":"Feature","id":"7eb3221b-8414-4e15-8c12-6cf88dfc86f0","geometry":{"type":"Point","coordinates":[69.6077384,42.3128135]},"properties":{"city":"shymkent","overture_id":"7eb3221b-8414-4e15-8c12-6cf88dfc86f0","overture_version":1,"sources":[{"property":"","dataset":"OpenStreetMap","license":"ODbL-1.0","record_id":"n11384193265@1","update_time":"2023-11-29T17:35:01Z","confidence":null,"between":null,"provider":"osm","resource":"planet","version":"2026-09-09"}],"k10_inside_bbox":true}},{"type":"Feature","id":"7f2cd829-9d91-456b-866c-fc9430544a6d","geometry":{"type":"Point","coordinates":[69.6057014,42.322201]},"properties":{"city":"shymkent","overture_id":"7f2cd829-9d91-456b-866c-fc9430544a6d","overture_version":1,"sources":[{"property":"","dataset":"OpenStreetMap","license":"ODbL-1.0","record_id":"n1236371178@2","update_time":"2012-05-18T06:13:45Z","confidence":null,"between":null,"provider":"osm","resource":"planet","version":"2026-09-09"}],"k10_inside_bbox":true}},{"type":"Feature","id":"7f40fa46-439f-4d98-8a17-63efe79a8554","geometry":{"type":"Point","coordinates":[69.6177553,42.3143988]},"properties":{"city":"shymkent","overture_id":"7f40fa46-439f-4d98-8a17-63efe79a8554","overture_version":1,"sources":[{"property":"","dataset":"OpenStreetMap","license":"ODbL-1.0","record_id":"n5492616906@1","update_time":"2018-03-21T04:46:21Z","confidence":null,"between":null,"provider":"osm","resource":"planet","version":"2026-09-09"}],"k10_inside_bbox":false}},{"type":"Feature","id":"7f737d19-a697-4645-82db-861bb208c804","geometry":{"type":"Point","coordinates":[69.6075403,42.310103]},"properties":{"city":"shymkent","overture_id":"7f737d19-a697-4645-82db-861bb208c804","overture_version":1,"sources":[{"property":"","dataset":"OpenStreetMap","license":"ODbL-1.0","record_id":"n10142798744@2","update_time":"2023-07-12T10:14:11Z","confidence":null,"between":null,"provider":"osm","resource":"planet","version":"2026-09-09"}],"k10_inside_bbox":true}},{"type":"Feature","id":"7f8de0da-6cdb-403b-b8ae-37fad4378dd7","geometry":{"type":"Point","coordinates":[69.5955521,42.3158923]},"properties":{"city":"shymkent","overture_id":"7f8de0da-6cdb-403b-b8ae-37fad4378dd7","overture_version":1,"sources":[{"property":"","dataset":"OpenStreetMap","license":"ODbL-1.0","record_id":"n11953096386@1","update_time":"2024-06-03T04:48:58Z","confidence":null,"between":null,"provider":"osm","resource":"planet","version":"2026-09-09"}],"k10_inside_bbox":true}},{"type":"Feature","id":"7f924e23-239e-4cba-80ef-a7102300b99f","geometry":{"type":"Point","coordinates":[69.6063937,42.3064998]},"properties":{"city":"shymkent","overture_id":"7f924e23-239e-4cba-80ef-a7102300b99f","overture_version":1,"sources":[{"property":"","dataset":"OpenStreetMap","license":"ODbL-1.0","record_id":"n5402890543@1","update_time":"2018-02-10T05:19:19Z","confidence":null,"between":null,"provider":"osm","resource":"planet","version":"2026-09-09"}],"k10_inside_bbox":false}},{"type":"Feature","id":"7fb6c9fc-9027-4744-a3c9-0883639e79d6","geometry":{"type":"Point","coordinates":[69.5934131,42.3081163]},"properties":{"city":"shymkent","overture_id":"7fb6c9fc-9027-4744-a3c9-0883639e79d6","overture_version":1,"sources":[{"property":"","dataset":"OpenStreetMap","license":"ODbL-1.0","record_id":"n13272759437@1","update_time":"2025-10-31T17:50:55Z","confidence":null,"between":null,"provider":"osm","resource":"planet","version":"2026-09-09"}],"k10_inside_bbox":true}},{"type":"Feature","id":"7fdfd6c1-b637-4ccf-a2da-0533304050ab","geometry":{"type":"Point","coordinates":[69.6141869,42.3120925]},"properties":{"city":"shymkent","overture_id":"7fdfd6c1-b637-4ccf-a2da-0533304050ab","overture_version":1,"sources":[{"property":"","dataset":"OpenStreetMap","license":"ODbL-1.0","record_id":"n11384193381@1","update_time":"2023-11-29T17:35:01Z","confidence":null,"between":null,"provider":"osm","resource":"planet","version":"2026-09-09"}],"k10_inside_bbox":true}},{"type":"Feature","id":"80034bf1-5178-4821-9361-e42cf08b5bf3","geometry":{"type":"Point","coordinates":[69.6104541,42.3219457]},"properties":{"city":"shymkent","overture_id":"80034bf1-5178-4821-9361-e42cf08b5bf3","overture_version":1,"sources":[{"property":"","dataset":"OpenStreetMap","license":"ODbL-1.0","record_id":"n1782679046@2","update_time":"2024-09-05T07:06:14Z","confidence":null,"between":null,"provider":"osm","resource":"planet","version":"2026-09-09"}],"k10_inside_bbox":true}},{"type":"Feature","id":"80409ae0-a52d-4e7d-911c-c223a78c2ee3","geometry":{"type":"Point","coordinates":[69.5992546,42.318519]},"properties":{"city":"shymkent","overture_id":"80409ae0-a52d-4e7d-911c-c223a78c2ee3","overture_version":1,"sources":[{"property":"","dataset":"OpenStreetMap","license":"ODbL-1.0","record_id":"n3678262215@1","update_time":"2015-08-03T02:18:40Z","confidence":null,"between":null,"provider":"osm","resource":"planet","version":"2026-09-09"}],"k10_inside_bbox":true}},{"type":"Feature","id":"807a439a-fe41-40d4-bbfb-910402357e45","geometry":{"type":"Point","coordinates":[69.6023583,42.3209143]},"properties":{"city":"shymkent","overture_id":"807a439a-fe41-40d4-bbfb-910402357e45","overture_version":1,"sources":[{"property":"","dataset":"OpenStreetMap","license":"ODbL-1.0","record_id":"n11375783455@1","update_time":"2023-11-25T18:49:10Z","confidence":null,"between":null,"provider":"osm","resource":"planet","version":"2026-09-09"}],"k10_inside_bbox":true}},{"type":"Feature","id":"80a8620b-59c1-433f-9d5d-a09f4b6e4b51","geometry":{"type":"Point","coordinates":[69.6074863,42.3151232]},"properties":{"city":"shymkent","overture_id":"80a8620b-59c1-433f-9d5d-a09f4b6e4b51","overture_version":1,"sources":[{"property":"","dataset":"OpenStreetMap","license":"ODbL-1.0","record_id":"n11384193423@2","update_time":"2024-09-05T07:06:14Z","confidence":null,"between":null,"provider":"osm","resource":"planet","version":"2026-09-09"}],"k10_inside_bbox":true}},{"type":"Feature","id":"80c190fe-c067-4edd-bf90-abe1840f5c8b","geometry":{"type":"Point","coordinates":[69.6047236,42.3064698]},"properties":{"city":"shymkent","overture_id":"80c190fe-c067-4edd-bf90-abe1840f5c8b","overture_version":2,"sources":[{"property":"","dataset":"OpenStreetMap","license":"ODbL-1.0","record_id":"n10277160287@2","update_time":"2025-11-17T18:46:06Z","confidence":null,"between":null,"provider":"osm","resource":"planet","version":"2026-09-09"}],"k10_inside_bbox":false}},{"type":"Feature","id":"81012025-178e-4e4a-bff7-391fadd235d3","geometry":{"type":"Point","coordinates":[69.61438,42.3173524]},"properties":{"city":"shymkent","overture_id":"81012025-178e-4e4a-bff7-391fadd235d3","overture_version":1,"sources":[{"property":"","dataset":"OpenStreetMap","license":"ODbL-1.0","record_id":"n11375783371@1","update_time":"2023-11-25T18:49:10Z","confidence":null,"between":null,"provider":"osm","resource":"planet","version":"2026-09-09"}],"k10_inside_bbox":true}},{"type":"Feature","id":"81408011-c854-4316-8faf-e3383ab0436b","geometry":{"type":"Point","coordinates":[69.5973324,42.3224382]},"properties":{"city":"shymkent","overture_id":"81408011-c854-4316-8faf-e3383ab0436b","overture_version":1,"sources":[{"property":"","dataset":"OpenStreetMap","license":"ODbL-1.0","record_id":"n8810294525@1","update_time":"2021-06-07T03:05:21Z","confidence":null,"between":null,"provider":"osm","resource":"planet","version":"2026-09-09"}],"k10_inside_bbox":true}},{"type":"Feature","id":"81a12394-b5b1-4f8b-b922-e148ff576362","geometry":{"type":"Point","coordinates":[69.5949238,42.3223691]},"properties":{"city":"shymkent","overture_id":"81a12394-b5b1-4f8b-b922-e148ff576362","overture_version":1,"sources":[{"property":"","dataset":"OpenStreetMap","license":"ODbL-1.0","record_id":"n4336560965@1","update_time":"2016-08-05T06:46:24Z","confidence":null,"between":null,"provider":"osm","resource":"planet","version":"2026-09-09"}],"k10_inside_bbox":true}},{"type":"Feature","id":"81b2d50a-1865-42d8-b8b9-206fbdfe8a06","geometry":{"type":"Point","coordinates":[69.5882219,42.3207309]},"properties":{"city":"shymkent","overture_id":"81b2d50a-1865-42d8-b8b9-206fbdfe8a06","overture_version":2,"sources":[{"property":"","dataset":"OpenStreetMap","license":"ODbL-1.0","record_id":"n1434183784@4","update_time":"2025-06-29T06:12:14Z","confidence":null,"between":null,"provider":"osm","resource":"planet","version":"2026-09-09"}],"k10_inside_bbox":false}},{"type":"Feature","id":"81d35e3e-73eb-42be-83f4-b6314fff545f","geometry":{"type":"Point","coordinates":[69.5942862,42.3169181]},"properties":{"city":"shymkent","overture_id":"81d35e3e-73eb-42be-83f4-b6314fff545f","overture_version":1,"sources":[{"property":"","dataset":"OpenStreetMap","license":"ODbL-1.0","record_id":"n12955379376@1","update_time":"2025-06-27T00:51:39Z","confidence":null,"between":null,"provider":"osm","resource":"planet","version":"2026-09-09"}],"k10_inside_bbox":true}},{"type":"Feature","id":"81d61cc2-9e39-4e91-97df-035923a32cfd","geometry":{"type":"Point","coordinates":[69.596673,42.3185511]},"properties":{"city":"shymkent","overture_id":"81d61cc2-9e39-4e91-97df-035923a32cfd","overture_version":1,"sources":[{"property":"","dataset":"OpenStreetMap","license":"ODbL-1.0","record_id":"n1434183768@7","update_time":"2024-04-25T18:42:22Z","confidence":null,"between":null,"provider":"osm","resource":"planet","version":"2026-09-09"}],"k10_inside_bbox":true}},{"type":"Feature","id":"81e118fd-2464-4d99-8b78-ca4a049f18bf","geometry":{"type":"Point","coordinates":[69.6008152,42.3154253]},"properties":{"city":"shymkent","overture_id":"81e118fd-2464-4d99-8b78-ca4a049f18bf","overture_version":1,"sources":[{"property":"","dataset":"OpenStreetMap","license":"ODbL-1.0","record_id":"n8069568497@1","update_time":"2020-10-31T19:30:44Z","confidence":null,"between":null,"provider":"osm","resource":"planet","version":"2026-09-09"}],"k10_inside_bbox":true}},{"type":"Feature","id":"821cd2eb-49ed-42df-a8aa-dc7a4b8cfc5a","geometry":{"type":"Point","coordinates":[69.6050784,42.3125149]},"properties":{"city":"shymkent","overture_id":"821cd2eb-49ed-42df-a8aa-dc7a4b8cfc5a","overture_version":1,"sources":[{"property":"","dataset":"OpenStreetMap","license":"ODbL-1.0","record_id":"n1326355027@2","update_time":"2011-09-06T11:47:56Z","confidence":null,"between":null,"provider":"osm","resource":"planet","version":"2026-09-09"}],"k10_inside_bbox":true}},{"type":"Feature","id":"826dbad5-f02c-4aa5-b556-e4a4dc3e9329","geometry":{"type":"Point","coordinates":[69.60286,42.3102999]},"properties":{"city":"shymkent","overture_id":"826dbad5-f02c-4aa5-b556-e4a4dc3e9329","overture_version":1,"sources":[{"property":"","dataset":"OpenStreetMap","license":"ODbL-1.0","record_id":"n11384193295@2","update_time":"2024-09-06T08:28:17Z","confidence":null,"between":null,"provider":"osm","resource":"planet","version":"2026-09-09"}],"k10_inside_bbox":true}},{"type":"Feature","id":"8292a475-6ea6-4e57-8f89-72b543767639","geometry":{"type":"Point","coordinates":[69.6167957,42.3151824]},"properties":{"city":"shymkent","overture_id":"8292a475-6ea6-4e57-8f89-72b543767639","overture_version":1,"sources":[{"property":"","dataset":"OpenStreetMap","license":"ODbL-1.0","record_id":"n3727533578@1","update_time":"2015-09-03T11:01:49Z","confidence":null,"between":null,"provider":"osm","resource":"planet","version":"2026-09-09"}],"k10_inside_bbox":true}},{"type":"Feature","id":"82ae1ca5-478a-41c3-a3dd-c3ea5a3f0005","geometry":{"type":"Point","coordinates":[69.6043762,42.3126516]},"properties":{"city":"shymkent","overture_id":"82ae1ca5-478a-41c3-a3dd-c3ea5a3f0005","overture_version":1,"sources":[{"property":"","dataset":"OpenStreetMap","license":"ODbL-1.0","record_id":"n1326355002@1","update_time":"2011-06-15T12:36:39Z","confidence":null,"between":null,"provider":"osm","resource":"planet","version":"2026-09-09"}],"k10_inside_bbox":true}},{"type":"Feature","id":"82b9244e-4e6d-446d-8b6f-5ca72ae96d4c","geometry":{"type":"Point","coordinates":[69.6015824,42.3112232]},"properties":{"city":"shymkent","overture_id":"82b9244e-4e6d-446d-8b6f-5ca72ae96d4c","overture_version":1,"sources":[{"property":"","dataset":"OpenStreetMap","license":"ODbL-1.0","record_id":"n12159490683@1","update_time":"2024-09-06T08:05:37Z","confidence":null,"between":null,"provider":"osm","resource":"planet","version":"2026-09-09"}],"k10_inside_bbox":true}},{"type":"Feature","id":"8303087d-6a52-4e6c-a788-e8718f6eb08c","geometry":{"type":"Point","coordinates":[69.5931926,42.3102463]},"properties":{"city":"shymkent","overture_id":"8303087d-6a52-4e6c-a788-e8718f6eb08c","overture_version":1,"sources":[{"property":"","dataset":"OpenStreetMap","license":"ODbL-1.0","record_id":"n12830873261@1","update_time":"2025-05-12T16:12:11Z","confidence":null,"between":null,"provider":"osm","resource":"planet","version":"2026-09-09"}],"k10_inside_bbox":false}},{"type":"Feature","id":"83272f80-dff5-4ebd-befe-7ae1e46ecea6","geometry":{"type":"Point","coordinates":[69.615778,42.3183123]},"properties":{"city":"shymkent","overture_id":"83272f80-dff5-4ebd-befe-7ae1e46ecea6","overture_version":1,"sources":[{"property":"","dataset":"OpenStreetMap","license":"ODbL-1.0","record_id":"n3863991576@1","update_time":"2015-11-27T23:20:02Z","confidence":null,"between":null,"provider":"osm","resource":"planet","version":"2026-09-09"}],"k10_inside_bbox":true}},{"type":"Feature","id":"832fdbf0-afe7-4c76-bbba-e008d6748c99","geometry":{"type":"Point","coordinates":[69.6002509,42.3175474]},"properties":{"city":"shymkent","overture_id":"832fdbf0-afe7-4c76-bbba-e008d6748c99","overture_version":1,"sources":[{"property":"","dataset":"OpenStreetMap","license":"ODbL-1.0","record_id":"n9911541235@1","update_time":"2022-07-26T11:35:34Z","confidence":null,"between":null,"provider":"osm","resource":"planet","version":"2026-09-09"}],"k10_inside_bbox":true}},{"type":"Feature","id":"835ade61-6e04-4cf0-ba2a-fd68dd4a8c0e","geometry":{"type":"Point","coordinates":[69.605166,42.3127779]},"properties":{"city":"shymkent","overture_id":"835ade61-6e04-4cf0-ba2a-fd68dd4a8c0e","overture_version":1,"sources":[{"property":"","dataset":"OpenStreetMap","license":"ODbL-1.0","record_id":"n1326354981@2","update_time":"2011-09-06T11:47:56Z","confidence":null,"between":null,"provider":"osm","resource":"planet","version":"2026-09-09"}],"k10_inside_bbox":true}},{"type":"Feature","id":"837a4157-7989-46ab-9173-6120e58d9e84","geometry":{"type":"Point","coordinates":[69.5958164,42.3081492]},"properties":{"city":"shymkent","overture_id":"837a4157-7989-46ab-9173-6120e58d9e84","overture_version":1,"sources":[{"property":"","dataset":"OpenStreetMap","license":"ODbL-1.0","record_id":"n1240512329@7","update_time":"2023-11-30T17:33:43Z","confidence":null,"between":null,"provider":"osm","resource":"planet","version":"2026-09-09"}],"k10_inside_bbox":true}},{"type":"Feature","id":"838a5502-9844-444d-86ba-c1ccbba0bc23","geometry":{"type":"Point","coordinates":[69.6125892,42.3155089]},"properties":{"city":"shymkent","overture_id":"838a5502-9844-444d-86ba-c1ccbba0bc23","overture_version":1,"sources":[{"property":"","dataset":"OpenStreetMap","license":"ODbL-1.0","record_id":"n5401348215@1","update_time":"2018-02-09T14:58:07Z","confidence":null,"between":null,"provider":"osm","resource":"planet","version":"2026-09-09"}],"k10_inside_bbox":true}},{"type":"Feature","id":"83d7d34a-c8e1-4fa1-a7fb-5d06899891d1","geometry":{"type":"Point","coordinates":[69.6055421,42.3199723]},"properties":{"city":"shymkent","overture_id":"83d7d34a-c8e1-4fa1-a7fb-5d06899891d1","overture_version":1,"sources":[{"property":"","dataset":"OpenStreetMap","license":"ODbL-1.0","record_id":"n10755269293@1","update_time":"2023-03-23T06:02:04Z","confidence":null,"between":null,"provider":"osm","resource":"planet","version":"2026-09-09"}],"k10_inside_bbox":true}},{"type":"Feature","id":"843b3907-d45b-452f-ada1-e51da85136a4","geometry":{"type":"Point","coordinates":[69.5966404,42.3162294]},"properties":{"city":"shymkent","overture_id":"843b3907-d45b-452f-ada1-e51da85136a4","overture_version":1,"sources":[{"property":"","dataset":"OpenStreetMap","license":"ODbL-1.0","record_id":"n13108584013@1","update_time":"2025-08-30T11:58:58Z","confidence":null,"between":null,"provider":"osm","resource":"planet","version":"2026-09-09"}],"k10_inside_bbox":true}},{"type":"Feature","id":"8485eed0-c609-4878-929a-bf00c8cf7f7f","geometry":{"type":"Point","coordinates":[69.603543,42.3131839]},"properties":{"city":"shymkent","overture_id":"8485eed0-c609-4878-929a-bf00c8cf7f7f","overture_version":1,"sources":[{"property":"","dataset":"OpenStreetMap","license":"ODbL-1.0","record_id":"n1326355424@1","update_time":"2011-06-15T12:36:50Z","confidence":null,"between":null,"provider":"osm","resource":"planet","version":"2026-09-09"}],"k10_inside_bbox":true}},{"type":"Feature","id":"848ffec2-d9ff-4c65-b415-fee557ada57d","geometry":{"type":"Point","coordinates":[69.5963405,42.3056998]},"properties":{"city":"shymkent","overture_id":"848ffec2-d9ff-4c65-b415-fee557ada57d","overture_version":1,"sources":[{"property":"","dataset":"OpenStreetMap","license":"ODbL-1.0","record_id":"n11148559497@1","update_time":"2023-08-27T16:41:50Z","confidence":null,"between":null,"provider":"osm","resource":"planet","version":"2026-09-09"}],"k10_inside_bbox":false}},{"type":"Feature","id":"84bc5b19-5f97-44a9-beac-57bf884834f5","geometry":{"type":"Point","coordinates":[69.5982522,42.3120165]},"properties":{"city":"shymkent","overture_id":"84bc5b19-5f97-44a9-beac-57bf884834f5","overture_version":1,"sources":[{"property":"","dataset":"OpenStreetMap","license":"ODbL-1.0","record_id":"n2081832646@2","update_time":"2025-09-11T08:14:30Z","confidence":null,"between":null,"provider":"osm","resource":"planet","version":"2026-09-09"}],"k10_inside_bbox":true}},{"type":"Feature","id":"84cd673c-7b33-4cf1-a694-b7064fc910a8","geometry":{"type":"Point","coordinates":[69.6047904,42.3121377]},"properties":{"city":"shymkent","overture_id":"84cd673c-7b33-4cf1-a694-b7064fc910a8","overture_version":1,"sources":[{"property":"","dataset":"OpenStreetMap","license":"ODbL-1.0","record_id":"n1326355694@1","update_time":"2011-06-15T12:37:05Z","confidence":null,"between":null,"provider":"osm","resource":"planet","version":"2026-09-09"}],"k10_inside_bbox":true}},{"type":"Feature","id":"84d61b41-66ea-410c-a43c-78409869ec17","geometry":{"type":"Point","coordinates":[69.5977718,42.3188072]},"properties":{"city":"shymkent","overture_id":"84d61b41-66ea-410c-a43c-78409869ec17","overture_version":1,"sources":[{"property":"","dataset":"OpenStreetMap","license":"ODbL-1.0","record_id":"n1301788287@1","update_time":"2011-05-27T10:31:16Z","confidence":null,"between":null,"provider":"osm","resource":"planet","version":"2026-09-09"}],"k10_inside_bbox":true}},{"type":"Feature","id":"84f09ff8-a9d8-44c4-ab31-f75ba0407214","geometry":{"type":"Point","coordinates":[69.5980438,42.3184388]},"properties":{"city":"shymkent","overture_id":"84f09ff8-a9d8-44c4-ab31-f75ba0407214","overture_version":1,"sources":[{"property":"","dataset":"OpenStreetMap","license":"ODbL-1.0","record_id":"n1301788311@2","update_time":"2011-10-22T15:43:21Z","confidence":null,"between":null,"provider":"osm","resource":"planet","version":"2026-09-09"}],"k10_inside_bbox":true}},{"type":"Feature","id":"850d0012-9685-430b-b21f-31e603f8a115","geometry":{"type":"Point","coordinates":[69.5949565,42.3141711]},"properties":{"city":"shymkent","overture_id":"850d0012-9685-430b-b21f-31e603f8a115","overture_version":2,"sources":[{"property":"","dataset":"OpenStreetMap","license":"ODbL-1.0","record_id":"n12214818614@2","update_time":"2025-06-12T10:08:23Z","confidence":null,"between":null,"provider":"osm","resource":"planet","version":"2026-09-09"}],"k10_inside_bbox":true}},{"type":"Feature","id":"85221551-c7c9-4a76-917c-e823165f0e96","geometry":{"type":"Point","coordinates":[69.6055234,42.3130161]},"properties":{"city":"shymkent","overture_id":"85221551-c7c9-4a76-917c-e823165f0e96","overture_version":1,"sources":[{"property":"","dataset":"OpenStreetMap","license":"ODbL-1.0","record_id":"n1326355138@2","update_time":"2011-09-06T11:47:56Z","confidence":null,"between":null,"provider":"osm","resource":"planet","version":"2026-09-09"}],"k10_inside_bbox":true}},{"type":"Feature","id":"853bb549-438f-44a0-8dc2-979cf73fc16c","geometry":{"type":"Point","coordinates":[69.5950969,42.3231329]},"properties":{"city":"shymkent","overture_id":"853bb549-438f-44a0-8dc2-979cf73fc16c","overture_version":1,"sources":[{"property":"","dataset":"OpenStreetMap","license":"ODbL-1.0","record_id":"n13754184296@1","update_time":"2026-04-23T05:08:26Z","confidence":null,"between":null,"provider":"osm","resource":"planet","version":"2026-09-09"}],"k10_inside_bbox":true}},{"type":"Feature","id":"85425bc6-568a-4471-a201-ea58312dab1b","geometry":{"type":"Point","coordinates":[69.6066498,42.3102558]},"properties":{"city":"shymkent","overture_id":"85425bc6-568a-4471-a201-ea58312dab1b","overture_version":1,"sources":[{"property":"","dataset":"OpenStreetMap","license":"ODbL-1.0","record_id":"n10142798739@2","update_time":"2023-07-12T10:14:11Z","confidence":null,"between":null,"provider":"osm","resource":"planet","version":"2026-09-09"}],"k10_inside_bbox":true}},{"type":"Feature","id":"85700515-5e7b-47ac-bb49-1f5c6f17d7f5","geometry":{"type":"Point","coordinates":[69.6052514,42.3129218]},"properties":{"city":"shymkent","overture_id":"85700515-5e7b-47ac-bb49-1f5c6f17d7f5","overture_version":1,"sources":[{"property":"","dataset":"OpenStreetMap","license":"ODbL-1.0","record_id":"n1326355167@2","update_time":"2011-09-06T11:47:56Z","confidence":null,"between":null,"provider":"osm","resource":"planet","version":"2026-09-09"}],"k10_inside_bbox":true}},{"type":"Feature","id":"858e38d5-5578-461c-a68a-049cfede7f5e","geometry":{"type":"Point","coordinates":[69.6030726,42.3080288]},"properties":{"city":"shymkent","overture_id":"858e38d5-5578-461c-a68a-049cfede7f5e","overture_version":3,"sources":[{"property":"","dataset":"OpenStreetMap","license":"ODbL-1.0","record_id":"n5402890546@2","update_time":"2025-11-17T18:46:06Z","confidence":null,"between":null,"provider":"osm","resource":"planet","version":"2026-09-09"}],"k10_inside_bbox":true}},{"type":"Feature","id":"85c75f99-53ca-4c48-8fe3-90bbdc7c9568","geometry":{"type":"Point","coordinates":[69.6039977,42.3067293]},"properties":{"city":"shymkent","overture_id":"85c75f99-53ca-4c48-8fe3-90bbdc7c9568","overture_version":2,"sources":[{"property":"","dataset":"OpenStreetMap","license":"ODbL-1.0","record_id":"n13311470456@1","update_time":"2025-11-17T18:46:06Z","confidence":null,"between":null,"provider":"osm","resource":"planet","version":"2026-09-09"}],"k10_inside_bbox":true}},{"type":"Feature","id":"8603a925-d8ac-4bf8-b7d2-d7ca52262cc2","geometry":{"type":"Point","coordinates":[69.6010298,42.3173658]},"properties":{"city":"shymkent","overture_id":"8603a925-d8ac-4bf8-b7d2-d7ca52262cc2","overture_version":1,"sources":[{"property":"","dataset":"OpenStreetMap","license":"ODbL-1.0","record_id":"n1434183755@2","update_time":"2011-09-20T16:57:32Z","confidence":null,"between":null,"provider":"osm","resource":"planet","version":"2026-09-09"}],"k10_inside_bbox":true}},{"type":"Feature","id":"8611248a-adb0-4a9e-8208-51decab9d922","geometry":{"type":"Point","coordinates":[69.6078761,42.3172684]},"properties":{"city":"shymkent","overture_id":"8611248a-adb0-4a9e-8208-51decab9d922","overture_version":1,"sources":[{"property":"","dataset":"OpenStreetMap","license":"ODbL-1.0","record_id":"n11001128523@1","update_time":"2023-06-23T06:30:58Z","confidence":null,"between":null,"provider":"osm","resource":"planet","version":"2026-09-09"}],"k10_inside_bbox":true}},{"type":"Feature","id":"8633bba8-0794-4a77-9a05-ca1bde5eae6b","geometry":{"type":"Point","coordinates":[69.6088182,42.3115984]},"properties":{"city":"shymkent","overture_id":"8633bba8-0794-4a77-9a05-ca1bde5eae6b","overture_version":1,"sources":[{"property":"","dataset":"OpenStreetMap","license":"ODbL-1.0","record_id":"n1848703934@2","update_time":"2022-10-31T12:08:23Z","confidence":null,"between":null,"provider":"osm","resource":"planet","version":"2026-09-09"}],"k10_inside_bbox":true}},{"type":"Feature","id":"86435953-5bb7-4c67-8bf8-bc4e32f52f5f","geometry":{"type":"Point","coordinates":[69.5914713,42.3224082]},"properties":{"city":"shymkent","overture_id":"86435953-5bb7-4c67-8bf8-bc4e32f52f5f","overture_version":1,"sources":[{"property":"","dataset":"OpenStreetMap","license":"ODbL-1.0","record_id":"n6086460303@3","update_time":"2023-01-04T12:13:35Z","confidence":null,"between":null,"provider":"osm","resource":"planet","version":"2026-09-09"}],"k10_inside_bbox":false}},{"type":"Feature","id":"865c747b-b933-4b64-ba71-0eebe8da20f2","geometry":{"type":"Point","coordinates":[69.6004196,42.3167413]},"properties":{"city":"shymkent","overture_id":"865c747b-b933-4b64-ba71-0eebe8da20f2","overture_version":1,"sources":[{"property":"","dataset":"OpenStreetMap","license":"ODbL-1.0","record_id":"n8069579695@1","update_time":"2020-10-31T19:30:44Z","confidence":null,"between":null,"provider":"osm","resource":"planet","version":"2026-09-09"}],"k10_inside_bbox":true}},{"type":"Feature","id":"86771702-9b1e-4bee-a910-441a590162bd","geometry":{"type":"Point","coordinates":[69.5959952,42.3073486]},"properties":{"city":"shymkent","overture_id":"86771702-9b1e-4bee-a910-441a590162bd","overture_version":1,"sources":[{"property":"","dataset":"OpenStreetMap","license":"ODbL-1.0","record_id":"n9767066330@2","update_time":"2023-11-30T17:33:43Z","confidence":null,"between":null,"provider":"osm","resource":"planet","version":"2026-09-09"}],"k10_inside_bbox":true}},{"type":"Feature","id":"86c29ddd-7d1b-4638-be50-a765ef9c89c3","geometry":{"type":"Point","coordinates":[69.6144473,42.3097082]},"properties":{"city":"shymkent","overture_id":"86c29ddd-7d1b-4638-be50-a765ef9c89c3","overture_version":1,"sources":[{"property":"","dataset":"OpenStreetMap","license":"ODbL-1.0","record_id":"n4336513651@2","update_time":"2024-03-08T12:50:43Z","confidence":null,"between":null,"provider":"osm","resource":"planet","version":"2026-09-09"}],"k10_inside_bbox":true}},{"type":"Feature","id":"86d5538b-e6d3-4a0c-af68-e5d1d5e26ac9","geometry":{"type":"Point","coordinates":[69.5972123,42.3184811]},"properties":{"city":"shymkent","overture_id":"86d5538b-e6d3-4a0c-af68-e5d1d5e26ac9","overture_version":1,"sources":[{"property":"","dataset":"OpenStreetMap","license":"ODbL-1.0","record_id":"n1434183766@1","update_time":"2011-09-16T11:10:51Z","confidence":null,"between":null,"provider":"osm","resource":"planet","version":"2026-09-09"}],"k10_inside_bbox":true}},{"type":"Feature","id":"86d60fa9-0dc8-4249-b51f-9242d537effe","geometry":{"type":"Point","coordinates":[69.6006919,42.3154486]},"properties":{"city":"shymkent","overture_id":"86d60fa9-0dc8-4249-b51f-9242d537effe","overture_version":1,"sources":[{"property":"","dataset":"OpenStreetMap","license":"ODbL-1.0","record_id":"n8069568492@1","update_time":"2020-10-31T19:30:44Z","confidence":null,"between":null,"provider":"osm","resource":"planet","version":"2026-09-09"}],"k10_inside_bbox":true}},{"type":"Feature","id":"86d78d39-b013-46e6-b177-c31d507a7bf2","geometry":{"type":"Point","coordinates":[69.6139441,42.318735]},"properties":{"city":"shymkent","overture_id":"86d78d39-b013-46e6-b177-c31d507a7bf2","overture_version":1,"sources":[{"property":"","dataset":"OpenStreetMap","license":"ODbL-1.0","record_id":"n3863991575@1","update_time":"2015-11-27T23:20:01Z","confidence":null,"between":null,"provider":"osm","resource":"planet","version":"2026-09-09"}],"k10_inside_bbox":true}},{"type":"Feature","id":"876b09fb-c86c-4df5-96a1-4180cf62a028","geometry":{"type":"Point","coordinates":[69.6058616,42.3147638]},"properties":{"city":"shymkent","overture_id":"876b09fb-c86c-4df5-96a1-4180cf62a028","overture_version":1,"sources":[{"property":"","dataset":"OpenStreetMap","license":"ODbL-1.0","record_id":"n11378966323@1","update_time":"2023-11-27T05:30:18Z","confidence":null,"between":null,"provider":"osm","resource":"planet","version":"2026-09-09"}],"k10_inside_bbox":true}},{"type":"Feature","id":"87768d62-617c-4d62-8c7c-b063a642dc09","geometry":{"type":"Point","coordinates":[69.6101721,42.3057108]},"properties":{"city":"shymkent","overture_id":"87768d62-617c-4d62-8c7c-b063a642dc09","overture_version":1,"sources":[{"property":"","dataset":"OpenStreetMap","license":"ODbL-1.0","record_id":"n11384193540@1","update_time":"2023-11-29T17:35:01Z","confidence":null,"between":null,"provider":"osm","resource":"planet","version":"2026-09-09"}],"k10_inside_bbox":false}},{"type":"Feature","id":"877f335f-7c9e-49a3-85fa-b44f800ba232","geometry":{"type":"Point","coordinates":[69.604922,42.3119362]},"properties":{"city":"shymkent","overture_id":"877f335f-7c9e-49a3-85fa-b44f800ba232","overture_version":1,"sources":[{"property":"","dataset":"OpenStreetMap","license":"ODbL-1.0","record_id":"n1327032778@1","update_time":"2011-06-16T03:05:59Z","confidence":null,"between":null,"provider":"osm","resource":"planet","version":"2026-09-09"}],"k10_inside_bbox":true}},{"type":"Feature","id":"8792a9b4-d463-4b91-8592-bbca0eaf716b","geometry":{"type":"Point","coordinates":[69.6101164,42.321173]},"properties":{"city":"shymkent","overture_id":"8792a9b4-d463-4b91-8592-bbca0eaf716b","overture_version":1,"sources":[{"property":"","dataset":"OpenStreetMap","license":"ODbL-1.0","record_id":"n1240512283@3","update_time":"2024-09-05T07:06:14Z","confidence":null,"between":null,"provider":"osm","resource":"planet","version":"2026-09-09"}],"k10_inside_bbox":true}},{"type":"Feature","id":"87ad3110-f25b-4ca5-819a-e99dfd31d681","geometry":{"type":"Point","coordinates":[69.6039141,42.3447562]},"properties":{"city":"shymkent","overture_id":"87ad3110-f25b-4ca5-819a-e99dfd31d681","overture_version":1,"sources":[{"property":"","dataset":"OpenStreetMap","license":"ODbL-1.0","record_id":"n11929131786@1","update_time":"2024-05-23T18:00:15Z","confidence":null,"between":null,"provider":"osm","resource":"planet","version":"2026-09-09"}],"k10_inside_bbox":false}},{"type":"Feature","id":"87f549c9-c314-4e3c-af53-13cdfe01e75c","geometry":{"type":"Point","coordinates":[69.6147808,42.3206489]},"properties":{"city":"shymkent","overture_id":"87f549c9-c314-4e3c-af53-13cdfe01e75c","overture_version":1,"sources":[{"property":"","dataset":"OpenStreetMap","license":"ODbL-1.0","record_id":"n5401348260@1","update_time":"2018-02-09T14:58:08Z","confidence":null,"between":null,"provider":"osm","resource":"planet","version":"2026-09-09"}],"k10_inside_bbox":true}},{"type":"Feature","id":"88578310-59b5-4140-ae71-910d09119ae3","geometry":{"type":"Point","coordinates":[69.6114783,42.3151354]},"properties":{"city":"shymkent","overture_id":"88578310-59b5-4140-ae71-910d09119ae3","overture_version":1,"sources":[{"property":"","dataset":"OpenStreetMap","license":"ODbL-1.0","record_id":"n10975610439@1","update_time":"2023-06-14T02:18:44Z","confidence":null,"between":null,"provider":"osm","resource":"planet","version":"2026-09-09"}],"k10_inside_bbox":true}},{"type":"Feature","id":"885b67d9-81ed-41e7-9c73-ca759b4de9bf","geometry":{"type":"Point","coordinates":[69.5942826,42.3118638]},"properties":{"city":"shymkent","overture_id":"885b67d9-81ed-41e7-9c73-ca759b4de9bf","overture_version":1,"sources":[{"property":"","dataset":"OpenStreetMap","license":"ODbL-1.0","record_id":"n10828674482@3","update_time":"2024-10-01T19:04:21Z","confidence":null,"between":null,"provider":"osm","resource":"planet","version":"2026-09-09"}],"k10_inside_bbox":true}},{"type":"Feature","id":"887abd38-8820-41ed-ab46-5a9ad48c063c","geometry":{"type":"Point","coordinates":[69.5992195,42.3216545]},"properties":{"city":"shymkent","overture_id":"887abd38-8820-41ed-ab46-5a9ad48c063c","overture_version":1,"sources":[{"property":"","dataset":"OpenStreetMap","license":"ODbL-1.0","record_id":"n9534316695@1","update_time":"2022-02-25T10:20:33Z","confidence":null,"between":null,"provider":"osm","resource":"planet","version":"2026-09-09"}],"k10_inside_bbox":true}},{"type":"Feature","id":"88a338c9-5b19-450a-8b0b-932fd2bc3288","geometry":{"type":"Point","coordinates":[69.6086555,42.3178085]},"properties":{"city":"shymkent","overture_id":"88a338c9-5b19-450a-8b0b-932fd2bc3288","overture_version":1,"sources":[{"property":"","dataset":"OpenStreetMap","license":"ODbL-1.0","record_id":"n3678262959@3","update_time":"2024-09-05T07:06:14Z","confidence":null,"between":null,"provider":"osm","resource":"planet","version":"2026-09-09"}],"k10_inside_bbox":true}},{"type":"Feature","id":"88bb5015-4463-4382-a64a-23f530c8a3f2","geometry":{"type":"Point","coordinates":[69.6036863,42.3161374]},"properties":{"city":"shymkent","overture_id":"88bb5015-4463-4382-a64a-23f530c8a3f2","overture_version":1,"sources":[{"property":"","dataset":"OpenStreetMap","license":"ODbL-1.0","record_id":"n11384193448@2","update_time":"2024-09-06T07:56:17Z","confidence":null,"between":null,"provider":"osm","resource":"planet","version":"2026-09-09"}],"k10_inside_bbox":true}},{"type":"Feature","id":"88d402f4-dfb3-4d38-aff6-7be2b08c48b2","geometry":{"type":"Point","coordinates":[69.5985416,42.3076186]},"properties":{"city":"shymkent","overture_id":"88d402f4-dfb3-4d38-aff6-7be2b08c48b2","overture_version":1,"sources":[{"property":"","dataset":"OpenStreetMap","license":"ODbL-1.0","record_id":"n12828511294@1","update_time":"2025-05-11T13:58:56Z","confidence":null,"between":null,"provider":"osm","resource":"planet","version":"2026-09-09"}],"k10_inside_bbox":true}},{"type":"Feature","id":"88fc0bd1-c8b5-41ee-a09d-b482bf36545c","geometry":{"type":"Point","coordinates":[69.6165763,42.3201956]},"properties":{"city":"shymkent","overture_id":"88fc0bd1-c8b5-41ee-a09d-b482bf36545c","overture_version":1,"sources":[{"property":"","dataset":"OpenStreetMap","license":"ODbL-1.0","record_id":"n5401348259@1","update_time":"2018-02-09T14:58:08Z","confidence":null,"between":null,"provider":"osm","resource":"planet","version":"2026-09-09"}],"k10_inside_bbox":true}},{"type":"Feature","id":"89164c78-33bf-4ed9-84bb-c8b3a73ce84f","geometry":{"type":"Point","coordinates":[69.6023178,42.3057506]},"properties":{"city":"shymkent","overture_id":"89164c78-33bf-4ed9-84bb-c8b3a73ce84f","overture_version":1,"sources":[{"property":"","dataset":"OpenStreetMap","license":"ODbL-1.0","record_id":"n1325964875@5","update_time":"2023-08-27T16:41:50Z","confidence":null,"between":null,"provider":"osm","resource":"planet","version":"2026-09-09"}],"k10_inside_bbox":false}},{"type":"Feature","id":"89245169-f7dd-4fc8-bb9e-e510ab6e3c5c","geometry":{"type":"Point","coordinates":[69.5987642,42.3208232]},"properties":{"city":"shymkent","overture_id":"89245169-f7dd-4fc8-bb9e-e510ab6e3c5c","overture_version":1,"sources":[{"property":"","dataset":"OpenStreetMap","license":"ODbL-1.0","record_id":"n11375783424@1","update_time":"2023-11-25T18:49:10Z","confidence":null,"between":null,"provider":"osm","resource":"planet","version":"2026-09-09"}],"k10_inside_bbox":true}},{"type":"Feature","id":"894c15dd-3dfd-4def-9c11-b92a70f19474","geometry":{"type":"Point","coordinates":[69.6062284,42.3153734]},"properties":{"city":"shymkent","overture_id":"894c15dd-3dfd-4def-9c11-b92a70f19474","overture_version":1,"sources":[{"property":"","dataset":"OpenStreetMap","license":"ODbL-1.0","record_id":"n11378966341@1","update_time":"2023-11-27T05:30:18Z","confidence":null,"between":null,"provider":"osm","resource":"planet","version":"2026-09-09"}],"k10_inside_bbox":true}},{"type":"Feature","id":"89744d0b-63f7-4a2a-b269-e57c96eca512","geometry":{"type":"Point","coordinates":[69.6021834,42.3407652]},"properties":{"city":"shymkent","overture_id":"89744d0b-63f7-4a2a-b269-e57c96eca512","overture_version":1,"sources":[{"property":"","dataset":"OpenStreetMap","license":"ODbL-1.0","record_id":"n11929131777@1","update_time":"2024-05-23T18:00:15Z","confidence":null,"between":null,"provider":"osm","resource":"planet","version":"2026-09-09"}],"k10_inside_bbox":false}},{"type":"Feature","id":"897f7008-e009-433d-84b6-e7ce75eb6578","geometry":{"type":"Point","coordinates":[69.592943,42.3189849]},"properties":{"city":"shymkent","overture_id":"897f7008-e009-433d-84b6-e7ce75eb6578","overture_version":1,"sources":[{"property":"","dataset":"OpenStreetMap","license":"ODbL-1.0","record_id":"n11943588177@1","update_time":"2024-05-30T01:12:55Z","confidence":null,"between":null,"provider":"osm","resource":"planet","version":"2026-09-09"}],"k10_inside_bbox":false}},{"type":"Feature","id":"89951838-30cf-4467-888c-938b7900dfa5","geometry":{"type":"Point","coordinates":[69.6044317,42.3218305]},"properties":{"city":"shymkent","overture_id":"89951838-30cf-4467-888c-938b7900dfa5","overture_version":1,"sources":[{"property":"","dataset":"OpenStreetMap","license":"ODbL-1.0","record_id":"n11191916036@1","update_time":"2023-09-15T02:08:40Z","confidence":null,"between":null,"provider":"osm","resource":"planet","version":"2026-09-09"}],"k10_inside_bbox":true}},{"type":"Feature","id":"89c4cbda-7a86-4c8b-8347-1ed034662be1","geometry":{"type":"Point","coordinates":[69.5961415,42.3265514]},"properties":{"city":"shymkent","overture_id":"89c4cbda-7a86-4c8b-8347-1ed034662be1","overture_version":1,"sources":[{"property":"","dataset":"OpenStreetMap","license":"ODbL-1.0","record_id":"n11929130963@1","update_time":"2024-05-23T18:00:15Z","confidence":null,"between":null,"provider":"osm","resource":"planet","version":"2026-09-09"}],"k10_inside_bbox":false}},{"type":"Feature","id":"89d65392-8f06-499b-8f73-8b082010fc84","geometry":{"type":"Point","coordinates":[69.6010262,42.3094179]},"properties":{"city":"shymkent","overture_id":"89d65392-8f06-499b-8f73-8b082010fc84","overture_version":1,"sources":[{"property":"","dataset":"OpenStreetMap","license":"ODbL-1.0","record_id":"n11138860295@1","update_time":"2023-08-23T12:39:52Z","confidence":null,"between":null,"provider":"osm","resource":"planet","version":"2026-09-09"}],"k10_inside_bbox":true}},{"type":"Feature","id":"89d87268-572f-4a05-8abd-8e7cc761aeed","geometry":{"type":"Point","coordinates":[69.588935,42.3229493]},"properties":{"city":"shymkent","overture_id":"89d87268-572f-4a05-8abd-8e7cc761aeed","overture_version":1,"sources":[{"property":"","dataset":"OpenStreetMap","license":"ODbL-1.0","record_id":"n11934561870@1","update_time":"2024-05-26T08:47:45Z","confidence":null,"between":null,"provider":"osm","resource":"planet","version":"2026-09-09"}],"k10_inside_bbox":false}},{"type":"Feature","id":"89dd08ec-e9da-471b-bf83-b512b3625a01","geometry":{"type":"Point","coordinates":[69.6114362,42.3150517]},"properties":{"city":"shymkent","overture_id":"89dd08ec-e9da-471b-bf83-b512b3625a01","overture_version":1,"sources":[{"property":"","dataset":"OpenStreetMap","license":"ODbL-1.0","record_id":"n10975610440@1","update_time":"2023-06-14T02:18:44Z","confidence":null,"between":null,"provider":"osm","resource":"planet","version":"2026-09-09"}],"k10_inside_bbox":true}},{"type":"Feature","id":"89fabdd9-4dd5-4ddd-9f16-f08cc4c6657c","geometry":{"type":"Point","coordinates":[69.6097741,42.3095909]},"properties":{"city":"shymkent","overture_id":"89fabdd9-4dd5-4ddd-9f16-f08cc4c6657c","overture_version":1,"sources":[{"property":"","dataset":"OpenStreetMap","license":"ODbL-1.0","record_id":"n10142798732@1","update_time":"2022-10-31T12:08:23Z","confidence":null,"between":null,"provider":"osm","resource":"planet","version":"2026-09-09"}],"k10_inside_bbox":true}},{"type":"Feature","id":"89fdcda4-fb27-4a27-bed8-3a1366e3e3d4","geometry":{"type":"Point","coordinates":[69.5981046,42.3239669]},"properties":{"city":"shymkent","overture_id":"89fdcda4-fb27-4a27-bed8-3a1366e3e3d4","overture_version":1,"sources":[{"property":"","dataset":"OpenStreetMap","license":"ODbL-1.0","record_id":"n11104090832@1","update_time":"2023-08-10T06:29:02Z","confidence":null,"between":null,"provider":"osm","resource":"planet","version":"2026-09-09"}],"k10_inside_bbox":true}},{"type":"Feature","id":"89fe4294-dd71-43c7-a432-75e76129711a","geometry":{"type":"Point","coordinates":[69.6178164,42.3135345]},"properties":{"city":"shymkent","overture_id":"89fe4294-dd71-43c7-a432-75e76129711a","overture_version":1,"sources":[{"property":"","dataset":"OpenStreetMap","license":"ODbL-1.0","record_id":"n5492617515@1","update_time":"2018-03-21T04:46:44Z","confidence":null,"between":null,"provider":"osm","resource":"planet","version":"2026-09-09"}],"k10_inside_bbox":false}},{"type":"Feature","id":"8a6e351f-b3f3-46aa-beea-62fe906669f0","geometry":{"type":"Point","coordinates":[69.6014257,42.3127131]},"properties":{"city":"shymkent","overture_id":"8a6e351f-b3f3-46aa-beea-62fe906669f0","overture_version":1,"sources":[{"property":"","dataset":"OpenStreetMap","license":"ODbL-1.0","record_id":"n13111944218@1","update_time":"2025-09-01T08:58:25Z","confidence":null,"between":null,"provider":"osm","resource":"planet","version":"2026-09-09"}],"k10_inside_bbox":true}},{"type":"Feature","id":"8acd60bf-e9b5-4195-b694-18e0aabb530c","geometry":{"type":"Point","coordinates":[69.6049984,42.3129951]},"properties":{"city":"shymkent","overture_id":"8acd60bf-e9b5-4195-b694-18e0aabb530c","overture_version":1,"sources":[{"property":"","dataset":"OpenStreetMap","license":"ODbL-1.0","record_id":"n1425090290@1","update_time":"2011-09-06T11:47:34Z","confidence":null,"between":null,"provider":"osm","resource":"planet","version":"2026-09-09"}],"k10_inside_bbox":true}},{"type":"Feature","id":"8af4bcc6-ebb2-4820-a013-a070b62ad0a2","geometry":{"type":"Point","coordinates":[69.5932475,42.3191942]},"properties":{"city":"shymkent","overture_id":"8af4bcc6-ebb2-4820-a013-a070b62ad0a2","overture_version":1,"sources":[{"property":"","dataset":"OpenStreetMap","license":"ODbL-1.0","record_id":"n11943588180@1","update_time":"2024-05-30T01:12:55Z","confidence":null,"between":null,"provider":"osm","resource":"planet","version":"2026-09-09"}],"k10_inside_bbox":false}},{"type":"Feature","id":"8b241563-3d5d-446d-bb2d-e59e2415e906","geometry":{"type":"Point","coordinates":[69.6053829,42.312381]},"properties":{"city":"shymkent","overture_id":"8b241563-3d5d-446d-bb2d-e59e2415e906","overture_version":1,"sources":[{"property":"","dataset":"OpenStreetMap","license":"ODbL-1.0","record_id":"n1326354930@1","update_time":"2011-06-15T12:36:36Z","confidence":null,"between":null,"provider":"osm","resource":"planet","version":"2026-09-09"}],"k10_inside_bbox":true}},{"type":"Feature","id":"8b25e9ba-f5a5-4cb3-8f5b-6f4c12022ff9","geometry":{"type":"Point","coordinates":[69.6139379,42.3069913]},"properties":{"city":"shymkent","overture_id":"8b25e9ba-f5a5-4cb3-8f5b-6f4c12022ff9","overture_version":1,"sources":[{"property":"","dataset":"OpenStreetMap","license":"ODbL-1.0","record_id":"n5492609351@2","update_time":"2023-11-29T17:35:01Z","confidence":null,"between":null,"provider":"osm","resource":"planet","version":"2026-09-09"}],"k10_inside_bbox":true}},{"type":"Feature","id":"8b3c0ebe-2f1e-496a-a8f5-15ae01acea1a","geometry":{"type":"Point","coordinates":[69.5994409,42.3066683]},"properties":{"city":"shymkent","overture_id":"8b3c0ebe-2f1e-496a-a8f5-15ae01acea1a","overture_version":1,"sources":[{"property":"","dataset":"OpenStreetMap","license":"ODbL-1.0","record_id":"n12828298098@1","update_time":"2025-05-11T12:15:36Z","confidence":null,"between":null,"provider":"osm","resource":"planet","version":"2026-09-09"}],"k10_inside_bbox":true}},{"type":"Feature","id":"8b6289f6-32e1-42be-87c2-a390b3253532","geometry":{"type":"Point","coordinates":[69.5964406,42.321367]},"properties":{"city":"shymkent","overture_id":"8b6289f6-32e1-42be-87c2-a390b3253532","overture_version":1,"sources":[{"property":"","dataset":"OpenStreetMap","license":"ODbL-1.0","record_id":"n4346751997@1","update_time":"2016-08-12T03:59:58Z","confidence":null,"between":null,"provider":"osm","resource":"planet","version":"2026-09-09"}],"k10_inside_bbox":true}},{"type":"Feature","id":"8b715780-2f48-4219-a233-bc0cbdd000fe","geometry":{"type":"Point","coordinates":[69.6143767,42.314281]},"properties":{"city":"shymkent","overture_id":"8b715780-2f48-4219-a233-bc0cbdd000fe","overture_version":1,"sources":[{"property":"","dataset":"OpenStreetMap","license":"ODbL-1.0","record_id":"n10975610446@1","update_time":"2023-06-14T02:18:44Z","confidence":null,"between":null,"provider":"osm","resource":"planet","version":"2026-09-09"}],"k10_inside_bbox":true}},{"type":"Feature","id":"8b896e5c-d4c0-46b9-8a61-44dcbfc0d97e","geometry":{"type":"Point","coordinates":[69.5951472,42.3067022]},"properties":{"city":"shymkent","overture_id":"8b896e5c-d4c0-46b9-8a61-44dcbfc0d97e","overture_version":1,"sources":[{"property":"","dataset":"OpenStreetMap","license":"ODbL-1.0","record_id":"n10173658448@1","update_time":"2022-11-10T13:54:38Z","confidence":null,"between":null,"provider":"osm","resource":"planet","version":"2026-09-09"}],"k10_inside_bbox":true}},{"type":"Feature","id":"8bacdcf5-0f85-4790-9f13-ea8c8c9336d3","geometry":{"type":"Point","coordinates":[69.5967291,42.3177469]},"properties":{"city":"shymkent","overture_id":"8bacdcf5-0f85-4790-9f13-ea8c8c9336d3","overture_version":1,"sources":[{"property":"","dataset":"OpenStreetMap","license":"ODbL-1.0","record_id":"n4931121750@1","update_time":"2017-06-22T16:12:41Z","confidence":null,"between":null,"provider":"osm","resource":"planet","version":"2026-09-09"}],"k10_inside_bbox":true}},{"type":"Feature","id":"8bb65f48-ca2e-4519-a50d-d07dfb36c0ec","geometry":{"type":"Point","coordinates":[69.5999363,42.315615]},"properties":{"city":"shymkent","overture_id":"8bb65f48-ca2e-4519-a50d-d07dfb36c0ec","overture_version":1,"sources":[{"property":"","dataset":"OpenStreetMap","license":"ODbL-1.0","record_id":"n12964257056@1","update_time":"2025-06-30T11:21:35Z","confidence":null,"between":null,"provider":"osm","resource":"planet","version":"2026-09-09"}],"k10_inside_bbox":true}},{"type":"Feature","id":"8bf65a7d-26e6-4834-b46a-1bff2952c5cf","geometry":{"type":"Point","coordinates":[69.594773,42.3170221]},"properties":{"city":"shymkent","overture_id":"8bf65a7d-26e6-4834-b46a-1bff2952c5cf","overture_version":2,"sources":[{"property":"","dataset":"OpenStreetMap","license":"ODbL-1.0","record_id":"n8236713364@2","update_time":"2025-06-27T00:51:39Z","confidence":null,"between":null,"provider":"osm","resource":"planet","version":"2026-09-09"}],"k10_inside_bbox":true}},{"type":"Feature","id":"8bf930a5-bf09-4499-8d2c-a13bfd0f1e50","geometry":{"type":"Point","coordinates":[69.593787,42.3110343]},"properties":{"city":"shymkent","overture_id":"8bf930a5-bf09-4499-8d2c-a13bfd0f1e50","overture_version":2,"sources":[{"property":"","dataset":"OpenStreetMap","license":"ODbL-1.0","record_id":"n12214818633@2","update_time":"2025-08-06T13:28:05Z","confidence":null,"between":null,"provider":"osm","resource":"planet","version":"2026-09-09"}],"k10_inside_bbox":true}},{"type":"Feature","id":"8c37bef8-5ee4-4df7-8ce6-7ab5182cbfe5","geometry":{"type":"Point","coordinates":[69.6061993,42.3149089]},"properties":{"city":"shymkent","overture_id":"8c37bef8-5ee4-4df7-8ce6-7ab5182cbfe5","overture_version":1,"sources":[{"property":"","dataset":"OpenStreetMap","license":"ODbL-1.0","record_id":"n11384193429@1","update_time":"2023-11-29T17:35:01Z","confidence":null,"between":null,"provider":"osm","resource":"planet","version":"2026-09-09"}],"k10_inside_bbox":true}},{"type":"Feature","id":"8c4190a9-57b9-4161-b9e4-0c9ded05fa17","geometry":{"type":"Point","coordinates":[69.6110478,42.3209502]},"properties":{"city":"shymkent","overture_id":"8c4190a9-57b9-4161-b9e4-0c9ded05fa17","overture_version":1,"sources":[{"property":"","dataset":"OpenStreetMap","license":"ODbL-1.0","record_id":"n10755269281@1","update_time":"2023-03-23T06:02:04Z","confidence":null,"between":null,"provider":"osm","resource":"planet","version":"2026-09-09"}],"k10_inside_bbox":true}},{"type":"Feature","id":"8c67da1b-77e5-4007-82b1-5c60aea368a0","geometry":{"type":"Point","coordinates":[69.6067978,42.3160253]},"properties":{"city":"shymkent","overture_id":"8c67da1b-77e5-4007-82b1-5c60aea368a0","overture_version":1,"sources":[{"property":"","dataset":"OpenStreetMap","license":"ODbL-1.0","record_id":"n12818515612@1","update_time":"2025-05-08T04:08:13Z","confidence":null,"between":null,"provider":"osm","resource":"planet","version":"2026-09-09"}],"k10_inside_bbox":true}},{"type":"Feature","id":"8c6c2a19-c80f-4f3e-bf7f-d57574bd5a22","geometry":{"type":"Point","coordinates":[69.593386,42.3199029]},"properties":{"city":"shymkent","overture_id":"8c6c2a19-c80f-4f3e-bf7f-d57574bd5a22","overture_version":1,"sources":[{"property":"","dataset":"OpenStreetMap","license":"ODbL-1.0","record_id":"n1438458035@1","update_time":"2011-09-20T16:57:14Z","confidence":null,"between":null,"provider":"osm","resource":"planet","version":"2026-09-09"}],"k10_inside_bbox":true}},{"type":"Feature","id":"8c8f7f5f-59eb-4d33-8cb8-3c3eb88d9d20","geometry":{"type":"Point","coordinates":[69.587603,42.322384]},"properties":{"city":"shymkent","overture_id":"8c8f7f5f-59eb-4d33-8cb8-3c3eb88d9d20","overture_version":1,"sources":[{"property":"","dataset":"OpenStreetMap","license":"ODbL-1.0","record_id":"n11934561804@1","update_time":"2024-05-26T08:47:45Z","confidence":null,"between":null,"provider":"osm","resource":"planet","version":"2026-09-09"}],"k10_inside_bbox":false}},{"type":"Feature","id":"8ccdd55c-8c6e-4b60-8ec8-a9e607117278","geometry":{"type":"Point","coordinates":[69.6148896,42.3064711]},"properties":{"city":"shymkent","overture_id":"8ccdd55c-8c6e-4b60-8ec8-a9e607117278","overture_version":1,"sources":[{"property":"","dataset":"OpenStreetMap","license":"ODbL-1.0","record_id":"n11384193225@1","update_time":"2023-11-29T17:35:01Z","confidence":null,"between":null,"provider":"osm","resource":"planet","version":"2026-09-09"}],"k10_inside_bbox":false}},{"type":"Feature","id":"8d102495-cf3f-4379-81c4-1854bc1523af","geometry":{"type":"Point","coordinates":[69.6088566,42.3139613]},"properties":{"city":"shymkent","overture_id":"8d102495-cf3f-4379-81c4-1854bc1523af","overture_version":1,"sources":[{"property":"","dataset":"OpenStreetMap","license":"ODbL-1.0","record_id":"n11384193415@1","update_time":"2023-11-29T17:35:01Z","confidence":null,"between":null,"provider":"osm","resource":"planet","version":"2026-09-09"}],"k10_inside_bbox":true}},{"type":"Feature","id":"8dde9d47-e967-476b-8357-14a1b658b4d3","geometry":{"type":"Point","coordinates":[69.6040367,42.3182479]},"properties":{"city":"shymkent","overture_id":"8dde9d47-e967-476b-8357-14a1b658b4d3","overture_version":1,"sources":[{"property":"","dataset":"OpenStreetMap","license":"ODbL-1.0","record_id":"n1343040712@1","update_time":"2011-06-29T09:36:43Z","confidence":null,"between":null,"provider":"osm","resource":"planet","version":"2026-09-09"}],"k10_inside_bbox":true}},{"type":"Feature","id":"8e1a67da-65db-4909-99e0-8ef83a9cc614","geometry":{"type":"Point","coordinates":[69.5986782,42.3075853]},"properties":{"city":"shymkent","overture_id":"8e1a67da-65db-4909-99e0-8ef83a9cc614","overture_version":1,"sources":[{"property":"","dataset":"OpenStreetMap","license":"ODbL-1.0","record_id":"n12828511293@1","update_time":"2025-05-11T13:58:56Z","confidence":null,"between":null,"provider":"osm","resource":"planet","version":"2026-09-09"}],"k10_inside_bbox":true}},{"type":"Feature","id":"8e1c689d-f450-418e-9701-52075444ab23","geometry":{"type":"Point","coordinates":[69.597681,42.3210783]},"properties":{"city":"shymkent","overture_id":"8e1c689d-f450-418e-9701-52075444ab23","overture_version":1,"sources":[{"property":"","dataset":"OpenStreetMap","license":"ODbL-1.0","record_id":"n11934561867@1","update_time":"2024-05-26T08:47:45Z","confidence":null,"between":null,"provider":"osm","resource":"planet","version":"2026-09-09"}],"k10_inside_bbox":true}},{"type":"Feature","id":"8e43926b-6803-4a37-8fc2-9c4dff42e720","geometry":{"type":"Point","coordinates":[69.6017935,42.3188669]},"properties":{"city":"shymkent","overture_id":"8e43926b-6803-4a37-8fc2-9c4dff42e720","overture_version":1,"sources":[{"property":"","dataset":"OpenStreetMap","license":"ODbL-1.0","record_id":"n1343040709@2","update_time":"2011-07-23T04:40:50Z","confidence":null,"between":null,"provider":"osm","resource":"planet","version":"2026-09-09"}],"k10_inside_bbox":true}},{"type":"Feature","id":"8e50cd8b-424e-4761-930c-87c3e6dba9ca","geometry":{"type":"Point","coordinates":[69.6032642,42.3124837]},"properties":{"city":"shymkent","overture_id":"8e50cd8b-424e-4761-930c-87c3e6dba9ca","overture_version":1,"sources":[{"property":"","dataset":"OpenStreetMap","license":"ODbL-1.0","record_id":"n1326355305@1","update_time":"2011-06-15T12:36:47Z","confidence":null,"between":null,"provider":"osm","resource":"planet","version":"2026-09-09"}],"k10_inside_bbox":true}},{"type":"Feature","id":"8efab62d-ad9c-40cf-af5e-71e15e37633f","geometry":{"type":"Point","coordinates":[69.5948558,42.3157467]},"properties":{"city":"shymkent","overture_id":"8efab62d-ad9c-40cf-af5e-71e15e37633f","overture_version":1,"sources":[{"property":"","dataset":"OpenStreetMap","license":"ODbL-1.0","record_id":"n8236715249@1","update_time":"2020-12-17T07:47:38Z","confidence":null,"between":null,"provider":"osm","resource":"planet","version":"2026-09-09"}],"k10_inside_bbox":true}},{"type":"Feature","id":"8eff9fe7-4a83-4770-b23c-9d9e64c0652c","geometry":{"type":"Point","coordinates":[69.6037558,42.3123722]},"properties":{"city":"shymkent","overture_id":"8eff9fe7-4a83-4770-b23c-9d9e64c0652c","overture_version":1,"sources":[{"property":"","dataset":"OpenStreetMap","license":"ODbL-1.0","record_id":"n1326355685@1","update_time":"2011-06-15T12:37:04Z","confidence":null,"between":null,"provider":"osm","resource":"planet","version":"2026-09-09"}],"k10_inside_bbox":true}},{"type":"Feature","id":"8f093385-599c-4509-89b2-5c8dc306e85d","geometry":{"type":"Point","coordinates":[69.6029146,42.3078561]},"properties":{"city":"shymkent","overture_id":"8f093385-599c-4509-89b2-5c8dc306e85d","overture_version":3,"sources":[{"property":"","dataset":"OpenStreetMap","license":"ODbL-1.0","record_id":"n10277273639@2","update_time":"2025-11-17T18:46:06Z","confidence":null,"between":null,"provider":"osm","resource":"planet","version":"2026-09-09"}],"k10_inside_bbox":true}},{"type":"Feature","id":"8f0f92d9-057d-4db2-8d4b-0f46cad56433","geometry":{"type":"Point","coordinates":[69.5993623,42.3104878]},"properties":{"city":"shymkent","overture_id":"8f0f92d9-057d-4db2-8d4b-0f46cad56433","overture_version":1,"sources":[{"property":"","dataset":"OpenStreetMap","license":"ODbL-1.0","record_id":"n12158203436@1","update_time":"2024-09-05T17:42:04Z","confidence":null,"between":null,"provider":"osm","resource":"planet","version":"2026-09-09"}],"k10_inside_bbox":true}},{"type":"Feature","id":"8f1de3a9-d32f-4700-9ee4-00c333eafb6d","geometry":{"type":"Point","coordinates":[69.6088404,42.3125433]},"properties":{"city":"shymkent","overture_id":"8f1de3a9-d32f-4700-9ee4-00c333eafb6d","overture_version":1,"sources":[{"property":"","dataset":"OpenStreetMap","license":"ODbL-1.0","record_id":"n1495170041@1","update_time":"2011-11-08T09:31:05Z","confidence":null,"between":null,"provider":"osm","resource":"planet","version":"2026-09-09"}],"k10_inside_bbox":true}},{"type":"Feature","id":"8f4e7807-d0da-4a91-bb48-e52ee745fb06","geometry":{"type":"Point","coordinates":[69.6064541,42.3125558]},"properties":{"city":"shymkent","overture_id":"8f4e7807-d0da-4a91-bb48-e52ee745fb06","overture_version":1,"sources":[{"property":"","dataset":"OpenStreetMap","license":"ODbL-1.0","record_id":"n1327031631@1","update_time":"2011-06-16T02:55:18Z","confidence":null,"between":null,"provider":"osm","resource":"planet","version":"2026-09-09"}],"k10_inside_bbox":true}},{"type":"Feature","id":"8f704b0d-9d7f-46b8-8d59-4ae426354152","geometry":{"type":"Point","coordinates":[69.608571,42.3157504]},"properties":{"city":"shymkent","overture_id":"8f704b0d-9d7f-46b8-8d59-4ae426354152","overture_version":1,"sources":[{"property":"","dataset":"OpenStreetMap","license":"ODbL-1.0","record_id":"n10975610433@1","update_time":"2023-06-14T02:18:44Z","confidence":null,"between":null,"provider":"osm","resource":"planet","version":"2026-09-09"}],"k10_inside_bbox":true}},{"type":"Feature","id":"8f77de16-861d-40e6-90d8-e7c2a13f9a37","geometry":{"type":"Point","coordinates":[69.6002922,42.3115114]},"properties":{"city":"shymkent","overture_id":"8f77de16-861d-40e6-90d8-e7c2a13f9a37","overture_version":1,"sources":[{"property":"","dataset":"OpenStreetMap","license":"ODbL-1.0","record_id":"n12430620289@1","update_time":"2024-12-18T12:29:49Z","confidence":null,"between":null,"provider":"osm","resource":"planet","version":"2026-09-09"}],"k10_inside_bbox":true}},{"type":"Feature","id":"8f823a90-8a21-4746-b775-bab7fe24cf82","geometry":{"type":"Point","coordinates":[69.5950115,42.3141479]},"properties":{"city":"shymkent","overture_id":"8f823a90-8a21-4746-b775-bab7fe24cf82","overture_version":1,"sources":[{"property":"","dataset":"OpenStreetMap","license":"ODbL-1.0","record_id":"n9433400779@2","update_time":"2024-05-21T16:37:21Z","confidence":null,"between":null,"provider":"osm","resource":"planet","version":"2026-09-09"}],"k10_inside_bbox":true}},{"type":"Feature","id":"8fc943b7-3700-4135-9c0f-79cf847e7755","geometry":{"type":"Point","coordinates":[69.6032327,42.3067189]},"properties":{"city":"shymkent","overture_id":"8fc943b7-3700-4135-9c0f-79cf847e7755","overture_version":1,"sources":[{"property":"","dataset":"OpenStreetMap","license":"ODbL-1.0","record_id":"n10277160277@1","update_time":"2022-12-21T04:51:07Z","confidence":null,"between":null,"provider":"osm","resource":"planet","version":"2026-09-09"}],"k10_inside_bbox":true}},{"type":"Feature","id":"8ff5931f-95a7-4c69-8457-cfa52026410d","geometry":{"type":"Point","coordinates":[69.6022767,42.3141276]},"properties":{"city":"shymkent","overture_id":"8ff5931f-95a7-4c69-8457-cfa52026410d","overture_version":1,"sources":[{"property":"","dataset":"OpenStreetMap","license":"ODbL-1.0","record_id":"n12804572551@1","update_time":"2025-05-02T17:34:26Z","confidence":null,"between":null,"provider":"osm","resource":"planet","version":"2026-09-09"}],"k10_inside_bbox":true}},{"type":"Feature","id":"9037d478-4f0e-4d99-9a8e-e9a5b7937f50","geometry":{"type":"Point","coordinates":[69.6132792,42.3125635]},"properties":{"city":"shymkent","overture_id":"9037d478-4f0e-4d99-9a8e-e9a5b7937f50","overture_version":1,"sources":[{"property":"","dataset":"OpenStreetMap","license":"ODbL-1.0","record_id":"n11384193390@1","update_time":"2023-11-29T17:35:01Z","confidence":null,"between":null,"provider":"osm","resource":"planet","version":"2026-09-09"}],"k10_inside_bbox":true}},{"type":"Feature","id":"90a49f56-6fa1-47a0-a1bf-fd32706f50c3","geometry":{"type":"Point","coordinates":[69.6021952,42.3139241]},"properties":{"city":"shymkent","overture_id":"90a49f56-6fa1-47a0-a1bf-fd32706f50c3","overture_version":1,"sources":[{"property":"","dataset":"OpenStreetMap","license":"ODbL-1.0","record_id":"n12804572548@1","update_time":"2025-05-02T17:34:26Z","confidence":null,"between":null,"provider":"osm","resource":"planet","version":"2026-09-09"}],"k10_inside_bbox":true}},{"type":"Feature","id":"90b27738-e63a-47f8-acaf-a2c2a6f92703","geometry":{"type":"Point","coordinates":[69.5953658,42.319307]},"properties":{"city":"shymkent","overture_id":"90b27738-e63a-47f8-acaf-a2c2a6f92703","overture_version":1,"sources":[{"property":"","dataset":"OpenStreetMap","license":"ODbL-1.0","record_id":"n4253037792@1","update_time":"2016-06-19T16:03:54Z","confidence":null,"between":null,"provider":"osm","resource":"planet","version":"2026-09-09"}],"k10_inside_bbox":true}},{"type":"Feature","id":"90b38b3f-1e74-4100-a8aa-58f49c65a963","geometry":{"type":"Point","coordinates":[69.5939618,42.3218255]},"properties":{"city":"shymkent","overture_id":"90b38b3f-1e74-4100-a8aa-58f49c65a963","overture_version":1,"sources":[{"property":"","dataset":"OpenStreetMap","license":"ODbL-1.0","record_id":"n1756926578@1","update_time":"2012-05-18T06:13:15Z","confidence":null,"between":null,"provider":"osm","resource":"planet","version":"2026-09-09"}],"k10_inside_bbox":true}},{"type":"Feature","id":"90c42c47-7503-46fd-94c7-9d055f0e8f2c","geometry":{"type":"Point","coordinates":[69.5997326,42.3081909]},"properties":{"city":"shymkent","overture_id":"90c42c47-7503-46fd-94c7-9d055f0e8f2c","overture_version":1,"sources":[{"property":"","dataset":"OpenStreetMap","license":"ODbL-1.0","record_id":"n1804778786@3","update_time":"2025-05-11T13:58:56Z","confidence":null,"between":null,"provider":"osm","resource":"planet","version":"2026-09-09"}],"k10_inside_bbox":true}},{"type":"Feature","id":"90c600ef-f360-4bf7-bdf7-144e4f56d324","geometry":{"type":"Point","coordinates":[69.61872,42.3196686]},"properties":{"city":"shymkent","overture_id":"90c600ef-f360-4bf7-bdf7-144e4f56d324","overture_version":1,"sources":[{"property":"","dataset":"OpenStreetMap","license":"ODbL-1.0","record_id":"n5401348258@1","update_time":"2018-02-09T14:58:08Z","confidence":null,"between":null,"provider":"osm","resource":"planet","version":"2026-09-09"}],"k10_inside_bbox":false}},{"type":"Feature","id":"90fcf5ec-bb81-4a2f-9a9c-f436a09c347b","geometry":{"type":"Point","coordinates":[69.6128069,42.3115203]},"properties":{"city":"shymkent","overture_id":"90fcf5ec-bb81-4a2f-9a9c-f436a09c347b","overture_version":1,"sources":[{"property":"","dataset":"OpenStreetMap","license":"ODbL-1.0","record_id":"n1236371239@2","update_time":"2011-04-11T05:25:34Z","confidence":null,"between":null,"provider":"osm","resource":"planet","version":"2026-09-09"}],"k10_inside_bbox":true}},{"type":"Feature","id":"90fe6ebf-3b6e-4b9c-96ac-11884511fafe","geometry":{"type":"Point","coordinates":[69.592887,42.3187423]},"properties":{"city":"shymkent","overture_id":"90fe6ebf-3b6e-4b9c-96ac-11884511fafe","overture_version":1,"sources":[{"property":"","dataset":"OpenStreetMap","license":"ODbL-1.0","record_id":"n4346751782@2","update_time":"2017-06-22T16:12:41Z","confidence":null,"between":null,"provider":"osm","resource":"planet","version":"2026-09-09"}],"k10_inside_bbox":false}},{"type":"Feature","id":"913190a0-08b6-4de4-96a9-8f93cf065db5","geometry":{"type":"Point","coordinates":[69.5932844,42.3167564]},"properties":{"city":"shymkent","overture_id":"913190a0-08b6-4de4-96a9-8f93cf065db5","overture_version":1,"sources":[{"property":"","dataset":"OpenStreetMap","license":"ODbL-1.0","record_id":"n12960597110@1","update_time":"2025-06-29T06:12:14Z","confidence":null,"between":null,"provider":"osm","resource":"planet","version":"2026-09-09"}],"k10_inside_bbox":false}},{"type":"Feature","id":"91632ffc-50f2-45e0-a2e7-53f878805845","geometry":{"type":"Point","coordinates":[69.600081,42.3133293]},"properties":{"city":"shymkent","overture_id":"91632ffc-50f2-45e0-a2e7-53f878805845","overture_version":1,"sources":[{"property":"","dataset":"OpenStreetMap","license":"ODbL-1.0","record_id":"n8230925076@1","update_time":"2020-12-15T11:30:56Z","confidence":null,"between":null,"provider":"osm","resource":"planet","version":"2026-09-09"}],"k10_inside_bbox":true}},{"type":"Feature","id":"9179910f-ea36-4c10-b50b-b3768a95e320","geometry":{"type":"Point","coordinates":[69.595471,42.314874]},"properties":{"city":"shymkent","overture_id":"9179910f-ea36-4c10-b50b-b3768a95e320","overture_version":1,"sources":[{"property":"","dataset":"OpenStreetMap","license":"ODbL-1.0","record_id":"n11922759474@1","update_time":"2024-05-21T16:37:21Z","confidence":null,"between":null,"provider":"osm","resource":"planet","version":"2026-09-09"}],"k10_inside_bbox":true}},{"type":"Feature","id":"9184f5b4-58e6-4ee2-8018-f962862cf349","geometry":{"type":"Point","coordinates":[69.5982586,42.3314864]},"properties":{"city":"shymkent","overture_id":"9184f5b4-58e6-4ee2-8018-f962862cf349","overture_version":1,"sources":[{"property":"","dataset":"OpenStreetMap","license":"ODbL-1.0","record_id":"n11929131769@2","update_time":"2025-05-04T16:15:20Z","confidence":null,"between":null,"provider":"osm","resource":"planet","version":"2026-09-09"}],"k10_inside_bbox":false}},{"type":"Feature","id":"91a0efba-80fa-417a-ba8d-f3ec6081234c","geometry":{"type":"Point","coordinates":[69.611167,42.3178852]},"properties":{"city":"shymkent","overture_id":"91a0efba-80fa-417a-ba8d-f3ec6081234c","overture_version":1,"sources":[{"property":"","dataset":"OpenStreetMap","license":"ODbL-1.0","record_id":"n1252592053@2","update_time":"2011-06-17T03:20:27Z","confidence":null,"between":null,"provider":"osm","resource":"planet","version":"2026-09-09"}],"k10_inside_bbox":true}},{"type":"Feature","id":"91dbb95c-b513-4d90-a42b-630f09f385f0","geometry":{"type":"Point","coordinates":[69.6093346,42.3156319]},"properties":{"city":"shymkent","overture_id":"91dbb95c-b513-4d90-a42b-630f09f385f0","overture_version":1,"sources":[{"property":"","dataset":"OpenStreetMap","license":"ODbL-1.0","record_id":"n10975610426@1","update_time":"2023-06-14T02:18:44Z","confidence":null,"between":null,"provider":"osm","resource":"planet","version":"2026-09-09"}],"k10_inside_bbox":true}},{"type":"Feature","id":"92128e01-a734-4540-9378-6a981e5becd5","geometry":{"type":"Point","coordinates":[69.5962328,42.316625]},"properties":{"city":"shymkent","overture_id":"92128e01-a734-4540-9378-6a981e5becd5","overture_version":1,"sources":[{"property":"","dataset":"OpenStreetMap","license":"ODbL-1.0","record_id":"n4931121759@1","update_time":"2017-06-22T16:12:41Z","confidence":null,"between":null,"provider":"osm","resource":"planet","version":"2026-09-09"}],"k10_inside_bbox":true}},{"type":"Feature","id":"9235429c-e38d-48a6-8093-46af34a78153","geometry":{"type":"Point","coordinates":[69.6066391,42.3196669]},"properties":{"city":"shymkent","overture_id":"9235429c-e38d-48a6-8093-46af34a78153","overture_version":1,"sources":[{"property":"","dataset":"OpenStreetMap","license":"ODbL-1.0","record_id":"n10755269289@1","update_time":"2023-03-23T06:02:04Z","confidence":null,"between":null,"provider":"osm","resource":"planet","version":"2026-09-09"}],"k10_inside_bbox":true}},{"type":"Feature","id":"924f1973-4efc-4853-8fcb-7ad5ab4b186c","geometry":{"type":"Point","coordinates":[69.5906785,42.3143982]},"properties":{"city":"shymkent","overture_id":"924f1973-4efc-4853-8fcb-7ad5ab4b186c","overture_version":1,"sources":[{"property":"","dataset":"OpenStreetMap","license":"ODbL-1.0","record_id":"n8242301618@1","update_time":"2020-12-19T09:07:34Z","confidence":null,"between":null,"provider":"osm","resource":"planet","version":"2026-09-09"}],"k10_inside_bbox":false}},{"type":"Feature","id":"9259737c-d6bf-418d-a016-8605f71ccfeb","geometry":{"type":"Point","coordinates":[69.5993703,42.3085371]},"properties":{"city":"shymkent","overture_id":"9259737c-d6bf-418d-a016-8605f71ccfeb","overture_version":1,"sources":[{"property":"","dataset":"OpenStreetMap","license":"ODbL-1.0","record_id":"n1325964967@2","update_time":"2012-06-28T08:10:15Z","confidence":null,"between":null,"provider":"osm","resource":"planet","version":"2026-09-09"}],"k10_inside_bbox":true}},{"type":"Feature","id":"925a4b7a-6b5f-40d6-b9bf-8bfd5f16ccdd","geometry":{"type":"Point","coordinates":[69.60116,42.3173381]},"properties":{"city":"shymkent","overture_id":"925a4b7a-6b5f-40d6-b9bf-8bfd5f16ccdd","overture_version":1,"sources":[{"property":"","dataset":"OpenStreetMap","license":"ODbL-1.0","record_id":"n1433192011@2","update_time":"2011-09-20T16:57:32Z","confidence":null,"between":null,"provider":"osm","resource":"planet","version":"2026-09-09"}],"k10_inside_bbox":true}},{"type":"Feature","id":"92893a7e-6142-40f2-ae8c-63f6ac4b9302","geometry":{"type":"Point","coordinates":[69.6089765,42.3128595]},"properties":{"city":"shymkent","overture_id":"92893a7e-6142-40f2-ae8c-63f6ac4b9302","overture_version":1,"sources":[{"property":"","dataset":"OpenStreetMap","license":"ODbL-1.0","record_id":"n11057952374@1","update_time":"2023-07-21T04:53:52Z","confidence":null,"between":null,"provider":"osm","resource":"planet","version":"2026-09-09"}],"k10_inside_bbox":true}},{"type":"Feature","id":"929c7fdd-8b8a-45c4-ad15-a1e2a7e045b5","geometry":{"type":"Point","coordinates":[69.6034734,42.3137795]},"properties":{"city":"shymkent","overture_id":"929c7fdd-8b8a-45c4-ad15-a1e2a7e045b5","overture_version":1,"sources":[{"property":"","dataset":"OpenStreetMap","license":"ODbL-1.0","record_id":"n1327032801@1","update_time":"2011-06-16T03:06:00Z","confidence":null,"between":null,"provider":"osm","resource":"planet","version":"2026-09-09"}],"k10_inside_bbox":true}},{"type":"Feature","id":"929da834-1c1f-4efc-85c4-679788146dc3","geometry":{"type":"Point","coordinates":[69.5961423,42.315976]},"properties":{"city":"shymkent","overture_id":"929da834-1c1f-4efc-85c4-679788146dc3","overture_version":1,"sources":[{"property":"","dataset":"OpenStreetMap","license":"ODbL-1.0","record_id":"n9433400775@1","update_time":"2022-01-20T11:54:52Z","confidence":null,"between":null,"provider":"osm","resource":"planet","version":"2026-09-09"}],"k10_inside_bbox":true}},{"type":"Feature","id":"92b7b296-1ddf-4e75-8387-6c834af33dd2","geometry":{"type":"Point","coordinates":[69.5940579,42.3218351]},"properties":{"city":"shymkent","overture_id":"92b7b296-1ddf-4e75-8387-6c834af33dd2","overture_version":1,"sources":[{"property":"","dataset":"OpenStreetMap","license":"ODbL-1.0","record_id":"n11934561866@1","update_time":"2024-05-26T08:47:45Z","confidence":null,"between":null,"provider":"osm","resource":"planet","version":"2026-09-09"}],"k10_inside_bbox":true}},{"type":"Feature","id":"92c0e509-e821-4344-b869-e017646489bc","geometry":{"type":"Point","coordinates":[69.5983478,42.3093528]},"properties":{"city":"shymkent","overture_id":"92c0e509-e821-4344-b869-e017646489bc","overture_version":1,"sources":[{"property":"","dataset":"OpenStreetMap","license":"ODbL-1.0","record_id":"n13272759448@1","update_time":"2025-10-31T17:50:55Z","confidence":null,"between":null,"provider":"osm","resource":"planet","version":"2026-09-09"}],"k10_inside_bbox":true}},{"type":"Feature","id":"92e6207e-286f-4d22-bf85-aea076212dab","geometry":{"type":"Point","coordinates":[69.6021907,42.3107112]},"properties":{"city":"shymkent","overture_id":"92e6207e-286f-4d22-bf85-aea076212dab","overture_version":1,"sources":[{"property":"","dataset":"OpenStreetMap","license":"ODbL-1.0","record_id":"n8221358601@2","update_time":"2024-09-06T08:28:17Z","confidence":null,"between":null,"provider":"osm","resource":"planet","version":"2026-09-09"}],"k10_inside_bbox":true}},{"type":"Feature","id":"92ee102e-0ea8-454c-a294-d7fac32ef98b","geometry":{"type":"Point","coordinates":[69.6108343,42.3076292]},"properties":{"city":"shymkent","overture_id":"92ee102e-0ea8-454c-a294-d7fac32ef98b","overture_version":1,"sources":[{"property":"","dataset":"OpenStreetMap","license":"ODbL-1.0","record_id":"n10142782310@1","update_time":"2022-10-31T12:08:23Z","confidence":null,"between":null,"provider":"osm","resource":"planet","version":"2026-09-09"}],"k10_inside_bbox":true}},{"type":"Feature","id":"932871bb-0589-489c-92fb-a587e6a854ea","geometry":{"type":"Point","coordinates":[69.6019726,42.3209872]},"properties":{"city":"shymkent","overture_id":"932871bb-0589-489c-92fb-a587e6a854ea","overture_version":1,"sources":[{"property":"","dataset":"OpenStreetMap","license":"ODbL-1.0","record_id":"n11375783447@1","update_time":"2023-11-25T18:49:10Z","confidence":null,"between":null,"provider":"osm","resource":"planet","version":"2026-09-09"}],"k10_inside_bbox":true}},{"type":"Feature","id":"9344c393-3aaa-4ddd-b744-5272afb1c78e","geometry":{"type":"Point","coordinates":[69.5945519,42.3090404]},"properties":{"city":"shymkent","overture_id":"9344c393-3aaa-4ddd-b744-5272afb1c78e","overture_version":1,"sources":[{"property":"","dataset":"OpenStreetMap","license":"ODbL-1.0","record_id":"n3764912481@1","update_time":"2015-09-30T06:18:07Z","confidence":null,"between":null,"provider":"osm","resource":"planet","version":"2026-09-09"}],"k10_inside_bbox":true}},{"type":"Feature","id":"9357d929-877b-45e7-8cec-717f7379fb16","geometry":{"type":"Point","coordinates":[69.590175,42.322924]},"properties":{"city":"shymkent","overture_id":"9357d929-877b-45e7-8cec-717f7379fb16","overture_version":1,"sources":[{"property":"","dataset":"OpenStreetMap","license":"ODbL-1.0","record_id":"n11934561817@1","update_time":"2024-05-26T08:47:45Z","confidence":null,"between":null,"provider":"osm","resource":"planet","version":"2026-09-09"}],"k10_inside_bbox":false}},{"type":"Feature","id":"93710fb5-003b-43c4-8ad0-c470516716cb","geometry":{"type":"Point","coordinates":[69.6093901,42.3250672]},"properties":{"city":"shymkent","overture_id":"93710fb5-003b-43c4-8ad0-c470516716cb","overture_version":1,"sources":[{"property":"","dataset":"OpenStreetMap","license":"ODbL-1.0","record_id":"n5401348281@1","update_time":"2018-02-09T14:58:08Z","confidence":null,"between":null,"provider":"osm","resource":"planet","version":"2026-09-09"}],"k10_inside_bbox":false}},{"type":"Feature","id":"938f19fb-c064-49ad-af73-ea989d660e11","geometry":{"type":"Point","coordinates":[69.5995892,42.3156938]},"properties":{"city":"shymkent","overture_id":"938f19fb-c064-49ad-af73-ea989d660e11","overture_version":2,"sources":[{"property":"","dataset":"OpenStreetMap","license":"ODbL-1.0","record_id":"n8069568515@2","update_time":"2025-06-30T11:21:35Z","confidence":null,"between":null,"provider":"osm","resource":"planet","version":"2026-09-09"}],"k10_inside_bbox":true}},{"type":"Feature","id":"939d7041-5d77-4873-9f00-61e3d17f7e2f","geometry":{"type":"Point","coordinates":[69.6078614,42.3159838]},"properties":{"city":"shymkent","overture_id":"939d7041-5d77-4873-9f00-61e3d17f7e2f","overture_version":1,"sources":[{"property":"","dataset":"OpenStreetMap","license":"ODbL-1.0","record_id":"n1434183752@3","update_time":"2025-05-08T04:08:13Z","confidence":null,"between":null,"provider":"osm","resource":"planet","version":"2026-09-09"}],"k10_inside_bbox":true}},{"type":"Feature","id":"93c2bf4b-84ad-4fb0-b4a4-e5b2604db15f","geometry":{"type":"Point","coordinates":[69.6034472,42.3124422]},"properties":{"city":"shymkent","overture_id":"93c2bf4b-84ad-4fb0-b4a4-e5b2604db15f","overture_version":1,"sources":[{"property":"","dataset":"OpenStreetMap","license":"ODbL-1.0","record_id":"n1326355648@1","update_time":"2011-06-15T12:37:02Z","confidence":null,"between":null,"provider":"osm","resource":"planet","version":"2026-09-09"}],"k10_inside_bbox":true}},{"type":"Feature","id":"93c685b3-b4a4-4d89-9772-220992a5d7be","geometry":{"type":"Point","coordinates":[69.6175753,42.3151596]},"properties":{"city":"shymkent","overture_id":"93c685b3-b4a4-4d89-9772-220992a5d7be","overture_version":1,"sources":[{"property":"","dataset":"OpenStreetMap","license":"ODbL-1.0","record_id":"n5492617137@2","update_time":"2023-11-27T15:39:12Z","confidence":null,"between":null,"provider":"osm","resource":"planet","version":"2026-09-09"}],"k10_inside_bbox":true}},{"type":"Feature","id":"93ffce5e-c49e-4458-90b0-2b4cf375a4a0","geometry":{"type":"Point","coordinates":[69.6086186,42.3073994]},"properties":{"city":"shymkent","overture_id":"93ffce5e-c49e-4458-90b0-2b4cf375a4a0","overture_version":1,"sources":[{"property":"","dataset":"OpenStreetMap","license":"ODbL-1.0","record_id":"n11384193525@1","update_time":"2023-11-29T17:35:01Z","confidence":null,"between":null,"provider":"osm","resource":"planet","version":"2026-09-09"}],"k10_inside_bbox":true}},{"type":"Feature","id":"9436e5d8-12e2-4612-886a-9532ce9a7950","geometry":{"type":"Point","coordinates":[69.5971879,42.3184169]},"properties":{"city":"shymkent","overture_id":"9436e5d8-12e2-4612-886a-9532ce9a7950","overture_version":1,"sources":[{"property":"","dataset":"OpenStreetMap","license":"ODbL-1.0","record_id":"n1434183762@7","update_time":"2024-04-25T18:42:24Z","confidence":null,"between":null,"provider":"osm","resource":"planet","version":"2026-09-09"}],"k10_inside_bbox":true}},{"type":"Feature","id":"94682c88-a9e0-41bd-a1f8-def59f341f27","geometry":{"type":"Point","coordinates":[69.614149,42.3084808]},"properties":{"city":"shymkent","overture_id":"94682c88-a9e0-41bd-a1f8-def59f341f27","overture_version":1,"sources":[{"property":"","dataset":"OpenStreetMap","license":"ODbL-1.0","record_id":"n5492614445@2","update_time":"2023-11-29T17:35:01Z","confidence":null,"between":null,"provider":"osm","resource":"planet","version":"2026-09-09"}],"k10_inside_bbox":true}},{"type":"Feature","id":"94b62153-1be5-4c74-852d-e9e90e8b23fd","geometry":{"type":"Point","coordinates":[69.602243,42.3149788]},"properties":{"city":"shymkent","overture_id":"94b62153-1be5-4c74-852d-e9e90e8b23fd","overture_version":1,"sources":[{"property":"","dataset":"OpenStreetMap","license":"ODbL-1.0","record_id":"n13083798459@1","update_time":"2025-08-20T06:36:15Z","confidence":null,"between":null,"provider":"osm","resource":"planet","version":"2026-09-09"}],"k10_inside_bbox":true}},{"type":"Feature","id":"94b63b1c-d601-4f79-aac2-4e2838036513","geometry":{"type":"Point","coordinates":[69.6089262,42.3125207]},"properties":{"city":"shymkent","overture_id":"94b63b1c-d601-4f79-aac2-4e2838036513","overture_version":1,"sources":[{"property":"","dataset":"OpenStreetMap","license":"ODbL-1.0","record_id":"n11384193260@1","update_time":"2023-11-29T17:35:01Z","confidence":null,"between":null,"provider":"osm","resource":"planet","version":"2026-09-09"}],"k10_inside_bbox":true}},{"type":"Feature","id":"94c54a9a-a160-4e1f-b023-9d080a274660","geometry":{"type":"Point","coordinates":[69.5927543,42.3165819]},"properties":{"city":"shymkent","overture_id":"94c54a9a-a160-4e1f-b023-9d080a274660","overture_version":1,"sources":[{"property":"","dataset":"OpenStreetMap","license":"ODbL-1.0","record_id":"n11943588198@1","update_time":"2024-05-30T01:12:55Z","confidence":null,"between":null,"provider":"osm","resource":"planet","version":"2026-09-09"}],"k10_inside_bbox":false}},{"type":"Feature","id":"94e3f100-4126-454e-9fc2-8e13dbbd8653","geometry":{"type":"Point","coordinates":[69.6015483,42.3192365]},"properties":{"city":"shymkent","overture_id":"94e3f100-4126-454e-9fc2-8e13dbbd8653","overture_version":1,"sources":[{"property":"","dataset":"OpenStreetMap","license":"ODbL-1.0","record_id":"n11375783431@1","update_time":"2023-11-25T18:49:10Z","confidence":null,"between":null,"provider":"osm","resource":"planet","version":"2026-09-09"}],"k10_inside_bbox":true}},{"type":"Feature","id":"94e78eed-ebc3-4882-96c9-61056ce3a005","geometry":{"type":"Point","coordinates":[69.5995251,42.3131608]},"properties":{"city":"shymkent","overture_id":"94e78eed-ebc3-4882-96c9-61056ce3a005","overture_version":1,"sources":[{"property":"","dataset":"OpenStreetMap","license":"ODbL-1.0","record_id":"n13272759427@1","update_time":"2025-10-31T17:50:55Z","confidence":null,"between":null,"provider":"osm","resource":"planet","version":"2026-09-09"}],"k10_inside_bbox":true}},{"type":"Feature","id":"94f461f9-bad1-496f-96b7-b90c9abb4e45","geometry":{"type":"Point","coordinates":[69.5931414,42.3231385]},"properties":{"city":"shymkent","overture_id":"94f461f9-bad1-496f-96b7-b90c9abb4e45","overture_version":1,"sources":[{"property":"","dataset":"OpenStreetMap","license":"ODbL-1.0","record_id":"n8239565396@2","update_time":"2023-03-13T03:38:15Z","confidence":null,"between":null,"provider":"osm","resource":"planet","version":"2026-09-09"}],"k10_inside_bbox":false}},{"type":"Feature","id":"95071119-4f60-4a58-8440-77eca4b489db","geometry":{"type":"Point","coordinates":[69.601087,42.3113924]},"properties":{"city":"shymkent","overture_id":"95071119-4f60-4a58-8440-77eca4b489db","overture_version":1,"sources":[{"property":"","dataset":"OpenStreetMap","license":"ODbL-1.0","record_id":"n9273546521@4","update_time":"2024-09-05T07:06:14Z","confidence":null,"between":null,"provider":"osm","resource":"planet","version":"2026-09-09"}],"k10_inside_bbox":true}},{"type":"Feature","id":"9507d55a-fe56-4e71-9b36-77de049bec7c","geometry":{"type":"Point","coordinates":[69.5944997,42.3210376]},"properties":{"city":"shymkent","overture_id":"9507d55a-fe56-4e71-9b36-77de049bec7c","overture_version":1,"sources":[{"property":"","dataset":"OpenStreetMap","license":"ODbL-1.0","record_id":"n10731921323@1","update_time":"2023-03-13T03:38:15Z","confidence":null,"between":null,"provider":"osm","resource":"planet","version":"2026-09-09"}],"k10_inside_bbox":true}},{"type":"Feature","id":"950a269d-d0d0-4c6a-aa5f-cb9ef7eb1e8c","geometry":{"type":"Point","coordinates":[69.597521,42.3171442]},"properties":{"city":"shymkent","overture_id":"950a269d-d0d0-4c6a-aa5f-cb9ef7eb1e8c","overture_version":1,"sources":[{"property":"","dataset":"OpenStreetMap","license":"ODbL-1.0","record_id":"n12061216894@1","update_time":"2024-07-18T12:44:59Z","confidence":null,"between":null,"provider":"osm","resource":"planet","version":"2026-09-09"}],"k10_inside_bbox":true}},{"type":"Feature","id":"95204460-a2a5-4ef0-b3e4-c8d47642a2a1","geometry":{"type":"Point","coordinates":[69.6156068,42.3067468]},"properties":{"city":"shymkent","overture_id":"95204460-a2a5-4ef0-b3e4-c8d47642a2a1","overture_version":1,"sources":[{"property":"","dataset":"OpenStreetMap","license":"ODbL-1.0","record_id":"n5492610484@1","update_time":"2018-03-21T04:38:16Z","confidence":null,"between":null,"provider":"osm","resource":"planet","version":"2026-09-09"}],"k10_inside_bbox":true}},{"type":"Feature","id":"95324d85-1895-425f-a069-13a4d0ef801b","geometry":{"type":"Point","coordinates":[69.6012964,42.318991]},"properties":{"city":"shymkent","overture_id":"95324d85-1895-425f-a069-13a4d0ef801b","overture_version":1,"sources":[{"property":"","dataset":"OpenStreetMap","license":"ODbL-1.0","record_id":"n11375783433@1","update_time":"2023-11-25T18:49:10Z","confidence":null,"between":null,"provider":"osm","resource":"planet","version":"2026-09-09"}],"k10_inside_bbox":true}},{"type":"Feature","id":"953d0d03-e9eb-4c04-bbea-e806d9298c66","geometry":{"type":"Point","coordinates":[69.6055256,42.3129763]},"properties":{"city":"shymkent","overture_id":"953d0d03-e9eb-4c04-bbea-e806d9298c66","overture_version":1,"sources":[{"property":"","dataset":"OpenStreetMap","license":"ODbL-1.0","record_id":"n1326355559@2","update_time":"2011-09-06T11:47:58Z","confidence":null,"between":null,"provider":"osm","resource":"planet","version":"2026-09-09"}],"k10_inside_bbox":true}},{"type":"Feature","id":"95422ff2-94d8-4a43-8251-753be725783f","geometry":{"type":"Point","coordinates":[69.6000451,42.3166183]},"properties":{"city":"shymkent","overture_id":"95422ff2-94d8-4a43-8251-753be725783f","overture_version":1,"sources":[{"property":"","dataset":"OpenStreetMap","license":"ODbL-1.0","record_id":"n8069568551@1","update_time":"2020-10-31T19:30:44Z","confidence":null,"between":null,"provider":"osm","resource":"planet","version":"2026-09-09"}],"k10_inside_bbox":true}},{"type":"Feature","id":"95608246-80b5-489c-b622-f33ae5f840ed","geometry":{"type":"Point","coordinates":[69.5971841,42.3187713]},"properties":{"city":"shymkent","overture_id":"95608246-80b5-489c-b622-f33ae5f840ed","overture_version":1,"sources":[{"property":"","dataset":"OpenStreetMap","license":"ODbL-1.0","record_id":"n8163645745@2","update_time":"2023-03-13T03:38:15Z","confidence":null,"between":null,"provider":"osm","resource":"planet","version":"2026-09-09"}],"k10_inside_bbox":true}},{"type":"Feature","id":"958745fd-65b8-40f9-aa9c-bce57e5683e1","geometry":{"type":"Point","coordinates":[69.609496,42.319773]},"properties":{"city":"shymkent","overture_id":"958745fd-65b8-40f9-aa9c-bce57e5683e1","overture_version":1,"sources":[{"property":"","dataset":"OpenStreetMap","license":"ODbL-1.0","record_id":"n1287313876@2","update_time":"2024-09-05T07:06:14Z","confidence":null,"between":null,"provider":"osm","resource":"planet","version":"2026-09-09"}],"k10_inside_bbox":true}},{"type":"Feature","id":"9597fc76-d00d-4756-9d57-bae9d246d05e","geometry":{"type":"Point","coordinates":[69.6086508,42.3069154]},"properties":{"city":"shymkent","overture_id":"9597fc76-d00d-4756-9d57-bae9d246d05e","overture_version":1,"sources":[{"property":"","dataset":"OpenStreetMap","license":"ODbL-1.0","record_id":"n4333318064@2","update_time":"2016-08-07T12:21:55Z","confidence":null,"between":null,"provider":"osm","resource":"planet","version":"2026-09-09"}],"k10_inside_bbox":true}},{"type":"Feature","id":"95b4083d-1bb7-4246-8416-1a72f7f1e0b2","geometry":{"type":"Point","coordinates":[69.6041554,42.3133426]},"properties":{"city":"shymkent","overture_id":"95b4083d-1bb7-4246-8416-1a72f7f1e0b2","overture_version":1,"sources":[{"property":"","dataset":"OpenStreetMap","license":"ODbL-1.0","record_id":"n1326355088@1","update_time":"2011-06-15T12:36:41Z","confidence":null,"between":null,"provider":"osm","resource":"planet","version":"2026-09-09"}],"k10_inside_bbox":true}},{"type":"Feature","id":"9632849d-feb5-4ffc-9b24-86ca9b734107","geometry":{"type":"Point","coordinates":[69.6056611,42.3129799]},"properties":{"city":"shymkent","overture_id":"9632849d-feb5-4ffc-9b24-86ca9b734107","overture_version":1,"sources":[{"property":"","dataset":"OpenStreetMap","license":"ODbL-1.0","record_id":"n1326355026@2","update_time":"2011-09-06T11:47:56Z","confidence":null,"between":null,"provider":"osm","resource":"planet","version":"2026-09-09"}],"k10_inside_bbox":true}},{"type":"Feature","id":"96411e59-5980-4d3f-8351-5645b67ad1f8","geometry":{"type":"Point","coordinates":[69.6018197,42.3065748]},"properties":{"city":"shymkent","overture_id":"96411e59-5980-4d3f-8351-5645b67ad1f8","overture_version":1,"sources":[{"property":"","dataset":"OpenStreetMap","license":"ODbL-1.0","record_id":"n1326320298@3","update_time":"2023-08-27T16:41:50Z","confidence":null,"between":null,"provider":"osm","resource":"planet","version":"2026-09-09"}],"k10_inside_bbox":false}},{"type":"Feature","id":"965d72b1-62e4-42cc-b787-f45a490f5cc7","geometry":{"type":"Point","coordinates":[69.6126869,42.3061568]},"properties":{"city":"shymkent","overture_id":"965d72b1-62e4-42cc-b787-f45a490f5cc7","overture_version":1,"sources":[{"property":"","dataset":"OpenStreetMap","license":"ODbL-1.0","record_id":"n1453372760@2","update_time":"2020-11-27T04:10:04Z","confidence":null,"between":null,"provider":"osm","resource":"planet","version":"2026-09-09"}],"k10_inside_bbox":false}},{"type":"Feature","id":"96ec6942-78e2-4981-9246-9671dc8b8f5b","geometry":{"type":"Point","coordinates":[69.6022175,42.3141413]},"properties":{"city":"shymkent","overture_id":"96ec6942-78e2-4981-9246-9671dc8b8f5b","overture_version":1,"sources":[{"property":"","dataset":"OpenStreetMap","license":"ODbL-1.0","record_id":"n12804572552@1","update_time":"2025-05-02T17:34:26Z","confidence":null,"between":null,"provider":"osm","resource":"planet","version":"2026-09-09"}],"k10_inside_bbox":true}},{"type":"Feature","id":"9704e4bf-e6eb-4135-90e9-63e9a9807ebd","geometry":{"type":"Point","coordinates":[69.5932982,42.3183525]},"properties":{"city":"shymkent","overture_id":"9704e4bf-e6eb-4135-90e9-63e9a9807ebd","overture_version":2,"sources":[{"property":"","dataset":"OpenStreetMap","license":"ODbL-1.0","record_id":"n4346751781@2","update_time":"2025-06-29T06:12:14Z","confidence":null,"between":null,"provider":"osm","resource":"planet","version":"2026-09-09"}],"k10_inside_bbox":false}},{"type":"Feature","id":"9717ce0e-1321-44ea-87ec-926efba6fdca","geometry":{"type":"Point","coordinates":[69.6028803,42.3213755]},"properties":{"city":"shymkent","overture_id":"9717ce0e-1321-44ea-87ec-926efba6fdca","overture_version":1,"sources":[{"property":"","dataset":"OpenStreetMap","license":"ODbL-1.0","record_id":"n1287313854@3","update_time":"2012-08-02T17:27:48Z","confidence":null,"between":null,"provider":"osm","resource":"planet","version":"2026-09-09"}],"k10_inside_bbox":true}},{"type":"Feature","id":"97925c80-d9d5-4412-9ff9-20d07dc46170","geometry":{"type":"Point","coordinates":[69.6112807,42.3157737]},"properties":{"city":"shymkent","overture_id":"97925c80-d9d5-4412-9ff9-20d07dc46170","overture_version":1,"sources":[{"property":"","dataset":"OpenStreetMap","license":"ODbL-1.0","record_id":"n11375783544@1","update_time":"2023-11-25T18:49:10Z","confidence":null,"between":null,"provider":"osm","resource":"planet","version":"2026-09-09"}],"k10_inside_bbox":true}},{"type":"Feature","id":"979b921b-c550-4c6f-8faf-19bef8436116","geometry":{"type":"Point","coordinates":[69.6078649,42.3106525]},"properties":{"city":"shymkent","overture_id":"979b921b-c550-4c6f-8faf-19bef8436116","overture_version":1,"sources":[{"property":"","dataset":"OpenStreetMap","license":"ODbL-1.0","record_id":"n10142782311@1","update_time":"2022-10-31T12:08:23Z","confidence":null,"between":null,"provider":"osm","resource":"planet","version":"2026-09-09"}],"k10_inside_bbox":true}},{"type":"Feature","id":"97c9867b-7947-45ff-8da0-9ba5e010c112","geometry":{"type":"Point","coordinates":[69.6192661,42.3099705]},"properties":{"city":"shymkent","overture_id":"97c9867b-7947-45ff-8da0-9ba5e010c112","overture_version":1,"sources":[{"property":"","dataset":"OpenStreetMap","license":"ODbL-1.0","record_id":"n11192591039@1","update_time":"2023-09-15T07:05:45Z","confidence":null,"between":null,"provider":"osm","resource":"planet","version":"2026-09-09"}],"k10_inside_bbox":false}},{"type":"Feature","id":"9805ec78-4a9c-465e-b41b-2cd4598a37c4","geometry":{"type":"Point","coordinates":[69.6081815,42.3125372]},"properties":{"city":"shymkent","overture_id":"9805ec78-4a9c-465e-b41b-2cd4598a37c4","overture_version":1,"sources":[{"property":"","dataset":"OpenStreetMap","license":"ODbL-1.0","record_id":"n1327031608@1","update_time":"2011-06-16T02:55:17Z","confidence":null,"between":null,"provider":"osm","resource":"planet","version":"2026-09-09"}],"k10_inside_bbox":true}},{"type":"Feature","id":"98149eb8-a6b0-40c3-8c10-dd4078105b49","geometry":{"type":"Point","coordinates":[69.5991106,42.3207431]},"properties":{"city":"shymkent","overture_id":"98149eb8-a6b0-40c3-8c10-dd4078105b49","overture_version":1,"sources":[{"property":"","dataset":"OpenStreetMap","license":"ODbL-1.0","record_id":"n11375783422@1","update_time":"2023-11-25T18:49:10Z","confidence":null,"between":null,"provider":"osm","resource":"planet","version":"2026-09-09"}],"k10_inside_bbox":true}},{"type":"Feature","id":"98aabf8c-dc42-4ac4-a7aa-6d3e9aa0c8ca","geometry":{"type":"Point","coordinates":[69.5926584,42.3179521]},"properties":{"city":"shymkent","overture_id":"98aabf8c-dc42-4ac4-a7aa-6d3e9aa0c8ca","overture_version":1,"sources":[{"property":"","dataset":"OpenStreetMap","license":"ODbL-1.0","record_id":"n1437656028@1","update_time":"2011-09-19T18:13:21Z","confidence":null,"between":null,"provider":"osm","resource":"planet","version":"2026-09-09"}],"k10_inside_bbox":false}},{"type":"Feature","id":"990ae9e3-ab3d-4ce5-b1b8-9ed3ad2ad018","geometry":{"type":"Point","coordinates":[69.6011886,42.3190179]},"properties":{"city":"shymkent","overture_id":"990ae9e3-ab3d-4ce5-b1b8-9ed3ad2ad018","overture_version":1,"sources":[{"property":"","dataset":"OpenStreetMap","license":"ODbL-1.0","record_id":"n11375783430@1","update_time":"2023-11-25T18:49:10Z","confidence":null,"between":null,"provider":"osm","resource":"planet","version":"2026-09-09"}],"k10_inside_bbox":true}},{"type":"Feature","id":"9910e9ce-97b5-4d17-8a8c-05b500594048","geometry":{"type":"Point","coordinates":[69.5983371,42.3134455]},"properties":{"city":"shymkent","overture_id":"9910e9ce-97b5-4d17-8a8c-05b500594048","overture_version":1,"sources":[{"property":"","dataset":"OpenStreetMap","license":"ODbL-1.0","record_id":"n2081832655@2","update_time":"2018-11-19T19:12:45Z","confidence":null,"between":null,"provider":"osm","resource":"planet","version":"2026-09-09"}],"k10_inside_bbox":true}},{"type":"Feature","id":"997abd3d-e601-406d-b982-9dcedc8d5738","geometry":{"type":"Point","coordinates":[69.6099498,42.3083322]},"properties":{"city":"shymkent","overture_id":"997abd3d-e601-406d-b982-9dcedc8d5738","overture_version":1,"sources":[{"property":"","dataset":"OpenStreetMap","license":"ODbL-1.0","record_id":"n6190366404@1","update_time":"2019-01-07T17:04:38Z","confidence":null,"between":null,"provider":"osm","resource":"planet","version":"2026-09-09"}],"k10_inside_bbox":true}},{"type":"Feature","id":"99931194-3dc9-4a6a-be25-3684901c4844","geometry":{"type":"Point","coordinates":[69.6163487,42.3118505]},"properties":{"city":"shymkent","overture_id":"99931194-3dc9-4a6a-be25-3684901c4844","overture_version":1,"sources":[{"property":"","dataset":"OpenStreetMap","license":"ODbL-1.0","record_id":"n11384193203@1","update_time":"2023-11-29T17:35:01Z","confidence":null,"between":null,"provider":"osm","resource":"planet","version":"2026-09-09"}],"k10_inside_bbox":true}},{"type":"Feature","id":"99b199b7-4481-454e-81cb-481e5be08040","geometry":{"type":"Point","coordinates":[69.6004823,42.314498]},"properties":{"city":"shymkent","overture_id":"99b199b7-4481-454e-81cb-481e5be08040","overture_version":1,"sources":[{"property":"","dataset":"OpenStreetMap","license":"ODbL-1.0","record_id":"n13083815840@1","update_time":"2025-08-20T06:31:37Z","confidence":null,"between":null,"provider":"osm","resource":"planet","version":"2026-09-09"}],"k10_inside_bbox":true}},{"type":"Feature","id":"99ce5ee1-daa0-4f22-be00-76e1de344528","geometry":{"type":"Point","coordinates":[69.6044339,42.3132765]},"properties":{"city":"shymkent","overture_id":"99ce5ee1-daa0-4f22-be00-76e1de344528","overture_version":1,"sources":[{"property":"","dataset":"OpenStreetMap","license":"ODbL-1.0","record_id":"n1326355029@1","update_time":"2011-06-15T12:36:39Z","confidence":null,"between":null,"provider":"osm","resource":"planet","version":"2026-09-09"}],"k10_inside_bbox":true}},{"type":"Feature","id":"99df0113-6568-4efa-90b3-c8d9b5f31a05","geometry":{"type":"Point","coordinates":[69.6029274,42.3114466]},"properties":{"city":"shymkent","overture_id":"99df0113-6568-4efa-90b3-c8d9b5f31a05","overture_version":1,"sources":[{"property":"","dataset":"OpenStreetMap","license":"ODbL-1.0","record_id":"n12818487784@1","update_time":"2025-05-08T04:08:13Z","confidence":null,"between":null,"provider":"osm","resource":"planet","version":"2026-09-09"}],"k10_inside_bbox":true}},{"type":"Feature","id":"9a19c928-b931-40f7-a54c-160adf1c473e","geometry":{"type":"Point","coordinates":[69.6011494,42.3141798]},"properties":{"city":"shymkent","overture_id":"9a19c928-b931-40f7-a54c-160adf1c473e","overture_version":1,"sources":[{"property":"","dataset":"OpenStreetMap","license":"ODbL-1.0","record_id":"n11953096391@1","update_time":"2024-06-03T04:48:58Z","confidence":null,"between":null,"provider":"osm","resource":"planet","version":"2026-09-09"}],"k10_inside_bbox":true}},{"type":"Feature","id":"9a2d7960-1cf5-4f9b-acdd-43d1957df77a","geometry":{"type":"Point","coordinates":[69.6071334,42.3127806]},"properties":{"city":"shymkent","overture_id":"9a2d7960-1cf5-4f9b-acdd-43d1957df77a","overture_version":1,"sources":[{"property":"","dataset":"OpenStreetMap","license":"ODbL-1.0","record_id":"n1327031642@1","update_time":"2011-06-16T02:55:19Z","confidence":null,"between":null,"provider":"osm","resource":"planet","version":"2026-09-09"}],"k10_inside_bbox":true}},{"type":"Feature","id":"9a7cd011-5b99-4077-853d-184feba14aee","geometry":{"type":"Point","coordinates":[69.6023013,42.305338]},"properties":{"city":"shymkent","overture_id":"9a7cd011-5b99-4077-853d-184feba14aee","overture_version":1,"sources":[{"property":"","dataset":"OpenStreetMap","license":"ODbL-1.0","record_id":"n11148559405@1","update_time":"2023-08-27T16:41:50Z","confidence":null,"between":null,"provider":"osm","resource":"planet","version":"2026-09-09"}],"k10_inside_bbox":false}},{"type":"Feature","id":"9a8f7711-5b1c-4e05-b51e-97ef16d92e1b","geometry":{"type":"Point","coordinates":[69.6151922,42.310959]},"properties":{"city":"shymkent","overture_id":"9a8f7711-5b1c-4e05-b51e-97ef16d92e1b","overture_version":1,"sources":[{"property":"","dataset":"OpenStreetMap","license":"ODbL-1.0","record_id":"n11384193152@1","update_time":"2023-11-29T17:35:01Z","confidence":null,"between":null,"provider":"osm","resource":"planet","version":"2026-09-09"}],"k10_inside_bbox":true}},{"type":"Feature","id":"9a946fc9-958a-4f0b-a363-0bab21800fc2","geometry":{"type":"Point","coordinates":[69.6047734,42.3125658]},"properties":{"city":"shymkent","overture_id":"9a946fc9-958a-4f0b-a363-0bab21800fc2","overture_version":1,"sources":[{"property":"","dataset":"OpenStreetMap","license":"ODbL-1.0","record_id":"n1326355664@2","update_time":"2011-09-06T11:47:59Z","confidence":null,"between":null,"provider":"osm","resource":"planet","version":"2026-09-09"}],"k10_inside_bbox":true}},{"type":"Feature","id":"9ac6d606-62c4-468a-9769-3f77d51d1900","geometry":{"type":"Point","coordinates":[69.607475,42.3206954]},"properties":{"city":"shymkent","overture_id":"9ac6d606-62c4-468a-9769-3f77d51d1900","overture_version":1,"sources":[{"property":"","dataset":"OpenStreetMap","license":"ODbL-1.0","record_id":"n11375783481@1","update_time":"2023-11-25T18:49:10Z","confidence":null,"between":null,"provider":"osm","resource":"planet","version":"2026-09-09"}],"k10_inside_bbox":true}},{"type":"Feature","id":"9acc9347-f044-4ad8-bdb0-5b1a7a96f3ff","geometry":{"type":"Point","coordinates":[69.5969966,42.3180029]},"properties":{"city":"shymkent","overture_id":"9acc9347-f044-4ad8-bdb0-5b1a7a96f3ff","overture_version":1,"sources":[{"property":"","dataset":"OpenStreetMap","license":"ODbL-1.0","record_id":"n12950993607@1","update_time":"2025-06-25T03:12:57Z","confidence":null,"between":null,"provider":"osm","resource":"planet","version":"2026-09-09"}],"k10_inside_bbox":true}},{"type":"Feature","id":"9ae0e905-9b24-438e-bf69-35c0387031a9","geometry":{"type":"Point","coordinates":[69.6003054,42.3267697]},"properties":{"city":"shymkent","overture_id":"9ae0e905-9b24-438e-bf69-35c0387031a9","overture_version":1,"sources":[{"property":"","dataset":"OpenStreetMap","license":"ODbL-1.0","record_id":"n1782581553@1","update_time":"2012-06-10T14:26:15Z","confidence":null,"between":null,"provider":"osm","resource":"planet","version":"2026-09-09"}],"k10_inside_bbox":false}},{"type":"Feature","id":"9afb6e37-80f9-4c1f-a657-e0d7e461cf66","geometry":{"type":"Point","coordinates":[69.6072185,42.3059176]},"properties":{"city":"shymkent","overture_id":"9afb6e37-80f9-4c1f-a657-e0d7e461cf66","overture_version":1,"sources":[{"property":"","dataset":"OpenStreetMap","license":"ODbL-1.0","record_id":"n4333318065@2","update_time":"2016-08-07T12:21:55Z","confidence":null,"between":null,"provider":"osm","resource":"planet","version":"2026-09-09"}],"k10_inside_bbox":false}},{"type":"Feature","id":"9b1e75b7-6a77-429c-814f-2c79850f612f","geometry":{"type":"Point","coordinates":[69.5996582,42.3193999]},"properties":{"city":"shymkent","overture_id":"9b1e75b7-6a77-429c-814f-2c79850f612f","overture_version":1,"sources":[{"property":"","dataset":"OpenStreetMap","license":"ODbL-1.0","record_id":"n1343040706@3","update_time":"2013-04-11T12:09:48Z","confidence":null,"between":null,"provider":"osm","resource":"planet","version":"2026-09-09"}],"k10_inside_bbox":true}},{"type":"Feature","id":"9b2e96e6-88fd-4f3c-a16d-7b8594c92325","geometry":{"type":"Point","coordinates":[69.612378,42.307806]},"properties":{"city":"shymkent","overture_id":"9b2e96e6-88fd-4f3c-a16d-7b8594c92325","overture_version":1,"sources":[{"property":"","dataset":"OpenStreetMap","license":"ODbL-1.0","record_id":"n5492611147@3","update_time":"2023-07-12T10:14:11Z","confidence":null,"between":null,"provider":"osm","resource":"planet","version":"2026-09-09"}],"k10_inside_bbox":true}},{"type":"Feature","id":"9b6cb166-8557-4f1b-a1d5-6d2c5e59ee89","geometry":{"type":"Point","coordinates":[69.597213,42.3198616]},"properties":{"city":"shymkent","overture_id":"9b6cb166-8557-4f1b-a1d5-6d2c5e59ee89","overture_version":1,"sources":[{"property":"","dataset":"OpenStreetMap","license":"ODbL-1.0","record_id":"n1756926562@1","update_time":"2012-05-18T06:13:11Z","confidence":null,"between":null,"provider":"osm","resource":"planet","version":"2026-09-09"}],"k10_inside_bbox":true}},{"type":"Feature","id":"9bddcde4-4ca1-49cf-9e80-c8c294874898","geometry":{"type":"Point","coordinates":[69.5895477,42.3229005]},"properties":{"city":"shymkent","overture_id":"9bddcde4-4ca1-49cf-9e80-c8c294874898","overture_version":1,"sources":[{"property":"","dataset":"OpenStreetMap","license":"ODbL-1.0","record_id":"n11934561805@1","update_time":"2024-05-26T08:47:45Z","confidence":null,"between":null,"provider":"osm","resource":"planet","version":"2026-09-09"}],"k10_inside_bbox":false}},{"type":"Feature","id":"9bea01f1-5e52-4d3e-8c47-433dcea0ed60","geometry":{"type":"Point","coordinates":[69.6000777,42.3090875]},"properties":{"city":"shymkent","overture_id":"9bea01f1-5e52-4d3e-8c47-433dcea0ed60","overture_version":2,"sources":[{"property":"","dataset":"OpenStreetMap","license":"ODbL-1.0","record_id":"n10277182964@2","update_time":"2026-03-22T06:45:42Z","confidence":null,"between":null,"provider":"osm","resource":"planet","version":"2026-09-09"}],"k10_inside_bbox":true}},{"type":"Feature","id":"9bf05171-ef9e-4745-ab6a-e5076ef8e8fc","geometry":{"type":"Point","coordinates":[69.6082431,42.3134095]},"properties":{"city":"shymkent","overture_id":"9bf05171-ef9e-4745-ab6a-e5076ef8e8fc","overture_version":1,"sources":[{"property":"","dataset":"OpenStreetMap","license":"ODbL-1.0","record_id":"n11384193268@1","update_time":"2023-11-29T17:35:01Z","confidence":null,"between":null,"provider":"osm","resource":"planet","version":"2026-09-09"}],"k10_inside_bbox":true}},{"type":"Feature","id":"9c2f0677-6714-4ac2-87fb-0f73b3736554","geometry":{"type":"Point","coordinates":[69.6036579,42.3112386]},"properties":{"city":"shymkent","overture_id":"9c2f0677-6714-4ac2-87fb-0f73b3736554","overture_version":1,"sources":[{"property":"","dataset":"OpenStreetMap","license":"ODbL-1.0","record_id":"n5946672146@3","update_time":"2026-05-27T18:04:03Z","confidence":null,"between":null,"provider":"osm","resource":"planet","version":"2026-09-09"}],"k10_inside_bbox":true}},{"type":"Feature","id":"9c5547d8-af40-46e9-9c3b-8a546ed5e253","geometry":{"type":"Point","coordinates":[69.6098263,42.3205161]},"properties":{"city":"shymkent","overture_id":"9c5547d8-af40-46e9-9c3b-8a546ed5e253","overture_version":1,"sources":[{"property":"","dataset":"OpenStreetMap","license":"ODbL-1.0","record_id":"n5401348255@2","update_time":"2024-09-05T07:06:14Z","confidence":null,"between":null,"provider":"osm","resource":"planet","version":"2026-09-09"}],"k10_inside_bbox":true}},{"type":"Feature","id":"9c8298d5-43d7-43f3-8956-b711e442b212","geometry":{"type":"Point","coordinates":[69.5938094,42.3190551]},"properties":{"city":"shymkent","overture_id":"9c8298d5-43d7-43f3-8956-b711e442b212","overture_version":1,"sources":[{"property":"","dataset":"OpenStreetMap","license":"ODbL-1.0","record_id":"n1437656045@1","update_time":"2011-09-19T18:13:22Z","confidence":null,"between":null,"provider":"osm","resource":"planet","version":"2026-09-09"}],"k10_inside_bbox":true}},{"type":"Feature","id":"9cca6d3d-dfbc-46c5-bde8-b32cef5bfcab","geometry":{"type":"Point","coordinates":[69.6052291,42.3130795]},"properties":{"city":"shymkent","overture_id":"9cca6d3d-dfbc-46c5-bde8-b32cef5bfcab","overture_version":1,"sources":[{"property":"","dataset":"OpenStreetMap","license":"ODbL-1.0","record_id":"n1326355293@1","update_time":"2011-06-15T12:36:47Z","confidence":null,"between":null,"provider":"osm","resource":"planet","version":"2026-09-09"}],"k10_inside_bbox":true}},{"type":"Feature","id":"9d1e2221-b106-4d94-a242-72b7100124f1","geometry":{"type":"Point","coordinates":[69.5957896,42.3200437]},"properties":{"city":"shymkent","overture_id":"9d1e2221-b106-4d94-a242-72b7100124f1","overture_version":1,"sources":[{"property":"","dataset":"OpenStreetMap","license":"ODbL-1.0","record_id":"n11374971725@1","update_time":"2023-11-25T09:22:16Z","confidence":null,"between":null,"provider":"osm","resource":"planet","version":"2026-09-09"}],"k10_inside_bbox":true}},{"type":"Feature","id":"9d28c13f-48a4-4aab-950f-205d96da4a06","geometry":{"type":"Point","coordinates":[69.599445,42.3074191]},"properties":{"city":"shymkent","overture_id":"9d28c13f-48a4-4aab-950f-205d96da4a06","overture_version":1,"sources":[{"property":"","dataset":"OpenStreetMap","license":"ODbL-1.0","record_id":"n12828511292@1","update_time":"2025-05-11T13:58:56Z","confidence":null,"between":null,"provider":"osm","resource":"planet","version":"2026-09-09"}],"k10_inside_bbox":true}},{"type":"Feature","id":"9d3a0c1f-8fe7-4326-b798-9595d5be240c","geometry":{"type":"Point","coordinates":[69.6125428,42.3087015]},"properties":{"city":"shymkent","overture_id":"9d3a0c1f-8fe7-4326-b798-9595d5be240c","overture_version":1,"sources":[{"property":"","dataset":"OpenStreetMap","license":"ODbL-1.0","record_id":"n5492611720@1","update_time":"2018-03-21T04:40:47Z","confidence":null,"between":null,"provider":"osm","resource":"planet","version":"2026-09-09"}],"k10_inside_bbox":true}},{"type":"Feature","id":"9d52469f-3361-496c-a18b-fbcf8fbbecb2","geometry":{"type":"Point","coordinates":[69.6033924,42.3072443]},"properties":{"city":"shymkent","overture_id":"9d52469f-3361-496c-a18b-fbcf8fbbecb2","overture_version":2,"sources":[{"property":"","dataset":"OpenStreetMap","license":"ODbL-1.0","record_id":"n13311470438@1","update_time":"2025-11-17T18:46:06Z","confidence":null,"between":null,"provider":"osm","resource":"planet","version":"2026-09-09"}],"k10_inside_bbox":true}},{"type":"Feature","id":"9da198eb-e562-432a-80e7-16e0e975520a","geometry":{"type":"Point","coordinates":[69.61412,42.3093652]},"properties":{"city":"shymkent","overture_id":"9da198eb-e562-432a-80e7-16e0e975520a","overture_version":1,"sources":[{"property":"","dataset":"OpenStreetMap","license":"ODbL-1.0","record_id":"n11384193153@1","update_time":"2023-11-29T17:35:01Z","confidence":null,"between":null,"provider":"osm","resource":"planet","version":"2026-09-09"}],"k10_inside_bbox":true}},{"type":"Feature","id":"9da36abb-9bee-4b42-84e0-d58ea7bcc5b6","geometry":{"type":"Point","coordinates":[69.6088966,42.3199166]},"properties":{"city":"shymkent","overture_id":"9da36abb-9bee-4b42-84e0-d58ea7bcc5b6","overture_version":1,"sources":[{"property":"","dataset":"OpenStreetMap","license":"ODbL-1.0","record_id":"n11375783485@1","update_time":"2023-11-25T18:49:10Z","confidence":null,"between":null,"provider":"osm","resource":"planet","version":"2026-09-09"}],"k10_inside_bbox":true}},{"type":"Feature","id":"9dad6a3e-e36f-4172-98de-f02e606435e8","geometry":{"type":"Point","coordinates":[69.6016039,42.3223776]},"properties":{"city":"shymkent","overture_id":"9dad6a3e-e36f-4172-98de-f02e606435e8","overture_version":1,"sources":[{"property":"","dataset":"OpenStreetMap","license":"ODbL-1.0","record_id":"n3752787150@1","update_time":"2015-09-21T12:22:36Z","confidence":null,"between":null,"provider":"osm","resource":"planet","version":"2026-09-09"}],"k10_inside_bbox":true}},{"type":"Feature","id":"9dbb7109-de8f-484a-a093-839a10955bf6","geometry":{"type":"Point","coordinates":[69.6171212,42.3078239]},"properties":{"city":"shymkent","overture_id":"9dbb7109-de8f-484a-a093-839a10955bf6","overture_version":1,"sources":[{"property":"","dataset":"OpenStreetMap","license":"ODbL-1.0","record_id":"n11384193457@1","update_time":"2023-11-29T17:35:01Z","confidence":null,"between":null,"provider":"osm","resource":"planet","version":"2026-09-09"}],"k10_inside_bbox":true}},{"type":"Feature","id":"9dd2d899-23a5-4ea1-8900-42682ac2eec4","geometry":{"type":"Point","coordinates":[69.6082807,42.3146947]},"properties":{"city":"shymkent","overture_id":"9dd2d899-23a5-4ea1-8900-42682ac2eec4","overture_version":1,"sources":[{"property":"","dataset":"OpenStreetMap","license":"ODbL-1.0","record_id":"n11384193418@1","update_time":"2023-11-29T17:35:01Z","confidence":null,"between":null,"provider":"osm","resource":"planet","version":"2026-09-09"}],"k10_inside_bbox":true}},{"type":"Feature","id":"9e0557ac-27da-41c3-b55e-1cc6f9c1ab69","geometry":{"type":"Point","coordinates":[69.5993392,42.3148283]},"properties":{"city":"shymkent","overture_id":"9e0557ac-27da-41c3-b55e-1cc6f9c1ab69","overture_version":1,"sources":[{"property":"","dataset":"OpenStreetMap","license":"ODbL-1.0","record_id":"n13083815825@1","update_time":"2025-08-20T06:31:37Z","confidence":null,"between":null,"provider":"osm","resource":"planet","version":"2026-09-09"}],"k10_inside_bbox":true}},{"type":"Feature","id":"9e2be1da-2e4b-4c90-9411-9bc7a2b739b8","geometry":{"type":"Point","coordinates":[69.596833,42.3175951]},"properties":{"city":"shymkent","overture_id":"9e2be1da-2e4b-4c90-9411-9bc7a2b739b8","overture_version":1,"sources":[{"property":"","dataset":"OpenStreetMap","license":"ODbL-1.0","record_id":"n4931121752@1","update_time":"2017-06-22T16:12:41Z","confidence":null,"between":null,"provider":"osm","resource":"planet","version":"2026-09-09"}],"k10_inside_bbox":true}},{"type":"Feature","id":"9fa7dcbc-f1ee-4ebd-b6f0-ae56c288ffc5","geometry":{"type":"Point","coordinates":[69.6150119,42.311001]},"properties":{"city":"shymkent","overture_id":"9fa7dcbc-f1ee-4ebd-b6f0-ae56c288ffc5","overture_version":1,"sources":[{"property":"","dataset":"OpenStreetMap","license":"ODbL-1.0","record_id":"n1671460877@2","update_time":"2018-08-31T21:27:48Z","confidence":null,"between":null,"provider":"osm","resource":"planet","version":"2026-09-09"}],"k10_inside_bbox":true}},{"type":"Feature","id":"9fdbf77a-d2b5-4862-b1c5-d86922efba8b","geometry":{"type":"Point","coordinates":[69.6032719,42.3039209]},"properties":{"city":"shymkent","overture_id":"9fdbf77a-d2b5-4862-b1c5-d86922efba8b","overture_version":1,"sources":[{"property":"","dataset":"OpenStreetMap","license":"ODbL-1.0","record_id":"n8226966072@1","update_time":"2020-12-14T08:39:34Z","confidence":null,"between":null,"provider":"osm","resource":"planet","version":"2026-09-09"}],"k10_inside_bbox":false}},{"type":"Feature","id":"a00c2d67-724d-4cd8-aaa7-c13e24ca3263","geometry":{"type":"Point","coordinates":[69.5974001,42.3199645]},"properties":{"city":"shymkent","overture_id":"a00c2d67-724d-4cd8-aaa7-c13e24ca3263","overture_version":1,"sources":[{"property":"","dataset":"OpenStreetMap","license":"ODbL-1.0","record_id":"n1240735768@6","update_time":"2019-11-07T05:45:45Z","confidence":null,"between":null,"provider":"osm","resource":"planet","version":"2026-09-09"}],"k10_inside_bbox":true}},{"type":"Feature","id":"a0253d8b-11ab-4567-a321-9751e524b82f","geometry":{"type":"Point","coordinates":[69.5958335,42.3181413]},"properties":{"city":"shymkent","overture_id":"a0253d8b-11ab-4567-a321-9751e524b82f","overture_version":1,"sources":[{"property":"","dataset":"OpenStreetMap","license":"ODbL-1.0","record_id":"n1299190515@8","update_time":"2016-06-19T16:12:16Z","confidence":null,"between":null,"provider":"osm","resource":"planet","version":"2026-09-09"}],"k10_inside_bbox":true}},{"type":"Feature","id":"a035c677-b302-48da-ace6-466e9ba84160","geometry":{"type":"Point","coordinates":[69.5944205,42.3204201]},"properties":{"city":"shymkent","overture_id":"a035c677-b302-48da-ace6-466e9ba84160","overture_version":2,"sources":[{"property":"","dataset":"OpenStreetMap","license":"ODbL-1.0","record_id":"n8169869091@2","update_time":"2026-05-19T13:56:14Z","confidence":null,"between":null,"provider":"osm","resource":"planet","version":"2026-09-09"}],"k10_inside_bbox":true}},{"type":"Feature","id":"a089c253-8120-437e-8d13-f273a27448ed","geometry":{"type":"Point","coordinates":[69.6037492,42.3131803]},"properties":{"city":"shymkent","overture_id":"a089c253-8120-437e-8d13-f273a27448ed","overture_version":1,"sources":[{"property":"","dataset":"OpenStreetMap","license":"ODbL-1.0","record_id":"n1326355626@1","update_time":"2011-06-15T12:37:01Z","confidence":null,"between":null,"provider":"osm","resource":"planet","version":"2026-09-09"}],"k10_inside_bbox":true}},{"type":"Feature","id":"a0aeb906-dbc5-4591-a8b7-cebec7f192ad","geometry":{"type":"Point","coordinates":[69.6117897,42.3137636]},"properties":{"city":"shymkent","overture_id":"a0aeb906-dbc5-4591-a8b7-cebec7f192ad","overture_version":1,"sources":[{"property":"","dataset":"OpenStreetMap","license":"ODbL-1.0","record_id":"n11057969232@1","update_time":"2023-07-21T04:58:20Z","confidence":null,"between":null,"provider":"osm","resource":"planet","version":"2026-09-09"}],"k10_inside_bbox":true}},{"type":"Feature","id":"a0f8855a-7c5f-465f-967a-796764a238e0","geometry":{"type":"Point","coordinates":[69.5953868,42.3135818]},"properties":{"city":"shymkent","overture_id":"a0f8855a-7c5f-465f-967a-796764a238e0","overture_version":2,"sources":[{"property":"","dataset":"OpenStreetMap","license":"ODbL-1.0","record_id":"n12214776389@2","update_time":"2025-06-26T12:40:50Z","confidence":null,"between":null,"provider":"osm","resource":"planet","version":"2026-09-09"}],"k10_inside_bbox":true}},{"type":"Feature","id":"a100770e-04f1-487f-a17c-a498e9aebcd4","geometry":{"type":"Point","coordinates":[69.5979679,42.3219183]},"properties":{"city":"shymkent","overture_id":"a100770e-04f1-487f-a17c-a498e9aebcd4","overture_version":1,"sources":[{"property":"","dataset":"OpenStreetMap","license":"ODbL-1.0","record_id":"n1433192043@1","update_time":"2011-09-15T04:44:27Z","confidence":null,"between":null,"provider":"osm","resource":"planet","version":"2026-09-09"}],"k10_inside_bbox":true}},{"type":"Feature","id":"a11a054c-6984-4284-9435-abfb01846284","geometry":{"type":"Point","coordinates":[69.6073067,42.3202977]},"properties":{"city":"shymkent","overture_id":"a11a054c-6984-4284-9435-abfb01846284","overture_version":1,"sources":[{"property":"","dataset":"OpenStreetMap","license":"ODbL-1.0","record_id":"n1287313897@1","update_time":"2011-05-16T05:45:07Z","confidence":null,"between":null,"provider":"osm","resource":"planet","version":"2026-09-09"}],"k10_inside_bbox":true}},{"type":"Feature","id":"a14af083-f93b-4ccc-9565-5fb21e374b16","geometry":{"type":"Point","coordinates":[69.6106678,42.3167601]},"properties":{"city":"shymkent","overture_id":"a14af083-f93b-4ccc-9565-5fb21e374b16","overture_version":1,"sources":[{"property":"","dataset":"OpenStreetMap","license":"ODbL-1.0","record_id":"n10975610419@1","update_time":"2023-06-14T02:18:44Z","confidence":null,"between":null,"provider":"osm","resource":"planet","version":"2026-09-09"}],"k10_inside_bbox":true}},{"type":"Feature","id":"a1680401-7000-4c35-8378-4836f40ba553","geometry":{"type":"Point","coordinates":[69.6064196,42.3205103]},"properties":{"city":"shymkent","overture_id":"a1680401-7000-4c35-8378-4836f40ba553","overture_version":1,"sources":[{"property":"","dataset":"OpenStreetMap","license":"ODbL-1.0","record_id":"n11375783474@1","update_time":"2023-11-25T18:49:10Z","confidence":null,"between":null,"provider":"osm","resource":"planet","version":"2026-09-09"}],"k10_inside_bbox":true}},{"type":"Feature","id":"a17b37cd-7725-4b0c-bdc8-5c268a6b80c1","geometry":{"type":"Point","coordinates":[69.5929367,42.316297]},"properties":{"city":"shymkent","overture_id":"a17b37cd-7725-4b0c-bdc8-5c268a6b80c1","overture_version":2,"sources":[{"property":"","dataset":"OpenStreetMap","license":"ODbL-1.0","record_id":"n11943588200@2","update_time":"2025-06-25T03:12:57Z","confidence":null,"between":null,"provider":"osm","resource":"planet","version":"2026-09-09"}],"k10_inside_bbox":false}},{"type":"Feature","id":"a17be418-f97b-404d-8206-033aedd4dd28","geometry":{"type":"Point","coordinates":[69.6001349,42.3165924]},"properties":{"city":"shymkent","overture_id":"a17be418-f97b-404d-8206-033aedd4dd28","overture_version":1,"sources":[{"property":"","dataset":"OpenStreetMap","license":"ODbL-1.0","record_id":"n8069568552@1","update_time":"2020-10-31T19:30:44Z","confidence":null,"between":null,"provider":"osm","resource":"planet","version":"2026-09-09"}],"k10_inside_bbox":true}},{"type":"Feature","id":"a19ba0c0-c285-4504-8252-e9c718a5050b","geometry":{"type":"Point","coordinates":[69.5924222,42.3168724]},"properties":{"city":"shymkent","overture_id":"a19ba0c0-c285-4504-8252-e9c718a5050b","overture_version":1,"sources":[{"property":"","dataset":"OpenStreetMap","license":"ODbL-1.0","record_id":"n1756926558@1","update_time":"2012-05-18T06:13:09Z","confidence":null,"between":null,"provider":"osm","resource":"planet","version":"2026-09-09"}],"k10_inside_bbox":false}},{"type":"Feature","id":"a1a5a6f1-318d-40b4-af25-b2493bb22a66","geometry":{"type":"Point","coordinates":[69.6035598,42.3132261]},"properties":{"city":"shymkent","overture_id":"a1a5a6f1-318d-40b4-af25-b2493bb22a66","overture_version":1,"sources":[{"property":"","dataset":"OpenStreetMap","license":"ODbL-1.0","record_id":"n1326354705@1","update_time":"2011-06-15T12:36:32Z","confidence":null,"between":null,"provider":"osm","resource":"planet","version":"2026-09-09"}],"k10_inside_bbox":true}},{"type":"Feature","id":"a1ca69df-aa68-4ede-8c86-1979e051c5b9","geometry":{"type":"Point","coordinates":[69.593133,42.3191364]},"properties":{"city":"shymkent","overture_id":"a1ca69df-aa68-4ede-8c86-1979e051c5b9","overture_version":2,"sources":[{"property":"","dataset":"OpenStreetMap","license":"ODbL-1.0","record_id":"n11943588182@2","update_time":"2025-06-29T06:12:14Z","confidence":null,"between":null,"provider":"osm","resource":"planet","version":"2026-09-09"}],"k10_inside_bbox":false}},{"type":"Feature","id":"a1ee5007-6c7e-40cb-a498-5b7e5f7298b0","geometry":{"type":"Point","coordinates":[69.594122,42.3205618]},"properties":{"city":"shymkent","overture_id":"a1ee5007-6c7e-40cb-a498-5b7e5f7298b0","overture_version":1,"sources":[{"property":"","dataset":"OpenStreetMap","license":"ODbL-1.0","record_id":"n1323489665@3","update_time":"2026-05-19T13:56:14Z","confidence":null,"between":null,"provider":"osm","resource":"planet","version":"2026-09-09"}],"k10_inside_bbox":true}},{"type":"Feature","id":"a2020394-ff86-4e33-8b3e-b94a89c0bde0","geometry":{"type":"Point","coordinates":[69.6012908,42.3192643]},"properties":{"city":"shymkent","overture_id":"a2020394-ff86-4e33-8b3e-b94a89c0bde0","overture_version":1,"sources":[{"property":"","dataset":"OpenStreetMap","license":"ODbL-1.0","record_id":"n11375783429@1","update_time":"2023-11-25T18:49:10Z","confidence":null,"between":null,"provider":"osm","resource":"planet","version":"2026-09-09"}],"k10_inside_bbox":true}},{"type":"Feature","id":"a25a8315-455b-4cec-9328-e85024a88763","geometry":{"type":"Point","coordinates":[69.602347,42.3149532]},"properties":{"city":"shymkent","overture_id":"a25a8315-455b-4cec-9328-e85024a88763","overture_version":1,"sources":[{"property":"","dataset":"OpenStreetMap","license":"ODbL-1.0","record_id":"n13888881212@1","update_time":"2026-05-27T17:08:16Z","confidence":null,"between":null,"provider":"osm","resource":"planet","version":"2026-09-09"}],"k10_inside_bbox":true}},{"type":"Feature","id":"a274a7f8-03ff-4e3e-9496-559fc351e241","geometry":{"type":"Point","coordinates":[69.5917949,42.319525]},"properties":{"city":"shymkent","overture_id":"a274a7f8-03ff-4e3e-9496-559fc351e241","overture_version":1,"sources":[{"property":"","dataset":"OpenStreetMap","license":"ODbL-1.0","record_id":"n9620924264@1","update_time":"2022-03-29T12:55:23Z","confidence":null,"between":null,"provider":"osm","resource":"planet","version":"2026-09-09"}],"k10_inside_bbox":false}},{"type":"Feature","id":"a327d773-69e1-4398-aeea-3a9aaca4d8d3","geometry":{"type":"Point","coordinates":[69.6039612,42.3151285]},"properties":{"city":"shymkent","overture_id":"a327d773-69e1-4398-aeea-3a9aaca4d8d3","overture_version":1,"sources":[{"property":"","dataset":"OpenStreetMap","license":"ODbL-1.0","record_id":"n11384193445@2","update_time":"2024-09-06T07:56:17Z","confidence":null,"between":null,"provider":"osm","resource":"planet","version":"2026-09-09"}],"k10_inside_bbox":true}},{"type":"Feature","id":"a3510c63-82d8-4480-8f30-b00d8eb890ac","geometry":{"type":"Point","coordinates":[69.5931233,42.3097524]},"properties":{"city":"shymkent","overture_id":"a3510c63-82d8-4480-8f30-b00d8eb890ac","overture_version":2,"sources":[{"property":"","dataset":"OpenStreetMap","license":"ODbL-1.0","record_id":"n12818487768@3","update_time":"2026-05-22T11:01:11Z","confidence":null,"between":null,"provider":"osm","resource":"planet","version":"2026-09-09"}],"k10_inside_bbox":false}},{"type":"Feature","id":"a35ae645-029c-4209-8e8f-d729b776daef","geometry":{"type":"Point","coordinates":[69.6116351,42.3154607]},"properties":{"city":"shymkent","overture_id":"a35ae645-029c-4209-8e8f-d729b776daef","overture_version":1,"sources":[{"property":"","dataset":"OpenStreetMap","license":"ODbL-1.0","record_id":"n10975610438@1","update_time":"2023-06-14T02:18:44Z","confidence":null,"between":null,"provider":"osm","resource":"planet","version":"2026-09-09"}],"k10_inside_bbox":true}},{"type":"Feature","id":"a35fdd83-469b-46c2-9659-e5b110b15471","geometry":{"type":"Point","coordinates":[69.5939559,42.3178857]},"properties":{"city":"shymkent","overture_id":"a35fdd83-469b-46c2-9659-e5b110b15471","overture_version":2,"sources":[{"property":"","dataset":"OpenStreetMap","license":"ODbL-1.0","record_id":"n4346751768@2","update_time":"2025-06-25T03:12:57Z","confidence":null,"between":null,"provider":"osm","resource":"planet","version":"2026-09-09"}],"k10_inside_bbox":true}},{"type":"Feature","id":"a36d3620-96e6-43ad-acc1-028f74657708","geometry":{"type":"Point","coordinates":[69.5996157,42.3066302]},"properties":{"city":"shymkent","overture_id":"a36d3620-96e6-43ad-acc1-028f74657708","overture_version":1,"sources":[{"property":"","dataset":"OpenStreetMap","license":"ODbL-1.0","record_id":"n12828330455@2","update_time":"2025-05-11T13:58:56Z","confidence":null,"between":null,"provider":"osm","resource":"planet","version":"2026-09-09"}],"k10_inside_bbox":false}},{"type":"Feature","id":"a38c8f9f-6fd7-4749-9e86-cfad0d7025d5","geometry":{"type":"Point","coordinates":[69.6057393,42.3147085]},"properties":{"city":"shymkent","overture_id":"a38c8f9f-6fd7-4749-9e86-cfad0d7025d5","overture_version":1,"sources":[{"property":"","dataset":"OpenStreetMap","license":"ODbL-1.0","record_id":"n11378966347@1","update_time":"2023-11-27T05:30:18Z","confidence":null,"between":null,"provider":"osm","resource":"planet","version":"2026-09-09"}],"k10_inside_bbox":true}},{"type":"Feature","id":"a39f3d39-cb6c-4fe2-9e9f-910331eab495","geometry":{"type":"Point","coordinates":[69.5937021,42.3187931]},"properties":{"city":"shymkent","overture_id":"a39f3d39-cb6c-4fe2-9e9f-910331eab495","overture_version":1,"sources":[{"property":"","dataset":"OpenStreetMap","license":"ODbL-1.0","record_id":"n1437656044@1","update_time":"2011-09-19T18:13:22Z","confidence":null,"between":null,"provider":"osm","resource":"planet","version":"2026-09-09"}],"k10_inside_bbox":true}},{"type":"Feature","id":"a3bcfd07-d91b-4e71-ac7e-1fa3493c780e","geometry":{"type":"Point","coordinates":[69.6064338,42.3075277]},"properties":{"city":"shymkent","overture_id":"a3bcfd07-d91b-4e71-ac7e-1fa3493c780e","overture_version":1,"sources":[{"property":"","dataset":"OpenStreetMap","license":"ODbL-1.0","record_id":"n5402890540@2","update_time":"2019-01-07T17:04:42Z","confidence":null,"between":null,"provider":"osm","resource":"planet","version":"2026-09-09"}],"k10_inside_bbox":true}},{"type":"Feature","id":"a45b50d8-642e-4ee9-9e47-48b5aaa0bb69","geometry":{"type":"Point","coordinates":[69.5876138,42.3223593]},"properties":{"city":"shymkent","overture_id":"a45b50d8-642e-4ee9-9e47-48b5aaa0bb69","overture_version":1,"sources":[{"property":"","dataset":"OpenStreetMap","license":"ODbL-1.0","record_id":"n1756926581@2","update_time":"2020-01-28T21:34:21Z","confidence":null,"between":null,"provider":"osm","resource":"planet","version":"2026-09-09"}],"k10_inside_bbox":false}},{"type":"Feature","id":"a46040c3-9a1d-4e6d-8115-441a1f66d1f5","geometry":{"type":"Point","coordinates":[69.5931442,42.3113276]},"properties":{"city":"shymkent","overture_id":"a46040c3-9a1d-4e6d-8115-441a1f66d1f5","overture_version":1,"sources":[{"property":"","dataset":"OpenStreetMap","license":"ODbL-1.0","record_id":"n3765264030@1","update_time":"2015-09-30T12:50:36Z","confidence":null,"between":null,"provider":"osm","resource":"planet","version":"2026-09-09"}],"k10_inside_bbox":false}},{"type":"Feature","id":"a46516ab-25d3-4eb5-b70c-d9410d5015d0","geometry":{"type":"Point","coordinates":[69.6075566,42.3126943]},"properties":{"city":"shymkent","overture_id":"a46516ab-25d3-4eb5-b70c-d9410d5015d0","overture_version":1,"sources":[{"property":"","dataset":"OpenStreetMap","license":"ODbL-1.0","record_id":"n1327031552@1","update_time":"2011-06-16T02:55:15Z","confidence":null,"between":null,"provider":"osm","resource":"planet","version":"2026-09-09"}],"k10_inside_bbox":true}},{"type":"Feature","id":"a496008f-c11b-41d0-869d-fbb0fe21e80a","geometry":{"type":"Point","coordinates":[69.6022804,42.3200086]},"properties":{"city":"shymkent","overture_id":"a496008f-c11b-41d0-869d-fbb0fe21e80a","overture_version":1,"sources":[{"property":"","dataset":"OpenStreetMap","license":"ODbL-1.0","record_id":"n304263717@5","update_time":"2011-04-07T18:16:03Z","confidence":null,"between":null,"provider":"osm","resource":"planet","version":"2026-09-09"}],"k10_inside_bbox":true}},{"type":"Feature","id":"a49ef352-7b05-4d57-98c6-cecf528458ff","geometry":{"type":"Point","coordinates":[69.6095574,42.3096667]},"properties":{"city":"shymkent","overture_id":"a49ef352-7b05-4d57-98c6-cecf528458ff","overture_version":1,"sources":[{"property":"","dataset":"OpenStreetMap","license":"ODbL-1.0","record_id":"n10142798733@1","update_time":"2022-10-31T12:08:23Z","confidence":null,"between":null,"provider":"osm","resource":"planet","version":"2026-09-09"}],"k10_inside_bbox":true}},{"type":"Feature","id":"a4af76c3-92d7-47c3-abad-47ff5c6cb760","geometry":{"type":"Point","coordinates":[69.605577,42.324246]},"properties":{"city":"shymkent","overture_id":"a4af76c3-92d7-47c3-abad-47ff5c6cb760","overture_version":1,"sources":[{"property":"","dataset":"OpenStreetMap","license":"ODbL-1.0","record_id":"n5401348276@1","update_time":"2018-02-09T14:58:08Z","confidence":null,"between":null,"provider":"osm","resource":"planet","version":"2026-09-09"}],"k10_inside_bbox":true}},{"type":"Feature","id":"a4e80d17-59c6-42c1-937c-12f85eacf610","geometry":{"type":"Point","coordinates":[69.6057513,42.315264]},"properties":{"city":"shymkent","overture_id":"a4e80d17-59c6-42c1-937c-12f85eacf610","overture_version":1,"sources":[{"property":"","dataset":"OpenStreetMap","license":"ODbL-1.0","record_id":"n11384193431@1","update_time":"2023-11-29T17:35:01Z","confidence":null,"between":null,"provider":"osm","resource":"planet","version":"2026-09-09"}],"k10_inside_bbox":true}},{"type":"Feature","id":"a503f807-751e-42a7-b054-31f6efd21a14","geometry":{"type":"Point","coordinates":[69.6001964,42.3270591]},"properties":{"city":"shymkent","overture_id":"a503f807-751e-42a7-b054-31f6efd21a14","overture_version":1,"sources":[{"property":"","dataset":"OpenStreetMap","license":"ODbL-1.0","record_id":"n4346781143@1","update_time":"2016-08-12T04:44:13Z","confidence":null,"between":null,"provider":"osm","resource":"planet","version":"2026-09-09"}],"k10_inside_bbox":false}},{"type":"Feature","id":"a5066d06-f9af-40ab-bea9-82f2fbc0c7e5","geometry":{"type":"Point","coordinates":[69.6086049,42.3158061]},"properties":{"city":"shymkent","overture_id":"a5066d06-f9af-40ab-bea9-82f2fbc0c7e5","overture_version":1,"sources":[{"property":"","dataset":"OpenStreetMap","license":"ODbL-1.0","record_id":"n10975610432@1","update_time":"2023-06-14T02:18:44Z","confidence":null,"between":null,"provider":"osm","resource":"planet","version":"2026-09-09"}],"k10_inside_bbox":true}},{"type":"Feature","id":"a521a66a-fe7f-4602-bec4-aa252a0b164a","geometry":{"type":"Point","coordinates":[69.590511,42.3226375]},"properties":{"city":"shymkent","overture_id":"a521a66a-fe7f-4602-bec4-aa252a0b164a","overture_version":1,"sources":[{"property":"","dataset":"OpenStreetMap","license":"ODbL-1.0","record_id":"n6086460302@1","update_time":"2018-11-23T20:33:05Z","confidence":null,"between":null,"provider":"osm","resource":"planet","version":"2026-09-09"}],"k10_inside_bbox":false}},{"type":"Feature","id":"a52310f8-1c61-4d87-815d-dd24a71f3ee2","geometry":{"type":"Point","coordinates":[69.5985968,42.3073961]},"properties":{"city":"shymkent","overture_id":"a52310f8-1c61-4d87-815d-dd24a71f3ee2","overture_version":1,"sources":[{"property":"","dataset":"OpenStreetMap","license":"ODbL-1.0","record_id":"n12828510688@1","update_time":"2025-05-11T13:58:56Z","confidence":null,"between":null,"provider":"osm","resource":"planet","version":"2026-09-09"}],"k10_inside_bbox":true}},{"type":"Feature","id":"a5292e78-68b3-41de-9a85-198027f2bd46","geometry":{"type":"Point","coordinates":[69.6078354,42.3148018]},"properties":{"city":"shymkent","overture_id":"a5292e78-68b3-41de-9a85-198027f2bd46","overture_version":1,"sources":[{"property":"","dataset":"OpenStreetMap","license":"ODbL-1.0","record_id":"n11384193419@1","update_time":"2023-11-29T17:35:01Z","confidence":null,"between":null,"provider":"osm","resource":"planet","version":"2026-09-09"}],"k10_inside_bbox":true}},{"type":"Feature","id":"a538b186-bb05-4e3a-842e-8e2d95f2934e","geometry":{"type":"Point","coordinates":[69.5962473,42.3210052]},"properties":{"city":"shymkent","overture_id":"a538b186-bb05-4e3a-842e-8e2d95f2934e","overture_version":1,"sources":[{"property":"","dataset":"OpenStreetMap","license":"ODbL-1.0","record_id":"n4346751763@1","update_time":"2016-08-12T03:59:58Z","confidence":null,"between":null,"provider":"osm","resource":"planet","version":"2026-09-09"}],"k10_inside_bbox":true}},{"type":"Feature","id":"a53e81b3-787e-4138-a543-e026b5f162ca","geometry":{"type":"Point","coordinates":[69.5996158,42.3151306]},"properties":{"city":"shymkent","overture_id":"a53e81b3-787e-4138-a543-e026b5f162ca","overture_version":1,"sources":[{"property":"","dataset":"OpenStreetMap","license":"ODbL-1.0","record_id":"n13083815826@1","update_time":"2025-08-20T06:31:37Z","confidence":null,"between":null,"provider":"osm","resource":"planet","version":"2026-09-09"}],"k10_inside_bbox":true}},{"type":"Feature","id":"a5903700-8ac6-4852-b22e-3eb8cf4b1683","geometry":{"type":"Point","coordinates":[69.612263,42.3068159]},"properties":{"city":"shymkent","overture_id":"a5903700-8ac6-4852-b22e-3eb8cf4b1683","overture_version":1,"sources":[{"property":"","dataset":"OpenStreetMap","license":"ODbL-1.0","record_id":"n11054011357@1","update_time":"2023-07-19T02:15:49Z","confidence":null,"between":null,"provider":"osm","resource":"planet","version":"2026-09-09"}],"k10_inside_bbox":true}},{"type":"Feature","id":"a59b4dec-b430-4ff0-ac0a-dd9118049cf5","geometry":{"type":"Point","coordinates":[69.600855,42.310823]},"properties":{"city":"shymkent","overture_id":"a59b4dec-b430-4ff0-ac0a-dd9118049cf5","overture_version":1,"sources":[{"property":"","dataset":"OpenStreetMap","license":"ODbL-1.0","record_id":"n8221358594@3","update_time":"2024-09-05T07:06:14Z","confidence":null,"between":null,"provider":"osm","resource":"planet","version":"2026-09-09"}],"k10_inside_bbox":true}},{"type":"Feature","id":"a5a1ac5b-08b4-45ec-ab5b-c48ad5e8cf11","geometry":{"type":"Point","coordinates":[69.5994214,42.3131844]},"properties":{"city":"shymkent","overture_id":"a5a1ac5b-08b4-45ec-ab5b-c48ad5e8cf11","overture_version":1,"sources":[{"property":"","dataset":"OpenStreetMap","license":"ODbL-1.0","record_id":"n2081832653@2","update_time":"2018-11-19T19:12:45Z","confidence":null,"between":null,"provider":"osm","resource":"planet","version":"2026-09-09"}],"k10_inside_bbox":true}},{"type":"Feature","id":"a5d15552-990c-4db4-ab6f-c74f54c70e3e","geometry":{"type":"Point","coordinates":[69.605685,42.3163381]},"properties":{"city":"shymkent","overture_id":"a5d15552-990c-4db4-ab6f-c74f54c70e3e","overture_version":1,"sources":[{"property":"","dataset":"OpenStreetMap","license":"ODbL-1.0","record_id":"n8169326427@1","update_time":"2020-11-27T03:52:47Z","confidence":null,"between":null,"provider":"osm","resource":"planet","version":"2026-09-09"}],"k10_inside_bbox":true}},{"type":"Feature","id":"a5d3cb6a-7a35-420d-9f80-c16e0ad19fd8","geometry":{"type":"Point","coordinates":[69.5873136,42.3222881]},"properties":{"city":"shymkent","overture_id":"a5d3cb6a-7a35-420d-9f80-c16e0ad19fd8","overture_version":1,"sources":[{"property":"","dataset":"OpenStreetMap","license":"ODbL-1.0","record_id":"n12809848501@1","update_time":"2025-05-04T16:15:20Z","confidence":null,"between":null,"provider":"osm","resource":"planet","version":"2026-09-09"}],"k10_inside_bbox":false}},{"type":"Feature","id":"a5d56dd6-2ff7-4590-b3be-66d4b75a826c","geometry":{"type":"Point","coordinates":[69.5971334,42.3186417]},"properties":{"city":"shymkent","overture_id":"a5d56dd6-2ff7-4590-b3be-66d4b75a826c","overture_version":1,"sources":[{"property":"","dataset":"OpenStreetMap","license":"ODbL-1.0","record_id":"n2011871600@1","update_time":"2012-11-13T04:23:48Z","confidence":null,"between":null,"provider":"osm","resource":"planet","version":"2026-09-09"}],"k10_inside_bbox":true}},{"type":"Feature","id":"a5e242d9-5332-47ab-b798-5832ee01b72a","geometry":{"type":"Point","coordinates":[69.6004806,42.3271908]},"properties":{"city":"shymkent","overture_id":"a5e242d9-5332-47ab-b798-5832ee01b72a","overture_version":1,"sources":[{"property":"","dataset":"OpenStreetMap","license":"ODbL-1.0","record_id":"n1240735789@2","update_time":"2011-08-31T04:22:53Z","confidence":null,"between":null,"provider":"osm","resource":"planet","version":"2026-09-09"}],"k10_inside_bbox":false}},{"type":"Feature","id":"a5ea0798-9efb-44f7-b0c3-4f9a8d2a205c","geometry":{"type":"Point","coordinates":[69.5992629,42.3237456]},"properties":{"city":"shymkent","overture_id":"a5ea0798-9efb-44f7-b0c3-4f9a8d2a205c","overture_version":1,"sources":[{"property":"","dataset":"OpenStreetMap","license":"ODbL-1.0","record_id":"n7042948877@2","update_time":"2020-11-24T10:04:02Z","confidence":null,"between":null,"provider":"osm","resource":"planet","version":"2026-09-09"}],"k10_inside_bbox":true}},{"type":"Feature","id":"a5f49685-86c6-457b-af8a-0a6b344b4b4c","geometry":{"type":"Point","coordinates":[69.6018687,42.311884]},"properties":{"city":"shymkent","overture_id":"a5f49685-86c6-457b-af8a-0a6b344b4b4c","overture_version":1,"sources":[{"property":"","dataset":"OpenStreetMap","license":"ODbL-1.0","record_id":"n12159490685@1","update_time":"2024-09-06T08:05:37Z","confidence":null,"between":null,"provider":"osm","resource":"planet","version":"2026-09-09"}],"k10_inside_bbox":true}},{"type":"Feature","id":"a606e19b-7280-43c6-be4e-ec438e46cb91","geometry":{"type":"Point","coordinates":[69.6036445,42.3112792]},"properties":{"city":"shymkent","overture_id":"a606e19b-7280-43c6-be4e-ec438e46cb91","overture_version":1,"sources":[{"property":"","dataset":"OpenStreetMap","license":"ODbL-1.0","record_id":"n13889012207@1","update_time":"2026-05-27T18:04:03Z","confidence":null,"between":null,"provider":"osm","resource":"planet","version":"2026-09-09"}],"k10_inside_bbox":true}},{"type":"Feature","id":"a62987eb-9719-4b0f-a3a4-e6e923018c6c","geometry":{"type":"Point","coordinates":[69.5948227,42.3238474]},"properties":{"city":"shymkent","overture_id":"a62987eb-9719-4b0f-a3a4-e6e923018c6c","overture_version":1,"sources":[{"property":"","dataset":"OpenStreetMap","license":"ODbL-1.0","record_id":"n1539093494@1","update_time":"2011-12-10T06:37:09Z","confidence":null,"between":null,"provider":"osm","resource":"planet","version":"2026-09-09"}],"k10_inside_bbox":true}},{"type":"Feature","id":"a64095cf-cc53-491d-87b6-65b9ee6af99a","geometry":{"type":"Point","coordinates":[69.6056843,42.3127274]},"properties":{"city":"shymkent","overture_id":"a64095cf-cc53-491d-87b6-65b9ee6af99a","overture_version":1,"sources":[{"property":"","dataset":"OpenStreetMap","license":"ODbL-1.0","record_id":"n1326355225@1","update_time":"2011-06-15T12:36:45Z","confidence":null,"between":null,"provider":"osm","resource":"planet","version":"2026-09-09"}],"k10_inside_bbox":true}},{"type":"Feature","id":"a64d9c7a-4adf-4002-bbbe-9619903c6832","geometry":{"type":"Point","coordinates":[69.6157653,42.3089855]},"properties":{"city":"shymkent","overture_id":"a64d9c7a-4adf-4002-bbbe-9619903c6832","overture_version":1,"sources":[{"property":"","dataset":"OpenStreetMap","license":"ODbL-1.0","record_id":"n5492611701@1","update_time":"2018-03-21T04:39:18Z","confidence":null,"between":null,"provider":"osm","resource":"planet","version":"2026-09-09"}],"k10_inside_bbox":true}},{"type":"Feature","id":"a6d555b3-bc56-4492-9565-fd92463ac1a0","geometry":{"type":"Point","coordinates":[69.6007705,42.3090002]},"properties":{"city":"shymkent","overture_id":"a6d555b3-bc56-4492-9565-fd92463ac1a0","overture_version":1,"sources":[{"property":"","dataset":"OpenStreetMap","license":"ODbL-1.0","record_id":"n13852387764@1","update_time":"2026-05-20T11:46:55Z","confidence":null,"between":null,"provider":"osm","resource":"planet","version":"2026-09-09"}],"k10_inside_bbox":true}},{"type":"Feature","id":"a6e2aed5-08c5-493f-8333-b75812f6211d","geometry":{"type":"Point","coordinates":[69.603203,42.310205]},"properties":{"city":"shymkent","overture_id":"a6e2aed5-08c5-493f-8333-b75812f6211d","overture_version":1,"sources":[{"property":"","dataset":"OpenStreetMap","license":"ODbL-1.0","record_id":"n13889012201@1","update_time":"2026-05-27T18:04:03Z","confidence":null,"between":null,"provider":"osm","resource":"planet","version":"2026-09-09"}],"k10_inside_bbox":true}},{"type":"Feature","id":"a6e45166-ec0d-43b6-b95d-f862905e0820","geometry":{"type":"Point","coordinates":[69.6039954,42.3129544]},"properties":{"city":"shymkent","overture_id":"a6e45166-ec0d-43b6-b95d-f862905e0820","overture_version":1,"sources":[{"property":"","dataset":"OpenStreetMap","license":"ODbL-1.0","record_id":"n1326354995@1","update_time":"2011-06-15T12:36:38Z","confidence":null,"between":null,"provider":"osm","resource":"planet","version":"2026-09-09"}],"k10_inside_bbox":true}},{"type":"Feature","id":"a703866a-f1db-4a96-b75d-2ae22d3a632e","geometry":{"type":"Point","coordinates":[69.5871079,42.3222345]},"properties":{"city":"shymkent","overture_id":"a703866a-f1db-4a96-b75d-2ae22d3a632e","overture_version":1,"sources":[{"property":"","dataset":"OpenStreetMap","license":"ODbL-1.0","record_id":"n7167718244@1","update_time":"2020-01-28T21:34:21Z","confidence":null,"between":null,"provider":"osm","resource":"planet","version":"2026-09-09"}],"k10_inside_bbox":false}},{"type":"Feature","id":"a710e3c5-a636-4387-b311-82ddac7b42ba","geometry":{"type":"Point","coordinates":[69.6039314,42.3112992]},"properties":{"city":"shymkent","overture_id":"a710e3c5-a636-4387-b311-82ddac7b42ba","overture_version":1,"sources":[{"property":"","dataset":"OpenStreetMap","license":"ODbL-1.0","record_id":"n13888991097@1","update_time":"2026-05-27T18:04:03Z","confidence":null,"between":null,"provider":"osm","resource":"planet","version":"2026-09-09"}],"k10_inside_bbox":true}},{"type":"Feature","id":"a71bc78e-9687-493d-ba0f-82dc21a14f5a","geometry":{"type":"Point","coordinates":[69.6116214,42.3245887]},"properties":{"city":"shymkent","overture_id":"a71bc78e-9687-493d-ba0f-82dc21a14f5a","overture_version":1,"sources":[{"property":"","dataset":"OpenStreetMap","license":"ODbL-1.0","record_id":"n5401348270@1","update_time":"2018-02-09T14:58:08Z","confidence":null,"between":null,"provider":"osm","resource":"planet","version":"2026-09-09"}],"k10_inside_bbox":true}},{"type":"Feature","id":"a72dcd71-6c9b-4278-9c3b-8fef627561d9","geometry":{"type":"Point","coordinates":[69.599724,42.3221183]},"properties":{"city":"shymkent","overture_id":"a72dcd71-6c9b-4278-9c3b-8fef627561d9","overture_version":1,"sources":[{"property":"","dataset":"OpenStreetMap","license":"ODbL-1.0","record_id":"n1321200526@1","update_time":"2011-06-12T03:13:40Z","confidence":null,"between":null,"provider":"osm","resource":"planet","version":"2026-09-09"}],"k10_inside_bbox":true}},{"type":"Feature","id":"a74b9f0a-a697-44db-a398-cd34b4742097","geometry":{"type":"Point","coordinates":[69.5985974,42.3323081]},"properties":{"city":"shymkent","overture_id":"a74b9f0a-a697-44db-a398-cd34b4742097","overture_version":1,"sources":[{"property":"","dataset":"OpenStreetMap","license":"ODbL-1.0","record_id":"n12920687798@1","update_time":"2025-06-17T06:32:43Z","confidence":null,"between":null,"provider":"osm","resource":"planet","version":"2026-09-09"}],"k10_inside_bbox":false}},{"type":"Feature","id":"a7740162-920f-4a36-bd67-36c425ea2ebe","geometry":{"type":"Point","coordinates":[69.5959089,42.3159536]},"properties":{"city":"shymkent","overture_id":"a7740162-920f-4a36-bd67-36c425ea2ebe","overture_version":1,"sources":[{"property":"","dataset":"OpenStreetMap","license":"ODbL-1.0","record_id":"n1238218310@8","update_time":"2024-05-21T16:37:21Z","confidence":null,"between":null,"provider":"osm","resource":"planet","version":"2026-09-09"}],"k10_inside_bbox":true}},{"type":"Feature","id":"a7bf253a-5ab3-4ea3-a7d8-86df61df7d2a","geometry":{"type":"Point","coordinates":[69.5978643,42.324027]},"properties":{"city":"shymkent","overture_id":"a7bf253a-5ab3-4ea3-a7d8-86df61df7d2a","overture_version":1,"sources":[{"property":"","dataset":"OpenStreetMap","license":"ODbL-1.0","record_id":"n11104090811@1","update_time":"2023-08-10T06:29:02Z","confidence":null,"between":null,"provider":"osm","resource":"planet","version":"2026-09-09"}],"k10_inside_bbox":true}},{"type":"Feature","id":"a7ce53dd-0e1c-46c0-bf59-7313ea5f05c7","geometry":{"type":"Point","coordinates":[69.5933454,42.31017]},"properties":{"city":"shymkent","overture_id":"a7ce53dd-0e1c-46c0-bf59-7313ea5f05c7","overture_version":1,"sources":[{"property":"","dataset":"OpenStreetMap","license":"ODbL-1.0","record_id":"n12830873260@1","update_time":"2025-05-12T16:12:11Z","confidence":null,"between":null,"provider":"osm","resource":"planet","version":"2026-09-09"}],"k10_inside_bbox":false}},{"type":"Feature","id":"a7e142ab-eeb2-40c0-b643-0451d2e49012","geometry":{"type":"Point","coordinates":[69.6034048,42.3168037]},"properties":{"city":"shymkent","overture_id":"a7e142ab-eeb2-40c0-b643-0451d2e49012","overture_version":2,"sources":[{"property":"","dataset":"OpenStreetMap","license":"ODbL-1.0","record_id":"n1433192010@7","update_time":"2025-06-27T06:41:14Z","confidence":null,"between":null,"provider":"osm","resource":"planet","version":"2026-09-09"}],"k10_inside_bbox":true}},{"type":"Feature","id":"a88494bf-95b1-4853-ab76-d82ed258b3cb","geometry":{"type":"Point","coordinates":[69.6118844,42.3139691]},"properties":{"city":"shymkent","overture_id":"a88494bf-95b1-4853-ab76-d82ed258b3cb","overture_version":1,"sources":[{"property":"","dataset":"OpenStreetMap","license":"ODbL-1.0","record_id":"n11384193402@1","update_time":"2023-11-29T17:35:01Z","confidence":null,"between":null,"provider":"osm","resource":"planet","version":"2026-09-09"}],"k10_inside_bbox":true}},{"type":"Feature","id":"a8cedc91-bcb5-4ec3-8e0c-6f3187d1a251","geometry":{"type":"Point","coordinates":[69.6149057,42.3102518]},"properties":{"city":"shymkent","overture_id":"a8cedc91-bcb5-4ec3-8e0c-6f3187d1a251","overture_version":1,"sources":[{"property":"","dataset":"OpenStreetMap","license":"ODbL-1.0","record_id":"n11384193151@1","update_time":"2023-11-29T17:35:01Z","confidence":null,"between":null,"provider":"osm","resource":"planet","version":"2026-09-09"}],"k10_inside_bbox":true}},{"type":"Feature","id":"a8f311e5-cb16-452b-a49f-9304a1e557a8","geometry":{"type":"Point","coordinates":[69.6142054,42.317171]},"properties":{"city":"shymkent","overture_id":"a8f311e5-cb16-452b-a49f-9304a1e557a8","overture_version":1,"sources":[{"property":"","dataset":"OpenStreetMap","license":"ODbL-1.0","record_id":"n11375783374@1","update_time":"2023-11-25T18:49:10Z","confidence":null,"between":null,"provider":"osm","resource":"planet","version":"2026-09-09"}],"k10_inside_bbox":true}},{"type":"Feature","id":"a8fbdab1-efb2-43b3-b6bd-039c9d63c7a3","geometry":{"type":"Point","coordinates":[69.5951261,42.3147295]},"properties":{"city":"shymkent","overture_id":"a8fbdab1-efb2-43b3-b6bd-039c9d63c7a3","overture_version":1,"sources":[{"property":"","dataset":"OpenStreetMap","license":"ODbL-1.0","record_id":"n11922746140@2","update_time":"2025-06-12T10:08:23Z","confidence":null,"between":null,"provider":"osm","resource":"planet","version":"2026-09-09"}],"k10_inside_bbox":true}},{"type":"Feature","id":"a94d4330-c237-4cb7-ae07-91f379bb4518","geometry":{"type":"Point","coordinates":[69.5959694,42.3053023]},"properties":{"city":"shymkent","overture_id":"a94d4330-c237-4cb7-ae07-91f379bb4518","overture_version":1,"sources":[{"property":"","dataset":"OpenStreetMap","license":"ODbL-1.0","record_id":"n10173658475@2","update_time":"2023-08-27T16:41:50Z","confidence":null,"between":null,"provider":"osm","resource":"planet","version":"2026-09-09"}],"k10_inside_bbox":false}},{"type":"Feature","id":"a9a7cb77-908f-434e-b51b-5967d5c87bb1","geometry":{"type":"Point","coordinates":[69.6011325,42.3085007]},"properties":{"city":"shymkent","overture_id":"a9a7cb77-908f-434e-b51b-5967d5c87bb1","overture_version":1,"sources":[{"property":"","dataset":"OpenStreetMap","license":"ODbL-1.0","record_id":"n10277182962@1","update_time":"2022-12-21T04:59:24Z","confidence":null,"between":null,"provider":"osm","resource":"planet","version":"2026-09-09"}],"k10_inside_bbox":true}},{"type":"Feature","id":"a9c52f74-4070-4707-bd08-23ebd9d09140","geometry":{"type":"Point","coordinates":[69.6039284,42.3066286]},"properties":{"city":"shymkent","overture_id":"a9c52f74-4070-4707-bd08-23ebd9d09140","overture_version":2,"sources":[{"property":"","dataset":"OpenStreetMap","license":"ODbL-1.0","record_id":"n13311470457@1","update_time":"2025-11-17T18:46:06Z","confidence":null,"between":null,"provider":"osm","resource":"planet","version":"2026-09-09"}],"k10_inside_bbox":false}},{"type":"Feature","id":"aa05dfa1-2d6e-4d09-85dd-7f981be3b25b","geometry":{"type":"Point","coordinates":[69.5894329,42.3146779]},"properties":{"city":"shymkent","overture_id":"aa05dfa1-2d6e-4d09-85dd-7f981be3b25b","overture_version":2,"sources":[{"property":"","dataset":"OpenStreetMap","license":"ODbL-1.0","record_id":"n10156257255@2","update_time":"2025-06-29T06:12:14Z","confidence":null,"between":null,"provider":"osm","resource":"planet","version":"2026-09-09"}],"k10_inside_bbox":false}},{"type":"Feature","id":"aa1fbe6d-167d-4c3e-a39a-6c5f665ff0ed","geometry":{"type":"Point","coordinates":[69.6124312,42.3104591]},"properties":{"city":"shymkent","overture_id":"aa1fbe6d-167d-4c3e-a39a-6c5f665ff0ed","overture_version":1,"sources":[{"property":"","dataset":"OpenStreetMap","license":"ODbL-1.0","record_id":"n5401348198@2","update_time":"2023-07-12T10:14:11Z","confidence":null,"between":null,"provider":"osm","resource":"planet","version":"2026-09-09"}],"k10_inside_bbox":true}},{"type":"Feature","id":"aab28c8c-29ce-44ec-9662-85d64ef1b156","geometry":{"type":"Point","coordinates":[69.5964252,42.3167271]},"properties":{"city":"shymkent","overture_id":"aab28c8c-29ce-44ec-9662-85d64ef1b156","overture_version":1,"sources":[{"property":"","dataset":"OpenStreetMap","license":"ODbL-1.0","record_id":"n12061216908@1","update_time":"2024-07-18T12:44:59Z","confidence":null,"between":null,"provider":"osm","resource":"planet","version":"2026-09-09"}],"k10_inside_bbox":true}},{"type":"Feature","id":"ab41c09a-833f-4d4a-a84e-98e6e275739f","geometry":{"type":"Point","coordinates":[69.5952693,42.3245691]},"properties":{"city":"shymkent","overture_id":"ab41c09a-833f-4d4a-a84e-98e6e275739f","overture_version":1,"sources":[{"property":"","dataset":"OpenStreetMap","license":"ODbL-1.0","record_id":"n12809848389@1","update_time":"2025-05-04T16:15:20Z","confidence":null,"between":null,"provider":"osm","resource":"planet","version":"2026-09-09"}],"k10_inside_bbox":true}},{"type":"Feature","id":"ab4d0e61-0313-4d19-b1f9-4562fe197147","geometry":{"type":"Point","coordinates":[69.602176,42.30645]},"properties":{"city":"shymkent","overture_id":"ab4d0e61-0313-4d19-b1f9-4562fe197147","overture_version":1,"sources":[{"property":"","dataset":"OpenStreetMap","license":"ODbL-1.0","record_id":"n12828332644@1","update_time":"2025-05-11T12:33:52Z","confidence":null,"between":null,"provider":"osm","resource":"planet","version":"2026-09-09"}],"k10_inside_bbox":false}},{"type":"Feature","id":"ab5a76f5-8705-41a2-a5cd-fb2963eb5ad3","geometry":{"type":"Point","coordinates":[69.6112435,42.3141704]},"properties":{"city":"shymkent","overture_id":"ab5a76f5-8705-41a2-a5cd-fb2963eb5ad3","overture_version":1,"sources":[{"property":"","dataset":"OpenStreetMap","license":"ODbL-1.0","record_id":"n4358640780@1","update_time":"2016-08-20T08:37:55Z","confidence":null,"between":null,"provider":"osm","resource":"planet","version":"2026-09-09"}],"k10_inside_bbox":true}},{"type":"Feature","id":"ab6ac056-947f-42e9-9b8c-c7c5ba61cfc6","geometry":{"type":"Point","coordinates":[69.6032663,42.3169024]},"properties":{"city":"shymkent","overture_id":"ab6ac056-947f-42e9-9b8c-c7c5ba61cfc6","overture_version":1,"sources":[{"property":"","dataset":"OpenStreetMap","license":"ODbL-1.0","record_id":"n13888881202@1","update_time":"2026-05-27T17:08:16Z","confidence":null,"between":null,"provider":"osm","resource":"planet","version":"2026-09-09"}],"k10_inside_bbox":true}},{"type":"Feature","id":"abde90c1-8f8d-45ee-94f5-98205dc46287","geometry":{"type":"Point","coordinates":[69.6092827,42.3135709]},"properties":{"city":"shymkent","overture_id":"abde90c1-8f8d-45ee-94f5-98205dc46287","overture_version":1,"sources":[{"property":"","dataset":"OpenStreetMap","license":"ODbL-1.0","record_id":"n11384193271@1","update_time":"2023-11-29T17:35:01Z","confidence":null,"between":null,"provider":"osm","resource":"planet","version":"2026-09-09"}],"k10_inside_bbox":true}},{"type":"Feature","id":"abf39060-3e20-4096-b890-9f64fe0753f0","geometry":{"type":"Point","coordinates":[69.605062,42.3085182]},"properties":{"city":"shymkent","overture_id":"abf39060-3e20-4096-b890-9f64fe0753f0","overture_version":1,"sources":[{"property":"","dataset":"OpenStreetMap","license":"ODbL-1.0","record_id":"n11384193348@1","update_time":"2023-11-29T17:35:01Z","confidence":null,"between":null,"provider":"osm","resource":"planet","version":"2026-09-09"}],"k10_inside_bbox":true}},{"type":"Feature","id":"ac0a168f-c900-4568-91f3-57f5e17e22c2","geometry":{"type":"Point","coordinates":[69.5924043,42.3168515]},"properties":{"city":"shymkent","overture_id":"ac0a168f-c900-4568-91f3-57f5e17e22c2","overture_version":1,"sources":[{"property":"","dataset":"OpenStreetMap","license":"ODbL-1.0","record_id":"n12804572522@1","update_time":"2025-05-02T17:34:26Z","confidence":null,"between":null,"provider":"osm","resource":"planet","version":"2026-09-09"}],"k10_inside_bbox":false}},{"type":"Feature","id":"ac10a33b-69bd-4b34-bbd6-79a1ab3fd1a0","geometry":{"type":"Point","coordinates":[69.6005559,42.3080689]},"properties":{"city":"shymkent","overture_id":"ac10a33b-69bd-4b34-bbd6-79a1ab3fd1a0","overture_version":1,"sources":[{"property":"","dataset":"OpenStreetMap","license":"ODbL-1.0","record_id":"n11837376138@2","update_time":"2025-10-31T17:27:33Z","confidence":null,"between":null,"provider":"osm","resource":"planet","version":"2026-09-09"}],"k10_inside_bbox":true}},{"type":"Feature","id":"ac19bcbd-1fa8-4957-87dd-97da65f3f67c","geometry":{"type":"Point","coordinates":[69.6045398,42.3130497]},"properties":{"city":"shymkent","overture_id":"ac19bcbd-1fa8-4957-87dd-97da65f3f67c","overture_version":1,"sources":[{"property":"","dataset":"OpenStreetMap","license":"ODbL-1.0","record_id":"n1340844809@1","update_time":"2011-06-27T06:44:49Z","confidence":null,"between":null,"provider":"osm","resource":"planet","version":"2026-09-09"}],"k10_inside_bbox":true}},{"type":"Feature","id":"ac49a8fd-c83b-46f0-a3d0-d9d63ec8bacd","geometry":{"type":"Point","coordinates":[69.6020029,42.3134162]},"properties":{"city":"shymkent","overture_id":"ac49a8fd-c83b-46f0-a3d0-d9d63ec8bacd","overture_version":1,"sources":[{"property":"","dataset":"OpenStreetMap","license":"ODbL-1.0","record_id":"n12159442975@1","update_time":"2024-09-06T07:56:17Z","confidence":null,"between":null,"provider":"osm","resource":"planet","version":"2026-09-09"}],"k10_inside_bbox":true}},{"type":"Feature","id":"ac4dca00-a721-4998-8eba-6fba38dc7ec7","geometry":{"type":"Point","coordinates":[69.6010517,42.3096914]},"properties":{"city":"shymkent","overture_id":"ac4dca00-a721-4998-8eba-6fba38dc7ec7","overture_version":1,"sources":[{"property":"","dataset":"OpenStreetMap","license":"ODbL-1.0","record_id":"n11384193287@1","update_time":"2023-11-29T17:35:01Z","confidence":null,"between":null,"provider":"osm","resource":"planet","version":"2026-09-09"}],"k10_inside_bbox":true}},{"type":"Feature","id":"ac4fbd72-5e36-4c54-bec4-2f3701809cfe","geometry":{"type":"Point","coordinates":[69.6082218,42.3168143]},"properties":{"city":"shymkent","overture_id":"ac4fbd72-5e36-4c54-bec4-2f3701809cfe","overture_version":1,"sources":[{"property":"","dataset":"OpenStreetMap","license":"ODbL-1.0","record_id":"n11375783532@2","update_time":"2024-09-05T07:06:14Z","confidence":null,"between":null,"provider":"osm","resource":"planet","version":"2026-09-09"}],"k10_inside_bbox":true}},{"type":"Feature","id":"acd2672d-4b7d-4f1d-9ddd-2f8a4a40a6ad","geometry":{"type":"Point","coordinates":[69.5985228,42.3201448]},"properties":{"city":"shymkent","overture_id":"acd2672d-4b7d-4f1d-9ddd-2f8a4a40a6ad","overture_version":1,"sources":[{"property":"","dataset":"OpenStreetMap","license":"ODbL-1.0","record_id":"n11375783423@1","update_time":"2023-11-25T18:49:10Z","confidence":null,"between":null,"provider":"osm","resource":"planet","version":"2026-09-09"}],"k10_inside_bbox":true}},{"type":"Feature","id":"acf49e7f-281d-4ebc-9bc8-1baeee0f1b0a","geometry":{"type":"Point","coordinates":[69.5971555,42.3184949]},"properties":{"city":"shymkent","overture_id":"acf49e7f-281d-4ebc-9bc8-1baeee0f1b0a","overture_version":1,"sources":[{"property":"","dataset":"OpenStreetMap","license":"ODbL-1.0","record_id":"n2011871582@4","update_time":"2024-04-25T18:42:19Z","confidence":null,"between":null,"provider":"osm","resource":"planet","version":"2026-09-09"}],"k10_inside_bbox":true}},{"type":"Feature","id":"ad21286d-4d3b-4e2f-87e3-415de31e511e","geometry":{"type":"Point","coordinates":[69.6109523,42.3085065]},"properties":{"city":"shymkent","overture_id":"ad21286d-4d3b-4e2f-87e3-415de31e511e","overture_version":1,"sources":[{"property":"","dataset":"OpenStreetMap","license":"ODbL-1.0","record_id":"n5444341985@2","update_time":"2023-07-12T10:14:11Z","confidence":null,"between":null,"provider":"osm","resource":"planet","version":"2026-09-09"}],"k10_inside_bbox":true}},{"type":"Feature","id":"ad252ca5-b78f-46f5-b5a4-653c6ff9ed17","geometry":{"type":"Point","coordinates":[69.5949742,42.3210465]},"properties":{"city":"shymkent","overture_id":"ad252ca5-b78f-46f5-b5a4-653c6ff9ed17","overture_version":1,"sources":[{"property":"","dataset":"OpenStreetMap","license":"ODbL-1.0","record_id":"n10731921324@1","update_time":"2023-03-13T03:38:15Z","confidence":null,"between":null,"provider":"osm","resource":"planet","version":"2026-09-09"}],"k10_inside_bbox":true}},{"type":"Feature","id":"ad3267e2-5b9d-4934-9811-8d367f41ff06","geometry":{"type":"Point","coordinates":[69.6034606,42.3169305]},"properties":{"city":"shymkent","overture_id":"ad3267e2-5b9d-4934-9811-8d367f41ff06","overture_version":2,"sources":[{"property":"","dataset":"OpenStreetMap","license":"ODbL-1.0","record_id":"n215996420@12","update_time":"2025-06-27T06:41:14Z","confidence":null,"between":null,"provider":"osm","resource":"planet","version":"2026-09-09"}],"k10_inside_bbox":true}},{"type":"Feature","id":"ad5303ac-bd17-444c-8998-b9d866f738b6","geometry":{"type":"Point","coordinates":[69.6020343,42.3141837]},"properties":{"city":"shymkent","overture_id":"ad5303ac-bd17-444c-8998-b9d866f738b6","overture_version":1,"sources":[{"property":"","dataset":"OpenStreetMap","license":"ODbL-1.0","record_id":"n11953096393@1","update_time":"2024-06-03T04:48:58Z","confidence":null,"between":null,"provider":"osm","resource":"planet","version":"2026-09-09"}],"k10_inside_bbox":true}},{"type":"Feature","id":"ad759791-9581-432e-ae4c-7cf82681b8b7","geometry":{"type":"Point","coordinates":[69.6017781,42.3108052]},"properties":{"city":"shymkent","overture_id":"ad759791-9581-432e-ae4c-7cf82681b8b7","overture_version":1,"sources":[{"property":"","dataset":"OpenStreetMap","license":"ODbL-1.0","record_id":"n8221358598@2","update_time":"2024-09-06T08:28:17Z","confidence":null,"between":null,"provider":"osm","resource":"planet","version":"2026-09-09"}],"k10_inside_bbox":true}},{"type":"Feature","id":"ad7a1b6c-d747-437d-a51a-578e0383992a","geometry":{"type":"Point","coordinates":[69.5978227,42.3239168]},"properties":{"city":"shymkent","overture_id":"ad7a1b6c-d747-437d-a51a-578e0383992a","overture_version":1,"sources":[{"property":"","dataset":"OpenStreetMap","license":"ODbL-1.0","record_id":"n11104090810@1","update_time":"2023-08-10T06:29:02Z","confidence":null,"between":null,"provider":"osm","resource":"planet","version":"2026-09-09"}],"k10_inside_bbox":true}},{"type":"Feature","id":"adb2f272-ec06-4348-88d4-675673992498","geometry":{"type":"Point","coordinates":[69.6190369,42.3090635]},"properties":{"city":"shymkent","overture_id":"adb2f272-ec06-4348-88d4-675673992498","overture_version":1,"sources":[{"property":"","dataset":"OpenStreetMap","license":"ODbL-1.0","record_id":"n4336513647@3","update_time":"2023-09-15T07:05:45Z","confidence":null,"between":null,"provider":"osm","resource":"planet","version":"2026-09-09"}],"k10_inside_bbox":false}},{"type":"Feature","id":"add3109e-3d08-473a-94d0-c1f2f6bb325c","geometry":{"type":"Point","coordinates":[69.6082104,42.3126016]},"properties":{"city":"shymkent","overture_id":"add3109e-3d08-473a-94d0-c1f2f6bb325c","overture_version":1,"sources":[{"property":"","dataset":"OpenStreetMap","license":"ODbL-1.0","record_id":"n1327031438@1","update_time":"2011-06-16T02:55:10Z","confidence":null,"between":null,"provider":"osm","resource":"planet","version":"2026-09-09"}],"k10_inside_bbox":true}},{"type":"Feature","id":"add5201e-0c66-45e1-baa4-66732a142998","geometry":{"type":"Point","coordinates":[69.6058291,42.3137586]},"properties":{"city":"shymkent","overture_id":"add5201e-0c66-45e1-baa4-66732a142998","overture_version":1,"sources":[{"property":"","dataset":"OpenStreetMap","license":"ODbL-1.0","record_id":"n11057963571@1","update_time":"2023-07-21T04:47:19Z","confidence":null,"between":null,"provider":"osm","resource":"planet","version":"2026-09-09"}],"k10_inside_bbox":true}},{"type":"Feature","id":"addd5680-6eec-48f7-9a27-e96b092ff2dc","geometry":{"type":"Point","coordinates":[69.5969654,42.3157034]},"properties":{"city":"shymkent","overture_id":"addd5680-6eec-48f7-9a27-e96b092ff2dc","overture_version":1,"sources":[{"property":"","dataset":"OpenStreetMap","license":"ODbL-1.0","record_id":"n13108584021@1","update_time":"2025-08-30T11:58:58Z","confidence":null,"between":null,"provider":"osm","resource":"planet","version":"2026-09-09"}],"k10_inside_bbox":true}},{"type":"Feature","id":"ade9d541-0084-4347-8ccb-aa9860b796a6","geometry":{"type":"Point","coordinates":[69.5954911,42.320873]},"properties":{"city":"shymkent","overture_id":"ade9d541-0084-4347-8ccb-aa9860b796a6","overture_version":1,"sources":[{"property":"","dataset":"OpenStreetMap","license":"ODbL-1.0","record_id":"n4346751766@1","update_time":"2016-08-12T03:59:58Z","confidence":null,"between":null,"provider":"osm","resource":"planet","version":"2026-09-09"}],"k10_inside_bbox":true}},{"type":"Feature","id":"aded7f8e-5bfc-4d16-8fb0-182f2336fe9c","geometry":{"type":"Point","coordinates":[69.6109886,42.3119778]},"properties":{"city":"shymkent","overture_id":"aded7f8e-5bfc-4d16-8fb0-182f2336fe9c","overture_version":1,"sources":[{"property":"","dataset":"OpenStreetMap","license":"ODbL-1.0","record_id":"n8219147818@1","update_time":"2020-12-11T10:18:50Z","confidence":null,"between":null,"provider":"osm","resource":"planet","version":"2026-09-09"}],"k10_inside_bbox":true}},{"type":"Feature","id":"ae1485fd-e26c-42e5-929a-dddd52d8f21c","geometry":{"type":"Point","coordinates":[69.6005222,42.3171671]},"properties":{"city":"shymkent","overture_id":"ae1485fd-e26c-42e5-929a-dddd52d8f21c","overture_version":1,"sources":[{"property":"","dataset":"OpenStreetMap","license":"ODbL-1.0","record_id":"n8069579713@1","update_time":"2020-10-31T19:30:44Z","confidence":null,"between":null,"provider":"osm","resource":"planet","version":"2026-09-09"}],"k10_inside_bbox":true}},{"type":"Feature","id":"ae2b57fd-df34-46da-ac97-393042abd0d2","geometry":{"type":"Point","coordinates":[69.6007042,42.3090817]},"properties":{"city":"shymkent","overture_id":"ae2b57fd-df34-46da-ac97-393042abd0d2","overture_version":3,"sources":[{"property":"","dataset":"OpenStreetMap","license":"ODbL-1.0","record_id":"n11138860296@2","update_time":"2025-11-16T17:33:45Z","confidence":null,"between":null,"provider":"osm","resource":"planet","version":"2026-09-09"}],"k10_inside_bbox":true}},{"type":"Feature","id":"ae5b77a1-e368-42b5-ba8f-999d7f522f0e","geometry":{"type":"Point","coordinates":[69.5962815,42.31291]},"properties":{"city":"shymkent","overture_id":"ae5b77a1-e368-42b5-ba8f-999d7f522f0e","overture_version":1,"sources":[{"property":"","dataset":"OpenStreetMap","license":"ODbL-1.0","record_id":"n1330353646@2","update_time":"2012-06-28T11:31:46Z","confidence":null,"between":null,"provider":"osm","resource":"planet","version":"2026-09-09"}],"k10_inside_bbox":true}},{"type":"Feature","id":"ae6f43a9-f84d-4170-bade-73d4885d183a","geometry":{"type":"Point","coordinates":[69.6074882,42.31252]},"properties":{"city":"shymkent","overture_id":"ae6f43a9-f84d-4170-bade-73d4885d183a","overture_version":1,"sources":[{"property":"","dataset":"OpenStreetMap","license":"ODbL-1.0","record_id":"n1327031620@2","update_time":"2011-10-02T08:33:41Z","confidence":null,"between":null,"provider":"osm","resource":"planet","version":"2026-09-09"}],"k10_inside_bbox":true}},{"type":"Feature","id":"ae748051-bce0-4452-8eab-4e8ca4ad7cd3","geometry":{"type":"Point","coordinates":[69.6034259,42.3210075]},"properties":{"city":"shymkent","overture_id":"ae748051-bce0-4452-8eab-4e8ca4ad7cd3","overture_version":1,"sources":[{"property":"","dataset":"OpenStreetMap","license":"ODbL-1.0","record_id":"n11700691767@1","update_time":"2024-03-07T12:44:58Z","confidence":null,"between":null,"provider":"osm","resource":"planet","version":"2026-09-09"}],"k10_inside_bbox":true}},{"type":"Feature","id":"aeafe37e-0044-4cd6-bd96-7b63d3e716a4","geometry":{"type":"Point","coordinates":[69.5935054,42.3188058]},"properties":{"city":"shymkent","overture_id":"aeafe37e-0044-4cd6-bd96-7b63d3e716a4","overture_version":1,"sources":[{"property":"","dataset":"OpenStreetMap","license":"ODbL-1.0","record_id":"n4346751785@1","update_time":"2016-08-12T03:59:58Z","confidence":null,"between":null,"provider":"osm","resource":"planet","version":"2026-09-09"}],"k10_inside_bbox":true}},{"type":"Feature","id":"aeeec307-a47e-4060-9c0d-6591a3d3ca98","geometry":{"type":"Point","coordinates":[69.6056979,42.3146126]},"properties":{"city":"shymkent","overture_id":"aeeec307-a47e-4060-9c0d-6591a3d3ca98","overture_version":1,"sources":[{"property":"","dataset":"OpenStreetMap","license":"ODbL-1.0","record_id":"n13888881218@1","update_time":"2026-05-27T17:08:16Z","confidence":null,"between":null,"provider":"osm","resource":"planet","version":"2026-09-09"}],"k10_inside_bbox":true}},{"type":"Feature","id":"af1bd3dd-1ca1-43bf-97e7-a5491c44d1e7","geometry":{"type":"Point","coordinates":[69.6093658,42.3194744]},"properties":{"city":"shymkent","overture_id":"af1bd3dd-1ca1-43bf-97e7-a5491c44d1e7","overture_version":1,"sources":[{"property":"","dataset":"OpenStreetMap","license":"ODbL-1.0","record_id":"n11375783484@2","update_time":"2024-09-05T07:06:14Z","confidence":null,"between":null,"provider":"osm","resource":"planet","version":"2026-09-09"}],"k10_inside_bbox":true}},{"type":"Feature","id":"af1cbdcd-fc05-4138-bb5f-53ab8edbb357","geometry":{"type":"Point","coordinates":[69.5988485,42.3208037]},"properties":{"city":"shymkent","overture_id":"af1cbdcd-fc05-4138-bb5f-53ab8edbb357","overture_version":1,"sources":[{"property":"","dataset":"OpenStreetMap","license":"ODbL-1.0","record_id":"n9534316694@1","update_time":"2022-02-25T10:20:33Z","confidence":null,"between":null,"provider":"osm","resource":"planet","version":"2026-09-09"}],"k10_inside_bbox":true}},{"type":"Feature","id":"af5fb9e4-43aa-45d9-841a-c9d6cb72c409","geometry":{"type":"Point","coordinates":[69.6042156,42.312268]},"properties":{"city":"shymkent","overture_id":"af5fb9e4-43aa-45d9-841a-c9d6cb72c409","overture_version":1,"sources":[{"property":"","dataset":"OpenStreetMap","license":"ODbL-1.0","record_id":"n1326354785@1","update_time":"2011-06-15T12:36:33Z","confidence":null,"between":null,"provider":"osm","resource":"planet","version":"2026-09-09"}],"k10_inside_bbox":true}},{"type":"Feature","id":"afe8b79e-7929-458e-9fb4-8f4296b7843d","geometry":{"type":"Point","coordinates":[69.6024576,42.3050948]},"properties":{"city":"shymkent","overture_id":"afe8b79e-7929-458e-9fb4-8f4296b7843d","overture_version":1,"sources":[{"property":"","dataset":"OpenStreetMap","license":"ODbL-1.0","record_id":"n13272670817@1","update_time":"2025-10-31T17:27:33Z","confidence":null,"between":null,"provider":"osm","resource":"planet","version":"2026-09-09"}],"k10_inside_bbox":false}},{"type":"Feature","id":"affb161a-ec92-4d10-ad42-8e63589d6d6a","geometry":{"type":"Point","coordinates":[69.6088654,42.3105434]},"properties":{"city":"shymkent","overture_id":"affb161a-ec92-4d10-ad42-8e63589d6d6a","overture_version":1,"sources":[{"property":"","dataset":"OpenStreetMap","license":"ODbL-1.0","record_id":"n10142782313@1","update_time":"2022-10-31T12:08:23Z","confidence":null,"between":null,"provider":"osm","resource":"planet","version":"2026-09-09"}],"k10_inside_bbox":true}},{"type":"Feature","id":"b01eeca3-7773-4c80-bf29-4354b7ea2aef","geometry":{"type":"Point","coordinates":[69.5975842,42.3165745]},"properties":{"city":"shymkent","overture_id":"b01eeca3-7773-4c80-bf29-4354b7ea2aef","overture_version":1,"sources":[{"property":"","dataset":"OpenStreetMap","license":"ODbL-1.0","record_id":"n9911541232@1","update_time":"2022-07-26T11:35:34Z","confidence":null,"between":null,"provider":"osm","resource":"planet","version":"2026-09-09"}],"k10_inside_bbox":true}},{"type":"Feature","id":"b071f2a3-449b-4f44-b052-5dee596e5c07","geometry":{"type":"Point","coordinates":[69.6043807,42.3156071]},"properties":{"city":"shymkent","overture_id":"b071f2a3-449b-4f44-b052-5dee596e5c07","overture_version":1,"sources":[{"property":"","dataset":"OpenStreetMap","license":"ODbL-1.0","record_id":"n11384193443@1","update_time":"2023-11-29T17:35:01Z","confidence":null,"between":null,"provider":"osm","resource":"planet","version":"2026-09-09"}],"k10_inside_bbox":true}},{"type":"Feature","id":"b09adee3-ebe0-4058-8f96-90a024445912","geometry":{"type":"Point","coordinates":[69.6089137,42.3071971]},"properties":{"city":"shymkent","overture_id":"b09adee3-ebe0-4058-8f96-90a024445912","overture_version":1,"sources":[{"property":"","dataset":"OpenStreetMap","license":"ODbL-1.0","record_id":"n11384193521@1","update_time":"2023-11-29T17:35:01Z","confidence":null,"between":null,"provider":"osm","resource":"planet","version":"2026-09-09"}],"k10_inside_bbox":true}},{"type":"Feature","id":"b0b38d51-a267-4a88-a309-5f11fb60f302","geometry":{"type":"Point","coordinates":[69.6020058,42.3130158]},"properties":{"city":"shymkent","overture_id":"b0b38d51-a267-4a88-a309-5f11fb60f302","overture_version":1,"sources":[{"property":"","dataset":"OpenStreetMap","license":"ODbL-1.0","record_id":"n11384193173@1","update_time":"2023-11-29T17:35:01Z","confidence":null,"between":null,"provider":"osm","resource":"planet","version":"2026-09-09"}],"k10_inside_bbox":true}},{"type":"Feature","id":"b0ca420a-6bb1-4b4f-a85c-547ecbc57aab","geometry":{"type":"Point","coordinates":[69.5974849,42.3195409]},"properties":{"city":"shymkent","overture_id":"b0ca420a-6bb1-4b4f-a85c-547ecbc57aab","overture_version":1,"sources":[{"property":"","dataset":"OpenStreetMap","license":"ODbL-1.0","record_id":"n4616716180@1","update_time":"2017-01-18T19:02:22Z","confidence":null,"between":null,"provider":"osm","resource":"planet","version":"2026-09-09"}],"k10_inside_bbox":true}},{"type":"Feature","id":"b0cb0a88-3349-43de-adcb-493b33aec001","geometry":{"type":"Point","coordinates":[69.6098529,42.3181835]},"properties":{"city":"shymkent","overture_id":"b0cb0a88-3349-43de-adcb-493b33aec001","overture_version":1,"sources":[{"property":"","dataset":"OpenStreetMap","license":"ODbL-1.0","record_id":"n11375783501@1","update_time":"2023-11-25T18:49:10Z","confidence":null,"between":null,"provider":"osm","resource":"planet","version":"2026-09-09"}],"k10_inside_bbox":true}},{"type":"Feature","id":"b108ed48-23bd-4b6a-8ad5-508857501770","geometry":{"type":"Point","coordinates":[69.5998919,42.3077066]},"properties":{"city":"shymkent","overture_id":"b108ed48-23bd-4b6a-8ad5-508857501770","overture_version":1,"sources":[{"property":"","dataset":"OpenStreetMap","license":"ODbL-1.0","record_id":"n1325965023@3","update_time":"2023-08-27T16:41:50Z","confidence":null,"between":null,"provider":"osm","resource":"planet","version":"2026-09-09"}],"k10_inside_bbox":true}},{"type":"Feature","id":"b1385df0-e495-4051-b583-7f1d3b9caba4","geometry":{"type":"Point","coordinates":[69.594171,42.3219658]},"properties":{"city":"shymkent","overture_id":"b1385df0-e495-4051-b583-7f1d3b9caba4","overture_version":1,"sources":[{"property":"","dataset":"OpenStreetMap","license":"ODbL-1.0","record_id":"n11934561810@1","update_time":"2024-05-26T08:47:45Z","confidence":null,"between":null,"provider":"osm","resource":"planet","version":"2026-09-09"}],"k10_inside_bbox":true}},{"type":"Feature","id":"b13dd793-588f-4431-acf9-7a90f9138e55","geometry":{"type":"Point","coordinates":[69.6109964,42.3231827]},"properties":{"city":"shymkent","overture_id":"b13dd793-588f-4431-acf9-7a90f9138e55","overture_version":1,"sources":[{"property":"","dataset":"OpenStreetMap","license":"ODbL-1.0","record_id":"n5401348267@1","update_time":"2018-02-09T14:58:08Z","confidence":null,"between":null,"provider":"osm","resource":"planet","version":"2026-09-09"}],"k10_inside_bbox":true}},{"type":"Feature","id":"b1b86a7e-e5a1-4b3c-8c72-3633d759958b","geometry":{"type":"Point","coordinates":[69.6038311,42.3125633]},"properties":{"city":"shymkent","overture_id":"b1b86a7e-e5a1-4b3c-8c72-3633d759958b","overture_version":1,"sources":[{"property":"","dataset":"OpenStreetMap","license":"ODbL-1.0","record_id":"n1326354994@1","update_time":"2011-06-15T12:36:38Z","confidence":null,"between":null,"provider":"osm","resource":"planet","version":"2026-09-09"}],"k10_inside_bbox":true}},{"type":"Feature","id":"b1bf7807-71d8-4910-8a2b-493d5cc4122b","geometry":{"type":"Point","coordinates":[69.5997349,42.3070011]},"properties":{"city":"shymkent","overture_id":"b1bf7807-71d8-4910-8a2b-493d5cc4122b","overture_version":1,"sources":[{"property":"","dataset":"OpenStreetMap","license":"ODbL-1.0","record_id":"n12828330492@1","update_time":"2025-05-11T12:31:56Z","confidence":null,"between":null,"provider":"osm","resource":"planet","version":"2026-09-09"}],"k10_inside_bbox":true}},{"type":"Feature","id":"b23325a9-5771-49f3-92b1-37fcb788d6ac","geometry":{"type":"Point","coordinates":[69.6052601,42.3124335]},"properties":{"city":"shymkent","overture_id":"b23325a9-5771-49f3-92b1-37fcb788d6ac","overture_version":1,"sources":[{"property":"","dataset":"OpenStreetMap","license":"ODbL-1.0","record_id":"n1326355562@1","update_time":"2011-06-15T12:36:57Z","confidence":null,"between":null,"provider":"osm","resource":"planet","version":"2026-09-09"}],"k10_inside_bbox":true}},{"type":"Feature","id":"b23913bf-abb6-40c4-a16c-d01400091831","geometry":{"type":"Point","coordinates":[69.6005016,42.3064374]},"properties":{"city":"shymkent","overture_id":"b23913bf-abb6-40c4-a16c-d01400091831","overture_version":1,"sources":[{"property":"","dataset":"OpenStreetMap","license":"ODbL-1.0","record_id":"n12828330441@2","update_time":"2025-05-11T13:58:56Z","confidence":null,"between":null,"provider":"osm","resource":"planet","version":"2026-09-09"}],"k10_inside_bbox":false}},{"type":"Feature","id":"b239db8a-170f-4557-aa0b-540b5f17a649","geometry":{"type":"Point","coordinates":[69.6042679,42.3120856]},"properties":{"city":"shymkent","overture_id":"b239db8a-170f-4557-aa0b-540b5f17a649","overture_version":1,"sources":[{"property":"","dataset":"OpenStreetMap","license":"ODbL-1.0","record_id":"n5946672144@1","update_time":"2018-10-02T00:37:59Z","confidence":null,"between":null,"provider":"osm","resource":"planet","version":"2026-09-09"}],"k10_inside_bbox":true}},{"type":"Feature","id":"b2454f87-fe76-4e59-a4bb-06a77419bb44","geometry":{"type":"Point","coordinates":[69.5936243,42.3205971]},"properties":{"city":"shymkent","overture_id":"b2454f87-fe76-4e59-a4bb-06a77419bb44","overture_version":1,"sources":[{"property":"","dataset":"OpenStreetMap","license":"ODbL-1.0","record_id":"n11943868733@1","update_time":"2024-05-30T03:46:23Z","confidence":null,"between":null,"provider":"osm","resource":"planet","version":"2026-09-09"}],"k10_inside_bbox":true}},{"type":"Feature","id":"b25faef9-b388-4693-a214-aacaf888acdd","geometry":{"type":"Point","coordinates":[69.5966952,42.3192378]},"properties":{"city":"shymkent","overture_id":"b25faef9-b388-4693-a214-aacaf888acdd","overture_version":1,"sources":[{"property":"","dataset":"OpenStreetMap","license":"ODbL-1.0","record_id":"n10731921369@1","update_time":"2023-03-13T03:38:15Z","confidence":null,"between":null,"provider":"osm","resource":"planet","version":"2026-09-09"}],"k10_inside_bbox":true}},{"type":"Feature","id":"b261e84a-7e5b-4803-8522-fb26cf2279ef","geometry":{"type":"Point","coordinates":[69.5979668,42.3206758]},"properties":{"city":"shymkent","overture_id":"b261e84a-7e5b-4803-8522-fb26cf2279ef","overture_version":1,"sources":[{"property":"","dataset":"OpenStreetMap","license":"ODbL-1.0","record_id":"n10731921347@1","update_time":"2023-03-13T03:38:15Z","confidence":null,"between":null,"provider":"osm","resource":"planet","version":"2026-09-09"}],"k10_inside_bbox":true}},{"type":"Feature","id":"b2869044-1118-41bb-b267-e35312a99bfd","geometry":{"type":"Point","coordinates":[69.5962785,42.3160359]},"properties":{"city":"shymkent","overture_id":"b2869044-1118-41bb-b267-e35312a99bfd","overture_version":1,"sources":[{"property":"","dataset":"OpenStreetMap","license":"ODbL-1.0","record_id":"n8242269591@1","update_time":"2020-12-19T09:11:20Z","confidence":null,"between":null,"provider":"osm","resource":"planet","version":"2026-09-09"}],"k10_inside_bbox":true}},{"type":"Feature","id":"b28ec9dd-13ac-4458-ba71-e929ba47c3b1","geometry":{"type":"Point","coordinates":[69.5933992,42.3144265]},"properties":{"city":"shymkent","overture_id":"b28ec9dd-13ac-4458-ba71-e929ba47c3b1","overture_version":2,"sources":[{"property":"","dataset":"OpenStreetMap","license":"ODbL-1.0","record_id":"n9339642244@2","update_time":"2025-09-23T13:06:46Z","confidence":null,"between":null,"provider":"osm","resource":"planet","version":"2026-09-09"}],"k10_inside_bbox":true}},{"type":"Feature","id":"b2a8050a-15ba-491a-a2ba-30b1a3c98a1f","geometry":{"type":"Point","coordinates":[69.5951412,42.3068639]},"properties":{"city":"shymkent","overture_id":"b2a8050a-15ba-491a-a2ba-30b1a3c98a1f","overture_version":1,"sources":[{"property":"","dataset":"OpenStreetMap","license":"ODbL-1.0","record_id":"n11148559535@1","update_time":"2023-08-27T16:41:50Z","confidence":null,"between":null,"provider":"osm","resource":"planet","version":"2026-09-09"}],"k10_inside_bbox":true}},{"type":"Feature","id":"b2ac37ee-1c2d-4280-a70c-4e8729d14d6e","geometry":{"type":"Point","coordinates":[69.5945307,42.309132]},"properties":{"city":"shymkent","overture_id":"b2ac37ee-1c2d-4280-a70c-4e8729d14d6e","overture_version":1,"sources":[{"property":"","dataset":"OpenStreetMap","license":"ODbL-1.0","record_id":"n3764912482@1","update_time":"2015-09-30T06:18:07Z","confidence":null,"between":null,"provider":"osm","resource":"planet","version":"2026-09-09"}],"k10_inside_bbox":true}},{"type":"Feature","id":"b2ae9c4f-1975-40b3-ad26-b359ea3aff2c","geometry":{"type":"Point","coordinates":[69.604789,42.312455]},"properties":{"city":"shymkent","overture_id":"b2ae9c4f-1975-40b3-ad26-b359ea3aff2c","overture_version":1,"sources":[{"property":"","dataset":"OpenStreetMap","license":"ODbL-1.0","record_id":"n1326355484@2","update_time":"2011-09-06T11:47:57Z","confidence":null,"between":null,"provider":"osm","resource":"planet","version":"2026-09-09"}],"k10_inside_bbox":true}},{"type":"Feature","id":"b2f4402e-f337-4af5-a990-448834ea4076","geometry":{"type":"Point","coordinates":[69.6174364,42.3069898]},"properties":{"city":"shymkent","overture_id":"b2f4402e-f337-4af5-a990-448834ea4076","overture_version":1,"sources":[{"property":"","dataset":"OpenStreetMap","license":"ODbL-1.0","record_id":"n11192558428@1","update_time":"2023-09-15T06:49:34Z","confidence":null,"between":null,"provider":"osm","resource":"planet","version":"2026-09-09"}],"k10_inside_bbox":true}},{"type":"Feature","id":"b30d7594-6740-4879-9462-7576ab1d8482","geometry":{"type":"Point","coordinates":[69.6091116,42.3244473]},"properties":{"city":"shymkent","overture_id":"b30d7594-6740-4879-9462-7576ab1d8482","overture_version":1,"sources":[{"property":"","dataset":"OpenStreetMap","license":"ODbL-1.0","record_id":"n1240512292@2","update_time":"2011-05-16T05:45:09Z","confidence":null,"between":null,"provider":"osm","resource":"planet","version":"2026-09-09"}],"k10_inside_bbox":true}},{"type":"Feature","id":"b330cf74-0d51-4ced-9b89-cc96195087bf","geometry":{"type":"Point","coordinates":[69.6032432,42.3168422]},"properties":{"city":"shymkent","overture_id":"b330cf74-0d51-4ced-9b89-cc96195087bf","overture_version":1,"sources":[{"property":"","dataset":"OpenStreetMap","license":"ODbL-1.0","record_id":"n13888881211@1","update_time":"2026-05-27T17:08:16Z","confidence":null,"between":null,"provider":"osm","resource":"planet","version":"2026-09-09"}],"k10_inside_bbox":true}},{"type":"Feature","id":"b3404ccf-a054-4c48-aec8-d2b188f9d610","geometry":{"type":"Point","coordinates":[69.5977859,42.3153328]},"properties":{"city":"shymkent","overture_id":"b3404ccf-a054-4c48-aec8-d2b188f9d610","overture_version":1,"sources":[{"property":"","dataset":"OpenStreetMap","license":"ODbL-1.0","record_id":"n8230441860@1","update_time":"2020-12-15T08:58:57Z","confidence":null,"between":null,"provider":"osm","resource":"planet","version":"2026-09-09"}],"k10_inside_bbox":true}},{"type":"Feature","id":"b343046e-015b-40e5-91d3-f6035a77b78e","geometry":{"type":"Point","coordinates":[69.6102762,42.3188875]},"properties":{"city":"shymkent","overture_id":"b343046e-015b-40e5-91d3-f6035a77b78e","overture_version":1,"sources":[{"property":"","dataset":"OpenStreetMap","license":"ODbL-1.0","record_id":"n5401348250@1","update_time":"2018-02-09T14:58:08Z","confidence":null,"between":null,"provider":"osm","resource":"planet","version":"2026-09-09"}],"k10_inside_bbox":true}},{"type":"Feature","id":"b34cb4cd-2cd2-4a7a-acf1-64eba3736909","geometry":{"type":"Point","coordinates":[69.5995483,42.3157037]},"properties":{"city":"shymkent","overture_id":"b34cb4cd-2cd2-4a7a-acf1-64eba3736909","overture_version":1,"sources":[{"property":"","dataset":"OpenStreetMap","license":"ODbL-1.0","record_id":"n8069568509@1","update_time":"2020-10-31T19:30:44Z","confidence":null,"between":null,"provider":"osm","resource":"planet","version":"2026-09-09"}],"k10_inside_bbox":true}},{"type":"Feature","id":"b3635a4c-58bf-4181-b003-d819c952e9e4","geometry":{"type":"Point","coordinates":[69.6097671,42.320384]},"properties":{"city":"shymkent","overture_id":"b3635a4c-58bf-4181-b003-d819c952e9e4","overture_version":1,"sources":[{"property":"","dataset":"OpenStreetMap","license":"ODbL-1.0","record_id":"n5401348253@2","update_time":"2024-09-05T07:06:14Z","confidence":null,"between":null,"provider":"osm","resource":"planet","version":"2026-09-09"}],"k10_inside_bbox":true}},{"type":"Feature","id":"b371fcbd-ef37-4276-83f5-6c941d3f7ea0","geometry":{"type":"Point","coordinates":[69.5962566,42.3172877]},"properties":{"city":"shymkent","overture_id":"b371fcbd-ef37-4276-83f5-6c941d3f7ea0","overture_version":1,"sources":[{"property":"","dataset":"OpenStreetMap","license":"ODbL-1.0","record_id":"n1370727103@2","update_time":"2011-08-31T04:22:54Z","confidence":null,"between":null,"provider":"osm","resource":"planet","version":"2026-09-09"}],"k10_inside_bbox":true}},{"type":"Feature","id":"b3d3ee77-96bb-4015-812e-b0c390d1122d","geometry":{"type":"Point","coordinates":[69.6004642,42.3099767]},"properties":{"city":"shymkent","overture_id":"b3d3ee77-96bb-4015-812e-b0c390d1122d","overture_version":1,"sources":[{"property":"","dataset":"OpenStreetMap","license":"ODbL-1.0","record_id":"n9273546520@2","update_time":"2024-09-05T07:06:14Z","confidence":null,"between":null,"provider":"osm","resource":"planet","version":"2026-09-09"}],"k10_inside_bbox":true}},{"type":"Feature","id":"b5343661-2f1b-49b4-8b2e-8e9bfd321cc0","geometry":{"type":"Point","coordinates":[69.6024103,42.3141861]},"properties":{"city":"shymkent","overture_id":"b5343661-2f1b-49b4-8b2e-8e9bfd321cc0","overture_version":1,"sources":[{"property":"","dataset":"OpenStreetMap","license":"ODbL-1.0","record_id":"n12804572568@1","update_time":"2025-05-02T17:34:26Z","confidence":null,"between":null,"provider":"osm","resource":"planet","version":"2026-09-09"}],"k10_inside_bbox":true}},{"type":"Feature","id":"b5557c38-376c-46a9-b66e-321aec0cb2bb","geometry":{"type":"Point","coordinates":[69.6046154,42.3132339]},"properties":{"city":"shymkent","overture_id":"b5557c38-376c-46a9-b66e-321aec0cb2bb","overture_version":1,"sources":[{"property":"","dataset":"OpenStreetMap","license":"ODbL-1.0","record_id":"n1326355511@1","update_time":"2011-06-15T12:36:54Z","confidence":null,"between":null,"provider":"osm","resource":"planet","version":"2026-09-09"}],"k10_inside_bbox":true}},{"type":"Feature","id":"b5be38ed-991f-4a8d-a41d-f84eb2ccfb9b","geometry":{"type":"Point","coordinates":[69.6132017,42.3064658]},"properties":{"city":"shymkent","overture_id":"b5be38ed-991f-4a8d-a41d-f84eb2ccfb9b","overture_version":1,"sources":[{"property":"","dataset":"OpenStreetMap","license":"ODbL-1.0","record_id":"n11384193485@1","update_time":"2023-11-29T17:35:01Z","confidence":null,"between":null,"provider":"osm","resource":"planet","version":"2026-09-09"}],"k10_inside_bbox":false}},{"type":"Feature","id":"b5ef35dc-d93d-43a5-a46e-b864fbed8969","geometry":{"type":"Point","coordinates":[69.6081135,42.3033139]},"properties":{"city":"shymkent","overture_id":"b5ef35dc-d93d-43a5-a46e-b864fbed8969","overture_version":1,"sources":[{"property":"","dataset":"OpenStreetMap","license":"ODbL-1.0","record_id":"n4335000498@1","update_time":"2016-08-04T06:01:46Z","confidence":null,"between":null,"provider":"osm","resource":"planet","version":"2026-09-09"}],"k10_inside_bbox":false}},{"type":"Feature","id":"b609eef5-8def-4de1-a075-cf4bb76f0a75","geometry":{"type":"Point","coordinates":[69.6029484,42.312448]},"properties":{"city":"shymkent","overture_id":"b609eef5-8def-4de1-a075-cf4bb76f0a75","overture_version":1,"sources":[{"property":"","dataset":"OpenStreetMap","license":"ODbL-1.0","record_id":"n11384184929@1","update_time":"2023-11-29T17:35:01Z","confidence":null,"between":null,"provider":"osm","resource":"planet","version":"2026-09-09"}],"k10_inside_bbox":true}},{"type":"Feature","id":"b61a1407-c9d0-4323-bc0b-f5eea6c4bec3","geometry":{"type":"Point","coordinates":[69.5990612,42.3082486]},"properties":{"city":"shymkent","overture_id":"b61a1407-c9d0-4323-bc0b-f5eea6c4bec3","overture_version":1,"sources":[{"property":"","dataset":"OpenStreetMap","license":"ODbL-1.0","record_id":"n1804778787@3","update_time":"2023-08-27T16:41:50Z","confidence":null,"between":null,"provider":"osm","resource":"planet","version":"2026-09-09"}],"k10_inside_bbox":true}},{"type":"Feature","id":"b6286dd6-53b4-4139-8a58-6fc8b939f3db","geometry":{"type":"Point","coordinates":[69.5984249,42.3152342]},"properties":{"city":"shymkent","overture_id":"b6286dd6-53b4-4139-8a58-6fc8b939f3db","overture_version":1,"sources":[{"property":"","dataset":"OpenStreetMap","license":"ODbL-1.0","record_id":"n8069568504@2","update_time":"2022-01-20T04:21:50Z","confidence":null,"between":null,"provider":"osm","resource":"planet","version":"2026-09-09"}],"k10_inside_bbox":true}},{"type":"Feature","id":"b6475980-3974-47fd-81a2-9284600f6394","geometry":{"type":"Point","coordinates":[69.6027051,42.3152927]},"properties":{"city":"shymkent","overture_id":"b6475980-3974-47fd-81a2-9284600f6394","overture_version":1,"sources":[{"property":"","dataset":"OpenStreetMap","license":"ODbL-1.0","record_id":"n13888881207@1","update_time":"2026-05-27T17:08:16Z","confidence":null,"between":null,"provider":"osm","resource":"planet","version":"2026-09-09"}],"k10_inside_bbox":true}},{"type":"Feature","id":"b65670da-0168-4e6c-b941-3442af4f34c2","geometry":{"type":"Point","coordinates":[69.5958386,42.3163206]},"properties":{"city":"shymkent","overture_id":"b65670da-0168-4e6c-b941-3442af4f34c2","overture_version":1,"sources":[{"property":"","dataset":"OpenStreetMap","license":"ODbL-1.0","record_id":"n9433400773@1","update_time":"2022-01-20T11:54:52Z","confidence":null,"between":null,"provider":"osm","resource":"planet","version":"2026-09-09"}],"k10_inside_bbox":true}},{"type":"Feature","id":"b65feba2-33c7-47f3-9cb3-768a64cb630e","geometry":{"type":"Point","coordinates":[69.6081224,42.3189489]},"properties":{"city":"shymkent","overture_id":"b65feba2-33c7-47f3-9cb3-768a64cb630e","overture_version":1,"sources":[{"property":"","dataset":"OpenStreetMap","license":"ODbL-1.0","record_id":"n10755269294@1","update_time":"2023-03-23T06:02:04Z","confidence":null,"between":null,"provider":"osm","resource":"planet","version":"2026-09-09"}],"k10_inside_bbox":true}},{"type":"Feature","id":"b68e4d9e-7c3c-4562-bdce-02de73fe630a","geometry":{"type":"Point","coordinates":[69.6080607,42.3239445]},"properties":{"city":"shymkent","overture_id":"b68e4d9e-7c3c-4562-bdce-02de73fe630a","overture_version":1,"sources":[{"property":"","dataset":"OpenStreetMap","license":"ODbL-1.0","record_id":"n12991034860@1","update_time":"2025-07-10T04:04:49Z","confidence":null,"between":null,"provider":"osm","resource":"planet","version":"2026-09-09"}],"k10_inside_bbox":true}},{"type":"Feature","id":"b70c51fe-bd2c-4c79-9e64-503373220d61","geometry":{"type":"Point","coordinates":[69.6077824,42.3157951]},"properties":{"city":"shymkent","overture_id":"b70c51fe-bd2c-4c79-9e64-503373220d61","overture_version":1,"sources":[{"property":"","dataset":"OpenStreetMap","license":"ODbL-1.0","record_id":"n12157181907@2","update_time":"2025-05-08T04:08:13Z","confidence":null,"between":null,"provider":"osm","resource":"planet","version":"2026-09-09"}],"k10_inside_bbox":true}},{"type":"Feature","id":"b71df749-65d6-4b8f-bd4e-529c61afc58f","geometry":{"type":"Point","coordinates":[69.5995862,42.3155466]},"properties":{"city":"shymkent","overture_id":"b71df749-65d6-4b8f-bd4e-529c61afc58f","overture_version":2,"sources":[{"property":"","dataset":"OpenStreetMap","license":"ODbL-1.0","record_id":"n8069568511@2","update_time":"2025-06-30T11:21:35Z","confidence":null,"between":null,"provider":"osm","resource":"planet","version":"2026-09-09"}],"k10_inside_bbox":true}},{"type":"Feature","id":"b77dd9fb-38f9-458a-a7eb-fdbfdfacba59","geometry":{"type":"Point","coordinates":[69.5958046,42.3126531]},"properties":{"city":"shymkent","overture_id":"b77dd9fb-38f9-458a-a7eb-fdbfdfacba59","overture_version":1,"sources":[{"property":"","dataset":"OpenStreetMap","license":"ODbL-1.0","record_id":"n1782934387@3","update_time":"2024-09-11T13:06:08Z","confidence":null,"between":null,"provider":"osm","resource":"planet","version":"2026-09-09"}],"k10_inside_bbox":true}},{"type":"Feature","id":"b78b29c0-1bdd-4143-8dbd-d35abf2ccc1d","geometry":{"type":"Point","coordinates":[69.599451,42.3147948]},"properties":{"city":"shymkent","overture_id":"b78b29c0-1bdd-4143-8dbd-d35abf2ccc1d","overture_version":1,"sources":[{"property":"","dataset":"OpenStreetMap","license":"ODbL-1.0","record_id":"n13083815837@1","update_time":"2025-08-20T06:31:37Z","confidence":null,"between":null,"provider":"osm","resource":"planet","version":"2026-09-09"}],"k10_inside_bbox":true}},{"type":"Feature","id":"b793963f-1965-4c5a-a989-bbd23face55f","geometry":{"type":"Point","coordinates":[69.6007899,42.3082439]},"properties":{"city":"shymkent","overture_id":"b793963f-1965-4c5a-a989-bbd23face55f","overture_version":1,"sources":[{"property":"","dataset":"OpenStreetMap","license":"ODbL-1.0","record_id":"n13272670803@1","update_time":"2025-10-31T17:27:33Z","confidence":null,"between":null,"provider":"osm","resource":"planet","version":"2026-09-09"}],"k10_inside_bbox":true}},{"type":"Feature","id":"b7cfc04b-e8a9-4549-9cbc-853712f0f1be","geometry":{"type":"Point","coordinates":[69.5986703,42.3111622]},"properties":{"city":"shymkent","overture_id":"b7cfc04b-e8a9-4549-9cbc-853712f0f1be","overture_version":1,"sources":[{"property":"","dataset":"OpenStreetMap","license":"ODbL-1.0","record_id":"n12158203450@1","update_time":"2024-09-05T17:42:04Z","confidence":null,"between":null,"provider":"osm","resource":"planet","version":"2026-09-09"}],"k10_inside_bbox":true}},{"type":"Feature","id":"b859422b-58a7-41dc-841d-a4de94adb3a7","geometry":{"type":"Point","coordinates":[69.5932052,42.3144533]},"properties":{"city":"shymkent","overture_id":"b859422b-58a7-41dc-841d-a4de94adb3a7","overture_version":1,"sources":[{"property":"","dataset":"OpenStreetMap","license":"ODbL-1.0","record_id":"n4616688475@3","update_time":"2025-06-29T06:12:14Z","confidence":null,"between":null,"provider":"osm","resource":"planet","version":"2026-09-09"}],"k10_inside_bbox":false}},{"type":"Feature","id":"b86dc5c8-9f77-4a73-9df4-ab8aa3d58ca2","geometry":{"type":"Point","coordinates":[69.6007756,42.3087519]},"properties":{"city":"shymkent","overture_id":"b86dc5c8-9f77-4a73-9df4-ab8aa3d58ca2","overture_version":1,"sources":[{"property":"","dataset":"OpenStreetMap","license":"ODbL-1.0","record_id":"n13852387762@1","update_time":"2026-05-20T11:46:55Z","confidence":null,"between":null,"provider":"osm","resource":"planet","version":"2026-09-09"}],"k10_inside_bbox":true}},{"type":"Feature","id":"b8876d0a-8bf2-4084-8a17-44466400cca5","geometry":{"type":"Point","coordinates":[69.5942818,42.3124575]},"properties":{"city":"shymkent","overture_id":"b8876d0a-8bf2-4084-8a17-44466400cca5","overture_version":1,"sources":[{"property":"","dataset":"OpenStreetMap","license":"ODbL-1.0","record_id":"n3764995257@2","update_time":"2023-04-21T03:31:36Z","confidence":null,"between":null,"provider":"osm","resource":"planet","version":"2026-09-09"}],"k10_inside_bbox":true}},{"type":"Feature","id":"b8c52fed-b580-4c52-a40b-293c1d393e81","geometry":{"type":"Point","coordinates":[69.5978003,42.3067216]},"properties":{"city":"shymkent","overture_id":"b8c52fed-b580-4c52-a40b-293c1d393e81","overture_version":1,"sources":[{"property":"","dataset":"OpenStreetMap","license":"ODbL-1.0","record_id":"n4584096700@4","update_time":"2023-08-27T16:41:50Z","confidence":null,"between":null,"provider":"osm","resource":"planet","version":"2026-09-09"}],"k10_inside_bbox":true}},{"type":"Feature","id":"b90637d1-0429-494b-ab0b-58e537335862","geometry":{"type":"Point","coordinates":[69.6037745,42.3089843]},"properties":{"city":"shymkent","overture_id":"b90637d1-0429-494b-ab0b-58e537335862","overture_version":1,"sources":[{"property":"","dataset":"OpenStreetMap","license":"ODbL-1.0","record_id":"n12159712952@2","update_time":"2024-09-11T10:11:56Z","confidence":null,"between":null,"provider":"osm","resource":"planet","version":"2026-09-09"}],"k10_inside_bbox":true}},{"type":"Feature","id":"b90db60f-4fb8-4cd5-b418-fb3c7ef71548","geometry":{"type":"Point","coordinates":[69.597722,42.3211685]},"properties":{"city":"shymkent","overture_id":"b90db60f-4fb8-4cd5-b418-fb3c7ef71548","overture_version":1,"sources":[{"property":"","dataset":"OpenStreetMap","license":"ODbL-1.0","record_id":"n11934561826@1","update_time":"2024-05-26T08:47:45Z","confidence":null,"between":null,"provider":"osm","resource":"planet","version":"2026-09-09"}],"k10_inside_bbox":true}},{"type":"Feature","id":"b927a1ee-a5ee-40a4-97df-e5ad61fb9fd6","geometry":{"type":"Point","coordinates":[69.605565,42.3163136]},"properties":{"city":"shymkent","overture_id":"b927a1ee-a5ee-40a4-97df-e5ad61fb9fd6","overture_version":1,"sources":[{"property":"","dataset":"OpenStreetMap","license":"ODbL-1.0","record_id":"n12157181916@1","update_time":"2024-09-05T07:06:14Z","confidence":null,"between":null,"provider":"osm","resource":"planet","version":"2026-09-09"}],"k10_inside_bbox":true}},{"type":"Feature","id":"b937a008-347f-403e-a02e-02521c937ecf","geometry":{"type":"Point","coordinates":[69.5984286,42.3063558]},"properties":{"city":"shymkent","overture_id":"b937a008-347f-403e-a02e-02521c937ecf","overture_version":1,"sources":[{"property":"","dataset":"OpenStreetMap","license":"ODbL-1.0","record_id":"n12828330414@1","update_time":"2025-05-11T12:31:56Z","confidence":null,"between":null,"provider":"osm","resource":"planet","version":"2026-09-09"}],"k10_inside_bbox":false}},{"type":"Feature","id":"b9470f27-35ff-4ca3-8ce4-1f59e5c18583","geometry":{"type":"Point","coordinates":[69.601673,42.3099999]},"properties":{"city":"shymkent","overture_id":"b9470f27-35ff-4ca3-8ce4-1f59e5c18583","overture_version":1,"sources":[{"property":"","dataset":"OpenStreetMap","license":"ODbL-1.0","record_id":"n11384193281@1","update_time":"2023-11-29T17:35:01Z","confidence":null,"between":null,"provider":"osm","resource":"planet","version":"2026-09-09"}],"k10_inside_bbox":true}},{"type":"Feature","id":"b98690b5-de07-428b-923e-4a65413b7c7e","geometry":{"type":"Point","coordinates":[69.6123395,42.3149393]},"properties":{"city":"shymkent","overture_id":"b98690b5-de07-428b-923e-4a65413b7c7e","overture_version":1,"sources":[{"property":"","dataset":"OpenStreetMap","license":"ODbL-1.0","record_id":"n1434183750@2","update_time":"2018-08-31T21:27:48Z","confidence":null,"between":null,"provider":"osm","resource":"planet","version":"2026-09-09"}],"k10_inside_bbox":true}},{"type":"Feature","id":"b98bc892-d23c-47db-bfdd-af3234093c43","geometry":{"type":"Point","coordinates":[69.6130185,42.3146772]},"properties":{"city":"shymkent","overture_id":"b98bc892-d23c-47db-bfdd-af3234093c43","overture_version":1,"sources":[{"property":"","dataset":"OpenStreetMap","license":"ODbL-1.0","record_id":"n11375783397@1","update_time":"2023-11-25T18:49:10Z","confidence":null,"between":null,"provider":"osm","resource":"planet","version":"2026-09-09"}],"k10_inside_bbox":true}},{"type":"Feature","id":"b9962717-f27f-40cc-948d-758f078c6e8d","geometry":{"type":"Point","coordinates":[69.6102707,42.315853]},"properties":{"city":"shymkent","overture_id":"b9962717-f27f-40cc-948d-758f078c6e8d","overture_version":1,"sources":[{"property":"","dataset":"OpenStreetMap","license":"ODbL-1.0","record_id":"n11375783547@1","update_time":"2023-11-25T18:49:10Z","confidence":null,"between":null,"provider":"osm","resource":"planet","version":"2026-09-09"}],"k10_inside_bbox":true}},{"type":"Feature","id":"b99c3f20-89de-4511-bd20-ba9e72945ad2","geometry":{"type":"Point","coordinates":[69.619642,42.3219102]},"properties":{"city":"shymkent","overture_id":"b99c3f20-89de-4511-bd20-ba9e72945ad2","overture_version":1,"sources":[{"property":"","dataset":"OpenStreetMap","license":"ODbL-1.0","record_id":"n2576622336@2","update_time":"2018-11-24T00:01:07Z","confidence":null,"between":null,"provider":"osm","resource":"planet","version":"2026-09-09"}],"k10_inside_bbox":false}},{"type":"Feature","id":"b9f48d7c-88fc-447e-90e5-aad126078006","geometry":{"type":"Point","coordinates":[69.6141547,42.3142028]},"properties":{"city":"shymkent","overture_id":"b9f48d7c-88fc-447e-90e5-aad126078006","overture_version":1,"sources":[{"property":"","dataset":"OpenStreetMap","license":"ODbL-1.0","record_id":"n11384193392@1","update_time":"2023-11-29T17:35:01Z","confidence":null,"between":null,"provider":"osm","resource":"planet","version":"2026-09-09"}],"k10_inside_bbox":true}},{"type":"Feature","id":"b9f70f9f-d678-46d1-aa7f-2378d8b31f90","geometry":{"type":"Point","coordinates":[69.5946818,42.311311]},"properties":{"city":"shymkent","overture_id":"b9f70f9f-d678-46d1-aa7f-2378d8b31f90","overture_version":1,"sources":[{"property":"","dataset":"OpenStreetMap","license":"ODbL-1.0","record_id":"n10828674479@3","update_time":"2024-10-01T19:04:21Z","confidence":null,"between":null,"provider":"osm","resource":"planet","version":"2026-09-09"}],"k10_inside_bbox":true}},{"type":"Feature","id":"ba000115-45d2-47db-9b5f-d71f34d4c34c","geometry":{"type":"Point","coordinates":[69.6041493,42.30329]},"properties":{"city":"shymkent","overture_id":"ba000115-45d2-47db-9b5f-d71f34d4c34c","overture_version":1,"sources":[{"property":"","dataset":"OpenStreetMap","license":"ODbL-1.0","record_id":"n13272670821@1","update_time":"2025-10-31T17:27:33Z","confidence":null,"between":null,"provider":"osm","resource":"planet","version":"2026-09-09"}],"k10_inside_bbox":false}},{"type":"Feature","id":"ba04584b-9739-4437-84c5-495876991d02","geometry":{"type":"Point","coordinates":[69.6056932,42.3192088]},"properties":{"city":"shymkent","overture_id":"ba04584b-9739-4437-84c5-495876991d02","overture_version":1,"sources":[{"property":"","dataset":"OpenStreetMap","license":"ODbL-1.0","record_id":"n10755284713@1","update_time":"2023-03-23T06:02:04Z","confidence":null,"between":null,"provider":"osm","resource":"planet","version":"2026-09-09"}],"k10_inside_bbox":true}},{"type":"Feature","id":"ba74dc56-3fe1-44ba-a66a-96040fc31818","geometry":{"type":"Point","coordinates":[69.6036816,42.3130138]},"properties":{"city":"shymkent","overture_id":"ba74dc56-3fe1-44ba-a66a-96040fc31818","overture_version":1,"sources":[{"property":"","dataset":"OpenStreetMap","license":"ODbL-1.0","record_id":"n1326355162@1","update_time":"2011-06-15T12:36:43Z","confidence":null,"between":null,"provider":"osm","resource":"planet","version":"2026-09-09"}],"k10_inside_bbox":true}},{"type":"Feature","id":"baa78d56-18fb-4ca2-a522-7812f099655e","geometry":{"type":"Point","coordinates":[69.5961668,42.3201171]},"properties":{"city":"shymkent","overture_id":"baa78d56-18fb-4ca2-a522-7812f099655e","overture_version":1,"sources":[{"property":"","dataset":"OpenStreetMap","license":"ODbL-1.0","record_id":"n10731921348@1","update_time":"2023-03-13T03:38:15Z","confidence":null,"between":null,"provider":"osm","resource":"planet","version":"2026-09-09"}],"k10_inside_bbox":true}},{"type":"Feature","id":"bacc7af8-5bec-44cd-8d1b-28d71308e166","geometry":{"type":"Point","coordinates":[69.6044457,42.3128208]},"properties":{"city":"shymkent","overture_id":"bacc7af8-5bec-44cd-8d1b-28d71308e166","overture_version":1,"sources":[{"property":"","dataset":"OpenStreetMap","license":"ODbL-1.0","record_id":"n1326354983@1","update_time":"2011-06-15T12:36:38Z","confidence":null,"between":null,"provider":"osm","resource":"planet","version":"2026-09-09"}],"k10_inside_bbox":true}},{"type":"Feature","id":"bad39cb4-ef04-4b4f-9811-40d8ebc036ad","geometry":{"type":"Point","coordinates":[69.6016278,42.3113254]},"properties":{"city":"shymkent","overture_id":"bad39cb4-ef04-4b4f-9811-40d8ebc036ad","overture_version":1,"sources":[{"property":"","dataset":"OpenStreetMap","license":"ODbL-1.0","record_id":"n13889012205@1","update_time":"2026-05-27T18:04:03Z","confidence":null,"between":null,"provider":"osm","resource":"planet","version":"2026-09-09"}],"k10_inside_bbox":true}},{"type":"Feature","id":"badd46e0-875a-41da-b735-9684c9e4bb87","geometry":{"type":"Point","coordinates":[69.605238,42.3128309]},"properties":{"city":"shymkent","overture_id":"badd46e0-875a-41da-b735-9684c9e4bb87","overture_version":1,"sources":[{"property":"","dataset":"OpenStreetMap","license":"ODbL-1.0","record_id":"n1326355411@2","update_time":"2011-09-06T11:47:57Z","confidence":null,"between":null,"provider":"osm","resource":"planet","version":"2026-09-09"}],"k10_inside_bbox":true}},{"type":"Feature","id":"baf3bd5e-128f-40fa-b67b-f65343a0d1e9","geometry":{"type":"Point","coordinates":[69.6061848,42.308834]},"properties":{"city":"shymkent","overture_id":"baf3bd5e-128f-40fa-b67b-f65343a0d1e9","overture_version":1,"sources":[{"property":"","dataset":"OpenStreetMap","license":"ODbL-1.0","record_id":"n11384193346@1","update_time":"2023-11-29T17:35:01Z","confidence":null,"between":null,"provider":"osm","resource":"planet","version":"2026-09-09"}],"k10_inside_bbox":true}},{"type":"Feature","id":"baf554e5-b1f8-4f20-8e5e-bf0b53c7cc32","geometry":{"type":"Point","coordinates":[69.6067703,42.3234519]},"properties":{"city":"shymkent","overture_id":"baf554e5-b1f8-4f20-8e5e-bf0b53c7cc32","overture_version":1,"sources":[{"property":"","dataset":"OpenStreetMap","license":"ODbL-1.0","record_id":"n11700691764@1","update_time":"2024-03-07T12:44:58Z","confidence":null,"between":null,"provider":"osm","resource":"planet","version":"2026-09-09"}],"k10_inside_bbox":true}},{"type":"Feature","id":"bafb4488-ce04-44c2-972e-04beaaffe0d8","geometry":{"type":"Point","coordinates":[69.6032649,42.3071866]},"properties":{"city":"shymkent","overture_id":"bafb4488-ce04-44c2-972e-04beaaffe0d8","overture_version":2,"sources":[{"property":"","dataset":"OpenStreetMap","license":"ODbL-1.0","record_id":"n13311470439@1","update_time":"2025-11-17T18:46:06Z","confidence":null,"between":null,"provider":"osm","resource":"planet","version":"2026-09-09"}],"k10_inside_bbox":true}},{"type":"Feature","id":"baff537d-08e6-4430-8aad-c26caf4597ee","geometry":{"type":"Point","coordinates":[69.6050668,42.3125653]},"properties":{"city":"shymkent","overture_id":"baff537d-08e6-4430-8aad-c26caf4597ee","overture_version":1,"sources":[{"property":"","dataset":"OpenStreetMap","license":"ODbL-1.0","record_id":"n1326355625@2","update_time":"2011-09-06T11:47:59Z","confidence":null,"between":null,"provider":"osm","resource":"planet","version":"2026-09-09"}],"k10_inside_bbox":true}},{"type":"Feature","id":"bb26b195-5c2c-453a-9261-ea342596c51b","geometry":{"type":"Point","coordinates":[69.6156987,42.316828]},"properties":{"city":"shymkent","overture_id":"bb26b195-5c2c-453a-9261-ea342596c51b","overture_version":1,"sources":[{"property":"","dataset":"OpenStreetMap","license":"ODbL-1.0","record_id":"n9459658226@1","update_time":"2022-01-30T07:07:44Z","confidence":null,"between":null,"provider":"osm","resource":"planet","version":"2026-09-09"}],"k10_inside_bbox":true}},{"type":"Feature","id":"bb2c1bb4-e580-4496-bc6f-de0d01c11289","geometry":{"type":"Point","coordinates":[69.6086147,42.3215235]},"properties":{"city":"shymkent","overture_id":"bb2c1bb4-e580-4496-bc6f-de0d01c11289","overture_version":1,"sources":[{"property":"","dataset":"OpenStreetMap","license":"ODbL-1.0","record_id":"n11375783476@1","update_time":"2023-11-25T18:49:10Z","confidence":null,"between":null,"provider":"osm","resource":"planet","version":"2026-09-09"}],"k10_inside_bbox":true}},{"type":"Feature","id":"bb2dd38b-3150-4cfa-98ee-c5ad258fe6f4","geometry":{"type":"Point","coordinates":[69.6019467,42.3139876]},"properties":{"city":"shymkent","overture_id":"bb2dd38b-3150-4cfa-98ee-c5ad258fe6f4","overture_version":1,"sources":[{"property":"","dataset":"OpenStreetMap","license":"ODbL-1.0","record_id":"n11953096392@1","update_time":"2024-06-03T04:48:58Z","confidence":null,"between":null,"provider":"osm","resource":"planet","version":"2026-09-09"}],"k10_inside_bbox":true}},{"type":"Feature","id":"bb5fb9a3-29c3-42d9-acf4-ca3b63f03131","geometry":{"type":"Point","coordinates":[69.5941615,42.306358]},"properties":{"city":"shymkent","overture_id":"bb5fb9a3-29c3-42d9-acf4-ca3b63f03131","overture_version":1,"sources":[{"property":"","dataset":"OpenStreetMap","license":"ODbL-1.0","record_id":"n10173658456@1","update_time":"2022-11-10T13:54:38Z","confidence":null,"between":null,"provider":"osm","resource":"planet","version":"2026-09-09"}],"k10_inside_bbox":false}},{"type":"Feature","id":"bbac70f4-4337-41bf-8c19-0f5dfc5d31b2","geometry":{"type":"Point","coordinates":[69.6120857,42.3102835]},"properties":{"city":"shymkent","overture_id":"bbac70f4-4337-41bf-8c19-0f5dfc5d31b2","overture_version":1,"sources":[{"property":"","dataset":"OpenStreetMap","license":"ODbL-1.0","record_id":"n4336513653@1","update_time":"2016-08-05T05:24:56Z","confidence":null,"between":null,"provider":"osm","resource":"planet","version":"2026-09-09"}],"k10_inside_bbox":true}},{"type":"Feature","id":"bbcd637a-fc66-4567-9ff6-879b329a5b43","geometry":{"type":"Point","coordinates":[69.6123438,42.3176074]},"properties":{"city":"shymkent","overture_id":"bbcd637a-fc66-4567-9ff6-879b329a5b43","overture_version":1,"sources":[{"property":"","dataset":"OpenStreetMap","license":"ODbL-1.0","record_id":"n5434930066@1","update_time":"2018-02-25T11:14:20Z","confidence":null,"between":null,"provider":"osm","resource":"planet","version":"2026-09-09"}],"k10_inside_bbox":true}},{"type":"Feature","id":"bbea3850-174f-481d-af55-363df76dac56","geometry":{"type":"Point","coordinates":[69.5932936,42.3142604]},"properties":{"city":"shymkent","overture_id":"bbea3850-174f-481d-af55-363df76dac56","overture_version":2,"sources":[{"property":"","dataset":"OpenStreetMap","license":"ODbL-1.0","record_id":"n10128432403@3","update_time":"2025-09-23T13:06:46Z","confidence":null,"between":null,"provider":"osm","resource":"planet","version":"2026-09-09"}],"k10_inside_bbox":false}},{"type":"Feature","id":"bc126404-a511-4cf3-a8d9-2364070e2647","geometry":{"type":"Point","coordinates":[69.6002757,42.3192458]},"properties":{"city":"shymkent","overture_id":"bc126404-a511-4cf3-a8d9-2364070e2647","overture_version":1,"sources":[{"property":"","dataset":"OpenStreetMap","license":"ODbL-1.0","record_id":"n11375783428@1","update_time":"2023-11-25T18:49:10Z","confidence":null,"between":null,"provider":"osm","resource":"planet","version":"2026-09-09"}],"k10_inside_bbox":true}},{"type":"Feature","id":"bc2d5f90-f8d3-4930-885b-cb6a84849e08","geometry":{"type":"Point","coordinates":[69.5931612,42.319283]},"properties":{"city":"shymkent","overture_id":"bc2d5f90-f8d3-4930-885b-cb6a84849e08","overture_version":2,"sources":[{"property":"","dataset":"OpenStreetMap","license":"ODbL-1.0","record_id":"n8167870322@3","update_time":"2025-06-29T06:12:14Z","confidence":null,"between":null,"provider":"osm","resource":"planet","version":"2026-09-09"}],"k10_inside_bbox":false}},{"type":"Feature","id":"bc56de89-d6f6-4c45-924c-95161a95b4a4","geometry":{"type":"Point","coordinates":[69.6176368,42.3141313]},"properties":{"city":"shymkent","overture_id":"bc56de89-d6f6-4c45-924c-95161a95b4a4","overture_version":1,"sources":[{"property":"","dataset":"OpenStreetMap","license":"ODbL-1.0","record_id":"n11379815165@1","update_time":"2023-11-27T15:39:12Z","confidence":null,"between":null,"provider":"osm","resource":"planet","version":"2026-09-09"}],"k10_inside_bbox":true}},{"type":"Feature","id":"bc8ec51f-0241-40cf-b56d-6e190b4bce92","geometry":{"type":"Point","coordinates":[69.5934566,42.3118711]},"properties":{"city":"shymkent","overture_id":"bc8ec51f-0241-40cf-b56d-6e190b4bce92","overture_version":1,"sources":[{"property":"","dataset":"OpenStreetMap","license":"ODbL-1.0","record_id":"n12214776393@1","update_time":"2024-10-01T19:04:21Z","confidence":null,"between":null,"provider":"osm","resource":"planet","version":"2026-09-09"}],"k10_inside_bbox":true}},{"type":"Feature","id":"bc93c767-33ae-4bb3-927f-0df499a22af0","geometry":{"type":"Point","coordinates":[69.6079405,42.3157574]},"properties":{"city":"shymkent","overture_id":"bc93c767-33ae-4bb3-927f-0df499a22af0","overture_version":1,"sources":[{"property":"","dataset":"OpenStreetMap","license":"ODbL-1.0","record_id":"n12818515617@1","update_time":"2025-05-08T04:08:13Z","confidence":null,"between":null,"provider":"osm","resource":"planet","version":"2026-09-09"}],"k10_inside_bbox":true}},{"type":"Feature","id":"bc9886fb-cb9d-42eb-bd96-4c69b7b02149","geometry":{"type":"Point","coordinates":[69.6087187,42.3023459]},"properties":{"city":"shymkent","overture_id":"bc9886fb-cb9d-42eb-bd96-4c69b7b02149","overture_version":2,"sources":[{"property":"","dataset":"OpenStreetMap","license":"ODbL-1.0","record_id":"n10157490926@2","update_time":"2025-11-17T18:46:06Z","confidence":null,"between":null,"provider":"osm","resource":"planet","version":"2026-09-09"}],"k10_inside_bbox":false}},{"type":"Feature","id":"bca24a0d-3acc-4bd9-924e-5c747f39abee","geometry":{"type":"Point","coordinates":[69.6076197,42.3128426]},"properties":{"city":"shymkent","overture_id":"bca24a0d-3acc-4bd9-924e-5c747f39abee","overture_version":1,"sources":[{"property":"","dataset":"OpenStreetMap","license":"ODbL-1.0","record_id":"n1425090273@1","update_time":"2011-09-06T11:47:34Z","confidence":null,"between":null,"provider":"osm","resource":"planet","version":"2026-09-09"}],"k10_inside_bbox":true}},{"type":"Feature","id":"bd079edf-9688-47f0-bfa8-1033fdb46350","geometry":{"type":"Point","coordinates":[69.5979671,42.3069985]},"properties":{"city":"shymkent","overture_id":"bd079edf-9688-47f0-bfa8-1033fdb46350","overture_version":1,"sources":[{"property":"","dataset":"OpenStreetMap","license":"ODbL-1.0","record_id":"n11148559444@1","update_time":"2023-08-27T16:41:50Z","confidence":null,"between":null,"provider":"osm","resource":"planet","version":"2026-09-09"}],"k10_inside_bbox":true}},{"type":"Feature","id":"bd432a2f-1474-42e1-8d46-bd54904dfeae","geometry":{"type":"Point","coordinates":[69.5960118,42.3067811]},"properties":{"city":"shymkent","overture_id":"bd432a2f-1474-42e1-8d46-bd54904dfeae","overture_version":1,"sources":[{"property":"","dataset":"OpenStreetMap","license":"ODbL-1.0","record_id":"n11148559456@1","update_time":"2023-08-27T16:41:50Z","confidence":null,"between":null,"provider":"osm","resource":"planet","version":"2026-09-09"}],"k10_inside_bbox":true}},{"type":"Feature","id":"bd4906f7-105c-4f11-bee3-cf34d29c291b","geometry":{"type":"Point","coordinates":[69.6108502,42.3091132]},"properties":{"city":"shymkent","overture_id":"bd4906f7-105c-4f11-bee3-cf34d29c291b","overture_version":1,"sources":[{"property":"","dataset":"OpenStreetMap","license":"ODbL-1.0","record_id":"n10142798721@1","update_time":"2022-10-31T12:08:23Z","confidence":null,"between":null,"provider":"osm","resource":"planet","version":"2026-09-09"}],"k10_inside_bbox":true}},{"type":"Feature","id":"bd59443a-d06e-480d-a137-a620f72c0810","geometry":{"type":"Point","coordinates":[69.5995809,42.3192557]},"properties":{"city":"shymkent","overture_id":"bd59443a-d06e-480d-a137-a620f72c0810","overture_version":1,"sources":[{"property":"","dataset":"OpenStreetMap","license":"ODbL-1.0","record_id":"n1433192022@4","update_time":"2018-11-24T00:01:07Z","confidence":null,"between":null,"provider":"osm","resource":"planet","version":"2026-09-09"}],"k10_inside_bbox":true}},{"type":"Feature","id":"bd7c16c7-3285-4520-a0a9-dbcdc7fa4a3d","geometry":{"type":"Point","coordinates":[69.596618,42.3184018]},"properties":{"city":"shymkent","overture_id":"bd7c16c7-3285-4520-a0a9-dbcdc7fa4a3d","overture_version":1,"sources":[{"property":"","dataset":"OpenStreetMap","license":"ODbL-1.0","record_id":"n1434183763@1","update_time":"2011-09-16T11:10:51Z","confidence":null,"between":null,"provider":"osm","resource":"planet","version":"2026-09-09"}],"k10_inside_bbox":true}},{"type":"Feature","id":"bda6c82a-64a3-4340-84c7-4d4b5d9b8057","geometry":{"type":"Point","coordinates":[69.5981871,42.3212329]},"properties":{"city":"shymkent","overture_id":"bda6c82a-64a3-4340-84c7-4d4b5d9b8057","overture_version":2,"sources":[{"property":"","dataset":"OpenStreetMap","license":"ODbL-1.0","record_id":"n10731921339@2","update_time":"2025-12-01T10:26:29Z","confidence":null,"between":null,"provider":"osm","resource":"planet","version":"2026-09-09"}],"k10_inside_bbox":true}},{"type":"Feature","id":"bdd67f6c-6513-4a07-9c8e-479c76cabb0c","geometry":{"type":"Point","coordinates":[69.6060957,42.3128749]},"properties":{"city":"shymkent","overture_id":"bdd67f6c-6513-4a07-9c8e-479c76cabb0c","overture_version":1,"sources":[{"property":"","dataset":"OpenStreetMap","license":"ODbL-1.0","record_id":"n1326355008@1","update_time":"2011-06-15T12:36:39Z","confidence":null,"between":null,"provider":"osm","resource":"planet","version":"2026-09-09"}],"k10_inside_bbox":true}},{"type":"Feature","id":"be07e528-f1b7-4706-89c3-d14f011fbfd6","geometry":{"type":"Point","coordinates":[69.5927816,42.3185614]},"properties":{"city":"shymkent","overture_id":"be07e528-f1b7-4706-89c3-d14f011fbfd6","overture_version":1,"sources":[{"property":"","dataset":"OpenStreetMap","license":"ODbL-1.0","record_id":"n1437656029@1","update_time":"2011-09-19T18:13:21Z","confidence":null,"between":null,"provider":"osm","resource":"planet","version":"2026-09-09"}],"k10_inside_bbox":false}},{"type":"Feature","id":"be3f564e-694e-44c6-b1b1-a65b3d0612ba","geometry":{"type":"Point","coordinates":[69.5959165,42.3184416]},"properties":{"city":"shymkent","overture_id":"be3f564e-694e-44c6-b1b1-a65b3d0612ba","overture_version":1,"sources":[{"property":"","dataset":"OpenStreetMap","license":"ODbL-1.0","record_id":"n1327212607@2","update_time":"2011-10-02T10:22:42Z","confidence":null,"between":null,"provider":"osm","resource":"planet","version":"2026-09-09"}],"k10_inside_bbox":true}},{"type":"Feature","id":"be58056f-56f8-4380-b585-3073802cf48c","geometry":{"type":"Point","coordinates":[69.5940198,42.3090155]},"properties":{"city":"shymkent","overture_id":"be58056f-56f8-4380-b585-3073802cf48c","overture_version":1,"sources":[{"property":"","dataset":"OpenStreetMap","license":"ODbL-1.0","record_id":"n3764912480@1","update_time":"2015-09-30T06:18:07Z","confidence":null,"between":null,"provider":"osm","resource":"planet","version":"2026-09-09"}],"k10_inside_bbox":true}},{"type":"Feature","id":"be6c1422-477a-4c12-8bf2-62a076d1330f","geometry":{"type":"Point","coordinates":[69.5881451,42.3227319]},"properties":{"city":"shymkent","overture_id":"be6c1422-477a-4c12-8bf2-62a076d1330f","overture_version":1,"sources":[{"property":"","dataset":"OpenStreetMap","license":"ODbL-1.0","record_id":"n11934561869@1","update_time":"2024-05-26T08:47:45Z","confidence":null,"between":null,"provider":"osm","resource":"planet","version":"2026-09-09"}],"k10_inside_bbox":false}},{"type":"Feature","id":"be8b85f3-29da-4568-8719-84dcd7505c3a","geometry":{"type":"Point","coordinates":[69.6114287,42.3129273]},"properties":{"city":"shymkent","overture_id":"be8b85f3-29da-4568-8719-84dcd7505c3a","overture_version":1,"sources":[{"property":"","dataset":"OpenStreetMap","license":"ODbL-1.0","record_id":"n11384193246@1","update_time":"2023-11-29T17:35:01Z","confidence":null,"between":null,"provider":"osm","resource":"planet","version":"2026-09-09"}],"k10_inside_bbox":true}},{"type":"Feature","id":"beb43b9f-4f04-48e0-b147-d9ffa89d8978","geometry":{"type":"Point","coordinates":[69.6070254,42.3152342]},"properties":{"city":"shymkent","overture_id":"beb43b9f-4f04-48e0-b147-d9ffa89d8978","overture_version":1,"sources":[{"property":"","dataset":"OpenStreetMap","license":"ODbL-1.0","record_id":"n11384193422@1","update_time":"2023-11-29T17:35:01Z","confidence":null,"between":null,"provider":"osm","resource":"planet","version":"2026-09-09"}],"k10_inside_bbox":true}},{"type":"Feature","id":"beb4a28a-35b8-42e9-8e87-61d5d8fe3107","geometry":{"type":"Point","coordinates":[69.6037732,42.308795]},"properties":{"city":"shymkent","overture_id":"beb4a28a-35b8-42e9-8e87-61d5d8fe3107","overture_version":1,"sources":[{"property":"","dataset":"OpenStreetMap","license":"ODbL-1.0","record_id":"n12159712945@1","update_time":"2024-09-06T09:31:44Z","confidence":null,"between":null,"provider":"osm","resource":"planet","version":"2026-09-09"}],"k10_inside_bbox":true}},{"type":"Feature","id":"beda2587-7315-4fb8-a4ec-66260002242a","geometry":{"type":"Point","coordinates":[69.6042877,42.3130514]},"properties":{"city":"shymkent","overture_id":"beda2587-7315-4fb8-a4ec-66260002242a","overture_version":1,"sources":[{"property":"","dataset":"OpenStreetMap","license":"ODbL-1.0","record_id":"n1326355470@1","update_time":"2011-06-15T12:36:52Z","confidence":null,"between":null,"provider":"osm","resource":"planet","version":"2026-09-09"}],"k10_inside_bbox":true}},{"type":"Feature","id":"bee0e196-cd6d-436d-bd4a-6eb6275913fd","geometry":{"type":"Point","coordinates":[69.5990081,42.3118274]},"properties":{"city":"shymkent","overture_id":"bee0e196-cd6d-436d-bd4a-6eb6275913fd","overture_version":1,"sources":[{"property":"","dataset":"OpenStreetMap","license":"ODbL-1.0","record_id":"n13272759428@1","update_time":"2025-10-31T17:50:55Z","confidence":null,"between":null,"provider":"osm","resource":"planet","version":"2026-09-09"}],"k10_inside_bbox":true}},{"type":"Feature","id":"befbf1ff-5647-4624-82db-4778048f9e6d","geometry":{"type":"Point","coordinates":[69.6099919,42.3125804]},"properties":{"city":"shymkent","overture_id":"befbf1ff-5647-4624-82db-4778048f9e6d","overture_version":1,"sources":[{"property":"","dataset":"OpenStreetMap","license":"ODbL-1.0","record_id":"n11057952373@1","update_time":"2023-07-21T04:53:52Z","confidence":null,"between":null,"provider":"osm","resource":"planet","version":"2026-09-09"}],"k10_inside_bbox":true}},{"type":"Feature","id":"bf115613-5d28-4a02-a377-f68e870b1229","geometry":{"type":"Point","coordinates":[69.5934327,42.323968]},"properties":{"city":"shymkent","overture_id":"bf115613-5d28-4a02-a377-f68e870b1229","overture_version":1,"sources":[{"property":"","dataset":"OpenStreetMap","license":"ODbL-1.0","record_id":"n4346752006@1","update_time":"2016-08-12T03:59:58Z","confidence":null,"between":null,"provider":"osm","resource":"planet","version":"2026-09-09"}],"k10_inside_bbox":true}},{"type":"Feature","id":"bf120f4e-0729-4902-b86c-006695aed0e0","geometry":{"type":"Point","coordinates":[69.617811,42.3118555]},"properties":{"city":"shymkent","overture_id":"bf120f4e-0729-4902-b86c-006695aed0e0","overture_version":1,"sources":[{"property":"","dataset":"OpenStreetMap","license":"ODbL-1.0","record_id":"n1281343333@2","update_time":"2018-08-31T21:27:47Z","confidence":null,"between":null,"provider":"osm","resource":"planet","version":"2026-09-09"}],"k10_inside_bbox":false}},{"type":"Feature","id":"bf989df5-9ab6-4144-8497-070c4fc61c80","geometry":{"type":"Point","coordinates":[69.603456,42.3122773]},"properties":{"city":"shymkent","overture_id":"bf989df5-9ab6-4144-8497-070c4fc61c80","overture_version":1,"sources":[{"property":"","dataset":"OpenStreetMap","license":"ODbL-1.0","record_id":"n13889012212@1","update_time":"2026-05-27T18:04:03Z","confidence":null,"between":null,"provider":"osm","resource":"planet","version":"2026-09-09"}],"k10_inside_bbox":true}},{"type":"Feature","id":"bfc89797-91a3-4a18-ba09-562c08d19bd5","geometry":{"type":"Point","coordinates":[69.6046139,42.3123372]},"properties":{"city":"shymkent","overture_id":"bfc89797-91a3-4a18-ba09-562c08d19bd5","overture_version":1,"sources":[{"property":"","dataset":"OpenStreetMap","license":"ODbL-1.0","record_id":"n1326355522@1","update_time":"2011-06-15T12:36:55Z","confidence":null,"between":null,"provider":"osm","resource":"planet","version":"2026-09-09"}],"k10_inside_bbox":true}},{"type":"Feature","id":"c0081ed1-0453-4618-a6d6-84cb39eafb8f","geometry":{"type":"Point","coordinates":[69.6065667,42.3136931]},"properties":{"city":"shymkent","overture_id":"c0081ed1-0453-4618-a6d6-84cb39eafb8f","overture_version":1,"sources":[{"property":"","dataset":"OpenStreetMap","license":"ODbL-1.0","record_id":"n13735236335@1","update_time":"2026-04-16T17:22:36Z","confidence":null,"between":null,"provider":"osm","resource":"planet","version":"2026-09-09"}],"k10_inside_bbox":true}},{"type":"Feature","id":"c0275826-4ac6-4300-b8a7-48b653b252fb","geometry":{"type":"Point","coordinates":[69.6022832,42.3151152]},"properties":{"city":"shymkent","overture_id":"c0275826-4ac6-4300-b8a7-48b653b252fb","overture_version":1,"sources":[{"property":"","dataset":"OpenStreetMap","license":"ODbL-1.0","record_id":"n13888881210@1","update_time":"2026-05-27T17:08:16Z","confidence":null,"between":null,"provider":"osm","resource":"planet","version":"2026-09-09"}],"k10_inside_bbox":true}},{"type":"Feature","id":"c02f7977-0a28-42db-a078-1829c2afe20e","geometry":{"type":"Point","coordinates":[69.5915584,42.3226064]},"properties":{"city":"shymkent","overture_id":"c02f7977-0a28-42db-a078-1829c2afe20e","overture_version":1,"sources":[{"property":"","dataset":"OpenStreetMap","license":"ODbL-1.0","record_id":"n11934561816@1","update_time":"2024-05-26T08:47:45Z","confidence":null,"between":null,"provider":"osm","resource":"planet","version":"2026-09-09"}],"k10_inside_bbox":false}},{"type":"Feature","id":"c044b226-73ec-41f7-afad-f31154a9890e","geometry":{"type":"Point","coordinates":[69.5905655,42.3227683]},"properties":{"city":"shymkent","overture_id":"c044b226-73ec-41f7-afad-f31154a9890e","overture_version":1,"sources":[{"property":"","dataset":"OpenStreetMap","license":"ODbL-1.0","record_id":"n8239587131@1","update_time":"2020-12-18T07:29:36Z","confidence":null,"between":null,"provider":"osm","resource":"planet","version":"2026-09-09"}],"k10_inside_bbox":false}},{"type":"Feature","id":"c0790b8e-c962-43d0-b444-71459f341e89","geometry":{"type":"Point","coordinates":[69.6002004,42.3163308]},"properties":{"city":"shymkent","overture_id":"c0790b8e-c962-43d0-b444-71459f341e89","overture_version":1,"sources":[{"property":"","dataset":"OpenStreetMap","license":"ODbL-1.0","record_id":"n9911541234@1","update_time":"2022-07-26T11:35:34Z","confidence":null,"between":null,"provider":"osm","resource":"planet","version":"2026-09-09"}],"k10_inside_bbox":true}},{"type":"Feature","id":"c0cd9de1-64fe-4343-b06a-27e603d8a22e","geometry":{"type":"Point","coordinates":[69.6115369,42.3136158]},"properties":{"city":"shymkent","overture_id":"c0cd9de1-64fe-4343-b06a-27e603d8a22e","overture_version":1,"sources":[{"property":"","dataset":"OpenStreetMap","license":"ODbL-1.0","record_id":"n11384193406@1","update_time":"2023-11-29T17:35:01Z","confidence":null,"between":null,"provider":"osm","resource":"planet","version":"2026-09-09"}],"k10_inside_bbox":true}},{"type":"Feature","id":"c0efba10-e974-4aed-ae02-cec3aea1d5b4","geometry":{"type":"Point","coordinates":[69.5992477,42.3127178]},"properties":{"city":"shymkent","overture_id":"c0efba10-e974-4aed-ae02-cec3aea1d5b4","overture_version":1,"sources":[{"property":"","dataset":"OpenStreetMap","license":"ODbL-1.0","record_id":"n13111944209@1","update_time":"2025-09-01T08:58:25Z","confidence":null,"between":null,"provider":"osm","resource":"planet","version":"2026-09-09"}],"k10_inside_bbox":true}},{"type":"Feature","id":"c1392388-1ff7-489b-b9f8-53d117e4360c","geometry":{"type":"Point","coordinates":[69.6003559,42.316023]},"properties":{"city":"shymkent","overture_id":"c1392388-1ff7-489b-b9f8-53d117e4360c","overture_version":1,"sources":[{"property":"","dataset":"OpenStreetMap","license":"ODbL-1.0","record_id":"n9911541236@1","update_time":"2022-07-26T11:35:34Z","confidence":null,"between":null,"provider":"osm","resource":"planet","version":"2026-09-09"}],"k10_inside_bbox":true}},{"type":"Feature","id":"c195e2e2-c829-4c55-b269-ce82b125da89","geometry":{"type":"Point","coordinates":[69.6035566,42.3169067]},"properties":{"city":"shymkent","overture_id":"c195e2e2-c829-4c55-b269-ce82b125da89","overture_version":1,"sources":[{"property":"","dataset":"OpenStreetMap","license":"ODbL-1.0","record_id":"n13888881203@1","update_time":"2026-05-27T17:08:16Z","confidence":null,"between":null,"provider":"osm","resource":"planet","version":"2026-09-09"}],"k10_inside_bbox":true}},{"type":"Feature","id":"c19fb4a8-5fcd-4aed-b939-5cfcfbd1ea71","geometry":{"type":"Point","coordinates":[69.6096718,42.3144738]},"properties":{"city":"shymkent","overture_id":"c19fb4a8-5fcd-4aed-b939-5cfcfbd1ea71","overture_version":1,"sources":[{"property":"","dataset":"OpenStreetMap","license":"ODbL-1.0","record_id":"n11384193411@1","update_time":"2023-11-29T17:35:01Z","confidence":null,"between":null,"provider":"osm","resource":"planet","version":"2026-09-09"}],"k10_inside_bbox":true}},{"type":"Feature","id":"c1be0481-8b64-4ae1-9969-aa04c9b2b9ca","geometry":{"type":"Point","coordinates":[69.6047971,42.3119647]},"properties":{"city":"shymkent","overture_id":"c1be0481-8b64-4ae1-9969-aa04c9b2b9ca","overture_version":1,"sources":[{"property":"","dataset":"OpenStreetMap","license":"ODbL-1.0","record_id":"n13889012204@1","update_time":"2026-05-27T18:04:03Z","confidence":null,"between":null,"provider":"osm","resource":"planet","version":"2026-09-09"}],"k10_inside_bbox":true}},{"type":"Feature","id":"c1cbf60b-c54f-4c73-82bc-0d4167f65c81","geometry":{"type":"Point","coordinates":[69.596022,42.3170637]},"properties":{"city":"shymkent","overture_id":"c1cbf60b-c54f-4c73-82bc-0d4167f65c81","overture_version":1,"sources":[{"property":"","dataset":"OpenStreetMap","license":"ODbL-1.0","record_id":"n12960597101@1","update_time":"2025-06-29T06:12:14Z","confidence":null,"between":null,"provider":"osm","resource":"planet","version":"2026-09-09"}],"k10_inside_bbox":true}},{"type":"Feature","id":"c1d9d165-5398-4555-abdd-6fd60627af0a","geometry":{"type":"Point","coordinates":[69.6188761,42.3086779]},"properties":{"city":"shymkent","overture_id":"c1d9d165-5398-4555-abdd-6fd60627af0a","overture_version":1,"sources":[{"property":"","dataset":"OpenStreetMap","license":"ODbL-1.0","record_id":"n4336513652@3","update_time":"2023-09-15T07:05:45Z","confidence":null,"between":null,"provider":"osm","resource":"planet","version":"2026-09-09"}],"k10_inside_bbox":false}},{"type":"Feature","id":"c202910e-7d71-49aa-8da5-0d4e403232c7","geometry":{"type":"Point","coordinates":[69.6159566,42.3086393]},"properties":{"city":"shymkent","overture_id":"c202910e-7d71-49aa-8da5-0d4e403232c7","overture_version":1,"sources":[{"property":"","dataset":"OpenStreetMap","license":"ODbL-1.0","record_id":"n5492611703@1","update_time":"2018-03-21T04:39:18Z","confidence":null,"between":null,"provider":"osm","resource":"planet","version":"2026-09-09"}],"k10_inside_bbox":true}},{"type":"Feature","id":"c22b879b-f636-40b4-be24-a12621caf5e1","geometry":{"type":"Point","coordinates":[69.6186232,42.3101327]},"properties":{"city":"shymkent","overture_id":"c22b879b-f636-40b4-be24-a12621caf5e1","overture_version":1,"sources":[{"property":"","dataset":"OpenStreetMap","license":"ODbL-1.0","record_id":"n11384193212@1","update_time":"2023-11-29T17:35:01Z","confidence":null,"between":null,"provider":"osm","resource":"planet","version":"2026-09-09"}],"k10_inside_bbox":false}},{"type":"Feature","id":"c23dc445-8626-4949-ba4e-a60b4b9ff364","geometry":{"type":"Point","coordinates":[69.6137591,42.3136538]},"properties":{"city":"shymkent","overture_id":"c23dc445-8626-4949-ba4e-a60b4b9ff364","overture_version":1,"sources":[{"property":"","dataset":"OpenStreetMap","license":"ODbL-1.0","record_id":"n5401348212@1","update_time":"2018-02-09T14:58:07Z","confidence":null,"between":null,"provider":"osm","resource":"planet","version":"2026-09-09"}],"k10_inside_bbox":true}},{"type":"Feature","id":"c27bc067-6bae-4736-87f9-19b4eb35fd9a","geometry":{"type":"Point","coordinates":[69.5970781,42.3234017]},"properties":{"city":"shymkent","overture_id":"c27bc067-6bae-4736-87f9-19b4eb35fd9a","overture_version":1,"sources":[{"property":"","dataset":"OpenStreetMap","license":"ODbL-1.0","record_id":"n1424950975@2","update_time":"2011-10-02T10:22:42Z","confidence":null,"between":null,"provider":"osm","resource":"planet","version":"2026-09-09"}],"k10_inside_bbox":true}},{"type":"Feature","id":"c27f8523-6b69-46d0-9b68-09ea61f85302","geometry":{"type":"Point","coordinates":[69.6063015,42.3130154]},"properties":{"city":"shymkent","overture_id":"c27f8523-6b69-46d0-9b68-09ea61f85302","overture_version":1,"sources":[{"property":"","dataset":"OpenStreetMap","license":"ODbL-1.0","record_id":"n12804572558@1","update_time":"2025-05-02T17:34:26Z","confidence":null,"between":null,"provider":"osm","resource":"planet","version":"2026-09-09"}],"k10_inside_bbox":true}},{"type":"Feature","id":"c29b955b-6224-4cb7-8651-2ca06276d3df","geometry":{"type":"Point","coordinates":[69.6049284,42.3160207]},"properties":{"city":"shymkent","overture_id":"c29b955b-6224-4cb7-8651-2ca06276d3df","overture_version":1,"sources":[{"property":"","dataset":"OpenStreetMap","license":"ODbL-1.0","record_id":"n11384193437@2","update_time":"2024-09-05T07:06:14Z","confidence":null,"between":null,"provider":"osm","resource":"planet","version":"2026-09-09"}],"k10_inside_bbox":true}},{"type":"Feature","id":"c29e5d0f-93fa-4050-bc49-48182559f646","geometry":{"type":"Point","coordinates":[69.6161717,42.316097]},"properties":{"city":"shymkent","overture_id":"c29e5d0f-93fa-4050-bc49-48182559f646","overture_version":1,"sources":[{"property":"","dataset":"OpenStreetMap","license":"ODbL-1.0","record_id":"n5401348216@1","update_time":"2018-02-09T14:58:07Z","confidence":null,"between":null,"provider":"osm","resource":"planet","version":"2026-09-09"}],"k10_inside_bbox":true}},{"type":"Feature","id":"c2e7a146-3c4c-48d6-a148-daff4825e0b9","geometry":{"type":"Point","coordinates":[69.6076772,42.3192286]},"properties":{"city":"shymkent","overture_id":"c2e7a146-3c4c-48d6-a148-daff4825e0b9","overture_version":1,"sources":[{"property":"","dataset":"OpenStreetMap","license":"ODbL-1.0","record_id":"n11375783491@1","update_time":"2023-11-25T18:49:10Z","confidence":null,"between":null,"provider":"osm","resource":"planet","version":"2026-09-09"}],"k10_inside_bbox":true}},{"type":"Feature","id":"c301155e-0c48-4c62-9cd1-72ed267636a6","geometry":{"type":"Point","coordinates":[69.5940108,42.3244572]},"properties":{"city":"shymkent","overture_id":"c301155e-0c48-4c62-9cd1-72ed267636a6","overture_version":1,"sources":[{"property":"","dataset":"OpenStreetMap","license":"ODbL-1.0","record_id":"n1539093499@1","update_time":"2011-12-10T06:37:09Z","confidence":null,"between":null,"provider":"osm","resource":"planet","version":"2026-09-09"}],"k10_inside_bbox":true}},{"type":"Feature","id":"c3070fa6-a15f-4ac0-be55-6cffa9d2522d","geometry":{"type":"Point","coordinates":[69.604535,42.3116729]},"properties":{"city":"shymkent","overture_id":"c3070fa6-a15f-4ac0-be55-6cffa9d2522d","overture_version":1,"sources":[{"property":"","dataset":"OpenStreetMap","license":"ODbL-1.0","record_id":"n1240512339@2","update_time":"2026-07-02T08:00:23Z","confidence":null,"between":null,"provider":"osm","resource":"planet","version":"2026-09-09"}],"k10_inside_bbox":true}},{"type":"Feature","id":"c334bbd7-af4e-4087-84e3-6e02a7d2ba75","geometry":{"type":"Point","coordinates":[69.6197146,42.3106236]},"properties":{"city":"shymkent","overture_id":"c334bbd7-af4e-4087-84e3-6e02a7d2ba75","overture_version":1,"sources":[{"property":"","dataset":"OpenStreetMap","license":"ODbL-1.0","record_id":"n4336501390@4","update_time":"2023-09-15T07:05:45Z","confidence":null,"between":null,"provider":"osm","resource":"planet","version":"2026-09-09"}],"k10_inside_bbox":false}},{"type":"Feature","id":"c33ba3f9-3fd2-49ae-a78d-2585e960abfe","geometry":{"type":"Point","coordinates":[69.5960446,42.321459]},"properties":{"city":"shymkent","overture_id":"c33ba3f9-3fd2-49ae-a78d-2585e960abfe","overture_version":1,"sources":[{"property":"","dataset":"OpenStreetMap","license":"ODbL-1.0","record_id":"n1451855076@2","update_time":"2012-09-27T03:07:47Z","confidence":null,"between":null,"provider":"osm","resource":"planet","version":"2026-09-09"}],"k10_inside_bbox":true}},{"type":"Feature","id":"c386a09f-9fc6-4c47-84f8-2b5a757c8570","geometry":{"type":"Point","coordinates":[69.6080574,42.3201178]},"properties":{"city":"shymkent","overture_id":"c386a09f-9fc6-4c47-84f8-2b5a757c8570","overture_version":1,"sources":[{"property":"","dataset":"OpenStreetMap","license":"ODbL-1.0","record_id":"n11375783490@1","update_time":"2023-11-25T18:49:10Z","confidence":null,"between":null,"provider":"osm","resource":"planet","version":"2026-09-09"}],"k10_inside_bbox":true}},{"type":"Feature","id":"c3a1ca55-191c-4e25-a062-9d8dbd184426","geometry":{"type":"Point","coordinates":[69.6093428,42.3116571]},"properties":{"city":"shymkent","overture_id":"c3a1ca55-191c-4e25-a062-9d8dbd184426","overture_version":1,"sources":[{"property":"","dataset":"OpenStreetMap","license":"ODbL-1.0","record_id":"n11384193252@1","update_time":"2023-11-29T17:35:01Z","confidence":null,"between":null,"provider":"osm","resource":"planet","version":"2026-09-09"}],"k10_inside_bbox":true}},{"type":"Feature","id":"c3c3aa1c-a4de-4cd8-b130-f343bb943f9a","geometry":{"type":"Point","coordinates":[69.617759,42.3163554]},"properties":{"city":"shymkent","overture_id":"c3c3aa1c-a4de-4cd8-b130-f343bb943f9a","overture_version":1,"sources":[{"property":"","dataset":"OpenStreetMap","license":"ODbL-1.0","record_id":"n11375783386@1","update_time":"2023-11-25T18:49:10Z","confidence":null,"between":null,"provider":"osm","resource":"planet","version":"2026-09-09"}],"k10_inside_bbox":false}},{"type":"Feature","id":"c3c89ab1-05b0-4c18-b61f-2aa8af06feea","geometry":{"type":"Point","coordinates":[69.6173197,42.3138895]},"properties":{"city":"shymkent","overture_id":"c3c89ab1-05b0-4c18-b61f-2aa8af06feea","overture_version":1,"sources":[{"property":"","dataset":"OpenStreetMap","license":"ODbL-1.0","record_id":"n11379815162@1","update_time":"2023-11-27T15:39:12Z","confidence":null,"between":null,"provider":"osm","resource":"planet","version":"2026-09-09"}],"k10_inside_bbox":true}},{"type":"Feature","id":"c3d89d6a-58f3-4d77-bbf6-ad7d12fb598b","geometry":{"type":"Point","coordinates":[69.6092771,42.3097153]},"properties":{"city":"shymkent","overture_id":"c3d89d6a-58f3-4d77-bbf6-ad7d12fb598b","overture_version":1,"sources":[{"property":"","dataset":"OpenStreetMap","license":"ODbL-1.0","record_id":"n10142798745@2","update_time":"2023-07-12T10:14:11Z","confidence":null,"between":null,"provider":"osm","resource":"planet","version":"2026-09-09"}],"k10_inside_bbox":true}},{"type":"Feature","id":"c45732b9-f592-4a32-8306-eb1e39b303b3","geometry":{"type":"Point","coordinates":[69.6065974,42.3130933]},"properties":{"city":"shymkent","overture_id":"c45732b9-f592-4a32-8306-eb1e39b303b3","overture_version":1,"sources":[{"property":"","dataset":"OpenStreetMap","license":"ODbL-1.0","record_id":"n1240512381@3","update_time":"2024-09-05T07:06:14Z","confidence":null,"between":null,"provider":"osm","resource":"planet","version":"2026-09-09"}],"k10_inside_bbox":true}},{"type":"Feature","id":"c45d3dfa-73c4-43b0-8dbe-e9dc51228d90","geometry":{"type":"Point","coordinates":[69.6084148,42.3111642]},"properties":{"city":"shymkent","overture_id":"c45d3dfa-73c4-43b0-8dbe-e9dc51228d90","overture_version":1,"sources":[{"property":"","dataset":"OpenStreetMap","license":"ODbL-1.0","record_id":"n11384193163@1","update_time":"2023-11-29T17:35:01Z","confidence":null,"between":null,"provider":"osm","resource":"planet","version":"2026-09-09"}],"k10_inside_bbox":true}},{"type":"Feature","id":"c4646871-66f7-4a50-9667-5a5eaf3b958b","geometry":{"type":"Point","coordinates":[69.6090723,42.3160775]},"properties":{"city":"shymkent","overture_id":"c4646871-66f7-4a50-9667-5a5eaf3b958b","overture_version":1,"sources":[{"property":"","dataset":"OpenStreetMap","license":"ODbL-1.0","record_id":"n11375783534@1","update_time":"2023-11-25T18:49:10Z","confidence":null,"between":null,"provider":"osm","resource":"planet","version":"2026-09-09"}],"k10_inside_bbox":true}},{"type":"Feature","id":"c4652d1a-7c83-40a5-8ca0-bfbeb3ecabda","geometry":{"type":"Point","coordinates":[69.5992743,42.3069668]},"properties":{"city":"shymkent","overture_id":"c4652d1a-7c83-40a5-8ca0-bfbeb3ecabda","overture_version":1,"sources":[{"property":"","dataset":"OpenStreetMap","license":"ODbL-1.0","record_id":"n12828298097@1","update_time":"2025-05-11T12:15:36Z","confidence":null,"between":null,"provider":"osm","resource":"planet","version":"2026-09-09"}],"k10_inside_bbox":true}},{"type":"Feature","id":"c4e4ca7d-13e1-447c-9777-8547751c6ed4","geometry":{"type":"Point","coordinates":[69.6049457,42.3129566]},"properties":{"city":"shymkent","overture_id":"c4e4ca7d-13e1-447c-9777-8547751c6ed4","overture_version":1,"sources":[{"property":"","dataset":"OpenStreetMap","license":"ODbL-1.0","record_id":"n1326354914@2","update_time":"2011-09-06T11:47:55Z","confidence":null,"between":null,"provider":"osm","resource":"planet","version":"2026-09-09"}],"k10_inside_bbox":true}},{"type":"Feature","id":"c51d2596-460d-4316-ae2b-8c8a75666a44","geometry":{"type":"Point","coordinates":[69.6143947,42.3150897]},"properties":{"city":"shymkent","overture_id":"c51d2596-460d-4316-ae2b-8c8a75666a44","overture_version":1,"sources":[{"property":"","dataset":"OpenStreetMap","license":"ODbL-1.0","record_id":"n5401348214@1","update_time":"2018-02-09T14:58:07Z","confidence":null,"between":null,"provider":"osm","resource":"planet","version":"2026-09-09"}],"k10_inside_bbox":true}},{"type":"Feature","id":"c56ad792-ba43-42dd-bb77-2f4ead26b9bd","geometry":{"type":"Point","coordinates":[69.5930431,42.3194021]},"properties":{"city":"shymkent","overture_id":"c56ad792-ba43-42dd-bb77-2f4ead26b9bd","overture_version":1,"sources":[{"property":"","dataset":"OpenStreetMap","license":"ODbL-1.0","record_id":"n1236371157@8","update_time":"2020-11-24T07:57:44Z","confidence":null,"between":null,"provider":"osm","resource":"planet","version":"2026-09-09"}],"k10_inside_bbox":false}},{"type":"Feature","id":"c5759df8-95f7-4c43-b01f-c0bed24d35f5","geometry":{"type":"Point","coordinates":[69.6034341,42.3067328]},"properties":{"city":"shymkent","overture_id":"c5759df8-95f7-4c43-b01f-c0bed24d35f5","overture_version":2,"sources":[{"property":"","dataset":"OpenStreetMap","license":"ODbL-1.0","record_id":"n10277160293@2","update_time":"2025-11-17T18:46:06Z","confidence":null,"between":null,"provider":"osm","resource":"planet","version":"2026-09-09"}],"k10_inside_bbox":true}},{"type":"Feature","id":"c5a8e24c-fb1b-4d15-b8d8-99fe2a62ce55","geometry":{"type":"Point","coordinates":[69.6078963,42.3216911]},"properties":{"city":"shymkent","overture_id":"c5a8e24c-fb1b-4d15-b8d8-99fe2a62ce55","overture_version":1,"sources":[{"property":"","dataset":"OpenStreetMap","license":"ODbL-1.0","record_id":"n1240512375@1","update_time":"2011-04-11T05:25:31Z","confidence":null,"between":null,"provider":"osm","resource":"planet","version":"2026-09-09"}],"k10_inside_bbox":true}},{"type":"Feature","id":"c5aeb694-d682-4382-b022-d05f88657a41","geometry":{"type":"Point","coordinates":[69.6065087,42.3125952]},"properties":{"city":"shymkent","overture_id":"c5aeb694-d682-4382-b022-d05f88657a41","overture_version":1,"sources":[{"property":"","dataset":"OpenStreetMap","license":"ODbL-1.0","record_id":"n1327031520@1","update_time":"2011-06-16T02:55:14Z","confidence":null,"between":null,"provider":"osm","resource":"planet","version":"2026-09-09"}],"k10_inside_bbox":true}},{"type":"Feature","id":"c5bc1997-cc4c-403d-9b3e-baa818c92229","geometry":{"type":"Point","coordinates":[69.6036747,42.3129968]},"properties":{"city":"shymkent","overture_id":"c5bc1997-cc4c-403d-9b3e-baa818c92229","overture_version":1,"sources":[{"property":"","dataset":"OpenStreetMap","license":"ODbL-1.0","record_id":"n1326355498@1","update_time":"2011-06-15T12:36:53Z","confidence":null,"between":null,"provider":"osm","resource":"planet","version":"2026-09-09"}],"k10_inside_bbox":true}},{"type":"Feature","id":"c6172518-5016-4718-8577-8c4f039c333f","geometry":{"type":"Point","coordinates":[69.5997217,42.3228717]},"properties":{"city":"shymkent","overture_id":"c6172518-5016-4718-8577-8c4f039c333f","overture_version":1,"sources":[{"property":"","dataset":"OpenStreetMap","license":"ODbL-1.0","record_id":"n12165676546@1","update_time":"2024-09-09T14:27:31Z","confidence":null,"between":null,"provider":"osm","resource":"planet","version":"2026-09-09"}],"k10_inside_bbox":true}},{"type":"Feature","id":"c61b3322-f2c4-4d95-87fd-b267d8a6f973","geometry":{"type":"Point","coordinates":[69.6147923,42.3125786]},"properties":{"city":"shymkent","overture_id":"c61b3322-f2c4-4d95-87fd-b267d8a6f973","overture_version":1,"sources":[{"property":"","dataset":"OpenStreetMap","license":"ODbL-1.0","record_id":"n11384193384@1","update_time":"2023-11-29T17:35:01Z","confidence":null,"between":null,"provider":"osm","resource":"planet","version":"2026-09-09"}],"k10_inside_bbox":true}},{"type":"Feature","id":"c6274db4-0fd4-4938-b59b-3aebd01eb121","geometry":{"type":"Point","coordinates":[69.6044264,42.3122202]},"properties":{"city":"shymkent","overture_id":"c6274db4-0fd4-4938-b59b-3aebd01eb121","overture_version":1,"sources":[{"property":"","dataset":"OpenStreetMap","license":"ODbL-1.0","record_id":"n1326354964@1","update_time":"2011-06-15T12:36:37Z","confidence":null,"between":null,"provider":"osm","resource":"planet","version":"2026-09-09"}],"k10_inside_bbox":true}},{"type":"Feature","id":"c63030af-8239-4020-81af-ba5fc1cef887","geometry":{"type":"Point","coordinates":[69.6058276,42.3130691]},"properties":{"city":"shymkent","overture_id":"c63030af-8239-4020-81af-ba5fc1cef887","overture_version":1,"sources":[{"property":"","dataset":"OpenStreetMap","license":"ODbL-1.0","record_id":"n1326355264@1","update_time":"2011-06-15T12:36:46Z","confidence":null,"between":null,"provider":"osm","resource":"planet","version":"2026-09-09"}],"k10_inside_bbox":true}},{"type":"Feature","id":"c6325771-adc5-4123-bde7-e0c89df44b58","geometry":{"type":"Point","coordinates":[69.5949068,42.3131323]},"properties":{"city":"shymkent","overture_id":"c6325771-adc5-4123-bde7-e0c89df44b58","overture_version":1,"sources":[{"property":"","dataset":"OpenStreetMap","license":"ODbL-1.0","record_id":"n12214818621@1","update_time":"2024-10-01T19:04:21Z","confidence":null,"between":null,"provider":"osm","resource":"planet","version":"2026-09-09"}],"k10_inside_bbox":true}},{"type":"Feature","id":"c69e3dd4-3617-455e-913c-7072f35cba31","geometry":{"type":"Point","coordinates":[69.5996655,42.3197878]},"properties":{"city":"shymkent","overture_id":"c69e3dd4-3617-455e-913c-7072f35cba31","overture_version":1,"sources":[{"property":"","dataset":"OpenStreetMap","license":"ODbL-1.0","record_id":"n11375783415@1","update_time":"2023-11-25T18:49:10Z","confidence":null,"between":null,"provider":"osm","resource":"planet","version":"2026-09-09"}],"k10_inside_bbox":true}},{"type":"Feature","id":"c6a06354-a0e7-446d-a703-2c4ed60f0625","geometry":{"type":"Point","coordinates":[69.5959552,42.305368]},"properties":{"city":"shymkent","overture_id":"c6a06354-a0e7-446d-a703-2c4ed60f0625","overture_version":1,"sources":[{"property":"","dataset":"OpenStreetMap","license":"ODbL-1.0","record_id":"n12804572604@1","update_time":"2025-05-02T17:34:26Z","confidence":null,"between":null,"provider":"osm","resource":"planet","version":"2026-09-09"}],"k10_inside_bbox":false}},{"type":"Feature","id":"c6a1d967-5be1-4721-8476-7a3ce9ce55c5","geometry":{"type":"Point","coordinates":[69.5930385,42.3116911]},"properties":{"city":"shymkent","overture_id":"c6a1d967-5be1-4721-8476-7a3ce9ce55c5","overture_version":1,"sources":[{"property":"","dataset":"OpenStreetMap","license":"ODbL-1.0","record_id":"n3765264027@1","update_time":"2015-09-30T12:50:36Z","confidence":null,"between":null,"provider":"osm","resource":"planet","version":"2026-09-09"}],"k10_inside_bbox":false}},{"type":"Feature","id":"c6a87669-0fe2-46a9-871e-a0273f9f597b","geometry":{"type":"Point","coordinates":[69.6184501,42.3133766]},"properties":{"city":"shymkent","overture_id":"c6a87669-0fe2-46a9-871e-a0273f9f597b","overture_version":1,"sources":[{"property":"","dataset":"OpenStreetMap","license":"ODbL-1.0","record_id":"n1281343375@3","update_time":"2018-08-31T21:27:47Z","confidence":null,"between":null,"provider":"osm","resource":"planet","version":"2026-09-09"}],"k10_inside_bbox":false}},{"type":"Feature","id":"c6a94caa-2d2a-46ef-9323-d6b61bbfae69","geometry":{"type":"Point","coordinates":[69.6001279,42.3098357]},"properties":{"city":"shymkent","overture_id":"c6a94caa-2d2a-46ef-9323-d6b61bbfae69","overture_version":1,"sources":[{"property":"","dataset":"OpenStreetMap","license":"ODbL-1.0","record_id":"n9273546518@1","update_time":"2021-11-22T03:13:39Z","confidence":null,"between":null,"provider":"osm","resource":"planet","version":"2026-09-09"}],"k10_inside_bbox":true}},{"type":"Feature","id":"c6c04782-df0a-4330-bb95-a706ae8586ab","geometry":{"type":"Point","coordinates":[69.6004033,42.3169669]},"properties":{"city":"shymkent","overture_id":"c6c04782-df0a-4330-bb95-a706ae8586ab","overture_version":1,"sources":[{"property":"","dataset":"OpenStreetMap","license":"ODbL-1.0","record_id":"n8069579705@1","update_time":"2020-10-31T19:30:44Z","confidence":null,"between":null,"provider":"osm","resource":"planet","version":"2026-09-09"}],"k10_inside_bbox":true}},{"type":"Feature","id":"c738691d-e19a-4807-8fd3-7150055e0554","geometry":{"type":"Point","coordinates":[69.6063434,42.313103]},"properties":{"city":"shymkent","overture_id":"c738691d-e19a-4807-8fd3-7150055e0554","overture_version":1,"sources":[{"property":"","dataset":"OpenStreetMap","license":"ODbL-1.0","record_id":"n12804572560@1","update_time":"2025-05-02T17:34:26Z","confidence":null,"between":null,"provider":"osm","resource":"planet","version":"2026-09-09"}],"k10_inside_bbox":true}},{"type":"Feature","id":"c756d04c-4e78-4465-bc88-e9d04a58ffd6","geometry":{"type":"Point","coordinates":[69.6036861,42.3130248]},"properties":{"city":"shymkent","overture_id":"c756d04c-4e78-4465-bc88-e9d04a58ffd6","overture_version":1,"sources":[{"property":"","dataset":"OpenStreetMap","license":"ODbL-1.0","record_id":"n1326355493@1","update_time":"2011-06-15T12:36:53Z","confidence":null,"between":null,"provider":"osm","resource":"planet","version":"2026-09-09"}],"k10_inside_bbox":true}},{"type":"Feature","id":"c78da91d-1777-4ef9-ad0f-933dd3ec5494","geometry":{"type":"Point","coordinates":[69.6002314,42.3163886]},"properties":{"city":"shymkent","overture_id":"c78da91d-1777-4ef9-ad0f-933dd3ec5494","overture_version":1,"sources":[{"property":"","dataset":"OpenStreetMap","license":"ODbL-1.0","record_id":"n8069568549@1","update_time":"2020-10-31T19:30:44Z","confidence":null,"between":null,"provider":"osm","resource":"planet","version":"2026-09-09"}],"k10_inside_bbox":true}},{"type":"Feature","id":"c7bae92d-0f00-4884-9817-148722ef4bc9","geometry":{"type":"Point","coordinates":[69.5946205,42.3231524]},"properties":{"city":"shymkent","overture_id":"c7bae92d-0f00-4884-9817-148722ef4bc9","overture_version":1,"sources":[{"property":"","dataset":"OpenStreetMap","license":"ODbL-1.0","record_id":"n4336568559@2","update_time":"2023-03-13T03:38:15Z","confidence":null,"between":null,"provider":"osm","resource":"planet","version":"2026-09-09"}],"k10_inside_bbox":true}},{"type":"Feature","id":"c7ce842c-5382-49d1-be88-7a0243c4b1d3","geometry":{"type":"Point","coordinates":[69.5993883,42.3069062]},"properties":{"city":"shymkent","overture_id":"c7ce842c-5382-49d1-be88-7a0243c4b1d3","overture_version":1,"sources":[{"property":"","dataset":"OpenStreetMap","license":"ODbL-1.0","record_id":"n12828298081@1","update_time":"2025-05-11T12:15:36Z","confidence":null,"between":null,"provider":"osm","resource":"planet","version":"2026-09-09"}],"k10_inside_bbox":true}},{"type":"Feature","id":"c7cf597a-1329-47c2-b26a-cba79b43007d","geometry":{"type":"Point","coordinates":[69.6089057,42.3183986]},"properties":{"city":"shymkent","overture_id":"c7cf597a-1329-47c2-b26a-cba79b43007d","overture_version":1,"sources":[{"property":"","dataset":"OpenStreetMap","license":"ODbL-1.0","record_id":"n1240512334@4","update_time":"2024-09-05T07:06:14Z","confidence":null,"between":null,"provider":"osm","resource":"planet","version":"2026-09-09"}],"k10_inside_bbox":true}},{"type":"Feature","id":"c868e7e4-9000-4986-8d12-67d8bce67fcb","geometry":{"type":"Point","coordinates":[69.5959235,42.3181751]},"properties":{"city":"shymkent","overture_id":"c868e7e4-9000-4986-8d12-67d8bce67fcb","overture_version":1,"sources":[{"property":"","dataset":"OpenStreetMap","license":"ODbL-1.0","record_id":"n1342451639@3","update_time":"2011-09-20T11:56:53Z","confidence":null,"between":null,"provider":"osm","resource":"planet","version":"2026-09-09"}],"k10_inside_bbox":true}},{"type":"Feature","id":"c87ad18d-a000-48b0-a931-4e0de7064267","geometry":{"type":"Point","coordinates":[69.6152868,42.3068323]},"properties":{"city":"shymkent","overture_id":"c87ad18d-a000-48b0-a931-4e0de7064267","overture_version":1,"sources":[{"property":"","dataset":"OpenStreetMap","license":"ODbL-1.0","record_id":"n5492610483@1","update_time":"2018-03-21T04:38:16Z","confidence":null,"between":null,"provider":"osm","resource":"planet","version":"2026-09-09"}],"k10_inside_bbox":true}},{"type":"Feature","id":"c887f181-ba06-4ce6-a403-bd5ca527a877","geometry":{"type":"Point","coordinates":[69.598326,42.3098116]},"properties":{"city":"shymkent","overture_id":"c887f181-ba06-4ce6-a403-bd5ca527a877","overture_version":1,"sources":[{"property":"","dataset":"OpenStreetMap","license":"ODbL-1.0","record_id":"n13272759432@1","update_time":"2025-10-31T17:50:55Z","confidence":null,"between":null,"provider":"osm","resource":"planet","version":"2026-09-09"}],"k10_inside_bbox":true}},{"type":"Feature","id":"c8c031c7-5e87-48ec-880a-79af64df061b","geometry":{"type":"Point","coordinates":[69.5960184,42.3175815]},"properties":{"city":"shymkent","overture_id":"c8c031c7-5e87-48ec-880a-79af64df061b","overture_version":1,"sources":[{"property":"","dataset":"OpenStreetMap","license":"ODbL-1.0","record_id":"n1327212601@3","update_time":"2011-10-02T10:22:42Z","confidence":null,"between":null,"provider":"osm","resource":"planet","version":"2026-09-09"}],"k10_inside_bbox":true}},{"type":"Feature","id":"c8c22830-1bd1-4241-9de5-c3755b06458f","geometry":{"type":"Point","coordinates":[69.5997826,42.3087891]},"properties":{"city":"shymkent","overture_id":"c8c22830-1bd1-4241-9de5-c3755b06458f","overture_version":2,"sources":[{"property":"","dataset":"OpenStreetMap","license":"ODbL-1.0","record_id":"n13308615949@1","update_time":"2025-11-16T17:33:45Z","confidence":null,"between":null,"provider":"osm","resource":"planet","version":"2026-09-09"}],"k10_inside_bbox":true}},{"type":"Feature","id":"c8d1620f-52a6-495c-b4fb-c9a32a3eef14","geometry":{"type":"Point","coordinates":[69.6009972,42.3072437]},"properties":{"city":"shymkent","overture_id":"c8d1620f-52a6-495c-b4fb-c9a32a3eef14","overture_version":1,"sources":[{"property":"","dataset":"OpenStreetMap","license":"ODbL-1.0","record_id":"n1804778686@2","update_time":"2023-08-27T16:41:50Z","confidence":null,"between":null,"provider":"osm","resource":"planet","version":"2026-09-09"}],"k10_inside_bbox":true}},{"type":"Feature","id":"c9199ab4-960a-41c6-b9a6-b4d9d50fd20b","geometry":{"type":"Point","coordinates":[69.594647,42.3166305]},"properties":{"city":"shymkent","overture_id":"c9199ab4-960a-41c6-b9a6-b4d9d50fd20b","overture_version":1,"sources":[{"property":"","dataset":"OpenStreetMap","license":"ODbL-1.0","record_id":"n4931121770@1","update_time":"2017-06-22T16:12:41Z","confidence":null,"between":null,"provider":"osm","resource":"planet","version":"2026-09-09"}],"k10_inside_bbox":true}},{"type":"Feature","id":"c929dd6c-6b63-4b52-8c9d-59f9c4aae1bb","geometry":{"type":"Point","coordinates":[69.6039664,42.3163307]},"properties":{"city":"shymkent","overture_id":"c929dd6c-6b63-4b52-8c9d-59f9c4aae1bb","overture_version":1,"sources":[{"property":"","dataset":"OpenStreetMap","license":"ODbL-1.0","record_id":"n12159442966@1","update_time":"2024-09-06T07:56:17Z","confidence":null,"between":null,"provider":"osm","resource":"planet","version":"2026-09-09"}],"k10_inside_bbox":true}},{"type":"Feature","id":"c99b564a-eaa6-4fb8-b0ff-999993d34550","geometry":{"type":"Point","coordinates":[69.5966479,42.3239287]},"properties":{"city":"shymkent","overture_id":"c99b564a-eaa6-4fb8-b0ff-999993d34550","overture_version":1,"sources":[{"property":"","dataset":"OpenStreetMap","license":"ODbL-1.0","record_id":"n11104090812@1","update_time":"2023-08-10T06:29:02Z","confidence":null,"between":null,"provider":"osm","resource":"planet","version":"2026-09-09"}],"k10_inside_bbox":true}},{"type":"Feature","id":"c9a8619f-b578-49d1-b62a-2e7f04a17c9a","geometry":{"type":"Point","coordinates":[69.601978,42.3098975]},"properties":{"city":"shymkent","overture_id":"c9a8619f-b578-49d1-b62a-2e7f04a17c9a","overture_version":1,"sources":[{"property":"","dataset":"OpenStreetMap","license":"ODbL-1.0","record_id":"n11384193291@2","update_time":"2024-09-06T08:28:17Z","confidence":null,"between":null,"provider":"osm","resource":"planet","version":"2026-09-09"}],"k10_inside_bbox":true}},{"type":"Feature","id":"c9ef9c8a-537d-43f1-a8fe-f36915b309d3","geometry":{"type":"Point","coordinates":[69.5956907,42.3174379]},"properties":{"city":"shymkent","overture_id":"c9ef9c8a-537d-43f1-a8fe-f36915b309d3","overture_version":1,"sources":[{"property":"","dataset":"OpenStreetMap","license":"ODbL-1.0","record_id":"n1327212615@1","update_time":"2011-06-16T08:37:47Z","confidence":null,"between":null,"provider":"osm","resource":"planet","version":"2026-09-09"}],"k10_inside_bbox":true}},{"type":"Feature","id":"c9fc7d58-ad3b-484e-8f32-91851af091bf","geometry":{"type":"Point","coordinates":[69.5932825,42.3070879]},"properties":{"city":"shymkent","overture_id":"c9fc7d58-ad3b-484e-8f32-91851af091bf","overture_version":1,"sources":[{"property":"","dataset":"OpenStreetMap","license":"ODbL-1.0","record_id":"n11922797732@3","update_time":"2026-04-21T12:41:03Z","confidence":null,"between":null,"provider":"osm","resource":"planet","version":"2026-09-09"}],"k10_inside_bbox":false}},{"type":"Feature","id":"c9fed6df-a43a-4d10-8ac8-0aeeda424e17","geometry":{"type":"Point","coordinates":[69.5914817,42.3224316]},"properties":{"city":"shymkent","overture_id":"c9fed6df-a43a-4d10-8ac8-0aeeda424e17","overture_version":1,"sources":[{"property":"","dataset":"OpenStreetMap","license":"ODbL-1.0","record_id":"n11934561806@1","update_time":"2024-05-26T08:47:45Z","confidence":null,"between":null,"provider":"osm","resource":"planet","version":"2026-09-09"}],"k10_inside_bbox":false}},{"type":"Feature","id":"ca0511fd-20d5-4563-9dff-eb9ccef281cf","geometry":{"type":"Point","coordinates":[69.601389,42.3236423]},"properties":{"city":"shymkent","overture_id":"ca0511fd-20d5-4563-9dff-eb9ccef281cf","overture_version":1,"sources":[{"property":"","dataset":"OpenStreetMap","license":"ODbL-1.0","record_id":"n11700691766@1","update_time":"2024-03-07T12:44:58Z","confidence":null,"between":null,"provider":"osm","resource":"planet","version":"2026-09-09"}],"k10_inside_bbox":true}},{"type":"Feature","id":"ca261d2e-c528-4f14-8432-fac9f6b03dce","geometry":{"type":"Point","coordinates":[69.6004607,42.3171717]},"properties":{"city":"shymkent","overture_id":"ca261d2e-c528-4f14-8432-fac9f6b03dce","overture_version":1,"sources":[{"property":"","dataset":"OpenStreetMap","license":"ODbL-1.0","record_id":"n8069579699@1","update_time":"2020-10-31T19:30:44Z","confidence":null,"between":null,"provider":"osm","resource":"planet","version":"2026-09-09"}],"k10_inside_bbox":true}},{"type":"Feature","id":"ca3240f4-ec4f-4672-988b-d9cfd49feb6f","geometry":{"type":"Point","coordinates":[69.5960789,42.3170516]},"properties":{"city":"shymkent","overture_id":"ca3240f4-ec4f-4672-988b-d9cfd49feb6f","overture_version":2,"sources":[{"property":"","dataset":"OpenStreetMap","license":"ODbL-1.0","record_id":"n12804572527@2","update_time":"2025-06-29T06:12:14Z","confidence":null,"between":null,"provider":"osm","resource":"planet","version":"2026-09-09"}],"k10_inside_bbox":true}},{"type":"Feature","id":"cab0234a-25de-4e4c-b042-0512fae89502","geometry":{"type":"Point","coordinates":[69.5999733,42.3146265]},"properties":{"city":"shymkent","overture_id":"cab0234a-25de-4e4c-b042-0512fae89502","overture_version":1,"sources":[{"property":"","dataset":"OpenStreetMap","license":"ODbL-1.0","record_id":"n1238158465@4","update_time":"2011-06-25T04:48:31Z","confidence":null,"between":null,"provider":"osm","resource":"planet","version":"2026-09-09"}],"k10_inside_bbox":true}},{"type":"Feature","id":"cab1f2bc-4d38-4a73-8ac2-f6863de287f1","geometry":{"type":"Point","coordinates":[69.6087695,42.3237117]},"properties":{"city":"shymkent","overture_id":"cab1f2bc-4d38-4a73-8ac2-f6863de287f1","overture_version":1,"sources":[{"property":"","dataset":"OpenStreetMap","license":"ODbL-1.0","record_id":"n5401348268@1","update_time":"2018-02-09T14:58:08Z","confidence":null,"between":null,"provider":"osm","resource":"planet","version":"2026-09-09"}],"k10_inside_bbox":true}},{"type":"Feature","id":"cad449d0-d23b-426d-9c5f-3e665f6adafa","geometry":{"type":"Point","coordinates":[69.6013762,42.3104055]},"properties":{"city":"shymkent","overture_id":"cad449d0-d23b-426d-9c5f-3e665f6adafa","overture_version":1,"sources":[{"property":"","dataset":"OpenStreetMap","license":"ODbL-1.0","record_id":"n12159528956@1","update_time":"2024-09-06T08:28:17Z","confidence":null,"between":null,"provider":"osm","resource":"planet","version":"2026-09-09"}],"k10_inside_bbox":true}},{"type":"Feature","id":"cad8f7ec-5de8-488e-985d-be2819803e24","geometry":{"type":"Point","coordinates":[69.6134364,42.3129103]},"properties":{"city":"shymkent","overture_id":"cad8f7ec-5de8-488e-985d-be2819803e24","overture_version":1,"sources":[{"property":"","dataset":"OpenStreetMap","license":"ODbL-1.0","record_id":"n1240512336@2","update_time":"2018-08-31T21:27:47Z","confidence":null,"between":null,"provider":"osm","resource":"planet","version":"2026-09-09"}],"k10_inside_bbox":true}},{"type":"Feature","id":"caf3e7f5-dfc4-466e-9c42-c4668fda7757","geometry":{"type":"Point","coordinates":[69.5946899,42.3168309]},"properties":{"city":"shymkent","overture_id":"caf3e7f5-dfc4-466e-9c42-c4668fda7757","overture_version":1,"sources":[{"property":"","dataset":"OpenStreetMap","license":"ODbL-1.0","record_id":"n12955379377@1","update_time":"2025-06-27T00:51:39Z","confidence":null,"between":null,"provider":"osm","resource":"planet","version":"2026-09-09"}],"k10_inside_bbox":true}},{"type":"Feature","id":"cb13edca-1818-4888-a61c-eb4ec53117ca","geometry":{"type":"Point","coordinates":[69.5991217,42.3065312]},"properties":{"city":"shymkent","overture_id":"cb13edca-1818-4888-a61c-eb4ec53117ca","overture_version":1,"sources":[{"property":"","dataset":"OpenStreetMap","license":"ODbL-1.0","record_id":"n12828303715@1","update_time":"2025-05-11T12:15:36Z","confidence":null,"between":null,"provider":"osm","resource":"planet","version":"2026-09-09"}],"k10_inside_bbox":false}},{"type":"Feature","id":"cb1eaf49-3626-47bd-8b05-3f0fef370a1d","geometry":{"type":"Point","coordinates":[69.6087876,42.3079251]},"properties":{"city":"shymkent","overture_id":"cb1eaf49-3626-47bd-8b05-3f0fef370a1d","overture_version":1,"sources":[{"property":"","dataset":"OpenStreetMap","license":"ODbL-1.0","record_id":"n6190366396@1","update_time":"2019-01-07T17:04:38Z","confidence":null,"between":null,"provider":"osm","resource":"planet","version":"2026-09-09"}],"k10_inside_bbox":true}},{"type":"Feature","id":"cb2b5d8f-eba6-4c99-8839-94f17a897e49","geometry":{"type":"Point","coordinates":[69.5978411,42.3228313]},"properties":{"city":"shymkent","overture_id":"cb2b5d8f-eba6-4c99-8839-94f17a897e49","overture_version":1,"sources":[{"property":"","dataset":"OpenStreetMap","license":"ODbL-1.0","record_id":"n4336568568@1","update_time":"2016-08-05T06:55:43Z","confidence":null,"between":null,"provider":"osm","resource":"planet","version":"2026-09-09"}],"k10_inside_bbox":true}},{"type":"Feature","id":"cb615093-1d34-4e41-bfea-e7c3379f94ae","geometry":{"type":"Point","coordinates":[69.5947301,42.3059018]},"properties":{"city":"shymkent","overture_id":"cb615093-1d34-4e41-bfea-e7c3379f94ae","overture_version":1,"sources":[{"property":"","dataset":"OpenStreetMap","license":"ODbL-1.0","record_id":"n11148559543@1","update_time":"2023-08-27T16:41:50Z","confidence":null,"between":null,"provider":"osm","resource":"planet","version":"2026-09-09"}],"k10_inside_bbox":false}},{"type":"Feature","id":"cb6f979f-9180-4457-8ddd-e413717c7d9b","geometry":{"type":"Point","coordinates":[69.5873365,42.3225095]},"properties":{"city":"shymkent","overture_id":"cb6f979f-9180-4457-8ddd-e413717c7d9b","overture_version":1,"sources":[{"property":"","dataset":"OpenStreetMap","license":"ODbL-1.0","record_id":"n11934561821@1","update_time":"2024-05-26T08:47:45Z","confidence":null,"between":null,"provider":"osm","resource":"planet","version":"2026-09-09"}],"k10_inside_bbox":false}},{"type":"Feature","id":"cb88b8e7-9019-4cbb-8923-8033c94a1856","geometry":{"type":"Point","coordinates":[69.5988294,42.3104278]},"properties":{"city":"shymkent","overture_id":"cb88b8e7-9019-4cbb-8923-8033c94a1856","overture_version":1,"sources":[{"property":"","dataset":"OpenStreetMap","license":"ODbL-1.0","record_id":"n13272759423@1","update_time":"2025-10-31T17:50:55Z","confidence":null,"between":null,"provider":"osm","resource":"planet","version":"2026-09-09"}],"k10_inside_bbox":true}},{"type":"Feature","id":"cb93c846-5c9b-48b3-bddb-39cc0c7a3141","geometry":{"type":"Point","coordinates":[69.6128163,42.3186396]},"properties":{"city":"shymkent","overture_id":"cb93c846-5c9b-48b3-bddb-39cc0c7a3141","overture_version":1,"sources":[{"property":"","dataset":"OpenStreetMap","license":"ODbL-1.0","record_id":"n5434930065@1","update_time":"2018-02-25T11:14:20Z","confidence":null,"between":null,"provider":"osm","resource":"planet","version":"2026-09-09"}],"k10_inside_bbox":true}},{"type":"Feature","id":"cbc4fb5b-e0ac-4735-94c1-b83f3dff0296","geometry":{"type":"Point","coordinates":[69.5988943,42.3133113]},"properties":{"city":"shymkent","overture_id":"cbc4fb5b-e0ac-4735-94c1-b83f3dff0296","overture_version":1,"sources":[{"property":"","dataset":"OpenStreetMap","license":"ODbL-1.0","record_id":"n13135799420@1","update_time":"2025-09-11T08:14:30Z","confidence":null,"between":null,"provider":"osm","resource":"planet","version":"2026-09-09"}],"k10_inside_bbox":true}},{"type":"Feature","id":"cbcbb363-bc0e-4509-8e05-70703645bc3f","geometry":{"type":"Point","coordinates":[69.5970952,42.32878]},"properties":{"city":"shymkent","overture_id":"cbcbb363-bc0e-4509-8e05-70703645bc3f","overture_version":1,"sources":[{"property":"","dataset":"OpenStreetMap","license":"ODbL-1.0","record_id":"n11929130966@1","update_time":"2024-05-23T18:00:15Z","confidence":null,"between":null,"provider":"osm","resource":"planet","version":"2026-09-09"}],"k10_inside_bbox":false}},{"type":"Feature","id":"cbfd16f3-4f24-4b89-9289-a49bfd058e08","geometry":{"type":"Point","coordinates":[69.6000878,42.3115617]},"properties":{"city":"shymkent","overture_id":"cbfd16f3-4f24-4b89-9289-a49bfd058e08","overture_version":1,"sources":[{"property":"","dataset":"OpenStreetMap","license":"ODbL-1.0","record_id":"n13111944208@1","update_time":"2025-09-01T08:58:25Z","confidence":null,"between":null,"provider":"osm","resource":"planet","version":"2026-09-09"}],"k10_inside_bbox":true}},{"type":"Feature","id":"cc436ab5-172b-49c1-a26b-2c8694c6b712","geometry":{"type":"Point","coordinates":[69.6025715,42.3154577]},"properties":{"city":"shymkent","overture_id":"cc436ab5-172b-49c1-a26b-2c8694c6b712","overture_version":2,"sources":[{"property":"","dataset":"OpenStreetMap","license":"ODbL-1.0","record_id":"n12818487792@2","update_time":"2026-05-27T17:08:16Z","confidence":null,"between":null,"provider":"osm","resource":"planet","version":"2026-09-09"}],"k10_inside_bbox":true}},{"type":"Feature","id":"cc5cefd4-0f33-4694-8d76-dcefd81b7a92","geometry":{"type":"Point","coordinates":[69.5934642,42.3107112]},"properties":{"city":"shymkent","overture_id":"cc5cefd4-0f33-4694-8d76-dcefd81b7a92","overture_version":1,"sources":[{"property":"","dataset":"OpenStreetMap","license":"ODbL-1.0","record_id":"n11922746129@1","update_time":"2024-05-21T16:37:21Z","confidence":null,"between":null,"provider":"osm","resource":"planet","version":"2026-09-09"}],"k10_inside_bbox":true}},{"type":"Feature","id":"cc69f635-2f5b-41fe-85a1-a15a4155f6e2","geometry":{"type":"Point","coordinates":[69.6150208,42.3084378]},"properties":{"city":"shymkent","overture_id":"cc69f635-2f5b-41fe-85a1-a15a4155f6e2","overture_version":1,"sources":[{"property":"","dataset":"OpenStreetMap","license":"ODbL-1.0","record_id":"n5492613569@2","update_time":"2023-11-29T17:35:01Z","confidence":null,"between":null,"provider":"osm","resource":"planet","version":"2026-09-09"}],"k10_inside_bbox":true}},{"type":"Feature","id":"cc73afad-bf8f-428c-9628-29bf2a473c64","geometry":{"type":"Point","coordinates":[69.6064353,42.3173564]},"properties":{"city":"shymkent","overture_id":"cc73afad-bf8f-428c-9628-29bf2a473c64","overture_version":1,"sources":[{"property":"","dataset":"OpenStreetMap","license":"ODbL-1.0","record_id":"n11375783512@1","update_time":"2023-11-25T18:49:10Z","confidence":null,"between":null,"provider":"osm","resource":"planet","version":"2026-09-09"}],"k10_inside_bbox":true}},{"type":"Feature","id":"cc963906-492b-4f19-b63f-76f622ee1f05","geometry":{"type":"Point","coordinates":[69.5966284,42.3168023]},"properties":{"city":"shymkent","overture_id":"cc963906-492b-4f19-b63f-76f622ee1f05","overture_version":1,"sources":[{"property":"","dataset":"OpenStreetMap","license":"ODbL-1.0","record_id":"n8069568529@3","update_time":"2025-05-08T04:08:13Z","confidence":null,"between":null,"provider":"osm","resource":"planet","version":"2026-09-09"}],"k10_inside_bbox":true}},{"type":"Feature","id":"cc9e5ba2-a38b-42d1-ae4a-6f04e6d269a1","geometry":{"type":"Point","coordinates":[69.613111,42.3167836]},"properties":{"city":"shymkent","overture_id":"cc9e5ba2-a38b-42d1-ae4a-6f04e6d269a1","overture_version":1,"sources":[{"property":"","dataset":"OpenStreetMap","license":"ODbL-1.0","record_id":"n3678262957@1","update_time":"2015-08-03T02:21:53Z","confidence":null,"between":null,"provider":"osm","resource":"planet","version":"2026-09-09"}],"k10_inside_bbox":true}},{"type":"Feature","id":"ccf49090-b7b8-407c-b377-dc9ff4655d7a","geometry":{"type":"Point","coordinates":[69.5945471,42.3211501]},"properties":{"city":"shymkent","overture_id":"ccf49090-b7b8-407c-b377-dc9ff4655d7a","overture_version":1,"sources":[{"property":"","dataset":"OpenStreetMap","license":"ODbL-1.0","record_id":"n10731921325@1","update_time":"2023-03-13T03:38:15Z","confidence":null,"between":null,"provider":"osm","resource":"planet","version":"2026-09-09"}],"k10_inside_bbox":true}},{"type":"Feature","id":"cd1a5038-faae-4d32-8e38-99fd4eac1ec3","geometry":{"type":"Point","coordinates":[69.6091604,42.3150557]},"properties":{"city":"shymkent","overture_id":"cd1a5038-faae-4d32-8e38-99fd4eac1ec3","overture_version":1,"sources":[{"property":"","dataset":"OpenStreetMap","license":"ODbL-1.0","record_id":"n11384193195@1","update_time":"2023-11-29T17:35:01Z","confidence":null,"between":null,"provider":"osm","resource":"planet","version":"2026-09-09"}],"k10_inside_bbox":true}},{"type":"Feature","id":"cd350569-cc44-4063-bbe1-556f50a2f746","geometry":{"type":"Point","coordinates":[69.5985168,42.3104863]},"properties":{"city":"shymkent","overture_id":"cd350569-cc44-4063-bbe1-556f50a2f746","overture_version":1,"sources":[{"property":"","dataset":"OpenStreetMap","license":"ODbL-1.0","record_id":"n13272759424@1","update_time":"2025-10-31T17:50:55Z","confidence":null,"between":null,"provider":"osm","resource":"planet","version":"2026-09-09"}],"k10_inside_bbox":true}},{"type":"Feature","id":"cd4587d4-bdf3-4596-b9ce-dbe32548ca43","geometry":{"type":"Point","coordinates":[69.6008135,42.3107277]},"properties":{"city":"shymkent","overture_id":"cd4587d4-bdf3-4596-b9ce-dbe32548ca43","overture_version":1,"sources":[{"property":"","dataset":"OpenStreetMap","license":"ODbL-1.0","record_id":"n11057976568@2","update_time":"2024-09-05T07:06:14Z","confidence":null,"between":null,"provider":"osm","resource":"planet","version":"2026-09-09"}],"k10_inside_bbox":true}},{"type":"Feature","id":"cd6ad7d6-968a-4f89-9d2a-60c19a0e573b","geometry":{"type":"Point","coordinates":[69.609194,42.3190743]},"properties":{"city":"shymkent","overture_id":"cd6ad7d6-968a-4f89-9d2a-60c19a0e573b","overture_version":1,"sources":[{"property":"","dataset":"OpenStreetMap","license":"ODbL-1.0","record_id":"n10755269301@2","update_time":"2024-09-05T07:06:14Z","confidence":null,"between":null,"provider":"osm","resource":"planet","version":"2026-09-09"}],"k10_inside_bbox":true}},{"type":"Feature","id":"cdcaccfc-5316-4355-8d69-c81f9a1abcce","geometry":{"type":"Point","coordinates":[69.6115201,42.3131538]},"properties":{"city":"shymkent","overture_id":"cdcaccfc-5316-4355-8d69-c81f9a1abcce","overture_version":1,"sources":[{"property":"","dataset":"OpenStreetMap","license":"ODbL-1.0","record_id":"n11384193249@1","update_time":"2023-11-29T17:35:01Z","confidence":null,"between":null,"provider":"osm","resource":"planet","version":"2026-09-09"}],"k10_inside_bbox":true}},{"type":"Feature","id":"cdfe66a3-175c-440b-b1f7-35a6f30b6c31","geometry":{"type":"Point","coordinates":[69.6109253,42.3082801]},"properties":{"city":"shymkent","overture_id":"cdfe66a3-175c-440b-b1f7-35a6f30b6c31","overture_version":1,"sources":[{"property":"","dataset":"OpenStreetMap","license":"ODbL-1.0","record_id":"n11384193239@1","update_time":"2023-11-29T17:35:01Z","confidence":null,"between":null,"provider":"osm","resource":"planet","version":"2026-09-09"}],"k10_inside_bbox":true}},{"type":"Feature","id":"ce617e93-d132-48d8-ba24-dc53c2f60232","geometry":{"type":"Point","coordinates":[69.6166987,42.3171485]},"properties":{"city":"shymkent","overture_id":"ce617e93-d132-48d8-ba24-dc53c2f60232","overture_version":1,"sources":[{"property":"","dataset":"OpenStreetMap","license":"ODbL-1.0","record_id":"n9459658231@1","update_time":"2022-01-30T07:07:44Z","confidence":null,"between":null,"provider":"osm","resource":"planet","version":"2026-09-09"}],"k10_inside_bbox":true}},{"type":"Feature","id":"ce649c4d-9858-4fd8-9cb1-4d93aa51bca2","geometry":{"type":"Point","coordinates":[69.613132,42.3090405]},"properties":{"city":"shymkent","overture_id":"ce649c4d-9858-4fd8-9cb1-4d93aa51bca2","overture_version":1,"sources":[{"property":"","dataset":"OpenStreetMap","license":"ODbL-1.0","record_id":"n5492613572@1","update_time":"2018-03-21T04:39:55Z","confidence":null,"between":null,"provider":"osm","resource":"planet","version":"2026-09-09"}],"k10_inside_bbox":true}},{"type":"Feature","id":"ce8032e1-d2a2-4c41-bcc9-a47a865672be","geometry":{"type":"Point","coordinates":[69.6155764,42.3178365]},"properties":{"city":"shymkent","overture_id":"ce8032e1-d2a2-4c41-bcc9-a47a865672be","overture_version":1,"sources":[{"property":"","dataset":"OpenStreetMap","license":"ODbL-1.0","record_id":"n11375783376@1","update_time":"2023-11-25T18:49:10Z","confidence":null,"between":null,"provider":"osm","resource":"planet","version":"2026-09-09"}],"k10_inside_bbox":true}},{"type":"Feature","id":"ce88385a-63ac-4bb5-954d-174ea1b997ed","geometry":{"type":"Point","coordinates":[69.5988816,42.3329802]},"properties":{"city":"shymkent","overture_id":"ce88385a-63ac-4bb5-954d-174ea1b997ed","overture_version":1,"sources":[{"property":"","dataset":"OpenStreetMap","license":"ODbL-1.0","record_id":"n12479811983@1","update_time":"2025-01-07T04:59:33Z","confidence":null,"between":null,"provider":"osm","resource":"planet","version":"2026-09-09"}],"k10_inside_bbox":false}},{"type":"Feature","id":"cea1d060-6240-450b-bf98-7577e0be3879","geometry":{"type":"Point","coordinates":[69.612062,42.3132342]},"properties":{"city":"shymkent","overture_id":"cea1d060-6240-450b-bf98-7577e0be3879","overture_version":1,"sources":[{"property":"","dataset":"OpenStreetMap","license":"ODbL-1.0","record_id":"n11384193391@1","update_time":"2023-11-29T17:35:01Z","confidence":null,"between":null,"provider":"osm","resource":"planet","version":"2026-09-09"}],"k10_inside_bbox":true}},{"type":"Feature","id":"cea1f36e-eb04-4ed4-9564-05432850a2bd","geometry":{"type":"Point","coordinates":[69.6131535,42.3091182]},"properties":{"city":"shymkent","overture_id":"cea1f36e-eb04-4ed4-9564-05432850a2bd","overture_version":1,"sources":[{"property":"","dataset":"OpenStreetMap","license":"ODbL-1.0","record_id":"n5492614092@1","update_time":"2018-03-21T04:40:22Z","confidence":null,"between":null,"provider":"osm","resource":"planet","version":"2026-09-09"}],"k10_inside_bbox":true}},{"type":"Feature","id":"cedf4cef-2bc7-4418-9916-ffd674b5adac","geometry":{"type":"Point","coordinates":[69.6146104,42.3058644]},"properties":{"city":"shymkent","overture_id":"cedf4cef-2bc7-4418-9916-ffd674b5adac","overture_version":1,"sources":[{"property":"","dataset":"OpenStreetMap","license":"ODbL-1.0","record_id":"n11384193234@1","update_time":"2023-11-29T17:35:01Z","confidence":null,"between":null,"provider":"osm","resource":"planet","version":"2026-09-09"}],"k10_inside_bbox":false}},{"type":"Feature","id":"cf200c06-39a6-49ce-873b-fe2f18a063b1","geometry":{"type":"Point","coordinates":[69.5958836,42.3201863]},"properties":{"city":"shymkent","overture_id":"cf200c06-39a6-49ce-873b-fe2f18a063b1","overture_version":1,"sources":[{"property":"","dataset":"OpenStreetMap","license":"ODbL-1.0","record_id":"n4346751764@1","update_time":"2016-08-12T03:59:58Z","confidence":null,"between":null,"provider":"osm","resource":"planet","version":"2026-09-09"}],"k10_inside_bbox":true}},{"type":"Feature","id":"cf3171c8-8f8c-4fbb-805d-c7cbb39c4034","geometry":{"type":"Point","coordinates":[69.6031618,42.3127214]},"properties":{"city":"shymkent","overture_id":"cf3171c8-8f8c-4fbb-805d-c7cbb39c4034","overture_version":1,"sources":[{"property":"","dataset":"OpenStreetMap","license":"ODbL-1.0","record_id":"n1326355560@1","update_time":"2011-06-15T12:36:57Z","confidence":null,"between":null,"provider":"osm","resource":"planet","version":"2026-09-09"}],"k10_inside_bbox":true}},{"type":"Feature","id":"cfb6b4dc-1326-4e62-b078-a5ccae04f392","geometry":{"type":"Point","coordinates":[69.6022824,42.3050984]},"properties":{"city":"shymkent","overture_id":"cfb6b4dc-1326-4e62-b078-a5ccae04f392","overture_version":1,"sources":[{"property":"","dataset":"OpenStreetMap","license":"ODbL-1.0","record_id":"n11384193323@1","update_time":"2023-11-29T17:35:01Z","confidence":null,"between":null,"provider":"osm","resource":"planet","version":"2026-09-09"}],"k10_inside_bbox":false}},{"type":"Feature","id":"cff04de9-81c4-46a3-96ef-5313c1d57cce","geometry":{"type":"Point","coordinates":[69.5918024,42.3144831]},"properties":{"city":"shymkent","overture_id":"cff04de9-81c4-46a3-96ef-5313c1d57cce","overture_version":2,"sources":[{"property":"","dataset":"OpenStreetMap","license":"ODbL-1.0","record_id":"n4616688474@2","update_time":"2025-06-29T06:12:14Z","confidence":null,"between":null,"provider":"osm","resource":"planet","version":"2026-09-09"}],"k10_inside_bbox":false}},{"type":"Feature","id":"d01289d3-1842-4826-b0b4-76db959b280f","geometry":{"type":"Point","coordinates":[69.5940608,42.3236709]},"properties":{"city":"shymkent","overture_id":"d01289d3-1842-4826-b0b4-76db959b280f","overture_version":1,"sources":[{"property":"","dataset":"OpenStreetMap","license":"ODbL-1.0","record_id":"n10731921313@1","update_time":"2023-03-13T03:38:15Z","confidence":null,"between":null,"provider":"osm","resource":"planet","version":"2026-09-09"}],"k10_inside_bbox":true}},{"type":"Feature","id":"d042cbd5-879c-4381-b01b-788299bc16f5","geometry":{"type":"Point","coordinates":[69.6000357,42.3162218]},"properties":{"city":"shymkent","overture_id":"d042cbd5-879c-4381-b01b-788299bc16f5","overture_version":1,"sources":[{"property":"","dataset":"OpenStreetMap","license":"ODbL-1.0","record_id":"n8069568530@1","update_time":"2020-10-31T19:30:44Z","confidence":null,"between":null,"provider":"osm","resource":"planet","version":"2026-09-09"}],"k10_inside_bbox":true}},{"type":"Feature","id":"d07a84d2-eb60-4423-b060-f38c2a588896","geometry":{"type":"Point","coordinates":[69.599928,42.3147527]},"properties":{"city":"shymkent","overture_id":"d07a84d2-eb60-4423-b060-f38c2a588896","overture_version":1,"sources":[{"property":"","dataset":"OpenStreetMap","license":"ODbL-1.0","record_id":"n12804572541@1","update_time":"2025-05-02T17:34:26Z","confidence":null,"between":null,"provider":"osm","resource":"planet","version":"2026-09-09"}],"k10_inside_bbox":true}},{"type":"Feature","id":"d07f1929-74cc-4b72-aad0-694084bac79f","geometry":{"type":"Point","coordinates":[69.60783,42.3196649]},"properties":{"city":"shymkent","overture_id":"d07f1929-74cc-4b72-aad0-694084bac79f","overture_version":1,"sources":[{"property":"","dataset":"OpenStreetMap","license":"ODbL-1.0","record_id":"n11375783494@1","update_time":"2023-11-25T18:49:10Z","confidence":null,"between":null,"provider":"osm","resource":"planet","version":"2026-09-09"}],"k10_inside_bbox":true}},{"type":"Feature","id":"d08512e3-c0cb-411e-a405-35567ec39f71","geometry":{"type":"Point","coordinates":[69.6003709,42.3167565]},"properties":{"city":"shymkent","overture_id":"d08512e3-c0cb-411e-a405-35567ec39f71","overture_version":1,"sources":[{"property":"","dataset":"OpenStreetMap","license":"ODbL-1.0","record_id":"n8069579693@1","update_time":"2020-10-31T19:30:44Z","confidence":null,"between":null,"provider":"osm","resource":"planet","version":"2026-09-09"}],"k10_inside_bbox":true}},{"type":"Feature","id":"d0ac41cc-a655-4b6f-b5de-9c4e01f94aee","geometry":{"type":"Point","coordinates":[69.5967112,42.3278709]},"properties":{"city":"shymkent","overture_id":"d0ac41cc-a655-4b6f-b5de-9c4e01f94aee","overture_version":1,"sources":[{"property":"","dataset":"OpenStreetMap","license":"ODbL-1.0","record_id":"n11929130965@1","update_time":"2024-05-23T18:00:15Z","confidence":null,"between":null,"provider":"osm","resource":"planet","version":"2026-09-09"}],"k10_inside_bbox":false}},{"type":"Feature","id":"d0d1ac3b-47f1-4856-9002-76942c369500","geometry":{"type":"Point","coordinates":[69.6113815,42.3087748]},"properties":{"city":"shymkent","overture_id":"d0d1ac3b-47f1-4856-9002-76942c369500","overture_version":1,"sources":[{"property":"","dataset":"OpenStreetMap","license":"ODbL-1.0","record_id":null,"update_time":null,"confidence":null,"between":null,"provider":"osm","resource":"planet","version":"2026-09-09"}],"k10_inside_bbox":true}},{"type":"Feature","id":"d10fe8ee-951b-4a77-b157-6cc53cff4438","geometry":{"type":"Point","coordinates":[69.6056578,42.3130223]},"properties":{"city":"shymkent","overture_id":"d10fe8ee-951b-4a77-b157-6cc53cff4438","overture_version":1,"sources":[{"property":"","dataset":"OpenStreetMap","license":"ODbL-1.0","record_id":"n1326355509@2","update_time":"2011-09-06T11:47:58Z","confidence":null,"between":null,"provider":"osm","resource":"planet","version":"2026-09-09"}],"k10_inside_bbox":true}},{"type":"Feature","id":"d15efee1-6c84-4307-b1e2-1c92528291e7","geometry":{"type":"Point","coordinates":[69.6152718,42.3065192]},"properties":{"city":"shymkent","overture_id":"d15efee1-6c84-4307-b1e2-1c92528291e7","overture_version":1,"sources":[{"property":"","dataset":"OpenStreetMap","license":"ODbL-1.0","record_id":"n11384193227@1","update_time":"2023-11-29T17:35:01Z","confidence":null,"between":null,"provider":"osm","resource":"planet","version":"2026-09-09"}],"k10_inside_bbox":false}},{"type":"Feature","id":"d16dc89f-0823-4909-bdf3-0a7a8c6b0eff","geometry":{"type":"Point","coordinates":[69.6066874,42.3209024]},"properties":{"city":"shymkent","overture_id":"d16dc89f-0823-4909-bdf3-0a7a8c6b0eff","overture_version":1,"sources":[{"property":"","dataset":"OpenStreetMap","license":"ODbL-1.0","record_id":"n11375783471@1","update_time":"2023-11-25T18:49:10Z","confidence":null,"between":null,"provider":"osm","resource":"planet","version":"2026-09-09"}],"k10_inside_bbox":true}},{"type":"Feature","id":"d1b59bc2-a2ab-484b-88cb-3ee9c920865d","geometry":{"type":"Point","coordinates":[69.6010774,42.3174966]},"properties":{"city":"shymkent","overture_id":"d1b59bc2-a2ab-484b-88cb-3ee9c920865d","overture_version":1,"sources":[{"property":"","dataset":"OpenStreetMap","license":"ODbL-1.0","record_id":"n1434183756@5","update_time":"2022-11-08T20:20:32Z","confidence":null,"between":null,"provider":"osm","resource":"planet","version":"2026-09-09"}],"k10_inside_bbox":true}},{"type":"Feature","id":"d1c1442d-66f0-4bb4-a834-805789420b1b","geometry":{"type":"Point","coordinates":[69.6068003,42.3172587]},"properties":{"city":"shymkent","overture_id":"d1c1442d-66f0-4bb4-a834-805789420b1b","overture_version":1,"sources":[{"property":"","dataset":"OpenStreetMap","license":"ODbL-1.0","record_id":"n11375783511@1","update_time":"2023-11-25T18:49:10Z","confidence":null,"between":null,"provider":"osm","resource":"planet","version":"2026-09-09"}],"k10_inside_bbox":true}},{"type":"Feature","id":"d1c4ea6b-1441-4d4e-b0aa-53cc414ee14b","geometry":{"type":"Point","coordinates":[69.5989011,42.3239611]},"properties":{"city":"shymkent","overture_id":"d1c4ea6b-1441-4d4e-b0aa-53cc414ee14b","overture_version":1,"sources":[{"property":"","dataset":"OpenStreetMap","license":"ODbL-1.0","record_id":"n1238218300@9","update_time":"2019-11-07T05:45:45Z","confidence":null,"between":null,"provider":"osm","resource":"planet","version":"2026-09-09"}],"k10_inside_bbox":true}},{"type":"Feature","id":"d1eee37a-a377-4564-8e28-298bd064228f","geometry":{"type":"Point","coordinates":[69.5928176,42.3222217]},"properties":{"city":"shymkent","overture_id":"d1eee37a-a377-4564-8e28-298bd064228f","overture_version":1,"sources":[{"property":"","dataset":"OpenStreetMap","license":"ODbL-1.0","record_id":"n4346752003@1","update_time":"2016-08-12T03:59:58Z","confidence":null,"between":null,"provider":"osm","resource":"planet","version":"2026-09-09"}],"k10_inside_bbox":false}},{"type":"Feature","id":"d23ad9e6-fa0e-4305-bd84-dc334d941830","geometry":{"type":"Point","coordinates":[69.6055153,42.312816]},"properties":{"city":"shymkent","overture_id":"d23ad9e6-fa0e-4305-bd84-dc334d941830","overture_version":1,"sources":[{"property":"","dataset":"OpenStreetMap","license":"ODbL-1.0","record_id":"n1326355502@1","update_time":"2011-06-15T12:36:54Z","confidence":null,"between":null,"provider":"osm","resource":"planet","version":"2026-09-09"}],"k10_inside_bbox":true}},{"type":"Feature","id":"d23c436b-a708-43b6-863d-6b8e00108c5d","geometry":{"type":"Point","coordinates":[69.6085234,42.3070158]},"properties":{"city":"shymkent","overture_id":"d23c436b-a708-43b6-863d-6b8e00108c5d","overture_version":1,"sources":[{"property":"","dataset":"OpenStreetMap","license":"ODbL-1.0","record_id":"n11384193528@1","update_time":"2023-11-29T17:35:01Z","confidence":null,"between":null,"provider":"osm","resource":"planet","version":"2026-09-09"}],"k10_inside_bbox":true}},{"type":"Feature","id":"d245d80b-6fb6-4da6-931e-093980bf274a","geometry":{"type":"Point","coordinates":[69.5943533,42.3148564]},"properties":{"city":"shymkent","overture_id":"d245d80b-6fb6-4da6-931e-093980bf274a","overture_version":1,"sources":[{"property":"","dataset":"OpenStreetMap","license":"ODbL-1.0","record_id":"n12158203453@1","update_time":"2024-09-05T17:42:04Z","confidence":null,"between":null,"provider":"osm","resource":"planet","version":"2026-09-09"}],"k10_inside_bbox":true}},{"type":"Feature","id":"d2479059-1f6d-47ad-8ff7-fb00788d177f","geometry":{"type":"Point","coordinates":[69.6052705,42.3125916]},"properties":{"city":"shymkent","overture_id":"d2479059-1f6d-47ad-8ff7-fb00788d177f","overture_version":1,"sources":[{"property":"","dataset":"OpenStreetMap","license":"ODbL-1.0","record_id":"n1326355634@1","update_time":"2011-06-15T12:37:01Z","confidence":null,"between":null,"provider":"osm","resource":"planet","version":"2026-09-09"}],"k10_inside_bbox":true}},{"type":"Feature","id":"d28848d2-5849-4cc2-a10e-1f3fd0593f73","geometry":{"type":"Point","coordinates":[69.6034199,42.3133575]},"properties":{"city":"shymkent","overture_id":"d28848d2-5849-4cc2-a10e-1f3fd0593f73","overture_version":1,"sources":[{"property":"","dataset":"OpenStreetMap","license":"ODbL-1.0","record_id":"n1326355355@1","update_time":"2011-06-15T12:36:48Z","confidence":null,"between":null,"provider":"osm","resource":"planet","version":"2026-09-09"}],"k10_inside_bbox":true}},{"type":"Feature","id":"d28dde4e-517c-4e28-a059-00a2e43d94d5","geometry":{"type":"Point","coordinates":[69.5962734,42.324615]},"properties":{"city":"shymkent","overture_id":"d28dde4e-517c-4e28-a059-00a2e43d94d5","overture_version":1,"sources":[{"property":"","dataset":"OpenStreetMap","license":"ODbL-1.0","record_id":"n11057892243@1","update_time":"2023-07-21T03:25:47Z","confidence":null,"between":null,"provider":"osm","resource":"planet","version":"2026-09-09"}],"k10_inside_bbox":false}},{"type":"Feature","id":"d2a52932-6cbe-4a34-bea0-5622170b338f","geometry":{"type":"Point","coordinates":[69.5985855,42.3068664]},"properties":{"city":"shymkent","overture_id":"d2a52932-6cbe-4a34-bea0-5622170b338f","overture_version":1,"sources":[{"property":"","dataset":"OpenStreetMap","license":"ODbL-1.0","record_id":"n12828298093@1","update_time":"2025-05-11T12:15:36Z","confidence":null,"between":null,"provider":"osm","resource":"planet","version":"2026-09-09"}],"k10_inside_bbox":true}},{"type":"Feature","id":"d2abe0a5-5f1e-4243-a5d0-b134c7cf7d78","geometry":{"type":"Point","coordinates":[69.6076718,42.3097123]},"properties":{"city":"shymkent","overture_id":"d2abe0a5-5f1e-4243-a5d0-b134c7cf7d78","overture_version":1,"sources":[{"property":"","dataset":"OpenStreetMap","license":"ODbL-1.0","record_id":"n10142798735@1","update_time":"2022-10-31T12:08:23Z","confidence":null,"between":null,"provider":"osm","resource":"planet","version":"2026-09-09"}],"k10_inside_bbox":true}},{"type":"Feature","id":"d2badc6c-6650-4db3-90c0-adc77ec04d98","geometry":{"type":"Point","coordinates":[69.6054109,42.3159176]},"properties":{"city":"shymkent","overture_id":"d2badc6c-6650-4db3-90c0-adc77ec04d98","overture_version":1,"sources":[{"property":"","dataset":"OpenStreetMap","license":"ODbL-1.0","record_id":"n11094589593@2","update_time":"2024-09-05T07:06:14Z","confidence":null,"between":null,"provider":"osm","resource":"planet","version":"2026-09-09"}],"k10_inside_bbox":true}},{"type":"Feature","id":"d2d38d29-4793-4a80-991e-2d8e7432d46c","geometry":{"type":"Point","coordinates":[69.6116001,42.3133523]},"properties":{"city":"shymkent","overture_id":"d2d38d29-4793-4a80-991e-2d8e7432d46c","overture_version":1,"sources":[{"property":"","dataset":"OpenStreetMap","license":"ODbL-1.0","record_id":"n1236371307@2","update_time":"2018-08-31T21:27:47Z","confidence":null,"between":null,"provider":"osm","resource":"planet","version":"2026-09-09"}],"k10_inside_bbox":true}},{"type":"Feature","id":"d2e4f4ce-50e6-4544-adfe-f43422782ed4","geometry":{"type":"Point","coordinates":[69.5938725,42.3081294]},"properties":{"city":"shymkent","overture_id":"d2e4f4ce-50e6-4544-adfe-f43422782ed4","overture_version":1,"sources":[{"property":"","dataset":"OpenStreetMap","license":"ODbL-1.0","record_id":"n13272759439@1","update_time":"2025-10-31T17:50:55Z","confidence":null,"between":null,"provider":"osm","resource":"planet","version":"2026-09-09"}],"k10_inside_bbox":true}},{"type":"Feature","id":"d2f826f2-5b0b-405a-81ac-dfbf4c71b39b","geometry":{"type":"Point","coordinates":[69.6014625,42.3193674]},"properties":{"city":"shymkent","overture_id":"d2f826f2-5b0b-405a-81ac-dfbf4c71b39b","overture_version":1,"sources":[{"property":"","dataset":"OpenStreetMap","license":"ODbL-1.0","record_id":"n11375783434@1","update_time":"2023-11-25T18:49:10Z","confidence":null,"between":null,"provider":"osm","resource":"planet","version":"2026-09-09"}],"k10_inside_bbox":true}},{"type":"Feature","id":"d2fbf0e9-2d06-4311-bff0-356626a290e7","geometry":{"type":"Point","coordinates":[69.5983808,42.3092724]},"properties":{"city":"shymkent","overture_id":"d2fbf0e9-2d06-4311-bff0-356626a290e7","overture_version":1,"sources":[{"property":"","dataset":"OpenStreetMap","license":"ODbL-1.0","record_id":"n9273546519@2","update_time":"2023-08-27T16:41:50Z","confidence":null,"between":null,"provider":"osm","resource":"planet","version":"2026-09-09"}],"k10_inside_bbox":true}},{"type":"Feature","id":"d3225c5c-2bfe-479e-accb-210093ae4b40","geometry":{"type":"Point","coordinates":[69.6005759,42.3171445]},"properties":{"city":"shymkent","overture_id":"d3225c5c-2bfe-479e-accb-210093ae4b40","overture_version":1,"sources":[{"property":"","dataset":"OpenStreetMap","license":"ODbL-1.0","record_id":"n8069579712@1","update_time":"2020-10-31T19:30:44Z","confidence":null,"between":null,"provider":"osm","resource":"planet","version":"2026-09-09"}],"k10_inside_bbox":true}},{"type":"Feature","id":"d373099e-a5ae-4072-bb9b-3fb37abd361e","geometry":{"type":"Point","coordinates":[69.6162774,42.3084285]},"properties":{"city":"shymkent","overture_id":"d373099e-a5ae-4072-bb9b-3fb37abd361e","overture_version":1,"sources":[{"property":"","dataset":"OpenStreetMap","license":"ODbL-1.0","record_id":"n11384193456@1","update_time":"2023-11-29T17:35:01Z","confidence":null,"between":null,"provider":"osm","resource":"planet","version":"2026-09-09"}],"k10_inside_bbox":true}},{"type":"Feature","id":"d3d28f90-202f-427b-be02-b43d5a52e7c7","geometry":{"type":"Point","coordinates":[69.5980876,42.3069728]},"properties":{"city":"shymkent","overture_id":"d3d28f90-202f-427b-be02-b43d5a52e7c7","overture_version":1,"sources":[{"property":"","dataset":"OpenStreetMap","license":"ODbL-1.0","record_id":"n12828321398@1","update_time":"2025-05-11T12:31:56Z","confidence":null,"between":null,"provider":"osm","resource":"planet","version":"2026-09-09"}],"k10_inside_bbox":true}},{"type":"Feature","id":"d3e45e01-65a1-465d-befc-26b733b202ce","geometry":{"type":"Point","coordinates":[69.5970513,42.3184514]},"properties":{"city":"shymkent","overture_id":"d3e45e01-65a1-465d-befc-26b733b202ce","overture_version":1,"sources":[{"property":"","dataset":"OpenStreetMap","license":"ODbL-1.0","record_id":"n1238218301@9","update_time":"2021-01-04T09:02:50Z","confidence":null,"between":null,"provider":"osm","resource":"planet","version":"2026-09-09"}],"k10_inside_bbox":true}},{"type":"Feature","id":"d4588381-cb9d-4ba5-a6c3-2784047ff157","geometry":{"type":"Point","coordinates":[69.5995118,42.3194317]},"properties":{"city":"shymkent","overture_id":"d4588381-cb9d-4ba5-a6c3-2784047ff157","overture_version":1,"sources":[{"property":"","dataset":"OpenStreetMap","license":"ODbL-1.0","record_id":"n3678262207@1","update_time":"2015-08-03T02:18:40Z","confidence":null,"between":null,"provider":"osm","resource":"planet","version":"2026-09-09"}],"k10_inside_bbox":true}},{"type":"Feature","id":"d46ac780-810e-4ceb-8001-5b420383c66d","geometry":{"type":"Point","coordinates":[69.596936,42.3191856]},"properties":{"city":"shymkent","overture_id":"d46ac780-810e-4ceb-8001-5b420383c66d","overture_version":1,"sources":[{"property":"","dataset":"OpenStreetMap","license":"ODbL-1.0","record_id":"n1756926559@2","update_time":"2016-11-12T09:54:19Z","confidence":null,"between":null,"provider":"osm","resource":"planet","version":"2026-09-09"}],"k10_inside_bbox":true}},{"type":"Feature","id":"d497651a-6c88-455d-ba9c-c22b0416a21a","geometry":{"type":"Point","coordinates":[69.6042952,42.312458]},"properties":{"city":"shymkent","overture_id":"d497651a-6c88-455d-ba9c-c22b0416a21a","overture_version":1,"sources":[{"property":"","dataset":"OpenStreetMap","license":"ODbL-1.0","record_id":"n1326354807@1","update_time":"2011-06-15T12:36:34Z","confidence":null,"between":null,"provider":"osm","resource":"planet","version":"2026-09-09"}],"k10_inside_bbox":true}},{"type":"Feature","id":"d4bc394d-e66c-4144-9850-9e882d23f186","geometry":{"type":"Point","coordinates":[69.5992362,42.3114221]},"properties":{"city":"shymkent","overture_id":"d4bc394d-e66c-4144-9850-9e882d23f186","overture_version":1,"sources":[{"property":"","dataset":"OpenStreetMap","license":"ODbL-1.0","record_id":"n12158203435@1","update_time":"2024-09-05T17:42:04Z","confidence":null,"between":null,"provider":"osm","resource":"planet","version":"2026-09-09"}],"k10_inside_bbox":true}},{"type":"Feature","id":"d508099d-1d18-4ef4-9ec5-9e594fee26dd","geometry":{"type":"Point","coordinates":[69.6002543,42.3164431]},"properties":{"city":"shymkent","overture_id":"d508099d-1d18-4ef4-9ec5-9e594fee26dd","overture_version":1,"sources":[{"property":"","dataset":"OpenStreetMap","license":"ODbL-1.0","record_id":"n8069568562@1","update_time":"2020-10-31T19:30:44Z","confidence":null,"between":null,"provider":"osm","resource":"planet","version":"2026-09-09"}],"k10_inside_bbox":true}},{"type":"Feature","id":"d50c0db5-34d0-4248-9b2c-b1b0e0fa15f1","geometry":{"type":"Point","coordinates":[69.6131694,42.3089609]},"properties":{"city":"shymkent","overture_id":"d50c0db5-34d0-4248-9b2c-b1b0e0fa15f1","overture_version":1,"sources":[{"property":"","dataset":"OpenStreetMap","license":"ODbL-1.0","record_id":"n5492613571@1","update_time":"2018-03-21T04:39:55Z","confidence":null,"between":null,"provider":"osm","resource":"planet","version":"2026-09-09"}],"k10_inside_bbox":true}},{"type":"Feature","id":"d5175ba9-d455-4c56-9196-a714b4c645da","geometry":{"type":"Point","coordinates":[69.6063907,42.3180839]},"properties":{"city":"shymkent","overture_id":"d5175ba9-d455-4c56-9196-a714b4c645da","overture_version":1,"sources":[{"property":"","dataset":"OpenStreetMap","license":"ODbL-1.0","record_id":"n10755284706@1","update_time":"2023-03-23T06:02:04Z","confidence":null,"between":null,"provider":"osm","resource":"planet","version":"2026-09-09"}],"k10_inside_bbox":true}},{"type":"Feature","id":"d5a3ea63-c49f-4b83-8b30-2715b0e95735","geometry":{"type":"Point","coordinates":[69.6152641,42.3116645]},"properties":{"city":"shymkent","overture_id":"d5a3ea63-c49f-4b83-8b30-2715b0e95735","overture_version":1,"sources":[{"property":"","dataset":"OpenStreetMap","license":"ODbL-1.0","record_id":"n4336501392@3","update_time":"2023-07-12T10:14:11Z","confidence":null,"between":null,"provider":"osm","resource":"planet","version":"2026-09-09"}],"k10_inside_bbox":true}},{"type":"Feature","id":"d5abb4da-f07a-4d21-9145-004fa0b69d72","geometry":{"type":"Point","coordinates":[69.5978008,42.3122413]},"properties":{"city":"shymkent","overture_id":"d5abb4da-f07a-4d21-9145-004fa0b69d72","overture_version":1,"sources":[{"property":"","dataset":"OpenStreetMap","license":"ODbL-1.0","record_id":"n1330353668@1","update_time":"2011-06-19T03:05:24Z","confidence":null,"between":null,"provider":"osm","resource":"planet","version":"2026-09-09"}],"k10_inside_bbox":true}},{"type":"Feature","id":"d5c8ffa1-6c2f-48d2-89c6-46e94271e1d9","geometry":{"type":"Point","coordinates":[69.6001824,42.3093657]},"properties":{"city":"shymkent","overture_id":"d5c8ffa1-6c2f-48d2-89c6-46e94271e1d9","overture_version":2,"sources":[{"property":"","dataset":"OpenStreetMap","license":"ODbL-1.0","record_id":"n1782933839@3","update_time":"2023-07-12T10:14:11Z","confidence":null,"between":null,"provider":"osm","resource":"planet","version":"2026-09-09"}],"k10_inside_bbox":true}},{"type":"Feature","id":"d5ef9800-746b-4e42-80e9-9395ff043c21","geometry":{"type":"Point","coordinates":[69.6067208,42.3157656]},"properties":{"city":"shymkent","overture_id":"d5ef9800-746b-4e42-80e9-9395ff043c21","overture_version":1,"sources":[{"property":"","dataset":"OpenStreetMap","license":"ODbL-1.0","record_id":"n8451626937@1","update_time":"2021-02-24T03:35:55Z","confidence":null,"between":null,"provider":"osm","resource":"planet","version":"2026-09-09"}],"k10_inside_bbox":true}},{"type":"Feature","id":"d626b47b-f88a-482f-8e0a-7179b9eba086","geometry":{"type":"Point","coordinates":[69.5982716,42.3091587]},"properties":{"city":"shymkent","overture_id":"d626b47b-f88a-482f-8e0a-7179b9eba086","overture_version":1,"sources":[{"property":"","dataset":"OpenStreetMap","license":"ODbL-1.0","record_id":"n13852387758@1","update_time":"2026-05-20T11:46:55Z","confidence":null,"between":null,"provider":"osm","resource":"planet","version":"2026-09-09"}],"k10_inside_bbox":true}},{"type":"Feature","id":"d639bb19-1968-4282-848a-ca465cf3a251","geometry":{"type":"Point","coordinates":[69.5944145,42.311737]},"properties":{"city":"shymkent","overture_id":"d639bb19-1968-4282-848a-ca465cf3a251","overture_version":1,"sources":[{"property":"","dataset":"OpenStreetMap","license":"ODbL-1.0","record_id":"n12214818601@1","update_time":"2024-10-01T19:04:21Z","confidence":null,"between":null,"provider":"osm","resource":"planet","version":"2026-09-09"}],"k10_inside_bbox":true}},{"type":"Feature","id":"d63e7ab4-5f07-4a75-a81d-3419c411ba5c","geometry":{"type":"Point","coordinates":[69.6093739,42.3063428]},"properties":{"city":"shymkent","overture_id":"d63e7ab4-5f07-4a75-a81d-3419c411ba5c","overture_version":1,"sources":[{"property":"","dataset":"OpenStreetMap","license":"ODbL-1.0","record_id":"n11384193536@1","update_time":"2023-11-29T17:35:01Z","confidence":null,"between":null,"provider":"osm","resource":"planet","version":"2026-09-09"}],"k10_inside_bbox":false}},{"type":"Feature","id":"d646d829-bcc6-43b2-b6c3-b323284259f0","geometry":{"type":"Point","coordinates":[69.5979272,42.3218144]},"properties":{"city":"shymkent","overture_id":"d646d829-bcc6-43b2-b6c3-b323284259f0","overture_version":1,"sources":[{"property":"","dataset":"OpenStreetMap","license":"ODbL-1.0","record_id":"n4346751992@1","update_time":"2016-08-12T03:59:58Z","confidence":null,"between":null,"provider":"osm","resource":"planet","version":"2026-09-09"}],"k10_inside_bbox":true}},{"type":"Feature","id":"d64f61ce-8990-482b-a503-2128f9a60655","geometry":{"type":"Point","coordinates":[69.6049217,42.3129118]},"properties":{"city":"shymkent","overture_id":"d64f61ce-8990-482b-a503-2128f9a60655","overture_version":1,"sources":[{"property":"","dataset":"OpenStreetMap","license":"ODbL-1.0","record_id":"n1326354800@2","update_time":"2011-09-06T11:47:55Z","confidence":null,"between":null,"provider":"osm","resource":"planet","version":"2026-09-09"}],"k10_inside_bbox":true}},{"type":"Feature","id":"d670a3c6-e4f0-4413-bf92-6fce701652b3","geometry":{"type":"Point","coordinates":[69.5938816,42.3214048]},"properties":{"city":"shymkent","overture_id":"d670a3c6-e4f0-4413-bf92-6fce701652b3","overture_version":1,"sources":[{"property":"","dataset":"OpenStreetMap","license":"ODbL-1.0","record_id":"n10731921337@1","update_time":"2023-03-13T03:38:15Z","confidence":null,"between":null,"provider":"osm","resource":"planet","version":"2026-09-09"}],"k10_inside_bbox":true}},{"type":"Feature","id":"d670aae3-eab8-445e-9445-39e6aa9ee045","geometry":{"type":"Point","coordinates":[69.6006966,42.3174435]},"properties":{"city":"shymkent","overture_id":"d670aae3-eab8-445e-9445-39e6aa9ee045","overture_version":1,"sources":[{"property":"","dataset":"OpenStreetMap","license":"ODbL-1.0","record_id":"n8069579698@1","update_time":"2020-10-31T19:30:44Z","confidence":null,"between":null,"provider":"osm","resource":"planet","version":"2026-09-09"}],"k10_inside_bbox":true}},{"type":"Feature","id":"d674fcef-c99d-41bb-ab79-530f5cd7326c","geometry":{"type":"Point","coordinates":[69.5968621,42.3190046]},"properties":{"city":"shymkent","overture_id":"d674fcef-c99d-41bb-ab79-530f5cd7326c","overture_version":1,"sources":[{"property":"","dataset":"OpenStreetMap","license":"ODbL-1.0","record_id":"n4496468994@1","update_time":"2016-11-12T09:54:18Z","confidence":null,"between":null,"provider":"osm","resource":"planet","version":"2026-09-09"}],"k10_inside_bbox":true}},{"type":"Feature","id":"d69e2d35-1aa1-448b-ab84-d4d268dd3695","geometry":{"type":"Point","coordinates":[69.6065203,42.3165343]},"properties":{"city":"shymkent","overture_id":"d69e2d35-1aa1-448b-ab84-d4d268dd3695","overture_version":1,"sources":[{"property":"","dataset":"OpenStreetMap","license":"ODbL-1.0","record_id":"n11375783525@1","update_time":"2023-11-25T18:49:10Z","confidence":null,"between":null,"provider":"osm","resource":"planet","version":"2026-09-09"}],"k10_inside_bbox":true}},{"type":"Feature","id":"d6b1691d-8af2-41f2-98bc-4dc2f957c929","geometry":{"type":"Point","coordinates":[69.6152496,42.3115492]},"properties":{"city":"shymkent","overture_id":"d6b1691d-8af2-41f2-98bc-4dc2f957c929","overture_version":1,"sources":[{"property":"","dataset":"OpenStreetMap","license":"ODbL-1.0","record_id":"n4336501393@3","update_time":"2018-12-03T18:29:45Z","confidence":null,"between":null,"provider":"osm","resource":"planet","version":"2026-09-09"}],"k10_inside_bbox":true}},{"type":"Feature","id":"d6c77be7-3e0b-43bc-ba44-372c0cefc68b","geometry":{"type":"Point","coordinates":[69.590148,42.3228696]},"properties":{"city":"shymkent","overture_id":"d6c77be7-3e0b-43bc-ba44-372c0cefc68b","overture_version":1,"sources":[{"property":"","dataset":"OpenStreetMap","license":"ODbL-1.0","record_id":"n4336568570@1","update_time":"2016-08-05T06:55:43Z","confidence":null,"between":null,"provider":"osm","resource":"planet","version":"2026-09-09"}],"k10_inside_bbox":false}},{"type":"Feature","id":"d6dfecdd-d3a2-4c9d-8902-3d9ea14bae9d","geometry":{"type":"Point","coordinates":[69.5965399,42.316617]},"properties":{"city":"shymkent","overture_id":"d6dfecdd-d3a2-4c9d-8902-3d9ea14bae9d","overture_version":1,"sources":[{"property":"","dataset":"OpenStreetMap","license":"ODbL-1.0","record_id":"n8242269588@2","update_time":"2025-06-26T03:49:04Z","confidence":null,"between":null,"provider":"osm","resource":"planet","version":"2026-09-09"}],"k10_inside_bbox":true}},{"type":"Feature","id":"d7054e06-397b-405a-b854-5c326172a699","geometry":{"type":"Point","coordinates":[69.5930657,42.3194576]},"properties":{"city":"shymkent","overture_id":"d7054e06-397b-405a-b854-5c326172a699","overture_version":1,"sources":[{"property":"","dataset":"OpenStreetMap","license":"ODbL-1.0","record_id":"n1434183774@9","update_time":"2022-11-13T13:04:30Z","confidence":null,"between":null,"provider":"osm","resource":"planet","version":"2026-09-09"}],"k10_inside_bbox":false}},{"type":"Feature","id":"d7271b29-2936-4871-a677-be179f0f1828","geometry":{"type":"Point","coordinates":[69.615413,42.3221226]},"properties":{"city":"shymkent","overture_id":"d7271b29-2936-4871-a677-be179f0f1828","overture_version":1,"sources":[{"property":"","dataset":"OpenStreetMap","license":"ODbL-1.0","record_id":"n5401348263@1","update_time":"2018-02-09T14:58:08Z","confidence":null,"between":null,"provider":"osm","resource":"planet","version":"2026-09-09"}],"k10_inside_bbox":true}},{"type":"Feature","id":"d74afb08-244a-45f6-b336-f217d1cd9aac","geometry":{"type":"Point","coordinates":[69.6078207,42.3145698]},"properties":{"city":"shymkent","overture_id":"d74afb08-244a-45f6-b336-f217d1cd9aac","overture_version":1,"sources":[{"property":"","dataset":"OpenStreetMap","license":"ODbL-1.0","record_id":"n11384193187@1","update_time":"2023-11-29T17:35:01Z","confidence":null,"between":null,"provider":"osm","resource":"planet","version":"2026-09-09"}],"k10_inside_bbox":true}},{"type":"Feature","id":"d74ccca5-535c-45f6-ae83-de76ce42bbe2","geometry":{"type":"Point","coordinates":[69.6000171,42.3157639]},"properties":{"city":"shymkent","overture_id":"d74ccca5-535c-45f6-ae83-de76ce42bbe2","overture_version":1,"sources":[{"property":"","dataset":"OpenStreetMap","license":"ODbL-1.0","record_id":"n8069568539@1","update_time":"2020-10-31T19:30:44Z","confidence":null,"between":null,"provider":"osm","resource":"planet","version":"2026-09-09"}],"k10_inside_bbox":true}},{"type":"Feature","id":"d7636326-be22-4b35-b6fc-a848309924ce","geometry":{"type":"Point","coordinates":[69.5985496,42.3151935]},"properties":{"city":"shymkent","overture_id":"d7636326-be22-4b35-b6fc-a848309924ce","overture_version":1,"sources":[{"property":"","dataset":"OpenStreetMap","license":"ODbL-1.0","record_id":"n8069568503@2","update_time":"2022-01-20T04:21:50Z","confidence":null,"between":null,"provider":"osm","resource":"planet","version":"2026-09-09"}],"k10_inside_bbox":true}},{"type":"Feature","id":"d76a8608-5b9b-4db7-82c4-3ecc3e5f6ebd","geometry":{"type":"Point","coordinates":[69.5964146,42.3108468]},"properties":{"city":"shymkent","overture_id":"d76a8608-5b9b-4db7-82c4-3ecc3e5f6ebd","overture_version":1,"sources":[{"property":"","dataset":"OpenStreetMap","license":"ODbL-1.0","record_id":"n5402890370@1","update_time":"2018-02-10T05:19:18Z","confidence":null,"between":null,"provider":"osm","resource":"planet","version":"2026-09-09"}],"k10_inside_bbox":true}},{"type":"Feature","id":"d7f4aebc-73f0-43e5-ba76-57c7802d5bee","geometry":{"type":"Point","coordinates":[69.5952541,42.32034]},"properties":{"city":"shymkent","overture_id":"d7f4aebc-73f0-43e5-ba76-57c7802d5bee","overture_version":1,"sources":[{"property":"","dataset":"OpenStreetMap","license":"ODbL-1.0","record_id":"n1343040703@1","update_time":"2011-06-29T09:36:43Z","confidence":null,"between":null,"provider":"osm","resource":"planet","version":"2026-09-09"}],"k10_inside_bbox":true}},{"type":"Feature","id":"d8070a5c-d7f2-4f41-8663-cc90dc37607a","geometry":{"type":"Point","coordinates":[69.5967595,42.3184418]},"properties":{"city":"shymkent","overture_id":"d8070a5c-d7f2-4f41-8663-cc90dc37607a","overture_version":1,"sources":[{"property":"","dataset":"OpenStreetMap","license":"ODbL-1.0","record_id":"n8167870319@1","update_time":"2020-11-26T12:51:50Z","confidence":null,"between":null,"provider":"osm","resource":"planet","version":"2026-09-09"}],"k10_inside_bbox":true}},{"type":"Feature","id":"d80cb1f6-2d41-4334-8cb9-bd5866777d40","geometry":{"type":"Point","coordinates":[69.6005214,42.3145841]},"properties":{"city":"shymkent","overture_id":"d80cb1f6-2d41-4334-8cb9-bd5866777d40","overture_version":1,"sources":[{"property":"","dataset":"OpenStreetMap","license":"ODbL-1.0","record_id":"n13083815839@1","update_time":"2025-08-20T06:31:37Z","confidence":null,"between":null,"provider":"osm","resource":"planet","version":"2026-09-09"}],"k10_inside_bbox":true}},{"type":"Feature","id":"d837762e-8fcd-4549-9f04-d4d97b119b68","geometry":{"type":"Point","coordinates":[69.6002739,42.3272353]},"properties":{"city":"shymkent","overture_id":"d837762e-8fcd-4549-9f04-d4d97b119b68","overture_version":1,"sources":[{"property":"","dataset":"OpenStreetMap","license":"ODbL-1.0","record_id":"n1240735785@3","update_time":"2011-09-12T12:02:28Z","confidence":null,"between":null,"provider":"osm","resource":"planet","version":"2026-09-09"}],"k10_inside_bbox":false}},{"type":"Feature","id":"d8978d9d-b9b5-4a81-bcae-56667c0afbb6","geometry":{"type":"Point","coordinates":[69.6031228,42.317513]},"properties":{"city":"shymkent","overture_id":"d8978d9d-b9b5-4a81-bcae-56667c0afbb6","overture_version":1,"sources":[{"property":"","dataset":"OpenStreetMap","license":"ODbL-1.0","record_id":"n13083815841@1","update_time":"2025-08-20T06:31:37Z","confidence":null,"between":null,"provider":"osm","resource":"planet","version":"2026-09-09"}],"k10_inside_bbox":true}},{"type":"Feature","id":"d8a92868-3558-4ffe-b2dd-2ae271feb20c","geometry":{"type":"Point","coordinates":[69.5931539,42.3194364]},"properties":{"city":"shymkent","overture_id":"d8a92868-3558-4ffe-b2dd-2ae271feb20c","overture_version":1,"sources":[{"property":"","dataset":"OpenStreetMap","license":"ODbL-1.0","record_id":"n11943868727@1","update_time":"2024-05-30T03:46:23Z","confidence":null,"between":null,"provider":"osm","resource":"planet","version":"2026-09-09"}],"k10_inside_bbox":false}},{"type":"Feature","id":"d8b5352c-b720-4a5e-82cd-a135817c7bc5","geometry":{"type":"Point","coordinates":[69.6087795,42.3118505]},"properties":{"city":"shymkent","overture_id":"d8b5352c-b720-4a5e-82cd-a135817c7bc5","overture_version":1,"sources":[{"property":"","dataset":"OpenStreetMap","license":"ODbL-1.0","record_id":"n11384193258@1","update_time":"2023-11-29T17:35:01Z","confidence":null,"between":null,"provider":"osm","resource":"planet","version":"2026-09-09"}],"k10_inside_bbox":true}},{"type":"Feature","id":"d8c3f7ce-23e1-4cf0-94b8-e262467b7c12","geometry":{"type":"Point","coordinates":[69.6117385,42.3192507]},"properties":{"city":"shymkent","overture_id":"d8c3f7ce-23e1-4cf0-94b8-e262467b7c12","overture_version":1,"sources":[{"property":"","dataset":"OpenStreetMap","license":"ODbL-1.0","record_id":"n1321200437@2","update_time":"2011-06-17T03:20:26Z","confidence":null,"between":null,"provider":"osm","resource":"planet","version":"2026-09-09"}],"k10_inside_bbox":true}},{"type":"Feature","id":"d8e2eb2e-0efd-4547-9787-47a937726a39","geometry":{"type":"Point","coordinates":[69.6043403,42.3133005]},"properties":{"city":"shymkent","overture_id":"d8e2eb2e-0efd-4547-9787-47a937726a39","overture_version":1,"sources":[{"property":"","dataset":"OpenStreetMap","license":"ODbL-1.0","record_id":"n1326355556@1","update_time":"2011-06-15T12:36:57Z","confidence":null,"between":null,"provider":"osm","resource":"planet","version":"2026-09-09"}],"k10_inside_bbox":true}},{"type":"Feature","id":"d8f0ecdc-2ea4-4039-90d9-657f7b601411","geometry":{"type":"Point","coordinates":[69.5944016,42.317488]},"properties":{"city":"shymkent","overture_id":"d8f0ecdc-2ea4-4039-90d9-657f7b601411","overture_version":2,"sources":[{"property":"","dataset":"OpenStreetMap","license":"ODbL-1.0","record_id":"n4346751778@3","update_time":"2025-06-29T06:12:14Z","confidence":null,"between":null,"provider":"osm","resource":"planet","version":"2026-09-09"}],"k10_inside_bbox":true}},{"type":"Feature","id":"d90951c9-585c-452c-bff8-2efacfdb4750","geometry":{"type":"Point","coordinates":[69.6051107,42.3078239]},"properties":{"city":"shymkent","overture_id":"d90951c9-585c-452c-bff8-2efacfdb4750","overture_version":1,"sources":[{"property":"","dataset":"OpenStreetMap","license":"ODbL-1.0","record_id":"n11384193310@1","update_time":"2023-11-29T17:35:01Z","confidence":null,"between":null,"provider":"osm","resource":"planet","version":"2026-09-09"}],"k10_inside_bbox":true}},{"type":"Feature","id":"d92e8297-5204-4247-8030-e497dd2c0a32","geometry":{"type":"Point","coordinates":[69.5940792,42.3204316]},"properties":{"city":"shymkent","overture_id":"d92e8297-5204-4247-8030-e497dd2c0a32","overture_version":1,"sources":[{"property":"","dataset":"OpenStreetMap","license":"ODbL-1.0","record_id":"n13849460721@1","update_time":"2026-05-19T13:56:14Z","confidence":null,"between":null,"provider":"osm","resource":"planet","version":"2026-09-09"}],"k10_inside_bbox":true}},{"type":"Feature","id":"d93709c9-de8a-4b1a-ade0-d863c127ac5a","geometry":{"type":"Point","coordinates":[69.6067419,42.3189636]},"properties":{"city":"shymkent","overture_id":"d93709c9-de8a-4b1a-ade0-d863c127ac5a","overture_version":1,"sources":[{"property":"","dataset":"OpenStreetMap","license":"ODbL-1.0","record_id":"n1240512323@1","update_time":"2011-04-11T05:25:28Z","confidence":null,"between":null,"provider":"osm","resource":"planet","version":"2026-09-09"}],"k10_inside_bbox":true}},{"type":"Feature","id":"d9373781-bd30-47bc-8ec7-8c207fc2a0f1","geometry":{"type":"Point","coordinates":[69.5938527,42.3229379]},"properties":{"city":"shymkent","overture_id":"d9373781-bd30-47bc-8ec7-8c207fc2a0f1","overture_version":1,"sources":[{"property":"","dataset":"OpenStreetMap","license":"ODbL-1.0","record_id":"n8239565092@1","update_time":"2020-12-18T07:27:19Z","confidence":null,"between":null,"provider":"osm","resource":"planet","version":"2026-09-09"}],"k10_inside_bbox":true}},{"type":"Feature","id":"d98b1cac-1c57-4a66-8ae6-39837cd7cce7","geometry":{"type":"Point","coordinates":[69.5990375,42.3069646]},"properties":{"city":"shymkent","overture_id":"d98b1cac-1c57-4a66-8ae6-39837cd7cce7","overture_version":1,"sources":[{"property":"","dataset":"OpenStreetMap","license":"ODbL-1.0","record_id":"n12828303705@1","update_time":"2025-05-11T12:15:36Z","confidence":null,"between":null,"provider":"osm","resource":"planet","version":"2026-09-09"}],"k10_inside_bbox":true}},{"type":"Feature","id":"d9defec2-e013-432c-93de-4adfa178abcc","geometry":{"type":"Point","coordinates":[69.6021197,42.3253524]},"properties":{"city":"shymkent","overture_id":"d9defec2-e013-432c-93de-4adfa178abcc","overture_version":1,"sources":[{"property":"","dataset":"OpenStreetMap","license":"ODbL-1.0","record_id":"n3754421864@1","update_time":"2015-09-22T12:03:02Z","confidence":null,"between":null,"provider":"osm","resource":"planet","version":"2026-09-09"}],"k10_inside_bbox":false}},{"type":"Feature","id":"daefe0a1-8712-44bb-92c5-80f7149c8869","geometry":{"type":"Point","coordinates":[69.5983341,42.3099492]},"properties":{"city":"shymkent","overture_id":"daefe0a1-8712-44bb-92c5-80f7149c8869","overture_version":1,"sources":[{"property":"","dataset":"OpenStreetMap","license":"ODbL-1.0","record_id":"n13272759431@1","update_time":"2025-10-31T17:50:55Z","confidence":null,"between":null,"provider":"osm","resource":"planet","version":"2026-09-09"}],"k10_inside_bbox":true}},{"type":"Feature","id":"db2d88b6-8af4-4e45-b03a-0296fb3857cf","geometry":{"type":"Point","coordinates":[69.5962877,42.3232647]},"properties":{"city":"shymkent","overture_id":"db2d88b6-8af4-4e45-b03a-0296fb3857cf","overture_version":1,"sources":[{"property":"","dataset":"OpenStreetMap","license":"ODbL-1.0","record_id":"n4336568566@3","update_time":"2022-03-08T05:27:16Z","confidence":null,"between":null,"provider":"osm","resource":"planet","version":"2026-09-09"}],"k10_inside_bbox":true}},{"type":"Feature","id":"db2f4cb7-22ae-48a4-95dc-23d70d10c192","geometry":{"type":"Point","coordinates":[69.5989098,42.3118516]},"properties":{"city":"shymkent","overture_id":"db2f4cb7-22ae-48a4-95dc-23d70d10c192","overture_version":1,"sources":[{"property":"","dataset":"OpenStreetMap","license":"ODbL-1.0","record_id":"n1330353685@2","update_time":"2011-09-12T12:02:43Z","confidence":null,"between":null,"provider":"osm","resource":"planet","version":"2026-09-09"}],"k10_inside_bbox":true}},{"type":"Feature","id":"db46914e-ea9e-4f33-9b9f-c2c4628750de","geometry":{"type":"Point","coordinates":[69.6000045,42.3144915]},"properties":{"city":"shymkent","overture_id":"db46914e-ea9e-4f33-9b9f-c2c4628750de","overture_version":1,"sources":[{"property":"","dataset":"OpenStreetMap","license":"ODbL-1.0","record_id":"n12804572546@1","update_time":"2025-05-02T17:34:26Z","confidence":null,"between":null,"provider":"osm","resource":"planet","version":"2026-09-09"}],"k10_inside_bbox":true}},{"type":"Feature","id":"db75c69d-b709-44ed-bdab-af88b63a8d5d","geometry":{"type":"Point","coordinates":[69.6016999,42.3064123]},"properties":{"city":"shymkent","overture_id":"db75c69d-b709-44ed-bdab-af88b63a8d5d","overture_version":1,"sources":[{"property":"","dataset":"OpenStreetMap","license":"ODbL-1.0","record_id":"n12828332645@1","update_time":"2025-05-11T12:33:52Z","confidence":null,"between":null,"provider":"osm","resource":"planet","version":"2026-09-09"}],"k10_inside_bbox":false}},{"type":"Feature","id":"dbf856d7-b187-42e6-b3c7-1e7daffd0707","geometry":{"type":"Point","coordinates":[69.6045181,42.312997]},"properties":{"city":"shymkent","overture_id":"dbf856d7-b187-42e6-b3c7-1e7daffd0707","overture_version":1,"sources":[{"property":"","dataset":"OpenStreetMap","license":"ODbL-1.0","record_id":"n1326355698@1","update_time":"2011-06-15T12:37:05Z","confidence":null,"between":null,"provider":"osm","resource":"planet","version":"2026-09-09"}],"k10_inside_bbox":true}},{"type":"Feature","id":"dc235710-af05-4663-9723-5983580de02c","geometry":{"type":"Point","coordinates":[69.5954983,42.3154648]},"properties":{"city":"shymkent","overture_id":"dc235710-af05-4663-9723-5983580de02c","overture_version":1,"sources":[{"property":"","dataset":"OpenStreetMap","license":"ODbL-1.0","record_id":"n11922759471@1","update_time":"2024-05-21T16:37:21Z","confidence":null,"between":null,"provider":"osm","resource":"planet","version":"2026-09-09"}],"k10_inside_bbox":true}},{"type":"Feature","id":"dc2beb74-5e55-4e3d-892d-2210082dfeb7","geometry":{"type":"Point","coordinates":[69.6088493,42.3192841]},"properties":{"city":"shymkent","overture_id":"dc2beb74-5e55-4e3d-892d-2210082dfeb7","overture_version":1,"sources":[{"property":"","dataset":"OpenStreetMap","license":"ODbL-1.0","record_id":"n11375783482@1","update_time":"2023-11-25T18:49:10Z","confidence":null,"between":null,"provider":"osm","resource":"planet","version":"2026-09-09"}],"k10_inside_bbox":true}},{"type":"Feature","id":"dc2c2cbc-1335-4b1a-ad27-d3e4f4e694b8","geometry":{"type":"Point","coordinates":[69.5966124,42.3190584]},"properties":{"city":"shymkent","overture_id":"dc2c2cbc-1335-4b1a-ad27-d3e4f4e694b8","overture_version":1,"sources":[{"property":"","dataset":"OpenStreetMap","license":"ODbL-1.0","record_id":"n4496468995@1","update_time":"2016-11-12T09:54:18Z","confidence":null,"between":null,"provider":"osm","resource":"planet","version":"2026-09-09"}],"k10_inside_bbox":true}},{"type":"Feature","id":"dc4bf1ea-50a6-4109-8dc3-f523b426dbec","geometry":{"type":"Point","coordinates":[69.6022482,42.3150569]},"properties":{"city":"shymkent","overture_id":"dc4bf1ea-50a6-4109-8dc3-f523b426dbec","overture_version":1,"sources":[{"property":"","dataset":"OpenStreetMap","license":"ODbL-1.0","record_id":"n13083798460@1","update_time":"2025-08-20T06:36:15Z","confidence":null,"between":null,"provider":"osm","resource":"planet","version":"2026-09-09"}],"k10_inside_bbox":true}},{"type":"Feature","id":"dc5f97ad-b731-4a2c-89af-562aa72fc917","geometry":{"type":"Point","coordinates":[69.5954116,42.318681]},"properties":{"city":"shymkent","overture_id":"dc5f97ad-b731-4a2c-89af-562aa72fc917","overture_version":1,"sources":[{"property":"","dataset":"OpenStreetMap","license":"ODbL-1.0","record_id":"n1433192020@3","update_time":"2011-10-02T10:22:43Z","confidence":null,"between":null,"provider":"osm","resource":"planet","version":"2026-09-09"}],"k10_inside_bbox":true}},{"type":"Feature","id":"dc6f140b-15b1-412d-b767-14f8b6b1e539","geometry":{"type":"Point","coordinates":[69.5965045,42.3273853]},"properties":{"city":"shymkent","overture_id":"dc6f140b-15b1-412d-b767-14f8b6b1e539","overture_version":1,"sources":[{"property":"","dataset":"OpenStreetMap","license":"ODbL-1.0","record_id":"n11929130964@1","update_time":"2024-05-23T18:00:15Z","confidence":null,"between":null,"provider":"osm","resource":"planet","version":"2026-09-09"}],"k10_inside_bbox":false}},{"type":"Feature","id":"dc70dadb-c41a-465f-b29b-692be03d42ff","geometry":{"type":"Point","coordinates":[69.6090929,42.3155367]},"properties":{"city":"shymkent","overture_id":"dc70dadb-c41a-465f-b29b-692be03d42ff","overture_version":1,"sources":[{"property":"","dataset":"OpenStreetMap","license":"ODbL-1.0","record_id":"n11384193194@1","update_time":"2023-11-29T17:35:01Z","confidence":null,"between":null,"provider":"osm","resource":"planet","version":"2026-09-09"}],"k10_inside_bbox":true}},{"type":"Feature","id":"dc8d7d54-74ad-4e95-ae0e-d59b64f5ac4a","geometry":{"type":"Point","coordinates":[69.5966428,42.3184691]},"properties":{"city":"shymkent","overture_id":"dc8d7d54-74ad-4e95-ae0e-d59b64f5ac4a","overture_version":1,"sources":[{"property":"","dataset":"OpenStreetMap","license":"ODbL-1.0","record_id":"n8167870328@5","update_time":"2024-04-25T18:42:23Z","confidence":null,"between":null,"provider":"osm","resource":"planet","version":"2026-09-09"}],"k10_inside_bbox":true}},{"type":"Feature","id":"dc8dd9ce-429a-4d3a-923d-68a248167843","geometry":{"type":"Point","coordinates":[69.5970829,42.3185126]},"properties":{"city":"shymkent","overture_id":"dc8dd9ce-429a-4d3a-923d-68a248167843","overture_version":1,"sources":[{"property":"","dataset":"OpenStreetMap","license":"ODbL-1.0","record_id":"n1434183767@6","update_time":"2024-04-25T18:42:21Z","confidence":null,"between":null,"provider":"osm","resource":"planet","version":"2026-09-09"}],"k10_inside_bbox":true}},{"type":"Feature","id":"dcc56a26-e6c0-484f-bab4-b20f83236abb","geometry":{"type":"Point","coordinates":[69.6047562,42.3154762]},"properties":{"city":"shymkent","overture_id":"dcc56a26-e6c0-484f-bab4-b20f83236abb","overture_version":1,"sources":[{"property":"","dataset":"OpenStreetMap","license":"ODbL-1.0","record_id":"n11384193439@1","update_time":"2023-11-29T17:35:01Z","confidence":null,"between":null,"provider":"osm","resource":"planet","version":"2026-09-09"}],"k10_inside_bbox":true}},{"type":"Feature","id":"dccffe98-666a-4b4f-ad92-0e45effe6245","geometry":{"type":"Point","coordinates":[69.5998736,42.3145285]},"properties":{"city":"shymkent","overture_id":"dccffe98-666a-4b4f-ad92-0e45effe6245","overture_version":1,"sources":[{"property":"","dataset":"OpenStreetMap","license":"ODbL-1.0","record_id":"n12804572545@1","update_time":"2025-05-02T17:34:26Z","confidence":null,"between":null,"provider":"osm","resource":"planet","version":"2026-09-09"}],"k10_inside_bbox":true}},{"type":"Feature","id":"dcf5192a-4ea3-40ac-91d4-7885920928c6","geometry":{"type":"Point","coordinates":[69.6053117,42.3059447]},"properties":{"city":"shymkent","overture_id":"dcf5192a-4ea3-40ac-91d4-7885920928c6","overture_version":2,"sources":[{"property":"","dataset":"OpenStreetMap","license":"ODbL-1.0","record_id":"n10277160276@2","update_time":"2025-07-01T10:47:55Z","confidence":null,"between":null,"provider":"osm","resource":"planet","version":"2026-09-09"}],"k10_inside_bbox":false}},{"type":"Feature","id":"dd0d7cdf-0078-49b3-b15f-7c024b1e9c17","geometry":{"type":"Point","coordinates":[69.5968232,42.3207504]},"properties":{"city":"shymkent","overture_id":"dd0d7cdf-0078-49b3-b15f-7c024b1e9c17","overture_version":1,"sources":[{"property":"","dataset":"OpenStreetMap","license":"ODbL-1.0","record_id":"n10731921353@1","update_time":"2023-03-13T03:38:15Z","confidence":null,"between":null,"provider":"osm","resource":"planet","version":"2026-09-09"}],"k10_inside_bbox":true}},{"type":"Feature","id":"dd1409e9-a76e-48db-9192-02d13682c6f9","geometry":{"type":"Point","coordinates":[69.6121012,42.3144392]},"properties":{"city":"shymkent","overture_id":"dd1409e9-a76e-48db-9192-02d13682c6f9","overture_version":1,"sources":[{"property":"","dataset":"OpenStreetMap","license":"ODbL-1.0","record_id":"n11384193398@1","update_time":"2023-11-29T17:35:01Z","confidence":null,"between":null,"provider":"osm","resource":"planet","version":"2026-09-09"}],"k10_inside_bbox":true}},{"type":"Feature","id":"dd3451b6-4252-4a42-9238-bdbb64dc5160","geometry":{"type":"Point","coordinates":[69.6031555,42.3162643]},"properties":{"city":"shymkent","overture_id":"dd3451b6-4252-4a42-9238-bdbb64dc5160","overture_version":1,"sources":[{"property":"","dataset":"OpenStreetMap","license":"ODbL-1.0","record_id":"n11384193449@3","update_time":"2024-09-06T07:56:17Z","confidence":null,"between":null,"provider":"osm","resource":"planet","version":"2026-09-09"}],"k10_inside_bbox":true}},{"type":"Feature","id":"dddd50df-49ae-4a77-a550-4e75a80e471f","geometry":{"type":"Point","coordinates":[69.6083521,42.3105222]},"properties":{"city":"shymkent","overture_id":"dddd50df-49ae-4a77-a550-4e75a80e471f","overture_version":1,"sources":[{"property":"","dataset":"OpenStreetMap","license":"ODbL-1.0","record_id":"n10142782312@1","update_time":"2022-10-31T12:08:23Z","confidence":null,"between":null,"provider":"osm","resource":"planet","version":"2026-09-09"}],"k10_inside_bbox":true}},{"type":"Feature","id":"ddf0f0d7-33a6-42ee-b1b9-da3ef5d1cfb6","geometry":{"type":"Point","coordinates":[69.6031185,42.3112874]},"properties":{"city":"shymkent","overture_id":"ddf0f0d7-33a6-42ee-b1b9-da3ef5d1cfb6","overture_version":1,"sources":[{"property":"","dataset":"OpenStreetMap","license":"ODbL-1.0","record_id":"n12818487785@1","update_time":"2025-05-08T04:08:13Z","confidence":null,"between":null,"provider":"osm","resource":"planet","version":"2026-09-09"}],"k10_inside_bbox":true}},{"type":"Feature","id":"de0dd2e4-85fe-42b5-b0f7-f88e2ef7c835","geometry":{"type":"Point","coordinates":[69.5933481,42.3199107]},"properties":{"city":"shymkent","overture_id":"de0dd2e4-85fe-42b5-b0f7-f88e2ef7c835","overture_version":1,"sources":[{"property":"","dataset":"OpenStreetMap","license":"ODbL-1.0","record_id":"n11943868728@1","update_time":"2024-05-30T03:46:23Z","confidence":null,"between":null,"provider":"osm","resource":"planet","version":"2026-09-09"}],"k10_inside_bbox":false}},{"type":"Feature","id":"de224eb8-4a31-4431-b1ef-ed71cddffa7b","geometry":{"type":"Point","coordinates":[69.6093739,42.3087812]},"properties":{"city":"shymkent","overture_id":"de224eb8-4a31-4431-b1ef-ed71cddffa7b","overture_version":1,"sources":[{"property":"","dataset":"OpenStreetMap","license":"ODbL-1.0","record_id":"n6190366399@1","update_time":"2019-01-07T17:04:38Z","confidence":null,"between":null,"provider":"osm","resource":"planet","version":"2026-09-09"}],"k10_inside_bbox":true}},{"type":"Feature","id":"de73f7f9-f168-4698-bd9d-6778525a3417","geometry":{"type":"Point","coordinates":[69.6017656,42.3207536]},"properties":{"city":"shymkent","overture_id":"de73f7f9-f168-4698-bd9d-6778525a3417","overture_version":1,"sources":[{"property":"","dataset":"OpenStreetMap","license":"ODbL-1.0","record_id":"n11375783449@1","update_time":"2023-11-25T18:49:10Z","confidence":null,"between":null,"provider":"osm","resource":"planet","version":"2026-09-09"}],"k10_inside_bbox":true}},{"type":"Feature","id":"dead2a14-8af8-4873-8799-6f8cc7bbb848","geometry":{"type":"Point","coordinates":[69.5939687,42.3159256]},"properties":{"city":"shymkent","overture_id":"dead2a14-8af8-4873-8799-6f8cc7bbb848","overture_version":2,"sources":[{"property":"","dataset":"OpenStreetMap","license":"ODbL-1.0","record_id":"n8236715248@2","update_time":"2025-06-25T03:12:57Z","confidence":null,"between":null,"provider":"osm","resource":"planet","version":"2026-09-09"}],"k10_inside_bbox":true}},{"type":"Feature","id":"def31dc1-94a4-4271-ade6-8300491fa0a7","geometry":{"type":"Point","coordinates":[69.6092141,42.306963]},"properties":{"city":"shymkent","overture_id":"def31dc1-94a4-4271-ade6-8300491fa0a7","overture_version":1,"sources":[{"property":"","dataset":"OpenStreetMap","license":"ODbL-1.0","record_id":"n11384193517@1","update_time":"2023-11-29T17:35:01Z","confidence":null,"between":null,"provider":"osm","resource":"planet","version":"2026-09-09"}],"k10_inside_bbox":true}},{"type":"Feature","id":"df119d7d-97cc-46b0-8a59-70a8628379c1","geometry":{"type":"Point","coordinates":[69.6040577,42.3131057]},"properties":{"city":"shymkent","overture_id":"df119d7d-97cc-46b0-8a59-70a8628379c1","overture_version":1,"sources":[{"property":"","dataset":"OpenStreetMap","license":"ODbL-1.0","record_id":"n1326355080@1","update_time":"2011-06-15T12:36:41Z","confidence":null,"between":null,"provider":"osm","resource":"planet","version":"2026-09-09"}],"k10_inside_bbox":true}},{"type":"Feature","id":"df29ba48-fb28-4fc3-b9b6-868ea9557be4","geometry":{"type":"Point","coordinates":[69.6114403,42.315732]},"properties":{"city":"shymkent","overture_id":"df29ba48-fb28-4fc3-b9b6-868ea9557be4","overture_version":1,"sources":[{"property":"","dataset":"OpenStreetMap","license":"ODbL-1.0","record_id":"n11375783543@1","update_time":"2023-11-25T18:49:10Z","confidence":null,"between":null,"provider":"osm","resource":"planet","version":"2026-09-09"}],"k10_inside_bbox":true}},{"type":"Feature","id":"df7adb04-4712-4af6-b9d8-7bec67d36f11","geometry":{"type":"Point","coordinates":[69.6143046,42.317148]},"properties":{"city":"shymkent","overture_id":"df7adb04-4712-4af6-b9d8-7bec67d36f11","overture_version":1,"sources":[{"property":"","dataset":"OpenStreetMap","license":"ODbL-1.0","record_id":"n11375783372@1","update_time":"2023-11-25T18:49:10Z","confidence":null,"between":null,"provider":"osm","resource":"planet","version":"2026-09-09"}],"k10_inside_bbox":true}},{"type":"Feature","id":"df808b1c-3e92-4318-847d-92688a64179b","geometry":{"type":"Point","coordinates":[69.6000141,42.3089187]},"properties":{"city":"shymkent","overture_id":"df808b1c-3e92-4318-847d-92688a64179b","overture_version":3,"sources":[{"property":"","dataset":"OpenStreetMap","license":"ODbL-1.0","record_id":"n1804778789@5","update_time":"2025-11-16T17:33:45Z","confidence":null,"between":null,"provider":"osm","resource":"planet","version":"2026-09-09"}],"k10_inside_bbox":true}},{"type":"Feature","id":"df861883-7815-49f8-8024-783026045f50","geometry":{"type":"Point","coordinates":[69.5939956,42.3109055]},"properties":{"city":"shymkent","overture_id":"df861883-7815-49f8-8024-783026045f50","overture_version":2,"sources":[{"property":"","dataset":"OpenStreetMap","license":"ODbL-1.0","record_id":"n12214776394@3","update_time":"2025-08-06T13:28:05Z","confidence":null,"between":null,"provider":"osm","resource":"planet","version":"2026-09-09"}],"k10_inside_bbox":true}},{"type":"Feature","id":"dfbb30e8-a327-4f14-a124-32402c252f0a","geometry":{"type":"Point","coordinates":[69.5929367,42.3193357]},"properties":{"city":"shymkent","overture_id":"dfbb30e8-a327-4f14-a124-32402c252f0a","overture_version":1,"sources":[{"property":"","dataset":"OpenStreetMap","license":"ODbL-1.0","record_id":"n8167870324@2","update_time":"2022-11-13T13:03:36Z","confidence":null,"between":null,"provider":"osm","resource":"planet","version":"2026-09-09"}],"k10_inside_bbox":false}},{"type":"Feature","id":"dfc42351-0639-4272-ae80-89271969b7b2","geometry":{"type":"Point","coordinates":[69.6078386,42.3159282]},"properties":{"city":"shymkent","overture_id":"dfc42351-0639-4272-ae80-89271969b7b2","overture_version":1,"sources":[{"property":"","dataset":"OpenStreetMap","license":"ODbL-1.0","record_id":"n1240512300@5","update_time":"2024-09-05T07:06:14Z","confidence":null,"between":null,"provider":"osm","resource":"planet","version":"2026-09-09"}],"k10_inside_bbox":true}},{"type":"Feature","id":"dfc4a92f-56af-40a6-8a94-4e3c7b6bcd4e","geometry":{"type":"Point","coordinates":[69.5959754,42.3068087]},"properties":{"city":"shymkent","overture_id":"dfc4a92f-56af-40a6-8a94-4e3c7b6bcd4e","overture_version":1,"sources":[{"property":"","dataset":"OpenStreetMap","license":"ODbL-1.0","record_id":"n11148559458@1","update_time":"2023-08-27T16:41:50Z","confidence":null,"between":null,"provider":"osm","resource":"planet","version":"2026-09-09"}],"k10_inside_bbox":true}},{"type":"Feature","id":"dfec2017-e68e-465f-97c0-9050457ce7e0","geometry":{"type":"Point","coordinates":[69.599634,42.3155254]},"properties":{"city":"shymkent","overture_id":"dfec2017-e68e-465f-97c0-9050457ce7e0","overture_version":2,"sources":[{"property":"","dataset":"OpenStreetMap","license":"ODbL-1.0","record_id":"n8069568525@2","update_time":"2025-06-30T11:21:35Z","confidence":null,"between":null,"provider":"osm","resource":"planet","version":"2026-09-09"}],"k10_inside_bbox":true}},{"type":"Feature","id":"e0092d6f-1e4b-4eb9-9fda-8732926c1e98","geometry":{"type":"Point","coordinates":[69.6056011,42.3070007]},"properties":{"city":"shymkent","overture_id":"e0092d6f-1e4b-4eb9-9fda-8732926c1e98","overture_version":1,"sources":[{"property":"","dataset":"OpenStreetMap","license":"ODbL-1.0","record_id":"n5402890562@1","update_time":"2018-02-10T05:19:20Z","confidence":null,"between":null,"provider":"osm","resource":"planet","version":"2026-09-09"}],"k10_inside_bbox":true}},{"type":"Feature","id":"e023e0f8-16a8-47d0-b9be-8212bf5cc37a","geometry":{"type":"Point","coordinates":[69.6177059,42.3149407]},"properties":{"city":"shymkent","overture_id":"e023e0f8-16a8-47d0-b9be-8212bf5cc37a","overture_version":1,"sources":[{"property":"","dataset":"OpenStreetMap","license":"ODbL-1.0","record_id":"n11375783389@1","update_time":"2023-11-25T18:49:10Z","confidence":null,"between":null,"provider":"osm","resource":"planet","version":"2026-09-09"}],"k10_inside_bbox":false}},{"type":"Feature","id":"e0547b79-bba0-453a-bc4a-074212e2f1e9","geometry":{"type":"Point","coordinates":[69.5951718,42.3127646]},"properties":{"city":"shymkent","overture_id":"e0547b79-bba0-453a-bc4a-074212e2f1e9","overture_version":1,"sources":[{"property":"","dataset":"OpenStreetMap","license":"ODbL-1.0","record_id":"n11922759628@2","update_time":"2024-09-25T01:00:18Z","confidence":null,"between":null,"provider":"osm","resource":"planet","version":"2026-09-09"}],"k10_inside_bbox":true}},{"type":"Feature","id":"e06fb0d0-d9a8-410f-a6b8-6d849bc83327","geometry":{"type":"Point","coordinates":[69.5943784,42.3174313]},"properties":{"city":"shymkent","overture_id":"e06fb0d0-d9a8-410f-a6b8-6d849bc83327","overture_version":2,"sources":[{"property":"","dataset":"OpenStreetMap","license":"ODbL-1.0","record_id":"n12804572528@2","update_time":"2025-06-29T06:12:14Z","confidence":null,"between":null,"provider":"osm","resource":"planet","version":"2026-09-09"}],"k10_inside_bbox":true}},{"type":"Feature","id":"e0734c65-d9b4-4a02-bf3e-ab58a94de57b","geometry":{"type":"Point","coordinates":[69.6047126,42.3066437]},"properties":{"city":"shymkent","overture_id":"e0734c65-d9b4-4a02-bf3e-ab58a94de57b","overture_version":3,"sources":[{"property":"","dataset":"OpenStreetMap","license":"ODbL-1.0","record_id":"n11876393620@2","update_time":"2025-11-17T18:46:06Z","confidence":null,"between":null,"provider":"osm","resource":"planet","version":"2026-09-09"}],"k10_inside_bbox":false}},{"type":"Feature","id":"e083e9a4-d293-4779-b686-70f0d621ccb5","geometry":{"type":"Point","coordinates":[69.6047401,42.3158332]},"properties":{"city":"shymkent","overture_id":"e083e9a4-d293-4779-b686-70f0d621ccb5","overture_version":1,"sources":[{"property":"","dataset":"OpenStreetMap","license":"ODbL-1.0","record_id":"n11384193434@1","update_time":"2023-11-29T17:35:01Z","confidence":null,"between":null,"provider":"osm","resource":"planet","version":"2026-09-09"}],"k10_inside_bbox":true}},{"type":"Feature","id":"e0aac5e2-72dc-430c-a1e5-43f13af4b1a3","geometry":{"type":"Point","coordinates":[69.6114779,42.3095655]},"properties":{"city":"shymkent","overture_id":"e0aac5e2-72dc-430c-a1e5-43f13af4b1a3","overture_version":1,"sources":[{"property":"","dataset":"OpenStreetMap","license":"ODbL-1.0","record_id":"n11384193377@1","update_time":"2023-11-29T17:35:01Z","confidence":null,"between":null,"provider":"osm","resource":"planet","version":"2026-09-09"}],"k10_inside_bbox":true}},{"type":"Feature","id":"e0b9e068-35bb-4b5c-881b-f6f0e697901c","geometry":{"type":"Point","coordinates":[69.6098363,42.3187605]},"properties":{"city":"shymkent","overture_id":"e0b9e068-35bb-4b5c-881b-f6f0e697901c","overture_version":1,"sources":[{"property":"","dataset":"OpenStreetMap","license":"ODbL-1.0","record_id":"n11375783496@1","update_time":"2023-11-25T18:49:10Z","confidence":null,"between":null,"provider":"osm","resource":"planet","version":"2026-09-09"}],"k10_inside_bbox":true}},{"type":"Feature","id":"e0c4c7f4-566a-4be5-8396-89f1cdc2825f","geometry":{"type":"Point","coordinates":[69.6111667,42.3200377]},"properties":{"city":"shymkent","overture_id":"e0c4c7f4-566a-4be5-8396-89f1cdc2825f","overture_version":1,"sources":[{"property":"","dataset":"OpenStreetMap","license":"ODbL-1.0","record_id":"n5401348252@1","update_time":"2018-02-09T14:58:08Z","confidence":null,"between":null,"provider":"osm","resource":"planet","version":"2026-09-09"}],"k10_inside_bbox":true}},{"type":"Feature","id":"e0edba65-39e5-49aa-8a07-a5952d3935c2","geometry":{"type":"Point","coordinates":[69.6007416,42.3066338]},"properties":{"city":"shymkent","overture_id":"e0edba65-39e5-49aa-8a07-a5952d3935c2","overture_version":1,"sources":[{"property":"","dataset":"OpenStreetMap","license":"ODbL-1.0","record_id":"n12828511296@1","update_time":"2025-05-11T13:58:56Z","confidence":null,"between":null,"provider":"osm","resource":"planet","version":"2026-09-09"}],"k10_inside_bbox":false}},{"type":"Feature","id":"e16dab0e-4e03-485a-b394-391509d36a21","geometry":{"type":"Point","coordinates":[69.5952961,42.3183979]},"properties":{"city":"shymkent","overture_id":"e16dab0e-4e03-485a-b394-391509d36a21","overture_version":1,"sources":[{"property":"","dataset":"OpenStreetMap","license":"ODbL-1.0","record_id":"n1327212558@3","update_time":"2011-10-02T10:22:42Z","confidence":null,"between":null,"provider":"osm","resource":"planet","version":"2026-09-09"}],"k10_inside_bbox":true}},{"type":"Feature","id":"e1aa00e8-a8ed-4e89-bb37-4c3b53e7a207","geometry":{"type":"Point","coordinates":[69.6086776,42.3165908]},"properties":{"city":"shymkent","overture_id":"e1aa00e8-a8ed-4e89-bb37-4c3b53e7a207","overture_version":1,"sources":[{"property":"","dataset":"OpenStreetMap","license":"ODbL-1.0","record_id":"n11375783529@1","update_time":"2023-11-25T18:49:10Z","confidence":null,"between":null,"provider":"osm","resource":"planet","version":"2026-09-09"}],"k10_inside_bbox":true}},{"type":"Feature","id":"e1c12ced-9d8c-4fa1-a531-8958efbd8185","geometry":{"type":"Point","coordinates":[69.59482,42.3196436]},"properties":{"city":"shymkent","overture_id":"e1c12ced-9d8c-4fa1-a531-8958efbd8185","overture_version":2,"sources":[{"property":"","dataset":"OpenStreetMap","license":"ODbL-1.0","record_id":"n10731921356@2","update_time":"2025-07-01T10:47:55Z","confidence":null,"between":null,"provider":"osm","resource":"planet","version":"2026-09-09"}],"k10_inside_bbox":true}},{"type":"Feature","id":"e1f8fa8e-0d81-43de-b2b5-d40204f47cc6","geometry":{"type":"Point","coordinates":[69.6035109,42.3072216]},"properties":{"city":"shymkent","overture_id":"e1f8fa8e-0d81-43de-b2b5-d40204f47cc6","overture_version":2,"sources":[{"property":"","dataset":"OpenStreetMap","license":"ODbL-1.0","record_id":"n13311470423@1","update_time":"2025-11-17T18:46:06Z","confidence":null,"between":null,"provider":"osm","resource":"planet","version":"2026-09-09"}],"k10_inside_bbox":true}},{"type":"Feature","id":"e1fc9809-ca29-4b0b-9148-50da15b4c7e4","geometry":{"type":"Point","coordinates":[69.6093079,42.3088242]},"properties":{"city":"shymkent","overture_id":"e1fc9809-ca29-4b0b-9148-50da15b4c7e4","overture_version":1,"sources":[{"property":"","dataset":"OpenStreetMap","license":"ODbL-1.0","record_id":"n10142798746@1","update_time":"2022-10-31T12:08:23Z","confidence":null,"between":null,"provider":"osm","resource":"planet","version":"2026-09-09"}],"k10_inside_bbox":true}},{"type":"Feature","id":"e20640e6-7839-460d-8f69-0807f81f8386","geometry":{"type":"Point","coordinates":[69.6093151,42.3154823]},"properties":{"city":"shymkent","overture_id":"e20640e6-7839-460d-8f69-0807f81f8386","overture_version":1,"sources":[{"property":"","dataset":"OpenStreetMap","license":"ODbL-1.0","record_id":"n11384193196@1","update_time":"2023-11-29T17:35:01Z","confidence":null,"between":null,"provider":"osm","resource":"planet","version":"2026-09-09"}],"k10_inside_bbox":true}},{"type":"Feature","id":"e20d773b-37ec-491d-a6ee-9e0c752424e0","geometry":{"type":"Point","coordinates":[69.5960566,42.3171425]},"properties":{"city":"shymkent","overture_id":"e20d773b-37ec-491d-a6ee-9e0c752424e0","overture_version":1,"sources":[{"property":"","dataset":"OpenStreetMap","license":"ODbL-1.0","record_id":"n12960597100@1","update_time":"2025-06-29T06:12:14Z","confidence":null,"between":null,"provider":"osm","resource":"planet","version":"2026-09-09"}],"k10_inside_bbox":true}},{"type":"Feature","id":"e225a188-3ad1-4520-9fb3-9ea3e6f5f14e","geometry":{"type":"Point","coordinates":[69.6109853,42.3162475]},"properties":{"city":"shymkent","overture_id":"e225a188-3ad1-4520-9fb3-9ea3e6f5f14e","overture_version":1,"sources":[{"property":"","dataset":"OpenStreetMap","license":"ODbL-1.0","record_id":"n1848705566@1","update_time":"2012-08-02T17:18:52Z","confidence":null,"between":null,"provider":"osm","resource":"planet","version":"2026-09-09"}],"k10_inside_bbox":true}},{"type":"Feature","id":"e24e9d77-177b-4489-b116-39ae6ff2c3c9","geometry":{"type":"Point","coordinates":[69.6082479,42.3126886]},"properties":{"city":"shymkent","overture_id":"e24e9d77-177b-4489-b116-39ae6ff2c3c9","overture_version":1,"sources":[{"property":"","dataset":"OpenStreetMap","license":"ODbL-1.0","record_id":"n1425090269@1","update_time":"2011-09-06T11:47:33Z","confidence":null,"between":null,"provider":"osm","resource":"planet","version":"2026-09-09"}],"k10_inside_bbox":true}},{"type":"Feature","id":"e24ed71c-117b-417d-91e2-f50c66045f28","geometry":{"type":"Point","coordinates":[69.5895872,42.3230057]},"properties":{"city":"shymkent","overture_id":"e24ed71c-117b-417d-91e2-f50c66045f28","overture_version":1,"sources":[{"property":"","dataset":"OpenStreetMap","license":"ODbL-1.0","record_id":"n304263716@6","update_time":"2011-05-20T06:42:37Z","confidence":null,"between":null,"provider":"osm","resource":"planet","version":"2026-09-09"}],"k10_inside_bbox":false}},{"type":"Feature","id":"e29a08df-bf9a-44d0-bf04-496ccd0af129","geometry":{"type":"Point","coordinates":[69.6134482,42.3088712]},"properties":{"city":"shymkent","overture_id":"e29a08df-bf9a-44d0-bf04-496ccd0af129","overture_version":1,"sources":[{"property":"","dataset":"OpenStreetMap","license":"ODbL-1.0","record_id":"n5492614227@1","update_time":"2018-03-21T04:41:13Z","confidence":null,"between":null,"provider":"osm","resource":"planet","version":"2026-09-09"}],"k10_inside_bbox":true}},{"type":"Feature","id":"e2b25874-bd98-4f88-b548-6af86ee06860","geometry":{"type":"Point","coordinates":[69.6117634,42.3137066]},"properties":{"city":"shymkent","overture_id":"e2b25874-bd98-4f88-b548-6af86ee06860","overture_version":1,"sources":[{"property":"","dataset":"OpenStreetMap","license":"ODbL-1.0","record_id":"n11384193405@1","update_time":"2023-11-29T17:35:01Z","confidence":null,"between":null,"provider":"osm","resource":"planet","version":"2026-09-09"}],"k10_inside_bbox":true}},{"type":"Feature","id":"e2e6d288-49c2-4f36-8250-34a53f3ab363","geometry":{"type":"Point","coordinates":[69.6034932,42.3167794]},"properties":{"city":"shymkent","overture_id":"e2e6d288-49c2-4f36-8250-34a53f3ab363","overture_version":3,"sources":[{"property":"","dataset":"OpenStreetMap","license":"ODbL-1.0","record_id":"n12159442970@3","update_time":"2026-05-27T17:08:16Z","confidence":null,"between":null,"provider":"osm","resource":"planet","version":"2026-09-09"}],"k10_inside_bbox":true}},{"type":"Feature","id":"e30b7fb2-22a9-47fc-9220-2e7a47c2f66f","geometry":{"type":"Point","coordinates":[69.6006151,42.3218838]},"properties":{"city":"shymkent","overture_id":"e30b7fb2-22a9-47fc-9220-2e7a47c2f66f","overture_version":1,"sources":[{"property":"","dataset":"OpenStreetMap","license":"ODbL-1.0","record_id":"n1321200470@2","update_time":"2012-08-02T17:28:42Z","confidence":null,"between":null,"provider":"osm","resource":"planet","version":"2026-09-09"}],"k10_inside_bbox":true}},{"type":"Feature","id":"e3723474-0fa1-4bb9-98c2-957aab05d8e6","geometry":{"type":"Point","coordinates":[69.5968167,42.3204304]},"properties":{"city":"shymkent","overture_id":"e3723474-0fa1-4bb9-98c2-957aab05d8e6","overture_version":1,"sources":[{"property":"","dataset":"OpenStreetMap","license":"ODbL-1.0","record_id":"n10731921350@1","update_time":"2023-03-13T03:38:15Z","confidence":null,"between":null,"provider":"osm","resource":"planet","version":"2026-09-09"}],"k10_inside_bbox":true}},{"type":"Feature","id":"e3a6a21c-ba93-41f4-8cf7-570a3543f954","geometry":{"type":"Point","coordinates":[69.5992731,42.3185609]},"properties":{"city":"shymkent","overture_id":"e3a6a21c-ba93-41f4-8cf7-570a3543f954","overture_version":1,"sources":[{"property":"","dataset":"OpenStreetMap","license":"ODbL-1.0","record_id":"n1433192017@2","update_time":"2023-10-25T06:52:35Z","confidence":null,"between":null,"provider":"osm","resource":"planet","version":"2026-09-09"}],"k10_inside_bbox":true}},{"type":"Feature","id":"e3da1e74-db6d-4667-8caa-e0981bb87406","geometry":{"type":"Point","coordinates":[69.5953968,42.3229473]},"properties":{"city":"shymkent","overture_id":"e3da1e74-db6d-4667-8caa-e0981bb87406","overture_version":1,"sources":[{"property":"","dataset":"OpenStreetMap","license":"ODbL-1.0","record_id":"n4336568560@2","update_time":"2023-03-13T03:38:15Z","confidence":null,"between":null,"provider":"osm","resource":"planet","version":"2026-09-09"}],"k10_inside_bbox":true}},{"type":"Feature","id":"e3f3a071-30fb-49ae-bef2-7917817b47eb","geometry":{"type":"Point","coordinates":[69.6019006,42.3076876]},"properties":{"city":"shymkent","overture_id":"e3f3a071-30fb-49ae-bef2-7917817b47eb","overture_version":2,"sources":[{"property":"","dataset":"OpenStreetMap","license":"ODbL-1.0","record_id":"n13311470466@1","update_time":"2025-11-17T18:46:06Z","confidence":null,"between":null,"provider":"osm","resource":"planet","version":"2026-09-09"}],"k10_inside_bbox":true}},{"type":"Feature","id":"e43aca1f-4290-4bb1-bd7f-ea7a48b44a1b","geometry":{"type":"Point","coordinates":[69.5954387,42.324633]},"properties":{"city":"shymkent","overture_id":"e43aca1f-4290-4bb1-bd7f-ea7a48b44a1b","overture_version":1,"sources":[{"property":"","dataset":"OpenStreetMap","license":"ODbL-1.0","record_id":"n12809848385@1","update_time":"2025-05-04T16:15:20Z","confidence":null,"between":null,"provider":"osm","resource":"planet","version":"2026-09-09"}],"k10_inside_bbox":false}},{"type":"Feature","id":"e44e3f9c-d64f-4d33-96e7-18a9904e00fa","geometry":{"type":"Point","coordinates":[69.5983297,42.3196761]},"properties":{"city":"shymkent","overture_id":"e44e3f9c-d64f-4d33-96e7-18a9904e00fa","overture_version":1,"sources":[{"property":"","dataset":"OpenStreetMap","license":"ODbL-1.0","record_id":"n3678262221@2","update_time":"2018-11-24T00:01:07Z","confidence":null,"between":null,"provider":"osm","resource":"planet","version":"2026-09-09"}],"k10_inside_bbox":true}},{"type":"Feature","id":"e4a6b166-ce3c-4e0f-aea3-99d6a115160b","geometry":{"type":"Point","coordinates":[69.5944874,42.3066566]},"properties":{"city":"shymkent","overture_id":"e4a6b166-ce3c-4e0f-aea3-99d6a115160b","overture_version":1,"sources":[{"property":"","dataset":"OpenStreetMap","license":"ODbL-1.0","record_id":"n10173658449@1","update_time":"2022-11-10T13:54:38Z","confidence":null,"between":null,"provider":"osm","resource":"planet","version":"2026-09-09"}],"k10_inside_bbox":true}},{"type":"Feature","id":"e4b2d1c8-000b-4404-b38f-3b0138d749e2","geometry":{"type":"Point","coordinates":[69.5976563,42.3205628]},"properties":{"city":"shymkent","overture_id":"e4b2d1c8-000b-4404-b38f-3b0138d749e2","overture_version":1,"sources":[{"property":"","dataset":"OpenStreetMap","license":"ODbL-1.0","record_id":"n10731921352@1","update_time":"2023-03-13T03:38:15Z","confidence":null,"between":null,"provider":"osm","resource":"planet","version":"2026-09-09"}],"k10_inside_bbox":true}},{"type":"Feature","id":"e4c01534-db88-41f1-b89a-dcebc18d6dc9","geometry":{"type":"Point","coordinates":[69.6175313,42.3157291]},"properties":{"city":"shymkent","overture_id":"e4c01534-db88-41f1-b89a-dcebc18d6dc9","overture_version":1,"sources":[{"property":"","dataset":"OpenStreetMap","license":"ODbL-1.0","record_id":"n11375783388@1","update_time":"2023-11-25T18:49:10Z","confidence":null,"between":null,"provider":"osm","resource":"planet","version":"2026-09-09"}],"k10_inside_bbox":true}},{"type":"Feature","id":"e4d0b711-c408-45c1-a602-737c05507456","geometry":{"type":"Point","coordinates":[69.6035828,42.31697]},"properties":{"city":"shymkent","overture_id":"e4d0b711-c408-45c1-a602-737c05507456","overture_version":1,"sources":[{"property":"","dataset":"OpenStreetMap","license":"ODbL-1.0","record_id":"n12818515603@2","update_time":"2026-05-27T17:08:16Z","confidence":null,"between":null,"provider":"osm","resource":"planet","version":"2026-09-09"}],"k10_inside_bbox":true}},{"type":"Feature","id":"e4d9ef66-d04e-40e3-ba09-3e1e2621676d","geometry":{"type":"Point","coordinates":[69.5976564,42.3162734]},"properties":{"city":"shymkent","overture_id":"e4d9ef66-d04e-40e3-ba09-3e1e2621676d","overture_version":2,"sources":[{"property":"","dataset":"OpenStreetMap","license":"ODbL-1.0","record_id":"n8069568508@2","update_time":"2026-05-27T16:36:36Z","confidence":null,"between":null,"provider":"osm","resource":"planet","version":"2026-09-09"}],"k10_inside_bbox":true}},{"type":"Feature","id":"e4dbcbfd-3ac3-4095-8b0c-7a429141fee2","geometry":{"type":"Point","coordinates":[69.593018,42.3187152]},"properties":{"city":"shymkent","overture_id":"e4dbcbfd-3ac3-4095-8b0c-7a429141fee2","overture_version":1,"sources":[{"property":"","dataset":"OpenStreetMap","license":"ODbL-1.0","record_id":"n6086460336@1","update_time":"2018-11-23T20:33:05Z","confidence":null,"between":null,"provider":"osm","resource":"planet","version":"2026-09-09"}],"k10_inside_bbox":false}},{"type":"Feature","id":"e4e25adc-0b8a-4466-b67d-9f3796fbc19e","geometry":{"type":"Point","coordinates":[69.5960114,42.3157569]},"properties":{"city":"shymkent","overture_id":"e4e25adc-0b8a-4466-b67d-9f3796fbc19e","overture_version":1,"sources":[{"property":"","dataset":"OpenStreetMap","license":"ODbL-1.0","record_id":"n11953096387@1","update_time":"2024-06-03T04:48:58Z","confidence":null,"between":null,"provider":"osm","resource":"planet","version":"2026-09-09"}],"k10_inside_bbox":true}},{"type":"Feature","id":"e4ef6bd8-3bb6-4ad0-b443-1814b5abd48a","geometry":{"type":"Point","coordinates":[69.6010919,42.3248048]},"properties":{"city":"shymkent","overture_id":"e4ef6bd8-3bb6-4ad0-b443-1814b5abd48a","overture_version":1,"sources":[{"property":"","dataset":"OpenStreetMap","license":"ODbL-1.0","record_id":"n4358639543@2","update_time":"2024-08-08T03:07:25Z","confidence":null,"between":null,"provider":"osm","resource":"planet","version":"2026-09-09"}],"k10_inside_bbox":false}},{"type":"Feature","id":"e511d325-7b42-4ffd-8728-08f4e2f0e7b9","geometry":{"type":"Point","coordinates":[69.5966502,42.3135328]},"properties":{"city":"shymkent","overture_id":"e511d325-7b42-4ffd-8728-08f4e2f0e7b9","overture_version":1,"sources":[{"property":"","dataset":"OpenStreetMap","license":"ODbL-1.0","record_id":"n3737289497@1","update_time":"2015-09-10T11:11:51Z","confidence":null,"between":null,"provider":"osm","resource":"planet","version":"2026-09-09"}],"k10_inside_bbox":true}},{"type":"Feature","id":"e52d5d56-61c8-487c-b2b5-535c9d9ba767","geometry":{"type":"Point","coordinates":[69.6083708,42.3171525]},"properties":{"city":"shymkent","overture_id":"e52d5d56-61c8-487c-b2b5-535c9d9ba767","overture_version":1,"sources":[{"property":"","dataset":"OpenStreetMap","license":"ODbL-1.0","record_id":"n8069427792@3","update_time":"2024-09-05T07:06:14Z","confidence":null,"between":null,"provider":"osm","resource":"planet","version":"2026-09-09"}],"k10_inside_bbox":true}},{"type":"Feature","id":"e545390e-0d5f-4f84-b498-5ebf093f872e","geometry":{"type":"Point","coordinates":[69.6062019,42.3095883]},"properties":{"city":"shymkent","overture_id":"e545390e-0d5f-4f84-b498-5ebf093f872e","overture_version":1,"sources":[{"property":"","dataset":"OpenStreetMap","license":"ODbL-1.0","record_id":"n13748669707@1","update_time":"2026-04-21T12:45:33Z","confidence":null,"between":null,"provider":"osm","resource":"planet","version":"2026-09-09"}],"k10_inside_bbox":true}},{"type":"Feature","id":"e5b8093a-3448-4d93-ab68-9bcfb3518f16","geometry":{"type":"Point","coordinates":[69.5946121,42.3088179]},"properties":{"city":"shymkent","overture_id":"e5b8093a-3448-4d93-ab68-9bcfb3518f16","overture_version":1,"sources":[{"property":"","dataset":"OpenStreetMap","license":"ODbL-1.0","record_id":"n3764912483@1","update_time":"2015-09-30T06:18:07Z","confidence":null,"between":null,"provider":"osm","resource":"planet","version":"2026-09-09"}],"k10_inside_bbox":true}},{"type":"Feature","id":"e5dd6782-4856-48ba-8138-c29b2857fdf5","geometry":{"type":"Point","coordinates":[69.5943359,42.3060744]},"properties":{"city":"shymkent","overture_id":"e5dd6782-4856-48ba-8138-c29b2857fdf5","overture_version":1,"sources":[{"property":"","dataset":"OpenStreetMap","license":"ODbL-1.0","record_id":"n11148559545@1","update_time":"2023-08-27T16:41:50Z","confidence":null,"between":null,"provider":"osm","resource":"planet","version":"2026-09-09"}],"k10_inside_bbox":false}},{"type":"Feature","id":"e64d7da2-3841-4b8b-9cfd-b4f81cc826ab","geometry":{"type":"Point","coordinates":[69.6034206,42.3073029]},"properties":{"city":"shymkent","overture_id":"e64d7da2-3841-4b8b-9cfd-b4f81cc826ab","overture_version":2,"sources":[{"property":"","dataset":"OpenStreetMap","license":"ODbL-1.0","record_id":"n13311470462@1","update_time":"2025-11-17T18:46:06Z","confidence":null,"between":null,"provider":"osm","resource":"planet","version":"2026-09-09"}],"k10_inside_bbox":true}},{"type":"Feature","id":"e66e9e16-6986-4cae-a83a-c2fd36b59e96","geometry":{"type":"Point","coordinates":[69.5979971,42.3217985]},"properties":{"city":"shymkent","overture_id":"e66e9e16-6986-4cae-a83a-c2fd36b59e96","overture_version":1,"sources":[{"property":"","dataset":"OpenStreetMap","license":"ODbL-1.0","record_id":"n11934561875@1","update_time":"2024-05-26T08:47:45Z","confidence":null,"between":null,"provider":"osm","resource":"planet","version":"2026-09-09"}],"k10_inside_bbox":true}},{"type":"Feature","id":"e676dc5e-99ff-4e97-8e50-bd76cb3cf2b3","geometry":{"type":"Point","coordinates":[69.5998186,42.3161393]},"properties":{"city":"shymkent","overture_id":"e676dc5e-99ff-4e97-8e50-bd76cb3cf2b3","overture_version":1,"sources":[{"property":"","dataset":"OpenStreetMap","license":"ODbL-1.0","record_id":"n9911541233@1","update_time":"2022-07-26T11:35:34Z","confidence":null,"between":null,"provider":"osm","resource":"planet","version":"2026-09-09"}],"k10_inside_bbox":true}},{"type":"Feature","id":"e68e33ac-2864-4ef7-b32f-8a1468455eae","geometry":{"type":"Point","coordinates":[69.5941178,42.3219789]},"properties":{"city":"shymkent","overture_id":"e68e33ac-2864-4ef7-b32f-8a1468455eae","overture_version":1,"sources":[{"property":"","dataset":"OpenStreetMap","license":"ODbL-1.0","record_id":"n11934561814@1","update_time":"2024-05-26T08:47:45Z","confidence":null,"between":null,"provider":"osm","resource":"planet","version":"2026-09-09"}],"k10_inside_bbox":true}},{"type":"Feature","id":"e6ad69b2-f7be-486e-9290-88f63143644e","geometry":{"type":"Point","coordinates":[69.6191811,42.3099919]},"properties":{"city":"shymkent","overture_id":"e6ad69b2-f7be-486e-9290-88f63143644e","overture_version":1,"sources":[{"property":"","dataset":"OpenStreetMap","license":"ODbL-1.0","record_id":"n11384193206@1","update_time":"2023-11-29T17:35:01Z","confidence":null,"between":null,"provider":"osm","resource":"planet","version":"2026-09-09"}],"k10_inside_bbox":false}},{"type":"Feature","id":"e6d68a85-5a58-4ab3-9b77-5547c9885496","geometry":{"type":"Point","coordinates":[69.6000341,42.3356779]},"properties":{"city":"shymkent","overture_id":"e6d68a85-5a58-4ab3-9b77-5547c9885496","overture_version":1,"sources":[{"property":"","dataset":"OpenStreetMap","license":"ODbL-1.0","record_id":"n11929131773@1","update_time":"2024-05-23T18:00:15Z","confidence":null,"between":null,"provider":"osm","resource":"planet","version":"2026-09-09"}],"k10_inside_bbox":false}},{"type":"Feature","id":"e6d7d930-fa63-42b4-96f5-9e2d221f4763","geometry":{"type":"Point","coordinates":[69.5952806,42.3160768]},"properties":{"city":"shymkent","overture_id":"e6d7d930-fa63-42b4-96f5-9e2d221f4763","overture_version":1,"sources":[{"property":"","dataset":"OpenStreetMap","license":"ODbL-1.0","record_id":"n9433400770@1","update_time":"2022-01-20T11:54:52Z","confidence":null,"between":null,"provider":"osm","resource":"planet","version":"2026-09-09"}],"k10_inside_bbox":true}},{"type":"Feature","id":"e6e40fc0-9232-4139-9c5b-592f7ada72a0","geometry":{"type":"Point","coordinates":[69.5946256,42.3166561]},"properties":{"city":"shymkent","overture_id":"e6e40fc0-9232-4139-9c5b-592f7ada72a0","overture_version":2,"sources":[{"property":"","dataset":"OpenStreetMap","license":"ODbL-1.0","record_id":"n8236713365@2","update_time":"2025-06-29T06:12:14Z","confidence":null,"between":null,"provider":"osm","resource":"planet","version":"2026-09-09"}],"k10_inside_bbox":true}},{"type":"Feature","id":"e6f40c77-2157-4424-8629-685767359717","geometry":{"type":"Point","coordinates":[69.6065426,42.31502]},"properties":{"city":"shymkent","overture_id":"e6f40c77-2157-4424-8629-685767359717","overture_version":1,"sources":[{"property":"","dataset":"OpenStreetMap","license":"ODbL-1.0","record_id":"n11384193427@1","update_time":"2023-11-29T17:35:01Z","confidence":null,"between":null,"provider":"osm","resource":"planet","version":"2026-09-09"}],"k10_inside_bbox":true}},{"type":"Feature","id":"e71239cb-1c2a-4dbd-b4ab-7911abe82794","geometry":{"type":"Point","coordinates":[69.6171925,42.3104935]},"properties":{"city":"shymkent","overture_id":"e71239cb-1c2a-4dbd-b4ab-7911abe82794","overture_version":1,"sources":[{"property":"","dataset":"OpenStreetMap","license":"ODbL-1.0","record_id":"n1281343421@1","update_time":"2011-05-12T10:54:04Z","confidence":null,"between":null,"provider":"osm","resource":"planet","version":"2026-09-09"}],"k10_inside_bbox":true}},{"type":"Feature","id":"e74790cd-b6ea-45da-b06d-55aa23b90355","geometry":{"type":"Point","coordinates":[69.5956478,42.3214321]},"properties":{"city":"shymkent","overture_id":"e74790cd-b6ea-45da-b06d-55aa23b90355","overture_version":1,"sources":[{"property":"","dataset":"OpenStreetMap","license":"ODbL-1.0","record_id":"n11934561824@1","update_time":"2024-05-26T08:47:45Z","confidence":null,"between":null,"provider":"osm","resource":"planet","version":"2026-09-09"}],"k10_inside_bbox":true}},{"type":"Feature","id":"e75f3eef-5f1f-468c-995c-306c711ef2c8","geometry":{"type":"Point","coordinates":[69.5943944,42.3225078]},"properties":{"city":"shymkent","overture_id":"e75f3eef-5f1f-468c-995c-306c711ef2c8","overture_version":1,"sources":[{"property":"","dataset":"OpenStreetMap","license":"ODbL-1.0","record_id":"n11929130959@1","update_time":"2024-05-23T18:00:15Z","confidence":null,"between":null,"provider":"osm","resource":"planet","version":"2026-09-09"}],"k10_inside_bbox":true}},{"type":"Feature","id":"e7e58d27-5e6c-473c-b65d-2492063a589c","geometry":{"type":"Point","coordinates":[69.6072802,42.3085797]},"properties":{"city":"shymkent","overture_id":"e7e58d27-5e6c-473c-b65d-2492063a589c","overture_version":1,"sources":[{"property":"","dataset":"OpenStreetMap","license":"ODbL-1.0","record_id":"n10142798763@1","update_time":"2022-10-31T12:08:23Z","confidence":null,"between":null,"provider":"osm","resource":"planet","version":"2026-09-09"}],"k10_inside_bbox":true}},{"type":"Feature","id":"e7e85eee-8254-4db7-b9f8-fbdcf12d2f0f","geometry":{"type":"Point","coordinates":[69.6025456,42.3192849]},"properties":{"city":"shymkent","overture_id":"e7e85eee-8254-4db7-b9f8-fbdcf12d2f0f","overture_version":1,"sources":[{"property":"","dataset":"OpenStreetMap","license":"ODbL-1.0","record_id":"n8169520610@1","update_time":"2020-11-27T05:55:09Z","confidence":null,"between":null,"provider":"osm","resource":"planet","version":"2026-09-09"}],"k10_inside_bbox":true}},{"type":"Feature","id":"e7ec2424-d833-4646-bab3-43d2aae15259","geometry":{"type":"Point","coordinates":[69.6108127,42.3160474]},"properties":{"city":"shymkent","overture_id":"e7ec2424-d833-4646-bab3-43d2aae15259","overture_version":1,"sources":[{"property":"","dataset":"OpenStreetMap","license":"ODbL-1.0","record_id":"n11375783538@1","update_time":"2023-11-25T18:49:10Z","confidence":null,"between":null,"provider":"osm","resource":"planet","version":"2026-09-09"}],"k10_inside_bbox":true}},{"type":"Feature","id":"e8ccde45-511d-44aa-acc4-34dc68490b07","geometry":{"type":"Point","coordinates":[69.6051286,42.3208198]},"properties":{"city":"shymkent","overture_id":"e8ccde45-511d-44aa-acc4-34dc68490b07","overture_version":1,"sources":[{"property":"","dataset":"OpenStreetMap","license":"ODbL-1.0","record_id":"n1287313882@1","update_time":"2011-05-16T05:45:07Z","confidence":null,"between":null,"provider":"osm","resource":"planet","version":"2026-09-09"}],"k10_inside_bbox":true}},{"type":"Feature","id":"e8d64311-ea03-45f8-a94b-1c682a7410c2","geometry":{"type":"Point","coordinates":[69.6007007,42.3186891]},"properties":{"city":"shymkent","overture_id":"e8d64311-ea03-45f8-a94b-1c682a7410c2","overture_version":1,"sources":[{"property":"","dataset":"OpenStreetMap","license":"ODbL-1.0","record_id":"n11375783406@1","update_time":"2023-11-25T18:49:10Z","confidence":null,"between":null,"provider":"osm","resource":"planet","version":"2026-09-09"}],"k10_inside_bbox":true}},{"type":"Feature","id":"e8f45bfc-6ed1-4b23-b926-591d5c11848c","geometry":{"type":"Point","coordinates":[69.5942813,42.3126929]},"properties":{"city":"shymkent","overture_id":"e8f45bfc-6ed1-4b23-b926-591d5c11848c","overture_version":1,"sources":[{"property":"","dataset":"OpenStreetMap","license":"ODbL-1.0","record_id":"n12214818632@1","update_time":"2024-10-01T19:04:21Z","confidence":null,"between":null,"provider":"osm","resource":"planet","version":"2026-09-09"}],"k10_inside_bbox":true}},{"type":"Feature","id":"e90348a1-10b6-4cc9-afdc-6b48307a9631","geometry":{"type":"Point","coordinates":[69.6032782,42.3432736]},"properties":{"city":"shymkent","overture_id":"e90348a1-10b6-4cc9-afdc-6b48307a9631","overture_version":1,"sources":[{"property":"","dataset":"OpenStreetMap","license":"ODbL-1.0","record_id":"n11929131779@1","update_time":"2024-05-23T18:00:15Z","confidence":null,"between":null,"provider":"osm","resource":"planet","version":"2026-09-09"}],"k10_inside_bbox":false}},{"type":"Feature","id":"e991eddd-19ca-4594-bbda-28ea3e5bf7ba","geometry":{"type":"Point","coordinates":[69.5984079,42.3104084]},"properties":{"city":"shymkent","overture_id":"e991eddd-19ca-4594-bbda-28ea3e5bf7ba","overture_version":1,"sources":[{"property":"","dataset":"OpenStreetMap","license":"ODbL-1.0","record_id":"n13135799415@1","update_time":"2025-09-11T08:14:30Z","confidence":null,"between":null,"provider":"osm","resource":"planet","version":"2026-09-09"}],"k10_inside_bbox":true}},{"type":"Feature","id":"e9b1a0a2-e8f5-4ed2-9b30-49a6d5c00c7a","geometry":{"type":"Point","coordinates":[69.5930443,42.309983]},"properties":{"city":"shymkent","overture_id":"e9b1a0a2-e8f5-4ed2-9b30-49a6d5c00c7a","overture_version":1,"sources":[{"property":"","dataset":"OpenStreetMap","license":"ODbL-1.0","record_id":"n12818487769@2","update_time":"2025-05-12T16:12:11Z","confidence":null,"between":null,"provider":"osm","resource":"planet","version":"2026-09-09"}],"k10_inside_bbox":false}},{"type":"Feature","id":"e9b35b18-0aac-438f-adae-8a771721be95","geometry":{"type":"Point","coordinates":[69.5990599,42.3180477]},"properties":{"city":"shymkent","overture_id":"e9b35b18-0aac-438f-adae-8a771721be95","overture_version":3,"sources":[{"property":"","dataset":"OpenStreetMap","license":"ODbL-1.0","record_id":"n1326104552@4","update_time":"2025-07-10T07:45:27Z","confidence":null,"between":null,"provider":"osm","resource":"planet","version":"2026-09-09"}],"k10_inside_bbox":true}},{"type":"Feature","id":"e9d32821-1027-40db-a2e4-473f32e2d947","geometry":{"type":"Point","coordinates":[69.6193449,42.3212232]},"properties":{"city":"shymkent","overture_id":"e9d32821-1027-40db-a2e4-473f32e2d947","overture_version":1,"sources":[{"property":"","dataset":"OpenStreetMap","license":"ODbL-1.0","record_id":"n5401348261@2","update_time":"2018-11-24T00:01:08Z","confidence":null,"between":null,"provider":"osm","resource":"planet","version":"2026-09-09"}],"k10_inside_bbox":false}},{"type":"Feature","id":"e9d6f1c1-6657-464d-874c-612aed779bd6","geometry":{"type":"Point","coordinates":[69.5976147,42.3194925]},"properties":{"city":"shymkent","overture_id":"e9d6f1c1-6657-464d-874c-612aed779bd6","overture_version":1,"sources":[{"property":"","dataset":"OpenStreetMap","license":"ODbL-1.0","record_id":"n4616716181@1","update_time":"2017-01-18T19:02:22Z","confidence":null,"between":null,"provider":"osm","resource":"planet","version":"2026-09-09"}],"k10_inside_bbox":true}},{"type":"Feature","id":"ea01b632-6d75-4da7-b076-cafd1f8b4aad","geometry":{"type":"Point","coordinates":[69.5931775,42.3193679]},"properties":{"city":"shymkent","overture_id":"ea01b632-6d75-4da7-b076-cafd1f8b4aad","overture_version":2,"sources":[{"property":"","dataset":"OpenStreetMap","license":"ODbL-1.0","record_id":"n1438458033@9","update_time":"2025-06-29T06:12:14Z","confidence":null,"between":null,"provider":"osm","resource":"planet","version":"2026-09-09"}],"k10_inside_bbox":false}},{"type":"Feature","id":"ea32f55b-75ed-4ea2-89d6-790987c7619d","geometry":{"type":"Point","coordinates":[69.5953685,42.3195152]},"properties":{"city":"shymkent","overture_id":"ea32f55b-75ed-4ea2-89d6-790987c7619d","overture_version":1,"sources":[{"property":"","dataset":"OpenStreetMap","license":"ODbL-1.0","record_id":"n12950993608@1","update_time":"2025-06-25T03:12:57Z","confidence":null,"between":null,"provider":"osm","resource":"planet","version":"2026-09-09"}],"k10_inside_bbox":true}},{"type":"Feature","id":"eaa3f464-3e6a-4078-8517-ce722db360e9","geometry":{"type":"Point","coordinates":[69.5937695,42.3183112]},"properties":{"city":"shymkent","overture_id":"eaa3f464-3e6a-4078-8517-ce722db360e9","overture_version":1,"sources":[{"property":"","dataset":"OpenStreetMap","license":"ODbL-1.0","record_id":"n4346751773@1","update_time":"2016-08-12T03:59:58Z","confidence":null,"between":null,"provider":"osm","resource":"planet","version":"2026-09-09"}],"k10_inside_bbox":true}},{"type":"Feature","id":"eac93dcf-7e63-44d6-838e-53ada07d2b77","geometry":{"type":"Point","coordinates":[69.5990497,42.3237605]},"properties":{"city":"shymkent","overture_id":"eac93dcf-7e63-44d6-838e-53ada07d2b77","overture_version":1,"sources":[{"property":"","dataset":"OpenStreetMap","license":"ODbL-1.0","record_id":"n7042948876@2","update_time":"2020-11-25T08:08:49Z","confidence":null,"between":null,"provider":"osm","resource":"planet","version":"2026-09-09"}],"k10_inside_bbox":true}},{"type":"Feature","id":"eaec4ad9-1613-47b7-adb7-cd97e2c770a2","geometry":{"type":"Point","coordinates":[69.5934152,42.3192238]},"properties":{"city":"shymkent","overture_id":"eaec4ad9-1613-47b7-adb7-cd97e2c770a2","overture_version":1,"sources":[{"property":"","dataset":"OpenStreetMap","license":"ODbL-1.0","record_id":"n11943588181@1","update_time":"2024-05-30T01:12:55Z","confidence":null,"between":null,"provider":"osm","resource":"planet","version":"2026-09-09"}],"k10_inside_bbox":true}},{"type":"Feature","id":"eb0a4a5c-21fd-4b87-8414-e7efee34e932","geometry":{"type":"Point","coordinates":[69.5965238,42.3184242]},"properties":{"city":"shymkent","overture_id":"eb0a4a5c-21fd-4b87-8414-e7efee34e932","overture_version":1,"sources":[{"property":"","dataset":"OpenStreetMap","license":"ODbL-1.0","record_id":"n1434183764@1","update_time":"2011-09-16T11:10:51Z","confidence":null,"between":null,"provider":"osm","resource":"planet","version":"2026-09-09"}],"k10_inside_bbox":true}},{"type":"Feature","id":"eb0ef7a9-d981-4ae4-ba19-14fbc00325f6","geometry":{"type":"Point","coordinates":[69.6054943,42.3127718]},"properties":{"city":"shymkent","overture_id":"eb0ef7a9-d981-4ae4-ba19-14fbc00325f6","overture_version":1,"sources":[{"property":"","dataset":"OpenStreetMap","license":"ODbL-1.0","record_id":"n1326354780@1","update_time":"2011-06-15T12:36:33Z","confidence":null,"between":null,"provider":"osm","resource":"planet","version":"2026-09-09"}],"k10_inside_bbox":true}},{"type":"Feature","id":"eb1d613f-ea96-4c16-b0e7-053342eb6e2a","geometry":{"type":"Point","coordinates":[69.5960911,42.3159721]},"properties":{"city":"shymkent","overture_id":"eb1d613f-ea96-4c16-b0e7-053342eb6e2a","overture_version":1,"sources":[{"property":"","dataset":"OpenStreetMap","license":"ODbL-1.0","record_id":"n13108584025@1","update_time":"2025-08-30T11:58:58Z","confidence":null,"between":null,"provider":"osm","resource":"planet","version":"2026-09-09"}],"k10_inside_bbox":true}},{"type":"Feature","id":"eb74d728-9ffb-4a41-a2cb-fddb7ce17544","geometry":{"type":"Point","coordinates":[69.6044575,42.3128495]},"properties":{"city":"shymkent","overture_id":"eb74d728-9ffb-4a41-a2cb-fddb7ce17544","overture_version":1,"sources":[{"property":"","dataset":"OpenStreetMap","license":"ODbL-1.0","record_id":"n1326355686@1","update_time":"2011-06-15T12:37:04Z","confidence":null,"between":null,"provider":"osm","resource":"planet","version":"2026-09-09"}],"k10_inside_bbox":true}},{"type":"Feature","id":"eb8fe598-fcf8-40dc-ae2b-319a7b173b1c","geometry":{"type":"Point","coordinates":[69.6118609,42.325125]},"properties":{"city":"shymkent","overture_id":"eb8fe598-fcf8-40dc-ae2b-319a7b173b1c","overture_version":1,"sources":[{"property":"","dataset":"OpenStreetMap","license":"ODbL-1.0","record_id":"n3715586419@1","update_time":"2015-08-26T16:36:13Z","confidence":null,"between":null,"provider":"osm","resource":"planet","version":"2026-09-09"}],"k10_inside_bbox":false}},{"type":"Feature","id":"ebb4af31-1d97-4486-93a6-ff3c0defca3f","geometry":{"type":"Point","coordinates":[69.5947956,42.3203408]},"properties":{"city":"shymkent","overture_id":"ebb4af31-1d97-4486-93a6-ff3c0defca3f","overture_version":1,"sources":[{"property":"","dataset":"OpenStreetMap","license":"ODbL-1.0","record_id":"n8169869090@1","update_time":"2020-11-27T09:01:43Z","confidence":null,"between":null,"provider":"osm","resource":"planet","version":"2026-09-09"}],"k10_inside_bbox":true}},{"type":"Feature","id":"ec11b1c0-151e-41b8-9579-6ff8c1b1c741","geometry":{"type":"Point","coordinates":[69.6101006,42.3097403]},"properties":{"city":"shymkent","overture_id":"ec11b1c0-151e-41b8-9579-6ff8c1b1c741","overture_version":1,"sources":[{"property":"","dataset":"OpenStreetMap","license":"ODbL-1.0","record_id":"n6190360929@1","update_time":"2019-01-07T16:58:58Z","confidence":null,"between":null,"provider":"osm","resource":"planet","version":"2026-09-09"}],"k10_inside_bbox":true}},{"type":"Feature","id":"ec17daf8-3c84-4650-8f5d-b05fea174e62","geometry":{"type":"Point","coordinates":[69.616206,42.3138515]},"properties":{"city":"shymkent","overture_id":"ec17daf8-3c84-4650-8f5d-b05fea174e62","overture_version":1,"sources":[{"property":"","dataset":"OpenStreetMap","license":"ODbL-1.0","record_id":"n8167868511@1","update_time":"2020-11-26T12:51:50Z","confidence":null,"between":null,"provider":"osm","resource":"planet","version":"2026-09-09"}],"k10_inside_bbox":true}},{"type":"Feature","id":"ec5b5da9-cdb0-4e79-909a-17ac119b3c98","geometry":{"type":"Point","coordinates":[69.593796,42.3192099]},"properties":{"city":"shymkent","overture_id":"ec5b5da9-cdb0-4e79-909a-17ac119b3c98","overture_version":1,"sources":[{"property":"","dataset":"OpenStreetMap","license":"ODbL-1.0","record_id":"n1437656049@2","update_time":"2020-11-24T07:57:44Z","confidence":null,"between":null,"provider":"osm","resource":"planet","version":"2026-09-09"}],"k10_inside_bbox":true}},{"type":"Feature","id":"ec74c3e7-189a-4618-8d5d-14879a42ed00","geometry":{"type":"Point","coordinates":[69.6181294,42.3126079]},"properties":{"city":"shymkent","overture_id":"ec74c3e7-189a-4618-8d5d-14879a42ed00","overture_version":1,"sources":[{"property":"","dataset":"OpenStreetMap","license":"ODbL-1.0","record_id":"n5401348209@2","update_time":"2018-08-31T21:27:48Z","confidence":null,"between":null,"provider":"osm","resource":"planet","version":"2026-09-09"}],"k10_inside_bbox":false}},{"type":"Feature","id":"ec87e3e0-8eff-4e1c-97c3-57b322d9bf96","geometry":{"type":"Point","coordinates":[69.6062165,42.3176574]},"properties":{"city":"shymkent","overture_id":"ec87e3e0-8eff-4e1c-97c3-57b322d9bf96","overture_version":1,"sources":[{"property":"","dataset":"OpenStreetMap","license":"ODbL-1.0","record_id":"n10978268597@1","update_time":"2023-06-15T06:51:32Z","confidence":null,"between":null,"provider":"osm","resource":"planet","version":"2026-09-09"}],"k10_inside_bbox":true}},{"type":"Feature","id":"eca3d799-9775-42e0-83ed-438f89552be6","geometry":{"type":"Point","coordinates":[69.5995796,42.3077793]},"properties":{"city":"shymkent","overture_id":"eca3d799-9775-42e0-83ed-438f89552be6","overture_version":1,"sources":[{"property":"","dataset":"OpenStreetMap","license":"ODbL-1.0","record_id":"n12828511238@1","update_time":"2025-05-11T13:58:56Z","confidence":null,"between":null,"provider":"osm","resource":"planet","version":"2026-09-09"}],"k10_inside_bbox":true}},{"type":"Feature","id":"ecb114cd-5862-4b74-bde7-a2e2c52d8b06","geometry":{"type":"Point","coordinates":[69.6082109,42.3179157]},"properties":{"city":"shymkent","overture_id":"ecb114cd-5862-4b74-bde7-a2e2c52d8b06","overture_version":1,"sources":[{"property":"","dataset":"OpenStreetMap","license":"ODbL-1.0","record_id":"n11375783398@1","update_time":"2023-11-25T18:49:10Z","confidence":null,"between":null,"provider":"osm","resource":"planet","version":"2026-09-09"}],"k10_inside_bbox":true}},{"type":"Feature","id":"ecc2322e-9612-4916-9afc-711f69adc3ea","geometry":{"type":"Point","coordinates":[69.6054509,42.3215906]},"properties":{"city":"shymkent","overture_id":"ecc2322e-9612-4916-9afc-711f69adc3ea","overture_version":1,"sources":[{"property":"","dataset":"OpenStreetMap","license":"ODbL-1.0","record_id":"n11191969637@1","update_time":"2023-09-15T02:08:40Z","confidence":null,"between":null,"provider":"osm","resource":"planet","version":"2026-09-09"}],"k10_inside_bbox":true}},{"type":"Feature","id":"ece8c65e-9b7a-43ca-9eeb-9feee2be3195","geometry":{"type":"Point","coordinates":[69.6129048,42.3140838]},"properties":{"city":"shymkent","overture_id":"ece8c65e-9b7a-43ca-9eeb-9feee2be3195","overture_version":1,"sources":[{"property":"","dataset":"OpenStreetMap","license":"ODbL-1.0","record_id":"n11384193395@1","update_time":"2023-11-29T17:35:01Z","confidence":null,"between":null,"provider":"osm","resource":"planet","version":"2026-09-09"}],"k10_inside_bbox":true}},{"type":"Feature","id":"ecf4d51b-a070-4046-b188-33ca03468de7","geometry":{"type":"Point","coordinates":[69.60483,42.3126176]},"properties":{"city":"shymkent","overture_id":"ecf4d51b-a070-4046-b188-33ca03468de7","overture_version":1,"sources":[{"property":"","dataset":"OpenStreetMap","license":"ODbL-1.0","record_id":"n1326354853@2","update_time":"2011-09-06T11:47:55Z","confidence":null,"between":null,"provider":"osm","resource":"planet","version":"2026-09-09"}],"k10_inside_bbox":true}},{"type":"Feature","id":"ed1fb488-bf0a-456d-947f-047fffbcb469","geometry":{"type":"Point","coordinates":[69.6068913,42.316924]},"properties":{"city":"shymkent","overture_id":"ed1fb488-bf0a-456d-947f-047fffbcb469","overture_version":1,"sources":[{"property":"","dataset":"OpenStreetMap","license":"ODbL-1.0","record_id":"n11375783504@1","update_time":"2023-11-25T18:49:10Z","confidence":null,"between":null,"provider":"osm","resource":"planet","version":"2026-09-09"}],"k10_inside_bbox":true}},{"type":"Feature","id":"ed5cf113-853b-4711-a1c2-57de4492ef99","geometry":{"type":"Point","coordinates":[69.6028921,42.3102101]},"properties":{"city":"shymkent","overture_id":"ed5cf113-853b-4711-a1c2-57de4492ef99","overture_version":1,"sources":[{"property":"","dataset":"OpenStreetMap","license":"ODbL-1.0","record_id":"n11384193294@1","update_time":"2023-11-29T17:35:01Z","confidence":null,"between":null,"provider":"osm","resource":"planet","version":"2026-09-09"}],"k10_inside_bbox":true}},{"type":"Feature","id":"edab150e-d331-4fd1-9f2e-686d77f175ae","geometry":{"type":"Point","coordinates":[69.595145,42.3246042]},"properties":{"city":"shymkent","overture_id":"edab150e-d331-4fd1-9f2e-686d77f175ae","overture_version":1,"sources":[{"property":"","dataset":"OpenStreetMap","license":"ODbL-1.0","record_id":"n12809848369@1","update_time":"2025-05-04T16:15:20Z","confidence":null,"between":null,"provider":"osm","resource":"planet","version":"2026-09-09"}],"k10_inside_bbox":true}},{"type":"Feature","id":"edb53345-4f72-4728-b1df-0789d95bad2c","geometry":{"type":"Point","coordinates":[69.6118803,42.3078083]},"properties":{"city":"shymkent","overture_id":"edb53345-4f72-4728-b1df-0789d95bad2c","overture_version":1,"sources":[{"property":"","dataset":"OpenStreetMap","license":"ODbL-1.0","record_id":"n5444341986@2","update_time":"2023-07-12T10:14:11Z","confidence":null,"between":null,"provider":"osm","resource":"planet","version":"2026-09-09"}],"k10_inside_bbox":true}},{"type":"Feature","id":"edc2773a-712f-4e59-b45b-1a6627184a9b","geometry":{"type":"Point","coordinates":[69.6055394,42.3120806]},"properties":{"city":"shymkent","overture_id":"edc2773a-712f-4e59-b45b-1a6627184a9b","overture_version":1,"sources":[{"property":"","dataset":"OpenStreetMap","license":"ODbL-1.0","record_id":"n13982332756@1","update_time":"2026-07-02T08:00:23Z","confidence":null,"between":null,"provider":"osm","resource":"planet","version":"2026-09-09"}],"k10_inside_bbox":true}},{"type":"Feature","id":"edfeed2e-e256-4295-98a3-829c284a5fc9","geometry":{"type":"Point","coordinates":[69.5947422,42.3112614]},"properties":{"city":"shymkent","overture_id":"edfeed2e-e256-4295-98a3-829c284a5fc9","overture_version":1,"sources":[{"property":"","dataset":"OpenStreetMap","license":"ODbL-1.0","record_id":"n13272661343@1","update_time":"2025-10-31T17:27:33Z","confidence":null,"between":null,"provider":"osm","resource":"planet","version":"2026-09-09"}],"k10_inside_bbox":true}},{"type":"Feature","id":"ee03a436-c362-485d-9ab7-fe36a50cc224","geometry":{"type":"Point","coordinates":[69.604658,42.3133377]},"properties":{"city":"shymkent","overture_id":"ee03a436-c362-485d-9ab7-fe36a50cc224","overture_version":1,"sources":[{"property":"","dataset":"OpenStreetMap","license":"ODbL-1.0","record_id":"n1326355497@1","update_time":"2011-06-15T12:36:53Z","confidence":null,"between":null,"provider":"osm","resource":"planet","version":"2026-09-09"}],"k10_inside_bbox":true}},{"type":"Feature","id":"ee39092a-2c57-4a15-a13d-32f5a287c180","geometry":{"type":"Point","coordinates":[69.605848,42.3127032]},"properties":{"city":"shymkent","overture_id":"ee39092a-2c57-4a15-a13d-32f5a287c180","overture_version":1,"sources":[{"property":"","dataset":"OpenStreetMap","license":"ODbL-1.0","record_id":"n1326355072@1","update_time":"2011-06-15T12:36:41Z","confidence":null,"between":null,"provider":"osm","resource":"planet","version":"2026-09-09"}],"k10_inside_bbox":true}},{"type":"Feature","id":"ee7af43c-52a8-4b59-abed-fc63d3128f71","geometry":{"type":"Point","coordinates":[69.5966988,42.3186046]},"properties":{"city":"shymkent","overture_id":"ee7af43c-52a8-4b59-abed-fc63d3128f71","overture_version":1,"sources":[{"property":"","dataset":"OpenStreetMap","license":"ODbL-1.0","record_id":"n1434183771@1","update_time":"2011-09-16T11:10:51Z","confidence":null,"between":null,"provider":"osm","resource":"planet","version":"2026-09-09"}],"k10_inside_bbox":true}},{"type":"Feature","id":"ee9cbb8d-ed49-4bc4-a77a-05ec3951106e","geometry":{"type":"Point","coordinates":[69.6095145,42.309506]},"properties":{"city":"shymkent","overture_id":"ee9cbb8d-ed49-4bc4-a77a-05ec3951106e","overture_version":1,"sources":[{"property":"","dataset":"OpenStreetMap","license":"ODbL-1.0","record_id":"n10142798729@1","update_time":"2022-10-31T12:08:23Z","confidence":null,"between":null,"provider":"osm","resource":"planet","version":"2026-09-09"}],"k10_inside_bbox":true}},{"type":"Feature","id":"eed696c7-3d19-41b9-a4c7-bff0ab3855a9","geometry":{"type":"Point","coordinates":[69.6057451,42.316467]},"properties":{"city":"shymkent","overture_id":"eed696c7-3d19-41b9-a4c7-bff0ab3855a9","overture_version":1,"sources":[{"property":"","dataset":"OpenStreetMap","license":"ODbL-1.0","record_id":"n1434183753@5","update_time":"2024-04-14T07:37:05Z","confidence":null,"between":null,"provider":"osm","resource":"planet","version":"2026-09-09"}],"k10_inside_bbox":true}},{"type":"Feature","id":"ef00a4ec-51bc-4904-a813-84afc7aa2efa","geometry":{"type":"Point","coordinates":[69.5967309,42.3183748]},"properties":{"city":"shymkent","overture_id":"ef00a4ec-51bc-4904-a813-84afc7aa2efa","overture_version":1,"sources":[{"property":"","dataset":"OpenStreetMap","license":"ODbL-1.0","record_id":"n1433192015@7","update_time":"2024-04-25T18:42:15Z","confidence":null,"between":null,"provider":"osm","resource":"planet","version":"2026-09-09"}],"k10_inside_bbox":true}},{"type":"Feature","id":"ef440580-5e35-4bfa-a521-c2d25e57ad98","geometry":{"type":"Point","coordinates":[69.6085144,42.3091052]},"properties":{"city":"shymkent","overture_id":"ef440580-5e35-4bfa-a521-c2d25e57ad98","overture_version":1,"sources":[{"property":"","dataset":"OpenStreetMap","license":"ODbL-1.0","record_id":"n10142798757@2","update_time":"2023-08-23T12:39:52Z","confidence":null,"between":null,"provider":"osm","resource":"planet","version":"2026-09-09"}],"k10_inside_bbox":true}},{"type":"Feature","id":"ef470c6a-4fda-4e5f-a066-0b6a057b4546","geometry":{"type":"Point","coordinates":[69.5951067,42.324643]},"properties":{"city":"shymkent","overture_id":"ef470c6a-4fda-4e5f-a066-0b6a057b4546","overture_version":1,"sources":[{"property":"","dataset":"OpenStreetMap","license":"ODbL-1.0","record_id":"n12809848384@1","update_time":"2025-05-04T16:15:20Z","confidence":null,"between":null,"provider":"osm","resource":"planet","version":"2026-09-09"}],"k10_inside_bbox":false}},{"type":"Feature","id":"ef547319-3152-40d5-a490-a980416d7738","geometry":{"type":"Point","coordinates":[69.6156353,42.3172255]},"properties":{"city":"shymkent","overture_id":"ef547319-3152-40d5-a490-a980416d7738","overture_version":1,"sources":[{"property":"","dataset":"OpenStreetMap","license":"ODbL-1.0","record_id":"n11379818089@1","update_time":"2023-11-27T15:39:12Z","confidence":null,"between":null,"provider":"osm","resource":"planet","version":"2026-09-09"}],"k10_inside_bbox":true}},{"type":"Feature","id":"ef93367b-38cf-4bcd-927b-6af0bd030485","geometry":{"type":"Point","coordinates":[69.6135101,42.3233545]},"properties":{"city":"shymkent","overture_id":"ef93367b-38cf-4bcd-927b-6af0bd030485","overture_version":1,"sources":[{"property":"","dataset":"OpenStreetMap","license":"ODbL-1.0","record_id":"n1287313866@2","update_time":"2012-01-16T11:55:11Z","confidence":null,"between":null,"provider":"osm","resource":"planet","version":"2026-09-09"}],"k10_inside_bbox":true}},{"type":"Feature","id":"ef95d22a-f30c-481e-b5c5-218f714711f0","geometry":{"type":"Point","coordinates":[69.613983,42.3166027]},"properties":{"city":"shymkent","overture_id":"ef95d22a-f30c-481e-b5c5-218f714711f0","overture_version":1,"sources":[{"property":"","dataset":"OpenStreetMap","license":"ODbL-1.0","record_id":"n11375783373@1","update_time":"2023-11-25T18:49:10Z","confidence":null,"between":null,"provider":"osm","resource":"planet","version":"2026-09-09"}],"k10_inside_bbox":true}},{"type":"Feature","id":"ef9d6754-0894-475d-8c6b-4d199dc563a6","geometry":{"type":"Point","coordinates":[69.6037897,42.3189283]},"properties":{"city":"shymkent","overture_id":"ef9d6754-0894-475d-8c6b-4d199dc563a6","overture_version":1,"sources":[{"property":"","dataset":"OpenStreetMap","license":"ODbL-1.0","record_id":"n8344624231@1","update_time":"2021-01-21T08:48:56Z","confidence":null,"between":null,"provider":"osm","resource":"planet","version":"2026-09-09"}],"k10_inside_bbox":true}},{"type":"Feature","id":"f038c4f7-09e7-4bf0-bb23-ab3a2174ba5e","geometry":{"type":"Point","coordinates":[69.6184388,42.319009]},"properties":{"city":"shymkent","overture_id":"f038c4f7-09e7-4bf0-bb23-ab3a2174ba5e","overture_version":1,"sources":[{"property":"","dataset":"OpenStreetMap","license":"ODbL-1.0","record_id":"n5401348223@1","update_time":"2018-02-09T14:58:07Z","confidence":null,"between":null,"provider":"osm","resource":"planet","version":"2026-09-09"}],"k10_inside_bbox":false}},{"type":"Feature","id":"f099caf8-8a94-4ee4-ba20-911984b74a77","geometry":{"type":"Point","coordinates":[69.5965109,42.3211949]},"properties":{"city":"shymkent","overture_id":"f099caf8-8a94-4ee4-ba20-911984b74a77","overture_version":1,"sources":[{"property":"","dataset":"OpenStreetMap","license":"ODbL-1.0","record_id":"n11934561822@1","update_time":"2024-05-26T08:47:45Z","confidence":null,"between":null,"provider":"osm","resource":"planet","version":"2026-09-09"}],"k10_inside_bbox":true}},{"type":"Feature","id":"f0a2598b-3ef4-4f92-ae31-4725b06618ec","geometry":{"type":"Point","coordinates":[69.5940074,42.3219329]},"properties":{"city":"shymkent","overture_id":"f0a2598b-3ef4-4f92-ae31-4725b06618ec","overture_version":1,"sources":[{"property":"","dataset":"OpenStreetMap","license":"ODbL-1.0","record_id":"n1437656081@8","update_time":"2022-11-13T13:07:34Z","confidence":null,"between":null,"provider":"osm","resource":"planet","version":"2026-09-09"}],"k10_inside_bbox":true}},{"type":"Feature","id":"f0e29d9d-ee91-46a6-aaa2-0cc5c413c2d6","geometry":{"type":"Point","coordinates":[69.5872266,42.3222654]},"properties":{"city":"shymkent","overture_id":"f0e29d9d-ee91-46a6-aaa2-0cc5c413c2d6","overture_version":1,"sources":[{"property":"","dataset":"OpenStreetMap","license":"ODbL-1.0","record_id":"n7167718240@4","update_time":"2025-05-04T16:15:20Z","confidence":null,"between":null,"provider":"osm","resource":"planet","version":"2026-09-09"}],"k10_inside_bbox":false}},{"type":"Feature","id":"f191d90c-2328-48e6-80ce-e72cc3ad821b","geometry":{"type":"Point","coordinates":[69.6087882,42.3124661]},"properties":{"city":"shymkent","overture_id":"f191d90c-2328-48e6-80ce-e72cc3ad821b","overture_version":1,"sources":[{"property":"","dataset":"OpenStreetMap","license":"ODbL-1.0","record_id":"n11384193257@1","update_time":"2023-11-29T17:35:01Z","confidence":null,"between":null,"provider":"osm","resource":"planet","version":"2026-09-09"}],"k10_inside_bbox":true}},{"type":"Feature","id":"f2142c18-ec5c-48e5-bf45-310298f40e42","geometry":{"type":"Point","coordinates":[69.5956651,42.315859]},"properties":{"city":"shymkent","overture_id":"f2142c18-ec5c-48e5-bf45-310298f40e42","overture_version":1,"sources":[{"property":"","dataset":"OpenStreetMap","license":"ODbL-1.0","record_id":"n11953096396@1","update_time":"2024-06-03T04:48:58Z","confidence":null,"between":null,"provider":"osm","resource":"planet","version":"2026-09-09"}],"k10_inside_bbox":true}},{"type":"Feature","id":"f220dbc4-db72-45b1-94c5-91f8b395588a","geometry":{"type":"Point","coordinates":[69.5951572,42.3122523]},"properties":{"city":"shymkent","overture_id":"f220dbc4-db72-45b1-94c5-91f8b395588a","overture_version":1,"sources":[{"property":"","dataset":"OpenStreetMap","license":"ODbL-1.0","record_id":"n1782934355@4","update_time":"2024-09-11T13:06:08Z","confidence":null,"between":null,"provider":"osm","resource":"planet","version":"2026-09-09"}],"k10_inside_bbox":true}},{"type":"Feature","id":"f228dc38-dd0c-45b7-be1a-88a43f6be984","geometry":{"type":"Point","coordinates":[69.6073124,42.3082008]},"properties":{"city":"shymkent","overture_id":"f228dc38-dd0c-45b7-be1a-88a43f6be984","overture_version":1,"sources":[{"property":"","dataset":"OpenStreetMap","license":"ODbL-1.0","record_id":"n10142798758@1","update_time":"2022-10-31T12:08:23Z","confidence":null,"between":null,"provider":"osm","resource":"planet","version":"2026-09-09"}],"k10_inside_bbox":true}},{"type":"Feature","id":"f267c15d-5d6c-4e02-b4f5-5c40a3a6d0aa","geometry":{"type":"Point","coordinates":[69.5984981,42.3226217]},"properties":{"city":"shymkent","overture_id":"f267c15d-5d6c-4e02-b4f5-5c40a3a6d0aa","overture_version":1,"sources":[{"property":"","dataset":"OpenStreetMap","license":"ODbL-1.0","record_id":"n1240735776@7","update_time":"2019-11-07T05:45:45Z","confidence":null,"between":null,"provider":"osm","resource":"planet","version":"2026-09-09"}],"k10_inside_bbox":true}},{"type":"Feature","id":"f3298401-2016-4672-9b72-432ab34d1aea","geometry":{"type":"Point","coordinates":[69.6154377,42.3064834]},"properties":{"city":"shymkent","overture_id":"f3298401-2016-4672-9b72-432ab34d1aea","overture_version":1,"sources":[{"property":"","dataset":"OpenStreetMap","license":"ODbL-1.0","record_id":"n11384193230@1","update_time":"2023-11-29T17:35:01Z","confidence":null,"between":null,"provider":"osm","resource":"planet","version":"2026-09-09"}],"k10_inside_bbox":false}},{"type":"Feature","id":"f34a92aa-bdc9-4321-bca6-5b105821f92f","geometry":{"type":"Point","coordinates":[69.5966762,42.3199914]},"properties":{"city":"shymkent","overture_id":"f34a92aa-bdc9-4321-bca6-5b105821f92f","overture_version":1,"sources":[{"property":"","dataset":"OpenStreetMap","license":"ODbL-1.0","record_id":"n13849503741@1","update_time":"2026-05-19T14:02:26Z","confidence":null,"between":null,"provider":"osm","resource":"planet","version":"2026-09-09"}],"k10_inside_bbox":true}},{"type":"Feature","id":"f39ebbc5-f481-4bcb-8316-969d9a88d87c","geometry":{"type":"Point","coordinates":[69.5938375,42.317602]},"properties":{"city":"shymkent","overture_id":"f39ebbc5-f481-4bcb-8316-969d9a88d87c","overture_version":1,"sources":[{"property":"","dataset":"OpenStreetMap","license":"ODbL-1.0","record_id":"n4346751767@2","update_time":"2017-06-22T16:12:41Z","confidence":null,"between":null,"provider":"osm","resource":"planet","version":"2026-09-09"}],"k10_inside_bbox":true}},{"type":"Feature","id":"f42f6e23-075c-4189-be11-ecce0838bc5e","geometry":{"type":"Point","coordinates":[69.5931892,42.3194281]},"properties":{"city":"shymkent","overture_id":"f42f6e23-075c-4189-be11-ecce0838bc5e","overture_version":2,"sources":[{"property":"","dataset":"OpenStreetMap","license":"ODbL-1.0","record_id":"n1438458034@2","update_time":"2025-06-29T06:12:14Z","confidence":null,"between":null,"provider":"osm","resource":"planet","version":"2026-09-09"}],"k10_inside_bbox":false}},{"type":"Feature","id":"f443876c-3340-4239-b6f3-a4e245a96ead","geometry":{"type":"Point","coordinates":[69.593992,42.3100303]},"properties":{"city":"shymkent","overture_id":"f443876c-3340-4239-b6f3-a4e245a96ead","overture_version":1,"sources":[{"property":"","dataset":"OpenStreetMap","license":"ODbL-1.0","record_id":"n3764945996@1","update_time":"2015-09-30T06:53:08Z","confidence":null,"between":null,"provider":"osm","resource":"planet","version":"2026-09-09"}],"k10_inside_bbox":true}},{"type":"Feature","id":"f46b9a22-de61-49c7-8be0-2058eb39f1bf","geometry":{"type":"Point","coordinates":[69.602947,42.3237159]},"properties":{"city":"shymkent","overture_id":"f46b9a22-de61-49c7-8be0-2058eb39f1bf","overture_version":1,"sources":[{"property":"","dataset":"OpenStreetMap","license":"ODbL-1.0","record_id":"n11057813033@1","update_time":"2023-07-21T01:20:14Z","confidence":null,"between":null,"provider":"osm","resource":"planet","version":"2026-09-09"}],"k10_inside_bbox":true}},{"type":"Feature","id":"f488d90b-1eea-4f45-af35-dd10cc11c497","geometry":{"type":"Point","coordinates":[69.6026708,42.3094083]},"properties":{"city":"shymkent","overture_id":"f488d90b-1eea-4f45-af35-dd10cc11c497","overture_version":1,"sources":[{"property":"","dataset":"OpenStreetMap","license":"ODbL-1.0","record_id":"n11384193288@1","update_time":"2023-11-29T17:35:01Z","confidence":null,"between":null,"provider":"osm","resource":"planet","version":"2026-09-09"}],"k10_inside_bbox":true}},{"type":"Feature","id":"f48a3aac-d7f2-4bae-92ad-afa96b965398","geometry":{"type":"Point","coordinates":[69.6174645,42.3173484]},"properties":{"city":"shymkent","overture_id":"f48a3aac-d7f2-4bae-92ad-afa96b965398","overture_version":1,"sources":[{"property":"","dataset":"OpenStreetMap","license":"ODbL-1.0","record_id":"n11375783377@1","update_time":"2023-11-25T18:49:10Z","confidence":null,"between":null,"provider":"osm","resource":"planet","version":"2026-09-09"}],"k10_inside_bbox":true}},{"type":"Feature","id":"f48c318b-27b2-4c30-b64e-0df68957cc82","geometry":{"type":"Point","coordinates":[69.6106259,42.3053514]},"properties":{"city":"shymkent","overture_id":"f48c318b-27b2-4c30-b64e-0df68957cc82","overture_version":1,"sources":[{"property":"","dataset":"OpenStreetMap","license":"ODbL-1.0","record_id":"n11101217175@1","update_time":"2023-08-09T08:35:53Z","confidence":null,"between":null,"provider":"osm","resource":"planet","version":"2026-09-09"}],"k10_inside_bbox":false}},{"type":"Feature","id":"f4a3938c-dc1a-4343-b5bc-80a1bef1cc9b","geometry":{"type":"Point","coordinates":[69.5926185,42.316827]},"properties":{"city":"shymkent","overture_id":"f4a3938c-dc1a-4343-b5bc-80a1bef1cc9b","overture_version":2,"sources":[{"property":"","dataset":"OpenStreetMap","license":"ODbL-1.0","record_id":"n12804572523@2","update_time":"2025-06-29T06:12:14Z","confidence":null,"between":null,"provider":"osm","resource":"planet","version":"2026-09-09"}],"k10_inside_bbox":false}},{"type":"Feature","id":"f516735d-5fe7-49c0-a510-a78a92641527","geometry":{"type":"Point","coordinates":[69.6096512,42.3175816]},"properties":{"city":"shymkent","overture_id":"f516735d-5fe7-49c0-a510-a78a92641527","overture_version":1,"sources":[{"property":"","dataset":"OpenStreetMap","license":"ODbL-1.0","record_id":"n11001128514@1","update_time":"2023-06-23T06:30:58Z","confidence":null,"between":null,"provider":"osm","resource":"planet","version":"2026-09-09"}],"k10_inside_bbox":true}},{"type":"Feature","id":"f55f4065-6b4b-4786-ac6b-9c4f5810517f","geometry":{"type":"Point","coordinates":[69.6006447,42.3064062]},"properties":{"city":"shymkent","overture_id":"f55f4065-6b4b-4786-ac6b-9c4f5810517f","overture_version":1,"sources":[{"property":"","dataset":"OpenStreetMap","license":"ODbL-1.0","record_id":"n12828303720@1","update_time":"2025-05-11T12:15:36Z","confidence":null,"between":null,"provider":"osm","resource":"planet","version":"2026-09-09"}],"k10_inside_bbox":false}},{"type":"Feature","id":"f566e564-4986-4bb3-ab3a-36ff609594f3","geometry":{"type":"Point","coordinates":[69.6000148,42.3097861]},"properties":{"city":"shymkent","overture_id":"f566e564-4986-4bb3-ab3a-36ff609594f3","overture_version":1,"sources":[{"property":"","dataset":"OpenStreetMap","license":"ODbL-1.0","record_id":"n13165370954@1","update_time":"2025-09-23T14:42:55Z","confidence":null,"between":null,"provider":"osm","resource":"planet","version":"2026-09-09"}],"k10_inside_bbox":true}},{"type":"Feature","id":"f5a80da1-63f0-4d6f-9b56-f9fc05b54459","geometry":{"type":"Point","coordinates":[69.5979678,42.3197947]},"properties":{"city":"shymkent","overture_id":"f5a80da1-63f0-4d6f-9b56-f9fc05b54459","overture_version":1,"sources":[{"property":"","dataset":"OpenStreetMap","license":"ODbL-1.0","record_id":"n12066541467@1","update_time":"2024-07-21T16:04:54Z","confidence":null,"between":null,"provider":"osm","resource":"planet","version":"2026-09-09"}],"k10_inside_bbox":true}},{"type":"Feature","id":"f5aca242-526f-4422-ae7b-ad644475f33f","geometry":{"type":"Point","coordinates":[69.6160635,42.3069054]},"properties":{"city":"shymkent","overture_id":"f5aca242-526f-4422-ae7b-ad644475f33f","overture_version":1,"sources":[{"property":"","dataset":"OpenStreetMap","license":"ODbL-1.0","record_id":"n11192558424@1","update_time":"2023-09-15T06:49:34Z","confidence":null,"between":null,"provider":"osm","resource":"planet","version":"2026-09-09"}],"k10_inside_bbox":true}},{"type":"Feature","id":"f5cc2bb1-a29e-498d-9113-5502ef4acade","geometry":{"type":"Point","coordinates":[69.6084861,42.3231024]},"properties":{"city":"shymkent","overture_id":"f5cc2bb1-a29e-498d-9113-5502ef4acade","overture_version":1,"sources":[{"property":"","dataset":"OpenStreetMap","license":"ODbL-1.0","record_id":"n1240512356@2","update_time":"2011-05-14T06:10:24Z","confidence":null,"between":null,"provider":"osm","resource":"planet","version":"2026-09-09"}],"k10_inside_bbox":true}},{"type":"Feature","id":"f5e0c79b-cae2-4831-8ccc-abfc584a1909","geometry":{"type":"Point","coordinates":[69.6024436,42.3154857]},"properties":{"city":"shymkent","overture_id":"f5e0c79b-cae2-4831-8ccc-abfc584a1909","overture_version":1,"sources":[{"property":"","dataset":"OpenStreetMap","license":"ODbL-1.0","record_id":"n13888881209@1","update_time":"2026-05-27T17:08:16Z","confidence":null,"between":null,"provider":"osm","resource":"planet","version":"2026-09-09"}],"k10_inside_bbox":true}},{"type":"Feature","id":"f606d265-71ee-40ef-9f09-484930720e8a","geometry":{"type":"Point","coordinates":[69.6003528,42.3166715]},"properties":{"city":"shymkent","overture_id":"f606d265-71ee-40ef-9f09-484930720e8a","overture_version":1,"sources":[{"property":"","dataset":"OpenStreetMap","license":"ODbL-1.0","record_id":"n8069568570@1","update_time":"2020-10-31T19:30:44Z","confidence":null,"between":null,"provider":"osm","resource":"planet","version":"2026-09-09"}],"k10_inside_bbox":true}},{"type":"Feature","id":"f6bd989c-e4eb-4fff-a12c-653532a1695d","geometry":{"type":"Point","coordinates":[69.6028854,42.3153838]},"properties":{"city":"shymkent","overture_id":"f6bd989c-e4eb-4fff-a12c-653532a1695d","overture_version":2,"sources":[{"property":"","dataset":"OpenStreetMap","license":"ODbL-1.0","record_id":"n12159442974@3","update_time":"2026-05-27T17:08:16Z","confidence":null,"between":null,"provider":"osm","resource":"planet","version":"2026-09-09"}],"k10_inside_bbox":true}},{"type":"Feature","id":"f709d445-2546-43c0-8dd3-1201e406f956","geometry":{"type":"Point","coordinates":[69.6070833,42.3179287]},"properties":{"city":"shymkent","overture_id":"f709d445-2546-43c0-8dd3-1201e406f956","overture_version":1,"sources":[{"property":"","dataset":"OpenStreetMap","license":"ODbL-1.0","record_id":"n10755284708@1","update_time":"2023-03-23T06:02:04Z","confidence":null,"between":null,"provider":"osm","resource":"planet","version":"2026-09-09"}],"k10_inside_bbox":true}},{"type":"Feature","id":"f7106661-ddbf-4bc5-ae31-ba50b9954056","geometry":{"type":"Point","coordinates":[69.6101421,42.3141552]},"properties":{"city":"shymkent","overture_id":"f7106661-ddbf-4bc5-ae31-ba50b9954056","overture_version":1,"sources":[{"property":"","dataset":"OpenStreetMap","license":"ODbL-1.0","record_id":"n11384193409@1","update_time":"2023-11-29T17:35:01Z","confidence":null,"between":null,"provider":"osm","resource":"planet","version":"2026-09-09"}],"k10_inside_bbox":true}},{"type":"Feature","id":"f728da0d-8861-4f02-a65d-71670d9227f1","geometry":{"type":"Point","coordinates":[69.6149379,42.3176856]},"properties":{"city":"shymkent","overture_id":"f728da0d-8861-4f02-a65d-71670d9227f1","overture_version":1,"sources":[{"property":"","dataset":"OpenStreetMap","license":"ODbL-1.0","record_id":"n11375783367@1","update_time":"2023-11-25T18:49:10Z","confidence":null,"between":null,"provider":"osm","resource":"planet","version":"2026-09-09"}],"k10_inside_bbox":true}},{"type":"Feature","id":"f74017f3-5bc7-4a39-accc-a1172b2919e2","geometry":{"type":"Point","coordinates":[69.5953642,42.3185647]},"properties":{"city":"shymkent","overture_id":"f74017f3-5bc7-4a39-accc-a1172b2919e2","overture_version":1,"sources":[{"property":"","dataset":"OpenStreetMap","license":"ODbL-1.0","record_id":"n1327212629@3","update_time":"2011-10-02T10:22:42Z","confidence":null,"between":null,"provider":"osm","resource":"planet","version":"2026-09-09"}],"k10_inside_bbox":true}},{"type":"Feature","id":"f788bdcb-3d0c-4a6e-888a-2d2b5c15dfae","geometry":{"type":"Point","coordinates":[69.6103674,42.3128601]},"properties":{"city":"shymkent","overture_id":"f788bdcb-3d0c-4a6e-888a-2d2b5c15dfae","overture_version":1,"sources":[{"property":"","dataset":"OpenStreetMap","license":"ODbL-1.0","record_id":"n11384193243@1","update_time":"2023-11-29T17:35:01Z","confidence":null,"between":null,"provider":"osm","resource":"planet","version":"2026-09-09"}],"k10_inside_bbox":true}},{"type":"Feature","id":"f7a0e78d-d5cf-4ba0-ad4e-2b8ca15e7ff9","geometry":{"type":"Point","coordinates":[69.6183223,42.3157708]},"properties":{"city":"shymkent","overture_id":"f7a0e78d-d5cf-4ba0-ad4e-2b8ca15e7ff9","overture_version":1,"sources":[{"property":"","dataset":"OpenStreetMap","license":"ODbL-1.0","record_id":"n5492617147@1","update_time":"2018-03-21T04:48:44Z","confidence":null,"between":null,"provider":"osm","resource":"planet","version":"2026-09-09"}],"k10_inside_bbox":false}},{"type":"Feature","id":"f7abc5a8-c497-4e8d-9609-c34639dfc713","geometry":{"type":"Point","coordinates":[69.593385,42.3167425]},"properties":{"city":"shymkent","overture_id":"f7abc5a8-c497-4e8d-9609-c34639dfc713","overture_version":1,"sources":[{"property":"","dataset":"OpenStreetMap","license":"ODbL-1.0","record_id":"n12960597111@1","update_time":"2025-06-29T06:12:14Z","confidence":null,"between":null,"provider":"osm","resource":"planet","version":"2026-09-09"}],"k10_inside_bbox":true}},{"type":"Feature","id":"f7d679ad-ba8e-4162-b2b8-2b359e1e4cb4","geometry":{"type":"Point","coordinates":[69.6087527,42.3134571]},"properties":{"city":"shymkent","overture_id":"f7d679ad-ba8e-4162-b2b8-2b359e1e4cb4","overture_version":1,"sources":[{"property":"","dataset":"OpenStreetMap","license":"ODbL-1.0","record_id":"n11384193272@1","update_time":"2023-11-29T17:35:01Z","confidence":null,"between":null,"provider":"osm","resource":"planet","version":"2026-09-09"}],"k10_inside_bbox":true}},{"type":"Feature","id":"f8271df6-ced7-4a15-8923-ea07cb4b7457","geometry":{"type":"Point","coordinates":[69.5983008,42.3078423]},"properties":{"city":"shymkent","overture_id":"f8271df6-ced7-4a15-8923-ea07cb4b7457","overture_version":1,"sources":[{"property":"","dataset":"OpenStreetMap","license":"ODbL-1.0","record_id":"n4584096696@2","update_time":"2023-08-27T16:41:50Z","confidence":null,"between":null,"provider":"osm","resource":"planet","version":"2026-09-09"}],"k10_inside_bbox":true}},{"type":"Feature","id":"f844470c-42d3-4b22-b010-4131185f84c6","geometry":{"type":"Point","coordinates":[69.6071181,42.3128727]},"properties":{"city":"shymkent","overture_id":"f844470c-42d3-4b22-b010-4131185f84c6","overture_version":1,"sources":[{"property":"","dataset":"OpenStreetMap","license":"ODbL-1.0","record_id":"n1327031667@1","update_time":"2011-06-16T02:55:20Z","confidence":null,"between":null,"provider":"osm","resource":"planet","version":"2026-09-09"}],"k10_inside_bbox":true}},{"type":"Feature","id":"f84a1797-4a02-4c91-98ca-c4726d9f26f8","geometry":{"type":"Point","coordinates":[69.6124068,42.306688]},"properties":{"city":"shymkent","overture_id":"f84a1797-4a02-4c91-98ca-c4726d9f26f8","overture_version":1,"sources":[{"property":"","dataset":"OpenStreetMap","license":"ODbL-1.0","record_id":"n5492610277@1","update_time":"2018-03-21T04:37:00Z","confidence":null,"between":null,"provider":"osm","resource":"planet","version":"2026-09-09"}],"k10_inside_bbox":true}},{"type":"Feature","id":"f87a7197-ebf1-455f-a8a9-81fa567c000f","geometry":{"type":"Point","coordinates":[69.597362,42.3215976]},"properties":{"city":"shymkent","overture_id":"f87a7197-ebf1-455f-a8a9-81fa567c000f","overture_version":1,"sources":[{"property":"","dataset":"OpenStreetMap","license":"ODbL-1.0","record_id":"n4346751995@2","update_time":"2017-01-18T06:32:01Z","confidence":null,"between":null,"provider":"osm","resource":"planet","version":"2026-09-09"}],"k10_inside_bbox":true}},{"type":"Feature","id":"f8d73c4b-0b39-45ff-9ecd-d28142405321","geometry":{"type":"Point","coordinates":[69.6047959,42.312594]},"properties":{"city":"shymkent","overture_id":"f8d73c4b-0b39-45ff-9ecd-d28142405321","overture_version":1,"sources":[{"property":"","dataset":"OpenStreetMap","license":"ODbL-1.0","record_id":"n1326355578@2","update_time":"2011-09-06T11:47:58Z","confidence":null,"between":null,"provider":"osm","resource":"planet","version":"2026-09-09"}],"k10_inside_bbox":true}},{"type":"Feature","id":"f8dc5f99-9ca7-4b34-be40-95a619f56e59","geometry":{"type":"Point","coordinates":[69.5994988,42.31489]},"properties":{"city":"shymkent","overture_id":"f8dc5f99-9ca7-4b34-be40-95a619f56e59","overture_version":1,"sources":[{"property":"","dataset":"OpenStreetMap","license":"ODbL-1.0","record_id":"n13083815836@1","update_time":"2025-08-20T06:31:37Z","confidence":null,"between":null,"provider":"osm","resource":"planet","version":"2026-09-09"}],"k10_inside_bbox":true}},{"type":"Feature","id":"f8e8b485-9534-4c58-9c27-79931855d118","geometry":{"type":"Point","coordinates":[69.5984394,42.3104992]},"properties":{"city":"shymkent","overture_id":"f8e8b485-9534-4c58-9c27-79931855d118","overture_version":1,"sources":[{"property":"","dataset":"OpenStreetMap","license":"ODbL-1.0","record_id":"n13272759422@1","update_time":"2025-10-31T17:50:55Z","confidence":null,"between":null,"provider":"osm","resource":"planet","version":"2026-09-09"}],"k10_inside_bbox":true}},{"type":"Feature","id":"f8e9eb31-1e21-4f73-baf7-6d435796090f","geometry":{"type":"Point","coordinates":[69.5938071,42.3181604]},"properties":{"city":"shymkent","overture_id":"f8e9eb31-1e21-4f73-baf7-6d435796090f","overture_version":1,"sources":[{"property":"","dataset":"OpenStreetMap","license":"ODbL-1.0","record_id":"n4346751770@1","update_time":"2016-08-12T03:59:58Z","confidence":null,"between":null,"provider":"osm","resource":"planet","version":"2026-09-09"}],"k10_inside_bbox":true}},{"type":"Feature","id":"f90db672-2399-4dd7-860e-620c5431aba3","geometry":{"type":"Point","coordinates":[69.5934716,42.3119019]},"properties":{"city":"shymkent","overture_id":"f90db672-2399-4dd7-860e-620c5431aba3","overture_version":1,"sources":[{"property":"","dataset":"OpenStreetMap","license":"ODbL-1.0","record_id":"n3765264029@2","update_time":"2024-10-01T19:04:21Z","confidence":null,"between":null,"provider":"osm","resource":"planet","version":"2026-09-09"}],"k10_inside_bbox":true}},{"type":"Feature","id":"f914959d-8669-4cfd-96b2-1a23af75f6e0","geometry":{"type":"Point","coordinates":[69.5945747,42.3162899]},"properties":{"city":"shymkent","overture_id":"f914959d-8669-4cfd-96b2-1a23af75f6e0","overture_version":1,"sources":[{"property":"","dataset":"OpenStreetMap","license":"ODbL-1.0","record_id":"n12960597106@1","update_time":"2025-06-29T06:12:14Z","confidence":null,"between":null,"provider":"osm","resource":"planet","version":"2026-09-09"}],"k10_inside_bbox":true}},{"type":"Feature","id":"f927e243-510d-4cf0-b4b6-d745107fa16f","geometry":{"type":"Point","coordinates":[69.6122939,42.320652]},"properties":{"city":"shymkent","overture_id":"f927e243-510d-4cf0-b4b6-d745107fa16f","overture_version":1,"sources":[{"property":"","dataset":"OpenStreetMap","license":"ODbL-1.0","record_id":"n1252591932@2","update_time":"2011-06-17T03:20:25Z","confidence":null,"between":null,"provider":"osm","resource":"planet","version":"2026-09-09"}],"k10_inside_bbox":true}},{"type":"Feature","id":"f98c13e6-79d8-462a-bcd4-5bc46a5dffe1","geometry":{"type":"Point","coordinates":[69.5959352,42.3175999]},"properties":{"city":"shymkent","overture_id":"f98c13e6-79d8-462a-bcd4-5bc46a5dffe1","overture_version":1,"sources":[{"property":"","dataset":"OpenStreetMap","license":"ODbL-1.0","record_id":"n1327212557@2","update_time":"2011-06-28T17:03:15Z","confidence":null,"between":null,"provider":"osm","resource":"planet","version":"2026-09-09"}],"k10_inside_bbox":true}},{"type":"Feature","id":"f9c1712a-29dd-4bb6-b697-b18217d4b65c","geometry":{"type":"Point","coordinates":[69.6068075,42.3179905]},"properties":{"city":"shymkent","overture_id":"f9c1712a-29dd-4bb6-b697-b18217d4b65c","overture_version":1,"sources":[{"property":"","dataset":"OpenStreetMap","license":"ODbL-1.0","record_id":"n10755284705@1","update_time":"2023-03-23T06:02:04Z","confidence":null,"between":null,"provider":"osm","resource":"planet","version":"2026-09-09"}],"k10_inside_bbox":true}},{"type":"Feature","id":"f9d198e2-7b52-4d8a-8508-29e2d870ad8c","geometry":{"type":"Point","coordinates":[69.6114597,42.3185996]},"properties":{"city":"shymkent","overture_id":"f9d198e2-7b52-4d8a-8508-29e2d870ad8c","overture_version":1,"sources":[{"property":"","dataset":"OpenStreetMap","license":"ODbL-1.0","record_id":"n5401348251@1","update_time":"2018-02-09T14:58:08Z","confidence":null,"between":null,"provider":"osm","resource":"planet","version":"2026-09-09"}],"k10_inside_bbox":true}},{"type":"Feature","id":"f9ff2f82-07a1-4cbb-a28a-402569942f02","geometry":{"type":"Point","coordinates":[69.6100309,42.3153069]},"properties":{"city":"shymkent","overture_id":"f9ff2f82-07a1-4cbb-a28a-402569942f02","overture_version":1,"sources":[{"property":"","dataset":"OpenStreetMap","license":"ODbL-1.0","record_id":"n8167868514@1","update_time":"2020-11-26T12:51:50Z","confidence":null,"between":null,"provider":"osm","resource":"planet","version":"2026-09-09"}],"k10_inside_bbox":true}},{"type":"Feature","id":"fa0d604f-d276-4dde-942a-fd22a68f9ee0","geometry":{"type":"Point","coordinates":[69.6072198,42.3184254]},"properties":{"city":"shymkent","overture_id":"fa0d604f-d276-4dde-942a-fd22a68f9ee0","overture_version":1,"sources":[{"property":"","dataset":"OpenStreetMap","license":"ODbL-1.0","record_id":"n10755284711@1","update_time":"2023-03-23T06:02:04Z","confidence":null,"between":null,"provider":"osm","resource":"planet","version":"2026-09-09"}],"k10_inside_bbox":true}},{"type":"Feature","id":"fa3592a3-3585-4148-89c2-43488feb0b96","geometry":{"type":"Point","coordinates":[69.6065567,42.3236867]},"properties":{"city":"shymkent","overture_id":"fa3592a3-3585-4148-89c2-43488feb0b96","overture_version":1,"sources":[{"property":"","dataset":"OpenStreetMap","license":"ODbL-1.0","record_id":"n11700691761@1","update_time":"2024-03-07T12:44:58Z","confidence":null,"between":null,"provider":"osm","resource":"planet","version":"2026-09-09"}],"k10_inside_bbox":true}},{"type":"Feature","id":"faa5d0cc-2c2c-41ff-9484-66733bb3ef53","geometry":{"type":"Point","coordinates":[69.6015883,42.3241106]},"properties":{"city":"shymkent","overture_id":"faa5d0cc-2c2c-41ff-9484-66733bb3ef53","overture_version":1,"sources":[{"property":"","dataset":"OpenStreetMap","license":"ODbL-1.0","record_id":"n11057813034@1","update_time":"2023-07-21T01:20:14Z","confidence":null,"between":null,"provider":"osm","resource":"planet","version":"2026-09-09"}],"k10_inside_bbox":true}},{"type":"Feature","id":"fac02174-3460-4124-b84e-fbcc84b79842","geometry":{"type":"Point","coordinates":[69.597158,42.3183476]},"properties":{"city":"shymkent","overture_id":"fac02174-3460-4124-b84e-fbcc84b79842","overture_version":1,"sources":[{"property":"","dataset":"OpenStreetMap","license":"ODbL-1.0","record_id":"n8167870318@5","update_time":"2024-04-25T18:42:17Z","confidence":null,"between":null,"provider":"osm","resource":"planet","version":"2026-09-09"}],"k10_inside_bbox":true}},{"type":"Feature","id":"fac49a17-9938-4a0a-be3e-842c226ed473","geometry":{"type":"Point","coordinates":[69.6055358,42.3130324]},"properties":{"city":"shymkent","overture_id":"fac49a17-9938-4a0a-be3e-842c226ed473","overture_version":1,"sources":[{"property":"","dataset":"OpenStreetMap","license":"ODbL-1.0","record_id":"n1326355620@2","update_time":"2011-09-06T11:47:59Z","confidence":null,"between":null,"provider":"osm","resource":"planet","version":"2026-09-09"}],"k10_inside_bbox":true}},{"type":"Feature","id":"fae0d677-e48f-4f49-a727-e1efe01345a0","geometry":{"type":"Point","coordinates":[69.5971555,42.3197213]},"properties":{"city":"shymkent","overture_id":"fae0d677-e48f-4f49-a727-e1efe01345a0","overture_version":1,"sources":[{"property":"","dataset":"OpenStreetMap","license":"ODbL-1.0","record_id":"n11374971721@1","update_time":"2023-11-25T09:22:16Z","confidence":null,"between":null,"provider":"osm","resource":"planet","version":"2026-09-09"}],"k10_inside_bbox":true}},{"type":"Feature","id":"faed3355-741c-42fb-8041-553c906e0bbc","geometry":{"type":"Point","coordinates":[69.6033454,42.3093631]},"properties":{"city":"shymkent","overture_id":"faed3355-741c-42fb-8041-553c906e0bbc","overture_version":1,"sources":[{"property":"","dataset":"OpenStreetMap","license":"ODbL-1.0","record_id":"n8221363065@4","update_time":"2022-10-21T07:36:01Z","confidence":null,"between":null,"provider":"osm","resource":"planet","version":"2026-09-09"}],"k10_inside_bbox":true}},{"type":"Feature","id":"faf7866a-b459-42b6-af27-3254633bf4f4","geometry":{"type":"Point","coordinates":[69.6127789,42.3090539]},"properties":{"city":"shymkent","overture_id":"faf7866a-b459-42b6-af27-3254633bf4f4","overture_version":1,"sources":[{"property":"","dataset":"OpenStreetMap","license":"ODbL-1.0","record_id":"n5444349451@2","update_time":"2022-10-31T12:08:23Z","confidence":null,"between":null,"provider":"osm","resource":"planet","version":"2026-09-09"}],"k10_inside_bbox":true}},{"type":"Feature","id":"fb076a58-432f-484c-a840-11a0c8948dfa","geometry":{"type":"Point","coordinates":[69.596654,42.3191409]},"properties":{"city":"shymkent","overture_id":"fb076a58-432f-484c-a840-11a0c8948dfa","overture_version":1,"sources":[{"property":"","dataset":"OpenStreetMap","license":"ODbL-1.0","record_id":"n10731921370@1","update_time":"2023-03-13T03:38:15Z","confidence":null,"between":null,"provider":"osm","resource":"planet","version":"2026-09-09"}],"k10_inside_bbox":true}},{"type":"Feature","id":"fb0c612c-c482-4b2e-adf6-82cec291a094","geometry":{"type":"Point","coordinates":[69.613235,42.3203241]},"properties":{"city":"shymkent","overture_id":"fb0c612c-c482-4b2e-adf6-82cec291a094","overture_version":1,"sources":[{"property":"","dataset":"OpenStreetMap","license":"ODbL-1.0","record_id":"n9546591340@1","update_time":"2022-03-01T06:33:48Z","confidence":null,"between":null,"provider":"osm","resource":"planet","version":"2026-09-09"}],"k10_inside_bbox":true}},{"type":"Feature","id":"fb27fb66-e252-48e3-b766-e8484c600480","geometry":{"type":"Point","coordinates":[69.6144202,42.3181903]},"properties":{"city":"shymkent","overture_id":"fb27fb66-e252-48e3-b766-e8484c600480","overture_version":1,"sources":[{"property":"","dataset":"OpenStreetMap","license":"ODbL-1.0","record_id":"n5401348218@1","update_time":"2018-02-09T14:58:07Z","confidence":null,"between":null,"provider":"osm","resource":"planet","version":"2026-09-09"}],"k10_inside_bbox":true}},{"type":"Feature","id":"fb31bd7f-2c3d-4c91-8774-bd040a25ec22","geometry":{"type":"Point","coordinates":[69.6174935,42.3111508]},"properties":{"city":"shymkent","overture_id":"fb31bd7f-2c3d-4c91-8774-bd040a25ec22","overture_version":1,"sources":[{"property":"","dataset":"OpenStreetMap","license":"ODbL-1.0","record_id":"n4336501391@1","update_time":"2016-08-05T04:56:29Z","confidence":null,"between":null,"provider":"osm","resource":"planet","version":"2026-09-09"}],"k10_inside_bbox":true}},{"type":"Feature","id":"fb746d63-087f-4010-a7ac-74158cac8894","geometry":{"type":"Point","coordinates":[69.6006444,42.3148881]},"properties":{"city":"shymkent","overture_id":"fb746d63-087f-4010-a7ac-74158cac8894","overture_version":1,"sources":[{"property":"","dataset":"OpenStreetMap","license":"ODbL-1.0","record_id":"n13083815838@1","update_time":"2025-08-20T06:31:37Z","confidence":null,"between":null,"provider":"osm","resource":"planet","version":"2026-09-09"}],"k10_inside_bbox":true}},{"type":"Feature","id":"fb77c3b1-ad92-42db-b6bc-a21061fb6ff0","geometry":{"type":"Point","coordinates":[69.6073699,42.3187996]},"properties":{"city":"shymkent","overture_id":"fb77c3b1-ad92-42db-b6bc-a21061fb6ff0","overture_version":1,"sources":[{"property":"","dataset":"OpenStreetMap","license":"ODbL-1.0","record_id":"n10755284712@1","update_time":"2023-03-23T06:02:04Z","confidence":null,"between":null,"provider":"osm","resource":"planet","version":"2026-09-09"}],"k10_inside_bbox":true}},{"type":"Feature","id":"fb87292c-82e7-46bc-9686-a74b34274e65","geometry":{"type":"Point","coordinates":[69.610335,42.3102388]},"properties":{"city":"shymkent","overture_id":"fb87292c-82e7-46bc-9686-a74b34274e65","overture_version":1,"sources":[{"property":"","dataset":"OpenStreetMap","license":"ODbL-1.0","record_id":"n1236371202@3","update_time":"2011-09-12T12:02:26Z","confidence":null,"between":null,"provider":"osm","resource":"planet","version":"2026-09-09"}],"k10_inside_bbox":true}},{"type":"Feature","id":"fba995ca-f651-4607-9949-29ebd0bccfdc","geometry":{"type":"Point","coordinates":[69.5977688,42.31986]},"properties":{"city":"shymkent","overture_id":"fba995ca-f651-4607-9949-29ebd0bccfdc","overture_version":1,"sources":[{"property":"","dataset":"OpenStreetMap","license":"ODbL-1.0","record_id":"n10731921355@1","update_time":"2023-03-13T03:38:15Z","confidence":null,"between":null,"provider":"osm","resource":"planet","version":"2026-09-09"}],"k10_inside_bbox":true}},{"type":"Feature","id":"fbabfc7d-d7bb-48c9-9c36-7171c1620cd3","geometry":{"type":"Point","coordinates":[69.6011301,42.3095007]},"properties":{"city":"shymkent","overture_id":"fbabfc7d-d7bb-48c9-9c36-7171c1620cd3","overture_version":3,"sources":[{"property":"","dataset":"OpenStreetMap","license":"ODbL-1.0","record_id":"n11138860298@3","update_time":"2025-11-16T17:33:45Z","confidence":null,"between":null,"provider":"osm","resource":"planet","version":"2026-09-09"}],"k10_inside_bbox":true}},{"type":"Feature","id":"fbf8c404-b92c-4c26-8083-5ed14797a5cc","geometry":{"type":"Point","coordinates":[69.6067931,42.3135395]},"properties":{"city":"shymkent","overture_id":"fbf8c404-b92c-4c26-8083-5ed14797a5cc","overture_version":1,"sources":[{"property":"","dataset":"OpenStreetMap","license":"ODbL-1.0","record_id":"n11057963572@2","update_time":"2024-09-05T07:06:14Z","confidence":null,"between":null,"provider":"osm","resource":"planet","version":"2026-09-09"}],"k10_inside_bbox":true}},{"type":"Feature","id":"fc0bc9b3-91ff-4c9c-8b43-5a7478b74921","geometry":{"type":"Point","coordinates":[69.6093802,42.3113123]},"properties":{"city":"shymkent","overture_id":"fc0bc9b3-91ff-4c9c-8b43-5a7478b74921","overture_version":1,"sources":[{"property":"","dataset":"OpenStreetMap","license":"ODbL-1.0","record_id":"n1848703839@2","update_time":"2022-10-31T12:08:23Z","confidence":null,"between":null,"provider":"osm","resource":"planet","version":"2026-09-09"}],"k10_inside_bbox":true}},{"type":"Feature","id":"fc26d9a7-6bf2-42ed-a752-f873f3aefd35","geometry":{"type":"Point","coordinates":[69.6025193,42.3153314]},"properties":{"city":"shymkent","overture_id":"fc26d9a7-6bf2-42ed-a752-f873f3aefd35","overture_version":1,"sources":[{"property":"","dataset":"OpenStreetMap","license":"ODbL-1.0","record_id":"n13888881208@1","update_time":"2026-05-27T17:08:16Z","confidence":null,"between":null,"provider":"osm","resource":"planet","version":"2026-09-09"}],"k10_inside_bbox":true}},{"type":"Feature","id":"fc3f12b1-150f-4b7f-9847-b433ee5d7fcb","geometry":{"type":"Point","coordinates":[69.6146764,42.3230729]},"properties":{"city":"shymkent","overture_id":"fc3f12b1-150f-4b7f-9847-b433ee5d7fcb","overture_version":1,"sources":[{"property":"","dataset":"OpenStreetMap","license":"ODbL-1.0","record_id":"n5401348265@1","update_time":"2018-02-09T14:58:08Z","confidence":null,"between":null,"provider":"osm","resource":"planet","version":"2026-09-09"}],"k10_inside_bbox":true}},{"type":"Feature","id":"fc6cd644-80b8-46cb-af99-b77c859d1384","geometry":{"type":"Point","coordinates":[69.6066704,42.311559]},"properties":{"city":"shymkent","overture_id":"fc6cd644-80b8-46cb-af99-b77c859d1384","overture_version":1,"sources":[{"property":"","dataset":"OpenStreetMap","license":"ODbL-1.0","record_id":"n5492614955@2","update_time":"2020-12-04T03:42:22Z","confidence":null,"between":null,"provider":"osm","resource":"planet","version":"2026-09-09"}],"k10_inside_bbox":true}},{"type":"Feature","id":"fca5357f-23d9-4628-b974-b3b48f8c2a98","geometry":{"type":"Point","coordinates":[69.6099355,42.3058981]},"properties":{"city":"shymkent","overture_id":"fca5357f-23d9-4628-b974-b3b48f8c2a98","overture_version":1,"sources":[{"property":"","dataset":"OpenStreetMap","license":"ODbL-1.0","record_id":"n11384193510@1","update_time":"2023-11-29T17:35:01Z","confidence":null,"between":null,"provider":"osm","resource":"planet","version":"2026-09-09"}],"k10_inside_bbox":false}},{"type":"Feature","id":"fd01c7c7-2d85-4154-b0cc-1bf9585fdfca","geometry":{"type":"Point","coordinates":[69.5947762,42.3057253]},"properties":{"city":"shymkent","overture_id":"fd01c7c7-2d85-4154-b0cc-1bf9585fdfca","overture_version":1,"sources":[{"property":"","dataset":"OpenStreetMap","license":"ODbL-1.0","record_id":"n11148559470@1","update_time":"2023-08-27T16:41:50Z","confidence":null,"between":null,"provider":"osm","resource":"planet","version":"2026-09-09"}],"k10_inside_bbox":false}},{"type":"Feature","id":"fd072ba5-caa7-4238-8997-a47d25e52ca7","geometry":{"type":"Point","coordinates":[69.6122851,42.3148551]},"properties":{"city":"shymkent","overture_id":"fd072ba5-caa7-4238-8997-a47d25e52ca7","overture_version":1,"sources":[{"property":"","dataset":"OpenStreetMap","license":"ODbL-1.0","record_id":"n304263422@9","update_time":"2018-08-31T21:27:47Z","confidence":null,"between":null,"provider":"osm","resource":"planet","version":"2026-09-09"}],"k10_inside_bbox":true}},{"type":"Feature","id":"fd1581b4-7c52-460c-9207-5a92596eaded","geometry":{"type":"Point","coordinates":[69.6073419,42.3129107]},"properties":{"city":"shymkent","overture_id":"fd1581b4-7c52-460c-9207-5a92596eaded","overture_version":1,"sources":[{"property":"","dataset":"OpenStreetMap","license":"ODbL-1.0","record_id":"n11384184928@1","update_time":"2023-11-29T17:35:01Z","confidence":null,"between":null,"provider":"osm","resource":"planet","version":"2026-09-09"}],"k10_inside_bbox":true}},{"type":"Feature","id":"fd6183a8-28dd-4a50-a2ca-b688c57ee44a","geometry":{"type":"Point","coordinates":[69.5994465,42.3343369]},"properties":{"city":"shymkent","overture_id":"fd6183a8-28dd-4a50-a2ca-b688c57ee44a","overture_version":1,"sources":[{"property":"","dataset":"OpenStreetMap","license":"ODbL-1.0","record_id":"n11929131771@1","update_time":"2024-05-23T18:00:15Z","confidence":null,"between":null,"provider":"osm","resource":"planet","version":"2026-09-09"}],"k10_inside_bbox":false}},{"type":"Feature","id":"fd71b21a-df16-4d15-85b0-8908fc5a0534","geometry":{"type":"Point","coordinates":[69.5946901,42.3232045]},"properties":{"city":"shymkent","overture_id":"fd71b21a-df16-4d15-85b0-8908fc5a0534","overture_version":1,"sources":[{"property":"","dataset":"OpenStreetMap","license":"ODbL-1.0","record_id":"n11929131782@1","update_time":"2024-05-23T18:00:15Z","confidence":null,"between":null,"provider":"osm","resource":"planet","version":"2026-09-09"}],"k10_inside_bbox":true}},{"type":"Feature","id":"fd8bf96a-52e0-4ef1-865e-9dadde7469ea","geometry":{"type":"Point","coordinates":[69.5961854,42.3196558]},"properties":{"city":"shymkent","overture_id":"fd8bf96a-52e0-4ef1-865e-9dadde7469ea","overture_version":1,"sources":[{"property":"","dataset":"OpenStreetMap","license":"ODbL-1.0","record_id":"n10731921373@1","update_time":"2023-03-13T03:38:15Z","confidence":null,"between":null,"provider":"osm","resource":"planet","version":"2026-09-09"}],"k10_inside_bbox":true}},{"type":"Feature","id":"fe00a699-a5d1-4bee-a1d2-0c9939d55dc1","geometry":{"type":"Point","coordinates":[69.6119273,42.3098713]},"properties":{"city":"shymkent","overture_id":"fe00a699-a5d1-4bee-a1d2-0c9939d55dc1","overture_version":1,"sources":[{"property":"","dataset":"OpenStreetMap","license":"ODbL-1.0","record_id":"n11384193380@1","update_time":"2023-11-29T17:35:01Z","confidence":null,"between":null,"provider":"osm","resource":"planet","version":"2026-09-09"}],"k10_inside_bbox":true}},{"type":"Feature","id":"fe9d6331-414d-47b6-bcd2-0aa7f6ad05c0","geometry":{"type":"Point","coordinates":[69.613982,42.317223]},"properties":{"city":"shymkent","overture_id":"fe9d6331-414d-47b6-bcd2-0aa7f6ad05c0","overture_version":1,"sources":[{"property":"","dataset":"OpenStreetMap","license":"ODbL-1.0","record_id":"n5401348219@1","update_time":"2018-02-09T14:58:07Z","confidence":null,"between":null,"provider":"osm","resource":"planet","version":"2026-09-09"}],"k10_inside_bbox":true}},{"type":"Feature","id":"fed46996-c93a-4211-804b-2c5a48509e8e","geometry":{"type":"Point","coordinates":[69.6162301,42.3139103]},"properties":{"city":"shymkent","overture_id":"fed46996-c93a-4211-804b-2c5a48509e8e","overture_version":1,"sources":[{"property":"","dataset":"OpenStreetMap","license":"ODbL-1.0","record_id":"n1602136690@4","update_time":"2012-11-10T20:31:52Z","confidence":null,"between":null,"provider":"osm","resource":"planet","version":"2026-09-09"}],"k10_inside_bbox":true}},{"type":"Feature","id":"fede44c4-f0ef-4b91-8d85-a360d67b411c","geometry":{"type":"Point","coordinates":[69.6038142,42.313464]},"properties":{"city":"shymkent","overture_id":"fede44c4-f0ef-4b91-8d85-a360d67b411c","overture_version":1,"sources":[{"property":"","dataset":"OpenStreetMap","license":"ODbL-1.0","record_id":"n1326355165@2","update_time":"2011-09-06T11:47:56Z","confidence":null,"between":null,"provider":"osm","resource":"planet","version":"2026-09-09"}],"k10_inside_bbox":true}},{"type":"Feature","id":"ff00a944-8010-442e-89bc-63a93df8cc68","geometry":{"type":"Point","coordinates":[69.5931788,42.3177225]},"properties":{"city":"shymkent","overture_id":"ff00a944-8010-442e-89bc-63a93df8cc68","overture_version":2,"sources":[{"property":"","dataset":"OpenStreetMap","license":"ODbL-1.0","record_id":"n8163458278@2","update_time":"2025-06-29T06:12:14Z","confidence":null,"between":null,"provider":"osm","resource":"planet","version":"2026-09-09"}],"k10_inside_bbox":false}},{"type":"Feature","id":"ff014af6-9755-4b51-a1eb-f91e8bc3ee1e","geometry":{"type":"Point","coordinates":[69.6001375,42.3205041]},"properties":{"city":"shymkent","overture_id":"ff014af6-9755-4b51-a1eb-f91e8bc3ee1e","overture_version":1,"sources":[{"property":"","dataset":"OpenStreetMap","license":"ODbL-1.0","record_id":"n8236199553@1","update_time":"2020-12-17T03:03:38Z","confidence":null,"between":null,"provider":"osm","resource":"planet","version":"2026-09-09"}],"k10_inside_bbox":true}},{"type":"Feature","id":"ff047df0-9429-495b-8d94-6b550b427800","geometry":{"type":"Point","coordinates":[69.6021879,42.3140678]},"properties":{"city":"shymkent","overture_id":"ff047df0-9429-495b-8d94-6b550b427800","overture_version":1,"sources":[{"property":"","dataset":"OpenStreetMap","license":"ODbL-1.0","record_id":"n1236371273@6","update_time":"2024-09-05T07:06:14Z","confidence":null,"between":null,"provider":"osm","resource":"planet","version":"2026-09-09"}],"k10_inside_bbox":true}},{"type":"Feature","id":"ff080fd1-86d2-4b6a-9f08-5dd6382365ae","geometry":{"type":"Point","coordinates":[69.5976296,42.3209653]},"properties":{"city":"shymkent","overture_id":"ff080fd1-86d2-4b6a-9f08-5dd6382365ae","overture_version":1,"sources":[{"property":"","dataset":"OpenStreetMap","license":"ODbL-1.0","record_id":"n11934561828@1","update_time":"2024-05-26T08:47:45Z","confidence":null,"between":null,"provider":"osm","resource":"planet","version":"2026-09-09"}],"k10_inside_bbox":true}},{"type":"Feature","id":"ff0fae31-b956-43ff-a730-523692146797","geometry":{"type":"Point","coordinates":[69.6080115,42.3163359]},"properties":{"city":"shymkent","overture_id":"ff0fae31-b956-43ff-a730-523692146797","overture_version":1,"sources":[{"property":"","dataset":"OpenStreetMap","license":"ODbL-1.0","record_id":"n11375783528@2","update_time":"2024-09-05T07:06:14Z","confidence":null,"between":null,"provider":"osm","resource":"planet","version":"2026-09-09"}],"k10_inside_bbox":true}},{"type":"Feature","id":"ff3d1806-450c-4fe1-b5a9-ea858afc49be","geometry":{"type":"Point","coordinates":[69.5923886,42.3242139]},"properties":{"city":"shymkent","overture_id":"ff3d1806-450c-4fe1-b5a9-ea858afc49be","overture_version":1,"sources":[{"property":"","dataset":"OpenStreetMap","license":"ODbL-1.0","record_id":"n4346752005@1","update_time":"2016-08-12T03:59:58Z","confidence":null,"between":null,"provider":"osm","resource":"planet","version":"2026-09-09"}],"k10_inside_bbox":false}},{"type":"Feature","id":"ff6c34bc-20de-474b-b243-c0696af40904","geometry":{"type":"Point","coordinates":[69.616863,42.3153337]},"properties":{"city":"shymkent","overture_id":"ff6c34bc-20de-474b-b243-c0696af40904","overture_version":1,"sources":[{"property":"","dataset":"OpenStreetMap","license":"ODbL-1.0","record_id":"n10975610422@1","update_time":"2023-06-14T02:18:44Z","confidence":null,"between":null,"provider":"osm","resource":"planet","version":"2026-09-09"}],"k10_inside_bbox":true}},{"type":"Feature","id":"ffa05788-20a1-4880-b0b6-12b8ce869ab4","geometry":{"type":"Point","coordinates":[69.6119823,42.3154493]},"properties":{"city":"shymkent","overture_id":"ffa05788-20a1-4880-b0b6-12b8ce869ab4","overture_version":1,"sources":[{"property":"","dataset":"OpenStreetMap","license":"ODbL-1.0","record_id":"n1848704990@1","update_time":"2012-08-02T17:18:35Z","confidence":null,"between":null,"provider":"osm","resource":"planet","version":"2026-09-09"}],"k10_inside_bbox":true}},{"type":"Feature","id":"ffb15a9c-5681-4f92-a3ea-82ccb84789f0","geometry":{"type":"Point","coordinates":[69.603551,42.3197105]},"properties":{"city":"shymkent","overture_id":"ffb15a9c-5681-4f92-a3ea-82ccb84789f0","overture_version":1,"sources":[{"property":"","dataset":"OpenStreetMap","license":"ODbL-1.0","record_id":"n8169520611@1","update_time":"2020-11-27T05:55:09Z","confidence":null,"between":null,"provider":"osm","resource":"planet","version":"2026-09-09"}],"k10_inside_bbox":true}},{"type":"Feature","id":"ffba3a3b-3198-447d-aece-8d7eb00c8e35","geometry":{"type":"Point","coordinates":[69.5976277,42.3199063]},"properties":{"city":"shymkent","overture_id":"ffba3a3b-3198-447d-aece-8d7eb00c8e35","overture_version":1,"sources":[{"property":"","dataset":"OpenStreetMap","license":"ODbL-1.0","record_id":"n1240735769@3","update_time":"2011-08-31T04:22:53Z","confidence":null,"between":null,"provider":"osm","resource":"planet","version":"2026-09-09"}],"k10_inside_bbox":true}},{"type":"Feature","id":"ffc9ab86-c2b6-4d04-87ed-f949a1a4e891","geometry":{"type":"Point","coordinates":[69.5995534,42.3148725]},"properties":{"city":"shymkent","overture_id":"ffc9ab86-c2b6-4d04-87ed-f949a1a4e891","overture_version":1,"sources":[{"property":"","dataset":"OpenStreetMap","license":"ODbL-1.0","record_id":"n12964257055@1","update_time":"2025-06-30T11:21:35Z","confidence":null,"between":null,"provider":"osm","resource":"planet","version":"2026-09-09"}],"k10_inside_bbox":true}},{"type":"Feature","id":"ffd0efac-b8f1-42fe-afd0-a6c87397b9c3","geometry":{"type":"Point","coordinates":[69.6129308,42.3062724]},"properties":{"city":"shymkent","overture_id":"ffd0efac-b8f1-42fe-afd0-a6c87397b9c3","overture_version":1,"sources":[{"property":"","dataset":"OpenStreetMap","license":"ODbL-1.0","record_id":"n5492609350@1","update_time":"2018-03-21T04:35:59Z","confidence":null,"between":null,"provider":"osm","resource":"planet","version":"2026-09-09"}],"k10_inside_bbox":false}},{"type":"Feature","id":"ffe8f258-9783-4ab9-acea-9e32eb5a805e","geometry":{"type":"Point","coordinates":[69.5959055,42.3173078]},"properties":{"city":"shymkent","overture_id":"ffe8f258-9783-4ab9-acea-9e32eb5a805e","overture_version":1,"sources":[{"property":"","dataset":"OpenStreetMap","license":"ODbL-1.0","record_id":"n12960597099@1","update_time":"2025-06-29T06:12:14Z","confidence":null,"between":null,"provider":"osm","resource":"planet","version":"2026-09-09"}],"k10_inside_bbox":true}}]}