task_key,analysis,slice,size,n_candidates,n_points,family,k_cases,budget_ratio,max_selected,seed,budget,n_sources,distinct_exclusion_sets,excluded_records_max,noop_cases,all_cases_noop,status,resilience_problem_digest,nominal_ids,robust_ids,same_plan,nominal_cost,robust_cost,nominal_W_unknown,nominal_W_wsum,nominal_W_max,robust_W_unknown,robust_W_wsum,robust_W_max,nominal_base_unknown,nominal_base_wsum,robust_base_unknown,robust_base_wsum,nominal_worst_case_ids,robust_worst_case_ids,base_in_worst_nominal,base_in_worst_robust,nominal_worst_n,robust_worst_n,W_improvement,worst_mean_gain_m,W_max_component_gain_m,price_m,price_null_reason,evaluated,feasible_count,subsets_total
main|shymkent_school|S|single|k1|br0.5|ms3|s0,main,shymkent_school,S,4,5,single,1,0.5,3,0,1015,15,1,1,1,1,optimal,sha256:53243545424e1d5c0c645516488c2781bc9b4dcead90819dc7e29fd4b8cc23eb,,,1,0,0,0,62086082,373680,0,62086082,373680,0,62086082,0,62086082,base single0,base single0,1,1,2,2,none,0.000000,0.000000,0.000000,,7,7,16
main|shymkent_school|S|single|k3|br0.5|ms3|s0,main,shymkent_school,S,4,5,single,3,0.5,3,0,1015,15,3,1,3,1,optimal,sha256:0f6818e120b0e6115e38fa252f08b567bb7c964cceb130b6786a07d1cf5cbf92,,,1,0,0,0,62086082,373680,0,62086082,373680,0,62086082,0,62086082,base single0 single1 single2,base single0 single1 single2,1,1,4,4,none,0.000000,0.000000,0.000000,,7,7,16
main|shymkent_school|S|single|k7|br0.5|ms3|s0,main,shymkent_school,S,4,5,single,7,0.5,3,0,1015,15,7,1,5,0,optimal,sha256:41a5a2a5874a7265542360d306933acd5fba555e8728c4b265cfbd2d748cf4fc,,,1,0,0,0,74665484,535701,0,74665484,535701,0,62086082,0,62086082,single0,single0,0,0,1,1,none,0.000000,0.000000,0.000000,,7,7,16
main|shymkent_school|S|pair|k1|br0.5|ms3|s0,main,shymkent_school,S,4,5,pair,1,0.5,3,0,1015,15,1,2,1,1,optimal,sha256:aa49384ec48519728f246f58d120d2dc49dfcfe88f040b9e5471679be5122d7d,,,1,0,0,0,62086082,373680,0,62086082,373680,0,62086082,0,62086082,base pair0,base pair0,1,1,2,2,none,0.000000,0.000000,0.000000,,7,7,16
main|shymkent_school|S|pair|k3|br0.5|ms3|s0,main,shymkent_school,S,4,5,pair,3,0.5,3,0,1015,15,3,2,1,0,optimal,sha256:99c841041c109db32afd0f97da1a967b164dd35bb66268cf97f6bae75114537a,,,1,0,0,0,67648037,373680,0,67648037,373680,0,62086082,0,62086082,pair0,pair0,0,0,1,1,none,0.000000,0.000000,0.000000,,7,7,16
main|shymkent_school|S|pair|k7|br0.5|ms3|s0,main,shymkent_school,S,4,5,pair,7,0.5,3,0,1015,15,7,2,4,0,optimal,sha256:bc0253a01c5650d76c4a6acc6eb8b2a8ad518e45881024099c998b4b1075fec2,,,1,0,0,0,74665484,535701,0,74665484,535701,0,62086082,0,62086082,pair3 pair5,pair3 pair5,0,0,2,2,none,0.000000,0.000000,0.000000,,7,7,16
main|shymkent_school|S|cluster|k1|br0.5|ms3|s0,main,shymkent_school,S,4,5,cluster,1,0.5,3,0,1015,15,1,3,0,0,optimal,sha256:7b624f2e0a13f00a7b82ae9d22af94ed68e0cbd93554f5b9249ba450e85025dc,,,1,0,0,0,92500952,522745,0,92500952,522745,0,62086082,0,62086082,cluster0,cluster0,0,0,1,1,none,0.000000,0.000000,0.000000,,7,7,16
main|shymkent_school|S|cluster|k3|br0.5|ms3|s0,main,shymkent_school,S,4,5,cluster,3,0.5,3,0,1015,15,2,3,0,0,optimal,sha256:4cc7082beb72a68c93c8a2b130c935c09194f5e5b7db729e17013c5b118767c8,,,1,0,0,0,85084617,435494,0,85084617,435494,0,62086082,0,62086082,cluster0 cluster2,cluster0 cluster2,0,0,2,2,none,0.000000,0.000000,0.000000,,7,7,16
main|shymkent_school|S|cluster|k7|br0.5|ms3|s0,main,shymkent_school,S,4,5,cluster,7,0.5,3,0,1015,15,4,3,0,0,optimal,sha256:fbcd5ddec135b56dd079de755a025a4815728f849712c7716b0baa6ea3cdd9dd,,,1,0,0,0,85084617,435494,0,85084617,435494,0,62086082,0,62086082,cluster1 cluster2,cluster1 cluster2,0,0,2,2,none,0.000000,0.000000,0.000000,,7,7,16
main|shymkent_school|S|attribute|k3|br0.5|ms3|s0,main,shymkent_school,S,4,5,attribute,3,0.5,3,0,1015,15,3,9,0,0,optimal,sha256:e5379617145e5aa45cd0319d3b9395fd0f44482f8900a8839313d3071510a779,,,1,0,0,0,85801633,535701,0,85801633,535701,0,62086082,0,62086082,low_or_qa,low_or_qa,0,0,1,1,none,0.000000,0.000000,0.000000,,7,7,16
main|shymkent_school|S|all_disabled|k1|br0.5|ms3|s0,main,shymkent_school,S,4,5,all_disabled,1,0.5,3,0,1015,15,1,15,0,0,optimal,sha256:2086c51667a02c4cbe862c45db47536771f38f8e94667e202ef4520809cb0fb9,,c01 c02,0,0,965,5,0,,0,178680110,1062247,0,62086082,0,62086082,all,all,0,0,1,1,unknown,,,0.000000,,7,7,16
main|shymkent_school|S|single|k1|br0.5|ms3|s1,main,shymkent_school,S,4,5,single,1,0.5,3,1,768,15,1,1,1,1,optimal,sha256:f7fde3ea6190a3736206f842c2a1b62494debe2595a6cc93b564ef250d45782b,c03,c03,1,357,357,0,47939151,312219,0,47939151,312219,0,47939151,0,47939151,base single0,base single0,1,1,2,2,none,0.000000,0.000000,0.000000,,7,7,16
main|shymkent_school|S|single|k3|br0.5|ms3|s1,main,shymkent_school,S,4,5,single,3,0.5,3,1,768,15,3,1,3,1,optimal,sha256:5697ec4a0ea6dc97a1e234cab5314434ba85eaea47f797d4e14af915df0eb9cf,c03,c03,1,357,357,0,47939151,312219,0,47939151,312219,0,47939151,0,47939151,base single0 single1 single2,base single0 single1 single2,1,1,4,4,none,0.000000,0.000000,0.000000,,7,7,16
main|shymkent_school|S|single|k7|br0.5|ms3|s1,main,shymkent_school,S,4,5,single,7,0.5,3,1,768,15,7,1,4,0,optimal,sha256:a88867944d1a80ce444c210019c345a1dd163d6abc1d728a94fa03df5219994e,c03,c03,1,357,357,0,59010655,452151,0,59010655,452151,0,47939151,0,47939151,single5,single5,0,0,1,1,none,0.000000,0.000000,0.000000,,7,7,16
main|shymkent_school|S|pair|k1|br0.5|ms3|s1,main,shymkent_school,S,4,5,pair,1,0.5,3,1,768,15,1,2,1,1,optimal,sha256:c4e36b49b28045ce11d79875cdb68863074c9dae03961c265f61852e8b017ce2,c03,c03,1,357,357,0,47939151,312219,0,47939151,312219,0,47939151,0,47939151,base pair0,base pair0,1,1,2,2,none,0.000000,0.000000,0.000000,,7,7,16
main|shymkent_school|S|pair|k3|br0.5|ms3|s1,main,shymkent_school,S,4,5,pair,3,0.5,3,1,768,15,3,2,1,0,optimal,sha256:079189d31450ac868f871da1de359d47677241e8ad857632e84e88eaa064b062,c03,c03,1,357,357,0,47939151,312219,0,47939151,312219,0,47939151,0,47939151,base pair0 pair1 pair2,base pair0 pair1 pair2,1,1,4,4,none,0.000000,0.000000,0.000000,,7,7,16
main|shymkent_school|S|pair|k7|br0.5|ms3|s1,main,shymkent_school,S,4,5,pair,7,0.5,3,1,768,15,7,2,3,0,optimal,sha256:adf174549a0923b28e657818d24425412320f5323bed94f81445916e26bfc21e,c03,c03,1,357,357,0,59010655,452151,0,59010655,452151,0,47939151,0,47939151,pair1,pair1,0,0,1,1,none,0.000000,0.000000,0.000000,,7,7,16
main|shymkent_school|S|cluster|k1|br0.5|ms3|s1,main,shymkent_school,S,4,5,cluster,1,0.5,3,1,768,15,1,3,0,0,optimal,sha256:e84936653c90cc90c745b054bf2a0fb0d474f4b563efea9980657e45fdb18c19,c03,c03,1,357,357,0,55272669,323172,0,55272669,323172,0,47939151,0,47939151,cluster0,cluster0,0,0,1,1,none,0.000000,0.000000,0.000000,,7,7,16
main|shymkent_school|S|cluster|k3|br0.5|ms3|s1,main,shymkent_school,S,4,5,cluster,3,0.5,3,1,768,15,2,3,0,0,optimal,sha256:eb546ffaec8cfc72e772c6ef97b5d05aa3479081bad83c9934ba46d47ec41e16,c03,c03,1,357,357,0,61073164,523272,0,61073164,523272,0,47939151,0,47939151,cluster1,cluster1,0,0,1,1,none,0.000000,0.000000,0.000000,,7,7,16
main|shymkent_school|S|cluster|k7|br0.5|ms3|s1,main,shymkent_school,S,4,5,cluster,7,0.5,3,1,768,15,6,3,2,0,optimal,sha256:3cc792176f507c57451a28f4233e3bbab5238c96d4c546ca6a4d747e074dc3b2,c03,c03,1,357,357,0,59010655,452151,0,59010655,452151,0,47939151,0,47939151,cluster2,cluster2,0,0,1,1,none,0.000000,0.000000,0.000000,,7,7,16
main|shymkent_school|S|attribute|k3|br0.5|ms3|s1,main,shymkent_school,S,4,5,attribute,3,0.5,3,1,768,15,3,9,0,0,optimal,sha256:ff405c8064409046e25ec354e32b42e6fb03c3a13614072edbf1016f406b8638,c03,c02 c03,0,357,724,0,64270281,452151,0,64205136,452151,0,47939151,0,47939151,low_or_qa,low_or_qa,0,0,1,1,wsum,0.296114,0.000000,0.000000,,7,7,16
main|shymkent_school|S|all_disabled|k1|br0.5|ms3|s1,main,shymkent_school,S,4,5,all_disabled,1,0.5,3,1,768,15,1,15,0,0,optimal,sha256:d9a0d0b31c447c30e9f223995303e4da89b23363dcf9a647e774c23174ac74b3,c03,c02 c03,0,357,724,0,207059922,1603743,0,181571134,1462561,0,47939151,0,47939151,all,all,0,0,1,1,wsum,115.858127,141.182000,0.000000,,7,7,16
main|shymkent_school|S|single|k1|br0.5|ms3|s2,main,shymkent_school,S,4,5,single,1,0.5,3,2,722,15,1,1,1,1,optimal,sha256:abba03182daaa9a38013d1c7a77c96640087003d276f054b68f5180eb67b775b,,,1,0,0,0,45122287,296196,0,45122287,296196,0,45122287,0,45122287,base single0,base single0,1,1,2,2,none,0.000000,0.000000,0.000000,,6,6,16
main|shymkent_school|S|single|k3|br0.5|ms3|s2,main,shymkent_school,S,4,5,single,3,0.5,3,2,722,15,3,1,2,0,optimal,sha256:ddc698391cdc178605a7dafb75a953e0d54eae9e4996d0b8e81bd0361d94e3f0,,,1,0,0,0,47730109,296196,0,47730109,296196,0,45122287,0,45122287,single1,single1,0,0,1,1,none,0.000000,0.000000,0.000000,,6,6,16
main|shymkent_school|S|single|k7|br0.5|ms3|s2,main,shymkent_school,S,4,5,single,7,0.5,3,2,722,15,7,1,5,0,optimal,sha256:5e7897a48963053f2932c14cbb204eff2d114ec42757805a684ea305a6cf8842,,,1,0,0,0,68654059,546534,0,68654059,546534,0,45122287,0,45122287,single6,single6,0,0,1,1,none,0.000000,0.000000,0.000000,,6,6,16
main|shymkent_school|S|pair|k1|br0.5|ms3|s2,main,shymkent_school,S,4,5,pair,1,0.5,3,2,722,15,1,2,0,0,optimal,sha256:63661b9b79f2850fa8837180cb25d102d3a791c6b74bfef4ded209dded4a1e70,,c01,0,0,210,0,60295375,408995,0,57001777,330576,0,45122287,0,45122287,pair0,pair0,0,0,1,1,wsum,11.279445,78.419000,0.000000,,6,6,16
main|shymkent_school|S|pair|k3|br0.5|ms3|s2,main,shymkent_school,S,4,5,pair,3,0.5,3,2,722,15,3,2,0,0,optimal,sha256:00e97238fe39266ec062593bb9ea42078992463b1b0fa768bc2778a4ed93f8fb,,,1,0,0,0,68654059,546534,0,68654059,546534,0,45122287,0,45122287,pair0 pair2,pair0 pair2,0,0,2,2,none,0.000000,0.000000,0.000000,,6,6,16
main|shymkent_school|S|pair|k7|br0.5|ms3|s2,main,shymkent_school,S,4,5,pair,7,0.5,3,2,722,15,7,2,3,0,optimal,sha256:0a52d959e8745a31afcd905101b2268e9a9d3dcced52dc6d669cbd79f0266df7,,,1,0,0,0,68654059,546534,0,68654059,546534,0,45122287,0,45122287,pair0,pair0,0,0,1,1,none,0.000000,0.000000,0.000000,,6,6,16
main|shymkent_school|S|cluster|k1|br0.5|ms3|s2,main,shymkent_school,S,4,5,cluster,1,0.5,3,2,722,15,1,3,0,0,optimal,sha256:6ee0f3689a9ab56ca0f08548e7ab30bb7ce1801b40251d57e43aced6f74cf382,,,1,0,0,0,68654059,546534,0,68654059,546534,0,45122287,0,45122287,cluster0,cluster0,0,0,1,1,none,0.000000,0.000000,0.000000,,6,6,16
main|shymkent_school|S|cluster|k3|br0.5|ms3|s2,main,shymkent_school,S,4,5,cluster,3,0.5,3,2,722,15,3,3,0,0,optimal,sha256:35464429f3916f61020e825e3248674989778b12a9010cd7ae582d6621f82155,,,1,0,0,0,68654059,546534,0,68654059,546534,0,45122287,0,45122287,cluster1,cluster1,0,0,1,1,none,0.000000,0.000000,0.000000,,6,6,16
main|shymkent_school|S|cluster|k7|br0.5|ms3|s2,main,shymkent_school,S,4,5,cluster,7,0.5,3,2,722,15,5,3,0,0,optimal,sha256:74f461cdc9297eb1e1240ff8643edbd28894b036db1c5cf499b263917c4448ab,,c01,0,0,210,0,95162209,691836,0,78443719,546534,0,45122287,0,45122287,cluster2,cluster2,0,0,1,1,wsum,57.255103,145.302000,0.000000,,6,6,16
main|shymkent_school|S|attribute|k3|br0.5|ms3|s2,main,shymkent_school,S,4,5,attribute,3,0.5,3,2,722,15,3,9,0,0,optimal,sha256:335becb152dc84f42cff395072879d081a776f3ce7a4a0f084fa900aa0770266,,,1,0,0,0,94252548,577379,0,94252548,577379,0,45122287,0,45122287,low_or_qa,low_or_qa,0,0,1,1,none,0.000000,0.000000,0.000000,,6,6,16
main|shymkent_school|S|all_disabled|k1|br0.5|ms3|s2,main,shymkent_school,S,4,5,all_disabled,1,0.5,3,2,722,15,1,15,0,0,optimal,sha256:cdd6f179286b90842af891bc2fa8fced85c43f2e5ecc0d94a2c45d609fb924e4,,c03,0,0,513,5,0,,0,170681422,915025,0,45122287,0,45122287,all,all,0,0,1,1,unknown,,,0.000000,,6,6,16
main|shymkent_school|S|single|k1|br0.5|ms3|s3,main,shymkent_school,S,4,5,single,1,0.5,3,3,869,15,1,1,0,0,optimal,sha256:866853ece2580c3fde1dbb77198216444785e0845a763c2055016841e64db4c4,c02 c03,c02 c03,1,858,858,0,153148657,770336,0,153148657,770336,0,153148657,0,153148657,base single0,base single0,1,1,2,2,none,0.000000,0.000000,0.000000,,8,8,16
main|shymkent_school|S|single|k3|br0.5|ms3|s3,main,shymkent_school,S,4,5,single,3,0.5,3,3,869,15,3,1,2,0,optimal,sha256:3a050b4667fcd4b03782e470cdfc910a6ecca7eba813d580bfad3825464197f8,c02 c03,c02 c03,1,858,858,0,153148657,770336,0,153148657,770336,0,153148657,0,153148657,base single0 single1 single2,base single0 single1 single2,1,1,4,4,none,0.000000,0.000000,0.000000,,8,8,16
main|shymkent_school|S|single|k7|br0.5|ms3|s3,main,shymkent_school,S,4,5,single,7,0.5,3,3,869,15,7,1,7,1,optimal,sha256:0d4e23ed3ac56a28767b7d66fe6bdcae4291349c330b260516871596d4c14904,c02 c03,c02 c03,1,858,858,0,153148657,770336,0,153148657,770336,0,153148657,0,153148657,base single0 single1 single2 single3 single4 single5 single6,base single0 single1 single2 single3 single4 single5 single6,1,1,8,8,none,0.000000,0.000000,0.000000,,8,8,16
main|shymkent_school|S|pair|k1|br0.5|ms3|s3,main,shymkent_school,S,4,5,pair,1,0.5,3,3,869,15,1,2,0,0,optimal,sha256:874a22b0468d04e353a6a457ae8d4bc3898e0d3c39410b8dc136f5640a3a4a4d,c02 c03,c02 c03,1,858,858,0,153148657,770336,0,153148657,770336,0,153148657,0,153148657,base pair0,base pair0,1,1,2,2,none,0.000000,0.000000,0.000000,,8,8,16
main|shymkent_school|S|pair|k3|br0.5|ms3|s3,main,shymkent_school,S,4,5,pair,3,0.5,3,3,869,15,3,2,3,1,optimal,sha256:d3314f50e9daf1438b15dabb02675d21b9a8719dc8bc483aeca18832f511d0ad,c02 c03,c02 c03,1,858,858,0,153148657,770336,0,153148657,770336,0,153148657,0,153148657,base pair0 pair1 pair2,base pair0 pair1 pair2,1,1,4,4,none,0.000000,0.000000,0.000000,,8,8,16
main|shymkent_school|S|pair|k7|br0.5|ms3|s3,main,shymkent_school,S,4,5,pair,7,0.5,3,3,869,15,7,2,2,0,optimal,sha256:45269773bfd9d613e8bc05a0b3af1712e5bdc1853a6f3326649c1686f20bff4e,c02 c03,c02 c03,1,858,858,0,157405569,770336,0,157405569,770336,0,153148657,0,153148657,pair1,pair1,0,0,1,1,none,0.000000,0.000000,0.000000,,8,8,16
main|shymkent_school|S|cluster|k1|br0.5|ms3|s3,main,shymkent_school,S,4,5,cluster,1,0.5,3,3,869,15,1,3,1,1,optimal,sha256:c83b13034fa53370c0918c453f7925504892983eb7e445b55d54df2deba630b0,c02 c03,c02 c03,1,858,858,0,153148657,770336,0,153148657,770336,0,153148657,0,153148657,base cluster0,base cluster0,1,1,2,2,none,0.000000,0.000000,0.000000,,8,8,16
main|shymkent_school|S|cluster|k3|br0.5|ms3|s3,main,shymkent_school,S,4,5,cluster,3,0.5,3,3,869,15,3,3,0,0,optimal,sha256:04fdb8b8a37005d3fd400c66de6255c04cad58d1d8b4769b4009c4e24aeefc38,c02 c03,c02 c03,1,858,858,0,179544369,770336,0,179544369,770336,0,153148657,0,153148657,cluster0,cluster0,0,0,1,1,none,0.000000,0.000000,0.000000,,8,8,16
main|shymkent_school|S|cluster|k7|br0.5|ms3|s3,main,shymkent_school,S,4,5,cluster,7,0.5,3,3,869,15,7,3,1,0,optimal,sha256:c177269460854f314d1dc8bc3a56d2f7c5a50df4e1bf07ddc85fd45c59fea085,c02 c03,c02 c03,1,858,858,0,153720585,770336,0,153720585,770336,0,153148657,0,153148657,cluster3,cluster3,0,0,1,1,none,0.000000,0.000000,0.000000,,8,8,16
main|shymkent_school|S|attribute|k3|br0.5|ms3|s3,main,shymkent_school,S,4,5,attribute,3,0.5,3,3,869,15,3,9,0,0,optimal,sha256:4d04850766103b2b5076f416e2dbaf59a3417a4e0762663ad554b197e56ff15c,c02 c03,c02 c03,1,858,858,0,157747099,770336,0,157747099,770336,0,153148657,0,153148657,low_confidence low_or_qa,low_confidence low_or_qa,0,0,2,2,none,0.000000,0.000000,0.000000,,8,8,16
main|shymkent_school|S|all_disabled|k1|br0.5|ms3|s3,main,shymkent_school,S,4,5,all_disabled,1,0.5,3,3,869,15,1,15,0,0,optimal,sha256:b64ad9e07a90e11515e424d8000dae6ed495a3e2f2578b38dcf842d88aa5e431,c02 c03,c02 c03,1,858,858,0,320686959,1341129,0,320686959,1341129,0,153148657,0,153148657,all,all,0,0,1,1,none,0.000000,0.000000,0.000000,,8,8,16
main|shymkent_school|S|single|k1|br0.5|ms3|s4,main,shymkent_school,S,4,5,single,1,0.5,3,4,1127,15,1,1,0,0,optimal,sha256:f8ea5e7f4c3732c52a119b030c701dda6ee8dc00ac7e97ab87b403eba8c5e450,c00,c00 c03,0,483,810,0,124959538,895949,0,105125902,464783,0,99068116,0,99068116,single0,single0,0,0,1,1,wsum,62.963924,431.166000,0.000000,,6,6,16
main|shymkent_school|S|single|k3|br0.5|ms3|s4,main,shymkent_school,S,4,5,single,3,0.5,3,4,1127,15,3,1,3,1,optimal,sha256:1c92c0bb2ba3bd57b3d9dc462419bfedf3b1f9b3c2b07b4662e1ab05b672f6e9,c00,c00,1,483,483,0,99068116,429252,0,99068116,429252,0,99068116,0,99068116,base single0 single1 single2,base single0 single1 single2,1,1,4,4,none,0.000000,0.000000,0.000000,,6,6,16
main|shymkent_school|S|single|k7|br0.5|ms3|s4,main,shymkent_school,S,4,5,single,7,0.5,3,4,1127,15,7,1,5,0,optimal,sha256:8309783d57eee203d8d6f74e77a69a1d8ce48612443f74cae5beeb8d6d3aa622,c00,c00 c03,0,483,810,0,124959538,895949,0,105125902,464783,0,99068116,0,99068116,single5,single5,0,0,1,1,wsum,62.963924,431.166000,0.000000,,6,6,16
main|shymkent_school|S|pair|k1|br0.5|ms3|s4,main,shymkent_school,S,4,5,pair,1,0.5,3,4,1127,15,1,2,1,1,optimal,sha256:50deba26d03366fb077e098586ab0755bb4646a0239db5950e6232df28bf3e4c,c00,c00,1,483,483,0,99068116,429252,0,99068116,429252,0,99068116,0,99068116,base pair0,base pair0,1,1,2,2,none,0.000000,0.000000,0.000000,,6,6,16
main|shymkent_school|S|pair|k3|br0.5|ms3|s4,main,shymkent_school,S,4,5,pair,3,0.5,3,4,1127,15,3,2,2,0,optimal,sha256:6e87aaf288299c492fc97804da7bac78e55fb2e441c3b503da77858a0ee6feed,c00,c00 c03,0,483,810,0,124959538,895949,0,105125902,464783,0,99068116,0,99068116,pair0,pair0,0,0,1,1,wsum,62.963924,431.166000,0.000000,,6,6,16
main|shymkent_school|S|pair|k7|br0.5|ms3|s4,main,shymkent_school,S,4,5,pair,7,0.5,3,4,1127,15,7,2,3,0,optimal,sha256:244d3fcd7befbc06c23578907500115f055f1f340faaa2bf820cea1c2e81d5c4,c00,c00,1,483,483,0,106619499,429252,0,106619499,429252,0,99068116,0,99068116,pair2,pair2,0,0,1,1,none,0.000000,0.000000,0.000000,,6,6,16
main|shymkent_school|S|cluster|k1|br0.5|ms3|s4,main,shymkent_school,S,4,5,cluster,1,0.5,3,4,1127,15,1,3,1,1,optimal,sha256:722f1c28ddbeefbb728209d7669f13f3105874e1b4702634da6a53fa6daba76b,c00,c00,1,483,483,0,99068116,429252,0,99068116,429252,0,99068116,0,99068116,base cluster0,base cluster0,1,1,2,2,none,0.000000,0.000000,0.000000,,6,6,16
main|shymkent_school|S|cluster|k3|br0.5|ms3|s4,main,shymkent_school,S,4,5,cluster,3,0.5,3,4,1127,15,3,3,0,0,optimal,sha256:0afebdda923e2e9de9b32e90ad9d0b04ebc10930e0a03dd9dac77668cb829105,c00,c00,1,483,483,0,106619499,429252,0,106619499,429252,0,99068116,0,99068116,cluster2,cluster2,0,0,1,1,none,0.000000,0.000000,0.000000,,6,6,16
main|shymkent_school|S|cluster|k7|br0.5|ms3|s4,main,shymkent_school,S,4,5,cluster,7,0.5,3,4,1127,15,6,3,1,0,optimal,sha256:b4d67cc53827ad1e6f3b0919ebae2b906edb2247aa1b35fc555c4fa04ef0e4d8,c00,c00 c03,0,483,810,0,139953058,895949,0,119418382,667460,0,99068116,0,99068116,cluster6,cluster6,0,0,1,1,wsum,65.189448,228.489000,0.000000,,6,6,16
main|shymkent_school|S|attribute|k3|br0.5|ms3|s4,main,shymkent_school,S,4,5,attribute,3,0.5,3,4,1127,15,3,9,0,0,optimal,sha256:8b692bbc23631786310dd4da12ec0e60d264ce380f517d0f65789fc1ea151cec,c00,c00,1,483,483,0,106812926,496138,0,106812926,496138,0,99068116,0,99068116,low_or_qa,low_or_qa,0,0,1,1,none,0.000000,0.000000,0.000000,,6,6,16
main|shymkent_school|S|all_disabled|k1|br0.5|ms3|s4,main,shymkent_school,S,4,5,all_disabled,1,0.5,3,4,1127,15,1,15,0,0,optimal,sha256:a059e561314813af3b733afae5f455554391dbad0f992ccc8c1b7eec30ee4be7,c00,c00 c03,0,483,810,0,324630867,1676945,0,206840501,1126038,0,99068116,0,99068116,all,all,0,0,1,1,wsum,373.937670,550.907000,0.000000,,6,6,16
main|shymkent_school|S|single|k1|br0.5|ms3|s5,main,shymkent_school,S,4,5,single,1,0.5,3,5,1032,15,1,1,1,1,optimal,sha256:32e2dfa7930c3b7dfcb7ee1698e0ce7ed025045fa086ddb2be1bb49f05dfc264,c00,c00,1,639,639,0,109878645,402095,0,109878645,402095,0,109878645,0,109878645,base single0,base single0,1,1,2,2,none,0.000000,0.000000,0.000000,,5,5,16
main|shymkent_school|S|single|k3|br0.5|ms3|s5,main,shymkent_school,S,4,5,single,3,0.5,3,5,1032,15,3,1,2,0,optimal,sha256:9f7e1baa43a0ea0044c6348180aadda022043e7f04ac0f7a34cde74a168a4f1b,c00,c00,1,639,639,0,113945931,402095,0,113945931,402095,0,109878645,0,109878645,single1,single1,0,0,1,1,none,0.000000,0.000000,0.000000,,5,5,16
main|shymkent_school|S|single|k7|br0.5|ms3|s5,main,shymkent_school,S,4,5,single,7,0.5,3,5,1032,15,7,1,6,0,optimal,sha256:3ff4fcde928c69866256f6f2481d6e6d0cae2f339ee2a6484a059ed12ce9d6b7,c00,c00,1,639,639,0,125328043,402095,0,125328043,402095,0,109878645,0,109878645,single5,single5,0,0,1,1,none,0.000000,0.000000,0.000000,,5,5,16
main|shymkent_school|S|pair|k1|br0.5|ms3|s5,main,shymkent_school,S,4,5,pair,1,0.5,3,5,1032,15,1,2,1,1,optimal,sha256:c5c048481260d8e2039cd4af8919ed6ca22f07d3b126e232413b55092c5ce1d8,c00,c00,1,639,639,0,109878645,402095,0,109878645,402095,0,109878645,0,109878645,base pair0,base pair0,1,1,2,2,none,0.000000,0.000000,0.000000,,5,5,16
main|shymkent_school|S|pair|k3|br0.5|ms3|s5,main,shymkent_school,S,4,5,pair,3,0.5,3,5,1032,15,3,2,3,1,optimal,sha256:40965530395b7986486bda6519646cb73c7ff8334916359b9a175f4edebd52e0,c00,c00,1,639,639,0,109878645,402095,0,109878645,402095,0,109878645,0,109878645,base pair0 pair1 pair2,base pair0 pair1 pair2,1,1,4,4,none,0.000000,0.000000,0.000000,,5,5,16
main|shymkent_school|S|pair|k7|br0.5|ms3|s5,main,shymkent_school,S,4,5,pair,7,0.5,3,5,1032,15,7,2,4,0,optimal,sha256:4fed699b49201a77f50c82b8a34d85ebcd9989b058c4d6a1b662166d0391310c,c00,c00,1,639,639,0,125328043,402095,0,125328043,402095,0,109878645,0,109878645,pair1,pair1,0,0,1,1,none,0.000000,0.000000,0.000000,,5,5,16
main|shymkent_school|S|cluster|k1|br0.5|ms3|s5,main,shymkent_school,S,4,5,cluster,1,0.5,3,5,1032,15,1,3,0,0,optimal,sha256:81ec97c6c93463735b3ca2a180825305a9fc5ecfb8d05377cc53aa57ea9844dc,c00,c00,1,639,639,0,118974153,526691,0,118974153,526691,0,109878645,0,109878645,cluster0,cluster0,0,0,1,1,none,0.000000,0.000000,0.000000,,5,5,16
main|shymkent_school|S|cluster|k3|br0.5|ms3|s5,main,shymkent_school,S,4,5,cluster,3,0.5,3,5,1032,15,3,3,0,0,optimal,sha256:83f2a471bf86ac5f666855bd46e2a4c68d96d5629ec7e489c89a2e426b95bebc,c00,c00,1,639,639,0,142383783,566714,0,142383783,566714,0,109878645,0,109878645,cluster2,cluster2,0,0,1,1,none,0.000000,0.000000,0.000000,,5,5,16
main|shymkent_school|S|cluster|k7|br0.5|ms3|s5,main,shymkent_school,S,4,5,cluster,7,0.5,3,5,1032,15,5,3,1,0,optimal,sha256:fdd6b461c6b78d009a15ce4916cf2390a57612593bafa32b345204c97fcb6e04,c00,c00,1,639,639,0,128205460,433301,0,128205460,433301,0,109878645,0,109878645,cluster3,cluster3,0,0,1,1,none,0.000000,0.000000,0.000000,,5,5,16
main|shymkent_school|S|attribute|k3|br0.5|ms3|s5,main,shymkent_school,S,4,5,attribute,3,0.5,3,5,1032,15,3,9,0,0,optimal,sha256:a8b88431e36f8b8f6b2aaf1776bae090e55269651f840c4c1e7bd7197c67188a,c00,c00,1,639,639,0,129436225,526691,0,129436225,526691,0,109878645,0,109878645,low_or_qa,low_or_qa,0,0,1,1,none,0.000000,0.000000,0.000000,,5,5,16
main|shymkent_school|S|all_disabled|k1|br0.5|ms3|s5,main,shymkent_school,S,4,5,all_disabled,1,0.5,3,5,1032,15,1,15,0,0,optimal,sha256:ff1bd237a0035f76b8177a1e9137a235d0773dad1e06bd9cf80dfed91ee5026a,c00,c02,0,639,696,0,418958978,1529075,0,329044677,1066269,0,109878645,0,121452381,all,all,0,0,1,1,wsum,224.785753,462.806000,28.934340,,5,5,16
main|shymkent_school|S|single|k1|br0.5|ms3|s6,main,shymkent_school,S,4,5,single,1,0.5,3,6,1006,15,1,1,1,1,optimal,sha256:92a12392615d45dc76ec3609d5a0c45a716ed5a2ad6f003a0426e97bcb046859,c01 c02,c01 c02,1,336,336,0,75403810,647639,0,75403810,647639,0,75403810,0,75403810,base single0,base single0,1,1,2,2,none,0.000000,0.000000,0.000000,,6,6,16
main|shymkent_school|S|single|k3|br0.5|ms3|s6,main,shymkent_school,S,4,5,single,3,0.5,3,6,1006,15,3,1,3,1,optimal,sha256:23b45ab5df9906268300aeaa52777b0d6b284b4d227f2326fbb9392c91bda097,c01 c02,c01 c02,1,336,336,0,75403810,647639,0,75403810,647639,0,75403810,0,75403810,base single0 single1 single2,base single0 single1 single2,1,1,4,4,none,0.000000,0.000000,0.000000,,6,6,16
main|shymkent_school|S|single|k7|br0.5|ms3|s6,main,shymkent_school,S,4,5,single,7,0.5,3,6,1006,15,7,1,5,0,optimal,sha256:cd851be221c9ef09756cd1e60805423c72cd0cdffe8dd73d4a21d943aba6b1e6,c01 c02,c01 c02,1,336,336,0,75738650,647639,0,75738650,647639,0,75403810,0,75403810,single1,single1,0,0,1,1,none,0.000000,0.000000,0.000000,,6,6,16
main|shymkent_school|S|pair|k1|br0.5|ms3|s6,main,shymkent_school,S,4,5,pair,1,0.5,3,6,1006,15,1,2,1,1,optimal,sha256:274f3de08dfec7231ed5aac31c532e598090719b9aeb13c556a38b04dbd8f18c,c01 c02,c01 c02,1,336,336,0,75403810,647639,0,75403810,647639,0,75403810,0,75403810,base pair0,base pair0,1,1,2,2,none,0.000000,0.000000,0.000000,,6,6,16
main|shymkent_school|S|pair|k3|br0.5|ms3|s6,main,shymkent_school,S,4,5,pair,3,0.5,3,6,1006,15,3,2,2,0,optimal,sha256:6a82015aa8f950e97ab509c8bcf6c05df33d62ac92ead16fca9ea64091c482ad,c01 c02,c01 c02,1,336,336,0,75738650,647639,0,75738650,647639,0,75403810,0,75403810,pair2,pair2,0,0,1,1,none,0.000000,0.000000,0.000000,,6,6,16
main|shymkent_school|S|pair|k7|br0.5|ms3|s6,main,shymkent_school,S,4,5,pair,7,0.5,3,6,1006,15,7,2,2,0,optimal,sha256:90f4a6fe1417b5483398a2312cc223a8c878bfcd1fdbd8735e8b02edafcfb68f,c01 c02,c01 c02,1,336,336,0,83161050,797292,0,83161050,797292,0,75403810,0,75403810,pair4,pair4,0,0,1,1,none,0.000000,0.000000,0.000000,,6,6,16
main|shymkent_school|S|cluster|k1|br0.5|ms3|s6,main,shymkent_school,S,4,5,cluster,1,0.5,3,6,1006,15,1,3,1,1,optimal,sha256:5a3f039ebbd0e4824851165cf19d48bbc4ac8d72140fe80f6e47068537f2f45b,c01 c02,c01 c02,1,336,336,0,75403810,647639,0,75403810,647639,0,75403810,0,75403810,base cluster0,base cluster0,1,1,2,2,none,0.000000,0.000000,0.000000,,6,6,16
main|shymkent_school|S|cluster|k3|br0.5|ms3|s6,main,shymkent_school,S,4,5,cluster,3,0.5,3,6,1006,15,2,3,2,0,optimal,sha256:13c79023771ab96f6f26b036f2ccbefb98260cf1fec4a6fac8ad0d629290099c,c01 c02,c01 c02,1,336,336,0,89916304,905144,0,89916304,905144,0,75403810,0,75403810,cluster0,cluster0,0,0,1,1,none,0.000000,0.000000,0.000000,,6,6,16
main|shymkent_school|S|cluster|k7|br0.5|ms3|s6,main,shymkent_school,S,4,5,cluster,7,0.5,3,6,1006,15,6,3,4,0,optimal,sha256:3569bb4e6292f2bce220347e16afebbb94fadbeec7fce81c4d41edc7caa06b1a,c01 c02,c01 c02,1,336,336,0,89916304,905144,0,89916304,905144,0,75403810,0,75403810,cluster3,cluster3,0,0,1,1,none,0.000000,0.000000,0.000000,,6,6,16
main|shymkent_school|S|attribute|k3|br0.5|ms3|s6,main,shymkent_school,S,4,5,attribute,3,0.5,3,6,1006,15,3,9,1,0,optimal,sha256:9e6c87b9461a1d95ebeed8e647731c018696dc5619f2b4369100764ef429e485,c01 c02,c01 c02,1,336,336,0,75738650,647639,0,75738650,647639,0,75403810,0,75403810,low_confidence low_or_qa,low_confidence low_or_qa,0,0,2,2,none,0.000000,0.000000,0.000000,,6,6,16
main|shymkent_school|S|all_disabled|k1|br0.5|ms3|s6,main,shymkent_school,S,4,5,all_disabled,1,0.5,3,6,1006,15,1,15,0,0,optimal,sha256:fd04e6eeb20281a0864f3442001a648da424628efa6c5fd6ccffc5541a9e5439,c01 c02,c01 c02,1,336,336,0,96831674,992443,0,96831674,992443,0,75403810,0,75403810,all,all,0,0,1,1,none,0.000000,0.000000,0.000000,,6,6,16
main|shymkent_school|S|single|k1|br0.5|ms3|s7,main,shymkent_school,S,4,5,single,1,0.5,3,7,1288,15,1,1,1,1,optimal,sha256:b59e3ee8aa2cb2e2a598fda05b0e8f3089d9e766c18ad4a612c27bbc8b9130c4,,,1,0,0,0,87957449,549354,0,87957449,549354,0,87957449,0,87957449,base single0,base single0,1,1,2,2,none,0.000000,0.000000,0.000000,,8,8,16
main|shymkent_school|S|single|k3|br0.5|ms3|s7,main,shymkent_school,S,4,5,single,3,0.5,3,7,1288,15,3,1,3,1,optimal,sha256:9ccf8f0feda94fb37bc89d288b0a30603ae8e2eab87cc1eb718117630458c217,,,1,0,0,0,87957449,549354,0,87957449,549354,0,87957449,0,87957449,base single0 single1 single2,base single0 single1 single2,1,1,4,4,none,0.000000,0.000000,0.000000,,8,8,16
main|shymkent_school|S|single|k7|br0.5|ms3|s7,main,shymkent_school,S,4,5,single,7,0.5,3,7,1288,15,7,1,5,0,optimal,sha256:42200a366d27c4ed2447b208467142e67223022bedc30c0ad0f3e6b6c768704d,,,1,0,0,0,89790965,549354,0,89790965,549354,0,87957449,0,87957449,single1,single1,0,0,1,1,none,0.000000,0.000000,0.000000,,8,8,16
main|shymkent_school|S|pair|k1|br0.5|ms3|s7,main,shymkent_school,S,4,5,pair,1,0.5,3,7,1288,15,1,2,0,0,optimal,sha256:dc23e27610b3437c406d2bad1145f39b6cec0709cf424e6645e152a345bf307e,,,1,0,0,0,89790965,549354,0,89790965,549354,0,87957449,0,87957449,pair0,pair0,0,0,1,1,none,0.000000,0.000000,0.000000,,8,8,16
main|shymkent_school|S|pair|k3|br0.5|ms3|s7,main,shymkent_school,S,4,5,pair,3,0.5,3,7,1288,15,3,2,3,1,optimal,sha256:443cea730a792c60c49edb4c035437335c4c44eb33b4d1b0974c8ec1cd49dd7a,,,1,0,0,0,87957449,549354,0,87957449,549354,0,87957449,0,87957449,base pair0 pair1 pair2,base pair0 pair1 pair2,1,1,4,4,none,0.000000,0.000000,0.000000,,8,8,16
main|shymkent_school|S|pair|k7|br0.5|ms3|s7,main,shymkent_school,S,4,5,pair,7,0.5,3,7,1288,15,7,2,5,0,optimal,sha256:e16038624f09608317c65b185b1a2891f24a26509e1ac6568852dd5776f89891,,,1,0,0,0,89425330,549354,0,89425330,549354,0,87957449,0,87957449,pair1 pair5,pair1 pair5,0,0,2,2,none,0.000000,0.000000,0.000000,,8,8,16
main|shymkent_school|S|cluster|k1|br0.5|ms3|s7,main,shymkent_school,S,4,5,cluster,1,0.5,3,7,1288,15,1,3,1,1,optimal,sha256:4156c5151a0eb9d8b0f6cda2cf5ff2d8f18f6cb9b2a4973cd8080dd955fd1132,,,1,0,0,0,87957449,549354,0,87957449,549354,0,87957449,0,87957449,base cluster0,base cluster0,1,1,2,2,none,0.000000,0.000000,0.000000,,8,8,16
main|shymkent_school|S|cluster|k3|br0.5|ms3|s7,main,shymkent_school,S,4,5,cluster,3,0.5,3,7,1288,15,3,3,3,1,optimal,sha256:9bc81149da8d8ea256480aca6023242d89605ecc4077a298b2827c3df2599d5b,,,1,0,0,0,87957449,549354,0,87957449,549354,0,87957449,0,87957449,base cluster0 cluster1 cluster2,base cluster0 cluster1 cluster2,1,1,4,4,none,0.000000,0.000000,0.000000,,8,8,16
main|shymkent_school|S|cluster|k7|br0.5|ms3|s7,main,shymkent_school,S,4,5,cluster,7,0.5,3,7,1288,15,7,3,4,0,optimal,sha256:789167ae9dc30f7c8bae7517cd061081e91a69357443b855b940bff3464ce5a7,,,1,0,0,0,132085168,883782,0,132085168,883782,0,87957449,0,87957449,cluster0,cluster0,0,0,1,1,none,0.000000,0.000000,0.000000,,8,8,16
main|shymkent_school|S|attribute|k3|br0.5|ms3|s7,main,shymkent_school,S,4,5,attribute,3,0.5,3,7,1288,15,3,9,3,1,optimal,sha256:bacf92ef472b78dea989b00327b03a39acc291d18259a57ee67734e301d9e1b4,,,1,0,0,0,87957449,549354,0,87957449,549354,0,87957449,0,87957449,base low_confidence low_or_qa qa_flagged,base low_confidence low_or_qa qa_flagged,1,1,4,4,none,0.000000,0.000000,0.000000,,8,8,16
main|shymkent_school|S|all_disabled|k1|br0.5|ms3|s7,main,shymkent_school,S,4,5,all_disabled,1,0.5,3,7,1288,15,1,15,0,0,optimal,sha256:db29227b399987bd04fdec305b25da8dd74b1099c78de6c624233d303eec2848,,c02,0,0,856,5,0,,0,234842025,1006222,0,87957449,0,87957449,all,all,0,0,1,1,unknown,,,0.000000,,8,8,16
main|shymkent_school|S|single|k1|br0.5|ms3|s8,main,shymkent_school,S,4,5,single,1,0.5,3,8,1085,15,1,1,0,0,optimal,sha256:82dac6e5c9bf9563b020f5fa2762ee31c1887b635feaaee556028ad148333297,c01,c01,1,907,907,0,28663608,560574,0,28663608,560574,0,27338988,0,27338988,single0,single0,0,0,1,1,none,0.000000,0.000000,0.000000,,6,6,16
main|shymkent_school|S|single|k3|br0.5|ms3|s8,main,shymkent_school,S,4,5,single,3,0.5,3,8,1085,15,3,1,3,1,optimal,sha256:7bc692e82069ce00642707f7bb76b31ac4e962a730e2ef865fa61c3e2dbb54a6,c01,c01,1,907,907,0,27338988,472266,0,27338988,472266,0,27338988,0,27338988,base single0 single1 single2,base single0 single1 single2,1,1,4,4,none,0.000000,0.000000,0.000000,,6,6,16
main|shymkent_school|S|single|k7|br0.5|ms3|s8,main,shymkent_school,S,4,5,single,7,0.5,3,8,1085,15,7,1,6,0,optimal,sha256:0222b1c40bd7adb51f77d7a4a9d19978e20d9f073c74b17e3fe66dfce1d9b34a,c01,c01,1,907,907,0,28537534,699168,0,28537534,699168,0,27338988,0,27338988,single1,single1,0,0,1,1,none,0.000000,0.000000,0.000000,,6,6,16
main|shymkent_school|S|pair|k1|br0.5|ms3|s8,main,shymkent_school,S,4,5,pair,1,0.5,3,8,1085,15,1,2,1,1,optimal,sha256:dbad95928a26d957daccee6bfb3914b796cb3a187e1e5a979f457e9e3aacc6d7,c01,c01,1,907,907,0,27338988,472266,0,27338988,472266,0,27338988,0,27338988,base pair0,base pair0,1,1,2,2,none,0.000000,0.000000,0.000000,,6,6,16
main|shymkent_school|S|pair|k3|br0.5|ms3|s8,main,shymkent_school,S,4,5,pair,3,0.5,3,8,1085,15,3,2,1,0,optimal,sha256:fcac2b3d51e7352ce8ea41527997b3dcb710f129a9dd21e763a95589c729917c,c01,c01,1,907,907,0,28663608,560574,0,28663608,560574,0,27338988,0,27338988,pair1 pair2,pair1 pair2,0,0,2,2,none,0.000000,0.000000,0.000000,,6,6,16
main|shymkent_school|S|pair|k7|br0.5|ms3|s8,main,shymkent_school,S,4,5,pair,7,0.5,3,8,1085,15,7,2,2,0,optimal,sha256:0d96e5c773c308d4e4b9bbef5e94b8d945d39afcaf6875e6a812fc15f3a6fdf7,c01,c01,1,907,907,0,28663608,560574,0,28663608,560574,0,27338988,0,27338988,pair4,pair4,0,0,1,1,none,0.000000,0.000000,0.000000,,6,6,16
main|shymkent_school|S|cluster|k1|br0.5|ms3|s8,main,shymkent_school,S,4,5,cluster,1,0.5,3,8,1085,15,1,3,1,1,optimal,sha256:1fadd0aad1aacfcb8cc2a2c2016b8910e1c3eda3ceb462298ea05f15529af72e,c01,c01,1,907,907,0,27338988,472266,0,27338988,472266,0,27338988,0,27338988,base cluster0,base cluster0,1,1,2,2,none,0.000000,0.000000,0.000000,,6,6,16
main|shymkent_school|S|cluster|k3|br0.5|ms3|s8,main,shymkent_school,S,4,5,cluster,3,0.5,3,8,1085,15,3,3,0,0,optimal,sha256:51a9360a1f5f424e1cbb4b32e5876527a433bdae8550aa73d9183ac463e54914,c01,c01,1,907,907,0,28663608,560574,0,28663608,560574,0,27338988,0,27338988,cluster2,cluster2,0,0,1,1,none,0.000000,0.000000,0.000000,,6,6,16
main|shymkent_school|S|cluster|k7|br0.5|ms3|s8,main,shymkent_school,S,4,5,cluster,7,0.5,3,8,1085,15,4,3,1,0,optimal,sha256:7c382775456ee65e3f295673e3eeb58d121a5fd33ffa1b96b06d8af3c3b7c152,c01,c01,1,907,907,0,29113211,472266,0,29113211,472266,0,27338988,0,27338988,cluster2,cluster2,0,0,1,1,none,0.000000,0.000000,0.000000,,6,6,16
main|shymkent_school|S|attribute|k3|br0.5|ms3|s8,main,shymkent_school,S,4,5,attribute,3,0.5,3,8,1085,15,3,9,1,0,optimal,sha256:3e6a179fb68533d3c5a3cddba54b2979cd5712835e83560c91c84b2a0920bf46,c01,c01,1,907,907,0,29113211,472266,0,29113211,472266,0,27338988,0,27338988,low_or_qa qa_flagged,low_or_qa qa_flagged,0,0,2,2,none,0.000000,0.000000,0.000000,,6,6,16
main|shymkent_school|S|all_disabled|k1|br0.5|ms3|s8,main,shymkent_school,S,4,5,all_disabled,1,0.5,3,8,1085,15,1,15,0,0,optimal,sha256:38d87afadcdead7f993a3895f78df5bfc3bcac67d1676594811ebd28db18b0c1,c01,c01,1,907,907,0,69296636,1189842,0,69296636,1189842,0,27338988,0,27338988,all,all,0,0,1,1,none,0.000000,0.000000,0.000000,,6,6,16
main|shymkent_school|S|single|k1|br0.5|ms3|s9,main,shymkent_school,S,4,5,single,1,0.5,3,9,516,15,1,1,0,0,optimal,sha256:51e52b930d7aee0c06208135f8c4947d5d090a3b77c6b43a72779fc5db8c868f,c00,c00,1,174,174,0,108337615,685563,0,108337615,685563,0,98258236,0,98258236,single0,single0,0,0,1,1,none,0.000000,0.000000,0.000000,,6,6,16
main|shymkent_school|S|single|k3|br0.5|ms3|s9,main,shymkent_school,S,4,5,single,3,0.5,3,9,516,15,3,1,2,0,optimal,sha256:ab1eb651c87b6d46420f1c30b08fed5ab73084ce8f98123e6bca6fdf90b5d29b,c00,c00,1,174,174,0,101303324,734464,0,101303324,734464,0,98258236,0,98258236,single0,single0,0,0,1,1,none,0.000000,0.000000,0.000000,,6,6,16
main|shymkent_school|S|single|k7|br0.5|ms3|s9,main,shymkent_school,S,4,5,single,7,0.5,3,9,516,15,7,1,6,0,optimal,sha256:ddfdb90b038c06150a4aa3130534cb4b1592a5045b094c66cbc14f73c6fcfe14,c00,c00,1,174,174,0,98882860,685563,0,98882860,685563,0,98258236,0,98258236,single4,single4,0,0,1,1,none,0.000000,0.000000,0.000000,,6,6,16
main|shymkent_school|S|pair|k1|br0.5|ms3|s9,main,shymkent_school,S,4,5,pair,1,0.5,3,9,516,15,1,2,0,0,optimal,sha256:df9df27485689babe2aeb626af6e20747a764a826aa3743a396dbe38d1367152,c00,c00,1,174,174,0,107815160,685563,0,107815160,685563,0,98258236,0,98258236,pair0,pair0,0,0,1,1,none,0.000000,0.000000,0.000000,,6,6,16
main|shymkent_school|S|pair|k3|br0.5|ms3|s9,main,shymkent_school,S,4,5,pair,3,0.5,3,9,516,15,3,2,3,1,optimal,sha256:e70f4ed58f515347f9b7511cf54b9e7d1a94c37f98e1f4a58cb8dbfb1be7a648,c00,c00,1,174,174,0,98258236,685563,0,98258236,685563,0,98258236,0,98258236,base pair0 pair1 pair2,base pair0 pair1 pair2,1,1,4,4,none,0.000000,0.000000,0.000000,,6,6,16
main|shymkent_school|S|pair|k7|br0.5|ms3|s9,main,shymkent_school,S,4,5,pair,7,0.5,3,9,516,15,6,2,3,0,optimal,sha256:19a0deca8cacc66e0ef903f37c2f483afa3c7a96c18007d4c551b0148ba74d37,c00,c00,1,174,174,0,113546455,685563,0,113546455,685563,0,98258236,0,98258236,pair6,pair6,0,0,1,1,none,0.000000,0.000000,0.000000,,6,6,16
main|shymkent_school|S|cluster|k1|br0.5|ms3|s9,main,shymkent_school,S,4,5,cluster,1,0.5,3,9,516,15,1,3,0,0,optimal,sha256:b8840bda82f7a20cdae74aa42584ff89d20dc97c0aa1dc3de9689f61ba5df46c,c00,c00,1,174,174,0,107815160,685563,0,107815160,685563,0,98258236,0,98258236,cluster0,cluster0,0,0,1,1,none,0.000000,0.000000,0.000000,,6,6,16
main|shymkent_school|S|cluster|k3|br0.5|ms3|s9,main,shymkent_school,S,4,5,cluster,3,0.5,3,9,516,15,3,3,1,0,optimal,sha256:f9f5816cca579ff6d0afa9ff29a735d4a41720fa42d2bbaa9ad6377aaa11cdf5,c00,c00 c02,0,174,335,0,126116278,685563,0,123170839,685563,0,98258236,0,98258236,cluster1,cluster1,0,0,1,1,wsum,11.550741,0.000000,0.000000,,6,6,16
main|shymkent_school|S|cluster|k7|br0.5|ms3|s9,main,shymkent_school,S,4,5,cluster,7,0.5,3,9,516,15,5,3,3,0,optimal,sha256:43921cf49cf01bb3bf906543daf9e3cd01bb7980cf51934d101e49b3488bf0b9,c00,c00,1,174,174,0,116573720,913010,0,116573720,913010,0,98258236,0,98258236,cluster2 cluster5,cluster2 cluster5,0,0,2,2,none,0.000000,0.000000,0.000000,,6,6,16
main|shymkent_school|S|attribute|k3|br0.5|ms3|s9,main,shymkent_school,S,4,5,attribute,3,0.5,3,9,516,15,3,9,3,1,optimal,sha256:e78c68fab764e14a9e40362abf1530abc46dd6d073b93651b9c09252e970d19f,c00,c00,1,174,174,0,98258236,685563,0,98258236,685563,0,98258236,0,98258236,base low_confidence low_or_qa qa_flagged,base low_confidence low_or_qa qa_flagged,1,1,4,4,none,0.000000,0.000000,0.000000,,6,6,16
main|shymkent_school|S|all_disabled|k1|br0.5|ms3|s9,main,shymkent_school,S,4,5,all_disabled,1,0.5,3,9,516,15,1,15,0,0,optimal,sha256:4aa278fc00cb34183f2728774bba7ebdae3e469126d90e9ecaeb579f3c18fd5d,c00,c00 c02,0,174,335,0,278201114,1251078,0,158802291,1036661,0,98258236,0,98258236,all,all,0,0,1,1,wsum,468.230678,214.417000,0.000000,,6,6,16
main|shymkent_school|S|single|k1|br1.0|ms3|s0,main,shymkent_school,S,4,5,single,1,1.0,3,0,2031,15,1,1,1,1,optimal,sha256:94346a6b56e0ac4e05c432d86eae88567bafb8c9424b8847ed8cf2fc7bffd52a,,,1,0,0,0,62086082,373680,0,62086082,373680,0,62086082,0,62086082,base single0,base single0,1,1,2,2,none,0.000000,0.000000,0.000000,,15,15,16
main|shymkent_school|S|single|k3|br1.0|ms3|s0,main,shymkent_school,S,4,5,single,3,1.0,3,0,2031,15,3,1,3,1,optimal,sha256:9b775bff13b5aa7a1f821550173905911dfe6bc5d2e4a2f5f9cebe18ab9cdc56,,,1,0,0,0,62086082,373680,0,62086082,373680,0,62086082,0,62086082,base single0 single1 single2,base single0 single1 single2,1,1,4,4,none,0.000000,0.000000,0.000000,,15,15,16
main|shymkent_school|S|single|k7|br1.0|ms3|s0,main,shymkent_school,S,4,5,single,7,1.0,3,0,2031,15,7,1,5,0,optimal,sha256:5b2d303639cb7cacb0890c3871005831cff94a412c5f0d64906f12e1af8f230b,,,1,0,0,0,74665484,535701,0,74665484,535701,0,62086082,0,62086082,single0,single0,0,0,1,1,none,0.000000,0.000000,0.000000,,15,15,16
main|shymkent_school|S|pair|k1|br1.0|ms3|s0,main,shymkent_school,S,4,5,pair,1,1.0,3,0,2031,15,1,2,1,1,optimal,sha256:a2caacc65c7f7983bfb8014502c48d11ab0ff70e17666c417608e4b63e93b7b6,,,1,0,0,0,62086082,373680,0,62086082,373680,0,62086082,0,62086082,base pair0,base pair0,1,1,2,2,none,0.000000,0.000000,0.000000,,15,15,16
main|shymkent_school|S|pair|k3|br1.0|ms3|s0,main,shymkent_school,S,4,5,pair,3,1.0,3,0,2031,15,3,2,1,0,optimal,sha256:a996ad77198c8a5943a3ba4cd36b8ce7ea06fce2a135a1947c3150daae6ebe01,,,1,0,0,0,67648037,373680,0,67648037,373680,0,62086082,0,62086082,pair0,pair0,0,0,1,1,none,0.000000,0.000000,0.000000,,15,15,16
main|shymkent_school|S|pair|k7|br1.0|ms3|s0,main,shymkent_school,S,4,5,pair,7,1.0,3,0,2031,15,7,2,4,0,optimal,sha256:9706442d6a2169dd6ff3c3ff8dc302b1d59745935ea3c3e04947e3c9e5ff2e32,,,1,0,0,0,74665484,535701,0,74665484,535701,0,62086082,0,62086082,pair3 pair5,pair3 pair5,0,0,2,2,none,0.000000,0.000000,0.000000,,15,15,16
main|shymkent_school|S|cluster|k1|br1.0|ms3|s0,main,shymkent_school,S,4,5,cluster,1,1.0,3,0,2031,15,1,3,0,0,optimal,sha256:ba026233aeb01e9c84dc8ea90b3efa5b7e6b4ab3868e539db2dad220216c1334,,,1,0,0,0,92500952,522745,0,92500952,522745,0,62086082,0,62086082,cluster0,cluster0,0,0,1,1,none,0.000000,0.000000,0.000000,,15,15,16
main|shymkent_school|S|cluster|k3|br1.0|ms3|s0,main,shymkent_school,S,4,5,cluster,3,1.0,3,0,2031,15,2,3,0,0,optimal,sha256:fd99f57c8008902dc4478ab1eac6477daf4c861ef326b66cc652b934f7bd6859,,,1,0,0,0,85084617,435494,0,85084617,435494,0,62086082,0,62086082,cluster0 cluster2,cluster0 cluster2,0,0,2,2,none,0.000000,0.000000,0.000000,,15,15,16
main|shymkent_school|S|cluster|k7|br1.0|ms3|s0,main,shymkent_school,S,4,5,cluster,7,1.0,3,0,2031,15,4,3,0,0,optimal,sha256:27fa78102b12e8b82d37347b881e3e79e4339fcb894691bec3fbcda8bcb82328,,,1,0,0,0,85084617,435494,0,85084617,435494,0,62086082,0,62086082,cluster1 cluster2,cluster1 cluster2,0,0,2,2,none,0.000000,0.000000,0.000000,,15,15,16
main|shymkent_school|S|attribute|k3|br1.0|ms3|s0,main,shymkent_school,S,4,5,attribute,3,1.0,3,0,2031,15,3,9,0,0,optimal,sha256:c3c7af82d8df9b9a4c658e1cdf20675724b72f17e67d5793d88204313e9f9946,,,1,0,0,0,85801633,535701,0,85801633,535701,0,62086082,0,62086082,low_or_qa,low_or_qa,0,0,1,1,none,0.000000,0.000000,0.000000,,15,15,16
main|shymkent_school|S|all_disabled|k1|br1.0|ms3|s0,main,shymkent_school,S,4,5,all_disabled,1,1.0,3,0,2031,15,1,15,0,0,optimal,sha256:3b98a1e46810755e8752df812fb237cea145a956c2990fb11c87b8f702872710,,c01 c02,0,0,965,5,0,,0,178680110,1062247,0,62086082,0,62086082,all,all,0,0,1,1,unknown,,,0.000000,,15,15,16
main|shymkent_school|S|single|k1|br1.0|ms3|s1,main,shymkent_school,S,4,5,single,1,1.0,3,1,1536,15,1,1,1,1,optimal,sha256:ef4d85459924d354c6e52a94f263b88f44beb75e31161d83278b06db75f65320,c03,c03,1,357,357,0,47939151,312219,0,47939151,312219,0,47939151,0,47939151,base single0,base single0,1,1,2,2,none,0.000000,0.000000,0.000000,,15,15,16
main|shymkent_school|S|single|k3|br1.0|ms3|s1,main,shymkent_school,S,4,5,single,3,1.0,3,1,1536,15,3,1,3,1,optimal,sha256:d8f4e9b67214c02e9a4b09a6dbc6596c4526d6eb251abc25fa42478770f405e8,c03,c03,1,357,357,0,47939151,312219,0,47939151,312219,0,47939151,0,47939151,base single0 single1 single2,base single0 single1 single2,1,1,4,4,none,0.000000,0.000000,0.000000,,15,15,16
main|shymkent_school|S|single|k7|br1.0|ms3|s1,main,shymkent_school,S,4,5,single,7,1.0,3,1,1536,15,7,1,4,0,optimal,sha256:3cead725560d760f6fda008e98ecffe2ae95f00fa7e1587a470fc1c0bc468453,c03,c00 c03,0,357,1169,0,59010655,452151,0,56175615,354391,0,47939151,0,47939151,single5,single5,0,0,1,1,wsum,12.886545,97.760000,0.000000,,15,15,16
main|shymkent_school|S|pair|k1|br1.0|ms3|s1,main,shymkent_school,S,4,5,pair,1,1.0,3,1,1536,15,1,2,1,1,optimal,sha256:e4a660dc38ab0eef145a18835fd3f8f92956197cd06c5c0388132b669f1c656a,c03,c03,1,357,357,0,47939151,312219,0,47939151,312219,0,47939151,0,47939151,base pair0,base pair0,1,1,2,2,none,0.000000,0.000000,0.000000,,15,15,16
main|shymkent_school|S|pair|k3|br1.0|ms3|s1,main,shymkent_school,S,4,5,pair,3,1.0,3,1,1536,15,3,2,1,0,optimal,sha256:e854409bfd59383491aaa1133b1b04d755ab156c10ad2e7aa79dd32f75d4cb26,c03,c03,1,357,357,0,47939151,312219,0,47939151,312219,0,47939151,0,47939151,base pair0 pair1 pair2,base pair0 pair1 pair2,1,1,4,4,none,0.000000,0.000000,0.000000,,15,15,16
main|shymkent_school|S|pair|k7|br1.0|ms3|s1,main,shymkent_school,S,4,5,pair,7,1.0,3,1,1536,15,7,2,3,0,optimal,sha256:198d5adcce361805ea96d0e640ba5499dcb58c235cb887d6b88bc88c81208b51,c03,c00 c03,0,357,1169,0,59010655,452151,0,56175615,354391,0,47939151,0,47939151,pair1,pair1,0,0,1,1,wsum,12.886545,97.760000,0.000000,,15,15,16
main|shymkent_school|S|cluster|k1|br1.0|ms3|s1,main,shymkent_school,S,4,5,cluster,1,1.0,3,1,1536,15,1,3,0,0,optimal,sha256:371b4dacdfd0938ce15516fe1d82c85d2cad78a1ef4cc3b9a27fd61c445d020c,c03,c03,1,357,357,0,55272669,323172,0,55272669,323172,0,47939151,0,47939151,cluster0,cluster0,0,0,1,1,none,0.000000,0.000000,0.000000,,15,15,16
main|shymkent_school|S|cluster|k3|br1.0|ms3|s1,main,shymkent_school,S,4,5,cluster,3,1.0,3,1,1536,15,2,3,0,0,optimal,sha256:aca65b3e8babafda1a91ed65833b97acf0e689a05deb3855803f8c5863953113,c03,c00 c03,0,357,1169,0,61073164,523272,0,56175615,354391,0,47939151,0,47939151,cluster1,cluster1,0,0,1,1,wsum,22.261586,168.881000,0.000000,,15,15,16
main|shymkent_school|S|cluster|k7|br1.0|ms3|s1,main,shymkent_school,S,4,5,cluster,7,1.0,3,1,1536,15,6,3,2,0,optimal,sha256:aaea2093727228e5dfd3ee02aa09775a1688aa7aca1a48aebcab947f2ab41c85,c03,c00 c03,0,357,1169,0,59010655,452151,0,56175615,354391,0,47939151,0,47939151,cluster2,cluster2,0,0,1,1,wsum,12.886545,97.760000,0.000000,,15,15,16
main|shymkent_school|S|attribute|k3|br1.0|ms3|s1,main,shymkent_school,S,4,5,attribute,3,1.0,3,1,1536,15,3,9,0,0,optimal,sha256:4f48d0f2fb974630a0f1e41b6e39098102f9c95fb71e483e5a3bf37aabd61c10,c03,c00 c02 c03,0,357,1536,0,64270281,452151,0,61370096,380771,0,47939151,0,47939151,low_or_qa,low_or_qa,0,0,1,1,wsum,13.182659,71.380000,0.000000,,15,15,16
main|shymkent_school|S|all_disabled|k1|br1.0|ms3|s1,main,shymkent_school,S,4,5,all_disabled,1,1.0,3,1,1536,15,1,15,0,0,optimal,sha256:9c97516e72b4a6bddc4aa1a7d8d50aada07b5c6fc7b7fc515c872a26cae373ec,c03,c00 c02 c03,0,357,1536,0,207059922,1603743,0,79885064,432608,0,47939151,0,47939151,all,all,0,0,1,1,wsum,578.067536,1171.135000,0.000000,,15,15,16
main|shymkent_school|S|single|k1|br1.0|ms3|s2,main,shymkent_school,S,4,5,single,1,1.0,3,2,1444,15,1,1,1,1,optimal,sha256:046fc1f47eff595045b12322c8e6038469bb6783340dc67c0c0e4391dd2d9406,,,1,0,0,0,45122287,296196,0,45122287,296196,0,45122287,0,45122287,base single0,base single0,1,1,2,2,none,0.000000,0.000000,0.000000,,15,15,16
main|shymkent_school|S|single|k3|br1.0|ms3|s2,main,shymkent_school,S,4,5,single,3,1.0,3,2,1444,15,3,1,2,0,optimal,sha256:45366e173740bfa6da51847852f940f2137a04f1b22fad75005ea724d1b8102e,,,1,0,0,0,47730109,296196,0,47730109,296196,0,45122287,0,45122287,single1,single1,0,0,1,1,none,0.000000,0.000000,0.000000,,15,15,16
main|shymkent_school|S|single|k7|br1.0|ms3|s2,main,shymkent_school,S,4,5,single,7,1.0,3,2,1444,15,7,1,5,0,optimal,sha256:88a04ee5418e9fd9f1f2ffc3a524eb1c22d24e95dfea038c5edbb7370e30b93b,,,1,0,0,0,68654059,546534,0,68654059,546534,0,45122287,0,45122287,single6,single6,0,0,1,1,none,0.000000,0.000000,0.000000,,15,15,16
main|shymkent_school|S|pair|k1|br1.0|ms3|s2,main,shymkent_school,S,4,5,pair,1,1.0,3,2,1444,15,1,2,0,0,optimal,sha256:30ec086eee66075f089a086fa4814dcfadc0ba6a89a680cfa3c206582a867d8c,,c01,0,0,210,0,60295375,408995,0,57001777,330576,0,45122287,0,45122287,pair0,pair0,0,0,1,1,wsum,11.279445,78.419000,0.000000,,15,15,16
main|shymkent_school|S|pair|k3|br1.0|ms3|s2,main,shymkent_school,S,4,5,pair,3,1.0,3,2,1444,15,3,2,0,0,optimal,sha256:ac6165a165011155d082f1b48b5129f8fa9138783dd6b37fe5db80b78a0fbbb9,,,1,0,0,0,68654059,546534,0,68654059,546534,0,45122287,0,45122287,pair0 pair2,pair0 pair2,0,0,2,2,none,0.000000,0.000000,0.000000,,15,15,16
main|shymkent_school|S|pair|k7|br1.0|ms3|s2,main,shymkent_school,S,4,5,pair,7,1.0,3,2,1444,15,7,2,3,0,optimal,sha256:084eb948944c89523579f6c86632fb030016d75cf9ad1f859531c1e32292ce7f,,,1,0,0,0,68654059,546534,0,68654059,546534,0,45122287,0,45122287,pair0,pair0,0,0,1,1,none,0.000000,0.000000,0.000000,,15,15,16
main|shymkent_school|S|cluster|k1|br1.0|ms3|s2,main,shymkent_school,S,4,5,cluster,1,1.0,3,2,1444,15,1,3,0,0,optimal,sha256:384973e7fed8ded7a8b1d4b30f281d0cb5ee27aa9b23e1c2fecbd8c67ca46e18,,,1,0,0,0,68654059,546534,0,68654059,546534,0,45122287,0,45122287,cluster0,cluster0,0,0,1,1,none,0.000000,0.000000,0.000000,,15,15,16
main|shymkent_school|S|cluster|k3|br1.0|ms3|s2,main,shymkent_school,S,4,5,cluster,3,1.0,3,2,1444,15,3,3,0,0,optimal,sha256:bfdd155ef54b2baddf9b451c3916ba34cc8f3ceb187a407953eb7098c49f05e8,,,1,0,0,0,68654059,546534,0,68654059,546534,0,45122287,0,45122287,cluster1,cluster1,0,0,1,1,none,0.000000,0.000000,0.000000,,15,15,16
main|shymkent_school|S|cluster|k7|br1.0|ms3|s2,main,shymkent_school,S,4,5,cluster,7,1.0,3,2,1444,15,5,3,0,0,optimal,sha256:bc93a3218d7a0dbf8ebb3c690026a1e09df6735fd567c988863e6051f314b145,,c01,0,0,210,0,95162209,691836,0,78443719,546534,0,45122287,0,45122287,cluster2,cluster2,0,0,1,1,wsum,57.255103,145.302000,0.000000,,15,15,16
main|shymkent_school|S|attribute|k3|br1.0|ms3|s2,main,shymkent_school,S,4,5,attribute,3,1.0,3,2,1444,15,3,9,0,0,optimal,sha256:3432a2d1837d33ab46659a714a8120f045dcf4eed914f6eefe969d5156d0f335,,,1,0,0,0,94252548,577379,0,94252548,577379,0,45122287,0,45122287,low_or_qa,low_or_qa,0,0,1,1,none,0.000000,0.000000,0.000000,,15,15,16
main|shymkent_school|S|all_disabled|k1|br1.0|ms3|s2,main,shymkent_school,S,4,5,all_disabled,1,1.0,3,2,1444,15,1,15,0,0,optimal,sha256:c6688b29c6c47f1acc7d75914c69f1db922635f6dd25aa5596e18fbfdd8d8461,,c01 c03,0,0,723,5,0,,0,139760351,726337,0,45122287,0,45122287,all,all,0,0,1,1,unknown,,,0.000000,,15,15,16
main|shymkent_school|S|single|k1|br1.0|ms3|s3,main,shymkent_school,S,4,5,single,1,1.0,3,3,1739,15,1,1,0,0,optimal,sha256:117d41d152d16883a6c7b9bba68d00a06e1621fc03ebbadf4a7376f445329588,c00 c02 c03,c00 c02 c03,1,1391,1391,0,140766044,595933,0,140766044,595933,0,140766044,0,140766044,base single0,base single0,1,1,2,2,none,0.000000,0.000000,0.000000,,15,15,16
main|shymkent_school|S|single|k3|br1.0|ms3|s3,main,shymkent_school,S,4,5,single,3,1.0,3,3,1739,15,3,1,2,0,optimal,sha256:f7def50a5ac05473ff8c22bee00549372daea95376017e8554cea9e1d1ecf51e,c00 c02 c03,c00 c02 c03,1,1391,1391,0,140766044,595933,0,140766044,595933,0,140766044,0,140766044,base single0 single1 single2,base single0 single1 single2,1,1,4,4,none,0.000000,0.000000,0.000000,,15,15,16
main|shymkent_school|S|single|k7|br1.0|ms3|s3,main,shymkent_school,S,4,5,single,7,1.0,3,3,1739,15,7,1,7,1,optimal,sha256:e287ea9d82632943573d4b1c4b53126520c81615ef28db909bfc456238512fbe,c00 c02 c03,c00 c02 c03,1,1391,1391,0,140766044,595933,0,140766044,595933,0,140766044,0,140766044,base single0 single1 single2 single3 single4 single5 single6,base single0 single1 single2 single3 single4 single5 single6,1,1,8,8,none,0.000000,0.000000,0.000000,,15,15,16
main|shymkent_school|S|pair|k1|br1.0|ms3|s3,main,shymkent_school,S,4,5,pair,1,1.0,3,3,1739,15,1,2,0,0,optimal,sha256:4505e980635dda7b3c876a759f88c38df7a17d29b06f92b42ee5c1b408b84f73,c00 c02 c03,c00 c02 c03,1,1391,1391,0,140766044,595933,0,140766044,595933,0,140766044,0,140766044,base pair0,base pair0,1,1,2,2,none,0.000000,0.000000,0.000000,,15,15,16
main|shymkent_school|S|pair|k3|br1.0|ms3|s3,main,shymkent_school,S,4,5,pair,3,1.0,3,3,1739,15,3,2,3,1,optimal,sha256:ad4042193644c6772c1062d8aa8352548537eafadc7a30852a6dc83422c71ccd,c00 c02 c03,c00 c02 c03,1,1391,1391,0,140766044,595933,0,140766044,595933,0,140766044,0,140766044,base pair0 pair1 pair2,base pair0 pair1 pair2,1,1,4,4,none,0.000000,0.000000,0.000000,,15,15,16
main|shymkent_school|S|pair|k7|br1.0|ms3|s3,main,shymkent_school,S,4,5,pair,7,1.0,3,3,1739,15,7,2,2,0,optimal,sha256:d42e8c9f98d281f3d6649c2b3c0599eba2d5b4135a4c2537a640f6caf341f549,c00 c02 c03,c00 c02 c03,1,1391,1391,0,145022956,595933,0,145022956,595933,0,140766044,0,140766044,pair1,pair1,0,0,1,1,none,0.000000,0.000000,0.000000,,15,15,16
main|shymkent_school|S|cluster|k1|br1.0|ms3|s3,main,shymkent_school,S,4,5,cluster,1,1.0,3,3,1739,15,1,3,1,1,optimal,sha256:2f79138fe1ca3a6162b05ce43d31464994a0130361e9a3ecbbf152b99e06a2d2,c00 c02 c03,c00 c02 c03,1,1391,1391,0,140766044,595933,0,140766044,595933,0,140766044,0,140766044,base cluster0,base cluster0,1,1,2,2,none,0.000000,0.000000,0.000000,,15,15,16
main|shymkent_school|S|cluster|k3|br1.0|ms3|s3,main,shymkent_school,S,4,5,cluster,3,1.0,3,3,1739,15,3,3,0,0,optimal,sha256:e32d5d29566fb3203633bbf97a3570c3b7c4ea821e60465a91590ea1a1deffee,c00 c02 c03,c00 c02 c03,1,1391,1391,0,167161756,619927,0,167161756,619927,0,140766044,0,140766044,cluster0,cluster0,0,0,1,1,none,0.000000,0.000000,0.000000,,15,15,16
main|shymkent_school|S|cluster|k7|br1.0|ms3|s3,main,shymkent_school,S,4,5,cluster,7,1.0,3,3,1739,15,7,3,1,0,optimal,sha256:bf09809b8eaa7366257933f929cbb45f8580e4585ee0d02ce5822da4c8fdac38,c00 c02 c03,c00 c02 c03,1,1391,1391,0,141337972,595933,0,141337972,595933,0,140766044,0,140766044,cluster3,cluster3,0,0,1,1,none,0.000000,0.000000,0.000000,,15,15,16
main|shymkent_school|S|attribute|k3|br1.0|ms3|s3,main,shymkent_school,S,4,5,attribute,3,1.0,3,3,1739,15,3,9,0,0,optimal,sha256:8bfa218c0a22203fa4ab70e7672834020e00822c60aa01f0d4bda8813053b156,c00 c02 c03,c00 c02 c03,1,1391,1391,0,145364486,595933,0,145364486,595933,0,140766044,0,140766044,low_confidence low_or_qa,low_confidence low_or_qa,0,0,2,2,none,0.000000,0.000000,0.000000,,15,15,16
main|shymkent_school|S|all_disabled|k1|br1.0|ms3|s3,main,shymkent_school,S,4,5,all_disabled,1,1.0,3,3,1739,15,1,15,0,0,optimal,sha256:4afb3c277b8a4544d4fe096c75e9217490642ac37549ffc027d00e23a32d836f,c00 c02 c03,c00 c02 c03,1,1391,1391,0,296907908,1308870,0,296907908,1308870,0,140766044,0,140766044,all,all,0,0,1,1,none,0.000000,0.000000,0.000000,,15,15,16
main|shymkent_school|S|single|k1|br1.0|ms3|s4,main,shymkent_school,S,4,5,single,1,1.0,3,4,2255,15,1,1,0,0,optimal,sha256:af06129269368ab01139c4eb610a243f1d66459b6d85f90adcb05b6d3079254d,c00 c01,c00 c01 c03,0,1426,1753,0,122198313,895949,0,102364677,464783,0,96306891,0,96306891,single0,single0,0,0,1,1,wsum,62.963924,431.166000,0.000000,,15,15,16
main|shymkent_school|S|single|k3|br1.0|ms3|s4,main,shymkent_school,S,4,5,single,3,1.0,3,4,2255,15,3,1,3,1,optimal,sha256:dac851cac775bef478d8e1dfc27f69abe241d043e7524bd6b235295a608ab8c7,c00 c01,c00 c01,1,1426,1426,0,96306891,429252,0,96306891,429252,0,96306891,0,96306891,base single0 single1 single2,base single0 single1 single2,1,1,4,4,none,0.000000,0.000000,0.000000,,15,15,16
main|shymkent_school|S|single|k7|br1.0|ms3|s4,main,shymkent_school,S,4,5,single,7,1.0,3,4,2255,15,7,1,5,0,optimal,sha256:65a27ccaf30b073561e0bb83ae1eab9e93bbe9880c7989168886ed93b22694d6,c00 c01,c00 c01 c03,0,1426,1753,0,122198313,895949,0,102364677,464783,0,96306891,0,96306891,single5,single5,0,0,1,1,wsum,62.963924,431.166000,0.000000,,15,15,16
main|shymkent_school|S|pair|k1|br1.0|ms3|s4,main,shymkent_school,S,4,5,pair,1,1.0,3,4,2255,15,1,2,1,1,optimal,sha256:5ce4841cd2286b7acd665ff99609a8ef223c5544aa1852ed04159bb5629152a4,c00 c01,c00 c01,1,1426,1426,0,96306891,429252,0,96306891,429252,0,96306891,0,96306891,base pair0,base pair0,1,1,2,2,none,0.000000,0.000000,0.000000,,15,15,16
main|shymkent_school|S|pair|k3|br1.0|ms3|s4,main,shymkent_school,S,4,5,pair,3,1.0,3,4,2255,15,3,2,2,0,optimal,sha256:2d79ab8ca5ceef1d0a90413512f0442def1b4875e51e99462e72dfb06a87a841,c00 c01,c00 c01 c03,0,1426,1753,0,122198313,895949,0,102364677,464783,0,96306891,0,96306891,pair0,pair0,0,0,1,1,wsum,62.963924,431.166000,0.000000,,15,15,16
main|shymkent_school|S|pair|k7|br1.0|ms3|s4,main,shymkent_school,S,4,5,pair,7,1.0,3,4,2255,15,7,2,3,0,optimal,sha256:682357b58ee00859b7a3fc708af6ba488d6ae1d27044289978827c969bf416f1,c00 c01,c00 c01,1,1426,1426,0,100320051,496138,0,100320051,496138,0,96306891,0,96306891,pair3,pair3,0,0,1,1,none,0.000000,0.000000,0.000000,,15,15,16
main|shymkent_school|S|cluster|k1|br1.0|ms3|s4,main,shymkent_school,S,4,5,cluster,1,1.0,3,4,2255,15,1,3,1,1,optimal,sha256:837a6242554085e77bd3b001dda2b4f12f89216b53a5bcbb451a6eaaa5ed64c8,c00 c01,c00 c01,1,1426,1426,0,96306891,429252,0,96306891,429252,0,96306891,0,96306891,base cluster0,base cluster0,1,1,2,2,none,0.000000,0.000000,0.000000,,15,15,16
main|shymkent_school|S|cluster|k3|br1.0|ms3|s4,main,shymkent_school,S,4,5,cluster,3,1.0,3,4,2255,15,3,3,0,0,optimal,sha256:70c883dbbd6622cd6ba418548db1331b60ef0d79a9f77ea08ec86182b9c65aa1,c00 c01,c00 c01,1,1426,1426,0,100320051,496138,0,100320051,496138,0,96306891,0,96306891,cluster1,cluster1,0,0,1,1,none,0.000000,0.000000,0.000000,,15,15,16
main|shymkent_school|S|cluster|k7|br1.0|ms3|s4,main,shymkent_school,S,4,5,cluster,7,1.0,3,4,2255,15,6,3,1,0,optimal,sha256:dad45686ec191fa2b13466e199bee81731dc467a9a9754caefdeb53504591464,c00 c01,c00 c01 c03,0,1426,1753,0,137191833,895949,0,116657157,667460,0,96306891,0,96306891,cluster6,cluster6,0,0,1,1,wsum,65.189448,228.489000,0.000000,,15,15,16
main|shymkent_school|S|attribute|k3|br1.0|ms3|s4,main,shymkent_school,S,4,5,attribute,3,1.0,3,4,2255,15,3,9,0,0,optimal,sha256:2e95afcb1c531fb0ce932ca1d5dc04c9572277fe9e7eadc23585e7de17f99758,c00 c01,c00 c01,1,1426,1426,0,104051701,496138,0,104051701,496138,0,96306891,0,96306891,low_or_qa,low_or_qa,0,0,1,1,none,0.000000,0.000000,0.000000,,15,15,16
main|shymkent_school|S|all_disabled|k1|br1.0|ms3|s4,main,shymkent_school,S,4,5,all_disabled,1,1.0,3,4,2255,15,1,15,0,0,optimal,sha256:c491e9dab21e4c5a2ae9f36f4fcb3d3eba86fa7f57f9df780c9a51f04fe3bc22,c00 c01,c00 c01 c03,0,1426,1753,0,219678731,1516473,0,135578207,900676,0,96306891,0,96306891,all,all,0,0,1,1,wsum,266.985790,615.797000,0.000000,,15,15,16
main|shymkent_school|S|single|k1|br1.0|ms3|s5,main,shymkent_school,S,4,5,single,1,1.0,3,5,2064,15,1,1,1,1,optimal,sha256:06e5b3b89b1e3e8f0623e3ff855cde0a6a25c2edb5da93f8a7739878e6db33e5,c00,c00,1,639,639,0,109878645,402095,0,109878645,402095,0,109878645,0,109878645,base single0,base single0,1,1,2,2,none,0.000000,0.000000,0.000000,,15,15,16
main|shymkent_school|S|single|k3|br1.0|ms3|s5,main,shymkent_school,S,4,5,single,3,1.0,3,5,2064,15,3,1,2,0,optimal,sha256:cc4d36172842d8c29b368c3462eaa2f4b0c9449d363680e8c3914c70ce6dbe18,c00,c00,1,639,639,0,113945931,402095,0,113945931,402095,0,109878645,0,109878645,single1,single1,0,0,1,1,none,0.000000,0.000000,0.000000,,15,15,16
main|shymkent_school|S|single|k7|br1.0|ms3|s5,main,shymkent_school,S,4,5,single,7,1.0,3,5,2064,15,7,1,6,0,optimal,sha256:5f5a3560588f88e04b7032a4276a80144b16813ab7d4065b8abec286d7a692e6,c00,c00 c01,0,639,1208,0,125328043,402095,0,118732807,402095,0,109878645,0,109878645,single5,single5,0,0,1,1,wsum,16.488090,0.000000,0.000000,,15,15,16
main|shymkent_school|S|pair|k1|br1.0|ms3|s5,main,shymkent_school,S,4,5,pair,1,1.0,3,5,2064,15,1,2,1,1,optimal,sha256:bb3504e9c4eed730a51e266554f0f0d16e6e2a93dafd3268228c5bc671a7428e,c00,c00,1,639,639,0,109878645,402095,0,109878645,402095,0,109878645,0,109878645,base pair0,base pair0,1,1,2,2,none,0.000000,0.000000,0.000000,,15,15,16
main|shymkent_school|S|pair|k3|br1.0|ms3|s5,main,shymkent_school,S,4,5,pair,3,1.0,3,5,2064,15,3,2,3,1,optimal,sha256:c8805f685e682344e7bd61f957b4476c334181605893ca41f7f6c265ea3859e2,c00,c00,1,639,639,0,109878645,402095,0,109878645,402095,0,109878645,0,109878645,base pair0 pair1 pair2,base pair0 pair1 pair2,1,1,4,4,none,0.000000,0.000000,0.000000,,15,15,16
main|shymkent_school|S|pair|k7|br1.0|ms3|s5,main,shymkent_school,S,4,5,pair,7,1.0,3,5,2064,15,7,2,4,0,optimal,sha256:f14511d9afac548299f604e6d58e0b057aa430ff91f857c22329556f02c3f78e,c00,c00 c01,0,639,1208,0,125328043,402095,0,120340717,416161,0,109878645,0,109878645,pair1,pair0,0,0,1,1,wsum,12.468315,-14.066000,0.000000,,15,15,16
main|shymkent_school|S|cluster|k1|br1.0|ms3|s5,main,shymkent_school,S,4,5,cluster,1,1.0,3,5,2064,15,1,3,0,0,optimal,sha256:34bd769e271925e902a286e6e118d9ba8c801af80ae8b8cd82a43082224c3ac0,c00,c00 c02,0,639,1335,0,118974153,526691,0,115656960,481250,0,109878645,0,109878645,cluster0,cluster0,0,0,1,1,wsum,8.292983,45.441000,0.000000,,15,15,16
main|shymkent_school|S|cluster|k3|br1.0|ms3|s5,main,shymkent_school,S,4,5,cluster,3,1.0,3,5,2064,15,3,3,0,0,optimal,sha256:5bddfd97c8a14623db720725e0cda3a6d10f7258bdadabc81e4d912491998b0d,c00,c00 c02,0,639,1335,0,142383783,566714,0,139066590,566714,0,109878645,0,109878645,cluster2,cluster2,0,0,1,1,wsum,8.292983,0.000000,0.000000,,15,15,16
main|shymkent_school|S|cluster|k7|br1.0|ms3|s5,main,shymkent_school,S,4,5,cluster,7,1.0,3,5,2064,15,5,3,1,0,optimal,sha256:5c20aefcd100b57cdabcfe6a89492a441a208bc63c72a99c40fb1cc8dff2acf1,c00,c00 c01 c02,0,639,1904,0,128205460,433301,0,118732807,402095,0,109878645,0,109878645,cluster3,cluster3,0,0,1,1,wsum,23.681632,31.206000,0.000000,,15,15,16
main|shymkent_school|S|attribute|k3|br1.0|ms3|s5,main,shymkent_school,S,4,5,attribute,3,1.0,3,5,2064,15,3,9,0,0,optimal,sha256:0737c6bdbdb08653f27485ffd6da9812d1fc2f346f9514b93a414e76d992b5f8,c00,c00 c02,0,639,1335,0,129436225,526691,0,126119032,481250,0,109878645,0,109878645,low_or_qa,low_or_qa,0,0,1,1,wsum,8.292983,45.441000,0.000000,,15,15,16
main|shymkent_school|S|all_disabled|k1|br1.0|ms3|s5,main,shymkent_school,S,4,5,all_disabled,1,1.0,3,5,2064,15,1,15,0,0,optimal,sha256:d9921db144144eca98369b0f5191ed8c27f51ac51eb1fc51b4c5bf059e1836aa,c00,c00 c01 c02,0,639,1904,0,418958978,1529075,0,248624612,937013,0,109878645,0,109878645,all,all,0,0,1,1,wsum,425.835915,592.062000,0.000000,,15,15,16
main|shymkent_school|S|single|k1|br1.0|ms3|s6,main,shymkent_school,S,4,5,single,1,1.0,3,6,2013,15,1,1,1,1,optimal,sha256:84f29d9daa4f9cbd5d7627d164408efd004ba1eaa4e14825552d7aa3586514ca,c02 c03,c02 c03,1,1040,1040,0,74386962,647639,0,74386962,647639,0,74386962,0,74386962,base single0,base single0,1,1,2,2,none,0.000000,0.000000,0.000000,,15,15,16
main|shymkent_school|S|single|k3|br1.0|ms3|s6,main,shymkent_school,S,4,5,single,3,1.0,3,6,2013,15,3,1,3,1,optimal,sha256:857053f089c5f0c6a208cf9bd0cf18b3755503712a2644e6b0613ae59d8c5d3b,c02 c03,c02 c03,1,1040,1040,0,74386962,647639,0,74386962,647639,0,74386962,0,74386962,base single0 single1 single2,base single0 single1 single2,1,1,4,4,none,0.000000,0.000000,0.000000,,15,15,16
main|shymkent_school|S|single|k7|br1.0|ms3|s6,main,shymkent_school,S,4,5,single,7,1.0,3,6,2013,15,7,1,5,0,optimal,sha256:1322a2b44bcec4070701243cf765740e053ec2be04e2742c4da2918b78b87434,c02 c03,c02 c03,1,1040,1040,0,74721802,647639,0,74721802,647639,0,74386962,0,74386962,single1,single1,0,0,1,1,none,0.000000,0.000000,0.000000,,15,15,16
main|shymkent_school|S|pair|k1|br1.0|ms3|s6,main,shymkent_school,S,4,5,pair,1,1.0,3,6,2013,15,1,2,1,1,optimal,sha256:4cb263760687a751834bc51eedb79c1d5a8ffd1b1e2c95eee1f91a6728640283,c02 c03,c02 c03,1,1040,1040,0,74386962,647639,0,74386962,647639,0,74386962,0,74386962,base pair0,base pair0,1,1,2,2,none,0.000000,0.000000,0.000000,,15,15,16
main|shymkent_school|S|pair|k3|br1.0|ms3|s6,main,shymkent_school,S,4,5,pair,3,1.0,3,6,2013,15,3,2,2,0,optimal,sha256:ef59d75ad44e9d54d3a54097d1ff0a839a435bc6837038a3b69c3c96bd397bc8,c02 c03,c02 c03,1,1040,1040,0,74721802,647639,0,74721802,647639,0,74386962,0,74386962,pair2,pair2,0,0,1,1,none,0.000000,0.000000,0.000000,,15,15,16
main|shymkent_school|S|pair|k7|br1.0|ms3|s6,main,shymkent_school,S,4,5,pair,7,1.0,3,6,2013,15,7,2,2,0,optimal,sha256:e8c13c34ddf2e9bd93ebfb1007fe471b2642fcc15bdd6674a44f7417a956e683,c02 c03,c02 c03,1,1040,1040,0,79000862,739917,0,79000862,739917,0,74386962,0,74386962,pair4,pair4,0,0,1,1,none,0.000000,0.000000,0.000000,,15,15,16
main|shymkent_school|S|cluster|k1|br1.0|ms3|s6,main,shymkent_school,S,4,5,cluster,1,1.0,3,6,2013,15,1,3,1,1,optimal,sha256:d6ff0bf42b9da0d6a2b5a08d15889382a46d9a3d6c8230ed3b4ac068d1a1b899,c02 c03,c02 c03,1,1040,1040,0,74386962,647639,0,74386962,647639,0,74386962,0,74386962,base cluster0,base cluster0,1,1,2,2,none,0.000000,0.000000,0.000000,,15,15,16
main|shymkent_school|S|cluster|k3|br1.0|ms3|s6,main,shymkent_school,S,4,5,cluster,3,1.0,3,6,2013,15,2,3,2,0,optimal,sha256:65be06931ed484659651ba37b1eed724d1ce958d7c7b8c22e4f712aa1f272124,c02 c03,c02 c03,1,1040,1040,0,79000862,739917,0,79000862,739917,0,74386962,0,74386962,cluster0,cluster0,0,0,1,1,none,0.000000,0.000000,0.000000,,15,15,16
main|shymkent_school|S|cluster|k7|br1.0|ms3|s6,main,shymkent_school,S,4,5,cluster,7,1.0,3,6,2013,15,6,3,4,0,optimal,sha256:2c8b986cedbb13c19e354969b1871a2dbea85f7f68398ed032348d270c1dd2e3,c02 c03,c02 c03,1,1040,1040,0,79000862,739917,0,79000862,739917,0,74386962,0,74386962,cluster3,cluster3,0,0,1,1,none,0.000000,0.000000,0.000000,,15,15,16
main|shymkent_school|S|attribute|k3|br1.0|ms3|s6,main,shymkent_school,S,4,5,attribute,3,1.0,3,6,2013,15,3,9,1,0,optimal,sha256:42049f5c9f6943049ba9ec27573ed5ccbaf7188422a5ddf00d5a85b996c4750f,c02 c03,c02 c03,1,1040,1040,0,74721802,647639,0,74721802,647639,0,74386962,0,74386962,low_confidence low_or_qa,low_confidence low_or_qa,0,0,2,2,none,0.000000,0.000000,0.000000,,15,15,16
main|shymkent_school|S|all_disabled|k1|br1.0|ms3|s6,main,shymkent_school,S,4,5,all_disabled,1,1.0,3,6,2013,15,1,15,0,0,optimal,sha256:8b29016a5c855076c695829d993729586df57ac3bfdca29cafba501f5fb9e465,c02 c03,c01 c02 c03,0,1040,1216,0,81997497,756612,0,81551282,739917,0,74386962,0,74386962,all,all,0,0,1,1,wsum,2.878806,16.695000,0.000000,,15,15,16
main|shymkent_school|S|single|k1|br1.0|ms3|s7,main,shymkent_school,S,4,5,single,1,1.0,3,7,2577,15,1,1,1,1,optimal,sha256:baa1fd42841dd31955a78fead01c5c538ed654d3e50027c6876e0c6a4c48c538,,,1,0,0,0,87957449,549354,0,87957449,549354,0,87957449,0,87957449,base single0,base single0,1,1,2,2,none,0.000000,0.000000,0.000000,,15,15,16
main|shymkent_school|S|single|k3|br1.0|ms3|s7,main,shymkent_school,S,4,5,single,3,1.0,3,7,2577,15,3,1,3,1,optimal,sha256:3c8d6b4904aa3dbba5667a7d24b8278d9e0581d3fd697a8a74e6af6d46961c7a,,,1,0,0,0,87957449,549354,0,87957449,549354,0,87957449,0,87957449,base single0 single1 single2,base single0 single1 single2,1,1,4,4,none,0.000000,0.000000,0.000000,,15,15,16
main|shymkent_school|S|single|k7|br1.0|ms3|s7,main,shymkent_school,S,4,5,single,7,1.0,3,7,2577,15,7,1,5,0,optimal,sha256:4044216725eedc9abbee64e1dc47cb0a03ad3b03101aa2d1d147598d76235ab0,,,1,0,0,0,89790965,549354,0,89790965,549354,0,87957449,0,87957449,single1,single1,0,0,1,1,none,0.000000,0.000000,0.000000,,15,15,16
main|shymkent_school|S|pair|k1|br1.0|ms3|s7,main,shymkent_school,S,4,5,pair,1,1.0,3,7,2577,15,1,2,0,0,optimal,sha256:eea26d24625c6dfad5aae65c2450d049b8c7c031f5f63781c269c7e0fd43acad,,,1,0,0,0,89790965,549354,0,89790965,549354,0,87957449,0,87957449,pair0,pair0,0,0,1,1,none,0.000000,0.000000,0.000000,,15,15,16
main|shymkent_school|S|pair|k3|br1.0|ms3|s7,main,shymkent_school,S,4,5,pair,3,1.0,3,7,2577,15,3,2,3,1,optimal,sha256:1d55e7a85179b4db97ff5ad2f1e19055ed82ead5bcca891fa32d9ef8a7b0c6f8,,,1,0,0,0,87957449,549354,0,87957449,549354,0,87957449,0,87957449,base pair0 pair1 pair2,base pair0 pair1 pair2,1,1,4,4,none,0.000000,0.000000,0.000000,,15,15,16
main|shymkent_school|S|pair|k7|br1.0|ms3|s7,main,shymkent_school,S,4,5,pair,7,1.0,3,7,2577,15,7,2,5,0,optimal,sha256:059e4ec64b4ca1f0c1f1e4ba059dff15243bc4fc71077618fabbef67f94c306f,,,1,0,0,0,89425330,549354,0,89425330,549354,0,87957449,0,87957449,pair1 pair5,pair1 pair5,0,0,2,2,none,0.000000,0.000000,0.000000,,15,15,16
main|shymkent_school|S|cluster|k1|br1.0|ms3|s7,main,shymkent_school,S,4,5,cluster,1,1.0,3,7,2577,15,1,3,1,1,optimal,sha256:f1321a8965cef562a538c54153a73cdf4698805a0bb38fb3f4ef23b330478ea8,,,1,0,0,0,87957449,549354,0,87957449,549354,0,87957449,0,87957449,base cluster0,base cluster0,1,1,2,2,none,0.000000,0.000000,0.000000,,15,15,16
main|shymkent_school|S|cluster|k3|br1.0|ms3|s7,main,shymkent_school,S,4,5,cluster,3,1.0,3,7,2577,15,3,3,3,1,optimal,sha256:406cfbe5bf836c905e97a4c941139a6c53e0654dca2f5981a726d971078ba2ad,,,1,0,0,0,87957449,549354,0,87957449,549354,0,87957449,0,87957449,base cluster0 cluster1 cluster2,base cluster0 cluster1 cluster2,1,1,4,4,none,0.000000,0.000000,0.000000,,15,15,16
main|shymkent_school|S|cluster|k7|br1.0|ms3|s7,main,shymkent_school,S,4,5,cluster,7,1.0,3,7,2577,15,7,3,4,0,optimal,sha256:22b12a82858f4e6f685dc3115ff75c1e18b389753a3530d2aa7030a0f481530b,,,1,0,0,0,132085168,883782,0,132085168,883782,0,87957449,0,87957449,cluster0,cluster0,0,0,1,1,none,0.000000,0.000000,0.000000,,15,15,16
main|shymkent_school|S|attribute|k3|br1.0|ms3|s7,main,shymkent_school,S,4,5,attribute,3,1.0,3,7,2577,15,3,9,3,1,optimal,sha256:5f7021920e3e096a8206673538bc7cb0eb745e28ea5b080000cb27dbf6db6268,,,1,0,0,0,87957449,549354,0,87957449,549354,0,87957449,0,87957449,base low_confidence low_or_qa qa_flagged,base low_confidence low_or_qa qa_flagged,1,1,4,4,none,0.000000,0.000000,0.000000,,15,15,16
main|shymkent_school|S|all_disabled|k1|br1.0|ms3|s7,main,shymkent_school,S,4,5,all_disabled,1,1.0,3,7,2577,15,1,15,0,0,optimal,sha256:4e2cb9e1d33335c87c8502e376969ea52216cfac3763b1d3211cfeecc667441f,,c01 c02,0,0,1745,5,0,,0,201688239,1006222,0,87957449,0,87957449,all,all,0,0,1,1,unknown,,,0.000000,,15,15,16
main|shymkent_school|S|single|k1|br1.0|ms3|s8,main,shymkent_school,S,4,5,single,1,1.0,3,8,2171,15,1,1,0,0,optimal,sha256:6862f0dbeb9f52008e25e6ec0861f1b429fb38d9f5c5b2f8fa6b6e3a3e8f9326,c01,c01,1,907,907,0,28663608,560574,0,28663608,560574,0,27338988,0,27338988,single0,single0,0,0,1,1,none,0.000000,0.000000,0.000000,,15,15,16
main|shymkent_school|S|single|k3|br1.0|ms3|s8,main,shymkent_school,S,4,5,single,3,1.0,3,8,2171,15,3,1,3,1,optimal,sha256:4ecd59d68735b7ce6c45b2903c657edeccf49f6c6e59e2c2ad7dda8ab6c2a64b,c01,c01,1,907,907,0,27338988,472266,0,27338988,472266,0,27338988,0,27338988,base single0 single1 single2,base single0 single1 single2,1,1,4,4,none,0.000000,0.000000,0.000000,,15,15,16
main|shymkent_school|S|single|k7|br1.0|ms3|s8,main,shymkent_school,S,4,5,single,7,1.0,3,8,2171,15,7,1,6,0,optimal,sha256:124d1ff2863a7998ebcb39d0f75eb867873f67dc66581ff7dc37ad7e7b8a64f2,c01,c01 c02,0,907,1406,0,28537534,699168,0,27899914,472266,0,27338988,0,27338988,single1,single1,0,0,1,1,wsum,6.440606,226.902000,0.000000,,15,15,16
main|shymkent_school|S|pair|k1|br1.0|ms3|s8,main,shymkent_school,S,4,5,pair,1,1.0,3,8,2171,15,1,2,1,1,optimal,sha256:cfb4dcd13c43823b14f8a937dc1cd2d153b66a50ae3467aaef980897c6e1688f,c01,c01,1,907,907,0,27338988,472266,0,27338988,472266,0,27338988,0,27338988,base pair0,base pair0,1,1,2,2,none,0.000000,0.000000,0.000000,,15,15,16
main|shymkent_school|S|pair|k3|br1.0|ms3|s8,main,shymkent_school,S,4,5,pair,3,1.0,3,8,2171,15,3,2,1,0,optimal,sha256:e0d5d2378949fe282e2b5fdd385dc2bcbeef6674b80ab143c2e035b95dfd5bd2,c01,c01,1,907,907,0,28663608,560574,0,28663608,560574,0,27338988,0,27338988,pair1 pair2,pair1 pair2,0,0,2,2,none,0.000000,0.000000,0.000000,,15,15,16
main|shymkent_school|S|pair|k7|br1.0|ms3|s8,main,shymkent_school,S,4,5,pair,7,1.0,3,8,2171,15,7,2,2,0,optimal,sha256:e6c907a4b2555c0b24adfa69f7e9e7f2e94a38d9878698542137b83799c47b1f,c01,c01,1,907,907,0,28663608,560574,0,28663608,560574,0,27338988,0,27338988,pair4,pair4,0,0,1,1,none,0.000000,0.000000,0.000000,,15,15,16
main|shymkent_school|S|cluster|k1|br1.0|ms3|s8,main,shymkent_school,S,4,5,cluster,1,1.0,3,8,2171,15,1,3,1,1,optimal,sha256:f953892cafd73a3f7cc5db846cfea17a3d7b953204e7f2befa37e92cc7b06a6a,c01,c01,1,907,907,0,27338988,472266,0,27338988,472266,0,27338988,0,27338988,base cluster0,base cluster0,1,1,2,2,none,0.000000,0.000000,0.000000,,15,15,16
main|shymkent_school|S|cluster|k3|br1.0|ms3|s8,main,shymkent_school,S,4,5,cluster,3,1.0,3,8,2171,15,3,3,0,0,optimal,sha256:79cd59adfc725366d13c6221ba6eef7876444c5aa27fc56168cd31a4a115cd8c,c01,c01,1,907,907,0,28663608,560574,0,28663608,560574,0,27338988,0,27338988,cluster2,cluster2,0,0,1,1,none,0.000000,0.000000,0.000000,,15,15,16
main|shymkent_school|S|cluster|k7|br1.0|ms3|s8,main,shymkent_school,S,4,5,cluster,7,1.0,3,8,2171,15,4,3,1,0,optimal,sha256:2ef73394fa77900b0ff41d844398a889361c3ab428e4985d3ae1d47f2755b6a7,c01,c01,1,907,907,0,29113211,472266,0,29113211,472266,0,27338988,0,27338988,cluster2,cluster2,0,0,1,1,none,0.000000,0.000000,0.000000,,15,15,16
main|shymkent_school|S|attribute|k3|br1.0|ms3|s8,main,shymkent_school,S,4,5,attribute,3,1.0,3,8,2171,15,3,9,1,0,optimal,sha256:30b5fb8433e0c77463f61b27aa66a4a9a538c0b721df9c9bb7836fe8ef3877aa,c01,c01,1,907,907,0,29113211,472266,0,29113211,472266,0,27338988,0,27338988,low_or_qa qa_flagged,low_or_qa qa_flagged,0,0,2,2,none,0.000000,0.000000,0.000000,,15,15,16
main|shymkent_school|S|all_disabled|k1|br1.0|ms3|s8,main,shymkent_school,S,4,5,all_disabled,1,1.0,3,8,2171,15,1,15,0,0,optimal,sha256:38145742004dffbcb66c0e59730f5cdec877d6bb102088381c02777caa9025cf,c01,c01 c02 c03,0,907,2171,0,69296636,1189842,0,64238142,1109488,0,27338988,0,27338988,all,all,0,0,1,1,wsum,51.095899,80.354000,0.000000,,15,15,16
main|shymkent_school|S|single|k1|br1.0|ms3|s9,main,shymkent_school,S,4,5,single,1,1.0,3,9,1033,15,1,1,0,0,optimal,sha256:fb3db7543ef0c2d2a38edd5580093b18c3a8b760e0ce74abbdbdd03f56cdf3ee,c00,c00,1,174,174,0,108337615,685563,0,108337615,685563,0,98258236,0,98258236,single0,single0,0,0,1,1,none,0.000000,0.000000,0.000000,,15,15,16
main|shymkent_school|S|single|k3|br1.0|ms3|s9,main,shymkent_school,S,4,5,single,3,1.0,3,9,1033,15,3,1,2,0,optimal,sha256:ae3b2fc9fdafe9b8c5564facf62cd929220b094a5c8b5ffab58ac095639f53c2,c00,c00,1,174,174,0,101303324,734464,0,101303324,734464,0,98258236,0,98258236,single0,single0,0,0,1,1,none,0.000000,0.000000,0.000000,,15,15,16
main|shymkent_school|S|single|k7|br1.0|ms3|s9,main,shymkent_school,S,4,5,single,7,1.0,3,9,1033,15,7,1,6,0,optimal,sha256:a960551d7a23258433c2c314f9b0d41a9349ddfd341e05ad88ed81e4b79ebec0,c00,c00,1,174,174,0,98882860,685563,0,98882860,685563,0,98258236,0,98258236,single4,single4,0,0,1,1,none,0.000000,0.000000,0.000000,,15,15,16
main|shymkent_school|S|pair|k1|br1.0|ms3|s9,main,shymkent_school,S,4,5,pair,1,1.0,3,9,1033,15,1,2,0,0,optimal,sha256:d317e19acc943ca35987d4f259afaa8c0c9fe9902ccacd9d898fe4c32154190a,c00,c00,1,174,174,0,107815160,685563,0,107815160,685563,0,98258236,0,98258236,pair0,pair0,0,0,1,1,none,0.000000,0.000000,0.000000,,15,15,16
main|shymkent_school|S|pair|k3|br1.0|ms3|s9,main,shymkent_school,S,4,5,pair,3,1.0,3,9,1033,15,3,2,3,1,optimal,sha256:3bb3fe903cdc2a4e56472062cf09a91a76be31e7ef3e1ce6ba3f12e1647137cd,c00,c00,1,174,174,0,98258236,685563,0,98258236,685563,0,98258236,0,98258236,base pair0 pair1 pair2,base pair0 pair1 pair2,1,1,4,4,none,0.000000,0.000000,0.000000,,15,15,16
main|shymkent_school|S|pair|k7|br1.0|ms3|s9,main,shymkent_school,S,4,5,pair,7,1.0,3,9,1033,15,6,2,3,0,optimal,sha256:e36a1e4c2d43b2f03df37b0b5883d1593fd1d0c801b4ecc6f1bb928bc35e9405,c00,c00,1,174,174,0,113546455,685563,0,113546455,685563,0,98258236,0,98258236,pair6,pair6,0,0,1,1,none,0.000000,0.000000,0.000000,,15,15,16
main|shymkent_school|S|cluster|k1|br1.0|ms3|s9,main,shymkent_school,S,4,5,cluster,1,1.0,3,9,1033,15,1,3,0,0,optimal,sha256:e876024e461e2dfc77ecc61c1616ec6fc85be90648ba251274decca0863f57a9,c00,c00,1,174,174,0,107815160,685563,0,107815160,685563,0,98258236,0,98258236,cluster0,cluster0,0,0,1,1,none,0.000000,0.000000,0.000000,,15,15,16
main|shymkent_school|S|cluster|k3|br1.0|ms3|s9,main,shymkent_school,S,4,5,cluster,3,1.0,3,9,1033,15,3,3,1,0,optimal,sha256:9f9a7cf35ee1caf97e809c124e8050578e14e212a785c0c87ae75ef5aa0ef0d7,c00,c00 c02,0,174,335,0,126116278,685563,0,123170839,685563,0,98258236,0,98258236,cluster1,cluster1,0,0,1,1,wsum,11.550741,0.000000,0.000000,,15,15,16
main|shymkent_school|S|cluster|k7|br1.0|ms3|s9,main,shymkent_school,S,4,5,cluster,7,1.0,3,9,1033,15,5,3,3,0,optimal,sha256:c7e94fe8c2ee527b1563246f53d26a83e0f76f251c16fe75b31979708b95ebde,c00,c00,1,174,174,0,116573720,913010,0,116573720,913010,0,98258236,0,98258236,cluster2 cluster5,cluster2 cluster5,0,0,2,2,none,0.000000,0.000000,0.000000,,15,15,16
main|shymkent_school|S|attribute|k3|br1.0|ms3|s9,main,shymkent_school,S,4,5,attribute,3,1.0,3,9,1033,15,3,9,3,1,optimal,sha256:19d30547167e6588f779467378a3caf9f573c1c74ede97c49473b7b816c5b3d3,c00,c00,1,174,174,0,98258236,685563,0,98258236,685563,0,98258236,0,98258236,base low_confidence low_or_qa qa_flagged,base low_confidence low_or_qa qa_flagged,1,1,4,4,none,0.000000,0.000000,0.000000,,15,15,16
main|shymkent_school|S|all_disabled|k1|br1.0|ms3|s9,main,shymkent_school,S,4,5,all_disabled,1,1.0,3,9,1033,15,1,15,0,0,optimal,sha256:d063bf37368030ce569c3d778e29d0503add34317ed8dddad16e1f76f55d2d8a,c00,c00 c02,0,174,335,0,278201114,1251078,0,158802291,1036661,0,98258236,0,98258236,all,all,0,0,1,1,wsum,468.230678,214.417000,0.000000,,15,15,16
main|shymkent_school|M|single|k1|br0.5|ms3|s0,main,shymkent_school,M,8,15,single,1,0.5,3,0,1056,15,1,1,1,1,optimal,sha256:2f807a8fe3141e1b82d054ddc9ebca040345cec6d258864b903896fc7364955e,c03,c03,1,948,948,0,221089892,649818,0,221089892,649818,0,221089892,0,221089892,base single0,base single0,1,1,2,2,none,0.000000,0.000000,0.000000,,36,36,256
main|shymkent_school|M|single|k3|br0.5|ms3|s0,main,shymkent_school,M,8,15,single,3,0.5,3,0,1056,15,3,1,3,1,optimal,sha256:5a7ad1832bfa0c87ddaf7894992ea46c1e2f849b0d13efa514fd17b88179c377,c03,c03,1,948,948,0,221089892,649818,0,221089892,649818,0,221089892,0,221089892,base single0 single1 single2,base single0 single1 single2,1,1,4,4,none,0.000000,0.000000,0.000000,,36,36,256
main|shymkent_school|M|single|k7|br0.5|ms3|s0,main,shymkent_school,M,8,15,single,7,0.5,3,0,1056,15,7,1,5,0,optimal,sha256:f4e32c115de1705b608e2e6c5abcfd5194dece3b9f81be6ab8a74c53917d9193,c03,c03,1,948,948,0,233669294,649818,0,233669294,649818,0,221089892,0,221089892,single0,single0,0,0,1,1,none,0.000000,0.000000,0.000000,,36,36,256
main|shymkent_school|M|pair|k1|br0.5|ms3|s0,main,shymkent_school,M,8,15,pair,1,0.5,3,0,1056,15,1,2,1,1,optimal,sha256:38202b74b9d595e12a4cb6e0d931bdec692cfe6e696a8a09baf6b58c55da5b1f,c03,c03,1,948,948,0,221089892,649818,0,221089892,649818,0,221089892,0,221089892,base pair0,base pair0,1,1,2,2,none,0.000000,0.000000,0.000000,,36,36,256
main|shymkent_school|M|pair|k3|br0.5|ms3|s0,main,shymkent_school,M,8,15,pair,3,0.5,3,0,1056,15,3,2,0,0,optimal,sha256:ae8a7e36097152e1bc58ddc8394f528c9a4a5e2e7757d0d426f8ff9ece25ae19,c03,c02 c04 c05,0,948,1010,0,342158836,1330258,0,275013738,755839,0,221089892,0,245389267,pair2,pair2,0,0,1,1,wsum,70.309003,574.419000,25.444372,,36,36,256
main|shymkent_school|M|pair|k7|br0.5|ms3|s0,main,shymkent_school,M,8,15,pair,7,0.5,3,0,1056,15,7,2,3,0,optimal,sha256:d71c946741555cce8c6b2c9133649152fbab30e6e1a12d46b29fabf6ecd889cb,c03,c02 c04 c05,0,948,1010,0,342158836,1330258,0,275013738,755839,0,221089892,0,245389267,pair1,pair1,0,0,1,1,wsum,70.309003,574.419000,25.444372,,36,36,256
main|shymkent_school|M|cluster|k1|br0.5|ms3|s0,main,shymkent_school,M,8,15,cluster,1,0.5,3,0,1056,15,1,3,0,0,optimal,sha256:7ce6c1ad1448bc37a7c8c6d262d957d82ca30ec6f76d3035d3c699f2deb4c176,c03,c01 c04 c05,0,948,935,0,297519978,649818,0,249231881,649818,0,221089892,0,237248867,cluster0,cluster0,0,0,1,1,wsum,50.563452,0.000000,16.920393,,36,36,256
main|shymkent_school|M|cluster|k3|br0.5|ms3|s0,main,shymkent_school,M,8,15,cluster,3,0.5,3,0,1056,15,2,3,0,0,optimal,sha256:820a627a5a7d2faeb9244afd1a7ff9a4547745ba9727ae6077e48d45a6968efb,c03,c02 c04 c05,0,948,1010,0,363203310,1440194,0,287593140,755839,0,221089892,0,245389267,cluster1,cluster1,0,0,1,1,wsum,79.172953,684.355000,25.444372,,36,36,256
main|shymkent_school|M|cluster|k7|br0.5|ms3|s0,main,shymkent_school,M,8,15,cluster,7,0.5,3,0,1056,15,4,3,0,0,optimal,sha256:0923dabbe36372a1dc081117d753c9c3a1aa7caf4a15464fbfeb36a9201243d0,c03,c02 c04 c05,0,948,1010,0,369024843,1457472,0,290524841,755839,0,221089892,0,245389267,cluster5 cluster6,cluster5 cluster6,0,0,2,2,wsum,82.198955,701.633000,25.444372,,36,36,256
main|shymkent_school|M|attribute|k3|br0.5|ms3|s0,main,shymkent_school,M,8,15,attribute,3,0.5,3,0,1056,15,3,9,0,0,optimal,sha256:3ae3b1ced57f21d5a96c23240d4c75b9bc6cdaf2107fcde6d26658f48eb7971c,c03,c01 c04 c05,0,948,935,0,293176767,649818,0,256707193,649818,0,221089892,0,237248867,low_or_qa,low_or_qa,0,0,1,1,wsum,38.188036,0.000000,16.920393,,36,36,256
main|shymkent_school|M|all_disabled|k1|br0.5|ms3|s0,main,shymkent_school,M,8,15,all_disabled,1,0.5,3,0,1056,15,1,15,0,0,optimal,sha256:596e1646af4b9c594a8926f9d05311aca7ef1cddfe9e52966741ed1d283d335c,c03,c02 c04 c05,0,948,1010,0,1129959480,2031759,0,458753506,976008,0,221089892,0,245389267,all,all,0,0,1,1,wsum,702.833481,1055.751000,25.444372,,36,36,256
main|shymkent_school|M|single|k1|br0.5|ms3|s1,main,shymkent_school,M,8,15,single,1,0.5,3,1,1101,15,1,1,1,1,optimal,sha256:edd8ed29ad84f85a0f09c3ef67f3c1ba050b36e6506fabb5cbb374670a21c84b,c01 c02 c03,c01 c02 c03,1,928,928,0,234427884,583560,0,234427884,583560,0,234427884,0,234427884,base single0,base single0,1,1,2,2,none,0.000000,0.000000,0.000000,,43,43,256
main|shymkent_school|M|single|k3|br0.5|ms3|s1,main,shymkent_school,M,8,15,single,3,0.5,3,1,1101,15,3,1,2,0,optimal,sha256:88d552d9da580d96d8806f1304c5b847031443e36e9e097532e5c9fd82670439,c01 c02 c03,c01 c02 c03,1,928,928,0,239491223,583560,0,239491223,583560,0,234427884,0,234427884,single0,single0,0,0,1,1,none,0.000000,0.000000,0.000000,,43,43,256
main|shymkent_school|M|single|k7|br0.5|ms3|s1,main,shymkent_school,M,8,15,single,7,0.5,3,1,1101,15,7,1,2,0,optimal,sha256:6edb20ed73ba7f3e9f7101bf47deb6d78ec621e7506035df763f96b7aab3b419,c01 c02 c03,c01 c02 c03,1,928,928,0,265064781,719091,0,265064781,719091,0,234427884,0,234427884,single2,single2,0,0,1,1,none,0.000000,0.000000,0.000000,,43,43,256
main|shymkent_school|M|pair|k1|br0.5|ms3|s1,main,shymkent_school,M,8,15,pair,1,0.5,3,1,1101,15,1,2,1,1,optimal,sha256:b3afd47e368d68b4c9d97f20b8e7059a7a214425dda934f4cf589e1348b172d8,c01 c02 c03,c01 c02 c03,1,928,928,0,234427884,583560,0,234427884,583560,0,234427884,0,234427884,base pair0,base pair0,1,1,2,2,none,0.000000,0.000000,0.000000,,43,43,256
main|shymkent_school|M|pair|k3|br0.5|ms3|s1,main,shymkent_school,M,8,15,pair,3,0.5,3,1,1101,15,3,2,0,0,optimal,sha256:410ba797b620e43df37dddda58a89bcf29c8fc039e86c56df221271fe7a341b3,c01 c02 c03,c01 c02 c03,1,928,928,0,265064781,719091,0,265064781,719091,0,234427884,0,234427884,pair0,pair0,0,0,1,1,none,0.000000,0.000000,0.000000,,43,43,256
main|shymkent_school|M|pair|k7|br0.5|ms3|s1,main,shymkent_school,M,8,15,pair,7,0.5,3,1,1101,15,7,2,1,0,optimal,sha256:0df14c154d742e4f5a1f9e16e9b80601a13edcdcf4ec01c7f633b714875feff8,c01 c02 c03,c01 c02 c03,1,928,928,0,277093343,719091,0,277093343,719091,0,234427884,0,234427884,pair1,pair1,0,0,1,1,none,0.000000,0.000000,0.000000,,43,43,256
main|shymkent_school|M|cluster|k1|br0.5|ms3|s1,main,shymkent_school,M,8,15,cluster,1,0.5,3,1,1101,15,1,3,0,0,optimal,sha256:50b1b2ae6e7e7fbed4d68cdf37908ac592e23668ca88bad990385244867f852c,c01 c02 c03,c01 c03 c07,0,928,681,0,241761402,583560,0,241489926,583560,0,234427884,0,239134986,cluster0,cluster0,0,0,1,1,wsum,0.318634,0.000000,5.524768,,43,43,256
main|shymkent_school|M|cluster|k3|br0.5|ms3|s1,main,shymkent_school,M,8,15,cluster,3,0.5,3,1,1101,15,2,3,0,0,optimal,sha256:f847405d25516214c62dfb60c44dbacc8a85b6866fbc61e8d08148167b1fe40c,c01 c02 c03,c01 c02 c03,1,928,928,0,279291788,583560,0,279291788,583560,0,234427884,0,234427884,cluster1,cluster1,0,0,1,1,none,0.000000,0.000000,0.000000,,43,43,256
main|shymkent_school|M|cluster|k7|br0.5|ms3|s1,main,shymkent_school,M,8,15,cluster,7,0.5,3,1,1101,15,6,3,0,0,optimal,sha256:9d4fbe3b8763ea2a6b8958e7a8844144eea2b4ae1b91699050b3b4a3f7610ba5,c01 c02 c03,c01 c03 c06,0,928,863,0,294395054,719091,0,283047461,719091,0,234427884,0,239374496,cluster0 cluster6,cluster0 cluster6,0,0,2,2,wsum,13.318771,0.000000,5.805883,,43,43,256
main|shymkent_school|M|attribute|k3|br0.5|ms3|s1,main,shymkent_school,M,8,15,attribute,3,0.5,3,1,1101,15,3,9,0,0,optimal,sha256:ae90b642bfa86f2b12acc1a485dcdecffe60753d494b90529aac9ae7eb70a1d0,c01 c02 c03,c01 c02 c03,1,928,928,0,257014010,583560,0,257014010,583560,0,234427884,0,234427884,low_or_qa,low_or_qa,0,0,1,1,none,0.000000,0.000000,0.000000,,43,43,256
main|shymkent_school|M|all_disabled|k1|br0.5|ms3|s1,main,shymkent_school,M,8,15,all_disabled,1,0.5,3,1,1101,15,1,15,0,0,optimal,sha256:710bfd9df73f3869f28c627b43c6c91c9ee3c5428e42f6b3cee25ea7378e0158,c01 c02 c03,c01 c03 c06,0,928,863,0,627079746,1695085,0,456774789,1179216,0,234427884,0,239374496,all,all,0,0,1,1,wsum,199.888447,515.869000,5.805883,,43,43,256
main|shymkent_school|M|single|k1|br0.5|ms3|s2,main,shymkent_school,M,8,15,single,1,0.5,3,2,994,15,1,1,0,0,optimal,sha256:8c5c2e90ed6af68498b70c94809baa3d5415d1f1b6ccd2654ab8892971d7bffb,c04 c07,c04 c07,1,878,878,0,174312290,661608,0,174312290,661608,0,140088900,0,140088900,single0,single0,0,0,1,1,none,0.000000,0.000000,0.000000,,34,34,256
main|shymkent_school|M|single|k3|br0.5|ms3|s2,main,shymkent_school,M,8,15,single,3,0.5,3,2,994,15,3,1,1,0,optimal,sha256:de91381f817b661a9a8c7de5979abeeefad343e8f37d17d65148a30918ebd86d,c04 c07,c04 c07,1,878,878,0,149696714,480502,0,149696714,480502,0,140088900,0,140088900,single1,single1,0,0,1,1,none,0.000000,0.000000,0.000000,,34,34,256
main|shymkent_school|M|single|k7|br0.5|ms3|s2,main,shymkent_school,M,8,15,single,7,0.5,3,2,994,15,7,1,4,0,optimal,sha256:c7ad9b08581e8ed096a8ff2724f88cf044c16c73f520595ba5e57de44358111e,c04 c07,c04 c07,1,878,878,0,163972302,546534,0,163972302,546534,0,140088900,0,140088900,single6,single6,0,0,1,1,none,0.000000,0.000000,0.000000,,34,34,256
main|shymkent_school|M|pair|k1|br0.5|ms3|s2,main,shymkent_school,M,8,15,pair,1,0.5,3,2,994,15,1,2,0,0,optimal,sha256:96b0cf613a37f0117ff46d594a21e091a6241a9f6bd5b3b879352ccf66fd9f6a,c04 c07,c04 c07,1,878,878,0,155261988,480502,0,155261988,480502,0,140088900,0,140088900,pair0,pair0,0,0,1,1,none,0.000000,0.000000,0.000000,,34,34,256
main|shymkent_school|M|pair|k3|br0.5|ms3|s2,main,shymkent_school,M,8,15,pair,3,0.5,3,2,994,15,3,2,0,0,optimal,sha256:3e69d70711664c13cf362ccd215ec5a1c113ca9b86695e053d4070ab10d1177e,c04 c07,c00 c07,0,878,901,0,218781850,909634,0,210927017,719574,0,140088900,0,148009047,pair2,pair2,0,0,1,1,wsum,11.078749,190.060000,11.170870,,34,34,256
main|shymkent_school|M|pair|k7|br0.5|ms3|s2,main,shymkent_school,M,8,15,pair,7,0.5,3,2,994,15,7,2,3,0,optimal,sha256:42ad35190de2dd2aded538985d1d90ac38a2ad2238ce1adc4d4088877051920e,c04 c07,c04 c07,1,878,878,0,163972302,546534,0,163972302,546534,0,140088900,0,140088900,pair0,pair0,0,0,1,1,none,0.000000,0.000000,0.000000,,34,34,256
main|shymkent_school|M|cluster|k1|br0.5|ms3|s2,main,shymkent_school,M,8,15,cluster,1,0.5,3,2,994,15,1,3,0,0,optimal,sha256:b5569e340c5ad67df2b833a18e790b5469e154b1cabc14f3e886c0afe8b8fc0e,c04 c07,c00 c07,0,878,901,0,219384970,909634,0,211530137,719574,0,140088900,0,148009047,cluster0,cluster0,0,0,1,1,wsum,11.078749,190.060000,11.170870,,34,34,256
main|shymkent_school|M|cluster|k3|br0.5|ms3|s2,main,shymkent_school,M,8,15,cluster,3,0.5,3,2,994,15,3,3,0,0,optimal,sha256:22d2f1a235f1acc64ce4a2c18e1a7631cb648a69cab77bd0ecaa931862acd283,c04 c07,c02 c06,0,878,756,0,202122639,646145,0,176482211,657983,0,140088900,0,147626009,cluster2,cluster1,0,0,1,1,wsum,36.164214,-11.838000,10.630619,,34,34,256
main|shymkent_school|M|cluster|k7|br0.5|ms3|s2,main,shymkent_school,M,8,15,cluster,7,0.5,3,2,994,15,5,3,0,0,optimal,sha256:de5f52e8ad2a52faa86bfd6a56b6f94044f0e05e65723fc6bec977252f9007ed,c04 c07,c01 c02 c06,0,878,966,0,190480452,691836,0,181299071,546534,0,140088900,0,147626009,cluster2,cluster2,0,0,1,1,wsum,12.949762,145.302000,10.630619,,34,34,256
main|shymkent_school|M|attribute|k3|br0.5|ms3|s2,main,shymkent_school,M,8,15,attribute,3,0.5,3,2,994,15,3,9,0,0,optimal,sha256:663615cd5eaa96dd8d64315298959f7806b969645894701cb1c9a4909043ecd0,c04 c07,c02 c04,0,878,908,0,195685074,577379,0,189341098,789962,0,140088900,0,157467326,low_or_qa,low_or_qa,0,0,1,1,wsum,8.947780,-212.583000,24.511179,,34,34,256
main|shymkent_school|M|all_disabled|k1|br0.5|ms3|s2,main,shymkent_school,M,8,15,all_disabled,1,0.5,3,2,994,15,1,15,0,0,optimal,sha256:314055330ec79a66443fe24543b9bb4ba35e7c5830ddcf6bbc239f5edb8f9564,c04 c07,c00 c01 c04,0,878,949,0,461228030,1483012,0,351450920,1143753,0,140088900,0,167765088,all,all,0,0,1,1,wsum,154.833724,339.259000,39.035526,,34,34,256
main|shymkent_school|M|single|k1|br0.5|ms3|s3,main,shymkent_school,M,8,15,single,1,0.5,3,3,1170,15,1,1,0,0,optimal,sha256:0182fa96f7a20e7c1c030096b1086df26629bf044d6edf47e39cd9f5761680c7,c02 c04,c02 c03,0,1085,858,0,314331195,770336,0,268815815,770336,0,254911045,0,262663381,single0,single0,0,0,1,1,wsum,54.509437,0.000000,9.284235,,30,30,256
main|shymkent_school|M|single|k3|br0.5|ms3|s3,main,shymkent_school,M,8,15,single,3,0.5,3,3,1170,15,3,1,2,0,optimal,sha256:20979b3e802161ffe4d818ac7f0557dbd8b42af2e8810b9cf3e5ac4881d1d9ee,c02 c04,c02 c04,1,1085,1085,0,254911045,770336,0,254911045,770336,0,254911045,0,254911045,base single0 single1 single2,base single0 single1 single2,1,1,4,4,none,0.000000,0.000000,0.000000,,30,30,256
main|shymkent_school|M|single|k7|br0.5|ms3|s3,main,shymkent_school,M,8,15,single,7,0.5,3,3,1170,15,7,1,5,0,optimal,sha256:9b7ced9e23aa3bf47cb69627c93fd5b0bb198a6d2c46900639077baeeab1efe1,c02 c04,c02 c04,1,1085,1085,0,257876014,770336,0,257876014,770336,0,254911045,0,254911045,single6,single6,0,0,1,1,none,0.000000,0.000000,0.000000,,30,30,256
main|shymkent_school|M|pair|k1|br0.5|ms3|s3,main,shymkent_school,M,8,15,pair,1,0.5,3,3,1170,15,1,2,0,0,optimal,sha256:d16f0be18a0e7a12a55ea42e914d1ecefa4e1c4f3248c6409b58bb6d20316921,c02 c04,c02 c03,0,1085,858,0,314331195,770336,0,268815815,770336,0,254911045,0,262663381,pair0,pair0,0,0,1,1,wsum,54.509437,0.000000,9.284235,,30,30,256
main|shymkent_school|M|pair|k3|br0.5|ms3|s3,main,shymkent_school,M,8,15,pair,3,0.5,3,3,1170,15,3,2,1,0,optimal,sha256:4179d77fb78ebc2837c6e7ed78fc4baec396c045856297c44994392aa8ac3dfe,c02 c04,c02 c04,1,1085,1085,0,257876014,770336,0,257876014,770336,0,254911045,0,254911045,pair0,pair0,0,0,1,1,none,0.000000,0.000000,0.000000,,30,30,256
main|shymkent_school|M|pair|k7|br0.5|ms3|s3,main,shymkent_school,M,8,15,pair,7,0.5,3,3,1170,15,7,2,0,0,optimal,sha256:c95a4a44c61b6cc31dc06c047b4ea19bc5fbadd9ec6103ed505c5d9626961bd9,c02 c04,c02 c04,1,1085,1085,0,259167957,770336,0,259167957,770336,0,254911045,0,254911045,pair1,pair1,0,0,1,1,none,0.000000,0.000000,0.000000,,30,30,256
main|shymkent_school|M|cluster|k1|br0.5|ms3|s3,main,shymkent_school,M,8,15,cluster,1,0.5,3,3,1170,15,1,3,0,0,optimal,sha256:5dfac5daf2927e4c82aa469502304872cb7d703bfedf5a1a16dde60f1da84eab,c02 c04,c02 c04,1,1085,1085,0,257876014,770336,0,257876014,770336,0,254911045,0,254911045,cluster0,cluster0,0,0,1,1,none,0.000000,0.000000,0.000000,,30,30,256
main|shymkent_school|M|cluster|k3|br0.5|ms3|s3,main,shymkent_school,M,8,15,cluster,3,0.5,3,3,1170,15,3,3,0,0,optimal,sha256:d82a3ca9b62964ac29cda65fc04b89921e5c880f812eeb27fe7fd59b569ce923,c02 c04,c02 c03,0,1085,858,0,326812334,770336,0,293467977,770336,0,254911045,0,262663381,cluster2,cluster0,0,0,1,1,wsum,39.933362,0.000000,9.284235,,30,30,256
main|shymkent_school|M|cluster|k7|br0.5|ms3|s3,main,shymkent_school,M,8,15,cluster,7,0.5,3,3,1170,15,7,3,0,0,optimal,sha256:b354058ec0613a83189b12b46fd2b1eaa3be9260a2d1971aa2e14f8cbe0e2649,c02 c04,c02 c03,0,1085,858,0,326812334,770336,0,281953851,770336,0,254911045,0,262663381,cluster0,cluster2,0,0,1,1,wsum,53.722734,0.000000,9.284235,,30,30,256
main|shymkent_school|M|attribute|k3|br0.5|ms3|s3,main,shymkent_school,M,8,15,attribute,3,0.5,3,3,1170,15,3,9,0,0,optimal,sha256:63975b79b0bdab0f106869a339638f160ae8cebd771ad9730a1a9365c826ba7e,c02 c04,c02 c04,1,1085,1085,0,270995647,770336,0,270995647,770336,0,254911045,0,254911045,low_or_qa,low_or_qa,0,0,1,1,none,0.000000,0.000000,0.000000,,30,30,256
main|shymkent_school|M|all_disabled|k1|br0.5|ms3|s3,main,shymkent_school,M,8,15,all_disabled,1,0.5,3,3,1170,15,1,15,0,0,optimal,sha256:0e390227fd6e800402eefbb51f8491dd7f65ed60a2e467ce6c742fd7466a1b09,c02 c04,c00 c03 c04,0,1085,1038,0,416434624,954979,0,391937254,829532,0,254911045,0,280005284,all,all,0,0,1,1,wsum,29.338168,125.447000,30.052981,,30,30,256
main|shymkent_school|M|single|k1|br0.5|ms3|s4,main,shymkent_school,M,8,15,single,1,0.5,3,4,1331,15,1,1,0,0,optimal,sha256:87cf78f2919a965106ea74cef0e64bbb8ce0b9200c98081171fe8c83d711b0e2,c00 c03,c00 c03,1,810,810,0,366281518,770148,0,366281518,770148,0,284464744,0,284464744,single0,single0,0,0,1,1,none,0.000000,0.000000,0.000000,,20,20,256
main|shymkent_school|M|single|k3|br0.5|ms3|s4,main,shymkent_school,M,8,15,single,3,0.5,3,4,1331,15,3,1,3,1,optimal,sha256:5e4e85e3618b1449694c4389fa747702de95b7531a6599f1ba4dd604de74f382,c00 c03,c00 c03,1,810,810,0,284464744,460115,0,284464744,460115,0,284464744,0,284464744,base single0 single1 single2,base single0 single1 single2,1,1,4,4,none,0.000000,0.000000,0.000000,,20,20,256
main|shymkent_school|M|single|k7|br0.5|ms3|s4,main,shymkent_school,M,8,15,single,7,0.5,3,4,1331,15,7,1,4,0,optimal,sha256:e00ac1eb48c57f4081b4c9a19ed294e89bf70ded820126a6fdddcd563fa3a373,c00 c03,c00 c03,1,810,810,0,366281518,770148,0,366281518,770148,0,284464744,0,284464744,single5,single5,0,0,1,1,none,0.000000,0.000000,0.000000,,20,20,256
main|shymkent_school|M|pair|k1|br0.5|ms3|s4,main,shymkent_school,M,8,15,pair,1,0.5,3,4,1331,15,1,2,1,1,optimal,sha256:91c6b45caf46091bdde3c9436458a814ea04ee81bee96f2c7bb97473d3215643,c00 c03,c00 c03,1,810,810,0,284464744,460115,0,284464744,460115,0,284464744,0,284464744,base pair0,base pair0,1,1,2,2,none,0.000000,0.000000,0.000000,,20,20,256
main|shymkent_school|M|pair|k3|br0.5|ms3|s4,main,shymkent_school,M,8,15,pair,3,0.5,3,4,1331,15,3,2,2,0,optimal,sha256:2b3474103f1d5e2700b0c2f2e89c61d30f7b207c08185eccc4254016c7099255,c00 c03,c00 c03,1,810,810,0,366281518,770148,0,366281518,770148,0,284464744,0,284464744,pair0,pair0,0,0,1,1,none,0.000000,0.000000,0.000000,,20,20,256
main|shymkent_school|M|pair|k7|br0.5|ms3|s4,main,shymkent_school,M,8,15,pair,7,0.5,3,4,1331,15,7,2,3,0,optimal,sha256:f64f76e4d63f6f7387b673a53e7dfde77336a556f47301286d1f3095e1e40025,c00 c03,c00 c03,1,810,810,0,310648137,528867,0,310648137,528867,0,284464744,0,284464744,pair3,pair3,0,0,1,1,none,0.000000,0.000000,0.000000,,20,20,256
main|shymkent_school|M|cluster|k1|br0.5|ms3|s4,main,shymkent_school,M,8,15,cluster,1,0.5,3,4,1331,15,1,3,1,1,optimal,sha256:819c666eb7b94b28d43726b01f72acf98ba4a1729264da396f2fac9c95a84273,c00 c03,c00 c03,1,810,810,0,284464744,460115,0,284464744,460115,0,284464744,0,284464744,base cluster0,base cluster0,1,1,2,2,none,0.000000,0.000000,0.000000,,20,20,256
main|shymkent_school|M|cluster|k3|br0.5|ms3|s4,main,shymkent_school,M,8,15,cluster,3,0.5,3,4,1331,15,3,3,0,0,optimal,sha256:ac35d1aea5501c291241e571ad40bf06b159c25b1898fd4d4d600cee7fbfde49,c00 c03,c00 c03,1,810,810,0,353930803,813838,0,353930803,813838,0,284464744,0,284464744,cluster1,cluster1,0,0,1,1,none,0.000000,0.000000,0.000000,,20,20,256
main|shymkent_school|M|cluster|k7|br0.5|ms3|s4,main,shymkent_school,M,8,15,cluster,7,0.5,3,4,1331,15,6,3,1,0,optimal,sha256:1b5acd70da261804c1a0e86ce7ab48e0efeb353baee5f4ce1db19442864e6db3,c00 c03,c00 c03,1,810,810,0,414263967,770148,0,414263967,770148,0,284464744,0,284464744,cluster6,cluster6,0,0,1,1,none,0.000000,0.000000,0.000000,,20,20,256
main|shymkent_school|M|attribute|k3|br0.5|ms3|s4,main,shymkent_school,M,8,15,attribute,3,0.5,3,4,1331,15,3,9,0,0,optimal,sha256:c2dfbc3f237be1121f433c8307ad181470cb56eef2ae99504fe601dff9747f49,c00 c03,c00 c03,1,810,810,0,319386175,528867,0,319386175,528867,0,284464744,0,284464744,low_or_qa,low_or_qa,0,0,1,1,none,0.000000,0.000000,0.000000,,20,20,256
main|shymkent_school|M|all_disabled|k1|br0.5|ms3|s4,main,shymkent_school,M,8,15,all_disabled,1,0.5,3,4,1331,15,1,15,0,0,optimal,sha256:fdea0ae6752eb41dd6b710fdbbd578162f1c2bd99bed650b745f6ffb4e22bd82,c00 c03,c01 c03,0,810,1270,0,592344161,1126038,0,576187377,1045196,0,284464744,0,314019384,all,all,0,0,1,1,wsum,16.588074,80.842000,30.343573,,20,20,256
main|shymkent_school|M|single|k1|br0.5|ms3|s5,main,shymkent_school,M,8,15,single,1,0.5,3,5,1172,15,1,1,0,0,optimal,sha256:5e094dfd2564b700f495ccc5297382bc6621ff44f45889015b2bc9d77b91afd7,c00 c07,c00 c07,1,1160,1160,0,230564929,402095,0,230564929,402095,0,229181349,0,229181349,single0,single0,0,0,1,1,none,0.000000,0.000000,0.000000,,16,16,256
main|shymkent_school|M|single|k3|br0.5|ms3|s5,main,shymkent_school,M,8,15,single,3,0.5,3,5,1172,15,3,1,1,0,optimal,sha256:3108a1f11e7e93f2abd6c79ac1e4ffc36c296238f751fb8c4f8182b61dd75065,c00 c07,c03 c06,0,1160,1111,0,252459251,486154,0,246255617,402095,0,229181349,0,230665625,single1,single1,0,0,1,1,wsum,6.832196,84.059000,1.634665,,16,16,256
main|shymkent_school|M|single|k7|br0.5|ms3|s5,main,shymkent_school,M,8,15,single,7,0.5,3,5,1172,15,7,1,5,0,optimal,sha256:c690b841f1972835faacedcffa55fe32c39a80adc328713e1e02d87189746df8,c00 c07,c00 c07,1,1160,1160,0,230564929,402095,0,230564929,402095,0,229181349,0,229181349,single6,single6,0,0,1,1,none,0.000000,0.000000,0.000000,,16,16,256
main|shymkent_school|M|pair|k1|br0.5|ms3|s5,main,shymkent_school,M,8,15,pair,1,0.5,3,5,1172,15,1,2,1,1,optimal,sha256:5f11a582e937aca8c79e79ee12ee9c448a0a452a38f597e4a636776d3929313a,c00 c07,c00 c07,1,1160,1160,0,229181349,402095,0,229181349,402095,0,229181349,0,229181349,base pair0,base pair0,1,1,2,2,none,0.000000,0.000000,0.000000,,16,16,256
main|shymkent_school|M|pair|k3|br0.5|ms3|s5,main,shymkent_school,M,8,15,pair,3,0.5,3,5,1172,15,3,2,1,0,optimal,sha256:2290735c296f556fbee2b6847d6dfb5bebd30307ef3904b115833a62ee4f2fa9,c00 c07,c00 c07,1,1160,1160,0,237178869,480257,0,237178869,480257,0,229181349,0,229181349,pair0,pair0,0,0,1,1,none,0.000000,0.000000,0.000000,,16,16,256
main|shymkent_school|M|pair|k7|br0.5|ms3|s5,main,shymkent_school,M,8,15,pair,7,0.5,3,5,1172,15,7,2,3,0,optimal,sha256:2d6456b47a71c67e86d2243e63592c33aa65d2101b9dd0f81ea90d2e6c023434,c00 c07,c00 c07,1,1160,1160,0,251561585,416161,0,251561585,416161,0,229181349,0,229181349,pair0,pair0,0,0,1,1,none,0.000000,0.000000,0.000000,,16,16,256
main|shymkent_school|M|cluster|k1|br0.5|ms3|s5,main,shymkent_school,M,8,15,cluster,1,0.5,3,5,1172,15,1,3,0,0,optimal,sha256:269ad366056b7d799f5b3216394ba7e3c39ecde91a5bcf7f08275de883890e5c,c00 c07,c00 c07,1,1160,1160,0,251882264,589575,0,251882264,589575,0,229181349,0,229181349,cluster0,cluster0,0,0,1,1,none,0.000000,0.000000,0.000000,,16,16,256
main|shymkent_school|M|cluster|k3|br0.5|ms3|s5,main,shymkent_school,M,8,15,cluster,3,0.5,3,5,1172,15,3,3,0,0,optimal,sha256:4fba4d0b8cc44988c8c8e5e220b148d527148abd1771f186821dbb38f533bc06,c00 c07,c00 c07,1,1160,1160,0,314646787,686911,0,314646787,686911,0,229181349,0,229181349,cluster2,cluster2,0,0,1,1,none,0.000000,0.000000,0.000000,,16,16,256
main|shymkent_school|M|cluster|k7|br0.5|ms3|s5,main,shymkent_school,M,8,15,cluster,7,0.5,3,5,1172,15,5,3,0,0,optimal,sha256:e729a3ebafb457a93328d5aa7e5dbb903c4e29f3788a147d696cf45f43f3bcf0,c00 c07,c03 c06,0,1160,1111,0,268475387,497062,0,262271753,497062,0,229181349,0,230665625,cluster1 cluster6,cluster1 cluster6,0,0,2,2,wsum,6.832196,0.000000,1.634665,,16,16,256
main|shymkent_school|M|attribute|k3|br0.5|ms3|s5,main,shymkent_school,M,8,15,attribute,3,0.5,3,5,1172,15,3,9,0,0,optimal,sha256:c56c5d9f079e5f163a913cf4119d9f255c15a66b5c1fbf518bc10c46b33deef6,c00 c07,c00 c07,1,1160,1160,0,273991720,526691,0,273991720,526691,0,229181349,0,229181349,low_or_qa,low_or_qa,0,0,1,1,none,0.000000,0.000000,0.000000,,16,16,256
main|shymkent_school|M|all_disabled|k1|br0.5|ms3|s5,main,shymkent_school,M,8,15,all_disabled,1,0.5,3,5,1172,15,1,15,0,0,optimal,sha256:27c7ecd60b5ba4c5be1087f070b203327f33fa927cbfef9e5fcc83f4d2223ff7,c00 c07,c00 c07,1,1160,1160,0,609066876,1118325,0,609066876,1118325,0,229181349,0,229181349,all,all,0,0,1,1,none,0.000000,0.000000,0.000000,,16,16,256
main|shymkent_school|M|single|k1|br0.5|ms3|s6,main,shymkent_school,M,8,15,single,1,0.5,3,6,1252,15,1,1,1,1,optimal,sha256:981e38ea2180f2f93feafb48a7d98be8aa63c113aab2d9cc0e3553008bbb8301,c02 c06 c07,c02 c06 c07,1,1033,1033,0,141642866,510923,0,141642866,510923,0,141642866,0,141642866,base single0,base single0,1,1,2,2,none,0.000000,0.000000,0.000000,,49,49,256
main|shymkent_school|M|single|k3|br0.5|ms3|s6,main,shymkent_school,M,8,15,single,3,0.5,3,6,1252,15,3,1,2,0,optimal,sha256:9a900f01bb7a947d52962c7bbcf92550ca73150ba5ef8755ea3a5a317707cb28,c02 c06 c07,c02 c06 c07,1,1033,1033,0,165150614,510923,0,165150614,510923,0,141642866,0,141642866,single1,single1,0,0,1,1,none,0.000000,0.000000,0.000000,,49,49,256
main|shymkent_school|M|single|k7|br0.5|ms3|s6,main,shymkent_school,M,8,15,single,7,0.5,3,6,1252,15,7,1,4,0,optimal,sha256:6361acd9cbc0dd02131f3ce721d2cf15b76f82d237b6ce6f6a9331c9d720c3e7,c02 c06 c07,c02 c06 c07,1,1033,1033,0,146855122,516993,0,146855122,516993,0,141642866,0,141642866,single0,single0,0,0,1,1,none,0.000000,0.000000,0.000000,,49,49,256
main|shymkent_school|M|pair|k1|br0.5|ms3|s6,main,shymkent_school,M,8,15,pair,1,0.5,3,6,1252,15,1,2,1,1,optimal,sha256:e775f14757e2c8d6af46761f1e65ed6b284af33b3425537a9a9e01f0e2c2b84d,c02 c06 c07,c02 c06 c07,1,1033,1033,0,141642866,510923,0,141642866,510923,0,141642866,0,141642866,base pair0,base pair0,1,1,2,2,none,0.000000,0.000000,0.000000,,49,49,256
main|shymkent_school|M|pair|k3|br0.5|ms3|s6,main,shymkent_school,M,8,15,pair,3,0.5,3,6,1252,15,3,2,2,0,optimal,sha256:136ccdeacdf7164d80cc7bce50939518796f407e41f329edd35789815a4ec661,c02 c06 c07,c02 c06 c07,1,1033,1033,0,141977706,510923,0,141977706,510923,0,141642866,0,141642866,pair2,pair2,0,0,1,1,none,0.000000,0.000000,0.000000,,49,49,256
main|shymkent_school|M|pair|k7|br0.5|ms3|s6,main,shymkent_school,M,8,15,pair,7,0.5,3,6,1252,15,7,2,2,0,optimal,sha256:111727a76c1c00e65ebea8e1de39811068ee11fe1725ab934269713fbe43e55b,c02 c06 c07,c02 c06 c07,1,1033,1033,0,166673139,516993,0,166673139,516993,0,141642866,0,141642866,pair3,pair3,0,0,1,1,none,0.000000,0.000000,0.000000,,49,49,256
main|shymkent_school|M|cluster|k1|br0.5|ms3|s6,main,shymkent_school,M,8,15,cluster,1,0.5,3,6,1252,15,1,3,1,1,optimal,sha256:c2795c158aec2f7b13ff73153f09077e1335bf01600eb2e1aacf91ebd78c5409,c02 c06 c07,c02 c06 c07,1,1033,1033,0,141642866,510923,0,141642866,510923,0,141642866,0,141642866,base cluster0,base cluster0,1,1,2,2,none,0.000000,0.000000,0.000000,,49,49,256
main|shymkent_school|M|cluster|k3|br0.5|ms3|s6,main,shymkent_school,M,8,15,cluster,3,0.5,3,6,1252,15,2,3,0,0,optimal,sha256:495ef1e55c97356ecb66241d2c32ebfd9b9f23dda178287d8b6c24453aff8c06,c02 c06 c07,c02 c06 c07,1,1033,1033,0,164073550,515747,0,164073550,515747,0,141642866,0,141642866,cluster0,cluster0,0,0,1,1,none,0.000000,0.000000,0.000000,,49,49,256
main|shymkent_school|M|cluster|k7|br0.5|ms3|s6,main,shymkent_school,M,8,15,cluster,7,0.5,3,6,1252,15,6,3,0,0,optimal,sha256:a5900c2c148319cfcc6c125826911afc124382a3b9888cc3b3303a8743311176,c02 c06 c07,c02 c06 c07,1,1033,1033,0,169888886,510923,0,169888886,510923,0,141642866,0,141642866,cluster2,cluster2,0,0,1,1,none,0.000000,0.000000,0.000000,,49,49,256
main|shymkent_school|M|attribute|k3|br0.5|ms3|s6,main,shymkent_school,M,8,15,attribute,3,0.5,3,6,1252,15,3,9,1,0,optimal,sha256:9a0d182a016eb39cb0e22f3696cb1884dc77b664bd729a40eec522ae517843c2,c02 c06 c07,c02 c06 c07,1,1033,1033,0,141977706,510923,0,141977706,510923,0,141642866,0,141642866,low_confidence low_or_qa,low_confidence low_or_qa,0,0,2,2,none,0.000000,0.000000,0.000000,,49,49,256
main|shymkent_school|M|all_disabled|k1|br0.5|ms3|s6,main,shymkent_school,M,8,15,all_disabled,1,0.5,3,6,1252,15,1,15,0,0,optimal,sha256:9d1018c6a0d3a098717a11483e498666525f0069688a2730b644b6a67b9c20fc,c02 c06 c07,c01 c02 c06,0,1033,1003,0,334442811,861104,0,280344966,829867,0,141642866,0,144408306,all,all,0,0,1,1,wsum,83.742794,31.237000,4.280867,,49,49,256
main|shymkent_school|M|single|k1|br0.5|ms3|s7,main,shymkent_school,M,8,15,single,1,0.5,3,7,1288,15,1,1,0,0,optimal,sha256:6f49d10e820890b16a57ac288461c1a4274077bf278ab6b7473aae4602211bc5,c03 c05 c07,c03 c05 c07,1,1062,1062,0,159862368,572126,0,159862368,572126,0,158448824,0,158448824,single0,single0,0,0,1,1,none,0.000000,0.000000,0.000000,,52,52,256
main|shymkent_school|M|single|k3|br0.5|ms3|s7,main,shymkent_school,M,8,15,single,3,0.5,3,7,1288,15,3,1,3,1,optimal,sha256:5493994d2b3e91e591eb8ea40aa901e04bb0ca1d9ac6056aa8e890cf0f967ed7,c03 c05 c07,c03 c05 c07,1,1062,1062,0,158448824,572126,0,158448824,572126,0,158448824,0,158448824,base single0 single1 single2,base single0 single1 single2,1,1,4,4,none,0.000000,0.000000,0.000000,,52,52,256
main|shymkent_school|M|single|k7|br0.5|ms3|s7,main,shymkent_school,M,8,15,single,7,0.5,3,7,1288,15,7,1,2,0,optimal,sha256:e051374cd7b1368cb732a9ddfa077a40cccb29e6a722fb480ed8bdd8dc7d0132,c03 c05 c07,c03 c05 c07,1,1062,1062,0,176853075,802574,0,176853075,802574,0,158448824,0,158448824,single5,single5,0,0,1,1,none,0.000000,0.000000,0.000000,,52,52,256
main|shymkent_school|M|pair|k1|br0.5|ms3|s7,main,shymkent_school,M,8,15,pair,1,0.5,3,7,1288,15,1,2,0,0,optimal,sha256:803d6c8f198c6ef100c2ca35b8da2ffdeb4fe7db293cccb360db576d0250022e,c03 c05 c07,c03 c05 c07,1,1062,1062,0,167557169,572126,0,167557169,572126,0,158448824,0,158448824,pair0,pair0,0,0,1,1,none,0.000000,0.000000,0.000000,,52,52,256
main|shymkent_school|M|pair|k3|br0.5|ms3|s7,main,shymkent_school,M,8,15,pair,3,0.5,3,7,1288,15,3,2,1,0,optimal,sha256:9e6c14adfc028b253d55731964198fa774db1c98085cbb00fe563b37dd1afa90,c03 c05 c07,c03 c05 c07,1,1062,1062,0,176853075,802574,0,176853075,802574,0,158448824,0,158448824,pair1,pair1,0,0,1,1,none,0.000000,0.000000,0.000000,,52,52,256
main|shymkent_school|M|pair|k7|br0.5|ms3|s7,main,shymkent_school,M,8,15,pair,7,0.5,3,7,1288,15,7,2,1,0,optimal,sha256:48a32d1d0cb069ca912c3157aa5c2a39be393dd1a9f43b595d605023a61f3a52,c03 c05 c07,c03 c05 c07,1,1062,1062,0,176853075,802574,0,176853075,802574,0,158448824,0,158448824,pair0,pair0,0,0,1,1,none,0.000000,0.000000,0.000000,,52,52,256
main|shymkent_school|M|cluster|k1|br0.5|ms3|s7,main,shymkent_school,M,8,15,cluster,1,0.5,3,7,1288,15,1,3,0,0,optimal,sha256:be5d027ed7c33ef3fbcd6575a69c2d213ee8e1314e077a18b75c9a06454812cf,c03 c05 c07,c03 c05 c07,1,1062,1062,0,179537035,802574,0,179537035,802574,0,158448824,0,158448824,cluster0,cluster0,0,0,1,1,none,0.000000,0.000000,0.000000,,52,52,256
main|shymkent_school|M|cluster|k3|br0.5|ms3|s7,main,shymkent_school,M,8,15,cluster,3,0.5,3,7,1288,15,3,3,1,0,optimal,sha256:dcbe2019f7fa343b286ada3dbf881294a1c0c7cd9e1133bb67b0b5318e9d52ce,c03 c05 c07,c03 c05 c07,1,1062,1062,0,179537035,802574,0,179537035,802574,0,158448824,0,158448824,cluster2,cluster2,0,0,1,1,none,0.000000,0.000000,0.000000,,52,52,256
main|shymkent_school|M|cluster|k7|br0.5|ms3|s7,main,shymkent_school,M,8,15,cluster,7,0.5,3,7,1288,15,7,3,1,0,optimal,sha256:9865c0081ab7c517f7f795bfb3fc55cc846393ad145e900c7ce98ba8ead662db,c03 c05 c07,c03 c05 c07,1,1062,1062,0,208882158,883782,0,208882158,883782,0,158448824,0,158448824,cluster0,cluster0,0,0,1,1,none,0.000000,0.000000,0.000000,,52,52,256
main|shymkent_school|M|attribute|k3|br0.5|ms3|s7,main,shymkent_school,M,8,15,attribute,3,0.5,3,7,1288,15,3,9,0,0,optimal,sha256:a99faacfb8d9f16997f9f73e36300d837cefa3f5568a31e20f65e6cb88384f18,c03 c05 c07,c03 c05 c07,1,1062,1062,0,158448824,572126,0,158448824,572126,0,158448824,0,158448824,base low_confidence low_or_qa qa_flagged,base low_confidence low_or_qa qa_flagged,1,1,4,4,none,0.000000,0.000000,0.000000,,52,52,256
main|shymkent_school|M|all_disabled|k1|br0.5|ms3|s7,main,shymkent_school,M,8,15,all_disabled,1,0.5,3,7,1288,15,1,15,0,0,optimal,sha256:799193c8cbdd32726a8218427ff456955b4d88f50d66612393c849846ea5519c,c03 c05 c07,c02 c05 c07,0,1062,1086,0,372942036,1451003,0,366763599,1164429,0,158448824,0,173252465,all,all,0,0,1,1,wsum,10.436549,286.574000,25.006150,,52,52,256
main|shymkent_school|M|single|k1|br0.5|ms3|s8,main,shymkent_school,M,8,15,single,1,0.5,3,8,1369,15,1,1,0,0,optimal,sha256:4eabc8a3765ac3fe42912803ef407a1bd6c1a865310cc697d7a9c738ed93199e,c05,c05,1,884,884,0,151663468,1107016,0,151663468,1107016,0,148326834,0,148326834,single0,single0,0,0,1,1,none,0.000000,0.000000,0.000000,,26,26,256
main|shymkent_school|M|single|k3|br0.5|ms3|s8,main,shymkent_school,M,8,15,single,3,0.5,3,8,1369,15,3,1,3,1,optimal,sha256:b64bafb6e5d9479fb4658aa07728933dad54e387d891e0abed3504b3439a1fb1,c05,c05,1,884,884,0,148326834,930549,0,148326834,930549,0,148326834,0,148326834,base single0 single1 single2,base single0 single1 single2,1,1,4,4,none,0.000000,0.000000,0.000000,,26,26,256
main|shymkent_school|M|single|k7|br0.5|ms3|s8,main,shymkent_school,M,8,15,single,7,0.5,3,8,1369,15,7,1,5,0,optimal,sha256:37a7eb4699663dbb10219dfe41df36ebc199c27cb2dc92c262f98783aae52282,c05,c02 c03,0,884,1264,0,223709644,951877,0,168790743,590736,0,148326834,0,153068931,single1,single1,0,0,1,1,wsum,105.208623,361.141000,9.084477,,26,26,256
main|shymkent_school|M|pair|k1|br0.5|ms3|s8,main,shymkent_school,M,8,15,pair,1,0.5,3,8,1369,15,1,2,1,1,optimal,sha256:c139bb8726d7057bf53b22f0bc8e9734e26a6d8c7c663c7eb600c6c8f4864e41,c05,c05,1,884,884,0,148326834,930549,0,148326834,930549,0,148326834,0,148326834,base pair0,base pair0,1,1,2,2,none,0.000000,0.000000,0.000000,,26,26,256
main|shymkent_school|M|pair|k3|br0.5|ms3|s8,main,shymkent_school,M,8,15,pair,3,0.5,3,8,1369,15,3,2,1,0,optimal,sha256:7c7f13f0a2be3f882dfe3dd80e2ba71341eab46caffc3becd6c8914847b523c0,c05,c05 c07,0,884,1229,0,151949698,1154721,0,151936096,1152454,0,148326834,0,148326834,pair2,pair2,0,0,1,1,wsum,0.026057,2.267000,0.000000,,26,26,256
main|shymkent_school|M|pair|k7|br0.5|ms3|s8,main,shymkent_school,M,8,15,pair,7,0.5,3,8,1369,15,7,2,1,0,optimal,sha256:777d6209ed5fdb369fcc890e49a10b64f8938a2d58ba96aefb21909b4c441ad4,c05,c02 c03,0,884,1264,0,226325674,951877,0,171478623,590736,0,148326834,0,153068931,pair3,pair3,0,0,1,1,wsum,105.070979,361.141000,9.084477,,26,26,256
main|shymkent_school|M|cluster|k1|br0.5|ms3|s8,main,shymkent_school,M,8,15,cluster,1,0.5,3,8,1369,15,1,3,0,0,optimal,sha256:e31a612be685a3260aded53a29837e14e07146010f8bfac64c817bfef6e64e03,c05,c05,1,884,884,0,148839762,930549,0,148839762,930549,0,148326834,0,148326834,cluster0,cluster0,0,0,1,1,none,0.000000,0.000000,0.000000,,26,26,256
main|shymkent_school|M|cluster|k3|br0.5|ms3|s8,main,shymkent_school,M,8,15,cluster,3,0.5,3,8,1369,15,3,3,0,0,optimal,sha256:c8f6cfa6f09dba4ae28d15c9d23571e68b4abd3f2733d5e916b347f2d91737f4,c05,c02 c03,0,884,1264,0,229093787,974644,0,171478623,590736,0,148326834,0,153068931,cluster1,cluster1,0,0,1,1,wsum,110.373877,383.908000,9.084477,,26,26,256
main|shymkent_school|M|cluster|k7|br0.5|ms3|s8,main,shymkent_school,M,8,15,cluster,7,0.5,3,8,1369,15,4,3,0,0,optimal,sha256:bfc7a5044c0013debae781665fc84b3f8ba21ca97971a825761a3d3cb590de3e,c05,c05,1,884,884,0,175204568,930549,0,175204568,930549,0,148326834,0,148326834,cluster3,cluster3,0,0,1,1,none,0.000000,0.000000,0.000000,,26,26,256
main|shymkent_school|M|attribute|k3|br0.5|ms3|s8,main,shymkent_school,M,8,15,attribute,3,0.5,3,8,1369,15,3,9,1,0,optimal,sha256:830ae10beb49fc8f22826e3428c44bfb45af55f2a65468e2c9ef868732a94edc,c05,c05,1,884,884,0,153630245,930549,0,153630245,930549,0,148326834,0,148326834,low_or_qa qa_flagged,low_or_qa qa_flagged,0,0,2,2,none,0.000000,0.000000,0.000000,,26,26,256
main|shymkent_school|M|all_disabled|k1|br0.5|ms3|s8,main,shymkent_school,M,8,15,all_disabled,1,0.5,3,8,1369,15,1,15,0,0,optimal,sha256:443bcebd752dd054d8c4fbdc7930e5780d0427e1ffe1484e316723db77bcbf64,c05,c02 c06,0,884,1110,0,410320555,1858308,0,278417041,1455917,0,148326834,0,157726590,all,all,0,0,1,1,wsum,252.688724,402.391000,18.007195,,26,26,256
main|shymkent_school|M|single|k1|br0.5|ms3|s9,main,shymkent_school,M,8,15,single,1,0.5,3,9,1257,15,1,1,0,0,optimal,sha256:7708de7a4eec329b4f344833e9e2f8873b8b4c0dc9e22d71b90adda078960c1d,c00 c02 c03,c00 c02 c03,1,783,783,0,308696188,947044,0,308696188,947044,0,298616809,0,298616809,single0,single0,0,0,1,1,none,0.000000,0.000000,0.000000,,44,44,256
main|shymkent_school|M|single|k3|br0.5|ms3|s9,main,shymkent_school,M,8,15,single,3,0.5,3,9,1257,15,3,1,2,0,optimal,sha256:8f4be0cad4988d440843a01bd790d7ce41517f2e720594b894ea3909fdfc1560,c00 c02 c03,c00 c02 c03,1,783,783,0,324254838,947044,0,324254838,947044,0,298616809,0,298616809,single0,single0,0,0,1,1,none,0.000000,0.000000,0.000000,,44,44,256
main|shymkent_school|M|single|k7|br0.5|ms3|s9,main,shymkent_school,M,8,15,single,7,0.5,3,9,1257,15,7,1,3,0,optimal,sha256:a23ac4f867ff15e78a55977842a6dda6d52ab731e900c77929d94af98a47a95e,c00 c02 c03,c00 c02 c03,1,783,783,0,312315520,1067731,0,312315520,1067731,0,298616809,0,298616809,single3,single3,0,0,1,1,none,0.000000,0.000000,0.000000,,44,44,256
main|shymkent_school|M|pair|k1|br0.5|ms3|s9,main,shymkent_school,M,8,15,pair,1,0.5,3,9,1257,15,1,2,0,0,optimal,sha256:bf1bf2ba9a7e32cad4cca20bb4e4c167c3504ca3db9d86ad0f40b68e4e7b0f05,c00 c02 c03,c00 c02 c03,1,783,783,0,310349981,947044,0,310349981,947044,0,298616809,0,298616809,pair0,pair0,0,0,1,1,none,0.000000,0.000000,0.000000,,44,44,256
main|shymkent_school|M|pair|k3|br0.5|ms3|s9,main,shymkent_school,M,8,15,pair,3,0.5,3,9,1257,15,3,2,3,1,optimal,sha256:871a5be0a578d43efe976eb202423f7afd75c3021b4ce761b44d343359fa4dd2,c00 c02 c03,c00 c02 c03,1,783,783,0,298616809,947044,0,298616809,947044,0,298616809,0,298616809,base pair0 pair1 pair2,base pair0 pair1 pair2,1,1,4,4,none,0.000000,0.000000,0.000000,,44,44,256
main|shymkent_school|M|pair|k7|br0.5|ms3|s9,main,shymkent_school,M,8,15,pair,7,0.5,3,9,1257,15,6,2,3,0,optimal,sha256:089ec3babf8b4534500d5df2a924d5dde5e8bc2e2ea70f3f3d9b630ab5655cdf,c00 c02 c03,c00 c02 c03,1,783,783,0,324254838,947044,0,324254838,947044,0,298616809,0,298616809,pair5,pair5,0,0,1,1,none,0.000000,0.000000,0.000000,,44,44,256
main|shymkent_school|M|cluster|k1|br0.5|ms3|s9,main,shymkent_school,M,8,15,cluster,1,0.5,3,9,1257,15,1,3,0,0,optimal,sha256:6fa2b29d2d4d091f1ab77761839df9b4a7251819fb5b85556132b0c2b0409213,c00 c02 c03,c00 c02 c03,1,783,783,0,312664493,947044,0,312664493,947044,0,298616809,0,298616809,cluster0,cluster0,0,0,1,1,none,0.000000,0.000000,0.000000,,44,44,256
main|shymkent_school|M|cluster|k3|br0.5|ms3|s9,main,shymkent_school,M,8,15,cluster,3,0.5,3,9,1257,15,3,3,1,0,optimal,sha256:2f08af2dd218e7d18cd9d836712307b940d05ad1bee5cbfbf31e9b88e9aa1a99,c00 c02 c03,c00 c02 c03,1,783,783,0,323529412,947044,0,323529412,947044,0,298616809,0,298616809,cluster1,cluster1,0,0,1,1,none,0.000000,0.000000,0.000000,,44,44,256
main|shymkent_school|M|cluster|k7|br0.5|ms3|s9,main,shymkent_school,M,8,15,cluster,7,0.5,3,9,1257,15,5,3,1,0,optimal,sha256:717a77487b9c27aedc9b618b38bd57cb0544d5b6e2ec4e61a256545d657b89de,c00 c02 c03,c00 c03 c06,0,783,1236,0,355902413,1137438,0,349272077,1120045,0,298616809,0,300878972,cluster4,cluster4,0,0,1,1,wsum,8.566326,17.393000,2.922691,,44,44,256
main|shymkent_school|M|attribute|k3|br0.5|ms3|s9,main,shymkent_school,M,8,15,attribute,3,0.5,3,9,1257,15,3,9,0,0,optimal,sha256:23093a8d30384315cb7e48e5c041be28b0eb95c5964e1028447f3dec24e97bad,c00 c02 c03,c00 c02 c03,1,783,783,0,299314201,947044,0,299314201,947044,0,298616809,0,298616809,low_or_qa qa_flagged,low_or_qa qa_flagged,0,0,2,2,none,0.000000,0.000000,0.000000,,44,44,256
main|shymkent_school|M|all_disabled|k1|br0.5|ms3|s9,main,shymkent_school,M,8,15,all_disabled,1,0.5,3,9,1257,15,1,15,0,0,optimal,sha256:419207ad437fa369ec4bd9ca8506ef8a7adf1d6c258ee9b9fe30df5b5fdef492,c00 c02 c03,c00 c02 c06,0,783,949,0,453571316,1443669,0,433871053,1120045,0,298616809,0,318817084,all,all,0,0,1,1,wsum,25.452536,323.624000,26.098547,,44,44,256
main|shymkent_school|M|single|k1|br1.0|ms3|s0,main,shymkent_school,M,8,15,single,1,1.0,3,0,2113,15,1,1,1,1,optimal,sha256:ca06b7daf6f1092b7d7200c66274abeb50f8881497aaaf7ccf479d0393f9a856,c01 c03 c04,c01 c03 c04,1,1561,1561,0,202744152,649818,0,202744152,649818,0,202744152,0,202744152,base single0,base single0,1,1,2,2,none,0.000000,0.000000,0.000000,,93,93,256
main|shymkent_school|M|single|k3|br1.0|ms3|s0,main,shymkent_school,M,8,15,single,3,1.0,3,0,2113,15,3,1,3,1,optimal,sha256:c3548f31a6fd8b2e4c1d0dbaeedace56e239d5e6f03071b0a7cf8df07a1c2510,c01 c03 c04,c01 c03 c04,1,1561,1561,0,202744152,649818,0,202744152,649818,0,202744152,0,202744152,base single0 single1 single2,base single0 single1 single2,1,1,4,4,none,0.000000,0.000000,0.000000,,93,93,256
main|shymkent_school|M|single|k7|br1.0|ms3|s0,main,shymkent_school,M,8,15,single,7,1.0,3,0,2113,15,7,1,5,0,optimal,sha256:d7d775b65cf4f462fff2538857c6c9c64afe99220f547e2bcd9e7ec69d823de4,c01 c03 c04,c03 c04 c06,0,1561,1376,0,215323554,649818,0,213489737,649818,0,202744152,0,207927782,single0,single2,0,0,1,1,wsum,1.920227,0.000000,5.427885,,93,93,256
main|shymkent_school|M|pair|k1|br1.0|ms3|s0,main,shymkent_school,M,8,15,pair,1,1.0,3,0,2113,15,1,2,1,1,optimal,sha256:34e0e47424a710c7f8396521dada3dbc81a975cd14ebe901462bd53e6d760c56,c01 c03 c04,c01 c03 c04,1,1561,1561,0,202744152,649818,0,202744152,649818,0,202744152,0,202744152,base pair0,base pair0,1,1,2,2,none,0.000000,0.000000,0.000000,,93,93,256
main|shymkent_school|M|pair|k3|br1.0|ms3|s0,main,shymkent_school,M,8,15,pair,3,1.0,3,0,2113,15,3,2,0,0,optimal,sha256:7e60f1215a5d4d1ade2ba7de2fdaa4baefdd18e7121c5505576fa49c4ce9d805,c01 c03 c04,c02 c03 c04,0,1561,1636,0,323813096,1330258,0,241116324,679985,0,202744152,0,210884552,pair2,pair0,0,0,1,1,wsum,86.593479,650.273000,8.523979,,93,93,256
main|shymkent_school|M|pair|k7|br1.0|ms3|s0,main,shymkent_school,M,8,15,pair,7,1.0,3,0,2113,15,7,2,3,0,optimal,sha256:0cd86fca0ad19871fe8ba7b0c944950c7c65c6082b03e57f1ad4edf5fc072821,c01 c03 c04,c02 c03 c04,0,1561,1636,0,323813096,1330258,0,240509023,755839,0,202744152,0,210884552,pair1,pair1,0,0,1,1,wsum,87.229396,574.419000,8.523979,,93,93,256
main|shymkent_school|M|cluster|k1|br1.0|ms3|s0,main,shymkent_school,M,8,15,cluster,1,1.0,3,0,2113,15,1,3,0,0,optimal,sha256:5d388eaac369ce72b8aa3cab5c50e182c6ac31984460bae4c43c29d4f0d468fa,c01 c03 c04,c01 c03 c04,1,1561,1561,0,214727166,649818,0,214727166,649818,0,202744152,0,202744152,cluster0,cluster0,0,0,1,1,none,0.000000,0.000000,0.000000,,93,93,256
main|shymkent_school|M|cluster|k3|br1.0|ms3|s0,main,shymkent_school,M,8,15,cluster,3,1.0,3,0,2113,15,2,3,0,0,optimal,sha256:01c5f859f38048cb105f94b8474e04a8876d22bbfc71b6da93090e62a8ffc61a,c01 c03 c04,c02 c03 c04,0,1561,1636,0,344857570,1440194,0,253088425,755839,0,202744152,0,210884552,cluster1,cluster1,0,0,1,1,wsum,96.093346,684.355000,8.523979,,93,93,256
main|shymkent_school|M|cluster|k7|br1.0|ms3|s0,main,shymkent_school,M,8,15,cluster,7,1.0,3,0,2113,15,4,3,0,0,optimal,sha256:a193cd925fe51132a582981da3f542503d2be6ad8c165dca23c8f52807068a46,c01 c03 c04,c02 c03 c04,0,1561,1636,0,350679103,1457472,0,256020126,755839,0,202744152,0,210884552,cluster5 cluster6,cluster5 cluster6,0,0,2,2,wsum,99.119348,701.633000,8.523979,,93,93,256
main|shymkent_school|M|attribute|k3|br1.0|ms3|s0,main,shymkent_school,M,8,15,attribute,3,1.0,3,0,2113,15,3,9,0,0,optimal,sha256:6a13f6efc88ba06ba3f4d8a403ab69196541d351abb0a1ccb9d8c9e7e44de662,c01 c03 c04,c01 c03 c04,1,1561,1561,0,222202478,649818,0,222202478,649818,0,202744152,0,202744152,low_or_qa,low_or_qa,0,0,1,1,none,0.000000,0.000000,0.000000,,93,93,256
main|shymkent_school|M|all_disabled|k1|br1.0|ms3|s0,main,shymkent_school,M,8,15,all_disabled,1,1.0,3,0,2113,15,1,15,0,0,optimal,sha256:48f9ffffaf78fdb4cf4425ed2067b65e9e4ff6985a2679665c2277b2d64ecce2,c01 c03 c04,c01 c02 c03,0,1561,1913,0,457014026,1478594,0,445370328,1062247,0,202744152,0,212949492,all,all,0,0,1,1,wsum,12.192354,416.347000,10.686220,,93,93,256
main|shymkent_school|M|single|k1|br1.0|ms3|s1,main,shymkent_school,M,8,15,single,1,1.0,3,1,2203,15,1,1,1,1,optimal,sha256:d7b35c880c163a6885fbc5395105a0282986e7fa93ac18586d32085fd93ce4dc,c01 c03 c05,c01 c03 c05,1,1345,1345,0,229036512,476805,0,229036512,476805,0,229036512,0,229036512,base single0,base single0,1,1,2,2,none,0.000000,0.000000,0.000000,,93,93,256
main|shymkent_school|M|single|k3|br1.0|ms3|s1,main,shymkent_school,M,8,15,single,3,1.0,3,1,2203,15,3,1,2,0,optimal,sha256:093ed7617746c91a947c4e3e86fd1abd0ebf5bb4faaff4374b428c2d49477eaa,c01 c03 c05,c01 c03 c05,1,1345,1345,0,234099851,476805,0,234099851,476805,0,229036512,0,229036512,single0,single0,0,0,1,1,none,0.000000,0.000000,0.000000,,93,93,256
main|shymkent_school|M|single|k7|br1.0|ms3|s1,main,shymkent_school,M,8,15,single,7,1.0,3,1,2203,15,7,1,2,0,optimal,sha256:e9440170c8286a81ce89fb223bd5e7c4d80064107ce1297a10ae340dafcca5e6,c01 c03 c05,c03 c04 c05,0,1345,1748,0,259673409,719091,0,250277467,476805,0,229036512,0,236758780,single2,single2,0,0,1,1,wsum,11.028101,242.286000,9.063695,,93,93,256
main|shymkent_school|M|pair|k1|br1.0|ms3|s1,main,shymkent_school,M,8,15,pair,1,1.0,3,1,2203,15,1,2,1,1,optimal,sha256:6bdd8438f9f8541fa89d7814f99a1dae67d2282a03dfd809382d23fc868ed307,c01 c03 c05,c01 c03 c05,1,1345,1345,0,229036512,476805,0,229036512,476805,0,229036512,0,229036512,base pair0,base pair0,1,1,2,2,none,0.000000,0.000000,0.000000,,93,93,256
main|shymkent_school|M|pair|k3|br1.0|ms3|s1,main,shymkent_school,M,8,15,pair,3,1.0,3,1,2203,15,3,2,0,0,optimal,sha256:d8b31e126c6cee0a1497de883852c858939a976e7afaf06e5415cc51fbb6000c,c01 c03 c05,c03 c04 c05,0,1345,1748,0,259673409,719091,0,250277467,476805,0,229036512,0,236758780,pair0,pair0,0,0,1,1,wsum,11.028101,242.286000,9.063695,,93,93,256
main|shymkent_school|M|pair|k7|br1.0|ms3|s1,main,shymkent_school,M,8,15,pair,7,1.0,3,1,2203,15,7,2,1,0,optimal,sha256:54b5e543ca977c8edd0b3e8ec4c3fa3478e580193e762ce0d003a5f32c6c67a8,c01 c03 c05,c03 c04 c05,0,1345,1748,0,271701971,719091,0,262306029,509807,0,229036512,0,236758780,pair1,pair1,0,0,1,1,wsum,11.028101,209.284000,9.063695,,93,93,256
main|shymkent_school|M|cluster|k1|br1.0|ms3|s1,main,shymkent_school,M,8,15,cluster,1,1.0,3,1,2203,15,1,3,0,0,optimal,sha256:9bdbcdab7fb0d930e8f406b3b33d0a3247eb660ac2d36091e4ca4d407c21f5d8,c01 c03 c05,c01 c03 c05,1,1345,1345,0,236370030,476805,0,236370030,476805,0,229036512,0,229036512,cluster0,cluster0,0,0,1,1,none,0.000000,0.000000,0.000000,,93,93,256
main|shymkent_school|M|cluster|k3|br1.0|ms3|s1,main,shymkent_school,M,8,15,cluster,3,1.0,3,1,2203,15,2,3,0,0,optimal,sha256:e54e134c59e76006fe8b350cd05aab75735d10a265b9910078440ae297ffcd9e,c01 c03 c05,c00 c05 c06,0,1345,1898,0,273900416,576035,0,264766566,591079,0,229036512,0,249247290,cluster1,cluster0 cluster2,0,0,1,2,wsum,10.720481,-15.044000,23.721570,,93,93,256
main|shymkent_school|M|cluster|k7|br1.0|ms3|s1,main,shymkent_school,M,8,15,cluster,7,1.0,3,1,2203,15,6,3,0,0,optimal,sha256:911897cb9d7f3c6e44b6e80bf29f6d2a8acbcc5ea7c6e25cfc2b9541a757206e,c01 c03 c05,c03 c04 c05,0,1345,1748,0,289003682,719091,0,279607740,545774,0,229036512,0,236758780,cluster0 cluster6,cluster0 cluster6,0,0,2,2,wsum,11.028101,173.317000,9.063695,,93,93,256
main|shymkent_school|M|attribute|k3|br1.0|ms3|s1,main,shymkent_school,M,8,15,attribute,3,1.0,3,1,2203,15,3,9,0,0,optimal,sha256:388e803bdfd91738eb300fb89f15e36a2c2f5db2237d38259ed493fe4854ae7f,c01 c03 c05,c01 c03 c05,1,1345,1345,0,251687783,520143,0,251687783,520143,0,229036512,0,229036512,low_or_qa,low_or_qa,0,0,1,1,none,0.000000,0.000000,0.000000,,93,93,256
main|shymkent_school|M|all_disabled|k1|br1.0|ms3|s1,main,shymkent_school,M,8,15,all_disabled,1,1.0,3,1,2203,15,1,15,0,0,optimal,sha256:72e3c2744fef89011931d97c97826d504c23ef968bbafead362432710f37f025,c01 c03 c05,c00 c05 c06,0,1345,1898,0,640613452,1695819,0,351839052,827097,0,229036512,0,249247290,all,all,0,0,1,1,wsum,338.937089,868.722000,23.721570,,93,93,256
main|shymkent_school|M|single|k1|br1.0|ms3|s2,main,shymkent_school,M,8,15,single,1,1.0,3,2,1989,15,1,1,0,0,optimal,sha256:196361ff2cc3c5e0bc8385195a43b8cc2da1fabb02a92f20e5f0f2ceaa347339,c02 c04 c07,c02 c04 c07,1,1428,1428,0,164014528,661608,0,164014528,661608,0,129791138,0,129791138,single0,single0,0,0,1,1,none,0.000000,0.000000,0.000000,,93,93,256
main|shymkent_school|M|single|k3|br1.0|ms3|s2,main,shymkent_school,M,8,15,single,3,1.0,3,2,1989,15,3,1,1,0,optimal,sha256:e90725e7f8cf0172419ca6826c30c45903aa7b3d86f13bf0b5a95f07dd058920,c02 c04 c07,c02 c04 c07,1,1428,1428,0,139398952,480502,0,139398952,480502,0,129791138,0,129791138,single1,single1,0,0,1,1,none,0.000000,0.000000,0.000000,,93,93,256
main|shymkent_school|M|single|k7|br1.0|ms3|s2,main,shymkent_school,M,8,15,single,7,1.0,3,2,1989,15,7,1,4,0,optimal,sha256:0d4ca5b29b89192dce6b7ad7a69a9a6eb6ab077d95a544ddd0874311d14636d3,c02 c04 c07,c02 c04 c07,1,1428,1428,0,153674540,546534,0,153674540,546534,0,129791138,0,129791138,single6,single6,0,0,1,1,none,0.000000,0.000000,0.000000,,93,93,256
main|shymkent_school|M|pair|k1|br1.0|ms3|s2,main,shymkent_school,M,8,15,pair,1,1.0,3,2,1989,15,1,2,0,0,optimal,sha256:7eb24c56e2401a471cd64edb374e90703dc82684367f13efee3e4a2ecf4833be,c02 c04 c07,c02 c04 c07,1,1428,1428,0,144964226,480502,0,144964226,480502,0,129791138,0,129791138,pair0,pair0,0,0,1,1,none,0.000000,0.000000,0.000000,,93,93,256
main|shymkent_school|M|pair|k3|br1.0|ms3|s2,main,shymkent_school,M,8,15,pair,3,1.0,3,2,1989,15,3,2,0,0,optimal,sha256:f6594ce7187af1d21058b5e27176385c46875b7100f0111d12eecf92b505e547,c02 c04 c07,c00 c02 c07,0,1428,1451,0,208484088,909634,0,200629255,719574,0,129791138,0,137711285,pair2,pair2,0,0,1,1,wsum,11.078749,190.060000,11.170870,,93,93,256
main|shymkent_school|M|pair|k7|br1.0|ms3|s2,main,shymkent_school,M,8,15,pair,7,1.0,3,2,1989,15,7,2,3,0,optimal,sha256:982d87342de7bd70e8d3718119e9d517ab517542817609a84cf7649a02cccd47,c02 c04 c07,c02 c04 c07,1,1428,1428,0,153674540,546534,0,153674540,546534,0,129791138,0,129791138,pair0,pair0,0,0,1,1,none,0.000000,0.000000,0.000000,,93,93,256
main|shymkent_school|M|cluster|k1|br1.0|ms3|s2,main,shymkent_school,M,8,15,cluster,1,1.0,3,2,1989,15,1,3,0,0,optimal,sha256:5a6e22ae4dadbdcea18873719d4497687f1fe7a70ffb00f648804620d58ae97d,c02 c04 c07,c00 c02 c07,0,1428,1451,0,209087208,909634,0,201232375,719574,0,129791138,0,137711285,cluster0,cluster0,0,0,1,1,wsum,11.078749,190.060000,11.170870,,93,93,256
main|shymkent_school|M|cluster|k3|br1.0|ms3|s2,main,shymkent_school,M,8,15,cluster,3,1.0,3,2,1989,15,3,3,0,0,optimal,sha256:2dc0967e28e225fdec452e49cd47e037d67affff816203235b8936e5b1756962,c02 c04 c07,c02 c04 c07,1,1428,1428,0,158647340,657983,0,158647340,657983,0,129791138,0,129791138,cluster1,cluster1,0,0,1,1,none,0.000000,0.000000,0.000000,,93,93,256
main|shymkent_school|M|cluster|k7|br1.0|ms3|s2,main,shymkent_school,M,8,15,cluster,7,1.0,3,2,1989,15,5,3,0,0,optimal,sha256:05b5c0bfdfc13a4089c50ac2c55f65e5e8b7f98ad522f7fb1b55e53489e040e4,c02 c04 c07,c02 c04 c07,1,1428,1428,0,170257625,546534,0,170257625,546534,0,129791138,0,129791138,cluster2,cluster2,0,0,1,1,none,0.000000,0.000000,0.000000,,93,93,256
main|shymkent_school|M|attribute|k3|br1.0|ms3|s2,main,shymkent_school,M,8,15,attribute,3,1.0,3,2,1989,15,3,9,0,0,optimal,sha256:d9c19b1cc942eea7cc319b8f941ec1451d64e9fff11dd608915b6cdb3cbebeba,c02 c04 c07,c02 c04 c07,1,1428,1428,0,161664910,577379,0,161664910,577379,0,129791138,0,129791138,low_or_qa,low_or_qa,0,0,1,1,none,0.000000,0.000000,0.000000,,93,93,256
main|shymkent_school|M|all_disabled|k1|br1.0|ms3|s2,main,shymkent_school,M,8,15,all_disabled,1,1.0,3,2,1989,15,1,15,0,0,optimal,sha256:587db633e8b604a37252f555227e14ffc9527793ca790d1211572a7c2710b63f,c02 c04 c07,c02 c03 c04,0,1428,1421,0,359472532,1483012,0,331597485,1238286,0,129791138,0,156563429,all,all,0,0,1,1,wsum,39.316004,244.726000,37.760636,,93,93,256
main|shymkent_school|M|single|k1|br1.0|ms3|s3,main,shymkent_school,M,8,15,single,1,1.0,3,3,2341,15,1,1,0,0,optimal,sha256:d6c0211a3b173713df3234f6aa5da311e9fb19582efeac7a4ef0ff506bd86fc5,c00 c02 c05,c02 c03 c05,0,2197,1803,0,287655228,595933,0,246224403,770336,0,228235078,0,240071969,single0,single0,0,0,1,1,wsum,49.617754,-174.403000,14.175917,,93,93,256
main|shymkent_school|M|single|k3|br1.0|ms3|s3,main,shymkent_school,M,8,15,single,3,1.0,3,3,2341,15,3,1,2,0,optimal,sha256:2c409f1982efc616f0554af4864cf652c48fffa0fd1f1c424c512ed213c3d018,c00 c02 c05,c00 c02 c05,1,2197,2197,0,228235078,595933,0,228235078,595933,0,228235078,0,228235078,base single0 single1 single2,base single0 single1 single2,1,1,4,4,none,0.000000,0.000000,0.000000,,93,93,256
main|shymkent_school|M|single|k7|br1.0|ms3|s3,main,shymkent_school,M,8,15,single,7,1.0,3,3,2341,15,7,1,5,0,optimal,sha256:20f87b4abd742edb17f800bd8a960369748c980fecf5a0b85edb9f3faf641e2b,c00 c02 c05,c00 c02 c05,1,2197,2197,0,231200047,595933,0,231200047,595933,0,228235078,0,228235078,single6,single6,0,0,1,1,none,0.000000,0.000000,0.000000,,93,93,256
main|shymkent_school|M|pair|k1|br1.0|ms3|s3,main,shymkent_school,M,8,15,pair,1,1.0,3,3,2341,15,1,2,0,0,optimal,sha256:40acde3144d225ed8821d7eb86bdcd2e7adb5c8b105bb72dcb03bc6723709a57,c00 c02 c05,c02 c03 c05,0,2197,1803,0,287655228,595933,0,246224403,770336,0,228235078,0,240071969,pair0,pair0,0,0,1,1,wsum,49.617754,-174.403000,14.175917,,93,93,256
main|shymkent_school|M|pair|k3|br1.0|ms3|s3,main,shymkent_school,M,8,15,pair,3,1.0,3,3,2341,15,3,2,1,0,optimal,sha256:3ee0875894123606e3af4e12a46df4e6a108db2567129f610ba589cfbe8b30a1,c00 c02 c05,c00 c02 c05,1,2197,2197,0,231200047,595933,0,231200047,595933,0,228235078,0,228235078,pair0,pair0,0,0,1,1,none,0.000000,0.000000,0.000000,,93,93,256
main|shymkent_school|M|pair|k7|br1.0|ms3|s3,main,shymkent_school,M,8,15,pair,7,1.0,3,3,2341,15,7,2,0,0,optimal,sha256:e5870da575b654ba6cb837c1672217f0fcbc90103cae615a48dcdeffc079c7b0,c00 c02 c05,c00 c02 c05,1,2197,2197,0,232491990,595933,0,232491990,595933,0,228235078,0,228235078,pair1,pair1,0,0,1,1,none,0.000000,0.000000,0.000000,,93,93,256
main|shymkent_school|M|cluster|k1|br1.0|ms3|s3,main,shymkent_school,M,8,15,cluster,1,1.0,3,3,2341,15,1,3,0,0,optimal,sha256:d0db1d01a99c9c74d55c9688ff3caf136306f8482830b268bcc83b0e3fde1796,c00 c02 c05,c00 c02 c05,1,2197,2197,0,231200047,595933,0,231200047,595933,0,228235078,0,228235078,cluster0,cluster0,0,0,1,1,none,0.000000,0.000000,0.000000,,93,93,256
main|shymkent_school|M|cluster|k3|br1.0|ms3|s3,main,shymkent_school,M,8,15,cluster,3,1.0,3,3,2341,15,3,3,0,0,optimal,sha256:aad5b756af7ca971902009603953c4f02ee435e4e18cb749abfe98e9458892ba,c00 c02 c05,c02 c03 c05,0,2197,1803,0,300136367,595933,0,258705542,770336,0,228235078,0,240071969,cluster2,cluster2,0,0,1,1,wsum,49.617754,-174.403000,14.175917,,93,93,256
main|shymkent_school|M|cluster|k7|br1.0|ms3|s3,main,shymkent_school,M,8,15,cluster,7,1.0,3,3,2341,15,7,3,0,0,optimal,sha256:19753cc33a1e2adb819b753f6cb2d2cc82cf231373886f34ea30c276a0437a71,c00 c02 c05,c02 c03 c05,0,2197,1803,0,300136367,595933,0,259362439,770336,0,228235078,0,240071969,cluster0,cluster2,0,0,1,1,wsum,48.831051,-174.403000,14.175917,,93,93,256
main|shymkent_school|M|attribute|k3|br1.0|ms3|s3,main,shymkent_school,M,8,15,attribute,3,1.0,3,3,2341,15,3,9,0,0,optimal,sha256:d260ca6a73450a9ba0fe2369e482a81b5e5e16d69014daa9872c5e3eeb1ee225,c00 c02 c05,c01 c02 c05,0,2197,2151,0,244319680,595933,0,241129379,598920,0,228235078,0,228447155,low_or_qa,low_or_qa,0,0,1,1,wsum,3.820720,-2.987000,0.253984,,93,93,256
main|shymkent_school|M|all_disabled|k1|br1.0|ms3|s3,main,shymkent_school,M,8,15,all_disabled,1,1.0,3,3,2341,15,1,15,0,0,optimal,sha256:de4b55fefa6cf5a63aee19cda3319f75a509ef4edd8f3e7104d3c5d14f1f2175,c00 c02 c05,c02 c03 c05,0,2197,1803,0,364457022,829532,0,331420065,962768,0,228235078,0,240071969,all,all,0,0,1,1,wsum,39.565218,-133.236000,14.175917,,93,93,256
main|shymkent_school|M|single|k1|br1.0|ms3|s4,main,shymkent_school,M,8,15,single,1,1.0,3,4,2663,15,1,1,0,0,optimal,sha256:d7c3641004f639c0e088a8e823bbe1d26af109849f0e16e27e601e72b497a935,c00 c03 c04,c00 c03 c04,1,1701,1701,0,344980281,698862,0,344980281,698862,0,270462869,0,270462869,single0,single0,0,0,1,1,none,0.000000,0.000000,0.000000,,93,93,256
main|shymkent_school|M|single|k3|br1.0|ms3|s4,main,shymkent_school,M,8,15,single,3,1.0,3,4,2663,15,3,1,3,1,optimal,sha256:25a51f9aa1a3b078073d20b6848429288e796ee43fdbd395882eaf17295b555e,c00 c03 c04,c00 c03 c04,1,1701,1701,0,270462869,429252,0,270462869,429252,0,270462869,0,270462869,base single0 single1 single2,base single0 single1 single2,1,1,4,4,none,0.000000,0.000000,0.000000,,93,93,256
main|shymkent_school|M|single|k7|br1.0|ms3|s4,main,shymkent_school,M,8,15,single,7,1.0,3,4,2663,15,7,1,4,0,optimal,sha256:baf18ef5c1fdb9d5fb3910a3a832143402746d1c625e4a90fb9f6bd2cb2538f4,c00 c03 c04,c00 c03 c04,1,1701,1701,0,344980281,698862,0,344980281,698862,0,270462869,0,270462869,single5,single5,0,0,1,1,none,0.000000,0.000000,0.000000,,93,93,256
main|shymkent_school|M|pair|k1|br1.0|ms3|s4,main,shymkent_school,M,8,15,pair,1,1.0,3,4,2663,15,1,2,1,1,optimal,sha256:de6d8b1ce37311aa1dd846448f1f90f588b397f9cb3f0c257add1da08c6270e6,c00 c03 c04,c00 c03 c04,1,1701,1701,0,270462869,429252,0,270462869,429252,0,270462869,0,270462869,base pair0,base pair0,1,1,2,2,none,0.000000,0.000000,0.000000,,93,93,256
main|shymkent_school|M|pair|k3|br1.0|ms3|s4,main,shymkent_school,M,8,15,pair,3,1.0,3,4,2663,15,3,2,2,0,optimal,sha256:c3c0020acf16f5f2c94a8e68c30ecae654e74e0c90c7afdd6ac7888edd35245c,c00 c03 c04,c00 c03 c04,1,1701,1701,0,344980281,698862,0,344980281,698862,0,270462869,0,270462869,pair0,pair0,0,0,1,1,none,0.000000,0.000000,0.000000,,93,93,256
main|shymkent_school|M|pair|k7|br1.0|ms3|s4,main,shymkent_school,M,8,15,pair,7,1.0,3,4,2663,15,7,2,3,0,optimal,sha256:b8fc10397e2852fda40a8a4fe9a929f8c09db4df4d1f203055fcebd10d0e21d2,c00 c03 c04,c00 c03 c04,1,1701,1701,0,296646262,528867,0,296646262,528867,0,270462869,0,270462869,pair3,pair3,0,0,1,1,none,0.000000,0.000000,0.000000,,93,93,256
main|shymkent_school|M|cluster|k1|br1.0|ms3|s4,main,shymkent_school,M,8,15,cluster,1,1.0,3,4,2663,15,1,3,1,1,optimal,sha256:b5a42f65b9c3ed9fc1714e99f710284f5c4c875076516edca9a11f770c0422d5,c00 c03 c04,c00 c03 c04,1,1701,1701,0,270462869,429252,0,270462869,429252,0,270462869,0,270462869,base cluster0,base cluster0,1,1,2,2,none,0.000000,0.000000,0.000000,,93,93,256
main|shymkent_school|M|cluster|k3|br1.0|ms3|s4,main,shymkent_school,M,8,15,cluster,3,1.0,3,4,2663,15,3,3,0,0,optimal,sha256:86e3e22bfa2a46080136cf868c5296987a4f570b505a2ed339fabe9314ce9d4f,c00 c03 c04,c00 c03 c04,1,1701,1701,0,339928928,813838,0,339928928,813838,0,270462869,0,270462869,cluster1,cluster1,0,0,1,1,none,0.000000,0.000000,0.000000,,93,93,256
main|shymkent_school|M|cluster|k7|br1.0|ms3|s4,main,shymkent_school,M,8,15,cluster,7,1.0,3,4,2663,15,6,3,1,0,optimal,sha256:7a4e8e98d3d4e0198f1bd21cc4f707eb56303a1afaae5c28df0dc2f6fb988bc8,c00 c03 c04,c00 c03 c04,1,1701,1701,0,392962730,698862,0,392962730,698862,0,270462869,0,270462869,cluster6,cluster6,0,0,1,1,none,0.000000,0.000000,0.000000,,93,93,256
main|shymkent_school|M|attribute|k3|br1.0|ms3|s4,main,shymkent_school,M,8,15,attribute,3,1.0,3,4,2663,15,3,9,0,0,optimal,sha256:df5878c27ad46389b175ced6ba2e854d5950beefa46a5b0290dd94ef86185a73,c00 c03 c04,c00 c03 c04,1,1701,1701,0,305384300,528867,0,305384300,528867,0,270462869,0,270462869,low_or_qa,low_or_qa,0,0,1,1,none,0.000000,0.000000,0.000000,,93,93,256
main|shymkent_school|M|all_disabled|k1|br1.0|ms3|s4,main,shymkent_school,M,8,15,all_disabled,1,1.0,3,4,2663,15,1,15,0,0,optimal,sha256:51a0b452b653f51743135a36ad881d085040e1df85fba5cdf834ae734a76974f,c00 c03 c04,c00 c01 c03,0,1701,1753,0,571042924,1126038,0,521081867,1045196,0,270462869,0,281703519,all,all,0,0,1,1,wsum,51.294720,80.842000,11.540708,,93,93,256
main|shymkent_school|M|single|k1|br1.0|ms3|s5,main,shymkent_school,M,8,15,single,1,1.0,3,5,2344,15,1,1,0,0,optimal,sha256:bebd72de912be179e3f84a77e106f336c7c1e85d494bcffd574e809985c38e75,c02 c03 c04,c02 c03 c04,1,2243,2243,0,213193569,402095,0,213193569,402095,0,212619089,0,212619089,single0,single0,0,0,1,1,none,0.000000,0.000000,0.000000,,93,93,256
main|shymkent_school|M|single|k3|br1.0|ms3|s5,main,shymkent_school,M,8,15,single,3,1.0,3,5,2344,15,3,1,1,0,optimal,sha256:4dc2c00453bf09447490960115d3e9c89b3771dc96fe130eea40bf553fa1f27d,c02 c03 c04,c02 c03 c04,1,2243,2243,0,226116441,402095,0,226116441,402095,0,212619089,0,212619089,single1,single1,0,0,1,1,none,0.000000,0.000000,0.000000,,93,93,256
main|shymkent_school|M|single|k7|br1.0|ms3|s5,main,shymkent_school,M,8,15,single,7,1.0,3,5,2344,15,7,1,5,0,optimal,sha256:ab985c330209914a3d005ded45a275b457865c8815aa9f2883cbe2284eb098e6,c02 c03 c04,c03 c04 c07,0,2243,2068,0,228068487,402095,0,220464377,402095,0,212619089,0,219617897,single5,single6,0,0,1,1,wsum,8.374570,0.000000,7.707938,,93,93,256
main|shymkent_school|M|pair|k1|br1.0|ms3|s5,main,shymkent_school,M,8,15,pair,1,1.0,3,5,2344,15,1,2,1,1,optimal,sha256:0e83f0dc0dbecf648a17b884edcac277d2863931bec219fbe69b179b9bb3f902,c02 c03 c04,c02 c03 c04,1,2243,2243,0,212619089,402095,0,212619089,402095,0,212619089,0,212619089,base pair0,base pair0,1,1,2,2,none,0.000000,0.000000,0.000000,,93,93,256
main|shymkent_school|M|pair|k3|br1.0|ms3|s5,main,shymkent_school,M,8,15,pair,3,1.0,3,5,2344,15,3,2,1,0,optimal,sha256:41559bbb0c53a423a4763eaaddcab2b3288084fb6d7471a3a8181f4b109d4bda,c02 c03 c04,c02 c03 c04,1,2243,2243,0,213733909,402095,0,213733909,402095,0,212619089,0,212619089,pair0,pair0,0,0,1,1,none,0.000000,0.000000,0.000000,,93,93,256
main|shymkent_school|M|pair|k7|br1.0|ms3|s5,main,shymkent_school,M,8,15,pair,7,1.0,3,5,2344,15,7,2,3,0,optimal,sha256:babf7f74e9bd9a7c03f4ae03ff242ed41d6cac19845c7ec0ce4fe4684cd11ba4,c02 c03 c04,c02 c03 c04,1,2243,2243,0,234190225,416161,0,234190225,416161,0,212619089,0,212619089,pair0,pair0,0,0,1,1,none,0.000000,0.000000,0.000000,,93,93,256
main|shymkent_school|M|cluster|k1|br1.0|ms3|s5,main,shymkent_school,M,8,15,cluster,1,1.0,3,5,2344,15,1,3,0,0,optimal,sha256:6101855e38ee70d8420c5d21f85de58ff3b9bd26b3523a53f41e1fb5f93f0f86,c02 c03 c04,c02 c03 c04,1,2243,2243,0,219654211,481250,0,219654211,481250,0,212619089,0,212619089,cluster0,cluster0,0,0,1,1,none,0.000000,0.000000,0.000000,,93,93,256
main|shymkent_school|M|cluster|k3|br1.0|ms3|s5,main,shymkent_school,M,8,15,cluster,3,1.0,3,5,2344,15,3,3,0,0,optimal,sha256:cad759b08e7e93fa486a0edbd48195fd58a5db644ed355b8dc1b6a10d758cd6e,c02 c03 c04,c02 c03 c04,1,2243,2243,0,294767334,686911,0,294767334,686911,0,212619089,0,212619089,cluster2,cluster2,0,0,1,1,none,0.000000,0.000000,0.000000,,93,93,256
main|shymkent_school|M|cluster|k7|br1.0|ms3|s5,main,shymkent_school,M,8,15,cluster,7,1.0,3,5,2344,15,5,3,0,0,optimal,sha256:fb267ef16b4fde1881c0926a50c780a04aa89419fd1e383d0a0b2b5bf86d19e2,c02 c03 c04,c02 c03 c04,1,2243,2243,0,230945904,433301,0,230945904,433301,0,212619089,0,212619089,cluster3,cluster3,0,0,1,1,none,0.000000,0.000000,0.000000,,93,93,256
main|shymkent_school|M|attribute|k3|br1.0|ms3|s5,main,shymkent_school,M,8,15,attribute,3,1.0,3,5,2344,15,3,9,0,0,optimal,sha256:f54c2c831c3198af3bf6a14cbab26f08e6b25632c6f6b0e2e23c1f15dcb0c8a5,c02 c03 c04,c02 c03 c04,1,2243,2243,0,253303167,481250,0,253303167,481250,0,212619089,0,212619089,low_or_qa,low_or_qa,0,0,1,1,none,0.000000,0.000000,0.000000,,93,93,256
main|shymkent_school|M|all_disabled|k1|br1.0|ms3|s5,main,shymkent_school,M,8,15,all_disabled,1,1.0,3,5,2344,15,1,15,0,0,optimal,sha256:b99c68cdc2b184a677aa4acc76f023157aa00d1a06b0947d5d4c19ad5897269d,c02 c03 c04,c01 c04 c05,0,2243,2184,0,553266471,1000393,0,471898810,919547,0,212619089,0,250778954,all,all,0,0,1,1,wsum,89.611961,80.846000,42.026283,,93,93,256
main|shymkent_school|M|single|k1|br1.0|ms3|s6,main,shymkent_school,M,8,15,single,1,1.0,3,6,2504,15,1,1,1,1,optimal,sha256:43a36d4c18401833d0656c17a76a3d6b0909828d0f9692cf4cde9055af11a60b,c02 c06 c07,c02 c06 c07,1,1033,1033,0,141642866,510923,0,141642866,510923,0,141642866,0,141642866,base single0,base single0,1,1,2,2,none,0.000000,0.000000,0.000000,,93,93,256
main|shymkent_school|M|single|k3|br1.0|ms3|s6,main,shymkent_school,M,8,15,single,3,1.0,3,6,2504,15,3,1,2,0,optimal,sha256:dbdbbec8b1080cec9eedf628373fa44f505d4965b481d1b36550f25894c6a953,c02 c06 c07,c02 c06 c07,1,1033,1033,0,165150614,510923,0,165150614,510923,0,141642866,0,141642866,single1,single1,0,0,1,1,none,0.000000,0.000000,0.000000,,93,93,256
main|shymkent_school|M|single|k7|br1.0|ms3|s6,main,shymkent_school,M,8,15,single,7,1.0,3,6,2504,15,7,1,4,0,optimal,sha256:b990c3490034dd777655f4d2c83e9e1df4d8cf8104a3b4c8abd71f25e7e43991,c02 c06 c07,c02 c06 c07,1,1033,1033,0,146855122,516993,0,146855122,516993,0,141642866,0,141642866,single0,single0,0,0,1,1,none,0.000000,0.000000,0.000000,,93,93,256
main|shymkent_school|M|pair|k1|br1.0|ms3|s6,main,shymkent_school,M,8,15,pair,1,1.0,3,6,2504,15,1,2,1,1,optimal,sha256:42c007df6897c95fa6993b16766c78130dc84908c8b8b0460602a4a2e08fa57a,c02 c06 c07,c02 c06 c07,1,1033,1033,0,141642866,510923,0,141642866,510923,0,141642866,0,141642866,base pair0,base pair0,1,1,2,2,none,0.000000,0.000000,0.000000,,93,93,256
main|shymkent_school|M|pair|k3|br1.0|ms3|s6,main,shymkent_school,M,8,15,pair,3,1.0,3,6,2504,15,3,2,2,0,optimal,sha256:5d2bc9f1fa78d4810a3143cd6715db706aea980386d9548b851a0a71bf5dd47d,c02 c06 c07,c02 c06 c07,1,1033,1033,0,141977706,510923,0,141977706,510923,0,141642866,0,141642866,pair2,pair2,0,0,1,1,none,0.000000,0.000000,0.000000,,93,93,256
main|shymkent_school|M|pair|k7|br1.0|ms3|s6,main,shymkent_school,M,8,15,pair,7,1.0,3,6,2504,15,7,2,2,0,optimal,sha256:869c3007ced0cbbfd0b5ddc75d551c60aba7e9b335e9a39016f68ea99254198f,c02 c06 c07,c02 c06 c07,1,1033,1033,0,166673139,516993,0,166673139,516993,0,141642866,0,141642866,pair3,pair3,0,0,1,1,none,0.000000,0.000000,0.000000,,93,93,256
main|shymkent_school|M|cluster|k1|br1.0|ms3|s6,main,shymkent_school,M,8,15,cluster,1,1.0,3,6,2504,15,1,3,1,1,optimal,sha256:ecfe6375d80cb5e154b27beb4129b2c2e63572ea5253b4dfe49d30d9e61124ff,c02 c06 c07,c02 c06 c07,1,1033,1033,0,141642866,510923,0,141642866,510923,0,141642866,0,141642866,base cluster0,base cluster0,1,1,2,2,none,0.000000,0.000000,0.000000,,93,93,256
main|shymkent_school|M|cluster|k3|br1.0|ms3|s6,main,shymkent_school,M,8,15,cluster,3,1.0,3,6,2504,15,2,3,0,0,optimal,sha256:6eaf81e47254266b7c0eb8b1d5bad53a8dca1784df4db3a3d6e56c0675cc30af,c02 c06 c07,c02 c06 c07,1,1033,1033,0,164073550,515747,0,164073550,515747,0,141642866,0,141642866,cluster0,cluster0,0,0,1,1,none,0.000000,0.000000,0.000000,,93,93,256
main|shymkent_school|M|cluster|k7|br1.0|ms3|s6,main,shymkent_school,M,8,15,cluster,7,1.0,3,6,2504,15,6,3,0,0,optimal,sha256:cac18eef39bd989980bac4801ff7f54e46b10bcc72bc7b12412fc634ceaebc37,c02 c06 c07,c02 c06 c07,1,1033,1033,0,169888886,510923,0,169888886,510923,0,141642866,0,141642866,cluster2,cluster2,0,0,1,1,none,0.000000,0.000000,0.000000,,93,93,256
main|shymkent_school|M|attribute|k3|br1.0|ms3|s6,main,shymkent_school,M,8,15,attribute,3,1.0,3,6,2504,15,3,9,1,0,optimal,sha256:442416ae67f90ab0d96a3e43421223e974d5a12ec156c3d4e1ce57aa1c2c77d1,c02 c06 c07,c02 c06 c07,1,1033,1033,0,141977706,510923,0,141977706,510923,0,141642866,0,141642866,low_confidence low_or_qa,low_confidence low_or_qa,0,0,2,2,none,0.000000,0.000000,0.000000,,93,93,256
main|shymkent_school|M|all_disabled|k1|br1.0|ms3|s6,main,shymkent_school,M,8,15,all_disabled,1,1.0,3,6,2504,15,1,15,0,0,optimal,sha256:bbc7c1266345ed5198f26d6dda339ca990cde2bfe70b8e7d7363214eace94b33,c02 c06 c07,c01 c02 c06,0,1033,1003,0,334442811,861104,0,280344966,829867,0,141642866,0,144408306,all,all,0,0,1,1,wsum,83.742794,31.237000,4.280867,,93,93,256
main|shymkent_school|M|single|k1|br1.0|ms3|s7,main,shymkent_school,M,8,15,single,1,1.0,3,7,2577,15,1,1,0,0,optimal,sha256:9e3b154dc292fd2a50cfd51186769c0dbb9147d64e376f6720870db3a78758be,c03 c05 c07,c03 c05 c07,1,1062,1062,0,159862368,572126,0,159862368,572126,0,158448824,0,158448824,single0,single0,0,0,1,1,none,0.000000,0.000000,0.000000,,93,93,256
main|shymkent_school|M|single|k3|br1.0|ms3|s7,main,shymkent_school,M,8,15,single,3,1.0,3,7,2577,15,3,1,3,1,optimal,sha256:8477864afda647496c2781cfbd2c265eaed4560d4ce63b2a52e31a6d17c66728,c03 c05 c07,c03 c05 c07,1,1062,1062,0,158448824,572126,0,158448824,572126,0,158448824,0,158448824,base single0 single1 single2,base single0 single1 single2,1,1,4,4,none,0.000000,0.000000,0.000000,,93,93,256
main|shymkent_school|M|single|k7|br1.0|ms3|s7,main,shymkent_school,M,8,15,single,7,1.0,3,7,2577,15,7,1,2,0,optimal,sha256:afa280af525a69f22e78afd2c54c277b0139f0e8c08b3f636682d21abfef2368,c03 c05 c07,c03 c05 c07,1,1062,1062,0,176853075,802574,0,176853075,802574,0,158448824,0,158448824,single5,single5,0,0,1,1,none,0.000000,0.000000,0.000000,,93,93,256
main|shymkent_school|M|pair|k1|br1.0|ms3|s7,main,shymkent_school,M,8,15,pair,1,1.0,3,7,2577,15,1,2,0,0,optimal,sha256:4a26459479161a45cbc1e6d78b6293c42aaefc476aea5602a302b25851711112,c03 c05 c07,c03 c05 c07,1,1062,1062,0,167557169,572126,0,167557169,572126,0,158448824,0,158448824,pair0,pair0,0,0,1,1,none,0.000000,0.000000,0.000000,,93,93,256
main|shymkent_school|M|pair|k3|br1.0|ms3|s7,main,shymkent_school,M,8,15,pair,3,1.0,3,7,2577,15,3,2,1,0,optimal,sha256:188ae55d3eb249c80278535b039473939a1c5cd2dcf7c010c7d77f1c645ea559,c03 c05 c07,c03 c05 c07,1,1062,1062,0,176853075,802574,0,176853075,802574,0,158448824,0,158448824,pair1,pair1,0,0,1,1,none,0.000000,0.000000,0.000000,,93,93,256
main|shymkent_school|M|pair|k7|br1.0|ms3|s7,main,shymkent_school,M,8,15,pair,7,1.0,3,7,2577,15,7,2,1,0,optimal,sha256:9aeaf17a19b7480c0d71bbb356737651b9b22af33317b35d81f533619ea83cf1,c03 c05 c07,c03 c05 c07,1,1062,1062,0,176853075,802574,0,176853075,802574,0,158448824,0,158448824,pair0,pair0,0,0,1,1,none,0.000000,0.000000,0.000000,,93,93,256
main|shymkent_school|M|cluster|k1|br1.0|ms3|s7,main,shymkent_school,M,8,15,cluster,1,1.0,3,7,2577,15,1,3,0,0,optimal,sha256:25503eb123aa99921d640d0c34e9c1a3e29346c86163fce2c9ac889d620826d8,c03 c05 c07,c03 c05 c07,1,1062,1062,0,179537035,802574,0,179537035,802574,0,158448824,0,158448824,cluster0,cluster0,0,0,1,1,none,0.000000,0.000000,0.000000,,93,93,256
main|shymkent_school|M|cluster|k3|br1.0|ms3|s7,main,shymkent_school,M,8,15,cluster,3,1.0,3,7,2577,15,3,3,1,0,optimal,sha256:dd3e3372a8549cddddc36dce8dd89fdfc92225311f18293aaddfdab3f785b6fe,c03 c05 c07,c03 c05 c07,1,1062,1062,0,179537035,802574,0,179537035,802574,0,158448824,0,158448824,cluster2,cluster2,0,0,1,1,none,0.000000,0.000000,0.000000,,93,93,256
main|shymkent_school|M|cluster|k7|br1.0|ms3|s7,main,shymkent_school,M,8,15,cluster,7,1.0,3,7,2577,15,7,3,1,0,optimal,sha256:90aa0e1ab2f0d2d6267a4333241a9809bf884852d1219feab9d9458e7827e3ba,c03 c05 c07,c03 c05 c07,1,1062,1062,0,208882158,883782,0,208882158,883782,0,158448824,0,158448824,cluster0,cluster0,0,0,1,1,none,0.000000,0.000000,0.000000,,93,93,256
main|shymkent_school|M|attribute|k3|br1.0|ms3|s7,main,shymkent_school,M,8,15,attribute,3,1.0,3,7,2577,15,3,9,0,0,optimal,sha256:ffc9deccfef884dac302ecf9b4c7eed73b627829d64ef9e040493f5528371487,c03 c05 c07,c03 c05 c07,1,1062,1062,0,158448824,572126,0,158448824,572126,0,158448824,0,158448824,base low_confidence low_or_qa qa_flagged,base low_confidence low_or_qa qa_flagged,1,1,4,4,none,0.000000,0.000000,0.000000,,93,93,256
main|shymkent_school|M|all_disabled|k1|br1.0|ms3|s7,main,shymkent_school,M,8,15,all_disabled,1,1.0,3,7,2577,15,1,15,0,0,optimal,sha256:393f2c26c672c4dc1b5c108a74b13e7a0fb45f1fa83d7212eb83d90023d5bf74,c03 c05 c07,c02 c03 c05,0,1062,1817,0,372942036,1451003,0,351854838,1006222,0,158448824,0,166124309,all,all,0,0,1,1,wsum,35.620267,444.781000,12.965346,,93,93,256
main|shymkent_school|M|single|k1|br1.0|ms3|s8,main,shymkent_school,M,8,15,single,1,1.0,3,8,2738,15,1,1,0,0,optimal,sha256:09dcaabdd37ddaee8c9eb0c7fe1c465f788a7ac8d66bf929986f6dedfd9631bf,c01 c02 c05,c01 c02 c05,1,2290,2290,0,133567895,670408,0,133567895,670408,0,131290063,0,131290063,single0,single0,0,0,1,1,none,0.000000,0.000000,0.000000,,93,93,256
main|shymkent_school|M|single|k3|br1.0|ms3|s8,main,shymkent_school,M,8,15,single,3,1.0,3,8,2738,15,3,1,3,1,optimal,sha256:fa883130d3b42e56123d018c71f1ee9801f4bbf16dc833ce55c15d67dd9d92eb,c01 c02 c05,c01 c02 c05,1,2290,2290,0,131290063,670408,0,131290063,670408,0,131290063,0,131290063,base single0 single1 single2,base single0 single1 single2,1,1,4,4,none,0.000000,0.000000,0.000000,,93,93,256
main|shymkent_school|M|single|k7|br1.0|ms3|s8,main,shymkent_school,M,8,15,single,7,1.0,3,8,2738,15,7,1,5,0,optimal,sha256:af93bc7c7605085f3984cc33556a79ecf842008ec80c95213aac2ff671780c99,c01 c02 c05,c01 c02 c05,1,2290,2290,0,141322963,670408,0,141322963,670408,0,131290063,0,131290063,single1,single1,0,0,1,1,none,0.000000,0.000000,0.000000,,93,93,256
main|shymkent_school|M|pair|k1|br1.0|ms3|s8,main,shymkent_school,M,8,15,pair,1,1.0,3,8,2738,15,1,2,1,1,optimal,sha256:e11f4cfb9bd1e0d09beab2d1215818cd44113485eef838d8794acd822f708e41,c01 c02 c05,c01 c02 c05,1,2290,2290,0,131290063,670408,0,131290063,670408,0,131290063,0,131290063,base pair0,base pair0,1,1,2,2,none,0.000000,0.000000,0.000000,,93,93,256
main|shymkent_school|M|pair|k3|br1.0|ms3|s8,main,shymkent_school,M,8,15,pair,3,1.0,3,8,2738,15,3,2,1,0,optimal,sha256:1477cbc9f52b3f61e97af0e2629cdc225af88784c09d2459d679d315cf587646,c01 c02 c05,c01 c02 c05,1,2290,2290,0,133567895,670408,0,133567895,670408,0,131290063,0,131290063,pair1 pair2,pair1 pair2,0,0,2,2,none,0.000000,0.000000,0.000000,,93,93,256
main|shymkent_school|M|pair|k7|br1.0|ms3|s8,main,shymkent_school,M,8,15,pair,7,1.0,3,8,2738,15,7,2,1,0,optimal,sha256:52c501962d3ea0052caf970fbb8c4dae639a9bb87829a235dccad1781854462d,c01 c02 c05,c01 c02 c05,1,2290,2290,0,141835891,670408,0,141835891,670408,0,131290063,0,131290063,pair3,pair3,0,0,1,1,none,0.000000,0.000000,0.000000,,93,93,256
main|shymkent_school|M|cluster|k1|br1.0|ms3|s8,main,shymkent_school,M,8,15,cluster,1,1.0,3,8,2738,15,1,3,0,0,optimal,sha256:f13b197889631009a1be593bd97a805306d6d6569161ee7176b763b88aafcdfd,c01 c02 c05,c01 c02 c05,1,2290,2290,0,131802991,670408,0,131802991,670408,0,131290063,0,131290063,cluster0,cluster0,0,0,1,1,none,0.000000,0.000000,0.000000,,93,93,256
main|shymkent_school|M|cluster|k3|br1.0|ms3|s8,main,shymkent_school,M,8,15,cluster,3,1.0,3,8,2738,15,3,3,0,0,optimal,sha256:5e712b0a732d57e887f0d3c068fa5bafb1cca8fbf5e0c7b1508d71ee9f62bcea,c01 c02 c05,c01 c02 c05,1,2290,2290,0,141835891,670408,0,141835891,670408,0,131290063,0,131290063,cluster1,cluster1,0,0,1,1,none,0.000000,0.000000,0.000000,,93,93,256
main|shymkent_school|M|cluster|k7|br1.0|ms3|s8,main,shymkent_school,M,8,15,cluster,7,1.0,3,8,2738,15,4,3,0,0,optimal,sha256:f50ae32a94be37b4378dedefdc510902c609eadec8d7410aea418f100bef01ec,c01 c02 c05,c01 c05 c06,0,2290,2402,0,158167797,670408,0,156043325,670408,0,131290063,0,134716227,cluster3,cluster3,0,0,1,1,wsum,4.069870,0.000000,6.563533,,93,93,256
main|shymkent_school|M|attribute|k3|br1.0|ms3|s8,main,shymkent_school,M,8,15,attribute,3,1.0,3,8,2738,15,3,9,1,0,optimal,sha256:e1e39c086875ba11cbd868bf817c798c14fcee0c9ffa247442ca3116cd3484f2,c01 c02 c05,c01 c02 c05,1,2290,2290,0,136593474,670408,0,136593474,670408,0,131290063,0,131290063,low_or_qa qa_flagged,low_or_qa qa_flagged,0,0,2,2,none,0.000000,0.000000,0.000000,,93,93,256
main|shymkent_school|M|all_disabled|k1|br1.0|ms3|s8,main,shymkent_school,M,8,15,all_disabled,1,1.0,3,8,2738,15,1,15,0,0,optimal,sha256:d63261a063507e5d49b4f4b343dc18917d442ba414b39d03acdf5c3d666454dd,c01 c02 c05,c01 c05 c06,0,2290,2402,0,263241287,1189842,0,190389035,877784,0,131290063,0,134716227,all,all,0,0,1,1,wsum,139.563701,312.058000,6.563533,,93,93,256
main|shymkent_school|M|single|k1|br1.0|ms3|s9,main,shymkent_school,M,8,15,single,1,1.0,3,9,2515,15,1,1,0,0,optimal,sha256:1706bc1896cb8cba7b4190ced84c5bc4feb2b6283861f07bdc6b8169df905777,c00 c02 c03,c00 c03 c04,0,783,1581,0,308696188,947044,0,304928936,947044,0,298616809,0,299855861,single0,single0,0,0,1,1,wsum,4.867251,0.000000,1.600842,,93,93,256
main|shymkent_school|M|single|k3|br1.0|ms3|s9,main,shymkent_school,M,8,15,single,3,1.0,3,9,2515,15,3,1,2,0,optimal,sha256:2bf1cdfc046b03543b3bf430c90c318e0769a7da96cb65d464c75d34f83ab798,c00 c02 c03,c00 c02 c03,1,783,783,0,324254838,947044,0,324254838,947044,0,298616809,0,298616809,single0,single0,0,0,1,1,none,0.000000,0.000000,0.000000,,93,93,256
main|shymkent_school|M|single|k7|br1.0|ms3|s9,main,shymkent_school,M,8,15,single,7,1.0,3,9,2515,15,7,1,3,0,optimal,sha256:e4e5932b4926497e9855e0c3e59875bd9ec8f7561917cb1d096d1c8d9c497363,c00 c02 c03,c00 c02 c03,1,783,783,0,312315520,1067731,0,312315520,1067731,0,298616809,0,298616809,single3,single3,0,0,1,1,none,0.000000,0.000000,0.000000,,93,93,256
main|shymkent_school|M|pair|k1|br1.0|ms3|s9,main,shymkent_school,M,8,15,pair,1,1.0,3,9,2515,15,1,2,0,0,optimal,sha256:fea4db0f62b8d13472907c55dc02b82cb9a56d7d5405bed2715784c68a01f502,c00 c02 c03,c00 c02 c03,1,783,783,0,310349981,947044,0,310349981,947044,0,298616809,0,298616809,pair0,pair0,0,0,1,1,none,0.000000,0.000000,0.000000,,93,93,256
main|shymkent_school|M|pair|k3|br1.0|ms3|s9,main,shymkent_school,M,8,15,pair,3,1.0,3,9,2515,15,3,2,3,1,optimal,sha256:965ce644f11eba6a537babc585f2fdd884203e33b81c61e3462745211cedbc89,c00 c02 c03,c00 c02 c03,1,783,783,0,298616809,947044,0,298616809,947044,0,298616809,0,298616809,base pair0 pair1 pair2,base pair0 pair1 pair2,1,1,4,4,none,0.000000,0.000000,0.000000,,93,93,256
main|shymkent_school|M|pair|k7|br1.0|ms3|s9,main,shymkent_school,M,8,15,pair,7,1.0,3,9,2515,15,6,2,3,0,optimal,sha256:3a8af465359dcdbc029e39625e04f55708c014544b562a7c44f1bf3cf270d0ee,c00 c02 c03,c00 c02 c03,1,783,783,0,324254838,947044,0,324254838,947044,0,298616809,0,298616809,pair5,pair5,0,0,1,1,none,0.000000,0.000000,0.000000,,93,93,256
main|shymkent_school|M|cluster|k1|br1.0|ms3|s9,main,shymkent_school,M,8,15,cluster,1,1.0,3,9,2515,15,1,3,0,0,optimal,sha256:f4fb869a39157c1f0e37d012e2a8ea1451cb96c693dbb29c91f5384b4da2b9d0,c00 c02 c03,c00 c02 c03,1,783,783,0,312664493,947044,0,312664493,947044,0,298616809,0,298616809,cluster0,cluster0,0,0,1,1,none,0.000000,0.000000,0.000000,,93,93,256
main|shymkent_school|M|cluster|k3|br1.0|ms3|s9,main,shymkent_school,M,8,15,cluster,3,1.0,3,9,2515,15,3,3,1,0,optimal,sha256:3c6d651756729e68e8e2014d02ab87bec0a45ae159a5ef8abacd37d529c09dca,c00 c02 c03,c00 c03 c04,0,783,1581,0,323529412,947044,0,315176658,1092420,0,298616809,0,299855861,cluster1,cluster0,0,0,1,1,wsum,10.791672,-145.376000,1.600842,,93,93,256
main|shymkent_school|M|cluster|k7|br1.0|ms3|s9,main,shymkent_school,M,8,15,cluster,7,1.0,3,9,2515,15,5,3,1,0,optimal,sha256:559a1ad477a64210e8233a35cd49ec86247a29229c26c4d8ac2d709ee67d3357,c00 c02 c03,c00 c03 c06,0,783,1236,0,355902413,1137438,0,349272077,1120045,0,298616809,0,300878972,cluster4,cluster4,0,0,1,1,wsum,8.566326,17.393000,2.922691,,93,93,256
main|shymkent_school|M|attribute|k3|br1.0|ms3|s9,main,shymkent_school,M,8,15,attribute,3,1.0,3,9,2515,15,3,9,0,0,optimal,sha256:adcc57468d11e164c3fd788674607b030761fd81107019b90e8fe991a1c18ad5,c00 c02 c03,c00 c02 c03,1,783,783,0,299314201,947044,0,299314201,947044,0,298616809,0,298616809,low_or_qa qa_flagged,low_or_qa qa_flagged,0,0,2,2,none,0.000000,0.000000,0.000000,,93,93,256
main|shymkent_school|M|all_disabled|k1|br1.0|ms3|s9,main,shymkent_school,M,8,15,all_disabled,1,1.0,3,9,2515,15,1,15,0,0,optimal,sha256:f0384bf42d6f78add4778c4f2d3cb28e8d812e950f6b41b4ced5eb855a774913,c00 c02 c03,c00 c04 c06,0,783,1747,0,453571316,1443669,0,420729434,1120045,0,298616809,0,318890875,all,all,0,0,1,1,wsum,42.431372,323.624000,26.193884,,93,93,256
main|shymkent_school|L|single|k1|br0.5|ms3|s0,main,shymkent_school,L,12,25,single,1,0.5,3,0,1131,15,1,1,1,1,optimal,sha256:95ba2664a5e5deb0850b7a5150834b9178c3d7cb805f570dc361ade22fbbf83d,c00 c04 c09,c00 c04 c09,1,1026,1026,0,307226649,676553,0,307226649,676553,0,307226649,0,307226649,base single0,base single0,1,1,2,2,none,0.000000,0.000000,0.000000,,99,99,4096
main|shymkent_school|L|single|k3|br0.5|ms3|s0,main,shymkent_school,L,12,25,single,3,0.5,3,0,1131,15,3,1,3,1,optimal,sha256:8137b9391d8b7d7a144ed4c92f76d69b6116dbf1b7bbe03f363fb2f716763193,c00 c04 c09,c00 c04 c09,1,1026,1026,0,307226649,676553,0,307226649,676553,0,307226649,0,307226649,base single0 single1 single2,base single0 single1 single2,1,1,4,4,none,0.000000,0.000000,0.000000,,99,99,4096
main|shymkent_school|L|single|k7|br0.5|ms3|s0,main,shymkent_school,L,12,25,single,7,0.5,3,0,1131,15,7,1,4,0,optimal,sha256:34083f610c16d292549928279d77faab7180df967d84aab4654a8327be5b1d0d,c00 c04 c09,c00 c04 c06,0,1026,991,0,319806051,676553,0,317812090,676553,0,307226649,0,311416159,single0,single2,0,0,1,1,wsum,1.471558,0.000000,3.091889,,99,99,4096
main|shymkent_school|L|pair|k1|br0.5|ms3|s0,main,shymkent_school,L,12,25,pair,1,0.5,3,0,1131,15,1,2,0,0,optimal,sha256:236d54c54ed6a7cf90b650aa79141339ef1753c8af78381ee48ec9236a19e962,c00 c04 c09,c00 c04 c09,1,1026,1026,0,308100942,676553,0,308100942,676553,0,307226649,0,307226649,pair0,pair0,0,0,1,1,none,0.000000,0.000000,0.000000,,99,99,4096
main|shymkent_school|L|pair|k3|br0.5|ms3|s0,main,shymkent_school,L,12,25,pair,3,0.5,3,0,1131,15,3,2,0,0,optimal,sha256:73bb6b8656cee9665506e07761ee746f44cc99a3238cadf4d3a59b84241bce4a,c00 c04 c09,c02 c04 c05,0,1026,1010,0,403901424,1153435,0,358820229,755839,0,307226649,0,323417078,pair2,pair2,0,0,1,1,wsum,33.270255,397.596000,11.948656,,99,99,4096
main|shymkent_school|L|pair|k7|br0.5|ms3|s0,main,shymkent_school,L,12,25,pair,7,0.5,3,0,1131,15,7,2,3,0,optimal,sha256:833253021db332a1b5b3329514d7ccc810827b8d22368f2224b95b7ea846d93d,c00 c04 c09,c02 c04 c05,0,1026,1010,0,403901424,1153435,0,358820229,755839,0,307226649,0,323417078,pair1,pair1,0,0,1,1,wsum,33.270255,397.596000,11.948656,,99,99,4096
main|shymkent_school|L|cluster|k1|br0.5|ms3|s0,main,shymkent_school,L,12,25,cluster,1,0.5,3,0,1131,15,1,3,0,0,optimal,sha256:e32ed8500cded26dfbb21d46a645d7461c31720b66ee09c837a2ffa644f9fa32,c00 c04 c09,c00 c04 c09,1,1026,1026,0,307226649,676553,0,307226649,676553,0,307226649,0,307226649,base cluster0,base cluster0,1,1,2,2,none,0.000000,0.000000,0.000000,,99,99,4096
main|shymkent_school|L|cluster|k3|br0.5|ms3|s0,main,shymkent_school,L,12,25,cluster,3,0.5,3,0,1131,15,2,3,0,0,optimal,sha256:ee060fd84d804872cb704e01e830a4c381d1cae3953094062a161a7b4816827b,c00 c04 c09,c02 c04 c05,0,1026,1010,0,418952226,1153435,0,371399631,755839,0,307226649,0,323417078,cluster1,cluster1,0,0,1,1,wsum,35.094166,397.596000,11.948656,,99,99,4096
main|shymkent_school|L|cluster|k7|br0.5|ms3|s0,main,shymkent_school,L,12,25,cluster,7,0.5,3,0,1131,15,4,3,0,0,optimal,sha256:eac1251ee18eeb31b95d991b1779c72afd6d5487a1831823d4ec3a455340cffc,c00 c04 c09,c02 c04 c05,0,1026,1010,0,418952226,1153435,0,374331332,755839,0,307226649,0,323417078,cluster5 cluster6,cluster5 cluster6,0,0,2,2,wsum,32.930549,397.596000,11.948656,,99,99,4096
main|shymkent_school|L|attribute|k3|br0.5|ms3|s0,main,shymkent_school,L,12,25,attribute,3,0.5,3,0,1131,15,3,9,0,0,optimal,sha256:211c1677fa017fcafa98e257f093fef05ed4e2d6aeeb27738fcc03343d8993cb,c00 c04 c09,c01 c04 c05,0,1026,935,0,384783546,676553,0,346354003,656838,0,307226649,0,315276678,low_or_qa,low_or_qa,0,0,1,1,wsum,28.361286,19.715000,5.940981,,99,99,4096
main|shymkent_school|L|all_disabled|k1|br0.5|ms3|s0,main,shymkent_school,L,12,25,all_disabled,1,0.5,3,0,1131,15,1,15,0,0,optimal,sha256:bcec278196aefd516f5f7a95b5e2f3d8ba5cb4ba1102b4678aad22ed2c0c9d91,c00 c04 c09,c02 c04 c05,0,1026,1010,0,647047292,1153435,0,584618861,976008,0,307226649,0,323417078,all,all,0,0,1,1,wsum,46.072643,177.427000,11.948656,,99,99,4096
main|shymkent_school|L|single|k1|br0.5|ms3|s1,main,shymkent_school,L,12,25,single,1,0.5,3,1,1298,15,1,1,1,1,optimal,sha256:cb508bacad9abe02fedfc2ea61efa6d9073603415ff7b6f67dea8ea32800edd6,c01 c02 c03,c01 c02 c03,1,928,928,0,355372415,681721,0,355372415,681721,0,355372415,0,355372415,base single0,base single0,1,1,2,2,none,0.000000,0.000000,0.000000,,132,132,4096
main|shymkent_school|L|single|k3|br0.5|ms3|s1,main,shymkent_school,L,12,25,single,3,0.5,3,1,1298,15,3,1,2,0,optimal,sha256:78fedcaece4500ae1efac053ca1af77f933826a8715cb60c90161264ee985e55,c01 c02 c03,c01 c02 c03,1,928,928,0,360435754,681721,0,360435754,681721,0,355372415,0,355372415,single0,single0,0,0,1,1,none,0.000000,0.000000,0.000000,,132,132,4096
main|shymkent_school|L|single|k7|br0.5|ms3|s1,main,shymkent_school,L,12,25,single,7,0.5,3,1,1298,15,7,1,2,0,optimal,sha256:44eddd6b3438f9332b4e2a9a9b71bb95f4af47b6ab085b4120129112b8ff9ee9,c01 c02 c03,c01 c03 c04,0,928,1168,0,441020261,1058709,0,414384123,881074,0,355372415,0,360319027,single2,single2,0,0,1,1,wsum,19.094006,177.635000,3.545958,,132,132,4096
main|shymkent_school|L|pair|k1|br0.5|ms3|s1,main,shymkent_school,L,12,25,pair,1,0.5,3,1,1298,15,1,2,1,1,optimal,sha256:d0c28e19bc64c35ac27c2889c5c51add2817e179c19cbe9ae610b5ed183d656a,c01 c02 c03,c01 c02 c03,1,928,928,0,355372415,681721,0,355372415,681721,0,355372415,0,355372415,base pair0,base pair0,1,1,2,2,none,0.000000,0.000000,0.000000,,132,132,4096
main|shymkent_school|L|pair|k3|br0.5|ms3|s1,main,shymkent_school,L,12,25,pair,3,0.5,3,1,1298,15,3,2,0,0,optimal,sha256:5a31b4827cb113e480b520688d7fa380877c424187d411bae7bb71e3c2f3ad88,c01 c02 c03,c01 c03 c04,0,928,1168,0,441020261,1058709,0,414384123,881074,0,355372415,0,360319027,pair0,pair0,0,0,1,1,wsum,19.094006,177.635000,3.545958,,132,132,4096
main|shymkent_school|L|pair|k7|br0.5|ms3|s1,main,shymkent_school,L,12,25,pair,7,0.5,3,1,1298,15,7,2,1,0,optimal,sha256:856548f40ccca8bf2ff5a3f5f37b3624afa7c3555ed16b1fc724124edc191832,c01 c02 c03,c01 c03 c04,0,928,1168,0,453048823,1058709,0,426412685,881074,0,355372415,0,360319027,pair1,pair1,0,0,1,1,wsum,19.094006,177.635000,3.545958,,132,132,4096
main|shymkent_school|L|cluster|k1|br0.5|ms3|s1,main,shymkent_school,L,12,25,cluster,1,0.5,3,1,1298,15,1,3,0,0,optimal,sha256:ed46d454aa44a1c080da282d256f98f007496f720b8f57bfca54d6259cbdcebd,c01 c02 c03,c01 c03 c07,0,928,681,0,406796701,681721,0,406525225,681721,0,355372415,0,360079517,cluster0,cluster0,0,0,1,1,wsum,0.194606,0.000000,3.374267,,132,132,4096
main|shymkent_school|L|cluster|k3|br0.5|ms3|s1,main,shymkent_school,L,12,25,cluster,3,0.5,3,1,1298,15,2,3,0,0,optimal,sha256:7bd10a2cf597514a3a543e3e2920aaafc569574b15027cc3a84f9b501ac89e7d,c01 c02 c03,c00 c03 c09,0,928,1286,0,482716449,898785,0,417454537,681721,0,355372415,0,395894639,cluster1,cluster0 cluster2,0,0,1,2,wsum,46.782733,217.064000,29.048189,,132,132,4096
main|shymkent_school|L|cluster|k7|br0.5|ms3|s1,main,shymkent_school,L,12,25,cluster,7,0.5,3,1,1298,15,6,3,0,0,optimal,sha256:b863dfbd9890622fe1e2cb140ec7cee4e60248aa811b31ef3af842ef95c0503a,c01 c02 c03,c01 c03 c04,0,928,1168,0,470350534,1058709,0,443714396,881074,0,355372415,0,360319027,cluster0 cluster6,cluster0 cluster6,0,0,2,2,wsum,19.094006,177.635000,3.545958,,132,132,4096
main|shymkent_school|L|attribute|k3|br0.5|ms3|s1,main,shymkent_school,L,12,25,attribute,3,0.5,3,1,1298,15,3,9,0,0,optimal,sha256:1c93515e39d38af8119d2a22456c1ef0826ebcd74c3b48e8678596252a1d71c5,c01 c02 c03,c01 c02 c03,1,928,928,0,379100707,681721,0,379100707,681721,0,355372415,0,355372415,low_or_qa,low_or_qa,0,0,1,1,none,0.000000,0.000000,0.000000,,132,132,4096
main|shymkent_school|L|all_disabled|k1|br0.5|ms3|s1,main,shymkent_school,L,12,25,all_disabled,1,0.5,3,1,1298,15,1,15,0,0,optimal,sha256:5cd3a2b34658a0ee2707199eb91690afcb371dc1816301befd6f8229a7e356bc,c01 c02 c03,c03 c08 c09,0,928,1251,0,1114143685,1951019,0,658355141,1182603,0,355372415,0,382705960,all,all,0,0,1,1,wsum,326.730139,768.416000,19.593939,,132,132,4096
main|shymkent_school|L|single|k1|br0.5|ms3|s2,main,shymkent_school,L,12,25,single,1,0.5,3,2,1101,15,1,1,0,0,optimal,sha256:abebd456b12bca40c8254878face25b82670e6615cc57fc23df3f333e0e6cabe,c06 c08 c11,c06 c08 c11,1,937,937,0,330603428,721501,0,330603428,721501,0,271505523,0,271505523,single0,single0,0,0,1,1,none,0.000000,0.000000,0.000000,,122,122,4096
main|shymkent_school|L|single|k3|br0.5|ms3|s2,main,shymkent_school,L,12,25,single,3,0.5,3,2,1101,15,3,1,1,0,optimal,sha256:aba1321bb8a0b9d83cc6ef98721b54fd096652ce09e68bdeefaff041a2410c2c,c06 c08 c11,c06 c10 c11,0,937,1011,0,283307457,480502,0,279874301,480502,0,271505523,0,272929613,single1,single1,0,0,1,1,wsum,2.600876,0.000000,1.078856,,122,122,4096
main|shymkent_school|L|single|k7|br0.5|ms3|s2,main,shymkent_school,L,12,25,single,7,0.5,3,2,1101,15,7,1,4,0,optimal,sha256:eea8af2f8a4d1f0f6381b243123ec5a0bf9699a2771330def33d7a781840f157,c06 c08 c11,c06 c08 c11,1,937,937,0,301776125,546534,0,301776125,546534,0,271505523,0,271505523,single6,single6,0,0,1,1,none,0.000000,0.000000,0.000000,,122,122,4096
main|shymkent_school|L|pair|k1|br0.5|ms3|s2,main,shymkent_school,L,12,25,pair,1,0.5,3,2,1101,15,1,2,0,0,optimal,sha256:10096de09736d32872fe618f1b863dc2c96a9c6318eff47d9a84de9e148c91ea,c06 c08 c11,c06 c08 c11,1,937,937,0,286678611,480502,0,286678611,480502,0,271505523,0,271505523,pair0,pair0,0,0,1,1,none,0.000000,0.000000,0.000000,,122,122,4096
main|shymkent_school|L|pair|k3|br0.5|ms3|s2,main,shymkent_school,L,12,25,pair,3,0.5,3,2,1101,15,3,2,0,0,optimal,sha256:cdb33cec64dc8963c022054f8a1361f84df81fe6c66e1f230475ab9259597264,c06 c08 c11,c06 c08 c11,1,937,937,0,380759050,868833,0,380759050,868833,0,271505523,0,271505523,pair2,pair2,0,0,1,1,none,0.000000,0.000000,0.000000,,122,122,4096
main|shymkent_school|L|pair|k7|br0.5|ms3|s2,main,shymkent_school,L,12,25,pair,7,0.5,3,2,1101,15,7,2,3,0,optimal,sha256:333bf3ae8a0edcc354e8d4cc4e5415be951bee026f6d6c087c26f372989b13b3,c06 c08 c11,c06 c08 c11,1,937,937,0,301776125,546534,0,301776125,546534,0,271505523,0,271505523,pair0,pair0,0,0,1,1,none,0.000000,0.000000,0.000000,,122,122,4096
main|shymkent_school|L|cluster|k1|br0.5|ms3|s2,main,shymkent_school,L,12,25,cluster,1,0.5,3,2,1101,15,1,3,0,0,optimal,sha256:1238bf40f0f2b5267621842355a890b931ae9b5b941a3098169344b2584fdade,c06 c08 c11,c06 c08 c11,1,937,937,0,381895681,868833,0,381895681,868833,0,271505523,0,271505523,cluster0,cluster0,0,0,1,1,none,0.000000,0.000000,0.000000,,122,122,4096
main|shymkent_school|L|cluster|k3|br0.5|ms3|s2,main,shymkent_school,L,12,25,cluster,3,0.5,3,2,1101,15,3,3,0,0,optimal,sha256:90d19610093200de226b350188a938262702f790cba9e58d8d9e8315675c7601,c06 c08 c11,c02 c06 c11,0,937,882,0,344034414,646145,0,321348360,592718,0,271505523,0,284269679,cluster2,cluster0,0,0,1,1,wsum,17.186405,53.427000,9.669815,,122,122,4096
main|shymkent_school|L|cluster|k7|br0.5|ms3|s2,main,shymkent_school,L,12,25,cluster,7,0.5,3,2,1101,15,5,3,0,0,optimal,sha256:9e15f0167a0d845fc7017a55cee907f04feb08f91d1fb813fd61babea2e2e787,c06 c08 c11,c06 c08 c11,1,937,937,0,328284275,691836,0,328284275,691836,0,271505523,0,271505523,cluster2,cluster2,0,0,1,1,none,0.000000,0.000000,0.000000,,122,122,4096
main|shymkent_school|L|attribute|k3|br0.5|ms3|s2,main,shymkent_school,L,12,25,attribute,3,0.5,3,2,1101,15,3,9,0,0,optimal,sha256:5cc9f73fe1d9382e96c2f0e557aaf48c734b97c4c7ce813494f391d2038cd6a2,c06 c08 c11,c02 c04 c11,0,937,1034,0,362928761,577379,0,349886542,577379,0,271505523,0,301496862,low_or_qa,low_or_qa,0,0,1,1,wsum,9.880469,0.000000,22.720711,,122,122,4096
main|shymkent_school|L|all_disabled|k1|br0.5|ms3|s2,main,shymkent_school,L,12,25,all_disabled,1,0.5,3,2,1101,15,1,15,0,0,optimal,sha256:f7437480c7d790e2b60e8c3498ae4c9242cd3d8508ab2f56a43a8f80d9b15f7e,c06 c08 c11,c02 c04 c11,0,937,1034,0,890769369,1420016,0,580428230,1241495,0,271505523,0,301496862,all,all,0,0,1,1,wsum,235.106923,178.521000,22.720711,,122,122,4096
main|shymkent_school|L|single|k1|br0.5|ms3|s3,main,shymkent_school,L,12,25,single,1,0.5,3,3,1170,15,1,1,0,0,optimal,sha256:5921e7619e12763847a7f242e342f8fbe97d9b150276c594c63e62008cc4f8cd,c00 c01 c03,c00 c01 c03,1,1159,1159,0,432116052,595933,0,432116052,595933,0,425963618,0,425963618,single0,single0,0,0,1,1,none,0.000000,0.000000,0.000000,,112,112,4096
main|shymkent_school|L|single|k3|br0.5|ms3|s3,main,shymkent_school,L,12,25,single,3,0.5,3,3,1170,15,3,1,2,0,optimal,sha256:5e99d11f5d66b632c51a5e12115384377cdc7514c4564747bd97ecfcdc048de4,c00 c01 c03,c00 c01 c03,1,1159,1159,0,427434683,595933,0,427434683,595933,0,425963618,0,425963618,single1,single1,0,0,1,1,none,0.000000,0.000000,0.000000,,112,112,4096
main|shymkent_school|L|single|k7|br0.5|ms3|s3,main,shymkent_school,L,12,25,single,7,0.5,3,3,1170,15,7,1,5,0,optimal,sha256:a24db3aa3767c2bafc6fecf7a97d3a1b5df79d21730d512b7380a4abbbd4f96d,c00 c01 c03,c00 c01 c03,1,1159,1159,0,447435047,595933,0,447435047,595933,0,425963618,0,425963618,single6,single6,0,0,1,1,none,0.000000,0.000000,0.000000,,112,112,4096
main|shymkent_school|L|pair|k1|br0.5|ms3|s3,main,shymkent_school,L,12,25,pair,1,0.5,3,3,1170,15,1,2,0,0,optimal,sha256:3057122975945c75470b46f707ba8f00e4e47ab5b87e41f8ff6b3b76edd0d209,c00 c01 c03,c00 c01 c03,1,1159,1159,0,432116052,595933,0,432116052,595933,0,425963618,0,425963618,pair0,pair0,0,0,1,1,none,0.000000,0.000000,0.000000,,112,112,4096
main|shymkent_school|L|pair|k3|br0.5|ms3|s3,main,shymkent_school,L,12,25,pair,3,0.5,3,3,1170,15,3,2,1,0,optimal,sha256:7b8c9dad6e1037e34eccaed1411a1fc3866b5cd9823f9635e25aaae31ade9abe,c00 c01 c03,c00 c01 c03,1,1159,1159,0,447435047,595933,0,447435047,595933,0,425963618,0,425963618,pair0,pair0,0,0,1,1,none,0.000000,0.000000,0.000000,,112,112,4096
main|shymkent_school|L|pair|k7|br0.5|ms3|s3,main,shymkent_school,L,12,25,pair,7,0.5,3,3,1170,15,7,2,0,0,optimal,sha256:40fab52b31b1bd5679ff0d84213a5cb3f3f5cb1aa374759d9e4bb9a714294474,c00 c01 c03,c00 c01 c03,1,1159,1159,0,430220530,595933,0,430220530,595933,0,425963618,0,425963618,pair1,pair1,0,0,1,1,none,0.000000,0.000000,0.000000,,112,112,4096
main|shymkent_school|L|cluster|k1|br0.5|ms3|s3,main,shymkent_school,L,12,25,cluster,1,0.5,3,3,1170,15,1,3,0,0,optimal,sha256:671846a603afe5eb593405a371b3e35f3030b9c62fdef020e7f2b60404766bc0,c00 c01 c03,c00 c01 c03,1,1159,1159,0,447435047,595933,0,447435047,595933,0,425963618,0,425963618,cluster0,cluster0,0,0,1,1,none,0.000000,0.000000,0.000000,,112,112,4096
main|shymkent_school|L|cluster|k3|br0.5|ms3|s3,main,shymkent_school,L,12,25,cluster,3,0.5,3,3,1170,15,3,3,0,0,optimal,sha256:760a135f9e5dbb6df73ea00db13b41e7204115be9b38d1c949eeb7f606bb1c78,c00 c01 c03,c00 c01 c03,1,1159,1159,0,487530784,619927,0,487530784,619927,0,425963618,0,425963618,cluster0,cluster0,0,0,1,1,none,0.000000,0.000000,0.000000,,112,112,4096
main|shymkent_school|L|cluster|k7|br0.5|ms3|s3,main,shymkent_school,L,12,25,cluster,7,0.5,3,3,1170,15,7,3,0,0,optimal,sha256:998670eaa99ba5253c999c286f6033d719e5d9a0e29c45b9bb93f14ebc00af75,c00 c01 c03,c00 c01 c03,1,1159,1159,0,477172094,595933,0,477172094,595933,0,425963618,0,425963618,cluster2,cluster2,0,0,1,1,none,0.000000,0.000000,0.000000,,112,112,4096
main|shymkent_school|L|attribute|k3|br0.5|ms3|s3,main,shymkent_school,L,12,25,attribute,3,0.5,3,3,1170,15,3,9,0,0,optimal,sha256:9c67fd28b5892103e96cc04fdc1b9c3fc4a3b60ce811e6f4c14ad20730d9debd,c00 c01 c03,c00 c01 c11,0,1159,1120,0,468222256,595933,0,466958951,595933,0,425963618,0,430246828,low_or_qa,low_or_qa,0,0,1,1,wsum,0.933017,0.000000,3.163375,,112,112,4096
main|shymkent_school|L|all_disabled|k1|br0.5|ms3|s3,main,shymkent_school,L,12,25,all_disabled,1,0.5,3,3,1170,15,1,15,0,0,optimal,sha256:d8a2f3c88a01b1a1cd5488984b6f03a926fc20fdcb5b3b9b35e14eaff851402d,c00 c01 c03,c01 c03 c06,0,1159,1161,0,839923813,1360990,0,622348831,740023,0,425963618,0,473068422,all,all,0,0,1,1,wsum,160.690533,620.967000,34.789368,,112,112,4096
main|shymkent_school|L|single|k1|br0.5|ms3|s4,main,shymkent_school,L,12,25,single,1,0.5,3,4,1331,15,1,1,0,0,optimal,sha256:760abbbb122dee39be023ff5352879db7f4b993a3af525760979ff83c4b6b705,c03 c04,c00 c03 c08,0,1218,1209,0,548945117,700207,0,537652013,597131,0,467342079,0,477103681,single0,single0,0,0,1,1,wsum,7.281176,103.076000,6.293747,,67,67,4096
main|shymkent_school|L|single|k3|br0.5|ms3|s4,main,shymkent_school,L,12,25,single,3,0.5,3,4,1331,15,3,1,3,1,optimal,sha256:fa2b229a5fa7a48019bea68ca34cfe896dc2d5010bb0e9ddbe054e71bc9d6ca7,c03 c04,c03 c04,1,1218,1218,0,467342079,593918,0,467342079,593918,0,467342079,0,467342079,base single0 single1 single2,base single0 single1 single2,1,1,4,4,none,0.000000,0.000000,0.000000,,67,67,4096
main|shymkent_school|L|single|k7|br0.5|ms3|s4,main,shymkent_school,L,12,25,single,7,0.5,3,4,1331,15,7,1,4,0,optimal,sha256:cda5a30cfd3fbcc05069d2d9edb4fa1ef07c8c56ed7338761961c4ca54600af4,c03 c04,c00 c03 c08,0,1218,1209,0,548945117,700207,0,537652013,597131,0,467342079,0,477103681,single5,single5,0,0,1,1,wsum,7.281176,103.076000,6.293747,,67,67,4096
main|shymkent_school|L|pair|k1|br0.5|ms3|s4,main,shymkent_school,L,12,25,pair,1,0.5,3,4,1331,15,1,2,1,1,optimal,sha256:946d47c12638bdfb0cfe1e63375381a0ff4d86a474dbbbeb47ffccbc2abd4a5b,c03 c04,c03 c04,1,1218,1218,0,467342079,593918,0,467342079,593918,0,467342079,0,467342079,base pair0,base pair0,1,1,2,2,none,0.000000,0.000000,0.000000,,67,67,4096
main|shymkent_school|L|pair|k3|br0.5|ms3|s4,main,shymkent_school,L,12,25,pair,3,0.5,3,4,1331,15,3,2,1,0,optimal,sha256:42e28f68d410637dea1a2b6df72cd21562f99dd78db465aab7a9ac99f975a2ff,c03 c04,c00 c03 c08,0,1218,1209,0,548945117,700207,0,537652013,597131,0,467342079,0,477103681,pair0,pair0,0,0,1,1,wsum,7.281176,103.076000,6.293747,,67,67,4096
main|shymkent_school|L|pair|k7|br0.5|ms3|s4,main,shymkent_school,L,12,25,pair,7,0.5,3,4,1331,15,7,2,2,0,optimal,sha256:5f0fcb6a3fcea062d54165629ab2b85595a8046587c983764ca428caa09999e0,c03 c04,c03 c04,1,1218,1218,0,496891080,593918,0,496891080,593918,0,467342079,0,467342079,pair3,pair3,0,0,1,1,none,0.000000,0.000000,0.000000,,67,67,4096
main|shymkent_school|L|cluster|k1|br0.5|ms3|s4,main,shymkent_school,L,12,25,cluster,1,0.5,3,4,1331,15,1,3,0,0,optimal,sha256:e3942f07e27849352dd8323ebe3c29777ff7068d2591a3d747ed0e28bcb52225,c03 c04,c04 c10,0,1218,1127,0,492326192,593918,0,491548914,593918,0,467342079,0,474926000,cluster0,cluster0,0,0,1,1,wsum,0.501146,0.000000,4.889698,,67,67,4096
main|shymkent_school|L|cluster|k3|br0.5|ms3|s4,main,shymkent_school,L,12,25,cluster,3,0.5,3,4,1331,15,3,3,0,0,optimal,sha256:1d42cc8fd39dfb1686f6ef99457583289c246c86764a245e7fc9e1e3af4c3050,c03 c04,c03 c04,1,1218,1218,0,563311149,813838,0,563311149,813838,0,467342079,0,467342079,cluster1,cluster1,0,0,1,1,none,0.000000,0.000000,0.000000,,67,67,4096
main|shymkent_school|L|cluster|k7|br0.5|ms3|s4,main,shymkent_school,L,12,25,cluster,7,0.5,3,4,1331,15,6,3,0,0,optimal,sha256:6e4740b0c9c5db064a26fb5dde07f52eb27ffef36c81e0babd18babcda288409,c03 c04,c00 c03 c08,0,1218,1209,0,600293174,700207,0,589000070,667460,0,467342079,0,477103681,cluster6,cluster6,0,0,1,1,wsum,7.281176,32.747000,6.293747,,67,67,4096
main|shymkent_school|L|attribute|k3|br0.5|ms3|s4,main,shymkent_school,L,12,25,attribute,3,0.5,3,4,1331,15,3,9,0,0,optimal,sha256:d599618316aa99a7c04f3b37197c9961a2bb62177df078d0cff03a0989ccfaeb,c03 c04,c04 c10,0,1218,1127,0,535985675,593918,0,535208397,593918,0,467342079,0,474926000,low_or_qa,low_or_qa,0,0,1,1,wsum,0.501146,0.000000,4.889698,,67,67,4096
main|shymkent_school|L|all_disabled|k1|br0.5|ms3|s4,main,shymkent_school,L,12,25,all_disabled,1,0.5,3,4,1331,15,1,15,0,0,optimal,sha256:65a92b4d8bf4f71991c388aebe20cccd42bfad1c66955782fa803ac6782a82d8,c03 c04,c03 c09 c10,0,1218,1015,0,1016024064,1286930,0,865095813,1187167,0,467342079,0,481468046,all,all,0,0,1,1,wsum,97.310284,99.763000,9.107651,,67,67,4096
main|shymkent_school|L|single|k1|br0.5|ms3|s5,main,shymkent_school,L,12,25,single,1,0.5,3,5,1318,15,1,1,0,0,optimal,sha256:fff53c3475544bb3b66bdb5a022df0fc652f6565fa04e564847bb98538a0c4ea,c09 c11,c09 c11,1,1309,1309,0,364177812,521844,0,364177812,521844,0,361804593,0,361804593,single0,single0,0,0,1,1,none,0.000000,0.000000,0.000000,,55,55,4096
main|shymkent_school|L|single|k3|br0.5|ms3|s5,main,shymkent_school,L,12,25,single,3,0.5,3,5,1318,15,3,1,1,0,optimal,sha256:63591e605d97783a800496874b55f4da23522b4a065ac3eee594b10016f03734,c09 c11,c09 c11,1,1309,1309,0,374855865,521844,0,374855865,521844,0,361804593,0,361804593,single1,single1,0,0,1,1,none,0.000000,0.000000,0.000000,,55,55,4096
main|shymkent_school|L|single|k7|br0.5|ms3|s5,main,shymkent_school,L,12,25,single,7,0.5,3,5,1318,15,7,1,4,0,optimal,sha256:03a3ec6b0f9713b57bfb45b910344bad7c4ac0ec65d45f946756a3ef7dc7b209,c09 c11,c09 c11,1,1309,1309,0,377253991,521844,0,377253991,521844,0,361804593,0,361804593,single5,single5,0,0,1,1,none,0.000000,0.000000,0.000000,,55,55,4096
main|shymkent_school|L|pair|k1|br0.5|ms3|s5,main,shymkent_school,L,12,25,pair,1,0.5,3,5,1318,15,1,2,1,1,optimal,sha256:35a99f4dd8987e0a64f05f2563ffc87c8d73c136e9fdbd230ce77fcb7e2ce853,c09 c11,c09 c11,1,1309,1309,0,361804593,521844,0,361804593,521844,0,361804593,0,361804593,base pair0,base pair0,1,1,2,2,none,0.000000,0.000000,0.000000,,55,55,4096
main|shymkent_school|L|pair|k3|br0.5|ms3|s5,main,shymkent_school,L,12,25,pair,3,0.5,3,5,1318,15,3,2,0,0,optimal,sha256:087805e64099b567aefa84e96d04f7baf072d074bb901cdd703492e49c3901bf,c09 c11,c09 c11,1,1309,1309,0,384400749,521844,0,384400749,521844,0,361804593,0,361804593,pair2,pair2,0,0,1,1,none,0.000000,0.000000,0.000000,,55,55,4096
main|shymkent_school|L|pair|k7|br0.5|ms3|s5,main,shymkent_school,L,12,25,pair,7,0.5,3,5,1318,15,7,2,2,0,optimal,sha256:3c6d7aef263de4ced550b60d270c6a36dee60c50a02e9bd95a44f01af58eb6cc,c09 c11,c09 c11,1,1309,1309,0,389988538,521844,0,389988538,521844,0,361804593,0,361804593,pair0,pair0,0,0,1,1,none,0.000000,0.000000,0.000000,,55,55,4096
main|shymkent_school|L|cluster|k1|br0.5|ms3|s5,main,shymkent_school,L,12,25,cluster,1,0.5,3,5,1318,15,1,3,0,0,optimal,sha256:0833afe735383c2d40bacdc2f95002130f6c512fba9473af2c5264d6a67f1cc6,c09 c11,c02 c09,0,1309,1111,0,389477313,589575,0,375249586,624317,0,361804593,0,363242659,cluster0,cluster0,0,0,1,1,wsum,9.568075,-34.742000,0.967092,,55,55,4096
main|shymkent_school|L|cluster|k3|br0.5|ms3|s5,main,shymkent_school,L,12,25,cluster,3,0.5,3,5,1318,15,3,3,0,0,optimal,sha256:7815f73618b20c786c4b30f183ec086fe1a98f046c6746afe8b3182c9797f251,c09 c11,c06 c08 c09,0,1309,1160,0,522788474,686911,0,515075279,686911,0,361804593,0,366999056,cluster2,cluster2,0,0,1,1,wsum,5.187085,0.000000,3.493250,,55,55,4096
main|shymkent_school|L|cluster|k7|br0.5|ms3|s5,main,shymkent_school,L,12,25,cluster,7,0.5,3,5,1318,15,5,3,0,0,optimal,sha256:abb9923347e5c27755537d647c4bc12792ad416e62a66eeaa11d720bf67881fc,c09 c11,c02 c09,0,1309,1111,0,389477313,589575,0,381762564,624317,0,361804593,0,363242659,cluster2,cluster1 cluster6,0,0,1,2,wsum,5.188130,-34.742000,0.967092,,55,55,4096
main|shymkent_school|L|attribute|k3|br0.5|ms3|s5,main,shymkent_school,L,12,25,attribute,3,0.5,3,5,1318,15,3,9,0,0,optimal,sha256:984ee0b053b52d6adf8c5d331246b8499032d69d5a5af4b0a0b8b1dca60bbc73,c09 c11,c06 c08 c09,0,1309,1160,0,416955514,574209,0,409242319,624317,0,361804593,0,366999056,low_or_qa,low_or_qa,0,0,1,1,wsum,5.187085,-50.108000,3.493250,,55,55,4096
main|shymkent_school|L|all_disabled|k1|br0.5|ms3|s5,main,shymkent_school,L,12,25,all_disabled,1,0.5,3,5,1318,15,1,15,0,0,optimal,sha256:4a4b297983369e63f81b524bc10a88a2681ecb97f3c87d653df24103cf187e2e,c09 c11,c07 c08 c09,0,1309,1299,0,1067329011,1404653,0,848985987,1118325,0,361804593,0,375221764,all,all,0,0,1,1,wsum,146.834582,286.328000,9.022980,,55,55,4096
main|shymkent_school|L|single|k1|br0.5|ms3|s6,main,shymkent_school,L,12,25,single,1,0.5,3,6,1371,15,1,1,1,1,optimal,sha256:0b0703bc0ae127abf0649ec67e3f387b80c24bacda5a91b4e8b16b9bfe50839a,c02 c07 c08,c02 c07 c08,1,1272,1272,0,269400752,510923,0,269400752,510923,0,269400752,0,269400752,base single0,base single0,1,1,2,2,none,0.000000,0.000000,0.000000,,116,116,4096
main|shymkent_school|L|single|k3|br0.5|ms3|s6,main,shymkent_school,L,12,25,single,3,0.5,3,6,1371,15,3,1,2,0,optimal,sha256:25827028dfc70b9242295ce44525ae11d00b8498583190d7657b7a3fe770d0db,c02 c07 c08,c02 c07 c08,1,1272,1272,0,292908500,510923,0,292908500,510923,0,269400752,0,269400752,single1,single1,0,0,1,1,none,0.000000,0.000000,0.000000,,116,116,4096
main|shymkent_school|L|single|k7|br0.5|ms3|s6,main,shymkent_school,L,12,25,single,7,0.5,3,6,1371,15,7,1,4,0,optimal,sha256:2efe4d47c05f9c0b1115c94df59c89cfae43b3d7b39a1120a770008793654b66,c02 c07 c08,c02 c07 c08,1,1272,1272,0,278581868,671376,0,278581868,671376,0,269400752,0,269400752,single0,single0,0,0,1,1,none,0.000000,0.000000,0.000000,,116,116,4096
main|shymkent_school|L|pair|k1|br0.5|ms3|s6,main,shymkent_school,L,12,25,pair,1,0.5,3,6,1371,15,1,2,1,1,optimal,sha256:cd5b51660e73f806e00640501c1522418c1875d17eb9383067333994e95a9da8,c02 c07 c08,c02 c07 c08,1,1272,1272,0,269400752,510923,0,269400752,510923,0,269400752,0,269400752,base pair0,base pair0,1,1,2,2,none,0.000000,0.000000,0.000000,,116,116,4096
main|shymkent_school|L|pair|k3|br0.5|ms3|s6,main,shymkent_school,L,12,25,pair,3,0.5,3,6,1371,15,3,2,2,0,optimal,sha256:751431b4621d3c46728ab9b55fddb4b21ae0df2edc65b01a0f0c9e0763779879,c02 c07 c08,c02 c07 c08,1,1272,1272,0,284617565,510923,0,284617565,510923,0,269400752,0,269400752,pair2,pair2,0,0,1,1,none,0.000000,0.000000,0.000000,,116,116,4096
main|shymkent_school|L|pair|k7|br0.5|ms3|s6,main,shymkent_school,L,12,25,pair,7,0.5,3,6,1371,15,7,2,2,0,optimal,sha256:68231968cc6282c8f4e00fd5e1d36e2b77d6e64b25bd075728e2685fcf909ebd,c02 c07 c08,c02 c07 c08,1,1272,1272,0,300711927,671376,0,300711927,671376,0,269400752,0,269400752,pair3,pair3,0,0,1,1,none,0.000000,0.000000,0.000000,,116,116,4096
main|shymkent_school|L|cluster|k1|br0.5|ms3|s6,main,shymkent_school,L,12,25,cluster,1,0.5,3,6,1371,15,1,3,0,0,optimal,sha256:d08e41e822c31ee57605a66c8536cfa5d51444fc4482362273d57e92a6e89b7e,c02 c07 c08,c02 c07 c08,1,1272,1272,0,277853520,510923,0,277853520,510923,0,269400752,0,269400752,cluster0,cluster0,0,0,1,1,none,0.000000,0.000000,0.000000,,116,116,4096
main|shymkent_school|L|cluster|k3|br0.5|ms3|s6,main,shymkent_school,L,12,25,cluster,3,0.5,3,6,1371,15,2,3,0,0,optimal,sha256:0b803822e03c9d3db884f26d8ae51f739fd9a96bfb6b6eccf4d5c27b25ed1caf,c02 c07 c08,c02 c07 c08,1,1272,1272,0,319225868,574248,0,319225868,574248,0,269400752,0,269400752,cluster0,cluster0,0,0,1,1,none,0.000000,0.000000,0.000000,,116,116,4096
main|shymkent_school|L|cluster|k7|br0.5|ms3|s6,main,shymkent_school,L,12,25,cluster,7,0.5,3,6,1371,15,6,3,0,0,optimal,sha256:3659f89d6db8ac8d699254952ecee2e1548231d8fb5d2fb6f811e344d7709b51,c02 c07 c08,c02 c07 c08,1,1272,1272,0,319225868,574248,0,319225868,574248,0,269400752,0,269400752,cluster3,cluster3,0,0,1,1,none,0.000000,0.000000,0.000000,,116,116,4096
main|shymkent_school|L|attribute|k3|br0.5|ms3|s6,main,shymkent_school,L,12,25,attribute,3,0.5,3,6,1371,15,3,9,0,0,optimal,sha256:63165b50f98d2c302e9aff391292591fdd5826faba24698539a1b01cc4781f2e,c02 c07 c08,c02 c07 c08,1,1272,1272,0,293070333,510923,0,293070333,510923,0,269400752,0,269400752,low_or_qa,low_or_qa,0,0,1,1,none,0.000000,0.000000,0.000000,,116,116,4096
main|shymkent_school|L|all_disabled|k1|br0.5|ms3|s6,main,shymkent_school,L,12,25,all_disabled,1,0.5,3,6,1371,15,1,15,0,0,optimal,sha256:54f6ad5d18e3a0bba72eff9bdc9c9ea66a63a0bee399104f23e3220ba9ea0957,c02 c07 c08,c01 c02 c08,0,1272,1242,0,627163990,1086423,0,550844570,931910,0,269400752,0,289785024,all,all,0,0,1,1,wsum,59.578002,154.513000,15.912781,,116,116,4096
main|shymkent_school|L|single|k1|br0.5|ms3|s7,main,shymkent_school,L,12,25,single,1,0.5,3,7,1288,15,1,1,0,0,optimal,sha256:706e6e88399217ce9e9afe5faeee308aff2b87791e53c5308568965cf4420f21,c05 c06 c11,c05 c06 c11,1,1101,1101,0,318125298,549354,0,318125298,549354,0,314163962,0,314163962,single0,single0,0,0,1,1,none,0.000000,0.000000,0.000000,,108,108,4096
main|shymkent_school|L|single|k3|br0.5|ms3|s7,main,shymkent_school,L,12,25,single,3,0.5,3,7,1288,15,3,1,2,0,optimal,sha256:97df633f06859f314ef79cf11307bfecec50e7b10175c84a6b032d44a6294eca,c05 c06 c11,c05 c09 c11,0,1101,1178,0,330099679,567167,0,330097637,549354,0,314163962,0,324191312,single0,single0,0,0,1,1,wsum,0.001793,17.813000,8.803644,,108,108,4096
main|shymkent_school|L|single|k7|br0.5|ms3|s7,main,shymkent_school,L,12,25,single,7,0.5,3,7,1288,15,7,1,1,0,optimal,sha256:ec044ecac197ba9fc3183cee3fed822dfe9ede4228fe5f194c436ff2474447cc,c05 c06 c11,c05 c06 c11,1,1101,1101,0,387184161,802574,0,387184161,802574,0,314163962,0,314163962,single5,single5,0,0,1,1,none,0.000000,0.000000,0.000000,,108,108,4096
main|shymkent_school|L|pair|k1|br0.5|ms3|s7,main,shymkent_school,L,12,25,pair,1,0.5,3,7,1288,15,1,2,0,0,optimal,sha256:48c03fc3f976c2a09cb9490d1e06bb316345dd2a29deded967397c76116c7c56,c05 c06 c11,c05 c06 c11,1,1101,1101,0,328309255,631798,0,328309255,631798,0,314163962,0,314163962,pair0,pair0,0,0,1,1,none,0.000000,0.000000,0.000000,,108,108,4096
main|shymkent_school|L|pair|k3|br0.5|ms3|s7,main,shymkent_school,L,12,25,pair,3,0.5,3,7,1288,15,3,2,1,0,optimal,sha256:fa7f826ee90da3fc1a1ccab80f78d3795fd80e5f9efdff512fdc777069324618,c05 c06 c11,c05 c06 c11,1,1101,1101,0,387184161,802574,0,387184161,802574,0,314163962,0,314163962,pair1,pair1,0,0,1,1,none,0.000000,0.000000,0.000000,,108,108,4096
main|shymkent_school|L|pair|k7|br0.5|ms3|s7,main,shymkent_school,L,12,25,pair,7,0.5,3,7,1288,15,7,2,1,0,optimal,sha256:81268b9b5c486097860f5e50145e2a76ec6b6bdf50fdda59e1882c3bf9d9d212,c05 c06 c11,c05 c06 c11,1,1101,1101,0,387184161,802574,0,387184161,802574,0,314163962,0,314163962,pair0,pair0,0,0,1,1,none,0.000000,0.000000,0.000000,,108,108,4096
main|shymkent_school|L|cluster|k1|br0.5|ms3|s7,main,shymkent_school,L,12,25,cluster,1,0.5,3,7,1288,15,1,3,0,0,optimal,sha256:ca236c869b7340f7964f0dab6b38f82786602f8f588221427e627bfc28fd6640,c05 c06 c11,c05 c06 c11,1,1101,1101,0,403623967,802574,0,403623967,802574,0,314163962,0,314163962,cluster0,cluster0,0,0,1,1,none,0.000000,0.000000,0.000000,,108,108,4096
main|shymkent_school|L|cluster|k3|br0.5|ms3|s7,main,shymkent_school,L,12,25,cluster,3,0.5,3,7,1288,15,3,3,0,0,optimal,sha256:96c30f007b2944977ddee6ad768b035007482ba9a82cf7ba9dac81cc2bbf3f29,c05 c06 c11,c05 c06 c11,1,1101,1101,0,403623967,802574,0,403623967,802574,0,314163962,0,314163962,cluster2,cluster2,0,0,1,1,none,0.000000,0.000000,0.000000,,108,108,4096
main|shymkent_school|L|cluster|k7|br0.5|ms3|s7,main,shymkent_school,L,12,25,cluster,7,0.5,3,7,1288,15,7,3,0,0,optimal,sha256:0c65f0836bd140e6de0f3448533a2d64b90b06f412274eeac808b66783fcdd42,c05 c06 c11,c05 c09 c11,0,1101,1178,0,419866758,838193,0,413651317,802574,0,314163962,0,324191312,cluster5,cluster3,0,0,1,1,wsum,5.456928,35.619000,8.803644,,108,108,4096
main|shymkent_school|L|attribute|k3|br0.5|ms3|s7,main,shymkent_school,L,12,25,attribute,3,0.5,3,7,1288,15,3,9,0,0,optimal,sha256:bab7734d69a62117895e373d4bde42c740b6b3a89bd66b372a1ca5c097f998f1,c05 c06 c11,c05 c06 c11,1,1101,1101,0,330853069,567167,0,330853069,567167,0,314163962,0,314163962,low_or_qa qa_flagged,low_or_qa qa_flagged,0,0,2,2,none,0.000000,0.000000,0.000000,,108,108,4096
main|shymkent_school|L|all_disabled|k1|br0.5|ms3|s7,main,shymkent_school,L,12,25,all_disabled,1,0.5,3,7,1288,15,1,15,0,0,optimal,sha256:b0f857321e34ccc7f6b225877f5cb34cbf73be9ddae0e11675cf3ab0acffe098,c05 c06 c11,c05 c09 c11,0,1101,1178,0,679732343,1343244,0,565758568,838193,0,314163962,0,324191312,all,all,0,0,1,1,wsum,100.064772,505.051000,8.803644,,108,108,4096
main|shymkent_school|L|single|k1|br0.5|ms3|s8,main,shymkent_school,L,12,25,single,1,0.5,3,8,1402,15,1,1,0,0,optimal,sha256:e858830523f4a0a1a24a35b369136b80b1af384df86d818dec572591a4b6e036,c08 c11,c08 c11,1,1196,1196,0,304297765,597078,0,304297765,597078,0,302019933,0,302019933,single0,single0,0,0,1,1,none,0.000000,0.000000,0.000000,,67,67,4096
main|shymkent_school|L|single|k3|br0.5|ms3|s8,main,shymkent_school,L,12,25,single,3,0.5,3,8,1402,15,3,1,3,1,optimal,sha256:c8ff1db365294f15ab685bf5d6974c34de804eddbe53e9cdfb982f0db88aff0b,c08 c11,c08 c11,1,1196,1196,0,302019933,523754,0,302019933,523754,0,302019933,0,302019933,base single0 single1 single2,base single0 single1 single2,1,1,4,4,none,0.000000,0.000000,0.000000,,67,67,4096
main|shymkent_school|L|single|k7|br0.5|ms3|s8,main,shymkent_school,L,12,25,single,7,0.5,3,8,1402,15,7,1,5,0,optimal,sha256:7677348aca76c83feb448a8e5dc846bacca9783e761a63cf8fc355d63984740b,c08 c11,c01 c11,0,1196,1153,0,345560518,704686,0,341481161,836987,0,302019933,0,313265059,single1,single1,0,0,1,1,wsum,3.995452,-132.301000,11.013835,,67,67,4096
main|shymkent_school|L|pair|k1|br0.5|ms3|s8,main,shymkent_school,L,12,25,pair,1,0.5,3,8,1402,15,1,2,1,1,optimal,sha256:d45db64b8325795e7fe64aefd34953875442329059df35990259187c33f928b8,c08 c11,c08 c11,1,1196,1196,0,302019933,523754,0,302019933,523754,0,302019933,0,302019933,base pair0,base pair0,1,1,2,2,none,0.000000,0.000000,0.000000,,67,67,4096
main|shymkent_school|L|pair|k3|br0.5|ms3|s8,main,shymkent_school,L,12,25,pair,3,0.5,3,8,1402,15,3,2,1,0,optimal,sha256:01b67cc28db552d62d3687bc903147ac32364e41c549b4ca0be0d9c6db73569b,c08 c11,c08 c11,1,1196,1196,0,305578964,597078,0,305578964,597078,0,302019933,0,302019933,pair2,pair2,0,0,1,1,none,0.000000,0.000000,0.000000,,67,67,4096
main|shymkent_school|L|pair|k7|br0.5|ms3|s8,main,shymkent_school,L,12,25,pair,7,0.5,3,8,1402,15,7,2,1,0,optimal,sha256:7ed416e04912413881b2c63eaad7112e50598f3a3e6b952e17e64b3cb54a5c4a,c08 c11,c02 c03,0,1196,1264,0,373719004,806391,0,344350958,836987,0,302019933,0,310394162,pair3,pair3,0,0,1,1,wsum,28.764002,-30.596000,8.201987,,67,67,4096
main|shymkent_school|L|cluster|k1|br0.5|ms3|s8,main,shymkent_school,L,12,25,cluster,1,0.5,3,8,1402,15,1,3,0,0,optimal,sha256:40d83edc56c20bd6d4a5e38d3bb3d9bbfed21ac585fda563af76f394846591d9,c08 c11,c02 c05,0,1196,1383,0,363077980,737838,0,312940591,930549,0,302019933,0,308709052,cluster0,cluster0,0,0,1,1,wsum,49.106160,-192.711000,6.551537,,67,67,4096
main|shymkent_school|L|cluster|k3|br0.5|ms3|s8,main,shymkent_school,L,12,25,cluster,3,0.5,3,8,1402,15,3,3,0,0,optimal,sha256:a013cf71ed8c71f86c4895e9934ee51e898a3b28e28cfd2037a40310508f4658,c08 c11,c02 c03,0,1196,1264,0,374134440,806391,0,344766394,836987,0,302019933,0,310394162,cluster1,cluster1,0,0,1,1,wsum,28.764002,-30.596000,8.201987,,67,67,4096
main|shymkent_school|L|cluster|k7|br0.5|ms3|s8,main,shymkent_school,L,12,25,cluster,7,0.5,3,8,1402,15,4,3,0,0,optimal,sha256:c573ea4fb36e12f2882e23f0d9783660c8ae36d3e78fcfa789bbb0c581caab55,c08 c11,c08 c11,1,1196,1196,0,371738440,541137,0,371738440,541137,0,302019933,0,302019933,cluster3,cluster3,0,0,1,1,none,0.000000,0.000000,0.000000,,67,67,4096
main|shymkent_school|L|attribute|k3|br0.5|ms3|s8,main,shymkent_school,L,12,25,attribute,3,0.5,3,8,1402,15,3,9,1,0,optimal,sha256:5c69ec48ec201df8726f8330c207044d12f978c8b62a92ebb32e89a756f88982,c08 c11,c08 c11,1,1196,1196,0,313961283,523754,0,313961283,523754,0,302019933,0,302019933,low_or_qa qa_flagged,low_or_qa qa_flagged,0,0,2,2,none,0.000000,0.000000,0.000000,,67,67,4096
main|shymkent_school|L|all_disabled|k1|br0.5|ms3|s8,main,shymkent_school,L,12,25,all_disabled,1,0.5,3,8,1402,15,1,15,0,0,optimal,sha256:d452b500d809b1b0fe055f0d59787e6e415dff7b4a797b233b3d98aba44ae11c,c08 c11,c02 c10 c11,0,1196,1393,0,911517044,1616172,0,534448396,887471,0,302019933,0,318645274,all,all,0,0,1,1,wsum,369.313073,728.701000,16.283390,,67,67,4096
main|shymkent_school|L|single|k1|br0.5|ms3|s9,main,shymkent_school,L,12,25,single,1,0.5,3,9,1389,15,1,1,0,0,optimal,sha256:56fc2302f4f1fafedd7feec21f54c239e65b5d13558cb1693da6706aad53b766,c03 c09,c03 c09,1,1326,1326,0,424912972,740411,0,424912972,740411,0,414833593,0,414833593,single0,single0,0,0,1,1,none,0.000000,0.000000,0.000000,,95,95,4096
main|shymkent_school|L|single|k3|br0.5|ms3|s9,main,shymkent_school,L,12,25,single,3,0.5,3,9,1389,15,3,1,2,0,optimal,sha256:8e6f887b36cabe27b34c2d50f102b65db6c3684ffde1f913e62b296b0e0f11d7,c03 c09,c03 c09,1,1326,1326,0,441117675,850795,0,441117675,850795,0,414833593,0,414833593,single0,single0,0,0,1,1,none,0.000000,0.000000,0.000000,,95,95,4096
main|shymkent_school|L|single|k7|br0.5|ms3|s9,main,shymkent_school,L,12,25,single,7,0.5,3,9,1389,15,7,1,2,0,optimal,sha256:e53f2ec8a0dc0990c33d5d5cdfcc6eff1fe454c1dba83a78038a37a810c920e3,c03 c09,c03 c09,1,1326,1326,0,512699984,992586,0,512699984,992586,0,414833593,0,414833593,single3,single3,0,0,1,1,none,0.000000,0.000000,0.000000,,95,95,4096
main|shymkent_school|L|pair|k1|br0.5|ms3|s9,main,shymkent_school,L,12,25,pair,1,0.5,3,9,1389,15,1,2,0,0,optimal,sha256:6eb05e891de6b794fe6430d7c1ed3f33591d07e03af67494e789959ebc703c53,c03 c09,c03 c09,1,1326,1326,0,426566765,740411,0,426566765,740411,0,414833593,0,414833593,pair0,pair0,0,0,1,1,none,0.000000,0.000000,0.000000,,95,95,4096
main|shymkent_school|L|pair|k3|br0.5|ms3|s9,main,shymkent_school,L,12,25,pair,3,0.5,3,9,1389,15,3,2,3,1,optimal,sha256:fd6ecad4fc19a7287fbeed471555d800880373d1f1cbc8ba33ba8b260c6b1c93,c03 c09,c03 c09,1,1326,1326,0,414833593,740411,0,414833593,740411,0,414833593,0,414833593,base pair0 pair1 pair2,base pair0 pair1 pair2,1,1,4,4,none,0.000000,0.000000,0.000000,,95,95,4096
main|shymkent_school|L|pair|k7|br0.5|ms3|s9,main,shymkent_school,L,12,25,pair,7,0.5,3,9,1389,15,6,2,3,0,optimal,sha256:61e9868dd5c45abff9f4981387a02d35a6e49b05ac1e042201c948c8f2d03b06,c03 c09,c03 c09,1,1326,1326,0,441117675,850795,0,441117675,850795,0,414833593,0,414833593,pair5,pair5,0,0,1,1,none,0.000000,0.000000,0.000000,,95,95,4096
main|shymkent_school|L|cluster|k1|br0.5|ms3|s9,main,shymkent_school,L,12,25,cluster,1,0.5,3,9,1389,15,1,3,0,0,optimal,sha256:4d98e21baaa624bde5f12656d54cd4a76161ed3db51b987fbcac424ee11b74b4,c03 c09,c03 c09,1,1326,1326,0,448610152,740411,0,448610152,740411,0,414833593,0,414833593,cluster0,cluster0,0,0,1,1,none,0.000000,0.000000,0.000000,,95,95,4096
main|shymkent_school|L|cluster|k3|br0.5|ms3|s9,main,shymkent_school,L,12,25,cluster,3,0.5,3,9,1389,15,3,3,0,0,optimal,sha256:82ee906611eab2a99f3ff152e67259a5b3842b0a9e05657d32f229583344413e,c03 c09,c03 c09,1,1326,1326,0,524982005,992586,0,524982005,992586,0,414833593,0,414833593,cluster0,cluster0,0,0,1,1,none,0.000000,0.000000,0.000000,,95,95,4096
main|shymkent_school|L|cluster|k7|br0.5|ms3|s9,main,shymkent_school,L,12,25,cluster,7,0.5,3,9,1389,15,5,3,0,0,optimal,sha256:f05b1534255fc5beac496ce785ee11a381f6f17b755babd5701fccaf2da6ca43,c03 c09,c03 c09,1,1326,1326,0,544053256,992586,0,544053256,992586,0,414833593,0,414833593,cluster4,cluster4,0,0,1,1,none,0.000000,0.000000,0.000000,,95,95,4096
main|shymkent_school|L|attribute|k3|br0.5|ms3|s9,main,shymkent_school,L,12,25,attribute,3,0.5,3,9,1389,15,3,9,0,0,optimal,sha256:77619fa044357be9bb39e8ab7ccd1a7d180f7c05420a1244b87f90fb270bbe1a,c03 c09,c03 c09,1,1326,1326,0,435972403,740411,0,435972403,740411,0,414833593,0,414833593,low_or_qa qa_flagged,low_or_qa qa_flagged,0,0,2,2,none,0.000000,0.000000,0.000000,,95,95,4096
main|shymkent_school|L|all_disabled|k1|br0.5|ms3|s9,main,shymkent_school,L,12,25,all_disabled,1,0.5,3,9,1389,15,1,15,0,0,optimal,sha256:2455f9748d533e92b0e1889368046224482bcbdacd011a584bf5f36df7d16900,c03 c09,c02 c06 c11,0,1326,1305,0,934277085,1353576,0,736337349,1014897,0,414833593,0,531315762,all,all,0,0,1,1,wsum,143.851552,338.679000,84.652739,,95,95,4096
main|shymkent_school|L|single|k1|br1.0|ms3|s0,main,shymkent_school,L,12,25,single,1,1.0,3,0,2263,15,1,1,1,1,optimal,sha256:ac73fdeefb0c77e10b1dee0ba9e18b3c65390fa5afa32957921ffb6eb6734f92,c00 c03 c04,c00 c03 c04,1,1679,1679,0,281687594,649818,0,281687594,649818,0,281687594,0,281687594,base single0,base single0,1,1,2,2,none,0.000000,0.000000,0.000000,,299,299,4096
main|shymkent_school|L|single|k3|br1.0|ms3|s0,main,shymkent_school,L,12,25,single,3,1.0,3,0,2263,15,3,1,3,1,optimal,sha256:c0eaf5af1240f0a387a9c17ffaae53baf68d82f3745da27994f4ef8940bf83b0,c00 c03 c04,c00 c03 c04,1,1679,1679,0,281687594,649818,0,281687594,649818,0,281687594,0,281687594,base single0 single1 single2,base single0 single1 single2,1,1,4,4,none,0.000000,0.000000,0.000000,,299,299,4096
main|shymkent_school|L|single|k7|br1.0|ms3|s0,main,shymkent_school,L,12,25,single,7,1.0,3,0,2263,15,7,1,4,0,optimal,sha256:0ed5161b77dc81160a7b05780720c3ad7f827cbf29bd2cf4c3e3a92772497e2b,c00 c03 c04,c00 c03 c04,1,1679,1679,0,294266996,649818,0,294266996,649818,0,281687594,0,281687594,single0,single0,0,0,1,1,none,0.000000,0.000000,0.000000,,299,299,4096
main|shymkent_school|L|pair|k1|br1.0|ms3|s0,main,shymkent_school,L,12,25,pair,1,1.0,3,0,2263,15,1,2,0,0,optimal,sha256:9cc6ab49e352ca269c0cc0272081c4d11978741caee306def30de2b9b33e130d,c00 c03 c04,c00 c03 c04,1,1679,1679,0,282561887,649818,0,282561887,649818,0,281687594,0,281687594,pair0,pair0,0,0,1,1,none,0.000000,0.000000,0.000000,,299,299,4096
main|shymkent_school|L|pair|k3|br1.0|ms3|s0,main,shymkent_school,L,12,25,pair,3,1.0,3,0,2263,15,3,2,0,0,optimal,sha256:e52eff61c3285fd06e5fdb39d4d34134c5a1b141a760c107784a2c0a812ede71,c00 c03 c04,c00 c02 c03,0,1679,2031,0,413136498,1330258,0,339564885,755839,0,281687594,0,304161734,pair2,pair2,0,0,1,1,wsum,54.296393,574.419000,16.586081,,299,299,4096
main|shymkent_school|L|pair|k7|br1.0|ms3|s0,main,shymkent_school,L,12,25,pair,7,1.0,3,0,2263,15,7,2,3,0,optimal,sha256:d35552adfb8240d12223977cac3524cfcbc85b8e9c7096b4ce705e9ffd4d4720,c00 c03 c04,c00 c02 c03,0,1679,2031,0,413136498,1330258,0,339564885,755839,0,281687594,0,304161734,pair1,pair1,0,0,1,1,wsum,54.296393,574.419000,16.586081,,299,299,4096
main|shymkent_school|L|cluster|k1|br1.0|ms3|s0,main,shymkent_school,L,12,25,cluster,1,1.0,3,0,2263,15,1,3,0,0,optimal,sha256:74e7ca8083576dac77d02e1d0c8e50090a061356857e9108d1338504e99359c7,c00 c03 c04,c00 c03 c04,1,1679,1679,0,293670608,649818,0,293670608,649818,0,281687594,0,281687594,cluster0,cluster0,0,0,1,1,none,0.000000,0.000000,0.000000,,299,299,4096
main|shymkent_school|L|cluster|k3|br1.0|ms3|s0,main,shymkent_school,L,12,25,cluster,3,1.0,3,0,2263,15,2,3,0,0,optimal,sha256:9102248b2c37cc792aecfba648d469e98f242148e19df89e90ad37c4b6ffc5df,c00 c03 c04,c02 c03 c04,0,1679,1636,0,436652372,1440194,0,357416320,755839,0,281687594,0,309433767,cluster1,cluster1,0,0,1,1,wsum,58.476791,684.355000,20.476880,,299,299,4096
main|shymkent_school|L|cluster|k7|br1.0|ms3|s0,main,shymkent_school,L,12,25,cluster,7,1.0,3,0,2263,15,4,3,0,0,optimal,sha256:f16f8ee6566b87eee5c3a0b6732340171dc9b2aad4252bd13a008fbfbad5e0c2,c00 c03 c04,c02 c03 c04,0,1679,1636,0,442473905,1457472,0,360348021,755839,0,281687594,0,309433767,cluster5 cluster6,cluster5 cluster6,0,0,2,2,wsum,60.609508,701.633000,20.476880,,299,299,4096
main|shymkent_school|L|attribute|k3|br1.0|ms3|s0,main,shymkent_school,L,12,25,attribute,3,1.0,3,0,2263,15,3,9,0,0,optimal,sha256:8ef0e7c75a15442f1b7de5202836900dfdc58df69af91c3c74f9037672f711f1,c00 c03 c04,c01 c03 c04,0,1679,1561,0,359244491,649818,0,332370692,649818,0,281687594,0,301293367,low_or_qa,low_or_qa,0,0,1,1,wsum,19.833062,0.000000,14.469205,,299,299,4096
main|shymkent_school|L|all_disabled|k1|br1.0|ms3|s0,main,shymkent_school,L,12,25,all_disabled,1,1.0,3,0,2263,15,1,15,0,0,optimal,sha256:8e0bc3a941b567cd462eedbca8309b7813e387da8a3967df91bdbd1a2be29a28,c00 c03 c04,c02 c04 c10,0,1679,1212,0,689269047,1478594,0,574813619,870836,0,281687594,0,364334741,all,all,0,0,1,1,wsum,84.468951,607.758000,60.994204,,299,299,4096
main|shymkent_school|L|single|k1|br1.0|ms3|s1,main,shymkent_school,L,12,25,single,1,1.0,3,1,2596,15,1,1,1,1,optimal,sha256:a049877d65292c602b08f44254f40508a3de9aa9b4b577f4cedb4cc7c8b3e80c,c01 c03 c08,c01 c03 c08,1,1338,1338,0,341275034,681721,0,341275034,681721,0,341275034,0,341275034,base single0,base single0,1,1,2,2,none,0.000000,0.000000,0.000000,,299,299,4096
main|shymkent_school|L|single|k3|br1.0|ms3|s1,main,shymkent_school,L,12,25,single,3,1.0,3,1,2596,15,3,1,2,0,optimal,sha256:e5870cc03a2786dd98f7c9c2c190e9155957010b13546286874547152e415021,c01 c03 c08,c01 c03 c08,1,1338,1338,0,346338373,681721,0,346338373,681721,0,341275034,0,341275034,single0,single0,0,0,1,1,none,0.000000,0.000000,0.000000,,299,299,4096
main|shymkent_school|L|single|k7|br1.0|ms3|s1,main,shymkent_school,L,12,25,single,7,1.0,3,1,2596,15,7,1,2,0,optimal,sha256:dafa8f853c83a0cc48f013fe6f5cb956b52251845eb227b6cf7823df5c8b101b,c01 c03 c08,c01 c03 c04,0,1338,1168,0,426922880,1058709,0,414384123,881074,0,341275034,0,360319027,single2,single2,0,0,1,1,wsum,8.988356,177.635000,13.651608,,299,299,4096
main|shymkent_school|L|pair|k1|br1.0|ms3|s1,main,shymkent_school,L,12,25,pair,1,1.0,3,1,2596,15,1,2,1,1,optimal,sha256:5bf1c915d3eed6d157da09530d3ac9e5686da049fefffb4f2d9804c298f84bb5,c01 c03 c08,c01 c03 c08,1,1338,1338,0,341275034,681721,0,341275034,681721,0,341275034,0,341275034,base pair0,base pair0,1,1,2,2,none,0.000000,0.000000,0.000000,,299,299,4096
main|shymkent_school|L|pair|k3|br1.0|ms3|s1,main,shymkent_school,L,12,25,pair,3,1.0,3,1,2596,15,3,2,0,0,optimal,sha256:dd0257c6125d2395be35986f3e517574f2c917ea17cb4327ebbc5752a02e921f,c01 c03 c08,c01 c03 c04,0,1338,1168,0,426922880,1058709,0,414384123,881074,0,341275034,0,360319027,pair0,pair0,0,0,1,1,wsum,8.988356,177.635000,13.651608,,299,299,4096
main|shymkent_school|L|pair|k7|br1.0|ms3|s1,main,shymkent_school,L,12,25,pair,7,1.0,3,1,2596,15,7,2,1,0,optimal,sha256:0b4f778e64264249fda9d6d8c4033a127e2dec9be0641e2a5e76c8b2a14fb90e,c01 c03 c08,c01 c03 c04,0,1338,1168,0,433424448,1058709,0,426412685,881074,0,341275034,0,360319027,pair1,pair1,0,0,1,1,wsum,5.026353,177.635000,13.651608,,299,299,4096
main|shymkent_school|L|cluster|k1|br1.0|ms3|s1,main,shymkent_school,L,12,25,cluster,1,1.0,3,1,2596,15,1,3,0,0,optimal,sha256:c1f878bc1dfff2876f667ba64d47d32f8be9d9c2355982e5f0157be89cd0a6bb,c01 c03 c08,c01 c03 c08,1,1338,1338,0,388499376,681721,0,388499376,681721,0,341275034,0,341275034,cluster0,cluster0,0,0,1,1,none,0.000000,0.000000,0.000000,,299,299,4096
main|shymkent_school|L|cluster|k3|br1.0|ms3|s1,main,shymkent_school,L,12,25,cluster,3,1.0,3,1,2596,15,2,3,0,0,optimal,sha256:2d5d2fa0271c096927a990ed0c9c50ec87940dd20c5a786659b3209d069715d8,c01 c03 c08,c01 c03 c08,1,1338,1338,0,385843992,681721,0,385843992,681721,0,341275034,0,341275034,cluster1,cluster1,0,0,1,1,none,0.000000,0.000000,0.000000,,299,299,4096
main|shymkent_school|L|cluster|k7|br1.0|ms3|s1,main,shymkent_school,L,12,25,cluster,7,1.0,3,1,2596,15,6,3,0,0,optimal,sha256:eed2d5dfe7b553b9cf76c54021352c9e4495f8554b87fa1a3ed3629ac14e4e12,c01 c03 c08,c01 c03 c04,0,1338,1168,0,456253153,1058709,0,443714396,881074,0,341275034,0,360319027,cluster0 cluster6,cluster0 cluster6,0,0,2,2,wsum,8.988356,177.635000,13.651608,,299,299,4096
main|shymkent_school|L|attribute|k3|br1.0|ms3|s1,main,shymkent_school,L,12,25,attribute,3,1.0,3,1,2596,15,3,9,0,0,optimal,sha256:b3796c49d1a6404fa1c02964373294243e3d61dbb621c02745e5db5c1d8a2628,c01 c03 c08,c01 c03 c08,1,1338,1338,0,357523905,681721,0,357523905,681721,0,341275034,0,341275034,low_or_qa qa_flagged,low_or_qa qa_flagged,0,0,2,2,none,0.000000,0.000000,0.000000,,299,299,4096
main|shymkent_school|L|all_disabled|k1|br1.0|ms3|s1,main,shymkent_school,L,12,25,all_disabled,1,1.0,3,1,2596,15,1,15,0,0,optimal,sha256:d520514dac302f8b42a292953771bd99bc748697fe69e7d36bcd5036aee453dd,c01 c03 c08,c03 c04 c08,0,1338,1741,0,647688789,1058709,0,628105039,881074,0,341275034,0,368308115,all,all,0,0,1,1,wsum,14.038530,177.635000,19.378553,,299,299,4096
main|shymkent_school|L|single|k1|br1.0|ms3|s2,main,shymkent_school,L,12,25,single,1,1.0,3,2,2203,15,1,1,0,0,optimal,sha256:4434bf6457d5564d43d5d50a1f1d4caf8b3b078dd21aa7866ffe359a0d2ed46d,c06 c08 c11,c06 c08 c11,1,937,937,0,330603428,721501,0,330603428,721501,0,271505523,0,271505523,single0,single0,0,0,1,1,none,0.000000,0.000000,0.000000,,299,299,4096
main|shymkent_school|L|single|k3|br1.0|ms3|s2,main,shymkent_school,L,12,25,single,3,1.0,3,2,2203,15,3,1,1,0,optimal,sha256:e6121ca566315a7c686d0e295e7ed2fbabf4d2d216c25a6227a752f88292b62a,c06 c08 c11,c06 c10 c11,0,937,1011,0,283307457,480502,0,279874301,480502,0,271505523,0,272929613,single1,single1,0,0,1,1,wsum,2.600876,0.000000,1.078856,,299,299,4096
main|shymkent_school|L|single|k7|br1.0|ms3|s2,main,shymkent_school,L,12,25,single,7,1.0,3,2,2203,15,7,1,4,0,optimal,sha256:0c0a4ae22b0d5b2d3fb42bf4cec3606759c3296392f76fb54fe73a346ba67619,c06 c08 c11,c06 c08 c11,1,937,937,0,301776125,546534,0,301776125,546534,0,271505523,0,271505523,single6,single6,0,0,1,1,none,0.000000,0.000000,0.000000,,299,299,4096
main|shymkent_school|L|pair|k1|br1.0|ms3|s2,main,shymkent_school,L,12,25,pair,1,1.0,3,2,2203,15,1,2,0,0,optimal,sha256:45cf37c3ed52a55759d57191cb886cee9fda401c7c2d9d555eaed3126a70eff3,c06 c08 c11,c06 c08 c11,1,937,937,0,286678611,480502,0,286678611,480502,0,271505523,0,271505523,pair0,pair0,0,0,1,1,none,0.000000,0.000000,0.000000,,299,299,4096
main|shymkent_school|L|pair|k3|br1.0|ms3|s2,main,shymkent_school,L,12,25,pair,3,1.0,3,2,2203,15,3,2,0,0,optimal,sha256:db8ce380d1a6cb2f623232428f4d109be496ab1faed1b42d9d0add882c878526,c06 c08 c11,c06 c08 c11,1,937,937,0,380759050,868833,0,380759050,868833,0,271505523,0,271505523,pair2,pair2,0,0,1,1,none,0.000000,0.000000,0.000000,,299,299,4096
main|shymkent_school|L|pair|k7|br1.0|ms3|s2,main,shymkent_school,L,12,25,pair,7,1.0,3,2,2203,15,7,2,3,0,optimal,sha256:9497614e102f335d6021f8cc9961a830122acc9cc177f45bdf0f9168b0013aca,c06 c08 c11,c06 c08 c11,1,937,937,0,301776125,546534,0,301776125,546534,0,271505523,0,271505523,pair0,pair0,0,0,1,1,none,0.000000,0.000000,0.000000,,299,299,4096
main|shymkent_school|L|cluster|k1|br1.0|ms3|s2,main,shymkent_school,L,12,25,cluster,1,1.0,3,2,2203,15,1,3,0,0,optimal,sha256:7d5e99e71352d1749ddaa274cc74ae10d7a1b3a5dcd1a42562850029778ab5c6,c06 c08 c11,c06 c08 c11,1,937,937,0,381895681,868833,0,381895681,868833,0,271505523,0,271505523,cluster0,cluster0,0,0,1,1,none,0.000000,0.000000,0.000000,,299,299,4096
main|shymkent_school|L|cluster|k3|br1.0|ms3|s2,main,shymkent_school,L,12,25,cluster,3,1.0,3,2,2203,15,3,3,0,0,optimal,sha256:8bd6e146ad9385738c99da51d2115b5781467d0fab11212df587acdd17c1234c,c06 c08 c11,c02 c06 c11,0,937,882,0,344034414,646145,0,321348360,592718,0,271505523,0,284269679,cluster2,cluster0,0,0,1,1,wsum,17.186405,53.427000,9.669815,,299,299,4096
main|shymkent_school|L|cluster|k7|br1.0|ms3|s2,main,shymkent_school,L,12,25,cluster,7,1.0,3,2,2203,15,5,3,0,0,optimal,sha256:95afd694a565cb5c1ad9bf269201c019ee5561c2c73096cc4c5a30a65b2880a8,c06 c08 c11,c06 c08 c11,1,937,937,0,328284275,691836,0,328284275,691836,0,271505523,0,271505523,cluster2,cluster2,0,0,1,1,none,0.000000,0.000000,0.000000,,299,299,4096
main|shymkent_school|L|attribute|k3|br1.0|ms3|s2,main,shymkent_school,L,12,25,attribute,3,1.0,3,2,2203,15,3,9,0,0,optimal,sha256:da714918edc38c9cad971d46c56a9d862f123d9db48ce2dd6a8222419011babc,c06 c08 c11,c02 c04 c11,0,937,1034,0,362928761,577379,0,349886542,577379,0,271505523,0,301496862,low_or_qa,low_or_qa,0,0,1,1,wsum,9.880469,0.000000,22.720711,,299,299,4096
main|shymkent_school|L|all_disabled|k1|br1.0|ms3|s2,main,shymkent_school,L,12,25,all_disabled,1,1.0,3,2,2203,15,1,15,0,0,optimal,sha256:a4d02f926d82ee36f4077fd18a7435290da9fcf4c7252cc870486b9bba461498,c06 c08 c11,c02 c04 c11,0,937,1034,0,890769369,1420016,0,580428230,1241495,0,271505523,0,301496862,all,all,0,0,1,1,wsum,235.106923,178.521000,22.720711,,299,299,4096
main|shymkent_school|L|single|k1|br1.0|ms3|s3,main,shymkent_school,L,12,25,single,1,1.0,3,3,2341,15,1,1,0,0,optimal,sha256:7c238d7a53020a8431cffbbb1141b011395caeab1c77e922ba2ed6d9d1f22d37,c01 c02 c05,c01 c02 c03,0,2151,1345,0,463628491,689775,0,398856761,598920,0,377734785,0,392704327,single0,single0,0,0,1,1,wsum,47.837319,90.855000,11.055792,,299,299,4096
main|shymkent_school|L|single|k3|br1.0|ms3|s3,main,shymkent_school,L,12,25,single,3,1.0,3,3,2341,15,3,1,2,0,optimal,sha256:c247baf9d0e8cd5e098a0a6bd220e0c412b06d3676d9f82d9c0ecf442186f11e,c01 c02 c05,c01 c02 c05,1,2151,2151,0,379135235,598920,0,379135235,598920,0,377734785,0,377734785,single1,single1,0,0,1,1,none,0.000000,0.000000,0.000000,,299,299,4096
main|shymkent_school|L|single|k7|br1.0|ms3|s3,main,shymkent_school,L,12,25,single,7,1.0,3,3,2341,15,7,1,5,0,optimal,sha256:7c5218e18c7437b554e9c79e43037cb022d005c4c6e1f0ba48fd58dc41cc4f99,c01 c02 c05,c01 c02 c05,1,2151,2151,0,399206214,598920,0,399206214,598920,0,377734785,0,377734785,single6,single6,0,0,1,1,none,0.000000,0.000000,0.000000,,299,299,4096
main|shymkent_school|L|pair|k1|br1.0|ms3|s3,main,shymkent_school,L,12,25,pair,1,1.0,3,3,2341,15,1,2,0,0,optimal,sha256:20a9dc3037cb3fad2c462027bde278ec2d1772be69e336acc667b478dab0c95c,c01 c02 c05,c01 c02 c03,0,2151,1345,0,463628491,689775,0,398856761,598920,0,377734785,0,392704327,pair0,pair0,0,0,1,1,wsum,47.837319,90.855000,11.055792,,299,299,4096
main|shymkent_school|L|pair|k3|br1.0|ms3|s3,main,shymkent_school,L,12,25,pair,3,1.0,3,3,2341,15,3,2,1,0,optimal,sha256:d34dcf9e1ceb28a2cb0b62a45f280c080453080f80c1c84755c751f9adb0d7c4,c01 c02 c05,c01 c02 c05,1,2151,2151,0,399206214,598920,0,399206214,598920,0,377734785,0,377734785,pair0,pair0,0,0,1,1,none,0.000000,0.000000,0.000000,,299,299,4096
main|shymkent_school|L|pair|k7|br1.0|ms3|s3,main,shymkent_school,L,12,25,pair,7,1.0,3,3,2341,15,7,2,0,0,optimal,sha256:c06e0788cd90c3683a6213a10b5ca8bddc10f2aa6e7771b77d04806e96d505a1,c01 c02 c05,c01 c02 c05,1,2151,2151,0,381991697,598920,0,381991697,598920,0,377734785,0,377734785,pair1,pair1,0,0,1,1,none,0.000000,0.000000,0.000000,,299,299,4096
main|shymkent_school|L|cluster|k1|br1.0|ms3|s3,main,shymkent_school,L,12,25,cluster,1,1.0,3,3,2341,15,1,3,0,0,optimal,sha256:ba3fcc052775cbbdd5c61d0354d38593d05ca37527f4a8ed17a0061295e58bf2,c01 c02 c05,c01 c02 c05,1,2151,2151,0,399206214,598920,0,399206214,598920,0,377734785,0,377734785,cluster0,cluster0,0,0,1,1,none,0.000000,0.000000,0.000000,,299,299,4096
main|shymkent_school|L|cluster|k3|br1.0|ms3|s3,main,shymkent_school,L,12,25,cluster,3,1.0,3,3,2341,15,3,3,0,0,optimal,sha256:78618df021440bc714560c0cc2ab5a65ff1436a69b8cd1a2479b9ec4cc645c3b,c01 c02 c05,c01 c02 c03,0,2151,1345,0,485099920,689775,0,454271493,619927,0,377734785,0,392704327,cluster1,cluster0,0,0,1,1,wsum,22.768410,69.848000,11.055792,,299,299,4096
main|shymkent_school|L|cluster|k7|br1.0|ms3|s3,main,shymkent_school,L,12,25,cluster,7,1.0,3,3,2341,15,7,3,0,0,optimal,sha256:9396282ded36e513a110abd4bb591a55b0e287be7b107363fb899c9f76ed5138,c01 c02 c05,c01 c02 c03,0,2151,1345,0,489718157,689775,0,439053366,598920,0,377734785,0,392704327,cluster6,cluster2,0,0,1,1,wsum,37.418605,90.855000,11.055792,,299,299,4096
main|shymkent_school|L|attribute|k3|br1.0|ms3|s3,main,shymkent_school,L,12,25,attribute,3,1.0,3,3,2341,15,3,9,0,0,optimal,sha256:de66c9297545644c1bdf7a9f2ac7546000a1c0c540b76923cb5dc82d51f149a7,c01 c02 c05,c01 c02 c05,1,2151,2151,0,417282277,598920,0,417282277,598920,0,377734785,0,377734785,low_or_qa,low_or_qa,0,0,1,1,none,0.000000,0.000000,0.000000,,299,299,4096
main|shymkent_school|L|all_disabled|k1|br1.0|ms3|s3,main,shymkent_school,L,12,25,all_disabled,1,1.0,3,3,2341,15,1,15,0,0,optimal,sha256:535cc436609d458fe608690c83c975c7b7309465380d7b75e6290592b7c0e485,c01 c02 c05,c01 c02 c05,1,2151,2151,0,608540192,957098,0,608540192,957098,0,377734785,0,377734785,all,all,0,0,1,1,none,0.000000,0.000000,0.000000,,299,299,4096
main|shymkent_school|L|single|k1|br1.0|ms3|s4,main,shymkent_school,L,12,25,single,1,1.0,3,4,2663,15,1,1,0,0,optimal,sha256:af16a0a9b99a5fb71147cd75c3a834840ce2757e34ef9918aaca0f61e8a9f712,c00 c02 c04,c00 c04 c08,0,2203,1773,0,525008523,700207,0,511876141,596111,0,430952749,0,442610135,single0,single0,0,0,1,1,wsum,8.467042,104.096000,7.516045,,299,299,4096
main|shymkent_school|L|single|k3|br1.0|ms3|s4,main,shymkent_school,L,12,25,single,3,1.0,3,4,2663,15,3,1,3,1,optimal,sha256:6397c0074d7204ca01b500015467fa81982b72750487fde8b6d0bae7c5dbe95d,c00 c02 c04,c00 c02 c04,1,2203,2203,0,430952749,444405,0,430952749,444405,0,430952749,0,430952749,base single0 single1 single2,base single0 single1 single2,1,1,4,4,none,0.000000,0.000000,0.000000,,299,299,4096
main|shymkent_school|L|single|k7|br1.0|ms3|s4,main,shymkent_school,L,12,25,single,7,1.0,3,4,2663,15,7,1,4,0,optimal,sha256:bf66edad9236f9096da739cff0649e6e24a96836fe4071f478612b95717d8851,c00 c02 c04,c00 c04 c08,0,2203,1773,0,525008523,700207,0,511876141,596111,0,430952749,0,442610135,single5,single5,0,0,1,1,wsum,8.467042,104.096000,7.516045,,299,299,4096
main|shymkent_school|L|pair|k1|br1.0|ms3|s4,main,shymkent_school,L,12,25,pair,1,1.0,3,4,2663,15,1,2,1,1,optimal,sha256:f1152a4fb1f68d622585ee8b4d1d3b5f129ce2bb036ed81067481e27148715c3,c00 c02 c04,c00 c02 c04,1,2203,2203,0,430952749,444405,0,430952749,444405,0,430952749,0,430952749,base pair0,base pair0,1,1,2,2,none,0.000000,0.000000,0.000000,,299,299,4096
main|shymkent_school|L|pair|k3|br1.0|ms3|s4,main,shymkent_school,L,12,25,pair,3,1.0,3,4,2663,15,3,2,1,0,optimal,sha256:71c878ce9ac9e171ac051df8431d8427e7296882966320f587e9b06e0e8696f3,c00 c02 c04,c00 c04 c08,0,2203,1773,0,525008523,700207,0,511876141,596111,0,430952749,0,442610135,pair0,pair0,0,0,1,1,wsum,8.467042,104.096000,7.516045,,299,299,4096
main|shymkent_school|L|pair|k7|br1.0|ms3|s4,main,shymkent_school,L,12,25,pair,7,1.0,3,4,2663,15,7,2,2,0,optimal,sha256:b5f751a26e3fd6d45f31555ed57cf24dce32a8ec2dc9e030f04d06a596ea0129,c00 c02 c04,c00 c02 c04,1,2203,2203,0,460501750,528867,0,460501750,528867,0,430952749,0,430952749,pair3,pair3,0,0,1,1,none,0.000000,0.000000,0.000000,,299,299,4096
main|shymkent_school|L|cluster|k1|br1.0|ms3|s4,main,shymkent_school,L,12,25,cluster,1,1.0,3,4,2663,15,1,3,0,0,optimal,sha256:2c5a65f29fb1b241d670ede5645002fc2f8b4652dee1caaf812926bd1a6c3305,c00 c02 c04,c00 c04 c05,0,2203,2129,0,455936862,486367,0,438882026,444405,0,430952749,0,438882026,cluster0,base cluster0,0,1,1,2,wsum,10.996026,41.962000,5.112364,,299,299,4096
main|shymkent_school|L|cluster|k3|br1.0|ms3|s4,main,shymkent_school,L,12,25,cluster,3,1.0,3,4,2663,15,3,3,0,0,optimal,sha256:df6d53b1c977830b9182833b5c06ab92677ea0c7e07a6e44e006fb9d8ea995e4,c00 c02 c04,c00 c02 c04,1,2203,2203,0,526921819,813838,0,526921819,813838,0,430952749,0,430952749,cluster1,cluster1,0,0,1,1,none,0.000000,0.000000,0.000000,,299,299,4096
main|shymkent_school|L|cluster|k7|br1.0|ms3|s4,main,shymkent_school,L,12,25,cluster,7,1.0,3,4,2663,15,6,3,0,0,optimal,sha256:88e638b765930c018edc4173e3c4a9b438026873c1576a3f0af1c37b966c60ed,c00 c02 c04,c00 c03 c04,0,2203,1701,0,587200801,751706,0,567977309,700207,0,430952749,0,435026214,cluster6,cluster6,0,0,1,1,wsum,12.394257,51.499000,2.626348,,299,299,4096
main|shymkent_school|L|attribute|k3|br1.0|ms3|s4,main,shymkent_school,L,12,25,attribute,3,1.0,3,4,2663,15,3,9,0,0,optimal,sha256:99e2d4fc836e669cfeb5eaa0f5eb31a15561f6adce77953f0c964c78f15bc348,c00 c02 c04,c00 c04 c05,0,2203,2129,0,499596345,528867,0,482541509,528867,0,430952749,0,438882026,low_or_qa,low_or_qa,0,0,1,1,wsum,10.996026,0.000000,5.112364,,299,299,4096
main|shymkent_school|L|all_disabled|k1|br1.0|ms3|s4,main,shymkent_school,L,12,25,all_disabled,1,1.0,3,4,2663,15,1,15,0,0,optimal,sha256:56c38a223e1df6f11ca023e9320a492d28619f4fd579dfe725b660e081ea4c47,c00 c02 c04,c01 c03 c04,0,2203,2161,0,939949162,1277645,0,816368294,1187167,0,430952749,0,463035079,all,all,0,0,1,1,wsum,79.678187,90.478000,20.684932,,299,299,4096
main|shymkent_school|L|single|k1|br1.0|ms3|s5,main,shymkent_school,L,12,25,single,1,1.0,3,5,2637,15,1,1,0,0,optimal,sha256:1b004a71da34e368762e02a75aead3571bf69bd11d04fb65a09c96d7d5d96e5c,c02 c03 c09,c02 c03 c09,1,1840,1840,0,335253213,521844,0,335253213,521844,0,333689094,0,333689094,single0,single0,0,0,1,1,none,0.000000,0.000000,0.000000,,299,299,4096
main|shymkent_school|L|single|k3|br1.0|ms3|s5,main,shymkent_school,L,12,25,single,3,1.0,3,5,2637,15,3,1,1,0,optimal,sha256:83b087636c351be509f807e7d6d6589c75abe4f7990333524ad1770e02c09867,c02 c03 c09,c02 c03 c09,1,1840,1840,0,346740366,521844,0,346740366,521844,0,333689094,0,333689094,single1,single1,0,0,1,1,none,0.000000,0.000000,0.000000,,299,299,4096
main|shymkent_school|L|single|k7|br1.0|ms3|s5,main,shymkent_school,L,12,25,single,7,1.0,3,5,2637,15,7,1,4,0,optimal,sha256:2532c5ece0967f0c22806ea8ca58afa4aa3b81741339b084656876725c746d29,c02 c03 c09,c02 c03 c09,1,1840,1840,0,349138492,521844,0,349138492,521844,0,333689094,0,333689094,single5,single5,0,0,1,1,none,0.000000,0.000000,0.000000,,299,299,4096
main|shymkent_school|L|pair|k1|br1.0|ms3|s5,main,shymkent_school,L,12,25,pair,1,1.0,3,5,2637,15,1,2,1,1,optimal,sha256:3ff855bf9128ec5e1a30a8d9504528884cc0571d96b71c9a2d1ab217b4184093,c02 c03 c09,c02 c03 c09,1,1840,1840,0,333689094,521844,0,333689094,521844,0,333689094,0,333689094,base pair0,base pair0,1,1,2,2,none,0.000000,0.000000,0.000000,,299,299,4096
main|shymkent_school|L|pair|k3|br1.0|ms3|s5,main,shymkent_school,L,12,25,pair,3,1.0,3,5,2637,15,3,2,0,0,optimal,sha256:508580d9c49b29c531deeacba58f980e27dcbe62b623cca41ef43f40b32d51c3,c02 c03 c09,c02 c03 c09,1,1840,1840,0,356285250,521844,0,356285250,521844,0,333689094,0,333689094,pair2,pair2,0,0,1,1,none,0.000000,0.000000,0.000000,,299,299,4096
main|shymkent_school|L|pair|k7|br1.0|ms3|s5,main,shymkent_school,L,12,25,pair,7,1.0,3,5,2637,15,7,2,2,0,optimal,sha256:88197b78ed9c12db3d57cacc6643147dcf848d5247744472409cb296d85b016f,c02 c03 c09,c02 c03 c09,1,1840,1840,0,361063939,521844,0,361063939,521844,0,333689094,0,333689094,pair0,pair0,0,0,1,1,none,0.000000,0.000000,0.000000,,299,299,4096
main|shymkent_school|L|cluster|k1|br1.0|ms3|s5,main,shymkent_school,L,12,25,cluster,1,1.0,3,5,2637,15,1,3,0,0,optimal,sha256:5b1c327abc85fb19f88ca0ff6bdd817a18a5140c17331768db684bc551ca248d,c02 c03 c09,c02 c08 c09,0,1840,1474,0,345696021,574209,0,340836263,624317,0,333689094,0,338419801,cluster0,cluster0,0,0,1,1,wsum,3.268163,-50.108000,3.181377,,299,299,4096
main|shymkent_school|L|cluster|k3|br1.0|ms3|s5,main,shymkent_school,L,12,25,cluster,3,1.0,3,5,2637,15,3,3,0,0,optimal,sha256:721b212b520cf8bb5d847703ea5a9e95567d259e1d73fd832f98b4187489c7b6,c02 c03 c09,c08 c09 c11,0,1840,1672,0,491355782,686911,0,485057958,686911,0,333689094,0,336981735,cluster2,cluster2,0,0,1,1,wsum,4.235255,0.000000,2.214284,,299,299,4096
main|shymkent_school|L|cluster|k7|br1.0|ms3|s5,main,shymkent_school,L,12,25,cluster,7,1.0,3,5,2637,15,5,3,0,0,optimal,sha256:3c5c99d6773156b0ee3e0829918c7648d5097d536a144a34e21dc62bd547164d,c02 c03 c09,c02 c03 c09,1,1840,1840,0,352208999,521844,0,352208999,521844,0,333689094,0,333689094,cluster1 cluster6,cluster1 cluster6,0,0,2,2,none,0.000000,0.000000,0.000000,,299,299,4096
main|shymkent_school|L|attribute|k3|br1.0|ms3|s5,main,shymkent_school,L,12,25,attribute,3,1.0,3,5,2637,15,3,9,0,0,optimal,sha256:e68c3c271cfed64cc66e9d74e68b47975facd1b4c1110bc84d27d1c14477d3a1,c02 c03 c09,c08 c09 c11,0,1840,1672,0,384713722,574209,0,379224998,416161,0,333689094,0,336981735,low_or_qa,low_or_qa,0,0,1,1,wsum,3.691139,158.048000,2.214284,,299,299,4096
main|shymkent_school|L|all_disabled|k1|br1.0|ms3|s5,main,shymkent_school,L,12,25,all_disabled,1,1.0,3,5,2637,15,1,15,0,0,optimal,sha256:337458a38bda77b1db4c186d19454beeb1e8b9958664f9991af6d9f3a98ba4ba,c02 c03 c09,c01 c02 c09,0,1840,1680,0,820401809,1000393,0,768402948,919547,0,333689094,0,363242659,all,all,0,0,1,1,wsum,34.968972,80.846000,19.874623,,299,299,4096
main|shymkent_school|L|single|k1|br1.0|ms3|s6,main,shymkent_school,L,12,25,single,1,1.0,3,6,2743,15,1,1,1,1,optimal,sha256:8236889cf6903e7aa549385595d43c1234829ce9b5579c5c79bee6da572f3499,c02 c07 c08,c02 c07 c08,1,1272,1272,0,269400752,510923,0,269400752,510923,0,269400752,0,269400752,base single0,base single0,1,1,2,2,none,0.000000,0.000000,0.000000,,299,299,4096
main|shymkent_school|L|single|k3|br1.0|ms3|s6,main,shymkent_school,L,12,25,single,3,1.0,3,6,2743,15,3,1,2,0,optimal,sha256:2544002d18ccbb5d90fc12cf87dbb983879b6cc9d389f9a04f27d0d6bb56eae5,c02 c07 c08,c02 c07 c08,1,1272,1272,0,292908500,510923,0,292908500,510923,0,269400752,0,269400752,single1,single1,0,0,1,1,none,0.000000,0.000000,0.000000,,299,299,4096
main|shymkent_school|L|single|k7|br1.0|ms3|s6,main,shymkent_school,L,12,25,single,7,1.0,3,6,2743,15,7,1,4,0,optimal,sha256:d884049b03838795eee2ae2a6e8caf1a0d32fa85e4e86c144a61d3f3baafb96d,c02 c07 c08,c02 c07 c08,1,1272,1272,0,278581868,671376,0,278581868,671376,0,269400752,0,269400752,single0,single0,0,0,1,1,none,0.000000,0.000000,0.000000,,299,299,4096
main|shymkent_school|L|pair|k1|br1.0|ms3|s6,main,shymkent_school,L,12,25,pair,1,1.0,3,6,2743,15,1,2,1,1,optimal,sha256:618d5c409e94de8480e914ab541d8dcc1f238d214ec70ae6cdb73037d086e87f,c02 c07 c08,c02 c07 c08,1,1272,1272,0,269400752,510923,0,269400752,510923,0,269400752,0,269400752,base pair0,base pair0,1,1,2,2,none,0.000000,0.000000,0.000000,,299,299,4096
main|shymkent_school|L|pair|k3|br1.0|ms3|s6,main,shymkent_school,L,12,25,pair,3,1.0,3,6,2743,15,3,2,2,0,optimal,sha256:20f08c72c7949ef5c1110f22c35b9aae211cade32bba77bab8fb2a0aa1ddfd74,c02 c07 c08,c02 c07 c08,1,1272,1272,0,284617565,510923,0,284617565,510923,0,269400752,0,269400752,pair2,pair2,0,0,1,1,none,0.000000,0.000000,0.000000,,299,299,4096
main|shymkent_school|L|pair|k7|br1.0|ms3|s6,main,shymkent_school,L,12,25,pair,7,1.0,3,6,2743,15,7,2,2,0,optimal,sha256:066de56a1ab93c51016dbec0592ae4cc356b0e1a97d423ab5572b5ddee8e18d2,c02 c07 c08,c02 c07 c08,1,1272,1272,0,300711927,671376,0,300711927,671376,0,269400752,0,269400752,pair3,pair3,0,0,1,1,none,0.000000,0.000000,0.000000,,299,299,4096
main|shymkent_school|L|cluster|k1|br1.0|ms3|s6,main,shymkent_school,L,12,25,cluster,1,1.0,3,6,2743,15,1,3,0,0,optimal,sha256:a9a354b0e07492b9ba1c393b2e39df1ee8019d9f0d4fbc3c1654b06fe04d8ab7,c02 c07 c08,c02 c07 c08,1,1272,1272,0,277853520,510923,0,277853520,510923,0,269400752,0,269400752,cluster0,cluster0,0,0,1,1,none,0.000000,0.000000,0.000000,,299,299,4096
main|shymkent_school|L|cluster|k3|br1.0|ms3|s6,main,shymkent_school,L,12,25,cluster,3,1.0,3,6,2743,15,2,3,0,0,optimal,sha256:72f3bc98a53ab7a1fdfc38be3b12347339d4c6c4d13eb9d318c4b9f19a6a7259,c02 c07 c08,c02 c07 c08,1,1272,1272,0,319225868,574248,0,319225868,574248,0,269400752,0,269400752,cluster0,cluster0,0,0,1,1,none,0.000000,0.000000,0.000000,,299,299,4096
main|shymkent_school|L|cluster|k7|br1.0|ms3|s6,main,shymkent_school,L,12,25,cluster,7,1.0,3,6,2743,15,6,3,0,0,optimal,sha256:28d5b26aec2cf3c54e99185ee8d56aa0f2c104dab1897ab2503aabcae691c2ba,c02 c07 c08,c02 c07 c08,1,1272,1272,0,319225868,574248,0,319225868,574248,0,269400752,0,269400752,cluster3,cluster3,0,0,1,1,none,0.000000,0.000000,0.000000,,299,299,4096
main|shymkent_school|L|attribute|k3|br1.0|ms3|s6,main,shymkent_school,L,12,25,attribute,3,1.0,3,6,2743,15,3,9,0,0,optimal,sha256:c16dd5af180755065ad9744ae99b14f90b7f8c20f453f09bc01ecafc6265ce85,c02 c07 c08,c02 c07 c08,1,1272,1272,0,293070333,510923,0,293070333,510923,0,269400752,0,269400752,low_or_qa,low_or_qa,0,0,1,1,none,0.000000,0.000000,0.000000,,299,299,4096
main|shymkent_school|L|all_disabled|k1|br1.0|ms3|s6,main,shymkent_school,L,12,25,all_disabled,1,1.0,3,6,2743,15,1,15,0,0,optimal,sha256:419cf46ca28d4a52bd2ebe121ba59e1ebeaa5e4f761f25ef1de8bd68585076e3,c02 c07 c08,c01 c04 c08,0,1272,1434,0,627163990,1086423,0,538318758,724611,0,269400752,0,323398548,all,all,0,0,1,1,wsum,69.356153,361.812000,42.152846,,299,299,4096
main|shymkent_school|L|single|k1|br1.0|ms3|s7,main,shymkent_school,L,12,25,single,1,1.0,3,7,2577,15,1,1,0,0,optimal,sha256:b05211f3207dd3b2b21cc1d984892f2c6291133e0d57031b5860d6feef6a94d3,c05 c06 c11,c05 c06 c11,1,1101,1101,0,318125298,549354,0,318125298,549354,0,314163962,0,314163962,single0,single0,0,0,1,1,none,0.000000,0.000000,0.000000,,299,299,4096
main|shymkent_school|L|single|k3|br1.0|ms3|s7,main,shymkent_school,L,12,25,single,3,1.0,3,7,2577,15,3,1,2,0,optimal,sha256:e2e9f4c6cfaf81ba9ab07d6193b1e256a21893e216ba707b15e31d46249f6c8e,c05 c06 c11,c05 c09 c11,0,1101,1178,0,330099679,567167,0,330097637,549354,0,314163962,0,324191312,single0,single0,0,0,1,1,wsum,0.001793,17.813000,8.803644,,299,299,4096
main|shymkent_school|L|single|k7|br1.0|ms3|s7,main,shymkent_school,L,12,25,single,7,1.0,3,7,2577,15,7,1,1,0,optimal,sha256:bf890f31343e4fe23c3dc384f605b1721982a606cf4b58fe117809d66f918caa,c05 c06 c11,c02 c05 c11,0,1101,1632,0,387184161,802574,0,383113081,802574,0,314163962,0,319326878,single5,single5,0,0,1,1,wsum,3.574258,0.000000,4.532850,,299,299,4096
main|shymkent_school|L|pair|k1|br1.0|ms3|s7,main,shymkent_school,L,12,25,pair,1,1.0,3,7,2577,15,1,2,0,0,optimal,sha256:afdd1ca1914a85be186e7cbd22f9cdaa71ac6a52836bd8e7ecab1254eb760cee,c05 c06 c11,c05 c06 c11,1,1101,1101,0,328309255,631798,0,328309255,631798,0,314163962,0,314163962,pair0,pair0,0,0,1,1,none,0.000000,0.000000,0.000000,,299,299,4096
main|shymkent_school|L|pair|k3|br1.0|ms3|s7,main,shymkent_school,L,12,25,pair,3,1.0,3,7,2577,15,3,2,1,0,optimal,sha256:5e92c155517510717d70663aad0b042a48f465a21943315f327ab20d3f40f7bd,c05 c06 c11,c02 c05 c11,0,1101,1632,0,387184161,802574,0,383113081,802574,0,314163962,0,319326878,pair1,pair1,0,0,1,1,wsum,3.574258,0.000000,4.532850,,299,299,4096
main|shymkent_school|L|pair|k7|br1.0|ms3|s7,main,shymkent_school,L,12,25,pair,7,1.0,3,7,2577,15,7,2,1,0,optimal,sha256:c53029636eee26af8a20b37bb68d2904ca446c677fbf28a78496669b0cfe8198,c05 c06 c11,c02 c05 c11,0,1101,1632,0,387184161,802574,0,383113081,802574,0,314163962,0,319326878,pair0,pair0,0,0,1,1,wsum,3.574258,0.000000,4.532850,,299,299,4096
main|shymkent_school|L|cluster|k1|br1.0|ms3|s7,main,shymkent_school,L,12,25,cluster,1,1.0,3,7,2577,15,1,3,0,0,optimal,sha256:5f48fb2093afd93fa4232d34a33032f5d255a296c22cb161c98f1738b4fb914f,c05 c06 c11,c02 c05 c11,0,1101,1632,0,403623967,802574,0,384332789,802574,0,314163962,0,319326878,cluster0,cluster0,0,0,1,1,wsum,16.936943,0.000000,4.532850,,299,299,4096
main|shymkent_school|L|cluster|k3|br1.0|ms3|s7,main,shymkent_school,L,12,25,cluster,3,1.0,3,7,2577,15,3,3,0,0,optimal,sha256:7cdde45c57b709599c624edf588676502b1475bb7223a3d89327c7209eb1e1d3,c05 c06 c11,c02 c05 c11,0,1101,1632,0,403623967,802574,0,384332789,802574,0,314163962,0,319326878,cluster2,cluster2,0,0,1,1,wsum,16.936943,0.000000,4.532850,,299,299,4096
main|shymkent_school|L|cluster|k7|br1.0|ms3|s7,main,shymkent_school,L,12,25,cluster,7,1.0,3,7,2577,15,7,3,0,0,optimal,sha256:362c08c86ef8fea397c2698da2d086924fa0156939a8626e800b2586ebac36d8,c05 c06 c11,c02 c05 c11,0,1101,1632,0,419866758,838193,0,401388736,838193,0,314163962,0,319326878,cluster5,cluster5,0,0,1,1,wsum,16.223022,0.000000,4.532850,,299,299,4096
main|shymkent_school|L|attribute|k3|br1.0|ms3|s7,main,shymkent_school,L,12,25,attribute,3,1.0,3,7,2577,15,3,9,0,0,optimal,sha256:92bebfeebb735c83d2672dd592d7b4424ae166f31cb322044844454300cc53e0,c05 c06 c11,c05 c06 c11,1,1101,1101,0,330853069,567167,0,330853069,567167,0,314163962,0,314163962,low_or_qa qa_flagged,low_or_qa qa_flagged,0,0,2,2,none,0.000000,0.000000,0.000000,,299,299,4096
main|shymkent_school|L|all_disabled|k1|br1.0|ms3|s7,main,shymkent_school,L,12,25,all_disabled,1,1.0,3,7,2577,15,1,15,0,0,optimal,sha256:49332d9dc23c5df08cef7e7053c92adced25fe6ca93794760fc207531d9f26a7,c05 c06 c11,c05 c09 c11,0,1101,1178,0,679732343,1343244,0,565758568,838193,0,314163962,0,324191312,all,all,0,0,1,1,wsum,100.064772,505.051000,8.803644,,299,299,4096
main|shymkent_school|L|single|k1|br1.0|ms3|s8,main,shymkent_school,L,12,25,single,1,1.0,3,8,2804,15,1,1,0,0,optimal,sha256:08becf7c3f923f9fb8c9777575195628df66425e198609639a78242423609bbe,c01 c05 c08,c01 c05 c08,1,2741,2741,0,277979751,597078,0,277979751,597078,0,275701919,0,275701919,single0,single0,0,0,1,1,none,0.000000,0.000000,0.000000,,299,299,4096
main|shymkent_school|L|single|k3|br1.0|ms3|s8,main,shymkent_school,L,12,25,single,3,1.0,3,8,2804,15,3,1,3,1,optimal,sha256:c851833bc14ecfa18e62c0826c47984214d9472d99b27fecfa0601bf5083eea3,c01 c05 c08,c01 c05 c08,1,2741,2741,0,275701919,523754,0,275701919,523754,0,275701919,0,275701919,base single0 single1 single2,base single0 single1 single2,1,1,4,4,none,0.000000,0.000000,0.000000,,299,299,4096
main|shymkent_school|L|single|k7|br1.0|ms3|s8,main,shymkent_school,L,12,25,single,7,1.0,3,8,2804,15,7,1,5,0,optimal,sha256:5d93eec23df1360571de16872488aa1a59b2b9af563e4c0da02c0b34c1d4ed7e,c01 c05 c08,c01 c02 c08,0,2741,2356,0,304420897,699168,0,303631021,523754,0,275701919,0,287488489,single1,single1,0,0,1,1,wsum,0.773630,175.414000,11.544143,,299,299,4096
main|shymkent_school|L|pair|k1|br1.0|ms3|s8,main,shymkent_school,L,12,25,pair,1,1.0,3,8,2804,15,1,2,1,1,optimal,sha256:3053e64737e8e0c6c45dc926abbe1fa2c5eb43bdccb4500e17daacc07ce6c6ee,c01 c05 c08,c01 c05 c08,1,2741,2741,0,275701919,523754,0,275701919,523754,0,275701919,0,275701919,base pair0,base pair0,1,1,2,2,none,0.000000,0.000000,0.000000,,299,299,4096
main|shymkent_school|L|pair|k3|br1.0|ms3|s8,main,shymkent_school,L,12,25,pair,3,1.0,3,8,2804,15,3,2,1,0,optimal,sha256:219cf07b4235102b5ddf90c2d80191268d6a709fb2302308f5a8bbb595393d4c,c01 c05 c08,c01 c05 c08,1,2741,2741,0,279260950,597078,0,279260950,597078,0,275701919,0,275701919,pair2,pair2,0,0,1,1,none,0.000000,0.000000,0.000000,,299,299,4096
main|shymkent_school|L|pair|k7|br1.0|ms3|s8,main,shymkent_school,L,12,25,pair,7,1.0,3,8,2804,15,7,2,1,0,optimal,sha256:23f5042231bb200f79be1b12d634350e18adb617fb01df83682064d91fc62d3e,c01 c05 c08,c01 c05 c08,1,2741,2741,0,304933825,699168,0,304933825,699168,0,275701919,0,275701919,pair3,pair3,0,0,1,1,none,0.000000,0.000000,0.000000,,299,299,4096
main|shymkent_school|L|cluster|k1|br1.0|ms3|s8,main,shymkent_school,L,12,25,cluster,1,1.0,3,8,2804,15,1,3,0,0,optimal,sha256:5c75ba457c62fb452c6691e56be6f6819955cde021411484678564dd7c3cf89b,c01 c05 c08,c01 c05 c08,1,2741,2741,0,279933458,523754,0,279933458,523754,0,275701919,0,275701919,cluster0,cluster0,0,0,1,1,none,0.000000,0.000000,0.000000,,299,299,4096
main|shymkent_school|L|cluster|k3|br1.0|ms3|s8,main,shymkent_school,L,12,25,cluster,3,1.0,3,8,2804,15,3,3,0,0,optimal,sha256:ed913579671160936956527453e24aba3d1922c8dbb486d4987096695d3fe5ef,c01 c05 c08,c01 c05 c08,1,2741,2741,0,305349261,699168,0,305349261,699168,0,275701919,0,275701919,cluster1,cluster1,0,0,1,1,none,0.000000,0.000000,0.000000,,299,299,4096
main|shymkent_school|L|cluster|k7|br1.0|ms3|s8,main,shymkent_school,L,12,25,cluster,7,1.0,3,8,2804,15,4,3,0,0,optimal,sha256:673ac7c1a1fefa3e3310a0f0712833255559d711825ec2cfe12781716829eb07,c01 c05 c08,c05 c06 c08,0,2741,2445,0,341960928,523754,0,336064922,541137,0,275701919,0,285519738,cluster3,cluster3,0,0,1,1,wsum,5.774737,-17.383000,9.615885,,299,299,4096
main|shymkent_school|L|attribute|k3|br1.0|ms3|s8,main,shymkent_school,L,12,25,attribute,3,1.0,3,8,2804,15,3,9,1,0,optimal,sha256:f722dc25808544e9e392e3b5b03c04df0db7e8388c6411fb781f16ab905ea6e2,c01 c05 c08,c01 c05 c08,1,2741,2741,0,285468317,523754,0,285468317,523754,0,275701919,0,275701919,low_or_qa qa_flagged,low_or_qa qa_flagged,0,0,2,2,none,0.000000,0.000000,0.000000,,299,299,4096
main|shymkent_school|L|all_disabled|k1|br1.0|ms3|s8,main,shymkent_school,L,12,25,all_disabled,1,1.0,3,8,2804,15,1,15,0,0,optimal,sha256:360529b6298c56f52bbd37f420a1e3ed4a7b53342f4d5ed24150b7bcdb941b50,c01 c05 c08,c01 c05 c06,0,2741,2402,0,563239042,1227371,0,431333855,1060883,0,275701919,0,292149064,all,all,0,0,1,1,wsum,129.192152,166.488000,16.108859,,299,299,4096
main|shymkent_school|L|single|k1|br1.0|ms3|s9,main,shymkent_school,L,12,25,single,1,1.0,3,9,2779,15,1,1,0,0,optimal,sha256:2573890e30461d73b63ca577f335f84ed6ead9c5eb378a83e8e5ef818ae10865,c03 c05 c09,c03 c05 c09,1,1769,1769,0,405799832,740411,0,405799832,740411,0,395720453,0,395720453,single0,single0,0,0,1,1,none,0.000000,0.000000,0.000000,,299,299,4096
main|shymkent_school|L|single|k3|br1.0|ms3|s9,main,shymkent_school,L,12,25,single,3,1.0,3,9,2779,15,3,1,2,0,optimal,sha256:a1ee1b8e4da8bdf9f58bc710a7dcb60dc45bb9ec14ded930aac7400aea22a5b2,c03 c05 c09,c03 c08 c09,0,1769,2198,0,422004535,850795,0,397905978,684669,0,395720453,0,396584902,single0,single0,0,0,1,1,wsum,17.513486,166.126000,0.628233,,299,299,4096
main|shymkent_school|L|single|k7|br1.0|ms3|s9,main,shymkent_school,L,12,25,single,7,1.0,3,9,2779,15,7,1,2,0,optimal,sha256:e8f41a61823906021aa9beb5c57bf7c6904aa6eb3f06b7097c9ead0b2719ece6,c03 c05 c09,c03 c06 c09,0,1769,1940,0,493586844,992586,0,447272233,740411,0,395720453,0,412643712,single3,single3,0,0,1,1,wsum,33.658874,252.175000,12.298880,,299,299,4096
main|shymkent_school|L|pair|k1|br1.0|ms3|s9,main,shymkent_school,L,12,25,pair,1,1.0,3,9,2779,15,1,2,0,0,optimal,sha256:ec6825cbe2f4d84fd378707d13c7cfec2e15b009f1228e8fb9d5f02db3baf30e,c03 c05 c09,c03 c09 c10,0,1769,2101,0,407453625,740411,0,398324130,740411,0,395720453,0,396273426,pair0,pair0,0,0,1,1,wsum,6.634807,0.000000,0.401870,,299,299,4096
main|shymkent_school|L|pair|k3|br1.0|ms3|s9,main,shymkent_school,L,12,25,pair,3,1.0,3,9,2779,15,3,2,3,1,optimal,sha256:6cff068a233670ebc9bc0469aa13b2c2373d28511521c35913763d8d53d3903a,c03 c05 c09,c03 c05 c09,1,1769,1769,0,395720453,740411,0,395720453,740411,0,395720453,0,395720453,base pair0 pair1 pair2,base pair0 pair1 pair2,1,1,4,4,none,0.000000,0.000000,0.000000,,299,299,4096
main|shymkent_school|L|pair|k7|br1.0|ms3|s9,main,shymkent_school,L,12,25,pair,7,1.0,3,9,2779,15,6,2,3,0,optimal,sha256:712ac0bdba1ca02e7290b8aeb42124514ef45b4a2658f1c2d74865c7115364ad,c03 c05 c09,c03 c08 c09,0,1769,2198,0,422004535,850795,0,411873121,684669,0,395720453,0,396584902,pair5,pair6,0,0,1,1,wsum,7.362946,166.126000,0.628233,,299,299,4096
main|shymkent_school|L|cluster|k1|br1.0|ms3|s9,main,shymkent_school,L,12,25,cluster,1,1.0,3,9,2779,15,1,3,0,0,optimal,sha256:ccf5e0f2259de2eebfb4343d1e59db4fa347b0c6bf03d16b328bf6709773b458,c03 c05 c09,c03 c09 c10,0,1769,2101,0,429287100,740411,0,405706770,740411,0,395720453,0,396273426,cluster0,cluster0,0,0,1,1,wsum,17.136868,0.000000,0.401870,,299,299,4096
main|shymkent_school|L|cluster|k3|br1.0|ms3|s9,main,shymkent_school,L,12,25,cluster,3,1.0,3,9,2779,15,3,3,0,0,optimal,sha256:a74d55e2a60f872ad6a60d3b450ee529370fcc6e1f82d5f021816822b644e2db,c03 c05 c09,c03 c06 c09,0,1769,1940,0,505647820,992586,0,451667932,740411,0,395720453,0,412643712,cluster0,cluster0,0,0,1,1,wsum,39.229570,252.175000,12.298880,,299,299,4096
main|shymkent_school|L|cluster|k7|br1.0|ms3|s9,main,shymkent_school,L,12,25,cluster,7,1.0,3,9,2779,15,5,3,0,0,optimal,sha256:78a80e8036869aed4c924dc34d9c2a0410fa0220d0d50863134b681772051fed,c03 c05 c09,c03 c06 c09,0,1769,1940,0,524940116,992586,0,478625505,850795,0,395720453,0,412643712,cluster4,cluster4,0,0,1,1,wsum,33.658874,141.791000,12.298880,,299,299,4096
main|shymkent_school|L|attribute|k3|br1.0|ms3|s9,main,shymkent_school,L,12,25,attribute,3,1.0,3,9,2779,15,3,9,0,0,optimal,sha256:2802ea5d355889615419fba03806bd1b84ca81ba587e593c84bff13453403051,c03 c05 c09,c03 c07 c09,0,1769,2268,0,416649351,740411,0,410468703,740411,0,395720453,0,396712533,low_or_qa qa_flagged,low_or_qa qa_flagged,0,0,2,2,wsum,4.491750,0.000000,0.720988,,299,299,4096
main|shymkent_school|L|all_disabled|k1|br1.0|ms3|s9,main,shymkent_school,L,12,25,all_disabled,1,1.0,3,9,2779,15,1,15,0,0,optimal,sha256:9909b1e9efe39a3326247688d76cbd6d14bd89a09b6b30790a289b8de291a289,c03 c05 c09,c04 c06 c08,0,1769,2445,0,747847749,1130814,0,674426228,917711,0,395720453,0,504444795,all,all,0,0,1,1,wsum,53.358664,213.103000,79.014783,,299,299,4096
main|astana_clinic|S|single|k1|br0.5|ms3|s0,main,astana_clinic,S,4,5,single,1,0.5,3,0,1130,16,1,1,1,1,optimal,sha256:6e504b837811fcac655544e5e48d281539cd13a41b6f29e507a876e52175c804,c02,c02,1,906,906,0,62082779,354655,0,62082779,354655,0,62082779,0,62082779,base single0,base single0,1,1,2,2,none,0.000000,0.000000,0.000000,,7,7,16
main|astana_clinic|S|single|k3|br0.5|ms3|s0,main,astana_clinic,S,4,5,single,3,0.5,3,0,1130,16,3,1,3,1,optimal,sha256:76a93f4b32614ca1d3add525d61d891352944404b296b873cee1ad1e2a2ac17b,c02,c02,1,906,906,0,62082779,354655,0,62082779,354655,0,62082779,0,62082779,base single0 single1 single2,base single0 single1 single2,1,1,4,4,none,0.000000,0.000000,0.000000,,7,7,16
main|astana_clinic|S|single|k7|br0.5|ms3|s0,main,astana_clinic,S,4,5,single,7,0.5,3,0,1130,16,7,1,5,0,optimal,sha256:47059e7e66fef6326b33c7d7dc211f97bd0b52cae320fa099035bb57e4fb4836,c02,c02,1,906,906,0,62082779,354655,0,62082779,354655,0,62082779,0,62082779,base single0 single1 single2 single3 single4 single5 single6,base single0 single1 single2 single3 single4 single5 single6,1,1,8,8,none,0.000000,0.000000,0.000000,,7,7,16
main|astana_clinic|S|pair|k1|br0.5|ms3|s0,main,astana_clinic,S,4,5,pair,1,0.5,3,0,1130,16,1,2,0,0,optimal,sha256:6278bc22f03c044be78a49eda11fb324e1aad072f0172eda06954935df686e79,c02,c02,1,906,906,0,69561811,384581,0,69561811,384581,0,62082779,0,62082779,pair0,pair0,0,0,1,1,none,0.000000,0.000000,0.000000,,7,7,16
main|astana_clinic|S|pair|k3|br0.5|ms3|s0,main,astana_clinic,S,4,5,pair,3,0.5,3,0,1130,16,3,2,2,0,optimal,sha256:3b08056c428fd552ea2c53cf2422e726320862de678d6d578eef6f9f4139e79b,c02,c02,1,906,906,0,69561811,384581,0,69561811,384581,0,62082779,0,62082779,pair2,pair2,0,0,1,1,none,0.000000,0.000000,0.000000,,7,7,16
main|astana_clinic|S|pair|k7|br0.5|ms3|s0,main,astana_clinic,S,4,5,pair,7,0.5,3,0,1130,16,7,2,6,0,optimal,sha256:020460248f5a0e9f386ece6bb88d2b8ca446beae5004ba70db807b24e0274161,c02,c02,1,906,906,0,69561811,384581,0,69561811,384581,0,62082779,0,62082779,pair6,pair6,0,0,1,1,none,0.000000,0.000000,0.000000,,7,7,16
main|astana_clinic|S|cluster|k1|br0.5|ms3|s0,main,astana_clinic,S,4,5,cluster,1,0.5,3,0,1130,16,1,3,1,1,optimal,sha256:6ca8be31f2387913a094957569757c5d60e3b8f3f8cf79544183a55e0a02c158,c02,c02,1,906,906,0,62082779,354655,0,62082779,354655,0,62082779,0,62082779,base cluster0,base cluster0,1,1,2,2,none,0.000000,0.000000,0.000000,,7,7,16
main|astana_clinic|S|cluster|k3|br0.5|ms3|s0,main,astana_clinic,S,4,5,cluster,3,0.5,3,0,1130,16,3,3,0,0,optimal,sha256:cc38372a867f2e05e213d0e85d0e954b7ac194a8d821033723d730d03cb42888,c02,c02,1,906,906,0,76565863,543764,0,76565863,543764,0,62082779,0,62082779,cluster1,cluster1,0,0,1,1,none,0.000000,0.000000,0.000000,,7,7,16
main|astana_clinic|S|cluster|k7|br0.5|ms3|s0,main,astana_clinic,S,4,5,cluster,7,0.5,3,0,1130,16,5,3,2,0,optimal,sha256:8b8508bde5f0a8b0c0b8d8623249ba3bfca7760581fa8be062d5bb82651a3bff,c02,c02,1,906,906,0,82932787,384581,0,82932787,384581,0,62082779,0,62082779,cluster3,cluster3,0,0,1,1,none,0.000000,0.000000,0.000000,,7,7,16
main|astana_clinic|S|attribute|k1|br0.5|ms3|s0,main,astana_clinic,S,4,5,attribute,1,0.5,3,0,1130,16,1,7,0,0,optimal,sha256:bd00b9a16ba126b1a4a38aa3fba4920ec75df4a634bc597aec8a2569bb76e7ec,c02,c02,1,906,906,0,62082779,354655,0,62082779,354655,0,62082779,0,62082779,base low_confidence,base low_confidence,1,1,2,2,none,0.000000,0.000000,0.000000,,7,7,16
main|astana_clinic|S|all_disabled|k1|br0.5|ms3|s0,main,astana_clinic,S,4,5,all_disabled,1,0.5,3,0,1130,16,1,16,0,0,optimal,sha256:e88e6fa8efd81706333f97223784b2261b6de799f6d24e98703a6f4e34bcbe2b,c02,c02,1,906,906,0,253064619,1975431,0,253064619,1975431,0,62082779,0,62082779,all,all,0,0,1,1,none,0.000000,0.000000,0.000000,,7,7,16
main|astana_clinic|S|single|k1|br0.5|ms3|s1,main,astana_clinic,S,4,5,single,1,0.5,3,1,515,16,1,1,1,1,optimal,sha256:aa0d9704b535dedbe73aaf8d0f1041b70e8d08e985bfa4cb6e2e08395d1a7f20,c00,c00,1,137,137,0,82631454,319154,0,82631454,319154,0,82631454,0,82631454,base single0,base single0,1,1,2,2,none,0.000000,0.000000,0.000000,,7,7,16
main|astana_clinic|S|single|k3|br0.5|ms3|s1,main,astana_clinic,S,4,5,single,3,0.5,3,1,515,16,3,1,3,1,optimal,sha256:d0b3938074a314ec0433f6d93484c3cf57a38404d5f53adbc0585593330ea1e0,c00,c00,1,137,137,0,82631454,319154,0,82631454,319154,0,82631454,0,82631454,base single0 single1 single2,base single0 single1 single2,1,1,4,4,none,0.000000,0.000000,0.000000,,7,7,16
main|astana_clinic|S|single|k7|br0.5|ms3|s1,main,astana_clinic,S,4,5,single,7,0.5,3,1,515,16,7,1,6,0,optimal,sha256:739bf1d73d67a7aad0bff08881601b29777bc1ee4d181df6699c89a1d02ccda8,c00,c00,1,137,137,0,82631454,319154,0,82631454,319154,0,82631454,0,82631454,base single0 single1 single2 single3 single4 single5 single6,base single0 single1 single2 single3 single4 single5 single6,1,1,8,8,none,0.000000,0.000000,0.000000,,7,7,16
main|astana_clinic|S|pair|k1|br0.5|ms3|s1,main,astana_clinic,S,4,5,pair,1,0.5,3,1,515,16,1,2,1,1,optimal,sha256:0c6ca3ce78504f39ddc68acc379876719d9ccf77cdeaf3e73d5533d87ade26da,c00,c00,1,137,137,0,82631454,319154,0,82631454,319154,0,82631454,0,82631454,base pair0,base pair0,1,1,2,2,none,0.000000,0.000000,0.000000,,7,7,16
main|astana_clinic|S|pair|k3|br0.5|ms3|s1,main,astana_clinic,S,4,5,pair,3,0.5,3,1,515,16,3,2,3,1,optimal,sha256:a47bd75929598f1c3dc536b7f2e564f31b53b41f529af9addc0379304c77da25,c00,c00,1,137,137,0,82631454,319154,0,82631454,319154,0,82631454,0,82631454,base pair0 pair1 pair2,base pair0 pair1 pair2,1,1,4,4,none,0.000000,0.000000,0.000000,,7,7,16
main|astana_clinic|S|pair|k7|br0.5|ms3|s1,main,astana_clinic,S,4,5,pair,7,0.5,3,1,515,16,6,2,3,0,optimal,sha256:5c78293d8e0e857d639e83f1434f38ddb67553bfb96f0b9f6960ac906a8adbaa,c00,c00,1,137,137,0,84369246,337256,0,84369246,337256,0,82631454,0,82631454,pair3 pair6,pair3 pair6,0,0,2,2,none,0.000000,0.000000,0.000000,,7,7,16
main|astana_clinic|S|cluster|k1|br0.5|ms3|s1,main,astana_clinic,S,4,5,cluster,1,0.5,3,1,515,16,1,3,0,0,optimal,sha256:93479ce7ce7f12d34ca9817d9e2ce49f1764f39778d732af82bbd47dd383bb28,c00,c00,1,137,137,0,82631454,319154,0,82631454,319154,0,82631454,0,82631454,base cluster0,base cluster0,1,1,2,2,none,0.000000,0.000000,0.000000,,7,7,16
main|astana_clinic|S|cluster|k3|br0.5|ms3|s1,main,astana_clinic,S,4,5,cluster,3,0.5,3,1,515,16,3,3,0,0,optimal,sha256:d55dc44511f2e61ca99b208a1b4e668070066d5e97784a6b4f7411665477904e,c00,c00 c01,0,137,278,0,134580318,860288,0,99587358,495778,0,82631454,0,82631454,cluster2,cluster2,0,0,1,1,wsum,92.329710,364.510000,0.000000,,7,7,16
main|astana_clinic|S|cluster|k7|br0.5|ms3|s1,main,astana_clinic,S,4,5,cluster,7,0.5,3,1,515,16,5,3,4,0,optimal,sha256:68d8753a85563f85c3855908d6dbfde48a41e214291d97405230a386fb44b236,c00,c00 c01,0,137,278,0,134580318,860288,0,99587358,495778,0,82631454,0,82631454,cluster3,cluster3,0,0,1,1,wsum,92.329710,364.510000,0.000000,,7,7,16
main|astana_clinic|S|attribute|k1|br0.5|ms3|s1,main,astana_clinic,S,4,5,attribute,1,0.5,3,1,515,16,1,7,0,0,optimal,sha256:4a08688da1ec36ee5050b347882699e33b48eb2b2736bec80924b2ced97a7d86,c00,c00,1,137,137,0,86682695,337256,0,86682695,337256,0,82631454,0,82631454,low_confidence,low_confidence,0,0,1,1,none,0.000000,0.000000,0.000000,,7,7,16
main|astana_clinic|S|all_disabled|k1|br0.5|ms3|s1,main,astana_clinic,S,4,5,all_disabled,1,0.5,3,1,515,16,1,16,0,0,optimal,sha256:8adf406d5e140962129b40d9bb5b31b17d2c3fc9c524767a0e7085473b9cab46,c00,c00 c02,0,137,434,0,327696031,1209520,0,182244317,652450,0,82631454,0,82631454,all,all,0,0,1,1,wsum,383.777609,557.070000,0.000000,,7,7,16
main|astana_clinic|S|single|k1|br0.5|ms3|s2,main,astana_clinic,S,4,5,single,1,0.5,3,2,746,16,1,1,1,1,optimal,sha256:ffbf9d46bcf05a19afb62e1ac02b5f1dd2a51e123dbda9af95afb8f8d5500514,,,1,0,0,0,33132874,482908,0,33132874,482908,0,33132874,0,33132874,base single0,base single0,1,1,2,2,none,0.000000,0.000000,0.000000,,6,6,16
main|astana_clinic|S|single|k3|br0.5|ms3|s2,main,astana_clinic,S,4,5,single,3,0.5,3,2,746,16,3,1,1,0,optimal,sha256:527190bdc803f70414cef22583a4fa7de2828287a7a91e98f54f6e943687ae45,,c02,0,0,334,0,35039044,482908,0,34215319,482908,0,33132874,0,33132874,single2,single2,0,0,1,1,wsum,5.180660,0.000000,0.000000,,6,6,16
main|astana_clinic|S|single|k7|br0.5|ms3|s2,main,astana_clinic,S,4,5,single,7,0.5,3,2,746,16,7,1,5,0,optimal,sha256:1d1897d1746339ae7963b03d6f5e22c108a51d65ae70eccfd8514c1c407c9234,,c02,0,0,334,0,35391634,482908,0,34268484,482908,0,33132874,0,33132874,single3,single3,0,0,1,1,wsum,7.063836,0.000000,0.000000,,6,6,16
main|astana_clinic|S|pair|k1|br0.5|ms3|s2,main,astana_clinic,S,4,5,pair,1,0.5,3,2,746,16,1,2,1,1,optimal,sha256:6353bdfe108a778d6cdf927cd1e340f1890cca7b63f2da075a1de1c74f14b5cb,,,1,0,0,0,33132874,482908,0,33132874,482908,0,33132874,0,33132874,base pair0,base pair0,1,1,2,2,none,0.000000,0.000000,0.000000,,6,6,16
main|astana_clinic|S|pair|k3|br0.5|ms3|s2,main,astana_clinic,S,4,5,pair,3,0.5,3,2,746,16,3,2,0,0,optimal,sha256:c3990aa99b14697ed4abb6f095dbad62841532f1e4ed03064a51744fb52605db,,c01 c02,0,0,706,0,57128635,563774,0,52164609,482908,0,33132874,0,33132874,pair0,pair0,0,0,1,1,wsum,31.220289,80.866000,0.000000,,6,6,16
main|astana_clinic|S|pair|k7|br0.5|ms3|s2,main,astana_clinic,S,4,5,pair,7,0.5,3,2,746,16,6,2,2,0,optimal,sha256:1d78e64e95553785c21f0c68f181b9a7cab32408fca9077fbd01bde7b9b35dc1,,c01,0,0,372,0,54869875,563774,0,51028999,482908,0,33132874,0,33132874,pair0,pair0,0,0,1,1,wsum,24.156453,80.866000,0.000000,,6,6,16
main|astana_clinic|S|cluster|k1|br0.5|ms3|s2,main,astana_clinic,S,4,5,cluster,1,0.5,3,2,746,16,1,3,1,1,optimal,sha256:a160dc71b2299e09d6e9104335976f0b063d4f6c94161e6d733634c4e153f2a3,,,1,0,0,0,33132874,482908,0,33132874,482908,0,33132874,0,33132874,base cluster0,base cluster0,1,1,2,2,none,0.000000,0.000000,0.000000,,6,6,16
main|astana_clinic|S|cluster|k3|br0.5|ms3|s2,main,astana_clinic,S,4,5,cluster,3,0.5,3,2,746,16,3,3,1,0,optimal,sha256:1496c73e97c048a52f2d141c39edf3542decea6e54ff3318f3335bcb7e11f705,,c01,0,0,372,0,63200316,1122489,0,52965999,967158,0,33132874,0,33132874,cluster2,cluster2,0,0,1,1,wsum,64.366774,155.331000,0.000000,,6,6,16
main|astana_clinic|S|cluster|k7|br0.5|ms3|s2,main,astana_clinic,S,4,5,cluster,7,0.5,3,2,746,16,5,3,4,0,optimal,sha256:d9da954a04ea5189b61abab167e810b83cf02200523997aa08ea0959dead7c4f,,c01 c02,0,0,706,0,60910976,652390,0,51028999,482908,0,33132874,0,33132874,cluster1,cluster2,0,0,1,1,wsum,62.150799,169.482000,0.000000,,6,6,16
main|astana_clinic|S|attribute|k1|br0.5|ms3|s2,main,astana_clinic,S,4,5,attribute,1,0.5,3,2,746,16,1,7,0,0,optimal,sha256:462c9dc75fe4398d2cf49b8a490c206e12f0c1007ef704671ee8ae16c266ebcf,,c01,0,0,372,0,59508975,563774,0,55668099,482908,0,33132874,0,33132874,low_confidence,low_confidence,0,0,1,1,wsum,24.156453,80.866000,0.000000,,6,6,16
main|astana_clinic|S|all_disabled|k1|br0.5|ms3|s2,main,astana_clinic,S,4,5,all_disabled,1,0.5,3,2,746,16,1,16,0,0,optimal,sha256:c958acc0fc9a2e8a1ea0c249f847d14a0952270165b4ccad248c30f842f92c09,,c01 c02,0,0,706,5,0,,0,62479884,967158,0,33132874,0,33132874,all,all,0,0,1,1,unknown,,,0.000000,,6,6,16
main|astana_clinic|S|single|k1|br0.5|ms3|s3,main,astana_clinic,S,4,5,single,1,0.5,3,3,1097,16,1,1,1,1,optimal,sha256:8b9b4542d74f9c66e650a25954a1164c3ce15bf261c23d14c3b450339f2fc439,c01,c01,1,908,908,0,77663278,419790,0,77663278,419790,0,77663278,0,77663278,base single0,base single0,1,1,2,2,none,0.000000,0.000000,0.000000,,7,7,16
main|astana_clinic|S|single|k3|br0.5|ms3|s3,main,astana_clinic,S,4,5,single,3,0.5,3,3,1097,16,3,1,3,1,optimal,sha256:1b539d06ff72318eaa21948a6ea579b2ca64e5c13e357307e6d5fe09746917bd,c01,c01,1,908,908,0,77663278,419790,0,77663278,419790,0,77663278,0,77663278,base single0 single1 single2,base single0 single1 single2,1,1,4,4,none,0.000000,0.000000,0.000000,,7,7,16
main|astana_clinic|S|single|k7|br0.5|ms3|s3,main,astana_clinic,S,4,5,single,7,0.5,3,3,1097,16,7,1,5,0,optimal,sha256:d51e72c1cf2b095ae44df183ad0aadbf55ea9817bea9f562983f9c3f95390ce7,c01,c01,1,908,908,0,104659681,698748,0,104659681,698748,0,77663278,0,77663278,single4,single4,0,0,1,1,none,0.000000,0.000000,0.000000,,7,7,16
main|astana_clinic|S|pair|k1|br0.5|ms3|s3,main,astana_clinic,S,4,5,pair,1,0.5,3,3,1097,16,1,2,0,0,optimal,sha256:41567ec1852217dfaa62a1027d3bbe1b816935e7ffb542d50638ad337006a08d,c01,c01,1,908,908,0,84648676,419790,0,84648676,419790,0,77663278,0,77663278,pair0,pair0,0,0,1,1,none,0.000000,0.000000,0.000000,,7,7,16
main|astana_clinic|S|pair|k3|br0.5|ms3|s3,main,astana_clinic,S,4,5,pair,3,0.5,3,3,1097,16,3,2,3,1,optimal,sha256:3c6b5da64ab261ffeba73ea60f6f091ea458a0b2f70237ea068538aca7a32cd3,c01,c01,1,908,908,0,77663278,419790,0,77663278,419790,0,77663278,0,77663278,base pair0 pair1 pair2,base pair0 pair1 pair2,1,1,4,4,none,0.000000,0.000000,0.000000,,7,7,16
main|astana_clinic|S|pair|k7|br0.5|ms3|s3,main,astana_clinic,S,4,5,pair,7,0.5,3,3,1097,16,7,2,7,1,optimal,sha256:0d1e311d50010cade394b70a1580051abefe6f5bd4ab3c63a5adb5148dac968e,c01,c01,1,908,908,0,77663278,419790,0,77663278,419790,0,77663278,0,77663278,base pair0 pair1 pair2 pair3 pair4 pair5 pair6,base pair0 pair1 pair2 pair3 pair4 pair5 pair6,1,1,8,8,none,0.000000,0.000000,0.000000,,7,7,16
main|astana_clinic|S|cluster|k1|br0.5|ms3|s3,main,astana_clinic,S,4,5,cluster,1,0.5,3,3,1097,16,1,3,1,1,optimal,sha256:b4570c5a709e26c4e59207740dfceb0290e7b2a09e92183b369fa9eb78a21ad6,c01,c01,1,908,908,0,77663278,419790,0,77663278,419790,0,77663278,0,77663278,base cluster0,base cluster0,1,1,2,2,none,0.000000,0.000000,0.000000,,7,7,16
main|astana_clinic|S|cluster|k3|br0.5|ms3|s3,main,astana_clinic,S,4,5,cluster,3,0.5,3,3,1097,16,2,3,1,0,optimal,sha256:07752f03f3ae8e6fd7ffb827673187eea25da200bfb8329cbeaa17af3e52ad53,c01,c02,0,908,430,0,144504757,1158987,0,118971768,625030,0,77663278,0,90166294,cluster1 cluster2,cluster1 cluster2,0,0,2,2,wsum,99.350152,533.957000,48.649868,,7,7,16
main|astana_clinic|S|cluster|k7|br0.5|ms3|s3,main,astana_clinic,S,4,5,cluster,7,0.5,3,3,1097,16,6,3,3,0,optimal,sha256:8fee5a7c56b907af2c17eb4d2eda9c3bddf1fb176f95a795ecec4775c143dcb7,c01,c00 c02,0,908,1081,0,144504757,1158987,0,118971768,625030,0,77663278,0,90166294,cluster0,cluster0,0,0,1,1,wsum,99.350152,533.957000,48.649868,,7,7,16
main|astana_clinic|S|attribute|k1|br0.5|ms3|s3,main,astana_clinic,S,4,5,attribute,1,0.5,3,3,1097,16,1,7,0,0,optimal,sha256:323f62b6a64f57673df704a86aab830bdb76c575a3518a60e07eb20d13be3a08,c01,c01,1,908,908,0,77663278,419790,0,77663278,419790,0,77663278,0,77663278,base low_confidence,base low_confidence,1,1,2,2,none,0.000000,0.000000,0.000000,,7,7,16
main|astana_clinic|S|all_disabled|k1|br0.5|ms3|s3,main,astana_clinic,S,4,5,all_disabled,1,0.5,3,3,1097,16,1,16,0,0,optimal,sha256:e95be700ffeb640dea16ab7d44ec07d9b54ff906f1184c9fe035b429b8086c35,c01,c00 c02,0,908,1081,0,334744449,2171948,0,180478277,854133,0,77663278,0,90166294,all,all,0,0,1,1,wsum,600.257479,1317.815000,48.649868,,7,7,16
main|astana_clinic|S|single|k1|br0.5|ms3|s4,main,astana_clinic,S,4,5,single,1,0.5,3,4,1256,16,1,1,0,0,optimal,sha256:162a1a905c1bbc060d18cfb3781d8c08023db97fa088aa4138420228e52eb618,,,1,0,0,0,66723971,553687,0,66723971,553687,0,63534860,0,63534860,single0,single0,0,0,1,1,none,0.000000,0.000000,0.000000,,5,5,16
main|astana_clinic|S|single|k3|br0.5|ms3|s4,main,astana_clinic,S,4,5,single,3,0.5,3,4,1256,16,3,1,2,0,optimal,sha256:197ecb5d582af0bfcae7f3930255f3d94663fbfe0036531924d230b224f32f95,,,1,0,0,0,72369920,553687,0,72369920,553687,0,63534860,0,63534860,single0,single0,0,0,1,1,none,0.000000,0.000000,0.000000,,5,5,16
main|astana_clinic|S|single|k7|br0.5|ms3|s4,main,astana_clinic,S,4,5,single,7,0.5,3,4,1256,16,7,1,4,0,optimal,sha256:5c015a18f1211f6bfbd65ea99be555bc393b7604808f4ad66ef3723bdf7e6563,,c00,0,0,567,0,74573390,553687,0,72369920,553687,0,63534860,0,63534860,single1,single4,0,0,1,1,wsum,6.929151,0.000000,0.000000,,5,5,16
main|astana_clinic|S|pair|k1|br0.5|ms3|s4,main,astana_clinic,S,4,5,pair,1,0.5,3,4,1256,16,1,2,0,0,optimal,sha256:9d58e338f29df69798f8d8c737914eb6203333041341291dd0c880f965032d97,,,1,0,0,0,72369920,553687,0,72369920,553687,0,63534860,0,63534860,pair0,pair0,0,0,1,1,none,0.000000,0.000000,0.000000,,5,5,16
main|astana_clinic|S|pair|k3|br0.5|ms3|s4,main,astana_clinic,S,4,5,pair,3,0.5,3,4,1256,16,3,2,1,0,optimal,sha256:495caca83875f94f7e22700a6d94c65c69fe065b6c19c38b80844ad5d2e2d4f6,,,1,0,0,0,77765885,553687,0,77765885,553687,0,63534860,0,63534860,pair0 pair1,pair0 pair1,0,0,2,2,none,0.000000,0.000000,0.000000,,5,5,16
main|astana_clinic|S|pair|k7|br0.5|ms3|s4,main,astana_clinic,S,4,5,pair,7,0.5,3,4,1256,16,7,2,1,0,optimal,sha256:de9d4e651001442cfdce406cc782a8b102f7a51a527c6130a410ad5d1adf8125,,c03,0,0,789,0,73041200,595642,0,72944384,589591,0,63534860,0,63534860,pair5,pair5,0,0,1,1,wsum,0.304453,6.051000,0.000000,,5,5,16
main|astana_clinic|S|cluster|k1|br0.5|ms3|s4,main,astana_clinic,S,4,5,cluster,1,0.5,3,4,1256,16,1,3,0,0,optimal,sha256:f9450fa9dbfbd43c8cea2a5e23192de40c5ac9409c4cfbbcaeae0805d783f4a0,,,1,0,0,0,100449140,969833,0,100449140,969833,0,63534860,0,63534860,cluster0,cluster0,0,0,1,1,none,0.000000,0.000000,0.000000,,5,5,16
main|astana_clinic|S|cluster|k3|br0.5|ms3|s4,main,astana_clinic,S,4,5,cluster,3,0.5,3,4,1256,16,3,3,1,0,optimal,sha256:a16c51ef12e823c0c39e8973a44d375e078fc9430dbf3ae5f4f0b8a7cc3ee628,,c03,0,0,789,0,65907420,701972,0,64109324,589591,0,63534860,0,63534860,cluster0 cluster1,cluster0 cluster1,0,0,2,2,wsum,5.654390,112.381000,0.000000,,5,5,16
main|astana_clinic|S|cluster|k7|br0.5|ms3|s4,main,astana_clinic,S,4,5,cluster,7,0.5,3,4,1256,16,7,3,1,0,optimal,sha256:b30b6ed6ef78e1b66db88bf58cae388a982f9a2f196a7d097f6f313dcc99e7a0,,,1,0,0,0,100449140,969833,0,100449140,969833,0,63534860,0,63534860,cluster6,cluster6,0,0,1,1,none,0.000000,0.000000,0.000000,,5,5,16
main|astana_clinic|S|attribute|k1|br0.5|ms3|s4,main,astana_clinic,S,4,5,attribute,1,0.5,3,4,1256,16,1,7,0,0,optimal,sha256:b455e8f87998529ade8dd050063a795d6ef592f6b0fcc5fb145f8c5e1c8f5a67,,c03,0,0,789,0,92162616,701972,0,90364520,589591,0,63534860,0,63534860,low_confidence,low_confidence,0,0,1,1,wsum,5.654390,112.381000,0.000000,,5,5,16
main|astana_clinic|S|all_disabled|k1|br0.5|ms3|s4,main,astana_clinic,S,4,5,all_disabled,1,0.5,3,4,1256,16,1,16,0,0,optimal,sha256:962b53b2cb500efc807e86c7d2b78badbac38b669915ad53e2e1ecc8b5b5a0a7,,c00,0,0,567,5,0,,0,304785825,1716738,0,63534860,0,63534860,all,all,0,0,1,1,unknown,,,0.000000,,5,5,16
main|astana_clinic|S|single|k1|br0.5|ms3|s5,main,astana_clinic,S,4,5,single,1,0.5,3,5,805,16,1,1,1,1,optimal,sha256:2004af7cead240ee8c96e0fb06cad4e6a2b21d9a2f533460a850da052a610fee,c01,c01,1,772,772,0,69157870,498624,0,69157870,498624,0,69157870,0,69157870,base single0,base single0,1,1,2,2,none,0.000000,0.000000,0.000000,,7,7,16
main|astana_clinic|S|single|k3|br0.5|ms3|s5,main,astana_clinic,S,4,5,single,3,0.5,3,5,805,16,3,1,2,0,optimal,sha256:b6121a1a192f0e4e54dc34d760b27f1ce6ffd38ac3b6340672ae23eacd2af6c2,c01,c01,1,772,772,0,71790320,516701,0,71790320,516701,0,69157870,0,69157870,single1,single1,0,0,1,1,none,0.000000,0.000000,0.000000,,7,7,16
main|astana_clinic|S|single|k7|br0.5|ms3|s5,main,astana_clinic,S,4,5,single,7,0.5,3,5,805,16,7,1,7,1,optimal,sha256:2525c6e03ccf0654ef5cb84492474e5a457600fff763895725ea5d43d384c22e,c01,c01,1,772,772,0,69157870,498624,0,69157870,498624,0,69157870,0,69157870,base single0 single1 single2 single3 single4 single5 single6,base single0 single1 single2 single3 single4 single5 single6,1,1,8,8,none,0.000000,0.000000,0.000000,,7,7,16
main|astana_clinic|S|pair|k1|br0.5|ms3|s5,main,astana_clinic,S,4,5,pair,1,0.5,3,5,805,16,1,2,1,1,optimal,sha256:d6838b8ac0ecf7d7a3d05120c641571d6eb849ba3786d5c47700b3328b408637,c01,c01,1,772,772,0,69157870,498624,0,69157870,498624,0,69157870,0,69157870,base pair0,base pair0,1,1,2,2,none,0.000000,0.000000,0.000000,,7,7,16
main|astana_clinic|S|pair|k3|br0.5|ms3|s5,main,astana_clinic,S,4,5,pair,3,0.5,3,5,805,16,3,2,2,0,optimal,sha256:02217d5c7a2ea64e0c44ac348a04640646d5e0e05b09dd1e79a27bbf0bd4b2cb,c01,c01,1,772,772,0,74300479,498624,0,74300479,498624,0,69157870,0,69157870,pair2,pair2,0,0,1,1,none,0.000000,0.000000,0.000000,,7,7,16
main|astana_clinic|S|pair|k7|br0.5|ms3|s5,main,astana_clinic,S,4,5,pair,7,0.5,3,5,805,16,7,2,3,0,optimal,sha256:ee38435f89c121ade8f709cb7c7661e7ccbfe5742153de34cad5fb5f8e7fa5d7,c01,c01,1,772,772,0,74300479,498624,0,74300479,498624,0,69157870,0,69157870,pair0 pair1,pair0 pair1,0,0,2,2,none,0.000000,0.000000,0.000000,,7,7,16
main|astana_clinic|S|cluster|k1|br0.5|ms3|s5,main,astana_clinic,S,4,5,cluster,1,0.5,3,5,805,16,1,3,0,0,optimal,sha256:0ebcead1a2fc1866742476c7bc4ed1e3b92cc055e4d9330e0119f4c6040be7ee,c01,c01,1,772,772,0,72728274,541384,0,72728274,541384,0,69157870,0,69157870,cluster0,cluster0,0,0,1,1,none,0.000000,0.000000,0.000000,,7,7,16
main|astana_clinic|S|cluster|k3|br0.5|ms3|s5,main,astana_clinic,S,4,5,cluster,3,0.5,3,5,805,16,3,3,1,0,optimal,sha256:59f961622d1cc61848cb69c0ff93eb3d4a8bd500733dc70d09dc2cecb5a66649,c01,c01,1,772,772,0,71790320,516701,0,71790320,516701,0,69157870,0,69157870,cluster2,cluster2,0,0,1,1,none,0.000000,0.000000,0.000000,,7,7,16
main|astana_clinic|S|cluster|k7|br0.5|ms3|s5,main,astana_clinic,S,4,5,cluster,7,0.5,3,5,805,16,6,3,0,0,optimal,sha256:12f2551cf2d33cd61a19b518e3e463f1401f64ec4aa313b59b87f20f9eb92fb2,c01,c01,1,772,772,0,83298512,741401,0,83298512,741401,0,69157870,0,69157870,cluster6,cluster6,0,0,1,1,none,0.000000,0.000000,0.000000,,7,7,16
main|astana_clinic|S|attribute|k1|br0.5|ms3|s5,main,astana_clinic,S,4,5,attribute,1,0.5,3,5,805,16,1,7,0,0,optimal,sha256:24ef4c54dda21993faf066680a16ed5d4b5cebaedff77100bfa5ea8b26136116,c01,c01,1,772,772,0,82081855,624938,0,82081855,624938,0,69157870,0,69157870,low_confidence,low_confidence,0,0,1,1,none,0.000000,0.000000,0.000000,,7,7,16
main|astana_clinic|S|all_disabled|k1|br0.5|ms3|s5,main,astana_clinic,S,4,5,all_disabled,1,0.5,3,5,805,16,1,16,0,0,optimal,sha256:93a110f37ab258099cb606f7adfe04b2d9356ed71f78401601420f24a6de0da0,c01,c02 c03,0,772,633,0,278760258,1936505,0,139393382,1776384,0,69157870,0,69918158,all,all,0,0,1,1,wsum,666.827158,160.121000,3.637742,,7,7,16
main|astana_clinic|S|single|k1|br0.5|ms3|s6,main,astana_clinic,S,4,5,single,1,0.5,3,6,896,16,1,1,1,1,optimal,sha256:6008fc9228ef248f38f69246d5a5c85fca8cde34b1005299a02627e1f8a6f219,c00,c00,1,852,852,0,60211100,407475,0,60211100,407475,0,60211100,0,60211100,base single0,base single0,1,1,2,2,none,0.000000,0.000000,0.000000,,7,7,16
main|astana_clinic|S|single|k3|br0.5|ms3|s6,main,astana_clinic,S,4,5,single,3,0.5,3,6,896,16,3,1,2,0,optimal,sha256:bb67f05c5b2bbb101407037916928353aa4510cd01e719adf9d57cb84fd53216,c00,c00,1,852,852,0,65114960,407475,0,65114960,407475,0,60211100,0,60211100,single0,single0,0,0,1,1,none,0.000000,0.000000,0.000000,,7,7,16
main|astana_clinic|S|single|k7|br0.5|ms3|s6,main,astana_clinic,S,4,5,single,7,0.5,3,6,896,16,7,1,5,0,optimal,sha256:01adecc5e49dcf3166f8566bdc81f3e18443aaf8465d96292972006f1fc3623a,c00,c00,1,852,852,0,65114960,407475,0,65114960,407475,0,60211100,0,60211100,single6,single6,0,0,1,1,none,0.000000,0.000000,0.000000,,7,7,16
main|astana_clinic|S|pair|k1|br0.5|ms3|s6,main,astana_clinic,S,4,5,pair,1,0.5,3,6,896,16,1,2,1,1,optimal,sha256:a58d9405014a8b13cd7fc4fa98568d880dd0d1801b19a796f6f0678b330629ac,c00,c00,1,852,852,0,60211100,407475,0,60211100,407475,0,60211100,0,60211100,base pair0,base pair0,1,1,2,2,none,0.000000,0.000000,0.000000,,7,7,16
main|astana_clinic|S|pair|k3|br0.5|ms3|s6,main,astana_clinic,S,4,5,pair,3,0.5,3,6,896,16,3,2,0,0,optimal,sha256:438a0bae73322a1ea2b59f481fb18c57e402c10b8f9191ad4eec924bebcc0ec7,c00,c02,0,852,253,0,79559251,641182,0,78589020,464309,0,60211100,0,65785170,pair1,pair1,0,0,1,1,wsum,3.661249,176.873000,21.034226,,7,7,16
main|astana_clinic|S|pair|k7|br0.5|ms3|s6,main,astana_clinic,S,4,5,pair,7,0.5,3,6,896,16,7,2,2,0,optimal,sha256:f6ccde5eff0dae6bbee9eff12da8b924be1b7dbc7cae9a86ac599b64d3b21b92,c00,c00,1,852,852,0,68328014,549877,0,68328014,549877,0,60211100,0,60211100,pair0,pair0,0,0,1,1,none,0.000000,0.000000,0.000000,,7,7,16
main|astana_clinic|S|cluster|k1|br0.5|ms3|s6,main,astana_clinic,S,4,5,cluster,1,0.5,3,6,896,16,1,3,0,0,optimal,sha256:e9b71e515386a9432a98d24f76635b5d804299582b094e0011889b643a5cd8cc,c00,c00,1,852,852,0,65114960,407475,0,65114960,407475,0,60211100,0,60211100,cluster0,cluster0,0,0,1,1,none,0.000000,0.000000,0.000000,,7,7,16
main|astana_clinic|S|cluster|k3|br0.5|ms3|s6,main,astana_clinic,S,4,5,cluster,3,0.5,3,6,896,16,2,3,1,0,optimal,sha256:916dcb6b1d5a35e009dfda324bc30bca55a0880e9390f0a3d5360b522d0c0290,c00,c00,1,852,852,0,65114960,407475,0,65114960,407475,0,60211100,0,60211100,cluster1 cluster2,cluster1 cluster2,0,0,2,2,none,0.000000,0.000000,0.000000,,7,7,16
main|astana_clinic|S|cluster|k7|br0.5|ms3|s6,main,astana_clinic,S,4,5,cluster,7,0.5,3,6,896,16,6,3,1,0,optimal,sha256:50a00ec126a8f79dd9d84624da8d0558af803487ddb8a889402e8eb626e62789,c00,c01 c02,0,852,861,0,114101807,1011157,0,89334412,515391,0,60211100,0,65785170,cluster0 cluster1,cluster0 cluster1,0,0,2,2,wsum,93.461868,495.766000,21.034226,,7,7,16
main|astana_clinic|S|attribute|k1|br0.5|ms3|s6,main,astana_clinic,S,4,5,attribute,1,0.5,3,6,896,16,1,7,0,0,optimal,sha256:b4db2f9ad90078d07444eff6cc8cde6a36adaf496b124a29bdfd5e450d2cdbcc,c00,c02,0,852,253,0,84463111,641182,0,83906410,464309,0,60211100,0,65785170,low_confidence,low_confidence,0,0,1,1,wsum,2.100758,176.873000,21.034226,,7,7,16
main|astana_clinic|S|all_disabled|k1|br0.5|ms3|s6,main,astana_clinic,S,4,5,all_disabled,1,0.5,3,6,896,16,1,16,0,0,optimal,sha256:fc796ee31b291b06841a59c47c2bd0da526ffce2d021892a815a0140ad622d20,c00,c01 c02,0,852,861,0,147853099,1491680,0,138868623,1158548,0,60211100,0,65785170,all,all,0,0,1,1,wsum,33.903683,333.132000,21.034226,,7,7,16
main|astana_clinic|S|single|k1|br0.5|ms3|s7,main,astana_clinic,S,4,5,single,1,0.5,3,7,461,16,1,1,1,1,optimal,sha256:1d272b0e2fe719265d72032d91a7506f9d0e641e9ec78f334d15b193696bd670,c01,c01,1,298,298,0,84951142,412929,0,84951142,412929,0,84951142,0,84951142,base single0,base single0,1,1,2,2,none,0.000000,0.000000,0.000000,,7,7,16
main|astana_clinic|S|single|k3|br0.5|ms3|s7,main,astana_clinic,S,4,5,single,3,0.5,3,7,461,16,3,1,2,0,optimal,sha256:fcbe077c23a5233c9e4a42e7d04a5b01007b38261bb885e00c4006c7ac91e8ca,c01,c01,1,298,298,0,87728686,455013,0,87728686,455013,0,84951142,0,84951142,single2,single2,0,0,1,1,none,0.000000,0.000000,0.000000,,7,7,16
main|astana_clinic|S|single|k7|br0.5|ms3|s7,main,astana_clinic,S,4,5,single,7,0.5,3,7,461,16,7,1,5,0,optimal,sha256:f01ad18a6419859f603076b1531c7a3f0cbead4a8426112cb84a44760ff85c52,c01,c01,1,298,298,0,85188006,412929,0,85188006,412929,0,84951142,0,84951142,single4,single4,0,0,1,1,none,0.000000,0.000000,0.000000,,7,7,16
main|astana_clinic|S|pair|k1|br0.5|ms3|s7,main,astana_clinic,S,4,5,pair,1,0.5,3,7,461,16,1,2,0,0,optimal,sha256:c476cba8d81c3489ff3a9e208d28eb8df2a7e42d7d60f65a727c5687409df416,c01,c01,1,298,298,0,84951142,412929,0,84951142,412929,0,84951142,0,84951142,base pair0,base pair0,1,1,2,2,none,0.000000,0.000000,0.000000,,7,7,16
main|astana_clinic|S|pair|k3|br0.5|ms3|s7,main,astana_clinic,S,4,5,pair,3,0.5,3,7,461,16,3,2,2,0,optimal,sha256:68c468010fda2cc23ea357ea950ae98e5be3f019ddad3b04f6a5e274a9f000a2,c01,c01,1,298,298,0,91124582,412929,0,91124582,412929,0,84951142,0,84951142,pair1,pair1,0,0,1,1,none,0.000000,0.000000,0.000000,,7,7,16
main|astana_clinic|S|pair|k7|br0.5|ms3|s7,main,astana_clinic,S,4,5,pair,7,0.5,3,7,461,16,7,2,2,0,optimal,sha256:fa62ee75ed87043134f1160099f4e4ed1158075fea22f81f46c746b63d311297,c01,c01,1,298,298,0,91124582,412929,0,91124582,412929,0,84951142,0,84951142,pair6,pair6,0,0,1,1,none,0.000000,0.000000,0.000000,,7,7,16
main|astana_clinic|S|cluster|k1|br0.5|ms3|s7,main,astana_clinic,S,4,5,cluster,1,0.5,3,7,461,16,1,3,0,0,optimal,sha256:b9e091f2609717549fd2287d1d04ab912ca10fa152a2e0f8bfadd414f57f58ec,c01,c01,1,298,298,0,87728686,455013,0,87728686,455013,0,84951142,0,84951142,cluster0,cluster0,0,0,1,1,none,0.000000,0.000000,0.000000,,7,7,16
main|astana_clinic|S|cluster|k3|br0.5|ms3|s7,main,astana_clinic,S,4,5,cluster,3,0.5,3,7,461,16,3,3,1,0,optimal,sha256:e027c125873a1d0eeb1c28c673dfd0de08cf4a241e11759e23471003c67ed7dc,c01,c01 c03,0,298,426,0,92962354,534311,0,90536458,497555,0,84951142,0,84951142,cluster2,cluster2,0,0,1,1,wsum,7.241481,36.756000,0.000000,,7,7,16
main|astana_clinic|S|cluster|k7|br0.5|ms3|s7,main,astana_clinic,S,4,5,cluster,7,0.5,3,7,461,16,5,3,1,0,optimal,sha256:f375df93c59caff51af9cac3b4b865ff84bc576b07da6ac6127a3a92155aca2d,c01,c01,1,298,298,0,122138283,590877,0,122138283,590877,0,84951142,0,84951142,cluster1 cluster2,cluster1 cluster2,0,0,2,2,none,0.000000,0.000000,0.000000,,7,7,16
main|astana_clinic|S|attribute|k1|br0.5|ms3|s7,main,astana_clinic,S,4,5,attribute,1,0.5,3,7,461,16,1,7,0,0,optimal,sha256:3e3a64f6f5f6ac550960f9652428e40a46c87cdc903ee15c2f0288bf567579d3,c01,c01,1,298,298,0,91393766,441283,0,91393766,441283,0,84951142,0,84951142,low_confidence,low_confidence,0,0,1,1,none,0.000000,0.000000,0.000000,,7,7,16
main|astana_clinic|S|all_disabled|k1|br0.5|ms3|s7,main,astana_clinic,S,4,5,all_disabled,1,0.5,3,7,461,16,1,16,0,0,optimal,sha256:d21a9b7aa7fabb75aa17c6f19577002302ef6fbcfe09e3dd2f0580f0a345bf1e,c01,c01 c03,0,298,426,0,391601298,1855673,0,154359610,664014,0,84951142,0,84951142,all,all,0,0,1,1,wsum,708.184143,1191.659000,0.000000,,7,7,16
main|astana_clinic|S|single|k1|br0.5|ms3|s8,main,astana_clinic,S,4,5,single,1,0.5,3,8,1098,16,1,1,0,0,optimal,sha256:d7dc0060c7ac9855bace940314a6f6de3fd4c80a34bdfb665ac7599e614586c4,c00,c02,0,895,542,0,32686813,389699,0,32186903,389699,0,30690613,0,32164313,single0,single0,0,0,1,1,wsum,2.906453,0.000000,8.568023,,6,6,16
main|astana_clinic|S|single|k3|br0.5|ms3|s8,main,astana_clinic,S,4,5,single,3,0.5,3,8,1098,16,3,1,1,0,optimal,sha256:4b23c37013bae0785e1f3507b6ab29572bf3cc82390e326dca0e74e0e92380ab,c00,c01,0,895,520,0,65264375,524702,0,60492771,440306,0,30690613,0,32164313,single0,single0,0,0,1,1,wsum,27.741884,84.396000,8.568023,,6,6,16
main|astana_clinic|S|single|k7|br0.5|ms3|s8,main,astana_clinic,S,4,5,single,7,0.5,3,8,1098,16,7,1,6,0,optimal,sha256:e5ad4eb1c87dd4cd11ec47f26c3917d51dee7aab9734dc1f1e0b682d9e76631b,c00,c00,1,895,895,0,30690613,389699,0,30690613,389699,0,30690613,0,30690613,base single0 single1 single2 single3 single4 single5 single6,base single0 single1 single2 single3 single4 single5 single6,1,1,8,8,none,0.000000,0.000000,0.000000,,6,6,16
main|astana_clinic|S|pair|k1|br0.5|ms3|s8,main,astana_clinic,S,4,5,pair,1,0.5,3,8,1098,16,1,2,1,1,optimal,sha256:20de61e7d24fedff1ec2c81272ffb0056294f5dc020cd12997c6ba828efd90d9,c00,c00,1,895,895,0,30690613,389699,0,30690613,389699,0,30690613,0,30690613,base pair0,base pair0,1,1,2,2,none,0.000000,0.000000,0.000000,,6,6,16
main|astana_clinic|S|pair|k3|br0.5|ms3|s8,main,astana_clinic,S,4,5,pair,3,0.5,3,8,1098,16,3,2,0,0,optimal,sha256:faa08fb29eea57113a392340fec16116b8e7e9827ce960049e3ee39ff8a59157,c00,c00,1,895,895,0,31291843,389699,0,31291843,389699,0,30690613,0,30690613,pair1,pair1,0,0,1,1,none,0.000000,0.000000,0.000000,,6,6,16
main|astana_clinic|S|pair|k7|br0.5|ms3|s8,main,astana_clinic,S,4,5,pair,7,0.5,3,8,1098,16,7,2,5,0,optimal,sha256:91a7399baf1d2dc04e6aee0ca964e2c46e3a9bac8f5184e0e2e59cc3a7b84f90,c00,c00,1,895,895,0,30887218,393554,0,30887218,393554,0,30690613,0,30690613,pair2,pair2,0,0,1,1,none,0.000000,0.000000,0.000000,,6,6,16
main|astana_clinic|S|cluster|k1|br0.5|ms3|s8,main,astana_clinic,S,4,5,cluster,1,0.5,3,8,1098,16,1,3,0,0,optimal,sha256:8ff25bb9df39655224f2a7e2d292427da3eb169520f7514e099379036ce8d2dc,c00,c00,1,895,895,0,65460980,524702,0,65460980,524702,0,30690613,0,30690613,cluster0,cluster0,0,0,1,1,none,0.000000,0.000000,0.000000,,6,6,16
main|astana_clinic|S|cluster|k3|br0.5|ms3|s8,main,astana_clinic,S,4,5,cluster,3,0.5,3,8,1098,16,3,3,2,0,optimal,sha256:c4cd35ec0aff22a5718d875ce6ef4205206a082671ae1736e5e753f51945e1d0,c00,c00,1,895,895,0,30887218,393554,0,30887218,393554,0,30690613,0,30690613,cluster2,cluster2,0,0,1,1,none,0.000000,0.000000,0.000000,,6,6,16
main|astana_clinic|S|cluster|k7|br0.5|ms3|s8,main,astana_clinic,S,4,5,cluster,7,0.5,3,8,1098,16,5,3,2,0,optimal,sha256:0d371bedc650534c5d12ddd78e89b1540f31d58c54d9ecb887f9513ad64658e8,c00,c01,0,895,520,0,81869605,749097,0,60492771,440306,0,30690613,0,32164313,cluster0 cluster3,cluster0 cluster3,0,0,2,2,wsum,124.283919,308.791000,8.568023,,6,6,16
main|astana_clinic|S|attribute|k1|br0.5|ms3|s8,main,astana_clinic,S,4,5,attribute,1,0.5,3,8,1098,16,1,7,0,0,optimal,sha256:48563853d45d4eda3ec61b56b2429a9841271f3d3938cf98203591bbd768464b,c00,c01 c02,0,895,1062,0,67260575,524702,0,60515361,440306,0,30690613,0,32164313,low_confidence,low_confidence,0,0,1,1,wsum,39.216360,84.396000,8.568023,,6,6,16
main|astana_clinic|S|all_disabled|k1|br0.5|ms3|s8,main,astana_clinic,S,4,5,all_disabled,1,0.5,3,8,1098,16,1,16,0,0,optimal,sha256:9a32f020a3a1a201c02ccfd97e0c405c486d1e40537cf6c007b3bc5b931d8906,c00,c01 c02,0,895,1062,0,141485280,1585260,0,87321997,847784,0,30690613,0,32164313,all,all,0,0,1,1,wsum,314.902808,737.476000,8.568023,,6,6,16
main|astana_clinic|S|single|k1|br0.5|ms3|s9,main,astana_clinic,S,4,5,single,1,0.5,3,9,979,16,1,1,0,0,optimal,sha256:c22e1bf02541a659cfab6a04951ec515bd204e17269a2c6b4eed40bacdbafc9f,c00,c00,1,713,713,0,67416469,745798,0,67416469,745798,0,67416469,0,67416469,base single0,base single0,1,1,2,2,none,0.000000,0.000000,0.000000,,6,6,16
main|astana_clinic|S|single|k3|br0.5|ms3|s9,main,astana_clinic,S,4,5,single,3,0.5,3,9,979,16,3,1,3,1,optimal,sha256:f12d55be1a9a3b1cc7c1d174a5e1aac172edaca4ebea3f3f160cb76f02a28ea8,c00,c00,1,713,713,0,67416469,745798,0,67416469,745798,0,67416469,0,67416469,base single0 single1 single2,base single0 single1 single2,1,1,4,4,none,0.000000,0.000000,0.000000,,6,6,16
main|astana_clinic|S|single|k7|br0.5|ms3|s9,main,astana_clinic,S,4,5,single,7,0.5,3,9,979,16,7,1,6,0,optimal,sha256:229601b8350e8e15ce109518d4cdae73a522c2d0bc0d61b4678fa6aae3125993,c00,c00,1,713,713,0,90720445,745798,0,90720445,745798,0,67416469,0,67416469,single2,single2,0,0,1,1,none,0.000000,0.000000,0.000000,,6,6,16
main|astana_clinic|S|pair|k1|br0.5|ms3|s9,main,astana_clinic,S,4,5,pair,1,0.5,3,9,979,16,1,2,0,0,optimal,sha256:00850bc37b64f06770719e2c63d185ec377af3ed59bb1c23b7c6e9a6335317d5,c00,c00,1,713,713,0,70116508,745798,0,70116508,745798,0,67416469,0,67416469,pair0,pair0,0,0,1,1,none,0.000000,0.000000,0.000000,,6,6,16
main|astana_clinic|S|pair|k3|br0.5|ms3|s9,main,astana_clinic,S,4,5,pair,3,0.5,3,9,979,16,3,2,2,0,optimal,sha256:360b45e780ce85e350c4b74c9ddd193636adb5d699f13df4ae14f18090314cf1,c00,c00,1,713,713,0,90720445,745798,0,90720445,745798,0,67416469,0,67416469,pair1,pair1,0,0,1,1,none,0.000000,0.000000,0.000000,,6,6,16
main|astana_clinic|S|pair|k7|br0.5|ms3|s9,main,astana_clinic,S,4,5,pair,7,0.5,3,9,979,16,7,2,4,0,optimal,sha256:3a7aebfa9d51835bb8509026d834898dad69c0a507ad374cbf4c0012d2b7c357,c00,c00,1,713,713,0,90720445,745798,0,90720445,745798,0,67416469,0,67416469,pair2 pair4,pair2 pair4,0,0,2,2,none,0.000000,0.000000,0.000000,,6,6,16
main|astana_clinic|S|cluster|k1|br0.5|ms3|s9,main,astana_clinic,S,4,5,cluster,1,0.5,3,9,979,16,1,3,0,0,optimal,sha256:91f64d496223bb52665051395ced702d020a4ddbfe00ebe44846488e8e0a1bd1,c00,c02,0,713,489,0,109226017,745798,0,107699251,805596,0,67416469,0,71064147,cluster0,cluster0,0,0,1,1,wsum,7.375681,-59.798000,17.621633,,6,6,16
main|astana_clinic|S|cluster|k3|br0.5|ms3|s9,main,astana_clinic,S,4,5,cluster,3,0.5,3,9,979,16,3,3,2,0,optimal,sha256:441d7078a20b1e8244356b8592c6ba0bea5879e502c208ad569b2b742ff6ffed,c00,c00,1,713,713,0,70447869,745798,0,70447869,745798,0,67416469,0,67416469,cluster2,cluster2,0,0,1,1,none,0.000000,0.000000,0.000000,,6,6,16
main|astana_clinic|S|cluster|k7|br0.5|ms3|s9,main,astana_clinic,S,4,5,cluster,7,0.5,3,9,979,16,5,3,5,0,optimal,sha256:8fe02d31f7cbba91192b6861301ca54f5c0be19c17ac243ac738c1773fcc28c2,c00,c00,1,713,713,0,98541107,745798,0,98541107,745798,0,67416469,0,67416469,cluster6,cluster6,0,0,1,1,none,0.000000,0.000000,0.000000,,6,6,16
main|astana_clinic|S|attribute|k1|br0.5|ms3|s9,main,astana_clinic,S,4,5,attribute,1,0.5,3,9,979,16,1,7,0,0,optimal,sha256:9e544b59c3d1360a79d0bfcecf1e33566dfc71765e7e85c1ab13e0542002321b,c00,c00,1,713,713,0,70116508,745798,0,70116508,745798,0,67416469,0,67416469,low_confidence,low_confidence,0,0,1,1,none,0.000000,0.000000,0.000000,,6,6,16
main|astana_clinic|S|all_disabled|k1|br0.5|ms3|s9,main,astana_clinic,S,4,5,all_disabled,1,0.5,3,9,979,16,1,16,0,0,optimal,sha256:8fbc06708a6b4c583499aa4c9c22149454b7d29b9f15071c3e438739188eca77,c00,c02 c03,0,713,868,0,281485442,1817271,0,157763570,1216058,0,67416469,0,71064147,all,all,0,0,1,1,wsum,597.690203,601.213000,17.621633,,6,6,16
main|astana_clinic|S|single|k1|br1.0|ms3|s0,main,astana_clinic,S,4,5,single,1,1.0,3,0,2261,16,1,1,1,1,optimal,sha256:ea9d0dab8c8ff1a01bf11ef92ba991d361646f49df5fee4711da5895b0b5d351,c02,c02,1,906,906,0,62082779,354655,0,62082779,354655,0,62082779,0,62082779,base single0,base single0,1,1,2,2,none,0.000000,0.000000,0.000000,,15,15,16
main|astana_clinic|S|single|k3|br1.0|ms3|s0,main,astana_clinic,S,4,5,single,3,1.0,3,0,2261,16,3,1,3,1,optimal,sha256:f3e478bf6303a7fde77fcb588fa3dfda2c040dc84da90d0409a18cc0af866252,c02,c02,1,906,906,0,62082779,354655,0,62082779,354655,0,62082779,0,62082779,base single0 single1 single2,base single0 single1 single2,1,1,4,4,none,0.000000,0.000000,0.000000,,15,15,16
main|astana_clinic|S|single|k7|br1.0|ms3|s0,main,astana_clinic,S,4,5,single,7,1.0,3,0,2261,16,7,1,5,0,optimal,sha256:3888275aca3d97b99d865fca0c6852f191a89725c254d96ed2abd53705c3a16e,c02,c02,1,906,906,0,62082779,354655,0,62082779,354655,0,62082779,0,62082779,base single0 single1 single2 single3 single4 single5 single6,base single0 single1 single2 single3 single4 single5 single6,1,1,8,8,none,0.000000,0.000000,0.000000,,15,15,16
main|astana_clinic|S|pair|k1|br1.0|ms3|s0,main,astana_clinic,S,4,5,pair,1,1.0,3,0,2261,16,1,2,0,0,optimal,sha256:d489e4d91368ad3324f8eedc24d7e2eab20767cf80f4503f29abd9a1c703c891,c02,c02,1,906,906,0,69561811,384581,0,69561811,384581,0,62082779,0,62082779,pair0,pair0,0,0,1,1,none,0.000000,0.000000,0.000000,,15,15,16
main|astana_clinic|S|pair|k3|br1.0|ms3|s0,main,astana_clinic,S,4,5,pair,3,1.0,3,0,2261,16,3,2,2,0,optimal,sha256:acb5440772d9b575440c3ea093d2512c2b108d37ac54ff73f24e26f6eeb8ca4f,c02,c02,1,906,906,0,69561811,384581,0,69561811,384581,0,62082779,0,62082779,pair2,pair2,0,0,1,1,none,0.000000,0.000000,0.000000,,15,15,16
main|astana_clinic|S|pair|k7|br1.0|ms3|s0,main,astana_clinic,S,4,5,pair,7,1.0,3,0,2261,16,7,2,6,0,optimal,sha256:20d3cca5e37f3b4e9d1a985e9361ece76ef79ebb7c99ca80204627923e8451ed,c02,c02,1,906,906,0,69561811,384581,0,69561811,384581,0,62082779,0,62082779,pair6,pair6,0,0,1,1,none,0.000000,0.000000,0.000000,,15,15,16
main|astana_clinic|S|cluster|k1|br1.0|ms3|s0,main,astana_clinic,S,4,5,cluster,1,1.0,3,0,2261,16,1,3,1,1,optimal,sha256:338038930d14e0c568f1383b389d8fb8fe0358754e3b1b4c7d9a0c79feb69e28,c02,c02,1,906,906,0,62082779,354655,0,62082779,354655,0,62082779,0,62082779,base cluster0,base cluster0,1,1,2,2,none,0.000000,0.000000,0.000000,,15,15,16
main|astana_clinic|S|cluster|k3|br1.0|ms3|s0,main,astana_clinic,S,4,5,cluster,3,1.0,3,0,2261,16,3,3,0,0,optimal,sha256:9ffc9492b2bfcdfab2669688f64ea38e5fde9a38ba9e8be80383d9c453a0c683,c02,c02,1,906,906,0,76565863,543764,0,76565863,543764,0,62082779,0,62082779,cluster1,cluster1,0,0,1,1,none,0.000000,0.000000,0.000000,,15,15,16
main|astana_clinic|S|cluster|k7|br1.0|ms3|s0,main,astana_clinic,S,4,5,cluster,7,1.0,3,0,2261,16,5,3,2,0,optimal,sha256:dd066bd7e14ac6c23777d30f8d4f0f0c68846e2248ddfb90255e806d0420a023,c02,c02,1,906,906,0,82932787,384581,0,82932787,384581,0,62082779,0,62082779,cluster3,cluster3,0,0,1,1,none,0.000000,0.000000,0.000000,,15,15,16
main|astana_clinic|S|attribute|k1|br1.0|ms3|s0,main,astana_clinic,S,4,5,attribute,1,1.0,3,0,2261,16,1,7,0,0,optimal,sha256:d4453c22d3c29fca168a14c56735adeeb189b93974b32e5de10ac9687fc19316,c02,c02,1,906,906,0,62082779,354655,0,62082779,354655,0,62082779,0,62082779,base low_confidence,base low_confidence,1,1,2,2,none,0.000000,0.000000,0.000000,,15,15,16
main|astana_clinic|S|all_disabled|k1|br1.0|ms3|s0,main,astana_clinic,S,4,5,all_disabled,1,1.0,3,0,2261,16,1,16,0,0,optimal,sha256:e1c9393aded6714f1c8129d70b9a33f4e87de126b98c8a199bbce380a7f50742,c02,c00 c02 c03,0,906,2028,0,253064619,1975431,0,118359363,546633,0,62082779,0,62082779,all,all,0,0,1,1,wsum,479.378135,1428.798000,0.000000,,15,15,16
main|astana_clinic|S|single|k1|br1.0|ms3|s1,main,astana_clinic,S,4,5,single,1,1.0,3,1,1030,16,1,1,1,1,optimal,sha256:f50158b8d6b551e05576b0b038c46da4debdc5b52664c463315c4ac92cb3584c,c00,c00,1,137,137,0,82631454,319154,0,82631454,319154,0,82631454,0,82631454,base single0,base single0,1,1,2,2,none,0.000000,0.000000,0.000000,,15,15,16
main|astana_clinic|S|single|k3|br1.0|ms3|s1,main,astana_clinic,S,4,5,single,3,1.0,3,1,1030,16,3,1,3,1,optimal,sha256:f788309605ce6f9efb0436ee8cc9adf18b61391e16f52ea9981f542fc55a1d4e,c00,c00,1,137,137,0,82631454,319154,0,82631454,319154,0,82631454,0,82631454,base single0 single1 single2,base single0 single1 single2,1,1,4,4,none,0.000000,0.000000,0.000000,,15,15,16
main|astana_clinic|S|single|k7|br1.0|ms3|s1,main,astana_clinic,S,4,5,single,7,1.0,3,1,1030,16,7,1,6,0,optimal,sha256:10054ac207ce3c5ba7859d6476052f2bcd43089cf0e408404fe34a993e88427a,c00,c00,1,137,137,0,82631454,319154,0,82631454,319154,0,82631454,0,82631454,base single0 single1 single2 single3 single4 single5 single6,base single0 single1 single2 single3 single4 single5 single6,1,1,8,8,none,0.000000,0.000000,0.000000,,15,15,16
main|astana_clinic|S|pair|k1|br1.0|ms3|s1,main,astana_clinic,S,4,5,pair,1,1.0,3,1,1030,16,1,2,1,1,optimal,sha256:a0c054b131fbd26f1d8b174f047d52b2690973b34305f6a1e9eef72e2eeddeae,c00,c00,1,137,137,0,82631454,319154,0,82631454,319154,0,82631454,0,82631454,base pair0,base pair0,1,1,2,2,none,0.000000,0.000000,0.000000,,15,15,16
main|astana_clinic|S|pair|k3|br1.0|ms3|s1,main,astana_clinic,S,4,5,pair,3,1.0,3,1,1030,16,3,2,3,1,optimal,sha256:894c99dc862211635291cbb67424ab09263db8d65f5f9309c25da43050edc1b0,c00,c00,1,137,137,0,82631454,319154,0,82631454,319154,0,82631454,0,82631454,base pair0 pair1 pair2,base pair0 pair1 pair2,1,1,4,4,none,0.000000,0.000000,0.000000,,15,15,16
main|astana_clinic|S|pair|k7|br1.0|ms3|s1,main,astana_clinic,S,4,5,pair,7,1.0,3,1,1030,16,6,2,3,0,optimal,sha256:c8a58da00a548b943ab860c71c98e25ee25751707efdfa25b1867f4e41bf7285,c00,c00,1,137,137,0,84369246,337256,0,84369246,337256,0,82631454,0,82631454,pair3 pair6,pair3 pair6,0,0,2,2,none,0.000000,0.000000,0.000000,,15,15,16
main|astana_clinic|S|cluster|k1|br1.0|ms3|s1,main,astana_clinic,S,4,5,cluster,1,1.0,3,1,1030,16,1,3,0,0,optimal,sha256:4430fa0267a526734490fd5885e525a05327b46e68c232dad7fd47d73e76f54b,c00,c00,1,137,137,0,82631454,319154,0,82631454,319154,0,82631454,0,82631454,base cluster0,base cluster0,1,1,2,2,none,0.000000,0.000000,0.000000,,15,15,16
main|astana_clinic|S|cluster|k3|br1.0|ms3|s1,main,astana_clinic,S,4,5,cluster,3,1.0,3,1,1030,16,3,3,0,0,optimal,sha256:5335a49eb3aeffc9ab9bc9ceed7f3a74a4151f2f01dbdac41283259dba7226cb,c00,c00 c03,0,137,729,0,134580318,860288,0,93728094,434744,0,82631454,0,82631454,cluster2,cluster2,0,0,1,1,wsum,107.789509,425.544000,0.000000,,15,15,16
main|astana_clinic|S|cluster|k7|br1.0|ms3|s1,main,astana_clinic,S,4,5,cluster,7,1.0,3,1,1030,16,5,3,4,0,optimal,sha256:78560cf37f2acb21aec221f06aab92402bc6a80a02bd3bd03c7bbcdaa0b26445,c00,c00 c03,0,137,729,0,134580318,860288,0,93728094,434744,0,82631454,0,82631454,cluster3,cluster3,0,0,1,1,wsum,107.789509,425.544000,0.000000,,15,15,16
main|astana_clinic|S|attribute|k1|br1.0|ms3|s1,main,astana_clinic,S,4,5,attribute,1,1.0,3,1,1030,16,1,7,0,0,optimal,sha256:0150bace75204ce5e6afdd149fc28a0eb6a46b6004d0b93c1efa2ce6a2ba31c8,c00,c00,1,137,137,0,86682695,337256,0,86682695,337256,0,82631454,0,82631454,low_confidence,low_confidence,0,0,1,1,none,0.000000,0.000000,0.000000,,15,15,16
main|astana_clinic|S|all_disabled|k1|br1.0|ms3|s1,main,astana_clinic,S,4,5,all_disabled,1,1.0,3,1,1030,16,1,16,0,0,optimal,sha256:37a4db5b8455c84aabac437fc1e8727278ba9671064d1d13c2decffcbc1544c0,c00,c00 c02 c03,0,137,1026,0,327696031,1209520,0,162256829,652450,0,82631454,0,82631454,all,all,0,0,1,1,wsum,436.515045,557.070000,0.000000,,15,15,16
main|astana_clinic|S|single|k1|br1.0|ms3|s2,main,astana_clinic,S,4,5,single,1,1.0,3,2,1493,16,1,1,1,1,optimal,sha256:757e19985a5a50e3e236ef16184b4245ebc2500ae1bf6494bc9d09fb2ee1d977,,,1,0,0,0,33132874,482908,0,33132874,482908,0,33132874,0,33132874,base single0,base single0,1,1,2,2,none,0.000000,0.000000,0.000000,,15,15,16
main|astana_clinic|S|single|k3|br1.0|ms3|s2,main,astana_clinic,S,4,5,single,3,1.0,3,2,1493,16,3,1,1,0,optimal,sha256:d5856077894ba93813accc6ededf2cbb0e64e90e58a21e7a33b843ee9fe89f95,,c02,0,0,334,0,35039044,482908,0,34215319,482908,0,33132874,0,33132874,single2,single2,0,0,1,1,wsum,5.180660,0.000000,0.000000,,15,15,16
main|astana_clinic|S|single|k7|br1.0|ms3|s2,main,astana_clinic,S,4,5,single,7,1.0,3,2,1493,16,7,1,5,0,optimal,sha256:06d199c32a4287734b34c29164db86f1e1951290c44415144510a274d7525b0d,,c02,0,0,334,0,35391634,482908,0,34268484,482908,0,33132874,0,33132874,single3,single3,0,0,1,1,wsum,7.063836,0.000000,0.000000,,15,15,16
main|astana_clinic|S|pair|k1|br1.0|ms3|s2,main,astana_clinic,S,4,5,pair,1,1.0,3,2,1493,16,1,2,1,1,optimal,sha256:bae0ce1dacae1eab503750e762f8ab2f35f61d4b4c63cd5b0369f7fc23768410,,,1,0,0,0,33132874,482908,0,33132874,482908,0,33132874,0,33132874,base pair0,base pair0,1,1,2,2,none,0.000000,0.000000,0.000000,,15,15,16
main|astana_clinic|S|pair|k3|br1.0|ms3|s2,main,astana_clinic,S,4,5,pair,3,1.0,3,2,1493,16,3,2,0,0,optimal,sha256:4dc778a2818b31246492560e6dbe6d24e80de6d4cc76acb717a84aa96bb35468,,c01 c02,0,0,706,0,57128635,563774,0,52164609,482908,0,33132874,0,33132874,pair0,pair0,0,0,1,1,wsum,31.220289,80.866000,0.000000,,15,15,16
main|astana_clinic|S|pair|k7|br1.0|ms3|s2,main,astana_clinic,S,4,5,pair,7,1.0,3,2,1493,16,6,2,2,0,optimal,sha256:f0267199b6be355d69831a67be0376798d564c999000d59c17e32824a0fd675f,,c01,0,0,372,0,54869875,563774,0,51028999,482908,0,33132874,0,33132874,pair0,pair0,0,0,1,1,wsum,24.156453,80.866000,0.000000,,15,15,16
main|astana_clinic|S|cluster|k1|br1.0|ms3|s2,main,astana_clinic,S,4,5,cluster,1,1.0,3,2,1493,16,1,3,1,1,optimal,sha256:30c8f3163170a00e3bb718d3d8f7a5bfa616cb752e6f5ecd945d253a8151685b,,,1,0,0,0,33132874,482908,0,33132874,482908,0,33132874,0,33132874,base cluster0,base cluster0,1,1,2,2,none,0.000000,0.000000,0.000000,,15,15,16
main|astana_clinic|S|cluster|k3|br1.0|ms3|s2,main,astana_clinic,S,4,5,cluster,3,1.0,3,2,1493,16,3,3,1,0,optimal,sha256:7eaaed4b5200574261bb1e4fbd354a329857f1adce56e0a101adff6fec2217d4,,c01,0,0,372,0,63200316,1122489,0,52965999,967158,0,33132874,0,33132874,cluster2,cluster2,0,0,1,1,wsum,64.366774,155.331000,0.000000,,15,15,16
main|astana_clinic|S|cluster|k7|br1.0|ms3|s2,main,astana_clinic,S,4,5,cluster,7,1.0,3,2,1493,16,5,3,4,0,optimal,sha256:1c583515845a0d9ee78e39c08ba3d614bcf071dfa3a1f3f5cc2474940e0e8870,,c01 c02,0,0,706,0,60910976,652390,0,51028999,482908,0,33132874,0,33132874,cluster1,cluster2,0,0,1,1,wsum,62.150799,169.482000,0.000000,,15,15,16
main|astana_clinic|S|attribute|k1|br1.0|ms3|s2,main,astana_clinic,S,4,5,attribute,1,1.0,3,2,1493,16,1,7,0,0,optimal,sha256:4e0f6f05c5d1a51e39595de742698b8961dc68864d910f66e580e5a0c792423e,,c01,0,0,372,0,59508975,563774,0,55668099,482908,0,33132874,0,33132874,low_confidence,low_confidence,0,0,1,1,wsum,24.156453,80.866000,0.000000,,15,15,16
main|astana_clinic|S|all_disabled|k1|br1.0|ms3|s2,main,astana_clinic,S,4,5,all_disabled,1,1.0,3,2,1493,16,1,16,0,0,optimal,sha256:d21ca5e0dd9062b966222c7bead0ac9cc00b35cc6dac28d92d8a915af0f55353,,c01 c02,0,0,706,5,0,,0,62479884,967158,0,33132874,0,33132874,all,all,0,0,1,1,unknown,,,0.000000,,15,15,16
main|astana_clinic|S|single|k1|br1.0|ms3|s3,main,astana_clinic,S,4,5,single,1,1.0,3,3,2195,16,1,1,1,1,optimal,sha256:0fbe94fab581270a6dd377e00fbf8f09b9ec14fe5ea7354e030de8ae15657c8d,c01,c01,1,908,908,0,77663278,419790,0,77663278,419790,0,77663278,0,77663278,base single0,base single0,1,1,2,2,none,0.000000,0.000000,0.000000,,15,15,16
main|astana_clinic|S|single|k3|br1.0|ms3|s3,main,astana_clinic,S,4,5,single,3,1.0,3,3,2195,16,3,1,3,1,optimal,sha256:af3bae22b5bd5a7c7ea579fac665b818e5a76c01dc97647c03b0c4e28de3cbda,c01,c01,1,908,908,0,77663278,419790,0,77663278,419790,0,77663278,0,77663278,base single0 single1 single2,base single0 single1 single2,1,1,4,4,none,0.000000,0.000000,0.000000,,15,15,16
main|astana_clinic|S|single|k7|br1.0|ms3|s3,main,astana_clinic,S,4,5,single,7,1.0,3,3,2195,16,7,1,5,0,optimal,sha256:ffdbb6a7e462c09464e6429687bd556b98c776eec96ef273e5c0c093814e0791,c01,c01 c02,0,908,1338,0,104659681,698748,0,97347551,625030,0,77663278,0,77663278,single4,single4,0,0,1,1,wsum,28.451868,73.718000,0.000000,,15,15,16
main|astana_clinic|S|pair|k1|br1.0|ms3|s3,main,astana_clinic,S,4,5,pair,1,1.0,3,3,2195,16,1,2,0,0,optimal,sha256:38528010f08f7e4144aaff6092b7992d61622ba6461c6b37cc917d7f51180a0e,c01,c01,1,908,908,0,84648676,419790,0,84648676,419790,0,77663278,0,77663278,pair0,pair0,0,0,1,1,none,0.000000,0.000000,0.000000,,15,15,16
main|astana_clinic|S|pair|k3|br1.0|ms3|s3,main,astana_clinic,S,4,5,pair,3,1.0,3,3,2195,16,3,2,3,1,optimal,sha256:59e213426a40bdf4f053b6135d8d62e723878a89ed4c787915e671b141d0b39f,c01,c01,1,908,908,0,77663278,419790,0,77663278,419790,0,77663278,0,77663278,base pair0 pair1 pair2,base pair0 pair1 pair2,1,1,4,4,none,0.000000,0.000000,0.000000,,15,15,16
main|astana_clinic|S|pair|k7|br1.0|ms3|s3,main,astana_clinic,S,4,5,pair,7,1.0,3,3,2195,16,7,2,7,1,optimal,sha256:38224117b642df249d0598ccab4f099146c4bb2752b79837571ef308173b19da,c01,c01,1,908,908,0,77663278,419790,0,77663278,419790,0,77663278,0,77663278,base pair0 pair1 pair2 pair3 pair4 pair5 pair6,base pair0 pair1 pair2 pair3 pair4 pair5 pair6,1,1,8,8,none,0.000000,0.000000,0.000000,,15,15,16
main|astana_clinic|S|cluster|k1|br1.0|ms3|s3,main,astana_clinic,S,4,5,cluster,1,1.0,3,3,2195,16,1,3,1,1,optimal,sha256:141ed6cdafd9ceaca76f2481578c9244eb1ac5dc5a3d12499a811013cdd77a95,c01,c01,1,908,908,0,77663278,419790,0,77663278,419790,0,77663278,0,77663278,base cluster0,base cluster0,1,1,2,2,none,0.000000,0.000000,0.000000,,15,15,16
main|astana_clinic|S|cluster|k3|br1.0|ms3|s3,main,astana_clinic,S,4,5,cluster,3,1.0,3,3,2195,16,2,3,1,0,optimal,sha256:76515cb8b072f4d3ba1ec7ed32ec76b7d47dc0e2fa4eb651841bf4b01ea4cd6a,c01,c01 c02,0,908,1338,0,144504757,1158987,0,106468752,625030,0,77663278,0,77663278,cluster1 cluster2,cluster1 cluster2,0,0,2,2,wsum,148.000019,533.957000,0.000000,,15,15,16
main|astana_clinic|S|cluster|k7|br1.0|ms3|s3,main,astana_clinic,S,4,5,cluster,7,1.0,3,3,2195,16,6,3,3,0,optimal,sha256:fce27e29645b7c3255232feb485f1cdc0d82d67628daf6338bbdd612319af22c,c01,c01 c02,0,908,1338,0,144504757,1158987,0,106468752,625030,0,77663278,0,77663278,cluster0,cluster0,0,0,1,1,wsum,148.000019,533.957000,0.000000,,15,15,16
main|astana_clinic|S|attribute|k1|br1.0|ms3|s3,main,astana_clinic,S,4,5,attribute,1,1.0,3,3,2195,16,1,7,0,0,optimal,sha256:d79eb3820a9cab8cd3d0b41ff50b3558c690faa3eabef8dbb5dc44cf82e6ab04,c01,c01,1,908,908,0,77663278,419790,0,77663278,419790,0,77663278,0,77663278,base low_confidence,base low_confidence,1,1,2,2,none,0.000000,0.000000,0.000000,,15,15,16
main|astana_clinic|S|all_disabled|k1|br1.0|ms3|s3,main,astana_clinic,S,4,5,all_disabled,1,1.0,3,3,2195,16,1,16,0,0,optimal,sha256:d4660ff9f61b81e1bfdece4d9ab9f92cd399b463ae099bf8a76717582676402b,c01,c01 c02 c03,0,908,1974,0,334744449,2171948,0,126860203,625030,0,77663278,0,77663278,all,all,0,0,1,1,wsum,808.888117,1546.918000,0.000000,,15,15,16
main|astana_clinic|S|single|k1|br1.0|ms3|s4,main,astana_clinic,S,4,5,single,1,1.0,3,4,2512,16,1,1,0,0,optimal,sha256:c870119dab3db84a2e1e16e3ba27cc9832e50995acc6fe89ca9e618c9efb27c5,,,1,0,0,0,66723971,553687,0,66723971,553687,0,63534860,0,63534860,single0,single0,0,0,1,1,none,0.000000,0.000000,0.000000,,15,15,16
main|astana_clinic|S|single|k3|br1.0|ms3|s4,main,astana_clinic,S,4,5,single,3,1.0,3,4,2512,16,3,1,2,0,optimal,sha256:2dfdc2b34b77c1037325fa2eb85928dc2eac692f32ffcc0c566e14f8b63e7f03,,,1,0,0,0,72369920,553687,0,72369920,553687,0,63534860,0,63534860,single0,single0,0,0,1,1,none,0.000000,0.000000,0.000000,,15,15,16
main|astana_clinic|S|single|k7|br1.0|ms3|s4,main,astana_clinic,S,4,5,single,7,1.0,3,4,2512,16,7,1,4,0,optimal,sha256:b831e4ca1eb6e4e81b857cdeba72790f8c513e83c7a9221b64ee08577460dfff,,c00,0,0,567,0,74573390,553687,0,72369920,553687,0,63534860,0,63534860,single1,single4,0,0,1,1,wsum,6.929151,0.000000,0.000000,,15,15,16
main|astana_clinic|S|pair|k1|br1.0|ms3|s4,main,astana_clinic,S,4,5,pair,1,1.0,3,4,2512,16,1,2,0,0,optimal,sha256:e9f5d11ceca52fd02f557dd937e6a49dd8f3a5854ed5ba751188b3fa8ca8c38f,,,1,0,0,0,72369920,553687,0,72369920,553687,0,63534860,0,63534860,pair0,pair0,0,0,1,1,none,0.000000,0.000000,0.000000,,15,15,16
main|astana_clinic|S|pair|k3|br1.0|ms3|s4,main,astana_clinic,S,4,5,pair,3,1.0,3,4,2512,16,3,2,1,0,optimal,sha256:69ec20fc0548ed22db2d0d2e01bd46a64644faa15d745bac32c86d9ec10561af,,,1,0,0,0,77765885,553687,0,77765885,553687,0,63534860,0,63534860,pair0 pair1,pair0 pair1,0,0,2,2,none,0.000000,0.000000,0.000000,,15,15,16
main|astana_clinic|S|pair|k7|br1.0|ms3|s4,main,astana_clinic,S,4,5,pair,7,1.0,3,4,2512,16,7,2,1,0,optimal,sha256:ea62391ccbead48df392fbc7adb6a4f695ba6273e8753592d78b051221ff6e26,,c03,0,0,789,0,73041200,595642,0,72944384,589591,0,63534860,0,63534860,pair5,pair5,0,0,1,1,wsum,0.304453,6.051000,0.000000,,15,15,16
main|astana_clinic|S|cluster|k1|br1.0|ms3|s4,main,astana_clinic,S,4,5,cluster,1,1.0,3,4,2512,16,1,3,0,0,optimal,sha256:603d4b873fe7b25e36ae5db0bfc90b00d99d8eefd289af63eea040e820ed997b,,,1,0,0,0,100449140,969833,0,100449140,969833,0,63534860,0,63534860,cluster0,cluster0,0,0,1,1,none,0.000000,0.000000,0.000000,,15,15,16
main|astana_clinic|S|cluster|k3|br1.0|ms3|s4,main,astana_clinic,S,4,5,cluster,3,1.0,3,4,2512,16,3,3,1,0,optimal,sha256:2cc7a236721287bbbc2392c5a866e16c20f9116adcf30795769794865fd130ba,,c03,0,0,789,0,65907420,701972,0,64109324,589591,0,63534860,0,63534860,cluster0 cluster1,cluster0 cluster1,0,0,2,2,wsum,5.654390,112.381000,0.000000,,15,15,16
main|astana_clinic|S|cluster|k7|br1.0|ms3|s4,main,astana_clinic,S,4,5,cluster,7,1.0,3,4,2512,16,7,3,1,0,optimal,sha256:9a5f76bd7defd75a5290ea7ebdd6389389107c37d6f73c11113e5ce77a2343b4,,,1,0,0,0,100449140,969833,0,100449140,969833,0,63534860,0,63534860,cluster6,cluster6,0,0,1,1,none,0.000000,0.000000,0.000000,,15,15,16
main|astana_clinic|S|attribute|k1|br1.0|ms3|s4,main,astana_clinic,S,4,5,attribute,1,1.0,3,4,2512,16,1,7,0,0,optimal,sha256:6235921a6dbd1ab59cf66bd66a1f1805fde51b420c29a4137ab4ef970a3171bb,,c03,0,0,789,0,92162616,701972,0,90364520,589591,0,63534860,0,63534860,low_confidence,low_confidence,0,0,1,1,wsum,5.654390,112.381000,0.000000,,15,15,16
main|astana_clinic|S|all_disabled|k1|br1.0|ms3|s4,main,astana_clinic,S,4,5,all_disabled,1,1.0,3,4,2512,16,1,16,0,0,optimal,sha256:0b569eb64ca2f2d275f3f89647424879499ecad67afae0d7f623a86c7579df57,,c00 c02 c03,0,0,2219,5,0,,0,199812157,1309122,0,63534860,0,63534860,all,all,0,0,1,1,unknown,,,0.000000,,15,15,16
main|astana_clinic|S|single|k1|br1.0|ms3|s5,main,astana_clinic,S,4,5,single,1,1.0,3,5,1611,16,1,1,1,1,optimal,sha256:215b171240a3640340ac9d6c2d932fb5fc871de0fe6ed8f1a078f8e28636db93,c01,c01,1,772,772,0,69157870,498624,0,69157870,498624,0,69157870,0,69157870,base single0,base single0,1,1,2,2,none,0.000000,0.000000,0.000000,,15,15,16
main|astana_clinic|S|single|k3|br1.0|ms3|s5,main,astana_clinic,S,4,5,single,3,1.0,3,5,1611,16,3,1,2,0,optimal,sha256:d76b1302eb6bfe7b9066b1c88d92d09c155be43aa50e31151d40e2b8d417cce4,c01,c01,1,772,772,0,71790320,516701,0,71790320,516701,0,69157870,0,69157870,single1,single1,0,0,1,1,none,0.000000,0.000000,0.000000,,15,15,16
main|astana_clinic|S|single|k7|br1.0|ms3|s5,main,astana_clinic,S,4,5,single,7,1.0,3,5,1611,16,7,1,7,1,optimal,sha256:105ed9bc1652022a0aebddb577c6f812ca316d0bf90c47302994ab4077e0db43,c01,c01,1,772,772,0,69157870,498624,0,69157870,498624,0,69157870,0,69157870,base single0 single1 single2 single3 single4 single5 single6,base single0 single1 single2 single3 single4 single5 single6,1,1,8,8,none,0.000000,0.000000,0.000000,,15,15,16
main|astana_clinic|S|pair|k1|br1.0|ms3|s5,main,astana_clinic,S,4,5,pair,1,1.0,3,5,1611,16,1,2,1,1,optimal,sha256:ea46460d633ed887c31dfee490e8a28083b7f770e44d2d70034ea9d81fa9e596,c01,c01,1,772,772,0,69157870,498624,0,69157870,498624,0,69157870,0,69157870,base pair0,base pair0,1,1,2,2,none,0.000000,0.000000,0.000000,,15,15,16
main|astana_clinic|S|pair|k3|br1.0|ms3|s5,main,astana_clinic,S,4,5,pair,3,1.0,3,5,1611,16,3,2,2,0,optimal,sha256:a9d72dcbb8559e591aa9c6e0f165f7974870f56b2698b3e3ac2cb1d390178701,c01,c01 c02,0,772,1180,0,74300479,498624,0,74264272,498624,0,69157870,0,69157870,pair2,pair2,0,0,1,1,wsum,0.173239,0.000000,0.000000,,15,15,16
main|astana_clinic|S|pair|k7|br1.0|ms3|s5,main,astana_clinic,S,4,5,pair,7,1.0,3,5,1611,16,7,2,3,0,optimal,sha256:df95ed5876c3c946207ae91bf6842ab0beb21600470beef623669e6d830f1a46,c01,c01 c02,0,772,1180,0,74300479,498624,0,74264272,498624,0,69157870,0,69157870,pair0 pair1,pair0 pair1,0,0,2,2,wsum,0.173239,0.000000,0.000000,,15,15,16
main|astana_clinic|S|cluster|k1|br1.0|ms3|s5,main,astana_clinic,S,4,5,cluster,1,1.0,3,5,1611,16,1,3,0,0,optimal,sha256:94d80e5f310c61d58433c3a5955c3dd80ecb44a0bfdf3b65ba215b68ef2a4fc1,c01,c01,1,772,772,0,72728274,541384,0,72728274,541384,0,69157870,0,69157870,cluster0,cluster0,0,0,1,1,none,0.000000,0.000000,0.000000,,15,15,16
main|astana_clinic|S|cluster|k3|br1.0|ms3|s5,main,astana_clinic,S,4,5,cluster,3,1.0,3,5,1611,16,3,3,1,0,optimal,sha256:94913fbc20502537d1f8fa3c415b102f94fb4bcac4cee3b540ab573ad98410b6,c01,c01,1,772,772,0,71790320,516701,0,71790320,516701,0,69157870,0,69157870,cluster2,cluster2,0,0,1,1,none,0.000000,0.000000,0.000000,,15,15,16
main|astana_clinic|S|cluster|k7|br1.0|ms3|s5,main,astana_clinic,S,4,5,cluster,7,1.0,3,5,1611,16,6,3,0,0,optimal,sha256:41e6640ac2eaea9314a46623f551718c65d8d6975f298d3cd662ed3e381a3e2a,c01,c01,1,772,772,0,83298512,741401,0,83298512,741401,0,69157870,0,69157870,cluster6,cluster6,0,0,1,1,none,0.000000,0.000000,0.000000,,15,15,16
main|astana_clinic|S|attribute|k1|br1.0|ms3|s5,main,astana_clinic,S,4,5,attribute,1,1.0,3,5,1611,16,1,7,0,0,optimal,sha256:adcd631ea5f086a0f01109fe927ff3ea143f9069f3e68f9fcac2474abf36d9fe,c01,c01 c02,0,772,1180,0,82081855,624938,0,82045648,624938,0,69157870,0,69157870,low_confidence,low_confidence,0,0,1,1,wsum,0.173239,0.000000,0.000000,,15,15,16
main|astana_clinic|S|all_disabled|k1|br1.0|ms3|s5,main,astana_clinic,S,4,5,all_disabled,1,1.0,3,5,1611,16,1,16,0,0,optimal,sha256:1b287b26c27ef4f9efc6ee848881f21cf6217db739450674e490d98ff2cf6b47,c01,c00 c01 c02,0,772,1611,0,278760258,1936505,0,105085730,948495,0,69157870,0,69157870,all,all,0,0,1,1,wsum,830.978603,988.010000,0.000000,,15,15,16
main|astana_clinic|S|single|k1|br1.0|ms3|s6,main,astana_clinic,S,4,5,single,1,1.0,3,6,1793,16,1,1,1,1,optimal,sha256:6b39ff5a331cf0014860f9fbab0ae10751341f5fdb24864e8da8d2a1dafbf846,c00,c00,1,852,852,0,60211100,407475,0,60211100,407475,0,60211100,0,60211100,base single0,base single0,1,1,2,2,none,0.000000,0.000000,0.000000,,15,15,16
main|astana_clinic|S|single|k3|br1.0|ms3|s6,main,astana_clinic,S,4,5,single,3,1.0,3,6,1793,16,3,1,2,0,optimal,sha256:7a02d3e51f229d957f93b03f5763d61817a3c979963d4996ef90e5571a5eb263,c00,c00,1,852,852,0,65114960,407475,0,65114960,407475,0,60211100,0,60211100,single0,single0,0,0,1,1,none,0.000000,0.000000,0.000000,,15,15,16
main|astana_clinic|S|single|k7|br1.0|ms3|s6,main,astana_clinic,S,4,5,single,7,1.0,3,6,1793,16,7,1,5,0,optimal,sha256:bcbccadca03ef7fc04bccce2ea3efde26a1001a4b26ae7aa2d504604ee9892da,c00,c00,1,852,852,0,65114960,407475,0,65114960,407475,0,60211100,0,60211100,single6,single6,0,0,1,1,none,0.000000,0.000000,0.000000,,15,15,16
main|astana_clinic|S|pair|k1|br1.0|ms3|s6,main,astana_clinic,S,4,5,pair,1,1.0,3,6,1793,16,1,2,1,1,optimal,sha256:22b76c01b7ec6d929147320e31c6e4944003d4d61dd650b3efedac8e85bb4d70,c00,c00,1,852,852,0,60211100,407475,0,60211100,407475,0,60211100,0,60211100,base pair0,base pair0,1,1,2,2,none,0.000000,0.000000,0.000000,,15,15,16
main|astana_clinic|S|pair|k3|br1.0|ms3|s6,main,astana_clinic,S,4,5,pair,3,1.0,3,6,1793,16,3,2,0,0,optimal,sha256:37f439468992cf735924c6d18a540f577c88091725750f8860fe298f46f6b415,c00,c00 c02,0,852,1105,0,79559251,641182,0,73014950,464309,0,60211100,0,60211100,pair1,pair1,0,0,1,1,wsum,24.695475,176.873000,0.000000,,15,15,16
main|astana_clinic|S|pair|k7|br1.0|ms3|s6,main,astana_clinic,S,4,5,pair,7,1.0,3,6,1793,16,7,2,2,0,optimal,sha256:a7e35573d754c0873a71647e2e2c38675dffd2fd28ada9ab448e0ebceaad740d,c00,c00 c01,0,852,1460,0,68328014,549877,0,66362312,515391,0,60211100,0,60211100,pair0,pair0,0,0,1,1,wsum,7.417743,34.486000,0.000000,,15,15,16
main|astana_clinic|S|cluster|k1|br1.0|ms3|s6,main,astana_clinic,S,4,5,cluster,1,1.0,3,6,1793,16,1,3,0,0,optimal,sha256:88462c462ddb96dec7f8f133946669b757a75b552d7d667e0de4b7830cce950b,c00,c00,1,852,852,0,65114960,407475,0,65114960,407475,0,60211100,0,60211100,cluster0,cluster0,0,0,1,1,none,0.000000,0.000000,0.000000,,15,15,16
main|astana_clinic|S|cluster|k3|br1.0|ms3|s6,main,astana_clinic,S,4,5,cluster,3,1.0,3,6,1793,16,2,3,1,0,optimal,sha256:c06238d66c08a2f8f102357cc6dd739d1a53081238639ed2e56303b11d6c1bcf,c00,c00,1,852,852,0,65114960,407475,0,65114960,407475,0,60211100,0,60211100,cluster1 cluster2,cluster1 cluster2,0,0,2,2,none,0.000000,0.000000,0.000000,,15,15,16
main|astana_clinic|S|cluster|k7|br1.0|ms3|s6,main,astana_clinic,S,4,5,cluster,7,1.0,3,6,1793,16,6,3,1,0,optimal,sha256:b5b6c46f7816e2635d56fbe74d3822e63fbc7abd62acf039333afd5b5c287753,c00,c00 c01 c02,0,852,1713,0,114101807,1011157,0,79166162,515391,0,60211100,0,60211100,cluster0 cluster1,cluster0 cluster1,0,0,2,2,wsum,131.832623,495.766000,0.000000,,15,15,16
main|astana_clinic|S|attribute|k1|br1.0|ms3|s6,main,astana_clinic,S,4,5,attribute,1,1.0,3,6,1793,16,1,7,0,0,optimal,sha256:16da30302603b9bcb013c1032bbe851c889a05373939f231d4b73ad664950306,c00,c00 c02,0,852,1105,0,84463111,641182,0,77918810,464309,0,60211100,0,60211100,low_confidence,low_confidence,0,0,1,1,wsum,24.695475,176.873000,0.000000,,15,15,16
main|astana_clinic|S|all_disabled|k1|br1.0|ms3|s6,main,astana_clinic,S,4,5,all_disabled,1,1.0,3,6,1793,16,1,16,0,0,optimal,sha256:1569a11409191355b6c9bdd14cf5f9cdd269661892563976d77314d41a24ccef,c00,c00 c01 c03,0,852,1793,0,147853099,1491680,0,87285764,521425,0,60211100,0,60211100,all,all,0,0,1,1,wsum,228.555981,970.255000,0.000000,,15,15,16
main|astana_clinic|S|single|k1|br1.0|ms3|s7,main,astana_clinic,S,4,5,single,1,1.0,3,7,923,16,1,1,1,1,optimal,sha256:b7ed2d36c21a02e03bc9088e203c1ea64b46896915f2e264771c75a8dd2c420c,c00 c01,c00 c01,1,795,795,0,80896234,351491,0,80896234,351491,0,80896234,0,80896234,base single0,base single0,1,1,2,2,none,0.000000,0.000000,0.000000,,15,15,16
main|astana_clinic|S|single|k3|br1.0|ms3|s7,main,astana_clinic,S,4,5,single,3,1.0,3,7,923,16,3,1,2,0,optimal,sha256:20ba5355a85215d154c927013af89805e0c6716c20fe2f9bbe53fb65f0711a95,c00 c01,c00 c01,1,795,795,0,80896234,351491,0,80896234,351491,0,80896234,0,80896234,base single0 single1 single2,base single0 single1 single2,1,1,4,4,none,0.000000,0.000000,0.000000,,15,15,16
main|astana_clinic|S|single|k7|br1.0|ms3|s7,main,astana_clinic,S,4,5,single,7,1.0,3,7,923,16,7,1,5,0,optimal,sha256:47d92875b0c04be665411c7289072b8ac0f526dba541fba7e51758698f1bdba6,c00 c01,c00 c01,1,795,795,0,81133098,351491,0,81133098,351491,0,80896234,0,80896234,single4,single4,0,0,1,1,none,0.000000,0.000000,0.000000,,15,15,16
main|astana_clinic|S|pair|k1|br1.0|ms3|s7,main,astana_clinic,S,4,5,pair,1,1.0,3,7,923,16,1,2,0,0,optimal,sha256:7687de889ee1b328c12d346a36897912c9c62a449cd0ecfd12b911fbd53b4c2c,c00 c01,c00 c01,1,795,795,0,80896234,351491,0,80896234,351491,0,80896234,0,80896234,base pair0,base pair0,1,1,2,2,none,0.000000,0.000000,0.000000,,15,15,16
main|astana_clinic|S|pair|k3|br1.0|ms3|s7,main,astana_clinic,S,4,5,pair,3,1.0,3,7,923,16,3,2,2,0,optimal,sha256:8ffc5f834160d51b257c4a2222ab8cc2c310b5b3a8a6f86c6399b6654dd153b1,c00 c01,c00 c01,1,795,795,0,87069674,351491,0,87069674,351491,0,80896234,0,80896234,pair1,pair1,0,0,1,1,none,0.000000,0.000000,0.000000,,15,15,16
main|astana_clinic|S|pair|k7|br1.0|ms3|s7,main,astana_clinic,S,4,5,pair,7,1.0,3,7,923,16,7,2,2,0,optimal,sha256:92c7f260fce147e4cb0fc0ac26da937d05d687acdceddea4d70824b818716f2a,c00 c01,c00 c01,1,795,795,0,87069674,351491,0,87069674,351491,0,80896234,0,80896234,pair6,pair6,0,0,1,1,none,0.000000,0.000000,0.000000,,15,15,16
main|astana_clinic|S|cluster|k1|br1.0|ms3|s7,main,astana_clinic,S,4,5,cluster,1,1.0,3,7,923,16,1,3,0,0,optimal,sha256:9f8aa6e5679d3ca44a5f82bde37a0989cfbba2e027a472549ad8702fb10cb0ec,c00 c01,c00 c01,1,795,795,0,80896234,351491,0,80896234,351491,0,80896234,0,80896234,base cluster0,base cluster0,1,1,2,2,none,0.000000,0.000000,0.000000,,15,15,16
main|astana_clinic|S|cluster|k3|br1.0|ms3|s7,main,astana_clinic,S,4,5,cluster,3,1.0,3,7,923,16,3,3,1,0,optimal,sha256:213f06e6c1b9ff2b284f3a434017c232a39c0c4d966e20464ddb55d7e005b260,c00 c01,c00 c01,1,795,795,0,80896234,351491,0,80896234,351491,0,80896234,0,80896234,base cluster0 cluster1 cluster2,base cluster0 cluster1 cluster2,1,1,4,4,none,0.000000,0.000000,0.000000,,15,15,16
main|astana_clinic|S|cluster|k7|br1.0|ms3|s7,main,astana_clinic,S,4,5,cluster,7,1.0,3,7,923,16,5,3,1,0,optimal,sha256:cc6ba4c7a798089c7e948ff93839bb411a37e138b41671742a0c8c8e86ea30c1,c00 c01,c00 c01,1,795,795,0,118083375,590877,0,118083375,590877,0,80896234,0,80896234,cluster1 cluster2,cluster1 cluster2,0,0,2,2,none,0.000000,0.000000,0.000000,,15,15,16
main|astana_clinic|S|attribute|k1|br1.0|ms3|s7,main,astana_clinic,S,4,5,attribute,1,1.0,3,7,923,16,1,7,0,0,optimal,sha256:f05a7021ebc82ac2bd275fe998090a54b7650f36716a181f888bfd478c4bf20a,c00 c01,c00 c01,1,795,795,0,87338858,441283,0,87338858,441283,0,80896234,0,80896234,low_confidence,low_confidence,0,0,1,1,none,0.000000,0.000000,0.000000,,15,15,16
main|astana_clinic|S|all_disabled|k1|br1.0|ms3|s7,main,astana_clinic,S,4,5,all_disabled,1,1.0,3,7,923,16,1,16,0,0,optimal,sha256:aa96213d29d577522ac7c95fce0f3d27f0eb8eefa15dbb2d2c15b01a74c8cdfd,c00 c01,c00 c01 c03,0,795,923,0,146415977,769963,0,136774618,664014,0,80896234,0,80896234,all,all,0,0,1,1,wsum,28.780176,105.949000,0.000000,,15,15,16
main|astana_clinic|S|single|k1|br1.0|ms3|s8,main,astana_clinic,S,4,5,single,1,1.0,3,8,2196,16,1,1,0,0,optimal,sha256:a33cb342bab8d830c9eaaa29c3a7d8fa6a4218ec4b92391f5eecd0029fe67fb0,c00 c03,c00 c02 c03,0,1654,2196,0,32665546,389282,0,30691936,389282,0,30669346,0,30669346,single0,single0,0,0,1,1,wsum,11.474477,0.000000,0.000000,,15,15,16
main|astana_clinic|S|single|k3|br1.0|ms3|s8,main,astana_clinic,S,4,5,single,3,1.0,3,8,2196,16,3,1,1,0,optimal,sha256:9aff30fb8c6240bbe91f691e37a7d6fe46b5f3f54f235debd5de9f0828fad914,c00 c03,c00 c01 c03,0,1654,2174,0,65243108,524702,0,58997804,440306,0,30669346,0,30669346,single0,single0,0,0,1,1,wsum,36.309907,84.396000,0.000000,,15,15,16
main|astana_clinic|S|single|k7|br1.0|ms3|s8,main,astana_clinic,S,4,5,single,7,1.0,3,8,2196,16,7,1,6,0,optimal,sha256:8464d8417dbc1306417cfd12867f72271fa15196dfc6053fdaaa2595109490ac,c00 c03,c00 c03,1,1654,1654,0,30669346,389282,0,30669346,389282,0,30669346,0,30669346,base single0 single1 single2 single3 single4 single5 single6,base single0 single1 single2 single3 single4 single5 single6,1,1,8,8,none,0.000000,0.000000,0.000000,,15,15,16
main|astana_clinic|S|pair|k1|br1.0|ms3|s8,main,astana_clinic,S,4,5,pair,1,1.0,3,8,2196,16,1,2,1,1,optimal,sha256:06cf55bc05451677f4957559de5edb6c831094ebfb0a50f72ba2f18520793c82,c00 c03,c00 c03,1,1654,1654,0,30669346,389282,0,30669346,389282,0,30669346,0,30669346,base pair0,base pair0,1,1,2,2,none,0.000000,0.000000,0.000000,,15,15,16
main|astana_clinic|S|pair|k3|br1.0|ms3|s8,main,astana_clinic,S,4,5,pair,3,1.0,3,8,2196,16,3,2,0,0,optimal,sha256:7a274e35ac20e925b3d8a1eef31399babba18baab18d650c8f64721f267b7d9c,c00 c03,c00 c03,1,1654,1654,0,31270576,389282,0,31270576,389282,0,30669346,0,30669346,pair1,pair1,0,0,1,1,none,0.000000,0.000000,0.000000,,15,15,16
main|astana_clinic|S|pair|k7|br1.0|ms3|s8,main,astana_clinic,S,4,5,pair,7,1.0,3,8,2196,16,7,2,5,0,optimal,sha256:476623e209a4e51846ee726ea5f88882e716757d20ff1b28fdde210aa2713dbc,c00 c03,c00 c03,1,1654,1654,0,30669346,389282,0,30669346,389282,0,30669346,0,30669346,base pair0 pair1 pair2 pair3 pair4 pair5 pair6,base pair0 pair1 pair2 pair3 pair4 pair5 pair6,1,1,8,8,none,0.000000,0.000000,0.000000,,15,15,16
main|astana_clinic|S|cluster|k1|br1.0|ms3|s8,main,astana_clinic,S,4,5,cluster,1,1.0,3,8,2196,16,1,3,0,0,optimal,sha256:225d339feee8ee8383ffe59e2aa2d84f9a3da1504bac60ce810da5703513d0c4,c00 c03,c00 c01 c03,0,1654,2174,0,65243108,524702,0,58997804,440306,0,30669346,0,30669346,cluster0,cluster0,0,0,1,1,wsum,36.309907,84.396000,0.000000,,15,15,16
main|astana_clinic|S|cluster|k3|br1.0|ms3|s8,main,astana_clinic,S,4,5,cluster,3,1.0,3,8,2196,16,3,3,2,0,optimal,sha256:8aea45041cb00a641a86fc3aa9cbe4991e77deb2580e6362796d696956e49bc2,c00 c03,c00 c03,1,1654,1654,0,30669346,389282,0,30669346,389282,0,30669346,0,30669346,base cluster0 cluster1 cluster2,base cluster0 cluster1 cluster2,1,1,4,4,none,0.000000,0.000000,0.000000,,15,15,16
main|astana_clinic|S|cluster|k7|br1.0|ms3|s8,main,astana_clinic,S,4,5,cluster,7,1.0,3,8,2196,16,5,3,2,0,optimal,sha256:ccfef7a701a0656f9755532bba446cf3e9ff38829a44abae8c8bdb42c938523f,c00 c03,c00 c01 c03,0,1654,2174,0,81848338,749097,0,58997804,440306,0,30669346,0,30669346,cluster0 cluster3,cluster0 cluster3,0,0,2,2,wsum,132.851942,308.791000,0.000000,,15,15,16
main|astana_clinic|S|attribute|k1|br1.0|ms3|s8,main,astana_clinic,S,4,5,attribute,1,1.0,3,8,2196,16,1,7,0,0,optimal,sha256:94ddb2d5417117cef9bd56ffbad424358496c6743354c4d0a666fec885fb8282,c00 c03,c00 c01 c02,0,1654,1957,0,67239308,524702,0,59041661,440306,0,30669346,0,30690613,low_confidence,low_confidence,0,0,1,1,wsum,47.660738,84.396000,0.123645,,15,15,16
main|astana_clinic|S|all_disabled|k1|br1.0|ms3|s8,main,astana_clinic,S,4,5,all_disabled,1,1.0,3,8,2196,16,1,16,0,0,optimal,sha256:a1e796639ad0f1450c5ad75f9386dadd6f8b01114a977b2b114be942cda44fc4,c00 c03,c00 c01 c02,0,1654,1957,0,113749398,1585260,0,63823056,847784,0,30669346,0,30690613,all,all,0,0,1,1,wsum,290.269430,737.476000,0.123645,,15,15,16
main|astana_clinic|S|single|k1|br1.0|ms3|s9,main,astana_clinic,S,4,5,single,1,1.0,3,9,1959,16,1,1,0,0,optimal,sha256:f27d653b546412ac4ce8fe4bf00ca913d54eae050e5251bc360fbe60a1b9cc68,c00,c00,1,713,713,0,67416469,745798,0,67416469,745798,0,67416469,0,67416469,base single0,base single0,1,1,2,2,none,0.000000,0.000000,0.000000,,15,15,16
main|astana_clinic|S|single|k3|br1.0|ms3|s9,main,astana_clinic,S,4,5,single,3,1.0,3,9,1959,16,3,1,3,1,optimal,sha256:e1134798d5a748eca8670d6ecaf9eaef592ebd51ef89a6038b3b4335aa5040e8,c00,c00,1,713,713,0,67416469,745798,0,67416469,745798,0,67416469,0,67416469,base single0 single1 single2,base single0 single1 single2,1,1,4,4,none,0.000000,0.000000,0.000000,,15,15,16
main|astana_clinic|S|single|k7|br1.0|ms3|s9,main,astana_clinic,S,4,5,single,7,1.0,3,9,1959,16,7,1,6,0,optimal,sha256:83dfaae385d400305cb982d021fe91deb1f3c5325a54dbadb3357160c109e2a9,c00,c00,1,713,713,0,90720445,745798,0,90720445,745798,0,67416469,0,67416469,single2,single2,0,0,1,1,none,0.000000,0.000000,0.000000,,15,15,16
main|astana_clinic|S|pair|k1|br1.0|ms3|s9,main,astana_clinic,S,4,5,pair,1,1.0,3,9,1959,16,1,2,0,0,optimal,sha256:ec535fe68cd31e01546dae91e2893201938fb51dda0ea66349c85934554fb577,c00,c00,1,713,713,0,70116508,745798,0,70116508,745798,0,67416469,0,67416469,pair0,pair0,0,0,1,1,none,0.000000,0.000000,0.000000,,15,15,16
main|astana_clinic|S|pair|k3|br1.0|ms3|s9,main,astana_clinic,S,4,5,pair,3,1.0,3,9,1959,16,3,2,2,0,optimal,sha256:dadaa3741d21d00dc72e4100ccb792f08c724d0555302933e8bda7457463607f,c00,c00,1,713,713,0,90720445,745798,0,90720445,745798,0,67416469,0,67416469,pair1,pair1,0,0,1,1,none,0.000000,0.000000,0.000000,,15,15,16
main|astana_clinic|S|pair|k7|br1.0|ms3|s9,main,astana_clinic,S,4,5,pair,7,1.0,3,9,1959,16,7,2,4,0,optimal,sha256:11154abc8d2335ebcf2a28771c85b191296bdfddd7c8f1cea1da6c65cb663bf6,c00,c00,1,713,713,0,90720445,745798,0,90720445,745798,0,67416469,0,67416469,pair2 pair4,pair2 pair4,0,0,2,2,none,0.000000,0.000000,0.000000,,15,15,16
main|astana_clinic|S|cluster|k1|br1.0|ms3|s9,main,astana_clinic,S,4,5,cluster,1,1.0,3,9,1959,16,1,3,0,0,optimal,sha256:447fb433ee33e73efee6d7ad2e7d033f23d030844d630243cf1db75c05110331,c00,c00 c02,0,713,1202,0,109226017,745798,0,104051573,745798,0,67416469,0,67416469,cluster0,cluster0,0,0,1,1,wsum,24.997314,0.000000,0.000000,,15,15,16
main|astana_clinic|S|cluster|k3|br1.0|ms3|s9,main,astana_clinic,S,4,5,cluster,3,1.0,3,9,1959,16,3,3,2,0,optimal,sha256:c5a937e6bb927e641f981ffc5c114e32799097d4983adab2bb3d442f85466f84,c00,c00,1,713,713,0,70447869,745798,0,70447869,745798,0,67416469,0,67416469,cluster2,cluster2,0,0,1,1,none,0.000000,0.000000,0.000000,,15,15,16
main|astana_clinic|S|cluster|k7|br1.0|ms3|s9,main,astana_clinic,S,4,5,cluster,7,1.0,3,9,1959,16,5,3,5,0,optimal,sha256:099d080f0349ded6154c4b5dd91c35a6a2ab136ade74c460f0848411a87a7eee,c00,c00,1,713,713,0,98541107,745798,0,98541107,745798,0,67416469,0,67416469,cluster6,cluster6,0,0,1,1,none,0.000000,0.000000,0.000000,,15,15,16
main|astana_clinic|S|attribute|k1|br1.0|ms3|s9,main,astana_clinic,S,4,5,attribute,1,1.0,3,9,1959,16,1,7,0,0,optimal,sha256:b065a909e7871df3fd5f782f539e078ddd170d180133b29bb2cc66d394739096,c00,c00,1,713,713,0,70116508,745798,0,70116508,745798,0,67416469,0,67416469,low_confidence,low_confidence,0,0,1,1,none,0.000000,0.000000,0.000000,,15,15,16
main|astana_clinic|S|all_disabled|k1|br1.0|ms3|s9,main,astana_clinic,S,4,5,all_disabled,1,1.0,3,9,1959,16,1,16,0,0,optimal,sha256:a489e39754c1dcd80229293b14145838f0269d0b33309183473805ac811fd39d,c00,c00 c02,0,713,1202,0,281485442,1817271,0,129077710,817951,0,67416469,0,67416469,all,all,0,0,1,1,wsum,736.269237,999.320000,0.000000,,15,15,16
main|astana_clinic|M|single|k1|br0.5|ms3|s0,main,astana_clinic,M,8,15,single,1,0.5,3,0,1311,16,1,1,1,1,optimal,sha256:4d2c42cd19ec469cf91b0eb7141020c8855de371586f3ca6258ef0592a1dfe2f,c02 c03,c02 c03,1,1295,1295,0,153472058,354655,0,153472058,354655,0,153472058,0,153472058,base single0,base single0,1,1,2,2,none,0.000000,0.000000,0.000000,,39,39,256
main|astana_clinic|M|single|k3|br0.5|ms3|s0,main,astana_clinic,M,8,15,single,3,0.5,3,0,1311,16,3,1,0,0,optimal,sha256:9bb3726ef2e5b23211177d025e342097b688747858bcd5410ad441b46f051189,c02 c03,c02 c03,1,1295,1295,0,163737248,427533,0,163737248,427533,0,153472058,0,153472058,single1,single1,0,0,1,1,none,0.000000,0.000000,0.000000,,39,39,256
main|astana_clinic|M|single|k7|br0.5|ms3|s0,main,astana_clinic,M,8,15,single,7,0.5,3,0,1311,16,7,1,3,0,optimal,sha256:afb86711f5bbe2a5170ecf22a7727960265d9a93c58b275fbb8c47352244ac6a,c02 c03,c02 c03,1,1295,1295,0,158403434,388184,0,158403434,388184,0,153472058,0,153472058,single1,single1,0,0,1,1,none,0.000000,0.000000,0.000000,,39,39,256
main|astana_clinic|M|pair|k1|br0.5|ms3|s0,main,astana_clinic,M,8,15,pair,1,0.5,3,0,1311,16,1,2,0,0,optimal,sha256:a304836dd010b640fcb9b4652ee32c90004fb119fe96d4b3b8ac5f15d9483572,c02 c03,c02 c03,1,1295,1295,0,168981444,384581,0,168981444,384581,0,153472058,0,153472058,pair0,pair0,0,0,1,1,none,0.000000,0.000000,0.000000,,39,39,256
main|astana_clinic|M|pair|k3|br0.5|ms3|s0,main,astana_clinic,M,8,15,pair,3,0.5,3,0,1311,16,3,2,0,0,optimal,sha256:1b9680793185f87faa71455b83d2b6f1adb8babfa463d44d1368d0f2f418dbed,c02 c03,c02 c03,1,1295,1295,0,184726670,377611,0,184726670,377611,0,153472058,0,153472058,pair1,pair1,0,0,1,1,none,0.000000,0.000000,0.000000,,39,39,256
main|astana_clinic|M|pair|k7|br0.5|ms3|s0,main,astana_clinic,M,8,15,pair,7,0.5,3,0,1311,16,7,2,3,0,optimal,sha256:203af8f33f74bf8c4206b5c8fddaf1290bee7ec67c158195fe43799fbc82f4c1,c02 c03,c02 c03,1,1295,1295,0,168700290,384581,0,168700290,384581,0,153472058,0,153472058,pair6,pair6,0,0,1,1,none,0.000000,0.000000,0.000000,,39,39,256
main|astana_clinic|M|cluster|k1|br0.5|ms3|s0,main,astana_clinic,M,8,15,cluster,1,0.5,3,0,1311,16,1,3,0,0,optimal,sha256:fc4038a605c39b8e4468ab7c3386350c5ca62a58d77fcb76a5842df634b2ee02,c02 c03,c02 c03,1,1295,1295,0,165830300,357736,0,165830300,357736,0,153472058,0,153472058,cluster0,cluster0,0,0,1,1,none,0.000000,0.000000,0.000000,,39,39,256
main|astana_clinic|M|cluster|k3|br0.5|ms3|s0,main,astana_clinic,M,8,15,cluster,3,0.5,3,0,1311,16,3,3,0,0,optimal,sha256:6a533f4cf3f692b92c41e8668799fd36280b03645d2b29b23ac905f03ac1377c,c02 c03,c03 c05 c06,0,1295,1132,0,218839771,657678,0,209696485,636893,0,153472058,0,181068500,cluster1,cluster1,0,0,1,1,wsum,11.767421,20.785000,35.516656,,39,39,256
main|astana_clinic|M|cluster|k7|br0.5|ms3|s0,main,astana_clinic,M,8,15,cluster,7,0.5,3,0,1311,16,5,3,0,0,optimal,sha256:aec2a92efc059e8f76e8a4df3f592f6fc6daa4eead9070762eeceed8a7abe668,c02 c03,c02 c03,1,1295,1295,0,187857766,463549,0,187857766,463549,0,153472058,0,153472058,cluster6,cluster6,0,0,1,1,none,0.000000,0.000000,0.000000,,39,39,256
main|astana_clinic|M|attribute|k1|br0.5|ms3|s0,main,astana_clinic,M,8,15,attribute,1,0.5,3,0,1311,16,1,7,0,0,optimal,sha256:c8683c4a25b4f20635754ba42d18f91c3dfa83129533d67f411f2e781dc9eba0,c02 c03,c02 c03,1,1295,1295,0,171576221,427533,0,171576221,427533,0,153472058,0,153472058,low_confidence,low_confidence,0,0,1,1,none,0.000000,0.000000,0.000000,,39,39,256
main|astana_clinic|M|all_disabled|k1|br0.5|ms3|s0,main,astana_clinic,M,8,15,all_disabled,1,0.5,3,0,1311,16,1,16,0,0,optimal,sha256:ad6ca6c5bc083533556abe69a8ed22353ca922e3b07a9ff6c1e83288d5154c93,c02 c03,c03 c06 c07,0,1295,1047,0,476337203,1305866,0,357292456,740950,0,153472058,0,181942436,all,all,0,0,1,1,wsum,153.210743,564.916000,36.641413,,39,39,256
main|astana_clinic|M|single|k1|br0.5|ms3|s1,main,astana_clinic,M,8,15,single,1,0.5,3,1,954,16,1,1,1,1,optimal,sha256:4c7834ebcf3bf72879439c95d6dc97209cbe5b1d9ff649b809d2dbd9b448f4c5,c00 c07,c00 c07,1,867,867,0,204168168,725772,0,204168168,725772,0,204168168,0,204168168,base single0,base single0,1,1,2,2,none,0.000000,0.000000,0.000000,,31,31,256
main|astana_clinic|M|single|k3|br0.5|ms3|s1,main,astana_clinic,M,8,15,single,3,0.5,3,1,954,16,3,1,2,0,optimal,sha256:d7a4bb8bf4bfb99a280ab77c19081fa5bfe48bfdbe648777fc4a41019f9b240c,c00 c07,c00 c07,1,867,867,0,204168168,725772,0,204168168,725772,0,204168168,0,204168168,base single0 single1 single2,base single0 single1 single2,1,1,4,4,none,0.000000,0.000000,0.000000,,31,31,256
main|astana_clinic|M|single|k7|br0.5|ms3|s1,main,astana_clinic,M,8,15,single,7,0.5,3,1,954,16,7,1,3,0,optimal,sha256:1532443bb79918f477c9713b1e74c7f13654661c60e6b67fb91bd175daf6530c,c00 c07,c00 c07,1,867,867,0,212530231,725772,0,212530231,725772,0,204168168,0,204168168,single6,single6,0,0,1,1,none,0.000000,0.000000,0.000000,,31,31,256
main|astana_clinic|M|pair|k1|br0.5|ms3|s1,main,astana_clinic,M,8,15,pair,1,0.5,3,1,954,16,1,2,1,1,optimal,sha256:3d19da21dca577567aaa774fce3d7558758a427291af1283eed1f0779245aa56,c00 c07,c00 c07,1,867,867,0,204168168,725772,0,204168168,725772,0,204168168,0,204168168,base pair0,base pair0,1,1,2,2,none,0.000000,0.000000,0.000000,,31,31,256
main|astana_clinic|M|pair|k3|br0.5|ms3|s1,main,astana_clinic,M,8,15,pair,3,0.5,3,1,954,16,3,2,2,0,optimal,sha256:0b271cd5c3b787114070b98bbd239d0e99deda9b89d0d47502cdb6840fe79e02,c00 c07,c00 c07,1,867,867,0,204168168,725772,0,204168168,725772,0,204168168,0,204168168,base pair0 pair1 pair2,base pair0 pair1 pair2,1,1,4,4,none,0.000000,0.000000,0.000000,,31,31,256
main|astana_clinic|M|pair|k7|br0.5|ms3|s1,main,astana_clinic,M,8,15,pair,7,0.5,3,1,954,16,6,2,2,0,optimal,sha256:463a8650e2ad982b9cdaa1fd5bcca5b7d0821f087d9388394419baa32c65799e,c00 c07,c00 c01 c06,0,867,849,0,245874002,735334,0,244457519,735334,0,204168168,0,208604385,pair6,pair6,0,0,1,1,wsum,1.467858,0.000000,4.597116,,31,31,256
main|astana_clinic|M|cluster|k1|br0.5|ms3|s1,main,astana_clinic,M,8,15,cluster,1,0.5,3,1,954,16,1,3,0,0,optimal,sha256:c90f67ed17b463799651f2fc0d8b4460290611b962db8ce2c13efbce6bd81964,c00 c07,c00 c07,1,867,867,0,215468492,725772,0,215468492,725772,0,204168168,0,204168168,cluster0,cluster0,0,0,1,1,none,0.000000,0.000000,0.000000,,31,31,256
main|astana_clinic|M|cluster|k3|br0.5|ms3|s1,main,astana_clinic,M,8,15,cluster,3,0.5,3,1,954,16,3,3,0,0,optimal,sha256:05a6ccb9e640dfef0938e314e1f42cca2057cbdb483dd57fe3ef03a22281a5ec,c00 c07,c00 c01 c06,0,867,849,0,305330129,1123081,0,257779706,976192,0,204168168,0,208604385,cluster2,cluster2,0,0,1,1,wsum,49.275050,146.889000,4.597116,,31,31,256
main|astana_clinic|M|cluster|k7|br0.5|ms3|s1,main,astana_clinic,M,8,15,cluster,7,0.5,3,1,954,16,5,3,0,0,optimal,sha256:bf98aefc9c9e512203988d6c660e8990ab023f7cd634b65a36286e92016b8611,c00 c07,c00 c01 c06,0,867,849,0,305330129,1123081,0,257779706,976192,0,204168168,0,208604385,cluster3,cluster3,0,0,1,1,wsum,49.275050,146.889000,4.597116,,31,31,256
main|astana_clinic|M|attribute|k1|br0.5|ms3|s1,main,astana_clinic,M,8,15,attribute,1,0.5,3,1,954,16,1,7,0,0,optimal,sha256:1e40c916b44346d299760719db0471e59b60887224cea99edd5c18a5c87d9238,c00 c07,c00 c07,1,867,867,0,248077294,735334,0,248077294,735334,0,204168168,0,204168168,low_confidence,low_confidence,0,0,1,1,none,0.000000,0.000000,0.000000,,31,31,256
main|astana_clinic|M|all_disabled|k1|br0.5|ms3|s1,main,astana_clinic,M,8,15,all_disabled,1,0.5,3,1,954,16,1,16,0,0,optimal,sha256:4878044604e179bbacdd411f90a72f529d9c968bc8aa4f1d11e096801acf04ba,c00 c07,c00 c01 c02,0,867,575,0,602798602,1660818,0,388300667,652450,0,204168168,0,227748297,all,all,0,0,1,1,wsum,222.277653,1008.368000,24.435367,,31,31,256
main|astana_clinic|M|single|k1|br0.5|ms3|s2,main,astana_clinic,M,8,15,single,1,0.5,3,2,1127,16,1,1,1,1,optimal,sha256:d26511838810f7227977e6506f0f42af53ce5734d912e847994f37ad01f8dcd0,c03 c05,c03 c05,1,925,925,0,132347812,693343,0,132347812,693343,0,132347812,0,132347812,base single0,base single0,1,1,2,2,none,0.000000,0.000000,0.000000,,28,28,256
main|astana_clinic|M|single|k3|br0.5|ms3|s2,main,astana_clinic,M,8,15,single,3,0.5,3,2,1127,16,3,1,0,0,optimal,sha256:254be6a0fd6dd7aa8ec6054fbcadfddbfbb08f7f42d0d8fdd5798ce9bf1981dd,c03 c05,c03 c05,1,925,925,0,134253982,693343,0,134253982,693343,0,132347812,0,132347812,single2,single2,0,0,1,1,none,0.000000,0.000000,0.000000,,28,28,256
main|astana_clinic|M|single|k7|br0.5|ms3|s2,main,astana_clinic,M,8,15,single,7,0.5,3,2,1127,16,7,1,3,0,optimal,sha256:6bc7efeb723e80f92259ac98a10258dd03a532816297023ec84f4115d3f22398,c03 c05,c03 c05,1,925,925,0,136514573,693343,0,136514573,693343,0,132347812,0,132347812,single3,single3,0,0,1,1,none,0.000000,0.000000,0.000000,,28,28,256
main|astana_clinic|M|pair|k1|br0.5|ms3|s2,main,astana_clinic,M,8,15,pair,1,0.5,3,2,1127,16,1,2,0,0,optimal,sha256:0dd420d30a24bc99f72e675305489ef123c9938d45368bc1db6785e320840688,c03 c05,c03 c05,1,925,925,0,132347812,693343,0,132347812,693343,0,132347812,0,132347812,base pair0,base pair0,1,1,2,2,none,0.000000,0.000000,0.000000,,28,28,256
main|astana_clinic|M|pair|k3|br0.5|ms3|s2,main,astana_clinic,M,8,15,pair,3,0.5,3,2,1127,16,3,2,0,0,optimal,sha256:abad769b9a3a8cf0b7cb2861a95f9ae01b0bf2dfa0032732c668d674b16a63af,c03 c05,c03 c05,1,925,925,0,147803663,716119,0,147803663,716119,0,132347812,0,132347812,pair0,pair0,0,0,1,1,none,0.000000,0.000000,0.000000,,28,28,256
main|astana_clinic|M|pair|k7|br0.5|ms3|s2,main,astana_clinic,M,8,15,pair,7,0.5,3,2,1127,16,6,2,1,0,optimal,sha256:e65a9a023874f8df01270f0a8c98f544b640fe4057c8e2bc382f201fdce77c94,c03 c05,c03 c05,1,925,925,0,143636902,716119,0,143636902,716119,0,132347812,0,132347812,pair0,pair0,0,0,1,1,none,0.000000,0.000000,0.000000,,28,28,256
main|astana_clinic|M|cluster|k1|br0.5|ms3|s2,main,astana_clinic,M,8,15,cluster,1,0.5,3,2,1127,16,1,3,0,0,optimal,sha256:d9c4bcfdec3a356acbdec5853ce8a4521ecf7677affb871d406c7b1a06f882a1,c03 c05,c03 c05,1,925,925,0,132476050,693343,0,132476050,693343,0,132347812,0,132347812,cluster0,cluster0,0,0,1,1,none,0.000000,0.000000,0.000000,,28,28,256
main|astana_clinic|M|cluster|k3|br0.5|ms3|s2,main,astana_clinic,M,8,15,cluster,3,0.5,3,2,1127,16,3,3,0,0,optimal,sha256:e4d4d116163ffa2b686244abf4a5bc1cd46ab490d337881f30085cf88cb8f0cf,c03 c05,c03 c05,1,925,925,0,156656192,716119,0,156656192,716119,0,132347812,0,132347812,cluster2,cluster2,0,0,1,1,none,0.000000,0.000000,0.000000,,28,28,256
main|astana_clinic|M|cluster|k7|br0.5|ms3|s2,main,astana_clinic,M,8,15,cluster,7,0.5,3,2,1127,16,5,3,0,0,optimal,sha256:333b58246f45b2cda1f252073fa3e46394013449b89a510eb2812c21bc95f1e9,c03 c05,c02 c05,0,925,806,0,166561870,693343,0,164208711,693343,0,132347812,0,143017289,cluster1,cluster0 cluster3,0,0,1,2,wsum,4.309815,0.000000,19.541167,,28,28,256
main|astana_clinic|M|attribute|k1|br0.5|ms3|s2,main,astana_clinic,M,8,15,attribute,1,0.5,3,2,1127,16,1,7,0,0,optimal,sha256:3df29aad154104fbd367421e45a524a1036d7752d1dd9f56b379b4f552c75847,c03 c05,c03 c05,1,925,925,0,159268389,716119,0,159268389,716119,0,132347812,0,132347812,low_confidence,low_confidence,0,0,1,1,none,0.000000,0.000000,0.000000,,28,28,256
main|astana_clinic|M|all_disabled|k1|br0.5|ms3|s2,main,astana_clinic,M,8,15,all_disabled,1,0.5,3,2,1127,16,1,16,0,0,optimal,sha256:c67764fd571d392a269906679fc0d13a2c673a585d467aa2708d83328b44c6c5,c03 c05,c02 c05,0,925,806,0,292776956,1088059,0,247884673,1282976,0,132347812,0,143017289,all,all,0,0,1,1,wsum,82.220299,-194.917000,19.541167,,28,28,256
main|astana_clinic|M|single|k1|br0.5|ms3|s3,main,astana_clinic,M,8,15,single,1,0.5,3,3,1249,16,1,1,1,1,optimal,sha256:e5f50b724939e862ad61c5c0358a2fa00e6dba33bed6fc3ce6b4c92d4bca048e,c01 c04,c01 c04,1,1204,1204,0,222444321,419790,0,222444321,419790,0,222444321,0,222444321,base single0,base single0,1,1,2,2,none,0.000000,0.000000,0.000000,,21,21,256
main|astana_clinic|M|single|k3|br0.5|ms3|s3,main,astana_clinic,M,8,15,single,3,0.5,3,3,1249,16,3,1,0,0,optimal,sha256:d244ba1f4a03a5457aecf630d508a1e71b954c45e81dce332a776403b1bd1259,c01 c04,c01 c04,1,1204,1204,0,223881809,419790,0,223881809,419790,0,222444321,0,222444321,single0,single0,0,0,1,1,none,0.000000,0.000000,0.000000,,21,21,256
main|astana_clinic|M|single|k7|br0.5|ms3|s3,main,astana_clinic,M,8,15,single,7,0.5,3,3,1249,16,7,1,2,0,optimal,sha256:084843f53ebec322eccd7d2afe7a51af40730bcfc9369021a6998725f25a5015,c01 c04,c02 c03,0,1204,1066,0,249440724,698748,0,246100671,625030,0,222444321,0,226416398,single4,single4,0,0,1,1,wsum,3.715298,73.718000,4.418328,,21,21,256
main|astana_clinic|M|pair|k1|br0.5|ms3|s3,main,astana_clinic,M,8,15,pair,1,0.5,3,3,1249,16,1,2,0,0,optimal,sha256:79764530026cb512ceef6b1240d0b8339aec8544022cdca699f9f3edd49bb502,c01 c04,c03 c07,0,1204,1245,0,230550444,419790,0,229008971,456831,0,222444321,0,226416398,pair0,pair0,0,0,1,1,wsum,1.714653,-37.041000,4.418328,,21,21,256
main|astana_clinic|M|pair|k3|br0.5|ms3|s3,main,astana_clinic,M,8,15,pair,3,0.5,3,3,1249,16,3,2,1,0,optimal,sha256:a4e2b5623174eff197b4307b241f4556e3f251b54c8e2759a8c54af8ec0c5aaf,c01 c04,c01 c04,1,1204,1204,0,223763472,419790,0,223763472,419790,0,222444321,0,222444321,pair1,pair1,0,0,1,1,none,0.000000,0.000000,0.000000,,21,21,256
main|astana_clinic|M|pair|k7|br0.5|ms3|s3,main,astana_clinic,M,8,15,pair,7,0.5,3,3,1249,16,7,2,2,0,optimal,sha256:d1b6607b0c8bfee3001994c26556386b70be1c758e34b9bb9179a5edf6a71e13,c01 c04,c03 c07,0,1204,1245,0,243092422,419790,0,240514183,456831,0,222444321,0,226416398,pair2,pair4,0,0,1,1,wsum,2.867897,-37.041000,4.418328,,21,21,256
main|astana_clinic|M|cluster|k1|br0.5|ms3|s3,main,astana_clinic,M,8,15,cluster,1,0.5,3,3,1249,16,1,3,0,0,optimal,sha256:a7f042061a8d0ff679d0c27e4fe7af0975130fb9c9fc4257d4d18395f22e44a6,c01 c04,c01 c04,1,1204,1204,0,242709545,419790,0,242709545,419790,0,222444321,0,222444321,cluster0,cluster0,0,0,1,1,none,0.000000,0.000000,0.000000,,21,21,256
main|astana_clinic|M|cluster|k3|br0.5|ms3|s3,main,astana_clinic,M,8,15,cluster,3,0.5,3,3,1249,16,2,3,0,0,optimal,sha256:51e860bdf3869e304810f6a3e011fad43560dec8d4ec020ea2b69dbf5dc19477,c01 c04,c02 c03,0,1204,1066,0,316447829,1158987,0,279532541,625030,0,222444321,0,226416398,cluster1 cluster2,cluster1 cluster2,0,0,2,2,wsum,41.062612,533.957000,4.418328,,21,21,256
main|astana_clinic|M|cluster|k7|br0.5|ms3|s3,main,astana_clinic,M,8,15,cluster,7,0.5,3,3,1249,16,6,3,0,0,optimal,sha256:5c0d613dab10091384a38beddfc0d84ae4f45d1e1924e332de10326467e618be,c01 c04,c02 c03,0,1204,1066,0,319111909,816136,0,287677890,872420,0,222444321,0,226416398,cluster3 cluster6,cluster4,0,0,2,1,wsum,34.965538,-56.284000,4.418328,,21,21,256
main|astana_clinic|M|attribute|k1|br0.5|ms3|s3,main,astana_clinic,M,8,15,attribute,1,0.5,3,3,1249,16,1,7,0,0,optimal,sha256:422a2b890f854aa8f2a5a92cf89117e9a24434a809919f30da2bc021935df9ef,c01 c04,c01 c04,1,1204,1204,0,231572388,419790,0,231572388,419790,0,222444321,0,222444321,low_confidence,low_confidence,0,0,1,1,none,0.000000,0.000000,0.000000,,21,21,256
main|astana_clinic|M|all_disabled|k1|br0.5|ms3|s3,main,astana_clinic,M,8,15,all_disabled,1,0.5,3,3,1249,16,1,16,0,0,optimal,sha256:d764fad4c5fe4d0d9784e9fa07b29dec771efb3b35378d05faa37250f88aa59f,c01 c04,c03 c04,0,1204,932,0,756854594,1542714,0,543210604,1286116,0,222444321,0,223053062,all,all,0,0,1,1,wsum,237.646263,256.598000,0.677131,,21,21,256
main|astana_clinic|M|single|k1|br0.5|ms3|s4,main,astana_clinic,M,8,15,single,1,0.5,3,4,1339,16,1,1,0,0,optimal,sha256:fbfd7ecf4d5ea6187a0ae40dd80ca8bed22ec5f1a48ffef7119b732b62020932,c04 c06,c04 c06,1,1199,1199,0,152250884,354595,0,152250884,354595,0,149061773,0,149061773,single0,single0,0,0,1,1,none,0.000000,0.000000,0.000000,,23,23,256
main|astana_clinic|M|single|k3|br0.5|ms3|s4,main,astana_clinic,M,8,15,single,3,0.5,3,4,1339,16,3,1,1,0,optimal,sha256:fbe640fd436ff6ce01d499ac242713c9a7316f741e192c267f7a47d8e1a2552b,c04 c06,c04 c06,1,1199,1199,0,194061153,501846,0,194061153,501846,0,149061773,0,149061773,single0,single0,0,0,1,1,none,0.000000,0.000000,0.000000,,23,23,256
main|astana_clinic|M|single|k7|br0.5|ms3|s4,main,astana_clinic,M,8,15,single,7,0.5,3,4,1339,16,7,1,1,0,optimal,sha256:c558253ee8d32785cbd90d09fefb3994c2ce715cd7a81f06457215fbdb00896a,c04 c06,c04 c06,1,1199,1199,0,194061153,501846,0,194061153,501846,0,149061773,0,149061773,single4,single4,0,0,1,1,none,0.000000,0.000000,0.000000,,23,23,256
main|astana_clinic|M|pair|k1|br0.5|ms3|s4,main,astana_clinic,M,8,15,pair,1,0.5,3,4,1339,16,1,2,0,0,optimal,sha256:dfdf85d5c3704b12daa666ebc689ac584281c2bc78075760631c1169eb7e45bf,c04 c06,c04 c06,1,1199,1199,0,194061153,501846,0,194061153,501846,0,149061773,0,149061773,pair0,pair0,0,0,1,1,none,0.000000,0.000000,0.000000,,23,23,256
main|astana_clinic|M|pair|k3|br0.5|ms3|s4,main,astana_clinic,M,8,15,pair,3,0.5,3,4,1339,16,3,2,0,0,optimal,sha256:9cc72c4191ac7af1984a26752e81cb310323ad15b928a99d189407ee296f4390,c04 c06,c04 c06,1,1199,1199,0,177551539,455886,0,177551539,455886,0,149061773,0,149061773,pair2,pair2,0,0,1,1,none,0.000000,0.000000,0.000000,,23,23,256
main|astana_clinic|M|pair|k7|br0.5|ms3|s4,main,astana_clinic,M,8,15,pair,7,0.5,3,4,1339,16,7,2,0,0,optimal,sha256:afd1bedf6ad13053627ef60a36ed07992cc16480bb29b9037728647e83a39b67,c04 c06,c04 c06,1,1199,1199,0,205602708,501846,0,205602708,501846,0,149061773,0,149061773,pair5,pair5,0,0,1,1,none,0.000000,0.000000,0.000000,,23,23,256
main|astana_clinic|M|cluster|k1|br0.5|ms3|s4,main,astana_clinic,M,8,15,cluster,1,0.5,3,4,1339,16,1,3,0,0,optimal,sha256:2cbabecd1b1dec1f303de4b1e2c63182590f63146963aec76bf3ee4015d45fb9,c04 c06,c04 c06,1,1199,1199,0,277727185,969833,0,277727185,969833,0,149061773,0,149061773,cluster0,cluster0,0,0,1,1,none,0.000000,0.000000,0.000000,,23,23,256
main|astana_clinic|M|cluster|k3|br0.5|ms3|s4,main,astana_clinic,M,8,15,cluster,3,0.5,3,4,1339,16,3,3,0,0,optimal,sha256:633b7586b833e1ecc9d6a6b8c7599b35773757844e8017289599b3be57ca44f1,c04 c06,c04 c06,1,1199,1199,0,196008895,550623,0,196008895,550623,0,149061773,0,149061773,cluster1,cluster1,0,0,1,1,none,0.000000,0.000000,0.000000,,23,23,256
main|astana_clinic|M|cluster|k7|br0.5|ms3|s4,main,astana_clinic,M,8,15,cluster,7,0.5,3,4,1339,16,7,3,0,0,optimal,sha256:1ebd91ea80569dc2176bf5f645336c7c8786651ed091aba7c5dc4d2b00f294bb,c04 c06,c04 c06,1,1199,1199,0,277727185,969833,0,277727185,969833,0,149061773,0,149061773,cluster6,cluster6,0,0,1,1,none,0.000000,0.000000,0.000000,,23,23,256
main|astana_clinic|M|attribute|k1|br0.5|ms3|s4,main,astana_clinic,M,8,15,attribute,1,0.5,3,4,1339,16,1,7,0,0,optimal,sha256:6d9c60d142d7ffdf6df43f636b6310c2e6e4a677ead82281addb1bb6f910c73d,c04 c06,c04 c06,1,1199,1199,0,241837242,501846,0,241837242,501846,0,149061773,0,149061773,low_confidence,low_confidence,0,0,1,1,none,0.000000,0.000000,0.000000,,23,23,256
main|astana_clinic|M|all_disabled|k1|br0.5|ms3|s4,main,astana_clinic,M,8,15,all_disabled,1,0.5,3,4,1339,16,1,16,0,0,optimal,sha256:86d2051253d505301601a9759e3a7da632ecc6520694c19dc537a4c732a1963c,c04 c06,c00 c06,0,1199,1336,0,1004467177,1805764,0,739468987,1716738,0,149061773,0,163067333,all,all,0,0,1,1,wsum,289.299334,89.026000,15.289913,,23,23,256
main|astana_clinic|M|single|k1|br0.5|ms3|s5,main,astana_clinic,M,8,15,single,1,0.5,3,5,1073,16,1,1,0,0,optimal,sha256:3435424daa5ddfed3b541761e70760e150f2cd449cf8ca0976dae6472c968fae,c05 c06,c05 c06,1,1064,1064,0,214579465,498624,0,214579465,498624,0,214579465,0,214579465,base single0,base single0,1,1,2,2,none,0.000000,0.000000,0.000000,,42,42,256
main|astana_clinic|M|single|k3|br0.5|ms3|s5,main,astana_clinic,M,8,15,single,3,0.5,3,5,1073,16,3,1,1,0,optimal,sha256:f6904fbefe7a653adbe320699a3727ac563fed90e925b295c017240feca4a96b,c05 c06,c05 c06,1,1064,1064,0,214944893,498624,0,214944893,498624,0,214579465,0,214579465,single1,single1,0,0,1,1,none,0.000000,0.000000,0.000000,,42,42,256
main|astana_clinic|M|single|k7|br0.5|ms3|s5,main,astana_clinic,M,8,15,single,7,0.5,3,5,1073,16,7,1,4,0,optimal,sha256:9d2eb2370b5af6c90997ab95d2f5b2a95ec7e2385e832b31b57ce6f89f0865f8,c05 c06,c05 c06,1,1064,1064,0,235755473,498624,0,235755473,498624,0,214579465,0,214579465,single6,single6,0,0,1,1,none,0.000000,0.000000,0.000000,,42,42,256
main|astana_clinic|M|pair|k1|br0.5|ms3|s5,main,astana_clinic,M,8,15,pair,1,0.5,3,5,1073,16,1,2,1,1,optimal,sha256:7ab13d00e2dfbf8d64b9cff003128f316c4bf7945a9a26672e07466bfdd10dce,c05 c06,c05 c06,1,1064,1064,0,214579465,498624,0,214579465,498624,0,214579465,0,214579465,base pair0,base pair0,1,1,2,2,none,0.000000,0.000000,0.000000,,42,42,256
main|astana_clinic|M|pair|k3|br0.5|ms3|s5,main,astana_clinic,M,8,15,pair,3,0.5,3,5,1073,16,3,2,0,0,optimal,sha256:04f780456ce8f2623c94161deaf174aefeb86fee5718b5cec4c049758f55725c,c05 c06,c05 c06,1,1064,1064,0,237108129,498624,0,237108129,498624,0,214579465,0,214579465,pair1,pair1,0,0,1,1,none,0.000000,0.000000,0.000000,,42,42,256
main|astana_clinic|M|pair|k7|br0.5|ms3|s5,main,astana_clinic,M,8,15,pair,7,0.5,3,5,1073,16,7,2,1,0,optimal,sha256:35e67f0104c7ba7a4a46d99e060753ad8875b720524e7ffafb516ed34d64e27d,c05 c06,c05 c06,1,1064,1064,0,236102375,511919,0,236102375,511919,0,214579465,0,214579465,pair2,pair2,0,0,1,1,none,0.000000,0.000000,0.000000,,42,42,256
main|astana_clinic|M|cluster|k1|br0.5|ms3|s5,main,astana_clinic,M,8,15,cluster,1,0.5,3,5,1073,16,1,3,0,0,optimal,sha256:38249294f275f81fedf3c4083325974ba93a4360715d2281e0a02081a9dca36d,c05 c06,c05 c06,1,1064,1064,0,255279491,527850,0,255279491,527850,0,214579465,0,214579465,cluster0,cluster0,0,0,1,1,none,0.000000,0.000000,0.000000,,42,42,256
main|astana_clinic|M|cluster|k3|br0.5|ms3|s5,main,astana_clinic,M,8,15,cluster,3,0.5,3,5,1073,16,3,3,0,0,optimal,sha256:c062275a8b34c0e7255dfb90a7cbc3c30914c966b70a6b7374bfc2bf4d96dd56,c05 c06,c01 c06,0,1064,1038,0,254047323,511919,0,251637256,498624,0,214579465,0,218460660,cluster0,cluster0,0,0,1,1,wsum,2.875975,13.295000,4.631498,,42,42,256
main|astana_clinic|M|cluster|k7|br0.5|ms3|s5,main,astana_clinic,M,8,15,cluster,7,0.5,3,5,1073,16,6,3,0,0,optimal,sha256:dda34a35729e0836cb75d9743f5c48e111a61aa26c415f83b88668e88b6b94c6,c05 c06,c05 c06,1,1064,1064,0,239111507,498624,0,239111507,498624,0,214579465,0,214579465,cluster4,cluster4,0,0,1,1,none,0.000000,0.000000,0.000000,,42,42,256
main|astana_clinic|M|attribute|k1|br0.5|ms3|s5,main,astana_clinic,M,8,15,attribute,1,0.5,3,5,1073,16,1,7,0,0,optimal,sha256:128464b52760d4b89c96315e7de6456cc9973b0330ae576d4859cba206fe95b6,c05 c06,c05 c06,1,1064,1064,0,272036753,624938,0,272036753,624938,0,214579465,0,214579465,low_confidence,low_confidence,0,0,1,1,none,0.000000,0.000000,0.000000,,42,42,256
main|astana_clinic|M|all_disabled|k1|br0.5|ms3|s5,main,astana_clinic,M,8,15,all_disabled,1,0.5,3,5,1073,16,1,16,0,0,optimal,sha256:a140dfbedf380d58e5c859d69442a46e008e6b982e11ff5dad5be35a990a4f12,c05 c06,c00 c02 c07,0,1064,1011,0,580438666,1557601,0,392859273,948495,0,214579465,0,222851701,all,all,0,0,1,1,wsum,223.841758,609.106000,9.871403,,42,42,256
main|astana_clinic|M|single|k1|br0.5|ms3|s6,main,astana_clinic,M,8,15,single,1,0.5,3,6,1084,16,1,1,1,1,optimal,sha256:f9c25949685b849545daa062c4df56afc9d0b16a5ceca56ffe82836e678e1e2b,c01 c02,c01 c02,1,861,861,0,265894760,549470,0,265894760,549470,0,265894760,0,265894760,base single0,base single0,1,1,2,2,none,0.000000,0.000000,0.000000,,42,42,256
main|astana_clinic|M|single|k3|br0.5|ms3|s6,main,astana_clinic,M,8,15,single,3,0.5,3,6,1084,16,3,1,0,0,optimal,sha256:b288a36a7609b4c3c0f1370c72d2f5f02c054ff79c94c20f97081670e7741019,c01 c02,c01 c02,1,861,861,0,276175432,549470,0,276175432,549470,0,265894760,0,265894760,single1,single1,0,0,1,1,none,0.000000,0.000000,0.000000,,42,42,256
main|astana_clinic|M|single|k7|br0.5|ms3|s6,main,astana_clinic,M,8,15,single,7,0.5,3,6,1084,16,7,1,3,0,optimal,sha256:209f17906c9b024a5fcd8881d8655b09d0a5c568e02cb452ab4d5ead91e511d5,c01 c02,c02 c04,0,861,962,0,271212150,549470,0,270682034,564606,0,265894760,0,266087854,single6,single1,0,0,1,1,wsum,0.569405,-15.136000,0.207405,,42,42,256
main|astana_clinic|M|pair|k1|br0.5|ms3|s6,main,astana_clinic,M,8,15,pair,1,0.5,3,6,1084,16,1,2,0,0,optimal,sha256:45544bb77492f6ca367a638e58b57b073fd6a1e7a5ea4d3da5f58d7e80d0b553,c01 c02,c01 c02,1,861,861,0,270462400,549470,0,270462400,549470,0,265894760,0,265894760,pair0,pair0,0,0,1,1,none,0.000000,0.000000,0.000000,,42,42,256
main|astana_clinic|M|pair|k3|br0.5|ms3|s6,main,astana_clinic,M,8,15,pair,3,0.5,3,6,1084,16,3,2,0,0,optimal,sha256:079ac74f5d8fd9ceb2d78531867fa22a767a62b633849e7e5b28d25bf799da02,c01 c02,c01 c02,1,861,861,0,278698610,549470,0,278698610,549470,0,265894760,0,265894760,pair1,pair1,0,0,1,1,none,0.000000,0.000000,0.000000,,42,42,256
main|astana_clinic|M|pair|k7|br0.5|ms3|s6,main,astana_clinic,M,8,15,pair,7,0.5,3,6,1084,16,7,2,1,0,optimal,sha256:6ad443d5cd16983a92716e5664d27e11706f736214d4abdddaa1cc9119f00b72,c01 c02,c01 c02,1,861,861,0,281150339,549470,0,281150339,549470,0,265894760,0,265894760,pair4,pair4,0,0,1,1,none,0.000000,0.000000,0.000000,,42,42,256
main|astana_clinic|M|cluster|k1|br0.5|ms3|s6,main,astana_clinic,M,8,15,cluster,1,0.5,3,6,1084,16,1,3,0,0,optimal,sha256:7bf71963c9a43436f66edd3ced90e0ff039a30c02e17eccfd2663237f85f9c7f,c01 c02,c02 c04,0,861,962,0,306739929,619226,0,276642364,564606,0,265894760,0,266087854,cluster0,cluster0,0,0,1,1,wsum,32.328212,54.620000,0.207405,,42,42,256
main|astana_clinic|M|cluster|k3|br0.5|ms3|s6,main,astana_clinic,M,8,15,cluster,3,0.5,3,6,1084,16,2,3,0,0,optimal,sha256:b7d15709fe138efd89adb25068ef51a49c88f243793889664ea2557c84899a47,c01 c02,c02 c04,0,861,962,0,306739929,619226,0,276642364,564606,0,265894760,0,266087854,cluster1 cluster2,cluster1 cluster2,0,0,2,2,wsum,32.328212,54.620000,0.207405,,42,42,256
main|astana_clinic|M|cluster|k7|br0.5|ms3|s6,main,astana_clinic,M,8,15,cluster,7,0.5,3,6,1084,16,6,3,0,0,optimal,sha256:4f23ea8cde89ae34c703c0389f84bafe8bd2ad0aa0ffa6658af2a34f9a743605,c01 c02,c01 c02,1,861,861,0,296166202,549470,0,296166202,549470,0,265894760,0,265894760,cluster0 cluster1,cluster0 cluster1,0,0,2,2,none,0.000000,0.000000,0.000000,,42,42,256
main|astana_clinic|M|attribute|k1|br0.5|ms3|s6,main,astana_clinic,M,8,15,attribute,1,0.5,3,6,1084,16,1,7,0,0,optimal,sha256:a1fb9039822415d7cb77874e9de098888ed916ff3d1200ef4b0121feef40c200,c01 c02,c02 c04,0,861,962,0,298143620,549470,0,293019324,564606,0,265894760,0,266087854,low_confidence,low_confidence,0,0,1,1,wsum,5.504077,-15.136000,0.207405,,42,42,256
main|astana_clinic|M|all_disabled|k1|br0.5|ms3|s6,main,astana_clinic,M,8,15,all_disabled,1,0.5,3,6,1084,16,1,16,0,0,optimal,sha256:e63ffacce282279e53e1b9eb4724cfde2e57c95db0c7cf23e2a25e4fde285534,c01 c02,c01 c02 c05,0,861,1014,0,511306001,1158548,0,422715982,803781,0,265894760,0,265894760,all,all,0,0,1,1,wsum,95.155767,354.767000,0.000000,,42,42,256
main|astana_clinic|M|single|k1|br0.5|ms3|s7,main,astana_clinic,M,8,15,single,1,0.5,3,7,1301,16,1,1,0,0,optimal,sha256:49d2a14c531ae5907e7f1e9ce935a88381e01ef43e293b5bba3e4cc4b4b9de43,c00 c01 c03,c00 c01 c03,1,923,923,0,226655884,481179,0,226655884,481179,0,224890176,0,224890176,single0,single0,0,0,1,1,none,0.000000,0.000000,0.000000,,56,56,256
main|astana_clinic|M|single|k3|br0.5|ms3|s7,main,astana_clinic,M,8,15,single,3,0.5,3,7,1301,16,3,1,1,0,optimal,sha256:06a8d9d2f5b8cc115819f1594cdf9f8d472d055ef7dc11d1be8ee8f558412e73,c00 c01 c03,c00 c01 c03,1,923,923,0,226655884,481179,0,226655884,481179,0,224890176,0,224890176,single0,single0,0,0,1,1,none,0.000000,0.000000,0.000000,,56,56,256
main|astana_clinic|M|single|k7|br0.5|ms3|s7,main,astana_clinic,M,8,15,single,7,0.5,3,7,1301,16,7,1,4,0,optimal,sha256:eb6b1c53efe3e72f3fd388dcbbfc8c02f6fd688fc9afb94486dfb08673e609b0,c00 c01 c03,c00 c01 c03,1,923,923,0,229430417,571606,0,229430417,571606,0,224890176,0,224890176,single3,single3,0,0,1,1,none,0.000000,0.000000,0.000000,,56,56,256
main|astana_clinic|M|pair|k1|br0.5|ms3|s7,main,astana_clinic,M,8,15,pair,1,0.5,3,7,1301,16,1,2,0,0,optimal,sha256:d599c127739e542f12ed23fc1311542cbc27a64edacb5708172950c3dc941372,c00 c01 c03,c00 c01 c03,1,923,923,0,229685553,571606,0,229685553,571606,0,224890176,0,224890176,pair0,pair0,0,0,1,1,none,0.000000,0.000000,0.000000,,56,56,256
main|astana_clinic|M|pair|k3|br0.5|ms3|s7,main,astana_clinic,M,8,15,pair,3,0.5,3,7,1301,16,3,2,0,0,optimal,sha256:7490999802a343436f075fc4218ec2ed2354d9ca1953d63bff502b4657970968,c00 c01 c03,c01 c03 c04,0,923,1235,0,255434885,481179,0,243816014,481179,0,224890176,0,228945084,pair1,pair1,0,0,1,1,wsum,13.218283,0.000000,4.613092,,56,56,256
main|astana_clinic|M|pair|k7|br0.5|ms3|s7,main,astana_clinic,M,8,15,pair,7,0.5,3,7,1301,16,7,2,1,0,optimal,sha256:c6ff8d82ccf186cb4cc1f5b97cf0ecdde16326ff46d1c5e693eb023310c06d18,c00 c01 c03,c01 c03 c05,0,923,1299,0,254490725,481179,0,245371010,481179,0,224890176,0,228945084,pair6,pair6,0,0,1,1,wsum,10.375102,0.000000,4.613092,,56,56,256
main|astana_clinic|M|cluster|k1|br0.5|ms3|s7,main,astana_clinic,M,8,15,cluster,1,0.5,3,7,1301,16,1,3,0,0,optimal,sha256:b93869ee8714f8795bc4daad58b34900884b64a3b91578b840a897c4d795f097,c00 c01 c03,c00 c01 c03,1,923,923,0,229430417,571606,0,229430417,571606,0,224890176,0,224890176,cluster0,cluster0,0,0,1,1,none,0.000000,0.000000,0.000000,,56,56,256
main|astana_clinic|M|cluster|k3|br0.5|ms3|s7,main,astana_clinic,M,8,15,cluster,3,0.5,3,7,1301,16,3,3,1,0,optimal,sha256:4958578e0ab67a8cc0190c80914495ed44402b4f427130ad650359edcdb08790,c00 c01 c03,c00 c01 c03,1,923,923,0,229430417,571606,0,229430417,571606,0,224890176,0,224890176,cluster1,cluster1,0,0,1,1,none,0.000000,0.000000,0.000000,,56,56,256
main|astana_clinic|M|cluster|k7|br0.5|ms3|s7,main,astana_clinic,M,8,15,cluster,7,0.5,3,7,1301,16,5,3,0,0,optimal,sha256:4581613bf75288e57dc9a0956718861763d278e566861220e32ebcb0d0f7196c,c00 c01 c03,c01 c03 c05,0,923,1299,0,321174872,728454,0,255586206,481179,0,224890176,0,228945084,cluster1 cluster2,cluster1 cluster2,0,0,2,2,wsum,74.617367,247.275000,4.613092,,56,56,256
main|astana_clinic|M|attribute|k1|br0.5|ms3|s7,main,astana_clinic,M,8,15,attribute,1,0.5,3,7,1301,16,1,7,0,0,optimal,sha256:8a323d406586d3c2ef790248f06888c81027723c4805ecc5c0a4b069842d1aa3,c00 c01 c03,c01 c03 c05,0,923,1299,0,257066977,690567,0,248068885,571606,0,224890176,0,228945084,low_confidence,low_confidence,0,0,1,1,wsum,10.236737,118.961000,4.613092,,56,56,256
main|astana_clinic|M|all_disabled|k1|br0.5|ms3|s7,main,astana_clinic,M,8,15,all_disabled,1,0.5,3,7,1301,16,1,16,0,0,optimal,sha256:8dc2121e5cccc6e4af63d29002333f2ea6066f9dc541ae0d0d3c9f749f6f1ce5,c00 c01 c03,c01 c03 c05,0,923,1299,0,565136124,1516848,0,409319731,1156984,0,224890176,0,228945084,all,all,0,0,1,1,wsum,177.265521,359.864000,4.613092,,56,56,256
main|astana_clinic|M|single|k1|br0.5|ms3|s8,main,astana_clinic,M,8,15,single,1,0.5,3,8,1098,16,1,1,0,0,optimal,sha256:a59d84f2332472b02f7cb7a8c41448390b84e6775af43a3f7cb95b003444dae6,c06 c07,c02 c06 c07,0,473,1015,0,182934418,469437,0,180960808,469437,0,180938218,0,180938218,single0,single0,0,0,1,1,wsum,2.681535,0.000000,0.000000,,37,37,256
main|astana_clinic|M|single|k3|br0.5|ms3|s8,main,astana_clinic,M,8,15,single,3,0.5,3,8,1098,16,3,1,0,0,optimal,sha256:5e64ce55b7be2d74f53b8a803f1fc3f493e8959b130910c3c8736550da944684,c06 c07,c01 c06 c07,0,473,993,0,218126064,524702,0,211007613,469437,0,180938218,0,180938218,single0,single0,0,0,1,1,wsum,9.671808,55.265000,0.000000,,37,37,256
main|astana_clinic|M|single|k7|br0.5|ms3|s8,main,astana_clinic,M,8,15,single,7,0.5,3,8,1098,16,7,1,4,0,optimal,sha256:55a329fd741d804e242df385c9c76ad21b49f0f379dfdfbc45355b2ea2328208,c06 c07,c03 c06,0,473,1014,0,196651278,469437,0,196221389,469437,0,180938218,0,183879443,single2,single2,0,0,1,1,wsum,0.584088,0.000000,3.996230,,37,37,256
main|astana_clinic|M|pair|k1|br0.5|ms3|s8,main,astana_clinic,M,8,15,pair,1,0.5,3,8,1098,16,1,2,1,1,optimal,sha256:b172a0f96a8cbdb3df6625937a9d8936d41c5947236cf806482e95cb7f605730,c06 c07,c06 c07,1,473,473,0,180938218,469437,0,180938218,469437,0,180938218,0,180938218,base pair0,base pair0,1,1,2,2,none,0.000000,0.000000,0.000000,,37,37,256
main|astana_clinic|M|pair|k3|br0.5|ms3|s8,main,astana_clinic,M,8,15,pair,3,0.5,3,8,1098,16,3,2,0,0,optimal,sha256:6f2bff35302f9f4dcb55ff3381ad6bf9db121a4eebae0caf3e1142371826a688,c06 c07,c06 c07,1,473,473,0,188186741,469437,0,188186741,469437,0,180938218,0,180938218,pair2,pair2,0,0,1,1,none,0.000000,0.000000,0.000000,,37,37,256
main|astana_clinic|M|pair|k7|br0.5|ms3|s8,main,astana_clinic,M,8,15,pair,7,0.5,3,8,1098,16,7,2,2,0,optimal,sha256:d146ee3fed0c8a4c1b1b2f5b1af829d1463c43fcd2aead0110a4db88be0160c0,c06 c07,c06 c07,1,473,473,0,196651278,469437,0,196651278,469437,0,180938218,0,180938218,pair3 pair5,pair3 pair5,0,0,2,2,none,0.000000,0.000000,0.000000,,37,37,256
main|astana_clinic|M|cluster|k1|br0.5|ms3|s8,main,astana_clinic,M,8,15,cluster,1,0.5,3,8,1098,16,1,3,0,0,optimal,sha256:7e97677f5b30f4f248b714e4f9c3a7c175a216df071025ae408ab0febd5d9691,c06 c07,c03 c06,0,473,1014,0,305065763,736701,0,254476235,680107,0,180938218,0,183879443,cluster0,cluster0,0,0,1,1,wsum,68.735772,56.594000,3.996230,,37,37,256
main|astana_clinic|M|cluster|k3|br0.5|ms3|s8,main,astana_clinic,M,8,15,cluster,3,0.5,3,8,1098,16,3,3,0,0,optimal,sha256:7549af32b8dd95f94ce4ed210818d7b461a0237b86dc17b90bab2a84e3f1c35e,c06 c07,c06 c07,1,473,473,0,196928727,469437,0,196928727,469437,0,180938218,0,180938218,cluster0,cluster0,0,0,1,1,none,0.000000,0.000000,0.000000,,37,37,256
main|astana_clinic|M|cluster|k7|br0.5|ms3|s8,main,astana_clinic,M,8,15,cluster,7,0.5,3,8,1098,16,5,3,0,0,optimal,sha256:08f3c8b27ff0789c8501ec3727351dc497cf4a4587a86a0d7aa4345081ab7016,c06 c07,c02 c06 c07,0,473,1015,0,251983785,786089,0,245958710,736098,0,180938218,0,180938218,cluster4,cluster1,0,0,1,1,wsum,8.186243,49.991000,0.000000,,37,37,256
main|astana_clinic|M|attribute|k1|br0.5|ms3|s8,main,astana_clinic,M,8,15,attribute,1,0.5,3,8,1098,16,1,7,0,0,optimal,sha256:bfb61436e7acd0a78264311049bb847865db15acf153c072e3eb863c7972ab19,c06 c07,c01 c06 c07,0,473,993,0,254415180,524702,0,247296729,469437,0,180938218,0,180938218,low_confidence,low_confidence,0,0,1,1,wsum,9.671808,55.265000,0.000000,,37,37,256
main|astana_clinic|M|all_disabled|k1|br0.5|ms3|s8,main,astana_clinic,M,8,15,all_disabled,1,0.5,3,8,1098,16,1,16,0,0,optimal,sha256:a6810c4e51c5e49e73f1db3dfe7c3cb96736c7bfca53ce7a4ee2ff2df7a79838,c06 c07,c01 c05 c07,0,473,993,0,794628300,1703060,0,393070363,1152629,0,180938218,0,198905440,all,all,0,0,1,1,wsum,545.595023,550.431000,24.411986,,37,37,256
main|astana_clinic|M|single|k1|br0.5|ms3|s9,main,astana_clinic,M,8,15,single,1,0.5,3,9,1078,16,1,1,0,0,optimal,sha256:9881c69dd552f00eda4e31768461ef09ca50e2ed7a9d9931c54f46f0bba39a2c,c02 c06,c00 c06,0,642,866,0,202870280,950605,0,198373525,745798,0,190897195,0,198373525,single0,base single0,0,1,1,2,wsum,5.592979,204.807000,9.298918,,33,33,256
main|astana_clinic|M|single|k3|br0.5|ms3|s9,main,astana_clinic,M,8,15,single,3,0.5,3,9,1078,16,3,1,2,0,optimal,sha256:52086fc0883e231eea7f27bbfc3cdea48e40b8d827eb06386a87c6ab0e355ab8,c02 c06,c02 c06,1,642,642,0,194684419,805596,0,194684419,805596,0,190897195,0,190897195,single1,single1,0,0,1,1,none,0.000000,0.000000,0.000000,,33,33,256
main|astana_clinic|M|single|k7|br0.5|ms3|s9,main,astana_clinic,M,8,15,single,7,0.5,3,9,1078,16,7,1,5,0,optimal,sha256:2445c6213d8367e51ab94daa997bf27833326db972c52df9f6550053a9665b78,c02 c06,c02 c06,1,642,642,0,216724499,805596,0,216724499,805596,0,190897195,0,190897195,single2,single2,0,0,1,1,none,0.000000,0.000000,0.000000,,33,33,256
main|astana_clinic|M|pair|k1|br0.5|ms3|s9,main,astana_clinic,M,8,15,pair,1,0.5,3,9,1078,16,1,2,0,0,optimal,sha256:af14b57dd48d45addbd0d8425f325e533cbe2a34e1f14b1f4c9237e201c7f80f,c02 c06,c02 c06,1,642,642,0,193597234,805596,0,193597234,805596,0,190897195,0,190897195,pair0,pair0,0,0,1,1,none,0.000000,0.000000,0.000000,,33,33,256
main|astana_clinic|M|pair|k3|br0.5|ms3|s9,main,astana_clinic,M,8,15,pair,3,0.5,3,9,1078,16,3,2,2,0,optimal,sha256:5d3bae5074d7a86d3d966951e5b153384f607d159867fca3131a035ab7433545,c02 c06,c02 c06,1,642,642,0,216724499,805596,0,216724499,805596,0,190897195,0,190897195,pair1,pair1,0,0,1,1,none,0.000000,0.000000,0.000000,,33,33,256
main|astana_clinic|M|pair|k7|br0.5|ms3|s9,main,astana_clinic,M,8,15,pair,7,0.5,3,9,1078,16,7,2,1,0,optimal,sha256:451ead24cb0af93e0e22dd2f95871e98bec775a220c664488800516be676c1f7,c02 c06,c02 c06,1,642,642,0,216724499,805596,0,216724499,805596,0,190897195,0,190897195,pair2 pair4,pair2 pair4,0,0,2,2,none,0.000000,0.000000,0.000000,,33,33,256
main|astana_clinic|M|cluster|k1|br0.5|ms3|s9,main,astana_clinic,M,8,15,cluster,1,0.5,3,9,1078,16,1,3,0,0,optimal,sha256:c5fdc1532ce31d4876bc917c4c645ac428acc240eb6ede924861ab4df0f7da2a,c02 c06,c02 c06,1,642,642,0,231664592,805596,0,231664592,805596,0,190897195,0,190897195,cluster0,cluster0,0,0,1,1,none,0.000000,0.000000,0.000000,,33,33,256
main|astana_clinic|M|cluster|k3|br0.5|ms3|s9,main,astana_clinic,M,8,15,cluster,3,0.5,3,9,1078,16,3,3,2,0,optimal,sha256:d862ce5dec44145b673e14f6055fc4b9d59b8125725c0c35d37bb716213ebcd2,c02 c06,c06 c07,0,642,839,0,201674805,805596,0,197311766,805596,0,190897195,0,194280366,cluster2,cluster2,0,0,1,1,wsum,5.426665,0.000000,4.207924,,33,33,256
main|astana_clinic|M|cluster|k7|br0.5|ms3|s9,main,astana_clinic,M,8,15,cluster,7,0.5,3,9,1078,16,5,3,1,0,optimal,sha256:86e18867bd381f955a033e74c001c935283111ac6463d31fbb9f3b8046d918a9,c02 c06,c03 c07,0,642,1065,0,272801992,805596,0,255353205,805596,0,190897195,0,194575918,cluster1 cluster2 cluster4,cluster1 cluster2 cluster4,0,0,3,3,wsum,21.702471,0.000000,4.575526,,33,33,256
main|astana_clinic|M|attribute|k1|br0.5|ms3|s9,main,astana_clinic,M,8,15,attribute,1,0.5,3,9,1078,16,1,7,0,0,optimal,sha256:b77e8b6c91c563bd410feb82c85cf5b390a0dbc4b6af3039eeaa6aa7aa65880b,c02 c06,c02 c06,1,642,642,0,206410744,805596,0,206410744,805596,0,190897195,0,190897195,low_confidence,low_confidence,0,0,1,1,none,0.000000,0.000000,0.000000,,33,33,256
main|astana_clinic|M|all_disabled|k1|br0.5|ms3|s9,main,astana_clinic,M,8,15,all_disabled,1,0.5,3,9,1078,16,1,16,0,0,optimal,sha256:80f4c12454a8391ceb55fb4d9b930f869ce405a95fdd70eb9dbe2b93a5fb50a3,c02 c06,c02 c03 c06,0,642,1021,0,606366142,1545696,0,452830497,1216058,0,190897195,0,190897195,all,all,0,0,1,1,wsum,190.964733,329.638000,0.000000,,33,33,256
main|astana_clinic|M|single|k1|br1.0|ms3|s0,main,astana_clinic,M,8,15,single,1,1.0,3,0,2623,16,1,1,1,1,optimal,sha256:56aaeaf5baad95605eb3aefad8767d81c1c0d3ec53625217d63dc3ce192bff10,c00 c02 c03,c00 c02 c03,1,2028,2028,0,151623105,354655,0,151623105,354655,0,151623105,0,151623105,base single0,base single0,1,1,2,2,none,0.000000,0.000000,0.000000,,93,93,256
main|astana_clinic|M|single|k3|br1.0|ms3|s0,main,astana_clinic,M,8,15,single,3,1.0,3,0,2623,16,3,1,0,0,optimal,sha256:845091ca45ff9572f36e2875679e82e10aeab1c84da8b6dff4ca4c5e050e35c1,c00 c02 c03,c00 c02 c03,1,2028,2028,0,161888295,427533,0,161888295,427533,0,151623105,0,151623105,single1,single1,0,0,1,1,none,0.000000,0.000000,0.000000,,93,93,256
main|astana_clinic|M|single|k7|br1.0|ms3|s0,main,astana_clinic,M,8,15,single,7,1.0,3,0,2623,16,7,1,3,0,optimal,sha256:dbcf4211c56e217678d10c3bed82e5b449badf39fcf7f25e4e5cfc3348c560af,c00 c02 c03,c02 c03 c05,0,2028,1520,0,156554481,388184,0,154331714,354655,0,151623105,0,152598122,single1,single6,0,0,1,1,wsum,2.860704,33.529000,1.254848,,93,93,256
main|astana_clinic|M|pair|k1|br1.0|ms3|s0,main,astana_clinic,M,8,15,pair,1,1.0,3,0,2623,16,1,2,0,0,optimal,sha256:2be623ade9fb7799ee217fc7603771c5512cd6e2c1587212f110c84f19608934,c00 c02 c03,c02 c03 c06,0,2028,1813,0,167132491,384581,0,163985608,370872,0,151623105,0,153472058,pair0,pair0,0,0,1,1,wsum,4.050042,13.709000,2.379605,,93,93,256
main|astana_clinic|M|pair|k3|br1.0|ms3|s0,main,astana_clinic,M,8,15,pair,3,1.0,3,0,2623,16,3,2,0,0,optimal,sha256:54cce78963ecd984520ccd950bbe6b643ca9def075dc48e0c998a976044d293e,c00 c02 c03,c02 c03 c04,0,2028,2279,0,177983525,354655,0,176486061,377611,0,151623105,0,153472058,pair1,pair1,0,0,1,1,wsum,1.927238,-22.956000,2.379605,,93,93,256
main|astana_clinic|M|pair|k7|br1.0|ms3|s0,main,astana_clinic,M,8,15,pair,7,1.0,3,0,2623,16,7,2,3,0,optimal,sha256:d360d40720481aed3d375221c4729cad2af0e3f3feecfa2da30a272ada343b5b,c00 c02 c03,c02 c03 c06,0,2028,1813,0,166851337,384581,0,163737248,427533,0,151623105,0,153472058,pair6,pair2,0,0,1,1,wsum,4.007837,-42.952000,2.379605,,93,93,256
main|astana_clinic|M|cluster|k1|br1.0|ms3|s0,main,astana_clinic,M,8,15,cluster,1,1.0,3,0,2623,16,1,3,0,0,optimal,sha256:65b01abde8ebd6c7c63fab76c41b217a881190fa0607fd2baf785603269fca59,c00 c02 c03,c00 c02 c03,1,2028,2028,0,163981347,357736,0,163981347,357736,0,151623105,0,151623105,cluster0,cluster0,0,0,1,1,none,0.000000,0.000000,0.000000,,93,93,256
main|astana_clinic|M|cluster|k3|br1.0|ms3|s0,main,astana_clinic,M,8,15,cluster,3,1.0,3,0,2623,16,3,3,0,0,optimal,sha256:131bee52c003d424c36702fc7bb81626be22034ab0b511b5d2fb9d21c3ff7a94,c00 c02 c03,c02 c03 c06,0,2028,1813,0,216990818,657678,0,182100043,494492,0,151623105,0,153472058,cluster1,cluster1,0,0,1,1,wsum,44.904472,163.186000,2.379605,,93,93,256
main|astana_clinic|M|cluster|k7|br1.0|ms3|s0,main,astana_clinic,M,8,15,cluster,7,1.0,3,0,2623,16,5,3,0,0,optimal,sha256:6e7f743cb011bfb3c3cad6e646756f55e2a7589e646f13241ec448f6f715743e,c00 c02 c03,c00 c02 c03,1,2028,2028,0,183129910,384581,0,183129910,384581,0,151623105,0,151623105,cluster3,cluster3,0,0,1,1,none,0.000000,0.000000,0.000000,,93,93,256
main|astana_clinic|M|attribute|k1|br1.0|ms3|s0,main,astana_clinic,M,8,15,attribute,1,1.0,3,0,2623,16,1,7,0,0,optimal,sha256:1dc37a909a4bcbde3521c7bf4ad7f3bb74fcbfe9d8471d1ddcd6ef0ff6aefbb2,c00 c02 c03,c02 c03 c05,0,2028,1520,0,169727268,427533,0,165770909,427533,0,151623105,0,152598122,low_confidence,low_confidence,0,0,1,1,wsum,5.091839,0.000000,1.254848,,93,93,256
main|astana_clinic|M|all_disabled|k1|br1.0|ms3|s0,main,astana_clinic,M,8,15,all_disabled,1,1.0,3,0,2623,16,1,16,0,0,optimal,sha256:f42fcc24013048ec05987892dba4c966b10360369e8a0b265dd111fcfc6747f6,c00 c02 c03,c02 c03 c06,0,2028,1813,0,342503538,780743,0,324899077,780743,0,151623105,0,153472058,all,all,0,0,1,1,wsum,22.656964,0.000000,2.379605,,93,93,256
main|astana_clinic|M|single|k1|br1.0|ms3|s1,main,astana_clinic,M,8,15,single,1,1.0,3,1,1909,16,1,1,1,1,optimal,sha256:001bda70b26234d01808005b55d785be2b4f5eb363c7ebd88fc9e76bb6b90498,c00 c06 c07,c00 c06 c07,1,1438,1438,0,184682268,725772,0,184682268,725772,0,184682268,0,184682268,base single0,base single0,1,1,2,2,none,0.000000,0.000000,0.000000,,93,93,256
main|astana_clinic|M|single|k3|br1.0|ms3|s1,main,astana_clinic,M,8,15,single,3,1.0,3,1,1909,16,3,1,2,0,optimal,sha256:c3d1f03232ada337335ad38f60f584ef6595b0731c087eb6331061bcd2a7c34c,c00 c06 c07,c00 c06 c07,1,1438,1438,0,184682268,725772,0,184682268,725772,0,184682268,0,184682268,base single0 single1 single2,base single0 single1 single2,1,1,4,4,none,0.000000,0.000000,0.000000,,93,93,256
main|astana_clinic|M|single|k7|br1.0|ms3|s1,main,astana_clinic,M,8,15,single,7,1.0,3,1,1909,16,7,1,3,0,optimal,sha256:8f6cc929d3b8043406055cf8f5d1848867f2d9ef9c3501f84fffdc3c6b0772bb,c00 c06 c07,c00 c06 c07,1,1438,1438,0,193044331,725772,0,193044331,725772,0,184682268,0,184682268,single6,single6,0,0,1,1,none,0.000000,0.000000,0.000000,,93,93,256
main|astana_clinic|M|pair|k1|br1.0|ms3|s1,main,astana_clinic,M,8,15,pair,1,1.0,3,1,1909,16,1,2,1,1,optimal,sha256:381c1a944c09a88772ba1a7fb6946426fbeb9f31a1df5e08a04528a09db78be2,c00 c06 c07,c00 c06 c07,1,1438,1438,0,184682268,725772,0,184682268,725772,0,184682268,0,184682268,base pair0,base pair0,1,1,2,2,none,0.000000,0.000000,0.000000,,93,93,256
main|astana_clinic|M|pair|k3|br1.0|ms3|s1,main,astana_clinic,M,8,15,pair,3,1.0,3,1,1909,16,3,2,2,0,optimal,sha256:98a07a2f0e37f9fc5ef6e4add1fbabcd0e630d3873a6b7481110e6c3d3505422,c00 c06 c07,c00 c06 c07,1,1438,1438,0,184682268,725772,0,184682268,725772,0,184682268,0,184682268,base pair0 pair1 pair2,base pair0 pair1 pair2,1,1,4,4,none,0.000000,0.000000,0.000000,,93,93,256
main|astana_clinic|M|pair|k7|br1.0|ms3|s1,main,astana_clinic,M,8,15,pair,7,1.0,3,1,1909,16,6,2,2,0,optimal,sha256:74d78840cde40db17ac37bf09a62e03ecbc076a342c7a12d86b02b9ba9d8e175,c00 c06 c07,c00 c06 c07,1,1438,1438,0,226388102,735334,0,226388102,735334,0,184682268,0,184682268,pair6,pair6,0,0,1,1,none,0.000000,0.000000,0.000000,,93,93,256
main|astana_clinic|M|cluster|k1|br1.0|ms3|s1,main,astana_clinic,M,8,15,cluster,1,1.0,3,1,1909,16,1,3,0,0,optimal,sha256:4f6d5393f4243325bf5a81a0a11d508135453b835d4b13e15f3f8d0ab7403253,c00 c06 c07,c00 c06 c07,1,1438,1438,0,195982592,725772,0,195982592,725772,0,184682268,0,184682268,cluster0,cluster0,0,0,1,1,none,0.000000,0.000000,0.000000,,93,93,256
main|astana_clinic|M|cluster|k3|br1.0|ms3|s1,main,astana_clinic,M,8,15,cluster,3,1.0,3,1,1909,16,3,3,0,0,optimal,sha256:de32a42da3767f5e9622c471b15d3f0f64c77f3cc63b19e74c8059ce21044a98,c00 c06 c07,c05 c06 c07,0,1438,1888,0,285844229,1123081,0,234719693,936136,0,184682268,0,193337508,cluster2,cluster2,0,0,1,1,wsum,52.978794,186.945000,8.969161,,93,93,256
main|astana_clinic|M|cluster|k7|br1.0|ms3|s1,main,astana_clinic,M,8,15,cluster,7,1.0,3,1,1909,16,5,3,0,0,optimal,sha256:44f95c6ef00dcd350247821056aaa259b0558b8068f56c9977ab786718cadcd6,c00 c06 c07,c00 c05 c07,0,1438,1454,0,285844229,1123081,0,245550353,936136,0,184682268,0,204168168,cluster3,cluster3,0,0,1,1,wsum,41.755312,186.945000,20.192642,,93,93,256
main|astana_clinic|M|attribute|k1|br1.0|ms3|s1,main,astana_clinic,M,8,15,attribute,1,1.0,3,1,1909,16,1,7,0,0,optimal,sha256:7dea0e926b46809edd6682ce350699137ff44267a47900ce793d464d3dfbbb46,c00 c06 c07,c05 c06 c07,0,1438,1888,0,225842194,735334,0,225254158,735334,0,184682268,0,193337508,low_confidence,low_confidence,0,0,1,1,wsum,0.609364,0.000000,8.969161,,93,93,256
main|astana_clinic|M|all_disabled|k1|br1.0|ms3|s1,main,astana_clinic,M,8,15,all_disabled,1,1.0,3,1,1909,16,1,16,0,0,optimal,sha256:a5e8862b1ac1206fb061e37c0eae3ba7fa359bf32744d4f5cb8f656ccbc64103,c00 c06 c07,c00 c02 c05,0,1438,1021,0,571118002,1660818,0,380667755,652450,0,184682268,0,227748297,all,all,0,0,1,1,wsum,197.357769,1008.368000,44.628009,,93,93,256
main|astana_clinic|M|single|k1|br1.0|ms3|s2,main,astana_clinic,M,8,15,single,1,1.0,3,2,2254,16,1,1,1,1,optimal,sha256:f13ce24f562129a44bcbdf9eaf41abc1ad26b85a6978f465744098cf5ac98ec1,c03 c04 c05,c03 c04 c05,1,1535,1535,0,129246357,693343,0,129246357,693343,0,129246357,0,129246357,base single0,base single0,1,1,2,2,none,0.000000,0.000000,0.000000,,93,93,256
main|astana_clinic|M|single|k3|br1.0|ms3|s2,main,astana_clinic,M,8,15,single,3,1.0,3,2,2254,16,3,1,0,0,optimal,sha256:2d9e7085e26a0e7b10a0d669fded94d0edd3db51c6bfd96b8a71d453df0084cf,c03 c04 c05,c03 c04 c05,1,1535,1535,0,130227516,693343,0,130227516,693343,0,129246357,0,129246357,single0,single0,0,0,1,1,none,0.000000,0.000000,0.000000,,93,93,256
main|astana_clinic|M|single|k7|br1.0|ms3|s2,main,astana_clinic,M,8,15,single,7,1.0,3,2,2254,16,7,1,3,0,optimal,sha256:e3a7ff5c3c9650fe13ea5e247d857c7f57d2eff718befe7676d418fb710399eb,c03 c04 c05,c03 c04 c05,1,1535,1535,0,133413118,693343,0,133413118,693343,0,129246357,0,129246357,single3,single3,0,0,1,1,none,0.000000,0.000000,0.000000,,93,93,256
main|astana_clinic|M|pair|k1|br1.0|ms3|s2,main,astana_clinic,M,8,15,pair,1,1.0,3,2,2254,16,1,2,0,0,optimal,sha256:9bd444abe5a7ea616a600b0a783fd3f8e377a8822ef31fb6a1f70534257cb5a6,c03 c04 c05,c03 c04 c05,1,1535,1535,0,129246357,693343,0,129246357,693343,0,129246357,0,129246357,base pair0,base pair0,1,1,2,2,none,0.000000,0.000000,0.000000,,93,93,256
main|astana_clinic|M|pair|k3|br1.0|ms3|s2,main,astana_clinic,M,8,15,pair,3,1.0,3,2,2254,16,3,2,0,0,optimal,sha256:3d8ca9ceccd7f6f51ef3f1099cd04892b4420ba19e45e7497e5c49e8fc1b2a54,c03 c04 c05,c03 c04 c05,1,1535,1535,0,144702208,716119,0,144702208,716119,0,129246357,0,129246357,pair0,pair0,0,0,1,1,none,0.000000,0.000000,0.000000,,93,93,256
main|astana_clinic|M|pair|k7|br1.0|ms3|s2,main,astana_clinic,M,8,15,pair,7,1.0,3,2,2254,16,6,2,1,0,optimal,sha256:294d4f1bad1bbc035014da158f11912637b7ccf4973c6f58977ad7e3d72cd4eb,c03 c04 c05,c03 c04 c05,1,1535,1535,0,140535447,716119,0,140535447,716119,0,129246357,0,129246357,pair0,pair0,0,0,1,1,none,0.000000,0.000000,0.000000,,93,93,256
main|astana_clinic|M|cluster|k1|br1.0|ms3|s2,main,astana_clinic,M,8,15,cluster,1,1.0,3,2,2254,16,1,3,0,0,optimal,sha256:4b6005d77e27c6685b80d18034e1274d595bdaf57f05281ab3b22c023a8e68a4,c03 c04 c05,c03 c04 c05,1,1535,1535,0,129374595,693343,0,129374595,693343,0,129246357,0,129246357,cluster0,cluster0,0,0,1,1,none,0.000000,0.000000,0.000000,,93,93,256
main|astana_clinic|M|cluster|k3|br1.0|ms3|s2,main,astana_clinic,M,8,15,cluster,3,1.0,3,2,2254,16,3,3,0,0,optimal,sha256:4e106120c7cceecbb7f1bc719605601539f9d2793d5d46bb410523227c0af8e1,c03 c04 c05,c03 c04 c05,1,1535,1535,0,152693199,716119,0,152693199,716119,0,129246357,0,129246357,cluster2,cluster2,0,0,1,1,none,0.000000,0.000000,0.000000,,93,93,256
main|astana_clinic|M|cluster|k7|br1.0|ms3|s2,main,astana_clinic,M,8,15,cluster,7,1.0,3,2,2254,16,5,3,0,0,optimal,sha256:c528d1f966773020ee538020beb4f7430c1d9ff8f8e64ce5067d2bd4926d3f77,c03 c04 c05,c02 c03 c05,0,1535,1259,0,159688360,693343,0,149817811,693343,0,129246357,0,132347812,cluster1,cluster0 cluster3,0,0,1,2,wsum,18.077929,0.000000,5.680321,,93,93,256
main|astana_clinic|M|attribute|k1|br1.0|ms3|s2,main,astana_clinic,M,8,15,attribute,1,1.0,3,2,2254,16,1,7,0,0,optimal,sha256:bf546816f33833fa11566eb2d49e72146f8d438a5d2a2a0079b3e34da4aaffe7,c03 c04 c05,c00 c03 c05,0,1535,1593,0,156166934,716119,0,149137341,716119,0,129246357,0,132347812,low_confidence,low_confidence,0,0,1,1,wsum,12.874712,0.000000,5.680321,,93,93,256
main|astana_clinic|M|all_disabled|k1|br1.0|ms3|s2,main,astana_clinic,M,8,15,all_disabled,1,1.0,3,2,2254,16,1,16,0,0,optimal,sha256:f2bae7d1b95294e453fc3d1fc623ad17af245fed469eed77efc2e89917c85c3a,c03 c04 c05,c00 c02 c05,0,1535,1474,0,259256498,1006004,0,195815950,716119,0,129246357,0,143017289,all,all,0,0,1,1,wsum,116.191480,289.885000,25.221487,,93,93,256
main|astana_clinic|M|single|k1|br1.0|ms3|s3,main,astana_clinic,M,8,15,single,1,1.0,3,3,2499,16,1,1,1,1,optimal,sha256:45fa0f97d454ae1bbd6294c4e9c6d2940b743d17b93e7a25402164b48aeb9c0b,c01 c03 c05,c01 c03 c05,1,2364,2364,0,208467485,419790,0,208467485,419790,0,208467485,0,208467485,base single0,base single0,1,1,2,2,none,0.000000,0.000000,0.000000,,93,93,256
main|astana_clinic|M|single|k3|br1.0|ms3|s3,main,astana_clinic,M,8,15,single,3,1.0,3,3,2499,16,3,1,0,0,optimal,sha256:5b920d6f703951e7540b7bf9030ee0160165901a95f69efff02ee494899bc40a,c01 c03 c05,c01 c03 c05,1,2364,2364,0,208580234,419790,0,208580234,419790,0,208467485,0,208467485,single1,single1,0,0,1,1,none,0.000000,0.000000,0.000000,,93,93,256
main|astana_clinic|M|single|k7|br1.0|ms3|s3,main,astana_clinic,M,8,15,single,7,1.0,3,3,2499,16,7,1,2,0,optimal,sha256:ac50c26466a2226e92f9ff3d969944c1e360628c7ec9a457b6f76703e720b3af,c01 c03 c05,c01 c02 c03,0,2364,1974,0,235463888,698748,0,233597655,625030,0,208467485,0,213913382,single4,single4,0,0,1,1,wsum,2.075899,73.718000,6.057727,,93,93,256
main|astana_clinic|M|pair|k1|br1.0|ms3|s3,main,astana_clinic,M,8,15,pair,1,1.0,3,3,2499,16,1,2,0,0,optimal,sha256:f38d3488228b37993af8c394a6d7557a1d08f4ad8a01e9e2bf431e0aad1786e8,c01 c03 c05,c01 c03 c07,0,2364,2153,0,216573608,419790,0,216505955,419790,0,208467485,0,213913382,pair0,pair0,0,0,1,1,wsum,0.075254,0.000000,6.057727,,93,93,256
main|astana_clinic|M|pair|k3|br1.0|ms3|s3,main,astana_clinic,M,8,15,pair,3,1.0,3,3,2499,16,3,2,1,0,optimal,sha256:346f6840a310905e539e476ac8df0443f1bed3435331d92e429911b653ce3321,c01 c03 c05,c01 c03 c04,0,2364,1840,0,216326897,432550,0,211869197,419790,0,208467485,0,210550046,pair1,pair1,0,0,1,1,wsum,4.958509,12.760000,2.316531,,93,93,256
main|astana_clinic|M|pair|k7|br1.0|ms3|s3,main,astana_clinic,M,8,15,pair,7,1.0,3,3,2499,16,7,2,2,0,optimal,sha256:927a52994e590d9f7caff20940a9add639f01b70312be88beb4803856f669f06,c01 c03 c05,c01 c03 c07,0,2364,2153,0,229115586,419790,0,228011167,419790,0,208467485,0,213913382,pair2,pair4,0,0,1,1,wsum,1.228497,0.000000,6.057727,,93,93,256
main|astana_clinic|M|cluster|k1|br1.0|ms3|s3,main,astana_clinic,M,8,15,cluster,1,1.0,3,3,2499,16,1,3,0,0,optimal,sha256:3158eb444c52dc696cc59bf88270c17ea6c0abe9ed36e4d7b493a31d3aa37cdd,c01 c03 c05,c01 c03 c05,1,2364,2364,0,228732709,419790,0,228732709,419790,0,208467485,0,208467485,cluster0,cluster0,0,0,1,1,none,0.000000,0.000000,0.000000,,93,93,256
main|astana_clinic|M|cluster|k3|br1.0|ms3|s3,main,astana_clinic,M,8,15,cluster,3,1.0,3,3,2499,16,2,3,0,0,optimal,sha256:d53ca4be94769b96cad176467892644d3b58736123054700e3f356f48d70dcdc,c01 c03 c05,c01 c02 c03,0,2364,1974,0,302470993,1158987,0,267029525,625030,0,208467485,0,213913382,cluster1 cluster2,cluster1 cluster2,0,0,2,2,wsum,39.423212,533.957000,6.057727,,93,93,256
main|astana_clinic|M|cluster|k7|br1.0|ms3|s3,main,astana_clinic,M,8,15,cluster,7,1.0,3,3,2499,16,6,3,0,0,optimal,sha256:351c517caf3e9b2ce4ddecb7095892fd1b15bbe3c208bbc90eb7b1d250f0149f,c01 c03 c05,c01 c02 c03,0,2364,1974,0,302470993,1158987,0,267029525,625030,0,208467485,0,213913382,cluster0,cluster0,0,0,1,1,wsum,39.423212,533.957000,6.057727,,93,93,256
main|astana_clinic|M|attribute|k1|br1.0|ms3|s3,main,astana_clinic,M,8,15,attribute,1,1.0,3,3,2499,16,1,7,0,0,optimal,sha256:c47a110e4e319e7619c6a71eb44690ee25c49dfcc5dd20b09fd4e7fd1dafd4a4,c01 c03 c05,c01 c03 c04,0,2364,1840,0,219483772,419790,0,219363086,419790,0,208467485,0,210550046,low_confidence,low_confidence,0,0,1,1,wsum,0.134245,0.000000,2.316531,,93,93,256
main|astana_clinic|M|all_disabled|k1|br1.0|ms3|s3,main,astana_clinic,M,8,15,all_disabled,1,1.0,3,3,2499,16,1,16,0,0,optimal,sha256:f202ffa41671babfdb73ee65cd64a81049e8c7560e47050c7ee6702c5e2c14a1,c01 c03 c05,c02 c03 c07,0,2364,1675,0,649639533,1840822,0,428765084,736429,0,208467485,0,226416398,all,all,0,0,1,1,wsum,245.689042,1104.393000,19.965420,,93,93,256
main|astana_clinic|M|single|k1|br1.0|ms3|s4,main,astana_clinic,M,8,15,single,1,1.0,3,4,2678,16,1,1,0,0,optimal,sha256:e3fc37ceb20723dd6c10ba7b7acd5947f899fe81672d741e8a91540a66ef7390,c04 c06,c04 c06,1,1199,1199,0,152250884,354595,0,152250884,354595,0,149061773,0,149061773,single0,single0,0,0,1,1,none,0.000000,0.000000,0.000000,,93,93,256
main|astana_clinic|M|single|k3|br1.0|ms3|s4,main,astana_clinic,M,8,15,single,3,1.0,3,4,2678,16,3,1,1,0,optimal,sha256:d3f58e5cc6f850ee7988cc53929d6e4fc107da703fc20fd1b95fc50079a65423,c04 c06,c04 c06,1,1199,1199,0,194061153,501846,0,194061153,501846,0,149061773,0,149061773,single0,single0,0,0,1,1,none,0.000000,0.000000,0.000000,,93,93,256
main|astana_clinic|M|single|k7|br1.0|ms3|s4,main,astana_clinic,M,8,15,single,7,1.0,3,4,2678,16,7,1,1,0,optimal,sha256:7b7fbc25308f666c2a3b3978353877a528034271b45d6cec4dd53f65fd1d8160,c04 c06,c04 c06,1,1199,1199,0,194061153,501846,0,194061153,501846,0,149061773,0,149061773,single4,single4,0,0,1,1,none,0.000000,0.000000,0.000000,,93,93,256
main|astana_clinic|M|pair|k1|br1.0|ms3|s4,main,astana_clinic,M,8,15,pair,1,1.0,3,4,2678,16,1,2,0,0,optimal,sha256:2173f34bd06ea0a3d4b53b8a816221f37364cac8dcdb402624180f65d0ca0929,c04 c06,c04 c06,1,1199,1199,0,194061153,501846,0,194061153,501846,0,149061773,0,149061773,pair0,pair0,0,0,1,1,none,0.000000,0.000000,0.000000,,93,93,256
main|astana_clinic|M|pair|k3|br1.0|ms3|s4,main,astana_clinic,M,8,15,pair,3,1.0,3,4,2678,16,3,2,0,0,optimal,sha256:b2e0e478208ecc8a4672a8a34ca5cc91f20f6dd7e05b9a7b772c08703a91c248,c04 c06,c04 c06 c07,0,1199,2154,0,177551539,455886,0,164671030,354595,0,149061773,0,149061773,pair2,pair2,0,0,1,1,wsum,14.061691,101.291000,0.000000,,93,93,256
main|astana_clinic|M|pair|k7|br1.0|ms3|s4,main,astana_clinic,M,8,15,pair,7,1.0,3,4,2678,16,7,2,0,0,optimal,sha256:438a555f7b0b9056dc5547096103d687731535f134ea615641ca1e86dcc1c9a6,c04 c06,c02 c04 c06,0,1199,2062,0,205602708,501846,0,205039498,501846,0,149061773,0,149061773,pair5,pair5,0,0,1,1,wsum,0.614858,0.000000,0.000000,,93,93,256
main|astana_clinic|M|cluster|k1|br1.0|ms3|s4,main,astana_clinic,M,8,15,cluster,1,1.0,3,4,2678,16,1,3,0,0,optimal,sha256:ae796f72cfd4f2919c4e8804bfa3a372cc15051e4b62bbeea452d5d959c9f3a1,c04 c06,c04 c06,1,1199,1199,0,277727185,969833,0,277727185,969833,0,149061773,0,149061773,cluster0,cluster0,0,0,1,1,none,0.000000,0.000000,0.000000,,93,93,256
main|astana_clinic|M|cluster|k3|br1.0|ms3|s4,main,astana_clinic,M,8,15,cluster,3,1.0,3,4,2678,16,3,3,0,0,optimal,sha256:dc60ec19a5585082d9c16ea52bb744de483551e9b2a3c68e154bfb19338e2d63,c04 c06,c04 c06 c07,0,1199,2154,0,196008895,550623,0,176212585,354595,0,149061773,0,149061773,cluster1,cluster1,0,0,1,1,wsum,21.611692,196.028000,0.000000,,93,93,256
main|astana_clinic|M|cluster|k7|br1.0|ms3|s4,main,astana_clinic,M,8,15,cluster,7,1.0,3,4,2678,16,7,3,0,0,optimal,sha256:9e29a6b34b263e2337b0f968dabaafdf01056698e9113da435f5df38fc1a3f9d,c04 c06,c04 c06,1,1199,1199,0,277727185,969833,0,277727185,969833,0,149061773,0,149061773,cluster6,cluster6,0,0,1,1,none,0.000000,0.000000,0.000000,,93,93,256
main|astana_clinic|M|attribute|k1|br1.0|ms3|s4,main,astana_clinic,M,8,15,attribute,1,1.0,3,4,2678,16,1,7,0,0,optimal,sha256:8d6e74d19961119f62afc8e28db8f21143cc26cdad081f8c948f5b1242014972,c04 c06,c00 c04 c06,0,1199,1766,0,241837242,501846,0,229504729,501846,0,149061773,0,149061773,low_confidence,low_confidence,0,0,1,1,wsum,13.463442,0.000000,0.000000,,93,93,256
main|astana_clinic|M|all_disabled|k1|br1.0|ms3|s4,main,astana_clinic,M,8,15,all_disabled,1,1.0,3,4,2678,16,1,16,0,0,optimal,sha256:92f97962308816775d5343d2e133b5450d262ac8bdfeb57a36c972a7d7684d4e,c04 c06,c00 c02 c07,0,1199,2385,0,1004467177,1805764,0,584650866,1386019,0,149061773,0,178819945,all,all,0,0,1,1,wsum,458.314750,419.745000,32.487087,,93,93,256
main|astana_clinic|M|single|k1|br1.0|ms3|s5,main,astana_clinic,M,8,15,single,1,1.0,3,5,2146,16,1,1,0,0,optimal,sha256:14a64b990f7279c0aa82184a4e0b2bb47ab76f05fbb91a6ed916b8d48a709b95,c00 c05 c06,c00 c05 c06,1,1495,1495,0,213524554,498624,0,213524554,498624,0,213524554,0,213524554,base single0,base single0,1,1,2,2,none,0.000000,0.000000,0.000000,,93,93,256
main|astana_clinic|M|single|k3|br1.0|ms3|s5,main,astana_clinic,M,8,15,single,3,1.0,3,5,2146,16,3,1,1,0,optimal,sha256:30b1f7ff67cfc858f8d2f551622dbe86b55bb9273508fc44296c4001e154f706,c00 c05 c06,c00 c05 c06,1,1495,1495,0,213889982,498624,0,213889982,498624,0,213524554,0,213524554,single1,single1,0,0,1,1,none,0.000000,0.000000,0.000000,,93,93,256
main|astana_clinic|M|single|k7|br1.0|ms3|s5,main,astana_clinic,M,8,15,single,7,1.0,3,5,2146,16,7,1,4,0,optimal,sha256:a158f083a538a4c2c78d07f3f9e9883b27e457d334f93bb595af5462f13ae77d,c00 c05 c06,c00 c05 c06,1,1495,1495,0,234700562,498624,0,234700562,498624,0,213524554,0,213524554,single6,single6,0,0,1,1,none,0.000000,0.000000,0.000000,,93,93,256
main|astana_clinic|M|pair|k1|br1.0|ms3|s5,main,astana_clinic,M,8,15,pair,1,1.0,3,5,2146,16,1,2,1,1,optimal,sha256:ef617525bec602b7c51b86f69357ab9610d787ea67885f73371c71815ee6df87,c00 c05 c06,c00 c05 c06,1,1495,1495,0,213524554,498624,0,213524554,498624,0,213524554,0,213524554,base pair0,base pair0,1,1,2,2,none,0.000000,0.000000,0.000000,,93,93,256
main|astana_clinic|M|pair|k3|br1.0|ms3|s5,main,astana_clinic,M,8,15,pair,3,1.0,3,5,2146,16,3,2,0,0,optimal,sha256:fc96a606d885e17f98f08a23a8835c41dda43bc796003c558db1673739562b09,c00 c05 c06,c00 c05 c06,1,1495,1495,0,236053218,498624,0,236053218,498624,0,213524554,0,213524554,pair1,pair1,0,0,1,1,none,0.000000,0.000000,0.000000,,93,93,256
main|astana_clinic|M|pair|k7|br1.0|ms3|s5,main,astana_clinic,M,8,15,pair,7,1.0,3,5,2146,16,7,2,1,0,optimal,sha256:1e33a807ea21c3dc903008b1e50a4119df496bd2533eab38a37265afda3ef870,c00 c05 c06,c01 c05 c06,0,1495,1836,0,235047464,511919,0,230549577,498624,0,213524554,0,213819177,pair2,pair2,0,0,1,1,wsum,5.367407,13.295000,0.351579,,93,93,256
main|astana_clinic|M|cluster|k1|br1.0|ms3|s5,main,astana_clinic,M,8,15,cluster,1,1.0,3,5,2146,16,1,3,0,0,optimal,sha256:72fb62b2af35e29588a9266016a094eecb63cfed535f8b2111ef2f1fc18e21be,c00 c05 c06,c00 c05 c06,1,1495,1495,0,251790904,527850,0,251790904,527850,0,213524554,0,213524554,cluster0,cluster0,0,0,1,1,none,0.000000,0.000000,0.000000,,93,93,256
main|astana_clinic|M|cluster|k3|br1.0|ms3|s5,main,astana_clinic,M,8,15,cluster,3,1.0,3,5,2146,16,3,3,0,0,optimal,sha256:2d974e9d5feeb3c2476e1a8cae0acf9fc6716a6c9140e2e37918f86072ef4a22,c00 c05 c06,c01 c05 c06,0,1495,1836,0,252992412,511919,0,246995773,498624,0,213524554,0,213819177,cluster0,cluster0,0,0,1,1,wsum,7.155894,13.295000,0.351579,,93,93,256
main|astana_clinic|M|cluster|k7|br1.0|ms3|s5,main,astana_clinic,M,8,15,cluster,7,1.0,3,5,2146,16,6,3,0,0,optimal,sha256:942e8bc00d1763d39d1982bfc26d8ccba3843686afc40055fef420a0ed2e0344,c00 c05 c06,c00 c05 c06,1,1495,1495,0,238056596,498624,0,238056596,498624,0,213524554,0,213524554,cluster4,cluster4,0,0,1,1,none,0.000000,0.000000,0.000000,,93,93,256
main|astana_clinic|M|attribute|k1|br1.0|ms3|s5,main,astana_clinic,M,8,15,attribute,1,1.0,3,5,2146,16,1,7,0,0,optimal,sha256:439d83208cef96ac9fcb4d700a4dc56b3fa2f4739781c890482c3055f5fbd1e3,c00 c05 c06,c01 c05 c06,0,1495,1836,0,270981842,624938,0,266483955,624938,0,213524554,0,213819177,low_confidence,low_confidence,0,0,1,1,wsum,5.367407,0.000000,0.351579,,93,93,256
main|astana_clinic|M|all_disabled|k1|br1.0|ms3|s5,main,astana_clinic,M,8,15,all_disabled,1,1.0,3,5,2146,16,1,16,0,0,optimal,sha256:c823b7baa6d02c6e17ce22312bc996b07195004ddd7afdb4dad8d93fdd743c25,c00 c05 c06,c00 c05 c06,1,1495,1495,0,357912916,817282,0,357912916,817282,0,213524554,0,213524554,all,all,0,0,1,1,none,0.000000,0.000000,0.000000,,93,93,256
main|astana_clinic|M|single|k1|br1.0|ms3|s6,main,astana_clinic,M,8,15,single,1,1.0,3,6,2169,16,1,1,1,1,optimal,sha256:c1c86dc05717e6f83eb987bcc2615083613d08acd06e5654e514a0bc1b5a4eff,c00 c01 c02,c00 c01 c02,1,1713,1713,0,260320690,549470,0,260320690,549470,0,260320690,0,260320690,base single0,base single0,1,1,2,2,none,0.000000,0.000000,0.000000,,93,93,256
main|astana_clinic|M|single|k3|br1.0|ms3|s6,main,astana_clinic,M,8,15,single,3,1.0,3,6,2169,16,3,1,0,0,optimal,sha256:ff1e58ef08e6333716d47f0e9d08859d9ae693d01ae3ccc3883c0455871e7cb9,c00 c01 c02,c00 c01 c02,1,1713,1713,0,270601362,549470,0,270601362,549470,0,260320690,0,260320690,single1,single1,0,0,1,1,none,0.000000,0.000000,0.000000,,93,93,256
main|astana_clinic|M|single|k7|br1.0|ms3|s6,main,astana_clinic,M,8,15,single,7,1.0,3,6,2169,16,7,1,3,0,optimal,sha256:67c43a3486279482914901737d5c08c08805ea91dcac50e4bbc57287db23cbd7,c00 c01 c02,c00 c02 c04,0,1713,1814,0,265224550,549470,0,265081424,564606,0,260320690,0,260513784,single6,single4,0,0,1,1,wsum,0.153734,-15.136000,0.207405,,93,93,256
main|astana_clinic|M|pair|k1|br1.0|ms3|s6,main,astana_clinic,M,8,15,pair,1,1.0,3,6,2169,16,1,2,0,0,optimal,sha256:99aea9811104adf68d4fc9d9aee89e20f22bb3ebb132b7fd0b8bddda0012e81d,c00 c01 c02,c00 c01 c02,1,1713,1713,0,264888330,549470,0,264888330,549470,0,260320690,0,260320690,pair0,pair0,0,0,1,1,none,0.000000,0.000000,0.000000,,93,93,256
main|astana_clinic|M|pair|k3|br1.0|ms3|s6,main,astana_clinic,M,8,15,pair,3,1.0,3,6,2169,16,3,2,0,0,optimal,sha256:521d0358df590967cca8cdea09fbfcf0209a6c3c8fe7cd4a7f6fa9153f5d46ee,c00 c01 c02,c00 c01 c02,1,1713,1713,0,273124540,549470,0,273124540,549470,0,260320690,0,260320690,pair1,pair1,0,0,1,1,none,0.000000,0.000000,0.000000,,93,93,256
main|astana_clinic|M|pair|k7|br1.0|ms3|s6,main,astana_clinic,M,8,15,pair,7,1.0,3,6,2169,16,7,2,1,0,optimal,sha256:ac60b9940ec663756d0c70439a42d3221da38d7f972799db62bc299500e97cb3,c00 c01 c02,c00 c01 c02,1,1713,1713,0,271773642,549470,0,271773642,549470,0,260320690,0,260320690,pair0,pair0,0,0,1,1,none,0.000000,0.000000,0.000000,,93,93,256
main|astana_clinic|M|cluster|k1|br1.0|ms3|s6,main,astana_clinic,M,8,15,cluster,1,1.0,3,6,2169,16,1,3,0,0,optimal,sha256:6c1dd935133f5c637ebfbb37c7fce77ad0e29fa4e8db336938a48204e7bb527a,c00 c01 c02,c00 c02 c04,0,1713,1814,0,265224550,549470,0,260513784,564606,0,260320690,0,260513784,cluster0,base cluster0,0,1,1,2,wsum,5.059899,-15.136000,0.207405,,93,93,256
main|astana_clinic|M|cluster|k3|br1.0|ms3|s6,main,astana_clinic,M,8,15,cluster,3,1.0,3,6,2169,16,2,3,0,0,optimal,sha256:aa737a14afcaa0358820292ce3be689759f9123ac844692f953a2cfc4146b0a6,c00 c01 c02,c00 c02 c04,0,1713,1814,0,265224550,549470,0,260785825,564606,0,260320690,0,260513784,cluster1 cluster2,cluster0,0,0,2,1,wsum,4.767696,-15.136000,0.207405,,93,93,256
main|astana_clinic|M|cluster|k7|br1.0|ms3|s6,main,astana_clinic,M,8,15,cluster,7,1.0,3,6,2169,16,6,3,0,0,optimal,sha256:1cef0d35287827f6e72cf6fc9f78c84afa0e6022456a6e1d1e4c36e8a304f5a6,c00 c01 c02,c00 c01 c02,1,1713,1713,0,285997952,549470,0,285997952,549470,0,260320690,0,260320690,cluster0 cluster1,cluster0 cluster1,0,0,2,2,none,0.000000,0.000000,0.000000,,93,93,256
main|astana_clinic|M|attribute|k1|br1.0|ms3|s6,main,astana_clinic,M,8,15,attribute,1,1.0,3,6,2169,16,1,7,0,0,optimal,sha256:a65dcef6d646ebfc8faaca8df68f3732b882aa6053ce23fbfbb5eb6869068657,c00 c01 c02,c00 c02 c04,0,1713,1814,0,292156020,549470,0,287445254,564606,0,260320690,0,260513784,low_confidence,low_confidence,0,0,1,1,wsum,5.059899,-15.136000,0.207405,,93,93,256
main|astana_clinic|M|all_disabled|k1|br1.0|ms3|s6,main,astana_clinic,M,8,15,all_disabled,1,1.0,3,6,2169,16,1,16,0,0,optimal,sha256:81d133dc42951323cb31a35ff828f5d4b8898c6ca4f67b6052dc7a437ca769af,c00 c01 c02,c01 c02 c05,0,1713,1014,0,469790622,1158548,0,422715982,803781,0,260320690,0,265894760,all,all,0,0,1,1,wsum,50.563523,354.767000,5.987186,,93,93,256
main|astana_clinic|M|single|k1|br1.0|ms3|s7,main,astana_clinic,M,8,15,single,1,1.0,3,7,2603,16,1,1,0,0,optimal,sha256:9837b8a0a870eb4fc268541680c6e41e7d66d00c3cc7b8e0d57037352328c232,c00 c01 c03,c00 c01 c03,1,923,923,0,226655884,481179,0,226655884,481179,0,224890176,0,224890176,single0,single0,0,0,1,1,none,0.000000,0.000000,0.000000,,93,93,256
main|astana_clinic|M|single|k3|br1.0|ms3|s7,main,astana_clinic,M,8,15,single,3,1.0,3,7,2603,16,3,1,1,0,optimal,sha256:ca449abf44198272175ef1a37966928e0c7e71fd62280f14893dd57782af400d,c00 c01 c03,c00 c01 c03,1,923,923,0,226655884,481179,0,226655884,481179,0,224890176,0,224890176,single0,single0,0,0,1,1,none,0.000000,0.000000,0.000000,,93,93,256
main|astana_clinic|M|single|k7|br1.0|ms3|s7,main,astana_clinic,M,8,15,single,7,1.0,3,7,2603,16,7,1,4,0,optimal,sha256:be861c6a46898f36f40d56892da1b1af5231c616c15a1861d517a0d246155418,c00 c01 c03,c01 c03 c07,0,923,1347,0,229430417,571606,0,229304579,481179,0,224890176,0,228483031,single3,single6,0,0,1,1,wsum,0.143160,90.427000,4.087435,,93,93,256
main|astana_clinic|M|pair|k1|br1.0|ms3|s7,main,astana_clinic,M,8,15,pair,1,1.0,3,7,2603,16,1,2,0,0,optimal,sha256:e3eb65a46013dc60dc83062f523347663031cac3cdc663e21fd7034e0e6969f6,c00 c01 c03,c01 c03 c07,0,923,1347,0,229685553,571606,0,228483031,481179,0,224890176,0,228483031,pair0,base pair0,0,1,1,2,wsum,1.368057,90.427000,4.087435,,93,93,256
main|astana_clinic|M|pair|k3|br1.0|ms3|s7,main,astana_clinic,M,8,15,pair,3,1.0,3,7,2603,16,3,2,0,0,optimal,sha256:9bc8792cb52a0a9744a76c0df9a74e738316c04daac69d686b0e11b0e13d8922,c00 c01 c03,c01 c03 c04,0,923,1235,0,255434885,481179,0,243816014,481179,0,224890176,0,228945084,pair1,pair1,0,0,1,1,wsum,13.218283,0.000000,4.613092,,93,93,256
main|astana_clinic|M|pair|k7|br1.0|ms3|s7,main,astana_clinic,M,8,15,pair,7,1.0,3,7,2603,16,7,2,1,0,optimal,sha256:b94799d7160a6b2768efbdcd85fae9e7262de1fb9657c7806baf79e24ef44932,c00 c01 c03,c01 c03 c05,0,923,1299,0,254490725,481179,0,245371010,481179,0,224890176,0,228945084,pair6,pair6,0,0,1,1,wsum,10.375102,0.000000,4.613092,,93,93,256
main|astana_clinic|M|cluster|k1|br1.0|ms3|s7,main,astana_clinic,M,8,15,cluster,1,1.0,3,7,2603,16,1,3,0,0,optimal,sha256:53766959b823eb03a809ef5ac4e7a62f8742041e5a394e1555c24ee09e50e9c8,c00 c01 c03,c00 c01 c03,1,923,923,0,229430417,571606,0,229430417,571606,0,224890176,0,224890176,cluster0,cluster0,0,0,1,1,none,0.000000,0.000000,0.000000,,93,93,256
main|astana_clinic|M|cluster|k3|br1.0|ms3|s7,main,astana_clinic,M,8,15,cluster,3,1.0,3,7,2603,16,3,3,1,0,optimal,sha256:ef068cecd5ee8bd364f32c9e831cd88a8f511868ba6d936af96196e9389a3035,c00 c01 c03,c00 c01 c03,1,923,923,0,229430417,571606,0,229430417,571606,0,224890176,0,224890176,cluster1,cluster1,0,0,1,1,none,0.000000,0.000000,0.000000,,93,93,256
main|astana_clinic|M|cluster|k7|br1.0|ms3|s7,main,astana_clinic,M,8,15,cluster,7,1.0,3,7,2603,16,5,3,0,0,optimal,sha256:be1dfe7455f56384677edddbd046b0ab082f0b3ab174479be9161553e18bd0c5,c00 c01 c03,c01 c03 c05,0,923,1299,0,321174872,728454,0,255586206,481179,0,224890176,0,228945084,cluster1 cluster2,cluster1 cluster2,0,0,2,2,wsum,74.617367,247.275000,4.613092,,93,93,256
main|astana_clinic|M|attribute|k1|br1.0|ms3|s7,main,astana_clinic,M,8,15,attribute,1,1.0,3,7,2603,16,1,7,0,0,optimal,sha256:c1491e993d509b2d7ccde08afe6156da8c33be6564ec88d79a08d33c474c641d,c00 c01 c03,c01 c03 c05,0,923,1299,0,257066977,690567,0,248068885,571606,0,224890176,0,228945084,low_confidence,low_confidence,0,0,1,1,wsum,10.236737,118.961000,4.613092,,93,93,256
main|astana_clinic|M|all_disabled|k1|br1.0|ms3|s7,main,astana_clinic,M,8,15,all_disabled,1,1.0,3,7,2603,16,1,16,0,0,optimal,sha256:e4d514f6b5b68db562c54a0b2de03b7f6c1ac070cc7f5a23001a5ed782b783fa,c00 c01 c03,c01 c03 c05,0,923,1299,0,565136124,1516848,0,409319731,1156984,0,224890176,0,228945084,all,all,0,0,1,1,wsum,177.265521,359.864000,4.613092,,93,93,256
main|astana_clinic|M|single|k1|br1.0|ms3|s8,main,astana_clinic,M,8,15,single,1,1.0,3,8,2196,16,1,1,0,0,optimal,sha256:f85710351b10dc53a6b083aa17ed338f1c0dd16f3927eb4f7c6dbd9a9514e51f,c00 c06 c07,c02 c06 c07,0,1368,1015,0,181460718,469437,0,180960808,469437,0,179464518,0,180938218,single0,single0,0,0,1,1,wsum,0.679226,0.000000,2.002310,,93,93,256
main|astana_clinic|M|single|k3|br1.0|ms3|s8,main,astana_clinic,M,8,15,single,3,1.0,3,8,2196,16,3,1,0,0,optimal,sha256:e8093dbea0ec17d55368c74d94bfb26866dd997212df9d31ece97d5ff17cc37e,c00 c06 c07,c01 c06 c07,0,1368,993,0,216652364,524702,0,211007613,469437,0,179464518,0,180938218,single0,single0,0,0,1,1,wsum,7.669499,55.265000,2.002310,,93,93,256
main|astana_clinic|M|single|k7|br1.0|ms3|s8,main,astana_clinic,M,8,15,single,7,1.0,3,8,2196,16,7,1,4,0,optimal,sha256:6887f59a7397a19d0a70bde4e3e6d7828f66401f3c13324d064eee27a04d4d8f,c00 c06 c07,c03 c06 c07,0,1368,1232,0,195177578,469437,0,193258897,469437,0,179464518,0,180916951,single2,single2,0,0,1,1,wsum,2.606904,0.000000,1.973414,,93,93,256
main|astana_clinic|M|pair|k1|br1.0|ms3|s8,main,astana_clinic,M,8,15,pair,1,1.0,3,8,2196,16,1,2,1,1,optimal,sha256:bf8fc184ee0994913e79504cbd9556b18e46bb7a1d22f6704ac6990140f70684,c00 c06 c07,c00 c06 c07,1,1368,1368,0,179464518,469437,0,179464518,469437,0,179464518,0,179464518,base pair0,base pair0,1,1,2,2,none,0.000000,0.000000,0.000000,,93,93,256
main|astana_clinic|M|pair|k3|br1.0|ms3|s8,main,astana_clinic,M,8,15,pair,3,1.0,3,8,2196,16,3,2,0,0,optimal,sha256:25ef18c432a9ef90be049a1607c76734baf39102f1f7ce2f770d3107371738a1,c00 c06 c07,c00 c06 c07,1,1368,1368,0,186713041,469437,0,186713041,469437,0,179464518,0,179464518,pair2,pair2,0,0,1,1,none,0.000000,0.000000,0.000000,,93,93,256
main|astana_clinic|M|pair|k7|br1.0|ms3|s8,main,astana_clinic,M,8,15,pair,7,1.0,3,8,2196,16,7,2,2,0,optimal,sha256:fe3bc654d106d2a9f9ab94dfd8743825e9549d1ee8a1be28d099bb2e0134ca70,c00 c06 c07,c03 c06 c07,0,1368,1232,0,195177578,469437,0,194602657,469437,0,179464518,0,180916951,pair3 pair5,pair6,0,0,2,1,wsum,0.781143,0.000000,1.973414,,93,93,256
main|astana_clinic|M|cluster|k1|br1.0|ms3|s8,main,astana_clinic,M,8,15,cluster,1,1.0,3,8,2196,16,1,3,0,0,optimal,sha256:2c9aa10946e218f59e007fa53277b820eab5f725da20e9005eecb096ae984fdc,c00 c06 c07,c01 c03 c06,0,1368,1534,0,297899749,736701,0,243466484,641194,0,179464518,0,183879443,cluster0,cluster0,0,0,1,1,wsum,73.958240,95.507000,5.998539,,93,93,256
main|astana_clinic|M|cluster|k3|br1.0|ms3|s8,main,astana_clinic,M,8,15,cluster,3,1.0,3,8,2196,16,3,3,0,0,optimal,sha256:4f2aef7f1a1c9f0244cd35da26047a595d35bde3f992041102c67e1dfa4a0d07,c00 c06 c07,c00 c06 c07,1,1368,1368,0,195455027,469437,0,195455027,469437,0,179464518,0,179464518,cluster0,cluster0,0,0,1,1,none,0.000000,0.000000,0.000000,,93,93,256
main|astana_clinic|M|cluster|k7|br1.0|ms3|s8,main,astana_clinic,M,8,15,cluster,7,1.0,3,8,2196,16,5,3,0,0,optimal,sha256:8f8124a8435e84a89ac2237abe849385f2db19d9b9c077236814a3081c7e5063,c00 c06 c07,c01 c03 c06,0,1368,1534,0,242983219,764757,0,220512838,469437,0,179464518,0,183879443,cluster4,cluster0 cluster3,0,0,1,2,wsum,30.530409,295.320000,5.998539,,93,93,256
main|astana_clinic|M|attribute|k1|br1.0|ms3|s8,main,astana_clinic,M,8,15,attribute,1,1.0,3,8,2196,16,1,7,0,0,optimal,sha256:dcd652474c9c425ef5296bf62ec8178430a0227c2bbeb55167a4ec62de76b508,c00 c06 c07,c01 c06 c07,0,1368,993,0,252941480,524702,0,247296729,469437,0,179464518,0,180938218,low_confidence,low_confidence,0,0,1,1,wsum,7.669499,55.265000,2.002310,,93,93,256
main|astana_clinic|M|all_disabled|k1|br1.0|ms3|s8,main,astana_clinic,M,8,15,all_disabled,1,1.0,3,8,2196,16,1,16,0,0,optimal,sha256:279275d90c3ea590b11844ac1d340dacf61bee0164024298de9537cc6daaef37,c00 c06 c07,c03 c05 c07,0,1368,1232,0,604437565,1471302,0,364572187,1005294,0,179464518,0,198884173,all,all,0,0,1,1,wsum,325.904046,466.008000,26.385401,,93,93,256
main|astana_clinic|M|single|k1|br1.0|ms3|s9,main,astana_clinic,M,8,15,single,1,1.0,3,9,2156,16,1,1,0,0,optimal,sha256:727b7a85d81e29d740760f2c0146952cc1bd1652e1dd749e8d3668a7503c41f8,c00 c02 c07,c00 c02 c07,1,1888,1888,0,175698216,745798,0,175698216,745798,0,175698216,0,175698216,base single0,base single0,1,1,2,2,none,0.000000,0.000000,0.000000,,93,93,256
main|astana_clinic|M|single|k3|br1.0|ms3|s9,main,astana_clinic,M,8,15,single,3,1.0,3,9,2156,16,3,1,2,0,optimal,sha256:43d05135e88abe10e009e924de943adf8af6959e68680a4c507c182ff833ada4,c00 c02 c07,c00 c02 c07,1,1888,1888,0,179485440,745798,0,179485440,745798,0,175698216,0,175698216,single1,single1,0,0,1,1,none,0.000000,0.000000,0.000000,,93,93,256
main|astana_clinic|M|single|k7|br1.0|ms3|s9,main,astana_clinic,M,8,15,single,7,1.0,3,9,2156,16,7,1,5,0,optimal,sha256:05b52afe08ffae1b02388e0609571cb0b8e5bb70e9ab6bfd46a310f1bec6e1e3,c00 c02 c07,c00 c02 c07,1,1888,1888,0,201525520,745798,0,201525520,745798,0,175698216,0,175698216,single2,single2,0,0,1,1,none,0.000000,0.000000,0.000000,,93,93,256
main|astana_clinic|M|pair|k1|br1.0|ms3|s9,main,astana_clinic,M,8,15,pair,1,1.0,3,9,2156,16,1,2,0,0,optimal,sha256:a2c984e4e127716994c3613273e0da745e12dc5d54b409729d32060a679486d2,c00 c02 c07,c00 c02 c07,1,1888,1888,0,178398255,745798,0,178398255,745798,0,175698216,0,175698216,pair0,pair0,0,0,1,1,none,0.000000,0.000000,0.000000,,93,93,256
main|astana_clinic|M|pair|k3|br1.0|ms3|s9,main,astana_clinic,M,8,15,pair,3,1.0,3,9,2156,16,3,2,2,0,optimal,sha256:cc49daa46ab8faa37adb81b9f208df2523bbf6ba5b6c0f7c5d59c349eabfc113,c00 c02 c07,c00 c02 c07,1,1888,1888,0,201525520,745798,0,201525520,745798,0,175698216,0,175698216,pair1,pair1,0,0,1,1,none,0.000000,0.000000,0.000000,,93,93,256
main|astana_clinic|M|pair|k7|br1.0|ms3|s9,main,astana_clinic,M,8,15,pair,7,1.0,3,9,2156,16,7,2,1,0,optimal,sha256:0081cb22551365aa6536b8451fceae7d68e7ae9f20d76baeab5724d4f6dfbbd2,c00 c02 c07,c00 c02 c07,1,1888,1888,0,201525520,745798,0,201525520,745798,0,175698216,0,175698216,pair2 pair4,pair2 pair4,0,0,2,2,none,0.000000,0.000000,0.000000,,93,93,256
main|astana_clinic|M|cluster|k1|br1.0|ms3|s9,main,astana_clinic,M,8,15,cluster,1,1.0,3,9,2156,16,1,3,0,0,optimal,sha256:199d2c46b70d472945107e6b0fa6466921abffad357ca662a30a61f4d27ab9d8,c00 c02 c07,c02 c06 c07,0,1888,1328,0,233447824,745798,0,220383542,805596,0,175698216,0,181103350,cluster0,cluster0,0,0,1,1,wsum,16.249107,-59.798000,6.722803,,93,93,256
main|astana_clinic|M|cluster|k3|br1.0|ms3|s9,main,astana_clinic,M,8,15,cluster,3,1.0,3,9,2156,16,3,3,2,0,optimal,sha256:4f63860b15cd7a634058461d5c8b49d34ff83e869d838e391d094e4db784898e,c00 c02 c07,c00 c02 c07,1,1888,1888,0,178729616,745798,0,178729616,745798,0,175698216,0,175698216,cluster2,cluster2,0,0,1,1,none,0.000000,0.000000,0.000000,,93,93,256
main|astana_clinic|M|cluster|k7|br1.0|ms3|s9,main,astana_clinic,M,8,15,cluster,7,1.0,3,9,2156,16,5,3,1,0,optimal,sha256:307c2ee01b017a634e25f15fee25358e3b0aaac98b8c866a72b4d738fe3392b9,c00 c02 c07,c00 c02 c07,1,1888,1888,0,241323087,745798,0,241323087,745798,0,175698216,0,175698216,cluster1 cluster2 cluster4,cluster1 cluster2 cluster4,0,0,3,3,none,0.000000,0.000000,0.000000,,93,93,256
main|astana_clinic|M|attribute|k1|br1.0|ms3|s9,main,astana_clinic,M,8,15,attribute,1,1.0,3,9,2156,16,1,7,0,0,optimal,sha256:5de340cd2b938d0b3449418ef730776a58820e57e66e36a9d23edd277e0f8d3e,c00 c02 c07,c00 c02 c07,1,1888,1888,0,192783165,745798,0,192783165,745798,0,175698216,0,175698216,low_confidence,low_confidence,0,0,1,1,none,0.000000,0.000000,0.000000,,93,93,256
main|astana_clinic|M|all_disabled|k1|br1.0|ms3|s9,main,astana_clinic,M,8,15,all_disabled,1,1.0,3,9,2156,16,1,16,0,0,optimal,sha256:5d8e4618dac7a0fecad7bbed3bef26e0f4c1a253b28b6fddc0e2c9c280184e4c,c00 c02 c07,c00 c02 c07,1,1888,1888,0,348089520,745798,0,348089520,745798,0,175698216,0,175698216,all,all,0,0,1,1,none,0.000000,0.000000,0.000000,,93,93,256
main|astana_clinic|L|single|k1|br0.5|ms3|s0,main,astana_clinic,L,12,25,single,1,0.5,3,0,1444,16,1,1,1,1,optimal,sha256:ddfbc90ea7db7aa7faaef9c77888aac93bab955894276c6640f1ece6bc29e95c,c02 c03,c02 c03,1,1295,1295,0,328243513,385516,0,328243513,385516,0,328243513,0,328243513,base single0,base single0,1,1,2,2,none,0.000000,0.000000,0.000000,,160,160,4096
main|astana_clinic|L|single|k3|br0.5|ms3|s0,main,astana_clinic,L,12,25,single,3,0.5,3,0,1444,16,3,1,0,0,optimal,sha256:83b5d685b0fce25774da33f210c6ad26172a70d00b45129a8cc2b7b0b547b501,c02 c03,c02 c03,1,1295,1295,0,354557071,551797,0,354557071,551797,0,328243513,0,328243513,single1,single1,0,0,1,1,none,0.000000,0.000000,0.000000,,160,160,4096
main|astana_clinic|L|single|k7|br0.5|ms3|s0,main,astana_clinic,L,12,25,single,7,0.5,3,0,1444,16,7,1,2,0,optimal,sha256:5edcde8995159e326e2f690a0b0bfe5f522a4457b7f7a48c92012b08e3e6cf68,c02 c03,c02 c03 c07,0,1295,1435,0,348416393,540365,0,333897161,385516,0,328243513,0,328243513,single0,single0,0,0,1,1,wsum,10.181790,154.849000,0.000000,,160,160,4096
main|astana_clinic|L|pair|k1|br0.5|ms3|s0,main,astana_clinic,L,12,25,pair,1,0.5,3,0,1444,16,1,2,0,0,optimal,sha256:9d2967e47bb60e83bf4329e7e43d3b2e112d282c6ee6348ed51a57272342d5c7,c02 c03,c02 c03,1,1295,1295,0,345847099,385516,0,345847099,385516,0,328243513,0,328243513,pair0,pair0,0,0,1,1,none,0.000000,0.000000,0.000000,,160,160,4096
main|astana_clinic|L|pair|k3|br0.5|ms3|s0,main,astana_clinic,L,12,25,pair,3,0.5,3,0,1444,16,3,2,0,0,optimal,sha256:1b809baef5e6d83d20e25dc6a029f85f8c8e575031d136cc815ce11b39395527,c02 c03,c02 c03,1,1295,1295,0,368238930,421866,0,368238930,421866,0,328243513,0,328243513,pair1,pair1,0,0,1,1,none,0.000000,0.000000,0.000000,,160,160,4096
main|astana_clinic|L|pair|k7|br0.5|ms3|s0,main,astana_clinic,L,12,25,pair,7,0.5,3,0,1444,16,7,2,1,0,optimal,sha256:01bf2cb77b7b6f547f992b46a00ec28cf9bf45583a1b92d4bfebe1c9570b23f2,c02 c03,c02 c03,1,1295,1295,0,354557071,551797,0,354557071,551797,0,328243513,0,328243513,pair2,pair2,0,0,1,1,none,0.000000,0.000000,0.000000,,160,160,4096
main|astana_clinic|L|cluster|k1|br0.5|ms3|s0,main,astana_clinic,L,12,25,cluster,1,0.5,3,0,1444,16,1,3,0,0,optimal,sha256:2ab69406decc729c6747615d68536d0fd66c82b1961dc423f45e21d7d5c7e3d9,c02 c03,c02 c03,1,1295,1295,0,342259873,410639,0,342259873,410639,0,328243513,0,328243513,cluster0,cluster0,0,0,1,1,none,0.000000,0.000000,0.000000,,160,160,4096
main|astana_clinic|L|cluster|k3|br0.5|ms3|s0,main,astana_clinic,L,12,25,cluster,3,0.5,3,0,1444,16,3,3,0,0,optimal,sha256:d1d883a4e3ea7bd2b3121fd226d269341fd4fad33f63580aad3448b8b0f0c132,c02 c03,c03 c05 c06,0,1295,1132,0,414265884,657678,0,392052589,718307,0,328243513,0,345282036,cluster1,cluster1,0,0,1,1,wsum,15.577346,-60.629000,11.948473,,160,160,4096
main|astana_clinic|L|cluster|k7|br0.5|ms3|s0,main,astana_clinic,L,12,25,cluster,7,0.5,3,0,1444,16,5,3,0,0,optimal,sha256:d2a302d7781d67ccd7f765619643581cac8c44852e07b66b777fe8217fdb3dee,c02 c03,c02 c03 c07,0,1295,1435,0,379908237,667586,0,373778768,385516,0,328243513,0,328243513,cluster2 cluster4 cluster5,cluster3,0,0,3,1,wsum,4.298365,282.070000,0.000000,,160,160,4096
main|astana_clinic|L|attribute|k1|br0.5|ms3|s0,main,astana_clinic,L,12,25,attribute,1,0.5,3,0,1444,16,1,7,0,0,optimal,sha256:235d1511e76e43b51ba5fd5cb678f04739a9ed146d6d0a75bcd9fb0bb343b0eb,c02 c03,c02 c03 c07,0,1295,1435,0,378943345,551797,0,367612089,551797,0,328243513,0,328243513,low_confidence,low_confidence,0,0,1,1,wsum,7.946182,0.000000,0.000000,,160,160,4096
main|astana_clinic|L|all_disabled|k1|br0.5|ms3|s0,main,astana_clinic,L,12,25,all_disabled,1,0.5,3,0,1444,16,1,16,0,0,optimal,sha256:f0fb9a85f030cee67f00a678bfb79b654fc4906b9da09e91eafc2d6b49beb80c,c02 c03,c03 c06 c09,0,1295,1323,0,871139314,1305866,0,631308507,823781,0,328243513,0,352391133,all,all,0,0,1,1,wsum,168.184297,482.085000,16.933815,,160,160,4096
main|astana_clinic|L|single|k1|br0.5|ms3|s1,main,astana_clinic,L,12,25,single,1,0.5,3,1,1190,16,1,1,1,1,optimal,sha256:e9a973d2b0c1103e6d4ac0cec84730cbe46eda16f08b74b49249145599479b58,c00 c02 c10,c00 c02 c10,1,1007,1007,0,328703802,400521,0,328703802,400521,0,328703802,0,328703802,base single0,base single0,1,1,2,2,none,0.000000,0.000000,0.000000,,93,93,4096
main|astana_clinic|L|single|k3|br0.5|ms3|s1,main,astana_clinic,L,12,25,single,3,0.5,3,1,1190,16,3,1,1,0,optimal,sha256:68721cd8cc90c95649d57caa6bdb6dfdba21b692ace6d819ba44eec636132bf4,c00 c02 c10,c00 c02 c10,1,1007,1007,0,334525509,400521,0,334525509,400521,0,328703802,0,328703802,single0,single0,0,0,1,1,none,0.000000,0.000000,0.000000,,93,93,4096
main|astana_clinic|L|single|k7|br0.5|ms3|s1,main,astana_clinic,L,12,25,single,7,0.5,3,1,1190,16,7,1,2,0,optimal,sha256:7d54619d40a224f1238337f0e1896a4eaa4ca2e5a76df3ec57bd69910a731e00,c00 c02 c10,c00 c02 c10,1,1007,1007,0,347627850,400521,0,347627850,400521,0,328703802,0,328703802,single5,single5,0,0,1,1,none,0.000000,0.000000,0.000000,,93,93,4096
main|astana_clinic|L|pair|k1|br0.5|ms3|s1,main,astana_clinic,L,12,25,pair,1,0.5,3,1,1190,16,1,2,0,0,optimal,sha256:053114376645ea510d5fcb991bdea48c1035e91ef6ac802a05fcf0b80f1e006e,c00 c02 c10,c00 c02 c10,1,1007,1007,0,330384202,400521,0,330384202,400521,0,328703802,0,328703802,pair0,pair0,0,0,1,1,none,0.000000,0.000000,0.000000,,93,93,4096
main|astana_clinic|L|pair|k3|br0.5|ms3|s1,main,astana_clinic,L,12,25,pair,3,0.5,3,1,1190,16,3,2,0,0,optimal,sha256:ba269828ce934f02bcec0600ad7b9a9ad6c68bc5eed3644ddc856997e7f11f08,c00 c02 c10,c00 c02 c10,1,1007,1007,0,347627850,400521,0,347627850,400521,0,328703802,0,328703802,pair1 pair2,pair1 pair2,0,0,2,2,none,0.000000,0.000000,0.000000,,93,93,4096
main|astana_clinic|L|pair|k7|br0.5|ms3|s1,main,astana_clinic,L,12,25,pair,7,0.5,3,1,1190,16,6,2,0,0,optimal,sha256:c6414fff303b8865eadbfd61b5b05145d0229dc7f08a4855cfaa623255f0156e,c00 c02 c10,c00 c02 c10,1,1007,1007,0,369556764,476553,0,369556764,476553,0,328703802,0,328703802,pair6,pair6,0,0,1,1,none,0.000000,0.000000,0.000000,,93,93,4096
main|astana_clinic|L|cluster|k1|br0.5|ms3|s1,main,astana_clinic,L,12,25,cluster,1,0.5,3,1,1190,16,1,3,0,0,optimal,sha256:6320e4cfdbb5d2077e1a7792f0b8f08e50b54a2050ad6e4f7cf8e1ce477201dc,c00 c02 c10,c00 c02 c10,1,1007,1007,0,343910510,486387,0,343910510,486387,0,328703802,0,328703802,cluster0,cluster0,0,0,1,1,none,0.000000,0.000000,0.000000,,93,93,4096
main|astana_clinic|L|cluster|k3|br0.5|ms3|s1,main,astana_clinic,L,12,25,cluster,3,0.5,3,1,1190,16,3,3,0,0,optimal,sha256:fc30c6f407da3c4f3918f3abfa3581aeb2e5c694eb6d702846116080a08b6edb,c00 c02 c10,c01 c02 c10,0,1007,1011,0,379097244,476553,0,373493787,428769,0,328703802,0,342712197,cluster2,cluster2,0,0,1,1,wsum,3.528625,47.784000,8.821407,,93,93,4096
main|astana_clinic|L|cluster|k7|br0.5|ms3|s1,main,astana_clinic,L,12,25,cluster,7,0.5,3,1,1190,16,5,3,0,0,optimal,sha256:eeab01725eed64f36d86ab8ed12253cda68b6023eab56d56a0be0e3b7ed1aed8,c00 c02 c10,c00 c01 c10,0,1007,851,0,424552296,763516,0,413694219,574251,0,328703802,0,356971542,cluster1 cluster4 cluster6,cluster5,0,0,3,1,wsum,6.837580,189.265000,17.800844,,93,93,4096
main|astana_clinic|L|attribute|k1|br0.5|ms3|s1,main,astana_clinic,L,12,25,attribute,1,0.5,3,1,1190,16,1,7,0,0,optimal,sha256:af28321597f4da2d8e0aed62cba47187c82fc75e0b117586826bd479f69fdacc,c00 c02 c10,c00 c02 c10,1,1007,1007,0,371057552,476553,0,371057552,476553,0,328703802,0,328703802,low_confidence,low_confidence,0,0,1,1,none,0.000000,0.000000,0.000000,,93,93,4096
main|astana_clinic|L|all_disabled|k1|br0.5|ms3|s1,main,astana_clinic,L,12,25,all_disabled,1,0.5,3,1,1190,16,1,16,0,0,optimal,sha256:e2300f9d09725f7f8f29e08b546c98804804ec5ef32873d2270c92cc84206079,c00 c02 c10,c00 c01 c11,0,1007,1095,0,644848460,954700,0,614521705,813438,0,328703802,0,387408711,all,all,0,0,1,1,wsum,19.097453,141.262000,36.967827,,93,93,4096
main|astana_clinic|L|single|k1|br0.5|ms3|s2,main,astana_clinic,L,12,25,single,1,0.5,3,2,1342,16,1,1,1,1,optimal,sha256:019ad9c01183ec903b8f375ab6e99b5b104f3b55f5a82fab3b721ed3969bd668,c03 c05 c10,c03 c05 c10,1,1330,1330,0,271240313,693343,0,271240313,693343,0,271240313,0,271240313,base single0,base single0,1,1,2,2,none,0.000000,0.000000,0.000000,,81,81,4096
main|astana_clinic|L|single|k3|br0.5|ms3|s2,main,astana_clinic,L,12,25,single,3,0.5,3,2,1342,16,3,1,0,0,optimal,sha256:a558f3ee9df8304f5d734d03da804263206cec1e4d8a807fb9b36a61e47fbcb6,c03 c05 c10,c03 c05 c10,1,1330,1330,0,283147668,699384,0,283147668,699384,0,271240313,0,271240313,single0,single0,0,0,1,1,none,0.000000,0.000000,0.000000,,81,81,4096
main|astana_clinic|L|single|k7|br0.5|ms3|s2,main,astana_clinic,L,12,25,single,7,0.5,3,2,1342,16,7,1,2,0,optimal,sha256:0689820001e3e9422a66b9fec6130f020744f6aa97688ec31aab74117e5f6b1d,c03 c05 c10,c03 c05 c10,1,1330,1330,0,283147668,699384,0,283147668,699384,0,271240313,0,271240313,single0,single0,0,0,1,1,none,0.000000,0.000000,0.000000,,81,81,4096
main|astana_clinic|L|pair|k1|br0.5|ms3|s2,main,astana_clinic,L,12,25,pair,1,0.5,3,2,1342,16,1,2,0,0,optimal,sha256:a63a5ece1a6eb8fa4f166c59777fc006599c5236c226eea078cb0c74b49c163e,c03 c05 c10,c03 c05 c10,1,1330,1330,0,271240313,693343,0,271240313,693343,0,271240313,0,271240313,base pair0,base pair0,1,1,2,2,none,0.000000,0.000000,0.000000,,81,81,4096
main|astana_clinic|L|pair|k3|br0.5|ms3|s2,main,astana_clinic,L,12,25,pair,3,0.5,3,2,1342,16,3,2,0,0,optimal,sha256:0b5c5ec2c3f4d342d3c61868077bef230413a27cb3d339bf2e41664267109229,c03 c05 c10,c02 c03 c05,0,1330,1259,0,299291334,716119,0,299018016,716119,0,271240313,0,273868641,pair0,pair0,0,0,1,1,wsum,0.217091,0.000000,2.087631,,81,81,4096
main|astana_clinic|L|pair|k7|br0.5|ms3|s2,main,astana_clinic,L,12,25,pair,7,0.5,3,2,1342,16,6,2,0,0,optimal,sha256:8e35b07e9154e2054d7134fecf177f04136e7aad349255f289277dad0052cf75,c03 c05 c10,c03 c05 c10,1,1330,1330,0,295124573,716119,0,295124573,716119,0,271240313,0,271240313,pair0,pair0,0,0,1,1,none,0.000000,0.000000,0.000000,,81,81,4096
main|astana_clinic|L|cluster|k1|br0.5|ms3|s2,main,astana_clinic,L,12,25,cluster,1,0.5,3,2,1342,16,1,3,0,0,optimal,sha256:a76fe4c26cb7586b1d607ce6dfa57efe01cfac41c79994b67f5d4cbd85321d24,c03 c05 c10,c03 c05 c10,1,1330,1330,0,277680659,693343,0,277680659,693343,0,271240313,0,271240313,cluster0,cluster0,0,0,1,1,none,0.000000,0.000000,0.000000,,81,81,4096
main|astana_clinic|L|cluster|k3|br0.5|ms3|s2,main,astana_clinic,L,12,25,cluster,3,0.5,3,2,1342,16,3,3,0,0,optimal,sha256:6636f7042dc4a1889b1537c0a0251edddf84a5123c3f82bd2d64f46841b8dd34,c03 c05 c10,c03 c05 c10,1,1330,1330,0,328372363,800496,0,328372363,800496,0,271240313,0,271240313,cluster2,cluster2,0,0,1,1,none,0.000000,0.000000,0.000000,,81,81,4096
main|astana_clinic|L|cluster|k7|br0.5|ms3|s2,main,astana_clinic,L,12,25,cluster,7,0.5,3,2,1342,16,5,3,0,0,optimal,sha256:3398fe858c09ce923781d09970519e6b6850213ddc3382107662c609dedf153e,c03 c05 c10,c00 c05,0,1330,1140,0,323890630,730668,0,323729393,730668,0,271240313,0,271978453,cluster5 cluster6,cluster5 cluster6,0,0,2,2,wsum,0.128068,0.000000,0.586291,,81,81,4096
main|astana_clinic|L|attribute|k1|br0.5|ms3|s2,main,astana_clinic,L,12,25,attribute,1,0.5,3,2,1342,16,1,7,0,0,optimal,sha256:ee2cd614a4d47d83173c80c24cbd56e28140a84e6d387f934724e30bd3994e34,c03 c05 c10,c00 c05,0,1330,1140,0,310851631,716119,0,305880585,716119,0,271240313,0,271978453,low_confidence,low_confidence,0,0,1,1,wsum,3.948408,0.000000,0.586291,,81,81,4096
main|astana_clinic|L|all_disabled|k1|br0.5|ms3|s2,main,astana_clinic,L,12,25,all_disabled,1,0.5,3,2,1342,16,1,16,0,0,optimal,sha256:750012d7d35146def01ebc7e485b7dac07eac01bd7f3054193fc11874a83c4c3,c03 c05 c10,c02 c05 c10,0,1330,1211,0,633182659,1088059,0,545316809,875897,0,271240313,0,274864463,all,all,0,0,1,1,wsum,69.790191,212.162000,2.878594,,81,81,4096
main|astana_clinic|L|single|k1|br0.5|ms3|s3,main,astana_clinic,L,12,25,single,1,0.5,3,3,1302,16,1,1,1,1,optimal,sha256:dc5f36fa6420b7f54854d47e1591c848eec3817059711090835c0f9bf52ced8d,c01 c08,c01 c08,1,1148,1148,0,299093844,352474,0,299093844,352474,0,299093844,0,299093844,base single0,base single0,1,1,2,2,none,0.000000,0.000000,0.000000,,102,102,4096
main|astana_clinic|L|single|k3|br0.5|ms3|s3,main,astana_clinic,L,12,25,single,3,0.5,3,3,1302,16,3,1,0,0,optimal,sha256:d8df0b5d8a582a8877a5203d8f25baee2a5c04cb1c37320418b04f34b5aec8e7,c01 c08,c01 c08,1,1148,1148,0,307585652,352474,0,307585652,352474,0,299093844,0,299093844,single0,single0,0,0,1,1,none,0.000000,0.000000,0.000000,,102,102,4096
main|astana_clinic|L|single|k7|br0.5|ms3|s3,main,astana_clinic,L,12,25,single,7,0.5,3,3,1302,16,7,1,2,0,optimal,sha256:ea70c0be4b297093f760cd02e966f43d7d10009c76c96a64a85f47460c4daf39,c01 c08,c01 c08,1,1148,1148,0,340988889,423199,0,340988889,423199,0,299093844,0,299093844,single2,single2,0,0,1,1,none,0.000000,0.000000,0.000000,,102,102,4096
main|astana_clinic|L|pair|k1|br0.5|ms3|s3,main,astana_clinic,L,12,25,pair,1,0.5,3,3,1302,16,1,2,0,0,optimal,sha256:5130ce117c36e2ca9afda81dcf97d49298f6b5b0ae31927bd035ed0dbded23ba,c01 c08,c01 c08,1,1148,1148,0,307199967,395415,0,307199967,395415,0,299093844,0,299093844,pair0,pair0,0,0,1,1,none,0.000000,0.000000,0.000000,,102,102,4096
main|astana_clinic|L|pair|k3|br0.5|ms3|s3,main,astana_clinic,L,12,25,pair,3,0.5,3,3,1302,16,3,2,1,0,optimal,sha256:dbcadd3562257e0cd99bf100f9549e57f49db08047988cfdfa72f6c3917636a3,c01 c08,c01 c08,1,1148,1148,0,307805796,512223,0,307805796,512223,0,299093844,0,299093844,pair1,pair1,0,0,1,1,none,0.000000,0.000000,0.000000,,102,102,4096
main|astana_clinic|L|pair|k7|br0.5|ms3|s3,main,astana_clinic,L,12,25,pair,7,0.5,3,3,1302,16,7,2,2,0,optimal,sha256:eda9958cb81b65c76714cc1f6c24fbaa46ec076c3e4a9b90c3d6a2c731abd66a,c01 c08,c01 c08,1,1148,1148,0,342109614,423199,0,342109614,423199,0,299093844,0,299093844,pair5,pair5,0,0,1,1,none,0.000000,0.000000,0.000000,,102,102,4096
main|astana_clinic|L|cluster|k1|br0.5|ms3|s3,main,astana_clinic,L,12,25,cluster,1,0.5,3,3,1302,16,1,3,0,0,optimal,sha256:862840a27900659732e95423566578514138fe62964be4d768cc1bce75121431,c01 c08,c01 c08 c11,0,1148,1298,0,379172231,617320,0,373635711,554405,0,299093844,0,299093844,cluster0,cluster0,0,0,1,1,wsum,3.863587,62.915000,0.000000,,102,102,4096
main|astana_clinic|L|cluster|k3|br0.5|ms3|s3,main,astana_clinic,L,12,25,cluster,3,0.5,3,3,1302,16,2,3,0,0,optimal,sha256:9179d79448e8ad5b392a1741a442a724c4acccf682c59af6f8fc33ac2f8bd592,c01 c08,c01 c08,1,1148,1148,0,381151671,563357,0,381151671,563357,0,299093844,0,299093844,cluster1 cluster2,cluster1 cluster2,0,0,2,2,none,0.000000,0.000000,0.000000,,102,102,4096
main|astana_clinic|L|cluster|k7|br0.5|ms3|s3,main,astana_clinic,L,12,25,cluster,7,0.5,3,3,1302,16,6,3,0,0,optimal,sha256:f5e8fa6d1e41986dcb3393828d45007a21e06bb018f58a56b103867a898ea124,c01 c08,c03 c04 c08,0,1148,1172,0,471200782,816136,0,402516813,872420,0,299093844,0,320360759,cluster3 cluster6,cluster4,0,0,2,1,wsum,47.930195,-56.284000,14.840834,,102,102,4096
main|astana_clinic|L|attribute|k1|br0.5|ms3|s3,main,astana_clinic,L,12,25,attribute,1,0.5,3,3,1302,16,1,7,0,0,optimal,sha256:c260a1b138121e2e6807050bd0d3689d7b3c849e57f61f1f7eae099db08837ba,c01 c08,c01 c08,1,1148,1148,0,365691954,507139,0,365691954,507139,0,299093844,0,299093844,low_confidence,low_confidence,0,0,1,1,none,0.000000,0.000000,0.000000,,102,102,4096
main|astana_clinic|L|all_disabled|k1|br0.5|ms3|s3,main,astana_clinic,L,12,25,all_disabled,1,0.5,3,3,1302,16,1,16,0,0,optimal,sha256:efbc2975f3b5e2ea632c4fa354d126f5c7d3175beaa3051716cc7a7d80c82e33,c01 c08,c02 c03 c11,0,1148,1216,0,1009624094,1281798,0,709999137,1283134,0,299093844,0,338682785,all,all,0,0,1,1,wsum,209.089293,-1.336000,27.626616,,102,102,4096
main|astana_clinic|L|single|k1|br0.5|ms3|s4,main,astana_clinic,L,12,25,single,1,0.5,3,4,1408,16,1,1,0,0,optimal,sha256:444838c571aa70b4a62857096de5f4cd24842d5491fd80b94ce55b27d54ec087,c04 c08 c11,c04 c08 c11,1,1329,1329,0,263211168,450965,0,263211168,450965,0,260022057,0,260022057,single0,single0,0,0,1,1,none,0.000000,0.000000,0.000000,,88,88,4096
main|astana_clinic|L|single|k3|br0.5|ms3|s4,main,astana_clinic,L,12,25,single,3,0.5,3,4,1408,16,3,1,1,0,optimal,sha256:cdb3621d2458acc102a7c27d561bc51989574244d1b70a0a91e3653104476970,c04 c08 c11,c04 c08 c11,1,1329,1329,0,305021437,501846,0,305021437,501846,0,260022057,0,260022057,single0,single0,0,0,1,1,none,0.000000,0.000000,0.000000,,88,88,4096
main|astana_clinic|L|single|k7|br0.5|ms3|s4,main,astana_clinic,L,12,25,single,7,0.5,3,4,1408,16,7,1,1,0,optimal,sha256:242bfa4d9f9dc1bec37ed4e0587ba444fbacbad49ad040d39ffaaee801868394,c04 c08 c11,c04 c08 c11,1,1329,1329,0,305021437,501846,0,305021437,501846,0,260022057,0,260022057,single4,single4,0,0,1,1,none,0.000000,0.000000,0.000000,,88,88,4096
main|astana_clinic|L|pair|k1|br0.5|ms3|s4,main,astana_clinic,L,12,25,pair,1,0.5,3,4,1408,16,1,2,0,0,optimal,sha256:2cf2f1deb0593da7c9e294f94152f1c28c4c7b2ee8e08d89c66f6c0fd6e53c99,c04 c08 c11,c04 c08 c11,1,1329,1329,0,310516309,501846,0,310516309,501846,0,260022057,0,260022057,pair0,pair0,0,0,1,1,none,0.000000,0.000000,0.000000,,88,88,4096
main|astana_clinic|L|pair|k3|br0.5|ms3|s4,main,astana_clinic,L,12,25,pair,3,0.5,3,4,1408,16,3,2,0,0,optimal,sha256:ede69fe0e7ebf8a687d5dadcfa0b7a7bc8521d87991f2f810d6338e4c411115a,c04 c08 c11,c04 c08 c11,1,1329,1329,0,274253082,450965,0,274253082,450965,0,260022057,0,260022057,pair0 pair1,pair0 pair1,0,0,2,2,none,0.000000,0.000000,0.000000,,88,88,4096
main|astana_clinic|L|pair|k7|br0.5|ms3|s4,main,astana_clinic,L,12,25,pair,7,0.5,3,4,1408,16,7,2,0,0,optimal,sha256:6a67b722fae326a81a77fe6a3fbb3e0592092bd1f3f426d080be73f4c3a2a7f6,c04 c08 c11,c04 c08 c11,1,1329,1329,0,321161432,501846,0,321161432,501846,0,260022057,0,260022057,pair5,pair5,0,0,1,1,none,0.000000,0.000000,0.000000,,88,88,4096
main|astana_clinic|L|cluster|k1|br0.5|ms3|s4,main,astana_clinic,L,12,25,cluster,1,0.5,3,4,1408,16,1,3,0,0,optimal,sha256:dfe6049f3f91ffe5b52e37bf22f01668fc561358b5071a7c7e19bbdebd166802,c04 c08 c11,c04 c08 c11,1,1329,1329,0,388687469,969833,0,388687469,969833,0,260022057,0,260022057,cluster0,cluster0,0,0,1,1,none,0.000000,0.000000,0.000000,,88,88,4096
main|astana_clinic|L|cluster|k3|br0.5|ms3|s4,main,astana_clinic,L,12,25,cluster,3,0.5,3,4,1408,16,3,3,0,0,optimal,sha256:6d78b5c14feda70bca3eae25e7c50085d046bb3a676742682a16aabfe8a3630f,c04 c08 c11,c04 c08 c10,0,1329,1376,0,286536224,450965,0,285984291,450965,0,260022057,0,260091553,cluster1,cluster0,0,0,1,1,wsum,0.385428,0.000000,0.048531,,88,88,4096
main|astana_clinic|L|cluster|k7|br0.5|ms3|s4,main,astana_clinic,L,12,25,cluster,7,0.5,3,4,1408,16,7,3,0,0,optimal,sha256:e6b4cf343cfb144c799c38c47052b0d422c7119906fa8aa262a86015cd1d38a3,c04 c08 c11,c04 c08 c11,1,1329,1329,0,388687469,969833,0,388687469,969833,0,260022057,0,260022057,cluster6,cluster6,0,0,1,1,none,0.000000,0.000000,0.000000,,88,88,4096
main|astana_clinic|L|attribute|k1|br0.5|ms3|s4,main,astana_clinic,L,12,25,attribute,1,0.5,3,4,1408,16,1,7,0,0,optimal,sha256:74562cf2cdc4bea6c0eba3cbb16ca37bdc3af647c05a6d4b387a569753d0273a,c04 c08 c11,c04 c08 c11,1,1329,1329,0,356742439,501846,0,356742439,501846,0,260022057,0,260022057,low_confidence,low_confidence,0,0,1,1,none,0.000000,0.000000,0.000000,,88,88,4096
main|astana_clinic|L|all_disabled|k1|br0.5|ms3|s4,main,astana_clinic,L,12,25,all_disabled,1,0.5,3,4,1408,16,1,16,0,0,optimal,sha256:8d9c03946a995e313a0fe253bbe06c448395d142a0bf02e163e09f488075a162,c04 c08 c11,c04 c08 c11,1,1329,1329,0,832173959,1092146,0,832173959,1092146,0,260022057,0,260022057,all,all,0,0,1,1,none,0.000000,0.000000,0.000000,,88,88,4096
main|astana_clinic|L|single|k1|br0.5|ms3|s5,main,astana_clinic,L,12,25,single,1,0.5,3,5,1360,16,1,1,0,0,optimal,sha256:bc91f238dd3b5c534568e32338ea7eaa5905e059998244eaf7f36810c479824e,c03 c10,c03 c10,1,1177,1177,0,321885539,498624,0,321885539,498624,0,319561742,0,319561742,single0,single0,0,0,1,1,none,0.000000,0.000000,0.000000,,110,110,4096
main|astana_clinic|L|single|k3|br0.5|ms3|s5,main,astana_clinic,L,12,25,single,3,0.5,3,5,1360,16,3,1,0,0,optimal,sha256:8763dc5141cca985406271ce72c89638f89ab065ed97ad59cf518fe69efc0068,c03 c10,c03 c07 c10,0,1177,1349,0,324509390,555533,0,321885539,498624,0,319561742,0,319561742,single2,single0,0,0,1,1,wsum,1.849085,56.909000,0.000000,,110,110,4096
main|astana_clinic|L|single|k7|br0.5|ms3|s5,main,astana_clinic,L,12,25,single,7,0.5,3,5,1360,16,7,1,1,0,optimal,sha256:cd4e0635f1e9367c2354edb2b2429309082c2ebdd0cb2bdd6727053ab52def13,c03 c10,c03 c10,1,1177,1177,0,347389608,498624,0,347389608,498624,0,319561742,0,319561742,single4,single4,0,0,1,1,none,0.000000,0.000000,0.000000,,110,110,4096
main|astana_clinic|L|pair|k1|br0.5|ms3|s5,main,astana_clinic,L,12,25,pair,1,0.5,3,5,1360,16,1,2,0,0,optimal,sha256:c48ef14aa535ccea1c2b2b1bfca02fe3baa251d04a8c1a6c6921bb03eb8a7642,c03 c10,c03 c10,1,1177,1177,0,352027304,498624,0,352027304,498624,0,319561742,0,319561742,pair0,pair0,0,0,1,1,none,0.000000,0.000000,0.000000,,110,110,4096
main|astana_clinic|L|pair|k3|br0.5|ms3|s5,main,astana_clinic,L,12,25,pair,3,0.5,3,5,1360,16,3,2,0,0,optimal,sha256:e7ce4f84ed2169221f08812bc118415ea85f349a1b3940d48f96fd329b461b87,c03 c10,c03 c10,1,1177,1177,0,348742264,498624,0,348742264,498624,0,319561742,0,319561742,pair0,pair0,0,0,1,1,none,0.000000,0.000000,0.000000,,110,110,4096
main|astana_clinic|L|pair|k7|br0.5|ms3|s5,main,astana_clinic,L,12,25,pair,7,0.5,3,5,1360,16,7,2,0,0,optimal,sha256:fd51f61f48b76b8dfcaf9519622b77ea0e78422807b26bdee26054c668d5c26f,c03 c10,c03 c05 c06,0,1177,1289,0,365559147,498624,0,359615938,498624,0,319561742,0,324811078,pair1,pair1,0,0,1,1,wsum,4.188308,0.000000,3.699321,,110,110,4096
main|astana_clinic|L|cluster|k1|br0.5|ms3|s5,main,astana_clinic,L,12,25,cluster,1,0.5,3,5,1360,16,1,3,0,0,optimal,sha256:42014a2a0026147c47ea18294892aeef51c9c14174316d08abf06dee6acb5b6b,c03 c10,c03 c10,1,1177,1177,0,348145750,527850,0,348145750,527850,0,319561742,0,319561742,cluster0,cluster0,0,0,1,1,none,0.000000,0.000000,0.000000,,110,110,4096
main|astana_clinic|L|cluster|k3|br0.5|ms3|s5,main,astana_clinic,L,12,25,cluster,3,0.5,3,5,1360,16,3,3,0,0,optimal,sha256:1116570428cb128f1841a6664e9811228240e5f1e094507cd6fbf492dda5b0fc,c03 c10,c03 c07 c10,0,1177,1349,0,363408550,511919,0,360916760,510126,0,319561742,0,319561742,cluster0,cluster0,0,0,1,1,wsum,1.756018,1.793000,0.000000,,110,110,4096
main|astana_clinic|L|cluster|k7|br0.5|ms3|s5,main,astana_clinic,L,12,25,cluster,7,0.5,3,5,1360,16,6,3,0,0,optimal,sha256:59bc4d56ee818a0fbaa582bd33a15b759e78edeee8f98294cbb0c6495b428a82,c03 c10,c03 c07 c10,0,1177,1349,0,373860166,555533,0,371051768,510126,0,319561742,0,319561742,cluster1 cluster5,cluster1 cluster5,0,0,2,2,wsum,1.979139,45.407000,0.000000,,110,110,4096
main|astana_clinic|L|attribute|k1|br0.5|ms3|s5,main,astana_clinic,L,12,25,attribute,1,0.5,3,5,1360,16,1,7,0,0,optimal,sha256:31a62bd5b565a398a1dcf6b03018c90e3e68d94f0e2ffd83f143c994a4b519c1,c03 c10,c03 c05 c06,0,1177,1289,0,397174589,624938,0,390086180,624938,0,319561742,0,324811078,low_confidence,low_confidence,0,0,1,1,wsum,4.995355,0.000000,3.699321,,110,110,4096
main|astana_clinic|L|all_disabled|k1|br0.5|ms3|s5,main,astana_clinic,L,12,25,all_disabled,1,0.5,3,5,1360,16,1,16,0,0,optimal,sha256:f789102188d588f2addfceeee5845b5fe2d8253fd9574a7a21bc62ae043c6ba3,c03 c10,c00 c03 c06,0,1177,922,0,811405024,1455994,0,633919815,1156287,0,319561742,0,332284753,all,all,0,0,1,1,wsum,125.077667,299.707000,8.966181,,110,110,4096
main|astana_clinic|L|single|k1|br0.5|ms3|s6,main,astana_clinic,L,12,25,single,1,0.5,3,6,1169,16,1,1,1,1,optimal,sha256:64471b9e068eed67ea344ea522854440f1fc1f7147ae811df855c2a3e4eab362,c02 c09 c10,c02 c09 c10,1,806,806,0,328932394,392239,0,328932394,392239,0,328932394,0,328932394,base single0,base single0,1,1,2,2,none,0.000000,0.000000,0.000000,,125,125,4096
main|astana_clinic|L|single|k3|br0.5|ms3|s6,main,astana_clinic,L,12,25,single,3,0.5,3,6,1169,16,3,1,0,0,optimal,sha256:30413550f8f8b82ddab7e2ac8eea5bea1be19d2fd480f710e32919f22caaf8bb,c02 c09 c10,c02 c09 c10,1,806,806,0,359175486,392239,0,359175486,392239,0,328932394,0,328932394,single0,single0,0,0,1,1,none,0.000000,0.000000,0.000000,,125,125,4096
main|astana_clinic|L|single|k7|br0.5|ms3|s6,main,astana_clinic,L,12,25,single,7,0.5,3,6,1169,16,7,1,3,0,optimal,sha256:2f4ca693d9cf6580546fbd454e9dbfbe9415e1934f5ecb644d3539622cfe4852,c02 c09 c10,c02 c09 c10,1,806,806,0,359175486,392239,0,359175486,392239,0,328932394,0,328932394,single6,single6,0,0,1,1,none,0.000000,0.000000,0.000000,,125,125,4096
main|astana_clinic|L|pair|k1|br0.5|ms3|s6,main,astana_clinic,L,12,25,pair,1,0.5,3,6,1169,16,1,2,0,0,optimal,sha256:580c960a3710e954ac303374b06f4631528474bae5de5b47bba813840ad8fe21,c02 c09 c10,c02 c09 c10,1,806,806,0,338705806,392239,0,338705806,392239,0,328932394,0,328932394,pair0,pair0,0,0,1,1,none,0.000000,0.000000,0.000000,,125,125,4096
main|astana_clinic|L|pair|k3|br0.5|ms3|s6,main,astana_clinic,L,12,25,pair,3,0.5,3,6,1169,16,3,2,0,0,optimal,sha256:59e9a0095d258a8d38b00e1e44ce296b6d1b864367ebd853a61eee568da077cf,c02 c09 c10,c02 c09 c10,1,806,806,0,359175486,392239,0,359175486,392239,0,328932394,0,328932394,pair0,pair0,0,0,1,1,none,0.000000,0.000000,0.000000,,125,125,4096
main|astana_clinic|L|pair|k7|br0.5|ms3|s6,main,astana_clinic,L,12,25,pair,7,0.5,3,6,1169,16,7,2,1,0,optimal,sha256:f014a58db8fcc2ca26d60e5c74f86c83541cdb82af83c72e29461fcd32a7565a,c02 c09 c10,c02 c09 c10,1,806,806,0,359175486,392239,0,359175486,392239,0,328932394,0,328932394,pair1 pair2 pair6,pair1 pair2 pair6,0,0,3,3,none,0.000000,0.000000,0.000000,,125,125,4096
main|astana_clinic|L|cluster|k1|br0.5|ms3|s6,main,astana_clinic,L,12,25,cluster,1,0.5,3,6,1169,16,1,3,0,0,optimal,sha256:af78176813063a61cee9365a43b165121b18a3f509bbc677edc2fa0ba7b31acb,c02 c09 c10,c02 c04 c10,0,806,1067,0,460944904,662831,0,375919409,399825,0,328932394,0,349677563,cluster0,cluster0,0,0,1,1,wsum,56.987597,263.006000,13.904269,,125,125,4096
main|astana_clinic|L|cluster|k3|br0.5|ms3|s6,main,astana_clinic,L,12,25,cluster,3,0.5,3,6,1169,16,2,3,0,0,optimal,sha256:20d7c9dce7014aa6d9666c73fdb178dce098ac594fd4caf7ec1e0f3faab667d5,c02 c09 c10,c02 c04 c10,0,806,1067,0,460944904,662831,0,375919409,399825,0,328932394,0,349677563,cluster1 cluster2,cluster1 cluster2,0,0,2,2,wsum,56.987597,263.006000,13.904269,,125,125,4096
main|astana_clinic|L|cluster|k7|br0.5|ms3|s6,main,astana_clinic,L,12,25,cluster,7,0.5,3,6,1169,16,6,3,0,0,optimal,sha256:df8aae50783179da38ba99a2994cf483bc3121b6fdfb79ba02dccbea393745fe,c02 c09 c10,c02 c09 c10,1,806,806,0,387324107,398076,0,387324107,398076,0,328932394,0,328932394,cluster5,cluster5,0,0,1,1,none,0.000000,0.000000,0.000000,,125,125,4096
main|astana_clinic|L|attribute|k1|br0.5|ms3|s6,main,astana_clinic,L,12,25,attribute,1,0.5,3,6,1169,16,1,7,0,0,optimal,sha256:2b04c4e11b8e95db613db98f42b31c419fdcd4f246b538e21a47c810d341d653,c02 c09 c10,c02 c04 c10,0,806,1067,0,403487234,501255,0,400474858,501255,0,328932394,0,349677563,low_confidence,low_confidence,0,0,1,1,wsum,2.019019,0.000000,13.904269,,125,125,4096
main|astana_clinic|L|all_disabled|k1|br0.5|ms3|s6,main,astana_clinic,L,12,25,all_disabled,1,0.5,3,6,1169,16,1,16,0,0,optimal,sha256:70b2857986b6ebfc169f4591bdd78a16f3c77033d5812feb7085f8b11faa9c48,c02 c09 c10,c04 c05 c10,0,806,967,0,803445155,1613842,0,662405164,1130721,0,328932394,0,373974849,all,all,0,0,1,1,wsum,94.530825,483.121000,30.189313,,125,125,4096
main|astana_clinic|L|single|k1|br0.5|ms3|s7,main,astana_clinic,L,12,25,single,1,0.5,3,7,1322,16,1,1,0,0,optimal,sha256:3deae66c6971be96af54b9183a2e96996a5e3f54174f38bcfb4726f99b498a1a,c01 c03 c10,c01 c03 c10,1,804,804,0,364245490,412929,0,364245490,412929,0,362479782,0,362479782,single0,single0,0,0,1,1,none,0.000000,0.000000,0.000000,,160,160,4096
main|astana_clinic|L|single|k3|br0.5|ms3|s7,main,astana_clinic,L,12,25,single,3,0.5,3,7,1322,16,3,1,0,0,optimal,sha256:4492efa0c1877015f0b3807c443feabd5a792a46928319e7891b061935a64277,c01 c03 c10,c01 c03 c10,1,804,804,0,365257326,455013,0,365257326,455013,0,362479782,0,362479782,single2,single2,0,0,1,1,none,0.000000,0.000000,0.000000,,160,160,4096
main|astana_clinic|L|single|k7|br0.5|ms3|s7,main,astana_clinic,L,12,25,single,7,0.5,3,7,1322,16,7,1,0,0,optimal,sha256:4eee85a052ffee80016ab0a91601e3d46a4f83098456b5a640d01420b5b9e346,c01 c03 c10,c01 c03 c10,1,804,804,0,388117926,412929,0,388117926,412929,0,362479782,0,362479782,single5,single5,0,0,1,1,none,0.000000,0.000000,0.000000,,160,160,4096
main|astana_clinic|L|pair|k1|br0.5|ms3|s7,main,astana_clinic,L,12,25,pair,1,0.5,3,7,1322,16,1,2,0,0,optimal,sha256:741b8cf047ce7d828ea1246e5b58fa551461ef5ee2e8d28a6833f7d7044a4e14,c01 c03 c10,c01 c03 c10,1,804,804,0,367275159,571606,0,367275159,571606,0,362479782,0,362479782,pair0,pair0,0,0,1,1,none,0.000000,0.000000,0.000000,,160,160,4096
main|astana_clinic|L|pair|k3|br0.5|ms3|s7,main,astana_clinic,L,12,25,pair,3,0.5,3,7,1322,16,3,2,0,0,optimal,sha256:45427885be1d14e7a25fbd1f5e16c5e7fbafafaaf292bc71dadb4126482a879e,c01 c03 c10,c01 c03 c10,1,804,804,0,393024491,412929,0,393024491,412929,0,362479782,0,362479782,pair1,pair1,0,0,1,1,none,0.000000,0.000000,0.000000,,160,160,4096
main|astana_clinic|L|pair|k7|br0.5|ms3|s7,main,astana_clinic,L,12,25,pair,7,0.5,3,7,1322,16,7,2,0,0,optimal,sha256:f3e5ecd27239766bf51f73af78dfecd0cc67c2cab81686c8861b733d3f357910,c01 c03 c10,c01 c03 c10,1,804,804,0,392080331,412929,0,392080331,412929,0,362479782,0,362479782,pair6,pair6,0,0,1,1,none,0.000000,0.000000,0.000000,,160,160,4096
main|astana_clinic|L|cluster|k1|br0.5|ms3|s7,main,astana_clinic,L,12,25,cluster,1,0.5,3,7,1322,16,1,3,0,0,optimal,sha256:18d65c781fdabfb3935f0b1b67ea1cd88506666e58f765425731ebd4d36465bb,c01 c03 c10,c01 c03 c10,1,804,804,0,370842189,571606,0,370842189,571606,0,362479782,0,362479782,cluster0,cluster0,0,0,1,1,none,0.000000,0.000000,0.000000,,160,160,4096
main|astana_clinic|L|cluster|k3|br0.5|ms3|s7,main,astana_clinic,L,12,25,cluster,3,0.5,3,7,1322,16,3,3,0,0,optimal,sha256:46f5d12607ff07895a8376fd0b62f9c5aaa292ae19f1a827da3672200aad05c3,c01 c03 c10,c01 c03 c10,1,804,804,0,388423532,412929,0,388423532,412929,0,362479782,0,362479782,cluster0,cluster0,0,0,1,1,none,0.000000,0.000000,0.000000,,160,160,4096
main|astana_clinic|L|cluster|k7|br0.5|ms3|s7,main,astana_clinic,L,12,25,cluster,7,0.5,3,7,1322,16,5,3,0,0,optimal,sha256:14f81b7e9d5f7301928a25b05fcbdeb33034a0d70bd1313259edc53a5c4e9074,c01 c03 c10,c01 c03 c05,0,804,1299,0,454244633,682799,0,429626098,757099,0,362479782,0,383725782,cluster1 cluster2,cluster0,0,0,2,1,wsum,16.850469,-74.300000,14.542094,,160,160,4096
main|astana_clinic|L|attribute|k1|br0.5|ms3|s7,main,astana_clinic,L,12,25,attribute,1,0.5,3,7,1322,16,1,7,0,0,optimal,sha256:c06d0bfdbdedc382b965ee9b0c346646ddf57fefc345a23206ef371a90e78d0e,c01 c03 c10,c01 c02 c10,0,804,789,0,388717258,571606,0,384327147,571606,0,362479782,0,365674188,low_confidence,low_confidence,0,0,1,1,wsum,3.004867,0.000000,2.186452,,160,160,4096
main|astana_clinic|L|all_disabled|k1|br0.5|ms3|s7,main,astana_clinic,L,12,25,all_disabled,1,0.5,3,7,1322,16,1,16,0,0,optimal,sha256:f8ade0643ae7a21e62edf78a579b2c97c58885a15e58e41fd8d1298a510e0f2c,c01 c03 c10,c01 c03 c09,0,804,1277,0,829566466,1156984,0,762771474,975209,0,362479782,0,379115858,all,all,0,0,1,1,wsum,45.718680,181.775000,11.386773,,160,160,4096
main|astana_clinic|L|single|k1|br0.5|ms3|s8,main,astana_clinic,L,12,25,single,1,0.5,3,8,1282,16,1,1,0,0,optimal,sha256:1f55adc88369214a3e5efddaf28b39a32e9f403a8debf73cbcae1cede49d13a8,c06 c07 c11,c06 c07 c11,1,1179,1179,0,271229965,397363,0,271229965,397363,0,265489447,0,265489447,single0,single0,0,0,1,1,none,0.000000,0.000000,0.000000,,127,127,4096
main|astana_clinic|L|single|k3|br0.5|ms3|s8,main,astana_clinic,L,12,25,single,3,0.5,3,8,1282,16,3,1,0,0,optimal,sha256:0152e2ee9890f6a1d77b362857adc6f0ffdcfc6920ff3bdb000479c6e9061091,c06 c07 c11,c06 c07 c11,1,1179,1179,0,284498238,397363,0,284498238,397363,0,265489447,0,265489447,single0,single0,0,0,1,1,none,0.000000,0.000000,0.000000,,127,127,4096
main|astana_clinic|L|single|k7|br0.5|ms3|s8,main,astana_clinic,L,12,25,single,7,0.5,3,8,1282,16,7,1,3,0,optimal,sha256:0be8d3ec937c1b7fb74fdb728f6255fb84d5d84a8d10e98db858c46354b2254d,c06 c07 c11,c06 c07 c11,1,1179,1179,0,281202507,397363,0,281202507,397363,0,265489447,0,265489447,single2,single2,0,0,1,1,none,0.000000,0.000000,0.000000,,127,127,4096
main|astana_clinic|L|pair|k1|br0.5|ms3|s8,main,astana_clinic,L,12,25,pair,1,0.5,3,8,1282,16,1,2,0,0,optimal,sha256:4a9d7326fa3aab74d483f76245fc01cc5ada09dcf11ad1aab607ce8707fdea75,c06 c07 c11,c06 c07 c11,1,1179,1179,0,278837857,397363,0,278837857,397363,0,265489447,0,265489447,pair0,pair0,0,0,1,1,none,0.000000,0.000000,0.000000,,127,127,4096
main|astana_clinic|L|pair|k3|br0.5|ms3|s8,main,astana_clinic,L,12,25,pair,3,0.5,3,8,1282,16,3,2,0,0,optimal,sha256:473fa87485862381d450328c2baedb1364f059db08085e00d0ccdcbfddda4fdc,c06 c07 c11,c06 c07 c11,1,1179,1179,0,280732924,443775,0,280732924,443775,0,265489447,0,265489447,pair0,pair0,0,0,1,1,none,0.000000,0.000000,0.000000,,127,127,4096
main|astana_clinic|L|pair|k7|br0.5|ms3|s8,main,astana_clinic,L,12,25,pair,7,0.5,3,8,1282,16,7,2,1,0,optimal,sha256:19c4fd7c9dcca10d3858a587695f3996ee0fd91e7a27e007c66c4a10ec553f76,c06 c07 c11,c06 c07 c11,1,1179,1179,0,295623993,429894,0,295623993,429894,0,265489447,0,265489447,pair6,pair6,0,0,1,1,none,0.000000,0.000000,0.000000,,127,127,4096
main|astana_clinic|L|cluster|k1|br0.5|ms3|s8,main,astana_clinic,L,12,25,cluster,1,0.5,3,8,1282,16,1,3,0,0,optimal,sha256:367cd8a1afc57a45686022dcfb643ce14abed29717f9eb6938156073a10dd499,c06 c07 c11,c08 c11,0,1179,1077,0,387173299,690919,0,319102866,589052,0,265489447,0,283409306,cluster0,cluster0,0,0,1,1,wsum,52.442552,101.867000,13.805747,,127,127,4096
main|astana_clinic|L|cluster|k3|br0.5|ms3|s8,main,astana_clinic,L,12,25,cluster,3,0.5,3,8,1282,16,3,3,0,0,optimal,sha256:2744220df5f9e65175c8aafd25647de2bc4b187995718fa54644a037d72a5d6d,c06 c07 c11,c06 c07 c11,1,1179,1179,0,297164143,450790,0,297164143,450790,0,265489447,0,265489447,cluster1,cluster1,0,0,1,1,none,0.000000,0.000000,0.000000,,127,127,4096
main|astana_clinic|L|cluster|k7|br0.5|ms3|s8,main,astana_clinic,L,12,25,cluster,7,0.5,3,8,1282,16,5,3,0,0,optimal,sha256:38cd45e7fb9a0bee045be10bee9ee6e0ba0835adb0b53e643c9c09c5ec624aea,c06 c07 c11,c02 c06 c08,0,1179,1168,0,373905026,690919,0,356712693,749097,0,265489447,0,294448184,cluster4,cluster0 cluster3,0,0,1,2,wsum,13.245249,-58.178000,22.310275,,127,127,4096
main|astana_clinic|L|attribute|k1|br0.5|ms3|s8,main,astana_clinic,L,12,25,attribute,1,0.5,3,8,1282,16,1,7,0,0,optimal,sha256:95c2f8d35c3612ec01125f3ce222ec5c7d3bc3dd51e68dfa5130f763df2ada1f,c06 c07 c11,c06 c07 c11,1,1179,1179,0,328475722,424730,0,328475722,424730,0,265489447,0,265489447,low_confidence,low_confidence,0,0,1,1,none,0.000000,0.000000,0.000000,,127,127,4096
main|astana_clinic|L|all_disabled|k1|br0.5|ms3|s8,main,astana_clinic,L,12,25,all_disabled,1,0.5,3,8,1282,16,1,16,0,0,optimal,sha256:b834123aed9082fb713b2b78f17408f876fbbdeadab92b230b8151b4b170f478,c06 c07 c11,c05 c07 c08,0,1179,844,0,903694242,1471302,0,572971258,884286,0,265489447,0,309452914,all,all,0,0,1,1,wsum,254.794287,587.016000,33.870159,,127,127,4096
main|astana_clinic|L|single|k1|br0.5|ms3|s9,main,astana_clinic,L,12,25,single,1,0.5,3,9,1197,16,1,1,0,0,optimal,sha256:f39ebc6cfcda03365bddc6f51b8b2954e416c428be34502e8ee0eafec42c1f92,c02 c07,c02 c07,1,1175,1175,0,265019230,950605,0,265019230,950605,0,252425301,0,252425301,single0,single0,0,0,1,1,none,0.000000,0.000000,0.000000,,85,85,4096
main|astana_clinic|L|single|k3|br0.5|ms3|s9,main,astana_clinic,L,12,25,single,3,0.5,3,9,1197,16,3,1,0,0,optimal,sha256:f9c4014e6d10a5d65db7632cd2eab60cdc3353a6dbee4c59efcf0845f7bd3e69,c02 c07,c02 c04,0,1175,1075,0,256831592,805596,0,256514415,805596,0,252425301,0,252727191,single2,single1,0,0,1,1,wsum,0.272958,0.000000,0.259802,,85,85,4096
main|astana_clinic|L|single|k7|br0.5|ms3|s9,main,astana_clinic,L,12,25,single,7,0.5,3,9,1197,16,7,1,2,0,optimal,sha256:9fee8325a6be4c00bedb04ed7b86d7004ea897a6239bfce87e97fb6f35273178,c02 c07,c02 c07,1,1175,1175,0,278252605,805596,0,278252605,805596,0,252425301,0,252425301,single2,single2,0,0,1,1,none,0.000000,0.000000,0.000000,,85,85,4096
main|astana_clinic|L|pair|k1|br0.5|ms3|s9,main,astana_clinic,L,12,25,pair,1,0.5,3,9,1197,16,1,2,0,0,optimal,sha256:79d23b60a7878933a784f839928313fc13d922419a57f498afde7873f7f6719f,c02 c07,c02 c07,1,1175,1175,0,255125340,805596,0,255125340,805596,0,252425301,0,252425301,pair0,pair0,0,0,1,1,none,0.000000,0.000000,0.000000,,85,85,4096
main|astana_clinic|L|pair|k3|br0.5|ms3|s9,main,astana_clinic,L,12,25,pair,3,0.5,3,9,1197,16,3,2,0,0,optimal,sha256:76770e63098161965bc22196c75aeba0f082b80957b305d3e21667791649ee96,c02 c07,c02 c07,1,1175,1175,0,278252605,805596,0,278252605,805596,0,252425301,0,252425301,pair1,pair1,0,0,1,1,none,0.000000,0.000000,0.000000,,85,85,4096
main|astana_clinic|L|pair|k7|br0.5|ms3|s9,main,astana_clinic,L,12,25,pair,7,0.5,3,9,1197,16,7,2,1,0,optimal,sha256:8b9178e4bfa557c0c60120db78a3881c3193a59cb2be3f34c80e3bd66d24c9c3,c02 c07,c02 c07,1,1175,1175,0,278538805,805596,0,278538805,805596,0,252425301,0,252425301,pair4,pair4,0,0,1,1,none,0.000000,0.000000,0.000000,,85,85,4096
main|astana_clinic|L|cluster|k1|br0.5|ms3|s9,main,astana_clinic,L,12,25,cluster,1,0.5,3,9,1197,16,1,3,0,0,optimal,sha256:a6234cbb75a5a4f23ca83fe00711d689a0b6a73cbecf777ece8eba0ce335b21c,c02 c07,c06 c08,0,1175,933,0,324637692,805596,0,304894438,805596,0,252425301,0,263983108,cluster0,cluster0,0,0,1,1,wsum,16.990752,0.000000,9.946478,,85,85,4096
main|astana_clinic|L|cluster|k3|br0.5|ms3|s9,main,astana_clinic,L,12,25,cluster,3,0.5,3,9,1197,16,3,3,0,0,optimal,sha256:b53e45be11823f16538c7b11bf518a00228a5a555517178e59556418b04152f1,c02 c07,c02 c07,1,1175,1175,0,264047667,805596,0,264047667,805596,0,252425301,0,252425301,cluster0,cluster0,0,0,1,1,none,0.000000,0.000000,0.000000,,85,85,4096
main|astana_clinic|L|cluster|k7|br0.5|ms3|s9,main,astana_clinic,L,12,25,cluster,7,0.5,3,9,1197,16,5,3,0,0,optimal,sha256:85a5f3dc510bff606c71a536bd132e3ef7f1e071d41894ec0cc884f98320ee4c,c02 c07,c02 c10,0,1175,1154,0,318050172,805596,0,300088447,805596,0,252425301,0,253408377,cluster1 cluster2 cluster4,cluster5,0,0,3,1,wsum,15.457595,0.000000,0.846021,,85,85,4096
main|astana_clinic|L|attribute|k1|br0.5|ms3|s9,main,astana_clinic,L,12,25,attribute,1,0.5,3,9,1197,16,1,7,0,0,optimal,sha256:4f047fea9d554cbf8cb5c1e62b207e2c5a0cd0073443fed6f11478b5a71ad9b8,c02 c07,c02 c10,0,1175,1154,0,299082144,805596,0,287251710,805596,0,252425301,0,253408377,low_confidence,low_confidence,0,0,1,1,wsum,10.181096,0.000000,0.846021,,85,85,4096
main|astana_clinic|L|all_disabled|k1|br0.5|ms3|s9,main,astana_clinic,L,12,25,all_disabled,1,0.5,3,9,1197,16,1,16,0,0,optimal,sha256:efc7b15bcbbdfc950411e2acdb21e67eb33bfafc91e0330a0a3cb6cf8ac39f25,c02 c07,c06 c08 c09,0,1175,1128,0,717197048,1906378,0,558791209,1272534,0,252425301,0,263983108,all,all,0,0,1,1,wsum,136.321720,633.844000,9.946478,,85,85,4096
main|astana_clinic|L|single|k1|br1.0|ms3|s0,main,astana_clinic,L,12,25,single,1,1.0,3,0,2889,16,1,1,1,1,optimal,sha256:27b9e29e80c016011efc166cdca57fb062afaedbb9a1107bfc4e58be4f044046,c02 c03 c05,c02 c03 c05,1,1520,1520,0,307120963,385516,0,307120963,385516,0,307120963,0,307120963,base single0,base single0,1,1,2,2,none,0.000000,0.000000,0.000000,,299,299,4096
main|astana_clinic|L|single|k3|br1.0|ms3|s0,main,astana_clinic,L,12,25,single,3,1.0,3,0,2889,16,3,1,0,0,optimal,sha256:13ea60cafaf28acec4038614224c876a463cbe14e52cc80bef19dccbdd3cc935,c02 c03 c05,c02 c03 c05,1,1520,1520,0,333434521,551797,0,333434521,551797,0,307120963,0,307120963,single1,single1,0,0,1,1,none,0.000000,0.000000,0.000000,,299,299,4096
main|astana_clinic|L|single|k7|br1.0|ms3|s0,main,astana_clinic,L,12,25,single,7,1.0,3,0,2889,16,7,1,2,0,optimal,sha256:791e20158236b395fe6f0caeab6661b8cdba8b5c1250f9e3ef886bd3d5faaadc,c02 c03 c05,c02 c03 c05,1,1520,1520,0,323278299,463143,0,323278299,463143,0,307120963,0,307120963,single0,single0,0,0,1,1,none,0.000000,0.000000,0.000000,,299,299,4096
main|astana_clinic|L|pair|k1|br1.0|ms3|s0,main,astana_clinic,L,12,25,pair,1,1.0,3,0,2889,16,1,2,0,0,optimal,sha256:7de391ade8f52859b45f437cd7684563c56a22d8c650e88ba0681b3a5d272147,c02 c03 c05,c02 c03 c05,1,1520,1520,0,324724549,385516,0,324724549,385516,0,307120963,0,307120963,pair0,pair0,0,0,1,1,none,0.000000,0.000000,0.000000,,299,299,4096
main|astana_clinic|L|pair|k3|br1.0|ms3|s0,main,astana_clinic,L,12,25,pair,3,1.0,3,0,2889,16,3,2,0,0,optimal,sha256:dae28323de29e0a4f01a6c26a784daf89dc9b95e2d8417ae70e2bc96cdde1a5d,c02 c03 c05,c02 c03 c04,0,1520,2279,0,347116380,421866,0,340404461,385516,0,307120963,0,317390458,pair1,pair1,0,0,1,1,wsum,4.706816,36.350000,7.201609,,299,299,4096
main|astana_clinic|L|pair|k7|br1.0|ms3|s0,main,astana_clinic,L,12,25,pair,7,1.0,3,0,2889,16,7,2,1,0,optimal,sha256:a2a0bfac7d6e1f260a21b36c904c17a822dc3f9bbb39ca22abc33e6b260b325e,c02 c03 c05,c02 c03 c05,1,1520,1520,0,333434521,551797,0,333434521,551797,0,307120963,0,307120963,pair2,pair2,0,0,1,1,none,0.000000,0.000000,0.000000,,299,299,4096
main|astana_clinic|L|cluster|k1|br1.0|ms3|s0,main,astana_clinic,L,12,25,cluster,1,1.0,3,0,2889,16,1,3,0,0,optimal,sha256:ce984387ed2dccfb1fe2b2b8649aa7e47fbac259c68d44a497a6b1de4c7eae8e,c02 c03 c05,c02 c03 c05,1,1520,1520,0,321137323,410639,0,321137323,410639,0,307120963,0,307120963,cluster0,cluster0,0,0,1,1,none,0.000000,0.000000,0.000000,,299,299,4096
main|astana_clinic|L|cluster|k3|br1.0|ms3|s0,main,astana_clinic,L,12,25,cluster,3,1.0,3,0,2889,16,3,3,0,0,optimal,sha256:09fdeb4f7609a352675f22d5ae8b721828b12adaf3fd30d0484ac554a64d2223,c02 c03 c05,c02 c03 c06,0,1520,1813,0,393143334,657678,0,380813370,760415,0,307120963,0,318763888,cluster1,cluster0,0,0,1,1,wsum,8.646539,-102.737000,8.164744,,299,299,4096
main|astana_clinic|L|cluster|k7|br1.0|ms3|s0,main,astana_clinic,L,12,25,cluster,7,1.0,3,0,2889,16,5,3,0,0,optimal,sha256:dd117a8100bdbd8616d6957e94fe3f11c1b8f1a1e7803370a7b8b905f0a20a21,c02 c03 c05,c02 c03 c05,1,1520,1520,0,352656218,385516,0,352656218,385516,0,307120963,0,307120963,cluster3,cluster3,0,0,1,1,none,0.000000,0.000000,0.000000,,299,299,4096
main|astana_clinic|L|attribute|k1|br1.0|ms3|s0,main,astana_clinic,L,12,25,attribute,1,1.0,3,0,2889,16,1,7,0,0,optimal,sha256:a60fd7f9a3b881a87b6c3f4f6c02308e9496a7315ecf7820bdd9c30bdccbb64b,c02 c03 c05,c02 c03 c05,1,1520,1520,0,340951415,551797,0,340951415,551797,0,307120963,0,307120963,low_confidence,low_confidence,0,0,1,1,none,0.000000,0.000000,0.000000,,299,299,4096
main|astana_clinic|L|all_disabled|k1|br1.0|ms3|s0,main,astana_clinic,L,12,25,all_disabled,1,1.0,3,0,2889,16,1,16,0,0,optimal,sha256:7be0788e528a6c08c14f08fd3c972ac6a3e78e0de25f97c9e0c9f0fc8212966e,c02 c03 c05,c03 c06 c09,0,1520,1323,0,791066932,1305866,0,631308507,823781,0,307120963,0,352391133,all,all,0,0,1,1,wsum,112.032556,482.085000,31.746262,,299,299,4096
main|astana_clinic|L|single|k1|br1.0|ms3|s1,main,astana_clinic,L,12,25,single,1,1.0,3,1,2381,16,1,1,1,1,optimal,sha256:12e623c67dd368f29bc8d3f7155c28e4786de446a076615e41c723efc259f648,c02 c07 c10,c02 c07 c10,1,1600,1600,0,313436925,400521,0,313436925,400521,0,313436925,0,313436925,base single0,base single0,1,1,2,2,none,0.000000,0.000000,0.000000,,299,299,4096
main|astana_clinic|L|single|k3|br1.0|ms3|s1,main,astana_clinic,L,12,25,single,3,1.0,3,1,2381,16,3,1,1,0,optimal,sha256:fa4f74e5167fbcc5b392b8fcdd74d054add8b668f46da5b71afae637fe6f1126,c02 c07 c10,c02 c07 c10,1,1600,1600,0,314236659,400521,0,314236659,400521,0,313436925,0,313436925,single1,single1,0,0,1,1,none,0.000000,0.000000,0.000000,,299,299,4096
main|astana_clinic|L|single|k7|br1.0|ms3|s1,main,astana_clinic,L,12,25,single,7,1.0,3,1,2381,16,7,1,2,0,optimal,sha256:ed47bf2871c28ea7a036581cefaeb9b7e6f1cc05c243280167582f08ce9b4888,c02 c07 c10,c02 c07 c10,1,1600,1600,0,332360973,400521,0,332360973,400521,0,313436925,0,313436925,single5,single5,0,0,1,1,none,0.000000,0.000000,0.000000,,299,299,4096
main|astana_clinic|L|pair|k1|br1.0|ms3|s1,main,astana_clinic,L,12,25,pair,1,1.0,3,1,2381,16,1,2,0,0,optimal,sha256:355481c082ea443bad31222ee15a93366087245a6aad8e4d121f19b898ba03e7,c02 c07 c10,c02 c07 c10,1,1600,1600,0,315117325,400521,0,315117325,400521,0,313436925,0,313436925,pair0,pair0,0,0,1,1,none,0.000000,0.000000,0.000000,,299,299,4096
main|astana_clinic|L|pair|k3|br1.0|ms3|s1,main,astana_clinic,L,12,25,pair,3,1.0,3,1,2381,16,3,2,0,0,optimal,sha256:000275d5eac6b99ad47da27962d887a0bd437fe573c303284a3f41785c84d1dc,c02 c07 c10,c02 c07 c10,1,1600,1600,0,332360973,400521,0,332360973,400521,0,313436925,0,313436925,pair1 pair2,pair1 pair2,0,0,2,2,none,0.000000,0.000000,0.000000,,299,299,4096
main|astana_clinic|L|pair|k7|br1.0|ms3|s1,main,astana_clinic,L,12,25,pair,7,1.0,3,1,2381,16,6,2,0,0,optimal,sha256:0defe2e27b1c872d472525544ba05803909ed575920d3042ad3fd4f0b6f673ad,c02 c07 c10,c00 c02 c10,0,1600,1007,0,387418822,476553,0,369556764,476553,0,313436925,0,328703802,pair6,pair6,0,0,1,1,wsum,11.248147,0.000000,9.613902,,299,299,4096
main|astana_clinic|L|cluster|k1|br1.0|ms3|s1,main,astana_clinic,L,12,25,cluster,1,1.0,3,1,2381,16,1,3,0,0,optimal,sha256:06c4c0f616c7dc8976ec95ea31165b5e58c72cbf1be0f4568956b6b7ddfda341,c02 c07 c10,c00 c02 c10,0,1600,1007,0,370192040,557470,0,343910510,486387,0,313436925,0,328703802,cluster0,cluster0,0,0,1,1,wsum,16.550082,71.083000,9.613902,,299,299,4096
main|astana_clinic|L|cluster|k3|br1.0|ms3|s1,main,astana_clinic,L,12,25,cluster,3,1.0,3,1,2381,16,3,3,0,0,optimal,sha256:bea06e48ef10a104c08974a17b6241419c8c2680ee6560f03fec04ffb66d56b1,c02 c07 c10,c02 c07 c10,1,1600,1600,0,363830367,476553,0,363830367,476553,0,313436925,0,313436925,cluster2,cluster2,0,0,1,1,none,0.000000,0.000000,0.000000,,299,299,4096
main|astana_clinic|L|cluster|k7|br1.0|ms3|s1,main,astana_clinic,L,12,25,cluster,7,1.0,3,1,2381,16,5,3,0,0,optimal,sha256:70ad5fbca18342e3045c0a9f80165e070f8ffac5b9a7371cfc6fb841fcc93420,c02 c07 c10,c02 c07 c10,1,1600,1600,0,370192040,557470,0,370192040,557470,0,313436925,0,313436925,cluster2,cluster2,0,0,1,1,none,0.000000,0.000000,0.000000,,299,299,4096
main|astana_clinic|L|attribute|k1|br1.0|ms3|s1,main,astana_clinic,L,12,25,attribute,1,1.0,3,1,2381,16,1,7,0,0,optimal,sha256:7caa24ed2f06315a0aec92a2033543a17ada3e5d7112d15896ee6393dc38f325,c02 c07 c10,c02 c07 c10,1,1600,1600,0,349968968,476553,0,349968968,476553,0,313436925,0,313436925,low_confidence,low_confidence,0,0,1,1,none,0.000000,0.000000,0.000000,,299,299,4096
main|astana_clinic|L|all_disabled|k1|br1.0|ms3|s1,main,astana_clinic,L,12,25,all_disabled,1,1.0,3,1,2381,16,1,16,0,0,optimal,sha256:fd76359bc574dc0afdd567e442b799aa129b12b47ce0b5425769e992a3f5891e,c02 c07 c10,c00 c05 c11,0,1600,1541,0,693262071,877889,0,606458908,813438,0,313436925,0,387408711,all,all,0,0,1,1,wsum,54.661941,64.451000,46.581729,,299,299,4096
main|astana_clinic|L|single|k1|br1.0|ms3|s2,main,astana_clinic,L,12,25,single,1,1.0,3,2,2685,16,1,1,1,1,optimal,sha256:d90a2b4083ce81bef25d5860dfd22d99495db23caa35d038ad347d8d5ffbd14c,c00 c03 c05,c00 c03 c05,1,1593,1593,0,261308976,693343,0,261308976,693343,0,261308976,0,261308976,base single0,base single0,1,1,2,2,none,0.000000,0.000000,0.000000,,299,299,4096
main|astana_clinic|L|single|k3|br1.0|ms3|s2,main,astana_clinic,L,12,25,single,3,1.0,3,2,2685,16,3,1,0,0,optimal,sha256:a5700369c9ea0a261992eae9961633ed82c240a5db676559bb582361441bb117,c00 c03 c05,c00 c03 c05,1,1593,1593,0,273216331,699384,0,273216331,699384,0,261308976,0,261308976,single0,single0,0,0,1,1,none,0.000000,0.000000,0.000000,,299,299,4096
main|astana_clinic|L|single|k7|br1.0|ms3|s2,main,astana_clinic,L,12,25,single,7,1.0,3,2,2685,16,7,1,2,0,optimal,sha256:7eff770318f5706952740fc3c7984a2b1a4d0e2b92db108f2c9a99c733dbd06f,c00 c03 c05,c00 c03 c05,1,1593,1593,0,273216331,699384,0,273216331,699384,0,261308976,0,261308976,single0,single0,0,0,1,1,none,0.000000,0.000000,0.000000,,299,299,4096
main|astana_clinic|L|pair|k1|br1.0|ms3|s2,main,astana_clinic,L,12,25,pair,1,1.0,3,2,2685,16,1,2,0,0,optimal,sha256:f29395c427647dfedeea96485281ecc53998e2ba74bb8a335d6e64f51fd082a1,c00 c03 c05,c00 c03 c05,1,1593,1593,0,261308976,693343,0,261308976,693343,0,261308976,0,261308976,base pair0,base pair0,1,1,2,2,none,0.000000,0.000000,0.000000,,299,299,4096
main|astana_clinic|L|pair|k3|br1.0|ms3|s2,main,astana_clinic,L,12,25,pair,3,1.0,3,2,2685,16,3,2,0,0,optimal,sha256:50abb87901273f53995c5aa7151dd530483e71bbbcaa1682ddd2d27673e7afc5,c00 c03 c05,c00 c03 c05,1,1593,1593,0,289359997,716119,0,289359997,716119,0,261308976,0,261308976,pair0,pair0,0,0,1,1,none,0.000000,0.000000,0.000000,,299,299,4096
main|astana_clinic|L|pair|k7|br1.0|ms3|s2,main,astana_clinic,L,12,25,pair,7,1.0,3,2,2685,16,6,2,0,0,optimal,sha256:ce821c9445efc3aa3051b52e2001d548e64bda731434d86e976b857803f986eb,c00 c03 c05,c00 c03 c05,1,1593,1593,0,285193236,716119,0,285193236,716119,0,261308976,0,261308976,pair0,pair0,0,0,1,1,none,0.000000,0.000000,0.000000,,299,299,4096
main|astana_clinic|L|cluster|k1|br1.0|ms3|s2,main,astana_clinic,L,12,25,cluster,1,1.0,3,2,2685,16,1,3,0,0,optimal,sha256:a4399c2cef417ae4a35271eccf4ab68c8373e3b30ea24d2f145c4447d0c33bbd,c00 c03 c05,c00 c03 c05,1,1593,1593,0,267749322,693343,0,267749322,693343,0,261308976,0,261308976,cluster0,cluster0,0,0,1,1,none,0.000000,0.000000,0.000000,,299,299,4096
main|astana_clinic|L|cluster|k3|br1.0|ms3|s2,main,astana_clinic,L,12,25,cluster,3,1.0,3,2,2685,16,3,3,0,0,optimal,sha256:b49c8bba34011bab81a6d8e00276f13ce99ed53cae591f5fddb3dff1e9b8828a,c00 c03 c05,c00 c03 c05,1,1593,1593,0,318441026,800496,0,318441026,800496,0,261308976,0,261308976,cluster2,cluster2,0,0,1,1,none,0.000000,0.000000,0.000000,,299,299,4096
main|astana_clinic|L|cluster|k7|br1.0|ms3|s2,main,astana_clinic,L,12,25,cluster,7,1.0,3,2,2685,16,5,3,0,0,optimal,sha256:8f7426d69f6b1554f4ddd5f0e3435a1717bf108ea70441d062504d504e9b9551,c00 c03 c05,c00 c03 c05,1,1593,1593,0,309338493,730668,0,309338493,730668,0,261308976,0,261308976,cluster5 cluster6,cluster5 cluster6,0,0,2,2,none,0.000000,0.000000,0.000000,,299,299,4096
main|astana_clinic|L|attribute|k1|br1.0|ms3|s2,main,astana_clinic,L,12,25,attribute,1,1.0,3,2,2685,16,1,7,0,0,optimal,sha256:744fc55940917e6127e61d68a5d394c352c4f8817957de093ee486fb1ebc7730,c00 c03 c05,c00 c03 c05,1,1593,1593,0,290789246,716119,0,290789246,716119,0,261308976,0,261308976,low_confidence,low_confidence,0,0,1,1,none,0.000000,0.000000,0.000000,,299,299,4096
main|astana_clinic|L|all_disabled|k1|br1.0|ms3|s2,main,astana_clinic,L,12,25,all_disabled,1,1.0,3,2,2685,16,1,16,0,0,optimal,sha256:44186d10da3b76c6cc3663a0a3ec2c0e97899f14dd89b43331a2794134d73ff2,c00 c03 c05,c00 c02 c05,0,1593,1474,0,590730379,1088059,0,537979281,800496,0,261308976,0,271978453,all,all,0,0,1,1,wsum,41.899204,287.563000,8.474565,,299,299,4096
main|astana_clinic|L|single|k1|br1.0|ms3|s3,main,astana_clinic,L,12,25,single,1,1.0,3,3,2604,16,1,1,1,1,optimal,sha256:f51358456aa703865ce9075722b7a1a0c0e2f435a7f9eab25905c287c8f55aae,c01 c03 c08,c01 c03 c08,1,1784,1784,0,287199569,352474,0,287199569,352474,0,287199569,0,287199569,base single0,base single0,1,1,2,2,none,0.000000,0.000000,0.000000,,299,299,4096
main|astana_clinic|L|single|k3|br1.0|ms3|s3,main,astana_clinic,L,12,25,single,3,1.0,3,3,2604,16,3,1,0,0,optimal,sha256:5d4bf51ce73e9bec6efe524ca2debee47429ffcb828b3a64ffc660504eb21cc5,c01 c03 c08,c01 c03 c08,1,1784,1784,0,294994088,352474,0,294994088,352474,0,287199569,0,287199569,single2,single2,0,0,1,1,none,0.000000,0.000000,0.000000,,299,299,4096
main|astana_clinic|L|single|k7|br1.0|ms3|s3,main,astana_clinic,L,12,25,single,7,1.0,3,3,2604,16,7,1,2,0,optimal,sha256:9b5edfd7f6a065315ce4f122260c0197c454212108cf859f4e1f113e786faeda,c01 c03 c08,c01 c02 c08,0,1784,1578,0,329094614,423199,0,323346925,373649,0,287199569,0,294802909,single2,single2,0,0,1,1,wsum,4.010948,49.550000,5.305890,,299,299,4096
main|astana_clinic|L|pair|k1|br1.0|ms3|s3,main,astana_clinic,L,12,25,pair,1,1.0,3,3,2604,16,1,2,0,0,optimal,sha256:d54f0752e119e51c21ebb03dbd8389869a938f79028b7cad34e88edebfa320bd,c01 c03 c08,c01 c03 c08,1,1784,1784,0,295305692,395415,0,295305692,395415,0,287199569,0,287199569,pair0,pair0,0,0,1,1,none,0.000000,0.000000,0.000000,,299,299,4096
main|astana_clinic|L|pair|k3|br1.0|ms3|s3,main,astana_clinic,L,12,25,pair,3,1.0,3,3,2604,16,3,2,1,0,optimal,sha256:fe267816f2acf8f492a2329b4d5ce99a993438eb88b130f0d79d0506c654d52b,c01 c03 c08,c01 c03 c08,1,1784,1784,0,295911521,512223,0,295911521,512223,0,287199569,0,287199569,pair1,pair1,0,0,1,1,none,0.000000,0.000000,0.000000,,299,299,4096
main|astana_clinic|L|pair|k7|br1.0|ms3|s3,main,astana_clinic,L,12,25,pair,7,1.0,3,3,2604,16,7,2,2,0,optimal,sha256:543caf015a941b8ae2fc1e0e5a12e0ca7cc46e7d511598a082effda4849c56ed,c01 c03 c08,c01 c02 c08,0,1784,1578,0,330215339,423199,0,324467650,373649,0,287199569,0,294802909,pair5,pair5,0,0,1,1,wsum,4.010948,49.550000,5.305890,,299,299,4096
main|astana_clinic|L|cluster|k1|br1.0|ms3|s3,main,astana_clinic,L,12,25,cluster,1,1.0,3,3,2604,16,1,3,0,0,optimal,sha256:17b49d6e1824674bfd47b19d0b9890c4b40b4d42fbc9316b1bea2feff0e41eb6,c01 c03 c08,c01 c02 c08,0,1784,1578,0,367277956,617320,0,344447619,395294,0,287199569,0,294802909,cluster0,cluster0,0,0,1,1,wsum,15.931847,222.026000,5.305890,,299,299,4096
main|astana_clinic|L|cluster|k3|br1.0|ms3|s3,main,astana_clinic,L,12,25,cluster,3,1.0,3,3,2604,16,2,3,0,0,optimal,sha256:1c25b231fbcc080fe4714d8a5fec695dc7ab61150d4c4f64e004806c48f20f4a,c01 c03 c08,c01 c02 c08,0,1784,1578,0,369257396,563357,0,363509707,563357,0,287199569,0,294802909,cluster1 cluster2,cluster1 cluster2,0,0,2,2,wsum,4.010948,0.000000,5.305890,,299,299,4096
main|astana_clinic|L|cluster|k7|br1.0|ms3|s3,main,astana_clinic,L,12,25,cluster,7,1.0,3,3,2604,16,6,3,0,0,optimal,sha256:4cfecefd6eec105a93289a3fafaf29790cc7341400a5c0519be4c5e0c4a6fa31,c01 c03 c08,c01 c03 c08,1,1784,1784,0,369257396,563357,0,369257396,563357,0,287199569,0,287199569,cluster0,cluster0,0,0,1,1,none,0.000000,0.000000,0.000000,,299,299,4096
main|astana_clinic|L|attribute|k1|br1.0|ms3|s3,main,astana_clinic,L,12,25,attribute,1,1.0,3,3,2604,16,1,7,0,0,optimal,sha256:392a9b8241f57f7b9c924659bdc01633a3d2b088d44fda7cc99310ab8df43f38,c01 c03 c08,c01 c02 c08,0,1784,1578,0,352733617,507139,0,340663270,373649,0,287199569,0,294802909,low_confidence,low_confidence,0,0,1,1,wsum,8.423131,133.490000,5.305890,,299,299,4096
main|astana_clinic|L|all_disabled|k1|br1.0|ms3|s3,main,astana_clinic,L,12,25,all_disabled,1,1.0,3,3,2604,16,1,16,0,0,optimal,sha256:d5c86ef057707f5610298b32b606954fb437cc4e4b6c26659e1a1ad229b18c9e,c01 c03 c08,c01 c02 c03,0,1784,1974,0,694333579,1134224,0,605241945,1050173,0,287199569,0,302158259,all,all,0,0,1,1,wsum,62.171412,84.051000,10.438723,,299,299,4096
main|astana_clinic|L|single|k1|br1.0|ms3|s4,main,astana_clinic,L,12,25,single,1,1.0,3,4,2817,16,1,1,0,0,optimal,sha256:132bce1b49aec1a4bb311ca2ac32cb51e781f3e566a47a3548ee510a42a1ec06,c04 c06 c08,c04 c06 c08,1,1947,1947,0,248971446,419547,0,248971446,419547,0,245782335,0,245782335,single0,single0,0,0,1,1,none,0.000000,0.000000,0.000000,,299,299,4096
main|astana_clinic|L|single|k3|br1.0|ms3|s4,main,astana_clinic,L,12,25,single,3,1.0,3,4,2817,16,3,1,1,0,optimal,sha256:65b8f78554dc7acd979c7d7dc504713558a813a5552001f2da6236aac5e30d61,c04 c06 c08,c04 c06 c08,1,1947,1947,0,290781715,501846,0,290781715,501846,0,245782335,0,245782335,single0,single0,0,0,1,1,none,0.000000,0.000000,0.000000,,299,299,4096
main|astana_clinic|L|single|k7|br1.0|ms3|s4,main,astana_clinic,L,12,25,single,7,1.0,3,4,2817,16,7,1,1,0,optimal,sha256:293b421a9b4c37bf6abd5cf1f5cb6bf883bc03340b3032bcc751f1f69cf1cffa,c04 c06 c08,c04 c06 c08,1,1947,1947,0,290781715,501846,0,290781715,501846,0,245782335,0,245782335,single4,single4,0,0,1,1,none,0.000000,0.000000,0.000000,,299,299,4096
main|astana_clinic|L|pair|k1|br1.0|ms3|s4,main,astana_clinic,L,12,25,pair,1,1.0,3,4,2817,16,1,2,0,0,optimal,sha256:106073a29bc4310a76da1b7ae228f6ac6a60e9c05ae5da076e626da7f8018941,c04 c06 c08,c04 c06 c08,1,1947,1947,0,296276587,501846,0,296276587,501846,0,245782335,0,245782335,pair0,pair0,0,0,1,1,none,0.000000,0.000000,0.000000,,299,299,4096
main|astana_clinic|L|pair|k3|br1.0|ms3|s4,main,astana_clinic,L,12,25,pair,3,1.0,3,4,2817,16,3,2,0,0,optimal,sha256:51ae2958c09c8c81b44ff6a15ac40eff390b40d8d5e1dec7d1f49c478100b9be,c04 c06 c08,c06 c07 c08,0,1947,2472,0,278203743,455886,0,268056392,419547,0,245782335,0,251184335,pair2,pair2,0,0,1,1,wsum,7.086139,36.339000,3.772346,,299,299,4096
main|astana_clinic|L|pair|k7|br1.0|ms3|s4,main,astana_clinic,L,12,25,pair,7,1.0,3,4,2817,16,7,2,0,0,optimal,sha256:406111aec72fb951768c41e6fed685525ebb88198fa51d9f32d4d1fac5441ea5,c04 c06 c08,c04 c06 c08,1,1947,1947,0,306921710,501846,0,306921710,501846,0,245782335,0,245782335,pair5,pair5,0,0,1,1,none,0.000000,0.000000,0.000000,,299,299,4096
main|astana_clinic|L|cluster|k1|br1.0|ms3|s4,main,astana_clinic,L,12,25,cluster,1,1.0,3,4,2817,16,1,3,0,0,optimal,sha256:cfdb157e8d4c27df8f8ac8ef3ac05432a4e72669e2c9284df886848e68422859,c04 c06 c08,c04 c06 c08,1,1947,1947,0,374447747,969833,0,374447747,969833,0,245782335,0,245782335,cluster0,cluster0,0,0,1,1,none,0.000000,0.000000,0.000000,,299,299,4096
main|astana_clinic|L|cluster|k3|br1.0|ms3|s4,main,astana_clinic,L,12,25,cluster,3,1.0,3,4,2817,16,3,3,0,0,optimal,sha256:60a287100659ddcf183aead79aea7d4be9a1c18941a1b77b26cb34766bd4cec6,c04 c06 c08,c06 c08 c10,0,1947,1715,0,301259539,550623,0,281432993,419547,0,245782335,0,255540255,cluster1,cluster0,0,0,1,1,wsum,13.845353,131.076000,6.814190,,299,299,4096
main|astana_clinic|L|cluster|k7|br1.0|ms3|s4,main,astana_clinic,L,12,25,cluster,7,1.0,3,4,2817,16,7,3,0,0,optimal,sha256:bfddcdd21e58c51bc299fa9b638d60cf8d6f3324efbd279241d2605651261a09,c04 c06 c08,c04 c06 c08,1,1947,1947,0,374447747,969833,0,374447747,969833,0,245782335,0,245782335,cluster6,cluster6,0,0,1,1,none,0.000000,0.000000,0.000000,,299,299,4096
main|astana_clinic|L|attribute|k1|br1.0|ms3|s4,main,astana_clinic,L,12,25,attribute,1,1.0,3,4,2817,16,1,7,0,0,optimal,sha256:65aaf0705c4b6f1b9da65a92883ca81b01b067476bb850b978d2db0fe928735f,c04 c06 c08,c00 c06 c08,0,1947,2084,0,342502717,501846,0,335015000,507035,0,245782335,0,252244623,low_confidence,low_confidence,0,0,1,1,wsum,5.228853,-5.189000,4.512771,,299,299,4096
main|astana_clinic|L|all_disabled|k1|br1.0|ms3|s4,main,astana_clinic,L,12,25,all_disabled,1,1.0,3,4,2817,16,1,16,0,0,optimal,sha256:ff49dda0600b90d06f72473015045d7ba2ef1ec669fd9b1fae821e05f89e6018,c04 c06 c08,c02 c08 c11,0,1947,1762,0,871242047,1402672,0,760781880,1092146,0,245782335,0,288333539,all,all,0,0,1,1,wsum,77.136988,310.526000,29.714528,,299,299,4096
main|astana_clinic|L|single|k1|br1.0|ms3|s5,main,astana_clinic,L,12,25,single,1,1.0,3,5,2720,16,1,1,0,0,optimal,sha256:f9cbffdfea9c221c5e9be1e718c08b97934db019d1b48873141bcd0508cbead7,c03 c06 c10,c03 c06 c10,1,1443,1443,0,308271911,498624,0,308271911,498624,0,305948114,0,305948114,single0,single0,0,0,1,1,none,0.000000,0.000000,0.000000,,299,299,4096
main|astana_clinic|L|single|k3|br1.0|ms3|s5,main,astana_clinic,L,12,25,single,3,1.0,3,5,2720,16,3,1,0,0,optimal,sha256:7b637e68b5392a7385b78aceea16983726921c63c4dc22589cad09397ca434c3,c03 c06 c10,c03 c06 c10,1,1443,1443,0,309386978,498624,0,309386978,498624,0,305948114,0,305948114,single2,single2,0,0,1,1,none,0.000000,0.000000,0.000000,,299,299,4096
main|astana_clinic|L|single|k7|br1.0|ms3|s5,main,astana_clinic,L,12,25,single,7,1.0,3,5,2720,16,7,1,1,0,optimal,sha256:1050c8df2d53357051bcdaa26e991219bb4a14725d8992ef29309ba169234375,c03 c06 c10,c03 c06 c10,1,1443,1443,0,333775980,498624,0,333775980,498624,0,305948114,0,305948114,single4,single4,0,0,1,1,none,0.000000,0.000000,0.000000,,299,299,4096
main|astana_clinic|L|pair|k1|br1.0|ms3|s5,main,astana_clinic,L,12,25,pair,1,1.0,3,5,2720,16,1,2,0,0,optimal,sha256:5d3ac6b38ce7390f3ef2cb637f3ade479e66306b5cfa78702d68bba25e95382a,c03 c06 c10,c03 c06 c10,1,1443,1443,0,338413676,498624,0,338413676,498624,0,305948114,0,305948114,pair0,pair0,0,0,1,1,none,0.000000,0.000000,0.000000,,299,299,4096
main|astana_clinic|L|pair|k3|br1.0|ms3|s5,main,astana_clinic,L,12,25,pair,3,1.0,3,5,2720,16,3,2,0,0,optimal,sha256:ea42d5ce4bc3aec7c0cc11866361c8563eb6e6401a94d5158f0ffa794722327e,c03 c06 c10,c03 c06 c10,1,1443,1443,0,335128636,498624,0,335128636,498624,0,305948114,0,305948114,pair0,pair0,0,0,1,1,none,0.000000,0.000000,0.000000,,299,299,4096
main|astana_clinic|L|pair|k7|br1.0|ms3|s5,main,astana_clinic,L,12,25,pair,7,1.0,3,5,2720,16,7,2,0,0,optimal,sha256:fdcfa5da89f38f4b14fbb62233ce6ea8b59402704caa4fbdf744a567d8a7acb9,c03 c06 c10,c03 c05 c10,0,1443,1975,0,351945519,498624,0,345838016,498624,0,305948114,0,311033156,pair1,pair1,0,0,1,1,wsum,4.304089,0.000000,3.583539,,299,299,4096
main|astana_clinic|L|cluster|k1|br1.0|ms3|s5,main,astana_clinic,L,12,25,cluster,1,1.0,3,5,2720,16,1,3,0,0,optimal,sha256:2f3dda84580001fcd84b46dcdb10e348e327b824cdea05401c474a45e2606c44,c03 c06 c10,c03 c06 c10,1,1443,1443,0,334532122,527850,0,334532122,527850,0,305948114,0,305948114,cluster0,cluster0,0,0,1,1,none,0.000000,0.000000,0.000000,,299,299,4096
main|astana_clinic|L|cluster|k3|br1.0|ms3|s5,main,astana_clinic,L,12,25,cluster,3,1.0,3,5,2720,16,3,3,0,0,optimal,sha256:f943b87177b7a7b9bc001829dd03f4a0adaf3b83a9eb618218c39d18138fa6b1,c03 c06 c10,c03 c06 c10,1,1443,1443,0,349794922,511919,0,349794922,511919,0,305948114,0,305948114,cluster0,cluster0,0,0,1,1,none,0.000000,0.000000,0.000000,,299,299,4096
main|astana_clinic|L|cluster|k7|br1.0|ms3|s5,main,astana_clinic,L,12,25,cluster,7,1.0,3,5,2720,16,6,3,0,0,optimal,sha256:dc99b22ac8f2b0857dca6032f28cebcff485d39d08bc671b8202226f131feb9d,c03 c06 c10,c03 c06 c10,1,1443,1443,0,358737754,511919,0,358737754,511919,0,305948114,0,305948114,cluster1 cluster5,cluster1 cluster5,0,0,2,2,none,0.000000,0.000000,0.000000,,299,299,4096
main|astana_clinic|L|attribute|k1|br1.0|ms3|s5,main,astana_clinic,L,12,25,attribute,1,1.0,3,5,2720,16,1,7,0,0,optimal,sha256:b5bc48905a7d7abc3923f169f1b61ed24a1b1094da5fe1fa32bf95ff9fb0759a,c03 c06 c10,c03 c05 c10,0,1443,1975,0,382052177,624938,0,377453458,624938,0,305948114,0,311033156,low_confidence,low_confidence,0,0,1,1,wsum,3.240817,0.000000,3.583539,,299,299,4096
main|astana_clinic|L|all_disabled|k1|br1.0|ms3|s5,main,astana_clinic,L,12,25,all_disabled,1,1.0,3,5,2720,16,1,16,0,0,optimal,sha256:d664e87332bb7dc2c374508f673b0ac7bd8f22692019460f2b627f9e3e68bca0,c03 c06 c10,c03 c08 c10,0,1443,1568,0,706857600,1156287,0,616018307,1132990,0,305948114,0,317611748,all,all,0,0,1,1,wsum,64.016415,23.297000,8.219615,,299,299,4096
main|astana_clinic|L|single|k1|br1.0|ms3|s6,main,astana_clinic,L,12,25,single,1,1.0,3,6,2338,16,1,1,1,1,optimal,sha256:0a2cca6b976d79437baefc6f8af9401ab87d98e44b022f18223961e3ab5e32ea,c00 c02 c10,c00 c02 c10,1,1210,1210,0,326174329,399825,0,326174329,399825,0,326174329,0,326174329,base single0,base single0,1,1,2,2,none,0.000000,0.000000,0.000000,,299,299,4096
main|astana_clinic|L|single|k3|br1.0|ms3|s6,main,astana_clinic,L,12,25,single,3,1.0,3,6,2338,16,3,1,0,0,optimal,sha256:8aba3a8a9442883ffd1dcfd56c490ad397134b60235cc6a419870edc36400206,c00 c02 c10,c00 c02 c10,1,1210,1210,0,356003891,399825,0,356003891,399825,0,326174329,0,326174329,single0,single0,0,0,1,1,none,0.000000,0.000000,0.000000,,299,299,4096
main|astana_clinic|L|single|k7|br1.0|ms3|s6,main,astana_clinic,L,12,25,single,7,1.0,3,6,2338,16,7,1,3,0,optimal,sha256:be316b9ba5c38bde0fef3e1bde5f17f3d6b9207235578f7dff4eca71ab638282,c00 c02 c10,c00 c02 c10,1,1210,1210,0,356003891,399825,0,356003891,399825,0,326174329,0,326174329,single6,single6,0,0,1,1,none,0.000000,0.000000,0.000000,,299,299,4096
main|astana_clinic|L|pair|k1|br1.0|ms3|s6,main,astana_clinic,L,12,25,pair,1,1.0,3,6,2338,16,1,2,0,0,optimal,sha256:7886e765eabc79ed23b2548a1a2f9071ef3de0e234924d823a1f5d0174432499,c00 c02 c10,c00 c02 c10,1,1210,1210,0,335947741,399825,0,335947741,399825,0,326174329,0,326174329,pair0,pair0,0,0,1,1,none,0.000000,0.000000,0.000000,,299,299,4096
main|astana_clinic|L|pair|k3|br1.0|ms3|s6,main,astana_clinic,L,12,25,pair,3,1.0,3,6,2338,16,3,2,0,0,optimal,sha256:731cda9904ed928993a25220e57b10c0f405fd940ef117cb33fd28160803e8b4,c00 c02 c10,c00 c02 c10,1,1210,1210,0,356358457,501255,0,356358457,501255,0,326174329,0,326174329,pair1,pair1,0,0,1,1,none,0.000000,0.000000,0.000000,,299,299,4096
main|astana_clinic|L|pair|k7|br1.0|ms3|s6,main,astana_clinic,L,12,25,pair,7,1.0,3,6,2338,16,7,2,1,0,optimal,sha256:6dd76e70bcd8f578471258188e4c2b939484abc6e6704e3a064791be53ca8d51,c00 c02 c10,c00 c02 c10,1,1210,1210,0,356003891,399825,0,356003891,399825,0,326174329,0,326174329,pair1 pair2 pair6,pair1 pair2 pair6,0,0,3,3,none,0.000000,0.000000,0.000000,,299,299,4096
main|astana_clinic|L|cluster|k1|br1.0|ms3|s6,main,astana_clinic,L,12,25,cluster,1,1.0,3,6,2338,16,1,3,0,0,optimal,sha256:759d668fb89483929b4fc6fe14c9b430a68c3ae7258dc1ee6f92c29dd2fb697b,c00 c02 c10,c02 c04 c10,0,1210,1067,0,395162934,563286,0,375919409,399825,0,326174329,0,349677563,cluster0,cluster0,0,0,1,1,wsum,12.897805,163.461000,15.752838,,299,299,4096
main|astana_clinic|L|cluster|k3|br1.0|ms3|s6,main,astana_clinic,L,12,25,cluster,3,1.0,3,6,2338,16,2,3,0,0,optimal,sha256:85f77aa1b655361c68373ee86354eb46093305d9a9e51a03f2ab74de29560c07,c00 c02 c10,c02 c04 c10,0,1210,1067,0,395162934,563286,0,375919409,399825,0,326174329,0,349677563,cluster1 cluster2,cluster1 cluster2,0,0,2,2,wsum,12.897805,163.461000,15.752838,,299,299,4096
main|astana_clinic|L|cluster|k7|br1.0|ms3|s6,main,astana_clinic,L,12,25,cluster,7,1.0,3,6,2338,16,6,3,0,0,optimal,sha256:9c0b33e0789199191e7fa05ee59c6dec3d216ad14495bd31b54d1bf475d40ac4,c00 c02 c10,c00 c02 c10,1,1210,1210,0,380983502,399825,0,380983502,399825,0,326174329,0,326174329,cluster5,cluster5,0,0,1,1,none,0.000000,0.000000,0.000000,,299,299,4096
main|astana_clinic|L|attribute|k1|br1.0|ms3|s6,main,astana_clinic,L,12,25,attribute,1,1.0,3,6,2338,16,1,7,0,0,optimal,sha256:33d78f6c0d2165f7cfb4a286f5001c7e8068f376306af49d676fe7ec1eb4e035,c00 c02 c10,c00 c02 c10,1,1210,1210,0,400315639,501255,0,400315639,501255,0,326174329,0,326174329,low_confidence,low_confidence,0,0,1,1,none,0.000000,0.000000,0.000000,,299,299,4096
main|astana_clinic|L|all_disabled|k1|br1.0|ms3|s6,main,astana_clinic,L,12,25,all_disabled,1,1.0,3,6,2338,16,1,16,0,0,optimal,sha256:b1be3dc50165e45d6c480f305f1b316a453f60074b2ae3260b163feeea78971e,c00 c02 c10,c04 c05 c10,0,1210,967,0,837629413,1664781,0,662405164,1130721,0,326174329,0,373974849,all,all,0,0,1,1,wsum,117.442526,534.060000,32.037882,,299,299,4096
main|astana_clinic|L|single|k1|br1.0|ms3|s7,main,astana_clinic,L,12,25,single,1,1.0,3,7,2645,16,1,1,0,0,optimal,sha256:623ba15007d2abd705aa2fd1caf985da6da6e3fc93a11951a95f48aa6be503ec,c01 c03 c10,c01 c03 c10,1,804,804,0,364245490,412929,0,364245490,412929,0,362479782,0,362479782,single0,single0,0,0,1,1,none,0.000000,0.000000,0.000000,,299,299,4096
main|astana_clinic|L|single|k3|br1.0|ms3|s7,main,astana_clinic,L,12,25,single,3,1.0,3,7,2645,16,3,1,0,0,optimal,sha256:f46af5c95a27220463585095ac10238706e953edaa7f81abd7d3228742b8c1bd,c01 c03 c10,c01 c03 c10,1,804,804,0,365257326,455013,0,365257326,455013,0,362479782,0,362479782,single2,single2,0,0,1,1,none,0.000000,0.000000,0.000000,,299,299,4096
main|astana_clinic|L|single|k7|br1.0|ms3|s7,main,astana_clinic,L,12,25,single,7,1.0,3,7,2645,16,7,1,0,0,optimal,sha256:5d12b9e9a5ba02de0627d7db730fd3b14271b4f662e5322e002a14570fae0bf4,c01 c03 c10,c01 c03 c10,1,804,804,0,388117926,412929,0,388117926,412929,0,362479782,0,362479782,single5,single5,0,0,1,1,none,0.000000,0.000000,0.000000,,299,299,4096
main|astana_clinic|L|pair|k1|br1.0|ms3|s7,main,astana_clinic,L,12,25,pair,1,1.0,3,7,2645,16,1,2,0,0,optimal,sha256:85ddc3ee64a2206630d3da9358cf69b2f748cc08476b928ff03c2341d662033d,c01 c03 c10,c01 c03 c10,1,804,804,0,367275159,571606,0,367275159,571606,0,362479782,0,362479782,pair0,pair0,0,0,1,1,none,0.000000,0.000000,0.000000,,299,299,4096
main|astana_clinic|L|pair|k3|br1.0|ms3|s7,main,astana_clinic,L,12,25,pair,3,1.0,3,7,2645,16,3,2,0,0,optimal,sha256:0007006794f98e0579b3a6ccbe6a1bf4248f48f520922618c2bcb9e1c97a79b0,c01 c03 c10,c01 c03 c10,1,804,804,0,393024491,412929,0,393024491,412929,0,362479782,0,362479782,pair1,pair1,0,0,1,1,none,0.000000,0.000000,0.000000,,299,299,4096
main|astana_clinic|L|pair|k7|br1.0|ms3|s7,main,astana_clinic,L,12,25,pair,7,1.0,3,7,2645,16,7,2,0,0,optimal,sha256:3868c02e926aed568af2ede0a8b7e1303b9d5fc22e91f06fa11daaff4dc636c8,c01 c03 c10,c01 c03 c10,1,804,804,0,392080331,412929,0,392080331,412929,0,362479782,0,362479782,pair6,pair6,0,0,1,1,none,0.000000,0.000000,0.000000,,299,299,4096
main|astana_clinic|L|cluster|k1|br1.0|ms3|s7,main,astana_clinic,L,12,25,cluster,1,1.0,3,7,2645,16,1,3,0,0,optimal,sha256:9a58043cfe2a2f0062c292ffb7f22f664f65eaaf285e3389641f6b07f0e001fb,c01 c03 c10,c01 c03 c10,1,804,804,0,370842189,571606,0,370842189,571606,0,362479782,0,362479782,cluster0,cluster0,0,0,1,1,none,0.000000,0.000000,0.000000,,299,299,4096
main|astana_clinic|L|cluster|k3|br1.0|ms3|s7,main,astana_clinic,L,12,25,cluster,3,1.0,3,7,2645,16,3,3,0,0,optimal,sha256:0d9b6b638078a44012b56c121ff7da13da5e3686b51f52b3e4558d05820b542b,c01 c03 c10,c01 c03 c10,1,804,804,0,388423532,412929,0,388423532,412929,0,362479782,0,362479782,cluster0,cluster0,0,0,1,1,none,0.000000,0.000000,0.000000,,299,299,4096
main|astana_clinic|L|cluster|k7|br1.0|ms3|s7,main,astana_clinic,L,12,25,cluster,7,1.0,3,7,2645,16,5,3,0,0,optimal,sha256:bd091c01a89a15d11040611f57182ebaa769e0331f2fa344af038ea2e83b9edf,c01 c03 c10,c01 c03 c05,0,804,1299,0,454244633,682799,0,429626098,757099,0,362479782,0,383725782,cluster1 cluster2,cluster0,0,0,2,1,wsum,16.850469,-74.300000,14.542094,,299,299,4096
main|astana_clinic|L|attribute|k1|br1.0|ms3|s7,main,astana_clinic,L,12,25,attribute,1,1.0,3,7,2645,16,1,7,0,0,optimal,sha256:5ec15a575df4cbb5794c238ff5b20ce7996c160cf4415e5fa96b3f56745657c0,c01 c03 c10,c01 c02 c10,0,804,789,0,388717258,571606,0,384327147,571606,0,362479782,0,365674188,low_confidence,low_confidence,0,0,1,1,wsum,3.004867,0.000000,2.186452,,299,299,4096
main|astana_clinic|L|all_disabled|k1|br1.0|ms3|s7,main,astana_clinic,L,12,25,all_disabled,1,1.0,3,7,2645,16,1,16,0,0,optimal,sha256:f2e2d6b522df786548f0ddd65a415da98056c8017ac720a49167cf2a6bcbf5af,c01 c03 c10,c01 c03 c09,0,804,1277,0,829566466,1156984,0,762771474,975209,0,362479782,0,379115858,all,all,0,0,1,1,wsum,45.718680,181.775000,11.386773,,299,299,4096
main|astana_clinic|L|single|k1|br1.0|ms3|s8,main,astana_clinic,L,12,25,single,1,1.0,3,8,2565,16,1,1,0,0,optimal,sha256:9140c9576238abdbda1f25dabf14ad589728a8a6555aed8c5214f46b055f4846,c00 c06 c11,c00 c06 c11,1,1856,1856,0,264338655,393827,0,264338655,393827,0,258598137,0,258598137,single0,single0,0,0,1,1,none,0.000000,0.000000,0.000000,,299,299,4096
main|astana_clinic|L|single|k3|br1.0|ms3|s8,main,astana_clinic,L,12,25,single,3,1.0,3,8,2565,16,3,1,0,0,optimal,sha256:93e7bd3958a7215e365c04db31afc172c299083c4ca63f14e5f9c4ac4e421767,c00 c06 c11,c00 c06 c11,1,1856,1856,0,277606928,393827,0,277606928,393827,0,258598137,0,258598137,single0,single0,0,0,1,1,none,0.000000,0.000000,0.000000,,299,299,4096
main|astana_clinic|L|single|k7|br1.0|ms3|s8,main,astana_clinic,L,12,25,single,7,1.0,3,8,2565,16,7,1,3,0,optimal,sha256:0385a49f9e92cd894bfa8cec1c7282136a9a1169342bf270c631eaa2792ebe73,c00 c06 c11,c00 c06 c11,1,1856,1856,0,274311197,393827,0,274311197,393827,0,258598137,0,258598137,single2,single2,0,0,1,1,none,0.000000,0.000000,0.000000,,299,299,4096
main|astana_clinic|L|pair|k1|br1.0|ms3|s8,main,astana_clinic,L,12,25,pair,1,1.0,3,8,2565,16,1,2,0,0,optimal,sha256:36895605023bf4cc2035cad22c590d5c3c6647952aef9ada561916e5bdeca59c,c00 c06 c11,c00 c06 c11,1,1856,1856,0,271946547,393827,0,271946547,393827,0,258598137,0,258598137,pair0,pair0,0,0,1,1,none,0.000000,0.000000,0.000000,,299,299,4096
main|astana_clinic|L|pair|k3|br1.0|ms3|s8,main,astana_clinic,L,12,25,pair,3,1.0,3,8,2565,16,3,2,0,0,optimal,sha256:69b9c7324d1340e7bc2c9f9cd62583315307b844b8f6539977ac4c587d99a211,c00 c06 c11,c00 c06 c11,1,1856,1856,0,271317352,393827,0,271317352,393827,0,258598137,0,258598137,pair0,pair0,0,0,1,1,none,0.000000,0.000000,0.000000,,299,299,4096
main|astana_clinic|L|pair|k7|br1.0|ms3|s8,main,astana_clinic,L,12,25,pair,7,1.0,3,8,2565,16,7,2,1,0,optimal,sha256:6cf5befe32fcbb6dbf9a335177ce20ab9bfba8597cba3718e4c60475a9b6aaf4,c00 c06 c11,c00 c06 c11,1,1856,1856,0,287659607,393827,0,287659607,393827,0,258598137,0,258598137,pair5,pair5,0,0,1,1,none,0.000000,0.000000,0.000000,,299,299,4096
main|astana_clinic|L|cluster|k1|br1.0|ms3|s8,main,astana_clinic,L,12,25,cluster,1,1.0,3,8,2565,16,1,3,0,0,optimal,sha256:39a765fa84787f6eec8a1ffcb80e433a56ebc777dbb7e9dbb5977401f09837ae,c00 c06 c11,c06 c08 c11,0,1856,1332,0,372970161,690919,0,301135644,393827,0,258598137,0,265442084,cluster0,cluster0,0,0,1,1,wsum,55.342463,297.092000,5.272686,,299,299,4096
main|astana_clinic|L|cluster|k3|br1.0|ms3|s8,main,astana_clinic,L,12,25,cluster,3,1.0,3,8,2565,16,3,3,0,0,optimal,sha256:76c011bf2205ea6be07af8e4ec039e8b21445bdbcd40fdcc9f9d613f05511a58,c00 c06 c11,c00 c06 c11,1,1856,1856,0,290272833,450790,0,290272833,450790,0,258598137,0,258598137,cluster1,cluster1,0,0,1,1,none,0.000000,0.000000,0.000000,,299,299,4096
main|astana_clinic|L|cluster|k7|br1.0|ms3|s8,main,astana_clinic,L,12,25,cluster,7,1.0,3,8,2565,16,5,3,0,0,optimal,sha256:834bd8a9fff5e182da19804aa7af1d1967c95fa7f33eda56406b2fc51183f14e,c00 c06 c11,c00 c08 c11,0,1856,1972,0,359701888,690919,0,307659012,589052,0,258598137,0,275984316,cluster4,cluster5 cluster6,0,0,1,2,wsum,40.094666,101.867000,13.394591,,299,299,4096
main|astana_clinic|L|attribute|k1|br1.0|ms3|s8,main,astana_clinic,L,12,25,attribute,1,1.0,3,8,2565,16,1,7,0,0,optimal,sha256:2967430ec235bf1a0e8e29f44d741ba7a92be4d9afec60ffed3284cd047286f1,c00 c06 c11,c06 c10 c11,0,1856,1872,0,329573527,424730,0,327873171,424730,0,258598137,0,262701227,low_confidence,low_confidence,0,0,1,1,wsum,1.309982,0.000000,3.161086,,299,299,4096
main|astana_clinic|L|all_disabled|k1|br1.0|ms3|s8,main,astana_clinic,L,12,25,all_disabled,1,1.0,3,8,2565,16,1,16,0,0,optimal,sha256:759a6d8863f9d10e7aeac76d9563f731f383801830656604e9178f8e06844e56,c00 c06 c11,c05 c08 c10,0,1856,1537,0,759602526,1513091,0,563911972,884286,0,258598137,0,306664694,all,all,0,0,1,1,wsum,150.763139,628.805000,37.031246,,299,299,4096
main|astana_clinic|L|single|k1|br1.0|ms3|s9,main,astana_clinic,L,12,25,single,1,1.0,3,9,2394,16,1,1,0,0,optimal,sha256:f617a1bdd3fa8a9ee753b2d231caf51a5c5e0e75b09ce1dc3fe2420a38b0fc6c,c01 c02 c08,c01 c02 c08,1,2026,2026,0,243859322,822251,0,243859322,822251,0,239094987,0,239094987,single0,single0,0,0,1,1,none,0.000000,0.000000,0.000000,,299,299,4096
main|astana_clinic|L|single|k3|br1.0|ms3|s9,main,astana_clinic,L,12,25,single,3,1.0,3,9,2394,16,3,1,0,0,optimal,sha256:3171c754e6491e261b4035deab953c0668c7827a0ee4f8fed201e5a09c9cf3ac,c01 c02 c08,c01 c02 c08,1,2026,2026,0,242985518,805596,0,242985518,805596,0,239094987,0,239094987,single2,single2,0,0,1,1,none,0.000000,0.000000,0.000000,,299,299,4096
main|astana_clinic|L|single|k7|br1.0|ms3|s9,main,astana_clinic,L,12,25,single,7,1.0,3,9,2394,16,7,1,2,0,optimal,sha256:394bc15c25553b86d48e27ed9a0bfc32a4c484e7bb24e15b5179429be6c47c98,c01 c02 c08,c01 c02 c08,1,2026,2026,0,264922291,805596,0,264922291,805596,0,239094987,0,239094987,single2,single2,0,0,1,1,none,0.000000,0.000000,0.000000,,299,299,4096
main|astana_clinic|L|pair|k1|br1.0|ms3|s9,main,astana_clinic,L,12,25,pair,1,1.0,3,9,2394,16,1,2,0,0,optimal,sha256:308f6aa1456feabd886f489924ec414c8a84b5fbcdd59f60b6ac97caf9b74a84,c01 c02 c08,c01 c02 c08,1,2026,2026,0,241795026,805596,0,241795026,805596,0,239094987,0,239094987,pair0,pair0,0,0,1,1,none,0.000000,0.000000,0.000000,,299,299,4096
main|astana_clinic|L|pair|k3|br1.0|ms3|s9,main,astana_clinic,L,12,25,pair,3,1.0,3,9,2394,16,3,2,0,0,optimal,sha256:77d167472be6aef8907cb9b1c3fb6c7fae0807193b0d015a618245aa4aafc527,c01 c02 c08,c01 c02 c08,1,2026,2026,0,264922291,805596,0,264922291,805596,0,239094987,0,239094987,pair1,pair1,0,0,1,1,none,0.000000,0.000000,0.000000,,299,299,4096
main|astana_clinic|L|pair|k7|br1.0|ms3|s9,main,astana_clinic,L,12,25,pair,7,1.0,3,9,2394,16,7,2,1,0,optimal,sha256:2a2b925c3a764c6c0fd41837a557b437db5554d514b9cbe588c6004cc4dfc123,c01 c02 c08,c01 c02 c08,1,2026,2026,0,265208491,805596,0,265208491,805596,0,239094987,0,239094987,pair4,pair4,0,0,1,1,none,0.000000,0.000000,0.000000,,299,299,4096
main|astana_clinic|L|cluster|k1|br1.0|ms3|s9,main,astana_clinic,L,12,25,cluster,1,1.0,3,9,2394,16,1,3,0,0,optimal,sha256:b6165294f8c1c9a70ac9634811cf645218682c8636fc13d0eda7303e58b63e74,c01 c02 c08,c02 c06 c08,0,2026,1422,0,293960045,805596,0,291182285,805596,0,239094987,0,250270955,cluster0,cluster0,0,0,1,1,wsum,2.390499,0.000000,9.617873,,299,299,4096
main|astana_clinic|L|cluster|k3|br1.0|ms3|s9,main,astana_clinic,L,12,25,cluster,3,1.0,3,9,2394,16,3,3,0,0,optimal,sha256:293d687c58c4c966ca75626b16fb8c670385b0b5288ea66f5d70dbbd10654614,c01 c02 c08,c02 c04 c07,0,2026,1761,0,268230363,805596,0,250910838,805596,0,239094987,0,242933346,cluster2,cluster1,0,0,1,1,wsum,14.904927,0.000000,3.303235,,299,299,4096
main|astana_clinic|L|cluster|k7|br1.0|ms3|s9,main,astana_clinic,L,12,25,cluster,7,1.0,3,9,2394,16,5,3,0,0,optimal,sha256:51e0d7751982b2bc91a4b76cfbce85c1cec73758c401b2dafec5447323e7a0a4,c01 c02 c08,c02 c07 c10,0,2026,1840,0,320999784,805596,0,277406431,805596,0,239094987,0,243614532,cluster1 cluster2 cluster4,cluster6,0,0,3,1,wsum,37.515794,0.000000,3.889454,,299,299,4096
main|astana_clinic|L|attribute|k1|br1.0|ms3|s9,main,astana_clinic,L,12,25,attribute,1,1.0,3,9,2394,16,1,7,0,0,optimal,sha256:8a009d1a62449794370efe501dd0a3fd41c3556f58da520ba178766704ff5a55,c01 c02 c08,c04 c08 c10,0,2026,2031,0,265779708,805596,0,255956616,805596,0,239094987,0,245975936,low_confidence,low_confidence,0,0,1,1,wsum,8.453608,0.000000,5.921643,,299,299,4096
main|astana_clinic|L|all_disabled|k1|br1.0|ms3|s9,main,astana_clinic,L,12,25,all_disabled,1,1.0,3,9,2394,16,1,16,0,0,optimal,sha256:4b5768227b2c594e675515fa73e6939bafe8aa39f2bb14822cf8e164ed0bc010,c01 c02 c08,c01 c08 c10,0,2026,2202,0,670971613,1642351,0,422713529,921015,0,239094987,0,243996371,all,all,0,0,1,1,wsum,213.647232,721.336000,4.218059,,299,299,4096
stress|shymkent_school|L|cluster|k7|br1.0|ms5|s0,stress,shymkent_school,L,12,25,cluster,7,1.0,5,0,3350,15,4,3,0,0,optimal,sha256:0bf1698642403000fdc50b82184aeae48f6a8982a3c320d32af2a057d75ffad6,c00 c01 c03 c04 c09,c00 c02 c03 c04 c06,0,2419,2459,0,373304451,1153435,0,306947386,755839,0,261578874,0,273908784,cluster5 cluster6,cluster5 cluster6,0,0,2,2,wsum,48.972004,397.596000,9.099565,,1586,1586,4096
stress|shymkent_school|L|cluster|k7|br1.0|ms5|s1,stress,shymkent_school,L,12,25,cluster,7,1.0,5,1,4157,15,6,3,0,0,optimal,sha256:55228b12c7cf23658a0876b8348266138438ce1685d96fb16b85e28186f69b3f,c01 c02 c03 c05 c08,c01 c03 c04 c06 c08,0,2489,2247,0,440968557,1058709,0,408376198,881074,0,325990438,0,341275034,cluster0 cluster6,cluster0 cluster6,0,0,2,2,wsum,23.363698,177.635000,10.956700,,1586,1586,4096
stress|shymkent_school|L|cluster|k7|br1.0|ms5|s2,stress,shymkent_school,L,12,25,cluster,7,1.0,5,2,3273,15,5,3,0,0,optimal,sha256:255a1354d0e5842d11aa875efe37e73b76e5d2dd10dc1bc30398dcc6a586fef7,c02 c04 c06 c08 c11,c02 c04 c06 c08 c11,1,1845,1845,0,294253055,546534,0,294253055,546534,0,247399368,0,247399368,cluster2,cluster2,0,0,1,1,none,0.000000,0.000000,0.000000,,1586,1586,4096
stress|shymkent_school|L|cluster|k7|br1.0|ms5|s3,stress,shymkent_school,L,12,25,cluster,7,1.0,5,3,3545,15,7,3,0,0,optimal,sha256:601f1f6213f7e6f35b90f75ffdb09d5d081513d3805954da5d73b582f2d6cef1,c00 c01 c02 c03 c05,c01 c02 c03 c05 c06,0,2823,2825,0,411698671,595933,0,390146932,598920,0,365349632,0,367091820,cluster2,cluster6,0,0,1,1,wsum,15.917089,-2.987000,1.286697,,1586,1586,4096
stress|shymkent_school|L|cluster|k7|br1.0|ms5|s4,stress,shymkent_school,L,12,25,cluster,7,1.0,5,4,4222,15,6,3,0,0,optimal,sha256:16fa8de255c83d77464c55312aa4de29f3e308fc567592e3f224e780ec1dbcb6,c00 c01 c02 c03 c04,c00 c02 c03 c04 c08,0,3473,2929,0,552012923,700207,0,531530155,667460,0,419061828,0,423368828,cluster6,cluster6,0,0,1,1,wsum,13.206169,32.747000,2.776918,,1586,1586,4096
stress|shymkent_school|L|cluster|k7|br1.0|ms5|s5,stress,shymkent_school,L,12,25,cluster,7,1.0,5,5,4163,15,5,3,0,0,optimal,sha256:3778cb788e609e00bff5fee9e7531b975e2918dc0b59ac3bc0b0fc5715b97a34,c02 c03 c06 c08 c09,c02 c03 c06 c08 c09,1,2585,2585,0,317555941,347415,0,317555941,347415,0,299036036,0,299036036,cluster1 cluster6,cluster1 cluster6,0,0,2,2,none,0.000000,0.000000,0.000000,,1586,1586,4096
stress|shymkent_school|L|cluster|k7|br1.0|ms5|s6,stress,shymkent_school,L,12,25,cluster,7,1.0,5,6,4204,15,6,3,0,0,optimal,sha256:6864dc14d734b6bb7db382e29cdda665ca06e2ffe58f7d069f18fe5fbea252eb,c01 c02 c07 c08 c09,c01 c02 c06 c07 c08,0,2072,2115,0,292566519,479321,0,289080314,445334,0,251892748,0,257155894,cluster3,cluster3,0,0,1,1,wsum,2.721472,33.987000,4.108623,,1586,1586,4096
stress|shymkent_school|L|cluster|k7|br1.0|ms5|s7,stress,shymkent_school,L,12,25,cluster,7,1.0,5,7,4199,15,7,3,0,0,optimal,sha256:5d4e11a978c25406953356fa102c5510f2e993be5ca74e25c2ca0bfb15291d83,c03 c05 c06 c10 c11,c02 c05 c06 c09 c11,0,2728,2359,0,405944751,838193,0,380816372,838193,0,300241955,0,308869004,cluster5,cluster5,0,0,1,1,wsum,22.061790,0.000000,7.574231,,1586,1586,4096
stress|shymkent_school|L|cluster|k7|br1.0|ms5|s8,stress,shymkent_school,L,12,25,cluster,7,1.0,5,8,4453,15,4,3,0,0,optimal,sha256:cb472cd3cdf50e163d4094606f548bd553a92d61df2dad723fade9088ad317ec,c01 c02 c05 c06 c08,c01 c02 c05 c06 c08,1,3851,3851,0,313737564,523754,0,313737564,523754,0,266651878,0,266651878,cluster3,cluster3,0,0,1,1,none,0.000000,0.000000,0.000000,,1586,1586,4096
stress|shymkent_school|L|cluster|k7|br1.0|ms5|s9,stress,shymkent_school,L,12,25,cluster,7,1.0,5,9,4426,15,5,3,0,0,optimal,sha256:c02960c54540bfd0ea590a31f5dd30ebe9557dc194a7a9bb501515db2dce4b03,c03 c05 c08 c09 c10,c03 c06 c08 c09 c10,0,3416,3587,0,438001329,809690,0,411784451,684669,0,358911595,0,375834854,cluster1 cluster6,cluster4,0,0,2,1,wsum,19.052964,125.021000,12.298880,,1586,1586,4096
stress|astana_clinic|L|cluster|k7|br1.0|ms5|s0,stress,astana_clinic,L,12,25,cluster,7,1.0,5,0,4244,16,5,3,0,0,optimal,sha256:e3775eb720980dd4db569906a03f23e8bb0455af6bb49e0ec260f87f0537be24,c02 c03 c04 c05 c08,c02 c03 c04 c05 c08,1,3503,3503,0,317893092,385516,0,317893092,385516,0,284292087,0,284292087,cluster3,cluster3,0,0,1,1,none,0.000000,0.000000,0.000000,,1586,1586,4096
stress|astana_clinic|L|cluster|k7|br1.0|ms5|s1,stress,astana_clinic,L,12,25,cluster,7,1.0,5,1,3560,16,5,3,0,0,optimal,sha256:999ee1d201526392f705c6111630dd4475a80fa379c11eb334b025820f6f575f,c00 c02 c06 c07 c10,c00 c02 c06 c07 c10,1,2308,2308,0,335204611,476553,0,335204611,476553,0,284811169,0,284811169,cluster3,cluster3,0,0,1,1,none,0.000000,0.000000,0.000000,,1586,1586,4096
stress|astana_clinic|L|cluster|k7|br1.0|ms5|s2,stress,astana_clinic,L,12,25,cluster,7,1.0,5,2,3963,16,5,3,0,0,optimal,sha256:fcf2983114b73557ad05d0ab0d24fffa83c05ab88617017584e59a0ecdccf87e,c00 c03 c04 c05 c10,c00 c03 c04 c05 c10,1,2608,2608,0,303608710,730668,0,303608710,730668,0,255579193,0,255579193,cluster5 cluster6,cluster5 cluster6,0,0,2,2,none,0.000000,0.000000,0.000000,,1586,1586,4096
stress|astana_clinic|L|cluster|k7|br1.0|ms5|s3,stress,astana_clinic,L,12,25,cluster,7,1.0,5,3,4026,16,6,3,0,0,optimal,sha256:dbe08c6e04e2c5d96552e7a0239dfbc5b753bf51e9a5bbd107173acce547141f,c01 c02 c03 c05 c08,c01 c02 c03 c05 c08,1,3034,3034,0,346169535,563357,0,346169535,563357,0,277462737,0,277462737,cluster0,cluster0,0,0,1,1,none,0.000000,0.000000,0.000000,,1586,1586,4096
stress|astana_clinic|L|cluster|k7|br1.0|ms5|s4,stress,astana_clinic,L,12,25,cluster,7,1.0,5,4,4466,16,7,3,0,0,optimal,sha256:fe9cab6351bfcc772e9f9eefea52720aa0ee16699f9b93fdf5e83447ec6f9571,c00 c04 c06 c08 c11,c00 c04 c06 c08 c11,1,2665,2665,0,366834979,969833,0,366834979,969833,0,238169567,0,238169567,cluster6,cluster6,0,0,1,1,none,0.000000,0.000000,0.000000,,1586,1586,4096
stress|astana_clinic|L|cluster|k7|br1.0|ms5|s5,stress,astana_clinic,L,12,25,cluster,7,1.0,5,5,4290,16,6,3,0,0,optimal,sha256:d081d13cab6322eda947d583646982b8b75d09172c3067533c01643b5fefddc5,c03 c05 c06 c08 c10,c01 c03 c05 c06 c10,0,2632,3013,0,348259174,511919,0,344656370,498624,0,295469534,0,296659240,cluster1 cluster5,cluster1 cluster5,0,0,2,2,wsum,2.538974,13.295000,0.838412,,1586,1586,4096
stress|astana_clinic|L|cluster|k7|br1.0|ms5|s6,stress,astana_clinic,L,12,25,cluster,7,1.0,5,6,3546,16,6,3,0,0,optimal,sha256:c613f1791bb6ce7e264ca3f6a926eb3f35897afefe276950957ec4f0060b5f68,c00 c02 c08 c09 c10,c00 c02 c08 c09 c10,1,2258,2258,0,335821446,501255,0,335821446,501255,0,302519114,0,302519114,cluster0 cluster1,cluster0 cluster1,0,0,2,2,none,0.000000,0.000000,0.000000,,1586,1586,4096
stress|astana_clinic|L|cluster|k7|br1.0|ms5|s7,stress,astana_clinic,L,12,25,cluster,7,1.0,5,7,3991,16,5,3,0,0,optimal,sha256:023abea6ad7d534b5cf7bc2942a9b5568627274e195c9861f6f7c0fc2985e9f8,c01 c02 c03 c09 c10,c01 c02 c03 c04 c10,0,1768,1726,0,432533177,682799,0,366549872,455665,0,340768326,0,345378250,cluster1 cluster2,cluster5,0,0,2,1,wsum,45.163111,227.134000,3.155321,,1586,1586,4096
stress|astana_clinic|L|cluster|k7|br1.0|ms5|s8,stress,astana_clinic,L,12,25,cluster,7,1.0,5,8,3813,16,5,3,0,0,optimal,sha256:cf4db4dd9b75e823b8fe9dde772312c2359d2770324b4a550f8de6517e166eba,c00 c06 c08 c10 c11,c00 c06 c08 c10 c11,1,3138,3138,0,283941078,450790,0,283941078,450790,0,252266382,0,252266382,cluster5 cluster6,cluster5 cluster6,0,0,2,2,none,0.000000,0.000000,0.000000,,1586,1586,4096
stress|astana_clinic|L|cluster|k7|br1.0|ms5|s9,stress,astana_clinic,L,12,25,cluster,7,1.0,5,9,3793,16,5,3,0,0,optimal,sha256:4d30d51661c4ae08b3e6ce59c94f7e700277902578ad6fa26b60bf0a9448306f,c01 c02 c07 c08 c10,c01 c02 c07 c08 c10,1,3377,3377,0,254282272,805596,0,254282272,805596,0,220490373,0,220490373,cluster6,cluster6,0,0,1,1,none,0.000000,0.000000,0.000000,,1586,1586,4096
